model,m,k,budget,matrix_fraction,truth_sum,residual_sum,g_context_specific,g_full_response,mean_full_response_plate6_pearson,mean_full_response_plate6_cosine,mean_full_response_plate6_gene_r2,mean_full_response_plate6_mse,mean_full_response_plate6_variance_retention,mean_full_response_plate14_pearson,mean_full_response_plate14_cosine,mean_full_response_plate14_gene_r2,mean_full_response_plate14_mse,mean_full_response_plate14_variance_retention,mean_context_specific_excess_plate6_pearson,mean_context_specific_excess_plate6_cosine,mean_context_specific_excess_plate6_gene_r2,mean_context_specific_excess_plate6_mse,mean_context_specific_excess_plate6_variance_retention,mean_context_specific_excess_plate14_pearson,mean_context_specific_excess_plate14_cosine,mean_context_specific_excess_plate14_gene_r2,mean_context_specific_excess_plate14_mse,mean_context_specific_excess_plate14_variance_retention
M0_SUPPORT_MEAN,1,0,93,0.02,94.25900542223357,94.25900542223357,0.0,0.2918310505016707,0.20315878861884984,0.20633883477503231,-1.7763545604176312,0.38475890411818287,2.192410566811017,0.1370899276370067,0.14545950129796298,-1.8611272549564846,0.4495132522633412,2.137017819479779,,,-0.006526091771865924,0.38475890411818287,0.0,,,-0.005353970492023052,0.4495132522633412,0.0
M0_SUPPORT_MEAN,1,1,94,0.02021505376344086,94.25900542223357,94.25900542223357,0.0,0.2918310505016707,0.20315878861884984,0.20633883477503231,-1.7763545604176312,0.38475890411818287,2.192410566811017,0.1370899276370067,0.14545950129796298,-1.8611272549564846,0.4495132522633412,2.137017819479779,,,-0.006526091771865924,0.38475890411818287,0.0,,,-0.005353970492023052,0.4495132522633412,0.0
M0_SUPPORT_MEAN,1,2,95,0.02043010752688172,94.25900542223357,94.25900542223357,0.0,0.2918310505016707,0.20315878861884984,0.20633883477503231,-1.7763545604176312,0.38475890411818287,2.192410566811017,0.1370899276370067,0.14545950129796298,-1.8611272549564846,0.4495132522633412,2.137017819479779,,,-0.006526091771865924,0.38475890411818287,0.0,,,-0.005353970492023052,0.4495132522633412,0.0
M0_SUPPORT_MEAN,1,4,97,0.02086021505376344,94.25900542223357,94.25900542223357,0.0,0.2918310505016707,0.20315878861884984,0.20633883477503231,-1.7763545604176312,0.38475890411818287,2.192410566811017,0.1370899276370067,0.14545950129796298,-1.8611272549564846,0.4495132522633412,2.137017819479779,,,-0.006526091771865924,0.38475890411818287,0.0,,,-0.005353970492023052,0.4495132522633412,0.0
M0_SUPPORT_MEAN,1,8,101,0.021720430107526882,94.25900542223357,94.25900542223357,0.0,0.2918310505016707,0.20315878861884984,0.20633883477503231,-1.7763545604176312,0.38475890411818287,2.192410566811017,0.1370899276370067,0.14545950129796298,-1.8611272549564846,0.4495132522633412,2.137017819479779,,,-0.006526091771865924,0.38475890411818287,0.0,,,-0.005353970492023052,0.4495132522633412,0.0
M0_SUPPORT_MEAN,1,16,109,0.023440860215053764,94.25900542223357,94.25900542223357,0.0,0.2918310505016707,0.20315878861884984,0.20633883477503231,-1.7763545604176312,0.38475890411818287,2.192410566811017,0.1370899276370067,0.14545950129796298,-1.8611272549564846,0.4495132522633412,2.137017819479779,,,-0.006526091771865924,0.38475890411818287,0.0,,,-0.005353970492023052,0.4495132522633412,0.0
M0_SUPPORT_MEAN,1,32,125,0.026881720430107527,94.25900542223357,94.25900542223357,0.0,0.2918310505016707,0.20315878861884984,0.20633883477503231,-1.7763545604176312,0.38475890411818287,2.192410566811017,0.1370899276370067,0.14545950129796298,-1.8611272549564846,0.4495132522633412,2.137017819479779,,,-0.006526091771865924,0.38475890411818287,0.0,,,-0.005353970492023052,0.4495132522633412,0.0
M0_SUPPORT_MEAN,1,64,157,0.03376344086021505,94.25900542223357,94.25900542223357,0.0,0.2918310505016707,0.20315878861884984,0.20633883477503231,-1.7763545604176312,0.38475890411818287,2.192410566811017,0.1370899276370067,0.14545950129796298,-1.8611272549564846,0.4495132522633412,2.137017819479779,,,-0.006526091771865924,0.38475890411818287,0.0,,,-0.005353970492023052,0.4495132522633412,0.0
M0_SUPPORT_MEAN,1,80,173,0.037204301075268814,94.25900542223357,94.25900542223357,0.0,0.2918310505016707,0.20315878861884984,0.20633883477503231,-1.7763545604176312,0.38475890411818287,2.192410566811017,0.1370899276370067,0.14545950129796298,-1.8611272549564846,0.4495132522633412,2.137017819479779,,,-0.006526091771865924,0.38475890411818287,0.0,,,-0.005353970492023052,0.4495132522633412,0.0
M0_SUPPORT_MEAN,1,92,185,0.03978494623655914,94.25900542223357,94.25900542223357,0.0,0.2918310505016707,0.20315878861884984,0.20633883477503231,-1.7763545604176312,0.38475890411818287,2.192410566811017,0.1370899276370067,0.14545950129796298,-1.8611272549564846,0.4495132522633412,2.137017819479779,,,-0.006526091771865924,0.38475890411818287,0.0,,,-0.005353970492023052,0.4495132522633412,0.0
M0_SUPPORT_MEAN,2,0,186,0.04,68.49672662549462,68.49672662549462,0.0,0.48538333582916204,0.24460130958844134,0.24828299670190737,-0.8313767655817461,0.29977028160938163,1.2584048357634683,0.16765705249152624,0.17801491038372094,-0.9169770214171888,0.34951953571171546,1.2014304635979716,,,-0.006807968085967442,0.29977028160938163,0.0,,,-0.00587728291457256,0.34951953571171546,0.0
M0_SUPPORT_MEAN,2,1,187,0.04021505376344086,68.49672662549462,68.49672662549462,0.0,0.48538333582916204,0.24460130958844134,0.24828299670190737,-0.8313767655817461,0.29977028160938163,1.2584048357634683,0.16765705249152624,0.17801491038372094,-0.9169770214171888,0.34951953571171546,1.2014304635979716,,,-0.006807968085967442,0.29977028160938163,0.0,,,-0.00587728291457256,0.34951953571171546,0.0
M0_SUPPORT_MEAN,2,2,188,0.04043010752688172,68.49672662549462,68.49672662549462,0.0,0.48538333582916204,0.24460130958844134,0.24828299670190737,-0.8313767655817461,0.29977028160938163,1.2584048357634683,0.16765705249152624,0.17801491038372094,-0.9169770214171888,0.34951953571171546,1.2014304635979716,,,-0.006807968085967442,0.29977028160938163,0.0,,,-0.00587728291457256,0.34951953571171546,0.0
M0_SUPPORT_MEAN,2,4,190,0.04086021505376344,68.49672662549462,68.49672662549462,0.0,0.48538333582916204,0.24460130958844134,0.24828299670190737,-0.8313767655817461,0.29977028160938163,1.2584048357634683,0.16765705249152624,0.17801491038372094,-0.9169770214171888,0.34951953571171546,1.2014304635979716,,,-0.006807968085967442,0.29977028160938163,0.0,,,-0.00587728291457256,0.34951953571171546,0.0
M0_SUPPORT_MEAN,2,8,194,0.04172043010752688,68.49672662549462,68.49672662549462,0.0,0.48538333582916204,0.24460130958844134,0.24828299670190737,-0.8313767655817461,0.29977028160938163,1.2584048357634683,0.16765705249152624,0.17801491038372094,-0.9169770214171888,0.34951953571171546,1.2014304635979716,,,-0.006807968085967442,0.29977028160938163,0.0,,,-0.00587728291457256,0.34951953571171546,0.0
M0_SUPPORT_MEAN,2,16,202,0.043440860215053764,68.49672662549462,68.49672662549462,0.0,0.48538333582916204,0.24460130958844134,0.24828299670190737,-0.8313767655817461,0.29977028160938163,1.2584048357634683,0.16765705249152624,0.17801491038372094,-0.9169770214171888,0.34951953571171546,1.2014304635979716,,,-0.006807968085967442,0.29977028160938163,0.0,,,-0.00587728291457256,0.34951953571171546,0.0
M0_SUPPORT_MEAN,2,32,218,0.04688172043010753,68.49672662549462,68.49672662549462,0.0,0.48538333582916204,0.24460130958844134,0.24828299670190737,-0.8313767655817461,0.29977028160938163,1.2584048357634683,0.16765705249152624,0.17801491038372094,-0.9169770214171888,0.34951953571171546,1.2014304635979716,,,-0.006807968085967442,0.29977028160938163,0.0,,,-0.00587728291457256,0.34951953571171546,0.0
M0_SUPPORT_MEAN,2,64,250,0.053763440860215055,68.49672662549462,68.49672662549462,0.0,0.48538333582916204,0.24460130958844134,0.24828299670190737,-0.8313767655817461,0.29977028160938163,1.2584048357634683,0.16765705249152624,0.17801491038372094,-0.9169770214171888,0.34951953571171546,1.2014304635979716,,,-0.006807968085967442,0.29977028160938163,0.0,,,-0.00587728291457256,0.34951953571171546,0.0
M0_SUPPORT_MEAN,2,80,266,0.05720430107526882,68.49672662549462,68.49672662549462,0.0,0.48538333582916204,0.24460130958844134,0.24828299670190737,-0.8313767655817461,0.29977028160938163,1.2584048357634683,0.16765705249152624,0.17801491038372094,-0.9169770214171888,0.34951953571171546,1.2014304635979716,,,-0.006807968085967442,0.29977028160938163,0.0,,,-0.00587728291457256,0.34951953571171546,0.0
M0_SUPPORT_MEAN,2,92,278,0.05978494623655914,68.49672662549462,68.49672662549462,0.0,0.48538333582916204,0.24460130958844134,0.24828299670190737,-0.8313767655817461,0.29977028160938163,1.2584048357634683,0.16765705249152624,0.17801491038372094,-0.9169770214171888,0.34951953571171546,1.2014304635979716,,,-0.006807968085967442,0.29977028160938163,0.0,,,-0.00587728291457256,0.34951953571171546,0.0
M0_SUPPORT_MEAN,4,0,372,0.08,56.534790755980225,56.534790755980225,0.0,0.5752534922214791,0.28433139992059725,0.28824982929960763,-0.3500050638410523,0.2603005046465665,0.7797967594074865,0.20237303692959177,0.2142084788824686,-0.41441688501024143,0.3016679202518754,0.70371852653242,,,-0.007684439796620649,0.2603005046465665,0.0,,,-0.006953107615384539,0.3016679202518754,0.0
M0_SUPPORT_MEAN,4,1,373,0.08021505376344086,56.534790755980225,56.534790755980225,0.0,0.5752534922214791,0.28433139992059725,0.28824982929960763,-0.3500050638410523,0.2603005046465665,0.7797967594074865,0.20237303692959177,0.2142084788824686,-0.41441688501024143,0.3016679202518754,0.70371852653242,,,-0.007684439796620649,0.2603005046465665,0.0,,,-0.006953107615384539,0.3016679202518754,0.0
M0_SUPPORT_MEAN,4,2,374,0.08043010752688172,56.534790755980225,56.534790755980225,0.0,0.5752534922214791,0.28433139992059725,0.28824982929960763,-0.3500050638410523,0.2603005046465665,0.7797967594074865,0.20237303692959177,0.2142084788824686,-0.41441688501024143,0.3016679202518754,0.70371852653242,,,-0.007684439796620649,0.2603005046465665,0.0,,,-0.006953107615384539,0.3016679202518754,0.0
M0_SUPPORT_MEAN,4,4,376,0.08086021505376344,56.534790755980225,56.534790755980225,0.0,0.5752534922214791,0.28433139992059725,0.28824982929960763,-0.3500050638410523,0.2603005046465665,0.7797967594074865,0.20237303692959177,0.2142084788824686,-0.41441688501024143,0.3016679202518754,0.70371852653242,,,-0.007684439796620649,0.2603005046465665,0.0,,,-0.006953107615384539,0.3016679202518754,0.0
M0_SUPPORT_MEAN,4,8,380,0.08172043010752689,56.534790755980225,56.534790755980225,0.0,0.5752534922214791,0.28433139992059725,0.28824982929960763,-0.3500050638410523,0.2603005046465665,0.7797967594074865,0.20237303692959177,0.2142084788824686,-0.41441688501024143,0.3016679202518754,0.70371852653242,,,-0.007684439796620649,0.2603005046465665,0.0,,,-0.006953107615384539,0.3016679202518754,0.0
M0_SUPPORT_MEAN,4,16,388,0.08344086021505376,56.534790755980225,56.534790755980225,0.0,0.5752534922214791,0.28433139992059725,0.28824982929960763,-0.3500050638410523,0.2603005046465665,0.7797967594074865,0.20237303692959177,0.2142084788824686,-0.41441688501024143,0.3016679202518754,0.70371852653242,,,-0.007684439796620649,0.2603005046465665,0.0,,,-0.006953107615384539,0.3016679202518754,0.0
M0_SUPPORT_MEAN,4,32,404,0.08688172043010753,56.534790755980225,56.534790755980225,0.0,0.5752534922214791,0.28433139992059725,0.28824982929960763,-0.3500050638410523,0.2603005046465665,0.7797967594074865,0.20237303692959177,0.2142084788824686,-0.41441688501024143,0.3016679202518754,0.70371852653242,,,-0.007684439796620649,0.2603005046465665,0.0,,,-0.006953107615384539,0.3016679202518754,0.0
M0_SUPPORT_MEAN,4,64,436,0.09376344086021506,56.534790755980225,56.534790755980225,0.0,0.5752534922214791,0.28433139992059725,0.28824982929960763,-0.3500050638410523,0.2603005046465665,0.7797967594074865,0.20237303692959177,0.2142084788824686,-0.41441688501024143,0.3016679202518754,0.70371852653242,,,-0.007684439796620649,0.2603005046465665,0.0,,,-0.006953107615384539,0.3016679202518754,0.0
M0_SUPPORT_MEAN,4,80,452,0.09720430107526881,56.534790755980225,56.534790755980225,0.0,0.5752534922214791,0.28433139992059725,0.28824982929960763,-0.3500050638410523,0.2603005046465665,0.7797967594074865,0.20237303692959177,0.2142084788824686,-0.41441688501024143,0.3016679202518754,0.70371852653242,,,-0.007684439796620649,0.2603005046465665,0.0,,,-0.006953107615384539,0.3016679202518754,0.0
M0_SUPPORT_MEAN,4,92,464,0.09978494623655915,56.534790755980225,56.534790755980225,0.0,0.5752534922214791,0.28433139992059725,0.28824982929960763,-0.3500050638410523,0.2603005046465665,0.7797967594074865,0.20237303692959177,0.2142084788824686,-0.41441688501024143,0.3016679202518754,0.70371852653242,,,-0.007684439796620649,0.2603005046465665,0.0,,,-0.006953107615384539,0.3016679202518754,0.0
M0_SUPPORT_MEAN,8,0,744,0.16,50.73570715594898,50.73570715594898,0.0,0.6188220714006355,0.3157512808406254,0.3197580115165085,-0.09237367376856524,0.23771323406590514,0.5240573550025149,0.23380828859069372,0.24671816930603874,-0.1522556591843712,0.2748426346670856,0.445622991892827,,,-0.008239982679323557,0.23771323406590514,0.0,,,-0.007632405874158497,0.2748426346670856,0.0
M0_SUPPORT_MEAN,8,1,745,0.16021505376344086,50.73570715594898,50.73570715594898,0.0,0.6188220714006355,0.3157512808406254,0.3197580115165085,-0.09237367376856524,0.23771323406590514,0.5240573550025149,0.23380828859069372,0.24671816930603874,-0.1522556591843712,0.2748426346670856,0.445622991892827,,,-0.008239982679323557,0.23771323406590514,0.0,,,-0.007632405874158497,0.2748426346670856,0.0
M0_SUPPORT_MEAN,8,2,746,0.16043010752688172,50.73570715594898,50.73570715594898,0.0,0.6188220714006355,0.3157512808406254,0.3197580115165085,-0.09237367376856524,0.23771323406590514,0.5240573550025149,0.23380828859069372,0.24671816930603874,-0.1522556591843712,0.2748426346670856,0.445622991892827,,,-0.008239982679323557,0.23771323406590514,0.0,,,-0.007632405874158497,0.2748426346670856,0.0
M0_SUPPORT_MEAN,8,4,748,0.16086021505376344,50.73570715594898,50.73570715594898,0.0,0.6188220714006355,0.3157512808406254,0.3197580115165085,-0.09237367376856524,0.23771323406590514,0.5240573550025149,0.23380828859069372,0.24671816930603874,-0.1522556591843712,0.2748426346670856,0.445622991892827,,,-0.008239982679323557,0.23771323406590514,0.0,,,-0.007632405874158497,0.2748426346670856,0.0
M0_SUPPORT_MEAN,8,8,752,0.16172043010752687,50.73570715594898,50.73570715594898,0.0,0.6188220714006355,0.3157512808406254,0.3197580115165085,-0.09237367376856524,0.23771323406590514,0.5240573550025149,0.23380828859069372,0.24671816930603874,-0.1522556591843712,0.2748426346670856,0.445622991892827,,,-0.008239982679323557,0.23771323406590514,0.0,,,-0.007632405874158497,0.2748426346670856,0.0
M0_SUPPORT_MEAN,8,16,760,0.16344086021505377,50.73570715594898,50.73570715594898,0.0,0.6188220714006355,0.3157512808406254,0.3197580115165085,-0.09237367376856524,0.23771323406590514,0.5240573550025149,0.23380828859069372,0.24671816930603874,-0.1522556591843712,0.2748426346670856,0.445622991892827,,,-0.008239982679323557,0.23771323406590514,0.0,,,-0.007632405874158497,0.2748426346670856,0.0
M0_SUPPORT_MEAN,8,32,776,0.16688172043010752,50.73570715594898,50.73570715594898,0.0,0.6188220714006355,0.3157512808406254,0.3197580115165085,-0.09237367376856524,0.23771323406590514,0.5240573550025149,0.23380828859069372,0.24671816930603874,-0.1522556591843712,0.2748426346670856,0.445622991892827,,,-0.008239982679323557,0.23771323406590514,0.0,,,-0.007632405874158497,0.2748426346670856,0.0
M0_SUPPORT_MEAN,8,64,808,0.17376344086021506,50.73570715594898,50.73570715594898,0.0,0.6188220714006355,0.3157512808406254,0.3197580115165085,-0.09237367376856524,0.23771323406590514,0.5240573550025149,0.23380828859069372,0.24671816930603874,-0.1522556591843712,0.2748426346670856,0.445622991892827,,,-0.008239982679323557,0.23771323406590514,0.0,,,-0.007632405874158497,0.2748426346670856,0.0
M0_SUPPORT_MEAN,8,80,824,0.17720430107526883,50.73570715594898,50.73570715594898,0.0,0.6188220714006355,0.3157512808406254,0.3197580115165085,-0.09237367376856524,0.23771323406590514,0.5240573550025149,0.23380828859069372,0.24671816930603874,-0.1522556591843712,0.2748426346670856,0.445622991892827,,,-0.008239982679323557,0.23771323406590514,0.0,,,-0.007632405874158497,0.2748426346670856,0.0
M0_SUPPORT_MEAN,8,92,836,0.17978494623655913,50.73570715594898,50.73570715594898,0.0,0.6188220714006355,0.3157512808406254,0.3197580115165085,-0.09237367376856524,0.23771323406590514,0.5240573550025149,0.23380828859069372,0.24671816930603874,-0.1522556591843712,0.2748426346670856,0.445622991892827,,,-0.008239982679323557,0.23771323406590514,0.0,,,-0.007632405874158497,0.2748426346670856,0.0
M0_SUPPORT_MEAN,16,0,1488,0.32,47.700013768908434,47.700013768908434,0.0,0.6416292693682946,0.3477727769791025,0.35177136409804616,0.05232496629855413,0.22593822201185812,0.3808004309685208,0.26569947032632063,0.279081411285726,-0.011916396592434061,0.2611966249859522,0.30705999493884034,,,-0.008373487019068756,0.22593822201185812,0.0,,,-0.008054615105255783,0.2611966249859522,0.0
M0_SUPPORT_MEAN,16,1,1489,0.32021505376344084,47.700013768908434,47.700013768908434,0.0,0.6416292693682946,0.3477727769791025,0.35177136409804616,0.05232496629855413,0.22593822201185812,0.3808004309685208,0.26569947032632063,0.279081411285726,-0.011916396592434061,0.2611966249859522,0.30705999493884034,,,-0.008373487019068756,0.22593822201185812,0.0,,,-0.008054615105255783,0.2611966249859522,0.0
M0_SUPPORT_MEAN,16,2,1490,0.3204301075268817,47.700013768908434,47.700013768908434,0.0,0.6416292693682946,0.3477727769791025,0.35177136409804616,0.05232496629855413,0.22593822201185812,0.3808004309685208,0.26569947032632063,0.279081411285726,-0.011916396592434061,0.2611966249859522,0.30705999493884034,,,-0.008373487019068756,0.22593822201185812,0.0,,,-0.008054615105255783,0.2611966249859522,0.0
M0_SUPPORT_MEAN,16,4,1492,0.32086021505376344,47.700013768908434,47.700013768908434,0.0,0.6416292693682946,0.3477727769791025,0.35177136409804616,0.05232496629855413,0.22593822201185812,0.3808004309685208,0.26569947032632063,0.279081411285726,-0.011916396592434061,0.2611966249859522,0.30705999493884034,,,-0.008373487019068756,0.22593822201185812,0.0,,,-0.008054615105255783,0.2611966249859522,0.0
M0_SUPPORT_MEAN,16,8,1496,0.3217204301075269,47.700013768908434,47.700013768908434,0.0,0.6416292693682946,0.3477727769791025,0.35177136409804616,0.05232496629855413,0.22593822201185812,0.3808004309685208,0.26569947032632063,0.279081411285726,-0.011916396592434061,0.2611966249859522,0.30705999493884034,,,-0.008373487019068756,0.22593822201185812,0.0,,,-0.008054615105255783,0.2611966249859522,0.0
M0_SUPPORT_MEAN,16,16,1504,0.32344086021505375,47.700013768908434,47.700013768908434,0.0,0.6416292693682946,0.3477727769791025,0.35177136409804616,0.05232496629855413,0.22593822201185812,0.3808004309685208,0.26569947032632063,0.279081411285726,-0.011916396592434061,0.2611966249859522,0.30705999493884034,,,-0.008373487019068756,0.22593822201185812,0.0,,,-0.008054615105255783,0.2611966249859522,0.0
M0_SUPPORT_MEAN,16,32,1520,0.32688172043010755,47.700013768908434,47.700013768908434,0.0,0.6416292693682946,0.3477727769791025,0.35177136409804616,0.05232496629855413,0.22593822201185812,0.3808004309685208,0.26569947032632063,0.279081411285726,-0.011916396592434061,0.2611966249859522,0.30705999493884034,,,-0.008373487019068756,0.22593822201185812,0.0,,,-0.008054615105255783,0.2611966249859522,0.0
M0_SUPPORT_MEAN,16,64,1552,0.33376344086021503,47.700013768908434,47.700013768908434,0.0,0.6416292693682946,0.3477727769791025,0.35177136409804616,0.05232496629855413,0.22593822201185812,0.3808004309685208,0.26569947032632063,0.279081411285726,-0.011916396592434061,0.2611966249859522,0.30705999493884034,,,-0.008373487019068756,0.22593822201185812,0.0,,,-0.008054615105255783,0.2611966249859522,0.0
M0_SUPPORT_MEAN,16,80,1568,0.33720430107526883,47.700013768908434,47.700013768908434,0.0,0.6416292693682946,0.3477727769791025,0.35177136409804616,0.05232496629855413,0.22593822201185812,0.3808004309685208,0.26569947032632063,0.279081411285726,-0.011916396592434061,0.2611966249859522,0.30705999493884034,,,-0.008373487019068756,0.22593822201185812,0.0,,,-0.008054615105255783,0.2611966249859522,0.0
M0_SUPPORT_MEAN,16,92,1580,0.33978494623655914,47.700013768908434,47.700013768908434,0.0,0.6416292693682946,0.3477727769791025,0.35177136409804616,0.05232496629855413,0.22593822201185812,0.3808004309685208,0.26569947032632063,0.279081411285726,-0.011916396592434061,0.2611966249859522,0.30705999493884034,,,-0.008373487019068756,0.22593822201185812,0.0,,,-0.008054615105255783,0.2611966249859522,0.0
M0_SUPPORT_MEAN,24,0,2232,0.48,46.704547459839226,46.70454745983923,-2.220446049250313e-16,0.6491082187503366,0.36929547676437935,0.37308669925468496,0.10613024507817619,0.2215167956935756,0.32757546290693323,0.2864477914505864,0.29953495977026146,0.04052656181187538,0.25608157486322847,0.25519585911994613,,,-0.008258942705797058,0.2215167956935756,0.0,,,-0.007943467722423523,0.25608157486322847,0.0
M0_SUPPORT_MEAN,24,1,2233,0.48021505376344087,46.704547459839226,46.70454745983923,-2.220446049250313e-16,0.6491082187503366,0.36929547676437935,0.37308669925468496,0.10613024507817619,0.2215167956935756,0.32757546290693323,0.2864477914505864,0.29953495977026146,0.04052656181187538,0.25608157486322847,0.25519585911994613,,,-0.008258942705797058,0.2215167956935756,0.0,,,-0.007943467722423523,0.25608157486322847,0.0
M0_SUPPORT_MEAN,24,2,2234,0.4804301075268817,46.704547459839226,46.70454745983923,-2.220446049250313e-16,0.6491082187503366,0.36929547676437935,0.37308669925468496,0.10613024507817619,0.2215167956935756,0.32757546290693323,0.2864477914505864,0.29953495977026146,0.04052656181187538,0.25608157486322847,0.25519585911994613,,,-0.008258942705797058,0.2215167956935756,0.0,,,-0.007943467722423523,0.25608157486322847,0.0
M0_SUPPORT_MEAN,24,4,2236,0.4808602150537634,46.704547459839226,46.70454745983923,-2.220446049250313e-16,0.6491082187503366,0.36929547676437935,0.37308669925468496,0.10613024507817619,0.2215167956935756,0.32757546290693323,0.2864477914505864,0.29953495977026146,0.04052656181187538,0.25608157486322847,0.25519585911994613,,,-0.008258942705797058,0.2215167956935756,0.0,,,-0.007943467722423523,0.25608157486322847,0.0
M0_SUPPORT_MEAN,24,8,2240,0.4817204301075269,46.704547459839226,46.70454745983923,-2.220446049250313e-16,0.6491082187503366,0.36929547676437935,0.37308669925468496,0.10613024507817619,0.2215167956935756,0.32757546290693323,0.2864477914505864,0.29953495977026146,0.04052656181187538,0.25608157486322847,0.25519585911994613,,,-0.008258942705797058,0.2215167956935756,0.0,,,-0.007943467722423523,0.25608157486322847,0.0
M0_SUPPORT_MEAN,24,16,2248,0.4834408602150538,46.704547459839226,46.70454745983923,-2.220446049250313e-16,0.6491082187503366,0.36929547676437935,0.37308669925468496,0.10613024507817619,0.2215167956935756,0.32757546290693323,0.2864477914505864,0.29953495977026146,0.04052656181187538,0.25608157486322847,0.25519585911994613,,,-0.008258942705797058,0.2215167956935756,0.0,,,-0.007943467722423523,0.25608157486322847,0.0
M0_SUPPORT_MEAN,24,32,2264,0.4868817204301075,46.704547459839226,46.70454745983923,-2.220446049250313e-16,0.6491082187503366,0.36929547676437935,0.37308669925468496,0.10613024507817619,0.2215167956935756,0.32757546290693323,0.2864477914505864,0.29953495977026146,0.04052656181187538,0.25608157486322847,0.25519585911994613,,,-0.008258942705797058,0.2215167956935756,0.0,,,-0.007943467722423523,0.25608157486322847,0.0
M0_SUPPORT_MEAN,24,64,2296,0.49376344086021506,46.704547459839226,46.70454745983923,-2.220446049250313e-16,0.6491082187503366,0.36929547676437935,0.37308669925468496,0.10613024507817619,0.2215167956935756,0.32757546290693323,0.2864477914505864,0.29953495977026146,0.04052656181187538,0.25608157486322847,0.25519585911994613,,,-0.008258942705797058,0.2215167956935756,0.0,,,-0.007943467722423523,0.25608157486322847,0.0
M0_SUPPORT_MEAN,24,80,2312,0.4972043010752688,46.704547459839226,46.70454745983923,-2.220446049250313e-16,0.6491082187503366,0.36929547676437935,0.37308669925468496,0.10613024507817619,0.2215167956935756,0.32757546290693323,0.2864477914505864,0.29953495977026146,0.04052656181187538,0.25608157486322847,0.25519585911994613,,,-0.008258942705797058,0.2215167956935756,0.0,,,-0.007943467722423523,0.25608157486322847,0.0
M0_SUPPORT_MEAN,24,92,2324,0.4997849462365591,46.704547459839226,46.70454745983923,-2.220446049250313e-16,0.6491082187503366,0.36929547676437935,0.37308669925468496,0.10613024507817619,0.2215167956935756,0.32757546290693323,0.2864477914505864,0.29953495977026146,0.04052656181187538,0.25608157486322847,0.25519585911994613,,,-0.008258942705797058,0.2215167956935756,0.0,,,-0.007943467722423523,0.25608157486322847,0.0
M0_SUPPORT_MEAN,32,0,2976,0.64,46.190744492457995,46.190744492457995,0.0,0.6529684261228799,0.383579215195308,0.38729354377694675,0.133632362130734,0.21924968109708554,0.3006950174431421,0.3002264764707937,0.3130000448184753,0.06699433423657083,0.25349540736194476,0.22928329684203877,,,-0.008015826616242451,0.21924968109708554,0.0,,,-0.007730218365382458,0.25349540736194476,0.0
M0_SUPPORT_MEAN,32,1,2977,0.6402150537634409,46.190744492457995,46.190744492457995,0.0,0.6529684261228799,0.383579215195308,0.38729354377694675,0.133632362130734,0.21924968109708554,0.3006950174431421,0.3002264764707937,0.3130000448184753,0.06699433423657083,0.25349540736194476,0.22928329684203877,,,-0.008015826616242451,0.21924968109708554,0.0,,,-0.007730218365382458,0.25349540736194476,0.0
M0_SUPPORT_MEAN,32,2,2978,0.6404301075268817,46.190744492457995,46.190744492457995,0.0,0.6529684261228799,0.383579215195308,0.38729354377694675,0.133632362130734,0.21924968109708554,0.3006950174431421,0.3002264764707937,0.3130000448184753,0.06699433423657083,0.25349540736194476,0.22928329684203877,,,-0.008015826616242451,0.21924968109708554,0.0,,,-0.007730218365382458,0.25349540736194476,0.0
M0_SUPPORT_MEAN,32,4,2980,0.6408602150537634,46.190744492457995,46.190744492457995,0.0,0.6529684261228799,0.383579215195308,0.38729354377694675,0.133632362130734,0.21924968109708554,0.3006950174431421,0.3002264764707937,0.3130000448184753,0.06699433423657083,0.25349540736194476,0.22928329684203877,,,-0.008015826616242451,0.21924968109708554,0.0,,,-0.007730218365382458,0.25349540736194476,0.0
M0_SUPPORT_MEAN,32,8,2984,0.6417204301075269,46.190744492457995,46.190744492457995,0.0,0.6529684261228799,0.383579215195308,0.38729354377694675,0.133632362130734,0.21924968109708554,0.3006950174431421,0.3002264764707937,0.3130000448184753,0.06699433423657083,0.25349540736194476,0.22928329684203877,,,-0.008015826616242451,0.21924968109708554,0.0,,,-0.007730218365382458,0.25349540736194476,0.0
M0_SUPPORT_MEAN,32,16,2992,0.6434408602150538,46.190744492457995,46.190744492457995,0.0,0.6529684261228799,0.383579215195308,0.38729354377694675,0.133632362130734,0.21924968109708554,0.3006950174431421,0.3002264764707937,0.3130000448184753,0.06699433423657083,0.25349540736194476,0.22928329684203877,,,-0.008015826616242451,0.21924968109708554,0.0,,,-0.007730218365382458,0.25349540736194476,0.0
M0_SUPPORT_MEAN,32,32,3008,0.6468817204301075,46.190744492457995,46.190744492457995,0.0,0.6529684261228799,0.383579215195308,0.38729354377694675,0.133632362130734,0.21924968109708554,0.3006950174431421,0.3002264764707937,0.3130000448184753,0.06699433423657083,0.25349540736194476,0.22928329684203877,,,-0.008015826616242451,0.21924968109708554,0.0,,,-0.007730218365382458,0.25349540736194476,0.0
M0_SUPPORT_MEAN,32,64,3040,0.6537634408602151,46.190744492457995,46.190744492457995,0.0,0.6529684261228799,0.383579215195308,0.38729354377694675,0.133632362130734,0.21924968109708554,0.3006950174431421,0.3002264764707937,0.3130000448184753,0.06699433423657083,0.25349540736194476,0.22928329684203877,,,-0.008015826616242451,0.21924968109708554,0.0,,,-0.007730218365382458,0.25349540736194476,0.0
M0_SUPPORT_MEAN,32,80,3056,0.6572043010752688,46.190744492457995,46.190744492457995,0.0,0.6529684261228799,0.383579215195308,0.38729354377694675,0.133632362130734,0.21924968109708554,0.3006950174431421,0.3002264764707937,0.3130000448184753,0.06699433423657083,0.25349540736194476,0.22928329684203877,,,-0.008015826616242451,0.21924968109708554,0.0,,,-0.007730218365382458,0.25349540736194476,0.0
M0_SUPPORT_MEAN,32,92,3068,0.6597849462365591,46.190744492457995,46.190744492457995,0.0,0.6529684261228799,0.383579215195308,0.38729354377694675,0.133632362130734,0.21924968109708554,0.3006950174431421,0.3002264764707937,0.3130000448184753,0.06699433423657083,0.25349540736194476,0.22928329684203877,,,-0.008015826616242451,0.21924968109708554,0.0,,,-0.007730218365382458,0.25349540736194476,0.0
M0_SUPPORT_MEAN,40,0,3720,0.8,45.900487646491385,45.90048764649138,1.1102230246251565e-16,0.6551491290145782,0.3938622382040062,0.3975155989198163,0.150144427612082,0.21782115005740088,0.28451028118368704,0.3104603645642631,0.32285799019206135,0.08288990183538548,0.2518675916631786,0.21375541918229649,,,-0.00783010205063374,0.21782115005740085,0.0,,,-0.007648807966036897,0.25186759166317857,0.0
M0_SUPPORT_MEAN,40,1,3721,0.8002150537634408,45.900487646491385,45.90048764649138,1.1102230246251565e-16,0.6551491290145782,0.3938622382040062,0.3975155989198163,0.150144427612082,0.21782115005740088,0.28451028118368704,0.3104603645642631,0.32285799019206135,0.08288990183538548,0.2518675916631786,0.21375541918229649,,,-0.00783010205063374,0.21782115005740085,0.0,,,-0.007648807966036897,0.25186759166317857,0.0
M0_SUPPORT_MEAN,40,2,3722,0.8004301075268817,45.900487646491385,45.90048764649138,1.1102230246251565e-16,0.6551491290145782,0.3938622382040062,0.3975155989198163,0.150144427612082,0.21782115005740088,0.28451028118368704,0.3104603645642631,0.32285799019206135,0.08288990183538548,0.2518675916631786,0.21375541918229649,,,-0.00783010205063374,0.21782115005740085,0.0,,,-0.007648807966036897,0.25186759166317857,0.0
M0_SUPPORT_MEAN,40,4,3724,0.8008602150537635,45.900487646491385,45.90048764649138,1.1102230246251565e-16,0.6551491290145782,0.3938622382040062,0.3975155989198163,0.150144427612082,0.21782115005740088,0.28451028118368704,0.3104603645642631,0.32285799019206135,0.08288990183538548,0.2518675916631786,0.21375541918229649,,,-0.00783010205063374,0.21782115005740085,0.0,,,-0.007648807966036897,0.25186759166317857,0.0
M0_SUPPORT_MEAN,40,8,3728,0.8017204301075269,45.900487646491385,45.90048764649138,1.1102230246251565e-16,0.6551491290145782,0.3938622382040062,0.3975155989198163,0.150144427612082,0.21782115005740088,0.28451028118368704,0.3104603645642631,0.32285799019206135,0.08288990183538548,0.2518675916631786,0.21375541918229649,,,-0.00783010205063374,0.21782115005740085,0.0,,,-0.007648807966036897,0.25186759166317857,0.0
M0_SUPPORT_MEAN,40,16,3736,0.8034408602150538,45.900487646491385,45.90048764649138,1.1102230246251565e-16,0.6551491290145782,0.3938622382040062,0.3975155989198163,0.150144427612082,0.21782115005740088,0.28451028118368704,0.3104603645642631,0.32285799019206135,0.08288990183538548,0.2518675916631786,0.21375541918229649,,,-0.00783010205063374,0.21782115005740085,0.0,,,-0.007648807966036897,0.25186759166317857,0.0
M0_SUPPORT_MEAN,40,32,3752,0.8068817204301075,45.900487646491385,45.90048764649138,1.1102230246251565e-16,0.6551491290145782,0.3938622382040062,0.3975155989198163,0.150144427612082,0.21782115005740088,0.28451028118368704,0.3104603645642631,0.32285799019206135,0.08288990183538548,0.2518675916631786,0.21375541918229649,,,-0.00783010205063374,0.21782115005740085,0.0,,,-0.007648807966036897,0.25186759166317857,0.0
M0_SUPPORT_MEAN,40,64,3784,0.813763440860215,45.900487646491385,45.90048764649138,1.1102230246251565e-16,0.6551491290145782,0.3938622382040062,0.3975155989198163,0.150144427612082,0.21782115005740088,0.28451028118368704,0.3104603645642631,0.32285799019206135,0.08288990183538548,0.2518675916631786,0.21375541918229649,,,-0.00783010205063374,0.21782115005740085,0.0,,,-0.007648807966036897,0.25186759166317857,0.0
M0_SUPPORT_MEAN,40,80,3800,0.8172043010752689,45.900487646491385,45.90048764649138,1.1102230246251565e-16,0.6551491290145782,0.3938622382040062,0.3975155989198163,0.150144427612082,0.21782115005740088,0.28451028118368704,0.3104603645642631,0.32285799019206135,0.08288990183538548,0.2518675916631786,0.21375541918229649,,,-0.00783010205063374,0.21782115005740085,0.0,,,-0.007648807966036897,0.25186759166317857,0.0
M0_SUPPORT_MEAN,40,92,3812,0.8197849462365592,45.900487646491385,45.90048764649138,1.1102230246251565e-16,0.6551491290145782,0.3938622382040062,0.3975155989198163,0.150144427612082,0.21782115005740088,0.28451028118368704,0.3104603645642631,0.32285799019206135,0.08288990183538548,0.2518675916631786,0.21375541918229649,,,-0.00783010205063374,0.21782115005740085,0.0,,,-0.007648807966036897,0.25186759166317857,0.0
M0_SUPPORT_MEAN,49,0,4557,0.98,45.72159165575147,45.72159165575147,0.0,0.6564931765701857,0.4018706220481904,0.40539704394557985,0.16165733891657397,0.2168485311080795,0.2730472904340234,0.3183617556706339,0.3305090424072004,0.09398773955734342,0.2507555479173426,0.20273196720995876,,,-0.007848614854414945,0.21684853110807953,0.0,,,-0.007515281413788432,0.2507555479173426,0.0
M0_SUPPORT_MEAN,49,1,4558,0.9802150537634409,45.72159165575147,45.72159165575147,0.0,0.6564931765701857,0.4018706220481904,0.40539704394557985,0.16165733891657397,0.2168485311080795,0.2730472904340234,0.3183617556706339,0.3305090424072004,0.09398773955734342,0.2507555479173426,0.20273196720995876,,,-0.007848614854414945,0.21684853110807953,0.0,,,-0.007515281413788432,0.2507555479173426,0.0
M0_SUPPORT_MEAN,49,2,4559,0.9804301075268818,45.72159165575147,45.72159165575147,0.0,0.6564931765701857,0.4018706220481904,0.40539704394557985,0.16165733891657397,0.2168485311080795,0.2730472904340234,0.3183617556706339,0.3305090424072004,0.09398773955734342,0.2507555479173426,0.20273196720995876,,,-0.007848614854414945,0.21684853110807953,0.0,,,-0.007515281413788432,0.2507555479173426,0.0
M0_SUPPORT_MEAN,49,4,4561,0.9808602150537634,45.72159165575147,45.72159165575147,0.0,0.6564931765701857,0.4018706220481904,0.40539704394557985,0.16165733891657397,0.2168485311080795,0.2730472904340234,0.3183617556706339,0.3305090424072004,0.09398773955734342,0.2507555479173426,0.20273196720995876,,,-0.007848614854414945,0.21684853110807953,0.0,,,-0.007515281413788432,0.2507555479173426,0.0
M0_SUPPORT_MEAN,49,8,4565,0.9817204301075269,45.72159165575147,45.72159165575147,0.0,0.6564931765701857,0.4018706220481904,0.40539704394557985,0.16165733891657397,0.2168485311080795,0.2730472904340234,0.3183617556706339,0.3305090424072004,0.09398773955734342,0.2507555479173426,0.20273196720995876,,,-0.007848614854414945,0.21684853110807953,0.0,,,-0.007515281413788432,0.2507555479173426,0.0
M0_SUPPORT_MEAN,49,16,4573,0.9834408602150537,45.72159165575147,45.72159165575147,0.0,0.6564931765701857,0.4018706220481904,0.40539704394557985,0.16165733891657397,0.2168485311080795,0.2730472904340234,0.3183617556706339,0.3305090424072004,0.09398773955734342,0.2507555479173426,0.20273196720995876,,,-0.007848614854414945,0.21684853110807953,0.0,,,-0.007515281413788432,0.2507555479173426,0.0
M0_SUPPORT_MEAN,49,32,4589,0.9868817204301076,45.72159165575147,45.72159165575147,0.0,0.6564931765701857,0.4018706220481904,0.40539704394557985,0.16165733891657397,0.2168485311080795,0.2730472904340234,0.3183617556706339,0.3305090424072004,0.09398773955734342,0.2507555479173426,0.20273196720995876,,,-0.007848614854414945,0.21684853110807953,0.0,,,-0.007515281413788432,0.2507555479173426,0.0
M0_SUPPORT_MEAN,49,64,4621,0.9937634408602151,45.72159165575147,45.72159165575147,0.0,0.6564931765701857,0.4018706220481904,0.40539704394557985,0.16165733891657397,0.2168485311080795,0.2730472904340234,0.3183617556706339,0.3305090424072004,0.09398773955734342,0.2507555479173426,0.20273196720995876,,,-0.007848614854414945,0.21684853110807953,0.0,,,-0.007515281413788432,0.2507555479173426,0.0
M0_SUPPORT_MEAN,49,80,4637,0.9972043010752688,45.72159165575147,45.72159165575147,0.0,0.6564931765701857,0.4018706220481904,0.40539704394557985,0.16165733891657397,0.2168485311080795,0.2730472904340234,0.3183617556706339,0.3305090424072004,0.09398773955734342,0.2507555479173426,0.20273196720995876,,,-0.007848614854414945,0.21684853110807953,0.0,,,-0.007515281413788432,0.2507555479173426,0.0
M0_SUPPORT_MEAN,49,92,4649,0.9997849462365591,45.72159165575147,45.72159165575147,0.0,0.6564931765701857,0.4018706220481904,0.40539704394557985,0.161657338916574,0.21684853110807953,0.2730472904340234,0.31836175567063396,0.3305090424072004,0.09398773955734342,0.2507555479173426,0.20273196720995876,,,-0.007848614854414945,0.21684853110807953,0.0,,,-0.007515281413788432,0.2507555479173426,0.0
M1_SENTINEL_OFFSET,1,0,93,0.02,94.25900542223357,94.25900542223357,0.0,0.2918310505016707,0.20315878861884984,0.20633883477503231,-1.7763545604176312,0.38475890411818287,2.192410566811017,0.1370899276370067,0.14545950129796298,-1.8611272549564846,0.4495132522633412,2.137017819479779,,,-0.006526091771865924,0.38475890411818287,0.0,,,-0.005353970492023052,0.4495132522633412,0.0
M1_SENTINEL_OFFSET,1,1,94,0.02021505376344086,94.25900542223357,94.25900542223357,0.0,0.2918310505016707,0.20315878861884984,0.20633883477503231,-1.7763545604176312,0.38475890411818287,2.192410566811017,0.1370899276370067,0.14545950129796298,-1.8611272549564846,0.4495132522633412,2.137017819479779,,,-0.006526091771865924,0.38475890411818287,0.0,,,-0.005353970492023052,0.4495132522633412,0.0
M1_SENTINEL_OFFSET,1,2,95,0.02043010752688172,94.25900542223357,94.25900542223357,0.0,0.2918310505016707,0.20315878861884984,0.20633883477503231,-1.7763545604176312,0.38475890411818287,2.192410566811017,0.1370899276370067,0.14545950129796298,-1.8611272549564846,0.4495132522633412,2.137017819479779,,,-0.006526091771865924,0.38475890411818287,0.0,,,-0.005353970492023052,0.4495132522633412,0.0
M1_SENTINEL_OFFSET,1,4,97,0.02086021505376344,94.25900542223357,94.25900542223357,0.0,0.2918310505016707,0.20315878861884984,0.20633883477503231,-1.7763545604176312,0.38475890411818287,2.192410566811017,0.1370899276370067,0.14545950129796298,-1.8611272549564846,0.4495132522633412,2.137017819479779,,,-0.006526091771865924,0.38475890411818287,0.0,,,-0.005353970492023052,0.4495132522633412,0.0
M1_SENTINEL_OFFSET,1,8,101,0.021720430107526882,94.25900542223357,94.25900542223357,0.0,0.2918310505016707,0.20315878861884984,0.20633883477503231,-1.7763545604176312,0.38475890411818287,2.192410566811017,0.1370899276370067,0.14545950129796298,-1.8611272549564846,0.4495132522633412,2.137017819479779,,,-0.006526091771865924,0.38475890411818287,0.0,,,-0.005353970492023052,0.4495132522633412,0.0
M1_SENTINEL_OFFSET,1,16,109,0.023440860215053764,94.25900542223357,94.25900542223357,0.0,0.2918310505016707,0.20315878861884984,0.20633883477503231,-1.7763545604176312,0.38475890411818287,2.192410566811017,0.1370899276370067,0.14545950129796298,-1.8611272549564846,0.4495132522633412,2.137017819479779,,,-0.006526091771865924,0.38475890411818287,0.0,,,-0.005353970492023052,0.4495132522633412,0.0
M1_SENTINEL_OFFSET,1,32,125,0.026881720430107527,94.25900542223357,94.25900542223357,0.0,0.2918310505016707,0.20315878861884984,0.20633883477503231,-1.7763545604176312,0.38475890411818287,2.192410566811017,0.1370899276370067,0.14545950129796298,-1.8611272549564846,0.4495132522633412,2.137017819479779,,,-0.006526091771865924,0.38475890411818287,0.0,,,-0.005353970492023052,0.4495132522633412,0.0
M1_SENTINEL_OFFSET,1,64,157,0.03376344086021505,94.25900542223357,94.25900542223357,0.0,0.2918310505016707,0.20315878861884984,0.20633883477503231,-1.7763545604176312,0.38475890411818287,2.192410566811017,0.1370899276370067,0.14545950129796298,-1.8611272549564846,0.4495132522633412,2.137017819479779,,,-0.006526091771865924,0.38475890411818287,0.0,,,-0.005353970492023052,0.4495132522633412,0.0
M1_SENTINEL_OFFSET,1,80,173,0.037204301075268814,94.25900542223357,94.25900542223357,0.0,0.2918310505016707,0.20315878861884984,0.20633883477503231,-1.7763545604176312,0.38475890411818287,2.192410566811017,0.1370899276370067,0.14545950129796298,-1.8611272549564846,0.4495132522633412,2.137017819479779,,,-0.006526091771865924,0.38475890411818287,0.0,,,-0.005353970492023052,0.4495132522633412,0.0
M1_SENTINEL_OFFSET,1,92,185,0.03978494623655914,94.25900542223357,94.25900542223357,0.0,0.2918310505016707,0.20315878861884984,0.20633883477503231,-1.7763545604176312,0.38475890411818287,2.192410566811017,0.1370899276370067,0.14545950129796298,-1.8611272549564846,0.4495132522633412,2.137017819479779,,,-0.006526091771865924,0.38475890411818287,0.0,,,-0.005353970492023052,0.4495132522633412,0.0
M1_SENTINEL_OFFSET,2,0,186,0.04,68.49672662549462,68.49672662549462,0.0,0.48538333582916204,0.24460130958844134,0.24828299670190737,-0.8313767655817461,0.29977028160938163,1.2584048357634683,0.16765705249152624,0.17801491038372094,-0.9169770214171888,0.34951953571171546,1.2014304635979716,,,-0.006807968085967442,0.29977028160938163,0.0,,,-0.00587728291457256,0.34951953571171546,0.0
M1_SENTINEL_OFFSET,2,1,187,0.04021505376344086,68.49672662549462,57.64830794541311,0.15837864398097679,0.566887625270553,0.32724151208781915,0.3305770281259154,-0.6702015926321097,0.2763083765501006,1.2386292569850041,0.34201215227242626,0.3495371580701163,-0.6093770394878786,0.3005815195272218,1.2158614555509415,0.3021533384156547,0.30264157504269107,0.08211878003818755,0.2763083765501006,0.0905828859553047,0.4112525504198934,0.41209826055954035,0.16078037289031144,0.3005815195272218,0.19982780103132403
M1_SENTINEL_OFFSET,2,2,188,0.04043010752688172,68.49672662549462,53.46782106750331,0.2194105659991863,0.5982956693874988,0.36902123740744286,0.37213447439682357,-0.5840724106150141,0.26232111738749303,1.2382247317427435,0.3904824612006132,0.3973697446704469,-0.4801310280613636,0.2778491544592274,1.169009136923947,0.3674653344639351,0.36783227650114936,0.12724910626763006,0.26232111738749303,0.15353411669396136,0.4856747356477949,0.486353173843344,0.22778287446478718,0.2778491544592274,0.22754423550232822
M1_SENTINEL_OFFSET,2,4,190,0.04086021505376344,68.49672662549462,51.14542741336368,0.2533157432033073,0.6157438385784046,0.40870417239010337,0.4116325884913129,-0.4952928527756509,0.2485655319569436,1.231682065375436,0.4513058237115379,0.4572159178412166,-0.3553005525198823,0.25557971956439474,1.1755992673903792,0.4288670094304299,0.429200338759526,0.17601944382528859,0.2485655319569436,0.20913818975132248,0.5449782578516574,0.5455467479771157,0.29503337125202334,0.25557971956439474,0.30964122440479447
M1_SENTINEL_OFFSET,2,8,194,0.04172043010752688,68.49672662549462,50.38620630186841,0.2643997927469637,0.6214478751800654,0.443195750350665,0.44594492031267113,-0.4085276769385578,0.23520626330211827,1.2083555648114002,0.47730538842268894,0.4830071137929887,-0.2686950724218778,0.24073986162420014,1.1186258268795413,0.4768871839880358,0.4770901652381007,0.22369726677318325,0.23520626330211827,0.24076379036615092,0.5865546618233969,0.5871353252204564,0.33996074331035475,0.24073986162420014,0.29850582034133016
M1_SENTINEL_OFFSET,2,16,202,0.043440860215053764,68.49672662549462,48.169730283986055,0.296758653192966,0.6381002839991567,0.464086344657214,0.46671722449447917,-0.35575643178029187,0.22769260941312686,1.1963795912106605,0.5245858670772124,0.5293681687459278,-0.20981929167002095,0.23029174908282038,1.2210501837169585,0.509334959240934,0.5094531788079172,0.2541789712221167,0.22769260941312686,0.2614668402954751,0.6119765689354186,0.6125921363734644,0.3712376383146782,0.23029174908282038,0.45204409394839395
M1_SENTINEL_OFFSET,2,32,218,0.04688172043010753,68.49672662549462,47.41728408188306,0.30774379422338327,0.6437534206316764,0.49168475684519775,0.49410706527003745,-0.3178787790086425,0.22157549545499733,1.246570182052404,0.5346971172383657,0.5394217366396645,-0.17047113608307324,0.22352380126410568,1.1879528349922777,0.5291427998980444,0.529300685703099,0.2747434437271136,0.22157549545499733,0.35187553156557777,0.6260967974306783,0.6267307037864489,0.3918899962271245,0.22352380126410568,0.4385381023679206
M1_SENTINEL_OFFSET,2,64,250,0.053763440860215055,68.49672662549462,46.61229579487011,0.3194960096455044,0.6498013065288254,0.49729090177404806,0.4997503803581268,-0.29317737448846837,0.2182258353889521,1.222580070998105,0.53932701161244,0.544028088225388,-0.1507097728433715,0.220137772158925,1.1680876484157012,0.5398547362800891,0.5400261994698283,0.28891328169253255,0.2182258353889521,0.3388951454640786,0.6334908294751497,0.6341210396642352,0.402141965975736,0.220137772158925,0.42841419865025465
M1_SENTINEL_OFFSET,2,80,266,0.05720430107526882,68.49672662549462,46.44755370072272,0.32190111865236415,0.6510390157029028,0.4983682143514223,0.5008220745828054,-0.2882500156350986,0.21754332480582483,1.2175903325683932,0.5402728269476351,0.5449499412546038,-0.14670769753585444,0.21946186542523835,1.1640298077080047,0.5420542404659865,0.5422249189569405,0.29167145083614066,0.21754332480582483,0.3362279479638377,0.6350163343120562,0.6356477570334667,0.40421600670295416,0.21946186542523835,0.42631596410841344
M1_SENTINEL_OFFSET,2,92,278,0.05978494623655914,68.49672662549462,46.36619612952611,0.32308887718046775,0.6516502560344759,0.4989994324935483,0.501454505129721,-0.2856694075358362,0.21719614699929923,1.2151715753049777,0.5407643662555653,0.5454381086626543,-0.14460424169690417,0.21910607331861146,1.1618453220101637,0.54323778808896,0.5434048874173575,0.29314687219903274,0.21719614699929923,0.33482396155917976,0.6358267807443472,0.6364593286658852,0.40531575320968993,0.21910607331861146,0.4251408699183961
M1_SENTINEL_OFFSET,4,0,372,0.08,56.534790755980225,56.534790755980225,0.0,0.5752534922214791,0.28433139992059725,0.28824982929960763,-0.3500050638410523,0.2603005046465665,0.7797967594074865,0.20237303692959177,0.2142084788824686,-0.41441688501024143,0.3016679202518754,0.70371852653242,,,-0.007684439796620649,0.2603005046465665,0.0,,,-0.006953107615384539,0.3016679202518754,0.0
M1_SENTINEL_OFFSET,4,1,373,0.08021505376344086,56.534790755980225,47.4699520872697,0.16034089005187757,0.6433577253251139,0.3693470444784462,0.3726866613174808,-0.23143337992069762,0.23984965653292248,0.7993607095182536,0.38779239719926656,0.39547880558975346,-0.18500182768022358,0.260122899187241,0.7938741639610427,0.3015847765268672,0.30193646725472106,0.08043809099057132,0.23984965653292248,0.08690224090149883,0.41024792998330734,0.4113619097931614,0.15907256638088776,0.260122899187241,0.2001522506752527
M1_SENTINEL_OFFSET,4,2,374,0.08043010752688172,56.534790755980225,44.55445525787297,0.21191084884027778,0.6652618852267691,0.4133484027210161,0.4163472035009213,-0.16884670051398157,0.2276493031977861,0.827626712407782,0.43590674212245856,0.4428273623447394,-0.08865677592200118,0.2401072281872319,0.7698002390753573,0.3683252742971192,0.36863067414531686,0.12610974743042094,0.2276493031977861,0.15567685707935763,0.4849243772144101,0.48596555799184066,0.22620928547587327,0.2401072281872319,0.21549245735277667
M1_SENTINEL_OFFSET,4,4,376,0.08086021505376344,56.534790755980225,42.55305282301522,0.24731210191108777,0.6802984438395793,0.4524815039487864,0.45523931506091325,-0.10219049738474369,0.2156855278181059,0.8383212074265002,0.5001074889225566,0.5057876814499759,0.005508043129212793,0.22079961591251923,0.8207763779774462,0.4295293824857122,0.4297542173849497,0.1753885585115001,0.2156855278181059,0.20474056219938205,0.5444283485615392,0.5453358003732494,0.2940234195772575,0.22079961591251923,0.31303954467288864
M1_SENTINEL_OFFSET,4,8,380,0.08172043010752689,56.534790755980225,42.20753459120161,0.25342370553061766,0.6828943261339011,0.4879368215821616,0.4904491679971909,-0.03867292249573246,0.20397856141206247,0.8420025069761778,0.525806459731089,0.5312786553903885,0.06893847110361476,0.20785697884469911,0.7758248574606399,0.47762954619397385,0.4777324856116722,0.22285589890645996,0.20397856141206247,0.2414302012327137,0.5860682894913798,0.5869421557535633,0.3391234333562588,0.20785697884469911,0.2891129834451465
M1_SENTINEL_OFFSET,4,16,388,0.08344086021505376,56.534790755980225,40.202809125383425,0.2888837371149059,0.6979558507150436,0.508822579781115,0.5112241542366969,0.0014742382459346569,0.197360303819095,0.8390784123549404,0.5703474172739439,0.5748432805438846,0.112222069700271,0.19899122968580926,0.9038962391591362,0.5101125408923302,0.5101964546613273,0.25413363117170223,0.197360303819095,0.25685155395197984,0.6114144328256111,0.6122728467917153,0.37014042634424194,0.19899122968580926,0.45505394486678263
M1_SENTINEL_OFFSET,4,32,404,0.08688172043010753,56.534790755980225,39.57261368179231,0.30003077480911455,0.7026905160477344,0.5347550588311745,0.5369457668511145,0.02930084150118972,0.1919988825058067,0.9032995652791688,0.5804284772439176,0.5848616627785236,0.14137411992109902,0.19314085763264016,0.8777104301571322,0.5298842794777658,0.5300381754748493,0.2744262108181824,0.1919988825058067,0.35311378251091485,0.625579867903238,0.6264563882859405,0.3908509851850265,0.19314085763264016,0.43784785554937133
M1_SENTINEL_OFFSET,4,64,436,0.09376344086021506,56.534790755980225,38.88550062460199,0.31218458395923754,0.7078528040404557,0.540660987643141,0.5428662169721128,0.04763358772293085,0.18911623356428958,0.8849540854202046,0.5853628239401618,0.5897587687785197,0.15599392718170133,0.19021824003364698,0.863011369837937,0.5405853183134118,0.5407385179784168,0.28862413741617077,0.18911623356428958,0.3392687673033276,0.6329827846514771,0.633853020182918,0.40111317782733386,0.19021824003364698,0.42775911724950527
M1_SENTINEL_OFFSET,4,80,452,0.09720430107526881,56.534790755980225,38.7437024701263,0.31469274137132963,0.7089181351422007,0.541845308541681,0.5440440540521356,0.05125394957173336,0.1885249118185227,0.8813381711281303,0.5863780687441498,0.5907539259254535,0.15895062809685706,0.18963523146079306,0.8600077976984605,0.5427912438741651,0.5429452745200964,0.29139830340401096,0.1885249118185227,0.3365755897369028,0.6345142606868094,0.6353858985912293,0.40319853277368023,0.18963523146079306,0.42563793725252447
M1_SENTINEL_OFFSET,4,92,464,0.09978494623655915,56.534790755980225,38.67645607961488,0.3158822105391148,0.7094233580173276,0.5425319046030125,0.5447321631965125,0.05319207776125907,0.18822381740187047,0.879596888352886,0.5869195718322642,0.5912917373971376,0.16051772565555447,0.18932782460621278,0.8583872183586647,0.5439743560643514,0.5441271689703028,0.2928823609003193,0.18822381740187047,0.33516165444402324,0.6353280739514767,0.6361996628941059,0.4043035532319858,0.18932782460621278,0.42443063815691834
M1_SENTINEL_OFFSET,8,0,744,0.16,50.73570715594898,50.73570715594898,0.0,0.6188220714006355,0.3157512808406254,0.3197580115165085,-0.09237367376856524,0.23771323406590514,0.5240573550025149,0.23380828859069372,0.24671816930603874,-0.1522556591843712,0.2748426346670856,0.445622991892827,,,-0.008239982679323557,0.23771323406590514,0.0,,,-0.007632405874158497,0.2748426346670856,0.0
M1_SENTINEL_OFFSET,8,1,745,0.16021505376344086,50.73570715594898,42.78067453169757,0.15679356946380207,0.6785883194265482,0.40282011110858834,0.4060032062153026,0.0016950125619288688,0.21885678284267351,0.5655229816893101,0.4246375259609119,0.4322466522635359,0.03648394720016068,0.23727754273367116,0.5737972503980537,0.30236870695629475,0.3026396147328199,0.07918991009805898,0.21885678284267351,0.08427529095083487,0.4101258034549346,0.4113836885286789,0.1576691112797116,0.23727754273367116,0.19925991814823663
M1_SENTINEL_OFFSET,8,2,746,0.16043010752688172,50.73570715594898,39.749191874997024,0.2165440455413804,0.7013638821306254,0.44821260241606314,0.45097438725961425,0.05199422427082895,0.20799004335142524,0.61077798853751,0.474330859547852,0.4809809714402395,0.1147755255616724,0.2188098448383915,0.5604462545407658,0.36907046434605556,0.3693050356217151,0.12477662986912337,0.20799004335142524,0.1594634829794883,0.48483842927738063,0.48606272497660596,0.22529974764456875,0.2188098448383915,0.20674929080191987
M1_SENTINEL_OFFSET,8,4,748,0.16086021505376344,50.73570715594898,38.283137620666864,0.2454399521229892,0.7123783639464036,0.4882886535801063,0.49071963169814553,0.1077220032315079,0.1969081331802856,0.630701526316248,0.5386166960247771,0.5439519831170953,0.19271602962388798,0.2012428834330722,0.6362531817036527,0.4305931299803292,0.43065207974817915,0.1754396134130779,0.1969081331802856,0.20441257598315068,0.5446023278162249,0.5456697754587555,0.29356298189642877,0.2012428834330722,0.31494064168274394
M1_SENTINEL_OFFSET,8,8,752,0.16172043010752687,50.73570715594898,38.08659429493217,0.24931381802044417,0.7138549961248672,0.5233429705071139,0.5255198019579668,0.16008791394342123,0.18610971190576098,0.6465794240659974,0.56524033975888,0.5702952624867743,0.2451674681832392,0.18940666638791273,0.5981827832745009,0.47876066815452956,0.4788304282990059,0.2234109079052272,0.18610971190576098,0.2428714319747659,0.5862326941652551,0.5872725794483123,0.3390863091814836,0.18940666638791273,0.28600851825830725
M1_SENTINEL_OFFSET,8,16,760,0.16344086021505377,50.73570715594898,36.227536178835464,0.2859558246132058,0.7278221202976205,0.5451949667233305,0.5472819091067024,0.1928778801634612,0.18011198641507728,0.6521178343472751,0.6058206608025373,0.6100083620109309,0.2804650552536807,0.18131690342383655,0.7379732534432456,0.5109423692708231,0.5110273182677882,0.2540660273391275,0.18011198641507728,0.2605790117260391,0.6114810217124038,0.6124935794851181,0.3699425443629189,0.18131690342383655,0.4570054439847299
M1_SENTINEL_OFFSET,8,32,776,0.16688172043010752,50.73570715594898,35.65487689540025,0.2972429301949808,0.7321245158231637,0.5684323296113399,0.5703152736289997,0.21546835930850522,0.1751848882232108,0.7194101163791675,0.6161948251566819,0.6203066532423364,0.304340416964023,0.17599295640079363,0.7155007524622087,0.5306425336102193,0.5307555905613526,0.2745578225629242,0.1751848882232108,0.35398469028206225,0.6256717224322106,0.6266842131115428,0.39073998583185804,0.17599295640079363,0.4380449243741369
M1_SENTINEL_OFFSET,8,64,808,0.17376344086021506,50.73570715594898,35.011118627114435,0.3099313956638282,0.7369610788076837,0.5747107512028249,0.5765963960008654,0.23062334156369205,0.1725557823326767,0.7039676998457621,0.6214024193862742,0.6254659174073922,0.3162105514947607,0.17333294913710282,0.7035364438270206,0.5413183070613252,0.5414302484120255,0.28875354260635816,0.1725557823326767,0.33964508254461845,0.6330756598129891,0.6340750197456689,0.4010066273240265,0.17333294913710282,0.4279035037431986
M1_SENTINEL_OFFSET,8,80,824,0.17720430107526883,50.73570715594898,34.88106734932451,0.31249470432906823,0.7379381554950606,0.5759912472067352,0.5778802052435585,0.23361950920703747,0.17201585269661074,0.7009904172830452,0.6224794803746202,0.6265287143704675,0.31861575380900137,0.17280314705445196,0.7010875766241546,0.5435269450109819,0.5436424420498545,0.291556574209314,0.17201585269661074,0.3369062806343555,0.6346077437731692,0.635606443151498,0.4030929222669346,0.17280314705445193,0.42576977299650853
M1_SENTINEL_OFFSET,8,92,836,0.17978494623655913,50.73570715594898,34.82024867881256,0.3136934393802031,0.7383950868387916,0.5767128391055776,0.5786033335094857,0.23523516628641739,0.17174082885511466,0.6995634269161917,0.623053066788421,0.6270977497272635,0.31990015052777393,0.17252320126188128,0.6997548023583172,0.5447164873177953,0.5448335255435254,0.2930619531436364,0.17174082885511466,0.33546816650560013,0.6354268040556338,0.6364252807515788,0.4042085706327919,0.17252320126188128,0.42454550838726435
M1_SENTINEL_OFFSET,16,0,1488,0.32,47.700013768908434,47.700013768908434,0.0,0.6416292693682946,0.3477727769791025,0.35177136409804616,0.05232496629855413,0.22593822201185812,0.3808004309685208,0.26569947032632063,0.279081411285726,-0.011916396592434061,0.2611966249859522,0.30705999493884034,,,-0.008373487019068756,0.22593822201185812,0.0,,,-0.008054615105255783,0.2611966249859522,0.0
M1_SENTINEL_OFFSET,16,1,1489,0.32021505376344084,47.700013768908434,40.04241026066144,0.16053671483923826,0.6991609291584462,0.43723738780263216,0.44017541198652405,0.13346547642437626,0.20828169357363763,0.4360293188215914,0.46031466050308173,0.4674902498828323,0.15649131787054374,0.22553606387789024,0.45538526711180616,0.30368358340434215,0.3039965854549452,0.07818883574326987,0.20828169357363763,0.08695203225380212,0.4121295567288558,0.4134103030434654,0.15908789776115426,0.22553606387789024,0.1997983297719172
M1_SENTINEL_OFFSET,16,2,1490,0.3204301075268817,47.700013768908434,37.31379520771265,0.21774036820018006,0.7196610442082096,0.481754380065993,0.4842530942915737,0.17671828170762768,0.19772492694556834,0.48738397686818175,0.5114923805374173,0.517556475594212,0.223977944725045,0.20823174236229433,0.45394921132628424,0.36964073850863227,0.3698931636897465,0.12403294673440904,0.19772492694556834,0.16123811062121746,0.4864006638613175,0.487636038330122,0.22575964593140022,0.20823174236229433,0.20967560134104038
M1_SENTINEL_OFFSET,16,4,1492,0.32086021505376344,47.700013768908434,36.06040562742892,0.24401687173235953,0.7290777739774834,0.5218718232363723,0.5239989327921676,0.2250975745455739,0.18714402361709698,0.5147029599918097,0.572149086609582,0.5770643091831994,0.29342058371980684,0.19128238915949478,0.5353252448348772,0.4311308522422614,0.4312300991793613,0.17511034603530504,0.18714402361709698,0.2057527156535072,0.5459042992536979,0.5470454666778612,0.29480197387952634,0.19128238915949478,0.31528668986105995
M1_SENTINEL_OFFSET,16,8,1496,0.3217204301075269,47.700013768908434,35.944083694431484,0.24645548597597344,0.7299517019456961,0.5567871269625785,0.5586910419406996,0.2707784986466084,0.17687618769141358,0.537567879204612,0.6005090824577787,0.6050596084637714,0.33949030736016467,0.18004055823498155,0.5044184488468663,0.4792152225782283,0.4793621264695462,0.2236451140718897,0.17687618769141358,0.24442737802338357,0.5875278906075025,0.5886467321234102,0.3404808854666437,0.18004055823498155,0.28738206337528577
M1_SENTINEL_OFFSET,16,16,1504,0.32344086021505375,47.700013768908434,34.22660635557985,0.2824612898143596,0.7428551281742405,0.5782500238494288,0.5800569400688956,0.29954398256564346,0.17118899978729857,0.5468927736842034,0.6357774642986818,0.6396747797585914,0.37062057012871985,0.17233938177513128,0.6480973004850734,0.511380163186153,0.511519639274734,0.25427010524142074,0.17118899978729857,0.26225040090272084,0.6127430096468326,0.6138422217237114,0.3714237954766168,0.17233938177513128,0.4593217321606892
M1_SENTINEL_OFFSET,16,32,1520,0.32688172043010755,47.700013768908434,33.67332583825727,0.2940604587370992,0.7470119308158032,0.5997968240588907,0.601448182532854,0.3191230779309256,0.16650416313897445,0.6169401692583877,0.6466293933869491,0.6504214674359249,0.391734036536759,0.167276832043157,0.6283998271605128,0.5311768239885204,0.5313451036501619,0.27499853666230134,0.16650416313897445,0.3554042123715435,0.6269605123070263,0.6280554542047962,0.3923479785608978,0.167276832043157,0.44019224329519074
M1_SENTINEL_OFFSET,16,64,1552,0.33376344086021503,47.700013768908434,33.05911741388974,0.3069369419042358,0.7516264854963769,0.6064462392045205,0.608072150961795,0.33247332129970825,0.1640063927792588,0.6032424459982723,0.6521092532969541,0.6558473217142929,0.40216183875699213,0.16474855307279573,0.617890679955896,0.5418789384346625,0.5420347915888681,0.28924498795219483,0.16400639277925877,0.3409700263019388,0.6343786645662076,0.6354531107168825,0.4026682121030607,0.16474855307279573,0.4298868709994912
M1_SENTINEL_OFFSET,16,80,1568,0.33720430107526883,47.700013768908434,32.93549383153383,0.3095286305136945,0.7525552708369184,0.6078142985171845,0.6094387330382851,0.3351087182773946,0.16349294421044794,0.6006200303857896,0.6532480149434668,0.6569729474928957,0.4042747462950301,0.16424531882786972,0.6157801677337427,0.5440964203742665,0.5442549678104424,0.2920730411721604,0.16349294421044797,0.33816533053131087,0.6359138215791718,0.6369861650101751,0.40476261113317474,0.16424531882786972,0.427746327995241
M1_SENTINEL_OFFSET,16,92,1580,0.33978494623655914,47.700013768908434,32.87771999936788,0.3107398216140964,0.7529893262765042,0.6085563703464726,0.6101830103766903,0.3365318125408619,0.1632315885466288,0.5993633130329533,0.6538425222561802,0.6575618335498598,0.4054086174893084,0.16397927543864468,0.6145920788471971,0.5452910711279638,0.5454548154085175,0.29359190394678897,0.1632315885466288,0.33673040430787865,0.6367328290741348,0.6378060592777535,0.40588340095919356,0.16397927543864468,0.42652016781802016
M1_SENTINEL_OFFSET,24,0,2232,0.48,46.704547459839226,46.704547459839226,0.0,0.6491082187503368,0.3692954767643794,0.373086699254685,0.10613024507817619,0.2215167956935756,0.3275754629069333,0.2864477914505864,0.29953495977026146,0.040526561811875396,0.2560815748632284,0.2551958591199462,,,-0.008258942705797058,0.2215167956935756,0.0,,,-0.007943467722423523,0.25608157486322847,0.0
M1_SENTINEL_OFFSET,24,1,2233,0.48021505376344087,46.704547459839226,39.19800102929884,0.16072410158764938,0.7055049850461788,0.4588724186040311,0.4615687483144978,0.18258595906647787,0.20422515749198744,0.38725804482083753,0.4805443818645859,0.4872823093919988,0.20134761634853604,0.2211264325698426,0.41084809797572025,0.30488853127264004,0.305235923053009,0.07843112491195628,0.20422515749198744,0.08723579110658104,0.4139251255873937,0.4151654994771654,0.1605871907713678,0.2211264325698426,0.19991724615860942
M1_SENTINEL_OFFSET,24,2,2234,0.4804301075268817,46.704547459839226,36.62886922402725,0.21573227413189155,0.7248069006935167,0.5019018724748122,0.5041954269388516,0.22294769568294587,0.19390499256998592,0.4419743853374171,0.5328041722071905,0.5383635231030535,0.2653067762880232,0.20414074231587337,0.4137414810354206,0.37038273445763953,0.37065748368619816,0.12407026124145541,0.19390499256998592,0.16266987057916368,0.4881338014583074,0.4893226812644723,0.22745321441446087,0.20414074231587334,0.21105821486159784
M1_SENTINEL_OFFSET,24,4,2236,0.4808602150537634,46.704547459839226,35.33322294821359,0.24347360439374188,0.7345411054833326,0.5413264631230827,0.543265601236318,0.26903749468444155,0.18346086277856946,0.4701885956217817,0.5901777965484989,0.5947978427035221,0.3311853597442009,0.18752779271298795,0.49810881605856866,0.4319362103950769,0.43207215269479704,0.17581759388890816,0.18346086277856946,0.20541497373889012,0.547374759971953,0.5484642449770453,0.296424550903738,0.18752779271298795,0.3169985565662557
M1_SENTINEL_OFFSET,24,8,2240,0.4817204301075269,46.704547459839226,35.25558455028809,0.24513593498354702,0.7351244036250151,0.5756660675014035,0.5774082400790073,0.3121222663331031,0.17341366814185263,0.4963863687141768,0.6193348410998778,0.6235504677891234,0.37488692045910726,0.17651199400354736,0.4696751923983262,0.47987495838771166,0.4800838445851907,0.2244234102802877,0.17341366814185263,0.24536204683398433,0.5888728178138973,0.5899418478789409,0.3421282701049289,0.17651199400354736,0.2890774781967403
M1_SENTINEL_OFFSET,24,16,2248,0.4834408602150538,46.704547459839226,33.57245116589219,0.2811738258515233,0.7477698033441603,0.5966454362053247,0.598284388144675,0.3393321582865545,0.16784317601883592,0.5066421453023917,0.6508828928085237,0.6546192874843332,0.40443886477756386,0.16895721200319874,0.6144688640011523,0.5120545306052697,0.5122450253877552,0.255088253678736,0.16784317601883592,0.2625814933463606,0.6140305730792679,0.6150905930215701,0.3731000153696575,0.16895721200319874,0.46137074273802625
M1_SENTINEL_OFFSET,24,32,2264,0.4868817204301075,46.704547459839226,33.02556568427321,0.29288329551481973,0.7518785600118033,0.6166101875204243,0.6181415634289052,0.3577660542827043,0.16324778675226098,0.5786740526944766,0.661904439906955,0.6655337514152538,0.42452370278244317,0.16399169022982904,0.5957995817964405,0.5318989796219925,0.5321206760787166,0.2758288889719818,0.16324778675226098,0.3573261319933027,0.6282317760792164,0.6293023804858562,0.3940917620518837,0.16399169022982904,0.44217304847987715
M1_SENTINEL_OFFSET,24,64,2296,0.49376344086021506,46.704547459839226,32.41861328017489,0.3058788695458118,0.7564386001319,0.6234712604663074,0.6249709877749463,0.3704660252933439,0.16080054298320107,0.5656365097218873,0.6675025041456322,0.6710692612675905,0.43442731375826255,0.16151225172520153,0.5858148538121676,0.542623438592638,0.5428308760542682,0.2901545152362954,0.16080054298320107,0.3428586290313299,0.6356448424693459,0.6366942962270546,0.4044298020307769,0.16151225172520153,0.43185659562754797
M1_SENTINEL_OFFSET,24,80,2312,0.4972043010752688,46.704547459839226,32.29584727825136,0.3085074358974951,0.757360942461175,0.6248701416393229,0.6263654300819089,0.3729688220007314,0.16029694943461362,0.5631366295814048,0.6686601719052414,0.6722148017604211,0.4364352030452435,0.16101870489695047,0.5838001131124908,0.5448420792778262,0.5450507387311897,0.29298950097939075,0.16029694943461362,0.34006650848935505,0.6371789384758507,0.6382265453995173,0.4065291762098551,0.16101870489695047,0.42969853207638325
M1_SENTINEL_OFFSET,24,92,2324,0.4997849462365591,46.704547459839226,32.238900973532026,0.30972672412137314,0.7577887806779083,0.625640236800442,0.6271375706567429,0.3743207150288406,0.1600408039293251,0.5619464267303514,0.6692717087319551,0.6728209029683625,0.4375139159653837,0.16075783512957764,0.5826707583869063,0.5460432878376302,0.5462585062789728,0.29452938780276056,0.1600408039293251,0.3386032684511343,0.6379988649515332,0.63904790503679,0.40765532873675725,0.16075783512957764,0.42846748799213535
M1_SENTINEL_OFFSET,32,0,2976,0.64,46.190744492457995,46.190744492457995,0.0,0.6529684261228799,0.383579215195308,0.38729354377694675,0.133632362130734,0.21924968109708554,0.3006950174431421,0.3002264764707937,0.3130000448184753,0.06699433423657083,0.25349540736194476,0.22928329684203877,,,-0.008015826616242451,0.21924968109708554,0.0,,,-0.007730218365382458,0.25349540736194476,0.0
M1_SENTINEL_OFFSET,32,1,2977,0.6402150537634409,46.190744492457995,38.78258652053221,0.16038186985999725,0.7086259988417501,0.47235535181499866,0.47496052252860715,0.2077202324838606,0.2020251371318962,0.3626628762351945,0.492816400463295,0.4992759472621543,0.2241919971438977,0.2188751014806435,0.3879496750753537,0.3053327583853889,0.3057249719761137,0.07863974886912439,0.2020251371318962,0.08758793930128511,0.4150103445484797,0.4161960199636447,0.1617492987470071,0.2188751014806435,0.19940573225611422
M1_SENTINEL_OFFSET,32,2,2978,0.6404301075268817,46.190744492457995,36.07369638830469,0.21902760423801382,0.7289779203441328,0.5139632008255691,0.5161811885841738,0.24677959108327951,0.19190680546268868,0.41652557931205986,0.5450191812645739,0.550297947903079,0.28617668591752493,0.20209958857828283,0.3916992725596793,0.37074855614698543,0.3710175093445138,0.12436810131593157,0.19190680546268868,0.16058305661133931,0.4891052037010023,0.49021353168791304,0.2284035224768144,0.20209958857828283,0.209661065341475
M1_SENTINEL_OFFSET,32,4,2980,0.6408602150537634,46.190744492457995,34.92398860513818,0.2439180405321124,0.737615687625762,0.5529976492596123,0.5548610772185055,0.2913282316714366,0.18159534815595402,0.44872946505518463,0.600489869079165,0.6049490877011596,0.3502772075550801,0.1856443525672768,0.4793520883495324,0.43225813951922776,0.4323793752576599,0.1761055778040444,0.18159534815595402,0.206803861737377,0.548217555873121,0.5492447873132269,0.29745233013488387,0.1856443525672768,0.3178296125862934
M1_SENTINEL_OFFSET,32,8,2984,0.6417204301075269,46.190744492457995,34.85108156488964,0.2454964312043052,0.7381634390249261,0.5867502027372437,0.5884236861519477,0.33315327813732104,0.17165107938084212,0.4754144211933897,0.6300728995411019,0.6341023084925279,0.392787722509312,0.17473932681107537,0.45254009947846086,0.4801863675066061,0.4803696289951217,0.22485508030436874,0.17165107938084212,0.24593167897667137,0.5896796989445758,0.5906886699010979,0.34320307938975986,0.17473932681107537,0.2904808811647565
M1_SENTINEL_OFFSET,32,16,2992,0.6434408602150538,46.190744492457995,33.20317181853562,0.28117262054615677,0.750544203162167,0.6075571019948416,0.6091359859627243,0.3595731455345569,0.16613851429141008,0.48620552848159154,0.6593308601177787,0.6629786001975904,0.4215281635330706,0.16726331303947964,0.5975932430039166,0.5123878448936676,0.5125669002867375,0.25564470990823085,0.16613851429141008,0.26282586503369304,0.614851682756846,0.6158492252457283,0.37422147952708906,0.16726331303947964,0.4626910602682959
M1_SENTINEL_OFFSET,32,32,3008,0.6468817204301075,46.190744492457995,32.65208331824609,0.293103333210455,0.754684537155534,0.6262604405198963,0.6277609413636787,0.37743561219944327,0.16159068080106123,0.5590496385597763,0.6704470658538942,0.6739896943616634,0.44107852484771676,0.16234611552457232,0.5794724356741536,0.5322710544046666,0.5324928519000088,0.2763444835031465,0.16159068080106123,0.3582421809492183,0.6290536529357209,0.6300650888500267,0.3952504142138434,0.16234611552457234,0.4434798907840038
M1_SENTINEL_OFFSET,32,64,3040,0.6537634408602151,46.190744492457995,32.051978957857074,0.306095207816135,0.7591931278475573,0.6333033013808081,0.6347727633837805,0.38981504540910317,0.1591659310472286,0.5467162044381383,0.6761181565568991,0.6795930167212441,0.4507179947069226,0.15989200172787307,0.5697341288709014,0.5430285575543675,0.5432424656579699,0.29078809702084457,0.1591659310472286,0.34406345789964105,0.636467817333565,0.6374590932587287,0.405607350570569,0.15989200172787307,0.43313433500993337
M1_SENTINEL_OFFSET,32,80,3056,0.6572043010752688,46.190744492457995,31.92987446458458,0.30873869180008395,0.7601105002550261,0.634733946412622,0.6361993483263703,0.392252347931604,0.15866735675709748,0.5443116044226248,0.6772901776307296,0.6807522112175142,0.45267230576254114,0.15940343654646003,0.5677739212703874,0.5452547659429695,0.5454723958359178,0.29364133087769656,0.15866735675709748,0.3412632894660097,0.6380004830925496,0.638990819137779,0.40770931578159714,0.15940343654646003,0.43097788131831494
M1_SENTINEL_OFFSET,32,92,3068,0.6597849462365591,46.190744492457995,31.87354732475974,0.3099581382594073,0.760533686679064,0.635513123480002,0.6369793760002128,0.3935667068130068,0.1584139978636423,0.5431544377286645,0.6779108954887225,0.6813673167474009,0.4537219977595891,0.15914509325366694,0.5666744688514402,0.5464566266637088,0.5466798138426164,0.2951806820201446,0.1584139978636423,0.3398123539037611,0.6388202707102761,0.6398120715724606,0.40883671817238193,0.15914509325366694,0.42974467076219686
M1_SENTINEL_OFFSET,40,0,3720,0.8,45.900487646491385,45.900487646491385,0.0,0.6551491290145781,0.3938622382040062,0.3975155989198163,0.150144427612082,0.21782115005740085,0.284510281183687,0.31046036456426307,0.32285799019206135,0.08288990183538548,0.25186759166317857,0.21375541918229649,,,-0.00783010205063374,0.21782115005740085,0.0,,,-0.007648807966036897,0.25186759166317857,0.0
M1_SENTINEL_OFFSET,40,1,3721,0.8002150537634408,45.900487646491385,38.45877049722575,0.16212719147079646,0.7110588322037026,0.4817930980983003,0.48434457035106543,0.22277961579297598,0.20084345949932148,0.34771756677711385,0.5011624360973587,0.5074363143335687,0.2378677367549177,0.21746186976867898,0.37405857151044586,0.30572917812463185,0.30608899922020333,0.07879634224414034,0.20084345949932148,0.08762697093239262,0.4156292057051977,0.4168690755844525,0.16250374522307973,0.21746186976867898,0.19879106824027523
M1_SENTINEL_OFFSET,40,2,3722,0.8004301075268817,45.900487646491385,35.76625399415046,0.22078705852519587,0.7312877384493013,0.5226212635380816,0.5248084969239984,0.2611283471990451,0.19064633636743197,0.40350715961754113,0.5536089786939324,0.5586956415053121,0.29883134411065154,0.20078400036527444,0.38077584163710104,0.3710974654466383,0.371364567884769,0.12462300881889551,0.19064633636743197,0.1622708582776152,0.4896998139800021,0.49085154821468824,0.22921841884441702,0.20078400036527444,0.21130399272173853
M1_SENTINEL_OFFSET,40,4,3724,0.8008602150537635,45.900487646491385,34.68041581566893,0.24444341239324752,0.7394456526850381,0.5609048331380564,0.5627588089007701,0.3048597482931766,0.18040970178669663,0.4351539269056643,0.6073266305361975,0.6116823767777978,0.3617892635342962,0.18444478117385893,0.4675781400666631,0.43254160226560184,0.43268736066782565,0.17647102860026495,0.18040970178669663,0.20688036582462355,0.5487927961477929,0.54982048722722,0.2982359506712225,0.18444478117385893,0.31759514987074094
M1_SENTINEL_OFFSET,40,8,3728,0.8017204301075269,45.900487646491385,34.60336810295494,0.2461219939653515,0.7400245130021984,0.5941352875592953,0.5958037067245399,0.3458215225331466,0.17053593706080367,0.46281596080458764,0.6371472581467774,0.6410565215211191,0.40355951087935354,0.17361088411873601,0.4419259433758007,0.48045432178286074,0.4806474981398975,0.2251934761856985,0.17053593706080367,0.24632747246206627,0.5902172219740152,0.5912187396988122,0.3439149778165164,0.17361088411873601,0.29093954979787207
M1_SENTINEL_OFFSET,40,16,3736,0.8034408602150538,45.900487646491385,32.98002560296024,0.2814885572249205,0.7522207031460217,0.6148250807323808,0.6164028064962043,0.37183747482102253,0.16505459187594643,0.4742039897869202,0.6647356225925415,0.6683279047717205,0.4318259765500702,0.16618007991726916,0.5869534355233492,0.5126643830400728,0.5128714799350548,0.2561198057435476,0.16505459187594643,0.2634776824384968,0.6153653257264778,0.6163527539629204,0.37495038226180877,0.16618007991726916,0.4629254159493019
M1_SENTINEL_OFFSET,40,32,3752,0.8068817204301075,45.900487646491385,32.432006480918446,0.29342784480422535,0.7563379768666905,0.6326071033494222,0.6341123556875355,0.3893432199666274,0.16053746694758167,0.5474167538627804,0.6759440925199295,0.6794320809933733,0.4510360300748606,0.16129616572482453,0.5696237813331705,0.5325733598519685,0.5328077490701552,0.2768174105087702,0.16053746694758164,0.3591414512132923,0.6295651994372067,0.6305686134230899,0.3959855927417244,0.16129616572482453,0.44428227153476624
M1_SENTINEL_OFFSET,40,64,3784,0.813763440860215,45.900487646491385,31.83512804190474,0.30643159421121746,0.7608223311757678,0.639743882101814,0.641212882472096,0.40151482931741295,0.1581288071556814,0.5352846685458189,0.68165897360179,0.6850763588987615,0.46051261091792045,0.1588574912154823,0.560068640246164,0.543349213649731,0.543574489311741,0.2913104313535145,0.1581288071556814,0.3449070144495012,0.6369763164562824,0.6379586285233126,0.4063460561257269,0.15885749121548232,0.4339316716985168
M1_SENTINEL_OFFSET,40,80,3800,0.8172043010752689,45.900487646491385,31.71367345906811,0.3090776354422393,0.761734820798949,0.6411861233346647,0.6426490259509534,0.4039083162088122,0.1576334088992999,0.5329127945741154,0.6828366371704548,0.6862400924421296,0.4624332806682965,0.15837210599262452,0.5581407689059249,0.545576302736592,0.545804325634149,0.2941655036219185,0.1576334088992999,0.3421025575576502,0.6385077427213938,0.6394886994976526,0.408446862967829,0.15837210599262452,0.4317819767584507
M1_SENTINEL_OFFSET,40,92,3812,0.8197849462365592,45.900487646491385,31.657778288712652,0.3102953822075012,0.7621547618315894,0.6419735839108408,0.6434376081337342,0.40520091111824863,0.1573817072710771,0.5317777624659396,0.6834630190491849,0.6868605571500064,0.46346569232310997,0.15811543554502958,0.5570619700466096,0.5467798378372583,0.547013910985814,0.29570969135190456,0.1573817072710771,0.34065381862604693,0.6393275660758649,0.6403099519604809,0.40957534936275564,0.15811543554502958,0.4305462799657312
M1_SENTINEL_OFFSET,49,0,4557,0.98,45.72159165575147,45.72159165575147,0.0,0.6564931765701857,0.4018706220481904,0.4053970439455798,0.16165733891657397,0.21684853110807953,0.2730472904340235,0.31836175567063385,0.3305090424072004,0.09398773955734344,0.2507555479173426,0.2027319672099588,,,-0.007848614854414945,0.21684853110807953,0.0,,,-0.007515281413788432,0.2507555479173426,0.0
M1_SENTINEL_OFFSET,49,1,4558,0.9802150537634409,45.72159165575147,40.204261830746574,0.12067230437964971,0.6979449365235948,0.484633759150305,0.48705623179043517,0.22600967766705155,0.19963489010267207,0.3330729344131342,0.5008388299715498,0.50676117949019,0.23535841916731076,0.2179704472392673,0.3633785693980909,0.30502733870802473,0.305423458739472,0.06952000675215608,0.19963489010267207,0.0819110272342264,0.41614368626422676,0.41728624070770837,0.14944098109738993,0.2179704472392673,0.19439567507270847
M1_SENTINEL_OFFSET,49,2,4559,0.9804301075268818,45.72159165575147,36.733950441624025,0.19657323572192087,0.7240174243443428,0.5273903933510568,0.5294817970541047,0.26440380396295043,0.19002728367454721,0.40714358965953934,0.5581778673253746,0.5631253830445108,0.3059123831422859,0.1993483328959117,0.3530903971727305,0.37125158862305857,0.3716279367194272,0.1162582866355262,0.19002728367454721,0.17996949909288398,0.4901896173029726,0.49124186003980935,0.22780315302976945,0.19934833289591172,0.1894818784632216
M1_SENTINEL_OFFSET,49,4,4561,0.9808602150537634,45.72159165575147,35.223126766998625,0.22961722259798467,0.735368259309596,0.5646893756906919,0.5664730414899615,0.3097486092925614,0.17995022882239048,0.4196204739946707,0.6127949220929118,0.6170610440192879,0.36855181006611576,0.18371954223096515,0.4710311953766539,0.4326983200801925,0.4329360040352347,0.17111512153944722,0.17995022882239048,0.1998814834850594,0.5492417533593502,0.5501831380074974,0.29740189426451197,0.18371954223096515,0.3312926726185412
M1_SENTINEL_OFFSET,49,8,4565,0.9817204301075269,45.72159165575147,34.51087250753902,0.24519529487557146,0.7407194334328299,0.5997829994726503,0.6014106740666912,0.354505074795924,0.16977145435903687,0.4567430124032257,0.6420978543265145,0.6459104029822668,0.411080483383522,0.17269286387018337,0.4288793382123185,0.48057522837442734,0.48085375965934346,0.2251527828803192,0.16977145435903687,0.250408428833598,0.5906428120278059,0.5915705979995358,0.34447884825028613,0.17269286387018334,0.28489323740338873
M1_SENTINEL_OFFSET,49,16,4573,0.9834408602150537,45.72159165575147,32.84464007236734,0.2816383051652641,0.7532378561336622,0.6190700685050674,0.6206165236051331,0.380359941463787,0.1643736908268679,0.44556687500206044,0.6687355166158,0.6722885178551758,0.43889313963472787,0.16544775424695604,0.5815760906649667,0.5127997789670096,0.5130889807899119,0.25634517870563334,0.1643736908268679,0.2385925945174883,0.6157682760473328,0.6166919824388334,0.3753930993095913,0.165447754246956,0.46579265217373683
M1_SENTINEL_OFFSET,49,32,4589,0.9868817204301076,45.72159165575147,32.3004012067927,0.2935416279907761,0.7573267287457135,0.6372360397569484,0.6387196971591438,0.39760249455439023,0.15981952464200194,0.5395568791005828,0.6799054072611818,0.6833447754236304,0.45796045035766014,0.16058202826361193,0.5626931115860773,0.5327296880495541,0.5330341210799274,0.27698541101318364,0.15981952464200194,0.3602438592166626,0.6299654503029533,0.6309122547940282,0.39653060710964483,0.16058202826361193,0.44489971063161343
M1_SENTINEL_OFFSET,49,64,4621,0.9937634408602151,45.72159165575147,31.7050578247578,0.30656268348064997,0.7617995501547434,0.6444168034007269,0.6458616293178616,0.4096308376721171,0.1574231643922956,0.5272142245630073,0.6856523496503324,0.6890192397271285,0.4673227614731508,0.15815441052501625,0.5532636015865084,0.5435204482191147,0.5438132085749489,0.2915227064583398,0.1574231643922956,0.3455311959449958,0.6373735968692394,0.6382999687968158,0.40689443436083056,0.15815441052501625,0.4345509397773578
M1_SENTINEL_OFFSET,49,80,4637,0.9972043010752688,45.72159165575147,31.584401081020072,0.30920162800047735,0.7627060456039568,0.6458717820546163,0.6473090852576265,0.41199193771579884,0.15692999592042148,0.5248799068217744,0.686836033836221,0.690188713764523,0.4692211830101114,0.15767113232315344,0.5513666740341799,0.5457482895233533,0.5460416654255469,0.2943786164072285,0.15692999592042148,0.3427279154425248,0.6389042542815693,0.63982996276371,0.40899586519500597,0.15767113232315344,0.43240902682827337
M1_SENTINEL_OFFSET,49,92,4649,0.9997849462365591,45.72159165575147,31.52880395109667,0.3104176208806467,0.763123747455537,0.6466660906789197,0.6481035513583957,0.4132680040472828,0.1566794089525365,0.5237590650282629,0.687466815492904,0.690813386392994,0.47024268738848196,0.15741564486677848,0.5502982767212763,0.5469539450614899,0.5472526978761733,0.29592619897147504,0.1566794089525365,0.3412769313953495,0.6397242155154069,0.6406519345459684,0.4101266016551329,0.15741564486677848,0.43117008096017534
M2_AFFINE_RIDGE,1,0,93,0.02,94.25900542223357,94.25900542223357,0.0,0.2918310505016707,0.20315878861884984,0.20633883477503231,-1.7763545604176312,0.38475890411818287,2.192410566811017,0.1370899276370067,0.14545950129796298,-1.8611272549564846,0.4495132522633412,2.137017819479779,,,-0.006526091771865924,0.38475890411818287,0.0,,,-0.005353970492023052,0.4495132522633412,0.0
M2_AFFINE_RIDGE,1,1,94,0.02021505376344086,94.25900542223357,94.25900542223357,0.0,0.2918310505016707,0.20315878861884984,0.20633883477503231,-1.7763545604176312,0.38475890411818287,2.192410566811017,0.1370899276370067,0.14545950129796298,-1.8611272549564846,0.4495132522633412,2.137017819479779,,,-0.006526091771865924,0.38475890411818287,0.0,,,-0.005353970492023052,0.4495132522633412,0.0
M2_AFFINE_RIDGE,1,2,95,0.02043010752688172,94.25900542223357,94.25900542223357,0.0,0.2918310505016707,0.20315878861884984,0.20633883477503231,-1.7763545604176312,0.38475890411818287,2.192410566811017,0.1370899276370067,0.14545950129796298,-1.8611272549564846,0.4495132522633412,2.137017819479779,,,-0.006526091771865924,0.38475890411818287,0.0,,,-0.005353970492023052,0.4495132522633412,0.0
M2_AFFINE_RIDGE,1,4,97,0.02086021505376344,94.25900542223357,94.25900542223357,0.0,0.2918310505016707,0.20315878861884984,0.20633883477503231,-1.7763545604176312,0.38475890411818287,2.192410566811017,0.1370899276370067,0.14545950129796298,-1.8611272549564846,0.4495132522633412,2.137017819479779,,,-0.006526091771865924,0.38475890411818287,0.0,,,-0.005353970492023052,0.4495132522633412,0.0
M2_AFFINE_RIDGE,1,8,101,0.021720430107526882,94.25900542223357,94.25900542223357,0.0,0.2918310505016707,0.20315878861884984,0.20633883477503231,-1.7763545604176312,0.38475890411818287,2.192410566811017,0.1370899276370067,0.14545950129796298,-1.8611272549564846,0.4495132522633412,2.137017819479779,,,-0.006526091771865924,0.38475890411818287,0.0,,,-0.005353970492023052,0.4495132522633412,0.0
M2_AFFINE_RIDGE,1,16,109,0.023440860215053764,94.25900542223357,94.25900542223357,0.0,0.2918310505016707,0.20315878861884984,0.20633883477503231,-1.7763545604176312,0.38475890411818287,2.192410566811017,0.1370899276370067,0.14545950129796298,-1.8611272549564846,0.4495132522633412,2.137017819479779,,,-0.006526091771865924,0.38475890411818287,0.0,,,-0.005353970492023052,0.4495132522633412,0.0
M2_AFFINE_RIDGE,1,32,125,0.026881720430107527,94.25900542223357,94.25900542223357,0.0,0.2918310505016707,0.20315878861884984,0.20633883477503231,-1.7763545604176312,0.38475890411818287,2.192410566811017,0.1370899276370067,0.14545950129796298,-1.8611272549564846,0.4495132522633412,2.137017819479779,,,-0.006526091771865924,0.38475890411818287,0.0,,,-0.005353970492023052,0.4495132522633412,0.0
M2_AFFINE_RIDGE,1,64,157,0.03376344086021505,94.25900542223357,94.25900542223357,0.0,0.2918310505016707,0.20315878861884984,0.20633883477503231,-1.7763545604176312,0.38475890411818287,2.192410566811017,0.1370899276370067,0.14545950129796298,-1.8611272549564846,0.4495132522633412,2.137017819479779,,,-0.006526091771865924,0.38475890411818287,0.0,,,-0.005353970492023052,0.4495132522633412,0.0
M2_AFFINE_RIDGE,1,80,173,0.037204301075268814,94.25900542223357,94.25900542223357,0.0,0.2918310505016707,0.20315878861884984,0.20633883477503231,-1.7763545604176312,0.38475890411818287,2.192410566811017,0.1370899276370067,0.14545950129796298,-1.8611272549564846,0.4495132522633412,2.137017819479779,,,-0.006526091771865924,0.38475890411818287,0.0,,,-0.005353970492023052,0.4495132522633412,0.0
M2_AFFINE_RIDGE,1,92,185,0.03978494623655914,94.25900542223357,94.25900542223357,0.0,0.2918310505016707,0.20315878861884984,0.20633883477503231,-1.7763545604176312,0.38475890411818287,2.192410566811017,0.1370899276370067,0.14545950129796298,-1.8611272549564846,0.4495132522633412,2.137017819479779,,,-0.006526091771865924,0.38475890411818287,0.0,,,-0.005353970492023052,0.4495132522633412,0.0
M2_AFFINE_RIDGE,2,0,186,0.04,68.49672662549462,68.49672662549462,0.0,0.48538333582916204,0.24460130958844134,0.24828299670190737,-0.8313767655817461,0.29977028160938163,1.2584048357634683,0.16765705249152624,0.17801491038372094,-0.9169770214171888,0.34951953571171546,1.2014304635979716,,,-0.006807968085967442,0.29977028160938163,0.0,,,-0.00587728291457256,0.34951953571171546,0.0
M2_AFFINE_RIDGE,2,1,187,0.04021505376344086,68.49672662549462,76.35996109579295,-0.1147972298485227,0.42630676834846226,0.26703435589379887,0.27085529926260277,-0.2649002231398132,0.2582437254686123,0.7036893690542909,0.1857062853809397,0.1957407064692048,-0.3813064269645745,0.3025193910071377,0.6780419481699375,0.23115682537489818,0.23116175423203722,0.1048047553543002,0.2582437254686123,0.11681958054842118,0.2520597099160794,0.2522041047081387,0.11217399320677961,0.3025193910071377,0.1191354389402112
M2_AFFINE_RIDGE,2,2,188,0.04043010752688172,68.49672662549462,76.32778875717608,-0.1143275382267206,0.42654847948406316,0.26717625783385496,0.27100751335934004,-0.2606514614642868,0.2579702669316442,0.6993192865211829,0.1857155851079212,0.1957500459695612,-0.3802874723461119,0.3024605151203817,0.6769897156451139,0.23539180131884965,0.23540676440100078,0.10628245345950717,0.2579702669316442,0.11481292386728864,0.25256722596749376,0.25273391160764297,0.11264514685841265,0.3024605151203817,0.11883375186654813
M2_AFFINE_RIDGE,2,4,190,0.04086021505376344,68.49672662549462,76.26377417952085,-0.1133929741853581,0.4270294217134831,0.2672737721993231,0.27110425624670265,-0.2594994713851682,0.2578855899332229,0.6980554962331872,0.18580505780824488,0.19585315386765778,-0.3795331878884438,0.3023932598448247,0.6761600947565626,0.23722141547413605,0.23724369011753063,0.10673790932390584,0.2578855899332229,0.11348078802703868,0.25352577101366636,0.25363622809979314,0.1129853467445872,0.3023932598448247,0.11851017113533116
M2_AFFINE_RIDGE,2,8,194,0.04172043010752688,68.49672662549462,76.15708566433855,-0.11183540318250373,0.42783097370718115,0.2674080297045317,0.27124440795608595,-0.2580551638935536,0.2577877825109308,0.6966717581142011,0.1858877368874668,0.1959444540573951,-0.3791254088031083,0.30233761377945445,0.6757713424993954,0.23507741641536575,0.23513954075820523,0.10732494124785948,0.2577877825109308,0.11181342907241158,0.25341537005308723,0.25351736149286414,0.11322832343663351,0.30233761377945445,0.11656544272369516
M2_AFFINE_RIDGE,2,16,202,0.043440860215053764,68.49672662549462,76.16241143201998,-0.11191315533131152,0.4277909611557297,0.2674448105755844,0.27129687795034374,-0.25747756857240334,0.2577237115423548,0.696319119321746,0.18596136535931881,0.19602359916760084,-0.37881641526270116,0.30230314993371155,0.6755790382115869,0.23540121789202686,0.23549196830647962,0.10744183143426732,0.2577237115423548,0.11070787632131529,0.2530539241231609,0.2532174462214772,0.11336586044005346,0.30230314993371155,0.11580486661960322
M2_AFFINE_RIDGE,2,32,218,0.04688172043010753,68.49672662549462,76.15230782273841,-0.11176565033684938,0.4278668696839283,0.26761535631548883,0.27146708085866006,-0.25661805858154324,0.2576200823412594,0.6955428294329197,0.18601947284822626,0.19607955912759023,-0.37837994532704294,0.30224886176299537,0.6751364131165347,0.2374842285041135,0.23755208942640071,0.10802351747638322,0.2576200823412594,0.1103273622391786,0.2536633477509223,0.2538221176338445,0.1136348524217427,0.30224886176299537,0.1154605205528338
M2_AFFINE_RIDGE,2,64,250,0.053763440860215055,68.49672662549462,76.1483714293089,-0.11170818199312782,0.4278964438512697,0.2676857952053087,0.27154128018342416,-0.2562418710799154,0.25755479673937554,0.6951996565909823,0.18602745838761187,0.1960888545131071,-0.37827037184889534,0.30222810092499097,0.6750019680957511,0.23690490990034227,0.23696644787846752,0.10822019037241709,0.25755479673937554,0.11062738788130878,0.25378934952560284,0.25390752759728347,0.11370024831983196,0.30222810092499097,0.11545970844110981
M2_AFFINE_RIDGE,2,80,266,0.05720430107526882,68.49672662549462,76.14862458520349,-0.1117118778762316,0.4278945418882357,0.26770252286281726,0.271556263871221,-0.25612328925190064,0.25753888609788267,0.695099608238437,0.1860305985025914,0.19609178865115,-0.37822686763951197,0.3022231164516576,0.6749660378578022,0.23692530686474267,0.2369750755105972,0.10825851475030719,0.25753888609788267,0.11071354237965733,0.25379328453269406,0.25393445316313756,0.11371686034694585,0.3022231164516576,0.11544471252954543
M2_AFFINE_RIDGE,2,92,278,0.05978494623655914,68.49672662549462,76.14667351475012,-0.11168339373473324,0.4279092003021153,0.26771055883424383,0.27156372778784316,-0.2560503990792197,0.2575301799466512,0.6950391208756486,0.186033765629729,0.19609593815158738,-0.3781889434021238,0.30222078747311776,0.6749282686277948,0.2368735670469608,0.23694056692188473,0.10830654890696849,0.2575301799466512,0.1106280219978699,0.2537872065646984,0.25392879392790035,0.11373551643478574,0.3022207874731178,0.11551879206320283
M2_AFFINE_RIDGE,4,0,372,0.08,56.534790755980225,56.534790755980225,0.0,0.5752534922214791,0.28433139992059725,0.28824982929960763,-0.3500050638410523,0.2603005046465665,0.7797967594074865,0.20237303692959177,0.2142084788824686,-0.41441688501024143,0.3016679202518754,0.70371852653242,,,-0.007684439796620649,0.2603005046465665,0.0,,,-0.006953107615384539,0.3016679202518754,0.0
M2_AFFINE_RIDGE,4,1,373,0.08021505376344086,56.534790755980225,60.52709400850375,-0.07061675119229527,0.545259273761887,0.32499654703906633,0.3290136618375947,0.0008115149264354152,0.23320231933861402,0.4388590952294599,0.23541240426412602,0.24648755016509624,-0.08718541858902724,0.27091624251658464,0.3844134439085411,0.2875916966403486,0.28786827089069705,0.13122074898748728,0.23320231933861402,0.13554686028035223,0.2980774721790297,0.2984070752140592,0.13064503935607782,0.27091624251658464,0.1353992181365633
M2_AFFINE_RIDGE,4,2,374,0.08043010752688172,56.534790755980225,60.55305446703516,-0.07107594557834074,0.5450642325500226,0.32519756351545054,0.3292207079897433,0.0019757855636011253,0.2331017478833171,0.4375650048052213,0.23550549144401078,0.24659056264827478,-0.086455526009388,0.2708362851916093,0.3835914921651769,0.2888142546846717,0.2890868021483955,0.1319347865803284,0.2331017478833171,0.13583991404146653,0.29935365188932156,0.2996693001496627,0.13113753840762185,0.2708362851916093,0.13460384735686065
M2_AFFINE_RIDGE,4,4,376,0.08086021505376344,56.534790755980225,60.47981845535833,-0.06978053065422896,0.5456144555151633,0.32516270336640996,0.32918320814060464,0.0018037082287244766,0.2331168911998736,0.43777733440984595,0.23565752444913807,0.2467484893696795,-0.08626804970712737,0.27080822748790717,0.3835687760452433,0.28870533618202626,0.28896780591028115,0.13166659010622575,0.2331168911998736,0.13618621847508308,0.300269793999686,0.30056012777176533,0.1312717581493319,0.27080822748790717,0.13420856315387003
M2_AFFINE_RIDGE,4,8,380,0.08172043010752689,56.534790755980225,60.469779287435216,-0.06960295561081109,0.5456898798947236,0.3253412179817464,0.3293752039062826,0.0017922900193298999,0.23307457024296524,0.4381531195496281,0.2357760647509591,0.24687259702260514,-0.08601524552519195,0.27076123338533614,0.38340337819819886,0.2890594276819205,0.2893096455546741,0.1319078012112386,0.23307457024296524,0.13666591818882035,0.30086358654272144,0.30115665914375167,0.1315318781811628,0.27076123338533614,0.1337169757927565
M2_AFFINE_RIDGE,4,16,388,0.08344086021505376,56.534790755980225,60.4807396616099,-0.06979682515606167,0.5456075344824138,0.32560411656130933,0.32964750554293765,0.002431184463904559,0.23299055640241648,0.4377088274123364,0.23589308410572574,0.24699189783792336,-0.08565750738284708,0.2707196303427334,0.38311991108090465,0.2900178312340962,0.29029537902661806,0.13243846468892978,0.23299055640241648,0.13628197945413098,0.30102205295019074,0.3013565940024832,0.13177105540860656,0.27071963034273333,0.13387457639486972
M2_AFFINE_RIDGE,4,32,404,0.08688172043010753,56.534790755980225,60.469766167593846,-0.06960272354412811,0.5456899784642368,0.32583002623568336,0.3298762941664781,0.0029625820658741517,0.232904483749418,0.43726959123811027,0.23601971257407953,0.2471106062513336,-0.08523035933026166,0.27067785939875205,0.3826926165900578,0.2905574468003683,0.29086689370090046,0.13297034493725718,0.232904483749418,0.13644598868538801,0.3015780670930133,0.30192868814879703,0.1321003841099189,0.27067785939875205,0.13401554944952865
M2_AFFINE_RIDGE,4,64,436,0.09376344086021506,56.534790755980225,60.489299815637764,-0.06994823907151781,0.5455432219505948,0.3260022410053829,0.3300463648928195,0.0034560086498699187,0.23283432714025176,0.43688672936539674,0.2360900782098058,0.24717390264663844,-0.08500212153869649,0.2706526990538557,0.3824788602567813,0.29155397114961945,0.2918515330188406,0.13334416053590512,0.23283432714025176,0.13657329504480265,0.30193005560314634,0.3022647335509637,0.13225682703798852,0.2706526990538557,0.13416407876302489
M2_AFFINE_RIDGE,4,80,452,0.09720430107526881,56.534790755980225,60.48360657804139,-0.06984753581392633,0.5455859953075787,0.32605264793608524,0.33009605037570866,0.0036238169742530443,0.23281483777858628,0.43671007508970566,0.23609923899113583,0.24718379539053273,-0.08493895023882851,0.2706457484458935,0.382397682721296,0.29184725281314017,0.2921420824565634,0.13346853477481152,0.23281483777858628,0.13660992719947812,0.30201036956153043,0.3023403490791115,0.13230136776034157,0.2706457484458935,0.13412899784120955
M2_AFFINE_RIDGE,4,92,464,0.09978494623655915,56.534790755980225,60.49240938368911,-0.07000324180540551,0.5455198597314578,0.3260698350129261,0.3301152802565835,0.003716853482397931,0.23280520431397167,0.43659361105453903,0.23610366549806233,0.24718685592199557,-0.08489893118512669,0.27064276095172995,0.38234494516489376,0.2920279781671996,0.29232287400362694,0.13354324911347182,0.23280520431397167,0.1366014358641182,0.30206393732587083,0.3023877642005368,0.1323263975163844,0.27064276095172995,0.13423331350303194
M2_AFFINE_RIDGE,8,0,744,0.16,50.73570715594898,50.73570715594898,0.0,0.6188220714006355,0.3157512808406254,0.3197580115165085,-0.09237367376856524,0.23771323406590514,0.5240573550025149,0.23380828859069372,0.24671816930603874,-0.1522556591843712,0.2748426346670856,0.445622991892827,,,-0.008239982679323557,0.23771323406590514,0.0,,,-0.007632405874158497,0.2748426346670856,0.0
M2_AFFINE_RIDGE,8,1,745,0.16021505376344086,50.73570715594898,51.69481175650891,-0.01890393677990687,0.6116163079364972,0.3724961180871856,0.37658074422858123,0.11489983918387457,0.22240822311109462,0.3268721739943388,0.2813528352710489,0.2929003937856974,0.03766448025916125,0.25758569714718166,0.26190131882184636,0.30551901857846575,0.306501259198277,0.1320403376308314,0.22240822311109465,0.13607922560376223,0.3008175661757854,0.301926644024607,0.12145256969679127,0.25758569714718166,0.12587718980550186
M2_AFFINE_RIDGE,8,2,746,0.16043010752688172,50.73570715594898,51.71308853069368,-0.01926417171520778,0.61147899433005,0.3729511780000474,0.377047344684547,0.11592736112609493,0.22228647706755264,0.32584491262916254,0.28167808700394326,0.2932517170161633,0.038424403816351746,0.2574812152644481,0.26112793597623835,0.3068590075414647,0.3078293641770023,0.1329012722443648,0.2222864770675526,0.13727904387409953,0.30189777027600584,0.30296910799941845,0.12210109630265317,0.2574812152644481,0.1260553102154509
M2_AFFINE_RIDGE,8,4,748,0.16086021505376344,50.73570715594898,51.595094056222976,-0.016938502456119497,0.6123654881208367,0.37304824260779357,0.3771467655590068,0.11579345742249797,0.22222428183388768,0.3262981693218002,0.28189673979657115,0.293480515813922,0.03870366209435541,0.2574236192054953,0.26098209376873127,0.30741025033829866,0.30834292023841037,0.132816541518247,0.22222428183388768,0.13862808949804592,0.3024613787653362,0.3035171347319737,0.12237922227160848,0.2574236192054953,0.1258304637938116
M2_AFFINE_RIDGE,8,8,752,0.16172043010752687,50.73570715594898,51.54041308474763,-0.015860741357663244,0.6127763068638712,0.37341344839838336,0.37752809465957526,0.11634686580963657,0.22212763450070755,0.3261856073411256,0.2821330002497891,0.29371698174925553,0.039057748056620524,0.2573667564897829,0.26076897752733824,0.3081410717221905,0.30907457163362806,0.1333567607498696,0.22212763450070755,0.13980555225984356,0.30293163456197336,0.3039967656129328,0.12269278857648074,0.2573667564897829,0.12593093622756335
M2_AFFINE_RIDGE,8,16,760,0.16344086021505377,50.73570715594898,51.501405860919014,-0.01509190958187423,0.6130693685676077,0.37389097042975067,0.37800898824752627,0.11715889312946128,0.22203449380453338,0.32562250694379347,0.2823053277447455,0.2938924045239732,0.039339057117763615,0.25732681212283653,0.26058037094737335,0.3090570823632641,0.3100043765623481,0.13416464777392775,0.22203449380453338,0.14010247645617654,0.3032402952328093,0.30431306894915083,0.12293186606169842,0.25732681212283653,0.12638242885021503
M2_AFFINE_RIDGE,8,32,776,0.16688172043010752,50.73570715594898,51.44149378997465,-0.013911043594134975,0.6135194886187677,0.37424339225753656,0.37835417512049146,0.1176996422250802,0.22195796825828762,0.32529336050799246,0.282507880236779,0.2940855140207723,0.039673950310906266,0.2572887117974414,0.26031106206814936,0.31012634752424045,0.311070914869189,0.13474694657610814,0.22195796825828762,0.14011171017655397,0.3038394855880788,0.30491261343427006,0.12323370851480053,0.2572887117974414,0.12631411224469907
M2_AFFINE_RIDGE,8,64,808,0.17376344086021506,50.73570715594898,51.43670559152578,-0.013816668277079502,0.6135554624066337,0.37450269390442803,0.37861479967635564,0.11811531409521148,0.22189459313099338,0.325031022456711,0.28266008052076547,0.2942271125273983,0.03991210730863739,0.2572594650287946,0.2601062964094247,0.3108495062140134,0.311800176681843,0.13517096159558278,0.22189459313099338,0.14012355024320566,0.3042441980535314,0.3053037043038884,0.12344797286557471,0.2572594650287946,0.126363633443889
M2_AFFINE_RIDGE,8,80,824,0.17720430107526883,50.73570715594898,51.43024600709769,-0.013689349968334374,0.613603993335834,0.37458526866492103,0.37869567637247226,0.1182408553266402,0.22187692907821902,0.3249501841032309,0.2826950272141749,0.2942611584919384,0.0399749235834956,0.2572519459116326,0.26004331164655997,0.3111437482114263,0.31208258534820765,0.13529324662619288,0.22187692907821902,0.14014598192191063,0.30436011151915454,0.30541993640378323,0.1235038852610989,0.2572519459116326,0.12636285057973892
M2_AFFINE_RIDGE,8,92,836,0.17978494623655913,50.73570715594898,51.43370605678341,-0.013757547493897127,0.6135779979443043,0.3746159370094651,0.3787272096970418,0.118296161119499,0.22186953840398835,0.3248790026548393,0.28271173662544086,0.29427806823211416,0.04001128832166755,0.25724856170303456,0.2599983747835819,0.31127439124699124,0.3122053765797979,0.13534987614476235,0.2218695384039884,0.14008002907388742,0.3044162829220788,0.3054718990850702,0.12353462957415065,0.25724856170303456,0.1264306101899077
M2_AFFINE_RIDGE,16,0,1488,0.32,47.700013768908434,47.700013768908434,0.0,0.6416292693682946,0.3477727769791025,0.35177136409804616,0.05232496629855413,0.22593822201185812,0.3808004309685208,0.26569947032632063,0.279081411285726,-0.011916396592434061,0.2611966249859522,0.30705999493884034,,,-0.008373487019068756,0.22593822201185812,0.0,,,-0.008054615105255783,0.2611966249859522,0.0
M2_AFFINE_RIDGE,16,1,1489,0.32021505376344084,47.700013768908434,46.8206090669711,0.01843615195160675,0.648236246613229,0.4051781699626941,0.4092370020373823,0.16580293888395067,0.2174824273858836,0.27979357209650124,0.3153886101059667,0.3270661110120486,0.09212099523315712,0.25176107931653285,0.20938146516831338,0.2905970836277419,0.2925724886398211,0.10303335861147732,0.2174824273858836,0.11058998949903416,0.27129426226169906,0.27387485953439794,0.08828738925804128,0.25176107931653285,0.09436568177419441
M2_AFFINE_RIDGE,16,2,1490,0.3204301075268817,47.700013768908434,46.71145749909225,0.02072444411872565,0.6490563035490582,0.40595268053884875,0.4100383127682759,0.16699280310130013,0.21731841466041601,0.2790711703162695,0.3161272744296061,0.32783398785005874,0.09306733650482803,0.25157871291890754,0.20866708332793577,0.2923511440034722,0.2943364209268324,0.10427693097499889,0.21731841466041601,0.1125320490380551,0.27293636685910394,0.27546870389570893,0.08923595110681787,0.2515787129189076,0.09532564022016089
M2_AFFINE_RIDGE,16,4,1492,0.32086021505376344,47.700013768908434,46.639280177606054,0.022237595075785488,0.6495985725630958,0.40596840608581336,0.4100964350855129,0.16665987362343157,0.2172127389074678,0.2800088574609903,0.31643229221170155,0.3281450727601698,0.09335378322091485,0.25150236790603786,0.2086349302455533,0.292571769841061,0.29456818016232006,0.10396640661491366,0.21721273890746784,0.1144217701502503,0.27366105261814955,0.2762592799592142,0.08957463847307266,0.25150236790603786,0.09586985432595826
M2_AFFINE_RIDGE,16,8,1496,0.3217204301075269,47.700013768908434,46.5499218679163,0.02411093436081535,0.650269922531393,0.4064818050504445,0.4106523179471135,0.1674758281739889,0.21706789036410165,0.2799028709624275,0.31687005656703077,0.32856870287880535,0.09392462082881399,0.25141482443823626,0.20826695134163417,0.2938501031871183,0.29584447974660166,0.10494309981676452,0.21706789036410165,0.11538312456098523,0.27464417255237134,0.2772216497364093,0.09017397881419832,0.25141482443823626,0.0961454396327137
M2_AFFINE_RIDGE,16,16,1504,0.32344086021505375,47.700013768908434,46.45109988685681,0.026182673407647683,0.6510123731672846,0.407142057423826,0.4113029968070362,0.16839868840896458,0.2169537985720752,0.27947633845014763,0.3171394599496549,0.3288654169659528,0.09430089663121981,0.251358550250268,0.20806655867845747,0.29531596639989227,0.2972909145035625,0.10597218632896105,0.2169537985720752,0.11562168774128212,0.27509318933756954,0.27774061602668587,0.09053988531139323,0.251358550250268,0.09620735810649837
M2_AFFINE_RIDGE,16,32,1520,0.32688172043010755,47.700013768908434,46.320359740959205,0.028923556178269028,0.6519946253283679,0.4077178017990863,0.41187773309109765,0.16911816327328957,0.21685664471278399,0.27917872741204586,0.317516082418347,0.3292241128898354,0.09471258175119364,0.2513036575130628,0.20782627386640223,0.29649290319129723,0.29846506711780324,0.10678593005107416,0.21685664471278399,0.11537822061137244,0.2758269890987135,0.27845144038495384,0.09095312461756853,0.2513036575130628,0.09607053574052499
M2_AFFINE_RIDGE,16,64,1552,0.33376344086021503,47.700013768908434,46.27395466046093,0.029896408738083635,0.6523432672110256,0.4081952987064251,0.41235078659886343,0.1697184046838768,0.21676931979016534,0.27876201572513043,0.31781154415522056,0.3295052291260248,0.09506672274155621,0.2512579760949528,0.20751650784148873,0.29769622900950377,0.2996648072927255,0.10747628154133769,0.21676931979016537,0.11523130703144713,0.2765724553134234,0.2791633487259087,0.09131775405155537,0.2512579760949528,0.09597780156146753
M2_AFFINE_RIDGE,16,80,1568,0.33720430107526883,47.700013768908434,46.25901203252255,0.030209671287876105,0.6524555313398743,0.40830678901174206,0.41245951012301907,0.1698451691560484,0.2167498919761801,0.27873664888809546,0.3178765484210667,0.3295707924474714,0.09513728452493682,0.251247974289046,0.2074769246376479,0.2980131342739933,0.29997087881965817,0.10762308892390103,0.2167498919761801,0.1151526826358109,0.276751694027865,0.2793279644497618,0.09139147636577898,0.251247974289046,0.09592370774974093
M2_AFFINE_RIDGE,16,92,1580,0.33978494623655914,47.700013768908434,46.25825138213348,0.030225617832310037,0.6524612461146542,0.4083732198417349,0.4125271497389641,0.16994631600904891,0.21674001632998097,0.27861168736809594,0.31791585251826754,0.32961021562103415,0.09519002935619637,0.2512427214763848,0.20741825423976276,0.29820084011054804,0.30015724124406135,0.10773224870229735,0.21674001632998097,0.11505422240648953,0.27684510221994446,0.27941581365655394,0.09144289503671478,0.2512427214763848,0.09596560243308379
M2_AFFINE_RIDGE,24,0,2232,0.48,46.704547459839226,46.70454745983923,-2.220446049250313e-16,0.6491082187503366,0.36929547676437935,0.37308669925468496,0.10613024507817619,0.2215167956935756,0.32757546290693323,0.2864477914505864,0.29953495977026146,0.04052656181187538,0.25608157486322847,0.25519585911994613,,,-0.008258942705797058,0.2215167956935756,0.0,,,-0.007943467722423523,0.25608157486322847,0.0
M2_AFFINE_RIDGE,24,1,2233,0.48021505376344087,46.704547459839226,44.85199358630972,0.03966538537007558,0.6630264764767968,0.41891726295584103,0.42289136227994983,0.18344982655259562,0.21581709887101672,0.2647303246590503,0.33030048913578103,0.3419634356432487,0.11055367964457331,0.24977487172454682,0.19221674721596782,0.2639244321271087,0.2666062607957702,0.07814782280844595,0.21581709887101666,0.08857038117096713,0.23947802077418204,0.24305814381521348,0.06439181267785472,0.24977487172454682,0.07157526224818317
M2_AFFINE_RIDGE,24,2,2234,0.4804301075268817,46.704547459839226,44.672406250156826,0.04351056417856991,0.6643757181181329,0.4198431925887015,0.42388395126825845,0.18471470193645764,0.21557085095587125,0.2644708205296064,0.33122819837481554,0.3429237718874193,0.11150005737334028,0.24956928114146634,0.19177705677191112,0.26575078219491605,0.2685395298586657,0.07958239250975795,0.21557085095587125,0.09072428152975166,0.2413043187264599,0.2449484467206061,0.06542191777347972,0.2495692811414663,0.0730516654039196
M2_AFFINE_RIDGE,24,4,2236,0.4808602150537634,46.704547459839226,44.54825063641625,0.046168883774693525,0.6653085006163476,0.4198919181826689,0.4240065733316364,0.18447421639111475,0.21542413285173348,0.26565650857445494,0.33166252352246123,0.34336984585109454,0.11186934823500023,0.24945418033782277,0.19180752022351646,0.2659163809083005,0.2687720401180467,0.07935368807837033,0.21542413285173348,0.09298269868611375,0.2419780121270008,0.24572272249958993,0.06585006962881998,0.24945418033782277,0.07403515542565076
M2_AFFINE_RIDGE,24,8,2240,0.4817204301075269,46.704547459839226,44.46073329115524,0.04804273439569062,0.665966019398545,0.4202967885152671,0.4244736935712548,0.1851233845320802,0.2152719903947716,0.2659610791435992,0.3321267704782394,0.34381844227625785,0.11242601667218362,0.2493580497794929,0.19154552186959894,0.26655927761160997,0.2694820959534618,0.08013497693038642,0.2152719903947716,0.0941483980262007,0.2429641490795716,0.2466966926514628,0.06646273350580888,0.2493580497794929,0.07432688580986375
M2_AFFINE_RIDGE,24,16,2248,0.4834408602150538,46.704547459839226,44.32071033808904,0.05104079262945482,0.6670180133924808,0.42098794140511964,0.42515549024987426,0.186004373381378,0.2151414346214131,0.26572431656556866,0.33241947722861775,0.3441467133172637,0.11280708828760196,0.24929591419195848,0.19145142824773617,0.26807573078340746,0.27094900645531217,0.0811979167767417,0.2151414346214131,0.09425370328650921,0.24338027525910308,0.2472281897351478,0.06686055198075394,0.24929591419195848,0.07438061974866059
M2_AFFINE_RIDGE,24,32,2264,0.4868817204301075,46.704547459839226,44.1511416527721,0.05467146018838476,0.6682919847993591,0.42173387006936736,0.42590496691088886,0.18692529419251433,0.21502172404282296,0.26526823603576316,0.3329550187484936,0.34466455259882195,0.11335731728127971,0.249222080970094,0.19109702922338118,0.2695690187797708,0.2724472794853569,0.08229514310809491,0.21502172404282296,0.09376518821664888,0.24438235132209685,0.2481865713142254,0.06744472609153035,0.249222080970094,0.0740274633194831
M2_AFFINE_RIDGE,24,64,2296,0.49376344086021506,46.704547459839226,44.11057761623697,0.05553998453432807,0.6685967428541658,0.4223555822604117,0.42653547428296995,0.18766232648337688,0.21491681915206298,0.2647006002982902,0.33336822566886065,0.34506785008799556,0.1138167841905548,0.24916380455747061,0.19064616893802164,0.2711219092078779,0.2740016192205898,0.08317356342315926,0.21491681915206298,0.09331652894531124,0.2453604605709271,0.24912492690781513,0.06793598134835226,0.24916380455747061,0.07371296027959069
M2_AFFINE_RIDGE,24,80,2312,0.4972043010752688,46.704547459839226,44.07966917481846,0.056201771086163976,0.6688289583161466,0.42249398168862506,0.4266696025681378,0.18781747973983381,0.21489251876221224,0.26466184541643545,0.333456462916224,0.3451557944778288,0.11390777236713269,0.24915117574279042,0.19059016625196348,0.2714911229190497,0.2743547482144928,0.08336126486559671,0.21489251876221224,0.09327746959654863,0.2455845391647824,0.24933327512772707,0.06803372804193719,0.24915117574279042,0.07364490940649254
M2_AFFINE_RIDGE,24,92,2324,0.4997849462365591,46.704547459839226,44.073945207419975,0.05632432804709819,0.6688719625464734,0.42258185958054195,0.4267572712948026,0.18793106016317973,0.21487988476080258,0.26454618722657486,0.333512586548318,0.34521357671162456,0.11397076419186701,0.24914419201459218,0.1905324842714118,0.2717226558885159,0.274585641866552,0.0834960213863818,0.21487988476080258,0.09313220231183723,0.24571736866393085,0.24946568966688137,0.06810051854478626,0.24914419201459218,0.07363292180823837
M2_AFFINE_RIDGE,32,0,2976,0.64,46.190744492457995,46.190744492457995,0.0,0.6529684261228799,0.383579215195308,0.38729354377694675,0.133632362130734,0.21924968109708554,0.3006950174431421,0.3002264764707937,0.3130000448184753,0.06699433423657083,0.25349540736194476,0.22928329684203877,,,-0.008015826616242451,0.21924968109708554,0.0,,,-0.007730218365382458,0.25349540736194476,0.0
M2_AFFINE_RIDGE,32,1,2977,0.6402150537634409,46.190744492457995,43.59057947941854,0.05629190526392169,0.6725034946031603,0.4264724060137113,0.4304713094216773,0.19236581970683267,0.21495211817076348,0.2582262289642984,0.33876292832025123,0.3504319660341354,0.11981587711565937,0.24874057977206718,0.1842820110966848,0.2430384480247372,0.24618692347010873,0.06199074640635182,0.21495211817076346,0.07452201434529111,0.21737445162830815,0.22168456113787488,0.0498900645274672,0.24874057977206718,0.05808103851746604
M2_AFFINE_RIDGE,32,2,2978,0.6404301075268817,46.190744492457995,43.313858591766085,0.06228273504363302,0.6745825016904434,0.42756905786210886,0.4316322658830732,0.1937570390854851,0.2146214224137572,0.2582373707418221,0.33983342788056004,0.3515756308465942,0.12084743278259483,0.24848589643754826,0.18404068935798606,0.24551563500867918,0.2487448886370364,0.0636659335865509,0.21462142241375715,0.07653776143076835,0.2193234637060239,0.2238103109771439,0.051038050932928264,0.24848589643754826,0.05968072649468099
M2_AFFINE_RIDGE,32,4,2980,0.6408602150537634,46.190744492457995,43.15077843401879,0.06581331588919437,0.675807724717979,0.4277026958331466,0.43185990498205495,0.19362094001364805,0.21444491034268195,0.25968666834905324,0.3403514034789631,0.3521165723613365,0.1212682613964681,0.24835158659113013,0.184195998344731,0.24582167058981688,0.2491307224300563,0.06354468267589027,0.21444491034268195,0.07914279388277937,0.22016198169869944,0.2247245941918348,0.05152994227538364,0.24835158659113013,0.0608909251095113
M2_AFFINE_RIDGE,32,8,2984,0.6417204301075269,46.190744492457995,43.05580058994818,0.06786952531197432,0.6765212943101873,0.42813720648849346,0.4323807580794139,0.19431126340128146,0.21426020137116628,0.2602455795621833,0.3408525151403559,0.35261374666246326,0.1218229385920259,0.2482411824926604,0.18409943579445331,0.24639036982005622,0.24987086306752423,0.06442220287878347,0.21426020137116628,0.0804072273753812,0.2210767771717014,0.22566268230736986,0.05216996751377571,0.2482411824926604,0.0612623989383628
M2_AFFINE_RIDGE,32,16,2992,0.6434408602150538,46.190744492457995,42.89618395798367,0.07132512304520777,0.6777204958302376,0.4288442748005676,0.43308115374561207,0.19517918933867354,0.21411349151057663,0.2602016368507502,0.3411439803984417,0.35295929245056856,0.12219491874481257,0.24816941819054414,0.18410902505747903,0.24796346583378348,0.25140428019195976,0.06552128532359057,0.21411349151057663,0.0806300786436959,0.22144465645564573,0.22622527226481057,0.052584846723796624,0.24816941819054414,0.06132859948035797
M2_AFFINE_RIDGE,32,32,3008,0.6468817204301075,46.190744492457995,42.66691822870408,0.07628857907517139,0.6794429717881857,0.429701818816306,0.43394451019671154,0.19621341812546556,0.2139700823099225,0.25977716198049833,0.34179754635999154,0.35358786821666827,0.12282469397249667,0.248081167915054,0.18378066371822366,0.2496295395276204,0.25309886766655704,0.0667967852867801,0.2139700823099225,0.08021760521476663,0.22265849331888915,0.22736487119154208,0.0532822608919273,0.248081167915054,0.06094419854732609
M2_AFFINE_RIDGE,32,64,3040,0.6537634408602151,46.190744492457995,42.6127839351732,0.07746055181831946,0.6798496833337815,0.4304082116754352,0.4346703028360855,0.19703117607090764,0.21385129564563873,0.25917304775235367,0.34230579986592324,0.3540822278691748,0.12334980380111704,0.2480127085457573,0.183271605345388,0.2512518323125717,0.25476089086965864,0.06779815187171971,0.21385129564563873,0.07960886629678951,0.22379071522066102,0.22847377507806796,0.05386294353618912,0.2480127085457573,0.06051188206039301
M2_AFFINE_RIDGE,32,80,3056,0.6572043010752688,46.190744492457995,42.58094419821663,0.07814986170726856,0.6800888956294325,0.4305682743371241,0.4348267056059637,0.19720866895670797,0.21382277906948471,0.25914800060545207,0.34241199196176836,0.35418933724534174,0.12345604624392856,0.24799749471947927,0.18320429701723606,0.2516789915756309,0.25517744107530355,0.06802175423073878,0.21382277906948471,0.0795639023150033,0.22406259978061904,0.2287291759605934,0.053981265802457795,0.24799749471947927,0.06043651638017316
M2_AFFINE_RIDGE,32,92,3068,0.6597849462365591,46.190744492457995,42.56907454344887,0.07840683212197341,0.6801780724768874,0.4306745850685551,0.434932707059849,0.19733945353239327,0.2138074198369185,0.25901037063081567,0.34248544726418134,0.354263971229747,0.1235319043726603,0.24798887339984885,0.1831372013574278,0.2519418165999952,0.2554421877469305,0.0681813413505848,0.21380741983691853,0.0794013854435412,0.22422848009780122,0.2288984413579494,0.05406497676576068,0.24798887339984885,0.06039547056747248
M2_AFFINE_RIDGE,40,0,3720,0.8,45.900487646491385,45.90048764649138,1.1102230246251565e-16,0.6551491290145782,0.3938622382040062,0.3975155989198163,0.150144427612082,0.21782115005740088,0.28451028118368704,0.3104603645642631,0.32285799019206135,0.08288990183538548,0.2518675916631786,0.21375541918229649,,,-0.00783010205063374,0.21782115005740085,0.0,,,-0.007648807966036897,0.25186759166317857,0.0
M2_AFFINE_RIDGE,40,1,3721,0.8002150537634408,45.900487646491385,42.76302049346731,0.06835367800855818,0.6787209544108865,0.4314400540725412,0.4354817152121191,0.19810053213635406,0.2143967183230776,0.2545805474789861,0.34436282287994724,0.3560323920722325,0.12558661274266397,0.24809205135820975,0.17984848283842436,0.22641148941814923,0.2298787539741339,0.05165197054448807,0.2143967183230776,0.06531688911915515,0.19960037265659272,0.20456153984005854,0.040491008639707574,0.24809205135820975,0.04964796123183658
M2_AFFINE_RIDGE,40,2,3722,0.8004301075268817,45.900487646491385,42.38123820424153,0.07667128657442202,0.6815892889693405,0.4325765360790326,0.4366835509438111,0.1994863398607169,0.21402619429927827,0.25481862613156064,0.34552012300833757,0.35727843441246326,0.12665949061915205,0.24782229610095616,0.17970858030807335,0.229150980277496,0.2327382505645708,0.05337393900667402,0.21402619429927827,0.06741630971384838,0.20192090490562145,0.20710473154469838,0.04170317928111062,0.2478222961009562,0.05101813858353419
M2_AFFINE_RIDGE,40,4,3724,0.8008602150537635,45.900487646491385,42.21486979982189,0.08029583204114876,0.6828392166304674,0.432819736257867,0.43703871196866967,0.19943486626336465,0.21380245476965282,0.25643179034571445,0.3461443751124256,0.3579449425205528,0.12716649839318384,0.24765564819742858,0.17999666620305976,0.2297483441661235,0.23346566162187246,0.05333850705204936,0.21380245476965282,0.07013788290389267,0.20309731344029727,0.20837520468490972,0.04229153615727883,0.24765564819742855,0.052415640136904584
M2_AFFINE_RIDGE,40,8,3728,0.8017204301075269,45.900487646491385,42.115199689096684,0.08246727107885199,0.6835880392739111,0.43327376186162186,0.4375914507881874,0.20018239839929697,0.21360351071543154,0.2571191964196086,0.34670323719267204,0.35850583652370827,0.12776288648445713,0.2475315095789281,0.17997270342765576,0.23035119177487104,0.23426252233377903,0.05429953454943967,0.21360351071543154,0.07145374007919787,0.20405667259364121,0.2093548273831268,0.04297761333807076,0.2475315095789281,0.05287243540554069
M2_AFFINE_RIDGE,40,16,3736,0.8034408602150538,45.900487646491385,41.926149968982045,0.08658595760720933,0.6850083719105311,0.4339644354648357,0.43828005457033065,0.20102596564535888,0.2134355773201588,0.25724373582108495,0.34697159557515245,0.3588370221681978,0.128117639623245,0.2474541580740521,0.18006428945694414,0.23189404009920406,0.23578755450897299,0.05539032012330171,0.2134355773201588,0.07193390763965314,0.20439704673778367,0.20993233319060423,0.04338842756656732,0.2474541580740521,0.053105987662090605
M2_AFFINE_RIDGE,40,32,3752,0.8068817204301075,45.900487646491385,41.681171684940324,0.09192311842189294,0.686848896466064,0.4348591135516491,0.43919106501076854,0.20210060515220432,0.21328158558647597,0.25682830527644096,0.34769022661131466,0.3595287399727353,0.12878495889061542,0.24735506517753195,0.17971969918534,0.2336686677608228,0.23763841274585992,0.05674338206708802,0.21328158558647597,0.07160233538851363,0.205728506001222,0.2111739594141519,0.044148027917768146,0.24735506517753195,0.05273424380555402
M2_AFFINE_RIDGE,40,64,3784,0.813763440860215,45.900487646491385,41.598832786158994,0.09371697515421074,0.6874675095226268,0.43561975857686025,0.43997652922913,0.20296109849227564,0.21314926278929858,0.25625292195250254,0.34826645756767377,0.3600897390405038,0.1293562144213927,0.24727826017777563,0.1791913234074605,0.2354091659139503,0.2394514511880139,0.05781572857154771,0.21314926278929858,0.07097346359188003,0.20698136003542875,0.21241368203696662,0.044791417509584514,0.24727826017777563,0.05220411631806488
M2_AFFINE_RIDGE,40,80,3800,0.8172043010752689,45.900487646491385,41.5648221904335,0.09445793886656662,0.6877230315042013,0.4358066732300246,0.4401581491870047,0.20316186787484106,0.2131169932713644,0.2562325519286361,0.3483916152478551,0.3602166754053172,0.12947833499715203,0.24726071759215923,0.17911238828120105,0.2358986241842369,0.23992788898378567,0.0580719014322235,0.2131169932713644,0.07095762636365349,0.20728874551671722,0.21271131239849586,0.044929660172048566,0.24726071759215923,0.052117149841463456
M2_AFFINE_RIDGE,40,92,3812,0.8197849462365592,45.900487646491385,41.54749415946603,0.09483545187037024,0.6878532171923715,0.43593352359139065,0.4402835561466699,0.203310396838978,0.21309983389332696,0.25608750404087627,0.34847837550585264,0.360304774498458,0.1295640969967902,0.24725071050026642,0.17903397304472266,0.23620744049758277,0.240231793290418,0.05825501512054895,0.21309983389332696,0.07077815972057679,0.20748230705540127,0.21290432027089537,0.04502635011558433,0.24725071050026642,0.052061738439343544
M2_AFFINE_RIDGE,49,0,4557,0.98,45.72159165575147,45.72159165575147,0.0,0.6564931765701857,0.4018706220481904,0.40539704394557985,0.16165733891657397,0.2168485311080795,0.2730472904340234,0.3183617556706339,0.3305090424072004,0.09398773955734342,0.2507555479173426,0.20273196720995876,,,-0.007848614854414945,0.21684853110807953,0.0,,,-0.007515281413788432,0.2507555479173426,0.0
M2_AFFINE_RIDGE,49,1,4558,0.9802150537634409,45.72159165575147,42.39479714481715,0.07276200128776211,0.681487420498941,0.4353978533482563,0.4394616502562239,0.2024485169188681,0.21386115323579044,0.2508004001659392,0.348785328958835,0.3604910635168847,0.1299141448015125,0.24754576725758387,0.1760524017415,0.21318933857598613,0.21707324769882202,0.04401197258686604,0.21386115323579044,0.05511300378592988,0.18613846882167348,0.19150030271468252,0.03388979438442292,0.24754576725758387,0.04183915505494095
M2_AFFINE_RIDGE,49,2,4559,0.9804301075268818,45.72159165575147,41.83665194147535,0.08496947664304277,0.6856807715803311,0.4367602453275887,0.44091457443040927,0.20407219758733405,0.2134906220455148,0.25168352983711073,0.35007526598662253,0.3618764916548653,0.13108662440166421,0.24727934275989757,0.17627627260549478,0.2167710758307435,0.22082069693251807,0.046109136171859404,0.2134906220455148,0.0588640090912425,0.18895796961814845,0.1946012566572908,0.03525666921728401,0.24727934275989757,0.04386434264966763
M2_AFFINE_RIDGE,49,4,4561,0.9808602150537634,45.72159165575147,41.56553285018803,0.09089925908212859,0.6877176923096113,0.4370094738748587,0.4412935247115344,0.20405268163005394,0.21329241173345534,0.25392331578394195,0.35077397231677415,0.362636731647401,0.1316650592824211,0.24711225500695397,0.17681557318229232,0.21765934591386363,0.22191265480238936,0.04614563168240639,0.21329241173345537,0.06265408404742401,0.1903985532438838,0.19621444861002513,0.035949934120301355,0.24711225500695397,0.04575866934675659
M2_AFFINE_RIDGE,49,8,4565,0.9817204301075269,45.72159165575147,41.39990986139368,0.094521683035375,0.6889620196549071,0.4375087566287074,0.44191337628327954,0.20488359259772615,0.213066533389471,0.2550098865865804,0.35136981550460744,0.36324425396887366,0.13231408031318495,0.2469745845253606,0.1770337991777838,0.21826780695526105,0.2227770302374305,0.04723750369590491,0.213066533389471,0.06480384000291405,0.19140358661805956,0.19732376548107225,0.03671256014270498,0.2469745845253606,0.04669067864951424
M2_AFFINE_RIDGE,49,16,4573,0.9834408602150537,45.72159165575147,41.119347921273956,0.10065799478567761,0.6910698846118286,0.4381530648008263,0.4425601034909914,0.2056665830202765,0.2128840499665673,0.2555613646259471,0.35163884259156386,0.3635859980220285,0.13265660061180215,0.2468800773340435,0.17731257585299756,0.21963946552574606,0.22415623846926166,0.048282490778735275,0.21288404996656726,0.06597748116905805,0.191721025771519,0.1978853897995425,0.03712090249115817,0.2468800773340435,0.04722292429738709
M2_AFFINE_RIDGE,49,32,4589,0.9868817204301076,45.72159165575147,40.82484952483338,0.10709911780383319,0.6932824543191158,0.4390547304542707,0.44349145183988153,0.20675853176525105,0.2127179265915918,0.2552739479863501,0.3523889676893469,0.36431029793828007,0.13334738844975058,0.2467723964858561,0.17703935456401615,0.22137865169302445,0.22601650894202957,0.049682920099861486,0.2127179265915918,0.06595051107603628,0.19310423583472555,0.19918021691373447,0.03792224100761031,0.2467723964858561,0.04710619657063148
M2_AFFINE_RIDGE,49,64,4621,0.9937634408602151,45.72159165575147,40.72361514682949,0.10931326596311242,0.6940430293199129,0.43986214417504055,0.44432809357680253,0.20765083077700977,0.2125758356087318,0.25478455220377605,0.3530168582604183,0.3649199678196666,0.133947495612136,0.24668833372605337,0.17652668496141463,0.22318096294242995,0.22790725743674908,0.05081621604401407,0.2125758356087318,0.06536342022836647,0.19444511013039525,0.20050539970111916,0.03861102317918287,0.24668833372605337,0.046573348405096276
M2_AFFINE_RIDGE,49,80,4637,0.9972043010752688,45.72159165575147,40.68207413509927,0.11022183039024325,0.6943551274001579,0.440058705925023,0.4445193798275987,0.20786482323756175,0.21254139927825347,0.25476044696469496,0.35315936897197225,0.3650651222823614,0.1340833717419262,0.24666887893110598,0.17645261661925388,0.22367547500555635,0.22838912036157316,0.051090445667463104,0.21254139927825347,0.06531424522705484,0.19478291681994891,0.20083552517673595,0.03876628661002427,0.24666887893110592,0.04649797635018218
M2_AFFINE_RIDGE,49,92,4649,0.9997849462365591,45.72159165575147,40.66110161824475,0.11068053088808294,0.6945126941510765,0.4402049450854338,0.4446649163777325,0.20803372092970931,0.21252238617452118,0.254620310966289,0.3532605584837907,0.3651663242067461,0.13417946303574255,0.24665768207136743,0.1763664852896343,0.22401961863439498,0.22873216641712193,0.05130164723975468,0.21252238617452118,0.06512100915485505,0.19500319991093218,0.20105414971654484,0.03887621551558937,0.24665768207136737,0.046411037531143944
M3_LOWRANK_CONTEXT,1,0,93,0.02,94.25900542223357,94.25900542223357,0.0,0.2918310505016707,0.20315878861884984,0.20633883477503231,-1.7763545604176312,0.38475890411818287,2.192410566811017,0.1370899276370067,0.14545950129796298,-1.8611272549564846,0.4495132522633412,2.137017819479779,,,-0.006526091771865924,0.38475890411818287,0.0,,,-0.005353970492023052,0.4495132522633412,0.0
M3_LOWRANK_CONTEXT,1,1,94,0.02021505376344086,94.25900542223357,94.25900542223357,0.0,0.2918310505016707,0.20315878861884984,0.20633883477503231,-1.7763545604176312,0.38475890411818287,2.192410566811017,0.1370899276370067,0.14545950129796298,-1.8611272549564846,0.4495132522633412,2.137017819479779,,,-0.006526091771865924,0.38475890411818287,0.0,,,-0.005353970492023052,0.4495132522633412,0.0
M3_LOWRANK_CONTEXT,1,2,95,0.02043010752688172,94.25900542223357,94.25900542223357,0.0,0.2918310505016707,0.20315878861884984,0.20633883477503231,-1.7763545604176312,0.38475890411818287,2.192410566811017,0.1370899276370067,0.14545950129796298,-1.8611272549564846,0.4495132522633412,2.137017819479779,,,-0.006526091771865924,0.38475890411818287,0.0,,,-0.005353970492023052,0.4495132522633412,0.0
M3_LOWRANK_CONTEXT,1,4,97,0.02086021505376344,94.25900542223357,94.25900542223357,0.0,0.2918310505016707,0.20315878861884984,0.20633883477503231,-1.7763545604176312,0.38475890411818287,2.192410566811017,0.1370899276370067,0.14545950129796298,-1.8611272549564846,0.4495132522633412,2.137017819479779,,,-0.006526091771865924,0.38475890411818287,0.0,,,-0.005353970492023052,0.4495132522633412,0.0
M3_LOWRANK_CONTEXT,1,8,101,0.021720430107526882,94.25900542223357,94.25900542223357,0.0,0.2918310505016707,0.20315878861884984,0.20633883477503231,-1.7763545604176312,0.38475890411818287,2.192410566811017,0.1370899276370067,0.14545950129796298,-1.8611272549564846,0.4495132522633412,2.137017819479779,,,-0.006526091771865924,0.38475890411818287,0.0,,,-0.005353970492023052,0.4495132522633412,0.0
M3_LOWRANK_CONTEXT,1,16,109,0.023440860215053764,94.25900542223357,94.25900542223357,0.0,0.2918310505016707,0.20315878861884984,0.20633883477503231,-1.7763545604176312,0.38475890411818287,2.192410566811017,0.1370899276370067,0.14545950129796298,-1.8611272549564846,0.4495132522633412,2.137017819479779,,,-0.006526091771865924,0.38475890411818287,0.0,,,-0.005353970492023052,0.4495132522633412,0.0
M3_LOWRANK_CONTEXT,1,32,125,0.026881720430107527,94.25900542223357,94.25900542223357,0.0,0.2918310505016707,0.20315878861884984,0.20633883477503231,-1.7763545604176312,0.38475890411818287,2.192410566811017,0.1370899276370067,0.14545950129796298,-1.8611272549564846,0.4495132522633412,2.137017819479779,,,-0.006526091771865924,0.38475890411818287,0.0,,,-0.005353970492023052,0.4495132522633412,0.0
M3_LOWRANK_CONTEXT,1,64,157,0.03376344086021505,94.25900542223357,94.25900542223357,0.0,0.2918310505016707,0.20315878861884984,0.20633883477503231,-1.7763545604176312,0.38475890411818287,2.192410566811017,0.1370899276370067,0.14545950129796298,-1.8611272549564846,0.4495132522633412,2.137017819479779,,,-0.006526091771865924,0.38475890411818287,0.0,,,-0.005353970492023052,0.4495132522633412,0.0
M3_LOWRANK_CONTEXT,1,80,173,0.037204301075268814,94.25900542223357,94.25900542223357,0.0,0.2918310505016707,0.20315878861884984,0.20633883477503231,-1.7763545604176312,0.38475890411818287,2.192410566811017,0.1370899276370067,0.14545950129796298,-1.8611272549564846,0.4495132522633412,2.137017819479779,,,-0.006526091771865924,0.38475890411818287,0.0,,,-0.005353970492023052,0.4495132522633412,0.0
M3_LOWRANK_CONTEXT,1,92,185,0.03978494623655914,94.25900542223357,94.25900542223357,0.0,0.2918310505016707,0.20315878861884984,0.20633883477503231,-1.7763545604176312,0.38475890411818287,2.192410566811017,0.1370899276370067,0.14545950129796298,-1.8611272549564846,0.4495132522633412,2.137017819479779,,,-0.006526091771865924,0.38475890411818287,0.0,,,-0.005353970492023052,0.4495132522633412,0.0
M3_LOWRANK_CONTEXT,2,0,186,0.04,68.49672662549462,68.49672662549462,0.0,0.48538333582916204,0.24460130958844134,0.24828299670190737,-0.8313767655817461,0.29977028160938163,1.2584048357634683,0.16765705249152624,0.17801491038372094,-0.9169770214171888,0.34951953571171546,1.2014304635979716,,,-0.006807968085967442,0.29977028160938163,0.0,,,-0.00587728291457256,0.34951953571171546,0.0
M3_LOWRANK_CONTEXT,2,1,187,0.04021505376344086,68.49672662549462,68.49672662549462,0.0,0.48538333582916204,0.24460130958844134,0.24828299670190737,-0.8313767655817461,0.29977028160938163,1.2584048357634683,0.16765705249152624,0.17801491038372094,-0.9169770214171888,0.34951953571171546,1.2014304635979716,,,-0.006807968085967442,0.29977028160938163,0.0,,,-0.00587728291457256,0.34951953571171546,0.0
M3_LOWRANK_CONTEXT,2,2,188,0.04043010752688172,68.49672662549462,68.49672662549462,0.0,0.48538333582916204,0.24460130958844134,0.24828299670190737,-0.8313767655817461,0.29977028160938163,1.2584048357634683,0.16765705249152624,0.17801491038372094,-0.9169770214171888,0.34951953571171546,1.2014304635979716,,,-0.006807968085967442,0.29977028160938163,0.0,,,-0.00587728291457256,0.34951953571171546,0.0
M3_LOWRANK_CONTEXT,2,4,190,0.04086021505376344,68.49672662549462,68.49672662549462,0.0,0.48538333582916204,0.24460130958844134,0.24828299670190737,-0.8313767655817461,0.29977028160938163,1.2584048357634683,0.16765705249152624,0.17801491038372094,-0.9169770214171888,0.34951953571171546,1.2014304635979716,,,-0.006807968085967442,0.29977028160938163,0.0,,,-0.00587728291457256,0.34951953571171546,0.0
M3_LOWRANK_CONTEXT,2,8,194,0.04172043010752688,68.49672662549462,68.49672662549462,0.0,0.48538333582916204,0.24460130958844134,0.24828299670190737,-0.8313767655817461,0.29977028160938163,1.2584048357634683,0.16765705249152624,0.17801491038372094,-0.9169770214171888,0.34951953571171546,1.2014304635979716,,,-0.006807968085967442,0.29977028160938163,0.0,,,-0.00587728291457256,0.34951953571171546,0.0
M3_LOWRANK_CONTEXT,2,16,202,0.043440860215053764,68.49672662549462,68.49672662549462,0.0,0.48538333582916204,0.24460130958844134,0.24828299670190737,-0.8313767655817461,0.29977028160938163,1.2584048357634683,0.16765705249152624,0.17801491038372094,-0.9169770214171888,0.34951953571171546,1.2014304635979716,,,-0.006807968085967442,0.29977028160938163,0.0,,,-0.00587728291457256,0.34951953571171546,0.0
M3_LOWRANK_CONTEXT,2,32,218,0.04688172043010753,68.49672662549462,68.49672662549462,0.0,0.48538333582916204,0.24460130958844134,0.24828299670190737,-0.8313767655817461,0.29977028160938163,1.2584048357634683,0.16765705249152624,0.17801491038372094,-0.9169770214171888,0.34951953571171546,1.2014304635979716,,,-0.006807968085967442,0.29977028160938163,0.0,,,-0.00587728291457256,0.34951953571171546,0.0
M3_LOWRANK_CONTEXT,2,64,250,0.053763440860215055,68.49672662549462,68.49672662549462,0.0,0.48538333582916204,0.24460130958844134,0.24828299670190737,-0.8313767655817461,0.29977028160938163,1.2584048357634683,0.16765705249152624,0.17801491038372094,-0.9169770214171888,0.34951953571171546,1.2014304635979716,,,-0.006807968085967442,0.29977028160938163,0.0,,,-0.00587728291457256,0.34951953571171546,0.0
M3_LOWRANK_CONTEXT,2,80,266,0.05720430107526882,68.49672662549462,68.49672662549462,0.0,0.48538333582916204,0.24460130958844134,0.24828299670190737,-0.8313767655817461,0.29977028160938163,1.2584048357634683,0.16765705249152624,0.17801491038372094,-0.9169770214171888,0.34951953571171546,1.2014304635979716,,,-0.006807968085967442,0.29977028160938163,0.0,,,-0.00587728291457256,0.34951953571171546,0.0
M3_LOWRANK_CONTEXT,2,92,278,0.05978494623655914,68.49672662549462,68.49672662549462,0.0,0.48538333582916204,0.24460130958844134,0.24828299670190737,-0.8313767655817461,0.29977028160938163,1.2584048357634683,0.16765705249152624,0.17801491038372094,-0.9169770214171888,0.34951953571171546,1.2014304635979716,,,-0.006807968085967442,0.29977028160938163,0.0,,,-0.00587728291457256,0.34951953571171546,0.0
M3_LOWRANK_CONTEXT,4,0,372,0.08,56.534790755980225,56.534790755980225,0.0,0.5752534922214791,0.28433139992059725,0.28824982929960763,-0.3500050638410523,0.2603005046465665,0.7797967594074865,0.20237303692959177,0.2142084788824686,-0.41441688501024143,0.3016679202518754,0.70371852653242,,,-0.007684439796620649,0.2603005046465665,0.0,,,-0.006953107615384539,0.3016679202518754,0.0
M3_LOWRANK_CONTEXT,4,1,373,0.08021505376344086,56.534790755980225,60.41377100881298,-0.06861226867497394,0.5461106707110223,0.32208311849466975,0.32611804135158123,-0.012321382064345578,0.23423364186007212,0.4517803295979978,0.23182585520846655,0.2429067554837841,-0.10514974542160274,0.2726391941394551,0.4023392554989939,0.2707664630869337,0.2712096891219326,0.12406045946140296,0.23423364186007212,0.13352922361430608,0.2771139138874622,0.2774123869224431,0.12074071376310207,0.27263919413945503,0.12788687590461348
M3_LOWRANK_CONTEXT,4,2,374,0.08043010752688172,56.534790755980225,60.41346184730061,-0.0686068001571245,0.5461129934448816,0.322205950372154,0.3262461034159429,-0.011660453869773523,0.2341720059020292,0.4511402923109467,0.23189027227497272,0.24297471446824515,-0.10454293221579229,0.27258403867255254,0.4016865056554662,0.2711570919720944,0.2715957458877938,0.12447266734792359,0.2341720059020292,0.13291531003103874,0.2774898786798239,0.2777674548286203,0.12107237647964737,0.27258403867255254,0.12743927085838988
M3_LOWRANK_CONTEXT,4,4,376,0.08086021505376344,56.534790755980225,60.33958038938762,-0.06729996843589503,0.546668065654728,0.32204851432324594,0.3260884729655919,-0.012227368252539755,0.23419291368699832,0.4516715054383569,0.2319894711691292,0.24308518366864254,-0.10440284335015855,0.27256175512203434,0.4016410761914043,0.2693961822852655,0.2698068820106224,0.12397511061934974,0.23419291368699832,0.13232869463972172,0.2785927350786076,0.2788256684867417,0.12116243523353674,0.2725617551220344,0.1270163392003899
M3_LOWRANK_CONTEXT,4,8,380,0.08172043010752689,56.534790755980225,60.31562689252848,-0.0668762736359525,0.5468480285413675,0.32217022200335427,0.3262196089635536,-0.012058303126842486,0.23413787175929007,0.4515783801474047,0.23209290222688314,0.2432003594167232,-0.10408911162437474,0.2725122024224146,0.4013529603450456,0.2695507763341068,0.2699625629179383,0.12418125090106759,0.23413787175929007,0.13058738159723415,0.27904648401677234,0.2792867295820066,0.12143913158311177,0.2725122024224146,0.12549864174715683
M3_LOWRANK_CONTEXT,4,16,388,0.08344086021505376,56.534790755980225,60.30728615483763,-0.06672874080564895,0.5469106925958216,0.32246094389063906,0.32651264586566114,-0.011219569142098451,0.23407506344515494,0.4508425812205357,0.23215510553614457,0.2432701475818763,-0.10396415409009861,0.27249363081515127,0.4013208433643468,0.27160069321393315,0.2720133880389338,0.12481987093425247,0.23407506344515494,0.12913397153447734,0.2786348420120521,0.27894211906062044,0.12151793443768735,0.27249363081515127,0.12473199414502839
M3_LOWRANK_CONTEXT,4,32,404,0.08688172043010753,56.534790755980225,60.28652067220258,-0.0663614363130105,0.5470667038963613,0.3226848668963727,0.3267356836112447,-0.01066195218117193,0.234010300240404,0.4503736691281275,0.2322323200095147,0.24334252219068495,-0.10367852877316568,0.272461521605453,0.40101050852544035,0.27286935638338117,0.2733104920998279,0.125345481505686,0.234010300240404,0.12912564032851925,0.2795528843477189,0.27984550753336024,0.12174620289734783,0.272461521605453,0.12456126467835303
M3_LOWRANK_CONTEXT,4,64,436,0.09376344086021506,56.534790755980225,60.29596755974179,-0.06652853496877431,0.546995729325871,0.3228337129092277,0.3268837705094235,-0.010254527096162442,0.2339678894576975,0.45005697070674244,0.23227151573348154,0.24337622947479168,-0.10352411807399922,0.2724431852651534,0.40084882205300093,0.2736905421252761,0.2741421069765038,0.12566603467457685,0.2339678894576975,0.12894997665945843,0.27974842018814494,0.2800311830332083,0.12185558205999676,0.2724431852651534,0.12450899382738137
M3_LOWRANK_CONTEXT,4,80,452,0.09720430107526881,56.534790755980225,60.28966606370862,-0.06641707270016228,0.5470430725352131,0.322864456966842,0.3269131013868134,-0.010163239769720812,0.23395477562937592,0.44996358813707094,0.23227608988534137,0.2433805179607022,-0.10348693154040184,0.27243890039648827,0.40079610227060114,0.2739229774291337,0.27436189546069134,0.1257419968565391,0.23395477562937592,0.12896416903150443,0.27980359842621694,0.2800815916085018,0.12188506177955859,0.27243890039648827,0.12454869955519811
M3_LOWRANK_CONTEXT,4,92,464,0.09978494623655915,56.534790755980225,60.29719440756297,-0.06655023572692298,0.5469865120046312,0.3228814989948923,0.3269311163896938,-0.01008294165016636,0.23394888046843754,0.44985269198289396,0.23227767110096045,0.2433815179782814,-0.10346615143670775,0.2724370829796609,0.4007631759385823,0.27410618890101307,0.2745444756931501,0.12580845458954015,0.23394888046843754,0.12887369734419615,0.27984690865503054,0.2801219859240015,0.12189986877547321,0.2724370829796609,0.12455752649798756
M3_LOWRANK_CONTEXT,8,0,744,0.16,50.73570715594898,50.73570715594898,0.0,0.6188220714006355,0.3157512808406254,0.3197580115165085,-0.09237367376856524,0.23771323406590514,0.5240573550025149,0.23380828859069372,0.24671816930603874,-0.1522556591843712,0.2748426346670856,0.445622991892827,,,-0.008239982679323557,0.23771323406590514,0.0,,,-0.007632405874158497,0.2748426346670856,0.0
M3_LOWRANK_CONTEXT,8,1,745,0.16021505376344086,50.73570715594898,52.18064416214621,-0.028479685948908706,0.6079662437034701,0.368675274569743,0.37279532146945255,0.10823379885890667,0.22301000915582292,0.33223586143513123,0.2763794929169088,0.2879797277102764,0.027965784135491972,0.2585589953132818,0.2705919630524662,0.2902742914393771,0.2913614438086743,0.12596853264212624,0.22301000915582292,0.13341351332056317,0.28343009275919706,0.2845091409143675,0.11330840924205732,0.2585589953132818,0.11933796627601151
M3_LOWRANK_CONTEXT,8,2,746,0.16043010752688172,50.73570715594898,52.17286315831808,-0.02832632248431355,0.6080247024712273,0.36901497624012675,0.3731365488977884,0.10887721216260726,0.22292988528818242,0.33175291467534784,0.2766666802628317,0.2882796751913847,0.028641399806822558,0.25848165069668666,0.2699345005844885,0.2908357203319556,0.2919172263070426,0.12651635811725973,0.22292988528818242,0.13408685224770017,0.2844053369341383,0.28542975949233135,0.11388828819584935,0.25848165069668666,0.11924690168782646
M3_LOWRANK_CONTEXT,8,4,748,0.16086021505376344,50.73570715594898,52.10624521368294,-0.027013283830286783,0.6085252038255401,0.36903865372313766,0.37315992394298,0.10871601118416503,0.22287434657479416,0.3319992145754559,0.27682142729559317,0.2884446479849592,0.02884064732702676,0.2584448936968417,0.269842008111967,0.29127596905323755,0.2923242063994896,0.12641512792939022,0.2228743465747942,0.13354202277799979,0.2846104134798732,0.2856289043988135,0.11407321896506292,0.2584448936968417,0.11932142873111919
M3_LOWRANK_CONTEXT,8,8,752,0.16172043010752687,50.73570715594898,52.06902785560318,-0.02627973028060704,0.6088048182481237,0.36926975461454326,0.3734012925925645,0.10909992458132932,0.22279703307993368,0.3317565047828213,0.2769552807168147,0.2885848417666004,0.02899278539849883,0.25840445734004797,0.26979229862135484,0.2923912650300156,0.29342596833508483,0.12675656055468476,0.22279703307993368,0.13332275747619912,0.2851563411406023,0.28617019021376305,0.1142128733730257,0.25840445734004797,0.11869600945060224
M3_LOWRANK_CONTEXT,8,16,760,0.16344086021505377,50.73570715594898,52.03364990864475,-0.025582431495558167,0.6090706131546235,0.3696238262900635,0.3737645477896361,0.10968163371656121,0.22272984763012993,0.3314064254690847,0.277095946413017,0.28873169935272763,0.029236854133646302,0.25837056757493326,0.2696075189423924,0.29310730469995727,0.2941753103390095,0.1273486075176168,0.22272984763012993,0.13301198343622092,0.28538053256200535,0.28639965366465475,0.11443297319481675,0.25837056757493326,0.11848279259637302
M3_LOWRANK_CONTEXT,8,32,776,0.16688172043010752,50.73570715594898,51.99763058993853,-0.024872491283322695,0.6093412266941528,0.3698220337750605,0.3739621399420163,0.1099437496049663,0.22268636889610313,0.3313285174078153,0.27719533703302385,0.2888267360231631,0.0293928409116823,0.2583506060128357,0.269490335483718,0.2939943306786335,0.2951009078408064,0.1276260013712123,0.22268636889610313,0.13263277787756533,0.28575895281408026,0.28676681712381885,0.11456692032724214,0.25835060601283577,0.11819987840987675
M3_LOWRANK_CONTEXT,8,64,808,0.17376344086021506,50.73570715594898,51.989279752658575,-0.024707896410242736,0.6094039666269315,0.37004273899910045,0.3741839290692541,0.11030253376319882,0.22264623089017957,0.3311481476537835,0.27726998740119163,0.2888939112803476,0.029504688415859823,0.2583351855419114,0.2693966413164706,0.29465979254188596,0.2957779508304559,0.12797282198477192,0.22264623089017951,0.1326444513436333,0.28595618853227306,0.28695991915540614,0.11466725629955588,0.2583351855419114,0.11808132223712127
M3_LOWRANK_CONTEXT,8,80,824,0.17720430107526883,50.73570715594898,51.98295091284176,-0.024583155075754926,0.6094515152704223,0.3700883081533325,0.3742299261927226,0.11037985318707684,0.2226330111540456,0.33110065771021413,0.27729214783720646,0.28891596012516724,0.029539499072086743,0.2583308845168459,0.2693740233799625,0.29490324575840743,0.29601863795804945,0.12805218786743702,0.2226330111540456,0.13261301868600328,0.28603951419776097,0.28704699004087686,0.11469845883364901,0.2583308845168459,0.1180856199199675
M3_LOWRANK_CONTEXT,8,92,836,0.17978494623655913,50.73570715594898,51.98862285355457,-0.024694948939105954,0.60940890191716,0.37010780718722375,0.37425013691779,0.1104256818447818,0.22262835461646202,0.33103075244705926,0.27729735621153145,0.2889224426899814,0.029559073454505397,0.258329060746084,0.26934103270994847,0.29500562422491733,0.29611860604633466,0.1280955868673395,0.22262835461646202,0.13250601990815494,0.28607063979358494,0.2870772968677326,0.11471513271048069,0.258329060746084,0.11808001001475128
M3_LOWRANK_CONTEXT,16,0,1488,0.32,47.700013768908434,47.700013768908434,0.0,0.6416292693682946,0.3477727769791025,0.35177136409804616,0.05232496629855413,0.22593822201185812,0.3808004309685208,0.26569947032632063,0.279081411285726,-0.011916396592434061,0.2611966249859522,0.30705999493884034,,,-0.008373487019068756,0.22593822201185812,0.0,,,-0.008054615105255783,0.2611966249859522,0.0
M3_LOWRANK_CONTEXT,16,1,1489,0.32021505376344084,47.700013768908434,47.682855463125705,0.00035971280565783026,0.6417581799092757,0.40203018943128693,0.4061129401804449,0.16214431478314484,0.21786546575533675,0.2805639055773602,0.3116207158596822,0.323330087975355,0.08770998121581045,0.25222229530829543,0.21202516071544067,0.2810044717247548,0.28301899863423524,0.0989640251688477,0.21786546575533675,0.10884117213475941,0.2615624873741435,0.2640571308631295,0.08385943634680072,0.25222229530829543,0.0907967414666301
M3_LOWRANK_CONTEXT,16,2,1490,0.3204301075268817,47.700013768908434,47.65756551834849,0.0008899001741506929,0.6419481835438943,0.40271178097862376,0.40682935763705463,0.16318755374245564,0.2177112964639078,0.2797988430730173,0.31206585165871276,0.32379520474699913,0.08825711949956808,0.2521135688058194,0.2115359514952194,0.282906825512192,0.2848884524924827,0.10007467906414845,0.2177112964639078,0.10839683316464417,0.26267114599322683,0.2650719461404825,0.0844171239859961,0.2521135688058194,0.0903272852092235
M3_LOWRANK_CONTEXT,16,4,1492,0.32086021505376344,47.700013768908434,47.640859021046595,0.0012401411066341739,0.6420736996427654,0.4027632655070716,0.4069048655006031,0.1630133381612932,0.21762962066741903,0.28008788074525887,0.3123420041346548,0.32408688091077104,0.08852338350011896,0.25204753661618357,0.21140691561010136,0.28300548232087025,0.2849703999051165,0.09986831481869624,0.21762962066741903,0.1084518628506434,0.2633777366893061,0.2657887847901569,0.08470516401499134,0.25204753661618357,0.09022885524841204
M3_LOWRANK_CONTEXT,16,8,1496,0.3217204301075269,47.700013768908434,47.51780432082135,0.003819903469416852,0.6429982109655721,0.4030798301048293,0.4072731731406063,0.1634054473637699,0.217526869891628,0.2805726051413092,0.3125138348207054,0.32426141233369477,0.08870859126213558,0.25200008871592944,0.21134946517771053,0.2842613641178881,0.28620527650324384,0.10037464149659829,0.217526869891628,0.10912931018103454,0.26417356554892346,0.26654434777553854,0.08490770580335236,0.25200008871592944,0.09057104171854674
M3_LOWRANK_CONTEXT,16,16,1504,0.32344086021505375,47.700013768908434,47.44330236529543,0.005381788878650817,0.6435579449808422,0.4035964824155465,0.4077821313258386,0.16409330984912612,0.2174410894514745,0.28030316905331204,0.3126819926868835,0.3244460424111852,0.08896535208786123,0.25196718458677897,0.2111703250827093,0.2857842776382891,0.28771576279622096,0.10113365367626795,0.2174410894514745,0.10927704481057895,0.26451858604145373,0.266929022321472,0.08515892344711179,0.25196718458677897,0.09040292475259157
M3_LOWRANK_CONTEXT,16,32,1520,0.32688172043010755,47.700013768908434,47.35036317256731,0.007330199065247012,0.644256198162983,0.40400042696653626,0.40818665926644193,0.1645661244751934,0.21736740064899904,0.2802417571003785,0.3128883633270496,0.3246468363918285,0.08919577910534812,0.25193362745477027,0.211007838060393,0.2867145625386214,0.28865123780660995,0.10168613220409882,0.21736740064899904,0.10892141073977987,0.2649953795822835,0.26740822097820754,0.08539211796308997,0.25193362745477016,0.0901736087762325
M3_LOWRANK_CONTEXT,16,64,1552,0.33376344086021503,47.700013768908434,47.33891814950717,0.007570136586346865,0.6443421847477255,0.40426462829554843,0.4084497902053123,0.16489648686412645,0.2173116368129489,0.2800162403608534,0.31305168859143767,0.3247995616357546,0.08937589020017433,0.2519081800119162,0.21086755477812089,0.28742713294606953,0.28936463761488845,0.10208127054049923,0.2173116368129489,0.10867771552109312,0.26547088146806025,0.26783660255401626,0.0855813392481573,0.2519081800119162,0.09003320795295708
M3_LOWRANK_CONTEXT,16,80,1568,0.33720430107526883,47.700013768908434,47.32309737195786,0.007901808975918079,0.6444610464243065,0.40433107171481697,0.40851545977218046,0.16498001885140715,0.21729721541452704,0.2799796647368832,0.31308838846373965,0.32483702532236475,0.08941469653337686,0.2519025533125249,0.21085370262376132,0.2876867059344959,0.28961357430401635,0.10218344293117089,0.21729721541452704,0.10859875399798144,0.265584874306094,0.2679436817472109,0.08562244310482163,0.2519025533125249,0.08999637934849934
M3_LOWRANK_CONTEXT,16,92,1580,0.33978494623655914,47.700013768908434,47.32208904731347,0.007922947851249917,0.6444686219785039,0.4043710683197543,0.408556838117309,0.16504387718007307,0.21729114832004884,0.2798987070346136,0.3131064711089171,0.3248554920254732,0.08944090417462915,0.25189992695290314,0.21081862738890622,0.28781484655234235,0.2897433510232458,0.10225348398673555,0.21729114832004878,0.10852674873830084,0.2656314122616949,0.2679911584817324,0.08564809104927613,0.25189992695290314,0.0900134165171042
M3_LOWRANK_CONTEXT,24,0,2232,0.48,46.704547459839226,46.70454745983923,-2.220446049250313e-16,0.6491082187503366,0.36929547676437935,0.37308669925468496,0.10613024507817619,0.2215167956935756,0.32757546290693323,0.2864477914505864,0.29953495977026146,0.04052656181187538,0.25608157486322847,0.25519585911994613,,,-0.008258942705797058,0.2215167956935756,0.0,,,-0.007943467722423523,0.25608157486322847,0.0
M3_LOWRANK_CONTEXT,24,1,2233,0.48021505376344087,46.704547459839226,45.356330611362075,0.028866928849625828,0.6592373868335892,0.41679434961351086,0.4207681652287709,0.1813273728152255,0.21606411892960872,0.26474945922986665,0.3281115561396916,0.3397427744189788,0.10855098532461155,0.2500065043891537,0.1926510369082165,0.2571169409195557,0.2598060822195622,0.07564264246505616,0.2160641189296087,0.08719329012206464,0.23356693506541507,0.23709863903805248,0.06225786229099479,0.2500065043891537,0.0706044658917556
M3_LOWRANK_CONTEXT,24,2,2234,0.4804301075268817,46.704547459839226,45.258345174184534,0.03096491378913946,0.65997355250605,0.4181309638166101,0.42214962901128666,0.182939317065911,0.2157631394992914,0.2637680049692386,0.32902968849491104,0.34070680522753843,0.10951986302930965,0.24981089935812062,0.1918286939374249,0.2594455038465713,0.26216841187333556,0.0774749491719488,0.2157631394992914,0.0875851054340856,0.23548630245365584,0.23902213052816443,0.06327672060552586,0.24981089935812062,0.07008585437758315
M3_LOWRANK_CONTEXT,24,4,2236,0.4808602150537634,46.704547459839226,45.19565466195486,0.03230719233885837,0.6604445470172942,0.41825078003922483,0.422336772366531,0.18277796833191381,0.21563944197965335,0.2647993629066646,0.3294375671936251,0.3411212666659447,0.10989794885035764,0.24970594679978741,0.19151907093874262,0.2605583651480703,0.2632995776970805,0.07723381772437907,0.21563944197965332,0.08879371279490936,0.23642648832452254,0.24002462014811773,0.06367832904112006,0.24970594679978741,0.06990224673799786
M3_LOWRANK_CONTEXT,24,8,2240,0.4817204301075269,46.704547459839226,45.10344214584022,0.03428157216116445,0.6611373406700065,0.41840993184001624,0.42257150097127905,0.1830638071162111,0.21553055670938912,0.2654039857935502,0.32962348260473523,0.34131028980899175,0.10996260721990121,0.24965336686805273,0.19186406935573652,0.2613284130488363,0.2641408906687803,0.077631415316131,0.21553055670938912,0.09010721941350269,0.23706388095356654,0.24065872801345117,0.06377327632349276,0.24965336686805278,0.07060298058981111
M3_LOWRANK_CONTEXT,24,16,2248,0.4834408602150538,46.704547459839226,44.85193006252323,0.039666745490019806,0.6630269537317068,0.41921091382457054,0.4233667648287686,0.18395428335610053,0.21538523074009133,0.26583298625777535,0.3298915232249112,0.3416141391531799,0.11022260597602433,0.24960386361432793,0.19219874801671,0.26338885144704743,0.26614829467336126,0.07874775506133966,0.21538523074009133,0.09118311007108826,0.2377155571570654,0.24141463523288517,0.0640624772862773,0.24960386361432793,0.0713515948132697
M3_LOWRANK_CONTEXT,24,32,2264,0.4868817204301075,46.704547459839226,44.70370116979612,0.04284050266761741,0.6641405990410079,0.41987988451759894,0.42403628039693025,0.18476142087625255,0.21527398592527328,0.2656020527267261,0.33034393124356803,0.34204912111896024,0.11068673782561293,0.2495424041433986,0.1918700499772296,0.26479781967738353,0.26756131380574216,0.07971882395295103,0.2152739859252733,0.09075059923265351,0.2385908679101699,0.24223934885453785,0.06455464165663957,0.2495424041433986,0.07095356819666854
M3_LOWRANK_CONTEXT,24,64,2296,0.49376344086021506,46.704547459839226,44.689862292314885,0.04313680952067356,0.6642445706804733,0.4204109267983813,0.4245743469188064,0.18539641726424483,0.21518393389717913,0.26504292669792273,0.33066337145324726,0.34236047493932237,0.11104445249472143,0.2494966259333075,0.19148743688363454,0.2661863747682022,0.2689504558607728,0.08047628000342144,0.21518393389717913,0.09010790931212341,0.23941270353139066,0.24300846318121336,0.06493722610149108,0.2494966259333075,0.0705699556284215
M3_LOWRANK_CONTEXT,24,80,2312,0.4972043010752688,46.704547459839226,44.66036994470143,0.04376827581715814,0.6644661470140458,0.42052508892951057,0.42468606616054666,0.1855239957285053,0.21516321979910988,0.2650187533283428,0.33073030058295044,0.34242820853957934,0.11111280950416057,0.24948700603138732,0.19145773905427182,0.2665039673840572,0.2692549942988674,0.08063161599062875,0.21516321979910988,0.09005954867089741,0.2395872584045234,0.24317436265750428,0.06501144440958137,0.24948700603138738,0.07051153931316888
M3_LOWRANK_CONTEXT,24,92,2324,0.4997849462365591,46.704547459839226,44.6555143231073,0.043872240459965295,0.6645026273527475,0.4205994808812059,0.424760723881209,0.18561942276436338,0.2151528265808538,0.2649284832821788,0.3307711103237948,0.34247065971355256,0.1111609090000338,0.24948172167921417,0.19140196792970726,0.2667108818957088,0.2694615360498281,0.08074630663027035,0.21515282658085383,0.08992044761796138,0.23969936839955575,0.24328232729193597,0.0650623646602712,0.24948172167921417,0.07049827653707012
M3_LOWRANK_CONTEXT,32,0,2976,0.64,46.190744492457995,46.190744492457995,0.0,0.6529684261228799,0.383579215195308,0.38729354377694675,0.133632362130734,0.21924968109708554,0.3006950174431421,0.3002264764707937,0.3130000448184753,0.06699433423657083,0.25349540736194476,0.22928329684203877,,,-0.008015826616242451,0.21924968109708554,0.0,,,-0.007730218365382458,0.25349540736194476,0.0
M3_LOWRANK_CONTEXT,32,1,2977,0.6402150537634409,46.190744492457995,44.001312845022305,0.047399791267559666,0.6694176502879081,0.42464999923714986,0.42864737059223584,0.19074468059252347,0.21517636137924886,0.2580475573580228,0.33703439164112137,0.34866793778046845,0.11848509222970496,0.2489285402580031,0.18442073483251847,0.2366723066877867,0.23987117786089648,0.05999402785298256,0.21517636137924884,0.07300597822083162,0.21199038988861166,0.21632497365752154,0.04842740612323076,0.24892854025800315,0.05789630106535957
M3_LOWRANK_CONTEXT,32,2,2978,0.6404301075268817,46.190744492457995,43.82162772836499,0.05128985882615156,0.6707676265552545,0.42609148810472025,0.4301454807517368,0.1923939272724918,0.2147983930729383,0.25745834735587164,0.33837302441126577,0.35008479320509245,0.11974780403998404,0.24864079051852553,0.18356238409935483,0.23974903231479505,0.24293954565650874,0.06195318710845172,0.2147983930729383,0.07347230218473697,0.2147774946838536,0.2192191670875799,0.04979960975448592,0.24864079051852553,0.05751802336709046
M3_LOWRANK_CONTEXT,32,4,2980,0.6408602150537634,46.190744492457995,43.76285355420066,0.05256228200984636,0.6712091975753298,0.4264985748004882,0.4306195567169436,0.19249612001467223,0.2146151287667012,0.25820048789929173,0.33893275510768256,0.35066445339784336,0.12024332351285334,0.24851001272729126,0.18316701709939756,0.2409595999121797,0.24419278972479994,0.062080016219737355,0.2146151287667012,0.07495763036976578,0.21594658400528527,0.2204281363205007,0.05034496899681156,0.24851001272729126,0.057187811390045654
M3_LOWRANK_CONTEXT,32,8,2984,0.6417204301075269,46.190744492457995,43.63070929840599,0.0554231204147404,0.6722019988295884,0.42675787077945815,0.43097936400953557,0.1928537891241078,0.2144620063129423,0.25937159248983793,0.3390746889734815,0.35083194208017826,0.12023633314811422,0.24843924920569485,0.18354357194274198,0.24223064991312138,0.2456184519581235,0.06257924808999968,0.21446200631294224,0.07709096051786817,0.2165301327684912,0.221027014514311,0.050348177737823206,0.2484392492056949,0.05789677363693315
M3_LOWRANK_CONTEXT,32,16,2992,0.6434408602150538,46.190744492457995,43.28947409808052,0.06281064369618883,0.6747657026610032,0.42752346581752904,0.4317479398458745,0.19369373724125638,0.2143012708605226,0.2600933330760585,0.3393390592053129,0.3511384868482686,0.12044045093163705,0.2483852970828939,0.18437972016547374,0.24424271312772872,0.24760136158086524,0.06366677597020298,0.21430127086052264,0.07837694266140995,0.21726299582436995,0.2219379535736433,0.05061283559732156,0.2483852970828939,0.05930363473218809
M3_LOWRANK_CONTEXT,32,32,3008,0.6468817204301075,46.190744492457995,43.074537680589316,0.06746387931412301,0.6763805223411161,0.4283634877438156,0.43259110525929745,0.19467935040400342,0.2141546287424937,0.25994783568422275,0.3399684669784467,0.3517411818370478,0.12106094113918155,0.248302280163465,0.18398592524001306,0.2461243570757837,0.24951554485634567,0.06490387949266539,0.2141546287424937,0.07823586114586899,0.21849388171133313,0.22309251244813552,0.051300151914240796,0.248302280163465,0.05891608450996234
M3_LOWRANK_CONTEXT,32,64,3040,0.6537634408602151,46.190744492457995,43.05333038207141,0.06792300372856863,0.6765398530092666,0.4290160779850483,0.43326388705358115,0.1954433932977019,0.21404564372973953,0.2592829586649105,0.3404133687248528,0.3521729875942195,0.1215230080297991,0.24824305902686422,0.18349031655232573,0.2476443199714917,0.2510767617265069,0.06583558385502454,0.2140456437297395,0.0773926842589156,0.2195174700716854,0.22408456150323566,0.051808349618692455,0.24824305902686422,0.0583769645197566
M3_LOWRANK_CONTEXT,32,80,3056,0.6572043010752688,46.190744492457995,43.02423575739125,0.06855288369694423,0.6767584412460456,0.42916710044096124,0.4334137145106352,0.19561370539847847,0.2140190708154925,0.25925561855695883,0.340503223442639,0.35226481526472037,0.12161371992675615,0.24822998690833942,0.18343459806333998,0.24805847183191612,0.2514829276255775,0.06605050947737875,0.2140190708154925,0.07730862146347839,0.21975979034569673,0.22430835558726833,0.05190907268133372,0.24822998690833936,0.058294726344673926
M3_LOWRANK_CONTEXT,32,92,3068,0.6597849462365591,46.190744492457995,43.015533738934515,0.06874127681665587,0.6768238196068868,0.42926562482813707,0.4335121853510558,0.19573580643728136,0.2140053926546737,0.2591199952537843,0.34056384528038025,0.352326263028594,0.12167804566750928,0.2482228321605335,0.18336278439317683,0.24830799322224037,0.25173605698642415,0.06619981656408118,0.2140053926546737,0.07712430116451215,0.21990496535754187,0.2244551072941896,0.051979645996950874,0.2482228321605335,0.05824113084385638
M3_LOWRANK_CONTEXT,40,0,3720,0.8,45.900487646491385,45.90048764649138,1.1102230246251565e-16,0.6551491290145782,0.3938622382040062,0.3975155989198163,0.150144427612082,0.21782115005740088,0.28451028118368704,0.3104603645642631,0.32285799019206135,0.08288990183538548,0.2518675916631786,0.21375541918229649,,,-0.00783010205063374,0.21782115005740085,0.0,,,-0.007648807966036897,0.25186759166317857,0.0
M3_LOWRANK_CONTEXT,40,1,3721,0.8002150537634408,45.900487646491385,43.120458170808504,0.06056644750909057,0.6760355211905809,0.4295581800569864,0.4335607448970004,0.1965059711433432,0.21466132920513883,0.2540936606210646,0.34265788139512526,0.35427702965418495,0.12436943063841102,0.24829983625834787,0.18006191675844413,0.21961219705117,0.223076337246445,0.04960983427475348,0.21466132920513883,0.06313767921801719,0.1944963431882855,0.19955205803099405,0.03909999114743864,0.24829983625834787,0.04962244118092794
M3_LOWRANK_CONTEXT,40,2,3722,0.8004301075268817,45.900487646491385,42.87819711177016,0.06584441015088527,0.6778556312046323,0.43121931597727486,0.43529811811608965,0.1983038715702397,0.21418355529046393,0.25368902312863906,0.3442928397990566,0.3560255200241719,0.12588312926129425,0.24795527190369696,0.17906898970929047,0.22378496207170775,0.22732390046985734,0.05182126868850982,0.21418355529046393,0.0641252459827179,0.19790042689613893,0.20307852594314052,0.04080075098282722,0.247955271903697,0.049099383760326284
M3_LOWRANK_CONTEXT,40,4,3724,0.8008602150537635,45.900487646491385,42.76723134538237,0.06826193929006152,0.6786893182339099,0.43166964107557554,0.4358438762372175,0.19842489341468508,0.21397388942105575,0.25490361977690307,0.3450933480798814,0.3568561351372899,0.1265929285016343,0.24776987880841056,0.17844455230136932,0.22535099656759108,0.22897090698792166,0.0519910794384046,0.21397388942105575,0.06649761966092387,0.19967055146067125,0.2048972156741425,0.04157313272973443,0.24776987880841056,0.048933226619667085
M3_LOWRANK_CONTEXT,40,8,3728,0.8017204301075269,45.900487646491385,42.56694376614243,0.07262545674945065,0.6801940810303403,0.43206460998229296,0.43634895445404087,0.19889853675575075,0.21377693137134327,0.25645694451584067,0.3452933034035226,0.3570842776423715,0.1265727864388572,0.24768462015457718,0.17908316887667472,0.22666969051748653,0.23046691444224698,0.05264912501113461,0.21377693137134324,0.06915474834008105,0.20025085075961999,0.20550851396202094,0.041566689022506265,0.24768462015457718,0.04982843490403867
M3_LOWRANK_CONTEXT,40,16,3736,0.8034408602150538,45.900487646491385,42.20750866243745,0.08045620370083861,0.6828945209369929,0.43295467877951394,0.43723722187515013,0.19989408504566308,0.21358193521003707,0.25716244961965323,0.3455987839449097,0.35744214824020193,0.1268263588179494,0.24761548964873714,0.1800657389067732,0.2290122980795409,0.2327944519833341,0.05396507724142365,0.21358193521003707,0.07045063097507887,0.20107706908195322,0.20653150754606525,0.04190722185412379,0.24761548964873714,0.05153239331226493
M3_LOWRANK_CONTEXT,40,32,3752,0.8068817204301075,45.900487646491385,41.9723773400962,0.08557883603869398,0.6846610651604403,0.43382735831556063,0.4381244580034112,0.20092372141429404,0.2134272476898519,0.25691912704387854,0.34630495545075163,0.35812302396441864,0.12748653449473973,0.2475211862966479,0.17972679424420474,0.23085921627678233,0.23471788922988132,0.05526754472266622,0.2134272476898519,0.07023859294959467,0.20245126594007243,0.20782172516278596,0.04265733066117276,0.24752118629664785,0.05117189419320412
M3_LOWRANK_CONTEXT,40,64,3784,0.813763440860215,45.900487646491385,41.914742262589456,0.0868344888751219,0.6850940781347379,0.43457512163760836,0.43889768092686887,0.2017766046942421,0.21329986563820155,0.25626711373248134,0.34683220063749703,0.35863687418554396,0.1280157111429659,0.2474517948053203,0.17918191377938686,0.23259283073141057,0.23652681938358405,0.05633021630224996,0.21329986563820155,0.0694238640695834,0.2036238789468225,0.20898027720253579,0.04325012743786569,0.2474517948053203,0.0505663857572119
M3_LOWRANK_CONTEXT,40,80,3800,0.8172043010752689,45.900487646491385,41.88784736432639,0.08742042814596807,0.6852961398026337,0.4347547007170479,0.43907283964598387,0.20197206373419455,0.21326979142291774,0.25621381582798697,0.3469445971610911,0.3587504988250229,0.12812585312224842,0.24743627002377774,0.17910321596500992,0.23307269531522706,0.23699021553768582,0.05657769279723433,0.21326979142291777,0.06933148135715034,0.20391102107562126,0.20925308431094536,0.04337447654377125,0.2474362700237778,0.05046842134733337
M3_LOWRANK_CONTEXT,40,92,3812,0.8197849462365592,45.900487646491385,41.87397122829903,0.08772273726595459,0.6854003913659679,0.4348760347009366,0.4391932902704621,0.20211498473933295,0.21325389118768787,0.2560733774828317,0.3470207198579565,0.3588272010780542,0.1282026905871655,0.2474275741019796,0.17901429459912988,0.23337490733322533,0.23729062086850983,0.05675403270448628,0.21325389118768787,0.06914326597410221,0.20409066074960755,0.20942943584501997,0.04346062302153231,0.2474275741019796,0.05040683422957245
M3_LOWRANK_CONTEXT,49,0,4557,0.98,45.72159165575147,45.72159165575147,0.0,0.6564931765701857,0.4018706220481904,0.40539704394557985,0.16165733891657397,0.2168485311080795,0.2730472904340234,0.3183617556706339,0.3305090424072004,0.09398773955734342,0.2507555479173426,0.20273196720995876,,,-0.007848614854414945,0.21684853110807953,0.0,,,-0.007515281413788432,0.2507555479173426,0.0
M3_LOWRANK_CONTEXT,49,1,4558,0.9802150537634409,45.72159165575147,42.29101571550197,0.07503185729138884,0.6822671315243898,0.43265673629049256,0.43670769358435707,0.19919814178797166,0.21428605033148065,0.25459749368234497,0.3462387168434565,0.35785710564894113,0.1274772976810087,0.24793950435289921,0.17815653577109106,0.20577935477913792,0.20961852163354888,0.03996412431159985,0.21428605033148065,0.061405690406311435,0.1798609156816213,0.18530281795440418,0.031127420263685507,0.24793950435289916,0.04556175344539761
M3_LOWRANK_CONTEXT,49,2,4559,0.9804301075268818,45.72159165575147,42.08939609270129,0.07944158178914296,0.6837819019788139,0.4343859025419327,0.438522980947861,0.20135913090469632,0.213797323840471,0.25375662395117665,0.3479327511957441,0.3596736661196992,0.12926659861998133,0.2475516547213725,0.17655867950461565,0.2103205866823073,0.2143157139676655,0.04269313615702914,0.213797323840471,0.06176016853252226,0.1831238082733479,0.18874600559836344,0.03313911519046552,0.2475516547213725,0.044227182686473465
M3_LOWRANK_CONTEXT,49,4,4561,0.9808602150537634,45.72159165575147,41.80863524091852,0.08558224403678927,0.6858912613612583,0.4353617156239933,0.4395927388214218,0.20209199944749806,0.21350309973626524,0.2552494264912232,0.3487160199464916,0.360525560672572,0.12970609788251883,0.247367077363198,0.17722611151965165,0.2130959735427022,0.21719107254805797,0.04365872605647822,0.21350309973626524,0.06407456015732715,0.18520619665009927,0.19088704032714704,0.03366401292093137,0.247367077363198,0.04546344943466289
M3_LOWRANK_CONTEXT,49,8,4565,0.9817204301075269,45.72159165575147,41.81721375601076,0.0853946190049043,0.6858268108825596,0.43590676744513346,0.4402530281020593,0.2030564038366506,0.21328839522306078,0.25521862302042175,0.34928084018437494,0.3610910603589151,0.13036542631329204,0.24723496966404215,0.1768578101255176,0.2136469047850028,0.2179738753813438,0.044883870956190806,0.21328839522306078,0.06388004000818616,0.18606295613639973,0.19179609445607623,0.03441933752930135,0.24723496966404215,0.04500700805535153
M3_LOWRANK_CONTEXT,49,16,4573,0.9834408602150537,45.72159165575147,41.68104142215499,0.08837291282461734,0.68684987513181,0.43664015388193983,0.44098911783612427,0.2040070278733857,0.21311155409871554,0.25490123760926536,0.34957585745185327,0.36144886160979367,0.1307710508678251,0.24714874689297636,0.17672242218236758,0.2150994211115434,0.21943304384637238,0.04611517821165562,0.21311155409871554,0.0635574178075087,0.18638993213207397,0.19235577840484472,0.03488753765549129,0.24714874689297636,0.044733327777846665
M3_LOWRANK_CONTEXT,49,32,4589,0.9868817204301076,45.72159165575147,41.47018058051004,0.09298475668238526,0.688434074965546,0.43751490900597384,0.44188221223111734,0.20504031913063048,0.21295716061739028,0.2544463318950821,0.35027131564701897,0.3621143701097566,0.1314020134038811,0.24705353080232526,0.17633011064754192,0.2167919778636952,0.22121043323919776,0.04743396659648127,0.21295716061739028,0.06294978536564559,0.1877594866168193,0.19361516121944164,0.035612357789537676,0.24705353080232526,0.04433247121832931
M3_LOWRANK_CONTEXT,49,64,4621,0.9937634408602151,45.72159165575147,41.41767784754228,0.09413307044545516,0.6888285285785989,0.43823990857741435,0.4426331058180109,0.20584769602704148,0.21283374914959427,0.2538082480191823,0.35080340539811433,0.3626324813650762,0.13191088342692997,0.24698387571079117,0.17582886063663544,0.21842797445573683,0.22293134551394012,0.04845106830680098,0.21283374914959427,0.0620316493153337,0.18894171225841122,0.1947860807533552,0.03619213461645821,0.24698387571079117,0.043723509357325004
M3_LOWRANK_CONTEXT,49,80,4637,0.9972043010752688,45.72159165575147,41.383581173765435,0.094878816001156,0.6890846972655247,0.4384128916163243,0.44280058255250165,0.20603155691816818,0.2128034501408731,0.2537892715873711,0.3509216992678875,0.36275290723857223,0.132023519340467,0.24696813430256156,0.17576504705772264,0.2188846753987501,0.22337008970036648,0.048686822652255865,0.21280345014087315,0.06194700424946283,0.18923437315254302,0.19507043427039095,0.03632036565110432,0.24696813430256156,0.04364087340812743
M3_LOWRANK_CONTEXT,49,92,4649,0.9997849462365591,45.72159165575147,41.368260237998996,0.09521390791750473,0.6891998036252666,0.43854037876859414,0.4429286639704988,0.20617913426781712,0.2127872573664983,0.25367173661830794,0.35099971038960215,0.36283083177467473,0.13209758336443445,0.2469595264453127,0.17568353212827395,0.2191971145374578,0.22368506275251943,0.0488713435933266,0.21278725736649828,0.061771757769996674,0.18941607963185025,0.19524721007896997,0.03640447564726636,0.2469595264453127,0.04356974776462749
