target_context_index,plate,m,k,alpha,ridge_lambda,rank,alpha_cv_loss,ridge_cv_loss,rank_cv_loss,pseudo_target_cases,validation_interventions,target_outcome_used
0,plate6,1,0,0.0,1e-08,0,,,,0,0,False
0,plate6,1,1,0.0,1e-08,0,,,,0,0,False
0,plate6,1,2,0.0,1e-08,0,,,,0,0,False
0,plate6,1,4,0.0,1e-08,0,,,,0,0,False
0,plate6,1,8,0.0,1e-08,0,,,,0,0,False
0,plate6,1,16,0.0,1e-08,0,,,,0,0,False
0,plate6,1,32,0.0,1e-08,0,,,,0,0,False
0,plate6,1,64,0.0,1e-08,0,,,,0,0,False
0,plate6,1,80,0.0,1e-08,0,,,,0,0,False
0,plate6,1,92,0.0,1e-08,0,,,,0,0,False
0,plate6,2,0,0.0,1e-08,0,,,,0,0,False
0,plate6,2,1,0.25,1e-08,0,5366263.430657804,5696312.328491211,,16,1488,False
0,plate6,2,2,0.25,1e-08,0,5181414.474147379,5696312.328491211,,16,1488,False
0,plate6,2,4,0.5,1e-08,0,4839936.638374805,5696312.328491211,,16,1488,False
0,plate6,2,8,0.75,1e-08,0,4596119.733930338,5696312.328491211,,16,1488,False
0,plate6,2,16,0.75,1e-08,0,4424993.895910633,5696312.328491211,,16,1488,False
0,plate6,2,32,1.0,1e-08,0,4305818.175146116,5696312.328491211,,16,1488,False
0,plate6,2,64,1.0,1e-08,0,4233523.169212664,5696312.328491211,,16,1488,False
0,plate6,2,80,1.0,1e-08,0,4226670.354564387,5696312.328491211,,16,1488,False
0,plate6,2,92,1.0,1e-08,0,4226425.716863486,5696312.328491211,,16,1488,False
0,plate6,4,0,0.0,1e-08,0,,,,0,0,False
0,plate6,4,1,0.125,100.0,2,9049322.16157141,8986142.655784184,8988248.659861352,32,2976,False
0,plate6,4,2,0.25,1000.0,2,8696915.765350046,9010973.512442835,9013306.61184931,32,2976,False
0,plate6,4,4,0.5,1000.0,2,8172436.042171486,9007428.585840605,9012021.067012414,32,2976,False
0,plate6,4,8,0.75,1000.0,2,7784107.992717862,8996509.446049623,8998396.131753465,32,2976,False
0,plate6,4,16,0.75,1000.0,2,7464529.393549151,8992372.777215114,8993468.726028431,32,2976,False
0,plate6,4,32,1.0,1000.0,2,7268825.840638127,8975978.91323537,8976291.891218977,32,2976,False
0,plate6,4,64,1.0,1000.0,2,7152105.283651856,8965080.407930749,8965146.133701516,32,2976,False
0,plate6,4,80,1.0,1000.0,2,7139592.278682097,8964129.212505342,8964156.916819574,32,2976,False
0,plate6,4,92,1.0,1000.0,2,7139295.161599097,8964020.098415395,8964048.603581248,32,2976,False
0,plate6,8,0,0.0,1e-08,0,,,,0,0,False
0,plate6,8,1,0.125,100.0,4,10141823.66564503,9451433.82205745,9486099.074218893,40,3720,False
0,plate6,8,2,0.25,1000.0,4,9733022.975956822,9439972.035789484,9479337.640633065,40,3720,False
0,plate6,8,4,0.5,1000.0,4,9130295.537712568,9422741.284380162,9469839.386971733,40,3720,False
0,plate6,8,8,0.75,1000.0,4,8662682.759748997,9410521.766725332,9457935.19706981,40,3720,False
0,plate6,8,16,0.75,1000.0,4,8300069.538399471,9399699.95672268,9446599.697946664,40,3720,False
0,plate6,8,32,1.0,1000.0,4,8082286.569017883,9384913.018790824,9432525.38317365,40,3720,False
0,plate6,8,64,1.0,1000.0,4,7952505.212082812,9376611.376222944,9425326.738036793,40,3720,False
0,plate6,8,80,1.0,1000.0,4,7938273.707557456,9375563.363621937,9424678.054107727,40,3720,False
0,plate6,8,92,1.0,1000.0,4,7937992.497575321,9375543.787492147,9424641.150092132,40,3720,False
0,plate6,16,0,0.0,1e-08,0,,,,0,0,False
0,plate6,16,1,0.125,1000.0,8,9262178.907194415,8891892.413035026,8941304.824132362,40,3720,False
0,plate6,16,2,0.25,1000.0,8,8889216.376170017,8880806.821551992,8923846.373577762,40,3720,False
0,plate6,16,4,0.5,1000.0,8,8340709.594861244,8860921.786716381,8904290.458382158,40,3720,False
0,plate6,16,8,0.75,1000.0,8,7913174.134629133,8842616.765874932,8889856.811455311,40,3720,False
0,plate6,16,16,0.75,1000.0,8,7583046.042888064,8821734.083544929,8871160.957415564,40,3720,False
0,plate6,16,32,1.0,1000.0,8,7383632.110557798,8803044.767558806,8857662.02162272,40,3720,False
0,plate6,16,64,1.0,1000.0,8,7265332.7993741315,8795341.138099756,8852213.686424764,40,3720,False
0,plate6,16,80,1.0,1000.0,8,7252460.022238713,8794098.568791319,8851474.740572369,40,3720,False
0,plate6,16,92,1.0,1000.0,8,7252171.154147753,8794091.162197554,8851463.771476576,40,3720,False
0,plate6,24,0,0.0,1e-08,0,,,,0,0,False
0,plate6,24,1,0.125,1000.0,16,8730070.143669015,8715143.97826367,8750470.54192503,40,3720,False
0,plate6,24,2,0.25,1000.0,16,8381253.563302003,8690350.87789782,8717444.935522184,40,3720,False
0,plate6,24,4,0.5,1000.0,16,7868465.093408394,8662555.752132166,8686950.644990826,40,3720,False
0,plate6,24,8,0.75,1000.0,16,7466870.756624163,8645074.350087993,8668292.045561237,40,3720,False
0,plate6,24,16,0.75,1000.0,16,7152123.988100925,8620407.414479623,8645903.774593173,40,3720,False
0,plate6,24,32,1.0,1000.0,16,6963943.735624714,8599269.155411089,8626883.525226507,40,3720,False
0,plate6,24,64,1.0,1000.0,16,6852050.803262147,8589332.944596564,8618198.32369851,40,3720,False
0,plate6,24,80,1.0,1000.0,16,6839917.130532105,8587863.932911588,8616841.105497142,40,3720,False
0,plate6,24,92,1.0,1000.0,16,6839626.593243486,8587857.137449874,8616841.369784135,40,3720,False
0,plate6,32,0,0.0,1e-08,0,,,,0,0,False
0,plate6,32,1,0.125,1000.0,24,8627343.793815766,8624398.609564172,8662915.40221165,40,3720,False
0,plate6,32,2,0.25,1000.0,24,8282905.034522163,8598833.838241652,8629568.742774075,40,3720,False
0,plate6,32,4,0.5,1000.0,24,7777356.864003819,8569299.651994506,8597323.779784312,40,3720,False
0,plate6,32,8,0.75,1000.0,24,7380970.670654385,8552526.422159093,8575094.439860534,40,3720,False
0,plate6,32,16,0.75,1000.0,24,7069524.306456816,8524321.952703238,8545966.359968713,40,3720,False
0,plate6,32,32,1.0,1000.0,24,6883489.574649236,8500758.951154381,8522917.74606851,40,3720,False
0,plate6,32,64,1.0,1000.0,24,6772957.18080463,8489164.972098695,8511887.649291124,40,3720,False
0,plate6,32,80,1.0,1000.0,24,6760928.953753338,8487871.59677893,8510561.15519471,40,3720,False
0,plate6,32,92,1.0,1000.0,24,6760640.598108763,8487863.787642432,8510555.433783922,40,3720,False
0,plate6,40,0,0.0,1e-08,0,,,,0,0,False
0,plate6,40,1,0.125,1000.0,32,8541749.803282855,8559421.479768878,8596464.83467334,40,3720,False
0,plate6,40,2,0.25,1000.0,32,8200695.103932919,8529573.543750122,8555637.544990351,40,3720,False
0,plate6,40,4,0.5,1000.0,32,7700703.807352549,8499537.58207681,8520597.39267777,40,3720,False
0,plate6,40,8,0.75,1000.0,32,7309155.370673571,8484075.779274132,8500013.89547019,40,3720,False
0,plate6,40,16,0.75,1000.0,32,7000994.4085058775,8454550.132374296,8470168.421153406,40,3720,False
0,plate6,40,32,1.0,1000.0,32,6816847.15183912,8427425.322436461,8443096.586626202,40,3720,False
0,plate6,40,64,1.0,1000.0,32,6707286.996356358,8413716.790850043,8429737.866363076,40,3720,False
0,plate6,40,80,1.0,1000.0,32,6695428.932891044,8412174.860194296,8428090.541121753,40,3720,False
0,plate6,40,92,1.0,1000.0,32,6695139.721375187,8412168.901381936,8428084.65365044,40,3720,False
0,plate6,49,0,0.0,1e-08,0,,,,0,0,False
0,plate6,49,1,0.125,1000.0,32,8459332.968052654,8518792.023696205,8555892.390190838,40,3720,False
0,plate6,49,2,0.25,1000.0,32,8122224.724080274,8485618.210623968,8513623.092029897,40,3720,False
0,plate6,49,4,0.5,1000.0,32,7628476.3906541765,8454086.83704765,8480307.165314334,40,3720,False
0,plate6,49,8,0.75,1000.0,32,7240819.03938598,8438119.348050218,8460803.094082939,40,3720,False
0,plate6,49,16,0.75,1000.0,32,6934913.693846054,8408084.457356622,8431177.737673584,40,3720,False
0,plate6,49,32,1.0,1000.0,32,6752378.889420795,8378136.144691037,8402689.328463754,40,3720,False
0,plate6,49,64,1.0,1000.0,32,6643764.030849359,8361984.646262689,8388547.613297165,40,3720,False
0,plate6,49,80,1.0,1000.0,32,6631997.135278277,8360205.996295756,8387172.453774334,40,3720,False
0,plate6,49,92,1.0,1000.0,32,6631708.341692184,8360187.079207157,8387156.327163445,40,3720,False
0,plate14,1,0,0.0,1e-08,0,,,,0,0,False
0,plate14,1,1,0.0,1e-08,0,,,,0,0,False
0,plate14,1,2,0.0,1e-08,0,,,,0,0,False
0,plate14,1,4,0.0,1e-08,0,,,,0,0,False
0,plate14,1,8,0.0,1e-08,0,,,,0,0,False
0,plate14,1,16,0.0,1e-08,0,,,,0,0,False
0,plate14,1,32,0.0,1e-08,0,,,,0,0,False
0,plate14,1,64,0.0,1e-08,0,,,,0,0,False
0,plate14,1,80,0.0,1e-08,0,,,,0,0,False
0,plate14,1,92,0.0,1e-08,0,,,,0,0,False
0,plate14,2,0,0.0,1e-08,0,,,,0,0,False
0,plate14,2,1,0.25,1e-08,0,6009816.615334272,6745740.185668945,,16,1488,False
0,plate14,2,2,0.5,1e-08,0,5448351.579396486,6745740.185668945,,16,1488,False
0,plate14,2,4,0.75,1e-08,0,4934376.877324909,6745740.185668945,,16,1488,False
0,plate14,2,8,0.75,1e-08,0,4568718.271239096,6745740.185668945,,16,1488,False
0,plate14,2,16,1.0,1e-08,0,4351540.754609702,6745740.185668945,,16,1488,False
0,plate14,2,32,1.0,1e-08,0,4214458.936200269,6745740.185668945,,16,1488,False
0,plate14,2,64,1.0,1e-08,0,4152686.656370886,6745740.185668945,,16,1488,False
0,plate14,2,80,1.0,1e-08,0,4146103.3875188623,6745740.185668945,,16,1488,False
0,plate14,2,92,1.0,1e-08,0,4145876.1297109006,6745740.185668945,,16,1488,False
0,plate14,4,0,0.0,1e-08,0,,,,0,0,False
0,plate14,4,1,0.25,100.0,2,10288541.082959395,10897160.179394497,10899919.05318671,32,2976,False
0,plate14,4,2,0.5,100.0,2,9340207.290185373,10895806.201095074,10897476.617738348,32,2976,False
0,plate14,4,4,0.75,1000.0,2,8537023.668802295,10892640.387156574,10897003.702688899,32,2976,False
0,plate14,4,8,0.75,1000.0,2,7878674.575843475,10886817.387327971,10889044.261642816,32,2976,False
0,plate14,4,16,1.0,1000.0,2,7501066.503748237,10877550.696003292,10877956.04043549,32,2976,False
0,plate14,4,32,1.0,1000.0,2,7263442.728664657,10871112.38453947,10871177.781366447,32,2976,False
0,plate14,4,64,1.0,1000.0,2,7158251.233807039,10868918.332786338,10868981.717597203,32,2976,False
0,plate14,4,80,1.0,1000.0,2,7147057.658720925,10868628.621154664,10868651.453951614,32,2976,False
0,plate14,4,92,1.0,1000.0,2,7146740.594620109,10868609.061506508,10868633.669014556,32,2976,False
0,plate14,8,0,0.0,1e-08,0,,,,0,0,False
0,plate14,8,1,0.25,100.0,4,11820950.501913615,11757357.341632716,11818997.280738529,40,3720,False
0,plate14,8,2,0.5,100.0,4,10744820.161006054,11735956.394236328,11801468.71038565,40,3720,False
0,plate14,8,4,0.75,1000.0,4,9741649.698653806,11715669.931871483,11787393.703249943,40,3720,False
0,plate14,8,8,0.75,1000.0,4,8947132.073395304,11702177.201590866,11775977.503551617,40,3720,False
0,plate14,8,16,1.0,1000.0,4,8506168.857199393,11692675.86013056,11767404.171076767,40,3720,False
0,plate14,8,32,1.0,1000.0,4,8234809.5019059265,11686618.360335642,11762776.091372607,40,3720,False
0,plate14,8,64,1.0,1000.0,4,8114970.379615189,11684353.25989923,11761422.651943278,40,3720,False
0,plate14,8,80,1.0,1000.0,4,8102230.96106043,11684030.478800623,11761168.105703618,40,3720,False
0,plate14,8,92,1.0,1000.0,4,8101863.8626209125,11684023.014347462,11761157.969049431,40,3720,False
0,plate14,16,0,0.0,1e-08,0,,,,0,0,False
0,plate14,16,1,0.25,1000.0,8,10798955.62370037,11080032.717536546,11122979.299801191,40,3720,False
0,plate14,16,2,0.5,1000.0,8,9812986.023557777,11059000.099159347,11106177.465036027,40,3720,False
0,plate14,16,4,0.75,1000.0,8,8897080.316216327,11039462.61709439,11092307.630748013,40,3720,False
0,plate14,16,8,0.75,1000.0,8,8165099.555867368,11020466.094131641,11080141.9233886,40,3720,False
0,plate14,16,16,1.0,1000.0,8,7764314.515444693,11007917.970171386,11072154.545381168,40,3720,False
0,plate14,16,32,1.0,1000.0,8,7517556.660158891,11000165.89561501,11067718.716056054,40,3720,False
0,plate14,16,64,1.0,1000.0,8,7407807.606677497,10997293.605437085,11066526.124653108,40,3720,False
0,plate14,16,80,1.0,1000.0,8,7396240.042597878,10996824.732928718,11066188.027610054,40,3720,False
0,plate14,16,92,1.0,1000.0,8,7395912.046436833,10996824.978422254,11066190.949822994,40,3720,False
0,plate14,24,0,0.0,1e-08,0,,,,0,0,False
0,plate14,24,1,0.25,1000.0,16,10214189.808575775,10875820.445603942,10908885.339910105,40,3720,False
0,plate14,24,2,0.5,1000.0,16,9279512.349101186,10840397.882125376,10864628.611537129,40,3720,False
0,plate14,24,4,0.75,1000.0,16,8411576.128252406,10811350.817509154,10834599.272600897,40,3720,False
0,plate14,24,8,0.75,1000.0,16,7714513.75170697,10789136.64804054,10813678.285764882,40,3720,False
0,plate14,24,16,1.0,1000.0,16,7335843.340015376,10773266.863404112,10800329.120437136,40,3720,False
0,plate14,24,32,1.0,1000.0,16,7101904.022257786,10762871.42720104,10792300.186288549,40,3720,False
0,plate14,24,64,1.0,1000.0,16,6998375.296252605,10758722.285663584,10789425.890169738,40,3720,False
0,plate14,24,80,1.0,1000.0,16,6987519.379099804,10758209.91054124,10788938.870318899,40,3720,False
0,plate14,24,92,1.0,1000.0,16,6987216.192524667,10758206.988920934,10788938.286473317,40,3720,False
0,plate14,32,0,0.0,1e-08,0,,,,0,0,False
0,plate14,32,1,0.25,1000.0,24,10090324.444361288,10778524.33450188,10811280.763311254,40,3720,False
0,plate14,32,2,0.5,1000.0,24,9165922.707748592,10746202.612458989,10772259.906258581,40,3720,False
0,plate14,32,4,0.75,1000.0,24,8309885.333532551,10716705.841728633,10739894.507904118,40,3720,False
0,plate14,32,8,0.75,1000.0,24,7621631.806020666,10692852.994759679,10713082.103912292,40,3720,False
0,plate14,32,16,1.0,1000.0,24,7247911.228636193,10674859.522560617,10694916.652609184,40,3720,False
0,plate14,32,32,1.0,1000.0,24,7016713.074732299,10662991.81525584,10684144.747331936,40,3720,False
0,plate14,32,64,1.0,1000.0,24,6914475.962344918,10658067.183267454,10680094.887367034,40,3720,False
0,plate14,32,80,1.0,1000.0,24,6903707.555344425,10657573.94973506,10679509.250890978,40,3720,False
0,plate14,32,92,1.0,1000.0,24,6903406.563410426,10657564.912977416,10679504.270785611,40,3720,False
0,plate14,40,0,0.0,1e-08,0,,,,0,0,False
0,plate14,40,1,0.25,1000.0,32,9997731.684393955,10697802.685957346,10726283.252720352,40,3720,False
0,plate14,40,2,0.5,1000.0,32,9081348.002674002,10671047.015700884,10690358.112629341,40,3720,False
0,plate14,40,4,0.75,1000.0,32,8234095.635124229,10643356.954642009,10658125.228198074,40,3720,False
0,plate14,40,8,0.75,1000.0,32,7550679.663850522,10619673.087311972,10631419.039194098,40,3720,False
0,plate14,40,16,1.0,1000.0,32,7180186.219815097,10600440.078976978,10611178.955462247,40,3720,False
0,plate14,40,32,1.0,1000.0,32,6951092.189871947,10586821.845237173,10598151.482946668,40,3720,False
0,plate14,40,64,1.0,1000.0,32,6849742.627514133,10580943.160969261,10592856.705928383,40,3720,False
0,plate14,40,80,1.0,1000.0,32,6839067.722615875,10580325.379790334,10592222.101281207,40,3720,False
0,plate14,40,92,1.0,1000.0,32,6838772.078213926,10580325.261126252,10592222.200555485,40,3720,False
0,plate14,49,0,0.0,1e-08,0,,,,0,0,False
0,plate14,49,1,0.25,1000.0,32,9915981.148069343,10659680.929699296,10693459.920894407,40,3720,False
0,plate14,49,2,0.5,1000.0,32,9006558.029899156,10630244.461267965,10657477.206449904,40,3720,False
0,plate14,49,4,0.75,1000.0,32,8163498.404860679,10600469.022279136,10625711.975894343,40,3720,False
0,plate14,49,8,0.75,1000.0,32,7483195.663770812,10575391.40991704,10598618.69769312,40,3720,False
0,plate14,49,16,1.0,1000.0,32,7115220.524683802,10554877.688013995,10578439.814305574,40,3720,False
0,plate14,49,32,1.0,1000.0,32,6887954.893034795,10539845.704497704,10565227.689537436,40,3720,False
0,plate14,49,64,1.0,1000.0,32,6787582.96615811,10533046.583379379,10559959.35773319,40,3720,False
0,plate14,49,80,1.0,1000.0,32,6776992.8440973675,10532368.564952241,10559357.701184768,40,3720,False
0,plate14,49,92,1.0,1000.0,32,6776702.360214256,10532375.596857889,10559358.56892567,40,3720,False
1,plate6,1,0,0.0,1e-08,0,,,,0,0,False
1,plate6,1,1,0.0,1e-08,0,,,,0,0,False
1,plate6,1,2,0.0,1e-08,0,,,,0,0,False
1,plate6,1,4,0.0,1e-08,0,,,,0,0,False
1,plate6,1,8,0.0,1e-08,0,,,,0,0,False
1,plate6,1,16,0.0,1e-08,0,,,,0,0,False
1,plate6,1,32,0.0,1e-08,0,,,,0,0,False
1,plate6,1,64,0.0,1e-08,0,,,,0,0,False
1,plate6,1,80,0.0,1e-08,0,,,,0,0,False
1,plate6,1,92,0.0,1e-08,0,,,,0,0,False
1,plate6,2,0,0.0,1e-08,0,,,,0,0,False
1,plate6,2,1,0.25,1e-08,0,8808181.215687096,9567510.407470703,,16,1488,False
1,plate6,2,2,0.5,1e-08,0,8411939.102737486,9567510.407470703,,16,1488,False
1,plate6,2,4,0.5,1e-08,0,8008667.152657986,9567510.407470703,,16,1488,False
1,plate6,2,8,0.75,1e-08,0,7637278.099130664,9567510.407470703,,16,1488,False
1,plate6,2,16,0.75,1e-08,0,7375134.462918457,9567510.407470703,,16,1488,False
1,plate6,2,32,1.0,1e-08,0,7180474.522274487,9567510.407470703,,16,1488,False
1,plate6,2,64,1.0,1e-08,0,7073306.921345526,9567510.407470703,,16,1488,False
1,plate6,2,80,1.0,1e-08,0,7064902.4563053055,9567510.407470703,,16,1488,False
1,plate6,2,92,1.0,1e-08,0,7064593.082401506,9567510.407470703,,16,1488,False
1,plate6,4,0,0.0,1e-08,0,,,,0,0,False
1,plate6,4,1,0.25,100.0,2,10145698.370980484,10004442.147552384,10010499.098252945,32,2976,False
1,plate6,4,2,0.5,1000.0,2,9906188.894436393,10022177.04793968,10033470.656162003,32,2976,False
1,plate6,4,4,0.5,1000.0,2,9249623.362662064,10024420.777338117,10033842.974855993,32,2976,False
1,plate6,4,8,0.75,1000.0,2,8791878.688874545,10011017.795719178,10015108.429763773,32,2976,False
1,plate6,4,16,0.75,1000.0,2,8472693.591262698,9992894.228065725,9994973.769586574,32,2976,False
1,plate6,4,32,1.0,1000.0,2,8256889.0910473,9969664.050634963,9970236.613283431,32,2976,False
1,plate6,4,64,1.0,1000.0,2,8132443.340602263,9954574.523411041,9954603.60886344,32,2976,False
1,plate6,4,80,1.0,1000.0,2,8121226.358945687,9955181.87854814,9955215.852227965,32,2976,False
1,plate6,4,92,1.0,1000.0,2,8120835.0057795355,9954997.413577631,9955030.78375565,32,2976,False
1,plate6,8,0,0.0,1e-08,0,,,,0,0,False
1,plate6,8,1,0.25,100.0,4,11373729.136836732,10942106.23518509,10988987.397750873,40,3720,False
1,plate6,8,2,0.5,1000.0,4,11092387.054251304,10987088.534515869,11039953.079920312,40,3720,False
1,plate6,8,4,0.5,1000.0,4,10382729.037389563,10954550.507205972,11002882.40995235,40,3720,False
1,plate6,8,8,0.75,1000.0,4,9869429.810605569,10944223.590132486,10984368.749677002,40,3720,False
1,plate6,8,16,0.75,1000.0,4,9507351.737994395,10920637.162781034,10966270.827022238,40,3720,False
1,plate6,8,32,1.0,1000.0,4,9262813.010542354,10902309.691715254,10950528.529703507,40,3720,False
1,plate6,8,64,1.0,1000.0,4,9124283.285986476,10892867.82123061,10942023.554006493,40,3720,False
1,plate6,8,80,1.0,1000.0,4,9111462.32599874,10892512.506042907,10941918.903887484,40,3720,False
1,plate6,8,92,1.0,1000.0,4,9111011.57200593,10892415.355712995,10941852.259433363,40,3720,False
1,plate6,16,0,0.0,1e-08,0,,,,0,0,False
1,plate6,16,1,0.25,100.0,8,10273438.810989423,10438522.295203652,10481237.213800512,40,3720,False
1,plate6,16,2,0.5,1000.0,8,10044718.729988823,10474618.52509058,10518773.199877605,40,3720,False
1,plate6,16,4,0.5,1000.0,8,9392459.735225767,10453075.843132596,10493270.140231928,40,3720,False
1,plate6,16,8,0.75,1000.0,8,8935122.1693224,10454599.310281321,10489636.650957568,40,3720,False
1,plate6,16,16,0.75,1000.0,8,8605424.113450916,10423254.116264116,10463640.63797696,40,3720,False
1,plate6,16,32,1.0,1000.0,8,8387297.4505250305,10400163.7452214,10446185.07722935,40,3720,False
1,plate6,16,64,1.0,1000.0,8,8261458.593816652,10389702.048948638,10438805.262519374,40,3720,False
1,plate6,16,80,1.0,1000.0,8,8249781.411361875,10388739.848052515,10438267.762729948,40,3720,False
1,plate6,16,92,1.0,1000.0,8,8249376.592837306,10388636.021954691,10438190.911335388,40,3720,False
1,plate6,24,0,0.0,1e-08,0,,,,0,0,False
1,plate6,24,1,0.25,100.0,16,10015459.141180687,10237732.458518915,10261628.145720499,40,3720,False
1,plate6,24,2,0.5,1000.0,16,9791089.606259033,10268359.611641334,10292685.600328665,40,3720,False
1,plate6,24,4,0.5,1000.0,16,9155774.682124142,10256859.378675153,10281959.54308425,40,3720,False
1,plate6,24,8,0.75,1000.0,16,8712855.273525394,10262038.992535617,10285512.423101053,40,3720,False
1,plate6,24,16,0.75,1000.0,16,8390493.10826243,10227604.90005152,10252389.604907086,40,3720,False
1,plate6,24,32,1.0,1000.0,16,8177811.807540559,10198985.842005605,10226646.358120814,40,3720,False
1,plate6,24,64,1.0,1000.0,16,8055166.042778585,10186302.067327734,10215537.089819517,40,3720,False
1,plate6,24,80,1.0,1000.0,16,8043893.935971354,10185194.19020465,10214624.551001329,40,3720,False
1,plate6,24,92,1.0,1000.0,16,8043480.908697095,10185077.172514264,10214524.681302078,40,3720,False
1,plate6,32,0,0.0,1e-08,0,,,,0,0,False
1,plate6,32,1,0.25,100.0,24,9844817.316372396,10160586.512194078,10180614.806353943,40,3720,False
1,plate6,32,2,0.5,1000.0,24,9626861.970911125,10194113.92968563,10222826.828822412,40,3720,False
1,plate6,32,4,0.5,1000.0,24,8999901.113630166,10180374.255878825,10206771.116960663,40,3720,False
1,plate6,32,8,0.75,1000.0,24,8565035.053394727,10185172.532685554,10207474.948310314,40,3720,False
1,plate6,32,16,0.75,1000.0,24,8247355.326243234,10147099.446819898,10167705.897521751,40,3720,False
1,plate6,32,32,1.0,1000.0,24,8038455.123224567,10115076.190180015,10136337.506104637,40,3720,False
1,plate6,32,64,1.0,1000.0,24,7917820.142323046,10101066.449584376,10123409.05355534,40,3720,False
1,plate6,32,80,1.0,1000.0,24,7906688.892199145,10099858.457866423,10122200.562525187,40,3720,False
1,plate6,32,92,1.0,1000.0,24,7906289.94965996,10099731.143332796,10122085.186803084,40,3720,False
1,plate6,40,0,0.0,1e-08,0,,,,0,0,False
1,plate6,40,1,0.25,100.0,32,9709050.696482014,10093415.162852248,10106203.9360741,40,3720,False
1,plate6,40,2,0.5,1000.0,32,9497781.566793634,10124608.474868929,10145272.485021899,40,3720,False
1,plate6,40,4,0.5,1000.0,32,8878302.815290155,10110813.540801682,10129902.283946738,40,3720,False
1,plate6,40,8,0.75,1000.0,32,8451125.504700188,10118331.677940676,10133800.408367515,40,3720,False
1,plate6,40,16,0.75,1000.0,32,8137784.426292797,10081148.364321042,10094590.230172224,40,3720,False
1,plate6,40,32,1.0,1000.0,32,7931790.272558604,10047123.389730392,10060403.119834557,40,3720,False
1,plate6,40,64,1.0,1000.0,32,7812752.319911157,10031111.819247352,10044976.810777048,40,3720,False
1,plate6,40,80,1.0,1000.0,32,7801782.317792319,10029666.069478793,10043553.701377073,40,3720,False
1,plate6,40,92,1.0,1000.0,32,7801387.893003735,10029520.808075206,10043417.723159274,40,3720,False
1,plate6,49,0,0.0,1e-08,0,,,,0,0,False
1,plate6,49,1,0.25,100.0,32,9673444.190315649,10045227.808323294,10060503.745286763,40,3720,False
1,plate6,49,2,0.5,1000.0,32,9464817.544011861,10072504.22846183,10101387.190239873,40,3720,False
1,plate6,49,4,0.5,1000.0,32,8846275.577025047,10056604.42952393,10084062.690093959,40,3720,False
1,plate6,49,8,0.75,1000.0,32,8420031.13559237,10064913.074226538,10090351.369267302,40,3720,False
1,plate6,49,16,0.75,1000.0,32,8107459.756604372,10025407.079504093,10049897.55119908,40,3720,False
1,plate6,49,32,1.0,1000.0,32,7902244.142987064,9990626.388276925,10016103.959754042,40,3720,False
1,plate6,49,64,1.0,1000.0,32,7783550.004305921,9974136.114697512,10000620.864322472,40,3720,False
1,plate6,49,80,1.0,1000.0,32,7772624.791421223,9972798.872192087,9999162.715922976,40,3720,False
1,plate6,49,92,1.0,1000.0,32,7772233.258797133,9972648.58719263,9999032.596751586,40,3720,False
1,plate14,1,0,0.0,1e-08,0,,,,0,0,False
1,plate14,1,1,0.0,1e-08,0,,,,0,0,False
1,plate14,1,2,0.0,1e-08,0,,,,0,0,False
1,plate14,1,4,0.0,1e-08,0,,,,0,0,False
1,plate14,1,8,0.0,1e-08,0,,,,0,0,False
1,plate14,1,16,0.0,1e-08,0,,,,0,0,False
1,plate14,1,32,0.0,1e-08,0,,,,0,0,False
1,plate14,1,64,0.0,1e-08,0,,,,0,0,False
1,plate14,1,80,0.0,1e-08,0,,,,0,0,False
1,plate14,1,92,0.0,1e-08,0,,,,0,0,False
1,plate14,2,0,0.0,1e-08,0,,,,0,0,False
1,plate14,2,1,0.5,1e-08,0,9267659.670832157,10980568.461456299,,16,1488,False
1,plate14,2,2,0.5,1e-08,0,8622420.40123856,10980568.461456299,,16,1488,False
1,plate14,2,4,0.75,1e-08,0,8004674.483540699,10980568.461456299,,16,1488,False
1,plate14,2,8,0.75,1e-08,0,7548043.9508986045,10980568.461456299,,16,1488,False
1,plate14,2,16,1.0,1e-08,0,7231798.370148063,10980568.461456299,,16,1488,False
1,plate14,2,32,1.0,1e-08,0,7004792.3092524,10980568.461456299,,16,1488,False
1,plate14,2,64,1.0,1e-08,0,6898001.937146503,10980568.461456299,,16,1488,False
1,plate14,2,80,1.0,1e-08,0,6885904.8726096125,10980568.461456299,,16,1488,False
1,plate14,2,92,1.0,1e-08,0,6885533.89839834,10980568.461456299,,16,1488,False
1,plate14,4,0,0.0,1e-08,0,,,,0,0,False
1,plate14,4,1,0.5,100.0,2,11187677.572724262,11975579.025136342,11976216.134814812,32,2976,False
1,plate14,4,2,0.5,100.0,2,10413514.639612924,12008845.29807216,12010107.464795467,32,2976,False
1,plate14,4,4,0.75,1000.0,2,9602854.006477837,11998383.925127322,12000166.931406274,32,2976,False
1,plate14,4,8,0.75,1000.0,2,8974906.860554518,11985751.10386642,11986043.45166102,32,2976,False
1,plate14,4,16,1.0,1000.0,2,8574591.51751855,11970076.106442612,11970332.081823613,32,2976,False
1,plate14,4,32,1.0,1000.0,2,8297787.788761606,11962306.864969356,11962439.672177453,32,2976,False
1,plate14,4,64,1.0,1000.0,2,8168416.91944756,11957965.83365591,11957981.005051134,32,2976,False
1,plate14,4,80,1.0,1000.0,2,8154500.166809138,11958059.538962323,11958087.607181428,32,2976,False
1,plate14,4,92,1.0,1000.0,2,8154041.362875308,11958013.211882146,11958042.480582703,32,2976,False
1,plate14,8,0,0.0,1e-08,0,,,,0,0,False
1,plate14,8,1,0.5,100.0,4,12676745.434059236,13386329.63589555,13461407.921167081,40,3720,False
1,plate14,8,2,0.5,100.0,4,11797188.771582294,13420463.559676131,13491129.879253546,40,3720,False
1,plate14,8,4,0.75,1000.0,4,10853530.377922034,13401808.927503787,13471552.921797115,40,3720,False
1,plate14,8,8,0.75,1000.0,4,10167035.282112269,13391067.99882287,13461740.110430472,40,3720,False
1,plate14,8,16,1.0,1000.0,4,9720111.333023349,13372282.678330757,13446511.749772355,40,3720,False
1,plate14,8,32,1.0,1000.0,4,9409131.19927079,13364509.786629124,13440391.79841995,40,3720,False
1,plate14,8,64,1.0,1000.0,4,9263213.199952582,13360737.75200089,13437523.091074247,40,3720,False
1,plate14,8,80,1.0,1000.0,4,9247489.120956443,13360484.862356273,13437384.028129637,40,3720,False
1,plate14,8,92,1.0,1000.0,4,9246977.915280007,13360440.280896472,13437352.424142191,40,3720,False
1,plate14,16,0,0.0,1e-08,0,,,,0,0,False
1,plate14,16,1,0.5,100.0,8,11507535.609999776,12804147.280539028,12860170.517273158,40,3720,False
1,plate14,16,2,0.5,1000.0,8,10722064.766919047,12829747.612618368,12879433.215018142,40,3720,False
1,plate14,16,4,0.75,1000.0,8,9864348.089354767,12818725.805529723,12868858.38193891,40,3720,False
1,plate14,16,8,0.75,1000.0,8,9238967.54575828,12816626.606690658,12865702.770040216,40,3720,False
1,plate14,16,16,1.0,1000.0,8,8831845.831786938,12791052.49247896,12848174.022600897,40,3720,False
1,plate14,16,32,1.0,1000.0,8,8548545.461002367,12779961.100814609,12840956.815475762,40,3720,False
1,plate14,16,64,1.0,1000.0,8,8415345.752192216,12774973.955082327,12837695.47671451,40,3720,False
1,plate14,16,80,1.0,1000.0,8,8401137.228920126,12774456.67361922,12837469.746433012,40,3720,False
1,plate14,16,92,1.0,1000.0,8,8400659.492448032,12774403.575190289,12837438.960062226,40,3720,False
1,plate14,24,0,0.0,1e-08,0,,,,0,0,False
1,plate14,24,1,0.5,100.0,16,11208898.389010334,12583746.393276218,12609808.819658965,40,3720,False
1,plate14,24,2,0.5,1000.0,16,10442147.771130288,12606724.798662627,12634821.588324519,40,3720,False
1,plate14,24,4,0.75,1000.0,16,9608421.143882994,12602066.884429947,12629345.578146063,40,3720,False
1,plate14,24,8,0.75,1000.0,16,8999618.473331608,12601493.950148683,12625477.088130428,40,3720,False
1,plate14,24,16,1.0,1000.0,16,8603113.146358136,12572243.43043176,12598251.52898744,40,3720,False
1,plate14,24,32,1.0,1000.0,16,8327079.166345221,12558394.510915497,12586926.376146907,40,3720,False
1,plate14,24,64,1.0,1000.0,16,8197310.62953179,12550671.34869228,12581117.27115648,40,3720,False
1,plate14,24,80,1.0,1000.0,16,8183477.247381469,12549982.762943396,12580595.272384062,40,3720,False
1,plate14,24,92,1.0,1000.0,16,8183018.876124394,12549912.669145534,12580543.681303918,40,3720,False
1,plate14,32,0,0.0,1e-08,0,,,,0,0,False
1,plate14,32,1,0.5,100.0,24,11019750.518378055,12493054.32623449,12512146.505376248,40,3720,False
1,plate14,32,2,0.5,1000.0,24,10268371.383323433,12515373.407364516,12542064.364850726,40,3720,False
1,plate14,32,4,0.75,1000.0,24,9447808.919391124,12509821.989070972,12532764.87542087,40,3720,False
1,plate14,32,8,0.75,1000.0,24,8848664.412140792,12509509.109859163,12528354.884022377,40,3720,False
1,plate14,32,16,1.0,1000.0,24,8457932.208466511,12476555.027518282,12494528.529524347,40,3720,False
1,plate14,32,32,1.0,1000.0,24,8186094.723642494,12460827.995879227,12480303.09674078,40,3720,False
1,plate14,32,64,1.0,1000.0,24,8058543.006512676,12452516.738079112,12473290.908641404,40,3720,False
1,plate14,32,80,1.0,1000.0,24,8044930.00646936,12451743.255928611,12472642.991311822,40,3720,False
1,plate14,32,92,1.0,1000.0,24,8044474.910958768,12451663.968653308,12472574.874282869,40,3720,False
1,plate14,40,0,0.0,1e-08,0,,,,0,0,False
1,plate14,40,1,0.5,1000.0,32,10877897.471115498,12426347.84619925,12441767.706679042,40,3720,False
1,plate14,40,2,0.5,1000.0,32,10137032.00290432,12448472.806709232,12470675.453980558,40,3720,False
1,plate14,40,4,0.75,1000.0,32,9326029.185280915,12442633.670046495,12461796.950904109,40,3720,False
1,plate14,40,8,0.75,1000.0,32,8734844.246761182,12445405.977368198,12461295.60312367,40,3720,False
1,plate14,40,16,1.0,1000.0,32,8348610.751637106,12411351.32733597,12425156.753025347,40,3720,False
1,plate14,40,32,1.0,1000.0,32,8080246.4070910225,12394211.036203051,12408044.364765689,40,3720,False
1,plate14,40,64,1.0,1000.0,32,7954356.826734088,12384566.798350431,12399289.441531638,40,3720,False
1,plate14,40,80,1.0,1000.0,32,7940884.623305322,12383553.093720717,12398344.273781579,40,3720,False
1,plate14,40,92,1.0,1000.0,32,7940436.207269555,12383465.119643737,12398262.141851248,40,3720,False
1,plate14,49,0,0.0,1e-08,0,,,,0,0,False
1,plate14,49,1,0.5,1000.0,32,10839393.054833645,12376873.538065346,12398186.70246969,40,3720,False
1,plate14,49,2,0.5,1000.0,32,10100961.415622463,12397410.270470684,12424202.948787138,40,3720,False
1,plate14,49,4,0.75,1000.0,32,9290528.0578791,12390711.935192335,12414736.714648187,40,3720,False
1,plate14,49,8,0.75,1000.0,32,8702293.783157066,12394962.865198255,12417655.753249118,40,3720,False
1,plate14,49,16,1.0,1000.0,32,8317030.24166068,12359452.948692083,12381459.47635444,40,3720,False
1,plate14,49,32,1.0,1000.0,32,8049798.07035765,12341193.70039628,12364689.541413914,40,3720,False
1,plate14,49,64,1.0,1000.0,32,7924357.302879619,12330706.763120674,12355697.84479548,40,3720,False
1,plate14,49,80,1.0,1000.0,32,7910928.887646603,12329767.241329646,12354863.317351379,40,3720,False
1,plate14,49,92,1.0,1000.0,32,7910482.841644179,12329673.111989671,12354786.224937042,40,3720,False
2,plate6,1,0,0.0,1e-08,0,,,,0,0,False
2,plate6,1,1,0.0,1e-08,0,,,,0,0,False
2,plate6,1,2,0.0,1e-08,0,,,,0,0,False
2,plate6,1,4,0.0,1e-08,0,,,,0,0,False
2,plate6,1,8,0.0,1e-08,0,,,,0,0,False
2,plate6,1,16,0.0,1e-08,0,,,,0,0,False
2,plate6,1,32,0.0,1e-08,0,,,,0,0,False
2,plate6,1,64,0.0,1e-08,0,,,,0,0,False
2,plate6,1,80,0.0,1e-08,0,,,,0,0,False
2,plate6,1,92,0.0,1e-08,0,,,,0,0,False
2,plate6,2,0,0.0,1e-08,0,,,,0,0,False
2,plate6,2,1,0.25,1e-08,0,10982927.284540534,11739589.099029541,,16,1488,False
2,plate6,2,2,0.5,1e-08,0,10592086.672586381,11739589.099029541,,16,1488,False
2,plate6,2,4,0.5,1e-08,0,10092628.911145538,11739589.099029541,,16,1488,False
2,plate6,2,8,0.75,1e-08,0,9572170.85554938,11739589.099029541,,16,1488,False
2,plate6,2,16,0.75,1e-08,0,9188490.472504448,11739589.099029541,,16,1488,False
2,plate6,2,32,1.0,1e-08,0,8948645.89076123,11739589.099029541,,16,1488,False
2,plate6,2,64,1.0,1e-08,0,8799374.874062007,11739589.099029541,,16,1488,False
2,plate6,2,80,1.0,1e-08,0,8783093.33332453,11739589.099029541,,16,1488,False
2,plate6,2,92,1.0,1e-08,0,8782606.272684218,11739589.099029541,,16,1488,False
2,plate6,4,0,0.0,1e-08,0,,,,0,0,False
2,plate6,4,1,0.25,100.0,2,12586067.363497416,12356602.127770092,12358849.877799196,32,2976,False
2,plate6,4,2,0.5,100.0,2,12113645.52166376,12334303.839416137,12334801.913809221,32,2976,False
2,plate6,4,4,0.5,1000.0,2,11563955.5425968,12358139.239356954,12359488.090864096,32,2976,False
2,plate6,4,8,0.75,100.0,2,10965957.126886524,12324523.358389283,12324603.56190306,32,2976,False
2,plate6,4,16,0.75,1e-08,2,10548689.063001595,12307284.314011114,12307284.314011103,32,2976,False
2,plate6,4,32,1.0,100.0,2,10280197.312537553,12300194.644342465,12300201.432754377,32,2976,False
2,plate6,4,64,1.0,1000.0,2,10111308.61801376,12296010.627976721,12296039.61030395,32,2976,False
2,plate6,4,80,1.0,1000.0,2,10092355.761003615,12295654.661423387,12295665.341595156,32,2976,False
2,plate6,4,92,1.0,1000.0,2,10091874.162608285,12295640.50402657,12295651.25271437,32,2976,False
2,plate6,8,0,0.0,1e-08,0,,,,0,0,False
2,plate6,8,1,0.25,100.0,4,13197881.976896286,13009621.76759331,13068515.52291794,40,3720,False
2,plate6,8,2,0.5,1000.0,4,12715445.720507674,12996004.894538386,13053630.056041501,40,3720,False
2,plate6,8,4,0.5,1000.0,4,12123750.55131189,13013972.968676874,13068591.964912789,40,3720,False
2,plate6,8,8,0.75,1000.0,4,11509521.65479974,13007122.267281003,13063442.359202191,40,3720,False
2,plate6,8,16,0.75,1000.0,4,11064561.687082937,12979471.800452465,13038589.318959909,40,3720,False
2,plate6,8,32,1.0,1000.0,4,10783563.452808803,12966476.871983662,13027948.172229111,40,3720,False
2,plate6,8,64,1.0,1000.0,4,10605111.72114721,12958069.661525037,13021605.315704962,40,3720,False
2,plate6,8,80,1.0,1000.0,4,10585254.14320808,12956998.755320357,13020863.052849907,40,3720,False
2,plate6,8,92,1.0,1000.0,4,10584719.555288915,12956934.195473116,13020799.521191446,40,3720,False
2,plate6,16,0,0.0,1e-08,0,,,,0,0,False
2,plate6,16,1,0.25,1000.0,8,12345649.046181845,12358566.22717333,12376647.542237805,40,3720,False
2,plate6,16,2,0.5,1000.0,8,11877965.701191213,12342378.841732174,12363282.314065585,40,3720,False
2,plate6,16,4,0.5,1000.0,8,11332012.486174319,12363473.9694869,12381349.565879634,40,3720,False
2,plate6,16,8,0.75,1000.0,8,10753462.410720896,12365269.981070789,12381858.927151285,40,3720,False
2,plate6,16,16,0.75,1000.0,8,10339167.927383643,12336949.222201638,12359070.934858853,40,3720,False
2,plate6,16,32,1.0,1000.0,8,10075045.549703216,12320308.728527682,12344276.56842307,40,3720,False
2,plate6,16,64,1.0,1000.0,8,9908799.720333725,12307748.713847928,12335213.22701237,40,3720,False
2,plate6,16,80,1.0,1000.0,8,9890110.581232956,12305999.7587266,12334046.689382643,40,3720,False
2,plate6,16,92,1.0,1000.0,8,9889576.405389963,12305912.252313647,12333994.620120853,40,3720,False
2,plate6,24,0,0.0,1e-08,0,,,,0,0,False
2,plate6,24,1,0.25,1000.0,16,11815001.520485979,12151369.274159858,12170429.057804389,40,3720,False
2,plate6,24,2,0.5,1000.0,16,11371402.383889075,12133543.646834744,12152419.10569577,40,3720,False
2,plate6,24,4,0.5,1000.0,16,10849897.741423722,12151384.958014674,12171648.781307478,40,3720,False
2,plate6,24,8,0.75,1000.0,16,10300167.693019826,12155234.931813529,12170779.450780433,40,3720,False
2,plate6,24,16,0.75,1000.0,16,9903213.491043601,12127659.264281861,12141765.283782486,40,3720,False
2,plate6,24,32,1.0,1000.0,16,9650966.398062192,12110023.764127877,12124973.261362268,40,3720,False
2,plate6,24,64,1.0,1000.0,16,9491360.556801053,12096483.579817537,12112742.565712877,40,3720,False
2,plate6,24,80,1.0,1000.0,16,9473470.845803611,12094338.998834282,12110877.976889806,40,3720,False
2,plate6,24,92,1.0,1000.0,16,9472969.05558133,12094242.400479993,12110801.9062792,40,3720,False
2,plate6,32,0,0.0,1e-08,0,,,,0,0,False
2,plate6,32,1,0.25,1000.0,24,11630804.810247865,12062173.16047794,12077455.053199638,40,3720,False
2,plate6,32,2,0.5,1000.0,24,11196111.29495204,12044282.492600968,12060877.552866558,40,3720,False
2,plate6,32,4,0.5,1000.0,24,10683306.945094977,12060350.772937652,12079066.807499856,40,3720,False
2,plate6,32,8,0.75,1000.0,24,10143222.18132111,12064392.513464188,12078835.123264126,40,3720,False
2,plate6,32,16,0.75,1000.0,24,9752560.64285325,12034785.252616076,12047924.475312322,40,3720,False
2,plate6,32,32,1.0,1000.0,24,9504331.241215145,12016409.884881524,12029446.94459545,40,3720,False
2,plate6,32,64,1.0,1000.0,24,9347027.05085083,12001694.390678808,12015460.788418625,40,3720,False
2,plate6,32,80,1.0,1000.0,24,9329427.366527645,11999101.483051801,12013057.9321355,40,3720,False
2,plate6,32,92,1.0,1000.0,24,9328943.487211213,11998998.737216977,12012967.584516162,40,3720,False
2,plate6,40,0,0.0,1e-08,0,,,,0,0,False
2,plate6,40,1,0.25,1000.0,32,11497061.500154968,11999123.763410272,12013558.54716944,40,3720,False
2,plate6,40,2,0.5,1000.0,32,11067520.317276644,11978026.889369486,11992875.23996777,40,3720,False
2,plate6,40,4,0.5,1000.0,32,10560305.810150899,11992154.034361143,12009252.37254713,40,3720,False
2,plate6,40,8,0.75,1000.0,32,10027492.49181498,11995182.728309037,12010201.145909268,40,3720,False
2,plate6,40,16,0.75,1000.0,32,9640940.741905125,11964983.327988332,11978047.537438577,40,3720,False
2,plate6,40,32,1.0,1000.0,32,9395894.624508075,11945051.900175724,11957781.02236584,40,3720,False
2,plate6,40,64,1.0,1000.0,32,9240357.499535305,11929315.42179121,11942299.79169284,40,3720,False
2,plate6,40,80,1.0,1000.0,32,9222964.32126086,11926374.180876732,11939588.329834672,40,3720,False
2,plate6,40,92,1.0,1000.0,32,9222494.647401562,11926271.680646295,11939494.49200347,40,3720,False
2,plate6,49,0,0.0,1e-08,0,,,,0,0,False
2,plate6,49,1,0.25,1000.0,32,11447317.617316222,11959133.293652222,11979414.04393577,40,3720,False
2,plate6,49,2,0.5,1000.0,32,11019441.63735841,11936081.653220033,11957863.909001278,40,3720,False
2,plate6,49,4,0.5,1000.0,32,10513910.192465639,11948611.925927985,11974011.741417846,40,3720,False
2,plate6,49,8,0.75,1000.0,32,9982951.383196495,11950995.03051293,11973174.365659915,40,3720,False
2,plate6,49,16,0.75,1000.0,32,9597673.298569938,11919877.551042693,11942490.271802656,40,3720,False
2,plate6,49,32,1.0,1000.0,32,9353653.149768803,11898924.333221862,11922458.202838888,40,3720,False
2,plate6,49,64,1.0,1000.0,32,9198751.802116076,11882128.247830031,11907066.077463066,40,3720,False
2,plate6,49,80,1.0,1000.0,32,9181419.41363991,11878820.537593706,11904226.871767057,40,3720,False
2,plate6,49,92,1.0,1000.0,32,9180948.374626236,11878712.639168555,11904131.596814986,40,3720,False
2,plate14,1,0,0.0,1e-08,0,,,,0,0,False
2,plate14,1,1,0.0,1e-08,0,,,,0,0,False
2,plate14,1,2,0.0,1e-08,0,,,,0,0,False
2,plate14,1,4,0.0,1e-08,0,,,,0,0,False
2,plate14,1,8,0.0,1e-08,0,,,,0,0,False
2,plate14,1,16,0.0,1e-08,0,,,,0,0,False
2,plate14,1,32,0.0,1e-08,0,,,,0,0,False
2,plate14,1,64,0.0,1e-08,0,,,,0,0,False
2,plate14,1,80,0.0,1e-08,0,,,,0,0,False
2,plate14,1,92,0.0,1e-08,0,,,,0,0,False
2,plate14,2,0,0.0,1e-08,0,,,,0,0,False
2,plate14,2,1,0.5,1e-08,0,11772172.303785801,13804084.389343262,,16,1488,False
2,plate14,2,2,0.5,1e-08,0,10797161.155367374,13804084.389343262,,16,1488,False
2,plate14,2,4,0.75,1e-08,0,9960399.545590803,13804084.389343262,,16,1488,False
2,plate14,2,8,0.75,1e-08,0,9412378.539466798,13804084.389343262,,16,1488,False
2,plate14,2,16,1.0,1e-08,0,9015409.339082826,13804084.389343262,,16,1488,False
2,plate14,2,32,1.0,1e-08,0,8725123.309998866,13804084.389343262,,16,1488,False
2,plate14,2,64,1.0,1e-08,0,8592877.512429021,13804084.389343262,,16,1488,False
2,plate14,2,80,1.0,1e-08,0,8578010.642211368,13804084.389343262,,16,1488,False
2,plate14,2,92,1.0,1e-08,0,8577424.061016116,13804084.389343262,,16,1488,False
2,plate14,4,0,0.0,1e-08,0,,,,0,0,False
2,plate14,4,1,0.5,100.0,2,14361945.073052095,15455800.003026908,15456116.33923265,32,2976,False
2,plate14,4,2,0.5,100.0,2,13198559.159143912,15450567.14356923,15450929.292767838,32,2976,False
2,plate14,4,4,0.75,100.0,2,12123598.183762094,15455812.035668083,15456030.013741061,32,2976,False
2,plate14,4,8,0.75,10.0,2,11453327.426588431,15459487.771186253,15459488.107330587,32,2976,False
2,plate14,4,16,1.0,1e-08,2,10966796.52732324,15452273.313962806,15452273.313962813,32,2976,False
2,plate14,4,32,1.0,1e-08,2,10628239.539025158,15449084.200810341,15449084.20081034,32,2976,False
2,plate14,4,64,1.0,1000.0,2,10470490.851512887,15447800.067003384,15447816.346988894,32,2976,False
2,plate14,4,80,1.0,1000.0,2,10452664.239549764,15447622.192373507,15447624.611573312,32,2976,False
2,plate14,4,92,1.0,1000.0,2,10452008.685841516,15447626.557046978,15447629.74606986,32,2976,False
2,plate14,8,0,0.0,1e-08,0,,,,0,0,False
2,plate14,8,1,0.5,100.0,4,14937541.051684573,16115470.300102022,16175817.950646913,40,3720,False
2,plate14,8,2,0.5,100.0,4,13693064.638717044,16110880.101010738,16172267.882663142,40,3720,False
2,plate14,8,4,0.75,1000.0,4,12581814.799442425,16116507.667140355,16177271.4775338,40,3720,False
2,plate14,8,8,0.75,1000.0,4,11893797.248946413,16137959.238964027,16194650.74624498,40,3720,False
2,plate14,8,16,1.0,1000.0,4,11385066.87406012,16121188.624626342,16180712.556081466,40,3720,False
2,plate14,8,32,1.0,1000.0,4,11029822.640414191,16109027.159167267,16171269.967904322,40,3720,False
2,plate14,8,64,1.0,1000.0,4,10864810.323783774,16104292.281167727,16168104.973184353,40,3720,False
2,plate14,8,80,1.0,1000.0,4,10846399.75492551,16103654.236125236,16167684.278457293,40,3720,False
2,plate14,8,92,1.0,1000.0,4,10845719.5153743,16103620.208989538,16167658.443572614,40,3720,False
2,plate14,16,0,0.0,1e-08,0,,,,0,0,False
2,plate14,16,1,0.5,100.0,8,13971712.516903127,15339520.290255565,15367751.207531616,40,3720,False
2,plate14,16,2,0.5,1000.0,8,12791677.592623968,15330615.474518936,15362963.364831237,40,3720,False
2,plate14,16,4,0.75,1000.0,8,11753377.785764027,15336739.535731463,15370027.408407217,40,3720,False
2,plate14,16,8,0.75,1000.0,8,11112126.380342536,15363693.997294934,15390863.944615595,40,3720,False
2,plate14,16,16,1.0,1000.0,8,10638608.54819942,15344060.001232222,15374061.006494045,40,3720,False
2,plate14,16,32,1.0,1000.0,8,10306390.799478661,15327350.012066955,15361831.12292135,40,3720,False
2,plate14,16,64,1.0,1000.0,8,10152203.225703409,15320328.207503583,15357434.043558683,40,3720,False
2,plate14,16,80,1.0,1000.0,8,10134956.822740491,15319269.036025826,15356854.948964031,40,3720,False
2,plate14,16,92,1.0,1000.0,8,10134311.919579271,15319218.79237675,15356816.980348166,40,3720,False
2,plate14,24,0,0.0,1e-08,0,,,,0,0,False
2,plate14,24,1,0.5,1000.0,16,13401325.899302823,15113756.231794402,15132462.881570483,40,3720,False
2,plate14,24,2,0.5,1000.0,16,12274954.733824924,15101443.703308702,15122117.338497577,40,3720,False
2,plate14,24,4,0.75,1000.0,16,11273974.983002368,15106362.175096687,15128895.97298582,40,3720,False
2,plate14,24,8,0.75,1000.0,16,10660789.884220036,15133300.581854936,15153738.498213267,40,3720,False
2,plate14,24,16,1.0,1000.0,16,10205480.982494777,15111977.89860415,15133183.411571244,40,3720,False
2,plate14,24,32,1.0,1000.0,16,9886532.118905406,15095159.14341422,15117917.658740113,40,3720,False
2,plate14,24,64,1.0,1000.0,16,9738787.402997361,15087632.64995918,15111583.429535927,40,3720,False
2,plate14,24,80,1.0,1000.0,16,9722231.90834115,15086264.866268547,15110476.206051745,40,3720,False
2,plate14,24,92,1.0,1000.0,16,9721607.2541346,15086197.460182428,15110422.580469528,40,3720,False
2,plate14,32,0,0.0,1e-08,0,,,,0,0,False
2,plate14,32,1,0.5,1000.0,24,13203791.022225557,15013738.869881181,15031003.266972126,40,3720,False
2,plate14,32,2,0.5,1000.0,24,12094840.907862851,14998867.379286736,15014015.379299702,40,3720,False
2,plate14,32,4,0.75,1000.0,24,11106854.652019516,15002782.332397576,15019340.150718955,40,3720,False
2,plate14,32,8,0.75,1000.0,24,10502868.530155744,15030764.533208214,15044948.3298535,40,3720,False
2,plate14,32,16,1.0,1000.0,24,10053922.674636975,15008330.513637004,15023060.788185002,40,3720,False
2,plate14,32,32,1.0,1000.0,24,9739693.839588314,14990593.213904357,15006455.698328018,40,3720,False
2,plate14,32,64,1.0,1000.0,24,9594030.324758919,14982086.776138434,14998781.404858734,40,3720,False
2,plate14,32,80,1.0,1000.0,24,9577744.258373808,14980456.559224505,14997384.164422082,40,3720,False
2,plate14,32,92,1.0,1000.0,24,9577130.092040336,14980381.493205188,14997319.900149455,40,3720,False
2,plate14,40,0,0.0,1e-08,0,,,,0,0,False
2,plate14,40,1,0.5,1000.0,32,13053478.375528531,14938724.210336791,14956850.632023264,40,3720,False
2,plate14,40,2,0.5,1000.0,32,11958421.567481574,14922941.529221758,14936071.6028826,40,3720,False
2,plate14,40,4,0.75,1000.0,32,10980864.34254137,14927440.685359834,14941304.790663928,40,3720,False
2,plate14,40,8,0.75,1000.0,32,10384207.429664664,14958275.839874243,14971590.264925601,40,3720,False
2,plate14,40,16,1.0,1000.0,32,9940315.095645014,14934480.700384483,14945971.872385375,40,3720,False
2,plate14,40,32,1.0,1000.0,32,9629964.246448671,14914518.629261734,14926559.418419542,40,3720,False
2,plate14,40,64,1.0,1000.0,32,9485999.99693099,14904661.03466151,14917117.648606768,40,3720,False
2,plate14,40,80,1.0,1000.0,32,9469905.894943763,14902751.318519302,14915419.245365873,40,3720,False
2,plate14,40,92,1.0,1000.0,32,9469298.693536766,14902662.296856573,14915341.260165442,40,3720,False
2,plate14,49,0,0.0,1e-08,0,,,,0,0,False
2,plate14,49,1,0.5,1000.0,32,12986909.751492223,14897493.817385647,14920176.33259012,40,3720,False
2,plate14,49,2,0.5,1000.0,32,11899655.573665285,14879500.999608962,14900097.482098069,40,3720,False
2,plate14,49,4,0.75,1000.0,32,10926791.601231787,14882289.779249558,14905349.706281176,40,3720,False
2,plate14,49,8,0.75,1000.0,32,10333901.587287663,14915157.348913208,14937232.829297842,40,3720,False
2,plate14,49,16,1.0,1000.0,32,9891848.266239675,14890468.175663613,14912090.145543883,40,3720,False
2,plate14,49,32,1.0,1000.0,32,9583117.452334339,14869143.796710119,14892429.307155866,40,3720,False
2,plate14,49,64,1.0,1000.0,32,9439824.173097298,14858085.852219881,14882924.352258133,40,3720,False
2,plate14,49,80,1.0,1000.0,32,9423782.026730297,14855892.399248304,14881174.872611662,40,3720,False
2,plate14,49,92,1.0,1000.0,32,9423181.406583516,14855790.444365168,14881092.458053635,40,3720,False
3,plate6,1,0,0.0,1e-08,0,,,,0,0,False
3,plate6,1,1,0.0,1e-08,0,,,,0,0,False
3,plate6,1,2,0.0,1e-08,0,,,,0,0,False
3,plate6,1,4,0.0,1e-08,0,,,,0,0,False
3,plate6,1,8,0.0,1e-08,0,,,,0,0,False
3,plate6,1,16,0.0,1e-08,0,,,,0,0,False
3,plate6,1,32,0.0,1e-08,0,,,,0,0,False
3,plate6,1,64,0.0,1e-08,0,,,,0,0,False
3,plate6,1,80,0.0,1e-08,0,,,,0,0,False
3,plate6,1,92,0.0,1e-08,0,,,,0,0,False
3,plate6,2,0,0.0,1e-08,0,,,,0,0,False
3,plate6,2,1,0.25,1e-08,0,16317709.429723501,17777140.16194153,,16,1488,False
3,plate6,2,2,0.5,1e-08,0,15486338.258314848,17777140.16194153,,16,1488,False
3,plate6,2,4,0.75,1e-08,0,14767633.78487257,17777140.16194153,,16,1488,False
3,plate6,2,8,0.75,1e-08,0,13965385.347597541,17777140.16194153,,16,1488,False
3,plate6,2,16,0.75,1e-08,0,13532157.369933683,17777140.16194153,,16,1488,False
3,plate6,2,32,1.0,1e-08,0,13163793.442659015,17777140.16194153,,16,1488,False
3,plate6,2,64,1.0,1e-08,0,12976214.230496962,17777140.16194153,,16,1488,False
3,plate6,2,80,1.0,1e-08,0,12956407.84744567,17777140.16194153,,16,1488,False
3,plate6,2,92,1.0,1e-08,0,12955700.733868875,17777140.16194153,,16,1488,False
3,plate6,4,0,0.0,1e-08,0,,,,0,0,False
3,plate6,4,1,0.25,100.0,2,22880796.807723273,20706286.41793124,20708869.825958073,32,2976,False
3,plate6,4,2,0.5,100.0,2,21644345.220793817,20700377.515594974,20701837.127810568,32,2976,False
3,plate6,4,4,0.75,1000.0,2,20584499.142977327,20697610.921947416,20700173.6750697,32,2976,False
3,plate6,4,8,0.75,1000.0,2,19432978.469259657,20695393.76487746,20697614.78726637,32,2976,False
3,plate6,4,16,1.0,1000.0,2,18737998.826656576,20695804.034937914,20696307.83831279,32,2976,False
3,plate6,4,32,1.0,1000.0,2,18190551.72009652,20687711.82897604,20688240.57294756,32,2976,False
3,plate6,4,64,1.0,1000.0,2,17927336.85788906,20676025.250568062,20676039.136751555,32,2976,False
3,plate6,4,80,1.0,1000.0,2,17899693.622767024,20676099.476757303,20676117.669843886,32,2976,False
3,plate6,4,92,1.0,1000.0,2,17898988.190336328,20676034.829822633,20676053.774800893,32,2976,False
3,plate6,8,0,0.0,1e-08,0,,,,0,0,False
3,plate6,8,1,0.25,100.0,4,20297270.626405876,21002766.48432956,21056639.890247755,40,3720,False
3,plate6,8,2,0.5,1000.0,4,19204692.516040403,20994658.844489135,21050427.519156825,40,3720,False
3,plate6,8,4,0.75,1000.0,4,18274160.727339156,20997989.868111067,21053528.69596207,40,3720,False
3,plate6,8,8,0.75,1000.0,4,17259188.9362193,20997344.863405276,21049110.065578673,40,3720,False
3,plate6,8,16,1.0,1000.0,4,16657097.814470029,20992832.094073784,21045539.768927805,40,3720,False
3,plate6,8,32,1.0,1000.0,4,16171096.88576094,20985046.987535264,21039255.8093723,40,3720,False
3,plate6,8,64,1.0,1000.0,4,15938922.78153837,20977170.17369531,21031329.36754532,40,3720,False
3,plate6,8,80,1.0,1000.0,4,15914061.809843594,20976415.4970828,21030947.946354393,40,3720,False
3,plate6,8,92,1.0,1000.0,4,15913338.471700592,20976353.924724746,21030902.54069568,40,3720,False
3,plate6,16,0,0.0,1e-08,0,,,,0,0,False
3,plate6,16,1,0.25,1000.0,8,19511114.490635894,20498433.058440696,20533660.992571376,40,3720,False
3,plate6,16,2,0.5,1000.0,8,18456096.768580493,20486067.77339945,20522531.238134697,40,3720,False
3,plate6,16,4,0.75,1000.0,8,17556319.9995681,20488140.828335352,20524709.812144488,40,3720,False
3,plate6,16,8,0.75,1000.0,8,16580405.313720498,20492431.305898104,20527345.917343173,40,3720,False
3,plate6,16,16,1.0,1000.0,8,16004499.733504185,20485650.203432497,20521386.04924588,40,3720,False
3,plate6,16,32,1.0,1000.0,8,15534519.949781474,20473812.856641166,20511739.940979023,40,3720,False
3,plate6,16,64,1.0,1000.0,8,15311074.330175128,20464185.36885402,20505332.364030767,40,3720,False
3,plate6,16,80,1.0,1000.0,8,15287137.343016734,20463146.743583895,20504515.972564474,40,3720,False
3,plate6,16,92,1.0,1000.0,8,15286454.79629627,20463073.43164181,20504457.492938414,40,3720,False
3,plate6,24,0,0.0,1e-08,0,,,,0,0,False
3,plate6,24,1,0.25,1000.0,16,19041753.88779853,20320552.5882311,20345735.087143492,40,3720,False
3,plate6,24,2,0.5,1000.0,16,18012987.985032607,20304895.018913053,20325071.886758197,40,3720,False
3,plate6,24,4,0.75,1000.0,16,17138079.807399917,20307616.412994307,20327369.05651388,40,3720,False
3,plate6,24,8,0.75,1000.0,16,16186465.85516848,20313427.337660737,20332362.383429926,40,3720,False
3,plate6,24,16,1.0,1000.0,16,15622236.539161082,20302617.670355458,20320228.236511607,40,3720,False
3,plate6,24,32,1.0,1000.0,16,15164618.17316108,20289683.12976792,20307535.068371367,40,3720,False
3,plate6,24,64,1.0,1000.0,16,14946358.441250904,20280022.255708423,20298822.196725924,40,3720,False
3,plate6,24,80,1.0,1000.0,16,14922959.988888256,20278728.628414404,20297634.952475645,40,3720,False
3,plate6,24,92,1.0,1000.0,16,14922304.882986575,20278641.46425634,20297555.5038009,40,3720,False
3,plate6,32,0,0.0,1e-08,0,,,,0,0,False
3,plate6,32,1,0.25,1000.0,24,18884167.58855263,20223546.765645087,20244179.29061597,40,3720,False
3,plate6,32,2,0.5,1000.0,24,17864561.240004778,20203394.325926304,20213668.74605197,40,3720,False
3,plate6,32,4,0.75,1000.0,24,16995671.533690505,20204174.74947781,20214863.583102744,40,3720,False
3,plate6,32,8,0.75,1000.0,24,16050860.976952653,20206319.939993005,20217245.907209914,40,3720,False
3,plate6,32,16,1.0,1000.0,24,15490410.863103967,20196481.965056628,20206249.597998068,40,3720,False
3,plate6,32,32,1.0,1000.0,24,15037844.07805034,20183180.144379698,20193297.34477329,40,3720,False
3,plate6,32,64,1.0,1000.0,24,14821296.924021084,20173148.596952654,20183949.559396666,40,3720,False
3,plate6,32,80,1.0,1000.0,24,14798119.897019194,20171594.538297303,20182539.439876143,40,3720,False
3,plate6,32,92,1.0,1000.0,24,14797470.68662258,20171496.342332214,20182450.968122326,40,3720,False
3,plate6,40,0,0.0,1e-08,0,,,,0,0,False
3,plate6,40,1,0.25,1000.0,32,18784915.961644616,20178883.7072464,20207331.667270526,40,3720,False
3,plate6,40,2,0.5,1000.0,32,17769807.415239852,20140920.781130966,20151650.22051795,40,3720,False
3,plate6,40,4,0.75,1000.0,32,16903873.569745433,20140434.321544785,20150086.485000305,40,3720,False
3,plate6,40,8,0.75,1000.0,32,15964360.179828832,20143959.30031381,20153478.77781941,40,3720,False
3,plate6,40,16,1.0,1000.0,32,15407648.186244946,20129521.22473358,20137248.7531355,40,3720,False
3,plate6,40,32,1.0,1000.0,32,14957170.946564244,20113301.631277084,20121117.29416867,40,3720,False
3,plate6,40,64,1.0,1000.0,32,14741692.794330636,20101121.008100297,20109414.455574766,40,3720,False
3,plate6,40,80,1.0,1000.0,32,14718700.484609561,20099292.522876106,20107743.05312103,40,3720,False
3,plate6,40,92,1.0,1000.0,32,14718039.96632003,20099201.51467904,20107657.11764992,40,3720,False
3,plate6,49,0,0.0,1e-08,0,,,,0,0,False
3,plate6,49,1,0.25,1000.0,32,18693630.727108672,20129406.90654844,20162406.094272327,40,3720,False
3,plate6,49,2,0.5,1000.0,32,17683496.187551647,20089573.075028624,20107310.88225064,40,3720,False
3,plate6,49,4,0.75,1000.0,32,16822606.87593019,20087127.882716313,20105158.425512124,40,3720,False
3,plate6,49,8,0.75,1000.0,32,15887434.543796893,20088353.792250786,20107568.145431787,40,3720,False
3,plate6,49,16,1.0,1000.0,32,15332862.998921419,20074110.791766133,20093474.786614493,40,3720,False
3,plate6,49,32,1.0,1000.0,32,14884590.995791756,20055982.9966511,20076174.229692284,40,3720,False
3,plate6,49,64,1.0,1000.0,32,14670130.29686366,20042815.260555524,20064257.679827582,40,3720,False
3,plate6,49,80,1.0,1000.0,32,14647217.917707695,20040764.829255838,20062512.448473606,40,3720,False
3,plate6,49,92,1.0,1000.0,32,14646569.027542295,20040662.94633543,20062421.746515933,40,3720,False
3,plate14,1,0,0.0,1e-08,0,,,,0,0,False
3,plate14,1,1,0.0,1e-08,0,,,,0,0,False
3,plate14,1,2,0.0,1e-08,0,,,,0,0,False
3,plate14,1,4,0.0,1e-08,0,,,,0,0,False
3,plate14,1,8,0.0,1e-08,0,,,,0,0,False
3,plate14,1,16,0.0,1e-08,0,,,,0,0,False
3,plate14,1,32,0.0,1e-08,0,,,,0,0,False
3,plate14,1,64,0.0,1e-08,0,,,,0,0,False
3,plate14,1,80,0.0,1e-08,0,,,,0,0,False
3,plate14,1,92,0.0,1e-08,0,,,,0,0,False
3,plate14,2,0,0.0,1e-08,0,,,,0,0,False
3,plate14,2,1,0.5,1e-08,0,18005321.1545949,20601855.15383911,,16,1488,False
3,plate14,2,2,0.5,1e-08,0,16466944.393108249,20601855.15383911,,16,1488,False
3,plate14,2,4,0.75,1e-08,0,15280508.06031175,20601855.15383911,,16,1488,False
3,plate14,2,8,0.75,1e-08,0,14371528.93777451,20601855.15383911,,16,1488,False
3,plate14,2,16,1.0,1e-08,0,13798553.529244695,20601855.15383911,,16,1488,False
3,plate14,2,32,1.0,1e-08,0,13381520.28307573,20601855.15383911,,16,1488,False
3,plate14,2,64,1.0,1e-08,0,13187730.349722367,20601855.15383911,,16,1488,False
3,plate14,2,80,1.0,1e-08,0,13166472.30836132,20601855.15383911,,16,1488,False
3,plate14,2,92,1.0,1e-08,0,13165861.117395503,20601855.15383911,,16,1488,False
3,plate14,4,0,0.0,1e-08,0,,,,0,0,False
3,plate14,4,1,0.5,100.0,2,24202727.48309442,23252466.909103207,23254831.5532197,32,2976,False
3,plate14,4,2,0.5,100.0,2,22143866.45945793,23250923.70156468,23251898.444575284,32,2976,False
3,plate14,4,4,0.75,100.0,2,20526948.99176522,23249430.11249174,23249882.11956876,32,2976,False
3,plate14,4,8,0.75,1000.0,2,19294975.532894984,23247259.65406976,23247611.618204527,32,2976,False
3,plate14,4,16,1.0,100.0,2,18473987.35704178,23248565.659754053,23248573.657487396,32,2976,False
3,plate14,4,32,1.0,1000.0,2,17913918.26451044,23246701.462266535,23246747.346011583,32,2976,False
3,plate14,4,64,1.0,1000.0,2,17654711.739464313,23244301.641531557,23244307.00508398,32,2976,False
3,plate14,4,80,1.0,1000.0,2,17626454.713048425,23244195.279002048,23244210.989062704,32,2976,False
3,plate14,4,92,1.0,1000.0,2,17625483.65166946,23244168.997211438,23244186.214094497,32,2976,False
3,plate14,8,0,0.0,1e-08,0,,,,0,0,False
3,plate14,8,1,0.5,100.0,4,21666486.110561967,23728115.56464919,23800879.85606,40,3720,False
3,plate14,8,2,0.5,100.0,4,19863644.91840095,23720655.86830199,23796311.961845804,40,3720,False
3,plate14,8,4,0.75,1000.0,4,18396919.373295568,23721204.671706405,23796483.519232802,40,3720,False
3,plate14,8,8,0.75,1000.0,4,17300981.447426476,23715483.044794247,23790950.225366637,40,3720,False
3,plate14,8,16,1.0,1000.0,4,16568688.101655865,23717628.931034017,23792064.868121255,40,3720,False
3,plate14,8,32,1.0,1000.0,4,16066037.86294347,23713510.825288486,23789195.470945444,40,3720,False
3,plate14,8,64,1.0,1000.0,4,15832938.953343485,23710709.664149318,23786840.12723185,40,3720,False
3,plate14,8,80,1.0,1000.0,4,15807652.360030398,23710559.126960218,23786846.809439633,40,3720,False
3,plate14,8,92,1.0,1000.0,4,15806758.946254794,23710525.670044795,23786828.06270472,40,3720,False
3,plate14,16,0,0.0,1e-08,0,,,,0,0,False
3,plate14,16,1,0.5,100.0,8,20746081.86154604,23130136.87177089,23169597.647501852,40,3720,False
3,plate14,16,2,0.5,100.0,8,19020417.30604048,23115272.61896379,23159314.997277886,40,3720,False
3,plate14,16,4,0.75,1000.0,8,17616978.177874103,23114635.240910962,23159256.564566948,40,3720,False
3,plate14,16,8,0.75,1000.0,8,16571333.112590162,23108649.55461183,23154609.413909752,40,3720,False
3,plate14,16,16,1.0,1000.0,8,15871070.974352112,23113339.71773559,23157609.85171954,40,3720,False
3,plate14,16,32,1.0,1000.0,8,15390020.219056273,23107439.17293693,23153830.497349087,40,3720,False
3,plate14,16,64,1.0,1000.0,8,15167178.117670823,23103809.535097077,23151157.295475,40,3720,False
3,plate14,16,80,1.0,1000.0,8,15142937.211409438,23103479.783860818,23150989.924562413,40,3720,False
3,plate14,16,92,1.0,1000.0,8,15142087.18531679,23103433.355354726,23150963.438018586,40,3720,False
3,plate14,24,0,0.0,1e-08,0,,,,0,0,False
3,plate14,24,1,0.5,1000.0,16,20253740.331588935,22925204.90192676,22949266.082223825,40,3720,False
3,plate14,24,2,0.5,100.0,16,18567055.148762707,22908175.688553423,22934084.38934653,40,3720,False
3,plate14,24,4,0.75,1000.0,16,17195569.004385304,22907027.611551203,22933545.159156207,40,3720,False
3,plate14,24,8,0.75,1000.0,16,16172719.287479281,22898918.90003328,22925777.690223195,40,3720,False
3,plate14,24,16,1.0,1000.0,16,15488352.528048482,22906116.307099372,22931778.746278223,40,3720,False
3,plate14,24,32,1.0,1000.0,16,15018563.27593852,22897423.31568804,22924451.242937937,40,3720,False
3,plate14,24,64,1.0,1000.0,16,14800911.64099939,22892740.42038452,22920731.313045222,40,3720,False
3,plate14,24,80,1.0,1000.0,16,14777240.853232112,22892313.33994305,22920350.297760755,40,3720,False
3,plate14,24,92,1.0,1000.0,16,14776409.366594123,22892256.064627975,22920304.70634807,40,3720,False
3,plate14,32,0,0.0,1e-08,0,,,,0,0,False
3,plate14,32,1,0.5,1000.0,24,20080576.922444507,22816968.01182349,22836218.804807793,40,3720,False
3,plate14,32,2,0.5,1000.0,24,18406376.34170123,22797489.58470941,22811649.030233417,40,3720,False
3,plate14,32,4,0.75,1000.0,24,17049493.89071885,22794465.898188625,22809198.39047109,40,3720,False
3,plate14,32,8,0.75,1000.0,24,16035269.14154829,22784193.82623233,22798736.540625207,40,3720,False
3,plate14,32,16,1.0,1000.0,24,15357024.119183743,22791958.525449175,22805717.609807856,40,3720,False
3,plate14,32,32,1.0,1000.0,24,14891309.228532344,22782267.999787368,22796646.16303089,40,3720,False
3,plate14,32,64,1.0,1000.0,24,14675344.201487426,22776545.701446563,22791875.080789898,40,3720,False
3,plate14,32,80,1.0,1000.0,24,14651844.113943193,22776063.835947134,22791452.597680856,40,3720,False
3,plate14,32,92,1.0,1000.0,24,14651024.285145672,22776000.317078684,22791399.323174655,40,3720,False
3,plate14,40,0,0.0,1e-08,0,,,,0,0,False
3,plate14,40,1,0.5,1000.0,32,19970754.04983838,22756321.507606324,22777148.926865596,40,3720,False
3,plate14,40,2,0.5,1000.0,32,18305086.533889245,22731324.273040514,22744657.65540345,40,3720,False
3,plate14,40,4,0.75,1000.0,32,16958641.23848074,22719695.99176886,22732878.029564418,40,3720,False
3,plate14,40,8,0.75,1000.0,32,15949941.348931728,22703590.620073844,22716059.475884188,40,3720,False
3,plate14,40,16,1.0,1000.0,32,15275862.796672486,22710225.449790336,22722397.782124296,40,3720,False
3,plate14,40,32,1.0,1000.0,32,14812827.535727499,22698184.85705787,22710864.779851384,40,3720,False
3,plate14,40,64,1.0,1000.0,32,14597802.348436257,22691725.472084492,22705045.47464138,40,3720,False
3,plate14,40,80,1.0,1000.0,32,14574378.646185437,22691164.059780788,22704538.295371052,40,3720,False
3,plate14,40,92,1.0,1000.0,32,14573561.642343445,22691086.68951554,22704472.44625378,40,3720,False
3,plate14,49,0,0.0,1e-08,0,,,,0,0,False
3,plate14,49,1,0.5,1000.0,32,19877950.105916884,22708090.665503386,22731680.025962982,40,3720,False
3,plate14,49,2,0.5,1000.0,32,18220141.448786564,22680172.38642967,22700536.079842366,40,3720,False
3,plate14,49,4,0.75,1000.0,32,16880134.693823807,22666105.66209983,22688201.110615935,40,3720,False
3,plate14,49,8,0.75,1000.0,32,15875392.608436825,22649039.412400942,22672287.428574476,40,3720,False
3,plate14,49,16,1.0,1000.0,32,15204256.132731335,22657211.452674866,22679423.81774161,40,3720,False
3,plate14,49,32,1.0,1000.0,32,14743250.156866793,22643525.309325643,22667384.4033995,40,3720,False
3,plate14,49,64,1.0,1000.0,32,14529317.31445495,22636139.42459537,22661351.127448924,40,3720,False
3,plate14,49,80,1.0,1000.0,32,14506028.637265068,22635370.17056549,22660677.394078717,40,3720,False
3,plate14,49,92,1.0,1000.0,32,14505214.126605649,22635282.785138123,22660605.569947366,40,3720,False
4,plate6,1,0,0.0,1e-08,0,,,,0,0,False
4,plate6,1,1,0.0,1e-08,0,,,,0,0,False
4,plate6,1,2,0.0,1e-08,0,,,,0,0,False
4,plate6,1,4,0.0,1e-08,0,,,,0,0,False
4,plate6,1,8,0.0,1e-08,0,,,,0,0,False
4,plate6,1,16,0.0,1e-08,0,,,,0,0,False
4,plate6,1,32,0.0,1e-08,0,,,,0,0,False
4,plate6,1,64,0.0,1e-08,0,,,,0,0,False
4,plate6,1,80,0.0,1e-08,0,,,,0,0,False
4,plate6,1,92,0.0,1e-08,0,,,,0,0,False
4,plate6,2,0,0.0,1e-08,0,,,,0,0,False
4,plate6,2,1,0.25,1e-08,0,14000602.605540276,14720615.764648438,,16,1488,False
4,plate6,2,2,0.25,1e-08,0,13504945.080954462,14720615.764648438,,16,1488,False
4,plate6,2,4,0.5,1e-08,0,12671227.828497991,14720615.764648438,,16,1488,False
4,plate6,2,8,0.75,1e-08,0,12041346.608345745,14720615.764648438,,16,1488,False
4,plate6,2,16,0.75,1e-08,0,11624943.524156654,14720615.764648438,,16,1488,False
4,plate6,2,32,1.0,1e-08,0,11359975.175263187,14720615.764648438,,16,1488,False
4,plate6,2,64,1.0,1e-08,0,11176971.853009235,14720615.764648438,,16,1488,False
4,plate6,2,80,1.0,1e-08,0,11156764.162551839,14720615.764648438,,16,1488,False
4,plate6,2,92,1.0,1e-08,0,11155840.868232459,14720615.764648438,,16,1488,False
4,plate6,4,0,0.0,1e-08,0,,,,0,0,False
4,plate6,4,1,0.25,100.0,2,13791344.320541909,13138215.053884523,13138463.335423775,32,2976,False
4,plate6,4,2,0.25,100.0,2,13356070.531210156,13135823.904500758,13136684.578732856,32,2976,False
4,plate6,4,4,0.5,100.0,2,12502565.674798034,13099607.384176267,13100190.58757458,32,2976,False
4,plate6,4,8,0.75,1000.0,2,11883353.462089641,13080072.806318393,13082265.756000638,32,2976,False
4,plate6,4,16,0.75,1000.0,2,11483771.42085261,13064146.551708272,13065747.746650523,32,2976,False
4,plate6,4,32,1.0,1000.0,2,11218302.814622285,13058704.14105428,13059248.087732809,32,2976,False
4,plate6,4,64,1.0,1000.0,2,11043341.86935356,13056000.833465876,13056028.162475139,32,2976,False
4,plate6,4,80,1.0,1000.0,2,11022812.032839384,13055542.969665896,13055573.604108498,32,2976,False
4,plate6,4,92,1.0,1000.0,2,11021893.41990157,13055497.294545801,13055529.776186993,32,2976,False
4,plate6,8,0,0.0,1e-08,0,,,,0,0,False
4,plate6,8,1,0.25,100.0,4,13567039.909530712,13884886.693059154,13930667.602808554,40,3720,False
4,plate6,8,2,0.25,1000.0,4,13173160.102673804,13890460.977656737,13929701.27345962,40,3720,False
4,plate6,8,4,0.5,1000.0,4,12334158.526656277,13854463.841077698,13898961.333030283,40,3720,False
4,plate6,8,8,0.75,1000.0,4,11691865.389612896,13842716.228244735,13885421.465922255,40,3720,False
4,plate6,8,16,0.75,1000.0,4,11287780.515401067,13817364.073252996,13863948.986638851,40,3720,False
4,plate6,8,32,1.0,1000.0,4,11024575.250416901,13805628.35230128,13853745.543307466,40,3720,False
4,plate6,8,64,1.0,1000.0,4,10849188.242252268,13800767.24094707,13850297.354205683,40,3720,False
4,plate6,8,80,1.0,1000.0,4,10828855.727307733,13799807.392410817,13849516.549632529,40,3720,False
4,plate6,8,92,1.0,1000.0,4,10827939.030609004,13799737.283354927,13849469.38131746,40,3720,False
4,plate6,16,0,0.0,1e-08,0,,,,0,0,False
4,plate6,16,1,0.25,100.0,8,13271759.2346491,13268431.628898239,13307770.638896048,40,3720,False
4,plate6,16,2,0.25,1000.0,8,12885342.904144721,13275088.60194174,13309228.13380516,40,3720,False
4,plate6,16,4,0.5,1000.0,8,12055218.705230216,13241517.749152182,13277379.87483332,40,3720,False
4,plate6,16,8,0.75,1000.0,8,11425687.13889377,13228021.342135841,13261382.769255044,40,3720,False
4,plate6,16,16,0.75,1000.0,8,11030042.18222395,13200018.611350626,13239039.731534647,40,3720,False
4,plate6,16,32,1.0,1000.0,8,10771297.153397879,13187404.592528287,13228063.08977637,40,3720,False
4,plate6,16,64,1.0,1000.0,8,10599473.380101377,13177442.961644303,13222554.617978975,40,3720,False
4,plate6,16,80,1.0,1000.0,8,10579641.018680159,13176012.921585899,13221764.213449135,40,3720,False
4,plate6,16,92,1.0,1000.0,8,10578777.878837924,13175932.526852185,13221704.3729177,40,3720,False
4,plate6,24,0,0.0,1e-08,0,,,,0,0,False
4,plate6,24,1,0.25,1000.0,16,12921505.7484974,13103361.2631927,13120131.552047893,40,3720,False
4,plate6,24,2,0.25,1000.0,16,12546784.336227648,13106428.088382935,13124041.365209788,40,3720,False
4,plate6,24,4,0.5,1000.0,16,11741191.587862639,13067460.619750407,13081728.227560706,40,3720,False
4,plate6,24,8,0.75,1000.0,16,11128767.713572692,13049203.639214247,13062644.017664943,40,3720,False
4,plate6,24,16,0.75,1000.0,16,10743048.85060441,13019717.788283618,13033720.966419984,40,3720,False
4,plate6,24,32,1.0,1000.0,16,10490840.927056974,13004949.17588724,13019657.59549303,40,3720,False
4,plate6,24,64,1.0,1000.0,16,10323961.772131335,12993437.032854488,13010626.613752667,40,3720,False
4,plate6,24,80,1.0,1000.0,16,10304713.08720643,12991232.137406882,13008938.517116856,40,3720,False
4,plate6,24,92,1.0,1000.0,16,10303869.763081105,12991131.475156887,13008853.02353313,40,3720,False
4,plate6,32,0,0.0,1e-08,0,,,,0,0,False
4,plate6,32,1,0.25,1000.0,24,12585526.716869619,12993036.022295153,13017635.92584816,40,3720,False
4,plate6,32,2,0.25,1000.0,24,12218150.560164386,12992711.285228381,13014249.582493119,40,3720,False
4,plate6,32,4,0.5,1000.0,24,11438288.537534378,12953363.037815249,12969029.1429244,40,3720,False
4,plate6,32,8,0.75,1000.0,24,10844507.776409287,12932696.050158435,12946717.838411372,40,3720,False
4,plate6,32,16,0.75,1000.0,24,10468704.066651294,12902430.362626,12914488.38668278,40,3720,False
4,plate6,32,32,1.0,1000.0,24,10224080.824489065,12886794.36894432,12899102.802932585,40,3720,False
4,plate6,32,64,1.0,1000.0,24,10061106.871917257,12872435.118550323,12885905.458062634,40,3720,False
4,plate6,32,80,1.0,1000.0,24,10042301.71827985,12869568.620035779,12883549.381548882,40,3720,False
4,plate6,32,92,1.0,1000.0,24,10041469.430920377,12869444.696888903,12883437.539306415,40,3720,False
4,plate6,40,0,0.0,1e-08,0,,,,0,0,False
4,plate6,40,1,0.25,1000.0,24,12530517.630151305,12939284.063244227,12958788.523238918,40,3720,False
4,plate6,40,2,0.25,1000.0,24,12162402.85057351,12939838.74662619,12957098.673078746,40,3720,False
4,plate6,40,4,0.5,1000.0,32,11385385.819406597,12897188.326032069,12911402.194896415,40,3720,False
4,plate6,40,8,0.75,1000.0,32,10793529.9423389,12873970.040921763,12886185.55902859,40,3720,False
4,plate6,40,16,0.75,1000.0,32,10420347.127890533,12839676.31904825,12849647.473694919,40,3720,False
4,plate6,40,32,1.0,1000.0,32,10176799.811336705,12822766.741806902,12832714.604699984,40,3720,False
4,plate6,40,64,1.0,1000.0,32,10014453.544155793,12806850.167433187,12817965.677346762,40,3720,False
4,plate6,40,80,1.0,1000.0,32,9995758.864312546,12803548.526576668,12815116.447065582,40,3720,False
4,plate6,40,92,1.0,1000.0,32,9994927.720744492,12803406.592288634,12814984.162013646,40,3720,False
4,plate6,49,0,0.0,1e-08,0,,,,0,0,False
4,plate6,49,1,0.25,1000.0,32,12431950.193836646,12901112.241861863,12921841.003360204,40,3720,False
4,plate6,49,2,0.25,1000.0,32,12066543.348400481,12906475.28949651,12924308.34307833,40,3720,False
4,plate6,49,4,0.5,1000.0,32,11297136.422509966,12861824.476191077,12876897.06738531,40,3720,False
4,plate6,49,8,0.75,1000.0,32,10710572.141766524,12836933.98833598,12852912.213360004,40,3720,False
4,plate6,49,16,0.75,1000.0,32,10339934.850446863,12799908.25593263,12816885.992334817,40,3720,False
4,plate6,49,32,1.0,1000.0,32,10098444.917173095,12780995.538245814,12798676.96525488,40,3720,False
4,plate6,49,64,1.0,1000.0,32,9937210.665642696,12764650.419173475,12784777.304047469,40,3720,False
4,plate6,49,80,1.0,1000.0,32,9918575.235520849,12760527.894070398,12781724.932123784,40,3720,False
4,plate6,49,92,1.0,1000.0,32,9917754.22469747,12760372.78999073,12781595.876740487,40,3720,False
4,plate14,1,0,0.0,1e-08,0,,,,0,0,False
4,plate14,1,1,0.0,1e-08,0,,,,0,0,False
4,plate14,1,2,0.0,1e-08,0,,,,0,0,False
4,plate14,1,4,0.0,1e-08,0,,,,0,0,False
4,plate14,1,8,0.0,1e-08,0,,,,0,0,False
4,plate14,1,16,0.0,1e-08,0,,,,0,0,False
4,plate14,1,32,0.0,1e-08,0,,,,0,0,False
4,plate14,1,64,0.0,1e-08,0,,,,0,0,False
4,plate14,1,80,0.0,1e-08,0,,,,0,0,False
4,plate14,1,92,0.0,1e-08,0,,,,0,0,False
4,plate14,2,0,0.0,1e-08,0,,,,0,0,False
4,plate14,2,1,0.25,1e-08,0,16263607.530091643,18566442.129032135,,16,1488,False
4,plate14,2,2,0.5,1e-08,0,14860340.67099297,18566442.129032135,,16,1488,False
4,plate14,2,4,0.75,1e-08,0,13663560.71235989,18566442.129032135,,16,1488,False
4,plate14,2,8,0.75,1e-08,0,12708270.110498121,18566442.129032135,,16,1488,False
4,plate14,2,16,1.0,1e-08,0,12140819.867023623,18566442.129032135,,16,1488,False
4,plate14,2,32,1.0,1e-08,0,11810110.58991813,18566442.129032135,,16,1488,False
4,plate14,2,64,1.0,1e-08,0,11636064.079244955,18566442.129032135,,16,1488,False
4,plate14,2,80,1.0,1e-08,0,11617227.302439272,18566442.129032135,,16,1488,False
4,plate14,2,92,1.0,1e-08,0,11616605.391494576,18566442.129032135,,16,1488,False
4,plate14,4,0,0.0,1e-08,0,,,,0,0,False
4,plate14,4,1,0.25,100.0,2,16042245.13827358,16409522.627188746,16411532.139782105,32,2976,False
4,plate14,4,2,0.5,100.0,2,14637835.36176069,16393225.183181405,16393513.211520273,32,2976,False
4,plate14,4,4,0.75,100.0,2,13432957.713232389,16341696.795895988,16341793.718635228,32,2976,False
4,plate14,4,8,0.75,100.0,2,12505378.436163934,16316832.66617947,16316914.015012918,32,2976,False
4,plate14,4,16,1.0,1000.0,2,11942530.220002528,16308008.602142738,16308437.351935634,32,2976,False
4,plate14,4,32,1.0,1000.0,2,11624108.658885987,16304458.425932975,16304694.242338052,32,2976,False
4,plate14,4,64,1.0,100.0,2,11455727.208372273,16302763.250871645,16302765.517830912,32,2976,False
4,plate14,4,80,1.0,1000.0,2,11437478.012519376,16302430.43357357,16302457.957817243,32,2976,False
4,plate14,4,92,1.0,1000.0,2,11436816.017837122,16302395.10892415,16302424.751854323,32,2976,False
4,plate14,8,0,0.0,1e-08,0,,,,0,0,False
4,plate14,8,1,0.25,100.0,4,16056888.3608413,17709953.684252184,17802597.932394307,40,3720,False
4,plate14,8,2,0.5,1000.0,4,14829018.010143345,17706288.791777864,17789227.280450337,40,3720,False
4,plate14,8,4,0.75,1000.0,4,13537326.747137066,17661504.01238352,17750268.078577854,40,3720,False
4,plate14,8,8,0.75,1000.0,4,12524366.822708389,17635764.51947804,17730684.033736825,40,3720,False
4,plate14,8,16,1.0,1000.0,4,11950489.312854221,17628583.051058944,17724526.36070658,40,3720,False
4,plate14,8,32,1.0,1000.0,4,11622308.217886474,17623366.988041233,17720282.080812905,40,3720,False
4,plate14,8,64,1.0,1000.0,4,11451326.769903718,17620372.528066784,17718240.222266167,40,3720,False
4,plate14,8,80,1.0,1000.0,4,11433050.694385918,17620114.01010457,17717967.60396137,40,3720,False
4,plate14,8,92,1.0,1000.0,4,11432362.235251633,17620065.145666216,17717943.84296525,40,3720,False
4,plate14,16,0,0.0,1e-08,0,,,,0,0,False
4,plate14,16,1,0.25,1000.0,8,15620799.993381385,16990191.123521544,17040374.161172703,40,3720,False
4,plate14,16,2,0.5,1000.0,8,14407111.00427553,16991839.8077925,17029312.567579865,40,3720,False
4,plate14,16,4,0.75,1000.0,8,13157268.902586069,16940916.985312678,16978626.451066185,40,3720,False
4,plate14,16,8,0.75,1000.0,8,12181326.884466512,16908417.791687597,16951062.888562288,40,3720,False
4,plate14,16,16,1.0,1000.0,8,11623665.74123737,16895139.38302422,16940958.888243508,40,3720,False
4,plate14,16,32,1.0,1000.0,8,11303134.398437036,16887359.80842935,16935638.765020456,40,3720,False
4,plate14,16,64,1.0,1000.0,8,11136501.625299647,16881748.961424053,16931887.438863486,40,3720,False
4,plate14,16,80,1.0,1000.0,8,11118726.993707998,16881086.31986051,16931517.45155982,40,3720,False
4,plate14,16,92,1.0,1000.0,8,11118066.425653541,16881030.099740032,16931482.92541986,40,3720,False
4,plate14,24,0,0.0,1e-08,0,,,,0,0,False
4,plate14,24,1,0.25,1000.0,16,15199747.687425025,16783758.07974257,16818502.91528419,40,3720,False
4,plate14,24,2,0.5,1000.0,16,14027763.509085502,16789371.856586188,16812684.09099689,40,3720,False
4,plate14,24,4,0.75,1000.0,16,12813726.945113689,16735997.688208185,16753794.027787328,40,3720,False
4,plate14,24,8,0.75,1000.0,16,11860607.61400842,16700072.868065402,16718990.919930825,40,3720,False
4,plate14,24,16,1.0,1000.0,16,11318426.842092173,16684565.343529003,16705372.323068576,40,3720,False
4,plate14,24,32,1.0,1000.0,16,11006790.993649272,16675027.573709734,16697124.316428907,40,3720,False
4,plate14,24,64,1.0,1000.0,16,10844353.673951464,16668425.653221052,16692087.953140616,40,3720,False
4,plate14,24,80,1.0,1000.0,16,10827072.779522525,16667403.574330838,16691328.11744909,40,3720,False
4,plate14,24,92,1.0,1000.0,16,10826424.82773876,16667327.80258327,16691270.429129794,40,3720,False
4,plate14,32,0,0.0,1e-08,0,,,,0,0,False
4,plate14,32,1,0.25,1000.0,24,14840294.23125883,16655648.110714272,16696585.179768119,40,3720,False
4,plate14,32,2,0.5,1000.0,24,13700666.057485295,16664096.144633066,16697758.166083153,40,3720,False
4,plate14,32,4,0.75,1000.0,24,12512973.178635076,16609040.340043364,16630726.85349678,40,3720,False
4,plate14,32,8,0.75,1000.0,24,11578556.097857732,16570394.72200275,16588026.348639129,40,3720,False
4,plate14,32,16,1.0,1000.0,24,11047026.21145295,16552407.097263264,16569502.184772417,40,3720,False
4,plate14,32,32,1.0,1000.0,24,10743096.1094247,16541577.588853605,16558679.848040843,40,3720,False
4,plate14,32,64,1.0,1000.0,24,10584652.659457628,16533338.79902963,16551658.670324948,40,3720,False
4,plate14,32,80,1.0,1000.0,24,10567810.60690181,16532119.42004255,16550642.880357135,40,3720,False
4,plate14,32,92,1.0,1000.0,24,10567179.760236556,16532030.30623262,16550566.913265271,40,3720,False
4,plate14,40,0,0.0,1e-08,0,,,,0,0,False
4,plate14,40,1,0.25,1000.0,32,14770626.64160108,16587520.218116768,16624447.000906108,40,3720,False
4,plate14,40,2,0.5,1000.0,32,13636511.503509553,16596569.193543343,16628349.112222284,40,3720,False
4,plate14,40,4,0.75,1000.0,32,12453878.356114585,16539539.618256291,16557842.265132759,40,3720,False
4,plate14,40,8,0.75,1000.0,32,11522346.2059355,16498455.504699908,16511907.85308927,40,3720,False
4,plate14,40,16,1.0,1000.0,32,10992950.333266335,16479201.367478702,16491722.444576135,40,3720,False
4,plate14,40,32,1.0,1000.0,32,10690352.0636365,16468013.221643033,16480436.576414607,40,3720,False
4,plate14,40,64,1.0,1000.0,32,10532857.575560912,16459115.16432939,16472767.177955514,40,3720,False
4,plate14,40,80,1.0,1000.0,32,10516116.630960831,16457697.137180233,16471513.666120669,40,3720,False
4,plate14,40,92,1.0,1000.0,32,10515491.647820238,16457589.354612669,16471416.08087296,40,3720,False
4,plate14,49,0,0.0,1e-08,0,,,,0,0,False
4,plate14,49,1,0.25,1000.0,32,14664004.449029267,16539026.816831643,16579030.152949415,40,3720,False
4,plate14,49,2,0.5,1000.0,8,13538893.629242176,16554139.708823135,16567369.686192166,40,3720,False
4,plate14,49,4,0.75,1000.0,32,12363152.22820093,16496468.548042964,16519929.935047787,40,3720,False
4,plate14,49,8,0.75,1000.0,32,11437078.075898083,16452692.31883797,16474339.554341692,40,3720,False
4,plate14,49,16,1.0,1000.0,32,10911251.864829205,16431088.034015713,16452452.896948189,40,3720,False
4,plate14,49,32,1.0,1000.0,32,10611037.761175575,16418710.121801078,16440628.87718395,40,3720,False
4,plate14,49,64,1.0,1000.0,32,10454708.502263715,16408914.497320205,16432887.950082116,40,3720,False
4,plate14,49,80,1.0,1000.0,32,10438111.506686635,16407296.927345278,16431636.12907382,40,3720,False
4,plate14,49,92,1.0,1000.0,32,10437492.835418573,16407183.822710814,16431542.920531012,40,3720,False
5,plate6,1,0,0.0,1e-08,0,,,,0,0,False
5,plate6,1,1,0.0,1e-08,0,,,,0,0,False
5,plate6,1,2,0.0,1e-08,0,,,,0,0,False
5,plate6,1,4,0.0,1e-08,0,,,,0,0,False
5,plate6,1,8,0.0,1e-08,0,,,,0,0,False
5,plate6,1,16,0.0,1e-08,0,,,,0,0,False
5,plate6,1,32,0.0,1e-08,0,,,,0,0,False
5,plate6,1,64,0.0,1e-08,0,,,,0,0,False
5,plate6,1,80,0.0,1e-08,0,,,,0,0,False
5,plate6,1,92,0.0,1e-08,0,,,,0,0,False
5,plate6,2,0,0.0,1e-08,0,,,,0,0,False
5,plate6,2,1,0.25,1e-08,0,5645341.568789482,6101028.08215332,,16,1488,False
5,plate6,2,2,0.5,1e-08,0,5373274.035521269,6101028.08215332,,16,1488,False
5,plate6,2,4,0.75,1e-08,0,5123252.169550523,6101028.08215332,,16,1488,False
5,plate6,2,8,0.75,1e-08,0,4860019.02757126,6101028.08215332,,16,1488,False
5,plate6,2,16,1.0,1e-08,0,4741655.949049218,6101028.08215332,,16,1488,False
5,plate6,2,32,1.0,1e-08,0,4625226.099074275,6101028.08215332,,16,1488,False
5,plate6,2,64,1.0,1e-08,0,4555167.223573075,6101028.08215332,,16,1488,False
5,plate6,2,80,1.0,1e-08,0,4548736.960166771,6101028.08215332,,16,1488,False
5,plate6,2,92,1.0,1e-08,0,4548297.100592663,6101028.08215332,,16,1488,False
5,plate6,4,0,0.0,1e-08,0,,,,0,0,False
5,plate6,4,1,0.25,100.0,2,13370034.442877222,12772735.159890732,12774355.24998843,32,2976,False
5,plate6,4,2,0.5,100.0,2,12729561.785708882,12776595.88178946,12777788.390308319,32,2976,False
5,plate6,4,4,0.75,100.0,2,12078616.91666629,12773837.349289792,12774289.142309397,32,2976,False
5,plate6,4,8,0.75,100.0,2,11382269.130706655,12768455.851590585,12768576.14132343,32,2976,False
5,plate6,4,16,1.0,1000.0,2,11059217.83928959,12768383.811256029,12768548.79087171,32,2976,False
5,plate6,4,32,1.0,100.0,2,10782892.761734972,12768929.639696902,12768932.511178667,32,2976,False
5,plate6,4,64,1.0,1000.0,2,10621336.541829122,12767704.424301652,12767706.720623909,32,2976,False
5,plate6,4,80,1.0,1000.0,2,10608552.49093213,12767675.218197735,12767697.480242517,32,2976,False
5,plate6,4,92,1.0,1000.0,2,10607624.587933926,12767652.684613178,12767675.148919173,32,2976,False
5,plate6,8,0,0.0,1e-08,0,,,,0,0,False
5,plate6,8,1,0.25,100.0,4,13602437.342759004,14106754.990022665,14145938.263167297,40,3720,False
5,plate6,8,2,0.5,1000.0,4,12968236.434628561,14114298.184954641,14152516.028599264,40,3720,False
5,plate6,8,4,0.75,1000.0,4,12343646.830590019,14110659.678981874,14148283.94644895,40,3720,False
5,plate6,8,8,0.75,1000.0,4,11618193.70310782,14099189.825483808,14138451.900571205,40,3720,False
5,plate6,8,16,1.0,1000.0,4,11295415.779190201,14099194.032206582,14138865.068203025,40,3720,False
5,plate6,8,32,1.0,1000.0,4,11010729.078357615,14097311.233714314,14138815.166314434,40,3720,False
5,plate6,8,64,1.0,1000.0,4,10845845.927613799,14088344.065007454,14129047.114805344,40,3720,False
5,plate6,8,80,1.0,1000.0,4,10831562.441852568,14088211.604572292,14129027.568288263,40,3720,False
5,plate6,8,92,1.0,1000.0,4,10830647.271658596,14088155.72842534,14128983.516604848,40,3720,False
5,plate6,16,0,0.0,1e-08,0,,,,0,0,False
5,plate6,16,1,0.25,100.0,8,13141785.82812348,13640358.396988247,13669049.548668765,40,3720,False
5,plate6,16,2,0.5,1000.0,8,12524434.287002979,13643990.939887036,13672788.01553858,40,3720,False
5,plate6,16,4,0.75,1000.0,8,11919940.82298686,13640589.984849384,13667305.572411526,40,3720,False
5,plate6,16,8,0.75,1000.0,8,11219481.657562142,13623953.90233404,13654365.778168868,40,3720,False
5,plate6,16,16,1.0,1000.0,8,10904244.650399897,13622001.227317244,13653947.171156237,40,3720,False
5,plate6,16,32,1.0,1000.0,8,10629525.614041727,13618411.830233948,13651679.372828545,40,3720,False
5,plate6,16,64,1.0,1000.0,8,10470020.66484871,13611632.72924048,13646383.325957838,40,3720,False
5,plate6,16,80,1.0,1000.0,8,10456087.727710297,13611273.590684656,13646034.002261484,40,3720,False
5,plate6,16,92,1.0,1000.0,8,10455222.587592598,13611189.758332105,13645980.315891232,40,3720,False
5,plate6,24,0,0.0,1e-08,0,,,,0,0,False
5,plate6,24,1,0.25,100.0,16,12917830.775729366,13459839.647234006,13474319.027299045,40,3720,False
5,plate6,24,2,0.5,1000.0,16,12311566.861181827,13459596.010268666,13479935.895568429,40,3720,False
5,plate6,24,4,0.75,1000.0,16,11713941.666807285,13455043.255287617,13477301.657579467,40,3720,False
5,plate6,24,8,0.75,1000.0,16,11025022.457481086,13436868.36004228,13458189.25667328,40,3720,False
5,plate6,24,16,1.0,1000.0,16,10714527.17639693,13433931.201271044,13454556.640560621,40,3720,False
5,plate6,24,32,1.0,1000.0,16,10444493.448485445,13430076.371711746,13451023.662454179,40,3720,False
5,plate6,24,64,1.0,1000.0,16,10287717.281739734,13422621.373904182,13444661.605307449,40,3720,False
5,plate6,24,80,1.0,1000.0,16,10273926.984580185,13422268.50297179,13444329.651823008,40,3720,False
5,plate6,24,92,1.0,1000.0,16,10273059.435814293,13422159.07970114,13444238.146829734,40,3720,False
5,plate6,32,0,0.0,1e-08,0,,,,0,0,False
5,plate6,32,1,0.25,100.0,24,12767321.943823887,13374497.83027402,13384364.34215316,40,3720,False
5,plate6,32,2,0.5,1000.0,24,12166644.094583692,13364978.146919027,13380060.68620079,40,3720,False
5,plate6,32,4,0.75,1000.0,24,11576946.6472624,13358455.970161133,13375932.453927858,40,3720,False
5,plate6,32,8,0.75,1000.0,24,10896346.175545339,13339353.592337295,13355534.255155766,40,3720,False
5,plate6,32,16,1.0,1000.0,24,10590572.907588145,13335195.38467204,13350575.371257551,40,3720,False
5,plate6,32,32,1.0,1000.0,24,10323733.623529727,13329644.293821434,13344831.395703355,40,3720,False
5,plate6,32,64,1.0,1000.0,24,10169173.51236297,13321457.01757675,13337300.339579957,40,3720,False
5,plate6,32,80,1.0,1000.0,24,10155548.977055836,13321104.693259414,13337042.843700584,40,3720,False
5,plate6,32,92,1.0,1000.0,24,10154700.250283005,13320989.601239352,13336936.75632652,40,3720,False
5,plate6,40,0,0.0,1e-08,0,,,,0,0,False
5,plate6,40,1,0.25,100.0,32,12651630.147546675,13314637.49566153,13318642.472576706,40,3720,False
5,plate6,40,2,0.5,1000.0,32,12054814.701561319,13299173.958052028,13307830.987722233,40,3720,False
5,plate6,40,4,0.75,1000.0,32,11470440.526998397,13292457.870002162,13302204.198467674,40,3720,False
5,plate6,40,8,0.75,1000.0,32,10796211.703268113,13271552.947998634,13281005.752626557,40,3720,False
5,plate6,40,16,1.0,1000.0,32,10493260.062012255,13267609.968532633,13277028.997816658,40,3720,False
5,plate6,40,32,1.0,1000.0,32,10228952.164438155,13261628.808091264,13270895.15922225,40,3720,False
5,plate6,40,64,1.0,1000.0,32,10075554.845846208,13251722.97978633,13261443.035614876,40,3720,False
5,plate6,40,80,1.0,1000.0,32,10062003.023959741,13251177.008549677,13260887.28390842,40,3720,False
5,plate6,40,92,1.0,1000.0,32,10061168.305023829,13251045.332974749,13260762.909231182,40,3720,False
5,plate6,49,0,0.0,1e-08,0,,,,0,0,False
5,plate6,49,1,0.25,1000.0,32,12544897.75972916,13271914.842397425,13285532.950530674,40,3720,False
5,plate6,49,2,0.5,1000.0,32,11953182.645857425,13253435.23244267,13273593.810588012,40,3720,False
5,plate6,49,4,0.75,1000.0,32,11373947.1401588,13246408.845635425,13269754.227092246,40,3720,False
5,plate6,49,8,0.75,1000.0,32,10705451.376063347,13224363.957314335,13246842.734276999,40,3720,False
5,plate6,49,16,1.0,1000.0,32,10404916.747327538,13220016.750344671,13242628.371283142,40,3720,False
5,plate6,49,32,1.0,1000.0,32,10142778.753998416,13214102.311157862,13237522.212113148,40,3720,False
5,plate6,49,64,1.0,1000.0,32,9990776.271942206,13202710.781939507,13228359.18046884,40,3720,False
5,plate6,49,80,1.0,1000.0,32,9977370.450681677,13202364.379555603,13227956.470693726,40,3720,False
5,plate6,49,92,1.0,1000.0,32,9976537.96511198,13202220.015829185,13227837.491976539,40,3720,False
5,plate14,1,0,0.0,1e-08,0,,,,0,0,False
5,plate14,1,1,0.0,1e-08,0,,,,0,0,False
5,plate14,1,2,0.0,1e-08,0,,,,0,0,False
5,plate14,1,4,0.0,1e-08,0,,,,0,0,False
5,plate14,1,8,0.0,1e-08,0,,,,0,0,False
5,plate14,1,16,0.0,1e-08,0,,,,0,0,False
5,plate14,1,32,0.0,1e-08,0,,,,0,0,False
5,plate14,1,64,0.0,1e-08,0,,,,0,0,False
5,plate14,1,80,0.0,1e-08,0,,,,0,0,False
5,plate14,1,92,0.0,1e-08,0,,,,0,0,False
5,plate14,2,0,0.0,1e-08,0,,,,0,0,False
5,plate14,2,1,0.5,1e-08,0,7266371.556635141,8839072.700164795,,16,1488,False
5,plate14,2,2,0.5,1e-08,0,6747494.346187711,8839072.700164795,,16,1488,False
5,plate14,2,4,0.75,1e-08,0,6221912.717005828,8839072.700164795,,16,1488,False
5,plate14,2,8,0.75,1e-08,0,5877263.322444495,8839072.700164795,,16,1488,False
5,plate14,2,16,1.0,1e-08,0,5630581.834414607,8839072.700164795,,16,1488,False
5,plate14,2,32,1.0,1e-08,0,5471953.943105614,8839072.700164795,,16,1488,False
5,plate14,2,64,1.0,1e-08,0,5385048.4806494955,8839072.700164795,,16,1488,False
5,plate14,2,80,1.0,1e-08,0,5377774.044896115,8839072.700164795,,16,1488,False
5,plate14,2,92,1.0,1e-08,0,5377513.381820717,8839072.700164795,,16,1488,False
5,plate14,4,0,0.0,1e-08,0,,,,0,0,False
5,plate14,4,1,0.5,100.0,2,15552984.011280898,15853674.885294136,15855670.576038662,32,2976,False
5,plate14,4,2,0.5,100.0,2,14326542.916212713,15850640.451152895,15851603.79734937,32,2976,False
5,plate14,4,4,0.75,100.0,2,13186277.79214957,15850016.926958242,15850424.792100178,32,2976,False
5,plate14,4,8,0.75,1000.0,2,12402853.065373309,15849242.203378096,15849616.212070605,32,2976,False
5,plate14,4,16,1.0,100.0,2,11902160.491599401,15850541.192117417,15850568.222234555,32,2976,False
5,plate14,4,32,1.0,1e-08,2,11542830.552472262,15850461.915626774,15850461.915626772,32,2976,False
5,plate14,4,64,1.0,100.0,2,11359431.32247605,15849607.835173562,15849608.77736694,32,2976,False
5,plate14,4,80,1.0,1000.0,2,11342594.635613777,15849483.93341263,15849505.178706756,32,2976,False
5,plate14,4,92,1.0,1000.0,2,11342068.296184106,15849463.29122879,15849485.94548326,32,2976,False
5,plate14,8,0,0.0,1e-08,0,,,,0,0,False
5,plate14,8,1,0.5,100.0,4,15586221.698040824,17350826.260580957,17400520.211780917,40,3720,False
5,plate14,8,2,0.5,100.0,4,14384012.84153553,17344800.973657083,17397062.759826466,40,3720,False
5,plate14,8,4,0.75,100.0,4,13229969.136648301,17342616.126483534,17395510.988324437,40,3720,False
5,plate14,8,8,0.75,100.0,4,12453861.085786792,17343589.80670408,17396315.17009303,40,3720,False
5,plate14,8,16,1.0,1000.0,4,11943728.60996693,17345944.40166537,17397187.56273415,40,3720,False
5,plate14,8,32,1.0,1000.0,4,11588926.497968247,17343859.400316413,17396099.948128875,40,3720,False
5,plate14,8,64,1.0,1000.0,4,11406602.798934266,17341290.21972938,17394509.864375785,40,3720,False
5,plate14,8,80,1.0,1000.0,4,11389513.196636053,17341163.329956144,17394471.994327553,40,3720,False
5,plate14,8,92,1.0,1000.0,4,11388936.074563805,17341129.42037777,17394449.994502824,40,3720,False
5,plate14,16,0,0.0,1e-08,0,,,,0,0,False
5,plate14,16,1,0.5,100.0,8,15003661.414614547,16778960.176660057,16813600.409846526,40,3720,False
5,plate14,16,2,0.5,100.0,8,13843185.54046819,16769126.297623824,16809321.749842443,40,3720,False
5,plate14,16,4,0.75,100.0,8,12737185.364452187,16765398.532229861,16807333.501777895,40,3720,False
5,plate14,16,8,0.75,100.0,8,11990430.552913427,16764457.260004763,16806629.61056867,40,3720,False
5,plate14,16,16,1.0,1000.0,8,11499302.193156088,16766951.013122134,16807951.624678977,40,3720,False
5,plate14,16,32,1.0,1000.0,8,11158485.515109526,16765218.497555964,16807541.67930755,40,3720,False
5,plate14,16,64,1.0,1000.0,8,10983375.597815832,16761445.55565147,16805212.245944798,40,3720,False
5,plate14,16,80,1.0,1000.0,8,10966832.27093288,16761395.294374242,16805043.528345063,40,3720,False
5,plate14,16,92,1.0,1000.0,8,10966278.738619676,16761347.0514617,16805015.152878832,40,3720,False
5,plate14,24,0,0.0,1e-08,0,,,,0,0,False
5,plate14,24,1,0.5,100.0,16,14736741.93825636,16580036.796114856,16601256.74478714,40,3720,False
5,plate14,24,2,0.5,100.0,16,13599782.042649245,16566240.464326937,16588744.780174848,40,3720,False
5,plate14,24,4,0.75,100.0,16,12510875.622060213,16558669.569417167,16583576.77084577,40,3720,False
5,plate14,24,8,0.75,100.0,16,11777632.607408172,16556798.009887751,16582600.462642616,40,3720,False
5,plate14,24,16,1.0,1000.0,16,11293686.200239064,16558938.897417756,16584642.868228002,40,3720,False
5,plate14,24,32,1.0,1000.0,16,10958699.298990397,16556847.607404511,16583027.442508364,40,3720,False
5,plate14,24,64,1.0,1000.0,16,10786470.016761249,16551906.135739107,16579005.735512003,40,3720,False
5,plate14,24,80,1.0,1000.0,16,10770215.904497018,16551879.792485127,16578855.372552069,40,3720,False
5,plate14,24,92,1.0,1000.0,16,10769664.664080327,16551813.0497329,16578802.651149694,40,3720,False
5,plate14,32,0,0.0,1e-08,0,,,,0,0,False
5,plate14,32,1,0.5,1000.0,24,14566316.08090865,16481711.376006544,16495577.421823189,40,3720,False
5,plate14,32,2,0.5,1000.0,24,13443519.79743096,16467145.28601576,16480863.806425838,40,3720,False
5,plate14,32,4,0.75,100.0,24,12368942.069524473,16455289.052668558,16470337.000093032,40,3720,False
5,plate14,32,8,0.75,100.0,24,11643025.5150668,16451855.53341028,16467268.813597852,40,3720,False
5,plate14,32,16,1.0,1000.0,24,11165883.351705901,16452707.378502663,16467901.715986175,40,3720,False
5,plate14,32,32,1.0,1000.0,24,10834690.39926954,16449779.7410742,16465673.64668366,40,3720,False
5,plate14,32,64,1.0,1000.0,24,10664331.430594377,16443918.759824704,16460677.744883426,40,3720,False
5,plate14,32,80,1.0,1000.0,24,10648274.90546401,16443909.567012869,16460564.291072547,40,3720,False
5,plate14,32,92,1.0,1000.0,24,10647731.845232747,16443833.420911318,16460500.238008132,40,3720,False
5,plate14,40,0,0.0,1e-08,0,,,,0,0,False
5,plate14,40,1,0.5,1000.0,32,14434546.357848791,16415225.13783481,16430997.11959053,40,3720,False
5,plate14,40,2,0.5,1000.0,32,13320496.401486896,16400601.580939965,16412043.152644698,40,3720,False
5,plate14,40,4,0.75,1000.0,32,12256793.741817392,16384973.976327384,16396242.350928862,40,3720,False
5,plate14,40,8,0.75,100.0,32,11536836.646944523,16379172.606123693,16390985.709628072,40,3720,False
5,plate14,40,16,1.0,1000.0,32,11064661.88506326,16379283.203589335,16391242.483910348,40,3720,False
5,plate14,40,32,1.0,1000.0,32,10736768.477772443,16375955.16536461,16388358.043982055,40,3720,False
5,plate14,40,64,1.0,1000.0,32,10567760.924704172,16369032.291458523,16381957.887927739,40,3720,False
5,plate14,40,80,1.0,1000.0,32,10551899.8836685,16369059.416950643,16381923.88845164,40,3720,False
5,plate14,40,92,1.0,1000.0,32,10551366.521775737,16368968.765549384,16381840.502282655,40,3720,False
5,plate14,49,0,0.0,1e-08,0,,,,0,0,False
5,plate14,49,1,0.5,1000.0,32,14321308.469045985,16368845.506221121,16391436.990681855,40,3720,False
5,plate14,49,2,0.5,1000.0,32,13216072.631989568,16352321.442103224,16370784.515416194,40,3720,False
5,plate14,49,4,0.75,1000.0,32,12159888.599397948,16335655.197865237,16355824.19886027,40,3720,False
5,plate14,49,8,0.75,100.0,32,11445367.180728655,16328805.260031458,16350404.026384177,40,3720,False
5,plate14,49,16,1.0,1000.0,32,10976730.644046634,16328523.430139061,16350940.218944954,40,3720,False
5,plate14,49,32,1.0,1000.0,32,10651191.21705858,16325516.437476633,16348700.120000556,40,3720,False
5,plate14,49,64,1.0,1000.0,32,10483575.431252757,16317675.628829911,16342018.926280826,40,3720,False
5,plate14,49,80,1.0,1000.0,32,10467832.699353723,16317718.157687156,16341948.039155928,40,3720,False
5,plate14,49,92,1.0,1000.0,32,10467302.047942756,16317620.133144721,16341865.934348652,40,3720,False
6,plate6,1,0,0.0,1e-08,0,,,,0,0,False
6,plate6,1,1,0.0,1e-08,0,,,,0,0,False
6,plate6,1,2,0.0,1e-08,0,,,,0,0,False
6,plate6,1,4,0.0,1e-08,0,,,,0,0,False
6,plate6,1,8,0.0,1e-08,0,,,,0,0,False
6,plate6,1,16,0.0,1e-08,0,,,,0,0,False
6,plate6,1,32,0.0,1e-08,0,,,,0,0,False
6,plate6,1,64,0.0,1e-08,0,,,,0,0,False
6,plate6,1,80,0.0,1e-08,0,,,,0,0,False
6,plate6,1,92,0.0,1e-08,0,,,,0,0,False
6,plate6,2,0,0.0,1e-08,0,,,,0,0,False
6,plate6,2,1,0.25,1e-08,0,18056520.945142865,19513518.521707535,,16,1488,False
6,plate6,2,2,0.5,1e-08,0,17290256.65318346,19513518.521707535,,16,1488,False
6,plate6,2,4,0.5,1e-08,0,16234124.273155123,19513518.521707535,,16,1488,False
6,plate6,2,8,0.75,1e-08,0,15378038.41678093,19513518.521707535,,16,1488,False
6,plate6,2,16,0.75,1e-08,0,14791255.225575002,19513518.521707535,,16,1488,False
6,plate6,2,32,1.0,1e-08,0,14384426.85147661,19513518.521707535,,16,1488,False
6,plate6,2,64,1.0,1e-08,0,14135522.752948044,19513518.521707535,,16,1488,False
6,plate6,2,80,1.0,1e-08,0,14113242.01859256,19513518.521707535,,16,1488,False
6,plate6,2,92,1.0,1e-08,0,14112899.216853667,19513518.521707535,,16,1488,False
6,plate6,4,0,0.0,1e-08,0,,,,0,0,False
6,plate6,4,1,0.25,100.0,2,17448294.935202964,16207384.146055093,16210240.740363581,32,2976,False
6,plate6,4,2,0.5,100.0,2,16849751.14840817,16199209.353517545,16200628.638763754,32,2976,False
6,plate6,4,4,0.5,1000.0,2,15795577.458521849,16183417.60540193,16188140.186882358,32,2976,False
6,plate6,4,8,0.75,1000.0,2,14973508.857340926,16181647.063469557,16184746.932920294,32,2976,False
6,plate6,4,16,0.75,1000.0,2,14408175.070069147,16174246.155089831,16175569.63540484,32,2976,False
6,plate6,4,32,1.0,1000.0,2,14010021.26607677,16174532.390687665,16174701.073543588,32,2976,False
6,plate6,4,64,1.0,1000.0,2,13768436.267805297,16162925.43281401,16162990.15081384,32,2976,False
6,plate6,4,80,1.0,1000.0,2,13746978.171134565,16163461.916923447,16163496.613305187,32,2976,False
6,plate6,4,92,1.0,1000.0,2,13746733.930755015,16164280.84824607,16164318.567424495,32,2976,False
6,plate6,8,0,0.0,1e-08,0,,,,0,0,False
6,plate6,8,1,0.25,100.0,4,18119361.23717968,17483087.839095905,17512077.510813385,40,3720,False
6,plate6,8,2,0.25,1000.0,4,17600089.689835634,17477413.52165827,17514458.5048117,40,3720,False
6,plate6,8,4,0.5,1000.0,4,16422007.998048825,17466435.985625155,17506795.746759895,40,3720,False
6,plate6,8,8,0.75,1000.0,4,15559513.601332184,17453525.317866515,17491915.225269634,40,3720,False
6,plate6,8,16,0.75,1000.0,4,14968110.536484072,17442692.591790885,17480336.4154467,40,3720,False
6,plate6,8,32,1.0,1000.0,4,14553566.674529446,17431647.05940511,17470113.091051303,40,3720,False
6,plate6,8,64,1.0,1000.0,4,14302039.82814433,17418308.64002514,17458469.525542527,40,3720,False
6,plate6,8,80,1.0,1000.0,4,14279833.770509485,17418233.731089734,17458422.467792407,40,3720,False
6,plate6,8,92,1.0,1000.0,4,14279523.148639606,17418434.26193365,17458676.968992457,40,3720,False
6,plate6,16,0,0.0,1e-08,0,,,,0,0,False
6,plate6,16,1,0.25,1000.0,8,16438967.954530649,16831056.66966246,16856008.082573913,40,3720,False
6,plate6,16,2,0.25,1000.0,8,15962371.67554017,16828627.51194959,16858780.31245611,40,3720,False
6,plate6,16,4,0.5,1000.0,8,14903247.751517119,16816866.245633103,16845126.70190863,40,3720,False
6,plate6,16,8,0.75,1000.0,8,14125064.74131636,16796236.194182586,16824708.59147572,40,3720,False
6,plate6,16,16,0.75,1000.0,8,13582857.8040302,16779311.745325774,16810305.086624578,40,3720,False
6,plate6,16,32,1.0,1000.0,8,13205898.843949782,16760706.008935194,16796806.32962267,40,3720,False
6,plate6,16,64,1.0,1000.0,8,12977697.726324448,16747571.476594415,16786264.682884265,40,3720,False
6,plate6,16,80,1.0,1000.0,8,12957409.71781184,16747069.886564424,16785925.393848833,40,3720,False
6,plate6,16,92,1.0,1000.0,8,12957145.886798374,16747147.333423141,16785980.002748266,40,3720,False
6,plate6,24,0,0.0,1e-08,0,,,,0,0,False
6,plate6,24,1,0.25,1000.0,16,16033905.926171761,16652865.641405663,16671206.03678702,40,3720,False
6,plate6,24,2,0.25,1000.0,16,15567525.262402218,16656630.982591009,16680511.155412579,40,3720,False
6,plate6,24,4,0.5,1000.0,16,14533049.762751093,16642347.632285908,16663667.569381759,40,3720,False
6,plate6,24,8,0.75,1000.0,16,13773243.068500277,16619761.740104884,16640170.974397032,40,3720,False
6,plate6,24,16,0.75,1000.0,16,13242487.037396595,16599942.158985509,16617764.719522314,40,3720,False
6,plate6,24,32,1.0,1000.0,16,12874412.363881407,16578735.650494022,16598816.174639687,40,3720,False
6,plate6,24,64,1.0,1000.0,16,12652250.71561878,16563502.59914899,16584885.901271565,40,3720,False
6,plate6,24,80,1.0,1000.0,16,12632495.920325138,16563251.944039993,16584467.478353545,40,3720,False
6,plate6,24,92,1.0,1000.0,16,12632237.374935322,16563342.75701368,16584520.899691917,40,3720,False
6,plate6,32,0,0.0,1e-08,0,,,,0,0,False
6,plate6,32,1,0.25,1000.0,16,15943272.791207265,16583097.316918314,16600409.660508877,40,3720,False
6,plate6,32,2,0.25,1000.0,24,15480808.545935715,16584296.291354556,16604944.198851982,40,3720,False
6,plate6,32,4,0.5,1000.0,24,14451908.81788497,16563797.374746373,16580669.400288252,40,3720,False
6,plate6,32,8,0.75,1000.0,24,13695625.493922792,16541804.406142304,16556406.03215148,40,3720,False
6,plate6,32,16,0.75,1000.0,24,13168322.649395585,16520519.857861353,16532421.035399465,40,3720,False
6,plate6,32,32,1.0,1000.0,24,12802522.836830802,16497663.866137514,16510233.531798676,40,3720,False
6,plate6,32,64,1.0,1000.0,24,12581616.018664416,16481191.13642332,16494805.693377474,40,3720,False
6,plate6,32,80,1.0,1000.0,24,12562010.208445033,16480815.975575836,16494267.313342348,40,3720,False
6,plate6,32,92,1.0,1000.0,24,12561747.764115872,16480975.199267304,16494387.755639281,40,3720,False
6,plate6,40,0,0.0,1e-08,0,,,,0,0,False
6,plate6,40,1,0.25,1000.0,24,15765105.445737297,16519918.110083418,16532608.912149984,40,3720,False
6,plate6,40,2,0.25,1000.0,32,15308596.487813976,16516843.68453135,16533951.771715991,40,3720,False
6,plate6,40,4,0.5,1000.0,32,14292384.661928726,16498437.138851946,16512106.352397215,40,3720,False
6,plate6,40,8,0.75,1000.0,32,13546373.71418815,16476162.133688163,16487205.83263115,40,3720,False
6,plate6,40,16,0.75,1000.0,32,13024369.361152902,16453812.172116851,16462408.18105493,40,3720,False
6,plate6,40,32,1.0,1000.0,32,12662910.272262197,16428189.158273524,16436913.248489141,40,3720,False
6,plate6,40,64,1.0,1000.0,32,12444053.072446978,16409476.209940346,16419072.919642251,40,3720,False
6,plate6,40,80,1.0,1000.0,32,12424671.23002707,16409313.889822118,16418825.095289178,40,3720,False
6,plate6,40,92,1.0,1000.0,32,12424427.898483174,16409518.838078735,16419025.999649558,40,3720,False
6,plate6,49,0,0.0,1e-08,0,,,,0,0,False
6,plate6,49,1,0.25,1000.0,32,15670947.172172042,16471386.404488228,16489965.73522269,40,3720,False
6,plate6,49,2,0.25,1000.0,32,15217422.053862268,16467186.165897153,16486518.479648158,40,3720,False
6,plate6,49,4,0.5,1000.0,32,14207449.801667992,16446276.805211948,16464506.790698523,40,3720,False
6,plate6,49,8,0.75,1000.0,32,13467202.026274221,16423965.1117595,16442669.821619246,40,3720,False
6,plate6,49,16,0.75,1000.0,32,12948156.348992946,16401674.080884267,16417976.649101457,40,3720,False
6,plate6,49,32,1.0,1000.0,32,12588567.674582057,16372788.182598745,16392207.62890921,40,3720,False
6,plate6,49,64,1.0,1000.0,32,12370933.46847686,16352284.033241646,16374283.930696981,40,3720,False
6,plate6,49,80,1.0,1000.0,32,12351704.313234499,16352180.58073102,16373949.84478703,40,3720,False
6,plate6,49,92,1.0,1000.0,32,12351460.186106091,16352395.802650744,16374119.917193193,40,3720,False
6,plate14,1,0,0.0,1e-08,0,,,,0,0,False
6,plate14,1,1,0.0,1e-08,0,,,,0,0,False
6,plate14,1,2,0.0,1e-08,0,,,,0,0,False
6,plate14,1,4,0.0,1e-08,0,,,,0,0,False
6,plate14,1,8,0.0,1e-08,0,,,,0,0,False
6,plate14,1,16,0.0,1e-08,0,,,,0,0,False
6,plate14,1,32,0.0,1e-08,0,,,,0,0,False
6,plate14,1,64,0.0,1e-08,0,,,,0,0,False
6,plate14,1,80,0.0,1e-08,0,,,,0,0,False
6,plate14,1,92,0.0,1e-08,0,,,,0,0,False
6,plate14,2,0,0.0,1e-08,0,,,,0,0,False
6,plate14,2,1,0.5,1e-08,0,18789566.382613897,21514883.084976196,,16,1488,False
6,plate14,2,2,0.5,1e-08,0,17219578.285536766,21514883.084976196,,16,1488,False
6,plate14,2,4,0.75,1e-08,0,15955959.85888794,21514883.084976196,,16,1488,False
6,plate14,2,8,0.75,1e-08,0,15006643.103672085,21514883.084976196,,16,1488,False
6,plate14,2,16,1.0,1e-08,0,14463394.751677223,21514883.084976196,,16,1488,False
6,plate14,2,32,1.0,1e-08,0,14039412.790608838,21514883.084976196,,16,1488,False
6,plate14,2,64,1.0,1e-08,0,13823464.913514838,21514883.084976196,,16,1488,False
6,plate14,2,80,1.0,1e-08,0,13802811.639882382,21514883.084976196,,16,1488,False
6,plate14,2,92,1.0,1e-08,0,13802256.286487125,21514883.084976196,,16,1488,False
6,plate14,4,0,0.0,1e-08,0,,,,0,0,False
6,plate14,4,1,0.25,100.0,2,18294609.9516105,18237879.92914436,18240226.311915267,32,2976,False
6,plate14,4,2,0.5,100.0,2,16737141.086988728,18238009.66693893,18239218.27184769,32,2976,False
6,plate14,4,4,0.75,1000.0,2,15470885.016503084,18232719.722514097,18236036.072438102,32,2976,False
6,plate14,4,8,0.75,1000.0,2,14533197.909149611,18229579.02655071,18231794.789947283,32,2976,False
6,plate14,4,16,1.0,1000.0,2,13997677.065580301,18230183.417064574,18230830.98145987,32,2976,False
6,plate14,4,32,1.0,100.0,2,13584948.934448283,18226390.319314558,18226393.396292385,32,2976,False
6,plate14,4,64,1.0,1000.0,2,13369855.650313633,18221837.136441767,18221853.1371908,32,2976,False
6,plate14,4,80,1.0,1000.0,2,13348890.758959595,18221897.32760062,18221917.240599554,32,2976,False
6,plate14,4,92,1.0,1000.0,2,13348337.289590085,18222080.022125904,18222100.4073425,32,2976,False
6,plate14,8,0,0.0,1e-08,0,,,,0,0,False
6,plate14,8,1,0.25,100.0,4,19319440.329605106,19953829.187838208,20003449.833269417,40,3720,False
6,plate14,8,2,0.5,1000.0,4,17720166.816231802,19961074.371473305,20016955.9279711,40,3720,False
6,plate14,8,4,0.75,1000.0,4,16308253.945297085,19946654.28102648,20004971.252505902,40,3720,False
6,plate14,8,8,0.75,1000.0,4,15270313.808901636,19927455.209402803,19985392.01690837,40,3720,False
6,plate14,8,16,1.0,1000.0,4,14702066.913044125,19923844.80794027,19980089.310502272,40,3720,False
6,plate14,8,32,1.0,1000.0,4,14265624.36824871,19915501.597918432,19972568.03003046,40,3720,False
6,plate14,8,64,1.0,1000.0,4,14038991.658211526,19910388.44349784,19968760.685233936,40,3720,False
6,plate14,8,80,1.0,1000.0,4,14017000.435785286,19910222.362216182,19968673.75799509,40,3720,False
6,plate14,8,92,1.0,1000.0,4,14016382.273329062,19910277.734139044,19968741.72341013,40,3720,False
6,plate14,16,0,0.0,1e-08,0,,,,0,0,False
6,plate14,16,1,0.25,1000.0,8,17529173.665732823,19186064.9929108,19230636.86087614,40,3720,False
6,plate14,16,2,0.5,1000.0,8,16078133.225202665,19192300.05207148,19239901.836893924,40,3720,False
6,plate14,16,4,0.75,1000.0,8,14790035.233564127,19177165.531501755,19222069.173636902,40,3720,False
6,plate14,16,8,0.75,1000.0,8,13846638.05701642,19148473.241000343,19195037.843957826,40,3720,False
6,plate14,16,16,1.0,1000.0,8,13328782.10601394,19141941.901897997,19188452.027053293,40,3720,False
6,plate14,16,32,1.0,1000.0,8,12931732.54903877,19129847.67652572,19179017.313087646,40,3720,False
6,plate14,16,64,1.0,1000.0,8,12725245.123438079,19122447.750227503,19174222.15420445,40,3720,False
6,plate14,16,80,1.0,1000.0,8,12705321.598446675,19121943.386370644,19173953.584832598,40,3720,False
6,plate14,16,92,1.0,1000.0,8,12704748.824062634,19121985.941735007,19174006.540261656,40,3720,False
6,plate14,24,0,0.0,1e-08,0,,,,0,0,False
6,plate14,24,1,0.25,1000.0,16,17093130.652881492,18980261.36093417,19010792.50002505,40,3720,False
6,plate14,24,2,0.5,1000.0,16,15677542.679563299,18984789.009429365,19014141.11258011,40,3720,False
6,plate14,24,4,0.75,1000.0,16,14422296.468784723,18966920.851719018,18990283.79013057,40,3720,False
6,plate14,24,8,0.75,1000.0,16,13502321.16321087,18934633.54905744,18957098.429376666,40,3720,False
6,plate14,24,16,1.0,1000.0,16,12995564.37564355,18927968.93498861,18950333.630231127,40,3720,False
6,plate14,24,32,1.0,1000.0,16,12608468.19191134,18914317.867086627,18938651.917012043,40,3720,False
6,plate14,24,64,1.0,1000.0,16,12407061.108742917,18905381.54579006,18931452.682732556,40,3720,False
6,plate14,24,80,1.0,1000.0,16,12387584.863769544,18904728.416729648,18930879.392951436,40,3720,False
6,plate14,24,92,1.0,1000.0,16,12387024.804640222,18904773.71120881,18930925.920470208,40,3720,False
6,plate14,32,0,0.0,1e-08,0,,,,0,0,False
6,plate14,32,1,0.25,1000.0,24,16992390.139491342,18893217.58010882,18921918.133322332,40,3720,False
6,plate14,32,2,0.5,1000.0,24,15586311.104001421,18898642.88093131,18923296.911231864,40,3720,False
6,plate14,32,4,0.75,1000.0,24,14339209.12613512,18877363.170682784,18896523.41249235,40,3720,False
6,plate14,32,8,0.75,1000.0,24,13424943.540349314,18845036.480076376,18861220.952112116,40,3720,False
6,plate14,32,16,1.0,1000.0,24,12921209.93622721,18839023.53979626,18853405.77513535,40,3720,False
6,plate14,32,32,1.0,1000.0,24,12536356.470606359,18823866.14399898,18839171.372130882,40,3720,False
6,plate14,32,64,1.0,1000.0,24,12336132.691888658,18813826.505516477,18830369.8933594,40,3720,False
6,plate14,32,80,1.0,1000.0,24,12316769.483129237,18813008.736766316,18829649.48936295,40,3720,False
6,plate14,32,92,1.0,1000.0,24,12316215.249085506,18813067.307785332,18829701.72218028,40,3720,False
6,plate14,40,0,0.0,1e-08,0,,,,0,0,False
6,plate14,40,1,0.25,1000.0,32,16800965.85615253,18819293.342640653,18846564.4519842,40,3720,False
6,plate14,40,2,0.5,1000.0,32,15411491.357187308,18823746.96848253,18844506.024399225,40,3720,False
6,plate14,40,4,0.75,1000.0,32,14179357.208838468,18800371.994396754,18814595.69251546,40,3720,False
6,plate14,40,8,0.75,1000.0,32,13276856.129084133,18767944.37796316,18778643.628499743,40,3720,False
6,plate14,40,16,1.0,1000.0,32,12779110.838946246,18762152.92688013,18770756.263529968,40,3720,False
6,plate14,40,32,1.0,1000.0,32,12398749.59900187,18745766.116676837,18755073.539058648,40,3720,False
6,plate14,40,64,1.0,1000.0,32,12200715.000953183,18734543.03610426,18744916.38181091,40,3720,False
6,plate14,40,80,1.0,1000.0,32,12181575.720972465,18733637.901271872,18744142.49049087,40,3720,False
6,plate14,40,92,1.0,1000.0,32,12181029.303662717,18733698.806440447,18744196.38347363,40,3720,False
6,plate14,49,0,0.0,1e-08,0,,,,0,0,False
6,plate14,49,1,0.25,1000.0,32,16699098.742053676,18771435.487725653,18797139.19295381,40,3720,False
6,plate14,49,2,0.5,1000.0,32,15315721.921990898,18774806.781203523,18797094.80699038,40,3720,False
6,plate14,49,4,0.75,1000.0,32,14091657.065655429,18749354.83719715,18769546.818260837,40,3720,False
6,plate14,49,8,0.75,1000.0,32,13196553.260423299,18716630.563024014,18735997.793118466,40,3720,False
6,plate14,49,16,1.0,1000.0,32,12702445.85596346,18710447.060517803,18728947.28652042,40,3720,False
6,plate14,49,32,1.0,1000.0,32,12324458.737096852,18691927.607029777,18712361.88590691,40,3720,False
6,plate14,49,64,1.0,1000.0,32,12127612.325405914,18679399.70011787,18702132.035339057,40,3720,False
6,plate14,49,80,1.0,1000.0,32,12108603.25085933,18678308.736533776,18701274.374444153,40,3720,False
6,plate14,49,92,1.0,1000.0,32,12108057.603035275,18678363.26647646,18701330.214007776,40,3720,False
7,plate6,1,0,0.0,1e-08,0,,,,0,0,False
7,plate6,1,1,0.0,1e-08,0,,,,0,0,False
7,plate6,1,2,0.0,1e-08,0,,,,0,0,False
7,plate6,1,4,0.0,1e-08,0,,,,0,0,False
7,plate6,1,8,0.0,1e-08,0,,,,0,0,False
7,plate6,1,16,0.0,1e-08,0,,,,0,0,False
7,plate6,1,32,0.0,1e-08,0,,,,0,0,False
7,plate6,1,64,0.0,1e-08,0,,,,0,0,False
7,plate6,1,80,0.0,1e-08,0,,,,0,0,False
7,plate6,1,92,0.0,1e-08,0,,,,0,0,False
7,plate6,2,0,0.0,1e-08,0,,,,0,0,False
7,plate6,2,1,0.25,1e-08,0,5525108.697309732,5880334.803466797,,16,1488,False
7,plate6,2,2,0.5,1e-08,0,5226432.587807536,5880334.803466797,,16,1488,False
7,plate6,2,4,0.5,1e-08,0,4947321.133876324,5880334.803466797,,16,1488,False
7,plate6,2,8,0.75,1e-08,0,4689047.5265909545,5880334.803466797,,16,1488,False
7,plate6,2,16,0.75,1e-08,0,4535736.115432053,5880334.803466797,,16,1488,False
7,plate6,2,32,1.0,1e-08,0,4423681.112040976,5880334.803466797,,16,1488,False
7,plate6,2,64,1.0,1e-08,0,4353839.396263491,5880334.803466797,,16,1488,False
7,plate6,2,80,1.0,1e-08,0,4345989.566960419,5880334.803466797,,16,1488,False
7,plate6,2,92,1.0,1e-08,0,4345696.151708703,5880334.803466797,,16,1488,False
7,plate6,4,0,0.0,1e-08,0,,,,0,0,False
7,plate6,4,1,0.25,1000.0,2,7332685.433282918,7801207.695788735,7818565.142754264,32,2976,False
7,plate6,4,2,0.5,1000.0,2,6966989.490444329,7777135.619347772,7795576.6960896505,32,2976,False
7,plate6,4,4,0.5,1000.0,2,6623118.682213493,7767980.699595332,7781407.627586226,32,2976,False
7,plate6,4,8,0.75,1000.0,2,6299894.523419145,7763621.938163264,7769996.647015182,32,2976,False
7,plate6,4,16,0.75,1000.0,2,6098760.058090429,7755233.878129963,7757638.738377776,32,2976,False
7,plate6,4,32,1.0,1000.0,2,5963580.924859367,7739018.068736535,7739447.6661137305,32,2976,False
7,plate6,4,64,1.0,1000.0,2,5868387.915629143,7733311.849814329,7733389.916925093,32,2976,False
7,plate6,4,80,1.0,1000.0,2,5857402.449081473,7732096.285878292,7732147.8576150015,32,2976,False
7,plate6,4,92,1.0,1000.0,2,5856962.361680694,7732011.250266735,7732062.994045848,32,2976,False
7,plate6,8,0,0.0,1e-08,0,,,,0,0,False
7,plate6,8,1,0.25,1000.0,2,10168497.519206239,9465882.126480991,9496920.343164835,40,3720,False
7,plate6,8,2,0.5,1000.0,4,9676802.523870805,9428936.041457318,9468065.163518747,40,3720,False
7,plate6,8,4,0.5,1000.0,4,9210173.80633139,9410384.256093493,9456195.810753062,40,3720,False
7,plate6,8,8,0.75,1000.0,4,8760212.119370276,9401469.60106148,9448980.992898256,40,3720,False
7,plate6,8,16,0.75,1000.0,4,8474928.580384053,9393134.221896958,9439618.994637104,40,3720,False
7,plate6,8,32,1.0,1000.0,4,8279730.90889703,9381513.85160693,9429375.928904137,40,3720,False
7,plate6,8,64,1.0,1000.0,4,8145006.000770891,9370508.349700052,9419141.556808718,40,3720,False
7,plate6,8,80,1.0,1000.0,4,8129970.931390662,9369775.266262105,9418486.980746895,40,3720,False
7,plate6,8,92,1.0,1000.0,4,8129310.113110002,9369711.115584027,9418422.17695045,40,3720,False
7,plate6,16,0,0.0,1e-08,0,,,,0,0,False
7,plate6,16,1,0.25,1000.0,4,9094842.300849425,8945977.974949291,8972712.399852939,40,3720,False
7,plate6,16,2,0.5,1000.0,8,8659531.652961358,8911369.189697443,8943780.147261858,40,3720,False
7,plate6,16,4,0.5,1000.0,8,8245406.294314105,8888444.757436495,8924536.186473774,40,3720,False
7,plate6,16,8,0.75,1000.0,8,7846762.1057201605,8878947.572606321,8917851.479472622,40,3720,False
7,plate6,16,16,0.75,1000.0,8,7592053.458461434,8865226.19830534,8907872.436957967,40,3720,False
7,plate6,16,32,1.0,1000.0,8,7419991.426332994,8859312.666525744,8903152.709182242,40,3720,False
7,plate6,16,64,1.0,1000.0,8,7300273.083157527,8851599.535829134,8898727.21371875,40,3720,False
7,plate6,16,80,1.0,1000.0,8,7286606.954327349,8850632.242186945,8898164.290915996,40,3720,False
7,plate6,16,92,1.0,1000.0,8,7286104.9668907765,8850563.823378649,8898109.223141681,40,3720,False
7,plate6,24,0,0.0,1e-08,0,,,,0,0,False
7,plate6,24,1,0.25,1000.0,8,8693892.301675059,8769627.35281758,8802252.879749529,40,3720,False
7,plate6,24,2,0.5,1000.0,16,8276973.038797042,8731456.017349843,8755234.423078015,40,3720,False
7,plate6,24,4,0.5,1000.0,16,7884846.492893759,8707069.192370802,8729439.007595735,40,3720,False
7,plate6,24,8,0.75,1000.0,16,7505179.4787719855,8697407.587888267,8722435.304163592,40,3720,False
7,plate6,24,16,0.75,1000.0,16,7262198.915108632,8683366.728440294,8710112.087339863,40,3720,False
7,plate6,24,32,1.0,1000.0,16,7099822.526522,8677739.914651584,8703823.952134922,40,3720,False
7,plate6,24,64,1.0,1000.0,16,6985705.827366179,8670015.671270218,8697507.146722335,40,3720,False
7,plate6,24,80,1.0,1000.0,16,6972611.000010318,8668892.716508841,8696630.038338332,40,3720,False
7,plate6,24,92,1.0,1000.0,16,6972129.22800119,8668813.511327215,8696557.431132266,40,3720,False
7,plate6,32,0,0.0,1e-08,0,,,,0,0,False
7,plate6,32,1,0.25,1000.0,24,8584882.234270835,8676457.73863313,8707926.162331523,40,3720,False
7,plate6,32,2,0.5,1000.0,24,8172558.529054955,8641320.354418093,8659680.699932085,40,3720,False
7,plate6,32,4,0.5,1000.0,24,7784686.5645499285,8615175.249888739,8629787.387092208,40,3720,False
7,plate6,32,8,0.75,1000.0,24,7409542.993501866,8603663.973343669,8620353.670455934,40,3720,False
7,plate6,32,16,0.75,1000.0,24,7169916.560638351,8587699.074457137,8605277.05859993,40,3720,False
7,plate6,32,32,1.0,1000.0,24,7009900.874594478,8583275.244925654,8600024.356614683,40,3720,False
7,plate6,32,64,1.0,1000.0,24,6897505.955693719,8574591.638234492,8592272.954011671,40,3720,False
7,plate6,32,80,1.0,1000.0,24,6884485.008596908,8573180.559259709,8590962.677591786,40,3720,False
7,plate6,32,92,1.0,1000.0,24,6884013.743543121,8573094.063874986,8590881.367256574,40,3720,False
7,plate6,40,0,0.0,1e-08,0,,,,0,0,False
7,plate6,40,1,0.25,1000.0,24,8402757.865320802,8592290.718320254,8627119.843826517,40,3720,False
7,plate6,40,2,0.5,1000.0,32,8000384.710660398,8557629.76498867,8578329.131189717,40,3720,False
7,plate6,40,4,0.5,1000.0,32,7623764.865837383,8534686.335486602,8550116.357903924,40,3720,False
7,plate6,40,8,0.75,1000.0,32,7258839.239774395,8524409.133354278,8538977.77849775,40,3720,False
7,plate6,40,16,0.75,1000.0,32,7023949.897422522,8506881.307815231,8521372.162663719,40,3720,False
7,plate6,40,32,1.0,1000.0,32,6867852.254822505,8503275.433102423,8516722.98353331,40,3720,False
7,plate6,40,64,1.0,1000.0,32,6757500.236495536,8493967.761157839,8507797.125739729,40,3720,False
7,plate6,40,80,1.0,1000.0,32,6744720.860559539,8492231.60055619,8506094.587240186,40,3720,False
7,plate6,40,92,1.0,1000.0,32,6744259.515384232,8492135.415339256,8506003.699270574,40,3720,False
7,plate6,49,0,0.0,1e-08,0,,,,0,0,False
7,plate6,49,1,0.25,1000.0,16,8267442.956080715,8538729.125960767,8573943.186822841,40,3720,False
7,plate6,49,2,0.5,1000.0,32,7871842.802037342,8505036.728710495,8529744.219560046,40,3720,False
7,plate6,49,4,0.5,1000.0,32,7503267.472488643,8482408.943382973,8504403.362274833,40,3720,False
7,plate6,49,8,0.75,1000.0,32,7145465.883298762,8471445.389289679,8493938.321301376,40,3720,False
7,plate6,49,16,0.75,1000.0,32,6914263.376006507,8453559.359603543,8478046.60994883,40,3720,False
7,plate6,49,32,1.0,1000.0,32,6761553.922498372,8450366.651417958,8475055.34027114,40,3720,False
7,plate6,49,64,1.0,1000.0,32,6652625.977776913,8440830.507293947,8466268.599315941,40,3720,False
7,plate6,49,80,1.0,1000.0,32,6640038.199261765,8438759.57226165,8464473.600734884,40,3720,False
7,plate6,49,92,1.0,1000.0,32,6639577.706140761,8438658.878568279,8464383.2606091,40,3720,False
7,plate14,1,0,0.0,1e-08,0,,,,0,0,False
7,plate14,1,1,0.0,1e-08,0,,,,0,0,False
7,plate14,1,2,0.0,1e-08,0,,,,0,0,False
7,plate14,1,4,0.0,1e-08,0,,,,0,0,False
7,plate14,1,8,0.0,1e-08,0,,,,0,0,False
7,plate14,1,16,0.0,1e-08,0,,,,0,0,False
7,plate14,1,32,0.0,1e-08,0,,,,0,0,False
7,plate14,1,64,0.0,1e-08,0,,,,0,0,False
7,plate14,1,80,0.0,1e-08,0,,,,0,0,False
7,plate14,1,92,0.0,1e-08,0,,,,0,0,False
7,plate14,2,0,0.0,1e-08,0,,,,0,0,False
7,plate14,2,1,0.25,1e-08,0,6810104.253651619,7669958.206359863,,16,1488,False
7,plate14,2,2,0.5,1e-08,0,6106940.823210716,7669958.206359863,,16,1488,False
7,plate14,2,4,0.75,1e-08,0,5493734.093344942,7669958.206359863,,16,1488,False
7,plate14,2,8,0.75,1e-08,0,5119700.714607027,7669958.206359863,,16,1488,False
7,plate14,2,16,1.0,1e-08,0,4876975.36185174,7669958.206359863,,16,1488,False
7,plate14,2,32,1.0,1e-08,0,4731223.793011796,7669958.206359863,,16,1488,False
7,plate14,2,64,1.0,1e-08,0,4656919.8627752,7669958.206359863,,16,1488,False
7,plate14,2,80,1.0,1e-08,0,4649907.376691801,7669958.206359863,,16,1488,False
7,plate14,2,92,1.0,1e-08,0,4649701.076948961,7669958.206359863,,16,1488,False
7,plate14,4,0,0.0,1e-08,0,,,,0,0,False
7,plate14,4,1,0.25,100.0,2,8992070.463305913,10090355.829512242,10092504.343426686,32,2976,False
7,plate14,4,2,0.5,1000.0,2,8098691.064291437,10054258.05972355,10057307.59539333,32,2976,False
7,plate14,4,4,0.75,1000.0,2,7337685.5245980695,10020226.817456154,10021793.589337733,32,2976,False
7,plate14,4,8,0.75,1000.0,2,6869145.763174886,10004441.806280917,10005314.516667783,32,2976,False
7,plate14,4,16,1.0,1000.0,2,6560150.291723796,9992257.678473825,9992517.057671683,32,2976,False
7,plate14,4,32,1.0,1000.0,2,6363936.150822895,9987544.736494824,9987669.938936323,32,2976,False
7,plate14,4,64,1.0,1000.0,2,6261054.681910741,9984554.627207633,9984581.970258106,32,2976,False
7,plate14,4,80,1.0,1000.0,2,6251675.265306265,9983864.230658516,9983895.65175623,32,2976,False
7,plate14,4,92,1.0,1000.0,2,6251334.862401024,9983816.878656548,9983849.682933357,32,2976,False
7,plate14,8,0,0.0,1e-08,0,,,,0,0,False
7,plate14,8,1,0.25,100.0,4,12017140.856844751,12050629.082871176,12116827.216260087,40,3720,False
7,plate14,8,2,0.5,100.0,4,10873425.49669724,12018832.196258083,12087930.507309338,40,3720,False
7,plate14,8,4,0.75,100.0,4,9900616.684041291,11994739.298831463,12068028.506198697,40,3720,False
7,plate14,8,8,0.75,1000.0,4,9288150.57866407,11989883.332739083,12062452.944821125,40,3720,False
7,plate14,8,16,1.0,100.0,4,8889116.386572827,11980852.875163678,12056676.283899222,40,3720,False
7,plate14,8,32,1.0,1000.0,4,8617392.912257086,11975882.63361302,12054352.882142574,40,3720,False
7,plate14,8,64,1.0,1000.0,4,8479992.267527616,11972710.604763096,12052662.833658664,40,3720,False
7,plate14,8,80,1.0,1000.0,4,8467007.796088414,11972443.930163499,12052495.450798247,40,3720,False
7,plate14,8,92,1.0,1000.0,4,8466592.975470401,11972416.019670645,12052480.033153271,40,3720,False
7,plate14,16,0,0.0,1e-08,0,,,,0,0,False
7,plate14,16,1,0.25,1000.0,8,10848866.83613132,11427507.900582034,11456816.017536746,40,3720,False
7,plate14,16,2,0.5,1000.0,8,9819899.876899887,11396265.719670756,11435911.271019783,40,3720,False
7,plate14,16,4,0.75,1000.0,8,8941865.493320262,11372938.71951124,11422301.729479052,40,3720,False
7,plate14,16,8,0.75,1000.0,8,8380073.114303002,11368938.07891366,11422442.034230573,40,3720,False
7,plate14,16,16,1.0,1000.0,8,8016395.690180139,11356981.99078281,11416085.15481093,40,3720,False
7,plate14,16,32,1.0,1000.0,8,7771375.718066279,11354141.863859922,11415074.228517642,40,3720,False
7,plate14,16,64,1.0,1000.0,8,7646044.868688647,11349745.234917218,11413026.175556488,40,3720,False
7,plate14,16,80,1.0,1000.0,8,7634500.41451777,11349266.287281794,11412736.852606347,40,3720,False
7,plate14,16,92,1.0,1000.0,8,7634115.471283881,11349216.602104813,11412711.61393933,40,3720,False
7,plate14,24,0,0.0,1e-08,0,,,,0,0,False
7,plate14,24,1,0.25,1000.0,16,10403617.708112994,11220835.450902037,11245868.33385956,40,3720,False
7,plate14,24,2,0.5,1000.0,16,9410969.652932532,11190677.71881593,11216345.485391261,40,3720,False
7,plate14,24,4,0.75,1000.0,16,8565701.990198418,11167632.12349339,11195538.84396774,40,3720,False
7,plate14,24,8,0.75,1000.0,16,8029975.67360962,11164003.659957275,11191915.997478252,40,3720,False
7,plate14,24,16,1.0,1000.0,16,7682131.564852486,11151684.126304947,11181156.677159565,40,3720,False
7,plate14,24,32,1.0,1000.0,16,7446731.792161296,11149238.6916884,11179355.686840829,40,3720,False
7,plate14,24,64,1.0,1000.0,16,7326531.989395157,11144443.660540804,11175808.318476528,40,3720,False
7,plate14,24,80,1.0,1000.0,16,7315489.663057591,11143911.719482683,11175344.875739537,40,3720,False
7,plate14,24,92,1.0,1000.0,16,7315115.442457218,11143847.751801465,11175298.526582083,40,3720,False
7,plate14,32,0,0.0,1e-08,0,,,,0,0,False
7,plate14,32,1,0.25,1000.0,24,10286937.811453667,11117873.24080938,11140087.744409023,40,3720,False
7,plate14,32,2,0.5,1000.0,24,9301113.29419249,11086951.730186304,11104445.933082737,40,3720,False
7,plate14,32,4,0.75,1000.0,24,8463557.998972697,11064194.275708549,11081588.001530906,40,3720,False
7,plate14,32,8,0.75,1000.0,24,7934095.685763048,11061133.627203682,11078786.464774987,40,3720,False
7,plate14,32,16,1.0,1000.0,24,7589603.261836993,11048075.331594422,11066339.453205938,40,3720,False
7,plate14,32,32,1.0,1000.0,24,7357076.486135343,11045207.552591693,11063868.812742712,40,3720,False
7,plate14,32,64,1.0,1000.0,24,7238357.833024734,11039509.932772579,11059108.751238348,40,3720,False
7,plate14,32,80,1.0,1000.0,24,7227447.560486425,11038837.349153457,11058528.076735554,40,3720,False
7,plate14,32,92,1.0,1000.0,24,7227074.9218268385,11038770.747625185,11058474.075142147,40,3720,False
7,plate14,40,0,0.0,1e-08,0,,,,0,0,False
7,plate14,40,1,0.25,1000.0,24,10091977.335476998,11036967.858446898,11062293.087629134,40,3720,False
7,plate14,40,2,0.5,1000.0,32,9123283.25141949,11007189.62829714,11025022.514165388,40,3720,False
7,plate14,40,4,0.75,1000.0,32,8301790.100766922,10984167.551855415,10999033.370763643,40,3720,False
7,plate14,40,8,0.75,1000.0,32,7783951.468893729,10981475.360395882,10995949.992538912,40,3720,False
7,plate14,40,16,1.0,1000.0,32,7445843.610485024,10967823.821249885,10981661.252350997,40,3720,False
7,plate14,40,32,1.0,1000.0,32,7217783.874242407,10965103.89249947,10978922.230504148,40,3720,False
7,plate14,40,64,1.0,1000.0,32,7101230.2807266265,10958862.165130148,10973418.980962578,40,3720,False
7,plate14,40,80,1.0,1000.0,32,7090509.607957074,10958061.923752917,10972675.734733522,40,3720,False
7,plate14,40,92,1.0,1000.0,32,7090145.135795496,10957986.062296974,10972609.173742972,40,3720,False
7,plate14,49,0,0.0,1e-08,0,,,,0,0,False
7,plate14,49,1,0.25,1000.0,32,9949470.65421797,10984655.36231349,11013794.595207112,40,3720,False
7,plate14,49,2,0.5,1000.0,32,8994185.823696498,10953759.33370419,10976728.698355136,40,3720,False
7,plate14,49,4,0.75,1000.0,32,8183248.519854839,10929738.652893249,10952449.241582654,40,3720,False
7,plate14,49,8,0.75,1000.0,32,7672298.854969898,10926882.357253036,10949141.641014146,40,3720,False
7,plate14,49,16,1.0,1000.0,32,7338688.167966476,10912453.859884162,10935549.198231302,40,3720,False
7,plate14,49,32,1.0,1000.0,32,7113806.349433975,10909805.40333859,10932922.043433584,40,3720,False
7,plate14,49,64,1.0,1000.0,32,6998748.903095974,10902901.925040353,10927461.893242586,40,3720,False
7,plate14,49,80,1.0,1000.0,32,6988169.595539967,10901983.611872707,10926657.693086004,40,3720,False
7,plate14,49,92,1.0,1000.0,32,6987813.294862978,10901898.549442843,10926591.645996708,40,3720,False
8,plate6,1,0,0.0,1e-08,0,,,,0,0,False
8,plate6,1,1,0.0,1e-08,0,,,,0,0,False
8,plate6,1,2,0.0,1e-08,0,,,,0,0,False
8,plate6,1,4,0.0,1e-08,0,,,,0,0,False
8,plate6,1,8,0.0,1e-08,0,,,,0,0,False
8,plate6,1,16,0.0,1e-08,0,,,,0,0,False
8,plate6,1,32,0.0,1e-08,0,,,,0,0,False
8,plate6,1,64,0.0,1e-08,0,,,,0,0,False
8,plate6,1,80,0.0,1e-08,0,,,,0,0,False
8,plate6,1,92,0.0,1e-08,0,,,,0,0,False
8,plate6,2,0,0.0,1e-08,0,,,,0,0,False
8,plate6,2,1,0.25,1e-08,0,7694508.556557417,8223203.32824707,,16,1488,False
8,plate6,2,2,0.5,1e-08,0,7437436.048280597,8223203.32824707,,16,1488,False
8,plate6,2,4,0.5,1e-08,0,7023696.656818002,8223203.32824707,,16,1488,False
8,plate6,2,8,0.75,1e-08,0,6683012.639995066,8223203.32824707,,16,1488,False
8,plate6,2,16,0.75,1e-08,0,6472714.299358836,8223203.32824707,,16,1488,False
8,plate6,2,32,1.0,1e-08,0,6310088.5198079515,8223203.32824707,,16,1488,False
8,plate6,2,64,1.0,1e-08,0,6220542.757082595,8223203.32824707,,16,1488,False
8,plate6,2,80,1.0,1e-08,0,6209892.757656487,8223203.32824707,,16,1488,False
8,plate6,2,92,1.0,1e-08,0,6209527.453923013,8223203.32824707,,16,1488,False
8,plate6,4,0,0.0,1e-08,0,,,,0,0,False
8,plate6,4,1,0.25,100.0,2,10120978.300851166,9974038.590715596,9975543.373910293,32,2976,False
8,plate6,4,2,0.5,100.0,2,9810081.82909745,9973487.711688362,9974202.640665567,32,2976,False
8,plate6,4,4,0.5,100.0,2,9229882.230482275,9965954.464848941,9966143.795885686,32,2976,False
8,plate6,4,8,0.75,100.0,2,8782151.241074806,9961425.292585833,9961519.418502783,32,2976,False
8,plate6,4,16,0.75,1000.0,2,8496224.065686084,9957087.651309218,9957452.518713618,32,2976,False
8,plate6,4,32,1.0,1000.0,2,8281946.571767794,9954500.157652266,9954674.77239928,32,2976,False
8,plate6,4,64,1.0,1000.0,2,8166010.875662145,9953497.748580044,9953519.883229457,32,2976,False
8,plate6,4,80,1.0,1000.0,2,8152509.507562858,9953708.95986146,9953732.547086563,32,2976,False
8,plate6,4,92,1.0,1000.0,2,8151972.508799708,9953692.439558044,9953715.479800174,32,2976,False
8,plate6,8,0,0.0,1e-08,0,,,,0,0,False
8,plate6,8,1,0.25,100.0,4,10779743.072857637,10564676.489876678,10621102.759297527,40,3720,False
8,plate6,8,2,0.5,100.0,4,10415426.840649677,10548770.06506099,10608493.40220307,40,3720,False
8,plate6,8,4,0.5,1000.0,4,9811532.678365003,10539253.276358636,10598159.164079173,40,3720,False
8,plate6,8,8,0.75,1000.0,4,9326096.084869986,10534880.444883723,10594652.588776536,40,3720,False
8,plate6,8,16,0.75,1000.0,4,9023807.91203991,10526812.844970446,10588615.763133228,40,3720,False
8,plate6,8,32,1.0,1000.0,4,8795157.761063695,10522218.369492166,10585002.737095824,40,3720,False
8,plate6,8,64,1.0,1000.0,4,8672648.956551975,10519609.820762822,10582144.403641533,40,3720,False
8,plate6,8,80,1.0,1000.0,4,8658382.390538346,10519457.483340986,10581997.54608214,40,3720,False
8,plate6,8,92,1.0,1000.0,4,8657825.69421185,10519406.974853933,10581952.284092972,40,3720,False
8,plate6,16,0,0.0,1e-08,0,,,,0,0,False
8,plate6,16,1,0.25,1000.0,8,9987628.165305447,10015253.939459462,10054665.572441425,40,3720,False
8,plate6,16,2,0.5,1000.0,8,9655985.621399693,9995417.800854499,10031045.93128442,40,3720,False
8,plate6,16,4,0.5,1000.0,8,9094969.4993555,9985977.42132377,10024907.611454004,40,3720,False
8,plate6,16,8,0.75,1000.0,8,8644990.23955409,9980999.270015495,10021779.648121554,40,3720,False
8,plate6,16,16,0.75,1000.0,8,8365228.680544936,9972008.208555615,10015018.36729996,40,3720,False
8,plate6,16,32,1.0,1000.0,8,8150671.603349244,9963531.605521675,10008480.17245792,40,3720,False
8,plate6,16,64,1.0,1000.0,8,8037118.668352955,9959587.253280997,10005146.106535612,40,3720,False
8,plate6,16,80,1.0,1000.0,8,8023661.145524365,9958924.692721548,10004711.590967711,40,3720,False
8,plate6,16,92,1.0,1000.0,8,8023153.042225488,9958875.322306752,10004668.096302068,40,3720,False
8,plate6,24,0,0.0,1e-08,0,,,,0,0,False
8,plate6,24,1,0.25,1000.0,16,9666405.125121044,9850222.684583893,9884264.542118357,40,3720,False
8,plate6,24,2,0.5,1000.0,16,9350826.03766257,9825788.861012675,9848380.567596499,40,3720,False
8,plate6,24,4,0.5,1000.0,16,8807573.016338618,9813218.228819687,9833829.629807835,40,3720,False
8,plate6,24,8,0.75,1000.0,16,8373831.107603284,9805775.7236797,9826108.699049085,40,3720,False
8,plate6,24,16,0.75,1000.0,16,8103494.716786216,9795821.557305917,9817252.539663985,40,3720,False
8,plate6,24,32,1.0,1000.0,16,7897311.8767223675,9786405.319285203,9809001.318992231,40,3720,False
8,plate6,24,64,1.0,1000.0,16,7787267.190573942,9781248.427559733,9803751.52802459,40,3720,False
8,plate6,24,80,1.0,1000.0,16,7774253.16600838,9780181.852387981,9802866.857307494,40,3720,False
8,plate6,24,92,1.0,1000.0,16,7773753.31885057,9780160.086737601,9802847.58463071,40,3720,False
8,plate6,32,0,0.0,1e-08,0,,,,0,0,False
8,plate6,32,1,0.25,1000.0,24,9520458.036471609,9761194.117353607,9792592.57859958,40,3720,False
8,plate6,32,2,0.5,1000.0,24,9207623.315058835,9737034.784838341,9754566.418337474,40,3720,False
8,plate6,32,4,0.5,1000.0,24,8674198.774502143,9722042.86942232,9735450.589769237,40,3720,False
8,plate6,32,8,0.75,1000.0,24,8246897.608832734,9712920.454407219,9725100.992900582,40,3720,False
8,plate6,32,16,0.75,1000.0,24,7980624.674390406,9702110.396550711,9715520.533280604,40,3720,False
8,plate6,32,32,1.0,1000.0,24,7777931.305974332,9693232.758411119,9707546.910767434,40,3720,False
8,plate6,32,64,1.0,1000.0,24,7669895.760908516,9689035.275195796,9703252.098570041,40,3720,False
8,plate6,32,80,1.0,1000.0,24,7657045.05987901,9687805.300088573,9702094.038440244,40,3720,False
8,plate6,32,92,1.0,1000.0,24,7656552.189483047,9687776.19052262,9702068.721819397,40,3720,False
8,plate6,40,0,0.0,1e-08,0,,,,0,0,False
8,plate6,40,1,0.25,1000.0,32,9410805.734800845,9708338.989249304,9735666.547847454,40,3720,False
8,plate6,40,2,0.5,1000.0,32,9101735.42215493,9683236.704348838,9701468.135970218,40,3720,False
8,plate6,40,4,0.5,1000.0,32,8574778.60080963,9667425.875244275,9680899.01587702,40,3720,False
8,plate6,40,8,0.75,1000.0,32,8152117.716884048,9657449.929551313,9668886.716635384,40,3720,False
8,plate6,40,16,0.75,1000.0,32,7889245.17033995,9645081.893211937,9656966.773983674,40,3720,False
8,plate6,40,32,1.0,1000.0,32,7688932.872328338,9634956.756224474,9647258.02423394,40,3720,False
8,plate6,40,64,1.0,1000.0,32,7582232.819190997,9630297.358732617,9642465.263391046,40,3720,False
8,plate6,40,80,1.0,1000.0,32,7569526.745909117,9628892.655079285,9641130.228496976,40,3720,False
8,plate6,40,92,1.0,1000.0,32,7569044.7943256525,9628863.569781313,9641102.835836021,40,3720,False
8,plate6,49,0,0.0,1e-08,0,,,,0,0,False
8,plate6,49,1,0.25,1000.0,32,9362461.69154531,9662789.157529429,9697533.24983667,40,3720,False
8,plate6,49,2,0.5,1000.0,32,9055659.004620029,9638058.959967017,9661853.219680628,40,3720,False
8,plate6,49,4,0.5,1000.0,32,8531130.279146979,9621669.57814998,9643245.54664021,40,3720,False
8,plate6,49,8,0.75,1000.0,32,8110654.202179831,9611135.136651585,9632255.220408732,40,3720,False
8,plate6,49,16,0.75,1000.0,32,7848814.670348979,9598350.035158848,9621284.84270393,40,3720,False
8,plate6,49,32,1.0,1000.0,32,7649055.44316131,9587591.814851344,9612055.73547067,40,3720,False
8,plate6,49,64,1.0,1000.0,32,7542917.094098719,9582129.500204932,9606899.134796605,40,3720,False
8,plate6,49,80,1.0,1000.0,32,7530292.0775033,9580504.526920315,9605565.232791906,40,3720,False
8,plate6,49,92,1.0,1000.0,32,7529813.072013132,9580458.757075187,9605533.80682467,40,3720,False
8,plate14,1,0,0.0,1e-08,0,,,,0,0,False
8,plate14,1,1,0.0,1e-08,0,,,,0,0,False
8,plate14,1,2,0.0,1e-08,0,,,,0,0,False
8,plate14,1,4,0.0,1e-08,0,,,,0,0,False
8,plate14,1,8,0.0,1e-08,0,,,,0,0,False
8,plate14,1,16,0.0,1e-08,0,,,,0,0,False
8,plate14,1,32,0.0,1e-08,0,,,,0,0,False
8,plate14,1,64,0.0,1e-08,0,,,,0,0,False
8,plate14,1,80,0.0,1e-08,0,,,,0,0,False
8,plate14,1,92,0.0,1e-08,0,,,,0,0,False
8,plate14,2,0,0.0,1e-08,0,,,,0,0,False
8,plate14,2,1,0.5,1e-08,0,9792024.309999704,11500892.472869873,,16,1488,False
8,plate14,2,2,0.5,1e-08,0,9001473.590273023,11500892.472869873,,16,1488,False
8,plate14,2,4,0.75,1e-08,0,8236195.591169879,11500892.472869873,,16,1488,False
8,plate14,2,8,0.75,1e-08,0,7770408.872485608,11500892.472869873,,16,1488,False
8,plate14,2,16,1.0,1e-08,0,7448873.51032491,11500892.472869873,,16,1488,False
8,plate14,2,32,1.0,1e-08,0,7249645.269098676,11500892.472869873,,16,1488,False
8,plate14,2,64,1.0,1e-08,0,7147181.536916019,11500892.472869873,,16,1488,False
8,plate14,2,80,1.0,1e-08,0,7135295.485965425,11500892.472869873,,16,1488,False
8,plate14,2,92,1.0,1e-08,0,7134866.990591299,11500892.472869873,,16,1488,False
8,plate14,4,0,0.0,1e-08,0,,,,0,0,False
8,plate14,4,1,0.5,100.0,2,12249214.793198312,12924249.13934433,12925335.005545158,32,2976,False
8,plate14,4,2,0.5,100.0,2,11205968.112825422,12923967.593204957,12924775.310949115,32,2976,False
8,plate14,4,4,0.75,100.0,2,10251010.884389231,12922048.582809411,12922219.168257436,32,2976,False
8,plate14,4,8,0.75,100.0,2,9665416.214012507,12919386.130076535,12919443.481831225,32,2976,False
8,plate14,4,16,1.0,1000.0,2,9250361.646879997,12916283.323273782,12916532.054635968,32,2976,False
8,plate14,4,32,1.0,1000.0,2,8997300.274933519,12915083.081466323,12915243.465891832,32,2976,False
8,plate14,4,64,1.0,100.0,2,8867203.48990015,12914227.689576425,12914228.970604643,32,2976,False
8,plate14,4,80,1.0,1000.0,2,8852420.596033825,12914261.602867024,12914283.246532792,32,2976,False
8,plate14,4,92,1.0,1000.0,2,8851960.556063384,12914241.44704655,12914264.845640264,32,2976,False
8,plate14,8,0,0.0,1e-08,0,,,,0,0,False
8,plate14,8,1,0.5,100.0,4,12864123.9827344,13836616.005646076,13930346.93756476,40,3720,False
8,plate14,8,2,0.5,100.0,4,11788782.140897777,13833406.338496495,13926398.643679861,40,3720,False
8,plate14,8,4,0.75,100.0,4,10792807.883364981,13830570.138889253,13922437.244154595,40,3720,False
8,plate14,8,8,0.75,100.0,4,10182408.225383386,13829588.784023434,13921011.242490107,40,3720,False
8,plate14,8,16,1.0,1000.0,4,9740943.140789857,13822803.393649612,13916813.247790884,40,3720,False
8,plate14,8,32,1.0,1000.0,4,9476876.453921465,13820096.474215599,13914916.78804349,40,3720,False
8,plate14,8,64,1.0,1000.0,4,9340699.114437684,13819293.476952465,13914561.383275585,40,3720,False
8,plate14,8,80,1.0,1000.0,4,9325152.151524598,13819149.941207167,13914467.975183966,40,3720,False
8,plate14,8,92,1.0,1000.0,4,9324685.412378974,13819127.638946913,13914451.841394827,40,3720,False
8,plate14,16,0,0.0,1e-08,0,,,,0,0,False
8,plate14,16,1,0.5,100.0,8,11916712.292312609,13196653.865269184,13243127.635085342,40,3720,False
8,plate14,16,2,0.5,100.0,8,10920385.733342927,13185392.729082897,13236346.337763287,40,3720,False
8,plate14,16,4,0.75,1000.0,8,10003836.768041158,13182672.814544069,13234954.95334626,40,3720,False
8,plate14,16,8,0.75,1000.0,8,9439386.35278998,13182494.831609678,13235119.677626407,40,3720,False
8,plate14,16,16,1.0,1000.0,8,9031177.523533251,13176292.106730063,13231304.19083796,40,3720,False
8,plate14,16,32,1.0,1000.0,8,8785571.403296176,13172550.967153016,13228805.628300618,40,3720,False
8,plate14,16,64,1.0,1000.0,8,8658995.716252897,13171143.54852937,13228019.754953042,40,3720,False
8,plate14,16,80,1.0,1000.0,8,8644725.258468363,13170766.042866303,13227780.955191344,40,3720,False
8,plate14,16,92,1.0,1000.0,8,8644291.370692946,13170735.55754582,13227760.657814762,40,3720,False
8,plate14,24,0,0.0,1e-08,0,,,,0,0,False
8,plate14,24,1,0.5,1000.0,16,11557167.919879867,13002737.503685113,13029156.97759097,40,3720,False
8,plate14,24,2,0.5,100.0,16,10594123.800813287,12986992.137752857,13013452.137271404,40,3720,False
8,plate14,24,4,0.75,1000.0,16,9701569.880028293,12982734.90149995,13009994.497720337,40,3720,False
8,plate14,24,8,0.75,1000.0,16,9156089.79628408,12982241.746031046,13010346.579897515,40,3720,False
8,plate14,24,16,1.0,1000.0,16,8759816.569569627,12975605.018606741,13003980.862998454,40,3720,False
8,plate14,24,32,1.0,1000.0,16,8521810.139498178,12970690.874954829,12999685.299782313,40,3720,False
8,plate14,24,64,1.0,1000.0,16,8399086.128365304,12968778.575814089,12998157.562442554,40,3720,False
8,plate14,24,80,1.0,1000.0,16,8385270.115924374,12968238.37864478,12997720.375236513,40,3720,False
8,plate14,24,92,1.0,1000.0,16,8384852.568158777,12968200.948468572,12997688.452480849,40,3720,False
8,plate14,32,0,0.0,1e-08,0,,,,0,0,False
8,plate14,32,1,0.5,1000.0,24,11383142.172210746,12899988.893260034,12921405.483159542,40,3720,False
8,plate14,32,2,0.5,1000.0,24,10436408.910549194,12884853.093374634,12901727.254914606,40,3720,False
8,plate14,32,4,0.75,1000.0,24,9554813.07031032,12879366.486559417,12896233.787821809,40,3720,False
8,plate14,32,8,0.75,1000.0,24,9017643.75576537,12878636.518751156,12895666.149137562,40,3720,False
8,plate14,32,16,1.0,1000.0,24,8627301.69595049,12871195.748792527,12888964.280143797,40,3720,False
8,plate14,32,32,1.0,1000.0,24,8393027.464592582,12865580.782827176,12884041.988622492,40,3720,False
8,plate14,32,64,1.0,1000.0,24,8272302.32071363,12864143.884476244,12882601.705169933,40,3720,False
8,plate14,32,80,1.0,1000.0,24,8258694.635641675,12863544.091006141,12882122.358621266,40,3720,False
8,plate14,32,92,1.0,1000.0,24,8258284.194928816,12863500.649522042,12882084.86198453,40,3720,False
8,plate14,40,0,0.0,1e-08,0,,,,0,0,False
8,plate14,40,1,0.5,1000.0,32,11263202.429636639,12844154.80769779,12861028.674305767,40,3720,False
8,plate14,40,2,0.5,1000.0,32,10326366.134415092,12826374.074521556,12836430.554433873,40,3720,False
8,plate14,40,4,0.75,1000.0,32,9452425.05271241,12819922.130274832,12829509.740817348,40,3720,False
8,plate14,40,8,0.75,1000.0,32,8921174.939741785,12819475.613500198,12828422.021572713,40,3720,False
8,plate14,40,16,1.0,1000.0,32,8534986.447428625,12810728.17783998,12820214.165749287,40,3720,False
8,plate14,40,32,1.0,1000.0,32,8303476.030905346,12804238.62482808,12814583.555855215,40,3720,False
8,plate14,40,64,1.0,1000.0,32,8183937.874817556,12802037.195750218,12812547.182347687,40,3720,False
8,plate14,40,80,1.0,1000.0,32,8170486.510591549,12801443.974977687,12812036.53173922,40,3720,False
8,plate14,40,92,1.0,1000.0,32,8170079.820107654,12801393.140313122,12811991.02173094,40,3720,False
8,plate14,49,0,0.0,1e-08,0,,,,0,0,False
8,plate14,49,1,0.5,1000.0,32,11205322.116072116,12799146.907943299,12823909.689091802,40,3720,False
8,plate14,49,2,0.5,1000.0,32,10273885.678364435,12781310.976074047,12801010.004229944,40,3720,False
8,plate14,49,4,0.75,1000.0,32,9404479.894825473,12772778.37193794,12793505.41811846,40,3720,False
8,plate14,49,8,0.75,1000.0,32,8876073.862745468,12771681.244203486,12792556.283119343,40,3720,False
8,plate14,49,16,1.0,1000.0,32,8491275.522877496,12762369.24671496,12784563.419865586,40,3720,False
8,plate14,49,32,1.0,1000.0,32,8261088.57121373,12755356.71951431,12778695.580117997,40,3720,False
8,plate14,49,64,1.0,1000.0,32,8142151.90662515,12753067.593867809,12776897.638772715,40,3720,False
8,plate14,49,80,1.0,1000.0,32,8128778.595882541,12752403.657928085,12776347.910020808,40,3720,False
8,plate14,49,92,1.0,1000.0,32,8128375.131281472,12752343.88463832,12776299.210266124,40,3720,False
9,plate6,1,0,0.0,1e-08,0,,,,0,0,False
9,plate6,1,1,0.0,1e-08,0,,,,0,0,False
9,plate6,1,2,0.0,1e-08,0,,,,0,0,False
9,plate6,1,4,0.0,1e-08,0,,,,0,0,False
9,plate6,1,8,0.0,1e-08,0,,,,0,0,False
9,plate6,1,16,0.0,1e-08,0,,,,0,0,False
9,plate6,1,32,0.0,1e-08,0,,,,0,0,False
9,plate6,1,64,0.0,1e-08,0,,,,0,0,False
9,plate6,1,80,0.0,1e-08,0,,,,0,0,False
9,plate6,1,92,0.0,1e-08,0,,,,0,0,False
9,plate6,2,0,0.0,1e-08,0,,,,0,0,False
9,plate6,2,1,0.25,1e-08,0,5858639.350132883,6310007.794677734,,16,1488,False
9,plate6,2,2,0.5,1e-08,0,5601267.267778724,6310007.794677734,,16,1488,False
9,plate6,2,4,0.5,1e-08,0,5384341.084821269,6310007.794677734,,16,1488,False
9,plate6,2,8,0.75,1e-08,0,5087798.433917222,6310007.794677734,,16,1488,False
9,plate6,2,16,0.75,1e-08,0,4921696.533625578,6310007.794677734,,16,1488,False
9,plate6,2,32,1.0,1e-08,0,4801561.14535542,6310007.794677734,,16,1488,False
9,plate6,2,64,1.0,1e-08,0,4735230.793390617,6310007.794677734,,16,1488,False
9,plate6,2,80,1.0,1e-08,0,4728148.426204943,6310007.794677734,,16,1488,False
9,plate6,2,92,1.0,1e-08,0,4728233.872460656,6310007.794677734,,16,1488,False
9,plate6,4,0,0.0,1e-08,0,,,,0,0,False
9,plate6,4,1,0.25,1000.0,2,7537469.963231378,8022241.582583841,8030870.601196603,32,2976,False
9,plate6,4,2,0.5,1000.0,2,7201986.7956128,8035989.723707326,8051103.917628885,32,2976,False
9,plate6,4,4,0.5,1000.0,2,6950570.5689493185,8060950.884030604,8070922.92134527,32,2976,False
9,plate6,4,8,0.75,1000.0,2,6590719.319746968,8049538.104228259,8054609.915050556,32,2976,False
9,plate6,4,16,0.75,1000.0,2,6363100.351084133,8026623.429977679,8028598.442242181,32,2976,False
9,plate6,4,32,1.0,1000.0,2,6210670.812545109,7997075.0192146795,7997417.931341511,32,2976,False
9,plate6,4,64,1.0,1000.0,2,6123367.841618724,7990262.991154326,7990359.474660572,32,2976,False
9,plate6,4,80,1.0,1000.0,2,6114558.1488796305,7988039.488896271,7988087.899691758,32,2976,False
9,plate6,4,92,1.0,1000.0,2,6114559.825953753,7988171.468253187,7988220.692785603,32,2976,False
9,plate6,8,0,0.0,1e-08,0,,,,0,0,False
9,plate6,8,1,0.25,100.0,4,9101141.936549423,9271433.229869917,9339932.65598544,40,3720,False
9,plate6,8,2,0.5,1000.0,4,8705207.053392855,9273522.473001815,9333264.89535529,40,3720,False
9,plate6,8,4,0.5,1000.0,4,8382795.440966333,9295193.480640901,9342116.647317916,40,3720,False
9,plate6,8,8,0.75,1000.0,4,7947940.762491116,9274509.178049672,9331338.86748159,40,3720,False
9,plate6,8,16,0.75,1000.0,4,7692524.914626496,9256341.25091171,9320049.691916807,40,3720,False
9,plate6,8,32,1.0,1000.0,4,7508244.653397758,9238536.838875128,9311235.756697826,40,3720,False
9,plate6,8,64,1.0,1000.0,4,7400323.710427809,9232661.771926956,9306865.882522054,40,3720,False
9,plate6,8,80,1.0,1000.0,4,7389768.632599074,9231475.316261753,9306094.97708399,40,3720,False
9,plate6,8,92,1.0,1000.0,4,7389666.357412992,9231569.125771757,9306202.038915552,40,3720,False
9,plate6,16,0,0.0,1e-08,0,,,,0,0,False
9,plate6,16,1,0.25,1000.0,8,9126160.683018385,8759944.859984111,8798874.867109817,40,3720,False
9,plate6,16,2,0.5,1000.0,8,8713016.740991324,8746765.379320497,8788576.25541415,40,3720,False
9,plate6,16,4,0.5,1000.0,8,8384035.001805265,8771168.471845949,8805730.034005089,40,3720,False
9,plate6,16,8,0.75,1000.0,8,7942399.753083498,8747284.62778028,8788312.776002806,40,3720,False
9,plate6,16,16,0.75,1000.0,8,7688154.624336809,8726589.243661584,8773475.16153597,40,3720,False
9,plate6,16,32,1.0,1000.0,8,7496419.054434709,8713412.365009222,8767064.020325974,40,3720,False
9,plate6,16,64,1.0,1000.0,8,7388395.9950506985,8708432.550261978,8764113.915718727,40,3720,False
9,plate6,16,80,1.0,1000.0,8,7377482.712805835,8707724.969725637,8763367.222981527,40,3720,False
9,plate6,16,92,1.0,1000.0,8,7377347.781478796,8707770.408953575,8763409.356565846,40,3720,False
9,plate6,24,0,0.0,1e-08,0,,,,0,0,False
9,plate6,24,1,0.25,1000.0,16,8641962.515274903,8571235.517412167,8597357.364644807,40,3720,False
9,plate6,24,2,0.5,1000.0,16,8254016.749821844,8557154.068171429,8583964.632665947,40,3720,False
9,plate6,24,4,0.5,1000.0,16,7947296.35038277,8585452.07395605,8615319.059741555,40,3720,False
9,plate6,24,8,0.75,1000.0,16,7530108.751750345,8563313.568216719,8588810.340355016,40,3720,False
9,plate6,24,16,0.75,1000.0,16,7288652.731345467,8540203.35274954,8565071.16380404,40,3720,False
9,plate6,24,32,1.0,1000.0,16,7109160.703692473,8526538.585123435,8551382.613053415,40,3720,False
9,plate6,24,64,1.0,1000.0,16,7007174.963780328,8518253.330988426,8544653.333030798,40,3720,False
9,plate6,24,80,1.0,1000.0,16,6996988.41019521,8517217.53568454,8543501.73156123,40,3720,False
9,plate6,24,92,1.0,1000.0,16,6996900.602100902,8517270.392408006,8543558.343905939,40,3720,False
9,plate6,32,0,0.0,1e-08,0,,,,0,0,False
9,plate6,32,1,0.25,1000.0,24,8327951.369235271,8457719.315695692,8482580.568816792,40,3720,False
9,plate6,32,2,0.5,1000.0,24,7957688.5064627025,8441201.085091356,8459745.002492014,40,3720,False
9,plate6,32,4,0.5,1000.0,24,7664706.143161367,8467810.834421486,8490454.751531579,40,3720,False
9,plate6,32,8,0.75,1000.0,24,7266921.420383686,8449063.62788018,8468015.048513198,40,3720,False
9,plate6,32,16,0.75,1000.0,24,7032268.481447089,8424333.8134834,8441870.956903417,40,3720,False
9,plate6,32,32,1.0,1000.0,24,6860374.29942979,8409714.68423226,8426030.15301173,40,3720,False
9,plate6,32,64,1.0,1000.0,24,6761917.033441872,8401116.097075699,8418176.212912971,40,3720,False
9,plate6,32,80,1.0,1000.0,24,6752150.100705261,8399983.595212422,8416951.842870317,40,3720,False
9,plate6,32,92,1.0,1000.0,24,6752075.106392336,8400037.024787962,8417008.426097337,40,3720,False
9,plate6,40,0,0.0,1e-08,0,,,,0,0,False
9,plate6,40,1,0.25,1000.0,32,8184622.623049119,8399075.994913027,8420642.986588718,40,3720,False
9,plate6,40,2,0.5,1000.0,32,7820390.320930191,8380886.00168154,8393520.543142632,40,3720,False
9,plate6,40,4,0.5,1000.0,32,7534100.841342169,8405426.843266891,8421427.414214838,40,3720,False
9,plate6,40,8,0.75,1000.0,32,7142663.718460716,8386115.759787671,8398668.788106026,40,3720,False
9,plate6,40,16,0.75,1000.0,32,6912161.060404175,8361213.394225524,8372428.774471581,40,3720,False
9,plate6,40,32,1.0,1000.0,32,6743402.1567467535,8346098.8461083975,8356474.767851871,40,3720,False
9,plate6,40,64,1.0,1000.0,32,6646763.903743496,8337592.38703415,8348364.269994701,40,3720,False
9,plate6,40,80,1.0,1000.0,32,6637218.045027917,8336404.045563849,8347225.469029814,40,3720,False
9,plate6,40,92,1.0,1000.0,32,6637152.87306927,8336474.761188833,8347292.18562907,40,3720,False
9,plate6,49,0,0.0,1e-08,0,,,,0,0,False
9,plate6,49,1,0.25,1000.0,32,8091275.114502284,8354138.209820459,8378238.32364175,40,3720,False
9,plate6,49,2,0.5,1000.0,32,7731402.773340926,8333849.356757011,8353564.85093128,40,3720,False
9,plate6,49,4,0.5,1000.0,32,7448414.543039892,8355871.288034122,8380268.663904368,40,3720,False
9,plate6,49,8,0.75,1000.0,32,7062321.731892395,8337508.061230628,8359716.355033677,40,3720,False
9,plate6,49,16,0.75,1000.0,32,6834883.97655993,8312469.561735465,8334507.965297684,40,3720,False
9,plate6,49,32,1.0,1000.0,32,6668950.848030656,8295848.757679531,8317500.494213,40,3720,False
9,plate6,49,64,1.0,1000.0,32,6573224.087926738,8287214.6322793765,8310218.569537263,40,3720,False
9,plate6,49,80,1.0,1000.0,32,6563812.159587459,8286106.534975925,8309160.327870541,40,3720,False
9,plate6,49,92,1.0,1000.0,32,6563748.078816363,8286172.893224101,8309227.9332091175,40,3720,False
9,plate14,1,0,0.0,1e-08,0,,,,0,0,False
9,plate14,1,1,0.0,1e-08,0,,,,0,0,False
9,plate14,1,2,0.0,1e-08,0,,,,0,0,False
9,plate14,1,4,0.0,1e-08,0,,,,0,0,False
9,plate14,1,8,0.0,1e-08,0,,,,0,0,False
9,plate14,1,16,0.0,1e-08,0,,,,0,0,False
9,plate14,1,32,0.0,1e-08,0,,,,0,0,False
9,plate14,1,64,0.0,1e-08,0,,,,0,0,False
9,plate14,1,80,0.0,1e-08,0,,,,0,0,False
9,plate14,1,92,0.0,1e-08,0,,,,0,0,False
9,plate14,2,0,0.0,1e-08,0,,,,0,0,False
9,plate14,2,1,0.25,1e-08,0,7317264.298316002,8312460.330505371,,16,1488,False
9,plate14,2,2,0.5,1e-08,0,6541561.905804038,8312460.330505371,,16,1488,False
9,plate14,2,4,0.75,1e-08,0,6045207.927263215,8312460.330505371,,16,1488,False
9,plate14,2,8,0.75,1e-08,0,5585287.550423585,8312460.330505371,,16,1488,False
9,plate14,2,16,1.0,1e-08,0,5314271.724983483,8312460.330505371,,16,1488,False
9,plate14,2,32,1.0,1e-08,0,5158568.229474954,8312460.330505371,,16,1488,False
9,plate14,2,64,1.0,1e-08,0,5085611.49395918,8312460.330505371,,16,1488,False
9,plate14,2,80,1.0,1e-08,0,5075769.885666123,8312460.330505371,,16,1488,False
9,plate14,2,92,1.0,1e-08,0,5075445.33801093,8312460.330505371,,16,1488,False
9,plate14,4,0,0.0,1e-08,0,,,,0,0,False
9,plate14,4,1,0.25,100.0,2,9204851.977248905,10249103.839956587,10249986.468632601,32,2976,False
9,plate14,4,2,0.5,100.0,2,8241150.228475037,10242552.659396628,10243039.391857317,32,2976,False
9,plate14,4,4,0.75,100.0,2,7655739.541465687,10246211.718177862,10246379.620579984,32,2976,False
9,plate14,4,8,0.75,1000.0,2,7109528.55020146,10245260.895648042,10246014.361460999,32,2976,False
9,plate14,4,16,1.0,1000.0,2,6775791.014077583,10237530.108778184,10237777.67887883,32,2976,False
9,plate14,4,32,1.0,1000.0,2,6580947.315538442,10232915.75373177,10233083.69606899,32,2976,False
9,plate14,4,64,1.0,1000.0,2,6486697.428290576,10231342.306072725,10231383.836702226,32,2976,False
9,plate14,4,80,1.0,1000.0,2,6474289.499743086,10230881.645819286,10230903.727864504,32,2976,False
9,plate14,4,92,1.0,1000.0,2,6473882.056248671,10230835.640355024,10230858.129374344,32,2976,False
9,plate14,8,0,0.0,1e-08,0,,,,0,0,False
9,plate14,8,1,0.25,100.0,4,11154901.248402003,11949156.989861855,12046684.419811424,40,3720,False
9,plate14,8,2,0.5,100.0,4,9993008.120850682,11939813.296257693,12039600.420974785,40,3720,False
9,plate14,8,4,0.75,1000.0,4,9274613.796820499,11957395.444724465,12049581.006117405,40,3720,False
9,plate14,8,8,0.75,1000.0,4,8623713.286851827,11944332.535031853,12042565.648842007,40,3720,False
9,plate14,8,16,1.0,1000.0,4,8231911.377934279,11932888.624676108,12035332.019026306,40,3720,False
9,plate14,8,32,1.0,1000.0,4,7992486.125358807,11928381.185008243,12032668.859169776,40,3720,False
9,plate14,8,64,1.0,1000.0,4,7876732.313943708,11926213.372303883,12031292.300742187,40,3720,False
9,plate14,8,80,1.0,1000.0,4,7862099.754333501,11925606.123788504,12031032.384750312,40,3720,False
9,plate14,8,92,1.0,1000.0,4,7861624.002379067,11925565.645984042,12031004.252435924,40,3720,False
9,plate14,16,0,0.0,1e-08,0,,,,0,0,False
9,plate14,16,1,0.25,100.0,8,11040595.319488844,11340533.39279533,11392869.387358865,40,3720,False
9,plate14,16,2,0.5,100.0,8,9899365.437299438,11329442.053014763,11384372.98048273,40,3720,False
9,plate14,16,4,0.75,1000.0,8,9178196.861522838,11351660.808051318,11397315.514328497,40,3720,False
9,plate14,16,8,0.75,1000.0,8,8539119.289069422,11334740.365708586,11385757.075903691,40,3720,False
9,plate14,16,16,1.0,1000.0,8,8153299.620271289,11322025.138168411,11378930.204514552,40,3720,False
9,plate14,16,32,1.0,1000.0,8,7915141.649041016,11316812.164750315,11376598.600141149,40,3720,False
9,plate14,16,64,1.0,1000.0,8,7800301.3574968465,11314316.951290216,11374923.585375126,40,3720,False
9,plate14,16,80,1.0,1000.0,8,7785995.322462847,11313683.662390139,11374489.029636886,40,3720,False
9,plate14,16,92,1.0,1000.0,8,7785524.674611522,11313635.456666714,11374460.913246982,40,3720,False
9,plate14,24,0,0.0,1e-08,0,,,,0,0,False
9,plate14,24,1,0.25,100.0,16,10491247.084758928,11123768.90328371,11151894.02674479,40,3720,False
9,plate14,24,2,0.5,100.0,16,9401116.624308877,11111512.892214974,11140820.680589352,40,3720,False
9,plate14,24,4,0.75,1000.0,16,8718185.069792902,11140074.137507657,11170122.127942862,40,3720,False
9,plate14,24,8,0.75,1000.0,16,8107548.82572572,11122422.5764819,11149041.760225514,40,3720,False
9,plate14,24,16,1.0,1000.0,16,7741064.063110722,11106931.398368558,11135832.4886589,40,3720,False
9,plate14,24,32,1.0,1000.0,16,7515061.064893654,11100170.784185858,11130394.832576578,40,3720,False
9,plate14,24,64,1.0,1000.0,16,7406082.905814252,11096412.624553213,11127692.98182794,40,3720,False
9,plate14,24,80,1.0,1000.0,16,7392480.666366753,11095714.47144187,11127156.870211586,40,3720,False
9,plate14,24,92,1.0,1000.0,16,7392024.911214158,11095655.857024325,11127111.07929874,40,3720,False
9,plate14,32,0,0.0,1e-08,0,,,,0,0,False
9,plate14,32,1,0.25,100.0,24,10153517.46737206,11011049.346628584,11027910.690167455,40,3720,False
9,plate14,32,2,0.5,100.0,24,9095962.118709516,10996235.902440978,11013577.437591854,40,3720,False
9,plate14,32,4,0.75,1000.0,24,8437012.070055485,11024669.91023612,11046534.640241994,40,3720,False
9,plate14,32,8,0.75,1000.0,24,7843559.113281356,11007513.450088844,11026015.136117522,40,3720,False
9,plate14,32,16,1.0,1000.0,24,7488278.213621547,10990215.330710744,11008458.349391358,40,3720,False
9,plate14,32,32,1.0,1000.0,24,7269432.627292095,10982609.849605964,11001480.735878007,40,3720,False
9,plate14,32,64,1.0,1000.0,24,7163949.299481116,10978274.075472798,10997843.566690514,40,3720,False
9,plate14,32,80,1.0,1000.0,24,7150743.618056806,10977483.770792445,10997147.775968969,40,3720,False
9,plate14,32,92,1.0,1000.0,24,7150300.467793481,10977413.327078091,10997088.256450357,40,3720,False
9,plate14,40,0,0.0,1e-08,0,,,,0,0,False
9,plate14,40,1,0.25,1000.0,32,9999863.798416726,10947529.590818414,10960528.84427379,40,3720,False
9,plate14,40,2,0.5,1000.0,32,8955102.107929178,10931436.69986102,10943898.59777512,40,3720,False
9,plate14,40,4,0.75,1000.0,32,8305628.236128889,10961101.775597604,10978988.107414514,40,3720,False
9,plate14,40,8,0.75,1000.0,32,7719126.342234014,10942082.156577159,10956641.61740378,40,3720,False
9,plate14,40,16,1.0,1000.0,32,7368212.127664424,10923755.010231152,10937374.310451845,40,3720,False
9,plate14,40,32,1.0,1000.0,32,7152779.458478632,10915841.106419185,10929878.157833844,40,3720,False
9,plate14,40,64,1.0,1000.0,32,7048998.953947241,10911198.70686156,10925758.819128672,40,3720,False
9,plate14,40,80,1.0,1000.0,32,7035994.877961235,10910320.090769112,10924957.690686377,40,3720,False
9,plate14,40,92,1.0,1000.0,32,7035556.57794329,10910239.674203208,10924886.579544475,40,3720,False
9,plate14,49,0,0.0,1e-08,0,,,,0,0,False
9,plate14,49,1,0.25,1000.0,32,9901574.2837908,10900129.486881154,10920929.680600945,40,3720,False
9,plate14,49,2,0.5,1000.0,32,8864478.65464007,10882451.220494332,10902659.587289471,40,3720,False
9,plate14,49,4,0.75,1000.0,32,8219811.334490567,10909297.436610185,10932335.950781275,40,3720,False
9,plate14,49,8,0.75,1000.0,32,7637990.440981484,10890802.133354424,10912240.507870995,40,3720,False
9,plate14,49,16,1.0,1000.0,32,7289845.694468004,10872656.43501975,10895453.060124591,40,3720,False
9,plate14,49,32,1.0,1000.0,32,7076834.974370691,10864061.533368284,10888396.286907785,40,3720,False
9,plate14,49,64,1.0,1000.0,32,6974109.768970573,10859214.447785564,10884490.428750003,40,3720,False
9,plate14,49,80,1.0,1000.0,32,6961227.566862382,10858398.762913905,10883801.074827496,40,3720,False
9,plate14,49,92,1.0,1000.0,32,6960794.514909421,10858309.842013266,10883732.216045689,40,3720,False
10,plate6,1,0,0.0,1e-08,0,,,,0,0,False
10,plate6,1,1,0.0,1e-08,0,,,,0,0,False
10,plate6,1,2,0.0,1e-08,0,,,,0,0,False
10,plate6,1,4,0.0,1e-08,0,,,,0,0,False
10,plate6,1,8,0.0,1e-08,0,,,,0,0,False
10,plate6,1,16,0.0,1e-08,0,,,,0,0,False
10,plate6,1,32,0.0,1e-08,0,,,,0,0,False
10,plate6,1,64,0.0,1e-08,0,,,,0,0,False
10,plate6,1,80,0.0,1e-08,0,,,,0,0,False
10,plate6,1,92,0.0,1e-08,0,,,,0,0,False
10,plate6,2,0,0.0,1e-08,0,,,,0,0,False
10,plate6,2,1,0.25,1e-08,0,15190355.134087682,16525765.272129059,,16,1488,False
10,plate6,2,2,0.5,1e-08,0,14410052.801442146,16525765.272129059,,16,1488,False
10,plate6,2,4,0.75,1e-08,0,13636450.426764768,16525765.272129059,,16,1488,False
10,plate6,2,8,0.75,1e-08,0,12969888.584843865,16525765.272129059,,16,1488,False
10,plate6,2,16,1.0,1e-08,0,12553860.232896533,16525765.272129059,,16,1488,False
10,plate6,2,32,1.0,1e-08,0,12187910.595718749,16525765.272129059,,16,1488,False
10,plate6,2,64,1.0,1e-08,0,12016369.51321352,16525765.272129059,,16,1488,False
10,plate6,2,80,1.0,1e-08,0,11996673.106623685,16525765.272129059,,16,1488,False
10,plate6,2,92,1.0,1e-08,0,11995966.238710238,16525765.272129059,,16,1488,False
10,plate6,4,0,0.0,1e-08,0,,,,0,0,False
10,plate6,4,1,0.25,100.0,2,23837401.786987282,22231579.55719136,22240474.421517704,32,2976,False
10,plate6,4,2,0.5,1000.0,2,22605008.92479255,22217197.661368318,22229397.211181395,32,2976,False
10,plate6,4,4,0.75,1000.0,2,21514413.662676275,22208161.494302217,22219044.227805894,32,2976,False
10,plate6,4,8,0.75,1000.0,2,20419739.092702318,22237434.343281627,22241985.41968414,32,2976,False
10,plate6,4,16,0.75,1000.0,2,19808576.66500361,22211745.47641235,22213132.249656495,32,2976,False
10,plate6,4,32,1.0,1000.0,2,19283735.052831836,22203302.90854013,22203690.21637915,32,2976,False
10,plate6,4,64,1.0,1000.0,2,19002910.213141717,22189524.62062427,22189579.772311367,32,2976,False
10,plate6,4,80,1.0,1000.0,2,18972273.12487798,22190813.204950683,22190837.561853904,32,2976,False
10,plate6,4,92,1.0,1000.0,2,18971514.842309784,22190779.615908958,22190803.9352102,32,2976,False
10,plate6,8,0,0.0,1e-08,0,,,,0,0,False
10,plate6,8,1,0.25,100.0,4,23416936.683977157,23535004.8554341,23575570.369774524,40,3720,False
10,plate6,8,2,0.5,1000.0,4,22228652.712924987,23520311.427117817,23564957.198316615,40,3720,False
10,plate6,8,4,0.75,1000.0,4,21132560.52897783,23516509.627010528,23563963.332697414,40,3720,False
10,plate6,8,8,0.75,1000.0,4,20045641.320662092,23522862.969208494,23556407.142896533,40,3720,False
10,plate6,8,16,0.75,1000.0,4,19447087.569374636,23506466.404869124,23546370.6633736,40,3720,False
10,plate6,8,32,1.0,1000.0,4,18933013.985346165,23502631.82968348,23545975.644960806,40,3720,False
10,plate6,8,64,1.0,1000.0,4,18652500.204293575,23496246.36167785,23541078.78422419,40,3720,False
10,plate6,8,80,1.0,1000.0,4,18622313.50406382,23495952.095012102,23540817.111182585,40,3720,False
10,plate6,8,92,1.0,1000.0,4,18621580.06637905,23495958.95917799,23540835.823334023,40,3720,False
10,plate6,16,0,0.0,1e-08,0,,,,0,0,False
10,plate6,16,1,0.25,1000.0,8,22058266.746443376,23026775.693044282,23064888.77797915,40,3720,False
10,plate6,16,2,0.5,1000.0,8,20939397.7812895,23001883.36884274,23040863.700553667,40,3720,False
10,plate6,16,4,0.75,1000.0,8,19909388.40791956,22993902.600571234,23032485.50218913,40,3720,False
10,plate6,16,8,0.75,1000.0,8,18885964.49990406,23000990.862705305,23032568.626564566,40,3720,False
10,plate6,16,16,0.75,1000.0,8,18318824.665679708,22980936.637826815,23017299.923421875,40,3720,False
10,plate6,16,32,1.0,1000.0,8,17831694.150639992,22973627.09830292,23013220.45626717,40,3720,False
10,plate6,16,64,1.0,1000.0,8,17568732.147007287,22966844.53509317,23009118.92195772,40,3720,False
10,plate6,16,80,1.0,1000.0,8,17540342.36238442,22965962.763720036,23007868.578981683,40,3720,False
10,plate6,16,92,1.0,1000.0,8,17539643.708040293,22965969.253817376,23007904.331266273,40,3720,False
10,plate6,24,0,0.0,1e-08,0,,,,0,0,False
10,plate6,24,1,0.25,1000.0,16,21596730.005221944,22830896.636365756,22856099.41833683,40,3720,False
10,plate6,24,2,0.5,1000.0,16,20508618.041397054,22807047.2876039,22827723.210563093,40,3720,False
10,plate6,24,4,0.75,1000.0,16,19505003.48224343,22800350.71364381,22818722.008514434,40,3720,False
10,plate6,24,8,0.75,1000.0,16,18502659.416959893,22805072.558140658,22822776.226074174,40,3720,False
10,plate6,24,16,0.75,1000.0,16,17945623.148359112,22785348.221236777,22802349.49062446,40,3720,False
10,plate6,24,32,1.0,1000.0,16,17468185.867593855,22773591.406210802,22791804.42549247,40,3720,False
10,plate6,24,64,1.0,1000.0,16,17210894.480261955,22765880.093183227,22785158.682189334,40,3720,False
10,plate6,24,80,1.0,1000.0,16,17183222.14854845,22765618.16500881,22784492.215101,40,3720,False
10,plate6,24,92,1.0,1000.0,16,17182506.54369299,22765607.366448134,22784488.09910767,40,3720,False
10,plate6,32,0,0.0,1e-08,0,,,,0,0,False
10,plate6,32,1,0.25,1000.0,24,21325602.517422866,22735822.58308876,22762959.636516746,40,3720,False
10,plate6,32,2,0.5,1000.0,24,20253493.842492208,22714108.77355419,22732834.077567898,40,3720,False
10,plate6,32,4,0.75,1000.0,24,19261793.426315013,22705485.36308843,22718361.382856455,40,3720,False
10,plate6,32,8,0.75,1000.0,24,18272338.64985406,22706040.130413108,22718173.87910178,40,3720,False
10,plate6,32,16,0.75,1000.0,24,17722007.105705246,22685337.37761455,22696301.43528823,40,3720,False
10,plate6,32,32,1.0,1000.0,24,17251627.791961182,22671292.286256086,22683066.7999011,40,3720,False
10,plate6,32,64,1.0,1000.0,24,16997639.66306721,22661935.038983583,22673859.77411494,40,3720,False
10,plate6,32,80,1.0,1000.0,24,16970361.314435013,22661181.377387952,22673458.243207265,40,3720,False
10,plate6,32,92,1.0,1000.0,24,16969633.383205224,22661192.666763294,22673434.152020115,40,3720,False
10,plate6,40,0,0.0,1e-08,0,,,,0,0,False
10,plate6,40,1,0.25,1000.0,32,21172151.195664592,22683738.77234822,22713568.06248523,40,3720,False
10,plate6,40,2,0.5,1000.0,32,20108324.602216378,22659958.11122113,22678858.678581998,40,3720,False
10,plate6,40,4,0.75,1000.0,32,19124401.710618757,22650779.247752264,22662883.73507539,40,3720,False
10,plate6,40,8,0.75,1000.0,32,18142514.04983293,22647098.3075858,22657628.250460584,40,3720,False
10,plate6,40,16,0.75,1000.0,32,17595712.94531326,22624913.231336784,22635006.55393318,40,3720,False
10,plate6,40,32,1.0,1000.0,32,17127960.635317966,22610940.931304954,22621764.119622868,40,3720,False
10,plate6,40,64,1.0,1000.0,32,16875865.413944695,22600446.387599304,22611528.096393738,40,3720,False
10,plate6,40,80,1.0,1000.0,32,16848736.78346989,22599559.978168275,22610766.897553124,40,3720,False
10,plate6,40,92,1.0,1000.0,32,16848016.998627007,22599585.74843493,22610766.914088175,40,3720,False
10,plate6,49,0,0.0,1e-08,0,,,,0,0,False
10,plate6,49,1,0.25,1000.0,24,21102305.60170429,22637291.818363998,22675857.24482736,40,3720,False
10,plate6,49,2,0.5,1000.0,32,20041128.000663042,22608866.596349187,22635350.45155467,40,3720,False
10,plate6,49,4,0.75,1000.0,32,19059756.058928248,22597304.861764845,22616810.499633767,40,3720,False
10,plate6,49,8,0.75,1000.0,32,18080793.04661456,22587223.560198143,22608095.5383346,40,3720,False
10,plate6,49,16,0.75,1000.0,32,17535480.816209055,22563091.52719143,22583534.957842827,40,3720,False
10,plate6,49,32,1.0,1000.0,32,17068940.542998966,22549130.899053287,22570895.291480638,40,3720,False
10,plate6,49,64,1.0,1000.0,32,16817855.575434983,22537655.607512914,22560936.752036013,40,3720,False
10,plate6,49,80,1.0,1000.0,32,16790771.65221833,22536645.78738189,22560181.038189486,40,3720,False
10,plate6,49,92,1.0,1000.0,32,16790051.863944355,22536651.437235266,22560178.359134305,40,3720,False
10,plate14,1,0,0.0,1e-08,0,,,,0,0,False
10,plate14,1,1,0.0,1e-08,0,,,,0,0,False
10,plate14,1,2,0.0,1e-08,0,,,,0,0,False
10,plate14,1,4,0.0,1e-08,0,,,,0,0,False
10,plate14,1,8,0.0,1e-08,0,,,,0,0,False
10,plate14,1,16,0.0,1e-08,0,,,,0,0,False
10,plate14,1,32,0.0,1e-08,0,,,,0,0,False
10,plate14,1,64,0.0,1e-08,0,,,,0,0,False
10,plate14,1,80,0.0,1e-08,0,,,,0,0,False
10,plate14,1,92,0.0,1e-08,0,,,,0,0,False
10,plate14,2,0,0.0,1e-08,0,,,,0,0,False
10,plate14,2,1,0.5,1e-08,0,16798390.425573945,19276459.21595764,,16,1488,False
10,plate14,2,2,0.5,1e-08,0,15363153.487782568,19276459.21595764,,16,1488,False
10,plate14,2,4,0.75,1e-08,0,14268720.224515418,19276459.21595764,,16,1488,False
10,plate14,2,8,0.75,1e-08,0,13455821.696246227,19276459.21595764,,16,1488,False
10,plate14,2,16,1.0,1e-08,0,12936553.31462089,19276459.21595764,,16,1488,False
10,plate14,2,32,1.0,1e-08,0,12575928.810341652,19276459.21595764,,16,1488,False
10,plate14,2,64,1.0,1e-08,0,12390073.836643865,19276459.21595764,,16,1488,False
10,plate14,2,80,1.0,1e-08,0,12371578.277575504,19276459.21595764,,16,1488,False
10,plate14,2,92,1.0,1e-08,0,12371099.563531242,19276459.21595764,,16,1488,False
10,plate14,4,0,0.0,1e-08,0,,,,0,0,False
10,plate14,4,1,0.5,100.0,2,26080286.276029363,25694105.234521806,25696769.010014817,32,2976,False
10,plate14,4,2,0.5,100.0,2,23879235.015319053,25686939.120728716,25688117.744252205,32,2976,False
10,plate14,4,4,0.75,100.0,2,22113600.425315503,25682903.57269631,25683460.616029,32,2976,False
10,plate14,4,8,0.75,100.0,2,21010611.764995057,25686511.546482258,25686571.809590176,32,2976,False
10,plate14,4,16,1.0,100.0,2,20120986.518446878,25681319.13483569,25681328.054663874,32,2976,False
10,plate14,4,32,1.0,100.0,2,19530650.22840039,25679406.66432261,25679412.58654419,32,2976,False
10,plate14,4,64,1.0,1000.0,2,19237458.00992906,25676840.267841842,25676890.624867395,32,2976,False
10,plate14,4,80,1.0,1000.0,2,19207193.686675142,25676630.202385243,25676649.636836898,32,2976,False
10,plate14,4,92,1.0,1000.0,2,19206392.529986437,25676673.54128796,25676692.53828579,32,2976,False
10,plate14,8,0,0.0,1e-08,0,,,,0,0,False
10,plate14,8,1,0.5,100.0,4,25581377.90868981,27204230.99829776,27268619.19136801,40,3720,False
10,plate14,8,2,0.5,100.0,4,23377550.182687324,27196040.468106538,27263576.844139475,40,3720,False
10,plate14,8,4,0.75,1000.0,4,21633474.267195642,27189181.933999974,27259049.83018216,40,3720,False
10,plate14,8,8,0.75,1000.0,4,20513652.890088808,27191165.453092087,27262192.530935876,40,3720,False
10,plate14,8,16,1.0,1000.0,4,19638384.95197499,27187248.36082634,27258379.250030268,40,3720,False
10,plate14,8,32,1.0,1000.0,4,19065858.737607114,27185966.227677263,27257639.20485238,40,3720,False
10,plate14,8,64,1.0,1000.0,4,18782415.195755973,27183428.786558736,27255343.76353628,40,3720,False
10,plate14,8,80,1.0,1000.0,4,18753481.073648665,27183223.04057146,27255139.381157864,40,3720,False
10,plate14,8,92,1.0,1000.0,4,18752678.63553603,27183256.63270676,27255163.78175152,40,3720,False
10,plate14,16,0,0.0,1e-08,0,,,,0,0,False
10,plate14,16,1,0.5,100.0,8,24048860.10918499,26547704.424750842,26591321.565644436,40,3720,False
10,plate14,16,2,0.5,1000.0,8,21980044.472563334,26533433.118573066,26581969.48689581,40,3720,False
10,plate14,16,4,0.75,1000.0,8,20339835.142402675,26523087.924727134,26574244.189967595,40,3720,False
10,plate14,16,8,0.75,1000.0,8,19284451.785156783,26523041.648036633,26575358.29033097,40,3720,False
10,plate14,16,16,1.0,1000.0,8,18463177.03802175,26517235.316039156,26570838.409782875,40,3720,False
10,plate14,16,32,1.0,1000.0,8,17924410.037535902,26514094.21529838,26568919.940024674,40,3720,False
10,plate14,16,64,1.0,1000.0,8,17657940.031353816,26511692.132185962,26567057.66737039,40,3720,False
10,plate14,16,80,1.0,1000.0,8,17630723.82018161,26511513.891037464,26566798.373330615,40,3720,False
10,plate14,16,92,1.0,1000.0,8,17629998.524242334,26511561.240093395,26566849.962458447,40,3720,False
10,plate14,24,0,0.0,1e-08,0,,,,0,0,False
10,plate14,24,1,0.5,1000.0,16,23555329.388882894,26334327.17557384,26359590.27954168,40,3720,False
10,plate14,24,2,0.5,1000.0,16,21532784.849462673,26319450.857312243,26343361.6259435,40,3720,False
10,plate14,24,4,0.75,1000.0,16,19929313.64078421,26307798.158019606,26330411.188933395,40,3720,False
10,plate14,24,8,0.75,1000.0,16,18893778.948519927,26309940.866050363,26333190.42155504,40,3720,False
10,plate14,24,16,1.0,1000.0,16,18091510.038904976,26301787.451146595,26325452.907698527,40,3720,False
10,plate14,24,32,1.0,1000.0,16,17563607.932914015,26296142.958516393,26320402.896651104,40,3720,False
10,plate14,24,64,1.0,1000.0,16,17302454.741387054,26292428.37644663,26317317.940998476,40,3720,False
10,plate14,24,80,1.0,1000.0,16,17275831.11878937,26292391.61894791,26317330.557811562,40,3720,False
10,plate14,24,92,1.0,1000.0,16,17275137.573899575,26292457.640523765,26317404.784199107,40,3720,False
10,plate14,32,0,0.0,1e-08,0,,,,0,0,False
10,plate14,32,1,0.5,1000.0,24,23263291.583100785,26222001.363335505,26245431.198812693,40,3720,False
10,plate14,32,2,0.5,1000.0,24,21267116.083403654,26205441.59490556,26223856.80584813,40,3720,False
10,plate14,32,4,0.75,1000.0,24,19683678.251943935,26192044.524295047,26207752.31545013,40,3720,False
10,plate14,32,8,0.75,1000.0,24,18661192.018719137,26193258.3983856,26208889.22246498,40,3720,False
10,plate14,32,16,1.0,1000.0,24,17868169.982794978,26183624.67268589,26199373.466019075,40,3720,False
10,plate14,32,32,1.0,1000.0,24,17346451.54003611,26177419.273572445,26193443.87847646,40,3720,False
10,plate14,32,64,1.0,1000.0,24,17088565.113155738,26172783.466973122,26189397.858676508,40,3720,False
10,plate14,32,80,1.0,1000.0,24,17062292.385753732,26172874.567219693,26189525.923977744,40,3720,False
10,plate14,32,92,1.0,1000.0,24,17061607.040727146,26172961.746820047,26189608.610770825,40,3720,False
10,plate14,40,0,0.0,1e-08,0,,,,0,0,False
10,plate14,40,1,0.5,1000.0,32,23091663.576088015,26159596.221420735,26184770.891280305,40,3720,False
10,plate14,40,2,0.5,1000.0,32,21111165.41550146,26140724.793817155,26158436.870724525,40,3720,False
10,plate14,40,4,0.75,1000.0,32,19539519.703800324,26126260.51783871,26139708.145214293,40,3720,False
10,plate14,40,8,0.75,1000.0,32,18525300.34365834,26127910.484951593,26140957.134179182,40,3720,False
10,plate14,40,16,1.0,1000.0,32,17738194.112565685,26117382.486134455,26130342.8758552,40,3720,False
10,plate14,40,32,1.0,1000.0,32,17220296.470737576,26110374.661270898,26123737.930986654,40,3720,False
10,plate14,40,64,1.0,1000.0,32,16964209.779420894,26105023.310403194,26118799.950433094,40,3720,False
10,plate14,40,80,1.0,1000.0,32,16938128.714944072,26105077.810289558,26118907.471468322,40,3720,False
10,plate14,40,92,1.0,1000.0,32,16937443.280088052,26105180.347520515,26119005.463858496,40,3720,False
10,plate14,49,0,0.0,1e-08,0,,,,0,0,False
10,plate14,49,1,0.5,1000.0,32,23014567.471078005,26103461.411415793,26135836.39879399,40,3720,False
10,plate14,49,2,0.5,1000.0,32,21038197.337239597,26082562.26180384,26108449.803827744,40,3720,False
10,plate14,49,4,0.75,1000.0,32,19472394.12868858,26065392.333237678,26088209.63447201,40,3720,False
10,plate14,49,8,0.75,1000.0,32,18458774.014360644,26068765.32120868,26091414.485202823,40,3720,False
10,plate14,49,16,1.0,1000.0,32,17676582.619003072,26054684.885788295,26078925.884549826,40,3720,False
10,plate14,49,32,1.0,1000.0,32,17160277.37271626,26046022.596985716,26071613.862818945,40,3720,False
10,plate14,49,64,1.0,1000.0,32,16904833.14295252,26039731.36539396,26066205.33741487,40,3720,False
10,plate14,49,80,1.0,1000.0,32,16878849.181258854,26039800.139078394,26066250.04019231,40,3720,False
10,plate14,49,92,1.0,1000.0,32,16878159.487790063,26039900.812252875,26066345.838585313,40,3720,False
11,plate6,1,0,0.0,1e-08,0,,,,0,0,False
11,plate6,1,1,0.0,1e-08,0,,,,0,0,False
11,plate6,1,2,0.0,1e-08,0,,,,0,0,False
11,plate6,1,4,0.0,1e-08,0,,,,0,0,False
11,plate6,1,8,0.0,1e-08,0,,,,0,0,False
11,plate6,1,16,0.0,1e-08,0,,,,0,0,False
11,plate6,1,32,0.0,1e-08,0,,,,0,0,False
11,plate6,1,64,0.0,1e-08,0,,,,0,0,False
11,plate6,1,80,0.0,1e-08,0,,,,0,0,False
11,plate6,1,92,0.0,1e-08,0,,,,0,0,False
11,plate6,2,0,0.0,1e-08,0,,,,0,0,False
11,plate6,2,1,0.25,1e-08,0,10927188.288964152,11685337.617553711,,16,1488,False
11,plate6,2,2,0.5,1e-08,0,10414015.039589882,11685337.617553711,,16,1488,False
11,plate6,2,4,0.5,1e-08,0,9888536.771112382,11685337.617553711,,16,1488,False
11,plate6,2,8,0.75,1e-08,0,9416927.318917032,11685337.617553711,,16,1488,False
11,plate6,2,16,0.75,1e-08,0,9099435.524714412,11685337.617553711,,16,1488,False
11,plate6,2,32,1.0,1e-08,0,8900460.252734723,11685337.617553711,,16,1488,False
11,plate6,2,64,1.0,1e-08,0,8760683.737093529,11685337.617553711,,16,1488,False
11,plate6,2,80,1.0,1e-08,0,8746376.808043819,11685337.617553711,,16,1488,False
11,plate6,2,92,1.0,1e-08,0,8746132.809294516,11685337.617553711,,16,1488,False
11,plate6,4,0,0.0,1e-08,0,,,,0,0,False
11,plate6,4,1,0.25,100.0,2,13535071.750136731,13442089.295806322,13446459.397690283,32,2976,False
11,plate6,4,2,0.5,1000.0,2,12880491.642821684,13409422.458553208,13412266.62541455,32,2976,False
11,plate6,4,4,0.5,1000.0,2,12254168.574135898,13388522.091681134,13391516.069938408,32,2976,False
11,plate6,4,8,0.75,1000.0,2,11687281.90319827,13400817.447990518,13401949.387178123,32,2976,False
11,plate6,4,16,0.75,1000.0,2,11296770.778335735,13384151.115459641,13384520.071302885,32,2976,False
11,plate6,4,32,1.0,1e-08,2,11038912.998434357,13375762.879044043,13375762.87904404,32,2976,False
11,plate6,4,64,1.0,1000.0,2,10864482.6701499,13369335.786097975,13369366.41328518,32,2976,False
11,plate6,4,80,1.0,1000.0,2,10845918.541362606,13368720.720650079,13368766.774233734,32,2976,False
11,plate6,4,92,1.0,1000.0,2,10845543.007631635,13368688.392896805,13368735.64994947,32,2976,False
11,plate6,8,0,0.0,1e-08,0,,,,0,0,False
11,plate6,8,1,0.25,1000.0,4,17240742.677625153,17668730.756926823,17738451.332432095,40,3720,False
11,plate6,8,2,0.5,1000.0,4,16409829.279772617,17634391.281398702,17710477.471465223,40,3720,False
11,plate6,8,4,0.5,1000.0,4,15660039.841018323,17621469.568797525,17696938.4737968,40,3720,False
11,plate6,8,8,0.75,1000.0,4,14917642.504307212,17623949.7388104,17698635.028296217,40,3720,False
11,plate6,8,16,0.75,1000.0,4,14409846.484089267,17611067.09429466,17683160.51463515,40,3720,False
11,plate6,8,32,1.0,1000.0,4,14071765.48721869,17590886.816050313,17670856.38771656,40,3720,False
11,plate6,8,64,1.0,1000.0,4,13845650.934458984,17579548.988370914,17660757.659407385,40,3720,False
11,plate6,8,80,1.0,1000.0,4,13821886.626201948,17576434.201907527,17657208.895110272,40,3720,False
11,plate6,8,92,1.0,1000.0,4,13821318.642774086,17576752.148990106,17657537.05548383,40,3720,False
11,plate6,16,0,0.0,1e-08,0,,,,0,0,False
11,plate6,16,1,0.25,1000.0,8,16407161.216585355,16967393.83442241,17004881.838731263,40,3720,False
11,plate6,16,2,0.5,1000.0,8,15615102.188972887,16934901.675033864,16968104.431710962,40,3720,False
11,plate6,16,4,0.5,1000.0,8,14898969.295338156,16917390.600184202,16952099.81284648,40,3720,False
11,plate6,16,8,0.75,1000.0,8,14185872.201867767,16923410.442425378,16958084.14802044,40,3720,False
11,plate6,16,16,0.75,1000.0,8,13701332.287523123,16909775.369770814,16945380.235720225,40,3720,False
11,plate6,16,32,1.0,1000.0,8,13378449.766534325,16899892.488658864,16937056.474215012,40,3720,False
11,plate6,16,64,1.0,1000.0,8,13163978.883240819,16889075.691412877,16930446.84960969,40,3720,False
11,plate6,16,80,1.0,1000.0,8,13141249.774653021,16887917.353549015,16929284.0624295,40,3720,False
11,plate6,16,92,1.0,1000.0,8,13140722.200731488,16887987.78463621,16929390.468910385,40,3720,False
11,plate6,24,0,0.0,1e-08,0,,,,0,0,False
11,plate6,24,1,0.25,1000.0,16,16002299.018570162,16790681.676802695,16827005.897005565,40,3720,False
11,plate6,24,2,0.5,1000.0,16,15232042.131817808,16756927.650043804,16782675.06012704,40,3720,False
11,plate6,24,4,0.5,1000.0,16,14533846.479131607,16737904.686898997,16761413.79881473,40,3720,False
11,plate6,24,8,0.75,1000.0,16,13842106.201294933,16748216.554508982,16769045.949268838,40,3720,False
11,plate6,24,16,0.75,1000.0,16,13368096.869248025,16730264.951915966,16751739.685632093,40,3720,False
11,plate6,24,32,1.0,1000.0,16,13053668.228679702,16719408.633224728,16741138.136236407,40,3720,False
11,plate6,24,64,1.0,1000.0,16,12843631.838556388,16706680.285558105,16729474.770063223,40,3720,False
11,plate6,24,80,1.0,1000.0,16,12821537.935938735,16705442.171261165,16728402.36421098,40,3720,False
11,plate6,24,92,1.0,1000.0,16,12821011.540466443,16705484.49832395,16728435.772689942,40,3720,False
11,plate6,32,0,0.0,1e-08,0,,,,0,0,False
11,plate6,32,1,0.25,1000.0,24,15908090.558965776,16713729.299286619,16747220.991260806,40,3720,False
11,plate6,32,2,0.5,1000.0,24,15145638.93606441,16678440.865900278,16700796.931909885,40,3720,False
11,plate6,32,4,0.5,1000.0,24,14448528.209761284,16658087.193432827,16676416.768719442,40,3720,False
11,plate6,32,8,0.75,1000.0,24,13759531.388668496,16668379.852062237,16685805.817005374,40,3720,False
11,plate6,32,16,0.75,1000.0,24,13287783.955035025,16649005.290706653,16666376.944917275,40,3720,False
11,plate6,32,32,1.0,1000.0,24,12974994.168252135,16635950.538814088,16652729.301888855,40,3720,False
11,plate6,32,64,1.0,1000.0,24,12766290.251437055,16621846.165646194,16639584.42368593,40,3720,False
11,plate6,32,80,1.0,1000.0,24,12744314.55806336,16620578.237348702,16638388.811771836,40,3720,False
11,plate6,32,92,1.0,1000.0,24,12743778.707343156,16620643.275643287,16638441.621783094,40,3720,False
11,plate6,40,0,0.0,1e-08,0,,,,0,0,False
11,plate6,40,1,0.25,1000.0,32,15796269.215388985,16651042.002359597,16683831.706191316,40,3720,False
11,plate6,40,2,0.5,1000.0,32,15037324.895896234,16616417.670205846,16635751.306000117,40,3720,False
11,plate6,40,4,0.5,1000.0,32,14347436.949967593,16594185.704192864,16608778.53546884,40,3720,False
11,plate6,40,8,0.75,1000.0,32,13663538.76080531,16603874.795817114,16617977.784569653,40,3720,False
11,plate6,40,16,0.75,1000.0,32,13195541.452000057,16582265.640690371,16595497.594822656,40,3720,False
11,plate6,40,32,1.0,1000.0,32,12885077.652350157,16568738.91480016,16581741.63306527,40,3720,False
11,plate6,40,64,1.0,1000.0,32,12677889.665160093,16552466.180761006,16566222.10505219,40,3720,False
11,plate6,40,80,1.0,1000.0,32,12656037.628267607,16551096.714340223,16564948.113070011,40,3720,False
11,plate6,40,92,1.0,1000.0,32,12655507.143367833,16551165.44234281,16565002.717185427,40,3720,False
11,plate6,49,0,0.0,1e-08,0,,,,0,0,False
11,plate6,49,1,0.25,1000.0,32,15710233.783742549,16612907.387743048,16656218.516385801,40,3720,False
11,plate6,49,2,0.5,1000.0,32,14954223.808978984,16574989.453658244,16602767.16197331,40,3720,False
11,plate6,49,4,0.5,1000.0,32,14269373.41198054,16550637.604881791,16574285.239062333,40,3720,False
11,plate6,49,8,0.75,1000.0,32,13590334.113613244,16559611.46186817,16583066.164622203,40,3720,False
11,plate6,49,16,0.75,1000.0,32,13124940.072737277,16536971.87367249,16560932.182767333,40,3720,False
11,plate6,49,32,1.0,1000.0,32,12816207.151474688,16523957.155131206,16548785.91043549,40,3720,False
11,plate6,49,64,1.0,1000.0,32,12610157.068897897,16506236.072099172,16532595.600563016,40,3720,False
11,plate6,49,80,1.0,1000.0,32,12588422.604134548,16504762.14035516,16531283.232378915,40,3720,False
11,plate6,49,92,1.0,1000.0,32,12587890.84194711,16504820.274597714,16531309.212421287,40,3720,False
11,plate14,1,0,0.0,1e-08,0,,,,0,0,False
11,plate14,1,1,0.0,1e-08,0,,,,0,0,False
11,plate14,1,2,0.0,1e-08,0,,,,0,0,False
11,plate14,1,4,0.0,1e-08,0,,,,0,0,False
11,plate14,1,8,0.0,1e-08,0,,,,0,0,False
11,plate14,1,16,0.0,1e-08,0,,,,0,0,False
11,plate14,1,32,0.0,1e-08,0,,,,0,0,False
11,plate14,1,64,0.0,1e-08,0,,,,0,0,False
11,plate14,1,80,0.0,1e-08,0,,,,0,0,False
11,plate14,1,92,0.0,1e-08,0,,,,0,0,False
11,plate14,2,0,0.0,1e-08,0,,,,0,0,False
11,plate14,2,1,0.5,1e-08,0,11908141.337989807,13950355.270019531,,16,1488,False
11,plate14,2,2,0.5,1e-08,0,10928670.800486028,13950355.270019531,,16,1488,False
11,plate14,2,4,0.75,1e-08,0,9990156.076403216,13950355.270019531,,16,1488,False
11,plate14,2,8,0.75,1e-08,0,9484821.428429827,13950355.270019531,,16,1488,False
11,plate14,2,16,1.0,1e-08,0,9102031.299358545,13950355.270019531,,16,1488,False
11,plate14,2,32,1.0,1e-08,0,8863001.041038938,13950355.270019531,,16,1488,False
11,plate14,2,64,1.0,1e-08,0,8726086.37937757,13950355.270019531,,16,1488,False
11,plate14,2,80,1.0,1e-08,0,8712239.720398651,13950355.270019531,,16,1488,False
11,plate14,2,92,1.0,1e-08,0,8711880.974689666,13950355.270019531,,16,1488,False
11,plate14,4,0,0.0,1e-08,0,,,,0,0,False
11,plate14,4,1,0.5,100.0,2,15250857.042190712,16544999.157282328,16547000.552102726,32,2976,False
11,plate14,4,2,0.5,100.0,2,13983295.751378177,16540126.80057747,16541225.99899988,32,2976,False
11,plate14,4,4,0.75,1000.0,2,12773274.783425225,16537380.57976973,16538209.137571853,32,2976,False
11,plate14,4,8,0.75,1000.0,2,12121379.884958234,16559097.971913103,16560640.738597618,32,2976,False
11,plate14,4,16,1.0,1000.0,2,11628245.257735975,16546620.221468715,16547128.96804849,32,2976,False
11,plate14,4,32,1.0,1e-08,2,11311212.231015746,16540020.261079969,16540020.261079963,32,2976,False
11,plate14,4,64,1.0,1000.0,2,11133490.099061709,16536758.853202078,16536806.299540177,32,2976,False
11,plate14,4,80,1.0,1000.0,2,11115118.03011001,16536194.414486162,16536233.852876697,32,2976,False
11,plate14,4,92,1.0,1000.0,2,11114750.045785649,16536187.574002193,16536228.027030295,32,2976,False
11,plate14,8,0,0.0,1e-08,0,,,,0,0,False
11,plate14,8,1,0.5,100.0,4,18275758.31394622,20292513.801026244,20453173.776750155,40,3720,False
11,plate14,8,2,0.5,100.0,4,16795989.29114004,20286828.732987802,20449553.3730326,40,3720,False
11,plate14,8,4,0.75,100.0,4,15411786.634471247,20282381.245050184,20445922.023200337,40,3720,False
11,plate14,8,8,0.75,1000.0,4,14621422.787871959,20292382.34618666,20454477.837264072,40,3720,False
11,plate14,8,16,1.0,1000.0,4,14043956.47014133,20287875.003591843,20449372.11824766,40,3720,False
11,plate14,8,32,1.0,100.0,4,13659003.895683728,20283723.067246627,20446002.67645341,40,3720,False
11,plate14,8,64,1.0,1000.0,4,13442787.408454228,20279605.762684494,20442824.88658888,40,3720,False
11,plate14,8,80,1.0,1000.0,4,13421414.914586708,20278991.69225166,20442394.782353815,40,3720,False
11,plate14,8,92,1.0,1000.0,4,13420892.786572944,20279041.810350586,20442450.592523992,40,3720,False
11,plate14,16,0,0.0,1e-08,0,,,,0,0,False
11,plate14,16,1,0.5,100.0,8,17371186.278188687,19510258.177984197,19556082.170106523,40,3720,False
11,plate14,16,2,0.5,100.0,8,15955269.093047693,19495287.137588926,19546515.75084319,40,3720,False
11,plate14,16,4,0.75,100.0,8,14641305.973761082,19486514.364370126,19541847.757773615,40,3720,False
11,plate14,16,8,0.75,1000.0,8,13890899.914002698,19502314.240404435,19551700.763439406,40,3720,False
11,plate14,16,16,1.0,1000.0,8,13341633.267406968,19494671.236235235,19546248.87084663,40,3720,False
11,plate14,16,32,1.0,1000.0,8,12975411.56910153,19489199.764919806,19542699.9561347,40,3720,False
11,plate14,16,64,1.0,1000.0,8,12770594.102507344,19483450.627985187,19539632.02486858,40,3720,False
11,plate14,16,80,1.0,1000.0,8,12750324.343519866,19482790.535328977,19539387.107864935,40,3720,False
11,plate14,16,92,1.0,1000.0,8,12749835.34039962,19482811.15314995,19539424.197982386,40,3720,False
11,plate14,24,0,0.0,1e-08,0,,,,0,0,False
11,plate14,24,1,0.5,100.0,16,16944806.99405346,19305295.5201498,19328592.57121106,40,3720,False
11,plate14,24,2,0.5,100.0,16,15564788.39946022,19285977.323044505,19312163.334460575,40,3720,False
11,plate14,24,4,0.75,100.0,16,14283443.06134219,19273484.039042953,19302081.625537574,40,3720,False
11,plate14,24,8,0.75,1000.0,16,13550324.845571019,19294499.88469509,19321163.764554635,40,3720,False
11,plate14,24,16,1.0,1000.0,16,13015353.196888862,19283357.19449508,19310321.109655563,40,3720,False
11,plate14,24,32,1.0,1000.0,16,12657733.154088875,19275667.798055038,19303784.044030577,40,3720,False
11,plate14,24,64,1.0,1000.0,16,12457705.046156302,19268507.36962462,19297749.315752987,40,3720,False
11,plate14,24,80,1.0,1000.0,16,12437948.732970333,19267672.158648517,19297202.486980528,40,3720,False
11,plate14,24,92,1.0,1000.0,16,12437477.181717057,19267700.963132914,19297231.231371928,40,3720,False
11,plate14,32,0,0.0,1e-08,0,,,,0,0,False
11,plate14,32,1,0.5,1000.0,24,16831662.08124979,19212440.914475538,19228805.213746913,40,3720,False
11,plate14,32,2,0.5,1000.0,24,15461453.658128727,19193603.420263775,19209252.8032007,40,3720,False
11,plate14,32,4,0.75,100.0,24,14188981.254701586,19179110.380228356,19195541.03562746,40,3720,False
11,plate14,32,8,0.75,1000.0,24,13460898.976540519,19201245.99322441,19217435.957309578,40,3720,False
11,plate14,32,16,1.0,1000.0,24,12929799.365848064,19189757.252977144,19205927.736924797,40,3720,False
11,plate14,32,32,1.0,1000.0,24,12574384.706464812,19180274.20805352,19197228.431594692,40,3720,False
11,plate14,32,64,1.0,1000.0,24,12375811.317899775,19171725.771025516,19189392.371982433,40,3720,False
11,plate14,32,80,1.0,1000.0,24,12356114.7173608,19170823.786152747,19188692.16548391,40,3720,False
11,plate14,32,92,1.0,1000.0,24,12355647.531314902,19170864.845398977,19188740.90041529,40,3720,False
11,plate14,40,0,0.0,1e-08,0,,,,0,0,False
11,plate14,40,1,0.5,1000.0,32,16712540.991696823,19152389.30835298,19169616.03038342,40,3720,False
11,plate14,40,2,0.5,1000.0,32,15350633.295821534,19132402.072847612,19144533.273566864,40,3720,False
11,plate14,40,4,0.75,1000.0,32,14085943.018431276,19117239.23344597,19128877.19353583,40,3720,False
11,plate14,40,8,0.75,1000.0,32,13363339.60588534,19139836.930110604,19151418.77250665,40,3720,False
11,plate14,40,16,1.0,1000.0,32,12836206.917448599,19128384.757456094,19139351.987547085,40,3720,False
11,plate14,40,32,1.0,1000.0,32,12483397.52771631,19118211.902995534,19129707.540695764,40,3720,False
11,plate14,40,64,1.0,1000.0,32,12286251.696125036,19108381.5314158,19120418.50051281,40,3720,False
11,plate14,40,80,1.0,1000.0,32,12266647.294100221,19107238.97169709,19119459.424666546,40,3720,False
11,plate14,40,92,1.0,1000.0,32,12266181.45810876,19107293.14531138,19119519.33855015,40,3720,False
11,plate14,49,0,0.0,1e-08,0,,,,0,0,False
11,plate14,49,1,0.5,1000.0,32,16619185.270393807,19114379.216424245,19141388.359994873,40,3720,False
11,plate14,49,2,0.5,1000.0,32,15264474.975178046,19090850.771243125,19113701.785144422,40,3720,False
11,plate14,49,4,0.75,1000.0,32,14006960.753266603,19072892.66470539,19096562.146373715,40,3720,False
11,plate14,49,8,0.75,1000.0,32,13288630.386320159,19095930.9068053,19118192.162231088,40,3720,False
11,plate14,49,16,1.0,1000.0,32,12764867.60990803,19084328.433587927,19107008.922633175,40,3720,False
11,plate14,49,32,1.0,1000.0,32,12414028.059461363,19073446.49570547,19097250.333932888,40,3720,False
11,plate14,49,64,1.0,1000.0,32,12217937.462633999,19062442.129227474,19087993.77528198,40,3720,False
11,plate14,49,80,1.0,1000.0,32,12198439.520623427,19061116.293035634,19087032.59252228,40,3720,False
11,plate14,49,92,1.0,1000.0,32,12197975.608263347,19061168.249470677,19087082.651787534,40,3720,False
12,plate6,1,0,0.0,1e-08,0,,,,0,0,False
12,plate6,1,1,0.0,1e-08,0,,,,0,0,False
12,plate6,1,2,0.0,1e-08,0,,,,0,0,False
12,plate6,1,4,0.0,1e-08,0,,,,0,0,False
12,plate6,1,8,0.0,1e-08,0,,,,0,0,False
12,plate6,1,16,0.0,1e-08,0,,,,0,0,False
12,plate6,1,32,0.0,1e-08,0,,,,0,0,False
12,plate6,1,64,0.0,1e-08,0,,,,0,0,False
12,plate6,1,80,0.0,1e-08,0,,,,0,0,False
12,plate6,1,92,0.0,1e-08,0,,,,0,0,False
12,plate6,2,0,0.0,1e-08,0,,,,0,0,False
12,plate6,2,1,0.25,1e-08,0,6415291.629054666,6899001.462219238,,16,1488,False
12,plate6,2,2,0.5,1e-08,0,6147683.51312457,6899001.462219238,,16,1488,False
12,plate6,2,4,0.5,1e-08,0,5888571.072739236,6899001.462219238,,16,1488,False
12,plate6,2,8,0.75,1e-08,0,5607679.811009197,6899001.462219238,,16,1488,False
12,plate6,2,16,0.75,1e-08,0,5426667.743889347,6899001.462219238,,16,1488,False
12,plate6,2,32,1.0,1e-08,0,5309470.867960476,6899001.462219238,,16,1488,False
12,plate6,2,64,1.0,1e-08,0,5226784.562627244,6899001.462219238,,16,1488,False
12,plate6,2,80,1.0,1e-08,0,5216805.9230509205,6899001.462219238,,16,1488,False
12,plate6,2,92,1.0,1e-08,0,5216582.231874473,6899001.462219238,,16,1488,False
12,plate6,4,0,0.0,1e-08,0,,,,0,0,False
12,plate6,4,1,0.25,100.0,2,20166758.827694364,18536553.93072597,18539437.82779661,32,2976,False
12,plate6,4,2,0.5,100.0,2,19096171.4540004,18529033.226536535,18530004.023384657,32,2976,False
12,plate6,4,4,0.75,100.0,2,18225857.014839284,18528432.529331908,18528823.360688176,32,2976,False
12,plate6,4,8,0.75,1000.0,2,17144378.83384664,18529753.00372672,18529982.612864748,32,2976,False
12,plate6,4,16,0.75,1000.0,2,16615405.683132904,18522272.67914974,18522624.290138055,32,2976,False
12,plate6,4,32,1.0,1000.0,2,16184414.930401243,18525106.45014987,18525380.41984064,32,2976,False
12,plate6,4,64,1.0,1000.0,2,15932663.892989203,18521506.145390376,18521533.693363708,32,2976,False
12,plate6,4,80,1.0,1000.0,2,15902747.59024231,18520995.00614581,18521021.373916782,32,2976,False
12,plate6,4,92,1.0,1000.0,2,15902675.582646651,18520983.132298175,18521009.830848724,32,2976,False
12,plate6,8,0,0.0,1e-08,0,,,,0,0,False
12,plate6,8,1,0.25,100.0,4,18338697.87611643,18965361.312930282,19000772.38363323,40,3720,False
12,plate6,8,2,0.5,1000.0,4,17384368.96215607,18957479.78845831,18993794.05629993,40,3720,False
12,plate6,8,4,0.5,1000.0,4,16604196.710720107,18954064.95292374,18992725.324328605,40,3720,False
12,plate6,8,8,0.75,1000.0,4,15644823.54733629,18955135.729155317,18993183.824794166,40,3720,False
12,plate6,8,16,0.75,1000.0,4,15154952.090259995,18951090.758712072,18988475.83841738,40,3720,False
12,plate6,8,32,1.0,1000.0,4,14764312.422072155,18947274.601988852,18985780.52944339,40,3720,False
12,plate6,8,64,1.0,1000.0,4,14537790.945420284,18943325.980406206,18981331.56733413,40,3720,False
12,plate6,8,80,1.0,1000.0,4,14510318.255973065,18942194.60117227,18980366.066498596,40,3720,False
12,plate6,8,92,1.0,1000.0,4,14510164.87688926,18942136.412515752,18980315.7563443,40,3720,False
12,plate6,16,0,0.0,1e-08,0,,,,0,0,False
12,plate6,16,1,0.25,1000.0,8,17769761.870799247,18424954.578723434,18450314.949388668,40,3720,False
12,plate6,16,2,0.5,1000.0,8,16844179.4917513,18410721.239794757,18441102.27785484,40,3720,False
12,plate6,16,4,0.5,1000.0,8,16082409.33724391,18405685.724880345,18437474.520895965,40,3720,False
12,plate6,16,8,0.75,1000.0,8,15149064.488451537,18401930.24845498,18435357.27186303,40,3720,False
12,plate6,16,16,0.75,1000.0,8,14673351.77315948,18397988.067754637,18433205.208622854,40,3720,False
12,plate6,16,32,1.0,1000.0,8,14291900.367860619,18391115.630379878,18427321.012982704,40,3720,False
12,plate6,16,64,1.0,1000.0,8,14072560.100915987,18383750.14248918,18421620.082213566,40,3720,False
12,plate6,16,80,1.0,1000.0,8,14046351.81326681,18382123.478959784,18420474.864501003,40,3720,False
12,plate6,16,92,1.0,1000.0,8,14046189.396770928,18382079.74051922,18420446.86003963,40,3720,False
12,plate6,24,0,0.0,1e-08,0,,,,0,0,False
12,plate6,24,1,0.25,1000.0,16,17339989.554851905,18241189.42485116,18258621.945384085,40,3720,False
12,plate6,24,2,0.5,1000.0,16,16434296.392607195,18224686.418002542,18240681.342326734,40,3720,False
12,plate6,24,4,0.5,1000.0,16,15691611.912543844,18217713.33504478,18233067.478993114,40,3720,False
12,plate6,24,8,0.75,1000.0,16,14783037.85284015,18212676.760530304,18230784.30249914,40,3720,False
12,plate6,24,16,0.75,1000.0,16,14318630.0806551,18207919.32478618,18227232.93906076,40,3720,False
12,plate6,24,32,1.0,1000.0,16,13947274.692398675,18201745.75142691,18220736.837509904,40,3720,False
12,plate6,24,64,1.0,1000.0,16,13733309.230633674,18193625.946082424,18213347.431753017,40,3720,False
12,plate6,24,80,1.0,1000.0,16,13707586.386458425,18191614.676885825,18211662.802273437,40,3720,False
12,plate6,24,92,1.0,1000.0,16,13707417.33501128,18191565.930797927,18211627.497601982,40,3720,False
12,plate6,32,0,0.0,1e-08,0,,,,0,0,False
12,plate6,32,1,0.25,1000.0,24,17105184.400548726,18148253.627458196,18169418.141378015,40,3720,False
12,plate6,32,2,0.5,1000.0,24,16211758.12339663,18127979.115284,18143727.32296214,40,3720,False
12,plate6,32,4,0.5,1000.0,24,15479060.03292681,18119784.82248443,18134139.49573391,40,3720,False
12,plate6,32,8,0.75,1000.0,24,14582616.575030081,18113746.2266902,18130417.402281336,40,3720,False
12,plate6,32,16,0.75,1000.0,24,14123803.942920247,18108048.99907961,18125009.26966771,40,3720,False
12,plate6,32,32,1.0,1000.0,24,13758023.93112161,18101176.766158782,18118145.169117298,40,3720,False
12,plate6,32,64,1.0,1000.0,24,13546735.815767335,18092793.312764585,18109449.047737252,40,3720,False
12,plate6,32,80,1.0,1000.0,24,13521279.799283547,18090539.79053239,18107426.703331426,40,3720,False
12,plate6,32,92,1.0,1000.0,24,13521117.040579071,18090482.56421325,18107374.03708862,40,3720,False
12,plate6,40,0,0.0,1e-08,0,,,,0,0,False
12,plate6,40,1,0.25,1000.0,24,16956924.314446945,18088296.19636345,18107483.86534784,40,3720,False
12,plate6,40,2,0.5,1000.0,32,16071720.698085137,18063079.23431495,18076018.091609504,40,3720,False
12,plate6,40,4,0.5,1000.0,32,15345825.232788974,18053106.08604928,18064145.848075055,40,3720,False
12,plate6,40,8,0.75,1000.0,32,14456710.682424871,18046255.32569347,18058797.267160088,40,3720,False
12,plate6,40,16,0.75,1000.0,32,14002063.885509215,18038968.808712207,18051625.256121833,40,3720,False
12,plate6,40,32,1.0,1000.0,32,13639717.104155587,18031721.072038308,18044528.35383028,40,3720,False
12,plate6,40,64,1.0,1000.0,32,13430241.357949458,18023316.91096265,18035896.207432836,40,3720,False
12,plate6,40,80,1.0,1000.0,32,13404970.479957571,18020829.397757817,18033631.265966617,40,3720,False
12,plate6,40,92,1.0,1000.0,32,13404824.356949003,18020769.224400196,18033572.828163072,40,3720,False
12,plate6,49,0,0.0,1e-08,0,,,,0,0,False
12,plate6,49,1,0.25,1000.0,32,16810224.52304744,18041208.63735452,18061949.78375289,40,3720,False
12,plate6,49,2,0.5,1000.0,32,15933058.014987396,18013344.0508836,18029532.90508845,40,3720,False
12,plate6,49,4,0.5,1000.0,32,15213818.880802335,18000945.989544164,18016151.986683365,40,3720,False
12,plate6,49,8,0.75,1000.0,32,14332760.90641621,17993426.734453306,18011805.519779477,40,3720,False
12,plate6,49,16,0.75,1000.0,32,13882525.839599095,17985252.011138596,18005622.544310372,40,3720,False
12,plate6,49,32,1.0,1000.0,32,13523602.839161532,17977760.854650564,17998990.589579124,40,3720,False
12,plate6,49,64,1.0,1000.0,32,13315840.425361264,17968030.793702718,17990498.167209037,40,3720,False
12,plate6,49,80,1.0,1000.0,32,13290739.491797421,17965226.034970053,17988146.818535864,40,3720,False
12,plate6,49,92,1.0,1000.0,32,13290590.930376401,17965170.147384446,17988089.196027637,40,3720,False
12,plate14,1,0,0.0,1e-08,0,,,,0,0,False
12,plate14,1,1,0.0,1e-08,0,,,,0,0,False
12,plate14,1,2,0.0,1e-08,0,,,,0,0,False
12,plate14,1,4,0.0,1e-08,0,,,,0,0,False
12,plate14,1,8,0.0,1e-08,0,,,,0,0,False
12,plate14,1,16,0.0,1e-08,0,,,,0,0,False
12,plate14,1,32,0.0,1e-08,0,,,,0,0,False
12,plate14,1,64,0.0,1e-08,0,,,,0,0,False
12,plate14,1,80,0.0,1e-08,0,,,,0,0,False
12,plate14,1,92,0.0,1e-08,0,,,,0,0,False
12,plate14,2,0,0.0,1e-08,0,,,,0,0,False
12,plate14,2,1,0.5,1e-08,0,8047441.143180609,9674883.04611206,,16,1488,False
12,plate14,2,2,0.5,1e-08,0,7463180.271846056,9674883.04611206,,16,1488,False
12,plate14,2,4,0.75,1e-08,0,6878886.302267514,9674883.04611206,,16,1488,False
12,plate14,2,8,0.75,1e-08,0,6519025.627223486,9674883.04611206,,16,1488,False
12,plate14,2,16,1.0,1e-08,0,6221149.38065771,9674883.04611206,,16,1488,False
12,plate14,2,32,1.0,1e-08,0,6052342.55505512,9674883.04611206,,16,1488,False
12,plate14,2,64,1.0,1e-08,0,5957882.519733574,9674883.04611206,,16,1488,False
12,plate14,2,80,1.0,1e-08,0,5946405.044456433,9674883.04611206,,16,1488,False
12,plate14,2,92,1.0,1e-08,0,5946107.331558565,9674883.04611206,,16,1488,False
12,plate14,4,0,0.0,1e-08,0,,,,0,0,False
12,plate14,4,1,0.5,100.0,2,21655539.907989405,21759338.633141395,21760745.11645483,32,2976,False
12,plate14,4,2,0.5,100.0,2,19931744.596693885,21753809.381183144,21754611.513145696,32,2976,False
12,plate14,4,4,0.75,100.0,2,18471032.954230946,21758352.46907383,21758520.833044194,32,2976,False
12,plate14,4,8,0.75,100.0,2,17469497.384166364,21757357.25139911,21757378.869236887,32,2976,False
12,plate14,4,16,1.0,1000.0,2,16727141.840422202,21751535.442736484,21751724.2399329,32,2976,False
12,plate14,4,32,1.0,1000.0,2,16271359.54568002,21752990.789524134,21753088.63886948,32,2976,False
12,plate14,4,64,1.0,1000.0,2,16019100.903843725,21751398.023845248,21751412.23648201,32,2976,False
12,plate14,4,80,1.0,1000.0,2,15991787.710028354,21750891.187227335,21750912.138582736,32,2976,False
12,plate14,4,92,1.0,1000.0,2,15990966.318071289,21750874.514517345,21750896.749392312,32,2976,False
12,plate14,8,0,0.0,1e-08,0,,,,0,0,False
12,plate14,8,1,0.5,100.0,4,19892689.262798086,22324504.973856915,22387270.607008237,40,3720,False
12,plate14,8,2,0.5,100.0,4,18332856.719208695,22316694.866213236,22381945.743301768,40,3720,False
12,plate14,8,4,0.75,100.0,4,16979781.070576727,22315642.28227773,22381897.11941857,40,3720,False
12,plate14,8,8,0.75,100.0,4,16073894.76827809,22318046.301339824,22383179.606201448,40,3720,False
12,plate14,8,16,1.0,1000.0,4,15376365.58044098,22313634.714714017,22379901.959684364,40,3720,False
12,plate14,8,32,1.0,1000.0,4,14952190.04498545,22312851.29209668,22379274.873997986,40,3720,False
12,plate14,8,64,1.0,1000.0,4,14720215.063817687,22310581.095163718,22377455.40661479,40,3720,False
12,plate14,8,80,1.0,1000.0,4,14694678.139056947,22309992.608040128,22376999.49366044,40,3720,False
12,plate14,8,92,1.0,1000.0,4,14693923.99029052,22309968.261662118,22376986.136311572,40,3720,False
12,plate14,16,0,0.0,1e-08,0,,,,0,0,False
12,plate14,16,1,0.5,100.0,8,19231191.658059046,21671193.176566187,21704593.85143447,40,3720,False
12,plate14,16,2,0.5,100.0,8,17715422.993195772,21661571.301156975,21701710.478917975,40,3720,False
12,plate14,16,4,0.75,1000.0,8,16410908.596200397,21657348.043900035,21698383.778515965,40,3720,False
12,plate14,16,8,0.75,1000.0,8,15532865.65770649,21654976.840004623,21694347.860672265,40,3720,False
12,plate14,16,16,1.0,1000.0,8,14862825.23919739,21647227.741202936,21690440.15347116,40,3720,False
12,plate14,16,32,1.0,1000.0,8,14451737.346954014,21646692.1921094,21690245.25236349,40,3720,False
12,plate14,16,64,1.0,1000.0,8,14227388.983784223,21642514.276848767,21687746.10343312,40,3720,False
12,plate14,16,80,1.0,1000.0,8,14202817.54385921,21641624.75274658,21687349.71684007,40,3720,False
12,plate14,16,92,1.0,1000.0,8,14202100.710274024,21641589.15147784,21687331.448085316,40,3720,False
12,plate14,24,0,0.0,1e-08,0,,,,0,0,False
12,plate14,24,1,0.5,1000.0,16,18763490.10555904,21448277.714186065,21469775.84148647,40,3720,False
12,plate14,24,2,0.5,1000.0,16,17284652.697888035,21438204.178306486,21460695.414260797,40,3720,False
12,plate14,24,4,0.75,1000.0,16,16013451.526991786,21432738.194007587,21455462.449482273,40,3720,False
12,plate14,24,8,0.75,1000.0,16,15155625.103247767,21429808.468735505,21453217.364808235,40,3720,False
12,plate14,24,16,1.0,1000.0,16,14500745.893634457,21420632.244736187,21445301.816220786,40,3720,False
12,plate14,24,32,1.0,1000.0,16,14099002.535935067,21419099.00199228,21444313.57213165,40,3720,False
12,plate14,24,64,1.0,1000.0,16,13880312.8701893,21413943.766675487,21439993.9292726,40,3720,False
12,plate14,24,80,1.0,1000.0,16,13856387.252581235,21412804.56411294,21439168.88388016,40,3720,False
12,plate14,24,92,1.0,1000.0,16,13855685.780105233,21412754.761251986,21439131.484024897,40,3720,False
12,plate14,32,0,0.0,1e-08,0,,,,0,0,False
12,plate14,32,1,0.5,1000.0,24,18515324.141783293,21351851.740413852,21376097.10286142,40,3720,False
12,plate14,32,2,0.5,1000.0,24,17055642.936308026,21337069.97762788,21356087.464100126,40,3720,False
12,plate14,32,4,0.75,1000.0,24,15801380.788894083,21330304.21421926,21348894.605774403,40,3720,False
12,plate14,32,8,0.75,1000.0,24,14955008.844566325,21326908.044432476,21346574.599234004,40,3720,False
12,plate14,32,16,1.0,1000.0,24,14308165.704549752,21316502.652616527,21336468.998074558,40,3720,False
12,plate14,32,32,1.0,1000.0,24,13911948.073932117,21314792.039726745,21334386.981281035,40,3720,False
12,plate14,32,64,1.0,1000.0,24,13696229.078349266,21308990.270720977,21329347.158582404,40,3720,False
12,plate14,32,80,1.0,1000.0,24,13672546.189881345,21307525.854002126,21328162.046887573,40,3720,False
12,plate14,32,92,1.0,1000.0,24,13671864.606358783,21307467.874837805,21328115.809311524,40,3720,False
12,plate14,40,0,0.0,1e-08,0,,,,0,0,False
12,plate14,40,1,0.5,1000.0,32,18358489.09201495,21286158.76274183,21308214.690476935,40,3720,False
12,plate14,40,2,0.5,1000.0,32,16912193.85448833,21270014.871515058,21284060.546420112,40,3720,False
12,plate14,40,4,0.75,1000.0,32,15668433.702975843,21261625.48581719,21274904.26045919,40,3720,False
12,plate14,40,8,0.75,1000.0,32,14829269.93859328,21258245.24334206,21272376.15398328,40,3720,False
12,plate14,40,16,1.0,1000.0,32,14187349.001675911,21246502.915247563,21261004.55370067,40,3720,False
12,plate14,40,32,1.0,1000.0,32,13794755.93246892,21244870.497187786,21258936.744872656,40,3720,False
12,plate14,40,64,1.0,1000.0,32,13580935.428964408,21238487.59362308,21253122.937214788,40,3720,False
12,plate14,40,80,1.0,1000.0,32,13557470.248965751,21236807.11366061,21251698.30082152,40,3720,False
12,plate14,40,92,1.0,1000.0,32,13556789.25528091,21236740.408419564,21251642.07695188,40,3720,False
12,plate14,49,0,0.0,1e-08,0,,,,0,0,False
12,plate14,49,1,0.5,1000.0,32,18204935.96692716,21232354.157795656,21259973.43700793,40,3720,False
12,plate14,49,2,0.5,1000.0,32,16771224.105122367,21214651.551286463,21235451.022802807,40,3720,False
12,plate14,49,4,0.75,1000.0,32,15538403.620579207,21205180.615716636,21225215.529272784,40,3720,False
12,plate14,49,8,0.75,1000.0,32,14706071.804111853,21201954.188217048,21222872.074966792,40,3720,False
12,plate14,49,16,1.0,1000.0,32,14069385.500051524,21189463.235683165,21211798.46066501,40,3720,False
12,plate14,49,32,1.0,1000.0,32,13679971.960738476,21187815.326385465,21210129.400643587,40,3720,False
12,plate14,49,64,1.0,1000.0,32,13467750.527605334,21180568.683066092,21204316.096425593,40,3720,False
12,plate14,49,80,1.0,1000.0,32,13444468.162093598,21178642.46989877,21202806.33988856,40,3720,False
12,plate14,49,92,1.0,1000.0,32,13443795.713102097,21178570.497670542,21202748.241833773,40,3720,False
13,plate6,1,0,0.0,1e-08,0,,,,0,0,False
13,plate6,1,1,0.0,1e-08,0,,,,0,0,False
13,plate6,1,2,0.0,1e-08,0,,,,0,0,False
13,plate6,1,4,0.0,1e-08,0,,,,0,0,False
13,plate6,1,8,0.0,1e-08,0,,,,0,0,False
13,plate6,1,16,0.0,1e-08,0,,,,0,0,False
13,plate6,1,32,0.0,1e-08,0,,,,0,0,False
13,plate6,1,64,0.0,1e-08,0,,,,0,0,False
13,plate6,1,80,0.0,1e-08,0,,,,0,0,False
13,plate6,1,92,0.0,1e-08,0,,,,0,0,False
13,plate6,2,0,0.0,1e-08,0,,,,0,0,False
13,plate6,2,1,0.25,1e-08,0,8179839.495159924,8860240.672851562,,16,1488,False
13,plate6,2,2,0.5,1e-08,0,7838589.365180552,8860240.672851562,,16,1488,False
13,plate6,2,4,0.5,1e-08,0,7531015.054623187,8860240.672851562,,16,1488,False
13,plate6,2,8,0.75,1e-08,0,7161329.223699968,8860240.672851562,,16,1488,False
13,plate6,2,16,0.75,1e-08,0,6952124.502551116,8860240.672851562,,16,1488,False
13,plate6,2,32,1.0,1e-08,0,6805922.337283881,8860240.672851562,,16,1488,False
13,plate6,2,64,1.0,1e-08,0,6702831.402850673,8860240.672851562,,16,1488,False
13,plate6,2,80,1.0,1e-08,0,6693386.303697292,8860240.672851562,,16,1488,False
13,plate6,2,92,1.0,1e-08,0,6692859.723429285,8860240.672851562,,16,1488,False
13,plate6,4,0,0.0,1e-08,0,,,,0,0,False
13,plate6,4,1,0.25,100.0,2,12870739.874710709,12593804.342531402,12601465.090733385,32,2976,False
13,plate6,4,2,0.5,1000.0,2,12311981.764532235,12591660.50021215,12599543.941907454,32,2976,False
13,plate6,4,4,0.75,1000.0,2,11828737.01246305,12586634.633493895,12592136.496254314,32,2976,False
13,plate6,4,8,0.75,1000.0,2,11271797.21288767,12583338.288118148,12585314.180218147,32,2976,False
13,plate6,4,16,0.75,1000.0,2,10958320.776930133,12576190.358724458,12577689.828235803,32,2976,False
13,plate6,4,32,1.0,1000.0,2,10724095.469844993,12568934.859827386,12569001.17688531,32,2976,False
13,plate6,4,64,1.0,1000.0,2,10564154.876339639,12564984.457148064,12565071.019358674,32,2976,False
13,plate6,4,80,1.0,1000.0,2,10548369.894841895,12566821.210852128,12566888.767017856,32,2976,False
13,plate6,4,92,1.0,1000.0,2,10547629.844362784,12566618.571685005,12566686.633343352,32,2976,False
13,plate6,8,0,0.0,1e-08,0,,,,0,0,False
13,plate6,8,1,0.25,1000.0,4,20279507.683280617,20348215.878737923,20385458.837706704,40,3720,False
13,plate6,8,2,0.5,1000.0,4,19234883.27610314,20331877.36670401,20369512.187953055,40,3720,False
13,plate6,8,4,0.75,1000.0,4,18352567.576732326,20325396.64025676,20365536.940567367,40,3720,False
13,plate6,8,8,0.75,1000.0,4,17404603.151656926,20322155.119367447,20360443.57108007,40,3720,False
13,plate6,8,16,0.75,1000.0,4,16903233.297893222,20316176.847079884,20354348.290680338,40,3720,False
13,plate6,8,32,1.0,1000.0,4,16479153.480698703,20311957.65383591,20353121.774629824,40,3720,False
13,plate6,8,64,1.0,1000.0,4,16233420.363618458,20306542.275950845,20348504.926977407,40,3720,False
13,plate6,8,80,1.0,1000.0,4,16214054.708359439,20307107.804688614,20349105.543167207,40,3720,False
13,plate6,8,92,1.0,1000.0,4,16211545.761481434,20307017.838458344,20349038.69386437,40,3720,False
13,plate6,16,0,0.0,1e-08,0,,,,0,0,False
13,plate6,16,1,0.25,1000.0,8,18605309.831469793,19723924.912851006,19757137.66196332,40,3720,False
13,plate6,16,2,0.5,1000.0,8,17661557.537994742,19700249.9643534,19728902.791088637,40,3720,False
13,plate6,16,4,0.75,1000.0,8,16854021.18113293,19688629.067099437,19720346.889028247,40,3720,False
13,plate6,16,8,0.75,1000.0,8,15984431.094535073,19682709.52550894,19716021.893764,40,3720,False
13,plate6,16,16,0.75,1000.0,8,15524978.26914357,19678280.814806823,19713869.256137293,40,3720,False
13,plate6,16,32,1.0,1000.0,8,15135576.587937513,19681933.568731178,19716288.790406562,40,3720,False
13,plate6,16,64,1.0,1000.0,8,14909436.74446311,19674009.788284857,19710632.737028323,40,3720,False
13,plate6,16,80,1.0,1000.0,8,14892253.362194907,19673241.47450198,19710234.866461184,40,3720,False
13,plate6,16,92,1.0,1000.0,8,14889859.88912599,19673151.848125976,19710175.815498497,40,3720,False
13,plate6,24,0,0.0,1e-08,0,,,,0,0,False
13,plate6,24,1,0.25,1000.0,16,18313654.08824477,19565668.773482926,19615831.309977062,40,3720,False
13,plate6,24,2,0.5,1000.0,16,17385381.74666496,19530806.75207997,19553122.931645222,40,3720,False
13,plate6,24,4,0.75,1000.0,16,16588531.889685228,19511537.789533187,19532309.339889843,40,3720,False
13,plate6,24,8,0.75,1000.0,16,15733320.887934323,19503936.283540107,19526099.068133354,40,3720,False
13,plate6,24,16,0.75,1000.0,16,15280391.732764589,19498655.38999302,19520965.02350434,40,3720,False
13,plate6,24,32,1.0,1000.0,16,14897377.52500538,19502464.329309475,19524254.52089952,40,3720,False
13,plate6,24,64,1.0,1000.0,16,14674868.565946499,19491864.087444667,19515262.465087164,40,3720,False
13,plate6,24,80,1.0,1000.0,16,14657882.214027634,19491429.960125275,19515178.254671875,40,3720,False
13,plate6,24,92,1.0,1000.0,16,14655530.84541436,19491236.681456037,19514994.83347439,40,3720,False
13,plate6,32,0,0.0,1e-08,0,,,,0,0,False
13,plate6,32,1,0.25,1000.0,8,18157471.686676152,19482356.806455486,19535102.726556826,40,3720,False
13,plate6,32,2,0.5,1000.0,24,17236538.366167083,19440408.32441274,19460760.527197883,40,3720,False
13,plate6,32,4,0.75,1000.0,24,16447117.127954839,19418460.603834342,19433660.961194698,40,3720,False
13,plate6,32,8,0.75,1000.0,24,15599250.251470847,19408944.43762061,19424551.37311765,40,3720,False
13,plate6,32,16,0.75,1000.0,24,15150819.066743763,19403708.48031695,19419812.42094249,40,3720,False
13,plate6,32,32,1.0,1000.0,24,14771185.4828415,19408857.56718022,19424193.314710762,40,3720,False
13,plate6,32,64,1.0,1000.0,24,14550670.223603519,19395707.329110242,19411791.730917763,40,3720,False
13,plate6,32,80,1.0,1000.0,24,14533889.83135735,19395175.099708725,19411459.027797207,40,3720,False
13,plate6,32,92,1.0,1000.0,24,14531545.871466162,19394927.76388985,19411223.758316204,40,3720,False
13,plate6,40,0,0.0,1e-08,0,,,,0,0,False
13,plate6,40,1,0.25,1000.0,16,18053261.539542038,19419534.477310073,19468457.899815038,40,3720,False
13,plate6,40,2,0.5,1000.0,32,17138564.212769203,19375423.14203961,19400371.832900256,40,3720,False
13,plate6,40,4,0.75,1000.0,32,16353903.311774138,19349757.87989095,19365478.487367667,40,3720,False
13,plate6,40,8,0.75,1000.0,32,15510794.376737483,19337759.69383267,19352991.836345408,40,3720,False
13,plate6,40,16,0.75,1000.0,32,15064543.546830399,19329985.878971674,19345837.361822214,40,3720,False
13,plate6,40,32,1.0,1000.0,32,14687518.681366539,19334520.323090192,19350280.098145388,40,3720,False
13,plate6,40,64,1.0,1000.0,32,14468108.656734059,19319355.339549214,19335457.61614512,40,3720,False
13,plate6,40,80,1.0,1000.0,32,14451490.773568531,19318579.10400931,19334922.256255437,40,3720,False
13,plate6,40,92,1.0,1000.0,32,14449139.967189161,19318304.85723904,19334659.875692364,40,3720,False
13,plate6,49,0,0.0,1e-08,0,,,,0,0,False
13,plate6,49,1,0.25,1000.0,16,17949600.54819445,19383688.202377815,19424814.94861226,40,3720,False
13,plate6,49,2,0.5,1000.0,32,17041356.34120645,19331104.91322741,19358073.671302635,40,3720,False
13,plate6,49,4,0.75,1000.0,32,16261614.661221296,19302442.95751596,19323962.4183325,40,3720,False
13,plate6,49,8,0.75,1000.0,32,15423789.832168534,19288680.81285331,19311759.09587167,40,3720,False
13,plate6,49,16,0.75,1000.0,32,14980640.25485137,19280056.440102447,19304453.887467004,40,3720,False
13,plate6,49,32,1.0,1000.0,32,14605655.693442293,19285036.761479713,19308455.030868005,40,3720,False
13,plate6,49,64,1.0,1000.0,32,14387534.709506297,19268594.186879925,19294538.107943073,40,3720,False
13,plate6,49,80,1.0,1000.0,32,14371046.919058487,19267500.42334248,19294058.629223906,40,3720,False
13,plate6,49,92,1.0,1000.0,32,14368698.69171075,19267206.494712226,19293797.63358712,40,3720,False
13,plate14,1,0,0.0,1e-08,0,,,,0,0,False
13,plate14,1,1,0.0,1e-08,0,,,,0,0,False
13,plate14,1,2,0.0,1e-08,0,,,,0,0,False
13,plate14,1,4,0.0,1e-08,0,,,,0,0,False
13,plate14,1,8,0.0,1e-08,0,,,,0,0,False
13,plate14,1,16,0.0,1e-08,0,,,,0,0,False
13,plate14,1,32,0.0,1e-08,0,,,,0,0,False
13,plate14,1,64,0.0,1e-08,0,,,,0,0,False
13,plate14,1,80,0.0,1e-08,0,,,,0,0,False
13,plate14,1,92,0.0,1e-08,0,,,,0,0,False
13,plate14,2,0,0.0,1e-08,0,,,,0,0,False
13,plate14,2,1,0.5,1e-08,0,9116648.730288506,10639848.46307373,,16,1488,False
13,plate14,2,2,0.5,1e-08,0,8353233.213176012,10639848.46307373,,16,1488,False
13,plate14,2,4,0.75,1e-08,0,7685301.721335188,10639848.46307373,,16,1488,False
13,plate14,2,8,0.75,1e-08,0,7263677.405966375,10639848.46307373,,16,1488,False
13,plate14,2,16,1.0,1e-08,0,6941439.639159552,10639848.46307373,,16,1488,False
13,plate14,2,32,1.0,1e-08,0,6721471.470058534,10639848.46307373,,16,1488,False
13,plate14,2,64,1.0,1e-08,0,6613699.2361379685,10639848.46307373,,16,1488,False
13,plate14,2,80,1.0,1e-08,0,6603634.292064507,10639848.46307373,,16,1488,False
13,plate14,2,92,1.0,1e-08,0,6603298.913613075,10639848.46307373,,16,1488,False
13,plate14,4,0,0.0,1e-08,0,,,,0,0,False
13,plate14,4,1,0.5,10.0,2,15061115.875751803,15710883.79428571,15710955.333132712,32,2976,False
13,plate14,4,2,0.5,100.0,2,13721865.149643736,15707241.884745453,15707453.072651392,32,2976,False
13,plate14,4,4,0.75,100.0,2,12623344.859692411,15705410.202258157,15705613.271486672,32,2976,False
13,plate14,4,8,0.75,100.0,2,11926429.31167466,15702047.051641615,15702090.278569296,32,2976,False
13,plate14,4,16,1.0,1000.0,2,11414605.83867154,15699841.056835229,15699920.767428279,32,2976,False
13,plate14,4,32,1.0,1e-08,2,11083572.715747917,15698767.756333524,15698767.756333524,32,2976,False
13,plate14,4,64,1.0,1000.0,2,10908802.889708135,15697607.614778664,15697632.565089945,32,2976,False
13,plate14,4,80,1.0,1000.0,2,10892091.582208369,15697833.588929724,15697849.097819438,32,2976,False
13,plate14,4,92,1.0,1000.0,2,10891521.656779055,15697788.816955168,15697805.542472262,32,2976,False
13,plate14,8,0,0.0,1e-08,0,,,,0,0,False
13,plate14,8,1,0.25,100.0,4,22876761.897691056,23959540.173521653,24039173.737432968,40,3720,False
13,plate14,8,2,0.5,100.0,4,20530362.038400665,23950249.09890106,24032998.48230757,40,3720,False
13,plate14,8,4,0.75,100.0,4,18842113.260742743,23942487.84589698,24027199.598418824,40,3720,False
13,plate14,8,8,0.75,100.0,4,17803752.012142897,23938073.247792963,24024259.385902505,40,3720,False
13,plate14,8,16,1.0,100.0,4,17072659.823934335,23934638.188475735,24022441.649081107,40,3720,False
13,plate14,8,32,1.0,100.0,4,16587342.25947392,23935174.653309572,24022312.92701424,40,3720,False
13,plate14,8,64,1.0,1000.0,4,16335906.291553855,23932849.370532054,24020887.628760394,40,3720,False
13,plate14,8,80,1.0,1000.0,4,16309767.188064901,23932791.581156347,24020833.660432503,40,3720,False
13,plate14,8,92,1.0,1000.0,4,16308987.975075152,23932754.92225554,24020812.74981028,40,3720,False
13,plate14,16,0,0.0,1e-08,0,,,,0,0,False
13,plate14,16,1,0.25,1000.0,8,21007365.260740936,23165747.322149944,23201905.28990588,40,3720,False
13,plate14,16,2,0.5,1000.0,8,18847404.56117153,23154012.74092613,23193492.086524475,40,3720,False
13,plate14,16,4,0.75,1000.0,8,17296461.5292535,23143396.12755114,23185668.124182865,40,3720,False
13,plate14,16,8,0.75,1000.0,8,16343680.971986955,23136171.6872446,23180378.798718803,40,3720,False
13,plate14,16,16,1.0,1000.0,8,15672173.183913518,23131379.23680928,23177593.253188774,40,3720,False
13,plate14,16,32,1.0,1000.0,8,15228683.916492645,23133783.72446041,23179109.85738182,40,3720,False
13,plate14,16,64,1.0,1000.0,8,14996885.872687897,23129691.726179134,23176727.81151813,40,3720,False
13,plate14,16,80,1.0,1000.0,8,14973118.472368207,23129474.091589343,23176562.988572348,40,3720,False
13,plate14,16,92,1.0,1000.0,8,14972423.461095294,23129433.175400898,23176537.78998968,40,3720,False
13,plate14,24,0,0.0,1e-08,0,,,,0,0,False
13,plate14,24,1,0.25,1000.0,16,20676852.652584303,22978535.46008015,23012341.096731074,40,3720,False
13,plate14,24,2,0.5,1000.0,16,18554787.61259857,22977099.368109286,23007655.600061804,40,3720,False
13,plate14,24,4,0.75,1000.0,16,17031641.661313783,22950004.697864763,22979126.240953177,40,3720,False
13,plate14,24,8,0.75,1000.0,16,16092732.739634719,22931959.794865776,22960107.07427075,40,3720,False
13,plate14,24,16,1.0,1000.0,16,15431360.277652258,22919731.76086973,22948378.957809262,40,3720,False
13,plate14,24,32,1.0,1000.0,16,14994665.307981307,22922043.17465707,22950036.339556962,40,3720,False
13,plate14,24,64,1.0,1000.0,16,14766231.968188182,22916289.97941296,22945665.73378695,40,3720,False
13,plate14,24,80,1.0,1000.0,16,14742925.83964449,22916080.278228913,22945479.019546762,40,3720,False
13,plate14,24,92,1.0,1000.0,16,14742242.092156777,22916025.239601146,22945434.322320182,40,3720,False
13,plate14,32,0,0.0,1e-08,0,,,,0,0,False
13,plate14,32,1,0.25,1000.0,24,20503802.39120721,22873491.86501645,22905155.759691436,40,3720,False
13,plate14,32,2,0.5,1000.0,24,18399769.47657584,22870085.449649964,22895037.417779546,40,3720,False
13,plate14,32,4,0.75,1000.0,24,16886931.183951303,22840577.198265027,22862724.227460217,40,3720,False
13,plate14,32,8,0.75,1000.0,24,15955803.35916773,22821041.845646523,22841856.62027532,40,3720,False
13,plate14,32,16,1.0,1000.0,24,15300905.75019723,22807277.094848633,22828508.109067872,40,3720,False
13,plate14,32,32,1.0,1000.0,24,14868310.207431154,22810772.07006143,22831008.94717544,40,3720,False
13,plate14,32,64,1.0,1000.0,24,14641719.013522211,22803906.529244635,22825452.92410961,40,3720,False
13,plate14,32,80,1.0,1000.0,24,14618559.94707367,22803703.497334782,22825209.936847497,40,3720,False
13,plate14,32,92,1.0,1000.0,24,14617885.022206353,22803631.74577483,22825154.055471346,40,3720,False
13,plate14,40,0,0.0,1e-08,0,,,,0,0,False
13,plate14,40,1,0.25,1000.0,32,20387106.322289545,22804736.33621523,22836058.640404295,40,3720,False
13,plate14,40,2,0.5,1000.0,32,18292102.363659028,22800860.10842601,22824739.63742327,40,3720,False
13,plate14,40,4,0.75,1000.0,32,16788657.074385576,22767774.308989532,22786191.93816991,40,3720,False
13,plate14,40,8,0.75,1000.0,32,15863486.424673254,22746238.94563554,22762492.775406346,40,3720,False
13,plate14,40,16,1.0,1000.0,32,15212721.466464011,22730711.943688095,22747043.22303009,40,3720,False
13,plate14,40,32,1.0,1000.0,32,14782830.017679825,22734068.83248453,22749868.99003963,40,3720,False
13,plate14,40,64,1.0,1000.0,32,14557567.250680216,22726348.325443078,22743140.868935,40,3720,False
13,plate14,40,80,1.0,1000.0,32,14534532.124837473,22726119.740052424,22742947.934175894,40,3720,False
13,plate14,40,92,1.0,1000.0,32,14533861.07312687,22726033.697017685,22742876.302862983,40,3720,False
13,plate14,49,0,0.0,1e-08,0,,,,0,0,False
13,plate14,49,1,0.25,1000.0,32,20275612.665656958,22757316.512862265,22794526.403940614,40,3720,False
13,plate14,49,2,0.5,1000.0,32,18190813.328495342,22751704.427167583,22780838.576769322,40,3720,False
13,plate14,49,4,0.75,1000.0,32,16695507.442075955,22716040.932848185,22744422.999415938,40,3720,False
13,plate14,49,8,0.75,1000.0,32,15776034.619889008,22693172.640329417,22721227.498445153,40,3720,False
13,plate14,49,16,1.0,1000.0,32,15129303.137123046,22676170.053551354,22705728.374004293,40,3720,False
13,plate14,49,32,1.0,1000.0,32,14701897.448300486,22679914.76488317,22708807.500901673,40,3720,False
13,plate14,49,64,1.0,1000.0,32,14477837.164095877,22671535.64788984,22702362.571652293,40,3720,False
13,plate14,49,80,1.0,1000.0,32,14454920.019191831,22671308.58292204,22702132.04747524,40,3720,False
13,plate14,49,92,1.0,1000.0,32,14454252.097890247,22671208.693663888,22702055.63419573,40,3720,False
14,plate6,1,0,0.0,1e-08,0,,,,0,0,False
14,plate6,1,1,0.0,1e-08,0,,,,0,0,False
14,plate6,1,2,0.0,1e-08,0,,,,0,0,False
14,plate6,1,4,0.0,1e-08,0,,,,0,0,False
14,plate6,1,8,0.0,1e-08,0,,,,0,0,False
14,plate6,1,16,0.0,1e-08,0,,,,0,0,False
14,plate6,1,32,0.0,1e-08,0,,,,0,0,False
14,plate6,1,64,0.0,1e-08,0,,,,0,0,False
14,plate6,1,80,0.0,1e-08,0,,,,0,0,False
14,plate6,1,92,0.0,1e-08,0,,,,0,0,False
14,plate6,2,0,0.0,1e-08,0,,,,0,0,False
14,plate6,2,1,0.25,1e-08,0,6664167.472433448,7099306.545013428,,16,1488,False
14,plate6,2,2,0.5,1e-08,0,6328597.291231155,7099306.545013428,,16,1488,False
14,plate6,2,4,0.5,1e-08,0,5992698.927933648,7099306.545013428,,16,1488,False
14,plate6,2,8,0.75,1e-08,0,5636672.363992037,7099306.545013428,,16,1488,False
14,plate6,2,16,0.75,1e-08,0,5487415.913500514,7099306.545013428,,16,1488,False
14,plate6,2,32,1.0,1e-08,0,5353595.83344112,7099306.545013428,,16,1488,False
14,plate6,2,64,1.0,1e-08,0,5272461.556876508,7099306.545013428,,16,1488,False
14,plate6,2,80,1.0,1e-08,0,5264210.250668457,7099306.545013428,,16,1488,False
14,plate6,2,92,1.0,1e-08,0,5263912.33208117,7099306.545013428,,16,1488,False
14,plate6,4,0,0.0,1e-08,0,,,,0,0,False
14,plate6,4,1,0.25,100.0,2,16890378.255604398,15688681.577226263,15692443.749229802,32,2976,False
14,plate6,4,2,0.5,100.0,2,15942200.203885347,15677579.317831272,15679233.485516421,32,2976,False
14,plate6,4,4,0.75,1000.0,2,15085683.9211299,15679482.695417188,15684622.758681634,32,2976,False
14,plate6,4,8,0.75,1000.0,2,14154306.962003142,15664938.51144109,15667562.777468063,32,2976,False
14,plate6,4,16,1.0,1000.0,2,13731569.631232271,15663161.36652608,15664508.460766273,32,2976,False
14,plate6,4,32,1.0,1000.0,2,13357098.209784437,15655517.025915388,15655724.26766932,32,2976,False
14,plate6,4,64,1.0,1000.0,2,13154286.305887504,15650409.549334256,15650434.766051276,32,2976,False
14,plate6,4,80,1.0,1000.0,2,13132650.24139537,15649954.290387655,15649987.812532118,32,2976,False
14,plate6,4,92,1.0,1000.0,2,13132928.038925836,15649874.313579293,15649909.263455568,32,2976,False
14,plate6,8,0,0.0,1e-08,0,,,,0,0,False
14,plate6,8,1,0.25,100.0,4,16476309.655221246,16278654.317781055,16332022.713583224,40,3720,False
14,plate6,8,2,0.5,100.0,4,15558335.499659175,16263272.221229438,16318651.69083153,40,3720,False
14,plate6,8,4,0.75,1000.0,4,14727808.492456611,16256319.907353802,16314545.699356707,40,3720,False
14,plate6,8,8,0.75,1000.0,4,13827521.515783086,16241045.687704394,16299702.077197947,40,3720,False
14,plate6,8,16,1.0,1000.0,4,13415755.526266817,16237639.565172233,16296165.63268285,40,3720,False
14,plate6,8,32,1.0,1000.0,4,13051361.625355627,16229117.380011307,16288542.116153054,40,3720,False
14,plate6,8,64,1.0,1000.0,4,12854482.509279964,16222376.547157634,16282875.66471214,40,3720,False
14,plate6,8,80,1.0,1000.0,4,12833084.275580846,16221660.624857837,16282237.21281758,40,3720,False
14,plate6,8,92,1.0,1000.0,4,12833222.96366649,16221593.11897412,16282194.647074685,40,3720,False
14,plate6,16,0,0.0,1e-08,0,,,,0,0,False
14,plate6,16,1,0.25,1000.0,8,14976286.522594271,15720824.061763925,15753349.452222422,40,3720,False
14,plate6,16,2,0.5,1000.0,8,14146441.72955893,15696189.212774744,15735942.194499105,40,3720,False
14,plate6,16,4,0.75,1000.0,8,13395642.874718087,15688972.467733936,15729672.476772455,40,3720,False
14,plate6,16,8,0.75,1000.0,8,12575403.217921196,15667736.039761214,15711671.696915729,40,3720,False
14,plate6,16,16,1.0,1000.0,8,12201509.158833848,15665158.494763104,15709689.587728858,40,3720,False
14,plate6,16,32,1.0,1000.0,8,11870617.434929742,15652386.463771481,15699618.78302842,40,3720,False
14,plate6,16,64,1.0,1000.0,8,11691946.5956601,15641358.139262678,15692218.489535471,40,3720,False
14,plate6,16,80,1.0,1000.0,8,11672504.787685758,15640627.454509167,15691625.815285545,40,3720,False
14,plate6,16,92,1.0,1000.0,8,11672612.310720205,15640540.33441074,15691567.81206946,40,3720,False
14,plate6,24,0,0.0,1e-08,0,,,,0,0,False
14,plate6,24,1,0.25,1000.0,16,14807748.247077767,15568257.794337016,15611732.479302477,40,3720,False
14,plate6,24,2,0.5,1000.0,16,13987488.949967526,15537150.786742542,15563203.445561202,40,3720,False
14,plate6,24,4,0.75,1000.0,16,13245167.328389814,15527367.56114784,15552445.686450152,40,3720,False
14,plate6,24,8,0.75,1000.0,16,12430679.301965948,15502602.793258518,15526463.410106925,40,3720,False
14,plate6,24,16,1.0,1000.0,16,12060360.686180681,15498889.026332036,15521874.771060793,40,3720,False
14,plate6,24,32,1.0,1000.0,16,11733609.103079915,15486747.45533418,15510177.28599575,40,3720,False
14,plate6,24,64,1.0,1000.0,16,11556861.256127985,15472436.715684442,15497373.869871022,40,3720,False
14,plate6,24,80,1.0,1000.0,16,11537677.34676645,15471525.992087066,15496444.639810478,40,3720,False
14,plate6,24,92,1.0,1000.0,16,11537767.845699579,15471424.450364355,15496349.382653112,40,3720,False
14,plate6,32,0,0.0,1e-08,0,,,,0,0,False
14,plate6,32,1,0.25,1000.0,16,14677727.615935246,15475814.849313116,15512663.404445339,40,3720,False
14,plate6,32,2,0.5,1000.0,24,13864657.231561925,15441288.3588742,15464730.42245017,40,3720,False
14,plate6,32,4,0.75,1000.0,24,13128298.392879684,15428909.20742019,15447365.041253595,40,3720,False
14,plate6,32,8,0.75,1000.0,24,12320083.689092701,15403400.650522774,15420271.89777696,40,3720,False
14,plate6,32,16,1.0,1000.0,24,11952434.618798776,15399663.36583472,15415307.471557783,40,3720,False
14,plate6,32,32,1.0,1000.0,24,11628617.109384963,15387693.945637329,15404276.202794997,40,3720,False
14,plate6,32,64,1.0,1000.0,24,11453391.461817151,15371494.818726111,15389527.030442638,40,3720,False
14,plate6,32,80,1.0,1000.0,24,11434400.047508337,15370368.251464712,15388453.465067297,40,3720,False
14,plate6,32,92,1.0,1000.0,24,11434501.699641285,15370258.986378219,15388346.343132151,40,3720,False
14,plate6,40,0,0.0,1e-08,0,,,,0,0,False
14,plate6,40,1,0.25,1000.0,24,14541202.571111368,15428478.570112633,15468327.160405677,40,3720,False
14,plate6,40,2,0.5,1000.0,32,13736573.66573494,15390060.692093547,15410735.21565753,40,3720,False
14,plate6,40,4,0.75,1000.0,32,13006011.47803255,15374886.968571678,15389688.007766375,40,3720,False
14,plate6,40,8,0.75,1000.0,32,12205023.982851887,15346853.984140532,15359142.773818495,40,3720,False
14,plate6,40,16,1.0,1000.0,32,11841521.520924946,15343931.983671509,15355392.559375023,40,3720,False
14,plate6,40,32,1.0,1000.0,32,11521027.665891388,15331233.75258821,15342845.389644437,40,3720,False
14,plate6,40,64,1.0,1000.0,32,11347352.099235836,15313766.28333795,15326721.6100848,40,3720,False
14,plate6,40,80,1.0,1000.0,32,11328510.230221912,15312481.82177899,15325481.657791648,40,3720,False
14,plate6,40,92,1.0,1000.0,32,11328613.742443604,15312364.28178318,15325366.08146978,40,3720,False
14,plate6,49,0,0.0,1e-08,0,,,,0,0,False
14,plate6,49,1,0.25,1000.0,24,14439838.824303037,15379081.376520356,15423538.876535239,40,3720,False
14,plate6,49,2,0.5,1000.0,32,13640187.83040625,15341808.606591444,15370279.889998414,40,3720,False
14,plate6,49,4,0.75,1000.0,32,12914842.99875834,15326324.158503963,15351837.72567021,40,3720,False
14,plate6,49,8,0.75,1000.0,32,12119806.055701897,15297354.99714632,15322338.88907819,40,3720,False
14,plate6,49,16,1.0,1000.0,32,11758900.983948447,15294233.053064015,15318494.329764543,40,3720,False
14,plate6,49,32,1.0,1000.0,32,11440731.942620194,15280236.711020714,15305730.912471581,40,3720,False
14,plate6,49,64,1.0,1000.0,32,11268370.370178347,15260428.349732164,15288241.523096075,40,3720,False
14,plate6,49,80,1.0,1000.0,32,11249653.65996701,15259016.598449107,15286979.368995504,40,3720,False
14,plate6,49,92,1.0,1000.0,32,11249744.405425956,15258890.55072387,15286857.267680412,40,3720,False
14,plate14,1,0,0.0,1e-08,0,,,,0,0,False
14,plate14,1,1,0.0,1e-08,0,,,,0,0,False
14,plate14,1,2,0.0,1e-08,0,,,,0,0,False
14,plate14,1,4,0.0,1e-08,0,,,,0,0,False
14,plate14,1,8,0.0,1e-08,0,,,,0,0,False
14,plate14,1,16,0.0,1e-08,0,,,,0,0,False
14,plate14,1,32,0.0,1e-08,0,,,,0,0,False
14,plate14,1,64,0.0,1e-08,0,,,,0,0,False
14,plate14,1,80,0.0,1e-08,0,,,,0,0,False
14,plate14,1,92,0.0,1e-08,0,,,,0,0,False
14,plate14,2,0,0.0,1e-08,0,,,,0,0,False
14,plate14,2,1,0.25,1e-08,0,8006403.198663235,9064439.571289062,,16,1488,False
14,plate14,2,2,0.5,1e-08,0,7294059.549703956,9064439.571289062,,16,1488,False
14,plate14,2,4,0.75,1e-08,0,6691934.03857021,9064439.571289062,,16,1488,False
14,plate14,2,8,0.75,1e-08,0,6203970.991699757,9064439.571289062,,16,1488,False
14,plate14,2,16,1.0,1e-08,0,5919174.247416219,9064439.571289062,,16,1488,False
14,plate14,2,32,1.0,1e-08,0,5736714.432695391,9064439.571289062,,16,1488,False
14,plate14,2,64,1.0,1e-08,0,5645369.942331832,9064439.571289062,,16,1488,False
14,plate14,2,80,1.0,1e-08,0,5635236.4282320915,9064439.571289062,,16,1488,False
14,plate14,2,92,1.0,1e-08,0,5634934.132816809,9064439.571289062,,16,1488,False
14,plate14,4,0,0.0,1e-08,0,,,,0,0,False
14,plate14,4,1,0.25,100.0,2,19093431.70226074,18620670.34164545,18622921.957553267,32,2976,False
14,plate14,4,2,0.5,100.0,2,17247852.199548457,18594112.77306401,18594557.755072203,32,2976,False
14,plate14,4,4,0.75,1000.0,2,15889020.123689672,18600638.266318426,18601110.302156746,32,2976,False
14,plate14,4,8,0.75,1000.0,2,14742015.484255273,18587558.401194397,18588521.778955147,32,2976,False
14,plate14,4,16,1.0,1000.0,2,14099135.346577503,18582799.573055454,18583483.625737816,32,2976,False
14,plate14,4,32,1.0,1000.0,2,13674995.680282515,18579654.467198648,18579664.883075476,32,2976,False
14,plate14,4,64,1.0,1000.0,2,13461620.551145973,18577507.257806487,18577520.286686677,32,2976,False
14,plate14,4,80,1.0,1000.0,2,13438949.377832038,18577166.755100794,18577196.172065645,32,2976,False
14,plate14,4,92,1.0,1000.0,2,13438327.220739398,18577135.178094704,18577166.42438735,32,2976,False
14,plate14,8,0,0.0,1e-08,0,,,,0,0,False
14,plate14,8,1,0.25,100.0,4,18651816.481982283,19320220.996244233,19400766.526559044,40,3720,False
14,plate14,8,2,0.5,100.0,4,16844388.704746597,19297312.023599777,19380381.009183634,40,3720,False
14,plate14,8,4,0.75,1000.0,4,15528626.885909634,19296447.985106174,19379065.084963202,40,3720,False
14,plate14,8,8,0.75,1000.0,4,14415076.483810373,19280168.484669056,19367493.382142976,40,3720,False
14,plate14,8,16,1.0,1000.0,4,13785990.782367872,19275292.130257927,19363986.068858724,40,3720,False
14,plate14,8,32,1.0,1000.0,4,13372469.423498139,19270442.174968135,19359580.996866375,40,3720,False
14,plate14,8,64,1.0,1000.0,4,13163456.53364972,19265911.064680487,19356484.613011844,40,3720,False
14,plate14,8,80,1.0,1000.0,4,13141039.815452881,19265572.108987097,19356226.371791944,40,3720,False
14,plate14,8,92,1.0,1000.0,4,13140393.386310132,19265541.588209033,19356206.97782097,40,3720,False
14,plate14,16,0,0.0,1e-08,0,,,,0,0,False
14,plate14,16,1,0.25,1000.0,8,17048169.626627605,18678671.388128534,18719680.595681228,40,3720,False
14,plate14,16,2,0.5,1000.0,8,15394148.958325041,18645156.706670426,18691587.65029656,40,3720,False
14,plate14,16,4,0.75,1000.0,8,14185235.169448711,18641092.69080424,18688215.41796895,40,3720,False
14,plate14,16,8,0.75,1000.0,8,13166022.872371936,18621250.186577603,18674010.298450507,40,3720,False
14,plate14,16,16,1.0,1000.0,8,12589489.616390916,18618906.48216475,18672297.901948825,40,3720,False
14,plate14,16,32,1.0,1000.0,8,12211526.586493358,18611431.346537765,18666494.907875232,40,3720,False
14,plate14,16,64,1.0,1000.0,8,12020660.533255786,18604523.77961071,18662579.247272998,40,3720,False
14,plate14,16,80,1.0,1000.0,8,12000278.765225472,18603984.80244196,18662201.7558393,40,3720,False
14,plate14,16,92,1.0,1000.0,8,11999689.351264447,18603929.81261817,18662171.002946775,40,3720,False
14,plate14,24,0,0.0,1e-08,0,,,,0,0,False
14,plate14,24,1,0.25,1000.0,16,16834402.48345878,18482747.70819987,18509180.917485606,40,3720,False
14,plate14,24,2,0.5,1000.0,16,15202406.519486053,18447369.64728382,18473809.52941945,40,3720,False
14,plate14,24,4,0.75,1000.0,16,14009402.21957656,18443805.938966274,18468055.22528314,40,3720,False
14,plate14,24,8,0.75,1000.0,16,13002586.066897016,18420357.691189494,18446784.010338783,40,3720,False
14,plate14,24,16,1.0,1000.0,16,12433081.118623791,18417142.18599398,18443896.60445939,40,3720,False
14,plate14,24,32,1.0,1000.0,16,12059956.47549062,18409687.982681558,18437506.918326635,40,3720,False
14,plate14,24,64,1.0,1000.0,16,11871363.692817142,18401019.964714754,18430638.232182316,40,3720,False
14,plate14,24,80,1.0,1000.0,16,11851225.378598215,18400355.60306115,18430080.016006533,40,3720,False
14,plate14,24,92,1.0,1000.0,16,11850647.634913297,18400295.596798863,18430034.566722117,40,3720,False
14,plate14,32,0,0.0,1e-08,0,,,,0,0,False
14,plate14,32,1,0.25,1000.0,24,16673219.719860436,18369342.297444537,18395005.668776758,40,3720,False
14,plate14,32,2,0.5,1000.0,24,15057785.753628857,18334180.979541518,18355900.361769535,40,3720,False
14,plate14,32,4,0.75,1000.0,24,13876048.229058284,18330340.311243694,18347629.209163874,40,3720,False
14,plate14,32,8,0.75,1000.0,24,12878269.65916826,18305171.911747847,18323017.244686358,40,3720,False
14,plate14,32,16,1.0,1000.0,24,12313700.914070956,18301047.895171113,18319282.37991816,40,3720,False
14,plate14,32,32,1.0,1000.0,24,11943914.803177921,18293910.1846275,18312464.342167523,40,3720,False
14,plate14,32,64,1.0,1000.0,24,11757196.159604514,18283076.24108137,18302937.050382342,40,3720,False
14,plate14,32,80,1.0,1000.0,24,11737264.168791885,18282282.30938658,18302187.741433058,40,3720,False
14,plate14,32,92,1.0,1000.0,24,11736693.43814018,18282212.60060865,18302125.800501663,40,3720,False
14,plate14,40,0,0.0,1e-08,0,,,,0,0,False
14,plate14,40,1,0.25,1000.0,32,16527243.362545136,18312952.387693733,18343164.3757646,40,3720,False
14,plate14,40,2,0.5,1000.0,32,14922858.531452784,18275295.710443363,18298505.11891944,40,3720,False
14,plate14,40,4,0.75,1000.0,32,13751327.575995512,18268940.550257783,18286819.00697229,40,3720,False
14,plate14,40,8,0.75,1000.0,32,12761278.251151685,18241851.59034862,18259139.019469507,40,3720,False
14,plate14,40,16,1.0,1000.0,32,12201525.281172452,18237747.89265195,18255116.91400174,40,3720,False
14,plate14,40,32,1.0,1000.0,32,11835069.116042424,18230598.247417286,18247799.050351277,40,3720,False
14,plate14,40,64,1.0,1000.0,32,11649989.787310122,18218530.631848454,18237078.41152347,40,3720,False
14,plate14,40,80,1.0,1000.0,32,11630236.849674784,18217611.10606949,18236178.760509115,40,3720,False
14,plate14,40,92,1.0,1000.0,32,11629671.968071776,18217540.21198069,18236113.720200326,40,3720,False
14,plate14,49,0,0.0,1e-08,0,,,,0,0,False
14,plate14,49,1,0.25,1000.0,32,16415250.206885861,18258628.128068388,18295446.845691502,40,3720,False
14,plate14,49,2,0.5,1000.0,32,14822784.559411021,18225544.73198515,18257885.79902785,40,3720,False
14,plate14,49,4,0.75,1000.0,32,13660157.645312687,18211962.973311562,18239491.101552576,40,3720,False
14,plate14,49,8,0.75,1000.0,32,12676896.249845121,18181234.6975514,18210618.50857452,40,3720,False
14,plate14,49,16,1.0,1000.0,32,12120848.508238217,18176642.56003871,18206644.839435227,40,3720,False
14,plate14,49,32,1.0,1000.0,32,11756763.999805517,18169311.142578438,18199455.34711604,40,3720,False
14,plate14,49,64,1.0,1000.0,32,11572759.431504112,18155884.780673105,18188732.31073482,40,3720,False
14,plate14,49,80,1.0,1000.0,32,11553139.343842588,18154950.350547533,18187885.925265767,40,3720,False
14,plate14,49,92,1.0,1000.0,32,11552580.11312712,18154860.72249865,18187813.547035284,40,3720,False
15,plate6,1,0,0.0,1e-08,0,,,,0,0,False
15,plate6,1,1,0.0,1e-08,0,,,,0,0,False
15,plate6,1,2,0.0,1e-08,0,,,,0,0,False
15,plate6,1,4,0.0,1e-08,0,,,,0,0,False
15,plate6,1,8,0.0,1e-08,0,,,,0,0,False
15,plate6,1,16,0.0,1e-08,0,,,,0,0,False
15,plate6,1,32,0.0,1e-08,0,,,,0,0,False
15,plate6,1,64,0.0,1e-08,0,,,,0,0,False
15,plate6,1,80,0.0,1e-08,0,,,,0,0,False
15,plate6,1,92,0.0,1e-08,0,,,,0,0,False
15,plate6,2,0,0.0,1e-08,0,,,,0,0,False
15,plate6,2,1,0.125,1e-08,0,10478426.069220454,10936707.188598633,,16,1488,False
15,plate6,2,2,0.25,1e-08,0,9998597.807836026,10936707.188598633,,16,1488,False
15,plate6,2,4,0.5,1e-08,0,9299695.323538095,10936707.188598633,,16,1488,False
15,plate6,2,8,0.75,1e-08,0,8749977.505082602,10936707.188598633,,16,1488,False
15,plate6,2,16,0.75,1e-08,0,8425868.78721248,10936707.188598633,,16,1488,False
15,plate6,2,32,1.0,1e-08,0,8190139.825647649,10936707.188598633,,16,1488,False
15,plate6,2,64,1.0,1e-08,0,8071626.925403188,10936707.188598633,,16,1488,False
15,plate6,2,80,1.0,1e-08,0,8058135.421532065,10936707.188598633,,16,1488,False
15,plate6,2,92,1.0,1e-08,0,8057935.627997723,10936707.188598633,,16,1488,False
15,plate6,4,0,0.0,1e-08,0,,,,0,0,False
15,plate6,4,1,0.25,100.0,2,26741970.571868837,23685080.884262912,23687291.856140655,32,2976,False
15,plate6,4,2,0.5,100.0,2,25453356.653393406,23673113.01941128,23674440.724057402,32,2976,False
15,plate6,4,4,0.5,1000.0,2,23773381.52866272,23665780.42462456,23668493.28322672,32,2976,False
15,plate6,4,8,0.75,1000.0,2,22328094.95499705,23655495.595731303,23656946.62901584,32,2976,False
15,plate6,4,16,0.75,1000.0,2,21567599.139098197,23638264.142742697,23638833.026648764,32,2976,False
15,plate6,4,32,1.0,1000.0,2,20941551.63186746,23631423.596001867,23631663.813529663,32,2976,False
15,plate6,4,64,1.0,1000.0,2,20642018.220476933,23629424.481167212,23629492.888308536,32,2976,False
15,plate6,4,80,1.0,1000.0,2,20606123.34605313,23628816.357012812,23628819.412237305,32,2976,False
15,plate6,4,92,1.0,1000.0,2,20605307.78040137,23628863.5378389,23628865.47112093,32,2976,False
15,plate6,8,0,0.0,1e-08,0,,,,0,0,False
15,plate6,8,1,0.25,100.0,4,39584353.36423746,39184329.41542075,39254562.09446053,40,3720,False
15,plate6,8,2,0.5,1000.0,4,37457144.795171104,39081699.59547653,39153612.42189837,40,3720,False
15,plate6,8,4,0.5,1000.0,4,35146876.06758263,39008296.669147864,39086853.34336317,40,3720,False
15,plate6,8,8,0.75,1000.0,4,32912301.430973556,38975280.28958302,39054576.60983742,40,3720,False
15,plate6,8,16,0.75,1000.0,4,31794660.231623985,38948733.425988816,39035112.05257254,40,3720,False
15,plate6,8,32,1.0,1000.0,4,30868613.23759762,38934715.40725588,39025223.06185806,40,3720,False
15,plate6,8,64,1.0,1000.0,4,30412473.121988375,38929462.001485586,39021161.77055715,40,3720,False
15,plate6,8,80,1.0,1000.0,4,30363796.027523648,38929049.883784264,39020911.32938496,40,3720,False
15,plate6,8,92,1.0,1000.0,4,30362115.129908565,38929004.31631158,39020855.588041276,40,3720,False
15,plate6,16,0,0.0,1e-08,0,,,,0,0,False
15,plate6,16,1,0.25,1000.0,4,36638521.51939123,38575424.494232155,38597936.643296525,40,3720,False
15,plate6,16,2,0.5,1000.0,8,34681159.0773953,38507039.285633825,38530444.03472945,40,3720,False
15,plate6,16,4,0.5,1000.0,8,32530715.999604966,38401582.3388538,38422765.38244688,40,3720,False
15,plate6,16,8,0.75,1000.0,8,30462657.30618809,38340699.03756313,38363655.69769587,40,3720,False
15,plate6,16,16,0.75,1000.0,8,29428327.18762488,38303268.57427388,38338444.775871,40,3720,False
15,plate6,16,32,1.0,1000.0,8,28571881.688720584,38282986.04198966,38325127.68675116,40,3720,False
15,plate6,16,64,1.0,1000.0,8,28148171.32274275,38275288.72628548,38320352.12504978,40,3720,False
15,plate6,16,80,1.0,1000.0,8,28102976.00827973,38274310.34186515,38319804.20174715,40,3720,False
15,plate6,16,92,1.0,1000.0,8,28101336.256460268,38274272.18862624,38319740.518453695,40,3720,False
15,plate6,24,0,0.0,1e-08,0,,,,0,0,False
15,plate6,24,1,0.25,1000.0,2,36071623.80403075,38412119.06611268,38451777.90579673,40,3720,False
15,plate6,24,2,0.5,1000.0,16,34144102.45118165,38323225.14152316,38361004.151706666,40,3720,False
15,plate6,24,4,0.5,1000.0,16,32031026.859469447,38210162.10715386,38237918.83898161,40,3720,False
15,plate6,24,8,0.75,1000.0,16,29991823.312606025,38142784.70071353,38166906.11187459,40,3720,False
15,plate6,24,16,0.75,1000.0,16,28976549.57731203,38097572.18852223,38124903.43933348,40,3720,False
15,plate6,24,32,1.0,1000.0,16,28134378.663565956,38074197.515020676,38104979.78818477,40,3720,False
15,plate6,24,64,1.0,1000.0,16,27716661.141087517,38065698.011599064,38097262.86478463,40,3720,False
15,plate6,24,80,1.0,1000.0,16,27672234.401743777,38064382.76139089,38095967.20136176,40,3720,False
15,plate6,24,92,1.0,1000.0,16,27670547.365552127,38064427.50851796,38095988.87688657,40,3720,False
15,plate6,32,0,0.0,1e-08,0,,,,0,0,False
15,plate6,32,1,0.25,1000.0,2,35727873.90487892,38307613.932157,38317757.81126703,40,3720,False
15,plate6,32,2,0.5,1000.0,8,33824887.77883266,38218567.688555084,38237217.988779746,40,3720,False
15,plate6,32,4,0.5,1000.0,24,31734274.0249276,38104101.47538782,38128766.01080151,40,3720,False
15,plate6,32,8,0.75,1000.0,24,29711213.04035407,38035041.37997796,38050320.27902137,40,3720,False
15,plate6,32,16,0.75,1000.0,24,28705174.15927578,37986349.30145557,38001325.29760046,40,3720,False
15,plate6,32,32,1.0,1000.0,24,27870964.710464645,37960622.485703945,37976585.74404163,40,3720,False
15,plate6,32,64,1.0,1000.0,24,27457240.757570468,37951425.66751747,37967517.38945689,40,3720,False
15,plate6,32,80,1.0,1000.0,24,27413233.778727643,37949857.1460731,37966032.72414354,40,3720,False
15,plate6,32,92,1.0,1000.0,24,27411563.994042024,37949944.40382593,37966103.257536195,40,3720,False
15,plate6,40,0,0.0,1e-08,0,,,,0,0,False
15,plate6,40,1,0.25,1000.0,2,35563882.96244227,38266504.11615241,38239003.13728151,40,3720,False
15,plate6,40,2,0.5,1000.0,8,33671928.22770019,38168262.56768483,38184370.046290465,40,3720,False
15,plate6,40,4,0.5,1000.0,16,31591046.260422837,38048098.44963322,38073132.58601306,40,3720,False
15,plate6,40,8,0.75,1000.0,32,29576347.92717924,37976219.8675603,37991520.46875172,40,3720,False
15,plate6,40,16,0.75,1000.0,32,28575211.02639387,37921198.48785391,37935169.75980613,40,3720,False
15,plate6,40,32,1.0,1000.0,32,27744990.069830045,37890981.59700068,37905327.176126964,40,3720,False
15,plate6,40,64,1.0,1000.0,32,27333178.347593512,37881002.297595136,37895244.56829757,40,3720,False
15,plate6,40,80,1.0,1000.0,32,27289380.991887737,37878972.16216506,37893228.71424473,40,3720,False
15,plate6,40,92,1.0,1000.0,32,27287727.90922772,37879076.60328401,37893305.06283818,40,3720,False
15,plate6,49,0,0.0,1e-08,0,,,,0,0,False
15,plate6,49,1,0.25,1000.0,2,35469515.4055356,38236517.91425686,38218704.245239235,40,3720,False
15,plate6,49,2,0.5,1000.0,4,33584686.82356878,38125135.719803125,38156115.08376393,40,3720,False
15,plate6,49,4,0.5,1000.0,32,31507729.22981225,37997661.76162328,38022756.82824113,40,3720,False
15,plate6,49,8,0.75,1000.0,32,29496860.399603464,37921117.71951678,37940579.72048878,40,3720,False
15,plate6,49,16,0.75,1000.0,32,28498437.536541846,37860992.042469054,37886105.028145,40,3720,False
15,plate6,49,32,1.0,1000.0,32,27670372.73790995,37827675.51860788,37856832.58833483,40,3720,False
15,plate6,49,64,1.0,1000.0,32,27259740.99610877,37816847.60685906,37847345.388069876,40,3720,False
15,plate6,49,80,1.0,1000.0,32,27216037.701429997,37814305.98214416,37845338.084119625,40,3720,False
15,plate6,49,92,1.0,1000.0,32,27214377.01944198,37814448.968279,37845434.52519377,40,3720,False
15,plate14,1,0,0.0,1e-08,0,,,,0,0,False
15,plate14,1,1,0.0,1e-08,0,,,,0,0,False
15,plate14,1,2,0.0,1e-08,0,,,,0,0,False
15,plate14,1,4,0.0,1e-08,0,,,,0,0,False
15,plate14,1,8,0.0,1e-08,0,,,,0,0,False
15,plate14,1,16,0.0,1e-08,0,,,,0,0,False
15,plate14,1,32,0.0,1e-08,0,,,,0,0,False
15,plate14,1,64,0.0,1e-08,0,,,,0,0,False
15,plate14,1,80,0.0,1e-08,0,,,,0,0,False
15,plate14,1,92,0.0,1e-08,0,,,,0,0,False
15,plate14,2,0,0.0,1e-08,0,,,,0,0,False
15,plate14,2,1,0.25,1e-08,0,11395116.397629023,12550823.171203613,,16,1488,False
15,plate14,2,2,0.5,1e-08,0,10492342.184758663,12550823.171203613,,16,1488,False
15,plate14,2,4,0.75,1e-08,0,9455457.224359795,12550823.171203613,,16,1488,False
15,plate14,2,8,0.75,1e-08,0,8682650.301196236,12550823.171203613,,16,1488,False
15,plate14,2,16,1.0,1e-08,0,8279260.85728424,12550823.171203613,,16,1488,False
15,plate14,2,32,1.0,1e-08,0,8019185.216116084,12550823.171203613,,16,1488,False
15,plate14,2,64,1.0,1e-08,0,7897601.327313716,12550823.171203613,,16,1488,False
15,plate14,2,80,1.0,1e-08,0,7885115.498740219,12550823.171203613,,16,1488,False
15,plate14,2,92,1.0,1e-08,0,7884823.459610835,12550823.171203613,,16,1488,False
15,plate14,4,0,0.0,1e-08,0,,,,0,0,False
15,plate14,4,1,0.25,10.0,2,27974904.938240234,26413335.023770925,26413369.187517766,32,2976,False
15,plate14,4,2,0.5,100.0,2,25917253.879323453,26394456.619201485,26394531.947941978,32,2976,False
15,plate14,4,4,0.75,10.0,2,23695995.360554364,26370510.838994287,26370514.716768503,32,2976,False
15,plate14,4,8,0.75,100.0,2,21992236.569739047,26357066.790399514,26357132.530171238,32,2976,False
15,plate14,4,16,1.0,1000.0,2,21025495.931580115,26351318.891226485,26351565.849882115,32,2976,False
15,plate14,4,32,1.0,1000.0,2,20378294.117459774,26349253.759190556,26349470.77380853,32,2976,False
15,plate14,4,64,1.0,1000.0,2,20073603.568661753,26348613.375389498,26348665.067529812,32,2976,False
15,plate14,4,80,1.0,100.0,2,20040103.089214522,26348364.70992569,26348366.356880363,32,2976,False
15,plate14,4,92,1.0,100.0,2,20039365.477314,26348419.60511563,26348421.0155072,32,2976,False
15,plate14,8,0,0.0,1e-08,0,,,,0,0,False
15,plate14,8,1,0.25,100.0,4,40869246.88513558,42237315.74661877,42326370.88227846,40,3720,False
15,plate14,8,2,0.5,100.0,4,37541492.54482655,42199291.07696213,42291752.814559855,40,3720,False
15,plate14,8,4,0.75,100.0,4,34443830.53429832,42154826.13270825,42257026.03386052,40,3720,False
15,plate14,8,8,0.75,1000.0,4,32135718.554165863,42122398.27233867,42230929.8527458,40,3720,False
15,plate14,8,16,1.0,1000.0,4,30691354.903070796,42107807.35242772,42219939.98636707,40,3720,False
15,plate14,8,32,1.0,1000.0,4,29762820.677424986,42101310.17996223,42215077.740203604,40,3720,False
15,plate14,8,64,1.0,1000.0,4,29320134.49770118,42099583.44700624,42213701.14457516,40,3720,False
15,plate14,8,80,1.0,1000.0,4,29272882.908825323,42099189.081900835,42213409.354470715,40,3720,False
15,plate14,8,92,1.0,1000.0,4,29271628.46922501,42099190.60609216,42213417.655880295,40,3720,False
15,plate14,16,0,0.0,1e-08,0,,,,0,0,False
15,plate14,16,1,0.25,1000.0,8,37795984.16793326,41548655.974041186,41583824.96396063,40,3720,False
15,plate14,16,2,0.5,1000.0,8,34729723.77608813,41488804.21056195,41525901.04744049,40,3720,False
15,plate14,16,4,0.75,1000.0,8,31870054.205282185,41431499.88900512,41476759.5686097,40,3720,False
15,plate14,16,8,0.75,1000.0,8,29725277.458640683,41389317.550968,41444102.09054704,40,3720,False
15,plate14,16,16,1.0,1000.0,8,28385560.300828055,41367516.489810176,41429018.397426695,40,3720,False
15,plate14,16,32,1.0,1000.0,8,27524015.620139394,41357773.85235404,41423283.867207885,40,3720,False
15,plate14,16,64,1.0,1000.0,8,27115234.37552238,41354090.64436618,41421132.53412021,40,3720,False
15,plate14,16,80,1.0,1000.0,8,27071366.582950063,41353467.50296895,41420847.08004345,40,3720,False
15,plate14,16,92,1.0,1000.0,8,27070247.532764778,41353492.754704036,41420868.95966984,40,3720,False
15,plate14,24,0,0.0,1e-08,0,,,,0,0,False
15,plate14,24,1,0.25,1000.0,4,37195028.90000204,41333744.84500915,41379696.65243639,40,3720,False
15,plate14,24,2,0.5,1000.0,8,34176418.945226096,41269698.44472322,41301845.60878731,40,3720,False
15,plate14,24,4,0.75,1000.0,16,31367032.409638487,41198313.0623983,41229859.3798177,40,3720,False
15,plate14,24,8,0.75,1000.0,16,29255516.78620007,41150049.09812514,41180275.69012977,40,3720,False
15,plate14,24,16,1.0,1000.0,16,27934420.187778793,41123230.6016304,41154938.25036427,40,3720,False
15,plate14,24,32,1.0,1000.0,16,27086306.71056602,41110751.4546121,41144799.249516845,40,3720,False
15,plate14,24,64,1.0,1000.0,16,26684431.554146904,41106124.37941945,41141139.366341375,40,3720,False
15,plate14,24,80,1.0,1000.0,16,26641129.49567294,41105295.51140125,41140541.746744595,40,3720,False
15,plate14,24,92,1.0,1000.0,16,26640031.581825025,41105316.825704426,41140567.79341157,40,3720,False
15,plate14,32,0,0.0,1e-08,0,,,,0,0,False
15,plate14,32,1,0.25,1000.0,4,36836249.825730674,41222691.642786376,41235062.883926295,40,3720,False
15,plate14,32,2,0.5,1000.0,4,33846878.79319522,41155355.02758638,41180484.16287998,40,3720,False
15,plate14,32,4,0.75,1000.0,24,31065356.03109955,41080447.50214467,41105096.44574576,40,3720,False
15,plate14,32,8,0.75,1000.0,24,28974615.165969506,41030427.33919296,41051745.36343154,40,3720,False
15,plate14,32,16,1.0,1000.0,24,27665374.240712393,41001537.39276275,41022895.97708689,40,3720,False
15,plate14,32,32,1.0,1000.0,24,26825105.6266842,40987528.00743732,41010413.164665975,40,3720,False
15,plate14,32,64,1.0,1000.0,24,26427180.979836468,40983169.2889443,41006351.96023083,40,3720,False
15,plate14,32,80,1.0,1000.0,24,26384274.498644877,40982320.90221154,41005627.18710563,40,3720,False
15,plate14,32,92,1.0,1000.0,24,26383183.05951074,40982348.74495125,41005663.47052943,40,3720,False
15,plate14,40,0,0.0,1e-08,0,,,,0,0,False
15,plate14,40,1,0.25,1000.0,2,36665909.35141042,41165124.03094065,41153282.63583499,40,3720,False
15,plate14,40,2,0.5,1000.0,8,33690898.203264445,41099223.485737585,41116320.482851304,40,3720,False
15,plate14,40,4,0.75,1000.0,32,30921954.534560572,41015010.20839615,41036209.28815502,40,3720,False
15,plate14,40,8,0.75,1000.0,32,28840458.747826636,40959251.56730847,40976202.23642882,40,3720,False
15,plate14,40,16,1.0,1000.0,32,27537025.905289415,40927348.92492397,40943914.597183734,40,3720,False
15,plate14,40,32,1.0,1000.0,32,26700169.92056125,40911757.837460876,40929489.7418287,40,3720,False
15,plate14,40,64,1.0,1000.0,32,26304323.92059428,40906799.26236543,40924695.06516244,40,3720,False
15,plate14,40,80,1.0,1000.0,32,26261575.79641818,40905902.281776264,40923904.528446086,40,3720,False
15,plate14,40,92,1.0,1000.0,32,26260484.276242055,40905957.55333026,40923952.18172361,40,3720,False
15,plate14,49,0,0.0,1e-08,0,,,,0,0,False
15,plate14,49,1,0.25,1000.0,2,36564508.99188113,41122184.35075344,41093483.27376241,40,3720,False
15,plate14,49,2,0.5,1000.0,8,33595011.85027189,41056538.89658553,41066899.66475553,40,3720,False
15,plate14,49,4,0.75,1000.0,32,30833432.50345724,40963174.40081651,40992576.432661764,40,3720,False
15,plate14,49,8,0.75,1000.0,32,28757423.822987795,40902166.71367224,40932094.01024117,40,3720,False
15,plate14,49,16,1.0,1000.0,32,27457484.636994362,40867264.9098128,40899596.707434,40,3720,False
15,plate14,49,32,1.0,1000.0,32,26623177.674130585,40848811.18528451,40884371.91483121,40,3720,False
15,plate14,49,64,1.0,1000.0,32,26228364.997138962,40843510.6431145,40879781.06948881,40,3720,False
15,plate14,49,80,1.0,1000.0,32,26185704.105308592,40842448.555312246,40878846.717876695,40,3720,False
15,plate14,49,92,1.0,1000.0,32,26184617.286453515,40842534.632518716,40878918.69423925,40,3720,False
16,plate6,1,0,0.0,1e-08,0,,,,0,0,False
16,plate6,1,1,0.0,1e-08,0,,,,0,0,False
16,plate6,1,2,0.0,1e-08,0,,,,0,0,False
16,plate6,1,4,0.0,1e-08,0,,,,0,0,False
16,plate6,1,8,0.0,1e-08,0,,,,0,0,False
16,plate6,1,16,0.0,1e-08,0,,,,0,0,False
16,plate6,1,32,0.0,1e-08,0,,,,0,0,False
16,plate6,1,64,0.0,1e-08,0,,,,0,0,False
16,plate6,1,80,0.0,1e-08,0,,,,0,0,False
16,plate6,1,92,0.0,1e-08,0,,,,0,0,False
16,plate6,2,0,0.0,1e-08,0,,,,0,0,False
16,plate6,2,1,0.25,1e-08,0,19976897.23152995,21820444.897434235,,16,1488,False
16,plate6,2,2,0.5,1e-08,0,18696900.63115585,21820444.897434235,,16,1488,False
16,plate6,2,4,0.75,1e-08,0,17705536.331239283,21820444.897434235,,16,1488,False
16,plate6,2,8,0.75,1e-08,0,16708045.417315014,21820444.897434235,,16,1488,False
16,plate6,2,16,0.75,1e-08,0,16180135.809712168,21820444.897434235,,16,1488,False
16,plate6,2,32,1.0,1e-08,0,15723532.803222355,21820444.897434235,,16,1488,False
16,plate6,2,64,1.0,1e-08,0,15489129.899742914,21820444.897434235,,16,1488,False
16,plate6,2,80,1.0,1e-08,0,15465680.28334114,21820444.897434235,,16,1488,False
16,plate6,2,92,1.0,1e-08,0,15464817.278605374,21820444.897434235,,16,1488,False
16,plate6,4,0,0.0,1e-08,0,,,,0,0,False
16,plate6,4,1,0.25,100.0,2,25281791.01617223,22958754.065549202,22959738.61909356,32,2976,False
16,plate6,4,2,0.5,100.0,2,23751642.901560888,22948252.83130926,22948635.4863029,32,2976,False
16,plate6,4,4,0.5,1000.0,2,22638322.872038763,22962424.642279003,22963184.415855013,32,2976,False
16,plate6,4,8,0.75,1000.0,2,21243575.82084832,22973975.15338177,22975847.13950884,32,2976,False
16,plate6,4,16,0.75,1000.0,2,20512396.44659967,22948693.231788743,22949305.96231228,32,2976,False
16,plate6,4,32,1.0,1000.0,2,19907787.320174128,22939004.056898996,22939203.301639915,32,2976,False
16,plate6,4,64,1.0,1000.0,2,19616629.049112774,22933250.215206634,22933279.48205381,32,2976,False
16,plate6,4,80,1.0,1000.0,2,19585772.747278593,22932312.901769124,22932341.079712626,32,2976,False
16,plate6,4,92,1.0,1000.0,2,19584577.70397501,22932262.168987427,22932290.536459517,32,2976,False
16,plate6,8,0,0.0,1e-08,0,,,,0,0,False
16,plate6,8,1,0.25,100.0,4,29886051.805481173,29810544.18492829,29850887.102533832,40,3720,False
16,plate6,8,2,0.5,100.0,4,28172602.519915957,29742438.499475352,29787260.837963127,40,3720,False
16,plate6,8,4,0.5,1000.0,4,26842877.432308592,29736152.49999635,29777412.386193626,40,3720,False
16,plate6,8,8,0.75,1000.0,4,25198097.373994425,29744712.790759657,29785681.240827136,40,3720,False
16,plate6,8,16,0.75,1000.0,4,24344442.343617402,29713446.90388347,29756554.76533243,40,3720,False
16,plate6,8,32,1.0,1000.0,4,23629610.969936352,29701517.961896345,29747511.006760255,40,3720,False
16,plate6,8,64,1.0,1000.0,4,23277277.829714943,29696404.954689227,29742826.616134554,40,3720,False
16,plate6,8,80,1.0,1000.0,4,23241082.080291755,29696099.434175953,29742233.82213331,40,3720,False
16,plate6,8,92,1.0,1000.0,4,23239654.59293331,29696005.2312478,29742181.3939775,40,3720,False
16,plate6,16,0,0.0,1e-08,0,,,,0,0,False
16,plate6,16,1,0.25,1000.0,8,27603975.508003227,29143038.1579341,29162004.136828613,40,3720,False
16,plate6,16,2,0.5,100.0,8,26021359.98795427,29077556.79563874,29100892.094270337,40,3720,False
16,plate6,16,4,0.5,1000.0,8,24795734.80840213,29076305.500669893,29101530.74178345,40,3720,False
16,plate6,16,8,0.75,1000.0,8,23276116.913627103,29077196.05406706,29101008.998461295,40,3720,False
16,plate6,16,16,0.75,1000.0,8,22485793.167665295,29041161.853120748,29067179.058007415,40,3720,False
16,plate6,16,32,1.0,1000.0,8,21826251.27702725,29024422.162101958,29054836.344452493,40,3720,False
16,plate6,16,64,1.0,1000.0,8,21501282.381735627,29017788.54642084,29049298.159542993,40,3720,False
16,plate6,16,80,1.0,1000.0,8,21467376.841558848,29016560.779871054,29048597.809565026,40,3720,False
16,plate6,16,92,1.0,1000.0,8,21466089.928844906,29016450.760113005,29048522.584625762,40,3720,False
16,plate6,24,0,0.0,1e-08,0,,,,0,0,False
16,plate6,24,1,0.25,1000.0,16,27046449.990604892,28979727.679905556,28991945.870759424,40,3720,False
16,plate6,24,2,0.5,1000.0,16,25506314.511363484,28923768.07953333,28934042.661441874,40,3720,False
16,plate6,24,4,0.5,1000.0,16,24303627.396848027,28914207.810553715,28927375.960360013,40,3720,False
16,plate6,24,8,0.75,1000.0,16,22813227.99041554,28912078.60635242,28927152.40721953,40,3720,False
16,plate6,24,16,0.75,1000.0,16,22037032.389394704,28862703.75880156,28877836.272971615,40,3720,False
16,plate6,24,32,1.0,1000.0,16,21391423.81205001,28839839.318766396,28856374.34054243,40,3720,False
16,plate6,24,64,1.0,1000.0,16,21072719.67047868,28830645.82289584,28848276.94358276,40,3720,False
16,plate6,24,80,1.0,1000.0,16,21039230.602923788,28829287.856710903,28846951.89810483,40,3720,False
16,plate6,24,92,1.0,1000.0,16,21037974.08708772,28829143.51531659,28846831.24741461,40,3720,False
16,plate6,32,0,0.0,1e-08,0,,,,0,0,False
16,plate6,32,1,0.25,1000.0,24,26736555.352279123,28880480.684875604,28894617.962736882,40,3720,False
16,plate6,32,2,0.5,1000.0,24,25212101.974451043,28821253.496089607,28829158.309260804,40,3720,False
16,plate6,32,4,0.5,1000.0,24,24022856.030885164,28810764.451704867,28825478.072125707,40,3720,False
16,plate6,32,8,0.75,1000.0,24,22549068.368268423,28807853.419718083,28821180.428953234,40,3720,False
16,plate6,32,16,0.75,1000.0,24,21781895.859172817,28757416.002533138,28769875.746928878,40,3720,False
16,plate6,32,32,1.0,1000.0,24,21143537.64433053,28733600.528728157,28746111.147277046,40,3720,False
16,plate6,32,64,1.0,1000.0,24,20828417.01549648,28722036.960124925,28735525.405425996,40,3720,False
16,plate6,32,80,1.0,1000.0,24,20795299.210928034,28720244.72799308,28733800.246689364,40,3720,False
16,plate6,32,92,1.0,1000.0,24,20794069.29671871,28720078.33113355,28733648.003660202,40,3720,False
16,plate6,40,0,0.0,1e-08,0,,,,0,0,False
16,plate6,40,1,0.25,1000.0,24,26541940.9122079,28824129.20104749,28840940.47467516,40,3720,False
16,plate6,40,2,0.5,1000.0,32,25026689.443073373,28760356.893666804,28769071.852012172,40,3720,False
16,plate6,40,4,0.5,1000.0,32,23847500.997240283,28748266.82207981,28763251.318245985,40,3720,False
16,plate6,40,8,0.75,1000.0,32,22382954.303073347,28744552.651340775,28758146.694990985,40,3720,False
16,plate6,40,16,0.75,1000.0,32,21621328.256925784,28692178.382317252,28704129.791511085,40,3720,False
16,plate6,40,32,1.0,1000.0,32,20987848.461999934,28668485.830771904,28680174.86511958,40,3720,False
16,plate6,40,64,1.0,1000.0,32,20675017.53943096,28655423.99398198,28668086.85517045,40,3720,False
16,plate6,40,80,1.0,1000.0,32,20642115.360180255,28653694.6471041,28666485.272387348,40,3720,False
16,plate6,40,92,1.0,1000.0,32,20640892.066875685,28653520.56201794,28666316.3362024,40,3720,False
16,plate6,49,0,0.0,1e-08,0,,,,0,0,False
16,plate6,49,1,0.25,1000.0,32,26452419.326033108,28792451.337866127,28812055.53927248,40,3720,False
16,plate6,49,2,0.5,1000.0,32,24941179.545408286,28724392.578462582,28737404.280442823,40,3720,False
16,plate6,49,4,0.5,1000.0,32,23767263.946790252,28710590.892436523,28728532.813969404,40,3720,False
16,plate6,49,8,0.75,1000.0,32,22306808.00695436,28705460.896825735,28725278.335703533,40,3720,False
16,plate6,49,16,0.75,1000.0,32,21547473.767775614,28652426.747343183,28673357.65700073,40,3720,False
16,plate6,49,32,1.0,1000.0,32,20915731.396195058,28627548.747034393,28650109.790117115,40,3720,False
16,plate6,49,64,1.0,1000.0,32,20604139.2264572,28612336.492999837,28637333.408802465,40,3720,False
16,plate6,49,80,1.0,1000.0,32,20571352.517274097,28610497.158889357,28635658.745121818,40,3720,False
16,plate6,49,92,1.0,1000.0,32,20570135.14119236,28610303.471556127,28635502.675861735,40,3720,False
16,plate14,1,0,0.0,1e-08,0,,,,0,0,False
16,plate14,1,1,0.0,1e-08,0,,,,0,0,False
16,plate14,1,2,0.0,1e-08,0,,,,0,0,False
16,plate14,1,4,0.0,1e-08,0,,,,0,0,False
16,plate14,1,8,0.0,1e-08,0,,,,0,0,False
16,plate14,1,16,0.0,1e-08,0,,,,0,0,False
16,plate14,1,32,0.0,1e-08,0,,,,0,0,False
16,plate14,1,64,0.0,1e-08,0,,,,0,0,False
16,plate14,1,80,0.0,1e-08,0,,,,0,0,False
16,plate14,1,92,0.0,1e-08,0,,,,0,0,False
16,plate14,2,0,0.0,1e-08,0,,,,0,0,False
16,plate14,2,1,0.5,1e-08,0,20992860.279851437,25202450.81945038,,16,1488,False
16,plate14,2,2,0.5,1e-08,0,19524524.37055719,25202450.81945038,,16,1488,False
16,plate14,2,4,0.75,1e-08,0,18183774.91363315,25202450.81945038,,16,1488,False
16,plate14,2,8,0.75,1e-08,0,17145702.04722028,25202450.81945038,,16,1488,False
16,plate14,2,16,1.0,1e-08,0,16455863.57655623,25202450.81945038,,16,1488,False
16,plate14,2,32,1.0,1e-08,0,15969672.452218238,25202450.81945038,,16,1488,False
16,plate14,2,64,1.0,1e-08,0,15735295.794390216,25202450.81945038,,16,1488,False
16,plate14,2,80,1.0,1e-08,0,15711763.39163592,25202450.81945038,,16,1488,False
16,plate14,2,92,1.0,1e-08,0,15710993.180458905,25202450.81945038,,16,1488,False
16,plate14,4,0,0.0,1e-08,0,,,,0,0,False
16,plate14,4,1,0.5,100.0,2,26712605.995571326,26120821.044145092,26121208.670570683,32,2976,False
16,plate14,4,2,0.5,100.0,2,24488384.728961512,26121522.358404182,26121970.654494733,32,2976,False
16,plate14,4,4,0.75,1000.0,2,22792624.042900525,26145420.591426045,26146020.382373728,32,2976,False
16,plate14,4,8,0.75,100.0,2,21448338.253719818,26132672.061199024,26132751.45371975,32,2976,False
16,plate14,4,16,1.0,1000.0,2,20490466.709951658,26121099.97381093,26121299.29623901,32,2976,False
16,plate14,4,32,1.0,1000.0,2,19874325.440517247,26116520.85838028,26116639.25755284,32,2976,False
16,plate14,4,64,1.0,1000.0,2,19574443.19365712,26113451.319532365,26113468.6247473,32,2976,False
16,plate14,4,80,1.0,1000.0,2,19545367.352695268,26113143.847998466,26113163.039274786,32,2976,False
16,plate14,4,92,1.0,1000.0,2,19544257.343500666,26113124.96950191,26113145.045741897,32,2976,False
16,plate14,8,0,0.0,1e-08,0,,,,0,0,False
16,plate14,8,1,0.5,100.0,4,31388276.904399034,33102353.67189147,33204127.908076536,40,3720,False
16,plate14,8,2,0.5,100.0,4,28695561.41909365,33086428.65954598,33186432.403422914,40,3720,False
16,plate14,8,4,0.75,1000.0,4,26718605.47637162,33091132.980437487,33189092.28324827,40,3720,False
16,plate14,8,8,0.75,1000.0,4,25116704.281367373,33086269.614001572,33185187.051579528,40,3720,False
16,plate14,8,16,1.0,1000.0,4,24039591.752585206,33076665.8930236,33177012.246316165,40,3720,False
16,plate14,8,32,1.0,1000.0,4,23327913.27382841,33070447.714314178,33171850.24664658,40,3720,False
16,plate14,8,64,1.0,1000.0,4,22969521.804372385,33066746.523900446,33169996.56003612,40,3720,False
16,plate14,8,80,1.0,1000.0,4,22933988.639096245,33066187.970984828,33169550.5356177,40,3720,False
16,plate14,8,92,1.0,1000.0,4,22932795.32440498,33066146.335872155,33169535.165490128,40,3720,False
16,plate14,16,0,0.0,1e-08,0,,,,0,0,False
16,plate14,16,1,0.5,1000.0,8,28996854.036610253,32327359.655201115,32363005.29561244,40,3720,False
16,plate14,16,2,0.5,1000.0,8,26511655.045039676,32310576.252420317,32347825.334438827,40,3720,False
16,plate14,16,4,0.75,1000.0,8,24679007.990400296,32316411.977770492,32349988.669275858,40,3720,False
16,plate14,16,8,0.75,1000.0,8,23199948.87567953,32308063.02479706,32343233.165582016,40,3720,False
16,plate14,16,16,1.0,1000.0,8,22195645.799934268,32295740.193025846,32332236.087836217,40,3720,False
16,plate14,16,32,1.0,1000.0,8,21538282.281392545,32285510.841087602,32325918.898105506,40,3720,False
16,plate14,16,64,1.0,1000.0,8,21207517.991028927,32280095.352350272,32322666.40397779,40,3720,False
16,plate14,16,80,1.0,1000.0,8,21174713.070133243,32279533.00534857,32322294.811631937,40,3720,False
16,plate14,16,92,1.0,1000.0,8,21173588.015031222,32279487.340353195,32322267.224441975,40,3720,False
16,plate14,24,0,0.0,1e-08,0,,,,0,0,False
16,plate14,24,1,0.5,1000.0,16,28423230.62462198,32140383.93727998,32171523.57670822,40,3720,False
16,plate14,24,2,0.5,1000.0,16,25990586.18262722,32098652.20073264,32125348.80444458,40,3720,False
16,plate14,24,4,0.75,1000.0,16,24198160.888150606,32106243.367442533,32132229.07089246,40,3720,False
16,plate14,24,8,0.75,1000.0,16,22744683.401497025,32093069.46259983,32118736.702506915,40,3720,False
16,plate14,24,16,1.0,1000.0,16,21758157.32607236,32077077.050731197,32102255.86900932,40,3720,False
16,plate14,24,32,1.0,1000.0,16,21113271.013903853,32064367.23922405,32091172.02802552,40,3720,False
16,plate14,24,64,1.0,1000.0,16,20788514.47047809,32057654.11140803,32085869.908652183,40,3720,False
16,plate14,24,80,1.0,1000.0,16,20756440.310615208,32056836.86881752,32085220.221414745,40,3720,False
16,plate14,24,92,1.0,1000.0,16,20755329.59580849,32056775.73655518,32085171.83095275,40,3720,False
16,plate14,32,0,0.0,1e-08,0,,,,0,0,False
16,plate14,32,1,0.5,1000.0,24,28086758.37862452,32031379.06073158,32061343.459126152,40,3720,False
16,plate14,32,2,0.5,1000.0,24,25688385.31151892,31985219.499296717,32004279.341087107,40,3720,False
16,plate14,32,4,0.75,1000.0,24,23915321.404549383,31991861.855187964,32010584.290717408,40,3720,False
16,plate14,32,8,0.75,1000.0,24,22480977.858877268,31975601.028773025,31992134.106953654,40,3720,False
16,plate14,32,16,1.0,1000.0,24,21505478.827961605,31957967.229170844,31973935.3394333,40,3720,False
16,plate14,32,32,1.0,1000.0,24,20868199.17310445,31942936.777097262,31959847.56131218,40,3720,False
16,plate14,32,64,1.0,1000.0,24,20547036.089780297,31934502.682005823,31952266.412378334,40,3720,False
16,plate14,32,80,1.0,1000.0,24,20515315.23722759,31933580.05559792,31951456.26178108,40,3720,False
16,plate14,32,92,1.0,1000.0,24,20514220.280564755,31933509.358759686,31951393.259086695,40,3720,False
16,plate14,40,0,0.0,1e-08,0,,,,0,0,False
16,plate14,40,1,0.5,1000.0,32,27872401.677490417,31966850.538504776,32009761.206502732,40,3720,False
16,plate14,40,2,0.5,1000.0,32,25496148.553617693,31918934.037254732,31941202.90906096,40,3720,False
16,plate14,40,4,0.75,1000.0,32,23737263.237866927,31922887.486026175,31941745.531921573,40,3720,False
16,plate14,40,8,0.75,1000.0,32,22313494.86243892,31905349.994212136,31921024.215252385,40,3720,False
16,plate14,40,16,1.0,1000.0,32,21343871.639740724,31885649.46091823,31900119.60718196,40,3720,False
16,plate14,40,32,1.0,1000.0,32,20711766.246986073,31869763.67945164,31885003.752954055,40,3720,False
16,plate14,40,64,1.0,1000.0,32,20392920.783175435,31860313.84677565,31876511.468411557,40,3720,False
16,plate14,40,80,1.0,1000.0,32,20361463.72268966,31859269.73438628,31875603.707051467,40,3720,False
16,plate14,40,92,1.0,1000.0,32,20360380.66343272,31859187.63995262,31875525.756730244,40,3720,False
16,plate14,49,0,0.0,1e-08,0,,,,0,0,False
16,plate14,49,1,0.5,1000.0,32,27767326.88062701,31927229.61839329,31977189.368186824,40,3720,False
16,plate14,49,2,0.5,1000.0,32,25402228.55498879,31876985.71066189,31910045.808798574,40,3720,False
16,plate14,49,4,0.75,1000.0,32,23649661.233156834,31878338.43685221,31907901.47366403,40,3720,False
16,plate14,49,8,0.75,1000.0,32,22231204.22060516,31859589.87717437,31888591.943083737,40,3720,False
16,plate14,49,16,1.0,1000.0,32,21265122.522770338,31839721.27850341,31868997.405335486,40,3720,False
16,plate14,49,32,1.0,1000.0,32,20635555.756748956,31822697.089130204,31853896.1144505,40,3720,False
16,plate14,49,64,1.0,1000.0,32,20317733.243930016,31811881.91818013,31845161.745630387,40,3720,False
16,plate14,49,80,1.0,1000.0,32,20286390.337860692,31810688.15754984,31844166.236998513,40,3720,False
16,plate14,49,92,1.0,1000.0,32,20285312.074686084,31810597.153306007,31844088.040176287,40,3720,False
17,plate6,1,0,0.0,1e-08,0,,,,0,0,False
17,plate6,1,1,0.0,1e-08,0,,,,0,0,False
17,plate6,1,2,0.0,1e-08,0,,,,0,0,False
17,plate6,1,4,0.0,1e-08,0,,,,0,0,False
17,plate6,1,8,0.0,1e-08,0,,,,0,0,False
17,plate6,1,16,0.0,1e-08,0,,,,0,0,False
17,plate6,1,32,0.0,1e-08,0,,,,0,0,False
17,plate6,1,64,0.0,1e-08,0,,,,0,0,False
17,plate6,1,80,0.0,1e-08,0,,,,0,0,False
17,plate6,1,92,0.0,1e-08,0,,,,0,0,False
17,plate6,2,0,0.0,1e-08,0,,,,0,0,False
17,plate6,2,1,0.25,1e-08,0,8594971.837240338,9163215.983398438,,16,1488,False
17,plate6,2,2,0.5,1e-08,0,8345295.83477807,9163215.983398438,,16,1488,False
17,plate6,2,4,0.5,1e-08,0,7924710.949680425,9163215.983398438,,16,1488,False
17,plate6,2,8,0.75,1e-08,0,7542744.923709022,9163215.983398438,,16,1488,False
17,plate6,2,16,0.75,1e-08,0,7318335.355935892,9163215.983398438,,16,1488,False
17,plate6,2,32,1.0,1e-08,0,7155681.750633631,9163215.983398438,,16,1488,False
17,plate6,2,64,1.0,1e-08,0,7059338.43801652,9163215.983398438,,16,1488,False
17,plate6,2,80,1.0,1e-08,0,7047363.541747796,9163215.983398438,,16,1488,False
17,plate6,2,92,1.0,1e-08,0,7046933.506547549,9163215.983398438,,16,1488,False
17,plate6,4,0,0.0,1e-08,0,,,,0,0,False
17,plate6,4,1,0.25,100.0,2,31278281.514053367,27716808.33871613,27722756.856273863,32,2976,False
17,plate6,4,2,0.5,1000.0,2,29592868.272505328,27722006.429993045,27725111.558131702,32,2976,False
17,plate6,4,4,0.75,1000.0,2,28114957.56586344,27714147.778807726,27716647.18391144,32,2976,False
17,plate6,4,8,0.75,1000.0,2,26519506.321198825,27703340.015236214,27705234.54503127,32,2976,False
17,plate6,4,16,0.75,1000.0,2,25715448.718877017,27687664.247325424,27688899.749426775,32,2976,False
17,plate6,4,32,1.0,1000.0,2,24995907.160628363,27680373.09856388,27680818.549452003,32,2976,False
17,plate6,4,64,1.0,1000.0,2,24634535.522341643,27680450.498925515,27680501.9914706,32,2976,False
17,plate6,4,80,1.0,1000.0,2,24594128.033970453,27679919.704685606,27679938.546225123,32,2976,False
17,plate6,4,92,1.0,1000.0,2,24592292.237682775,27679737.73299927,27679755.866049044,32,2976,False
17,plate6,8,0,0.0,1e-08,0,,,,0,0,False
17,plate6,8,1,0.25,1000.0,4,35505320.07853971,35138297.80008123,35193879.02170744,40,3720,False
17,plate6,8,2,0.5,1000.0,4,33489842.92591767,35127234.604650356,35182472.73270635,40,3720,False
17,plate6,8,4,0.75,1000.0,4,31696317.546862375,35114226.282993615,35169784.89777977,40,3720,False
17,plate6,8,8,0.75,1000.0,4,29905557.615375157,35098642.650962606,35159338.61109483,40,3720,False
17,plate6,8,16,1.0,1000.0,4,28956533.88942777,35084246.56749791,35146919.043166906,40,3720,False
17,plate6,8,32,1.0,1000.0,4,28148925.533283647,35076860.73443824,35139205.266437106,40,3720,False
17,plate6,8,64,1.0,1000.0,4,27735354.709277693,35070461.24780538,35132668.75031042,40,3720,False
17,plate6,8,80,1.0,1000.0,4,27688383.730617266,35070040.38915002,35132667.6288131,40,3720,False
17,plate6,8,92,1.0,1000.0,4,27686198.86623074,35069881.76273675,35132505.30398876,40,3720,False
17,plate6,16,0,0.0,1e-08,0,,,,0,0,False
17,plate6,16,1,0.25,1000.0,8,32913602.95333456,34649348.72626818,34698979.51365016,40,3720,False
17,plate6,16,2,0.5,1000.0,8,31046794.28420207,34635655.18022442,34674225.238728456,40,3720,False
17,plate6,16,4,0.75,1000.0,8,29394481.02029983,34605442.98566661,34647479.45208887,40,3720,False
17,plate6,16,8,0.75,1000.0,8,27730809.142221823,34591398.057083786,34634818.7476415,40,3720,False
17,plate6,16,16,1.0,1000.0,8,26850930.798463833,34574925.12366148,34624957.515492655,40,3720,False
17,plate6,16,32,1.0,1000.0,8,26100597.94461961,34565144.655750774,34617515.48185401,40,3720,False
17,plate6,16,64,1.0,1000.0,8,25716784.838705372,34559104.31555912,34613644.61910785,40,3720,False
17,plate6,16,80,1.0,1000.0,8,25672918.52020634,34557970.84138812,34613069.13031779,40,3720,False
17,plate6,16,92,1.0,1000.0,8,25670824.758162025,34557766.9025455,34612898.13435249,40,3720,False
17,plate6,24,0,0.0,1e-08,0,,,,0,0,False
17,plate6,24,1,0.25,1000.0,8,32054992.45560851,34446114.14493606,34488882.04864428,40,3720,False
17,plate6,24,2,0.5,1000.0,8,30231001.97829439,34435109.93362822,34469122.28384151,40,3720,False
17,plate6,24,4,0.75,1000.0,16,28617709.370295603,34401599.435667925,34427764.148393735,40,3720,False
17,plate6,24,8,0.75,1000.0,16,26997355.995580457,34383185.101724915,34410120.09550054,40,3720,False
17,plate6,24,16,1.0,1000.0,16,26138155.036487825,34363539.77663287,34391731.89260403,40,3720,False
17,plate6,24,32,1.0,1000.0,16,25407473.852077436,34352662.82861726,34381111.26625571,40,3720,False
17,plate6,24,64,1.0,1000.0,16,25033866.716764815,34346699.509974286,34376037.79151812,40,3720,False
17,plate6,24,80,1.0,1000.0,16,24991384.55167903,34344968.119017825,34374794.16800598,40,3720,False
17,plate6,24,92,1.0,1000.0,16,24989269.81670779,34344734.89377002,34374578.349823885,40,3720,False
17,plate6,32,0,0.0,1e-08,0,,,,0,0,False
17,plate6,32,1,0.25,1000.0,8,31790576.178456392,34359062.28407384,34402312.64075516,40,3720,False
17,plate6,32,2,0.5,1000.0,8,29976604.85018844,34349401.31017152,34373815.95340559,40,3720,False
17,plate6,32,4,0.75,1000.0,24,28377411.10412024,34311478.2737735,34337276.524644636,40,3720,False
17,plate6,32,8,0.75,1000.0,24,26771849.134968758,34287759.90575859,34309189.618669674,40,3720,False
17,plate6,32,16,1.0,1000.0,24,25919525.791521583,34266261.88892248,34286967.67041424,40,3720,False
17,plate6,32,32,1.0,1000.0,24,25194758.514620423,34254643.86897257,34274902.069547474,40,3720,False
17,plate6,32,64,1.0,1000.0,24,24824112.0640468,34247611.66772963,34268868.82528978,40,3720,False
17,plate6,32,80,1.0,1000.0,24,24782058.00918433,34245332.05656184,34266857.09599814,40,3720,False
17,plate6,32,92,1.0,1000.0,24,24779931.590204883,34245077.794311486,34266615.71326616,40,3720,False
17,plate6,40,0,0.0,1e-08,0,,,,0,0,False
17,plate6,40,1,0.25,1000.0,16,31706220.496906366,34312835.66071227,34364457.95880208,40,3720,False
17,plate6,40,2,0.5,1000.0,16,29894829.490026943,34302761.88134093,34328031.119694754,40,3720,False
17,plate6,40,4,0.75,1000.0,32,28298544.167344403,34259112.61016492,34279853.41804964,40,3720,False
17,plate6,40,8,0.75,1000.0,32,26698406.3870777,34230493.92564934,34244600.310388565,40,3720,False
17,plate6,40,16,1.0,1000.0,32,25847661.802203335,34206200.643986925,34219128.23344527,40,3720,False
17,plate6,40,32,1.0,1000.0,32,25124756.30782482,34192767.8046831,34205486.41832288,40,3720,False
17,plate6,40,64,1.0,1000.0,32,24755028.942340717,34184948.180698395,34198164.51881812,40,3720,False
17,plate6,40,80,1.0,1000.0,32,24713115.651786648,34182290.27215385,34195800.704226844,40,3720,False
17,plate6,40,92,1.0,1000.0,32,24710967.02127919,34182004.13271311,34195530.38901586,40,3720,False
17,plate6,49,0,0.0,1e-08,0,,,,0,0,False
17,plate6,49,1,0.25,1000.0,16,31624068.870745197,34277595.240489356,34326923.78218407,40,3720,False
17,plate6,49,2,0.5,1000.0,16,29816223.636137743,34264294.39333178,34289266.86567378,40,3720,False
17,plate6,49,4,0.75,1000.0,32,28223189.226447083,34217383.734336965,34242845.6348926,40,3720,False
17,plate6,49,8,0.75,1000.0,32,26628479.767430622,34182378.42869667,34208425.4764481,40,3720,False
17,plate6,49,16,1.0,1000.0,32,25780769.148221817,34154760.5024625,34182260.67313056,40,3720,False
17,plate6,49,32,1.0,1000.0,32,25058943.072598238,34139383.07954638,34168108.82492728,40,3720,False
17,plate6,49,64,1.0,1000.0,32,24690471.324031003,34130405.54479939,34160575.83019949,40,3720,False
17,plate6,49,80,1.0,1000.0,32,24648673.090693973,34127292.912692025,34158105.94020648,40,3720,False
17,plate6,49,92,1.0,1000.0,32,24646523.417511657,34127001.84532133,34157850.30140511,40,3720,False
17,plate14,1,0,0.0,1e-08,0,,,,0,0,False
17,plate14,1,1,0.0,1e-08,0,,,,0,0,False
17,plate14,1,2,0.0,1e-08,0,,,,0,0,False
17,plate14,1,4,0.0,1e-08,0,,,,0,0,False
17,plate14,1,8,0.0,1e-08,0,,,,0,0,False
17,plate14,1,16,0.0,1e-08,0,,,,0,0,False
17,plate14,1,32,0.0,1e-08,0,,,,0,0,False
17,plate14,1,64,0.0,1e-08,0,,,,0,0,False
17,plate14,1,80,0.0,1e-08,0,,,,0,0,False
17,plate14,1,92,0.0,1e-08,0,,,,0,0,False
17,plate14,2,0,0.0,1e-08,0,,,,0,0,False
17,plate14,2,1,0.5,1e-08,0,9779177.462830544,11361790.030384064,,16,1488,False
17,plate14,2,2,0.5,1e-08,0,9046713.321287632,11361790.030384064,,16,1488,False
17,plate14,2,4,0.75,1e-08,0,8349172.369589347,11361790.030384064,,16,1488,False
17,plate14,2,8,0.75,1e-08,0,7854525.448161242,11361790.030384064,,16,1488,False
17,plate14,2,16,1.0,1e-08,0,7500176.508005486,11361790.030384064,,16,1488,False
17,plate14,2,32,1.0,1e-08,0,7281366.6999909915,11361790.030384064,,16,1488,False
17,plate14,2,64,1.0,1e-08,0,7173901.147411722,11361790.030384064,,16,1488,False
17,plate14,2,80,1.0,1e-08,0,7162592.786696425,11361790.030384064,,16,1488,False
17,plate14,2,92,1.0,1e-08,0,7162223.799114576,11361790.030384064,,16,1488,False
17,plate14,4,0,0.0,1e-08,0,,,,0,0,False
17,plate14,4,1,0.25,100.0,2,33207475.12042253,30751123.003088392,30752301.08554829,32,2976,False
17,plate14,4,2,0.5,100.0,2,30357746.05945641,30749654.470682558,30750407.635696195,32,2976,False
17,plate14,4,4,0.75,100.0,2,28092644.26101459,30745884.034018565,30746181.23143001,32,2976,False
17,plate14,4,8,0.75,1000.0,2,26380622.9780297,30742464.75061537,30742678.2426754,32,2976,False
17,plate14,4,16,1.0,1000.0,2,25285623.1090637,30739175.988143414,30739430.68013285,32,2976,False
17,plate14,4,32,1.0,1000.0,2,24577612.1947497,30739482.310459886,30739521.0062858,32,2976,False
17,plate14,4,64,1.0,100.0,2,24195112.322371177,30738270.956395827,30738271.65969619,32,2976,False
17,plate14,4,80,1.0,1000.0,2,24154459.076047633,30738352.64712873,30738354.518000294,32,2976,False
17,plate14,4,92,1.0,1000.0,2,24153418.90142851,30738328.361330807,30738330.747791342,32,2976,False
17,plate14,8,0,0.0,1e-08,0,,,,0,0,False
17,plate14,8,1,0.25,100.0,4,37459496.53950477,38635225.563600376,38724266.367117345,40,3720,False
17,plate14,8,2,0.5,100.0,4,34209483.81094497,38635343.435180776,38722221.29734017,40,3720,False
17,plate14,8,4,0.75,100.0,4,31502017.995626383,38628471.18061408,38717411.6142251,40,3720,False
17,plate14,8,8,0.75,100.0,4,29577128.531607825,38619710.21946838,38711412.65492187,40,3720,False
17,plate14,8,16,1.0,1000.0,4,28355113.06495719,38615296.27909354,38708277.61816395,40,3720,False
17,plate14,8,32,1.0,100.0,4,27545972.239742648,38614383.88801361,38708131.51596297,40,3720,False
17,plate14,8,64,1.0,1000.0,4,27117776.98757779,38612805.38805359,38707214.723984346,40,3720,False
17,plate14,8,80,1.0,1000.0,4,27072734.295954946,38612723.043376565,38707193.26741578,40,3720,False
17,plate14,8,92,1.0,1000.0,4,27071477.084459223,38612687.869054705,38707174.02145395,40,3720,False
17,plate14,16,0,0.0,1e-08,0,,,,0,0,False
17,plate14,16,1,0.25,100.0,8,34763471.251720876,38050929.78420378,38104135.35159041,40,3720,False
17,plate14,16,2,0.5,1000.0,8,31751236.19606136,38035151.04714628,38092071.528576754,40,3720,False
17,plate14,16,4,0.75,1000.0,8,29244298.71427646,38023882.308067426,38085355.7019097,40,3720,False
17,plate14,16,8,0.75,1000.0,8,27455748.94723036,38009446.9337106,38075318.87212451,40,3720,False
17,plate14,16,16,1.0,1000.0,8,26321350.133382395,38003444.79574499,38071929.8345381,40,3720,False
17,plate14,16,32,1.0,1000.0,8,25574032.94465716,38000109.63143054,38069692.37940222,40,3720,False
17,plate14,16,64,1.0,1000.0,8,25178102.772198237,37997018.525033355,38067941.0589624,40,3720,False
17,plate14,16,80,1.0,1000.0,8,25136345.750123568,37996743.438977264,38067627.18356405,40,3720,False
17,plate14,16,92,1.0,1000.0,8,25135168.064724628,37996687.06001029,38067601.713367715,40,3720,False
17,plate14,24,0,0.0,1e-08,0,,,,0,0,False
17,plate14,24,1,0.25,1000.0,16,33834507.62115431,37803181.76197905,37844018.44561926,40,3720,False
17,plate14,24,2,0.5,1000.0,16,30902133.527582586,37787997.22627436,37823692.42895015,40,3720,False
17,plate14,24,4,0.75,1000.0,16,28459817.429586153,37774687.47557924,37812035.08011908,40,3720,False
17,plate14,24,8,0.75,1000.0,16,26714710.169373732,37757334.402896404,37795185.42864055,40,3720,False
17,plate14,24,16,1.0,1000.0,16,25609703.141997688,37750007.25681321,37788636.200808674,40,3720,False
17,plate14,24,32,1.0,1000.0,16,24882783.244450662,37745998.963977255,37785467.25385999,40,3720,False
17,plate14,24,64,1.0,1000.0,16,24497683.858775903,37741982.01689191,37782384.99830687,40,3720,False
17,plate14,24,80,1.0,1000.0,16,24456997.65817813,37741491.23652321,37781934.38520436,40,3720,False
17,plate14,24,92,1.0,1000.0,16,24455854.70896208,37741422.53424548,37781884.340660505,40,3720,False
17,plate14,32,0,0.0,1e-08,0,,,,0,0,False
17,plate14,32,1,0.25,1000.0,24,33553982.430258095,37702149.121030174,37736634.30922097,40,3720,False
17,plate14,32,2,0.5,1000.0,24,30641873.106808193,37686281.117474325,37712061.497586064,40,3720,False
17,plate14,32,4,0.75,1000.0,24,28219791.271479435,37670822.25959245,37695836.35531373,40,3720,False
17,plate14,32,8,0.75,1000.0,24,26489929.994986936,37650568.985612005,37675794.00150823,40,3720,False
17,plate14,32,16,1.0,1000.0,24,25394137.64740775,37641245.973783635,37667358.32097091,40,3720,False
17,plate14,32,32,1.0,1000.0,24,24673385.2891072,37636522.8493458,37663543.0728097,40,3720,False
17,plate14,32,64,1.0,1000.0,24,24291444.905385025,37632370.70663753,37660041.50433577,40,3720,False
17,plate14,32,80,1.0,1000.0,24,24251064.822736394,37631786.19798461,37659500.20860542,40,3720,False
17,plate14,32,92,1.0,1000.0,24,24249932.134835463,37631703.48107268,37659431.83216455,40,3720,False
17,plate14,40,0,0.0,1e-08,0,,,,0,0,False
17,plate14,40,1,0.25,1000.0,32,33452444.15897698,37644743.0934634,37679952.39515923,40,3720,False
17,plate14,40,2,0.5,1000.0,32,30548129.430063494,37625794.95299081,37648712.990051284,40,3720,False
17,plate14,40,4,0.75,1000.0,32,28133984.221791837,37608068.838320024,37627752.44972759,40,3720,False
17,plate14,40,8,0.75,1000.0,32,26408768.935548257,37584771.813260615,37603433.90646816,40,3720,False
17,plate14,40,16,1.0,1000.0,32,25316226.29705889,37573750.07869272,37592724.761514686,40,3720,False
17,plate14,40,32,1.0,1000.0,32,24597639.607247617,37568002.46124075,37587450.619036496,40,3720,False
17,plate14,40,64,1.0,1000.0,32,24216768.66709706,37563456.73805386,37583420.74831106,40,3720,False
17,plate14,40,80,1.0,1000.0,32,24176530.261588737,37562743.52455594,37582760.54064358,40,3720,False
17,plate14,40,92,1.0,1000.0,32,24175397.623891912,37562647.07167087,37582676.19474964,40,3720,False
17,plate14,49,0,0.0,1e-08,0,,,,0,0,False
17,plate14,49,1,0.25,1000.0,32,33367443.721174147,37607194.690401174,37650325.44300139,40,3720,False
17,plate14,49,2,0.5,1000.0,32,30470783.53009934,37581653.299891405,37613965.13552735,40,3720,False
17,plate14,49,4,0.75,1000.0,32,28061760.111307595,37555718.08401006,37587114.79885869,40,3720,False
17,plate14,49,8,0.75,1000.0,32,26341161.282800827,37527590.10505314,37562435.874530666,40,3720,False
17,plate14,49,16,1.0,1000.0,32,25251067.16049902,37514797.274961025,37551831.16952791,40,3720,False
17,plate14,49,32,1.0,1000.0,32,24534511.280303862,37507827.078416474,37546380.295744784,40,3720,False
17,plate14,49,64,1.0,1000.0,32,24154752.199131228,37502160.81128534,37541958.35295623,40,3720,False
17,plate14,49,80,1.0,1000.0,32,24114659.38342896,37501397.40896778,37541270.880770355,40,3720,False
17,plate14,49,92,1.0,1000.0,32,24113526.474088803,37501283.6324918,37541189.93829204,40,3720,False
18,plate6,1,0,0.0,1e-08,0,,,,0,0,False
18,plate6,1,1,0.0,1e-08,0,,,,0,0,False
18,plate6,1,2,0.0,1e-08,0,,,,0,0,False
18,plate6,1,4,0.0,1e-08,0,,,,0,0,False
18,plate6,1,8,0.0,1e-08,0,,,,0,0,False
18,plate6,1,16,0.0,1e-08,0,,,,0,0,False
18,plate6,1,32,0.0,1e-08,0,,,,0,0,False
18,plate6,1,64,0.0,1e-08,0,,,,0,0,False
18,plate6,1,80,0.0,1e-08,0,,,,0,0,False
18,plate6,1,92,0.0,1e-08,0,,,,0,0,False
18,plate6,2,0,0.0,1e-08,0,,,,0,0,False
18,plate6,2,1,0.25,1e-08,0,6828066.096959114,7361476.347595215,,16,1488,False
18,plate6,2,2,0.5,1e-08,0,6521250.449073404,7361476.347595215,,16,1488,False
18,plate6,2,4,0.5,1e-08,0,6283422.526046947,7361476.347595215,,16,1488,False
18,plate6,2,8,0.75,1e-08,0,5990643.225092153,7361476.347595215,,16,1488,False
18,plate6,2,16,0.75,1e-08,0,5809797.9767928,7361476.347595215,,16,1488,False
18,plate6,2,32,1.0,1e-08,0,5665766.381000257,7361476.347595215,,16,1488,False
18,plate6,2,64,1.0,1e-08,0,5582269.242089799,7361476.347595215,,16,1488,False
18,plate6,2,80,1.0,1e-08,0,5572489.779296544,7361476.347595215,,16,1488,False
18,plate6,2,92,1.0,1e-08,0,5572175.545503231,7361476.347595215,,16,1488,False
18,plate6,4,0,0.0,1e-08,0,,,,0,0,False
18,plate6,4,1,0.25,100.0,2,7868003.811902437,8103756.054725954,8108375.620772668,32,2976,False
18,plate6,4,2,0.5,1000.0,2,7512925.869857747,8098888.373155114,8102648.271754085,32,2976,False
18,plate6,4,4,0.5,1000.0,2,7221902.144995882,8102835.4452832425,8107683.313584288,32,2976,False
18,plate6,4,8,0.75,1000.0,2,6884349.273979493,8104239.303163417,8107666.8204459995,32,2976,False
18,plate6,4,16,0.75,1000.0,2,6681160.849106896,8091189.868396502,8092036.564446174,32,2976,False
18,plate6,4,32,1.0,1000.0,2,6518422.917702414,8090547.960087081,8090807.77684621,32,2976,False
18,plate6,4,64,1.0,1000.0,2,6421687.576990861,8090336.427891968,8090390.47031874,32,2976,False
18,plate6,4,80,1.0,1000.0,2,6410312.489856895,8088908.041631349,8088954.523914628,32,2976,False
18,plate6,4,92,1.0,1000.0,2,6409912.054636967,8088865.829333333,8088913.315192081,32,2976,False
18,plate6,8,0,0.0,1e-08,0,,,,0,0,False
18,plate6,8,1,0.25,100.0,4,14750320.397071727,14058750.228221461,14115174.506834432,40,3720,False
18,plate6,8,2,0.5,100.0,4,14021571.920355443,14052020.353229886,14110473.770297114,40,3720,False
18,plate6,8,4,0.75,100.0,4,13393107.758272156,14051273.843575984,14110785.295083027,40,3720,False
18,plate6,8,8,0.75,1000.0,4,12689547.990813565,14047301.939233927,14107175.55497445,40,3720,False
18,plate6,8,16,0.75,1000.0,4,12316616.326485677,14043525.509839455,14102608.607535766,40,3720,False
18,plate6,8,32,1.0,1000.0,4,12010936.57264462,14041818.975472009,14100878.36594099,40,3720,False
18,plate6,8,64,1.0,1000.0,4,11816201.627450136,14038265.145700341,14097173.358251873,40,3720,False
18,plate6,8,80,1.0,1000.0,4,11795635.578108778,14037592.21016198,14096756.600391027,40,3720,False
18,plate6,8,92,1.0,1000.0,4,11795015.974769318,14037602.313459434,14096771.437477663,40,3720,False
18,plate6,16,0,0.0,1e-08,0,,,,0,0,False
18,plate6,16,1,0.25,100.0,8,13531428.049209323,13514746.4816306,13561740.928440778,40,3720,False
18,plate6,16,2,0.5,100.0,8,12859225.238945104,13503905.912346754,13554693.559445886,40,3720,False
18,plate6,16,4,0.75,100.0,8,12284173.808567958,13499612.432737948,13552590.367998756,40,3720,False
18,plate6,16,8,0.75,1000.0,8,11643291.53336194,13496166.168984648,13551436.620340297,40,3720,False
18,plate6,16,16,0.75,1000.0,8,11301361.681858176,13492754.903272044,13549310.85149633,40,3720,False
18,plate6,16,32,1.0,1000.0,8,11020004.674533749,13488703.521102605,13546739.297677688,40,3720,False
18,plate6,16,64,1.0,1000.0,8,10841129.348099813,13484575.30547226,13543515.95416356,40,3720,False
18,plate6,16,80,1.0,1000.0,8,10822551.716114955,13483847.724869477,13543148.934286777,40,3720,False
18,plate6,16,92,1.0,1000.0,8,10821987.071833279,13483878.603457736,13543188.983554931,40,3720,False
18,plate6,24,0,0.0,1e-08,0,,,,0,0,False
18,plate6,24,1,0.25,100.0,16,13089281.898068791,13340910.924552143,13359848.275972065,40,3720,False
18,plate6,24,2,0.5,100.0,16,12440790.924303256,13325501.039909419,13345578.063547937,40,3720,False
18,plate6,24,4,0.75,100.0,16,11887665.439106224,13319791.591884222,13340335.337172158,40,3720,False
18,plate6,24,8,0.75,1000.0,16,11269071.29365182,13316907.464222217,13338469.167490723,40,3720,False
18,plate6,24,16,0.75,1000.0,16,10938771.951301245,13312608.416016119,13334397.474082764,40,3720,False
18,plate6,24,32,1.0,1000.0,16,10667935.462689927,13306132.326849591,13328972.798451617,40,3720,False
18,plate6,24,64,1.0,1000.0,16,10494080.352537328,13301389.335954022,13324556.582793364,40,3720,False
18,plate6,24,80,1.0,1000.0,16,10476205.070575397,13300378.801382009,13323823.414239453,40,3720,False
18,plate6,24,92,1.0,1000.0,16,10475651.005111065,13300397.236863028,13323847.398627432,40,3720,False
18,plate6,32,0,0.0,1e-08,0,,,,0,0,False
18,plate6,32,1,0.25,100.0,24,12753337.694739018,13234887.135606496,13250242.513940046,40,3720,False
18,plate6,32,2,0.5,100.0,24,12124949.293992264,13212457.786855364,13227189.09179966,40,3720,False
18,plate6,32,4,0.75,100.0,24,11587388.770473495,13205369.173431866,13220791.205648437,40,3720,False
18,plate6,32,8,0.75,1000.0,24,10985805.883926338,13201559.45723167,13217891.284916908,40,3720,False
18,plate6,32,16,0.75,1000.0,24,10664218.772400009,13196215.423102925,13213599.466559514,40,3720,False
18,plate6,32,32,1.0,1000.0,24,10401714.935662635,13188836.365761166,13206758.140921745,40,3720,False
18,plate6,32,64,1.0,1000.0,24,10231619.091815747,13184317.396120861,13201460.801399583,40,3720,False
18,plate6,32,80,1.0,1000.0,24,10214234.073615994,13183408.176573489,13200579.508654311,40,3720,False
18,plate6,32,92,1.0,1000.0,24,10213680.82216298,13183409.315683981,13200579.760156563,40,3720,False
18,plate6,40,0,0.0,1e-08,0,,,,0,0,False
18,plate6,40,1,0.25,100.0,32,12583742.122276086,13176746.573365675,13187151.02640228,40,3720,False
18,plate6,40,2,0.5,100.0,32,11965792.378784971,13150103.126250776,13158504.322811408,40,3720,False
18,plate6,40,4,0.75,100.0,32,11436589.683911663,13142255.573043607,13151233.997322805,40,3720,False
18,plate6,40,8,0.75,1000.0,32,10843413.152523534,13136553.343367528,13146359.414031852,40,3720,False
18,plate6,40,16,0.75,1000.0,32,10526173.840424776,13129095.820002003,13140064.873840066,40,3720,False
18,plate6,40,32,1.0,1000.0,32,10267603.04693904,13121619.758858908,13132859.263184886,40,3720,False
18,plate6,40,64,1.0,1000.0,32,10099753.74579149,13116694.779812394,13127584.802986737,40,3720,False
18,plate6,40,80,1.0,1000.0,32,10082576.101149436,13115701.846061058,13126632.649311522,40,3720,False
18,plate6,40,92,1.0,1000.0,32,10082031.383743022,13115695.75273127,13126626.373559717,40,3720,False
18,plate6,49,0,0.0,1e-08,0,,,,0,0,False
18,plate6,49,1,0.25,100.0,32,12437913.749104854,13129356.774615038,13144217.228412306,40,3720,False
18,plate6,49,2,0.5,100.0,32,11827752.993087308,13099179.597857125,13115378.542413952,40,3720,False
18,plate6,49,4,0.75,100.0,32,11305672.431539567,13089176.410434445,13107364.204622775,40,3720,False
18,plate6,49,8,0.75,1000.0,32,10719601.245323947,13081238.333245259,13102222.479044655,40,3720,False
18,plate6,49,16,0.75,1000.0,32,10405682.359559145,13071630.760664303,13094923.564238075,40,3720,False
18,plate6,49,32,1.0,1000.0,32,10150062.35542819,13064476.055513857,13088479.021357156,40,3720,False
18,plate6,49,64,1.0,1000.0,32,9984059.598409677,13059161.515375499,13083282.22184904,40,3720,False
18,plate6,49,80,1.0,1000.0,32,9967116.340047985,13058207.477270974,13082439.204653379,40,3720,False
18,plate6,49,92,1.0,1000.0,32,9966570.429927384,13058193.256809885,13082430.87443992,40,3720,False
18,plate14,1,0,0.0,1e-08,0,,,,0,0,False
18,plate14,1,1,0.0,1e-08,0,,,,0,0,False
18,plate14,1,2,0.0,1e-08,0,,,,0,0,False
18,plate14,1,4,0.0,1e-08,0,,,,0,0,False
18,plate14,1,8,0.0,1e-08,0,,,,0,0,False
18,plate14,1,16,0.0,1e-08,0,,,,0,0,False
18,plate14,1,32,0.0,1e-08,0,,,,0,0,False
18,plate14,1,64,0.0,1e-08,0,,,,0,0,False
18,plate14,1,80,0.0,1e-08,0,,,,0,0,False
18,plate14,1,92,0.0,1e-08,0,,,,0,0,False
18,plate14,2,0,0.0,1e-08,0,,,,0,0,False
18,plate14,2,1,0.5,1e-08,0,8457675.043597937,9719018.875823975,,16,1488,False
18,plate14,2,2,0.5,1e-08,0,7663862.570165992,9719018.875823975,,16,1488,False
18,plate14,2,4,0.75,1e-08,0,7017809.674922932,9719018.875823975,,16,1488,False
18,plate14,2,8,0.75,1e-08,0,6618538.464224758,9719018.875823975,,16,1488,False
18,plate14,2,16,1.0,1e-08,0,6332525.888909461,9719018.875823975,,16,1488,False
18,plate14,2,32,1.0,1e-08,0,6150863.474235437,9719018.875823975,,16,1488,False
18,plate14,2,64,1.0,1e-08,0,6060290.319760669,9719018.875823975,,16,1488,False
18,plate14,2,80,1.0,1e-08,0,6050934.024623111,9719018.875823975,,16,1488,False
18,plate14,2,92,1.0,1e-08,0,6050741.711585459,9719018.875823975,,16,1488,False
18,plate14,4,0,0.0,1e-08,0,,,,0,0,False
18,plate14,4,1,0.5,100.0,2,9315967.398160322,10178190.51854558,10179677.01580287,32,2976,False
18,plate14,4,2,0.5,100.0,2,8503568.177359544,10177651.182172142,10178946.42994318,32,2976,False
18,plate14,4,4,0.75,1000.0,2,7799132.971499924,10179154.870410861,10180389.694228513,32,2976,False
18,plate14,4,8,0.75,1000.0,2,7379533.392788937,10178274.44785681,10179679.13124649,32,2976,False
18,plate14,4,16,1.0,1000.0,2,7074154.722206073,10176255.134395277,10176740.376620661,32,2976,False
18,plate14,4,32,1.0,1000.0,2,6877597.97904027,10176838.795035016,10176915.94928739,32,2976,False
18,plate14,4,64,1.0,1000.0,2,6775709.144428424,10176224.221425064,10176252.682464767,32,2976,False
18,plate14,4,80,1.0,1000.0,2,6765203.326357097,10175803.171387091,10175831.481524326,32,2976,False
18,plate14,4,92,1.0,1000.0,2,6764968.6253477195,10175797.225004481,10175826.714282524,32,2976,False
18,plate14,8,0,0.0,1e-08,0,,,,0,0,False
18,plate14,8,1,0.5,100.0,4,16761743.621683061,17192915.460963234,17284778.962277774,40,3720,False
18,plate14,8,2,0.5,100.0,4,15361921.189075844,17187318.565558527,17280174.509346526,40,3720,False
18,plate14,8,4,0.75,100.0,4,14169870.92589413,17187825.770297524,17280705.122635264,40,3720,False
18,plate14,8,8,0.75,1000.0,4,13415870.512217114,17184713.580827694,17278247.915253017,40,3720,False
18,plate14,8,16,1.0,1000.0,4,12893229.11334893,17181889.50070447,17274860.631811567,40,3720,False
18,plate14,8,32,1.0,1000.0,4,12532817.715968084,17180419.60393613,17273635.02201988,40,3720,False
18,plate14,8,64,1.0,1000.0,4,12348006.087052895,17179133.25361428,17272635.4205189,40,3720,False
18,plate14,8,80,1.0,1000.0,4,12327596.535499372,17178735.79674494,17272300.588767357,40,3720,False
18,plate14,8,92,1.0,1000.0,4,12327000.596419603,17178750.00396178,17272314.752294675,40,3720,False
18,plate14,16,0,0.0,1e-08,0,,,,0,0,False
18,plate14,16,1,0.5,100.0,8,15400425.343256481,16556108.274421604,16618463.114688631,40,3720,False
18,plate14,16,2,0.5,100.0,8,14115886.720366733,16546260.310147516,16611324.365108795,40,3720,False
18,plate14,16,4,0.75,100.0,8,13012017.031095631,16545023.716631657,16610488.002744503,40,3720,False
18,plate14,16,8,0.75,1000.0,8,12323651.592861656,16541216.622113377,16607357.932013972,40,3720,False
18,plate14,16,16,1.0,1000.0,8,11838570.961236876,16537586.890322842,16603939.172810772,40,3720,False
18,plate14,16,32,1.0,1000.0,8,11508590.782947538,16535179.681359919,16602578.778820075,40,3720,False
18,plate14,16,64,1.0,1000.0,8,11339659.784978595,16533745.549938772,16601570.979635965,40,3720,False
18,plate14,16,80,1.0,1000.0,8,11321019.660208672,16533109.382831285,16601217.43515829,40,3720,False
18,plate14,16,92,1.0,1000.0,8,11320457.933157891,16533135.942992074,16601237.105097217,40,3720,False
18,plate14,24,0,0.0,1e-08,0,,,,0,0,False
18,plate14,24,1,0.5,100.0,16,14936347.679394078,16362537.326716393,16384613.490148777,40,3720,False
18,plate14,24,2,0.5,100.0,16,13685725.398354854,16347869.558914062,16372323.938429447,40,3720,False
18,plate14,24,4,0.75,1000.0,16,12612284.640904035,16345490.551732425,16371079.515480217,40,3720,False
18,plate14,24,8,0.75,1000.0,16,11944876.441068392,16342681.28368278,16369604.230180686,40,3720,False
18,plate14,24,16,1.0,1000.0,16,11474832.333210187,16337847.531782193,16364365.23957144,40,3720,False
18,plate14,24,32,1.0,1000.0,16,11155431.07806073,16333961.0479779,16360700.883247223,40,3720,False
18,plate14,24,64,1.0,1000.0,16,10991596.351898333,16331716.263613742,16358292.332754942,40,3720,False
18,plate14,24,80,1.0,1000.0,16,10973534.961196704,16330894.639278965,16357711.78504306,40,3720,False
18,plate14,24,92,1.0,1000.0,16,10972998.400153918,16330929.760204464,16357750.257959895,40,3720,False
18,plate14,32,0,0.0,1e-08,0,,,,0,0,False
18,plate14,32,1,0.5,100.0,24,14573146.753052982,16243603.032560669,16258197.16419494,40,3720,False
18,plate14,32,2,0.5,100.0,24,13352550.234656096,16225329.077926356,16242511.902736917,40,3720,False
18,plate14,32,4,0.75,1000.0,24,12306338.975910537,16221135.68423108,16239619.545680357,40,3720,False
18,plate14,32,8,0.75,1000.0,24,11655883.447583683,16218081.706578352,16237309.991055578,40,3720,False
18,plate14,32,16,1.0,1000.0,24,11198246.452446716,16213144.046776598,16232381.885779357,40,3720,False
18,plate14,32,32,1.0,1000.0,24,10886786.012275083,16208502.085259514,16227873.71677309,40,3720,False
18,plate14,32,64,1.0,1000.0,24,10727051.226851946,16206224.14019231,16225176.58111256,40,3720,False
18,plate14,32,80,1.0,1000.0,24,10709385.36373682,16205345.644697689,16224358.141137596,40,3720,False
18,plate14,32,92,1.0,1000.0,24,10708861.577182012,16205370.949197035,16224384.497858195,40,3720,False
18,plate14,40,0,0.0,1e-08,0,,,,0,0,False
18,plate14,40,1,0.5,1000.0,32,14390935.370949889,16176574.859021833,16188076.778048126,40,3720,False
18,plate14,40,2,0.5,100.0,32,13185339.391905589,16155703.287165757,16167367.561655823,40,3720,False
18,plate14,40,4,0.75,1000.0,32,12153250.873904169,16150034.106431175,16162979.50558147,40,3720,False
18,plate14,40,8,0.75,1000.0,32,11511110.596177667,16146893.822198074,16160328.75292694,40,3720,False
18,plate14,40,16,1.0,1000.0,32,11060052.857392635,16141442.817277743,16154919.454420302,40,3720,False
18,plate14,40,32,1.0,1000.0,32,10752424.456961965,16136461.880170753,16149927.045383926,40,3720,False
18,plate14,40,64,1.0,1000.0,32,10594849.443696149,16133699.201121705,16147014.164268488,40,3720,False
18,plate14,40,80,1.0,1000.0,32,10577359.841451392,16132752.777770763,16146123.353522168,40,3720,False
18,plate14,40,92,1.0,1000.0,32,10576842.360960945,16132781.20205676,16146142.969773805,40,3720,False
18,plate14,49,0,0.0,1e-08,0,,,,0,0,False
18,plate14,49,1,0.5,1000.0,32,14232515.527488302,16121982.891397636,16141560.621754296,40,3720,False
18,plate14,49,2,0.5,1000.0,32,13041032.499889087,16100498.521360042,16121053.351633359,40,3720,False
18,plate14,49,4,0.75,1000.0,32,12020767.671839615,16092754.896404829,16115854.58700899,40,3720,False
18,plate14,49,8,0.75,1000.0,32,11386001.848577885,16088015.531519953,16111997.37123364,40,3720,False
18,plate14,49,16,1.0,1000.0,32,10940203.051799035,16081583.029012837,16106629.551859556,40,3720,False
18,plate14,49,32,1.0,1000.0,32,10635834.5098199,16076791.263799584,16102417.788431784,40,3720,False
18,plate14,49,64,1.0,1000.0,32,10479960.76964678,16073742.325158713,16099069.133490345,40,3720,False
18,plate14,49,80,1.0,1000.0,32,10462670.199087046,16072718.523347512,16098253.933886876,40,3720,False
18,plate14,49,92,1.0,1000.0,32,10462154.944884596,16072739.37349868,16098272.19150143,40,3720,False
19,plate6,1,0,0.0,1e-08,0,,,,0,0,False
19,plate6,1,1,0.0,1e-08,0,,,,0,0,False
19,plate6,1,2,0.0,1e-08,0,,,,0,0,False
19,plate6,1,4,0.0,1e-08,0,,,,0,0,False
19,plate6,1,8,0.0,1e-08,0,,,,0,0,False
19,plate6,1,16,0.0,1e-08,0,,,,0,0,False
19,plate6,1,32,0.0,1e-08,0,,,,0,0,False
19,plate6,1,64,0.0,1e-08,0,,,,0,0,False
19,plate6,1,80,0.0,1e-08,0,,,,0,0,False
19,plate6,1,92,0.0,1e-08,0,,,,0,0,False
19,plate6,2,0,0.0,1e-08,0,,,,0,0,False
19,plate6,2,1,0.25,1e-08,0,32100820.341372132,35387611.321899414,,16,1488,False
19,plate6,2,2,0.5,1e-08,0,30140625.420601666,35387611.321899414,,16,1488,False
19,plate6,2,4,0.75,1e-08,0,28590707.98870493,35387611.321899414,,16,1488,False
19,plate6,2,8,0.75,1e-08,0,26803896.22400126,35387611.321899414,,16,1488,False
19,plate6,2,16,1.0,1e-08,0,26006239.545517907,35387611.321899414,,16,1488,False
19,plate6,2,32,1.0,1e-08,0,25240708.308539413,35387611.321899414,,16,1488,False
19,plate6,2,64,1.0,1e-08,0,24860461.007777367,35387611.321899414,,16,1488,False
19,plate6,2,80,1.0,1e-08,0,24819213.460259274,35387611.321899414,,16,1488,False
19,plate6,2,92,1.0,1e-08,0,24817343.590577595,35387611.321899414,,16,1488,False
19,plate6,4,0,0.0,1e-08,0,,,,0,0,False
19,plate6,4,1,0.25,100.0,2,28701847.023463752,26024774.242703855,26028234.51546399,32,2976,False
19,plate6,4,2,0.5,1000.0,2,27082690.52406134,26025894.627173673,26028184.43242366,32,2976,False
19,plate6,4,4,0.75,1000.0,2,25741843.576973695,26019626.07721127,26026601.90067098,32,2976,False
19,plate6,4,8,0.75,1000.0,2,24188815.099767074,26019604.486786902,26024254.402609028,32,2976,False
19,plate6,4,16,1.0,1000.0,2,23500614.538182132,26024145.39624669,26026447.44981548,32,2976,False
19,plate6,4,32,1.0,1000.0,2,22821554.666370936,26023971.978515856,26025072.90557592,32,2976,False
19,plate6,4,64,1.0,1000.0,2,22479336.882802244,26006188.557186205,26006222.167571817,32,2976,False
19,plate6,4,80,1.0,1000.0,2,22442223.758434404,26005124.89519199,26005160.761033446,32,2976,False
19,plate6,4,92,1.0,1000.0,2,22440547.944773074,26005057.64594629,26005094.598291676,32,2976,False
19,plate6,8,0,0.0,1e-08,0,,,,0,0,False
19,plate6,8,1,0.25,100.0,4,26199141.228006564,26963003.483831044,27026988.507944986,40,3720,False
19,plate6,8,2,0.5,100.0,4,24743294.75409445,26954871.271137882,27016026.36393394,40,3720,False
19,plate6,8,4,0.75,1000.0,4,23530861.80991447,26949771.01630926,27014185.4085243,40,3720,False
19,plate6,8,8,0.75,1000.0,4,22143621.125003397,26947113.56509139,27011741.33851486,40,3720,False
19,plate6,8,16,0.75,1000.0,4,21519617.222141366,26952318.807887737,27014485.689221594,40,3720,False
19,plate6,8,32,1.0,1000.0,4,20906135.304438777,26945750.362655852,27010867.35665751,40,3720,False
19,plate6,8,64,1.0,1000.0,4,20589707.516670715,26931009.14952883,26997218.119691595,40,3720,False
19,plate6,8,80,1.0,1000.0,4,20556103.05799984,26930216.23668023,26996511.51965891,40,3720,False
19,plate6,8,92,1.0,1000.0,4,20554561.656430382,26930142.1972569,26996453.25591057,40,3720,False
19,plate6,16,0,0.0,1e-08,0,,,,0,0,False
19,plate6,16,1,0.25,1000.0,8,25246020.873309523,26436124.653128196,26465790.71901305,40,3720,False
19,plate6,16,2,0.5,1000.0,8,23835120.050450955,26413742.58955625,26449725.452044893,40,3720,False
19,plate6,16,4,0.75,1000.0,8,22662482.824932303,26410688.20512871,26449408.68164635,40,3720,False
19,plate6,16,8,0.75,1000.0,8,21327020.52339654,26407835.818883676,26447082.414520964,40,3720,False
19,plate6,16,16,0.75,1000.0,8,20721912.648930106,26413545.31250263,26448272.578822795,40,3720,False
19,plate6,16,32,1.0,1000.0,8,20129871.058440313,26398452.128956206,26438649.585683063,40,3720,False
19,plate6,16,64,1.0,1000.0,8,19825679.99873582,26387480.53066861,26432934.79042996,40,3720,False
19,plate6,16,80,1.0,1000.0,8,19793209.897777133,26386440.773076437,26432185.052763097,40,3720,False
19,plate6,16,92,1.0,1000.0,8,19791770.05925157,26386354.95863985,26432132.492308658,40,3720,False
19,plate6,24,0,0.0,1e-08,0,,,,0,0,False
19,plate6,24,1,0.25,1000.0,16,24624658.12185549,26242713.910227146,26267521.61141471,40,3720,False
19,plate6,24,2,0.5,1000.0,16,23248336.310695216,26216959.53396639,26237080.031024247,40,3720,False
19,plate6,24,4,0.75,1000.0,16,22101634.485205393,26210079.917772174,26234683.515901115,40,3720,False
19,plate6,24,8,0.75,1000.0,16,20801894.379047353,26200535.530244924,26226361.710047387,40,3720,False
19,plate6,24,16,0.75,1000.0,16,20211228.038536552,26205700.73294772,26227671.42225768,40,3720,False
19,plate6,24,32,1.0,1000.0,16,19633327.840894274,26188425.98568366,26212517.845042095,40,3720,False
19,plate6,24,64,1.0,1000.0,16,19336159.699145637,26177756.897339012,26203154.081624128,40,3720,False
19,plate6,24,80,1.0,1000.0,16,19304611.550195318,26176291.247970425,26201947.161475353,40,3720,False
19,plate6,24,92,1.0,1000.0,16,19303175.24901798,26176207.477319658,26201874.472764127,40,3720,False
19,plate6,32,0,0.0,1e-08,0,,,,0,0,False
19,plate6,32,1,0.25,1000.0,16,24334880.028163735,26160652.078705106,26193679.307437938,40,3720,False
19,plate6,32,2,0.5,1000.0,24,22973202.70507877,26129734.6171026,26146179.240875922,40,3720,False
19,plate6,32,4,0.75,1000.0,24,21840583.938727804,26120495.87311971,26139484.40389579,40,3720,False
19,plate6,32,8,0.75,1000.0,24,20554691.714313947,26107605.883889433,26127285.164182164,40,3720,False
19,plate6,32,16,0.75,1000.0,24,19972082.51431866,26109614.671918627,26126980.398028295,40,3720,False
19,plate6,32,32,1.0,1000.0,24,19399768.410292305,26091102.6019867,26108979.988035493,40,3720,False
19,plate6,32,64,1.0,1000.0,24,19106342.944736306,26079561.091357116,26098659.617747243,40,3720,False
19,plate6,32,80,1.0,1000.0,24,19075120.497571453,26077866.717327543,26097155.62361991,40,3720,False
19,plate6,32,92,1.0,1000.0,24,19073702.95429249,26077765.99657894,26097062.077927306,40,3720,False
19,plate6,40,0,0.0,1e-08,0,,,,0,0,False
19,plate6,40,1,0.25,1000.0,24,24192755.446631156,26100128.06969345,26130020.082439378,40,3720,False
19,plate6,40,2,0.5,1000.0,32,22840022.752744988,26065717.609947663,26081417.96013137,40,3720,False
19,plate6,40,4,0.75,1000.0,32,21713846.885141272,26057350.94408864,26073367.717078023,40,3720,False
19,plate6,40,8,0.75,1000.0,32,20435832.812740862,26042440.601293426,26058230.2598031,40,3720,False
19,plate6,40,16,0.75,1000.0,32,19857081.82954034,26043027.95049146,26056449.042235695,40,3720,False
19,plate6,40,32,1.0,1000.0,32,19288126.021940105,26023712.453900628,26037248.090088647,40,3720,False
19,plate6,40,64,1.0,1000.0,32,18996325.296256673,26011513.821389966,26025992.64314901,40,3720,False
19,plate6,40,80,1.0,1000.0,32,18965282.20530239,26009639.59924502,26024330.15302757,40,3720,False
19,plate6,40,92,1.0,1000.0,32,18963863.161565367,26009531.22348781,26024227.1772103,40,3720,False
19,plate6,49,0,0.0,1e-08,0,,,,0,0,False
19,plate6,49,1,0.25,1000.0,24,24116299.53497011,26050123.798096936,26079243.895704508,40,3720,False
19,plate6,49,2,0.5,1000.0,32,22768645.10251354,26013761.794228863,26032261.08497799,40,3720,False
19,plate6,49,4,0.75,1000.0,32,21646563.795830626,26005770.710875772,26026096.959495794,40,3720,False
19,plate6,49,8,0.75,1000.0,32,20371621.79185966,25989315.31679161,26009467.39151273,40,3720,False
19,plate6,49,16,0.75,1000.0,32,19794616.966640253,25987352.161978506,26005893.182880253,40,3720,False
19,plate6,49,32,1.0,1000.0,32,19227286.638650116,25966844.307568487,25987523.383296434,40,3720,False
19,plate6,49,64,1.0,1000.0,32,18936618.49977639,25954120.725005094,25976612.356546465,40,3720,False
19,plate6,49,80,1.0,1000.0,32,18905643.583701227,25951976.52924246,25974801.961755734,40,3720,False
19,plate6,49,92,1.0,1000.0,32,18904234.615377,25951857.53029722,25974704.012395136,40,3720,False
19,plate14,1,0,0.0,1e-08,0,,,,0,0,False
19,plate14,1,1,0.0,1e-08,0,,,,0,0,False
19,plate14,1,2,0.0,1e-08,0,,,,0,0,False
19,plate14,1,4,0.0,1e-08,0,,,,0,0,False
19,plate14,1,8,0.0,1e-08,0,,,,0,0,False
19,plate14,1,16,0.0,1e-08,0,,,,0,0,False
19,plate14,1,32,0.0,1e-08,0,,,,0,0,False
19,plate14,1,64,0.0,1e-08,0,,,,0,0,False
19,plate14,1,80,0.0,1e-08,0,,,,0,0,False
19,plate14,1,92,0.0,1e-08,0,,,,0,0,False
19,plate14,2,0,0.0,1e-08,0,,,,0,0,False
19,plate14,2,1,0.5,1e-08,0,33683215.846652746,38940874.14009094,,16,1488,False
19,plate14,2,2,0.5,1e-08,0,30714697.45749581,38940874.14009094,,16,1488,False
19,plate14,2,4,0.75,1e-08,0,28471738.184569992,38940874.14009094,,16,1488,False
19,plate14,2,8,0.75,1e-08,0,26758767.334949613,38940874.14009094,,16,1488,False
19,plate14,2,16,1.0,1e-08,0,25590487.06215342,38940874.14009094,,16,1488,False
19,plate14,2,32,1.0,1e-08,0,24815279.895734143,38940874.14009094,,16,1488,False
19,plate14,2,64,1.0,1e-08,0,24439750.864353284,38940874.14009094,,16,1488,False
19,plate14,2,80,1.0,1e-08,0,24398761.78465236,38940874.14009094,,16,1488,False
19,plate14,2,92,1.0,1e-08,0,24397327.321552098,38940874.14009094,,16,1488,False
19,plate14,4,0,0.0,1e-08,0,,,,0,0,False
19,plate14,4,1,0.5,100.0,2,30547221.51185579,29649579.875771806,29651791.048267867,32,2976,False
19,plate14,4,2,0.5,100.0,2,27925182.662777867,29647127.341930654,29648217.494749837,32,2976,False
19,plate14,4,4,0.75,1000.0,2,25864743.781308565,29648178.442830794,29650954.497345287,32,2976,False
19,plate14,4,8,0.75,1000.0,2,24342769.313901152,29648759.521965653,29650303.62766852,32,2976,False
19,plate14,4,16,1.0,1000.0,2,23291986.715800688,29646882.851165727,29647216.726303052,32,2976,False
19,plate14,4,32,1.0,1000.0,2,22587187.515001625,29644559.5412384,29644648.947802536,32,2976,False
19,plate14,4,64,1.0,100.0,2,22246258.600148406,29642516.157970723,29642517.238580775,32,2976,False
19,plate14,4,80,1.0,1000.0,2,22208041.50613015,29642589.551395666,29642610.34348534,32,2976,False
19,plate14,4,92,1.0,1000.0,2,22206743.642454386,29642562.234332737,29642584.501655124,32,2976,False
19,plate14,8,0,0.0,1e-08,0,,,,0,0,False
19,plate14,8,1,0.5,100.0,4,27962871.95120545,30685114.74603978,30760345.852844384,40,3720,False
19,plate14,8,2,0.5,100.0,4,25532657.245823998,30677728.500209518,30754682.00943467,40,3720,False
19,plate14,8,4,0.75,1000.0,4,23631033.867138304,30677043.464583512,30754506.699114505,40,3720,False
19,plate14,8,8,0.75,1000.0,4,22254988.06992787,30674332.616581723,30752789.341085713,40,3720,False
19,plate14,8,16,1.0,1000.0,4,21302169.62024927,30675882.67034077,30753167.876175903,40,3720,False
19,plate14,8,32,1.0,1000.0,4,20652274.84455362,30670307.571554437,30749925.746495605,40,3720,False
19,plate14,8,64,1.0,1000.0,4,20339826.17988108,30667996.24769288,30748485.074436516,40,3720,False
19,plate14,8,80,1.0,1000.0,4,20304851.232136015,30667667.96722209,30748345.407638274,40,3720,False
19,plate14,8,92,1.0,1000.0,4,20303689.01063025,30667639.813877404,30748326.763577502,40,3720,False
19,plate14,16,0,0.0,1e-08,0,,,,0,0,False
19,plate14,16,1,0.5,100.0,8,26954808.32015478,30050703.82003011,30087798.86095473,40,3720,False
19,plate14,16,2,0.5,100.0,8,24616253.24650138,30031076.79713502,30075023.05980345,40,3720,False
19,plate14,16,4,0.75,1000.0,8,22785284.009594925,30030834.66528376,30074917.994448204,40,3720,False
19,plate14,16,8,0.75,1000.0,8,21456988.838388383,30026772.52545832,30072109.78229655,40,3720,False
19,plate14,16,16,1.0,1000.0,8,20536998.404612232,30030581.104382217,30073786.85302214,40,3720,False
19,plate14,16,32,1.0,1000.0,8,19910791.897017844,30019521.514217936,30067926.71545494,40,3720,False
19,plate14,16,64,1.0,1000.0,8,19609482.257273357,30015859.239071045,30066056.718351834,40,3720,False
19,plate14,16,80,1.0,1000.0,8,19575918.71114239,30015232.534693204,30065652.757839136,40,3720,False
19,plate14,16,92,1.0,1000.0,8,19574804.213114396,30015198.26505579,30065629.815594185,40,3720,False
19,plate14,24,0,0.0,1e-08,0,,,,0,0,False
19,plate14,24,1,0.5,1000.0,16,26266953.309774976,29800470.42861905,29822122.13459709,40,3720,False
19,plate14,24,2,0.5,1000.0,16,23987793.752692383,29776605.550130576,29799631.420564167,40,3720,False
19,plate14,24,4,0.75,1000.0,16,22206948.129193723,29776175.774201315,29800190.033728298,40,3720,False
19,plate14,24,8,0.75,1000.0,16,20912711.604023412,29769486.426620927,29794597.19543546,40,3720,False
19,plate14,24,16,1.0,1000.0,16,20016525.55354808,29775393.77101764,29798914.18695835,40,3720,False
19,plate14,24,32,1.0,1000.0,16,19407033.391816713,29761086.06535525,29787290.990936477,40,3720,False
19,plate14,24,64,1.0,1000.0,16,19113547.508175477,29756365.77431812,29783549.720061727,40,3720,False
19,plate14,24,80,1.0,1000.0,16,19080772.41087008,29755378.16515617,29782764.30823881,40,3720,False
19,plate14,24,92,1.0,1000.0,16,19079690.616395965,29755339.160595886,29782733.20424737,40,3720,False
19,plate14,32,0,0.0,1e-08,0,,,,0,0,False
19,plate14,32,1,0.5,1000.0,24,25949150.313062605,29684842.457339272,29705127.292153157,40,3720,False
19,plate14,32,2,0.5,1000.0,24,23696879.677396234,29660622.530450005,29678060.617517617,40,3720,False
19,plate14,32,4,0.75,1000.0,24,21938906.08332545,29660692.368236948,29678997.008089393,40,3720,False
19,plate14,32,8,0.75,1000.0,24,20661085.719889704,29651789.145470306,29670422.475328203,40,3720,False
19,plate14,32,16,1.0,1000.0,24,19775305.848938648,29657075.01097315,29674580.11868102,40,3720,False
19,plate14,32,32,1.0,1000.0,24,19173475.86638786,29640983.718442116,29660226.202989023,40,3720,False
19,plate14,32,64,1.0,1000.0,24,18883504.19106097,29635475.189603657,29655651.755934417,40,3720,False
19,plate14,32,80,1.0,1000.0,24,18851113.356402993,29634274.320587587,29654668.37162565,40,3720,False
19,plate14,32,92,1.0,1000.0,24,18850047.681307357,29634223.029452503,29654623.122140076,40,3720,False
19,plate14,40,0,0.0,1e-08,0,,,,0,0,False
19,plate14,40,1,0.5,1000.0,32,25803023.57422117,29618827.145389408,29639845.388505604,40,3720,False
19,plate14,40,2,0.5,1000.0,32,23562223.513525624,29593354.96452112,29608056.12835967,40,3720,False
19,plate14,40,4,0.75,1000.0,32,21813497.58317123,29593305.787433956,29607920.798500072,40,3720,False
19,plate14,40,8,0.75,1000.0,32,20543054.380079906,29582713.070541378,29597337.42947826,40,3720,False
19,plate14,40,16,1.0,1000.0,32,19661973.691918362,29587283.902062282,29601119.400202774,40,3720,False
19,plate14,40,32,1.0,1000.0,32,19063735.44507144,29569420.26017316,29584279.09458199,40,3720,False
19,plate14,40,64,1.0,1000.0,32,18775622.921286304,29563025.226470802,29578554.24065826,40,3720,False
19,plate14,40,80,1.0,1000.0,32,18743412.97665483,29561725.87876615,29577432.76205426,40,3720,False
19,plate14,40,92,1.0,1000.0,32,18742354.01857334,29561663.378767446,29577375.26977471,40,3720,False
19,plate14,49,0,0.0,1e-08,0,,,,0,0,False
19,plate14,49,1,0.5,1000.0,32,25721893.96927921,29564083.65360687,29590914.352700915,40,3720,False
19,plate14,49,2,0.5,1000.0,32,23488412.284264904,29537195.98462547,29561051.496741593,40,3720,False
19,plate14,49,4,0.75,1000.0,32,21745151.19759529,29537015.23102847,29560622.50794261,40,3720,False
19,plate14,49,8,0.75,1000.0,32,20479024.717517514,29523959.050195962,29548341.042768374,40,3720,False
19,plate14,49,16,1.0,1000.0,32,19600976.692836188,29527728.141751174,29551845.49190628,40,3720,False
19,plate14,49,32,1.0,1000.0,32,19004840.73400205,29507680.11595302,29534876.785273764,40,3720,False
19,plate14,49,64,1.0,1000.0,32,18717586.096714146,29500675.680358358,29528969.336998448,40,3720,False
19,plate14,49,80,1.0,1000.0,32,18685498.38919633,29499211.74331773,29527888.086316086,40,3720,False
19,plate14,49,92,1.0,1000.0,32,18684446.332343083,29499144.386149324,29527829.83166747,40,3720,False
20,plate6,1,0,0.0,1e-08,0,,,,0,0,False
20,plate6,1,1,0.0,1e-08,0,,,,0,0,False
20,plate6,1,2,0.0,1e-08,0,,,,0,0,False
20,plate6,1,4,0.0,1e-08,0,,,,0,0,False
20,plate6,1,8,0.0,1e-08,0,,,,0,0,False
20,plate6,1,16,0.0,1e-08,0,,,,0,0,False
20,plate6,1,32,0.0,1e-08,0,,,,0,0,False
20,plate6,1,64,0.0,1e-08,0,,,,0,0,False
20,plate6,1,80,0.0,1e-08,0,,,,0,0,False
20,plate6,1,92,0.0,1e-08,0,,,,0,0,False
20,plate6,2,0,0.0,1e-08,0,,,,0,0,False
20,plate6,2,1,0.25,1e-08,0,6745599.396573842,7087410.50592041,,16,1488,False
20,plate6,2,2,0.5,1e-08,0,6468619.653640568,7087410.50592041,,16,1488,False
20,plate6,2,4,0.5,1e-08,0,6055766.798994884,7087410.50592041,,16,1488,False
20,plate6,2,8,0.75,1e-08,0,5765903.66409147,7087410.50592041,,16,1488,False
20,plate6,2,16,0.75,1e-08,0,5585604.02168473,7087410.50592041,,16,1488,False
20,plate6,2,32,1.0,1e-08,0,5454972.038630749,7087410.50592041,,16,1488,False
20,plate6,2,64,1.0,1e-08,0,5369770.586081917,7087410.50592041,,16,1488,False
20,plate6,2,80,1.0,1e-08,0,5361722.933819116,7087410.50592041,,16,1488,False
20,plate6,2,92,1.0,1e-08,0,5361690.1831420725,7087410.50592041,,16,1488,False
20,plate6,4,0,0.0,1e-08,0,,,,0,0,False
20,plate6,4,1,0.25,100.0,2,9274283.328289589,9342720.548409434,9349475.47317786,32,2976,False
20,plate6,4,2,0.5,1000.0,2,8895632.517616509,9336446.66778665,9344057.156422637,32,2976,False
20,plate6,4,4,0.5,1000.0,2,8376154.013059581,9330195.772499286,9336708.446130037,32,2976,False
20,plate6,4,8,0.75,1000.0,2,7970698.1858574785,9331139.516219463,9334980.623185217,32,2976,False
20,plate6,4,16,0.75,1000.0,2,7724162.685713735,9314626.642254561,9314808.257273953,32,2976,False
20,plate6,4,32,1.0,1000.0,2,7547812.974543814,9303886.62931986,9304106.406234227,32,2976,False
20,plate6,4,64,1.0,1000.0,2,7434025.572967844,9297920.013070514,9297939.977484165,32,2976,False
20,plate6,4,80,1.0,1000.0,2,7422680.519142418,9297462.029560996,9297494.991736816,32,2976,False
20,plate6,4,92,1.0,1000.0,2,7422442.554701465,9297359.9477795,9297393.243124684,32,2976,False
20,plate6,8,0,0.0,1e-08,0,,,,0,0,False
20,plate6,8,1,0.25,100.0,4,10928379.416781174,9647701.278356157,9679868.502429126,40,3720,False
20,plate6,8,2,0.5,1000.0,4,10463268.518978348,9639561.331263123,9674647.09796102,40,3720,False
20,plate6,8,4,0.5,1000.0,4,9856253.252718966,9621158.566492436,9660266.417294074,40,3720,False
20,plate6,8,8,0.75,1000.0,4,9364721.520427018,9614577.992720505,9654704.710019458,40,3720,False
20,plate6,8,16,0.75,1000.0,4,9070676.198692525,9610559.629735116,9648071.115727529,40,3720,False
20,plate6,8,32,1.0,1000.0,4,8855142.711407544,9599379.350550061,9641473.114568532,40,3720,False
20,plate6,8,64,1.0,1000.0,4,8720109.80365285,9592964.132888738,9636804.302321527,40,3720,False
20,plate6,8,80,1.0,1000.0,4,8706562.051707858,9592583.9061787,9636698.918271042,40,3720,False
20,plate6,8,92,1.0,1000.0,4,8706275.730522225,9592550.177019982,9636660.798004042,40,3720,False
20,plate6,16,0,0.0,1e-08,0,,,,0,0,False
20,plate6,16,1,0.25,1000.0,8,9416608.518932788,9013301.667336743,9054630.149423089,40,3720,False
20,plate6,16,2,0.5,1000.0,8,9031636.817815775,8995780.07766876,9043631.787108375,40,3720,False
20,plate6,16,4,0.5,1000.0,8,8492076.001398444,8974924.48884472,9025464.759186596,40,3720,False
20,plate6,16,8,0.75,1000.0,8,8078322.128286257,8968512.268872153,9020143.156231798,40,3720,False
20,plate6,16,16,0.75,1000.0,8,7822386.284883728,8964966.395470034,9014834.873096708,40,3720,False
20,plate6,16,32,1.0,1000.0,8,7639654.596291905,8954389.880699383,9006839.775518795,40,3720,False
20,plate6,16,64,1.0,1000.0,8,7523562.354509283,8948542.96829345,9002123.643767536,40,3720,False
20,plate6,16,80,1.0,1000.0,8,7511820.79765647,8948492.459204478,9002238.513133772,40,3720,False
20,plate6,16,92,1.0,1000.0,8,7511584.905033221,8948530.681179466,9002256.05476375,40,3720,False
20,plate6,24,0,0.0,1e-08,0,,,,0,0,False
20,plate6,24,1,0.25,1000.0,16,9012749.424072858,8839483.08447074,8858261.19399487,40,3720,False
20,plate6,24,2,0.5,1000.0,16,8647418.562596144,8815558.624088958,8835028.830546815,40,3720,False
20,plate6,24,4,0.5,1000.0,16,8130451.183262662,8793048.255211947,8811500.114569994,40,3720,False
20,plate6,24,8,0.75,1000.0,16,7735956.460822392,8787913.334623594,8807061.318731088,40,3720,False
20,plate6,24,16,0.75,1000.0,16,7491966.126670098,8787645.742880587,8804986.524101533,40,3720,False
20,plate6,24,32,1.0,1000.0,16,7316498.1339211725,8773920.690458046,8792212.37559424,40,3720,False
20,plate6,24,64,1.0,1000.0,16,7205006.003303228,8765042.606687173,8783956.105594438,40,3720,False
20,plate6,24,80,1.0,1000.0,16,7193864.9975104015,8764314.839456797,8783524.66419952,40,3720,False
20,plate6,24,92,1.0,1000.0,16,7193621.015646983,8764358.797424553,8783569.132367004,40,3720,False
20,plate6,32,0,0.0,1e-08,0,,,,0,0,False
20,plate6,32,1,0.25,1000.0,24,8698028.281084491,8746298.312183864,8766837.645642761,40,3720,False
20,plate6,32,2,0.5,1000.0,24,8350672.43753322,8718403.938901816,8738033.196064254,40,3720,False
20,plate6,32,4,0.5,1000.0,24,7848889.152169015,8691815.416174239,8708459.047807634,40,3720,False
20,plate6,32,8,0.75,1000.0,24,7472594.008693489,8686456.06035503,8701381.922294877,40,3720,False
20,plate6,32,16,0.75,1000.0,24,7237407.001805884,8685281.297488969,8698389.299572134,40,3720,False
20,plate6,32,32,1.0,1000.0,24,7069426.04121139,8669076.556772495,8683674.599602526,40,3720,False
20,plate6,32,64,1.0,1000.0,24,6961764.774898403,8658460.616632998,8673545.531126177,40,3720,False
20,plate6,32,80,1.0,1000.0,24,6950968.9542288035,8657758.248709291,8672965.076878792,40,3720,False
20,plate6,32,92,1.0,1000.0,24,6950744.394781511,8657828.864699079,8673031.61102631,40,3720,False
20,plate6,40,0,0.0,1e-08,0,,,,0,0,False
20,plate6,40,1,0.25,1000.0,32,8531982.666158712,8681973.837305935,8704820.661458375,40,3720,False
20,plate6,40,2,0.5,1000.0,32,8192429.290644053,8652616.987779431,8671780.199506836,40,3720,False
20,plate6,40,4,0.5,1000.0,32,7700682.615633658,8625049.944217607,8639974.275812553,40,3720,False
20,plate6,40,8,0.75,1000.0,32,7333547.017386583,8619543.573984377,8633482.31752635,40,3720,False
20,plate6,40,16,0.75,1000.0,32,7102987.106741182,8617974.07401842,8629699.79337199,40,3720,False
20,plate6,40,32,1.0,1000.0,32,6938664.235472085,8601293.0911861,8613649.355103603,40,3720,False
20,plate6,40,64,1.0,1000.0,32,6833178.597866708,8590171.363811776,8602812.209795095,40,3720,False
20,plate6,40,80,1.0,1000.0,32,6822565.289114991,8589434.131285245,8602114.377468737,40,3720,False
20,plate6,40,92,1.0,1000.0,32,6822345.263929361,8589512.221935803,8602187.224658072,40,3720,False
20,plate6,49,0,0.0,1e-08,0,,,,0,0,False
20,plate6,49,1,0.25,1000.0,32,8485084.521874879,8636366.062133897,8661882.469460577,40,3720,False
20,plate6,49,2,0.5,1000.0,32,8146413.946548348,8605902.031560315,8628663.822116438,40,3720,False
20,plate6,49,4,0.5,1000.0,32,7657647.113269649,8576519.946541753,8597349.108089844,40,3720,False
20,plate6,49,8,0.75,1000.0,32,7292931.090030871,8570718.379250737,8592067.691072851,40,3720,False
20,plate6,49,16,0.75,1000.0,32,7063811.005406885,8567246.54993896,8586956.666772174,40,3720,False
20,plate6,49,32,1.0,1000.0,32,6899991.526166865,8549858.706743209,8570959.813668286,40,3720,False
20,plate6,49,64,1.0,1000.0,32,6795234.650758584,8538318.719422698,8560864.932481205,40,3720,False
20,plate6,49,80,1.0,1000.0,32,6784691.31122945,8537576.1468823,8560151.73085974,40,3720,False
20,plate6,49,92,1.0,1000.0,32,6784468.758134192,8537645.763030019,8560193.964247968,40,3720,False
20,plate14,1,0,0.0,1e-08,0,,,,0,0,False
20,plate14,1,1,0.0,1e-08,0,,,,0,0,False
20,plate14,1,2,0.0,1e-08,0,,,,0,0,False
20,plate14,1,4,0.0,1e-08,0,,,,0,0,False
20,plate14,1,8,0.0,1e-08,0,,,,0,0,False
20,plate14,1,16,0.0,1e-08,0,,,,0,0,False
20,plate14,1,32,0.0,1e-08,0,,,,0,0,False
20,plate14,1,64,0.0,1e-08,0,,,,0,0,False
20,plate14,1,80,0.0,1e-08,0,,,,0,0,False
20,plate14,1,92,0.0,1e-08,0,,,,0,0,False
20,plate14,2,0,0.0,1e-08,0,,,,0,0,False
20,plate14,2,1,0.25,1e-08,0,7625325.676299334,8730450.989624023,,16,1488,False
20,plate14,2,2,0.5,1e-08,0,6865252.796093643,8730450.989624023,,16,1488,False
20,plate14,2,4,0.75,1e-08,0,6268939.842271831,8730450.989624023,,16,1488,False
20,plate14,2,8,0.75,1e-08,0,5930967.063344225,8730450.989624023,,16,1488,False
20,plate14,2,16,1.0,1e-08,0,5692378.730526047,8730450.989624023,,16,1488,False
20,plate14,2,32,1.0,1e-08,0,5508485.972921157,8730450.989624023,,16,1488,False
20,plate14,2,64,1.0,1e-08,0,5423044.798530187,8730450.989624023,,16,1488,False
20,plate14,2,80,1.0,1e-08,0,5413431.644640731,8730450.989624023,,16,1488,False
20,plate14,2,92,1.0,1e-08,0,5413149.398143712,8730450.989624023,,16,1488,False
20,plate14,4,0,0.0,1e-08,0,,,,0,0,False
20,plate14,4,1,0.25,100.0,2,10529913.758759554,11414309.329717878,11415922.741858255,32,2976,False
20,plate14,4,2,0.5,100.0,2,9470396.508051427,11416204.830548013,11417258.295777842,32,2976,False
20,plate14,4,4,0.75,1000.0,2,8681911.991895422,11408660.490654822,11409692.301647875,32,2976,False
20,plate14,4,8,0.75,1000.0,2,8225468.33185101,11409291.996330028,11410083.044525985,32,2976,False
20,plate14,4,16,1.0,100.0,2,7909571.766177547,11406683.831719559,11406700.954830125,32,2976,False
20,plate14,4,32,1.0,1000.0,2,7661703.285829364,11402229.05817863,11402386.332140222,32,2976,False
20,plate14,4,64,1.0,1000.0,2,7545772.425104676,11400938.838302366,11400959.548634883,32,2976,False
20,plate14,4,80,1.0,1000.0,2,7532587.1378263775,11400523.651460325,11400555.171950042,32,2976,False
20,plate14,4,92,1.0,1000.0,2,7532239.052017855,11400495.713945426,11400528.05163401,32,2976,False
20,plate14,8,0,0.0,1e-08,0,,,,0,0,False
20,plate14,8,1,0.25,100.0,4,12274075.105305934,11836706.063346187,11899126.192388134,40,3720,False
20,plate14,8,2,0.5,100.0,4,11069904.519650571,11839212.23298565,11900525.782614045,40,3720,False
20,plate14,8,4,0.75,1000.0,4,10149927.23211751,11824833.491679557,11891213.245175343,40,3720,False
20,plate14,8,8,0.75,1000.0,4,9607042.845501184,11825090.175878447,11889411.580096083,40,3720,False
20,plate14,8,16,1.0,1000.0,4,9237691.083343156,11821578.612979405,11887528.419204714,40,3720,False
20,plate14,8,32,1.0,1000.0,4,8950035.54348394,11815655.686577804,11884177.119397527,40,3720,False
20,plate14,8,64,1.0,1000.0,4,8814581.575984431,11812700.619001174,11882459.189716615,40,3720,False
20,plate14,8,80,1.0,1000.0,4,8799556.121209623,11812656.546097,11882566.726339031,40,3720,False
20,plate14,8,92,1.0,1000.0,4,8799131.853870852,11812629.849537423,11882549.799861668,40,3720,False
20,plate14,16,0,0.0,1e-08,0,,,,0,0,False
20,plate14,16,1,0.25,100.0,8,10609922.054843344,11096960.997725954,11159626.839459587,40,3720,False
20,plate14,16,2,0.5,1000.0,8,9555298.901902588,11094323.418281266,11157896.048381953,40,3720,False
20,plate14,16,4,0.75,1000.0,8,8756789.45328267,11075989.323546572,11142874.851831846,40,3720,False
20,plate14,16,8,0.75,1000.0,8,8294676.46931326,11075539.838396747,11142341.788751263,40,3720,False
20,plate14,16,16,1.0,1000.0,8,7973031.169351364,11069342.171601808,11137695.434865557,40,3720,False
20,plate14,16,32,1.0,1000.0,8,7723582.187296955,11061349.227832776,11132318.01623865,40,3720,False
20,plate14,16,64,1.0,1000.0,8,7606756.509187938,11058031.92125477,11129897.2884708,40,3720,False
20,plate14,16,80,1.0,1000.0,8,7593636.707263497,11057608.729323363,11129794.71767852,40,3720,False
20,plate14,16,92,1.0,1000.0,8,7593276.5736876335,11057581.846552782,11129775.459173726,40,3720,False
20,plate14,24,0,0.0,1e-08,0,,,,0,0,False
20,plate14,24,1,0.25,100.0,16,10158062.882281218,10893508.940516846,10913707.519530129,40,3720,False
20,plate14,24,2,0.5,1000.0,16,9147439.717984801,10886342.080357285,10909981.231014423,40,3720,False
20,plate14,24,4,0.75,1000.0,16,8379328.534208987,10869859.220361833,10892135.728403801,40,3720,False
20,plate14,24,8,0.75,1000.0,16,7938397.086141408,10871785.899001505,10894125.11198952,40,3720,False
20,plate14,24,16,1.0,1000.0,16,7629670.851785013,10866609.66695796,10888441.077179788,40,3720,False
20,plate14,24,32,1.0,1000.0,16,7390565.059914527,10856015.637105627,10879453.521434529,40,3720,False
20,plate14,24,64,1.0,1000.0,16,7278660.309093534,10851710.144742796,10875629.021317594,40,3720,False
20,plate14,24,80,1.0,1000.0,16,7266172.496208834,10851187.247376474,10875256.326002698,40,3720,False
20,plate14,24,92,1.0,1000.0,16,7265823.8539510155,10851141.542697014,10875218.331244517,40,3720,False
20,plate14,32,0,0.0,1e-08,0,,,,0,0,False
20,plate14,32,1,0.25,1000.0,24,9822821.699836183,10788330.289222838,10804293.950840527,40,3720,False
20,plate14,32,2,0.5,1000.0,24,8846739.955024743,10782351.158827072,10800198.54758791,40,3720,False
20,plate14,32,4,0.75,1000.0,24,8103250.062955257,10763269.044265103,10778818.001324032,40,3720,False
20,plate14,32,8,0.75,1000.0,24,7677260.119414507,10764417.002148874,10779277.720074464,40,3720,False
20,plate14,32,16,1.0,1000.0,24,7379092.963408566,10758540.254126115,10772392.02183142,40,3720,False
20,plate14,32,32,1.0,1000.0,24,7147659.159301771,10746231.909657702,10761447.982447073,40,3720,False
20,plate14,32,64,1.0,1000.0,24,7039486.972678532,10741246.061175155,10756801.745288236,40,3720,False
20,plate14,32,80,1.0,1000.0,24,7027400.092134276,10740681.829303917,10756418.753939204,40,3720,False
20,plate14,32,92,1.0,1000.0,24,7027060.560366402,10740626.839613354,10756368.74690739,40,3720,False
20,plate14,40,0,0.0,1e-08,0,,,,0,0,False
20,plate14,40,1,0.25,1000.0,32,9648834.188365156,10720754.423842281,10737185.765273657,40,3720,False
20,plate14,40,2,0.5,1000.0,32,8689182.313704768,10714600.112107983,10731148.99366679,40,3720,False
20,plate14,40,4,0.75,1000.0,32,7959393.56332818,10695584.255911957,10708677.098310983,40,3720,False
20,plate14,40,8,0.75,1000.0,32,7542278.799456507,10696881.35789053,10709766.247609172,40,3720,False
20,plate14,40,16,1.0,1000.0,32,7249797.598348486,10690736.175585771,10702742.273268793,40,3720,False
20,plate14,40,32,1.0,1000.0,32,7022197.65405494,10677367.466695411,10690018.746053128,40,3720,False
20,plate14,40,64,1.0,1000.0,32,6915864.806772746,10672078.830820734,10684731.920305826,40,3720,False
20,plate14,40,80,1.0,1000.0,32,6903983.510475643,10671469.13809663,10684244.331951242,40,3720,False
20,plate14,40,92,1.0,1000.0,32,6903651.571791668,10671404.077583687,10684183.855499804,40,3720,False
20,plate14,49,0,0.0,1e-08,0,,,,0,0,False
20,plate14,49,1,0.25,1000.0,32,9597538.50466076,10675094.521893451,10697441.306420803,40,3720,False
20,plate14,49,2,0.5,1000.0,32,8642039.534474192,10667397.529152067,10690628.318806082,40,3720,False
20,plate14,49,4,0.75,1000.0,32,7916980.924117063,10648390.210249105,10669359.601647696,40,3720,False
20,plate14,49,8,0.75,1000.0,32,7502974.868382602,10649692.949965706,10670110.497151012,40,3720,False
20,plate14,49,16,1.0,1000.0,32,7211446.549753529,10643834.061226627,10663835.45902561,40,3720,False
20,plate14,49,32,1.0,1000.0,32,6984795.792908665,10628925.258856788,10650678.970508989,40,3720,False
20,plate14,49,64,1.0,1000.0,32,6878980.813592305,10623168.813051874,10645702.853558099,40,3720,False
20,plate14,49,80,1.0,1000.0,32,6867193.23987753,10622409.204918038,10645171.256494014,40,3720,False
20,plate14,49,92,1.0,1000.0,32,6866862.126420922,10622337.732727954,10645113.350862792,40,3720,False
21,plate6,1,0,0.0,1e-08,0,,,,0,0,False
21,plate6,1,1,0.0,1e-08,0,,,,0,0,False
21,plate6,1,2,0.0,1e-08,0,,,,0,0,False
21,plate6,1,4,0.0,1e-08,0,,,,0,0,False
21,plate6,1,8,0.0,1e-08,0,,,,0,0,False
21,plate6,1,16,0.0,1e-08,0,,,,0,0,False
21,plate6,1,32,0.0,1e-08,0,,,,0,0,False
21,plate6,1,64,0.0,1e-08,0,,,,0,0,False
21,plate6,1,80,0.0,1e-08,0,,,,0,0,False
21,plate6,1,92,0.0,1e-08,0,,,,0,0,False
21,plate6,2,0,0.0,1e-08,0,,,,0,0,False
21,plate6,2,1,0.25,1e-08,0,10104001.181347966,10686603.823120117,,16,1488,False
21,plate6,2,2,0.25,1e-08,0,9846560.535367131,10686603.823120117,,16,1488,False
21,plate6,2,4,0.5,1e-08,0,9286673.190527983,10686603.823120117,,16,1488,False
21,plate6,2,8,0.75,1e-08,0,8772748.640192531,10686603.823120117,,16,1488,False
21,plate6,2,16,0.75,1e-08,0,8477671.180419361,10686603.823120117,,16,1488,False
21,plate6,2,32,1.0,1e-08,0,8274023.325465667,10686603.823120117,,16,1488,False
21,plate6,2,64,1.0,1e-08,0,8134439.514670935,10686603.823120117,,16,1488,False
21,plate6,2,80,1.0,1e-08,0,8121590.689467753,10686603.823120117,,16,1488,False
21,plate6,2,92,1.0,1e-08,0,8121198.2866006205,10686603.823120117,,16,1488,False
21,plate6,4,0,0.0,1e-08,0,,,,0,0,False
21,plate6,4,1,0.25,100.0,2,11611911.040171308,11274887.888728762,11276389.399362387,32,2976,False
21,plate6,4,2,0.25,1000.0,2,11301260.91426611,11318763.640779315,11320405.872548034,32,2976,False
21,plate6,4,4,0.5,1000.0,2,10655722.794308482,11282691.173861086,11284644.716399264,32,2976,False
21,plate6,4,8,0.75,1000.0,2,10084417.763661973,11263359.16181473,11263968.463906117,32,2976,False
21,plate6,4,16,0.75,1000.0,2,9754533.240535893,11254766.24963795,11255261.691688746,32,2976,False
21,plate6,4,32,1.0,1000.0,2,9524542.988276092,11246782.112251582,11246991.193941059,32,2976,False
21,plate6,4,64,1.0,1000.0,2,9370165.196929738,11244443.574377257,11244483.44145122,32,2976,False
21,plate6,4,80,1.0,1000.0,2,9355522.096759638,11244282.236372106,11244300.643630376,32,2976,False
21,plate6,4,92,1.0,1000.0,2,9355006.755859515,11244218.630261123,11244237.356986342,32,2976,False
21,plate6,8,0,0.0,1e-08,0,,,,0,0,False
21,plate6,8,1,0.25,100.0,4,11930818.857181098,11536846.315904334,11569610.177730704,40,3720,False
21,plate6,8,2,0.25,1000.0,4,11596040.839708725,11567254.306119513,11595722.749860339,40,3720,False
21,plate6,8,4,0.5,1000.0,4,10895097.896341734,11539200.749412801,11572533.655888433,40,3720,False
21,plate6,8,8,0.75,1000.0,4,10294509.068740664,11523744.62035013,11558925.196042085,40,3720,False
21,plate6,8,16,0.75,1000.0,4,9958797.252265427,11516025.379997922,11553405.882650316,40,3720,False
21,plate6,8,32,1.0,1000.0,4,9717316.88497184,11509502.495433437,11548480.97347444,40,3720,False
21,plate6,8,64,1.0,1000.0,4,9560525.65749022,11507407.84818461,11546163.162470477,40,3720,False
21,plate6,8,80,1.0,1000.0,4,9545632.944192715,11507475.89337762,11546294.50337644,40,3720,False
21,plate6,8,92,1.0,1000.0,4,9545112.59063026,11507444.113797272,11546283.949460888,40,3720,False
21,plate6,16,0,0.0,1e-08,0,,,,0,0,False
21,plate6,16,1,0.25,100.0,8,11065210.180148933,10976686.131169366,11014759.334219584,40,3720,False
21,plate6,16,2,0.25,1000.0,8,10755845.419475999,11002351.065872813,11037522.300999762,40,3720,False
21,plate6,16,4,0.5,1000.0,8,10105551.087996036,10971134.627490576,11010043.113484196,40,3720,False
21,plate6,16,8,0.75,1000.0,8,9547279.598285865,10951593.730259266,10995208.47639116,40,3720,False
21,plate6,16,16,0.75,1000.0,8,9235824.47652119,10947106.084736267,10990558.954436874,40,3720,False
21,plate6,16,32,1.0,1000.0,8,9011343.167814404,10936438.564658377,10983365.05528976,40,3720,False
21,plate6,16,64,1.0,1000.0,8,8866863.386886474,10926743.486896103,10974664.257858891,40,3720,False
21,plate6,16,80,1.0,1000.0,8,8853030.43638072,10926714.298937837,10974634.617003445,40,3720,False
21,plate6,16,92,1.0,1000.0,8,8852533.022845177,10926724.623733468,10974661.791441139,40,3720,False
21,plate6,24,0,0.0,1e-08,0,,,,0,0,False
21,plate6,24,1,0.25,1000.0,16,10827575.016296443,10797518.82806657,10817487.514075728,40,3720,False
21,plate6,24,2,0.25,1000.0,16,10525289.411269568,10828085.31569788,10855073.856481506,40,3720,False
21,plate6,24,4,0.5,1000.0,16,9890533.481205504,10786696.569592807,10809134.83176479,40,3720,False
21,plate6,24,8,0.75,1000.0,16,9346315.092721064,10762870.776921248,10786962.081731558,40,3720,False
21,plate6,24,16,0.75,1000.0,16,9042479.790498564,10759162.344251938,10783227.704835525,40,3720,False
21,plate6,24,32,1.0,1000.0,16,8823611.840325609,10744621.459144587,10769786.966050697,40,3720,False
21,plate6,24,64,1.0,1000.0,16,8681672.108015558,10736874.001803182,10762855.65332733,40,3720,False
21,plate6,24,80,1.0,1000.0,16,8668087.196745224,10736539.017468821,10762440.653246984,40,3720,False
21,plate6,24,92,1.0,1000.0,16,8667624.763440283,10736502.4778774,10762413.756758278,40,3720,False
21,plate6,32,0,0.0,1e-08,0,,,,0,0,False
21,plate6,32,1,0.25,1000.0,24,10623367.252835255,10702161.134105247,10715882.779656036,40,3720,False
21,plate6,32,2,0.25,1000.0,24,10327082.504862133,10732399.567257894,10755707.060178468,40,3720,False
21,plate6,32,4,0.5,1000.0,24,9706995.651798103,10688987.331757355,10702536.764638681,40,3720,False
21,plate6,32,8,0.75,1000.0,24,9173296.912526049,10662927.095729114,10676405.984648671,40,3720,False
21,plate6,32,16,0.75,1000.0,24,8875035.874040494,10657860.613293193,10671079.243775792,40,3720,False
21,plate6,32,32,1.0,1000.0,24,8660183.92282198,10641621.911216436,10655343.243828544,40,3720,False
21,plate6,32,64,1.0,1000.0,24,8520855.33831723,10633685.207202112,10648337.47181955,40,3720,False
21,plate6,32,80,1.0,1000.0,24,8507474.988538666,10633321.561366053,10647804.665697996,40,3720,False
21,plate6,32,92,1.0,1000.0,24,8507015.971687263,10633313.400772357,10647807.398402663,40,3720,False
21,plate6,40,0,0.0,1e-08,0,,,,0,0,False
21,plate6,40,1,0.25,1000.0,32,10428564.871989328,10628941.754081152,10642165.75388431,40,3720,False
21,plate6,40,2,0.25,1000.0,32,10136449.887279222,10657654.550663862,10678722.96876458,40,3720,False
21,plate6,40,4,0.5,1000.0,32,9531776.986011447,10614493.259397134,10626714.744442195,40,3720,False
21,plate6,40,8,0.75,1000.0,32,9009360.886848945,10587142.89700442,10598819.303411627,40,3720,False
21,plate6,40,16,0.75,1000.0,32,8715931.689382222,10581060.155858582,10591723.468523372,40,3720,False
21,plate6,40,32,1.0,1000.0,32,8505753.397032127,10563208.423282597,10573803.79737167,40,3720,False
21,plate6,40,64,1.0,1000.0,32,8368875.135273627,10553905.003860952,10565307.048764944,40,3720,False
21,plate6,40,80,1.0,1000.0,32,8355735.124715796,10553789.756845651,10565072.661680233,40,3720,False
21,plate6,40,92,1.0,1000.0,32,8355291.118812549,10553804.943140881,10565093.771826014,40,3720,False
21,plate6,49,0,0.0,1e-08,0,,,,0,0,False
21,plate6,49,1,0.25,1000.0,32,10327516.31255174,10580367.713091565,10598572.90685268,40,3720,False
21,plate6,49,2,0.25,1000.0,32,10036533.43791975,10600269.439323332,10627757.168082066,40,3720,False
21,plate6,49,4,0.5,1000.0,32,9440407.19626621,10559680.05877407,10581073.056871384,40,3720,False
21,plate6,49,8,0.75,1000.0,32,8924269.647932896,10531200.352927929,10553515.317274617,40,3720,False
21,plate6,49,16,0.75,1000.0,32,8633621.926839931,10524961.136634542,10547485.079641033,40,3720,False
21,plate6,49,32,1.0,1000.0,32,8425804.667989971,10506476.290220886,10529794.01184361,40,3720,False
21,plate6,49,64,1.0,1000.0,32,8290316.939530058,10496301.963227732,10520523.992273137,40,3720,False
21,plate6,49,80,1.0,1000.0,32,8277294.542446608,10496144.690731674,10520523.906712051,40,3720,False
21,plate6,49,92,1.0,1000.0,32,8276850.735552198,10496181.937874874,10520573.862547344,40,3720,False
21,plate14,1,0,0.0,1e-08,0,,,,0,0,False
21,plate14,1,1,0.0,1e-08,0,,,,0,0,False
21,plate14,1,2,0.0,1e-08,0,,,,0,0,False
21,plate14,1,4,0.0,1e-08,0,,,,0,0,False
21,plate14,1,8,0.0,1e-08,0,,,,0,0,False
21,plate14,1,16,0.0,1e-08,0,,,,0,0,False
21,plate14,1,32,0.0,1e-08,0,,,,0,0,False
21,plate14,1,64,0.0,1e-08,0,,,,0,0,False
21,plate14,1,80,0.0,1e-08,0,,,,0,0,False
21,plate14,1,92,0.0,1e-08,0,,,,0,0,False
21,plate14,2,0,0.0,1e-08,0,,,,0,0,False
21,plate14,2,1,0.5,1e-08,0,11771168.007803917,14117617.5831604,,16,1488,False
21,plate14,2,2,0.5,1e-08,0,10903322.83488965,14117617.5831604,,16,1488,False
21,plate14,2,4,0.75,1e-08,0,10008457.709627762,14117617.5831604,,16,1488,False
21,plate14,2,8,0.75,1e-08,0,9513811.41431309,14117617.5831604,,16,1488,False
21,plate14,2,16,1.0,1e-08,0,9136474.348954283,14117617.5831604,,16,1488,False
21,plate14,2,32,1.0,1e-08,0,8882514.601421017,14117617.5831604,,16,1488,False
21,plate14,2,64,1.0,1e-08,0,8750512.936083792,14117617.5831604,,16,1488,False
21,plate14,2,80,1.0,1e-08,0,8736851.366460208,14117617.5831604,,16,1488,False
21,plate14,2,92,1.0,1e-08,0,8736502.239816407,14117617.5831604,,16,1488,False
21,plate14,4,0,0.0,1e-08,0,,,,0,0,False
21,plate14,4,1,0.5,100.0,2,13390355.154358014,14594428.53905235,14594616.54028125,32,2976,False
21,plate14,4,2,0.5,100.0,2,12458017.151153024,14585046.831730451,14585292.836012416,32,2976,False
21,plate14,4,4,0.75,100.0,2,11441323.621623075,14581002.998901438,14581088.033419106,32,2976,False
21,plate14,4,8,0.75,100.0,2,10902767.827493843,14578679.054077273,14578744.242787544,32,2976,False
21,plate14,4,16,1.0,1000.0,2,10471818.421022415,14580376.719733711,14580524.177525502,32,2976,False
21,plate14,4,32,1.0,1000.0,2,10178846.864885947,14578220.29361039,14578449.393692581,32,2976,False
21,plate14,4,64,1.0,1000.0,2,10030532.664173076,14576869.250018304,14576887.025105532,32,2976,False
21,plate14,4,80,1.0,1000.0,2,10015117.461602185,14576995.102960518,14577014.766030042,32,2976,False
21,plate14,4,92,1.0,1000.0,2,10014704.452205107,14576987.590207022,14577009.333937932,32,2976,False
21,plate14,8,0,0.0,1e-08,0,,,,0,0,False
21,plate14,8,1,0.5,100.0,4,13584617.50837272,14990116.771353249,15041362.859928679,40,3720,False
21,plate14,8,2,0.5,100.0,4,12616726.137779823,14980973.601339178,15034431.364823153,40,3720,False
21,plate14,8,4,0.75,100.0,4,11591071.231911886,14974876.30548672,15029953.552815415,40,3720,False
21,plate14,8,8,0.75,1000.0,4,11031027.053389406,14972571.117344992,15027449.371719606,40,3720,False
21,plate14,8,16,1.0,1000.0,4,10595014.73532035,14973998.149670035,15028462.548029253,40,3720,False
21,plate14,8,32,1.0,1000.0,4,10300237.985763218,14970496.341402575,15026000.238250878,40,3720,False
21,plate14,8,64,1.0,1000.0,4,10149633.455858497,14969262.799972793,15025187.485655444,40,3720,False
21,plate14,8,80,1.0,1000.0,4,10133667.737255294,14969516.366952224,15025319.419222403,40,3720,False
21,plate14,8,92,1.0,1000.0,4,10133235.804874502,14969526.24580441,15025321.169705318,40,3720,False
21,plate14,16,0,0.0,1e-08,0,,,,0,0,False
21,plate14,16,1,0.5,100.0,8,12600005.233077668,14294263.03200488,14343367.102051845,40,3720,False
21,plate14,16,2,0.5,100.0,8,11701698.582055774,14281487.483304076,14333512.190011729,40,3720,False
21,plate14,16,4,0.75,100.0,8,10754308.959954893,14274610.546453469,14328229.54121633,40,3720,False
21,plate14,16,8,0.75,100.0,8,10233027.25611031,14269459.536407236,14324708.649375446,40,3720,False
21,plate14,16,16,1.0,1000.0,8,9828906.34917102,14275940.952140741,14328232.095757859,40,3720,False
21,plate14,16,32,1.0,1000.0,8,9554137.200901562,14269278.524439834,14324492.045194581,40,3720,False
21,plate14,16,64,1.0,1000.0,8,9414715.074516445,14266596.713449528,14322442.673236081,40,3720,False
21,plate14,16,80,1.0,1000.0,8,9400133.36580745,14266999.531635525,14322446.63970702,40,3720,False
21,plate14,16,92,1.0,1000.0,8,9399731.53263649,14267054.21930171,14322485.94651992,40,3720,False
21,plate14,24,0,0.0,1e-08,0,,,,0,0,False
21,plate14,24,1,0.5,1000.0,16,12360404.487701885,14094001.676346468,14124311.882333426,40,3720,False
21,plate14,24,2,0.5,1000.0,16,11476057.631614042,14081482.6753331,14109714.028490601,40,3720,False
21,plate14,24,4,0.75,100.0,16,10545413.859244997,14072854.77699165,14101270.473576253,40,3720,False
21,plate14,24,8,0.75,100.0,16,10035588.912072837,14066783.797172938,14096796.77261928,40,3720,False
21,plate14,24,16,1.0,1000.0,16,9637481.54465009,14075540.610911585,14103389.797593294,40,3720,False
21,plate14,24,32,1.0,1000.0,16,9367667.011600059,14066847.632772867,14096377.458227204,40,3720,False
21,plate14,24,64,1.0,1000.0,16,9231051.330406636,14063632.134725565,14093859.548379065,40,3720,False
21,plate14,24,80,1.0,1000.0,16,9216719.633106817,14064015.414824728,14094013.293912336,40,3720,False
21,plate14,24,92,1.0,1000.0,16,9216315.477348795,14064061.42568148,14094043.285151787,40,3720,False
21,plate14,32,0,0.0,1e-08,0,,,,0,0,False
21,plate14,32,1,0.5,1000.0,24,12141257.4197744,13985856.611700391,14008820.948388785,40,3720,False
21,plate14,32,2,0.5,1000.0,24,11273444.92628966,13973970.974850586,13990964.81050582,40,3720,False
21,plate14,32,4,0.75,1000.0,24,10357357.300086591,13963670.929176219,13978866.572570458,40,3720,False
21,plate14,32,8,0.75,100.0,24,9859369.716683729,13956159.635330979,13972564.002243387,40,3720,False
21,plate14,32,16,1.0,1000.0,24,9468073.10267332,13965820.598691614,13980688.73368248,40,3720,False
21,plate14,32,32,1.0,1000.0,24,9202891.480890406,13956461.692649731,13972504.484198282,40,3720,False
21,plate14,32,64,1.0,1000.0,24,9068705.319802837,13952857.64718348,13969522.602765549,40,3720,False
21,plate14,32,80,1.0,1000.0,24,9054694.445423378,13953292.217938455,13969781.16601896,40,3720,False
21,plate14,32,92,1.0,1000.0,24,9054304.8459912,13953347.851743924,13969821.706632132,40,3720,False
21,plate14,40,0,0.0,1e-08,0,,,,0,0,False
21,plate14,40,1,0.5,1000.0,32,11941960.574516665,13913544.68149316,13934248.938871449,40,3720,False
21,plate14,40,2,0.5,1000.0,32,11090126.753919153,13900151.185817333,13912856.817907814,40,3720,False
21,plate14,40,4,0.75,1000.0,32,10186939.95607879,13888407.40218566,13898104.62843927,40,3720,False
21,plate14,40,8,0.75,1e-06,32,9698150.512959778,13879067.053629879,13890049.950660847,40,3720,False
21,plate14,40,16,1.0,1000.0,32,9313673.315108119,13888943.099021196,13899412.094962798,40,3720,False
21,plate14,40,32,1.0,1000.0,32,9052835.156286767,13878675.820269149,13889601.664664516,40,3720,False
21,plate14,40,64,1.0,1000.0,32,8920780.59291598,13874714.757421676,13885882.516233165,40,3720,False
21,plate14,40,80,1.0,1000.0,32,8907033.977870025,13875272.343889415,13886239.406609952,40,3720,False
21,plate14,40,92,1.0,1000.0,32,8906651.269977894,13875334.620996255,13886282.533038603,40,3720,False
21,plate14,49,0,0.0,1e-08,0,,,,0,0,False
21,plate14,49,1,0.5,1000.0,32,11835268.539200705,13870296.679565243,13902467.676735723,40,3720,False
21,plate14,49,2,0.5,1000.0,32,10991452.077602811,13854130.357024832,13878549.749528037,40,3720,False
21,plate14,49,4,0.75,1000.0,32,10095906.181743385,13839897.700538114,13862086.437800432,40,3720,False
21,plate14,49,8,0.75,100.0,32,9612062.362121047,13829285.400848152,13853739.30875184,40,3720,False
21,plate14,49,16,1.0,1000.0,32,9231475.477193194,13838884.88230272,13862796.445049115,40,3720,False
21,plate14,49,32,1.0,1000.0,32,8972959.370279219,13828282.99922053,13853312.322502779,40,3720,False
21,plate14,49,64,1.0,1000.0,32,8842215.10894214,13823884.264220294,13849498.890987106,40,3720,False
21,plate14,49,80,1.0,1000.0,32,8828606.439215694,13824490.450833915,13849828.937401159,40,3720,False
21,plate14,49,92,1.0,1000.0,32,8828226.767982118,13824567.6575573,13849887.425595596,40,3720,False
22,plate6,1,0,0.0,1e-08,0,,,,0,0,False
22,plate6,1,1,0.0,1e-08,0,,,,0,0,False
22,plate6,1,2,0.0,1e-08,0,,,,0,0,False
22,plate6,1,4,0.0,1e-08,0,,,,0,0,False
22,plate6,1,8,0.0,1e-08,0,,,,0,0,False
22,plate6,1,16,0.0,1e-08,0,,,,0,0,False
22,plate6,1,32,0.0,1e-08,0,,,,0,0,False
22,plate6,1,64,0.0,1e-08,0,,,,0,0,False
22,plate6,1,80,0.0,1e-08,0,,,,0,0,False
22,plate6,1,92,0.0,1e-08,0,,,,0,0,False
22,plate6,2,0,0.0,1e-08,0,,,,0,0,False
22,plate6,2,1,0.25,1e-08,0,16869310.403503,18204187.48072052,,16,1488,False
22,plate6,2,2,0.5,1e-08,0,15992501.351883352,18204187.48072052,,16,1488,False
22,plate6,2,4,0.75,1e-08,0,15149558.115902416,18204187.48072052,,16,1488,False
22,plate6,2,8,0.75,1e-08,0,14416585.816069344,18204187.48072052,,16,1488,False
22,plate6,2,16,0.75,1e-08,0,13904545.487249002,18204187.48072052,,16,1488,False
22,plate6,2,32,1.0,1e-08,0,13517806.538517036,18204187.48072052,,16,1488,False
22,plate6,2,64,1.0,1e-08,0,13320999.625833668,18204187.48072052,,16,1488,False
22,plate6,2,80,1.0,1e-08,0,13294504.431655418,18204187.48072052,,16,1488,False
22,plate6,2,92,1.0,1e-08,0,13295025.23025684,18204187.48072052,,16,1488,False
22,plate6,4,0,0.0,1e-08,0,,,,0,0,False
22,plate6,4,1,0.25,100.0,2,23433798.364245597,21400146.646742858,21404980.67651424,32,2976,False
22,plate6,4,2,0.5,1000.0,2,22122504.267884914,21381786.56054891,21388346.808999095,32,2976,False
22,plate6,4,4,0.75,1000.0,2,20917719.36547556,21374685.714058336,21382175.90443011,32,2976,False
22,plate6,4,8,0.75,1000.0,2,19858199.5520183,21380020.376428273,21382942.11070977,32,2976,False
22,plate6,4,16,0.75,1000.0,2,19200146.48555551,21374742.7778877,21376262.58452042,32,2976,False
22,plate6,4,32,1.0,1000.0,2,18650889.86986202,21361748.838360623,21361983.621907424,32,2976,False
22,plate6,4,64,1.0,1000.0,2,18376579.007443834,21357388.378991373,21357451.9808274,32,2976,False
22,plate6,4,80,1.0,1000.0,2,18341812.14310028,21356257.386667505,21356296.161266454,32,2976,False
22,plate6,4,92,1.0,1000.0,2,18342423.455838498,21356192.6825957,21356230.14324222,32,2976,False
22,plate6,8,0,0.0,1e-08,0,,,,0,0,False
22,plate6,8,1,0.25,100.0,4,23159293.448392067,22457117.876599226,22498746.111340903,40,3720,False
22,plate6,8,2,0.5,100.0,4,21872630.800721467,22429535.854886934,22472353.048667114,40,3720,False
22,plate6,8,4,0.75,1000.0,4,20722859.764638264,22420806.775493152,22464940.333172876,40,3720,False
22,plate6,8,8,0.75,1000.0,4,19678338.11540327,22425537.959766492,22469117.10451137,40,3720,False
22,plate6,8,16,0.75,1000.0,4,19033485.524700973,22419315.068268117,22461963.64188763,40,3720,False
22,plate6,8,32,1.0,1000.0,4,18493573.06616028,22403630.67065993,22448635.613150164,40,3720,False
22,plate6,8,64,1.0,1000.0,4,18223062.428208206,22399910.56515795,22446740.56250337,40,3720,False
22,plate6,8,80,1.0,1000.0,4,18188942.008123707,22399465.56870065,22446105.34150491,40,3720,False
22,plate6,8,92,1.0,1000.0,4,18189532.57840687,22399632.196899746,22446208.6154592,40,3720,False
22,plate6,16,0,0.0,1e-08,0,,,,0,0,False
22,plate6,16,1,0.25,1000.0,8,21040392.13641711,21938676.436858468,21969183.9416257,40,3720,False
22,plate6,16,2,0.5,1000.0,8,19877344.637890365,21905555.68705339,21937430.974641263,40,3720,False
22,plate6,16,4,0.75,1000.0,8,18832944.51699859,21892119.9916927,21924773.61662346,40,3720,False
22,plate6,16,8,0.75,1000.0,8,17886750.2570332,21898747.032496966,21932801.758422323,40,3720,False
22,plate6,16,16,0.75,1000.0,8,17301004.980313662,21889881.21151166,21925327.957098015,40,3720,False
22,plate6,16,32,1.0,1000.0,8,16812687.455292035,21873941.87107923,21912818.31917329,40,3720,False
22,plate6,16,64,1.0,1000.0,8,16567271.166341506,21866408.532792017,21908018.481483206,40,3720,False
22,plate6,16,80,1.0,1000.0,8,16535763.918427147,21864829.970581524,21906591.410768382,40,3720,False
22,plate6,16,92,1.0,1000.0,8,16536348.24288215,21865038.40253442,21906713.12158831,40,3720,False
22,plate6,24,0,0.0,1e-08,0,,,,0,0,False
22,plate6,24,1,0.25,1000.0,16,20645194.76142077,21760500.89131226,21789020.573682513,40,3720,False
22,plate6,24,2,0.5,1000.0,16,19501354.84723371,21725314.451742195,21747559.441396758,40,3720,False
22,plate6,24,4,0.75,1000.0,16,18475859.98393816,21711567.08841726,21733517.83110182,40,3720,False
22,plate6,24,8,0.75,1000.0,16,17545932.44884287,21720609.01216688,21740485.368350524,40,3720,False
22,plate6,24,16,0.75,1000.0,16,16970825.06564805,21709131.575658683,21728245.805375848,40,3720,False
22,plate6,24,32,1.0,1000.0,16,16491876.627982505,21690245.945142232,21710439.097598847,40,3720,False
22,plate6,24,64,1.0,1000.0,16,16251095.347378148,21679773.58155833,21702450.803663604,40,3720,False
22,plate6,24,80,1.0,1000.0,16,16220133.984568732,21677998.718727615,21701040.15816115,40,3720,False
22,plate6,24,92,1.0,1000.0,16,16220740.61731368,21678201.290812742,21701219.372804083,40,3720,False
22,plate6,32,0,0.0,1e-08,0,,,,0,0,False
22,plate6,32,1,0.25,1000.0,24,20323363.49811152,21676850.852502737,21702173.92057828,40,3720,False
22,plate6,32,2,0.5,1000.0,24,19196529.653543137,21638473.956422623,21653792.661668308,40,3720,False
22,plate6,32,4,0.75,1000.0,24,18185901.70996955,21619522.24612812,21634537.07297709,40,3720,False
22,plate6,32,8,0.75,1000.0,24,17270806.511273354,21628879.732461177,21643357.633960705,40,3720,False
22,plate6,32,16,0.75,1000.0,24,16704623.848195001,21617852.62997879,21631355.95566846,40,3720,False
22,plate6,32,32,1.0,1000.0,24,16233428.562999504,21599910.226454392,21614494.855408307,40,3720,False
22,plate6,32,64,1.0,1000.0,24,15996918.744226003,21586454.105012417,21602279.47375524,40,3720,False
22,plate6,32,80,1.0,1000.0,24,15966254.629161818,21584213.46009201,21600266.17050302,40,3720,False
22,plate6,32,92,1.0,1000.0,24,15966870.804199507,21584412.638936527,21600443.04240916,40,3720,False
22,plate6,40,0,0.0,1e-08,0,,,,0,0,False
22,plate6,40,1,0.25,1000.0,16,20185456.496912636,21623074.365920823,21651410.364136856,40,3720,False
22,plate6,40,2,0.5,1000.0,32,19066152.34484293,21582200.42405511,21598859.162110336,40,3720,False
22,plate6,40,4,0.75,1000.0,32,18060768.815693777,21558230.91421679,21572728.820474375,40,3720,False
22,plate6,40,8,0.75,1000.0,32,17152803.394323625,21567067.5371464,21582652.813819133,40,3720,False
22,plate6,40,16,0.75,1000.0,32,16590442.460735343,21555084.142423123,21568980.47127768,40,3720,False
22,plate6,40,32,1.0,1000.0,32,16122325.126680367,21535993.878504198,21550018.65814479,40,3720,False
22,plate6,40,64,1.0,1000.0,32,15887484.055593934,21520849.189324107,21535363.24843265,40,3720,False
22,plate6,40,80,1.0,1000.0,32,15856919.297661077,21518086.842817534,21532784.630841814,40,3720,False
22,plate6,40,92,1.0,1000.0,32,15857534.346138716,21518318.180403158,21532994.327896755,40,3720,False
22,plate6,49,0,0.0,1e-08,0,,,,0,0,False
22,plate6,49,1,0.25,1000.0,16,20109845.57920926,21579891.143855877,21610470.991324995,40,3720,False
22,plate6,49,2,0.5,1000.0,32,18994460.682588138,21537534.56826895,21556009.80839881,40,3720,False
22,plate6,49,4,0.75,1000.0,32,17992839.47448145,21511732.58687169,21530253.62776468,40,3720,False
22,plate6,49,8,0.75,1000.0,32,17088647.91226452,21519872.46761219,21540390.19190852,40,3720,False
22,plate6,49,16,0.75,1000.0,32,16528587.593753453,21507662.42771999,21529982.05444515,40,3720,False
22,plate6,49,32,1.0,1000.0,32,16062281.577044062,21488109.88350211,21510553.136640117,40,3720,False
22,plate6,49,64,1.0,1000.0,32,15828375.166532805,21471918.881281555,21496325.327092864,40,3720,False
22,plate6,49,80,1.0,1000.0,32,15797919.881602256,21469073.203468297,21493888.6929816,40,3720,False
22,plate6,49,92,1.0,1000.0,32,15798531.19217356,21469326.900045477,21494108.8867874,40,3720,False
22,plate14,1,0,0.0,1e-08,0,,,,0,0,False
22,plate14,1,1,0.0,1e-08,0,,,,0,0,False
22,plate14,1,2,0.0,1e-08,0,,,,0,0,False
22,plate14,1,4,0.0,1e-08,0,,,,0,0,False
22,plate14,1,8,0.0,1e-08,0,,,,0,0,False
22,plate14,1,16,0.0,1e-08,0,,,,0,0,False
22,plate14,1,32,0.0,1e-08,0,,,,0,0,False
22,plate14,1,64,0.0,1e-08,0,,,,0,0,False
22,plate14,1,80,0.0,1e-08,0,,,,0,0,False
22,plate14,1,92,0.0,1e-08,0,,,,0,0,False
22,plate14,2,0,0.0,1e-08,0,,,,0,0,False
22,plate14,2,1,0.5,1e-08,0,18321566.917516947,21445639.81894684,,16,1488,False
22,plate14,2,2,0.5,1e-08,0,17046718.764913946,21445639.81894684,,16,1488,False
22,plate14,2,4,0.75,1e-08,0,15784318.411537377,21445639.81894684,,16,1488,False
22,plate14,2,8,0.75,1e-08,0,14960970.643258492,21445639.81894684,,16,1488,False
22,plate14,2,16,1.0,1e-08,0,14361538.578056056,21445639.81894684,,16,1488,False
22,plate14,2,32,1.0,1e-08,0,13914227.971222669,21445639.81894684,,16,1488,False
22,plate14,2,64,1.0,1e-08,0,13689178.895007605,21445639.81894684,,16,1488,False
22,plate14,2,80,1.0,1e-08,0,13665541.99264931,21445639.81894684,,16,1488,False
22,plate14,2,92,1.0,1e-08,0,13665113.381360639,21445639.81894684,,16,1488,False
22,plate14,4,0,0.0,1e-08,0,,,,0,0,False
22,plate14,4,1,0.5,100.0,2,24970335.495632757,24764815.73170466,24766724.126640853,32,2976,False
22,plate14,4,2,0.5,100.0,2,23268051.471024163,24754070.346427176,24755148.466482952,32,2976,False
22,plate14,4,4,0.75,1000.0,2,21466674.316353068,24756199.80891926,24756663.1184413,32,2976,False
22,plate14,4,8,0.75,1000.0,2,20347254.187696002,24754549.795116592,24754822.074025802,32,2976,False
22,plate14,4,16,1.0,1000.0,2,19540391.15815004,24752007.056665603,24752135.56124635,32,2976,False
22,plate14,4,32,1.0,1000.0,2,18937889.906112973,24749933.756026924,24749974.679731384,32,2976,False
22,plate14,4,64,1.0,1000.0,2,18638441.788702194,24748719.474788833,24748734.111174177,32,2976,False
22,plate14,4,80,1.0,1000.0,2,18605874.046977233,24748292.900599584,24748319.303252235,32,2976,False
22,plate14,4,92,1.0,1000.0,2,18605182.618505966,24748289.895006448,24748317.020092286,32,2976,False
22,plate14,8,0,0.0,1e-08,0,,,,0,0,False
22,plate14,8,1,0.5,100.0,4,24799046.486972313,26053775.447153825,26121637.901708666,40,3720,False
22,plate14,8,2,0.5,100.0,4,23036750.683889538,26036023.804901052,26106201.50096483,40,3720,False
22,plate14,8,4,0.75,100.0,4,21247410.46761449,26037050.907374017,26107008.217269346,40,3720,False
22,plate14,8,8,0.75,1000.0,4,20133422.603251208,26034119.037757833,26103909.206699498,40,3720,False
22,plate14,8,16,1.0,1000.0,4,19324310.86159919,26034100.126065895,26103560.15447832,40,3720,False
22,plate14,8,32,1.0,1000.0,4,18723259.794837635,26031056.57212829,26101353.368441097,40,3720,False
22,plate14,8,64,1.0,1000.0,4,18429469.9947647,26028165.177302457,26099407.36489458,40,3720,False
22,plate14,8,80,1.0,1000.0,4,18397428.638112176,26027782.623416424,26099151.71487952,40,3720,False
22,plate14,8,92,1.0,1000.0,4,18396749.27924222,26027791.836157795,26099147.707930546,40,3720,False
22,plate14,16,0,0.0,1e-08,0,,,,0,0,False
22,plate14,16,1,0.5,1000.0,8,22547472.66703634,25445628.28901588,25487077.575902548,40,3720,False
22,plate14,16,2,0.5,100.0,8,20971250.381243274,25422375.40250478,25468065.363623172,40,3720,False
22,plate14,16,4,0.75,1000.0,8,19337278.351167094,25422187.83058497,25467982.86900651,40,3720,False
22,plate14,16,8,0.75,1000.0,8,18332879.312045533,25419859.636115458,25465763.89226843,40,3720,False
22,plate14,16,16,1.0,1000.0,8,17598799.42792579,25418375.302435562,25465226.772462074,40,3720,False
22,plate14,16,32,1.0,1000.0,8,17051674.826403815,25413327.212501425,25461629.864428125,40,3720,False
22,plate14,16,64,1.0,1000.0,8,16783765.565161604,25408432.81862597,25458855.858164802,40,3720,False
22,plate14,16,80,1.0,1000.0,8,16754555.754981603,25407636.26155265,25458368.822654,40,3720,False
22,plate14,16,92,1.0,1000.0,8,16753943.799327897,25407675.68566512,25458403.943989098,40,3720,False
22,plate14,24,0,0.0,1e-08,0,,,,0,0,False
22,plate14,24,1,0.5,1000.0,16,22092407.016845666,25231382.457373984,25263931.737950817,40,3720,False
22,plate14,24,2,0.5,1000.0,16,20548748.540816054,25205802.027884234,25234169.72924217,40,3720,False
22,plate14,24,4,0.75,1000.0,16,18946143.43070048,25203550.035580844,25233536.400350176,40,3720,False
22,plate14,24,8,0.75,1000.0,16,17964367.419047076,25202326.9784621,25231980.451157447,40,3720,False
22,plate14,24,16,1.0,1000.0,16,17245434.21144126,25200615.051638976,25230001.594284777,40,3720,False
22,plate14,24,32,1.0,1000.0,16,16709560.808672665,25194233.734655302,25223938.754674528,40,3720,False
22,plate14,24,64,1.0,1000.0,16,16447110.223118382,25187749.688690662,25219103.375060193,40,3720,False
22,plate14,24,80,1.0,1000.0,16,16418417.193716273,25186708.794904456,25218279.52033384,40,3720,False
22,plate14,24,92,1.0,1000.0,16,16417816.664630774,25186756.645988625,25218313.027988788,40,3720,False
22,plate14,32,0,0.0,1e-08,0,,,,0,0,False
22,plate14,32,1,0.5,1000.0,24,21757690.586512607,25140575.83654037,25170629.303025566,40,3720,False
22,plate14,32,2,0.5,1000.0,24,20240819.435870882,25110704.218700808,25128640.98775716,40,3720,False
22,plate14,32,4,0.75,1000.0,24,18659237.846979693,25105884.875422254,25124901.458569102,40,3720,False
22,plate14,32,8,0.75,1000.0,24,17693716.821229313,25103707.91438564,25123004.386078063,40,3720,False
22,plate14,32,16,1.0,1000.0,24,16984831.856272794,25101517.869844843,25120703.337686647,40,3720,False
22,plate14,32,32,1.0,1000.0,24,16456728.692531949,25095036.273950826,25114159.92877418,40,3720,False
22,plate14,32,64,1.0,1000.0,24,16198034.478720471,25087056.3737068,25107019.65223724,40,3720,False
22,plate14,32,80,1.0,1000.0,24,16169782.315591631,25085712.542002726,25105858.588759255,40,3720,False
22,plate14,32,92,1.0,1000.0,24,16169194.257878102,25085760.62079625,25105890.78125056,40,3720,False
22,plate14,40,0,0.0,1e-08,0,,,,0,0,False
22,plate14,40,1,0.5,1000.0,32,21608451.591301218,25073621.736146692,25110811.55076141,40,3720,False
22,plate14,40,2,0.5,1000.0,32,20101210.503369793,25041578.036829803,25058419.52921142,40,3720,False
22,plate14,40,4,0.75,1000.0,32,18529635.52916473,25034966.104056012,25052427.34773919,40,3720,False
22,plate14,40,8,0.75,1000.0,32,17572058.191494484,25033883.17580334,25050566.235982083,40,3720,False
22,plate14,40,16,1.0,1000.0,32,16868340.337199528,25031072.49699841,25047920.134730596,40,3720,False
22,plate14,40,32,1.0,1000.0,32,16343745.484217532,25023073.552961398,25039815.032751676,40,3720,False
22,plate14,40,64,1.0,1000.0,32,16086862.25903042,25013235.846067272,25030632.238414966,40,3720,False
22,plate14,40,80,1.0,1000.0,32,16058767.392450163,25011710.01811883,25029274.18422832,40,3720,False
22,plate14,40,92,1.0,1000.0,32,16058185.092937615,25011764.086603407,25029306.362224746,40,3720,False
22,plate14,49,0,0.0,1e-08,0,,,,0,0,False
22,plate14,49,1,0.5,1000.0,32,21526141.155544855,25025033.256616544,25070351.67201967,40,3720,False
22,plate14,49,2,0.5,1000.0,32,20024283.53049957,24990911.33187591,25013961.32560571,40,3720,False
22,plate14,49,4,0.75,1000.0,32,18459548.478041474,24983329.66761478,25008366.032750063,40,3720,False
22,plate14,49,8,0.75,1000.0,32,17505387.230238307,24978509.19595735,25002471.330186237,40,3720,False
22,plate14,49,16,1.0,1000.0,32,16804395.658428207,24975815.664825294,25000575.400916606,40,3720,False
22,plate14,49,32,1.0,1000.0,32,16281818.43174889,24967233.327526778,24992613.020169582,40,3720,False
22,plate14,49,64,1.0,1000.0,32,16025978.188380953,24956653.684014145,24984256.678812016,40,3720,False
22,plate14,49,80,1.0,1000.0,32,15997994.575024167,24955026.707226727,24982982.36041162,40,3720,False
22,plate14,49,92,1.0,1000.0,32,15997414.107859112,24955094.897290867,24983015.575040046,40,3720,False
23,plate6,1,0,0.0,1e-08,0,,,,0,0,False
23,plate6,1,1,0.0,1e-08,0,,,,0,0,False
23,plate6,1,2,0.0,1e-08,0,,,,0,0,False
23,plate6,1,4,0.0,1e-08,0,,,,0,0,False
23,plate6,1,8,0.0,1e-08,0,,,,0,0,False
23,plate6,1,16,0.0,1e-08,0,,,,0,0,False
23,plate6,1,32,0.0,1e-08,0,,,,0,0,False
23,plate6,1,64,0.0,1e-08,0,,,,0,0,False
23,plate6,1,80,0.0,1e-08,0,,,,0,0,False
23,plate6,1,92,0.0,1e-08,0,,,,0,0,False
23,plate6,2,0,0.0,1e-08,0,,,,0,0,False
23,plate6,2,1,0.125,1e-08,0,11784231.662836522,12292743.375549316,,16,1488,False
23,plate6,2,2,0.25,1e-08,0,11263274.218269318,12292743.375549316,,16,1488,False
23,plate6,2,4,0.5,1e-08,0,10529636.213014014,12292743.375549316,,16,1488,False
23,plate6,2,8,0.75,1e-08,0,9950480.362347117,12292743.375549316,,16,1488,False
23,plate6,2,16,0.75,1e-08,0,9615410.379553027,12292743.375549316,,16,1488,False
23,plate6,2,32,1.0,1e-08,0,9376884.454083603,12292743.375549316,,16,1488,False
23,plate6,2,64,1.0,1e-08,0,9253780.550486447,12292743.375549316,,16,1488,False
23,plate6,2,80,1.0,1e-08,0,9239073.860661319,12292743.375549316,,16,1488,False
23,plate6,2,92,1.0,1e-08,0,9238742.729587914,12292743.375549316,,16,1488,False
23,plate6,4,0,0.0,1e-08,0,,,,0,0,False
23,plate6,4,1,0.25,100.0,2,22992939.744056758,20908727.554394364,20910122.712214455,32,2976,False
23,plate6,4,2,0.5,100.0,2,21828002.644121744,20886092.41357053,20887849.755715527,32,2976,False
23,plate6,4,4,0.5,1000.0,2,20579535.9328733,20874348.540376414,20879630.841706164,32,2976,False
23,plate6,4,8,0.75,1000.0,2,19307275.3833539,20844486.29249216,20847615.786060248,32,2976,False
23,plate6,4,16,0.75,1000.0,2,18717801.181599695,20831422.497472197,20832943.822025068,32,2976,False
23,plate6,4,32,1.0,1000.0,2,18200306.821565636,20825577.188162502,20826207.75737811,32,2976,False
23,plate6,4,64,1.0,1000.0,2,17959101.180623807,20820483.031874824,20820545.805635795,32,2976,False
23,plate6,4,80,1.0,1000.0,2,17931050.511343285,20820686.028486565,20820715.528667863,32,2976,False
23,plate6,4,92,1.0,1000.0,2,17930136.604698796,20820637.28971248,20820667.86877968,32,2976,False
23,plate6,8,0,0.0,1e-08,0,,,,0,0,False
23,plate6,8,1,0.25,100.0,4,29130696.187127743,29639613.71781189,29676279.92046108,40,3720,False
23,plate6,8,2,0.5,1000.0,4,27549010.46563333,29623199.065930277,29666787.959619794,40,3720,False
23,plate6,8,4,0.75,1000.0,4,26071907.349838503,29610467.982766096,29658269.547918018,40,3720,False
23,plate6,8,8,0.75,1000.0,4,24448130.143541116,29591819.48289604,29640844.72453995,40,3720,False
23,plate6,8,16,1.0,1000.0,4,23697517.705013964,29580749.8307485,29633167.669939626,40,3720,False
23,plate6,8,32,1.0,1000.0,4,23019607.536445964,29574700.72571055,29629688.099177122,40,3720,False
23,plate6,8,64,1.0,1000.0,4,22711468.266279116,29570079.345787425,29626577.115322262,40,3720,False
23,plate6,8,80,1.0,1000.0,4,22674105.775937617,29569888.775950585,29626651.82650318,40,3720,False
23,plate6,8,92,1.0,1000.0,4,22672739.584576763,29569831.136077773,29626607.443125665,40,3720,False
23,plate6,16,0,0.0,1e-08,0,,,,0,0,False
23,plate6,16,1,0.25,1000.0,8,27518131.442780733,29072309.69784842,29104572.568641957,40,3720,False
23,plate6,16,2,0.5,1000.0,8,26023960.95182999,29049089.1765471,29089105.81171031,40,3720,False
23,plate6,16,4,0.5,1000.0,8,24627959.41738448,29034533.610234797,29068859.33545694,40,3720,False
23,plate6,16,8,0.75,1000.0,8,23093550.68920232,29008764.71368263,29047065.08979907,40,3720,False
23,plate6,16,16,1.0,1000.0,8,22386925.047501914,28991373.12657678,29036196.84102167,40,3720,False
23,plate6,16,32,1.0,1000.0,8,21746180.155080035,28981752.02752597,29031529.290609207,40,3720,False
23,plate6,16,64,1.0,1000.0,8,21455064.69913034,28976407.883369565,29028239.776631825,40,3720,False
23,plate6,16,80,1.0,1000.0,8,21419841.72112559,28975855.523485567,29028047.504970185,40,3720,False
23,plate6,16,92,1.0,1000.0,8,21418497.55847079,28975774.68747278,29027995.575667378,40,3720,False
23,plate6,24,0,0.0,1e-08,0,,,,0,0,False
23,plate6,24,1,0.25,1000.0,8,27087072.251699522,28908062.667191524,28936244.5941896,40,3720,False
23,plate6,24,2,0.5,1000.0,16,25612339.908998877,28867601.48273351,28896443.691124577,40,3720,False
23,plate6,24,4,0.75,1000.0,16,24234888.50845354,28846812.666707266,28869210.936096463,40,3720,False
23,plate6,24,8,0.75,1000.0,16,22728077.77632059,28819194.944647256,28837779.43422366,40,3720,False
23,plate6,24,16,1.0,1000.0,16,22030768.165506463,28800394.04038303,28819310.196518186,40,3720,False
23,plate6,24,32,1.0,1000.0,16,21399228.50551114,28786362.139885023,28807632.854397777,40,3720,False
23,plate6,24,64,1.0,1000.0,16,21112619.095443893,28780870.490130194,28803275.104970567,40,3720,False
23,plate6,24,80,1.0,1000.0,16,21077925.41835799,28779753.864586305,28802428.275564287,40,3720,False
23,plate6,24,92,1.0,1000.0,16,21076648.242359284,28779635.2040729,28802326.791409146,40,3720,False
23,plate6,32,0,0.0,1e-08,0,,,,0,0,False
23,plate6,32,1,0.25,1000.0,8,26873472.006501615,28817346.314214278,28837116.909786694,40,3720,False
23,plate6,32,2,0.5,1000.0,24,25408237.967080645,28771638.127343003,28794920.835925654,40,3720,False
23,plate6,32,4,0.75,1000.0,24,24041597.38086985,28747456.348301627,28764846.996409386,40,3720,False
23,plate6,32,8,0.75,1000.0,24,22547782.396531913,28715608.226706963,28728592.819569565,40,3720,False
23,plate6,32,16,1.0,1000.0,24,21856880.53246737,28690899.869535737,28703090.587332778,40,3720,False
23,plate6,32,32,1.0,1000.0,24,21229705.278520353,28675756.311839204,28689171.406975936,40,3720,False
23,plate6,32,64,1.0,1000.0,24,20945285.540273182,28667952.014004275,28682162.410053346,40,3720,False
23,plate6,32,80,1.0,1000.0,24,20910808.13554668,28666766.598904196,28681011.585541103,40,3720,False
23,plate6,32,92,1.0,1000.0,24,20909553.433972996,28666600.549274627,28680857.441463493,40,3720,False
23,plate6,40,0,0.0,1e-08,0,,,,0,0,False
23,plate6,40,1,0.25,1000.0,8,26767276.966365244,28754193.559318163,28783184.17138673,40,3720,False
23,plate6,40,2,0.5,1000.0,32,25307709.641011167,28706991.279937316,28733270.092059754,40,3720,False
23,plate6,40,4,0.75,1000.0,32,23946800.70850379,28680952.694600955,28699202.846154142,40,3720,False
23,plate6,40,8,0.75,1000.0,32,22458799.83958953,28648638.869272716,28662024.40763857,40,3720,False
23,plate6,40,16,1.0,1000.0,32,21770709.731667973,28622703.99668091,28634885.036638148,40,3720,False
23,plate6,40,32,1.0,1000.0,32,21145666.09497459,28605971.386601415,28619187.217157792,40,3720,False
23,plate6,40,64,1.0,1000.0,32,20862562.508383017,28597263.731790256,28610590.96342154,40,3720,False
23,plate6,40,80,1.0,1000.0,32,20828152.414169908,28595828.940443978,28609202.531575825,40,3720,False
23,plate6,40,92,1.0,1000.0,32,20826900.847883362,28595644.23169951,28609033.921844654,40,3720,False
23,plate6,49,0,0.0,1e-08,0,,,,0,0,False
23,plate6,49,1,0.25,1000.0,32,26687735.45656884,28698059.192841165,28736522.20619186,40,3720,False
23,plate6,49,2,0.5,1000.0,32,25232200.13269581,28649590.00384807,28681046.604324587,40,3720,False
23,plate6,49,4,0.75,1000.0,32,23874818.3535745,28622602.221853048,28648266.52641554,40,3720,False
23,plate6,49,8,0.75,1000.0,32,22391894.755441066,28586483.119048435,28608802.230451647,40,3720,False
23,plate6,49,16,1.0,1000.0,32,21705841.046631284,28558266.945136342,28580570.819875047,40,3720,False
23,plate6,49,32,1.0,1000.0,32,21082684.4827408,28542047.71283013,28566718.387644265,40,3720,False
23,plate6,49,64,1.0,1000.0,32,20800377.21832133,28532075.23013484,28558982.657084875,40,3720,False
23,plate6,49,80,1.0,1000.0,32,20766043.081736848,28530581.699410025,28557777.363502275,40,3720,False
23,plate6,49,92,1.0,1000.0,32,20764796.21997164,28530387.68035597,28557620.89066426,40,3720,False
23,plate14,1,0,0.0,1e-08,0,,,,0,0,False
23,plate14,1,1,0.0,1e-08,0,,,,0,0,False
23,plate14,1,2,0.0,1e-08,0,,,,0,0,False
23,plate14,1,4,0.0,1e-08,0,,,,0,0,False
23,plate14,1,8,0.0,1e-08,0,,,,0,0,False
23,plate14,1,16,0.0,1e-08,0,,,,0,0,False
23,plate14,1,32,0.0,1e-08,0,,,,0,0,False
23,plate14,1,64,0.0,1e-08,0,,,,0,0,False
23,plate14,1,80,0.0,1e-08,0,,,,0,0,False
23,plate14,1,92,0.0,1e-08,0,,,,0,0,False
23,plate14,2,0,0.0,1e-08,0,,,,0,0,False
23,plate14,2,1,0.5,1e-08,0,12216549.674539566,14637874.960647583,,16,1488,False
23,plate14,2,2,0.5,1e-08,0,11385780.282649815,14637874.960647583,,16,1488,False
23,plate14,2,4,0.75,1e-08,0,10717111.17277877,14637874.960647583,,16,1488,False
23,plate14,2,8,0.75,1e-08,0,10015341.61451778,14637874.960647583,,16,1488,False
23,plate14,2,16,1.0,1e-08,0,9569689.680520328,14637874.960647583,,16,1488,False
23,plate14,2,32,1.0,1e-08,0,9321777.496798635,14637874.960647583,,16,1488,False
23,plate14,2,64,1.0,1e-08,0,9187222.480121309,14637874.960647583,,16,1488,False
23,plate14,2,80,1.0,1e-08,0,9173453.646206576,14637874.960647583,,16,1488,False
23,plate14,2,92,1.0,1e-08,0,9172853.002125537,14637874.960647583,,16,1488,False
23,plate14,4,0,0.0,1e-08,0,,,,0,0,False
23,plate14,4,1,0.5,10.0,2,23426806.83313375,23878264.83352123,23878336.774256263,32,2976,False
23,plate14,4,2,0.5,100.0,2,21712645.42739035,23871317.963724572,23871743.747311503,32,2976,False
23,plate14,4,4,0.75,100.0,2,20321576.12467114,23865476.01957438,23865842.327289343,32,2976,False
23,plate14,4,8,0.75,1000.0,2,19142277.393637646,23862457.00692404,23863341.016969908,32,2976,False
23,plate14,4,16,1.0,1000.0,2,18309583.257838063,23861378.12646434,23862118.832747363,32,2976,False
23,plate14,4,32,1.0,1000.0,2,17837303.51462912,23861762.156326756,23862140.769902192,32,2976,False
23,plate14,4,64,1.0,1000.0,2,17571259.69788753,23860855.297626086,23860911.11554657,32,2976,False
23,plate14,4,80,1.0,1000.0,2,17543963.938171368,23860720.241119813,23860731.507074308,32,2976,False
23,plate14,4,92,1.0,1000.0,2,17543132.79883903,23860763.676262923,23860774.417138822,32,2976,False
23,plate14,8,0,0.0,1e-08,0,,,,0,0,False
23,plate14,8,1,0.5,100.0,4,29642041.244205542,32833233.558492757,32934681.721329544,40,3720,False
23,plate14,8,2,0.5,100.0,4,27199855.006162364,32822979.976585783,32923940.969801843,40,3720,False
23,plate14,8,4,0.75,100.0,4,25338478.76075304,32814667.878039528,32919020.38979007,40,3720,False
23,plate14,8,8,0.75,1000.0,4,23875061.780050687,32808245.634817198,32914405.7529643,40,3720,False
23,plate14,8,16,1.0,1000.0,4,22884858.116347414,32807175.215338506,32912920.532845028,40,3720,False
23,plate14,8,32,1.0,1000.0,4,22268210.32222683,32808091.63734275,32913363.613902096,40,3720,False
23,plate14,8,64,1.0,1000.0,4,21943910.500079527,32806260.686794624,32912231.91077547,40,3720,False
23,plate14,8,80,1.0,1000.0,4,21909566.79919608,32806024.503308445,32912044.57860554,40,3720,False
23,plate14,8,92,1.0,1000.0,4,21908406.86835112,32806018.5438743,32912040.311965894,40,3720,False
23,plate14,16,0,0.0,1e-08,0,,,,0,0,False
23,plate14,16,1,0.5,1000.0,8,28048612.81158275,32144048.958457466,32215829.878621683,40,3720,False
23,plate14,16,2,0.5,1000.0,8,25744369.079419762,32121250.634987626,32202027.706242137,40,3720,False
23,plate14,16,4,0.75,1000.0,8,23982639.425050735,32112531.282024782,32195076.537880693,40,3720,False
23,plate14,16,8,0.75,1000.0,8,22595876.468257617,32101268.56477062,32186920.581865173,40,3720,False
23,plate14,16,16,1.0,1000.0,8,21659118.476870377,32098068.366594702,32184975.58912621,40,3720,False
23,plate14,16,32,1.0,1000.0,8,21075265.285037063,32097874.80386652,32185142.952555627,40,3720,False
23,plate14,16,64,1.0,1000.0,8,20768531.137747433,32095843.984926242,32183911.291249014,40,3720,False
23,plate14,16,80,1.0,1000.0,8,20736011.245822985,32095405.587784577,32183665.66089373,40,3720,False
23,plate14,16,92,1.0,1000.0,8,20734927.210004047,32095389.023962706,32183666.870303627,40,3720,False
23,plate14,24,0,0.0,1e-08,0,,,,0,0,False
23,plate14,24,1,0.5,1000.0,16,27594321.01656874,31914991.521826256,31945670.276896067,40,3720,False
23,plate14,24,2,0.5,1000.0,16,25328142.28678989,31897663.579856914,31929840.67486459,40,3720,False
23,plate14,24,4,0.75,1000.0,16,23595182.93432504,31890742.540789437,31920164.970901325,40,3720,False
23,plate14,24,8,0.75,1000.0,16,22231619.66070149,31871309.08156588,31901759.242864814,40,3720,False
23,plate14,24,16,1.0,1000.0,16,21309214.117093813,31867713.42434464,31899237.73020981,40,3720,False
23,plate14,24,32,1.0,1000.0,16,20734704.199122563,31865924.63910474,31897697.998603173,40,3720,False
23,plate14,24,64,1.0,1000.0,16,20432525.793876123,31864032.390900962,31896029.546197813,40,3720,False
23,plate14,24,80,1.0,1000.0,16,20400533.254234124,31863427.739438824,31895589.894316446,40,3720,False
23,plate14,24,92,1.0,1000.0,16,20399459.20234768,31863387.507712755,31895568.8848854,40,3720,False
23,plate14,32,0,0.0,1e-08,0,,,,0,0,False
23,plate14,32,1,0.5,1000.0,24,27362844.874721,31798348.83405976,31832705.801757697,40,3720,False
23,plate14,32,2,0.5,1000.0,24,25115164.072450962,31779275.72942372,31809406.688443657,40,3720,False
23,plate14,32,4,0.75,1000.0,24,23399469.20660571,31761289.992276024,31786991.680766724,40,3720,False
23,plate14,32,8,0.75,1000.0,24,22047407.723285455,31738275.504652087,31763322.37593438,40,3720,False
23,plate14,32,16,1.0,1000.0,24,21133720.650814816,31733839.592915643,31759961.17825478,40,3720,False
23,plate14,32,32,1.0,1000.0,24,20563498.863857456,31732361.630531643,31758808.689676378,40,3720,False
23,plate14,32,64,1.0,1000.0,24,20263962.392903652,31729189.89395498,31755712.135991305,40,3720,False
23,plate14,32,80,1.0,1000.0,24,20232186.108338166,31728667.136121873,31755313.419729963,40,3720,False
23,plate14,32,92,1.0,1000.0,24,20231124.88092267,31728608.01575989,31755270.80901425,40,3720,False
23,plate14,40,0,0.0,1e-08,0,,,,0,0,False
23,plate14,40,1,0.5,1000.0,32,27249139.036623146,31727660.57408103,31768842.873205338,40,3720,False
23,plate14,40,2,0.5,1000.0,32,25009440.17189639,31707580.378981132,31736892.914355945,40,3720,False
23,plate14,40,4,0.75,1000.0,32,23301716.66251309,31686697.849801358,31707146.772451844,40,3720,False
23,plate14,40,8,0.75,1000.0,32,21955274.42895952,31660887.003381167,31678678.708404265,40,3720,False
23,plate14,40,16,1.0,1000.0,32,21046050.640328415,31655246.497252136,31673640.406115655,40,3720,False
23,plate14,40,32,1.0,1000.0,32,20478063.076787252,31652637.674746662,31671017.482869677,40,3720,False
23,plate14,40,64,1.0,1000.0,32,20179878.76042671,31648754.113128226,31667269.432119615,40,3720,False
23,plate14,40,80,1.0,1000.0,32,20148211.725848213,31648192.56620578,31666834.734480113,40,3720,False
23,plate14,40,92,1.0,1000.0,32,20147153.15459824,31648120.672117814,31666777.18411068,40,3720,False
23,plate14,49,0,0.0,1e-08,0,,,,0,0,False
23,plate14,49,1,0.5,1000.0,24,27162349.512525633,31669140.47704601,31713214.755822957,40,3720,False
23,plate14,49,2,0.5,1000.0,32,24929259.852605194,31644347.9079936,31680094.229113184,40,3720,False
23,plate14,49,4,0.75,1000.0,32,23227291.780636113,31621650.103675157,31650828.95074862,40,3720,False
23,plate14,49,8,0.75,1000.0,32,21885012.226381507,31593216.257573806,31622155.23511397,40,3720,False
23,plate14,49,16,1.0,1000.0,32,20978735.806307174,31585922.849672016,31617087.02312705,40,3720,False
23,plate14,49,32,1.0,1000.0,32,20412324.451743264,31583850.78780108,31614713.469525002,40,3720,False
23,plate14,49,64,1.0,1000.0,32,20115189.20379651,31579239.541681383,31611067.09705519,40,3720,False
23,plate14,49,80,1.0,1000.0,32,20083638.57831573,31578538.991757654,31610598.003303263,40,3720,False
23,plate14,49,92,1.0,1000.0,32,20082581.672716603,31578451.97808461,31610538.327686384,40,3720,False
24,plate6,1,0,0.0,1e-08,0,,,,0,0,False
24,plate6,1,1,0.0,1e-08,0,,,,0,0,False
24,plate6,1,2,0.0,1e-08,0,,,,0,0,False
24,plate6,1,4,0.0,1e-08,0,,,,0,0,False
24,plate6,1,8,0.0,1e-08,0,,,,0,0,False
24,plate6,1,16,0.0,1e-08,0,,,,0,0,False
24,plate6,1,32,0.0,1e-08,0,,,,0,0,False
24,plate6,1,64,0.0,1e-08,0,,,,0,0,False
24,plate6,1,80,0.0,1e-08,0,,,,0,0,False
24,plate6,1,92,0.0,1e-08,0,,,,0,0,False
24,plate6,2,0,0.0,1e-08,0,,,,0,0,False
24,plate6,2,1,0.25,1e-08,0,20541722.452796847,22549908.525730133,,16,1488,False
24,plate6,2,2,0.5,1e-08,0,19646207.740065604,22549908.525730133,,16,1488,False
24,plate6,2,4,0.5,1e-08,0,18468797.241552368,22549908.525730133,,16,1488,False
24,plate6,2,8,0.75,1e-08,0,17517826.054684952,22549908.525730133,,16,1488,False
24,plate6,2,16,0.75,1e-08,0,16871572.080994017,22549908.525730133,,16,1488,False
24,plate6,2,32,1.0,1e-08,0,16398723.521621263,22549908.525730133,,16,1488,False
24,plate6,2,64,1.0,1e-08,0,16101205.477406587,22549908.525730133,,16,1488,False
24,plate6,2,80,1.0,1e-08,0,16082988.228392167,22549908.525730133,,16,1488,False
24,plate6,2,92,1.0,1e-08,0,16080234.71310115,22549908.525730133,,16,1488,False
24,plate6,4,0,0.0,1e-08,0,,,,0,0,False
24,plate6,4,1,0.25,100.0,2,20363044.49126133,18905729.37139347,18911272.793373,32,2976,False
24,plate6,4,2,0.5,1000.0,2,19592705.342197772,18900264.602810606,18908914.864498265,32,2976,False
24,plate6,4,4,0.5,1000.0,2,18353338.477174517,18886072.326750517,18896223.651349083,32,2976,False
24,plate6,4,8,0.75,1000.0,2,17477378.47771185,18889289.84216989,18894465.1350687,32,2976,False
24,plate6,4,16,0.75,1000.0,2,16833725.25051988,18866261.052337598,18868370.19966573,32,2976,False
24,plate6,4,32,1.0,1000.0,2,16382037.307675416,18853147.436587196,18853770.090763014,32,2976,False
24,plate6,4,64,1.0,1000.0,2,16102832.374000372,18838152.82839974,18838217.84717515,32,2976,False
24,plate6,4,80,1.0,1000.0,2,16082072.653291732,18837542.141408145,18837596.036017425,32,2976,False
24,plate6,4,92,1.0,1000.0,2,16079991.5886018,18837452.59601978,18837506.059374776,32,2976,False
24,plate6,8,0,0.0,1e-08,0,,,,0,0,False
24,plate6,8,1,0.25,1000.0,4,19249562.424707044,19212031.683431033,19233583.029803354,40,3720,False
24,plate6,8,2,0.5,1000.0,4,18524566.12553373,19238394.19466442,19255869.72066256,40,3720,False
24,plate6,8,4,0.5,1000.0,4,17349809.54069995,19220350.32181341,19237423.671911884,40,3720,False
24,plate6,8,8,0.75,1000.0,4,16514484.717785094,19206386.559953704,19219413.10629033,40,3720,False
24,plate6,8,16,0.75,1000.0,4,15911450.722263198,19174465.7958463,19197487.712089356,40,3720,False
24,plate6,8,32,1.0,1000.0,4,15485742.799576122,19153651.077565912,19182206.211817794,40,3720,False
24,plate6,8,64,1.0,1000.0,4,15226654.880213289,19140938.229289018,19173281.995148025,40,3720,False
24,plate6,8,80,1.0,1000.0,4,15206050.211081311,19139855.37100336,19172829.21380366,40,3720,False
24,plate6,8,92,1.0,1000.0,4,15204225.379235197,19139809.50980521,19172798.968547724,40,3720,False
24,plate6,16,0,0.0,1e-08,0,,,,0,0,False
24,plate6,16,1,0.25,1000.0,8,17725943.147884727,18573825.945949756,18610894.516852755,40,3720,False
24,plate6,16,2,0.5,1000.0,8,17064247.350091394,18599433.013048436,18631310.401758622,40,3720,False
24,plate6,16,4,0.5,1000.0,8,15984130.022119604,18575862.522302836,18605233.790129766,40,3720,False
24,plate6,16,8,0.75,1000.0,8,15220251.336770399,18562808.017838385,18586316.170109194,40,3720,False
24,plate6,16,16,0.75,1000.0,8,14663485.833665095,18528285.017031666,18557370.03174017,40,3720,False
24,plate6,16,32,1.0,1000.0,8,14270877.765818981,18500985.915684216,18537009.956217766,40,3720,False
24,plate6,16,64,1.0,1000.0,8,14032853.507919038,18489049.675543673,18529430.20152049,40,3720,False
24,plate6,16,80,1.0,1000.0,8,14013892.449478956,18487738.201241188,18528732.317365456,40,3720,False
24,plate6,16,92,1.0,1000.0,8,14012194.398303417,18487662.240043424,18528678.879061006,40,3720,False
24,plate6,24,0,0.0,1e-08,0,,,,0,0,False
24,plate6,24,1,0.25,1000.0,8,17343005.932517264,18384770.974005874,18415977.98005557,40,3720,False
24,plate6,24,2,0.5,1000.0,8,16696287.539834026,18409177.638761006,18435187.92537399,40,3720,False
24,plate6,24,4,0.5,1000.0,16,15637234.977735886,18382040.483761333,18408326.30975072,40,3720,False
24,plate6,24,8,0.75,1000.0,16,14889047.552698322,18364821.886639256,18384594.48203008,40,3720,False
24,plate6,24,16,0.75,1000.0,16,14344331.272254614,18329193.902580004,18347971.128954977,40,3720,False
24,plate6,24,32,1.0,1000.0,16,13959999.422100458,18300206.228818316,18320284.33346075,40,3720,False
24,plate6,24,64,1.0,1000.0,16,13726901.173472526,18285682.476963993,18308326.127016883,40,3720,False
24,plate6,24,80,1.0,1000.0,16,13708385.915702565,18284043.361310586,18307032.06978324,40,3720,False
24,plate6,24,92,1.0,1000.0,16,13706705.539485756,18283939.83172972,18306938.177914884,40,3720,False
24,plate6,32,0,0.0,1e-08,0,,,,0,0,False
24,plate6,32,1,0.25,1000.0,8,17282933.34691855,18298939.72768729,18342818.440807104,40,3720,False
24,plate6,32,2,0.5,1000.0,24,16637835.378298238,18322641.1887093,18354276.771284536,40,3720,False
24,plate6,32,4,0.5,1000.0,24,15581633.725618307,18293799.979417875,18314640.152952917,40,3720,False
24,plate6,32,8,0.75,1000.0,24,14835735.903537475,18275031.535336927,18292652.270138197,40,3720,False
24,plate6,32,16,0.75,1000.0,24,14293333.654422687,18237640.965151478,18253170.35642211,40,3720,False
24,plate6,32,32,1.0,1000.0,24,13910302.401390448,18207456.431032214,18223278.216154248,40,3720,False
24,plate6,32,64,1.0,1000.0,24,13677826.984792825,18191572.652115997,18209150.57152578,40,3720,False
24,plate6,32,80,1.0,1000.0,24,13659433.941700986,18189706.06644853,18207446.26353484,40,3720,False
24,plate6,32,92,1.0,1000.0,24,13657754.506185787,18189578.25847427,18207328.87366315,40,3720,False
24,plate6,40,0,0.0,1e-08,0,,,,0,0,False
24,plate6,40,1,0.25,1000.0,16,17210770.35779342,18240565.914169174,18281420.234325033,40,3720,False
24,plate6,40,2,0.5,1000.0,16,16565374.421721872,18265945.338540755,18299669.081662677,40,3720,False
24,plate6,40,4,0.5,1000.0,32,15516531.777546404,18232162.754962236,18252719.68436658,40,3720,False
24,plate6,40,8,0.75,1000.0,32,14773220.931874637,18211843.40790936,18226221.77021013,40,3720,False
24,plate6,40,16,0.75,1000.0,32,14233111.450887071,18171483.7421688,18183253.29194983,40,3720,False
24,plate6,40,32,1.0,1000.0,32,13851227.242450476,18139762.557811264,18151834.09243582,40,3720,False
24,plate6,40,64,1.0,1000.0,32,13619721.701570733,18124203.757996753,18137091.824109074,40,3720,False
24,plate6,40,80,1.0,1000.0,32,13601494.103012463,18122068.05947967,18135198.636279017,40,3720,False
24,plate6,40,92,1.0,1000.0,32,13599818.905140543,18121919.51583217,18135060.62244545,40,3720,False
24,plate6,49,0,0.0,1e-08,0,,,,0,0,False
24,plate6,49,1,0.25,1000.0,16,17112627.580433544,18203338.148046337,18260025.807872344,40,3720,False
24,plate6,49,2,0.5,1000.0,24,16470837.498114076,18223288.581918843,18263858.12553962,40,3720,False
24,plate6,49,4,0.5,1000.0,32,15427949.800935578,18185381.153883293,18210018.386689298,40,3720,False
24,plate6,49,8,0.75,1000.0,32,14689812.754176399,18164299.66969534,18184057.43557908,40,3720,False
24,plate6,49,16,0.75,1000.0,32,14152557.782995626,18122310.221204292,18141258.834036853,40,3720,False
24,plate6,49,32,1.0,1000.0,32,13772604.94837041,18089314.71812959,18109955.61630268,40,3720,False
24,plate6,49,64,1.0,1000.0,32,13542240.59962854,18072561.350936547,18094674.36592993,40,3720,False
24,plate6,49,80,1.0,1000.0,32,13524173.88908568,18070447.607330725,18093088.987179633,40,3720,False
24,plate6,49,92,1.0,1000.0,32,13522511.821009796,18070281.965488017,18092956.911183305,40,3720,False
24,plate14,1,0,0.0,1e-08,0,,,,0,0,False
24,plate14,1,1,0.0,1e-08,0,,,,0,0,False
24,plate14,1,2,0.0,1e-08,0,,,,0,0,False
24,plate14,1,4,0.0,1e-08,0,,,,0,0,False
24,plate14,1,8,0.0,1e-08,0,,,,0,0,False
24,plate14,1,16,0.0,1e-08,0,,,,0,0,False
24,plate14,1,32,0.0,1e-08,0,,,,0,0,False
24,plate14,1,64,0.0,1e-08,0,,,,0,0,False
24,plate14,1,80,0.0,1e-08,0,,,,0,0,False
24,plate14,1,92,0.0,1e-08,0,,,,0,0,False
24,plate14,2,0,0.0,1e-08,0,,,,0,0,False
24,plate14,2,1,0.25,1e-08,0,22448610.89419639,25655474.777938843,,16,1488,False
24,plate14,2,2,0.5,1e-08,0,20339246.49790275,25655474.777938843,,16,1488,False
24,plate14,2,4,0.75,1e-08,0,18771083.84388654,25655474.777938843,,16,1488,False
24,plate14,2,8,0.75,1e-08,0,17547965.687051244,25655474.777938843,,16,1488,False
24,plate14,2,16,1.0,1e-08,0,16822054.015454415,25655474.777938843,,16,1488,False
24,plate14,2,32,1.0,1e-08,0,16273681.424673792,25655474.777938843,,16,1488,False
24,plate14,2,64,1.0,1e-08,0,16033364.417038232,25655474.777938843,,16,1488,False
24,plate14,2,80,1.0,1e-08,0,16007210.059416834,25655474.777938843,,16,1488,False
24,plate14,2,92,1.0,1e-08,0,16006449.452909071,25655474.777938843,,16,1488,False
24,plate14,4,0,0.0,1e-08,0,,,,0,0,False
24,plate14,4,1,0.25,100.0,2,22771456.451249637,22442131.93955393,22443351.372410417,32,2976,False
24,plate14,4,2,0.5,100.0,2,20635446.0086844,22417594.43165025,22418371.507007137,32,2976,False
24,plate14,4,4,0.75,1000.0,2,19040822.42325319,22400147.283203233,22401999.75640263,32,2976,False
24,plate14,4,8,0.75,1000.0,2,17857097.050803844,22403866.837464467,22404651.39889517,32,2976,False
24,plate14,4,16,1.0,1000.0,2,17104299.536028977,22394703.77159019,22395089.994813893,32,2976,False
24,plate14,4,32,1.0,1000.0,2,16552581.413537277,22387976.96925,22388120.51889589,32,2976,False
24,plate14,4,64,1.0,1000.0,2,16307220.317683633,22385771.596723136,22385791.99803682,32,2976,False
24,plate14,4,80,1.0,1000.0,2,16279822.88470059,22385340.144714404,22385362.40960035,32,2976,False
24,plate14,4,92,1.0,1000.0,2,16279037.874951797,22385325.87262037,22385349.34163494,32,2976,False
24,plate14,8,0,0.0,1e-08,0,,,,0,0,False
24,plate14,8,1,0.25,100.0,4,21347000.28128477,22616049.68450688,22651419.50947604,40,3720,False
24,plate14,8,2,0.5,1000.0,4,19347061.805505034,22590544.081912547,22630997.060162865,40,3720,False
24,plate14,8,4,0.75,1000.0,4,17850631.873751752,22567946.159650676,22614090.16507779,40,3720,False
24,plate14,8,8,0.75,1000.0,4,16760998.008577827,22566985.13401156,22613137.96434406,40,3720,False
24,plate14,8,16,1.0,1000.0,4,16050363.310046174,22559565.45218329,22607606.409323614,40,3720,False
24,plate14,8,32,1.0,1000.0,4,15536362.858673403,22552816.750372007,22602689.58560548,40,3720,False
24,plate14,8,64,1.0,1000.0,4,15307047.897758625,22550080.19819817,22601027.874317717,40,3720,False
24,plate14,8,80,1.0,1000.0,4,15281396.043088544,22549444.486912567,22600641.62304485,40,3720,False
24,plate14,8,92,1.0,1000.0,4,15280646.220335856,22549429.50846343,22600634.8334421,40,3720,False
24,plate14,16,0,0.0,1e-08,0,,,,0,0,False
24,plate14,16,1,0.25,1000.0,8,19706796.702703346,21837092.48841204,21878123.14402788,40,3720,False
24,plate14,16,2,0.5,1000.0,8,17851082.71921926,21808618.031600486,21852210.151081696,40,3720,False
24,plate14,16,4,0.75,1000.0,8,16472092.120967561,21784501.542193964,21832244.74333777,40,3720,False
24,plate14,16,8,0.75,1000.0,8,15472125.225163765,21784715.330939453,21828947.45747852,40,3720,False
24,plate14,16,16,1.0,1000.0,8,14817217.72349143,21776391.731161706,21823157.783733875,40,3720,False
24,plate14,16,32,1.0,1000.0,8,14342234.351847587,21767029.59079899,21818414.785095543,40,3720,False
24,plate14,16,64,1.0,1000.0,8,14130866.32503241,21763025.00470401,21816507.663009234,40,3720,False
24,plate14,16,80,1.0,1000.0,8,14107151.25893008,21762245.714353673,21816019.877843406,40,3720,False
24,plate14,16,92,1.0,1000.0,8,14106463.128302433,21762216.73351735,21816005.032651056,40,3720,False
24,plate14,24,0,0.0,1e-08,0,,,,0,0,False
24,plate14,24,1,0.25,1000.0,8,19287412.864288747,21605799.2728289,21631381.375964608,40,3720,False
24,plate14,24,2,0.5,1000.0,16,17469312.807507467,21572491.582033228,21602673.296547256,40,3720,False
24,plate14,24,4,0.75,1000.0,16,16116183.5524716,21545327.381635074,21574167.56527292,40,3720,False
24,plate14,24,8,0.75,1000.0,16,15136286.79458407,21542995.15878079,21569600.786199827,40,3720,False
24,plate14,24,16,1.0,1000.0,16,14495623.531368667,21533420.8798074,21561021.597242683,40,3720,False
24,plate14,24,32,1.0,1000.0,16,14030698.766952064,21521672.742642228,21551350.399495386,40,3720,False
24,plate14,24,64,1.0,1000.0,16,13824093.948056955,21516135.773442145,21547800.863304317,40,3720,False
24,plate14,24,80,1.0,1000.0,16,13800952.632647118,21515187.055701934,21547071.58486275,40,3720,False
24,plate14,24,92,1.0,1000.0,16,13800282.519905752,21515146.813040398,21547040.03754869,40,3720,False
24,plate14,32,0,0.0,1e-08,0,,,,0,0,False
24,plate14,32,1,0.25,1000.0,8,19210344.451329377,21516930.51482621,21549367.155125827,40,3720,False
24,plate14,32,2,0.5,1000.0,24,17399157.193030503,21480093.324001133,21506249.763600864,40,3720,False
24,plate14,32,4,0.75,1000.0,24,16053571.632251415,21449727.48956543,21472296.59103557,40,3720,False
24,plate14,32,8,0.75,1000.0,24,15077639.865445271,21449335.50552278,21472027.988713022,40,3720,False
24,plate14,32,16,1.0,1000.0,24,14440218.657731015,21438247.448312625,21460768.04920018,40,3720,False
24,plate14,32,32,1.0,1000.0,24,13976913.642623873,21424919.35832325,21448535.66640948,40,3720,False
24,plate14,32,64,1.0,1000.0,24,13770957.40616459,21418114.174494624,21442927.09321573,40,3720,False
24,plate14,32,80,1.0,1000.0,24,13747935.420243412,21417030.275766365,21441960.756345164,40,3720,False
24,plate14,32,92,1.0,1000.0,24,13747268.399228165,21416982.78428947,21441919.628221806,40,3720,False
24,plate14,40,0,0.0,1e-08,0,,,,0,0,False
24,plate14,40,1,0.25,1000.0,8,19116711.70235555,21440677.326633718,21479665.524541106,40,3720,False
24,plate14,40,2,0.5,1000.0,32,17315565.115449786,21405152.281661443,21430094.61918191,40,3720,False
24,plate14,40,4,0.75,1000.0,32,15978719.466366822,21374219.577205703,21392526.536524907,40,3720,False
24,plate14,40,8,0.75,1000.0,32,15007590.506789234,21373752.439486504,21390810.16598973,40,3720,False
24,plate14,40,16,1.0,1000.0,32,14372989.211551126,21361702.116323955,21378226.627334174,40,3720,False
24,plate14,40,32,1.0,1000.0,32,13911847.043288946,21346800.066374045,21363995.159715947,40,3720,False
24,plate14,40,64,1.0,1000.0,32,13706887.770368997,21339171.260071766,21357364.04239388,40,3720,False
24,plate14,40,80,1.0,1000.0,32,13683945.223974276,21337905.535134684,21356188.250621114,40,3720,False
24,plate14,40,92,1.0,1000.0,32,13683279.651878832,21337849.768565644,21356138.410654034,40,3720,False
24,plate14,49,0,0.0,1e-08,0,,,,0,0,False
24,plate14,49,1,0.25,1000.0,8,19007288.125367682,21395156.95883714,21435501.230370104,40,3720,False
24,plate14,49,2,0.5,1000.0,32,17215986.873027775,21357314.32397797,21388671.14077528,40,3720,False
24,plate14,49,4,0.75,1000.0,32,15887368.5058974,21322888.215584263,21350025.027111903,40,3720,False
24,plate14,49,8,0.75,1000.0,32,14922148.368667541,21322233.004899062,21348574.248906057,40,3720,False
24,plate14,49,16,1.0,1000.0,32,14291891.381641312,21309563.909742296,21336591.043071445,40,3720,False
24,plate14,49,32,1.0,1000.0,32,13833028.541262921,21293051.371135864,21322079.770585977,40,3720,False
24,plate14,49,64,1.0,1000.0,32,13629175.063139644,21284797.467387807,21315514.94529617,40,3720,False
24,plate14,49,80,1.0,1000.0,32,13606396.025429057,21283369.732307877,21314373.31506801,40,3720,False
24,plate14,49,92,1.0,1000.0,32,13605734.61812004,21283299.817971345,21314318.639320355,40,3720,False
25,plate6,1,0,0.0,1e-08,0,,,,0,0,False
25,plate6,1,1,0.0,1e-08,0,,,,0,0,False
25,plate6,1,2,0.0,1e-08,0,,,,0,0,False
25,plate6,1,4,0.0,1e-08,0,,,,0,0,False
25,plate6,1,8,0.0,1e-08,0,,,,0,0,False
25,plate6,1,16,0.0,1e-08,0,,,,0,0,False
25,plate6,1,32,0.0,1e-08,0,,,,0,0,False
25,plate6,1,64,0.0,1e-08,0,,,,0,0,False
25,plate6,1,80,0.0,1e-08,0,,,,0,0,False
25,plate6,1,92,0.0,1e-08,0,,,,0,0,False
25,plate6,2,0,0.0,1e-08,0,,,,0,0,False
25,plate6,2,1,0.25,1e-08,0,10081360.439238548,10916505.345890045,,16,1488,False
25,plate6,2,2,0.5,1e-08,0,9760795.4769966,10916505.345890045,,16,1488,False
25,plate6,2,4,0.5,1e-08,0,9350140.67581895,10916505.345890045,,16,1488,False
25,plate6,2,8,0.75,1e-08,0,8880659.367610998,10916505.345890045,,16,1488,False
25,plate6,2,16,0.75,1e-08,0,8569568.646617787,10916505.345890045,,16,1488,False
25,plate6,2,32,1.0,1e-08,0,8346877.852713734,10916505.345890045,,16,1488,False
25,plate6,2,64,1.0,1e-08,0,8195829.488166665,10916505.345890045,,16,1488,False
25,plate6,2,80,1.0,1e-08,0,8182507.766392618,10916505.345890045,,16,1488,False
25,plate6,2,92,1.0,1e-08,0,8182182.64923455,10916505.345890045,,16,1488,False
25,plate6,4,0,0.0,1e-08,0,,,,0,0,False
25,plate6,4,1,0.25,100.0,2,21590797.464098528,19912166.385007694,19915046.15970683,32,2976,False
25,plate6,4,2,0.5,100.0,2,20643327.644992586,19914803.664836626,19916999.747484438,32,2976,False
25,plate6,4,4,0.5,1000.0,2,19664921.079817783,19912641.53783,19919310.77989973,32,2976,False
25,plate6,4,8,0.75,1000.0,2,18574451.498318903,19904791.236268405,19907970.75604229,32,2976,False
25,plate6,4,16,0.75,1000.0,2,17937993.679875042,19916879.868072167,19918201.89054327,32,2976,False
25,plate6,4,32,1.0,1000.0,2,17462235.753852576,19907687.415310286,19908431.05185242,32,2976,False
25,plate6,4,64,1.0,1000.0,2,17175941.325598042,19894931.64617781,19895018.88637595,32,2976,False
25,plate6,4,80,1.0,1000.0,2,17147717.819797214,19893802.79809408,19893867.469449032,32,2976,False
25,plate6,4,92,1.0,1000.0,2,17146578.462328743,19893731.375430297,19893796.63448007,32,2976,False
25,plate6,8,0,0.0,1e-08,0,,,,0,0,False
25,plate6,8,1,0.25,100.0,4,20366388.474532776,19873710.231333226,19912953.547697615,40,3720,False
25,plate6,8,2,0.5,1000.0,4,19456310.23602443,19877325.538865097,19920549.550786432,40,3720,False
25,plate6,8,4,0.5,1000.0,4,18542671.868413903,19877404.114285436,19919628.219124008,40,3720,False
25,plate6,8,8,0.75,1000.0,4,17500806.7496887,19864240.68379311,19905880.109505814,40,3720,False
25,plate6,8,16,0.75,1000.0,4,16906799.808206566,19862043.489755746,19902289.553995855,40,3720,False
25,plate6,8,32,1.0,1000.0,4,16457248.783075,19850470.325541414,19892367.17727835,40,3720,False
25,plate6,8,64,1.0,1000.0,4,16185589.094428575,19841352.237521514,19886207.215313517,40,3720,False
25,plate6,8,80,1.0,1000.0,4,16159436.312340787,19840660.97927512,19885647.07778134,40,3720,False
25,plate6,8,92,1.0,1000.0,4,16158396.458449926,19840597.994864922,19885583.177648168,40,3720,False
25,plate6,16,0,0.0,1e-08,0,,,,0,0,False
25,plate6,16,1,0.25,100.0,8,18658699.761443656,19269321.65367598,19300569.178541616,40,3720,False
25,plate6,16,2,0.5,1000.0,8,17835669.75509848,19267548.948793586,19302993.09777408,40,3720,False
25,plate6,16,4,0.5,1000.0,8,16996869.6986389,19266882.024840243,19304652.005261876,40,3720,False
25,plate6,16,8,0.75,1000.0,8,16050034.651006866,19250248.188802615,19291832.827669926,40,3720,False
25,plate6,16,16,0.75,1000.0,8,15507277.181248127,19246219.90350637,19283500.444131833,40,3720,False
25,plate6,16,32,1.0,1000.0,8,15097193.955378316,19231367.721525595,19273046.18338044,40,3720,False
25,plate6,16,64,1.0,1000.0,8,14848522.436227314,19220377.64064093,19264787.550752066,40,3720,False
25,plate6,16,80,1.0,1000.0,8,14824324.039512148,19218917.822605487,19263776.608788304,40,3720,False
25,plate6,16,92,1.0,1000.0,8,14823399.20736727,19218836.579207886,19263724.349669617,40,3720,False
25,plate6,24,0,0.0,1e-08,0,,,,0,0,False
25,plate6,24,1,0.25,1000.0,16,18084277.48258896,19079524.831331816,19100629.05677877,40,3720,False
25,plate6,24,2,0.5,1000.0,16,17287799.569721986,19079713.932411462,19101977.028236814,40,3720,False
25,plate6,24,4,0.5,1000.0,16,16473576.874920778,19078435.78202842,19102356.4560148,40,3720,False
25,plate6,24,8,0.75,1000.0,16,15555605.053564833,19054580.344189513,19075956.186969098,40,3720,False
25,plate6,24,16,0.75,1000.0,16,15027131.413159396,19048984.277470045,19069863.696772184,40,3720,False
25,plate6,24,32,1.0,1000.0,16,14629963.592326216,19032965.269849196,19055282.30633739,40,3720,False
25,plate6,24,64,1.0,1000.0,16,14388619.821188483,19020860.059812084,19044334.971315663,40,3720,False
25,plate6,24,80,1.0,1000.0,16,14365061.302122368,19019214.288414836,19042859.919077385,40,3720,False
25,plate6,24,92,1.0,1000.0,16,14364160.169880327,19019118.71286238,19042772.679724593,40,3720,False
25,plate6,32,0,0.0,1e-08,0,,,,0,0,False
25,plate6,32,1,0.25,1000.0,24,17934004.932021122,18987956.180376235,19007699.874190155,40,3720,False
25,plate6,32,2,0.5,1000.0,24,17142222.671988126,18985874.22262772,19004531.720491294,40,3720,False
25,plate6,32,4,0.5,1000.0,24,16336450.87081795,18983089.87388129,19002176.915810484,40,3720,False
25,plate6,32,8,0.75,1000.0,24,15425676.723122152,18957850.231523603,18973095.883498613,40,3720,False
25,plate6,32,16,0.75,1000.0,24,14900990.52362836,18952357.862907846,18967013.627117313,40,3720,False
25,plate6,32,32,1.0,1000.0,24,14506980.783339636,18934881.40919019,18949906.415440865,40,3720,False
25,plate6,32,64,1.0,1000.0,24,14267402.129173432,18920327.032889783,18936497.84811616,40,3720,False
25,plate6,32,80,1.0,1000.0,24,14244024.271341411,18918567.473461527,18934904.76458407,40,3720,False
25,plate6,32,92,1.0,1000.0,24,14243117.939849779,18918467.312926408,18934809.724508766,40,3720,False
25,plate6,40,0,0.0,1e-08,0,,,,0,0,False
25,plate6,40,1,0.25,1000.0,32,17786660.29395372,18932652.82866663,18955673.880412217,40,3720,False
25,plate6,40,2,0.5,1000.0,32,17002572.007679503,18928080.97443437,18946472.725034393,40,3720,False
25,plate6,40,4,0.5,1000.0,32,16202696.679750353,18923753.276116613,18939905.7583642,40,3720,False
25,plate6,40,8,0.75,1000.0,32,15300453.343588684,18894203.219376795,18905841.224507764,40,3720,False
25,plate6,40,16,0.75,1000.0,32,14779424.360591143,18885807.588801835,18896812.016602013,40,3720,False
25,plate6,40,32,1.0,1000.0,32,14388729.381616585,18868000.953654446,18879175.748761397,40,3720,False
25,plate6,40,64,1.0,1000.0,32,14151067.874297338,18853321.420174323,18865161.447630715,40,3720,False
25,plate6,40,80,1.0,1000.0,32,14127853.845169941,18851260.69188736,18863160.083276365,40,3720,False
25,plate6,40,92,1.0,1000.0,32,14126951.517400682,18851142.420467686,18863048.56131889,40,3720,False
25,plate6,49,0,0.0,1e-08,0,,,,0,0,False
25,plate6,49,1,0.25,1000.0,32,17709392.106167108,18890074.088724624,18917724.62097002,40,3720,False
25,plate6,49,2,0.5,1000.0,32,16929977.24996316,18883422.277414173,18907583.854658622,40,3720,False
25,plate6,49,4,0.5,1000.0,32,16133591.013351642,18878825.721560877,18902938.565508217,40,3720,False
25,plate6,49,8,0.75,1000.0,32,15236175.447200911,18846290.450963292,18867962.50400153,40,3720,False
25,plate6,49,16,0.75,1000.0,32,14716158.891227528,18836809.932171732,18859808.48309012,40,3720,False
25,plate6,49,32,1.0,1000.0,32,14326650.801564012,18815898.413689565,18839705.29239982,40,3720,False
25,plate6,49,64,1.0,1000.0,32,14090342.648404663,18800137.8909293,18825663.87255371,40,3720,False
25,plate6,49,80,1.0,1000.0,32,14067181.254331863,18797934.44495295,18823739.41795918,40,3720,False
25,plate6,49,92,1.0,1000.0,32,14066279.244516872,18797786.01769739,18823602.0354177,40,3720,False
25,plate14,1,0,0.0,1e-08,0,,,,0,0,False
25,plate14,1,1,0.0,1e-08,0,,,,0,0,False
25,plate14,1,2,0.0,1e-08,0,,,,0,0,False
25,plate14,1,4,0.0,1e-08,0,,,,0,0,False
25,plate14,1,8,0.0,1e-08,0,,,,0,0,False
25,plate14,1,16,0.0,1e-08,0,,,,0,0,False
25,plate14,1,32,0.0,1e-08,0,,,,0,0,False
25,plate14,1,64,0.0,1e-08,0,,,,0,0,False
25,plate14,1,80,0.0,1e-08,0,,,,0,0,False
25,plate14,1,92,0.0,1e-08,0,,,,0,0,False
25,plate14,2,0,0.0,1e-08,0,,,,0,0,False
25,plate14,2,1,0.5,1e-08,0,11247492.199207783,13584939.972717285,,16,1488,False
25,plate14,2,2,0.5,1e-08,0,10516757.437728405,13584939.972717285,,16,1488,False
25,plate14,2,4,0.75,1e-08,0,9639931.509978022,13584939.972717285,,16,1488,False
25,plate14,2,8,0.75,1e-08,0,9146349.38785996,13584939.972717285,,16,1488,False
25,plate14,2,16,1.0,1e-08,0,8767203.600332752,13584939.972717285,,16,1488,False
25,plate14,2,32,1.0,1e-08,0,8513987.571590133,13584939.972717285,,16,1488,False
25,plate14,2,64,1.0,1e-08,0,8378945.3694229275,13584939.972717285,,16,1488,False
25,plate14,2,80,1.0,1e-08,0,8363755.035937549,13584939.972717285,,16,1488,False
25,plate14,2,92,1.0,1e-08,0,8363346.97929531,13584939.972717285,,16,1488,False
25,plate14,4,0,0.0,1e-08,0,,,,0,0,False
25,plate14,4,1,0.5,100.0,2,23836889.141380675,23939755.271770258,23940959.969664957,32,2976,False
25,plate14,4,2,0.5,100.0,2,21958746.605922103,23934460.015132874,23934859.50678241,32,2976,False
25,plate14,4,4,0.75,100.0,2,20232611.065218214,23927748.85769587,23928000.130980447,32,2976,False
25,plate14,4,8,0.75,100.0,2,19194244.752889477,23930304.57711649,23930427.559406836,32,2976,False
25,plate14,4,16,1.0,100.0,2,18352104.531711917,23934908.328795947,23934935.787876345,32,2976,False
25,plate14,4,32,1.0,100.0,2,17789741.40430765,23929513.583201095,23929514.544846464,32,2976,False
25,plate14,4,64,1.0,1000.0,2,17528744.049286697,23926331.46977784,23926333.53784714,32,2976,False
25,plate14,4,80,1.0,1000.0,2,17495008.617657065,23925690.789326306,23925708.169087414,32,2976,False
25,plate14,4,92,1.0,1000.0,2,17494290.661217786,23925675.359465078,23925693.893015396,32,2976,False
25,plate14,8,0,0.0,1e-08,0,,,,0,0,False
25,plate14,8,1,0.5,100.0,4,22334487.940275542,23756339.77904421,23801414.98570825,40,3720,False
25,plate14,8,2,0.5,100.0,4,20568802.541396584,23750480.1204863,23798649.88781726,40,3720,False
25,plate14,8,4,0.75,100.0,4,18952991.288898047,23739776.678638477,23790927.94468432,40,3720,False
25,plate14,8,8,0.75,1000.0,4,17965062.406164404,23740770.099504728,23791175.039803095,40,3720,False
25,plate14,8,16,1.0,1000.0,4,17187546.721480124,23742043.27921716,23790728.285656463,40,3720,False
25,plate14,8,32,1.0,1000.0,4,16669989.427377887,23738174.01954528,23788211.202479146,40,3720,False
25,plate14,8,64,1.0,1000.0,4,16424472.148165027,23735129.652495224,23787058.053270943,40,3720,False
25,plate14,8,80,1.0,1000.0,4,16393470.423964744,23734520.920558993,23786706.521307487,40,3720,False
25,plate14,8,92,1.0,1000.0,4,16392782.75324143,23734491.63054259,23786690.91458514,40,3720,False
25,plate14,16,0,0.0,1e-08,0,,,,0,0,False
25,plate14,16,1,0.5,1000.0,8,20484115.69365008,23030065.285987973,23072810.879683256,40,3720,False
25,plate14,16,2,0.5,1000.0,8,18871989.017043483,23014506.589232992,23064321.1381232,40,3720,False
25,plate14,16,4,0.75,1000.0,8,17386747.860943582,22997900.18517152,23052915.418788917,40,3720,False
25,plate14,16,8,0.75,1000.0,8,16483973.92549494,23000797.641179524,23055349.70467415,40,3720,False
25,plate14,16,16,1.0,1000.0,8,15768486.191921,23001027.300626777,23053495.91248292,40,3720,False
25,plate14,16,32,1.0,1000.0,8,15291425.115223829,22995511.492713064,23050663.75133308,40,3720,False
25,plate14,16,64,1.0,1000.0,8,15066274.91250639,22990693.56863908,23048155.943493612,40,3720,False
25,plate14,16,80,1.0,1000.0,8,15037757.65189358,22989849.054426298,23047759.80192462,40,3720,False
25,plate14,16,92,1.0,1000.0,8,15037124.09678288,22989805.555998158,23047735.832271088,40,3720,False
25,plate14,24,0,0.0,1e-08,0,,,,0,0,False
25,plate14,24,1,0.5,1000.0,16,19872603.468249347,22811612.203659646,22840523.940910514,40,3720,False
25,plate14,24,2,0.5,1000.0,16,18312579.34110937,22798393.65509302,22826810.270122446,40,3720,False
25,plate14,24,4,0.75,1000.0,16,16869145.60574739,22777935.78690572,22805352.555488728,40,3720,False
25,plate14,24,8,0.75,1000.0,16,15994675.535860699,22777092.911583405,22805784.74547417,40,3720,False
25,plate14,24,16,1.0,1000.0,16,15298158.402003385,22781420.135262545,22808166.40190814,40,3720,False
25,plate14,24,32,1.0,1000.0,16,14834901.554952145,22773684.038587607,22801531.35443919,40,3720,False
25,plate14,24,64,1.0,1000.0,16,14616658.700578738,22767331.521830574,22796521.661933895,40,3720,False
25,plate14,24,80,1.0,1000.0,16,14588892.785990408,22766114.80889982,22795623.31924322,40,3720,False
25,plate14,24,92,1.0,1000.0,16,14588275.329662347,22766057.939243484,22795580.37045757,40,3720,False
25,plate14,32,0,0.0,1e-08,0,,,,0,0,False
25,plate14,32,1,0.5,1000.0,24,19703516.853765804,22711432.257250577,22738114.763034116,40,3720,False
25,plate14,32,2,0.5,1000.0,24,18159312.04194699,22696970.72159763,22718348.583685588,40,3720,False
25,plate14,32,4,0.75,1000.0,24,16726387.731996106,22674978.126061067,22692988.056274533,40,3720,False
25,plate14,32,8,0.75,1000.0,24,15859520.427092366,22674978.69442283,22693445.72843379,40,3720,False
25,plate14,32,16,1.0,1000.0,24,15167710.062680844,22680026.296455372,22697801.831812188,40,3720,False
25,plate14,32,32,1.0,1000.0,24,14708603.374565182,22670440.035660736,22689211.446361776,40,3720,False
25,plate14,32,64,1.0,1000.0,24,14492212.086713959,22662456.400336742,22682058.400200184,40,3720,False
25,plate14,32,80,1.0,1000.0,24,14464620.36284933,22660936.45139102,22680783.54311083,40,3720,False
25,plate14,32,92,1.0,1000.0,24,14464006.63680412,22660864.323269635,22680721.99372549,40,3720,False
25,plate14,40,0,0.0,1e-08,0,,,,0,0,False
25,plate14,40,1,0.5,1000.0,32,19548332.31861153,22649060.003182247,22675313.063716784,40,3720,False
25,plate14,40,2,0.5,1000.0,32,18014822.340405688,22632458.259097025,22649629.02498606,40,3720,False
25,plate14,40,4,0.75,1000.0,32,16593694.550159777,22607787.247230165,22619899.95167239,40,3720,False
25,plate14,40,8,0.75,1000.0,32,15733572.603131201,22606079.74114405,22618244.670767605,40,3720,False
25,plate14,40,16,1.0,1000.0,32,15047456.859838963,22610464.469972868,22622385.97317103,40,3720,False
25,plate14,40,32,1.0,1000.0,32,14592060.926832333,22601130.346069124,22613999.663912065,40,3720,False
25,plate14,40,64,1.0,1000.0,32,14377422.33972547,22592648.547364544,22606141.93355421,40,3720,False
25,plate14,40,80,1.0,1000.0,32,14350033.634717274,22590787.539929584,22604477.978750475,40,3720,False
25,plate14,40,92,1.0,1000.0,32,14349422.238273352,22590707.523935672,22604407.99944298,40,3720,False
25,plate14,49,0,0.0,1e-08,0,,,,0,0,False
25,plate14,49,1,0.5,1000.0,32,19469692.12823857,22609898.55171491,22646187.238267567,40,3720,False
25,plate14,49,2,0.5,1000.0,32,17942445.5472311,22580208.52022212,22609263.394515235,40,3720,False
25,plate14,49,4,0.75,1000.0,32,16527267.884203508,22550701.224207398,22577107.476099707,40,3720,False
25,plate14,49,8,0.75,1000.0,32,15669503.470819745,22548236.804232977,22575538.036089756,40,3720,False
25,plate14,49,16,1.0,1000.0,32,14987186.396949252,22552543.25130388,22579879.32265424,40,3720,False
25,plate14,49,32,1.0,1000.0,32,14533761.856417043,22541674.354001638,22569671.462119438,40,3720,False
25,plate14,49,64,1.0,1000.0,32,14319810.099598998,22531893.462369457,22561177.887829583,40,3720,False
25,plate14,49,80,1.0,1000.0,32,14292562.99963883,22529769.010122146,22559498.73830117,40,3720,False
25,plate14,49,92,1.0,1000.0,32,14291954.13793937,22529681.25581955,22559428.781411473,40,3720,False
26,plate6,1,0,0.0,1e-08,0,,,,0,0,False
26,plate6,1,1,0.0,1e-08,0,,,,0,0,False
26,plate6,1,2,0.0,1e-08,0,,,,0,0,False
26,plate6,1,4,0.0,1e-08,0,,,,0,0,False
26,plate6,1,8,0.0,1e-08,0,,,,0,0,False
26,plate6,1,16,0.0,1e-08,0,,,,0,0,False
26,plate6,1,32,0.0,1e-08,0,,,,0,0,False
26,plate6,1,64,0.0,1e-08,0,,,,0,0,False
26,plate6,1,80,0.0,1e-08,0,,,,0,0,False
26,plate6,1,92,0.0,1e-08,0,,,,0,0,False
26,plate6,2,0,0.0,1e-08,0,,,,0,0,False
26,plate6,2,1,0.25,1e-08,0,14803636.392753363,16032286.161132812,,16,1488,False
26,plate6,2,2,0.5,1e-08,0,14235961.89303732,16032286.161132812,,16,1488,False
26,plate6,2,4,0.5,1e-08,0,13594426.476954341,16032286.161132812,,16,1488,False
26,plate6,2,8,0.75,1e-08,0,12871329.938883394,16032286.161132812,,16,1488,False
26,plate6,2,16,0.75,1e-08,0,12489300.155170986,16032286.161132812,,16,1488,False
26,plate6,2,32,1.0,1e-08,0,12171891.987585671,16032286.161132812,,16,1488,False
26,plate6,2,64,1.0,1e-08,0,11993303.07161548,16032286.161132812,,16,1488,False
26,plate6,2,80,1.0,1e-08,0,11975937.41450097,16032286.161132812,,16,1488,False
26,plate6,2,92,1.0,1e-08,0,11975461.645821203,16032286.161132812,,16,1488,False
26,plate6,4,0,0.0,1e-08,0,,,,0,0,False
26,plate6,4,1,0.25,100.0,2,15962459.268811699,15680623.790678862,15681540.9180464,32,2976,False
26,plate6,4,2,0.5,100.0,2,15356240.415228853,15695555.415928109,15696140.367974395,32,2976,False
26,plate6,4,4,0.5,100.0,2,14709496.195155328,15703084.852937553,15703526.081392562,32,2976,False
26,plate6,4,8,0.75,1000.0,2,13946931.026869487,15689954.325336648,15690751.538909923,32,2976,False
26,plate6,4,16,0.75,1000.0,2,13523512.05612877,15677202.426996069,15677825.01226947,32,2976,False
26,plate6,4,32,1.0,1000.0,2,13189016.442891542,15670402.439076768,15670599.661702223,32,2976,False
26,plate6,4,64,1.0,1000.0,2,12995706.232783351,15667879.061546994,15667914.406762172,32,2976,False
26,plate6,4,80,1.0,1000.0,2,12977651.93344953,15667267.95299034,15667284.811919393,32,2976,False
26,plate6,4,92,1.0,1000.0,2,12977091.692136647,15667247.683871582,15667264.957616987,32,2976,False
26,plate6,8,0,0.0,1e-08,0,,,,0,0,False
26,plate6,8,1,0.25,100.0,4,16693038.777782569,15953820.154211355,16031521.787479132,40,3720,False
26,plate6,8,2,0.5,100.0,4,16024582.26726882,15960525.988951309,16048126.64724675,40,3720,False
26,plate6,8,4,0.5,1000.0,4,15335518.068569578,15960966.120598434,16051015.49028618,40,3720,False
26,plate6,8,8,0.75,1000.0,4,14513480.346781323,15948785.114653919,16034193.081573447,40,3720,False
26,plate6,8,16,0.75,1000.0,4,14079795.429670775,15941594.898815863,16023206.217463536,40,3720,False
26,plate6,8,32,1.0,1000.0,4,13724386.439219877,15935200.17237343,16016241.886857899,40,3720,False
26,plate6,8,64,1.0,1000.0,4,13523561.749699004,15932384.052336873,16013214.859636877,40,3720,False
26,plate6,8,80,1.0,1000.0,4,13504266.500835067,15932377.960780574,16012994.236542854,40,3720,False
26,plate6,8,92,1.0,1000.0,4,13503586.20117012,15932347.718617123,16012964.419482075,40,3720,False
26,plate6,16,0,0.0,1e-08,0,,,,0,0,False
26,plate6,16,1,0.25,100.0,8,14930488.77649293,15333821.037183585,15380528.200564118,40,3720,False
26,plate6,16,2,0.5,1000.0,8,14346912.107581379,15338406.073920846,15382510.231822059,40,3720,False
26,plate6,16,4,0.5,1000.0,8,13738000.14322777,15345205.272580465,15385502.54648869,40,3720,False
26,plate6,16,8,0.75,1000.0,8,13019781.32809087,15330150.18145826,15369074.00182394,40,3720,False
26,plate6,16,16,0.75,1000.0,8,12630715.566792054,15316450.493289052,15359055.831731237,40,3720,False
26,plate6,16,32,1.0,1000.0,8,12319641.28803665,15303875.646725155,15351132.943007786,40,3720,False
26,plate6,16,64,1.0,1000.0,8,12139634.499089615,15295838.305117462,15346291.391393675,40,3720,False
26,plate6,16,80,1.0,1000.0,8,12122476.92535017,15295408.518605221,15346172.934883492,40,3720,False
26,plate6,16,92,1.0,1000.0,8,12121899.795081664,15295401.436322615,15346157.156381322,40,3720,False
26,plate6,24,0,0.0,1e-08,0,,,,0,0,False
26,plate6,24,1,0.25,1000.0,16,14545701.725433106,15128678.035431407,15159197.588176254,40,3720,False
26,plate6,24,2,0.5,1000.0,16,13980210.58799846,15135648.57400514,15167251.122539071,40,3720,False
26,plate6,24,4,0.5,1000.0,16,13388449.780581152,15142838.801340764,15173463.943398448,40,3720,False
26,plate6,24,8,0.75,1000.0,16,12689806.573961519,15125986.706744978,15153062.702000704,40,3720,False
26,plate6,24,16,0.75,1000.0,16,12310531.870815413,15108325.721611394,15133104.9907961,40,3720,False
26,plate6,24,32,1.0,1000.0,16,12008069.097666044,15094318.39698129,15120043.709603649,40,3720,False
26,plate6,24,64,1.0,1000.0,16,11832909.92714211,15083131.10881293,15110312.873948622,40,3720,False
26,plate6,24,80,1.0,1000.0,16,11816152.642593618,15082211.202652162,15109630.898098258,40,3720,False
26,plate6,24,92,1.0,1000.0,16,11815605.979110109,15082209.003087627,15109623.959518896,40,3720,False
26,plate6,32,0,0.0,1e-08,0,,,,0,0,False
26,plate6,32,1,0.25,1000.0,24,14382188.65862139,15023512.627984433,15050514.582696915,40,3720,False
26,plate6,32,2,0.5,1000.0,24,13822517.288395744,15030053.852503471,15058986.103465857,40,3720,False
26,plate6,32,4,0.5,1000.0,24,13237796.08013584,15035419.52573975,15061715.396900212,40,3720,False
26,plate6,32,8,0.75,1000.0,24,12547251.61539888,15017216.895257229,15039472.81944473,40,3720,False
26,plate6,32,16,0.75,1000.0,24,12171880.956358293,14998354.872800527,15018531.874658966,40,3720,False
26,plate6,32,32,1.0,1000.0,24,11872481.112535387,14983163.90918095,15002807.442248201,40,3720,False
26,plate6,32,64,1.0,1000.0,24,11699023.366989005,14970667.97902598,14991378.435616279,40,3720,False
26,plate6,32,80,1.0,1000.0,24,11682630.439099614,14969735.924350204,14990545.869270857,40,3720,False
26,plate6,32,92,1.0,1000.0,24,11682082.002027163,14969741.03268463,14990552.462404164,40,3720,False
26,plate6,40,0,0.0,1e-08,0,,,,0,0,False
26,plate6,40,1,0.25,1000.0,32,14229707.696654493,14955275.206391469,14981096.955842832,40,3720,False
26,plate6,40,2,0.5,1000.0,32,13678884.258505715,14959700.726022592,14987136.261391975,40,3720,False
26,plate6,40,4,0.5,1000.0,32,13100671.116086684,14961874.024380954,14984900.915233854,40,3720,False
26,plate6,40,8,0.75,1000.0,32,12418464.204743536,14942391.590617927,14961148.048990756,40,3720,False
26,plate6,40,16,0.75,1000.0,32,12046733.59412046,14923322.06590668,14940012.253299637,40,3720,False
26,plate6,40,32,1.0,1000.0,32,11750858.13044083,14907491.10338423,14923674.605650004,40,3720,False
26,plate6,40,64,1.0,1000.0,32,11579204.60962694,14894422.307749322,14911428.129052717,40,3720,False
26,plate6,40,80,1.0,1000.0,32,11562985.413904985,14893362.923478583,14910355.292635536,40,3720,False
26,plate6,40,92,1.0,1000.0,32,11562444.732918855,14893369.399800485,14910368.938403606,40,3720,False
26,plate6,49,0,0.0,1e-08,0,,,,0,0,False
26,plate6,49,1,0.25,1000.0,32,14099581.110469317,14910317.999334138,14938706.107125925,40,3720,False
26,plate6,49,2,0.5,1000.0,32,13558565.80477042,14914767.014611328,14942820.424050463,40,3720,False
26,plate6,49,4,0.5,1000.0,32,12983937.422651779,14915733.405732227,14942068.896540027,40,3720,False
26,plate6,49,8,0.75,1000.0,32,12308056.840508081,14894218.422374766,14918481.8132312,40,3720,False
26,plate6,49,16,0.75,1000.0,32,11939530.149717437,14874084.943018341,14897534.921301132,40,3720,False
26,plate6,49,32,1.0,1000.0,32,11646247.60486674,14856936.1315011,14882190.298939664,40,3720,False
26,plate6,49,64,1.0,1000.0,32,11476340.310350046,14842929.90075577,14869947.404563608,40,3720,False
26,plate6,49,80,1.0,1000.0,32,11460223.197059447,14841706.521351157,14868890.385817861,40,3720,False
26,plate6,49,92,1.0,1000.0,32,11459692.736544272,14841688.912801297,14868874.528946105,40,3720,False
26,plate14,1,0,0.0,1e-08,0,,,,0,0,False
26,plate14,1,1,0.0,1e-08,0,,,,0,0,False
26,plate14,1,2,0.0,1e-08,0,,,,0,0,False
26,plate14,1,4,0.0,1e-08,0,,,,0,0,False
26,plate14,1,8,0.0,1e-08,0,,,,0,0,False
26,plate14,1,16,0.0,1e-08,0,,,,0,0,False
26,plate14,1,32,0.0,1e-08,0,,,,0,0,False
26,plate14,1,64,0.0,1e-08,0,,,,0,0,False
26,plate14,1,80,0.0,1e-08,0,,,,0,0,False
26,plate14,1,92,0.0,1e-08,0,,,,0,0,False
26,plate14,2,0,0.0,1e-08,0,,,,0,0,False
26,plate14,2,1,0.5,1e-08,0,15106618.326415539,17645549.35574341,,16,1488,False
26,plate14,2,2,0.5,1e-08,0,14092178.085588455,17645549.35574341,,16,1488,False
26,plate14,2,4,0.75,1e-08,0,12963181.950918384,17645549.35574341,,16,1488,False
26,plate14,2,8,0.75,1e-08,0,12142600.631711738,17645549.35574341,,16,1488,False
26,plate14,2,16,1.0,1e-08,0,11647396.265563369,17645549.35574341,,16,1488,False
26,plate14,2,32,1.0,1e-08,0,11294573.003786363,17645549.35574341,,16,1488,False
26,plate14,2,64,1.0,1e-08,0,11120097.696288997,17645549.35574341,,16,1488,False
26,plate14,2,80,1.0,1e-08,0,11101898.819907261,17645549.35574341,,16,1488,False
26,plate14,2,92,1.0,1e-08,0,11101322.81840177,17645549.35574341,,16,1488,False
26,plate14,4,0,0.0,1e-08,0,,,,0,0,False
26,plate14,4,1,0.5,100.0,2,17467784.102634996,18600667.762962826,18601738.163859226,32,2976,False
26,plate14,4,2,0.5,100.0,2,16209597.060791584,18619636.174920246,18619804.62169463,32,2976,False
26,plate14,4,4,0.75,100.0,2,14896287.655654024,18607558.030543003,18607766.596790098,32,2976,False
26,plate14,4,8,0.75,1000.0,2,13960173.804869877,18597650.647820752,18597789.24011593,32,2976,False
26,plate14,4,16,1.0,1000.0,2,13398652.373154528,18596325.1632052,18596777.453504823,32,2976,False
26,plate14,4,32,1.0,1000.0,2,12993137.454292413,18593143.98118656,18593274.359850068,32,2976,False
26,plate14,4,64,1.0,1000.0,2,12794762.368288906,18592049.163062442,18592061.139216036,32,2976,False
26,plate14,4,80,1.0,1000.0,2,12773458.22142545,18591877.299748052,18591889.726000115,32,2976,False
26,plate14,4,92,1.0,1000.0,2,12772746.883665424,18591856.71821099,18591870.54106916,32,2976,False
26,plate14,8,0,0.0,1e-08,0,,,,0,0,False
26,plate14,8,1,0.5,100.0,4,18301529.733430266,19175974.171403613,19319728.05141509,40,3720,False
26,plate14,8,2,0.5,100.0,4,16983584.849251855,19189166.252951942,19343487.81134607,40,3720,False
26,plate14,8,4,0.75,1000.0,4,15613628.243694885,19181197.979448963,19334432.422365203,40,3720,False
26,plate14,8,8,0.75,1000.0,4,14650830.157703927,19171593.283606455,19321674.21153853,40,3720,False
26,plate14,8,16,1.0,1000.0,4,14063077.36858936,19168412.764371794,19315751.24572814,40,3720,False
26,plate14,8,32,1.0,1000.0,4,13638721.353902468,19164197.13715277,19311857.51706917,40,3720,False
26,plate14,8,64,1.0,1000.0,4,13429713.855488168,19161841.002564643,19310063.06261273,40,3720,False
26,plate14,8,80,1.0,1000.0,4,13407309.01736872,19161656.515825402,19309940.679007445,40,3720,False
26,plate14,8,92,1.0,1000.0,4,13406525.266709575,19161635.028494097,19309930.16367107,40,3720,False
26,plate14,16,0,0.0,1e-08,0,,,,0,0,False
26,plate14,16,1,0.5,100.0,8,16461549.528838878,18404464.839531478,18472000.244877048,40,3720,False
26,plate14,16,2,0.5,1000.0,8,15277668.04551149,18419384.2611577,18482654.303213596,40,3720,False
26,plate14,16,4,0.75,1000.0,8,14045248.805607412,18410178.65475117,18474926.303725384,40,3720,False
26,plate14,16,8,0.75,1000.0,8,13177151.693947636,18397947.38253631,18465703.824004065,40,3720,False
26,plate14,16,16,1.0,1000.0,8,12648993.52209045,18395259.728728812,18463561.25799938,40,3720,False
26,plate14,16,32,1.0,1000.0,8,12268163.977616217,18387614.484224215,18459775.813676897,40,3720,False
26,plate14,16,64,1.0,1000.0,8,12079664.54246369,18382936.745660976,18457343.623764705,40,3720,False
26,plate14,16,80,1.0,1000.0,8,12059370.61934033,18382620.653392304,18457290.909803726,40,3720,False
26,plate14,16,92,1.0,1000.0,8,12058665.37100603,18382585.58597919,18457275.55185776,40,3720,False
26,plate14,24,0,0.0,1e-08,0,,,,0,0,False
26,plate14,24,1,0.5,1000.0,16,16052504.446690999,18169744.58692962,18204592.86792352,40,3720,False
26,plate14,24,2,0.5,1000.0,16,14894396.948296387,18183555.53132097,18221412.03300955,40,3720,False
26,plate14,24,4,0.75,1000.0,16,13693047.671880122,18173502.602056343,18209179.39149518,40,3720,False
26,plate14,24,8,0.75,1000.0,16,12845322.600551918,18158611.79237673,18193747.893246785,40,3720,False
26,plate14,24,16,1.0,1000.0,16,12330402.549686112,18154939.210711338,18189224.54344615,40,3720,False
26,plate14,24,32,1.0,1000.0,16,11959250.200777259,18146915.202845734,18182946.695435613,40,3720,False
26,plate14,24,64,1.0,1000.0,16,11775519.143842686,18140433.085595116,18177732.318513777,40,3720,False
26,plate14,24,80,1.0,1000.0,16,11755776.339050328,18139939.003144905,18177468.21190781,40,3720,False
26,plate14,24,92,1.0,1000.0,16,11755082.79195376,18139892.18605243,18177435.763976365,40,3720,False
26,plate14,32,0,0.0,1e-08,0,,,,0,0,False
26,plate14,32,1,0.5,1000.0,24,15877228.366408803,18052093.85731438,18076317.334540665,40,3720,False
26,plate14,32,2,0.5,1000.0,24,14732978.478375638,18067926.05800797,18092545.664020393,40,3720,False
26,plate14,32,4,0.75,1000.0,24,13544965.463553261,18057094.62267753,18079363.34968761,40,3720,False
26,plate14,32,8,0.75,1000.0,24,12706154.031601971,18040558.256221432,18061565.46614104,40,3720,False
26,plate14,32,16,1.0,1000.0,24,12196030.126871482,18035053.324258555,18054962.674203865,40,3720,False
26,plate14,32,32,1.0,1000.0,24,11828866.94430479,18025563.699636567,18046346.35208679,40,3720,False
26,plate14,32,64,1.0,1000.0,24,11647161.715202443,18017691.87586921,18039510.089739606,40,3720,False
26,plate14,32,80,1.0,1000.0,24,11627602.456815979,18017197.812014,18039155.29090454,40,3720,False
26,plate14,32,92,1.0,1000.0,24,11626917.682772463,18017141.207962714,18039108.789596517,40,3720,False
26,plate14,40,0,0.0,1e-08,0,,,,0,0,False
26,plate14,40,1,0.5,1000.0,32,15713973.948486203,17983559.273578268,18004622.26803132,40,3720,False
26,plate14,40,2,0.5,1000.0,32,14584081.327614453,18000614.515212152,18020852.82937754,40,3720,False
26,plate14,40,4,0.75,1000.0,32,13408336.892007872,17989181.772326432,18005789.203822475,40,3720,False
26,plate14,40,8,0.75,1000.0,32,12576622.67239636,17970511.031274404,17984461.069682676,40,3720,False
26,plate14,40,16,1.0,1000.0,32,12071922.210878043,17964479.881817963,17977410.48495282,40,3720,False
26,plate14,40,32,1.0,1000.0,32,11708274.023563229,17953690.47240342,17967152.834092658,40,3720,False
26,plate14,40,64,1.0,1000.0,32,11528347.137162594,17945074.08234024,17959495.068388645,40,3720,False
26,plate14,40,80,1.0,1000.0,32,11508955.66124217,17944561.975814026,17959136.12551702,40,3720,False
26,plate14,40,92,1.0,1000.0,32,11508278.853889469,17944495.74011118,17959080.04621627,40,3720,False
26,plate14,49,0,0.0,1e-08,0,,,,0,0,False
26,plate14,49,1,0.5,1000.0,32,15576892.794963822,17938392.01946786,17967420.36334606,40,3720,False
26,plate14,49,2,0.5,1000.0,32,14459549.049407132,17955605.1437661,17980540.06702791,40,3720,False
26,plate14,49,4,0.75,1000.0,32,13293279.076604513,17942355.175017875,17964842.995352805,40,3720,False
26,plate14,49,8,0.75,1000.0,32,12467793.588140072,17921438.925319817,17944522.136295542,40,3720,False
26,plate14,49,16,1.0,1000.0,32,11967584.270058317,17914822.345295798,17937854.09107152,40,3720,False
26,plate14,49,32,1.0,1000.0,32,11606923.251768067,17902652.461322483,17928087.284634084,40,3720,False
26,plate14,49,64,1.0,1000.0,32,11428482.540935824,17893050.576179065,17920340.191325106,40,3720,False
26,plate14,49,80,1.0,1000.0,32,11409258.385460861,17892439.19032696,17919959.37552048,40,3720,False
26,plate14,49,92,1.0,1000.0,32,11408584.008503359,17892366.684034765,17919905.15608199,40,3720,False
27,plate6,1,0,0.0,1e-08,0,,,,0,0,False
27,plate6,1,1,0.0,1e-08,0,,,,0,0,False
27,plate6,1,2,0.0,1e-08,0,,,,0,0,False
27,plate6,1,4,0.0,1e-08,0,,,,0,0,False
27,plate6,1,8,0.0,1e-08,0,,,,0,0,False
27,plate6,1,16,0.0,1e-08,0,,,,0,0,False
27,plate6,1,32,0.0,1e-08,0,,,,0,0,False
27,plate6,1,64,0.0,1e-08,0,,,,0,0,False
27,plate6,1,80,0.0,1e-08,0,,,,0,0,False
27,plate6,1,92,0.0,1e-08,0,,,,0,0,False
27,plate6,2,0,0.0,1e-08,0,,,,0,0,False
27,plate6,2,1,0.25,1e-08,0,25178882.72922206,27301142.147838593,,16,1488,False
27,plate6,2,2,0.5,1e-08,0,24006455.766756415,27301142.147838593,,16,1488,False
27,plate6,2,4,0.5,1e-08,0,22687813.02299852,27301142.147838593,,16,1488,False
27,plate6,2,8,0.75,1e-08,0,21346708.14145678,27301142.147838593,,16,1488,False
27,plate6,2,16,0.75,1e-08,0,20630973.881171785,27301142.147838593,,16,1488,False
27,plate6,2,32,1.0,1e-08,0,20065132.02156835,27301142.147838593,,16,1488,False
27,plate6,2,64,1.0,1e-08,0,19772897.647133064,27301142.147838593,,16,1488,False
27,plate6,2,80,1.0,1e-08,0,19744099.410175625,27301142.147838593,,16,1488,False
27,plate6,2,92,1.0,1e-08,0,19743526.20877922,27301142.147838593,,16,1488,False
27,plate6,4,0,0.0,1e-08,0,,,,0,0,False
27,plate6,4,1,0.25,100.0,2,31159653.126968253,27563244.436656877,27565458.481309477,32,2976,False
27,plate6,4,2,0.5,100.0,2,29586140.892499667,27568253.185658973,27569696.020481713,32,2976,False
27,plate6,4,4,0.5,1000.0,2,28033675.14242945,27569207.295846693,27569938.69087856,32,2976,False
27,plate6,4,8,0.75,100.0,2,26375745.405688457,27565373.56933108,27565484.136893068,32,2976,False
27,plate6,4,16,0.75,1000.0,2,25513607.48740738,27559327.15558758,27559384.126276854,32,2976,False
27,plate6,4,32,1.0,100.0,2,24816526.88630156,27549653.48807843,27549656.08285848,32,2976,False
27,plate6,4,64,1.0,1000.0,2,24415148.29429761,27545140.008016244,27545161.32588987,32,2976,False
27,plate6,4,80,1.0,100.0,2,24379445.85612498,27544904.398612007,27544905.802481607,32,2976,False
27,plate6,4,92,1.0,100.0,2,24377606.90416984,27545009.289441276,27545010.658566017,32,2976,False
27,plate6,8,0,0.0,1e-08,0,,,,0,0,False
27,plate6,8,1,0.25,100.0,4,33109649.74578869,33617590.71649825,33731505.638967045,40,3720,False
27,plate6,8,2,0.5,1000.0,4,31511855.136974372,33614187.21144123,33726831.96862657,40,3720,False
27,plate6,8,4,0.5,1000.0,4,29786000.0032723,33605351.9216768,33719245.17303944,40,3720,False
27,plate6,8,8,0.75,1000.0,4,28032583.11627825,33595837.16408987,33711549.27540346,40,3720,False
27,plate6,8,16,0.75,1000.0,4,27098438.61794233,33587924.084249705,33705621.63622768,40,3720,False
27,plate6,8,32,1.0,1000.0,4,26363855.480241854,33580599.57071187,33700700.98604957,40,3720,False
27,plate6,8,64,1.0,1000.0,4,25949883.961082272,33575880.71831517,33696551.18215993,40,3720,False
27,plate6,8,80,1.0,1000.0,4,25912936.93989647,33575891.713199064,33696507.26489355,40,3720,False
27,plate6,8,92,1.0,1000.0,4,25911190.59951811,33576070.85410454,33696653.771773055,40,3720,False
27,plate6,16,0,0.0,1e-08,0,,,,0,0,False
27,plate6,16,1,0.25,1000.0,8,31235368.42066819,32958113.91348245,32998842.324222077,40,3720,False
27,plate6,16,2,0.5,1000.0,8,29721146.720772356,32956738.294417184,32995080.78770554,40,3720,False
27,plate6,16,4,0.5,1000.0,8,28091311.73469143,32941213.457790866,32975391.77081406,40,3720,False
27,plate6,16,8,0.75,1000.0,8,26433337.1836164,32923590.718681626,32959143.94040418,40,3720,False
27,plate6,16,16,0.75,1000.0,8,25551509.24140018,32911287.40109833,32950357.252630774,40,3720,False
27,plate6,16,32,1.0,1000.0,8,24856916.569943972,32899512.4887422,32941963.798789967,40,3720,False
27,plate6,16,64,1.0,1000.0,8,24465812.146163315,32890320.54874261,32935470.68918274,40,3720,False
27,plate6,16,80,1.0,1000.0,8,24430831.488581378,32890466.436433025,32935552.761461783,40,3720,False
27,plate6,16,92,1.0,1000.0,8,24429191.167897772,32890622.869743284,32935626.61875424,40,3720,False
27,plate6,24,0,0.0,1e-08,0,,,,0,0,False
27,plate6,24,1,0.25,1000.0,16,30718807.50121029,32776821.766580332,32816322.097898703,40,3720,False
27,plate6,24,2,0.5,1000.0,16,29227483.031637512,32771923.260135133,32802319.67933375,40,3720,False
27,plate6,24,4,0.5,1000.0,16,27621155.040586945,32754830.375777017,32778764.27629521,40,3720,False
27,plate6,24,8,0.75,1000.0,16,25988822.122145884,32730779.286525685,32753627.077634003,40,3720,False
27,plate6,24,16,0.75,1000.0,16,25121590.72262358,32715142.967523765,32740211.040330697,40,3720,False
27,plate6,24,32,1.0,1000.0,16,24438512.759471845,32703698.72776304,32730060.33731305,40,3720,False
27,plate6,24,64,1.0,1000.0,16,24053415.31857304,32691146.63757017,32719156.638626464,40,3720,False
27,plate6,24,80,1.0,1000.0,16,24018948.842641402,32690852.739338722,32718631.682518087,40,3720,False
27,plate6,24,92,1.0,1000.0,16,24017317.44874708,32691101.012351334,32718840.310248956,40,3720,False
27,plate6,32,0,0.0,1e-08,0,,,,0,0,False
27,plate6,32,1,0.25,1000.0,24,30454133.860682808,32663489.798203256,32708133.79483871,40,3720,False
27,plate6,32,2,0.5,1000.0,24,28976356.728571042,32653919.83511577,32682232.25405982,40,3720,False
27,plate6,32,4,0.5,1000.0,24,27384955.88691428,32645671.15211196,32666117.015903726,40,3720,False
27,plate6,32,8,0.75,1000.0,24,25766472.908880867,32613553.83672023,32629702.836811453,40,3720,False
27,plate6,32,16,0.75,1000.0,24,24907213.03778849,32595659.258753568,32610968.22880365,40,3720,False
27,plate6,32,32,1.0,1000.0,24,24230249.28162673,32582209.33160656,32598336.11976783,40,3720,False
27,plate6,32,64,1.0,1000.0,24,23848011.902423035,32566761.333644506,32584425.21661574,40,3720,False
27,plate6,32,80,1.0,1000.0,24,23813802.369838048,32566828.35609006,32584377.27562533,40,3720,False
27,plate6,32,92,1.0,1000.0,24,23812169.02050352,32567123.22642057,32584638.308072373,40,3720,False
27,plate6,40,0,0.0,1e-08,0,,,,0,0,False
27,plate6,40,1,0.25,1000.0,16,30288250.647329424,32600591.319430444,32651170.87922332,40,3720,False
27,plate6,40,2,0.5,1000.0,32,28819402.075373176,32587179.095968734,32619836.130899776,40,3720,False
27,plate6,40,4,0.5,1000.0,32,27236792.677223984,32575411.81472832,32598712.35376647,40,3720,False
27,plate6,40,8,0.75,1000.0,32,25627745.732401583,32541394.31080294,32558719.306080353,40,3720,False
27,plate6,40,16,0.75,1000.0,32,24773439.212423954,32522743.864316944,32537364.97263514,40,3720,False
27,plate6,40,32,1.0,1000.0,32,24100490.04378159,32510102.190658994,32524386.027944006,40,3720,False
27,plate6,40,64,1.0,1000.0,32,23720294.208033375,32491902.533404775,32507467.7139193,40,3720,False
27,plate6,40,80,1.0,1000.0,32,23686190.289547607,32491873.41296759,32507457.999690942,40,3720,False
27,plate6,40,92,1.0,1000.0,32,23684555.006548937,32492222.692412823,32507783.467269868,40,3720,False
27,plate6,49,0,0.0,1e-08,0,,,,0,0,False
27,plate6,49,1,0.25,1000.0,16,30193661.404031992,32574658.47791086,32613578.151651654,40,3720,False
27,plate6,49,2,0.5,1000.0,32,28728771.676950153,32549778.282522492,32583763.784038864,40,3720,False
27,plate6,49,4,0.5,1000.0,32,27151330.192003537,32534214.479360636,32561876.652594417,40,3720,False
27,plate6,49,8,0.75,1000.0,32,25547611.55709484,32494408.949250042,32518232.899440434,40,3720,False
27,plate6,49,16,0.75,1000.0,32,24695915.64416825,32473595.279911086,32496534.0302184,40,3720,False
27,plate6,49,32,1.0,1000.0,32,24025222.90510186,32460468.822334573,32484176.293800876,40,3720,False
27,plate6,49,64,1.0,1000.0,32,23646126.75154862,32440100.02764035,32467000.888727438,40,3720,False
27,plate6,49,80,1.0,1000.0,32,23612093.912345674,32440215.4162872,32466985.901943192,40,3720,False
27,plate6,49,92,1.0,1000.0,32,23610458.364283346,32440543.16166531,32467244.107913096,40,3720,False
27,plate14,1,0,0.0,1e-08,0,,,,0,0,False
27,plate14,1,1,0.0,1e-08,0,,,,0,0,False
27,plate14,1,2,0.0,1e-08,0,,,,0,0,False
27,plate14,1,4,0.0,1e-08,0,,,,0,0,False
27,plate14,1,8,0.0,1e-08,0,,,,0,0,False
27,plate14,1,16,0.0,1e-08,0,,,,0,0,False
27,plate14,1,32,0.0,1e-08,0,,,,0,0,False
27,plate14,1,64,0.0,1e-08,0,,,,0,0,False
27,plate14,1,80,0.0,1e-08,0,,,,0,0,False
27,plate14,1,92,0.0,1e-08,0,,,,0,0,False
27,plate14,2,0,0.0,1e-08,0,,,,0,0,False
27,plate14,2,1,0.25,1e-08,0,27578357.71511486,31301111.78515625,,16,1488,False
27,plate14,2,2,0.5,1e-08,0,25282632.892192394,31301111.78515625,,16,1488,False
27,plate14,2,4,0.75,1e-08,0,23483380.014487773,31301111.78515625,,16,1488,False
27,plate14,2,8,0.75,1e-08,0,22095671.058307514,31301111.78515625,,16,1488,False
27,plate14,2,16,1.0,1e-08,0,21208215.21290499,31301111.78515625,,16,1488,False
27,plate14,2,32,1.0,1e-08,0,20599334.76234836,31301111.78515625,,16,1488,False
27,plate14,2,64,1.0,1e-08,0,20275124.613874193,31301111.78515625,,16,1488,False
27,plate14,2,80,1.0,1e-08,0,20243438.68710307,31301111.78515625,,16,1488,False
27,plate14,2,92,1.0,1e-08,0,20242495.52332601,31301111.78515625,,16,1488,False
27,plate14,4,0,0.0,1e-08,0,,,,0,0,False
27,plate14,4,1,0.25,100.0,2,34301083.455042005,31647020.096174635,31648640.454374176,32,2976,False
27,plate14,4,2,0.5,100.0,2,31176222.053952746,31638244.665672567,31638866.780966487,32,2976,False
27,plate14,4,4,0.75,100.0,2,28659986.89478066,31631470.77640316,31631699.68325606,32,2976,False
27,plate14,4,8,0.75,100.0,2,26969279.595772583,31636990.30870184,31637078.364161633,32,2976,False
27,plate14,4,16,1.0,1000.0,2,25876620.77883224,31635949.44610604,31636294.015812285,32,2976,False
27,plate14,4,32,1.0,1000.0,2,25118082.57822573,31631327.407181658,31631363.870338436,32,2976,False
27,plate14,4,64,1.0,1000.0,2,24721157.19625508,31628118.19912054,31628126.83480335,32,2976,False
27,plate14,4,80,1.0,1000.0,2,24680614.437099416,31627812.07721858,31627828.938915122,32,2976,False
27,plate14,4,92,1.0,1000.0,2,24679403.889735628,31627806.369042385,31627823.881502688,32,2976,False
27,plate14,8,0,0.0,1e-08,0,,,,0,0,False
27,plate14,8,1,0.25,100.0,4,36244267.49415812,38328472.92157947,38512509.522863925,40,3720,False
27,plate14,8,2,0.5,100.0,4,33030626.392798316,38318414.66533387,38500150.01340635,40,3720,False
27,plate14,8,4,0.75,1000.0,4,30350151.954969905,38302434.575872496,38487124.53471369,40,3720,False
27,plate14,8,8,0.75,1000.0,4,28538229.22510535,38302121.2768571,38488550.7775691,40,3720,False
27,plate14,8,16,1.0,1000.0,4,27414136.09984762,38301362.941488676,38485846.29075786,40,3720,False
27,plate14,8,32,1.0,1000.0,4,26605755.44233694,38295461.58114117,38481396.36386238,40,3720,False
27,plate14,8,64,1.0,1000.0,4,26187085.938321564,38291819.72043569,38478765.36646446,40,3720,False
27,plate14,8,80,1.0,1000.0,4,26144146.29093093,38291298.58596545,38478417.84151573,40,3720,False
27,plate14,8,92,1.0,1000.0,4,26142781.5606557,38291295.726960234,38478422.42390117,40,3720,False
27,plate14,16,0,0.0,1e-08,0,,,,0,0,False
27,plate14,16,1,0.25,1000.0,8,34161297.634058334,37530591.70647386,37581143.36078659,40,3720,False
27,plate14,16,2,0.5,1000.0,8,31142765.674919166,37521632.128137626,37567481.066171065,40,3720,False
27,plate14,16,4,0.75,1000.0,8,28623637.688623425,37493180.77509099,37542502.79176766,40,3720,False
27,plate14,16,8,0.75,1000.0,8,26914833.646509074,37492452.4568743,37542409.867099255,40,3720,False
27,plate14,16,16,1.0,1000.0,8,25855173.6310809,37489220.424906544,37538966.18796141,40,3720,False
27,plate14,16,32,1.0,1000.0,8,25091858.897245694,37480990.592454195,37533724.78050824,40,3720,False
27,plate14,16,64,1.0,1000.0,8,24696880.264305286,37475372.199591205,37530536.547945075,40,3720,False
27,plate14,16,80,1.0,1000.0,8,24656248.944721054,37474566.915259734,37530036.13870297,40,3720,False
27,plate14,16,92,1.0,1000.0,8,24654964.862629004,37474596.90329896,37530062.673953064,40,3720,False
27,plate14,24,0,0.0,1e-08,0,,,,0,0,False
27,plate14,24,1,0.25,1000.0,16,33610808.26342554,37322424.46681725,37359786.004559174,40,3720,False
27,plate14,24,2,0.5,1000.0,16,30636515.576433633,37308663.40296648,37333336.106524125,40,3720,False
27,plate14,24,4,0.75,1000.0,16,28153208.29313053,37277148.28478812,37301286.15148677,40,3720,False
27,plate14,24,8,0.75,1000.0,16,26470215.70998508,37277319.33099823,37301232.77112196,40,3720,False
27,plate14,24,16,1.0,1000.0,16,25427279.927580744,37274544.832644306,37298720.801081814,40,3720,False
27,plate14,24,32,1.0,1000.0,16,24676432.813922264,37264581.47411101,37290175.4260682,40,3720,False
27,plate14,24,64,1.0,1000.0,16,24287997.437602334,37256753.47634921,37284072.68287697,40,3720,False
27,plate14,24,80,1.0,1000.0,16,24248075.508545626,37255851.07349325,37283336.3179362,40,3720,False
27,plate14,24,92,1.0,1000.0,16,24246812.76419837,37255890.47266433,37283368.279401705,40,3720,False
27,plate14,32,0,0.0,1e-08,0,,,,0,0,False
27,plate14,32,1,0.25,1000.0,24,33340141.75750146,37204992.244830534,37245290.93887383,40,3720,False
27,plate14,32,2,0.5,1000.0,24,30389584.407712054,37186287.85471535,37209316.58307011,40,3720,False
27,plate14,32,4,0.75,1000.0,24,27924932.188045636,37150557.84153822,37170892.49079889,40,3720,False
27,plate14,32,8,0.75,1000.0,24,26254281.41042391,37148277.07690897,37168068.132968396,40,3720,False
27,plate14,32,16,1.0,1000.0,24,25218558.159969464,37145428.220875025,37165172.310018934,40,3720,False
27,plate14,32,32,1.0,1000.0,24,24473711.47808077,37134386.97897046,37154463.07394255,40,3720,False
27,plate14,32,64,1.0,1000.0,24,24088598.765225675,37124371.7042534,37146282.81878049,40,3720,False
27,plate14,32,80,1.0,1000.0,24,24049009.491152525,37123158.05974824,37145221.821575664,40,3720,False
27,plate14,32,92,1.0,1000.0,24,24047757.489559878,37123214.79524041,37145270.85488742,40,3720,False
27,plate14,40,0,0.0,1e-08,0,,,,0,0,False
27,plate14,40,1,0.25,1000.0,32,33164584.325742535,37141219.79868543,37182877.01800357,40,3720,False
27,plate14,40,2,0.5,1000.0,32,30227452.143186733,37118025.55588366,37139270.02993356,40,3720,False
27,plate14,40,4,0.75,1000.0,32,27773818.506824844,37076469.13297033,37092220.26072469,40,3720,False
27,plate14,40,8,0.75,1000.0,32,26111661.99380567,37073320.13788824,37087744.564427674,40,3720,False
27,plate14,40,16,1.0,1000.0,32,25080611.767505303,37069842.74493699,37083595.07390197,40,3720,False
27,plate14,40,32,1.0,1000.0,32,24339924.99072755,37058448.833739445,37072439.26530275,40,3720,False
27,plate14,40,64,1.0,1000.0,32,23957169.077086378,37046640.47253094,37062066.28167899,40,3720,False
27,plate14,40,80,1.0,1000.0,32,23917809.7520198,37045249.35147698,37060792.04856826,40,3720,False
27,plate14,40,92,1.0,1000.0,32,23916562.315831352,37045309.33062422,37060848.40711299,40,3720,False
27,plate14,49,0,0.0,1e-08,0,,,,0,0,False
27,plate14,49,1,0.25,1000.0,24,33059894.76590113,37102182.61426654,37150231.13461694,40,3720,False
27,plate14,49,2,0.5,1000.0,32,30131561.963197783,37070649.90113357,37099832.27409644,40,3720,False
27,plate14,49,4,0.75,1000.0,32,27685629.903020248,37024957.96318652,37049668.95870847,40,3720,False
27,plate14,49,8,0.75,1000.0,32,26029254.743542895,37018572.4923834,37044438.30362074,40,3720,False
27,plate14,49,16,1.0,1000.0,32,25001621.102286126,37015595.34333188,37041848.4663339,40,3720,False
27,plate14,49,32,1.0,1000.0,32,24263004.72622358,37002131.33214956,37029360.267188735,40,3720,False
27,plate14,49,64,1.0,1000.0,32,23881469.422156,36988150.5055076,37018237.887115456,40,3720,False
27,plate14,49,80,1.0,1000.0,32,23842227.21564934,36986561.16763902,37017023.76140585,40,3720,False
27,plate14,49,92,1.0,1000.0,32,23840979.722517945,36986636.00527602,37017092.99734717,40,3720,False
28,plate6,1,0,0.0,1e-08,0,,,,0,0,False
28,plate6,1,1,0.0,1e-08,0,,,,0,0,False
28,plate6,1,2,0.0,1e-08,0,,,,0,0,False
28,plate6,1,4,0.0,1e-08,0,,,,0,0,False
28,plate6,1,8,0.0,1e-08,0,,,,0,0,False
28,plate6,1,16,0.0,1e-08,0,,,,0,0,False
28,plate6,1,32,0.0,1e-08,0,,,,0,0,False
28,plate6,1,64,0.0,1e-08,0,,,,0,0,False
28,plate6,1,80,0.0,1e-08,0,,,,0,0,False
28,plate6,1,92,0.0,1e-08,0,,,,0,0,False
28,plate6,2,0,0.0,1e-08,0,,,,0,0,False
28,plate6,2,1,0.25,1e-08,0,7996042.106222391,8584884.842437744,,16,1488,False
28,plate6,2,2,0.5,1e-08,0,7742159.725770116,8584884.842437744,,16,1488,False
28,plate6,2,4,0.5,1e-08,0,7312195.04163906,8584884.842437744,,16,1488,False
28,plate6,2,8,0.75,1e-08,0,6942973.304254804,8584884.842437744,,16,1488,False
28,plate6,2,16,0.75,1e-08,0,6766555.24442848,8584884.842437744,,16,1488,False
28,plate6,2,32,1.0,1e-08,0,6624183.8818368185,8584884.842437744,,16,1488,False
28,plate6,2,64,1.0,1e-08,0,6526468.160964895,8584884.842437744,,16,1488,False
28,plate6,2,80,1.0,1e-08,0,6515739.045408177,8584884.842437744,,16,1488,False
28,plate6,2,92,1.0,1e-08,0,6515220.179105087,8584884.842437744,,16,1488,False
28,plate6,4,0,0.0,1e-08,0,,,,0,0,False
28,plate6,4,1,0.25,100.0,2,11087571.84618159,11096979.928690968,11101351.36777144,32,2976,False
28,plate6,4,2,0.5,1000.0,2,10720772.021680435,11053162.295029406,11059350.819799114,32,2976,False
28,plate6,4,4,0.5,1000.0,2,10060979.415891621,11035486.610969115,11040138.628108924,32,2976,False
28,plate6,4,8,0.75,1000.0,2,9539553.292222908,11036911.464109987,11040633.605707096,32,2976,False
28,plate6,4,16,0.75,1000.0,2,9274147.15003841,11037266.918670341,11039461.823565638,32,2976,False
28,plate6,4,32,1.0,1000.0,2,9063646.249275452,11036746.708244639,11037493.174284192,32,2976,False
28,plate6,4,64,1.0,1000.0,2,8926041.284205372,11021129.882940266,11021173.169749476,32,2976,False
28,plate6,4,80,1.0,1000.0,2,8911575.302164936,11020933.88679524,11020980.5766786,32,2976,False
28,plate6,4,92,1.0,1000.0,2,8911006.465006696,11020874.22419138,11020921.959174339,32,2976,False
28,plate6,8,0,0.0,1e-08,0,,,,0,0,False
28,plate6,8,1,0.25,1000.0,4,11383788.990518332,11354550.264278617,11370981.719001656,40,3720,False
28,plate6,8,2,0.5,1000.0,4,11002730.344922477,11335888.519334713,11357476.814195301,40,3720,False
28,plate6,8,4,0.5,1000.0,4,10328288.23242407,11309371.758604484,11339600.473235564,40,3720,False
28,plate6,8,8,0.75,1000.0,4,9783418.742318999,11298404.449763903,11331851.952263009,40,3720,False
28,plate6,8,16,0.75,1000.0,4,9508096.72746025,11292342.952397594,11327874.135869486,40,3720,False
28,plate6,8,32,1.0,1000.0,4,9284663.047835536,11287254.719277943,11325871.447507424,40,3720,False
28,plate6,8,64,1.0,1000.0,4,9143328.152070105,11276950.480032524,11321377.337708129,40,3720,False
28,plate6,8,80,1.0,1000.0,4,9128723.22604333,11276495.829753574,11321250.023555694,40,3720,False
28,plate6,8,92,1.0,1000.0,4,9128127.590258388,11276441.353233509,11321208.818292249,40,3720,False
28,plate6,16,0,0.0,1e-08,0,,,,0,0,False
28,plate6,16,1,0.25,1000.0,8,10940368.431260135,10841127.802131878,10868211.482356444,40,3720,False
28,plate6,16,2,0.5,1000.0,8,10564219.883662624,10824703.773973288,10852541.149449324,40,3720,False
28,plate6,16,4,0.5,1000.0,8,9922187.747613888,10793091.411769215,10829779.996336598,40,3720,False
28,plate6,16,8,0.75,1000.0,8,9397897.42143296,10780636.478201048,10820592.593822492,40,3720,False
28,plate6,16,16,0.75,1000.0,8,9135072.693358114,10772874.380896017,10815213.321228169,40,3720,False
28,plate6,16,32,1.0,1000.0,8,8921867.23499723,10766447.149527887,10811684.107622717,40,3720,False
28,plate6,16,64,1.0,1000.0,8,8786283.302459477,10758891.953842409,10807863.472962147,40,3720,False
28,plate6,16,80,1.0,1000.0,8,8771852.130136203,10757916.247610116,10807424.879715135,40,3720,False
28,plate6,16,92,1.0,1000.0,8,8771247.508004438,10757844.064530568,10807379.886473749,40,3720,False
28,plate6,24,0,0.0,1e-08,0,,,,0,0,False
28,plate6,24,1,0.25,1000.0,8,10520187.68576818,10641895.631127652,10672292.108812694,40,3720,False
28,plate6,24,2,0.5,1000.0,16,10161347.245883007,10625651.950510858,10652632.951105606,40,3720,False
28,plate6,24,4,0.5,1000.0,16,9542752.362840893,10595615.97770486,10618384.151868504,40,3720,False
28,plate6,24,8,0.75,1000.0,16,9038035.041659664,10582883.435425993,10604979.829830196,40,3720,False
28,plate6,24,16,0.75,1000.0,16,8786029.865510296,10575641.10062318,10597886.556540968,40,3720,False
28,plate6,24,32,1.0,1000.0,16,8579699.200775936,10569632.103930818,10592880.680680789,40,3720,False
28,plate6,24,64,1.0,1000.0,16,8449899.538404087,10561238.841128953,10586020.989785701,40,3720,False
28,plate6,24,80,1.0,1000.0,16,8436258.723016432,10560178.44469621,10585026.516084759,40,3720,False
28,plate6,24,92,1.0,1000.0,16,8435697.91752462,10560088.354588762,10584954.553761728,40,3720,False
28,plate6,32,0,0.0,1e-08,0,,,,0,0,False
28,plate6,32,1,0.25,1000.0,16,10289996.294002196,10555408.670507902,10596004.48721725,40,3720,False
28,plate6,32,2,0.5,1000.0,24,9938161.79592661,10541925.99109534,10571049.725189567,40,3720,False
28,plate6,32,4,0.5,1000.0,24,9334695.93287624,10507831.174026454,10527741.509893987,40,3720,False
28,plate6,32,8,0.75,1000.0,24,8841353.991821514,10492966.547643635,10510248.57424696,40,3720,False
28,plate6,32,16,0.75,1000.0,24,8595594.754122602,10484814.892020632,10500416.966830546,40,3720,False
28,plate6,32,32,1.0,1000.0,24,8393480.236336822,10478750.965793027,10495061.726673303,40,3720,False
28,plate6,32,64,1.0,1000.0,24,8266544.470779245,10468285.943664543,10485068.789427226,40,3720,False
28,plate6,32,80,1.0,1000.0,24,8253211.865889931,10466889.749413619,10483670.073878467,40,3720,False
28,plate6,32,92,1.0,1000.0,24,8252655.700765805,10466780.210255614,10483577.852244582,40,3720,False
28,plate6,40,0,0.0,1e-08,0,,,,0,0,False
28,plate6,40,1,0.25,1000.0,32,10158438.61579676,10498957.727172265,10542627.905230852,40,3720,False
28,plate6,40,2,0.5,1000.0,32,9811266.769936573,10483679.235858386,10510205.91605019,40,3720,False
28,plate6,40,4,0.5,1000.0,32,9215442.12890571,10447033.150773467,10463489.47917206,40,3720,False
28,plate6,40,8,0.75,1000.0,32,8728513.830776602,10430903.249399649,10445428.194028387,40,3720,False
28,plate6,40,16,0.75,1000.0,32,8486593.581212465,10422384.981076203,10436373.648444701,40,3720,False
28,plate6,40,32,1.0,1000.0,32,8287223.715341716,10416673.865204183,10430694.200100454,40,3720,False
28,plate6,40,64,1.0,1000.0,32,8161837.320009496,10404438.999243835,10418548.107881203,40,3720,False
28,plate6,40,80,1.0,1000.0,32,8148666.205382886,10402896.73228597,10416953.528457012,40,3720,False
28,plate6,40,92,1.0,1000.0,32,8148124.125359966,10402784.009254247,10416851.63741621,40,3720,False
28,plate6,49,0,0.0,1e-08,0,,,,0,0,False
28,plate6,49,1,0.25,1000.0,32,10072702.522623645,10459514.458096083,10509424.604016844,40,3720,False
28,plate6,49,2,0.5,1000.0,32,9729801.905155925,10443440.566990154,10475536.654790202,40,3720,False
28,plate6,49,4,0.5,1000.0,32,9139566.831456017,10403959.02001827,10428440.04019027,40,3720,False
28,plate6,49,8,0.75,1000.0,32,8657691.058865743,10386742.003953591,10411072.312770685,40,3720,False
28,plate6,49,16,0.75,1000.0,32,8417700.831042992,10377940.415287916,10402362.13720294,40,3720,False
28,plate6,49,32,1.0,1000.0,32,8220800.289288404,10372315.766257528,10397470.001417823,40,3720,False
28,plate6,49,64,1.0,1000.0,32,8096333.936984706,10358314.924885627,10385073.691384561,40,3720,False
28,plate6,49,80,1.0,1000.0,32,8083249.590620183,10356666.810035555,10383652.550803812,40,3720,False
28,plate6,49,92,1.0,1000.0,32,8082717.822788124,10356534.39366127,10383537.577544192,40,3720,False
28,plate14,1,0,0.0,1e-08,0,,,,0,0,False
28,plate14,1,1,0.0,1e-08,0,,,,0,0,False
28,plate14,1,2,0.0,1e-08,0,,,,0,0,False
28,plate14,1,4,0.0,1e-08,0,,,,0,0,False
28,plate14,1,8,0.0,1e-08,0,,,,0,0,False
28,plate14,1,16,0.0,1e-08,0,,,,0,0,False
28,plate14,1,32,0.0,1e-08,0,,,,0,0,False
28,plate14,1,64,0.0,1e-08,0,,,,0,0,False
28,plate14,1,80,0.0,1e-08,0,,,,0,0,False
28,plate14,1,92,0.0,1e-08,0,,,,0,0,False
28,plate14,2,0,0.0,1e-08,0,,,,0,0,False
28,plate14,2,1,0.25,1e-08,0,10596291.802171707,11849648.283294678,,16,1488,False
28,plate14,2,2,0.5,1e-08,0,9628452.462254167,11849648.283294678,,16,1488,False
28,plate14,2,4,0.75,1e-08,0,8718475.248618927,11849648.283294678,,16,1488,False
28,plate14,2,8,0.75,1e-08,0,8089123.806269041,11849648.283294678,,16,1488,False
28,plate14,2,16,1.0,1e-08,0,7734211.178530838,11849648.283294678,,16,1488,False
28,plate14,2,32,1.0,1e-08,0,7516900.197034115,11849648.283294678,,16,1488,False
28,plate14,2,64,1.0,1e-08,0,7399083.4360446045,11849648.283294678,,16,1488,False
28,plate14,2,80,1.0,1e-08,0,7387713.365612986,11849648.283294678,,16,1488,False
28,plate14,2,92,1.0,1e-08,0,7387297.272087113,11849648.283294678,,16,1488,False
28,plate14,4,0,0.0,1e-08,0,,,,0,0,False
28,plate14,4,1,0.25,1.0,2,13640240.227161247,14391801.069093445,14391801.672499996,32,2976,False
28,plate14,4,2,0.5,100.0,2,12346556.678492641,14370997.84972424,14371067.790574474,32,2976,False
28,plate14,4,4,0.75,100.0,2,11210627.082928207,14352170.296312205,14352201.001336869,32,2976,False
28,plate14,4,8,0.75,1e-08,2,10421473.966160003,14342487.749666154,14342487.749666156,32,2976,False
28,plate14,4,16,1.0,1000.0,2,9955581.765505962,14337739.496360542,14337773.487958428,32,2976,False
28,plate14,4,32,1.0,1000.0,2,9673809.483269323,14336439.235010741,14336496.811976304,32,2976,False
28,plate14,4,64,1.0,1000.0,2,9523615.85845236,14334558.03751588,14334562.309736406,32,2976,False
28,plate14,4,80,1.0,1000.0,2,9508568.975329695,14334393.133075409,14334414.72348724,32,2976,False
28,plate14,4,92,1.0,1000.0,2,9508088.44033964,14334371.98226801,14334394.842916986,32,2976,False
28,plate14,8,0,0.0,1e-08,0,,,,0,0,False
28,plate14,8,1,0.25,100.0,4,14192865.157070449,15004175.288516013,15066984.177562965,40,3720,False
28,plate14,8,2,0.5,100.0,4,12849106.204928782,15007768.115391254,15065301.344677638,40,3720,False
28,plate14,8,4,0.75,100.0,4,11667097.490291264,14985897.90679797,15048632.830195932,40,3720,False
28,plate14,8,8,0.75,100.0,4,10856231.89142873,14970114.36765562,15037998.913292475,40,3720,False
28,plate14,8,16,1.0,1000.0,4,10367523.006523158,14962124.34509821,15031738.665785568,40,3720,False
28,plate14,8,32,1.0,1000.0,4,10074788.593071517,14958213.102807557,15029463.901851602,40,3720,False
28,plate14,8,64,1.0,1000.0,4,9918753.184903946,14955156.860153208,15027562.012839694,40,3720,False
28,plate14,8,80,1.0,1000.0,4,9903065.252745345,14954872.994105695,15027390.875695903,40,3720,False
28,plate14,8,92,1.0,1000.0,4,9902554.459966894,14954855.286267847,15027382.565341394,40,3720,False
28,plate14,16,0,0.0,1e-08,0,,,,0,0,False
28,plate14,16,1,0.25,100.0,8,13570330.31568189,14352124.064087423,14399254.572134145,40,3720,False
28,plate14,16,2,0.5,1000.0,8,12283839.746775432,14349779.462574998,14394191.609910918,40,3720,False
28,plate14,16,4,0.75,1000.0,8,11156695.522244548,14325268.789697548,14379465.627476355,40,3720,False
28,plate14,16,8,0.75,1000.0,8,10384897.375284798,14308870.970794188,14369144.970036285,40,3720,False
28,plate14,16,16,1.0,1000.0,8,9918924.893364338,14298661.984437369,14361661.519422268,40,3720,False
28,plate14,16,32,1.0,1000.0,8,9638397.789182464,14296351.716452118,14360658.858854009,40,3720,False
28,plate14,16,64,1.0,1000.0,8,9489343.671882013,14291774.093931645,14357926.358750954,40,3720,False
28,plate14,16,80,1.0,1000.0,8,9474270.682110382,14291225.027497789,14357640.411449812,40,3720,False
28,plate14,16,92,1.0,1000.0,8,9473785.417957818,14291189.333613064,14357620.734795967,40,3720,False
28,plate14,24,0,0.0,1e-08,0,,,,0,0,False
28,plate14,24,1,0.25,1000.0,16,13078016.816236403,14125680.293154003,14148482.36696945,40,3720,False
28,plate14,24,2,0.5,1000.0,16,11832919.154880965,14119516.275586572,14142030.888486484,40,3720,False
28,plate14,24,4,0.75,1000.0,16,10745439.12951633,14092593.33372109,14115238.91487536,40,3720,False
28,plate14,24,8,0.75,1000.0,16,10003056.291624766,14074990.93962608,14098880.222007852,40,3720,False
28,plate14,24,16,1.0,1000.0,16,9552940.15789314,14064787.617603196,14089603.418461906,40,3720,False
28,plate14,24,32,1.0,1000.0,16,9282594.44520262,14061391.728355885,14087511.287366644,40,3720,False
28,plate14,24,64,1.0,1000.0,16,9138693.792446533,14056072.880277338,14083776.591216037,40,3720,False
28,plate14,24,80,1.0,1000.0,16,9124215.991173122,14055455.694727488,14083193.107885925,40,3720,False
28,plate14,24,92,1.0,1000.0,16,9123745.9347361,14055400.153623778,14083155.74989083,40,3720,False
28,plate14,32,0,0.0,1e-08,0,,,,0,0,False
28,plate14,32,1,0.25,1000.0,24,12812609.087599793,14023149.943125408,14045028.257368261,40,3720,False
28,plate14,32,2,0.5,1000.0,24,11587780.037242595,14020849.918285146,14043358.021521894,40,3720,False
28,plate14,32,4,0.75,1000.0,24,10520942.719639126,13991187.555400806,14009466.17556893,40,3720,False
28,plate14,32,8,0.75,1000.0,24,9793650.839806288,13970670.655095117,13986966.036331857,40,3720,False
28,plate14,32,16,1.0,1000.0,24,9353754.98763968,13958293.62672533,13974650.646992657,40,3720,False
28,plate14,32,32,1.0,1000.0,24,9089789.932702882,13955102.493025737,13971509.166106505,40,3720,False
28,plate14,32,64,1.0,1000.0,24,8948933.2545195,13949004.795713482,13966138.959947703,40,3720,False
28,plate14,32,80,1.0,1000.0,24,8934773.439708835,13948172.927538583,13965312.562245158,40,3720,False
28,plate14,32,92,1.0,1000.0,24,8934313.530133132,13948106.830900323,13965261.13762834,40,3720,False
28,plate14,40,0,0.0,1e-08,0,,,,0,0,False
28,plate14,40,1,0.25,1000.0,32,12667061.87615116,13957755.474539466,13979480.504446482,40,3720,False
28,plate14,40,2,0.5,1000.0,32,11453182.994806174,13954617.207272895,13973924.609011848,40,3720,False
28,plate14,40,4,0.75,1000.0,32,10397073.80769818,13923257.539031917,13938617.212626701,40,3720,False
28,plate14,40,8,0.75,1000.0,32,9677940.399585847,13901480.379313715,13915510.692854915,40,3720,False
28,plate14,40,16,1.0,1000.0,32,9242696.268353855,13888826.224594053,13902791.045592595,40,3720,False
28,plate14,40,32,1.0,1000.0,32,8982356.513611894,13885663.635158518,13899737.710963458,40,3720,False
28,plate14,40,64,1.0,1000.0,32,8843216.012216153,13878652.280590335,13893240.048401903,40,3720,False
28,plate14,40,80,1.0,1000.0,32,8829226.336872611,13877716.195075715,13892325.174112149,40,3720,False
28,plate14,40,92,1.0,1000.0,32,8828769.6260936,13877643.732642846,13892261.2609625,40,3720,False
28,plate14,49,0,0.0,1e-08,0,,,,0,0,False
28,plate14,49,1,0.25,1000.0,32,12570837.410555668,13915787.050326085,13944708.858971113,40,3720,False
28,plate14,49,2,0.5,1000.0,32,11365144.902492626,13912307.61449704,13938677.243363723,40,3720,False
28,plate14,49,4,0.75,1000.0,32,10317791.081640044,13879183.282388464,13903264.760201825,40,3720,False
28,plate14,49,8,0.75,1000.0,32,9604241.368929574,13856544.134637756,13880472.072047522,40,3720,False
28,plate14,49,16,1.0,1000.0,32,9172819.382314194,13843417.282879218,13867775.148674814,40,3720,False
28,plate14,49,32,1.0,1000.0,32,8914662.991232166,13840315.94286577,13865135.61964815,40,3720,False
28,plate14,49,64,1.0,1000.0,32,8776606.056093207,13832755.621859977,13858554.117790727,40,3720,False
28,plate14,49,80,1.0,1000.0,32,8762694.918003231,13831652.772770783,13857623.923942355,40,3720,False
28,plate14,49,92,1.0,1000.0,32,8762242.197951486,13831569.541165141,13857561.957863666,40,3720,False
29,plate6,1,0,0.0,1e-08,0,,,,0,0,False
29,plate6,1,1,0.0,1e-08,0,,,,0,0,False
29,plate6,1,2,0.0,1e-08,0,,,,0,0,False
29,plate6,1,4,0.0,1e-08,0,,,,0,0,False
29,plate6,1,8,0.0,1e-08,0,,,,0,0,False
29,plate6,1,16,0.0,1e-08,0,,,,0,0,False
29,plate6,1,32,0.0,1e-08,0,,,,0,0,False
29,plate6,1,64,0.0,1e-08,0,,,,0,0,False
29,plate6,1,80,0.0,1e-08,0,,,,0,0,False
29,plate6,1,92,0.0,1e-08,0,,,,0,0,False
29,plate6,2,0,0.0,1e-08,0,,,,0,0,False
29,plate6,2,1,0.25,1e-08,0,10447158.343781948,11226915.69310379,,16,1488,False
29,plate6,2,2,0.5,1e-08,0,10179035.717463732,11226915.69310379,,16,1488,False
29,plate6,2,4,0.5,1e-08,0,9532791.866171084,11226915.69310379,,16,1488,False
29,plate6,2,8,0.75,1e-08,0,9032208.368067943,11226915.69310379,,16,1488,False
29,plate6,2,16,0.75,1e-08,0,8760022.105140725,11226915.69310379,,16,1488,False
29,plate6,2,32,1.0,1e-08,0,8552352.002734423,11226915.69310379,,16,1488,False
29,plate6,2,64,1.0,1e-08,0,8418209.279256133,11226915.69310379,,16,1488,False
29,plate6,2,80,1.0,1e-08,0,8403699.695663901,11226915.69310379,,16,1488,False
29,plate6,2,92,1.0,1e-08,0,8403773.493552445,11226915.69310379,,16,1488,False
29,plate6,4,0,0.0,1e-08,0,,,,0,0,False
29,plate6,4,1,0.25,100.0,2,10645546.533537934,10648592.772714289,10650489.229715005,32,2976,False
29,plate6,4,2,0.25,1000.0,2,10401138.005395373,10650520.092505751,10655214.15487767,32,2976,False
29,plate6,4,4,0.5,1000.0,2,9724716.25819023,10634611.373285757,10639059.643890081,32,2976,False
29,plate6,4,8,0.75,1000.0,2,9214203.536311064,10630723.767534513,10633485.827391976,32,2976,False
29,plate6,4,16,0.75,1000.0,2,8938260.261573983,10629611.794590881,10631298.093604865,32,2976,False
29,plate6,4,32,1.0,1000.0,2,8728989.793286268,10625431.680753365,10626075.459267247,32,2976,False
29,plate6,4,64,1.0,1000.0,2,8598683.151321447,10613730.142750686,10613847.388494933,32,2976,False
29,plate6,4,80,1.0,1000.0,2,8583829.715121157,10611035.043145582,10611074.918731386,32,2976,False
29,plate6,4,92,1.0,1000.0,2,8583961.21419191,10611593.645708656,10611635.206784327,32,2976,False
29,plate6,8,0,0.0,1e-08,0,,,,0,0,False
29,plate6,8,1,0.25,100.0,4,13060246.24112203,12566450.968526185,12592061.25837813,40,3720,False
29,plate6,8,2,0.25,1000.0,4,12740567.917507254,12565353.324274126,12593588.233524114,40,3720,False
29,plate6,8,4,0.5,1000.0,4,11925243.087685997,12545180.504615212,12574124.855478974,40,3720,False
29,plate6,8,8,0.75,1000.0,4,11287775.711932763,12530027.66005648,12559532.589209419,40,3720,False
29,plate6,8,16,0.75,1000.0,4,10947675.411898848,12526691.423172489,12555556.327392701,40,3720,False
29,plate6,8,32,1.0,1000.0,4,10688942.074659016,12521471.788382502,12552306.476008883,40,3720,False
29,plate6,8,64,1.0,1000.0,4,10525711.107738813,12513065.37218552,12545229.357560553,40,3720,False
29,plate6,8,80,1.0,1000.0,4,10507440.874726972,12512123.563156264,12544237.787370969,40,3720,False
29,plate6,8,92,1.0,1000.0,4,10507419.604841447,12512260.61807262,12544395.439846303,40,3720,False
29,plate6,16,0,0.0,1e-08,0,,,,0,0,False
29,plate6,16,1,0.25,1000.0,8,12229782.060231272,12021713.801439753,12051962.339315586,40,3720,False
29,plate6,16,2,0.25,1000.0,8,11933215.277668873,12027394.10018764,12058187.778927142,40,3720,False
29,plate6,16,4,0.5,1000.0,8,11168168.970734756,11999398.038844677,12031127.81352518,40,3720,False
29,plate6,16,8,0.75,1000.0,8,10568221.639698103,11980397.98942643,12015201.330745324,40,3720,False
29,plate6,16,16,0.75,1000.0,8,10249539.10467669,11977747.222121678,12012022.906434111,40,3720,False
29,plate6,16,32,1.0,1000.0,8,10003883.618704364,11968943.9501402,12004882.235298682,40,3720,False
29,plate6,16,64,1.0,1000.0,8,9851401.013951939,11959774.665746678,11998253.38438268,40,3720,False
29,plate6,16,80,1.0,1000.0,8,9834389.636710692,11959159.279802874,11997879.048589675,40,3720,False
29,plate6,16,92,1.0,1000.0,8,9834344.237128846,11959281.145039145,11998008.02811693,40,3720,False
29,plate6,24,0,0.0,1e-08,0,,,,0,0,False
29,plate6,24,1,0.25,1000.0,16,11578969.013734475,11804169.759376964,11828972.25367706,40,3720,False
29,plate6,24,2,0.25,1000.0,16,11298315.636063596,11813640.611533042,11841602.460032482,40,3720,False
29,plate6,24,4,0.5,1000.0,16,10580163.700623421,11782046.626739345,11805751.065016445,40,3720,False
29,plate6,24,8,0.75,1000.0,16,10014767.751573866,11759185.191393489,11781821.309175398,40,3720,False
29,plate6,24,16,0.75,1000.0,16,9713797.757520238,11760408.808595883,11782287.149128167,40,3720,False
29,plate6,24,32,1.0,1000.0,16,9483913.685146842,11747390.095086068,11770026.090501485,40,3720,False
29,plate6,24,64,1.0,1000.0,16,9339467.317531265,11736689.292794175,11760141.29773119,40,3720,False
29,plate6,24,80,1.0,1000.0,16,9323162.59308384,11735935.120559104,11759372.554376565,40,3720,False
29,plate6,24,92,1.0,1000.0,16,9323126.256396702,11736023.173113761,11759474.675188046,40,3720,False
29,plate6,32,0,0.0,1e-08,0,,,,0,0,False
29,plate6,32,1,0.25,1000.0,24,11475829.359429654,11717264.996967355,11745859.30484694,40,3720,False
29,plate6,32,2,0.25,1000.0,24,11197374.896746445,11722561.036798257,11751945.033372097,40,3720,False
29,plate6,32,4,0.5,1000.0,24,10486003.402749792,11690815.234262478,11713746.118247222,40,3720,False
29,plate6,32,8,0.75,1000.0,24,9926884.098421838,11667261.33345374,11687964.845212366,40,3720,False
29,plate6,32,16,0.75,1000.0,24,9628070.166192789,11668955.040543806,11688234.431872025,40,3720,False
29,plate6,32,32,1.0,1000.0,24,9399898.810965974,11653692.708395235,11673691.594751986,40,3720,False
29,plate6,32,64,1.0,1000.0,24,9256404.136740416,11642260.552054858,11662825.99148304,40,3720,False
29,plate6,32,80,1.0,1000.0,24,9240159.235216534,11641033.053621378,11661628.555762568,40,3720,False
29,plate6,32,92,1.0,1000.0,24,9240114.890408603,11641160.965911016,11661756.123450972,40,3720,False
29,plate6,40,0,0.0,1e-08,0,,,,0,0,False
29,plate6,40,1,0.25,1000.0,24,11290703.57104456,11657261.296002306,11685054.828629518,40,3720,False
29,plate6,40,2,0.25,1000.0,32,11016539.539818376,11663008.407231782,11691404.686882526,40,3720,False
29,plate6,40,4,0.5,1000.0,32,10318786.514601743,11628842.635041282,11648882.279150674,40,3720,False
29,plate6,40,8,0.75,1000.0,32,9769747.282504635,11603239.803354483,11619315.48528775,40,3720,False
29,plate6,40,16,0.75,1000.0,32,9475903.342706231,11606960.23961736,11621308.646165667,40,3720,False
29,plate6,40,32,1.0,1000.0,32,9251748.05236663,11590166.177786686,11604374.860053765,40,3720,False
29,plate6,40,64,1.0,1000.0,32,9110732.887878235,11576216.418188617,11590894.705500929,40,3720,False
29,plate6,40,80,1.0,1000.0,32,9094706.60493152,11574580.331432423,11589294.509293968,40,3720,False
29,plate6,40,92,1.0,1000.0,32,9094681.813683925,11574720.628643643,11589458.20327785,40,3720,False
29,plate6,49,0,0.0,1e-08,0,,,,0,0,False
29,plate6,49,1,0.25,1000.0,32,11181438.680232951,11611036.429965872,11644560.896588355,40,3720,False
29,plate6,49,2,0.25,1000.0,32,10910975.447633341,11615472.414091574,11649671.969724368,40,3720,False
29,plate6,49,4,0.5,1000.0,32,10220811.973615386,11579128.352824189,11607107.060105884,40,3720,False
29,plate6,49,8,0.75,1000.0,32,9677057.454255441,11551003.974040318,11577852.708666136,40,3720,False
29,plate6,49,16,0.75,1000.0,32,9386047.503236426,11553409.997548249,11579257.933409987,40,3720,False
29,plate6,49,32,1.0,1000.0,32,9164137.203485884,11534249.611101458,11561314.916397162,40,3720,False
29,plate6,49,64,1.0,1000.0,32,9024647.424634848,11519036.046408476,11547109.664410666,40,3720,False
29,plate6,49,80,1.0,1000.0,32,9008792.928747835,11517165.243524678,11545586.273804214,40,3720,False
29,plate6,49,92,1.0,1000.0,32,9008765.992050715,11517317.636656696,11545743.76191794,40,3720,False
29,plate14,1,0,0.0,1e-08,0,,,,0,0,False
29,plate14,1,1,0.0,1e-08,0,,,,0,0,False
29,plate14,1,2,0.0,1e-08,0,,,,0,0,False
29,plate14,1,4,0.0,1e-08,0,,,,0,0,False
29,plate14,1,8,0.0,1e-08,0,,,,0,0,False
29,plate14,1,16,0.0,1e-08,0,,,,0,0,False
29,plate14,1,32,0.0,1e-08,0,,,,0,0,False
29,plate14,1,64,0.0,1e-08,0,,,,0,0,False
29,plate14,1,80,0.0,1e-08,0,,,,0,0,False
29,plate14,1,92,0.0,1e-08,0,,,,0,0,False
29,plate14,2,0,0.0,1e-08,0,,,,0,0,False
29,plate14,2,1,0.5,1e-08,0,11124925.767394006,13007031.75024414,,16,1488,False
29,plate14,2,2,0.5,1e-08,0,10327979.749924839,13007031.75024414,,16,1488,False
29,plate14,2,4,0.75,1e-08,0,9489529.365146285,13007031.75024414,,16,1488,False
29,plate14,2,8,0.75,1e-08,0,8940195.230623133,13007031.75024414,,16,1488,False
29,plate14,2,16,1.0,1e-08,0,8581200.779119566,13007031.75024414,,16,1488,False
29,plate14,2,32,1.0,1e-08,0,8326937.55061968,13007031.75024414,,16,1488,False
29,plate14,2,64,1.0,1e-08,0,8201338.387227317,13007031.75024414,,16,1488,False
29,plate14,2,80,1.0,1e-08,0,8188073.533493818,13007031.75024414,,16,1488,False
29,plate14,2,92,1.0,1e-08,0,8188015.7448179545,13007031.75024414,,16,1488,False
29,plate14,4,0,0.0,1e-08,0,,,,0,0,False
29,plate14,4,1,0.5,1e-08,2,12056115.726374097,13212012.286388123,13212012.286388092,32,2976,False
29,plate14,4,2,0.5,1e-08,2,11195566.763459621,13216732.690348718,13216732.690348709,32,2976,False
29,plate14,4,4,0.75,100.0,2,10280852.103635272,13203914.025648395,13204013.85481507,32,2976,False
29,plate14,4,8,0.75,100.0,2,9687276.35301853,13199771.83706562,13199842.683744421,32,2976,False
29,plate14,4,16,1.0,1000.0,2,9297070.166212099,13201399.837851513,13202017.205304835,32,2976,False
29,plate14,4,32,1.0,1000.0,2,9024186.23275511,13199027.852156023,13199244.42356373,32,2976,False
29,plate14,4,64,1.0,1000.0,2,8891503.671977486,13196909.342232088,13196976.062010273,32,2976,False
29,plate14,4,80,1.0,1000.0,2,8877275.824605323,13196526.935005698,13196552.81959731,32,2976,False
29,plate14,4,92,1.0,1000.0,2,8877179.810467605,13196735.362085938,13196759.092030061,32,2976,False
29,plate14,8,0,0.0,1e-08,0,,,,0,0,False
29,plate14,8,1,0.5,100.0,4,14770086.844496327,15525609.704625214,15585132.253453335,40,3720,False
29,plate14,8,2,0.5,100.0,4,13594854.059837136,15529420.935868602,15584286.869162966,40,3720,False
29,plate14,8,4,0.75,100.0,4,12510198.502282523,15517946.104188785,15578206.061275797,40,3720,False
29,plate14,8,8,0.75,100.0,4,11780812.339128554,15514059.988952687,15576481.567284832,40,3720,False
29,plate14,8,16,1.0,1000.0,4,11321819.864147624,15515017.210094547,15579559.332158847,40,3720,False
29,plate14,8,32,1.0,1000.0,4,10981704.372475399,15511428.277699389,15576629.9325941,40,3720,False
29,plate14,8,64,1.0,1000.0,4,10816467.189375624,15508217.682620939,15574870.869285807,40,3720,False
29,plate14,8,80,1.0,1000.0,4,10798747.877251083,15507983.546340324,15574664.326403337,40,3720,False
29,plate14,8,92,1.0,1000.0,4,10798549.253172232,15508079.581019985,15574744.542416655,40,3720,False
29,plate14,16,0,0.0,1e-08,0,,,,0,0,False
29,plate14,16,1,0.5,100.0,8,13815527.398325883,14894731.431670006,14931844.552472165,40,3720,False
29,plate14,16,2,0.5,1000.0,8,12712723.919122096,14892639.220170958,14934119.945255725,40,3720,False
29,plate14,16,4,0.75,1000.0,8,11689277.869519856,14876645.315705368,14922413.073902687,40,3720,False
29,plate14,16,8,0.75,1000.0,8,11004842.15507838,14870707.833433658,14917427.413581382,40,3720,False
29,plate14,16,16,1.0,1000.0,8,10572410.28082197,14872818.738258699,14918668.103295917,40,3720,False
29,plate14,16,32,1.0,1000.0,8,10255463.771240126,14868629.105292393,14915110.03175207,40,3720,False
29,plate14,16,64,1.0,1000.0,8,10101686.107472295,14864099.413900847,14912766.984935427,40,3720,False
29,plate14,16,80,1.0,1000.0,8,10085121.43569721,14863764.977246126,14912615.441370463,40,3720,False
29,plate14,16,92,1.0,1000.0,8,10084955.894961944,14863911.614673596,14912705.752034843,40,3720,False
29,plate14,24,0,0.0,1e-08,0,,,,0,0,False
29,plate14,24,1,0.5,1000.0,16,13121710.80990693,14657874.300785702,14686078.418604348,40,3720,False
29,plate14,24,2,0.5,1000.0,16,12077971.58909846,14652845.05396716,14683232.248974107,40,3720,False
29,plate14,24,4,0.75,1000.0,16,11102336.475752147,14635647.944389232,14666048.621702265,40,3720,False
29,plate14,24,8,0.75,1000.0,16,10453316.82288183,14628719.35789226,14659376.98124177,40,3720,False
29,plate14,24,16,1.0,1000.0,16,10043284.513607247,14634702.02778675,14664054.010058966,40,3720,False
29,plate14,24,32,1.0,1000.0,16,9741776.559134815,14627859.802096518,14657719.472934658,40,3720,False
29,plate14,24,64,1.0,1000.0,16,9595369.63547806,14622070.97919497,14653083.193728715,40,3720,False
29,plate14,24,80,1.0,1000.0,16,9579627.992730591,14621397.874196015,14652632.70771071,40,3720,False
29,plate14,24,92,1.0,1000.0,16,9579467.130510326,14621557.631109789,14652764.53181503,40,3720,False
29,plate14,32,0,0.0,1e-08,0,,,,0,0,False
29,plate14,32,1,0.5,1000.0,24,13013550.404599767,14557986.885550218,14585918.285218325,40,3720,False
29,plate14,32,2,0.5,1000.0,24,11977020.338627886,14552806.020923369,14580844.16022561,40,3720,False
29,plate14,32,4,0.75,1000.0,24,11008534.06424196,14534612.536786508,14560685.783446912,40,3720,False
29,plate14,32,8,0.75,1000.0,24,10364633.41233039,14527246.672146905,14553328.638832023,40,3720,False
29,plate14,32,16,1.0,1000.0,24,9957131.333914515,14534841.64461527,14559757.576716103,40,3720,False
29,plate14,32,32,1.0,1000.0,24,9657863.895060945,14526794.306053044,14551805.499252122,40,3720,False
29,plate14,32,64,1.0,1000.0,24,9512673.174420614,14519978.989861779,14545669.64559444,40,3720,False
29,plate14,32,80,1.0,1000.0,24,9497087.462264828,14519075.598780232,14544969.94357572,40,3720,False
29,plate14,32,92,1.0,1000.0,24,9496921.255823037,14519256.522528209,14545119.678938363,40,3720,False
29,plate14,40,0,0.0,1e-08,0,,,,0,0,False
29,plate14,40,1,0.5,1000.0,32,12819443.275976513,14497522.580207862,14522718.954241917,40,3720,False
29,plate14,40,2,0.5,1000.0,32,11800598.57392373,14490876.710981324,14512104.350705428,40,3720,False
29,plate14,40,4,0.75,1000.0,32,10845117.167043317,14471204.599935545,14489130.12381662,40,3720,False
29,plate14,40,8,0.75,1000.0,32,10210562.189879606,14462992.273212913,14480682.530704495,40,3720,False
29,plate14,40,16,1.0,1000.0,32,9809620.46245221,14472904.7617353,14490053.64111506,40,3720,False
29,plate14,40,32,1.0,1000.0,32,9514687.68691619,14463605.725128759,14480422.528111821,40,3720,False
29,plate14,40,64,1.0,1000.0,32,9371638.19290039,14455391.840411233,14472583.99325053,40,3720,False
29,plate14,40,80,1.0,1000.0,32,9356275.944317976,14454270.165590664,14471627.073975999,40,3720,False
29,plate14,40,92,1.0,1000.0,32,9356110.343980053,14454465.184769202,14471803.50783676,40,3720,False
29,plate14,49,0,0.0,1e-08,0,,,,0,0,False
29,plate14,49,1,0.5,1000.0,32,12707319.293652505,14447844.522983914,14476124.44726612,40,3720,False
29,plate14,49,2,0.5,1000.0,32,11698057.009052785,14440758.28301272,14465146.652459245,40,3720,False
29,plate14,49,4,0.75,1000.0,32,10749693.048930017,14418455.480705632,14443174.981143933,40,3720,False
29,plate14,49,8,0.75,1000.0,32,10120631.636733722,14408812.932505544,14434381.36673737,40,3720,False
29,plate14,49,16,1.0,1000.0,32,9723065.24229268,14419997.776785312,14444378.357821448,40,3720,False
29,plate14,49,32,1.0,1000.0,32,9430762.700389912,14409021.090368941,14434500.359278206,40,3720,False
29,plate14,49,64,1.0,1000.0,32,9289000.919707526,14399663.04576481,14426839.582324833,40,3720,False
29,plate14,49,80,1.0,1000.0,32,9273775.313357001,14398299.504807416,14425750.31343994,40,3720,False
29,plate14,49,92,1.0,1000.0,32,9273611.923823373,14398519.155010298,14425931.533907063,40,3720,False
30,plate6,1,0,0.0,1e-08,0,,,,0,0,False
30,plate6,1,1,0.0,1e-08,0,,,,0,0,False
30,plate6,1,2,0.0,1e-08,0,,,,0,0,False
30,plate6,1,4,0.0,1e-08,0,,,,0,0,False
30,plate6,1,8,0.0,1e-08,0,,,,0,0,False
30,plate6,1,16,0.0,1e-08,0,,,,0,0,False
30,plate6,1,32,0.0,1e-08,0,,,,0,0,False
30,plate6,1,64,0.0,1e-08,0,,,,0,0,False
30,plate6,1,80,0.0,1e-08,0,,,,0,0,False
30,plate6,1,92,0.0,1e-08,0,,,,0,0,False
30,plate6,2,0,0.0,1e-08,0,,,,0,0,False
30,plate6,2,1,0.25,1e-08,0,8885522.243280888,9558761.481262207,,16,1488,False
30,plate6,2,2,0.5,1e-08,0,8450151.146617085,9558761.481262207,,16,1488,False
30,plate6,2,4,0.5,1e-08,0,8055987.561902322,9558761.481262207,,16,1488,False
30,plate6,2,8,0.75,1e-08,0,7612501.149344526,9558761.481262207,,16,1488,False
30,plate6,2,16,0.75,1e-08,0,7369264.420908777,9558761.481262207,,16,1488,False
30,plate6,2,32,1.0,1e-08,0,7181455.969451785,9558761.481262207,,16,1488,False
30,plate6,2,64,1.0,1e-08,0,7079348.0573623665,9558761.481262207,,16,1488,False
30,plate6,2,80,1.0,1e-08,0,7068457.951302029,9558761.481262207,,16,1488,False
30,plate6,2,92,1.0,1e-08,0,7068296.524634924,9558761.481262207,,16,1488,False
30,plate6,4,0,0.0,1e-08,0,,,,0,0,False
30,plate6,4,1,0.25,100.0,2,19899692.707911532,18250066.451524474,18253070.161647417,32,2976,False
30,plate6,4,2,0.5,100.0,2,18912898.23783002,18251196.384467915,18251930.094041612,32,2976,False
30,plate6,4,4,0.5,100.0,2,17897114.979425535,18226347.32506464,18226565.855477437,32,2976,False
30,plate6,4,8,0.75,100.0,2,16769805.844702192,18213112.947783053,18213153.620039828,32,2976,False
30,plate6,4,16,1.0,1000.0,2,16238621.347620985,18207936.872450173,18207978.30047976,32,2976,False
30,plate6,4,32,1.0,1000.0,2,15792406.88186324,18206733.23825818,18206937.62190743,32,2976,False
30,plate6,4,64,1.0,1000.0,2,15568754.760963554,18206781.90080823,18206815.153508708,32,2976,False
30,plate6,4,80,1.0,1000.0,2,15545264.054231063,18206648.157675385,18206671.060398087,32,2976,False
30,plate6,4,92,1.0,1000.0,2,15544218.016943133,18206609.233028866,18206633.444465913,32,2976,False
30,plate6,8,0,0.0,1e-08,0,,,,0,0,False
30,plate6,8,1,0.25,1000.0,4,18583817.165872578,19037263.15094673,19078319.5172652,40,3720,False
30,plate6,8,2,0.5,1000.0,4,17700852.023757376,19031398.51443152,19071642.630440403,40,3720,False
30,plate6,8,4,0.5,1000.0,4,16749659.724224789,19013737.80211265,19057715.126370303,40,3720,False
30,plate6,8,8,0.75,1000.0,4,15724491.56319228,19002432.969680574,19049541.902958155,40,3720,False
30,plate6,8,16,1.0,1000.0,4,15232023.238368332,18991989.896502838,19040347.864516355,40,3720,False
30,plate6,8,32,1.0,1000.0,4,14818617.768112607,18989720.86804437,19038264.555900484,40,3720,False
30,plate6,8,64,1.0,1000.0,4,14607505.158215685,18984642.870080866,19034413.740674112,40,3720,False
30,plate6,8,80,1.0,1000.0,4,14585369.699379673,18984528.308826145,19034275.175095506,40,3720,False
30,plate6,8,92,1.0,1000.0,4,14584389.050464742,18984476.554882098,19034232.077894755,40,3720,False
30,plate6,16,0,0.0,1e-08,0,,,,0,0,False
30,plate6,16,1,0.25,1000.0,8,17701710.386065055,18461695.967646945,18496652.53336692,40,3720,False
30,plate6,16,2,0.5,1000.0,8,16851571.32397935,18455184.72244991,18487874.889743213,40,3720,False
30,plate6,16,4,0.5,1000.0,8,15954790.094598973,18433932.556770243,18467780.29194216,40,3720,False
30,plate6,16,8,0.75,1000.0,8,14980240.41112143,18423754.237375453,18460293.495249342,40,3720,False
30,plate6,16,16,1.0,1000.0,8,14510954.452344466,18415477.008425776,18452924.2299559,40,3720,False
30,plate6,16,32,1.0,1000.0,8,14117323.7049461,18412473.94776998,18449965.966055933,40,3720,False
30,plate6,16,64,1.0,1000.0,8,13916245.665648645,18405558.32461959,18444901.678191416,40,3720,False
30,plate6,16,80,1.0,1000.0,8,13895028.971338749,18404751.612020932,18444284.193768423,40,3720,False
30,plate6,16,92,1.0,1000.0,8,13894143.784495918,18404712.171083763,18444258.208335415,40,3720,False
30,plate6,24,0,0.0,1e-08,0,,,,0,0,False
30,plate6,24,1,0.25,1000.0,16,17526527.48422932,18288470.60314458,18318905.494905476,40,3720,False
30,plate6,24,2,0.5,1000.0,16,16681812.743296387,18284635.529005937,18308467.710975856,40,3720,False
30,plate6,24,4,0.5,1000.0,16,15793225.130303178,18258502.742823835,18277900.058090806,40,3720,False
30,plate6,24,8,0.75,1000.0,16,14829971.366892222,18244831.457628515,18263812.51069038,40,3720,False
30,plate6,24,16,1.0,1000.0,16,14366524.223923692,18234985.960433487,18253727.868178215,40,3720,False
30,plate6,24,32,1.0,1000.0,16,13976328.090314634,18230260.447738655,18249292.871312425,40,3720,False
30,plate6,24,64,1.0,1000.0,16,13777446.235224858,18221438.517085604,18241492.33096434,40,3720,False
30,plate6,24,80,1.0,1000.0,16,13756315.464628099,18220393.309725523,18240625.971782207,40,3720,False
30,plate6,24,92,1.0,1000.0,16,13755428.619395541,18220326.290452745,18240571.28055861,40,3720,False
30,plate6,32,0,0.0,1e-08,0,,,,0,0,False
30,plate6,32,1,0.25,1000.0,16,17318111.257015515,18203302.722869184,18240430.337465536,40,3720,False
30,plate6,32,2,0.5,1000.0,24,16482530.378663123,18196476.790212598,18223838.03201748,40,3720,False
30,plate6,32,4,0.5,1000.0,24,15604534.299762363,18165910.335779082,18185926.9992665,40,3720,False
30,plate6,32,8,0.75,1000.0,24,14652559.568761328,18147717.35490847,18166799.88295594,40,3720,False
30,plate6,32,16,1.0,1000.0,24,14195143.720798584,18136527.00025719,18154744.980822895,40,3720,False
30,plate6,32,32,1.0,1000.0,24,13809623.18585817,18131094.86092056,18149539.03010383,40,3720,False
30,plate6,32,64,1.0,1000.0,24,13613207.265998244,18122013.1175493,18140696.339061182,40,3720,False
30,plate6,32,80,1.0,1000.0,24,13592392.205710605,18120768.387074012,18139481.404664963,40,3720,False
30,plate6,32,92,1.0,1000.0,24,13591500.504874425,18120675.847021118,18139402.80856628,40,3720,False
30,plate6,40,0,0.0,1e-08,0,,,,0,0,False
30,plate6,40,1,0.25,1000.0,16,17190697.021106787,18147860.186235324,18181833.688354842,40,3720,False
30,plate6,40,2,0.5,1000.0,24,16362253.937444128,18137201.063661017,18157815.07758113,40,3720,False
30,plate6,40,4,0.5,1000.0,32,15491586.966742443,18104040.20326567,18120801.04420586,40,3720,False
30,plate6,40,8,0.75,1000.0,32,14544985.023530232,18082259.615792703,18097427.468590807,40,3720,False
30,plate6,40,16,1.0,1000.0,32,14091083.788061753,18068822.703848235,18082936.650035743,40,3720,False
30,plate6,40,32,1.0,1000.0,32,13708170.88173585,18063276.353722878,18077218.15917718,40,3720,False
30,plate6,40,64,1.0,1000.0,32,13513270.456465317,18054094.7154189,18068134.57792948,40,3720,False
30,plate6,40,80,1.0,1000.0,32,13492653.78216054,18052561.46748407,18066647.506299507,40,3720,False
30,plate6,40,92,1.0,1000.0,32,13491765.187819349,18052450.678726748,18066551.01038249,40,3720,False
30,plate6,49,0,0.0,1e-08,0,,,,0,0,False
30,plate6,49,1,0.25,1000.0,24,17084794.291200217,18102537.237232596,18130690.568006735,40,3720,False
30,plate6,49,2,0.5,1000.0,24,16262104.582612047,18092299.310605984,18112334.072972093,40,3720,False
30,plate6,49,4,0.5,1000.0,32,15396816.295217676,18056054.072008304,18076391.46921813,40,3720,False
30,plate6,49,8,0.75,1000.0,32,14456056.27398566,18032595.64803842,18054278.50826699,40,3720,False
30,plate6,49,16,1.0,1000.0,32,14005280.65371368,18017872.864105694,18040307.274095815,40,3720,False
30,plate6,49,32,1.0,1000.0,32,13624843.545631956,18010605.634430364,18032787.004183754,40,3720,False
30,plate6,49,64,1.0,1000.0,32,13431147.440086469,17999150.482475545,18022446.44152873,40,3720,False
30,plate6,49,80,1.0,1000.0,32,13410663.926533084,17997385.60310874,18020881.137366716,40,3720,False
30,plate6,49,92,1.0,1000.0,32,13409778.380587032,17997269.05292946,18020784.542452253,40,3720,False
30,plate14,1,0,0.0,1e-08,0,,,,0,0,False
30,plate14,1,1,0.0,1e-08,0,,,,0,0,False
30,plate14,1,2,0.0,1e-08,0,,,,0,0,False
30,plate14,1,4,0.0,1e-08,0,,,,0,0,False
30,plate14,1,8,0.0,1e-08,0,,,,0,0,False
30,plate14,1,16,0.0,1e-08,0,,,,0,0,False
30,plate14,1,32,0.0,1e-08,0,,,,0,0,False
30,plate14,1,64,0.0,1e-08,0,,,,0,0,False
30,plate14,1,80,0.0,1e-08,0,,,,0,0,False
30,plate14,1,92,0.0,1e-08,0,,,,0,0,False
30,plate14,2,0,0.0,1e-08,0,,,,0,0,False
30,plate14,2,1,0.25,1e-08,0,10317686.9805547,11861977.868560791,,16,1488,False
30,plate14,2,2,0.5,1e-08,0,9292275.537836194,11861977.868560791,,16,1488,False
30,plate14,2,4,0.75,1e-08,0,8498597.700069306,11861977.868560791,,16,1488,False
30,plate14,2,8,0.75,1e-08,0,7995502.706522318,11861977.868560791,,16,1488,False
30,plate14,2,16,1.0,1e-08,0,7647341.862282511,11861977.868560791,,16,1488,False
30,plate14,2,32,1.0,1e-08,0,7419935.056775081,11861977.868560791,,16,1488,False
30,plate14,2,64,1.0,1e-08,0,7311260.688903118,11861977.868560791,,16,1488,False
30,plate14,2,80,1.0,1e-08,0,7299401.174377148,11861977.868560791,,16,1488,False
30,plate14,2,92,1.0,1e-08,0,7299086.240989131,11861977.868560791,,16,1488,False
30,plate14,4,0,0.0,1e-08,0,,,,0,0,False
30,plate14,4,1,0.25,100.0,2,22429861.181050837,21809549.95914615,21809893.560921784,32,2976,False
30,plate14,4,2,0.5,10.0,2,20256919.328704987,21813205.89647284,21813214.95364392,32,2976,False
30,plate14,4,4,0.75,1e-08,2,18709063.812820937,21801306.605685744,21801306.605685737,32,2976,False
30,plate14,4,8,0.75,1e-08,2,17473374.872733746,21793671.204401538,21793671.204401534,32,2976,False
30,plate14,4,16,1.0,100.0,2,16714599.918988535,21790511.854466226,21790521.809504524,32,2976,False
30,plate14,4,32,1.0,1000.0,2,16215183.156889848,21788878.016942684,21788983.08311021,32,2976,False
30,plate14,4,64,1.0,1000.0,2,15980120.253079388,21788424.472688545,21788439.9982009,32,2976,False
30,plate14,4,80,1.0,1000.0,2,15953698.4953198,21788467.06115788,21788483.508874226,32,2976,False
30,plate14,4,92,1.0,1000.0,2,15952936.235572707,21788446.70550982,21788465.358494606,32,2976,False
30,plate14,8,0,0.0,1e-08,0,,,,0,0,False
30,plate14,8,1,0.25,100.0,4,21135899.179734573,22887595.9289235,22950230.03764092,40,3720,False
30,plate14,8,2,0.5,100.0,4,19095166.79550702,22890513.52024681,22952890.825763546,40,3720,False
30,plate14,8,4,0.75,100.0,4,17622080.489999544,22877796.96816196,22942888.912347354,40,3720,False
30,plate14,8,8,0.75,100.0,4,16479885.152990874,22870587.59566215,22935461.00828815,40,3720,False
30,plate14,8,16,1.0,100.0,4,15767407.097691996,22864333.826934595,22930394.546287086,40,3720,False
30,plate14,8,32,1.0,1000.0,4,15299449.108809216,22861147.366735857,22927974.85697982,40,3720,False
30,plate14,8,64,1.0,1000.0,4,15077614.121211536,22859829.94216983,22927149.522652794,40,3720,False
30,plate14,8,80,1.0,1000.0,4,15052422.46169533,22859638.955314364,22927017.039566495,40,3720,False
30,plate14,8,92,1.0,1000.0,4,15051740.523227194,22859629.258568052,22927015.17939282,40,3720,False
30,plate14,16,0,0.0,1e-08,0,,,,0,0,False
30,plate14,16,1,0.25,1000.0,8,20066763.656620055,22194654.01774116,22230387.68388118,40,3720,False
30,plate14,16,2,0.5,1000.0,8,18130913.454919532,22188285.638501238,22224286.816479675,40,3720,False
30,plate14,16,4,0.75,1000.0,8,16732718.790120013,22170676.545462828,22211089.499830455,40,3720,False
30,plate14,16,8,0.75,1000.0,8,15654686.852090439,22164737.83779239,22207857.5265712,40,3720,False
30,plate14,16,16,1.0,1000.0,8,14977963.040680742,22157436.414243333,22202641.476737734,40,3720,False
30,plate14,16,32,1.0,1000.0,8,14533880.794123745,22155003.881357163,22200646.69299091,40,3720,False
30,plate14,16,64,1.0,1000.0,8,14322585.673178067,22153227.380155142,22199592.68123363,40,3720,False
30,plate14,16,80,1.0,1000.0,8,14298687.664288417,22152761.699088927,22199194.8619526,40,3720,False
30,plate14,16,92,1.0,1000.0,8,14298063.118028153,22152760.9458751,22199202.710606925,40,3720,False
30,plate14,24,0,0.0,1e-08,0,,,,0,0,False
30,plate14,24,1,0.25,1000.0,16,19860659.215403307,21994509.925906487,22019909.62181118,40,3720,False
30,plate14,24,2,0.5,1000.0,16,17948323.06379778,21988398.650564343,22011348.642295823,40,3720,False
30,plate14,24,4,0.75,1000.0,16,16562994.944354301,21967242.479005076,21990167.73359016,40,3720,False
30,plate14,24,8,0.75,1000.0,16,15493579.126499524,21962204.145361267,21986154.102055807,40,3720,False
30,plate14,24,16,1.0,1000.0,16,14824699.058854617,21952376.931205403,21977701.147192556,40,3720,False
30,plate14,24,32,1.0,1000.0,16,14385638.378579808,21947908.43027671,21973962.420248978,40,3720,False
30,plate14,24,64,1.0,1000.0,16,14176466.71069236,21945926.117442682,21972650.555417284,40,3720,False
30,plate14,24,80,1.0,1000.0,16,14152872.816565609,21945205.146477,21972034.128973186,40,3720,False
30,plate14,24,92,1.0,1000.0,16,14152241.172902405,21945206.030365746,21972033.263127305,40,3720,False
30,plate14,32,0,0.0,1e-08,0,,,,0,0,False
30,plate14,32,1,0.25,1000.0,24,19630946.44364476,21892387.46725229,21919609.63926628,40,3720,False
30,plate14,32,2,0.5,1000.0,24,17740464.60411787,21882533.03132403,21905285.08711317,40,3720,False
30,plate14,32,4,0.75,1000.0,24,16375589.996183692,21858480.945059437,21878465.277103987,40,3720,False
30,plate14,32,8,0.75,1000.0,24,15317669.063036311,21850582.63751822,21870159.955604706,40,3720,False
30,plate14,32,16,1.0,1000.0,24,14657178.083901154,21840909.525515556,21861085.407949515,40,3720,False
30,plate14,32,32,1.0,1000.0,24,14222968.377350053,21835618.987983588,21856289.431859232,40,3720,False
30,plate14,32,64,1.0,1000.0,24,14016374.681306882,21833269.46328324,21854412.85775977,40,3720,False
30,plate14,32,80,1.0,1000.0,24,13993031.499202168,21832385.101081617,21853549.999793198,40,3720,False
30,plate14,32,92,1.0,1000.0,24,13992404.682373438,21832371.2681406,21853534.510720935,40,3720,False
30,plate14,40,0,0.0,1e-08,0,,,,0,0,False
30,plate14,40,1,0.25,1000.0,32,19489308.37325702,21831209.796823177,21857666.88098745,40,3720,False
30,plate14,40,2,0.5,1000.0,32,17611113.829318002,21819459.86729841,21840080.614836294,40,3720,False
30,plate14,40,4,0.75,1000.0,32,16258020.306904687,21794895.277898073,21811137.287070043,40,3720,False
30,plate14,40,8,0.75,1000.0,32,15207744.957895957,21784247.23898125,21799717.990528326,40,3720,False
30,plate14,40,16,1.0,1000.0,32,14552129.604064357,21773550.042420574,21789178.692439567,40,3720,False
30,plate14,40,32,1.0,1000.0,32,14120787.123216422,21768135.951271687,21783941.02308279,40,3720,False
30,plate14,40,64,1.0,1000.0,32,13915761.202499034,21765414.81572162,21781626.530053042,40,3720,False
30,plate14,40,80,1.0,1000.0,32,13892575.116011955,21764429.959366992,21780676.19387173,40,3720,False
30,plate14,40,92,1.0,1000.0,32,13891954.965096435,21764406.083441652,21780658.385903206,40,3720,False
30,plate14,49,0,0.0,1e-08,0,,,,0,0,False
30,plate14,49,1,0.25,1000.0,32,19374616.869076557,21780518.859120913,21809358.77849018,40,3720,False
30,plate14,49,2,0.5,1000.0,32,17506417.103681076,21766425.462120526,21789993.12321441,40,3720,False
30,plate14,49,4,0.75,1000.0,32,16164445.479270428,21739343.921366837,21761376.145141434,40,3720,False
30,plate14,49,8,0.75,1000.0,32,15119061.7160586,21727682.548789922,21751317.63368131,40,3720,False
30,plate14,49,16,1.0,1000.0,32,14466518.347902052,21715604.823677935,21740735.392380446,40,3720,False
30,plate14,49,32,1.0,1000.0,32,14037441.09624684,21709472.080413766,21735639.931671046,40,3720,False
30,plate14,49,64,1.0,1000.0,32,13833712.235445876,21706351.904080704,21733265.499043178,40,3720,False
30,plate14,49,80,1.0,1000.0,32,13810641.86122899,21705287.170633312,21732286.485683665,40,3720,False
30,plate14,49,92,1.0,1000.0,32,13810024.020727802,21705257.033976894,21732263.977559343,40,3720,False
31,plate6,1,0,0.0,1e-08,0,,,,0,0,False
31,plate6,1,1,0.0,1e-08,0,,,,0,0,False
31,plate6,1,2,0.0,1e-08,0,,,,0,0,False
31,plate6,1,4,0.0,1e-08,0,,,,0,0,False
31,plate6,1,8,0.0,1e-08,0,,,,0,0,False
31,plate6,1,16,0.0,1e-08,0,,,,0,0,False
31,plate6,1,32,0.0,1e-08,0,,,,0,0,False
31,plate6,1,64,0.0,1e-08,0,,,,0,0,False
31,plate6,1,80,0.0,1e-08,0,,,,0,0,False
31,plate6,1,92,0.0,1e-08,0,,,,0,0,False
31,plate6,2,0,0.0,1e-08,0,,,,0,0,False
31,plate6,2,1,0.25,1e-08,0,11763885.881284952,12538671.065734863,,16,1488,False
31,plate6,2,2,0.5,1e-08,0,11277750.98463583,12538671.065734863,,16,1488,False
31,plate6,2,4,0.5,1e-08,0,10698889.588793144,12538671.065734863,,16,1488,False
31,plate6,2,8,0.75,1e-08,0,10136996.754492115,12538671.065734863,,16,1488,False
31,plate6,2,16,0.75,1e-08,0,9774943.185995515,12538671.065734863,,16,1488,False
31,plate6,2,32,1.0,1e-08,0,9533634.061837511,12538671.065734863,,16,1488,False
31,plate6,2,64,1.0,1e-08,0,9377790.135372275,12538671.065734863,,16,1488,False
31,plate6,2,80,1.0,1e-08,0,9361632.026223414,12538671.065734863,,16,1488,False
31,plate6,2,92,1.0,1e-08,0,9361100.827790428,12538671.065734863,,16,1488,False
31,plate6,4,0,0.0,1e-08,0,,,,0,0,False
31,plate6,4,1,0.25,100.0,2,11481864.924333826,11147319.1182795,11149658.38707783,32,2976,False
31,plate6,4,2,0.5,100.0,2,10998730.230733171,11143571.127055803,11144814.18492946,32,2976,False
31,plate6,4,4,0.5,1000.0,2,10429627.085670289,11153444.16800511,11154127.038022688,32,2976,False
31,plate6,4,8,0.75,100.0,2,9877135.23613573,11146906.574719964,11147003.368094277,32,2976,False
31,plate6,4,16,0.75,1000.0,2,9527793.466762304,11137617.907670848,11137794.047562225,32,2976,False
31,plate6,4,32,1.0,1000.0,2,9288626.395831488,11129229.624619175,11129286.42816459,32,2976,False
31,plate6,4,64,1.0,100.0,2,9140873.534406152,11121617.340506423,11121617.583992578,32,2976,False
31,plate6,4,80,1.0,100.0,2,9125538.134781895,11121491.151927974,11121491.452451993,32,2976,False
31,plate6,4,92,1.0,100.0,2,9124921.95266163,11121436.230052324,11121436.507755982,32,2976,False
31,plate6,8,0,0.0,1e-08,0,,,,0,0,False
31,plate6,8,1,0.25,100.0,4,12427517.104519935,11369810.700193143,11442930.23333457,40,3720,False
31,plate6,8,2,0.5,100.0,4,11888372.409733484,11365109.28341199,11440075.035311766,40,3720,False
31,plate6,8,4,0.5,1000.0,4,11282271.51268278,11382867.480439886,11455539.873448707,40,3720,False
31,plate6,8,8,0.75,1000.0,4,10671456.758224813,11374092.02267305,11447518.936610788,40,3720,False
31,plate6,8,16,0.75,1000.0,4,10295937.371463919,11356059.601165194,11431604.233030267,40,3720,False
31,plate6,8,32,1.0,1000.0,4,10032543.097682169,11346332.47229331,11423755.79360021,40,3720,False
31,plate6,8,64,1.0,1000.0,4,9875322.06094438,11339212.474653965,11417569.453564098,40,3720,False
31,plate6,8,80,1.0,1000.0,4,9859051.089612557,11338833.05370523,11417225.392671254,40,3720,False
31,plate6,8,92,1.0,1000.0,4,9858371.09510295,11338760.665112186,11417172.616629625,40,3720,False
31,plate6,16,0,0.0,1e-08,0,,,,0,0,False
31,plate6,16,1,0.25,100.0,8,10990681.477992449,10727020.779458461,10769919.937054249,40,3720,False
31,plate6,16,2,0.5,100.0,8,10515241.126379317,10717270.522397544,10761348.284241049,40,3720,False
31,plate6,16,4,0.5,1000.0,8,9977897.053981904,10733462.267718883,10777185.9354068,40,3720,False
31,plate6,16,8,0.75,1000.0,8,9438853.415318524,10724667.946223978,10768288.87449964,40,3720,False
31,plate6,16,16,0.75,1000.0,8,9105788.425579272,10704674.100339636,10751944.317291658,40,3720,False
31,plate6,16,32,1.0,1000.0,8,8872454.155847197,10694694.820824914,10744109.424544828,40,3720,False
31,plate6,16,64,1.0,1000.0,8,8732664.311250279,10687081.41272699,10738379.067477845,40,3720,False
31,plate6,16,80,1.0,1000.0,8,8718429.002849448,10686231.50998183,10737717.097699733,40,3720,False
31,plate6,16,92,1.0,1000.0,8,8717814.123967348,10686155.565168973,10737665.662320057,40,3720,False
31,plate6,24,0,0.0,1e-08,0,,,,0,0,False
31,plate6,24,1,0.25,100.0,16,10357980.77659653,10528132.019966317,10548784.057603683,40,3720,False
31,plate6,24,2,0.5,100.0,16,9915959.861176342,10517593.982446957,10540033.388599627,40,3720,False
31,plate6,24,4,0.5,1000.0,16,9408674.641301025,10536510.684819825,10560651.420207277,40,3720,False
31,plate6,24,8,0.75,1000.0,16,8905672.93656924,10525614.881983394,10550399.564058794,40,3720,False
31,plate6,24,16,0.75,1000.0,16,8590047.066543594,10501457.869505955,10526144.710470382,40,3720,False
31,plate6,24,32,1.0,1000.0,16,8371159.19079017,10489278.214697365,10514828.809344014,40,3720,False
31,plate6,24,64,1.0,1000.0,16,8239191.327050046,10480407.707112957,10506880.66327714,40,3720,False
31,plate6,24,80,1.0,1000.0,16,8225683.450945045,10479145.63199756,10505670.903593933,40,3720,False
31,plate6,24,92,1.0,1000.0,16,8225094.116896507,10479055.495679302,10505588.834509602,40,3720,False
31,plate6,32,0,0.0,1e-08,0,,,,0,0,False
31,plate6,32,1,0.25,100.0,24,10217090.742479,10442030.382361406,10455217.475326654,40,3720,False
31,plate6,32,2,0.5,100.0,24,9780546.806223279,10429400.327559186,10443662.761678793,40,3720,False
31,plate6,32,4,0.5,1000.0,24,9280772.877569886,10443028.838123439,10460948.419051804,40,3720,False
31,plate6,32,8,0.75,1000.0,24,8784507.267990045,10433251.26745313,10451080.81649885,40,3720,False
31,plate6,32,16,0.75,1000.0,24,8472319.78328514,10409190.391889842,10426244.98472961,40,3720,False
31,plate6,32,32,1.0,1000.0,24,8255757.139119049,10397249.358811103,10414779.186743854,40,3720,False
31,plate6,32,64,1.0,1000.0,24,8125626.481657211,10387741.627911562,10405591.636702958,40,3720,False
31,plate6,32,80,1.0,1000.0,24,8112348.847387482,10386421.835348,10404282.900150517,40,3720,False
31,plate6,32,92,1.0,1000.0,24,8111760.49256475,10386318.506283425,10404182.543012546,40,3720,False
31,plate6,40,0,0.0,1e-08,0,,,,0,0,False
31,plate6,40,1,0.25,100.0,32,10130387.60386799,10396636.624923564,10409385.664025454,40,3720,False
31,plate6,40,2,0.5,100.0,32,9696505.598581186,10379681.513151078,10392512.031374319,40,3720,False
31,plate6,40,4,0.5,1000.0,32,9201348.267681709,10393984.997902289,10411801.17925609,40,3720,False
31,plate6,40,8,0.75,1000.0,32,8709038.075732253,10385919.192317404,10404043.380876467,40,3720,False
31,plate6,40,16,0.75,1000.0,32,8399876.710976379,10359888.270202408,10375238.86310219,40,3720,False
31,plate6,40,32,1.0,1000.0,32,8184576.59935654,10345675.803885264,10361128.393470118,40,3720,False
31,plate6,40,64,1.0,1000.0,32,8055627.5240230765,10335199.529586919,10350834.576616526,40,3720,False
31,plate6,40,80,1.0,1000.0,32,8042449.300388775,10333705.597149514,10349358.536813086,40,3720,False
31,plate6,40,92,1.0,1000.0,32,8041867.841402108,10333593.915329339,10349248.57011471,40,3720,False
31,plate6,49,0,0.0,1e-08,0,,,,0,0,False
31,plate6,49,1,0.25,100.0,32,10027951.810904728,10342717.23360846,10357925.445449002,40,3720,False
31,plate6,49,2,0.5,100.0,32,9598650.500857752,10323701.602194954,10341743.419367103,40,3720,False
31,plate6,49,4,0.5,1000.0,32,9108552.390441645,10335827.908603039,10358754.283097975,40,3720,False
31,plate6,49,8,0.75,1000.0,32,8622219.058757452,10327671.720375476,10350324.817810796,40,3720,False
31,plate6,49,16,0.75,1000.0,32,8316085.217535321,10301522.864400377,10324559.30645964,40,3720,False
31,plate6,49,32,1.0,1000.0,32,8102701.876883386,10286685.59575419,10311351.585972156,40,3720,False
31,plate6,49,64,1.0,1000.0,32,7974830.04781261,10275158.159481255,10300801.176702913,40,3720,False
31,plate6,49,80,1.0,1000.0,32,7961785.287398746,10273308.344572404,10299276.176389687,40,3720,False
31,plate6,49,92,1.0,1000.0,32,7961198.70060616,10273184.156858236,10299157.732547013,40,3720,False
31,plate14,1,0,0.0,1e-08,0,,,,0,0,False
31,plate14,1,1,0.0,1e-08,0,,,,0,0,False
31,plate14,1,2,0.0,1e-08,0,,,,0,0,False
31,plate14,1,4,0.0,1e-08,0,,,,0,0,False
31,plate14,1,8,0.0,1e-08,0,,,,0,0,False
31,plate14,1,16,0.0,1e-08,0,,,,0,0,False
31,plate14,1,32,0.0,1e-08,0,,,,0,0,False
31,plate14,1,64,0.0,1e-08,0,,,,0,0,False
31,plate14,1,80,0.0,1e-08,0,,,,0,0,False
31,plate14,1,92,0.0,1e-08,0,,,,0,0,False
31,plate14,2,0,0.0,1e-08,0,,,,0,0,False
31,plate14,2,1,0.5,1e-08,0,12124608.1004432,14445202.71295166,,16,1488,False
31,plate14,2,2,0.5,1e-08,0,11275021.104128636,14445202.71295166,,16,1488,False
31,plate14,2,4,0.75,1e-08,0,10569284.705407916,14445202.71295166,,16,1488,False
31,plate14,2,8,0.75,1e-08,0,9940379.323007861,14445202.71295166,,16,1488,False
31,plate14,2,16,1.0,1e-08,0,9522348.557961632,14445202.71295166,,16,1488,False
31,plate14,2,32,1.0,1e-08,0,9241906.392259454,14445202.71295166,,16,1488,False
31,plate14,2,64,1.0,1e-08,0,9106411.959616512,14445202.71295166,,16,1488,False
31,plate14,2,80,1.0,1e-08,0,9090907.096506817,14445202.71295166,,16,1488,False
31,plate14,2,92,1.0,1e-08,0,9090453.485957637,14445202.71295166,,16,1488,False
31,plate14,4,0,0.0,1e-08,0,,,,0,0,False
31,plate14,4,1,0.5,10.0,2,12700613.353607113,13939670.673754757,13939756.332436241,32,2976,False
31,plate14,4,2,0.5,100.0,2,11827846.958399637,13939585.28077111,13939781.494219624,32,2976,False
31,plate14,4,4,0.75,100.0,2,11074239.759588448,13946325.235879267,13946665.343061276,32,2976,False
31,plate14,4,8,0.75,100.0,2,10398950.886843821,13945624.389435675,13945674.117453456,32,2976,False
31,plate14,4,16,1.0,100.0,2,9948247.278010316,13937945.630714405,13937951.383857513,32,2976,False
31,plate14,4,32,1.0,100.0,2,9653770.73992672,13933161.963361356,13933167.639495026,32,2976,False
31,plate14,4,64,1.0,100.0,2,9512346.165764702,13932197.160775043,13932198.68341488,32,2976,False
31,plate14,4,80,1.0,1000.0,2,9495710.32086642,13932155.45039656,13932161.268056594,32,2976,False
31,plate14,4,92,1.0,1000.0,2,9495173.375626422,13932131.923405243,13932138.840001822,32,2976,False
31,plate14,8,0,0.0,1e-08,0,,,,0,0,False
31,plate14,8,1,0.5,100.0,4,13776668.032530537,14301830.07567908,14408865.568842571,40,3720,False
31,plate14,8,2,0.5,100.0,4,12817232.216322077,14302402.60986332,14408548.016509343,40,3720,False
31,plate14,8,4,0.75,100.0,4,11989496.396357648,14315451.606743317,14416916.641086655,40,3720,False
31,plate14,8,8,0.75,100.0,4,11251863.557473067,14307977.075839758,14412442.654925076,40,3720,False
31,plate14,8,16,1.0,1000.0,4,10757453.184234452,14296502.17242071,14403900.45281968,40,3720,False
31,plate14,8,32,1.0,1000.0,4,10441113.908825712,14290789.062747452,14400235.8914059,40,3720,False
31,plate14,8,64,1.0,1000.0,4,10288414.48656512,14289120.90607201,14399228.590465117,40,3720,False
31,plate14,8,80,1.0,1000.0,4,10270553.069336878,14288923.589911835,14399159.068253767,40,3720,False
31,plate14,8,92,1.0,1000.0,4,10269971.03818511,14288885.571980806,14399132.77131813,40,3720,False
31,plate14,16,0,0.0,1e-08,0,,,,0,0,False
31,plate14,16,1,0.5,100.0,8,12209248.123849848,13462885.682970459,13524019.128922375,40,3720,False
31,plate14,16,2,0.5,100.0,8,11363764.599817835,13462576.221036034,13523109.940005904,40,3720,False
31,plate14,16,4,0.75,1000.0,8,10626272.890320724,13478732.854218516,13533561.530022498,40,3720,False
31,plate14,16,8,0.75,1000.0,8,9975426.921486061,13471847.48515527,13528570.829190182,40,3720,False
31,plate14,16,16,1.0,1000.0,8,9538520.080106858,13456321.201021144,13518155.46718213,40,3720,False
31,plate14,16,32,1.0,1000.0,8,9256068.098454539,13449196.820000015,13513534.969014479,40,3720,False
31,plate14,16,64,1.0,1000.0,8,9120197.935614062,13445072.394335924,13511699.790613206,40,3720,False
31,plate14,16,80,1.0,1000.0,8,9104248.01526449,13444548.350333706,13511487.7903058,40,3720,False
31,plate14,16,92,1.0,1000.0,8,9103727.527775394,13444500.58248376,13511462.474731123,40,3720,False
31,plate14,24,0,0.0,1e-08,0,,,,0,0,False
31,plate14,24,1,0.5,100.0,16,11532851.760505218,13241406.604849884,13271966.261986684,40,3720,False
31,plate14,24,2,0.5,100.0,16,10742470.145690423,13241157.029190544,13272752.85259276,40,3720,False
31,plate14,24,4,0.75,1000.0,16,10050422.17123008,13259457.32804989,13292155.92089305,40,3720,False
31,plate14,24,8,0.75,1000.0,16,9434849.53806394,13251834.488895565,13283620.368005006,40,3720,False
31,plate14,24,16,1.0,1000.0,16,9022046.738181157,13231555.491690604,13264092.20882968,40,3720,False
31,plate14,24,32,1.0,1000.0,16,8754523.030633902,13222504.409768032,13256194.77054926,40,3720,False
31,plate14,24,64,1.0,1000.0,16,8625927.658056313,13217281.418646546,13252116.364302414,40,3720,False
31,plate14,24,80,1.0,1000.0,16,8610774.418097055,13216495.278788026,13251508.703200852,40,3720,False
31,plate14,24,92,1.0,1000.0,16,8610284.151372923,13216433.975838238,13251459.43590755,40,3720,False
31,plate14,32,0,0.0,1e-08,0,,,,0,0,False
31,plate14,32,1,0.5,100.0,24,11373736.136306768,13148757.09751377,13166096.73792958,40,3720,False
31,plate14,32,2,0.5,1000.0,24,10596475.191899553,13144978.848207692,13163878.68941774,40,3720,False
31,plate14,32,4,0.75,1000.0,24,9914567.669453885,13163746.074670784,13186401.309335459,40,3720,False
31,plate14,32,8,0.75,1000.0,24,9307998.955646712,13156954.785184521,13178429.799108423,40,3720,False
31,plate14,32,16,1.0,1000.0,24,8899627.635753205,13135156.38509959,13155670.253230374,40,3720,False
31,plate14,32,32,1.0,1000.0,24,8635366.665788794,13125300.23844312,13145948.089137238,40,3720,False
31,plate14,32,64,1.0,1000.0,24,8508585.83864884,13119136.311962258,13140388.910977105,40,3720,False
31,plate14,32,80,1.0,1000.0,24,8493603.563176243,13118189.823099582,13139582.829162756,40,3720,False
31,plate14,32,92,1.0,1000.0,24,8493120.08723237,13118116.9101644,13139517.685562002,40,3720,False
31,plate14,40,0,0.0,1e-08,0,,,,0,0,False
31,plate14,40,1,0.5,1000.0,32,11274252.010844987,13101857.88748444,13117106.349206742,40,3720,False
31,plate14,40,2,0.5,1000.0,32,10504610.973323919,13095239.000428678,13110746.395920271,40,3720,False
31,plate14,40,4,0.75,1000.0,32,9829401.054488763,13115393.054404857,13135552.306812622,40,3720,False
31,plate14,40,8,0.75,1000.0,32,9228172.385248126,13110946.169906443,13129509.56317025,40,3720,False
31,plate14,40,16,1.0,1000.0,32,8823681.858747937,13086304.304450884,13103008.672114655,40,3720,False
31,plate14,40,32,1.0,1000.0,32,8561703.226343516,13074797.796882613,13091271.569792101,40,3720,False
31,plate14,40,64,1.0,1000.0,32,8436125.175373824,13067581.957500355,13084513.776312413,40,3720,False
31,plate14,40,80,1.0,1000.0,32,8421235.443274241,13066495.47249466,13083528.64207537,40,3720,False
31,plate14,40,92,1.0,1000.0,32,8420754.54837593,13066411.594839716,13083450.280947207,40,3720,False
31,plate14,49,0,0.0,1e-08,0,,,,0,0,False
31,plate14,49,1,0.5,1000.0,32,11165882.895351466,13045658.719774654,13066145.816230256,40,3720,False
31,plate14,49,2,0.5,1000.0,32,10404694.818248762,13038204.804035982,13058574.550073205,40,3720,False
31,plate14,49,4,0.75,1000.0,32,9737454.082296517,13058959.788714811,13082508.80662363,40,3720,False
31,plate14,49,8,0.75,1000.0,32,9142345.629325861,13055908.488401411,13079801.415749148,40,3720,False
31,plate14,49,16,1.0,1000.0,32,8741851.349707117,13029737.737570686,13053196.635382656,40,3720,False
31,plate14,49,32,1.0,1000.0,32,8482045.814190146,13017089.678855075,13041060.320897786,40,3720,False
31,plate14,49,64,1.0,1000.0,32,8357557.321435114,13008900.777010305,13033910.146000845,40,3720,False
31,plate14,49,80,1.0,1000.0,32,8342764.564040707,13007587.064284232,13032821.261263536,40,3720,False
31,plate14,49,92,1.0,1000.0,32,8342288.945743964,13007494.028713528,13032742.936475206,40,3720,False
32,plate6,1,0,0.0,1e-08,0,,,,0,0,False
32,plate6,1,1,0.0,1e-08,0,,,,0,0,False
32,plate6,1,2,0.0,1e-08,0,,,,0,0,False
32,plate6,1,4,0.0,1e-08,0,,,,0,0,False
32,plate6,1,8,0.0,1e-08,0,,,,0,0,False
32,plate6,1,16,0.0,1e-08,0,,,,0,0,False
32,plate6,1,32,0.0,1e-08,0,,,,0,0,False
32,plate6,1,64,0.0,1e-08,0,,,,0,0,False
32,plate6,1,80,0.0,1e-08,0,,,,0,0,False
32,plate6,1,92,0.0,1e-08,0,,,,0,0,False
32,plate6,2,0,0.0,1e-08,0,,,,0,0,False
32,plate6,2,1,0.125,1e-08,0,6376015.588974237,6620258.821105957,,16,1488,False
32,plate6,2,2,0.25,1e-08,0,6100355.975945801,6620258.821105957,,16,1488,False
32,plate6,2,4,0.5,1e-08,0,5705579.98209697,6620258.821105957,,16,1488,False
32,plate6,2,8,0.75,1e-08,0,5391330.626881302,6620258.821105957,,16,1488,False
32,plate6,2,16,0.75,1e-08,0,5222181.266224511,6620258.821105957,,16,1488,False
32,plate6,2,32,1.0,1e-08,0,5087702.573912059,6620258.821105957,,16,1488,False
32,plate6,2,64,1.0,1e-08,0,5009939.346874122,6620258.821105957,,16,1488,False
32,plate6,2,80,1.0,1e-08,0,5001973.982999268,6620258.821105957,,16,1488,False
32,plate6,2,92,1.0,1e-08,0,5001582.880736843,6620258.821105957,,16,1488,False
32,plate6,4,0,0.0,1e-08,0,,,,0,0,False
32,plate6,4,1,0.125,1000.0,2,8540725.034049839,8552920.174287798,8557731.67073861,32,2976,False
32,plate6,4,2,0.25,1000.0,2,8166261.628720992,8520133.361964948,8524001.600596398,32,2976,False
32,plate6,4,4,0.5,1000.0,2,7631855.139413455,8505384.982254017,8508537.068175498,32,2976,False
32,plate6,4,8,0.75,1000.0,2,7230829.201521178,8495994.251266332,8498117.817126563,32,2976,False
32,plate6,4,16,0.75,1000.0,2,7015762.268908108,8494747.866672123,8495280.722182292,32,2976,False
32,plate6,4,32,1.0,1000.0,2,6841151.830565858,8492748.357746199,8492905.20613725,32,2976,False
32,plate6,4,64,1.0,1000.0,2,6737494.02955929,8488446.898349326,8488495.08088258,32,2976,False
32,plate6,4,80,1.0,1000.0,2,6726493.225685028,8488220.669541385,8488254.896101076,32,2976,False
32,plate6,4,92,1.0,1000.0,2,6725931.7092512045,8488178.482521376,8488213.230226515,32,2976,False
32,plate6,8,0,0.0,1e-08,0,,,,0,0,False
32,plate6,8,1,0.25,1000.0,4,14358059.400280781,14080954.418015633,14116525.023850398,40,3720,False
32,plate6,8,2,0.5,1000.0,4,13687223.86463753,14032914.099911323,14072855.276103612,40,3720,False
32,plate6,8,4,0.5,1000.0,4,12892678.014552886,14014261.994172867,14059381.43016851,40,3720,False
32,plate6,8,8,0.75,1000.0,4,12175199.605418365,14007016.05075961,14053498.403367054,40,3720,False
32,plate6,8,16,0.75,1000.0,4,11805173.219211096,14006536.49734186,14051597.250436414,40,3720,False
32,plate6,8,32,1.0,1000.0,4,11511602.062348686,14000511.351296311,14045503.152712306,40,3720,False
32,plate6,8,64,1.0,1000.0,4,11320104.900183618,13993690.89417699,14039802.461075015,40,3720,False
32,plate6,8,80,1.0,1000.0,4,11303874.515678614,13994501.20074981,14040741.280447228,40,3720,False
32,plate6,8,92,1.0,1000.0,4,11303146.683212373,13994426.962508399,14040677.524633285,40,3720,False
32,plate6,16,0,0.0,1e-08,0,,,,0,0,False
32,plate6,16,1,0.25,1000.0,4,13106806.141133506,13569176.54042493,13599917.65426788,40,3720,False
32,plate6,16,2,0.5,1000.0,4,12497509.197258312,13526644.04440321,13577689.600821234,40,3720,False
32,plate6,16,4,0.5,1000.0,8,11770066.848291505,13507190.554791413,13561252.457604136,40,3720,False
32,plate6,16,8,0.75,1000.0,8,11114213.041571485,13498397.96964597,13552407.511988949,40,3720,False
32,plate6,16,16,0.75,1000.0,8,10778249.177890556,13495964.842642935,13548303.816437991,40,3720,False
32,plate6,16,32,1.0,1000.0,8,10511088.287125885,13489878.07316353,13544296.302529695,40,3720,False
32,plate6,16,64,1.0,1000.0,8,10336977.250235837,13477757.84617458,13536482.296758223,40,3720,False
32,plate6,16,80,1.0,1000.0,8,10322143.35690457,13477841.783824353,13536500.16940564,40,3720,False
32,plate6,16,92,1.0,1000.0,8,10321475.327943355,13477730.715166122,13536417.666119812,40,3720,False
32,plate6,24,0,0.0,1e-08,0,,,,0,0,False
32,plate6,24,1,0.25,1000.0,4,12895983.349746106,13383344.545694321,13415829.215018766,40,3720,False
32,plate6,24,2,0.5,1000.0,16,12293062.179223252,13338352.650680512,13363496.088194257,40,3720,False
32,plate6,24,4,0.5,1000.0,16,11577810.13757497,13315120.868494788,13336249.368114648,40,3720,False
32,plate6,24,8,0.75,1000.0,16,10930944.570049267,13302324.27228173,13323812.43489475,40,3720,False
32,plate6,24,16,0.75,1000.0,16,10598750.06749055,13299707.093214812,13321043.111145174,40,3720,False
32,plate6,24,32,1.0,1000.0,16,10335854.341519108,13295018.756652838,13316767.819727901,40,3720,False
32,plate6,24,64,1.0,1000.0,16,10164635.49187982,13282506.5086169,13305592.382810088,40,3720,False
32,plate6,24,80,1.0,1000.0,16,10150169.03298587,13282388.395687241,13305486.53444389,40,3720,False
32,plate6,24,92,1.0,1000.0,16,10149518.548929548,13282277.559600811,13305385.697176147,40,3720,False
32,plate6,32,0,0.0,1e-08,0,,,,0,0,False
32,plate6,32,1,0.25,1000.0,24,12863958.763522081,13296031.61957013,13328101.186320942,40,3720,False
32,plate6,32,2,0.5,1000.0,24,12259819.939251909,13244158.727823498,13265926.894172298,40,3720,False
32,plate6,32,4,0.5,1000.0,24,11547673.797327582,13218398.624211872,13236667.33050482,40,3720,False
32,plate6,32,8,0.75,1000.0,24,10901352.99677095,13201768.64014131,13219423.631431825,40,3720,False
32,plate6,32,16,0.75,1000.0,24,10569650.106969256,13198683.056095377,13216005.36076225,40,3720,False
32,plate6,32,32,1.0,1000.0,24,10306376.166487237,13195322.99197866,13212141.40105112,40,3720,False
32,plate6,32,64,1.0,1000.0,24,10136126.206085881,13180854.138197051,13198668.75075643,40,3720,False
32,plate6,32,80,1.0,1000.0,24,10121656.719650134,13180878.306272928,13198659.037038967,40,3720,False
32,plate6,32,92,1.0,1000.0,24,10120989.343576852,13180781.468490029,13198569.721706524,40,3720,False
32,plate6,40,0,0.0,1e-08,0,,,,0,0,False
32,plate6,40,1,0.25,1000.0,32,12788415.34171865,13252167.952473845,13297966.40223531,40,3720,False
32,plate6,40,2,0.5,1000.0,32,12187185.898472764,13191228.596818477,13212714.127850292,40,3720,False
32,plate6,40,4,0.5,1000.0,32,11480801.584279886,13161903.128143072,13176964.72305592,40,3720,False
32,plate6,40,8,0.75,1000.0,32,10837053.244720135,13143186.395266915,13156515.084419064,40,3720,False
32,plate6,40,16,0.75,1000.0,32,10507262.420015024,13140890.593561195,13153389.545108525,40,3720,False
32,plate6,40,32,1.0,1000.0,32,10245746.542238703,13137253.616129665,13149646.841781367,40,3720,False
32,plate6,40,64,1.0,1000.0,32,10076326.272401128,13120903.631282788,13133730.90637114,40,3720,False
32,plate6,40,80,1.0,1000.0,32,10062034.968118876,13120779.30010973,13133568.622174343,40,3720,False
32,plate6,40,92,1.0,1000.0,32,10061388.935774028,13120670.352248762,13133464.076275289,40,3720,False
32,plate6,49,0,0.0,1e-08,0,,,,0,0,False
32,plate6,49,1,0.25,1000.0,32,12640267.950596604,13203086.364684595,13244719.690496152,40,3720,False
32,plate6,49,2,0.5,1000.0,32,12046293.257072873,13138837.678554535,13161421.571777081,40,3720,False
32,plate6,49,4,0.5,1000.0,32,11345839.052966619,13107939.83210798,13126814.74629967,40,3720,False
32,plate6,49,8,0.75,1000.0,32,10709665.125191431,13087061.790484421,13107071.62101429,40,3720,False
32,plate6,49,16,0.75,1000.0,32,10383838.881500708,13084783.257664993,13105211.837427218,40,3720,False
32,plate6,49,32,1.0,1000.0,32,10125459.07344625,13081076.643785652,13101839.461864106,40,3720,False
32,plate6,49,64,1.0,1000.0,32,9958007.962406963,13063635.016494654,13086939.605934104,40,3720,False
32,plate6,49,80,1.0,1000.0,32,9943872.58355967,13063466.97530342,13086699.646457389,40,3720,False
32,plate6,49,92,1.0,1000.0,32,9943231.299397916,13063349.890549881,13086596.141407011,40,3720,False
32,plate14,1,0,0.0,1e-08,0,,,,0,0,False
32,plate14,1,1,0.0,1e-08,0,,,,0,0,False
32,plate14,1,2,0.0,1e-08,0,,,,0,0,False
32,plate14,1,4,0.0,1e-08,0,,,,0,0,False
32,plate14,1,8,0.0,1e-08,0,,,,0,0,False
32,plate14,1,16,0.0,1e-08,0,,,,0,0,False
32,plate14,1,32,0.0,1e-08,0,,,,0,0,False
32,plate14,1,64,0.0,1e-08,0,,,,0,0,False
32,plate14,1,80,0.0,1e-08,0,,,,0,0,False
32,plate14,1,92,0.0,1e-08,0,,,,0,0,False
32,plate14,2,0,0.0,1e-08,0,,,,0,0,False
32,plate14,2,1,0.5,1e-08,0,7958780.025987744,9520842.473999023,,16,1488,False
32,plate14,2,2,0.5,1e-08,0,7359141.279031694,9520842.473999023,,16,1488,False
32,plate14,2,4,0.75,1e-08,0,6853766.208830781,9520842.473999023,,16,1488,False
32,plate14,2,8,0.75,1e-08,0,6431574.537029058,9520842.473999023,,16,1488,False
32,plate14,2,16,1.0,1e-08,0,6168967.347211113,9520842.473999023,,16,1488,False
32,plate14,2,32,1.0,1e-08,0,5994621.57488171,9520842.473999023,,16,1488,False
32,plate14,2,64,1.0,1e-08,0,5906706.026768533,9520842.473999023,,16,1488,False
32,plate14,2,80,1.0,1e-08,0,5896871.101191792,9520842.473999023,,16,1488,False
32,plate14,2,92,1.0,1e-08,0,5896544.770911722,9520842.473999023,,16,1488,False
32,plate14,4,0,0.0,1e-08,0,,,,0,0,False
32,plate14,4,1,0.5,100.0,2,10192291.220333919,11429819.556356972,11431165.096563822,32,2976,False
32,plate14,4,2,0.5,100.0,2,9422695.091676742,11426452.27357974,11427042.873434275,32,2976,False
32,plate14,4,4,0.75,1000.0,2,8740503.069457792,11432504.984813847,11433000.468908003,32,2976,False
32,plate14,4,8,0.75,1000.0,2,8226439.05092715,11427518.3809858,11428551.036012633,32,2976,False
32,plate14,4,16,1.0,1000.0,2,7893968.196675952,11429567.03244229,11429744.840425152,32,2976,False
32,plate14,4,32,1.0,10.0,2,7676349.876079036,11427166.433557037,11427166.478340186,32,2976,False
32,plate14,4,64,1.0,1000.0,2,7561162.703676134,11425629.654135441,11425641.120714879,32,2976,False
32,plate14,4,80,1.0,1000.0,2,7548768.09668575,11425532.03002294,11425551.05692601,32,2976,False
32,plate14,4,92,1.0,1000.0,2,7548316.958264628,11425506.147631349,11425526.611243878,32,2976,False
32,plate14,8,0,0.0,1e-08,0,,,,0,0,False
32,plate14,8,1,0.5,100.0,4,16121217.256741105,17473216.67562668,17517350.261276595,40,3720,False
32,plate14,8,2,0.5,100.0,4,14912846.545935627,17465520.643408377,17513087.9683613,40,3720,False
32,plate14,8,4,0.75,100.0,4,13891750.618245056,17465861.47141129,17514101.003880434,40,3720,False
32,plate14,8,8,0.75,1000.0,4,13116490.254266892,17462386.048536994,17510986.04915868,40,3720,False
32,plate14,8,16,1.0,1000.0,4,12613683.77089326,17465329.91468426,17512138.793557152,40,3720,False
32,plate14,8,32,1.0,1000.0,4,12264326.508317623,17462648.633853257,17509897.8662942,40,3720,False
32,plate14,8,64,1.0,1000.0,4,12080636.875928069,17460359.0765519,17508714.3453677,40,3720,False
32,plate14,8,80,1.0,1000.0,4,12060868.404379219,17460505.828674283,17508848.546353858,40,3720,False
32,plate14,8,92,1.0,1000.0,4,12060200.65653367,17460466.370935414,17508820.13752624,40,3720,False
32,plate14,16,0,0.0,1e-08,0,,,,0,0,False
32,plate14,16,1,0.5,100.0,8,14704884.441736026,16877727.75820553,16934209.03034513,40,3720,False
32,plate14,16,2,0.5,100.0,8,13611629.341877213,16868000.469394438,16929005.178065926,40,3720,False
32,plate14,16,4,0.75,100.0,8,12683439.386330191,16865004.425389122,16926896.430490144,40,3720,False
32,plate14,16,8,0.75,100.0,8,11975662.156557865,16860918.721722174,16923744.638133734,40,3720,False
32,plate14,16,16,1.0,1000.0,8,11514432.666757181,16865510.721940886,16926143.20191435,40,3720,False
32,plate14,16,32,1.0,1000.0,8,11195779.290578652,16861823.033823878,16924248.80056235,40,3720,False
32,plate14,16,64,1.0,1000.0,8,11028178.808993602,16857701.730760038,16921727.623385888,40,3720,False
32,plate14,16,80,1.0,1000.0,8,11010166.577083912,16857611.89908809,16921673.580366936,40,3720,False
32,plate14,16,92,1.0,1000.0,8,11009547.428277053,16857554.69977614,16921639.229880247,40,3720,False
32,plate14,24,0,0.0,1e-08,0,,,,0,0,False
32,plate14,24,1,0.5,1000.0,16,14463900.922203442,16667570.43070696,16693211.135823788,40,3720,False
32,plate14,24,2,0.5,1000.0,16,13393018.478164263,16655249.540623304,16682866.605028873,40,3720,False
32,plate14,24,4,0.75,100.0,16,12479548.420282051,16651819.59643434,16679655.217145119,40,3720,False
32,plate14,24,8,0.75,100.0,16,11782065.532122748,16645235.558533577,16674390.077007515,40,3720,False
32,plate14,24,16,1.0,1000.0,16,11327753.37882038,16649740.614601707,16678110.423946867,40,3720,False
32,plate14,24,32,1.0,1000.0,16,11014532.196748342,16646938.195299305,16676054.909717571,40,3720,False
32,plate14,24,64,1.0,1000.0,16,10849168.352623444,16641436.880100004,16671903.826831933,40,3720,False
32,plate14,24,80,1.0,1000.0,16,10831427.042046629,16641418.081263345,16671827.35932688,40,3720,False
32,plate14,24,92,1.0,1000.0,16,10830828.984539459,16641349.459123828,16671771.876479851,40,3720,False
32,plate14,32,0,0.0,1e-08,0,,,,0,0,False
32,plate14,32,1,0.5,1000.0,24,14432683.487610646,16560017.970312314,16576756.989059268,40,3720,False
32,plate14,32,2,0.5,1000.0,24,13361605.458030274,16545546.73157402,16562384.361210948,40,3720,False
32,plate14,32,4,0.75,100.0,24,12449960.783992205,16538361.334448721,16554959.02279101,40,3720,False
32,plate14,32,8,0.75,100.0,24,11753229.202528015,16531332.746619446,16549037.71375786,40,3720,False
32,plate14,32,16,1.0,1000.0,24,11300570.226016808,16535772.542896792,16552801.75469717,40,3720,False
32,plate14,32,32,1.0,1000.0,24,10987466.166236296,16533059.47241036,16550811.595545258,40,3720,False
32,plate14,32,64,1.0,1000.0,24,10822428.106953304,16526843.101693148,16545481.878503706,40,3720,False
32,plate14,32,80,1.0,1000.0,24,10804754.356462393,16526840.964051628,16545459.567326248,40,3720,False
32,plate14,32,92,1.0,1000.0,24,10804146.42765313,16526768.926857911,16545397.290021602,40,3720,False
32,plate14,40,0,0.0,1e-08,0,,,,0,0,False
32,plate14,40,1,0.5,1000.0,32,14349150.024808329,16496231.590653026,16513475.819880173,40,3720,False
32,plate14,40,2,0.5,1000.0,32,13285983.029881226,16480985.65736541,16495038.380578106,40,3720,False
32,plate14,40,4,0.75,100.0,32,12381213.55663232,16473510.362564003,16485978.542142697,40,3720,False
32,plate14,40,8,0.75,100.0,32,11688718.088505797,16465491.86061743,16478922.505679063,40,3720,False
32,plate14,40,16,1.0,1000.0,32,11238244.280486688,16471024.046942836,16484541.884650644,40,3720,False
32,plate14,40,32,1.0,1000.0,32,10926747.461351579,16467722.707308847,16481595.987284416,40,3720,False
32,plate14,40,64,1.0,1000.0,32,10762874.731336173,16460698.254813837,16475049.579329066,40,3720,False
32,plate14,40,80,1.0,1000.0,32,10745302.862776503,16460698.273485761,16475035.430138232,40,3720,False
32,plate14,40,92,1.0,1000.0,32,10744695.024480266,16460611.090334997,16474955.9382864,40,3720,False
32,plate14,49,0,0.0,1e-08,0,,,,0,0,False
32,plate14,49,1,0.5,1000.0,32,14189905.288752336,16440976.341971468,16461988.182697304,40,3720,False
32,plate14,49,2,0.5,1000.0,32,13139773.364828374,16424134.737888254,16444211.50455417,40,3720,False
32,plate14,49,4,0.75,1000.0,32,12245493.617730673,16415876.570525467,16434381.164904574,40,3720,False
32,plate14,49,8,0.75,100.0,32,11561160.512812834,16406074.293998078,16426967.274475608,40,3720,False
32,plate14,49,16,1.0,1000.0,32,11115552.125647172,16411429.891726322,16432316.257107548,40,3720,False
32,plate14,49,32,1.0,1000.0,32,10807432.888190003,16407439.483365517,16428843.881331876,40,3720,False
32,plate14,49,64,1.0,1000.0,32,10645442.883609915,16399429.01363856,16422551.470805664,40,3720,False
32,plate14,49,80,1.0,1000.0,32,10628064.348971529,16399494.33577107,16422525.905192845,40,3720,False
32,plate14,49,92,1.0,1000.0,32,10627464.137061315,16399397.204721464,16422448.269741785,40,3720,False
33,plate6,1,0,0.0,1e-08,0,,,,0,0,False
33,plate6,1,1,0.0,1e-08,0,,,,0,0,False
33,plate6,1,2,0.0,1e-08,0,,,,0,0,False
33,plate6,1,4,0.0,1e-08,0,,,,0,0,False
33,plate6,1,8,0.0,1e-08,0,,,,0,0,False
33,plate6,1,16,0.0,1e-08,0,,,,0,0,False
33,plate6,1,32,0.0,1e-08,0,,,,0,0,False
33,plate6,1,64,0.0,1e-08,0,,,,0,0,False
33,plate6,1,80,0.0,1e-08,0,,,,0,0,False
33,plate6,1,92,0.0,1e-08,0,,,,0,0,False
33,plate6,2,0,0.0,1e-08,0,,,,0,0,False
33,plate6,2,1,0.25,1e-08,0,18347165.364889592,20156014.63110733,,16,1488,False
33,plate6,2,2,0.5,1e-08,0,17204187.83239481,20156014.63110733,,16,1488,False
33,plate6,2,4,0.75,1e-08,0,16178940.89187155,20156014.63110733,,16,1488,False
33,plate6,2,8,0.75,1e-08,0,15288936.281554718,20156014.63110733,,16,1488,False
33,plate6,2,16,0.75,1e-08,0,14822709.942282598,20156014.63110733,,16,1488,False
33,plate6,2,32,1.0,1e-08,0,14400731.983279694,20156014.63110733,,16,1488,False
33,plate6,2,64,1.0,1e-08,0,14188159.651694274,20156014.63110733,,16,1488,False
33,plate6,2,80,1.0,1e-08,0,14159412.137530474,20156014.63110733,,16,1488,False
33,plate6,2,92,1.0,1e-08,0,14158362.29563919,20156014.63110733,,16,1488,False
33,plate6,4,0,0.0,1e-08,0,,,,0,0,False
33,plate6,4,1,0.25,100.0,2,30881373.66055265,27585531.729878463,27590071.633393217,32,2976,False
33,plate6,4,2,0.5,1000.0,2,29251588.239942256,27570702.389043298,27574668.194355458,32,2976,False
33,plate6,4,4,0.75,1000.0,2,27721422.594184153,27562987.29006641,27566945.448683478,32,2976,False
33,plate6,4,8,0.75,1000.0,2,26122178.188626133,27564403.539305083,27566133.48437295,32,2976,False
33,plate6,4,16,0.75,1000.0,2,25284134.855646953,27559517.143322207,27559892.151160885,32,2976,False
33,plate6,4,32,1.0,100.0,2,24593481.64719722,27556560.151043337,27556561.33644456,32,2976,False
33,plate6,4,64,1.0,1000.0,2,24219891.15395347,27554538.762492165,27554556.179700293,32,2976,False
33,plate6,4,80,1.0,1000.0,2,24175967.001682013,27554584.573640004,27554605.950482912,32,2976,False
33,plate6,4,92,1.0,1000.0,2,24174329.013800126,27554535.81255293,27554557.44395427,32,2976,False
33,plate6,8,0,0.0,1e-08,0,,,,0,0,False
33,plate6,8,1,0.25,100.0,4,34070595.199030854,34806759.34477419,34851785.670689225,40,3720,False
33,plate6,8,2,0.5,100.0,4,32157507.664285164,34786505.04541678,34832794.5386385,40,3720,False
33,plate6,8,4,0.75,1000.0,4,30456917.584940486,34775064.12098546,34823857.369740374,40,3720,False
33,plate6,8,8,0.75,1000.0,4,28768151.661515035,34776861.06488062,34825440.04744749,40,3720,False
33,plate6,8,16,0.75,1000.0,4,27858086.69000545,34763410.98192649,34811664.32033399,40,3720,False
33,plate6,8,32,1.0,1000.0,4,27065944.629163332,34761815.1601347,34810245.39078202,40,3720,False
33,plate6,8,64,1.0,1000.0,4,26639146.448203832,34755961.52478357,34806673.71007777,40,3720,False
33,plate6,8,80,1.0,1000.0,4,26594286.82182623,34755961.6237718,34806802.73581337,40,3720,False
33,plate6,8,92,1.0,1000.0,4,26592539.342142627,34755904.41304948,34806751.35434625,40,3720,False
33,plate6,16,0,0.0,1e-08,0,,,,0,0,False
33,plate6,16,1,0.25,1000.0,8,32173744.28251427,34233191.65946774,34271622.91155316,40,3720,False
33,plate6,16,2,0.5,1000.0,8,30359044.13787648,34202663.09785418,34242504.75836126,40,3720,False
33,plate6,16,4,0.75,1000.0,8,28752014.49301161,34183131.97031358,34223385.08547886,40,3720,False
33,plate6,16,8,0.75,1000.0,8,27156292.840978824,34185077.9102379,34223688.012831196,40,3720,False
33,plate6,16,16,0.75,1000.0,8,26295621.041702703,34169151.28032367,34208352.634989105,40,3720,False
33,plate6,16,32,1.0,1000.0,8,25545265.291658036,34160643.232025914,34202697.48426373,40,3720,False
33,plate6,16,64,1.0,1000.0,8,25143037.81876825,34152828.66782295,34197852.63638049,40,3720,False
33,plate6,16,80,1.0,1000.0,8,25100875.403772146,34152398.05113125,34197707.772896804,40,3720,False
33,plate6,16,92,1.0,1000.0,8,25099243.017667323,34152308.51820521,34197630.06724719,40,3720,False
33,plate6,24,0,0.0,1e-08,0,,,,0,0,False
33,plate6,24,1,0.25,1000.0,8,31499542.87199604,34068040.69059627,34113856.31641001,40,3720,False
33,plate6,24,2,0.5,1000.0,16,29723811.43639612,34030006.2804324,34060674.02788375,40,3720,False
33,plate6,24,4,0.75,1000.0,16,28147862.43828131,34005503.71232698,34027324.564585574,40,3720,False
33,plate6,24,8,0.75,1000.0,16,26583060.91577798,34007234.59794465,34028739.61397208,40,3720,False
33,plate6,24,16,0.75,1000.0,16,25740376.6376544,33988071.85412503,34009015.246413864,40,3720,False
33,plate6,24,32,1.0,1000.0,16,25005765.549108278,33976322.76784163,33997463.37577753,40,3720,False
33,plate6,24,64,1.0,1000.0,16,24611831.150132224,33967266.75555647,33990152.63594993,40,3720,False
33,plate6,24,80,1.0,1000.0,16,24570513.49632589,33966519.00602631,33989676.188517734,40,3720,False
33,plate6,24,92,1.0,1000.0,16,24568916.760230757,33966406.14419832,33989568.94374159,40,3720,False
33,plate6,32,0,0.0,1e-08,0,,,,0,0,False
33,plate6,32,1,0.25,1000.0,16,31355006.92855269,34104831.963314466,34149890.14136129,40,3720,False
33,plate6,32,2,0.5,1000.0,24,29583807.49027779,33981247.214763284,34013907.02042366,40,3720,False
33,plate6,32,4,0.75,1000.0,24,28013600.89215593,33929503.06043137,33948662.918895856,40,3720,False
33,plate6,32,8,0.75,1000.0,24,26455601.874394983,33922223.08244329,33940438.79350704,40,3720,False
33,plate6,32,16,0.75,1000.0,24,25617116.59026259,33901371.80348984,33918152.96248075,40,3720,False
33,plate6,32,32,1.0,1000.0,24,24886254.490046166,33886754.833453886,33903136.38979717,40,3720,False
33,plate6,32,64,1.0,1000.0,24,24494557.31425106,33878098.22033434,33895330.58474871,40,3720,False
33,plate6,32,80,1.0,1000.0,24,24453468.855792776,33876833.00200035,33894292.72488131,40,3720,False
33,plate6,32,92,1.0,1000.0,24,24451868.89129513,33876721.10365292,33894181.13386078,40,3720,False
33,plate6,40,0,0.0,1e-08,0,,,,0,0,False
33,plate6,40,1,0.25,1000.0,16,31263577.10835861,34055325.10836546,34102326.968412645,40,3720,False
33,plate6,40,2,0.5,1000.0,32,29498809.372400343,33927662.74521608,33961411.161140665,40,3720,False
33,plate6,40,4,0.75,1000.0,32,27933444.69788147,33872121.43207931,33888830.86598863,40,3720,False
33,plate6,40,8,0.75,1000.0,32,26379379.49128108,33861401.027816914,33875682.40878782,40,3720,False
33,plate6,40,16,0.75,1000.0,32,25542998.61808885,33837797.34618889,33851207.988692194,40,3720,False
33,plate6,40,32,1.0,1000.0,32,24814444.29923812,33820732.787505075,33834108.82616508,40,3720,False
33,plate6,40,64,1.0,1000.0,32,24423762.982149992,33810740.9529546,33824267.903201126,40,3720,False
33,plate6,40,80,1.0,1000.0,32,24382799.90500726,33809487.219682515,33823159.705798365,40,3720,False
33,plate6,40,92,1.0,1000.0,32,24381201.73012383,33809361.571761675,33823038.67118417,40,3720,False
33,plate6,49,0,0.0,1e-08,0,,,,0,0,False
33,plate6,49,1,0.25,1000.0,16,31164077.509863775,34014131.15246622,34059392.917761624,40,3720,False
33,plate6,49,2,0.5,1000.0,24,29404029.487855144,33882941.42388818,33923489.66196786,40,3720,False
33,plate6,49,4,0.75,1000.0,32,27842114.40287339,33824236.351147465,33852404.57465482,40,3720,False
33,plate6,49,8,0.75,1000.0,32,26291707.233124103,33812913.36454187,33838013.956563786,40,3720,False
33,plate6,49,16,0.75,1000.0,32,25458383.581108406,33786549.05822938,33814443.5345183,40,3720,False
33,plate6,49,32,1.0,1000.0,32,24732707.844419923,33765167.28368797,33795699.82620581,40,3720,False
33,plate6,49,64,1.0,1000.0,32,24343276.94279346,33751940.89211367,33784103.006703645,40,3720,False
33,plate6,49,80,1.0,1000.0,32,24302466.335511528,33750555.166471146,33782999.83537628,40,3720,False
33,plate6,49,92,1.0,1000.0,32,24300866.59700835,33750430.907431066,33782885.97542367,40,3720,False
33,plate14,1,0,0.0,1e-08,0,,,,0,0,False
33,plate14,1,1,0.0,1e-08,0,,,,0,0,False
33,plate14,1,2,0.0,1e-08,0,,,,0,0,False
33,plate14,1,4,0.0,1e-08,0,,,,0,0,False
33,plate14,1,8,0.0,1e-08,0,,,,0,0,False
33,plate14,1,16,0.0,1e-08,0,,,,0,0,False
33,plate14,1,32,0.0,1e-08,0,,,,0,0,False
33,plate14,1,64,0.0,1e-08,0,,,,0,0,False
33,plate14,1,80,0.0,1e-08,0,,,,0,0,False
33,plate14,1,92,0.0,1e-08,0,,,,0,0,False
33,plate14,2,0,0.0,1e-08,0,,,,0,0,False
33,plate14,2,1,0.25,1e-08,0,19318709.32395029,21931862.622795105,,16,1488,False
33,plate14,2,2,0.5,1e-08,0,17725363.959422946,21931862.622795105,,16,1488,False
33,plate14,2,4,0.75,1e-08,0,16332291.126526073,21931862.622795105,,16,1488,False
33,plate14,2,8,0.75,1e-08,0,15139799.62864094,21931862.622795105,,16,1488,False
33,plate14,2,16,1.0,1e-08,0,14323285.5736891,21931862.622795105,,16,1488,False
33,plate14,2,32,1.0,1e-08,0,13877982.178896116,21931862.622795105,,16,1488,False
33,plate14,2,64,1.0,1e-08,0,13670319.684244333,21931862.622795105,,16,1488,False
33,plate14,2,80,1.0,1e-08,0,13643461.796138486,21931862.622795105,,16,1488,False
33,plate14,2,92,1.0,1e-08,0,13642926.468859537,21931862.622795105,,16,1488,False
33,plate14,4,0,0.0,1e-08,0,,,,0,0,False
33,plate14,4,1,0.5,100.0,2,32580206.57995046,30477009.675967798,30477591.136140224,32,2976,False
33,plate14,4,2,0.5,100.0,2,29942579.900859594,30476567.123119622,30477388.953079574,32,2976,False
33,plate14,4,4,0.75,1000.0,2,27726596.542714883,30476253.678302094,30477042.22189528,32,2976,False
33,plate14,4,8,0.75,1000.0,2,25983568.39247408,30478617.07854483,30479441.925542355,32,2976,False
33,plate14,4,16,1.0,1000.0,2,24818993.504361115,30475370.26998083,30475562.195177246,32,2976,False
33,plate14,4,32,1.0,100.0,2,24080981.320071857,30473065.811472066,30473069.72464751,32,2976,False
33,plate14,4,64,1.0,100.0,2,23721043.78352586,30472474.07547675,30472474.47420992,32,2976,False
33,plate14,4,80,1.0,1000.0,2,23680730.178317998,30472491.315605436,30472507.62555083,32,2976,False
33,plate14,4,92,1.0,1000.0,2,23679770.999720573,30472462.852608595,30472481.07259377,32,2976,False
33,plate14,8,0,0.0,1e-08,0,,,,0,0,False
33,plate14,8,1,0.5,100.0,4,35421818.03171814,38003092.56405505,38074197.01822556,40,3720,False
33,plate14,8,2,0.5,100.0,4,32583375.53342416,37991968.527455986,38067841.28455008,40,3720,False
33,plate14,8,4,0.75,100.0,4,30225716.488992915,37991190.07502598,38065704.48318454,40,3720,False
33,plate14,8,8,0.75,1000.0,4,28356180.768722918,37994594.85468934,38065342.33424404,40,3720,False
33,plate14,8,16,1.0,1000.0,4,27146554.00329141,37988129.83904789,38060528.219592735,40,3720,False
33,plate14,8,32,1.0,1000.0,4,26353537.52846973,37984413.26667872,38059114.73086842,40,3720,False
33,plate14,8,64,1.0,1000.0,4,25949167.981203593,37980259.10347188,38056748.87229805,40,3720,False
33,plate14,8,80,1.0,1000.0,4,25905565.555265155,37980051.40641196,38056584.14040252,40,3720,False
33,plate14,8,92,1.0,1000.0,4,25904464.684268966,37980025.35693204,38056563.95700683,40,3720,False
33,plate14,16,0,0.0,1e-08,0,,,,0,0,False
33,plate14,16,1,0.5,1000.0,8,33459831.90990522,37323359.899154894,37374641.30263751,40,3720,False
33,plate14,16,2,0.5,1000.0,8,30765619.447165746,37303099.4113504,37353392.99199492,40,3720,False
33,plate14,16,4,0.75,1000.0,8,28544994.575009506,37296822.514661476,37348840.95193434,40,3720,False
33,plate14,16,8,0.75,1000.0,8,26779454.612297874,37298371.56058946,37347343.614814885,40,3720,False
33,plate14,16,16,1.0,1000.0,8,25637531.936221484,37288298.43592264,37339740.14288535,40,3720,False
33,plate14,16,32,1.0,1000.0,8,24889066.783620495,37281328.32265407,37335578.28132793,40,3720,False
33,plate14,16,64,1.0,1000.0,8,24507733.558253422,37276503.32285994,37332534.63485114,40,3720,False
33,plate14,16,80,1.0,1000.0,8,24466701.35576658,37276136.32025701,37332164.51910978,40,3720,False
33,plate14,16,92,1.0,1000.0,8,24465651.467860963,37276093.13179855,37332141.15664936,40,3720,False
33,plate14,24,0,0.0,1e-08,0,,,,0,0,False
33,plate14,24,1,0.5,1000.0,16,32754054.801082462,37142673.64919762,37173824.71053435,40,3720,False
33,plate14,24,2,0.5,1000.0,16,30121684.36842029,37117272.69275903,37143101.75545787,40,3720,False
33,plate14,24,4,0.75,1000.0,16,27945918.461861495,37108065.570248425,37134726.44907425,40,3720,False
33,plate14,24,8,0.75,1000.0,16,26217776.707793355,37109799.023761116,37134647.81830609,40,3720,False
33,plate14,24,16,1.0,1000.0,16,25098111.264286436,37097080.41730293,37122786.94303909,40,3720,False
33,plate14,24,32,1.0,1000.0,16,24365317.920764774,37088424.61389879,37115261.30666812,40,3720,False
33,plate14,24,64,1.0,1000.0,16,23991955.104406,37082542.5704725,37110878.84695108,40,3720,False
33,plate14,24,80,1.0,1000.0,16,23951658.735338137,37081899.0824455,37110261.700836614,40,3720,False
33,plate14,24,92,1.0,1000.0,16,23950627.83387645,37081846.62207532,37110220.92860949,40,3720,False
33,plate14,32,0,0.0,1e-08,0,,,,0,0,False
33,plate14,32,1,0.5,1000.0,24,32597951.293613084,37055073.24879185,37089740.52822964,40,3720,False
33,plate14,32,2,0.5,1000.0,24,29978089.439081535,37022878.28051762,37046237.70362752,40,3720,False
33,plate14,32,4,0.75,1000.0,24,27814113.241989862,37010167.93026137,37031979.06169171,40,3720,False
33,plate14,32,8,0.75,1000.0,24,26094022.45852038,37011153.58732733,37031803.934784964,40,3720,False
33,plate14,32,16,1.0,1000.0,24,24980261.748717736,36997058.46928327,37017469.512260005,40,3720,False
33,plate14,32,32,1.0,1000.0,24,24250224.881418012,36987487.21122153,37008336.807264596,40,3720,False
33,plate14,32,64,1.0,1000.0,24,23878590.78439286,36980274.21033812,37002241.84710728,40,3720,False
33,plate14,32,80,1.0,1000.0,24,23838420.499363646,36979566.45492743,37001561.05159501,40,3720,False
33,plate14,32,92,1.0,1000.0,24,23837394.13672054,36979501.043483905,37001504.790167,40,3720,False
33,plate14,40,0,0.0,1e-08,0,,,,0,0,False
33,plate14,40,1,0.5,1000.0,32,32493342.446712922,36983621.386700794,37024515.6645403,40,3720,False
33,plate14,40,2,0.5,1000.0,32,29881031.052736677,36950370.9539486,36971213.130910195,40,3720,False
33,plate14,40,4,0.75,1000.0,32,27724615.50847963,36935651.33074191,36953039.13372293,40,3720,False
33,plate14,40,8,0.75,1000.0,32,26010618.409826573,36932044.304247215,36949733.654455915,40,3720,False
33,plate14,40,16,1.0,1000.0,32,24901756.998522103,36916769.949919134,36934265.26849614,40,3720,False
33,plate14,40,32,1.0,1000.0,32,24173726.999171525,36906909.525753334,36924750.12027696,40,3720,False
33,plate14,40,64,1.0,1000.0,32,23803162.901375014,36898691.85772525,36917133.528197154,40,3720,False
33,plate14,40,80,1.0,1000.0,32,23763081.460722286,36897919.41944188,36916384.95439241,40,3720,False
33,plate14,40,92,1.0,1000.0,32,23762061.074500706,36897849.3393144,36916321.92857743,40,3720,False
33,plate14,49,0,0.0,1e-08,0,,,,0,0,False
33,plate14,49,1,0.5,1000.0,32,32385880.208974835,36937394.96653151,36985591.92230536,40,3720,False
33,plate14,49,2,0.5,1000.0,32,29783846.258724082,36901095.24971899,36934552.715560526,40,3720,False
33,plate14,49,4,0.75,1000.0,32,27632781.995290376,36877112.0604916,36909515.569796644,40,3720,False
33,plate14,49,8,0.75,1000.0,32,25924798.176356077,36871704.89405647,36904704.12557991,40,3720,False
33,plate14,49,16,1.0,1000.0,32,24819529.819416534,36853694.18906708,36888814.99119688,40,3720,False
33,plate14,49,32,1.0,1000.0,32,24093825.48901384,36843346.093186654,36879662.94715849,40,3720,False
33,plate14,49,64,1.0,1000.0,32,23724568.20671207,36833492.78266555,36871553.6511665,40,3720,False
33,plate14,49,80,1.0,1000.0,32,23684594.748903383,36832592.54270818,36870739.21791932,40,3720,False
33,plate14,49,92,1.0,1000.0,32,23683574.957897276,36832515.72108263,36870672.53227906,40,3720,False
34,plate6,1,0,0.0,1e-08,0,,,,0,0,False
34,plate6,1,1,0.0,1e-08,0,,,,0,0,False
34,plate6,1,2,0.0,1e-08,0,,,,0,0,False
34,plate6,1,4,0.0,1e-08,0,,,,0,0,False
34,plate6,1,8,0.0,1e-08,0,,,,0,0,False
34,plate6,1,16,0.0,1e-08,0,,,,0,0,False
34,plate6,1,32,0.0,1e-08,0,,,,0,0,False
34,plate6,1,64,0.0,1e-08,0,,,,0,0,False
34,plate6,1,80,0.0,1e-08,0,,,,0,0,False
34,plate6,1,92,0.0,1e-08,0,,,,0,0,False
34,plate6,2,0,0.0,1e-08,0,,,,0,0,False
34,plate6,2,1,0.25,1e-08,0,19290158.113775283,21027898.666775703,,16,1488,False
34,plate6,2,2,0.5,1e-08,0,18362466.779602796,21027898.666775703,,16,1488,False
34,plate6,2,4,0.75,1e-08,0,17570555.871636577,21027898.666775703,,16,1488,False
34,plate6,2,8,0.75,1e-08,0,16645367.88766979,21027898.666775703,,16,1488,False
34,plate6,2,16,0.75,1e-08,0,16123768.6757153,21027898.666775703,,16,1488,False
34,plate6,2,32,1.0,1e-08,0,15691239.448966969,21027898.666775703,,16,1488,False
34,plate6,2,64,1.0,1e-08,0,15465953.377500724,21027898.666775703,,16,1488,False
34,plate6,2,80,1.0,1e-08,0,15434313.811934792,21027898.666775703,,16,1488,False
34,plate6,2,92,1.0,1e-08,0,15433652.875893226,21027898.666775703,,16,1488,False
34,plate6,4,0,0.0,1e-08,0,,,,0,0,False
34,plate6,4,1,0.25,100.0,2,23652016.80241599,21895845.87191266,21900816.73886343,32,2976,False
34,plate6,4,2,0.5,1000.0,2,22549580.485574506,21887800.50447967,21896120.771624487,32,2976,False
34,plate6,4,4,0.5,1000.0,2,21563208.382224686,21939852.63352673,21943894.635053694,32,2976,False
34,plate6,4,8,0.75,1000.0,2,20373423.478732333,21917392.1799289,21919661.69216498,32,2976,False
34,plate6,4,16,0.75,1000.0,2,19725939.98691257,21898307.018006183,21898358.21370657,32,2976,False
34,plate6,4,32,1.0,1000.0,2,19201562.772468694,21873390.037051853,21873525.606093857,32,2976,False
34,plate6,4,64,1.0,1000.0,2,18910573.958406452,21864815.540202484,21864849.883857384,32,2976,False
34,plate6,4,80,1.0,1000.0,2,18875113.79858028,21863292.308364656,21863354.32678486,32,2976,False
34,plate6,4,92,1.0,1000.0,2,18874250.535491396,21863231.500428367,21863294.832656156,32,2976,False
34,plate6,8,0,0.0,1e-08,0,,,,0,0,False
34,plate6,8,1,0.25,100.0,4,22509422.85778036,23091985.903902758,23146030.93271206,40,3720,False
34,plate6,8,2,0.5,1000.0,4,21624288.721765026,23095153.46012678,23147727.88651623,40,3720,False
34,plate6,8,4,0.5,1000.0,4,20554940.294731077,23084756.12308464,23146031.80089308,40,3720,False
34,plate6,8,8,0.75,1000.0,4,19430629.35839666,23084068.986712486,23143888.799879305,40,3720,False
34,plate6,8,16,0.75,1000.0,4,18793732.92225118,23078859.770218253,23137807.367576197,40,3720,False
34,plate6,8,32,1.0,1000.0,4,18295433.440241046,23063940.891462438,23123494.970814507,40,3720,False
34,plate6,8,64,1.0,1000.0,4,18015097.756931283,23059449.792925123,23119466.051896617,40,3720,False
34,plate6,8,80,1.0,1000.0,4,17981508.1228622,23058683.736588396,23118702.682389162,40,3720,False
34,plate6,8,92,1.0,1000.0,4,17980725.666764714,23058711.493175708,23118719.934538025,40,3720,False
34,plate6,16,0,0.0,1e-08,0,,,,0,0,False
34,plate6,16,1,0.25,1000.0,8,21456314.784865256,22441936.167584885,22468702.69998229,40,3720,False
34,plate6,16,2,0.5,1000.0,8,20597779.49188658,22448011.253841218,22472813.558209926,40,3720,False
34,plate6,16,4,0.5,1000.0,8,19578566.737178933,22448732.380559575,22474171.35072226,40,3720,False
34,plate6,16,8,0.75,1000.0,8,18505888.791360598,22438809.383733254,22465353.27890609,40,3720,False
34,plate6,16,16,0.75,1000.0,8,17900644.108072836,22430397.464874364,22460128.479539245,40,3720,False
34,plate6,16,32,1.0,1000.0,8,17425743.931896277,22404890.306595378,22440729.634049524,40,3720,False
34,plate6,16,64,1.0,1000.0,8,17158499.28946948,22397130.58105289,22434889.172725607,40,3720,False
34,plate6,16,80,1.0,1000.0,8,17126731.44255613,22395894.15098154,22434076.128033377,40,3720,False
34,plate6,16,92,1.0,1000.0,8,17125979.111206386,22395915.869346306,22434101.026730414,40,3720,False
34,plate6,24,0,0.0,1e-08,0,,,,0,0,False
34,plate6,24,1,0.25,1000.0,16,20933059.562954288,22240348.287819814,22272755.137733303,40,3720,False
34,plate6,24,2,0.5,1000.0,16,20098483.066596214,22245684.592413224,22276180.065717354,40,3720,False
34,plate6,24,4,0.5,1000.0,16,19103401.737764653,22242873.284115694,22271378.715653803,40,3720,False
34,plate6,24,8,0.75,1000.0,16,18057982.77310804,22230948.162036277,22259465.66511079,40,3720,False
34,plate6,24,16,0.75,1000.0,16,17466931.094466295,22224121.140702453,22251536.464770973,40,3720,False
34,plate6,24,32,1.0,1000.0,16,17002516.726008076,22190428.9549893,22219482.233792063,40,3720,False
34,plate6,24,64,1.0,1000.0,16,16741886.33262192,22179931.844995517,22209718.26899701,40,3720,False
34,plate6,24,80,1.0,1000.0,16,16710765.646671325,22178128.342535082,22208311.66753681,40,3720,False
34,plate6,24,92,1.0,1000.0,16,16710008.415345976,22178145.335330516,22208325.015701894,40,3720,False
34,plate6,32,0,0.0,1e-08,0,,,,0,0,False
34,plate6,32,1,0.25,1000.0,16,20760675.33795425,22140585.613421254,22183821.578416675,40,3720,False
34,plate6,32,2,0.5,1000.0,24,19931530.273830697,22143530.789656214,22177415.4740527,40,3720,False
34,plate6,32,4,0.5,1000.0,24,18947232.963637464,22137909.087896563,22164385.20044266,40,3720,False
34,plate6,32,8,0.75,1000.0,24,17909730.943939254,22123820.377327617,22145731.033975232,40,3720,False
34,plate6,32,16,0.75,1000.0,24,17323784.39233881,22118015.074488427,22138105.91337677,40,3720,False
34,plate6,32,32,1.0,1000.0,24,16863578.15853973,22079241.420927823,22099417.237134323,40,3720,False
34,plate6,32,64,1.0,1000.0,24,16605110.329852106,22066567.832871243,22087284.640061036,40,3720,False
34,plate6,32,80,1.0,1000.0,24,16574274.02875327,22064331.328162644,22085236.114293464,40,3720,False
34,plate6,32,92,1.0,1000.0,24,16573532.430201495,22064351.1360643,22085248.40804387,40,3720,False
34,plate6,40,0,0.0,1e-08,0,,,,0,0,False
34,plate6,40,1,0.25,1000.0,16,20616024.39001359,22072633.169485617,22113165.155778386,40,3720,False
34,plate6,40,2,0.5,1000.0,32,19793362.84663892,22076803.888269648,22108051.255792815,40,3720,False
34,plate6,40,4,0.5,1000.0,32,18817409.75239322,22063843.204990607,22083889.476291288,40,3720,False
34,plate6,40,8,0.75,1000.0,32,17787535.67463591,22050265.901180066,22065216.508394483,40,3720,False
34,plate6,40,16,0.75,1000.0,32,17205116.83194658,22046349.944492646,22059158.386137236,40,3720,False
34,plate6,40,32,1.0,1000.0,32,16748504.50372075,22003709.06140734,22016079.075247064,40,3720,False
34,plate6,40,64,1.0,1000.0,32,16491870.045139566,21988776.826696124,22001622.602659404,40,3720,False
34,plate6,40,80,1.0,1000.0,32,16461275.00075833,21986458.169128545,21999365.273622535,40,3720,False
34,plate6,40,92,1.0,1000.0,32,16460538.494454788,21986472.163171597,21999374.37164775,40,3720,False
34,plate6,49,0,0.0,1e-08,0,,,,0,0,False
34,plate6,49,1,0.25,1000.0,24,20560677.349232532,22023068.853226688,22069261.330437213,40,3720,False
34,plate6,49,2,0.5,1000.0,24,19738967.04063943,22028494.24383702,22061456.41802056,40,3720,False
34,plate6,49,4,0.5,1000.0,32,18765266.550511092,22007195.360691246,22032291.474462353,40,3720,False
34,plate6,49,8,0.75,1000.0,32,17737691.235332105,21993177.06883999,22013134.93830198,40,3720,False
34,plate6,49,16,0.75,1000.0,32,17157354.697802376,21988788.295742527,22007996.103936084,40,3720,False
34,plate6,49,32,1.0,1000.0,32,16701827.014258098,21944426.223843474,21966095.11729193,40,3720,False
34,plate6,49,64,1.0,1000.0,32,16445840.799238915,21927985.10953369,21951546.417914715,40,3720,False
34,plate6,49,80,1.0,1000.0,32,16415374.43804676,21925264.00724802,21949155.887061626,40,3720,False
34,plate6,49,92,1.0,1000.0,32,16414645.509807667,21925276.3762702,21949174.323984332,40,3720,False
34,plate14,1,0,0.0,1e-08,0,,,,0,0,False
34,plate14,1,1,0.0,1e-08,0,,,,0,0,False
34,plate14,1,2,0.0,1e-08,0,,,,0,0,False
34,plate14,1,4,0.0,1e-08,0,,,,0,0,False
34,plate14,1,8,0.0,1e-08,0,,,,0,0,False
34,plate14,1,16,0.0,1e-08,0,,,,0,0,False
34,plate14,1,32,0.0,1e-08,0,,,,0,0,False
34,plate14,1,64,0.0,1e-08,0,,,,0,0,False
34,plate14,1,80,0.0,1e-08,0,,,,0,0,False
34,plate14,1,92,0.0,1e-08,0,,,,0,0,False
34,plate14,2,0,0.0,1e-08,0,,,,0,0,False
34,plate14,2,1,0.5,1e-08,0,22059240.093810737,25629680.907390594,,16,1488,False
34,plate14,2,2,0.5,1e-08,0,20291016.581372768,25629680.907390594,,16,1488,False
34,plate14,2,4,0.75,1e-08,0,18828048.364960734,25629680.907390594,,16,1488,False
34,plate14,2,8,0.75,1e-08,0,17766082.157957383,25629680.907390594,,16,1488,False
34,plate14,2,16,1.0,1e-08,0,17089343.175184783,25629680.907390594,,16,1488,False
34,plate14,2,32,1.0,1e-08,0,16551237.098148916,25629680.907390594,,16,1488,False
34,plate14,2,64,1.0,1e-08,0,16294562.156318652,25629680.907390594,,16,1488,False
34,plate14,2,80,1.0,1e-08,0,16266966.97235481,25629680.907390594,,16,1488,False
34,plate14,2,92,1.0,1e-08,0,16266236.763121497,25629680.907390594,,16,1488,False
34,plate14,4,0,0.0,1e-08,0,,,,0,0,False
34,plate14,4,1,0.5,100.0,2,26535714.508010715,26330467.118640605,26333087.94540718,32,2976,False
34,plate14,4,2,0.5,100.0,2,24392995.69973024,26331386.599950083,26332676.335929994,32,2976,False
34,plate14,4,4,0.75,1000.0,2,22657751.182384457,26355510.644511685,26356082.677371364,32,2976,False
34,plate14,4,8,0.75,100.0,2,21349462.05322355,26346759.021707233,26346850.783039477,32,2976,False
34,plate14,4,16,1.0,1e-08,2,20568541.17221434,26341046.61094789,26341046.6109479,32,2976,False
34,plate14,4,32,1.0,1e-07,2,19921999.96567789,26329159.542966228,26329159.542966243,32,2976,False
34,plate14,4,64,1.0,100.0,2,19611366.58927413,26325983.3224601,26325984.45984479,32,2976,False
34,plate14,4,80,1.0,1000.0,2,19578504.786637407,26325486.476060838,26325505.484315876,32,2976,False
34,plate14,4,92,1.0,1000.0,2,19577669.17594543,26325480.750201277,26325501.410373703,32,2976,False
34,plate14,8,0,0.0,1e-08,0,,,,0,0,False
34,plate14,8,1,0.5,100.0,4,25356030.005076736,27739125.302905258,27803099.04854549,40,3720,False
34,plate14,8,2,0.5,100.0,4,23260254.14583982,27732638.741514668,27798015.24056526,40,3720,False
34,plate14,8,4,0.75,1000.0,4,21581290.82245245,27731337.257093497,27797926.735321842,40,3720,False
34,plate14,8,8,0.75,1000.0,4,20355466.359862592,27733538.316092957,27799800.99069739,40,3720,False
34,plate14,8,16,1.0,1000.0,4,19596814.712114662,27734377.656740036,27799225.97501661,40,3720,False
34,plate14,8,32,1.0,1000.0,4,18976280.53565967,27725074.604703486,27792553.953990865,40,3720,False
34,plate14,8,64,1.0,1000.0,4,18683538.525500055,27722605.195171624,27790743.40232502,40,3720,False
34,plate14,8,80,1.0,1000.0,4,18652131.74235537,27722321.7271806,27790519.583674602,40,3720,False
34,plate14,8,92,1.0,1000.0,4,18651314.642002754,27722333.96260138,27790524.4102682,40,3720,False
34,plate14,16,0,0.0,1e-08,0,,,,0,0,False
34,plate14,16,1,0.5,1000.0,8,24115872.72995001,26923801.057401497,26970815.916254666,40,3720,False
34,plate14,16,2,0.5,1000.0,8,22124854.85639706,26911685.270673137,26961943.917140406,40,3720,False
34,plate14,16,4,0.75,1000.0,8,20530201.3571729,26918511.672378782,26964726.187032964,40,3720,False
34,plate14,16,8,0.75,1000.0,8,19361530.684280016,26919187.677593637,26966640.991219793,40,3720,False
34,plate14,16,16,1.0,1000.0,8,18638338.51136128,26919039.3366358,26966595.82818788,40,3720,False
34,plate14,16,32,1.0,1000.0,8,18049630.071552787,26901772.640853122,26955023.454590853,40,3720,False
34,plate14,16,64,1.0,1000.0,8,17771838.145733602,26896802.425078772,26951759.16255335,40,3720,False
34,plate14,16,80,1.0,1000.0,8,17742078.243400183,26896229.955318976,26951415.06078794,40,3720,False
34,plate14,16,92,1.0,1000.0,8,17741283.492449556,26896244.98665326,26951424.636888087,40,3720,False
34,plate14,24,0,0.0,1e-08,0,,,,0,0,False
34,plate14,24,1,0.5,1000.0,16,23548762.032724675,26670314.482225038,26702654.738752734,40,3720,False
34,plate14,24,2,0.5,1000.0,16,21605006.526042268,26657185.184995577,26687844.724105187,40,3720,False
34,plate14,24,4,0.75,1000.0,16,20050733.424289893,26663219.583023317,26693955.594688065,40,3720,False
34,plate14,24,8,0.75,1000.0,16,18908168.875666402,26665290.065920774,26695416.350791946,40,3720,False
34,plate14,24,16,1.0,1000.0,16,18203393.03045654,26666311.22357487,26693379.158623066,40,3720,False
34,plate14,24,32,1.0,1000.0,16,17627645.23623639,26643964.21110658,26674911.394601367,40,3720,False
34,plate14,24,64,1.0,1000.0,16,17355996.76625751,26636418.353903975,26668703.792787872,40,3720,False
34,plate14,24,80,1.0,1000.0,16,17326861.46898917,26635407.490058977,26667998.992281932,40,3720,False
34,plate14,24,92,1.0,1000.0,16,17326100.1245784,26635425.95690221,26668020.239607412,40,3720,False
34,plate14,32,0,0.0,1e-08,0,,,,0,0,False
34,plate14,32,1,0.5,1000.0,24,23351527.82593623,26550467.25073939,26577739.86009177,40,3720,False
34,plate14,32,2,0.5,1000.0,24,21427805.706998777,26535050.23602406,26555262.07706688,40,3720,False
34,plate14,32,4,0.75,1000.0,24,19887597.385636203,26540184.52448226,26560915.938198835,40,3720,False
34,plate14,32,8,0.75,1000.0,24,18754169.054543067,26543469.322448954,26563645.653716166,40,3720,False
34,plate14,32,16,1.0,1000.0,24,18056287.0225955,26545126.02830983,26563012.904279,40,3720,False
34,plate14,32,32,1.0,1000.0,24,17485034.669350635,26519769.80327616,26539336.44881901,40,3720,False
34,plate14,32,64,1.0,1000.0,24,17215381.231147543,26510467.67478865,26530904.21577616,40,3720,False
34,plate14,32,80,1.0,1000.0,24,17186506.10008952,26509192.285368666,26529823.981103837,40,3720,False
34,plate14,32,92,1.0,1000.0,24,17185748.438204683,26509226.750206023,26529861.456900526,40,3720,False
34,plate14,40,0,0.0,1e-08,0,,,,0,0,False
34,plate14,40,1,0.5,1000.0,24,23195593.690470092,26478884.43365011,26508133.0689383,40,3720,False
34,plate14,40,2,0.5,1000.0,32,21287590.38180613,26460455.076387238,26477343.55682467,40,3720,False
34,plate14,40,4,0.75,1000.0,32,19757520.548075218,26464648.799292624,26481455.647911478,40,3720,False
34,plate14,40,8,0.75,1000.0,32,18630953.941145595,26467072.24273392,26483701.75189434,40,3720,False
34,plate14,40,16,1.0,1000.0,32,17937620.974227827,26470556.898668785,26484273.746393155,40,3720,False
34,plate14,40,32,1.0,1000.0,32,17370244.213649742,26442684.28202023,26457153.550919633,40,3720,False
34,plate14,40,64,1.0,1000.0,32,17102409.85678334,26431825.921458352,26446952.384788055,40,3720,False
34,plate14,40,80,1.0,1000.0,32,17073739.914645422,26430351.87658861,26445555.239045084,40,3720,False
34,plate14,40,92,1.0,1000.0,32,17072992.822447404,26430390.618926764,26445588.28973883,40,3720,False
34,plate14,49,0,0.0,1e-08,0,,,,0,0,False
34,plate14,49,1,0.5,1000.0,32,23133762.878642246,26427268.02704701,26462316.41127728,40,3720,False
34,plate14,49,2,0.5,1000.0,32,21230953.743322305,26402500.45565064,26426540.402933665,40,3720,False
34,plate14,49,4,0.75,1000.0,32,19704296.067951426,26402417.296752863,26425340.43326764,40,3720,False
34,plate14,49,8,0.75,1000.0,32,18580657.961818304,26405421.4048337,26429210.78581206,40,3720,False
34,plate14,49,16,1.0,1000.0,32,17888794.621445954,26409826.4516575,26431332.48852974,40,3720,False
34,plate14,49,32,1.0,1000.0,32,17323290.070767082,26380543.984536752,26405337.949274097,40,3720,False
34,plate14,49,64,1.0,1000.0,32,17056101.393947653,26368982.09702691,26395681.147703204,40,3720,False
34,plate14,49,80,1.0,1000.0,32,17027575.68112532,26367384.496400412,26394338.962350436,40,3720,False
34,plate14,49,92,1.0,1000.0,32,17026826.48359587,26367431.008237947,26394383.98723163,40,3720,False
35,plate6,1,0,0.0,1e-08,0,,,,0,0,False
35,plate6,1,1,0.0,1e-08,0,,,,0,0,False
35,plate6,1,2,0.0,1e-08,0,,,,0,0,False
35,plate6,1,4,0.0,1e-08,0,,,,0,0,False
35,plate6,1,8,0.0,1e-08,0,,,,0,0,False
35,plate6,1,16,0.0,1e-08,0,,,,0,0,False
35,plate6,1,32,0.0,1e-08,0,,,,0,0,False
35,plate6,1,64,0.0,1e-08,0,,,,0,0,False
35,plate6,1,80,0.0,1e-08,0,,,,0,0,False
35,plate6,1,92,0.0,1e-08,0,,,,0,0,False
35,plate6,2,0,0.0,1e-08,0,,,,0,0,False
35,plate6,2,1,0.25,1e-08,0,5657657.328663945,6057614.412902832,,16,1488,False
35,plate6,2,2,0.5,1e-08,0,5430517.604007244,6057614.412902832,,16,1488,False
35,plate6,2,4,0.5,1e-08,0,5098998.924923509,6057614.412902832,,16,1488,False
35,plate6,2,8,0.75,1e-08,0,4814953.638091973,6057614.412902832,,16,1488,False
35,plate6,2,16,0.75,1e-08,0,4647840.725875255,6057614.412902832,,16,1488,False
35,plate6,2,32,1.0,1e-08,0,4522489.915744602,6057614.412902832,,16,1488,False
35,plate6,2,64,1.0,1e-08,0,4453313.37320148,6057614.412902832,,16,1488,False
35,plate6,2,80,1.0,1e-08,0,4446210.91816625,6057614.412902832,,16,1488,False
35,plate6,2,92,1.0,1e-08,0,4445877.157037408,6057614.412902832,,16,1488,False
35,plate6,4,0,0.0,1e-08,0,,,,0,0,False
35,plate6,4,1,0.25,100.0,2,12590543.457488112,12132491.884086557,12135861.02743725,32,2976,False
35,plate6,4,2,0.5,100.0,2,12066683.325783947,12120681.061496189,12122466.23266099,32,2976,False
35,plate6,4,4,0.5,100.0,2,11395319.997929467,12093907.589877963,12094253.710222702,32,2976,False
35,plate6,4,8,0.75,100.0,2,10769870.236268172,12089091.186131192,12089127.896183077,32,2976,False
35,plate6,4,16,0.75,1e-08,2,10402932.094708532,12082127.932417799,12082127.932417795,32,2976,False
35,plate6,4,32,1.0,1e-07,2,10132185.889014803,12077901.388047816,12077901.388047826,32,2976,False
35,plate6,4,64,1.0,100.0,2,9977704.965313427,12074815.619827552,12074817.073567541,32,2976,False
35,plate6,4,80,1.0,1000.0,2,9961309.551963579,12074446.333058137,12074466.18757027,32,2976,False
35,plate6,4,92,1.0,1000.0,2,9960786.122400973,12074391.298753494,12074412.111237377,32,2976,False
35,plate6,8,0,0.0,1e-08,0,,,,0,0,False
35,plate6,8,1,0.25,100.0,4,16469842.632599061,15241295.960637387,15309856.832314553,40,3720,False
35,plate6,8,2,0.5,1000.0,4,15817302.778907718,15226634.881795974,15296282.220775764,40,3720,False
35,plate6,8,4,0.5,1000.0,4,14863627.607967593,15195695.427804628,15268455.84966421,40,3720,False
35,plate6,8,8,0.75,1000.0,4,14052470.992952459,15184528.73745476,15257907.812169662,40,3720,False
35,plate6,8,16,0.75,1000.0,4,13562871.521259893,15174247.89640353,15249786.698199954,40,3720,False
35,plate6,8,32,1.0,1000.0,4,13219905.330340168,15169362.925878963,15247766.565424869,40,3720,False
35,plate6,8,64,1.0,1000.0,4,13015344.166305909,15163026.19780597,15243228.909329396,40,3720,False
35,plate6,8,80,1.0,1000.0,4,12993462.750632307,15162377.94144982,15242607.30703329,40,3720,False
35,plate6,8,92,1.0,1000.0,4,12992726.739989854,15162314.860586295,15242541.400174396,40,3720,False
35,plate6,16,0,0.0,1e-08,0,,,,0,0,False
35,plate6,16,1,0.25,1000.0,8,14787434.250073776,14650795.195147492,14685011.56531776,40,3720,False
35,plate6,16,2,0.5,1000.0,8,14220293.061502766,14630363.851696718,14669320.529419173,40,3720,False
35,plate6,16,4,0.5,1000.0,8,13358252.438653145,14597074.665148046,14645811.61363589,40,3720,False
35,plate6,16,8,0.75,1000.0,8,12636863.909918075,14586829.562036153,14638378.618488034,40,3720,False
35,plate6,16,16,0.75,1000.0,8,12198284.682626775,14569237.94563669,14628282.273671089,40,3720,False
35,plate6,16,32,1.0,1000.0,8,11891085.36406802,14557916.451706523,14622326.962629009,40,3720,False
35,plate6,16,64,1.0,1000.0,8,11708504.669656344,14548185.665544258,14616025.456850009,40,3720,False
35,plate6,16,80,1.0,1000.0,8,11688872.777920077,14547149.80259102,14615377.329610612,40,3720,False
35,plate6,16,92,1.0,1000.0,8,11688191.935130538,14547076.439416181,14615323.033838736,40,3720,False
35,plate6,24,0,0.0,1e-08,0,,,,0,0,False
35,plate6,24,1,0.25,1000.0,16,14257886.473441346,14461589.261241246,14506122.299859023,40,3720,False
35,plate6,24,2,0.5,1000.0,16,13716573.425010057,14438601.66587876,14478364.42732912,40,3720,False
35,plate6,24,4,0.5,1000.0,16,12879532.0527442,14402310.571491634,14437594.70388814,40,3720,False
35,plate6,24,8,0.75,1000.0,16,12187013.321047964,14390307.021527344,14420926.162698409,40,3720,False
35,plate6,24,16,0.75,1000.0,16,11762656.665691499,14368753.714659983,14401195.6369722,40,3720,False
35,plate6,24,32,1.0,1000.0,16,11467362.504412971,14356244.440497119,14391197.381533917,40,3720,False
35,plate6,24,64,1.0,1000.0,16,11291388.65851421,14343962.829287287,14380953.328257319,40,3720,False
35,plate6,24,80,1.0,1000.0,16,11272676.067605725,14342570.24172538,14379867.295450544,40,3720,False
35,plate6,24,92,1.0,1000.0,16,11272030.092501454,14342489.570802584,14379797.68346207,40,3720,False
35,plate6,32,0,0.0,1e-08,0,,,,0,0,False
35,plate6,32,1,0.25,1000.0,24,13994007.096500749,14366716.937886871,14397655.85119451,40,3720,False
35,plate6,32,2,0.5,1000.0,24,13463570.7001803,14336769.972807325,14362406.930390982,40,3720,False
35,plate6,32,4,0.5,1000.0,24,12640562.222064404,14295893.642725432,14315386.993498905,40,3720,False
35,plate6,32,8,0.75,1000.0,24,11962844.453490676,14281746.694928769,14297919.736368619,40,3720,False
35,plate6,32,16,0.75,1000.0,24,11545621.302312624,14255814.279232152,14271992.308679143,40,3720,False
35,plate6,32,32,1.0,1000.0,24,11256502.891369117,14241473.463352507,14259145.133305158,40,3720,False
35,plate6,32,64,1.0,1000.0,24,11084086.788618125,14228591.863472266,14247786.764845427,40,3720,False
35,plate6,32,80,1.0,1000.0,24,11065727.897479953,14227020.695027765,14246507.811692284,40,3720,False
35,plate6,32,92,1.0,1000.0,24,11065125.481431104,14226928.963264767,14246421.454972375,40,3720,False
35,plate6,40,0,0.0,1e-08,0,,,,0,0,False
35,plate6,40,1,0.25,1000.0,24,13852765.637775851,14294187.983218467,14324555.38131803,40,3720,False
35,plate6,40,2,0.5,1000.0,32,13331653.972763784,14266949.846378304,14292277.016887732,40,3720,False
35,plate6,40,4,0.5,1000.0,32,12515540.905536098,14228733.33346214,14247104.103981515,40,3720,False
35,plate6,40,8,0.75,1000.0,32,11845765.032206962,14213629.950693924,14226874.111363273,40,3720,False
35,plate6,40,16,0.75,1000.0,32,11431918.804841502,14186502.405853927,14198328.339894619,40,3720,False
35,plate6,40,32,1.0,1000.0,32,11145966.863305932,14169145.493813524,14181069.573278258,40,3720,False
35,plate6,40,64,1.0,1000.0,32,10975269.685324106,14154905.563282762,14167795.312415825,40,3720,False
35,plate6,40,80,1.0,1000.0,32,10957150.989776153,14153271.456731409,14166389.556429155,40,3720,False
35,plate6,40,92,1.0,1000.0,32,10956550.224861547,14153165.713420449,14166286.016936922,40,3720,False
35,plate6,49,0,0.0,1e-08,0,,,,0,0,False
35,plate6,49,1,0.25,1000.0,24,13731696.719154473,14233883.778319733,14266074.749768933,40,3720,False
35,plate6,49,2,0.5,1000.0,32,13216625.286848221,14204590.419542262,14232334.354751894,40,3720,False
35,plate6,49,4,0.5,1000.0,32,12406777.176332649,14164493.002507996,14188219.148582544,40,3720,False
35,plate6,49,8,0.75,1000.0,32,11742631.41486449,14149158.67009656,14169662.705768125,40,3720,False
35,plate6,49,16,0.75,1000.0,32,11332263.64260981,14120882.191524118,14142249.377258878,40,3720,False
35,plate6,49,32,1.0,1000.0,32,11048923.624467622,14102493.181273844,14125000.58782582,40,3720,False
35,plate6,49,64,1.0,1000.0,32,10879662.505013565,14086607.280819865,14111143.90389473,40,3720,False
35,plate6,49,80,1.0,1000.0,32,10861678.007724274,14084813.977653917,14109743.559981909,40,3720,False
35,plate6,49,92,1.0,1000.0,32,10861090.718267003,14084695.812009001,14109633.836722456,40,3720,False
35,plate14,1,0,0.0,1e-08,0,,,,0,0,False
35,plate14,1,1,0.0,1e-08,0,,,,0,0,False
35,plate14,1,2,0.0,1e-08,0,,,,0,0,False
35,plate14,1,4,0.0,1e-08,0,,,,0,0,False
35,plate14,1,8,0.0,1e-08,0,,,,0,0,False
35,plate14,1,16,0.0,1e-08,0,,,,0,0,False
35,plate14,1,32,0.0,1e-08,0,,,,0,0,False
35,plate14,1,64,0.0,1e-08,0,,,,0,0,False
35,plate14,1,80,0.0,1e-08,0,,,,0,0,False
35,plate14,1,92,0.0,1e-08,0,,,,0,0,False
35,plate14,2,0,0.0,1e-08,0,,,,0,0,False
35,plate14,2,1,0.5,1e-08,0,6926920.585719347,8324348.4261779785,,16,1488,False
35,plate14,2,2,0.5,1e-08,0,6460719.856985569,8324348.4261779785,,16,1488,False
35,plate14,2,4,0.75,1e-08,0,5939861.861605197,8324348.4261779785,,16,1488,False
35,plate14,2,8,0.75,1e-08,0,5618353.642262049,8324348.4261779785,,16,1488,False
35,plate14,2,16,1.0,1e-08,0,5367602.225911277,8324348.4261779785,,16,1488,False
35,plate14,2,32,1.0,1e-08,0,5212606.160133302,8324348.4261779785,,16,1488,False
35,plate14,2,64,1.0,1e-08,0,5135583.082513694,8324348.4261779785,,16,1488,False
35,plate14,2,80,1.0,1e-08,0,5127699.995683169,8324348.4261779785,,16,1488,False
35,plate14,2,92,1.0,1e-08,0,5127381.257316434,8324348.4261779785,,16,1488,False
35,plate14,4,0,0.0,1e-08,0,,,,0,0,False
35,plate14,4,1,0.5,100.0,2,13697504.827958796,14829915.156602703,14831414.939330583,32,2976,False
35,plate14,4,2,0.5,100.0,2,12760946.981539456,14827680.63289673,14828437.635520892,32,2976,False
35,plate14,4,4,0.75,100.0,2,11816372.27562056,14826104.43066376,14826411.605844965,32,2976,False
35,plate14,4,8,0.75,100.0,2,11183722.168120598,14827037.634138191,14827074.030642806,32,2976,False
35,plate14,4,16,1.0,100.0,2,10687279.001431862,14825695.126359774,14825719.115413906,32,2976,False
35,plate14,4,32,1.0,1e-08,2,10385432.327005006,14824889.568399783,14824889.56839978,32,2976,False
35,plate14,4,64,1.0,100.0,2,10230896.535745364,14823504.24936277,14823505.392112033,32,2976,False
35,plate14,4,80,1.0,1000.0,2,10215068.519286128,14823275.837704828,14823302.146827029,32,2976,False
35,plate14,4,92,1.0,1000.0,2,10214502.074021429,14823241.344545763,14823270.149799965,32,2976,False
35,plate14,8,0,0.0,1e-08,0,,,,0,0,False
35,plate14,8,1,0.5,100.0,4,17800012.29060704,18720868.295559745,18831843.967698026,40,3720,False
35,plate14,8,2,0.5,100.0,4,16529812.893737102,18717155.82046691,18829638.76427197,40,3720,False
35,plate14,8,4,0.75,100.0,4,15294253.549173344,18716876.27319903,18828782.435859278,40,3720,False
35,plate14,8,8,0.75,1000.0,4,14467693.855377104,18717660.449194685,18828371.152438644,40,3720,False
35,plate14,8,16,1.0,1000.0,4,13835829.876605617,18714288.32603724,18826175.16876796,40,3720,False
35,plate14,8,32,1.0,1000.0,4,13446739.582955064,18713180.11461429,18825528.501034494,40,3720,False
35,plate14,8,64,1.0,1000.0,4,13246189.957309877,18710136.839122713,18824277.680057958,40,3720,False
35,plate14,8,80,1.0,1000.0,4,13225672.511796648,18709792.082849883,18824078.15747402,40,3720,False
35,plate14,8,92,1.0,1000.0,4,13224966.20244496,18709759.317346223,18824052.66190384,40,3720,False
35,plate14,16,0,0.0,1e-08,0,,,,0,0,False
35,plate14,16,1,0.5,100.0,8,16051911.374982117,17953986.245840736,18017756.617565062,40,3720,False
35,plate14,16,2,0.5,100.0,8,14927977.152046802,17947621.765076544,18013471.872669116,40,3720,False
35,plate14,16,4,0.75,1000.0,8,13806652.365808107,17944385.39073474,18011084.616452396,40,3720,False
35,plate14,16,8,0.75,1000.0,8,13063926.35575303,17946675.193856157,18011538.201344796,40,3720,False
35,plate14,16,16,1.0,1000.0,8,12495493.672459435,17939752.353278574,18008106.077536453,40,3720,False
35,plate14,16,32,1.0,1000.0,8,12146627.387316685,17936832.437546972,18006611.77297362,40,3720,False
35,plate14,16,64,1.0,1000.0,8,11965491.427308341,17933322.5629226,18005095.39021374,40,3720,False
35,plate14,16,80,1.0,1000.0,8,11946971.390239665,17932730.901001476,18004861.37554704,40,3720,False
35,plate14,16,92,1.0,1000.0,8,11946319.069040347,17932682.07903636,18004834.3258536,40,3720,False
35,plate14,24,0,0.0,1e-08,0,,,,0,0,False
35,plate14,24,1,0.5,100.0,16,15505108.885410257,17725980.603195276,17759534.06976776,40,3720,False
35,plate14,24,2,0.5,100.0,16,14418614.504787566,17715362.75849247,17750460.296249416,40,3720,False
35,plate14,24,4,0.75,1000.0,16,13333363.089043707,17709314.42907159,17746292.488912143,40,3720,False
35,plate14,24,8,0.75,1000.0,16,12615584.481738875,17712097.347611982,17747805.50284455,40,3720,False
35,plate14,24,16,1.0,1000.0,16,12068188.912381874,17703953.240637783,17742120.993109178,40,3720,False
35,plate14,24,32,1.0,1000.0,16,11731663.039808253,17700635.39744479,17739835.423971616,40,3720,False
35,plate14,24,64,1.0,1000.0,16,11556826.369420314,17695834.45442537,17735832.999643832,40,3720,False
35,plate14,24,80,1.0,1000.0,16,11539000.819912292,17695136.23735245,17735332.099512987,40,3720,False
35,plate14,24,92,1.0,1000.0,16,11538363.779028047,17695076.063223008,17735286.901335932,40,3720,False
35,plate14,32,0,0.0,1e-08,0,,,,0,0,False
35,plate14,32,1,0.5,100.0,24,15226207.487942886,17602009.66885397,17624039.78026185,40,3720,False
35,plate14,32,2,0.5,1000.0,24,14159879.25808614,17588052.810947426,17610981.940963358,40,3720,False
35,plate14,32,4,0.75,1000.0,24,13093025.84984666,17579636.770497102,17603925.543508425,40,3720,False
35,plate14,32,8,0.75,1000.0,24,12387506.775146523,17582805.174540672,17607883.893868968,40,3720,False
35,plate14,32,16,1.0,1000.0,24,11849514.611955428,17572442.51636929,17598100.453852095,40,3720,False
35,plate14,32,32,1.0,1000.0,24,11519467.391044484,17568223.69053857,17594506.030798163,40,3720,False
35,plate14,32,64,1.0,1000.0,24,11347919.946482668,17563563.669243276,17590120.883658834,40,3720,False
35,plate14,32,80,1.0,1000.0,24,11330493.54890187,17562755.16578681,17589420.855148446,40,3720,False
35,plate14,32,92,1.0,1000.0,24,11329865.019677183,17562686.66572776,17589362.1734017,40,3720,False
35,plate14,40,0,0.0,1e-08,0,,,,0,0,False
35,plate14,40,1,0.5,1000.0,32,15077453.372668544,17530258.530254964,17546310.138664704,40,3720,False
35,plate14,40,2,0.5,1000.0,32,14021757.236337997,17515461.858985726,17530571.54602061,40,3720,False
35,plate14,40,4,0.75,1000.0,32,12965493.753644593,17506952.3925699,17522402.51152605,40,3720,False
35,plate14,40,8,0.75,1000.0,32,12267244.30742232,17509630.686894704,17525316.115834214,40,3720,False
35,plate14,40,16,1.0,1000.0,32,11734681.667743893,17498587.04010181,17514199.65110933,40,3720,False
35,plate14,40,32,1.0,1000.0,32,11408045.362526938,17493646.131592453,17509970.075528096,40,3720,False
35,plate14,40,64,1.0,1000.0,32,11238329.10977385,17488563.878729958,17505011.9702719,40,3720,False
35,plate14,40,80,1.0,1000.0,32,11221100.384560952,17487655.117253218,17504172.786161624,40,3720,False
35,plate14,40,92,1.0,1000.0,32,11220480.841915045,17487576.911459718,17504099.817992214,40,3720,False
35,plate14,49,0,0.0,1e-08,0,,,,0,0,False
35,plate14,49,1,0.5,1000.0,32,14951712.039458225,17472749.407135192,17493054.100914344,40,3720,False
35,plate14,49,2,0.5,1000.0,32,13905104.15391088,17455810.432917412,17477031.47673358,40,3720,False
35,plate14,49,4,0.75,1000.0,32,12856875.815060332,17444551.02243206,17467893.87055623,40,3720,False
35,plate14,49,8,0.75,1000.0,32,12165200.695464669,17447150.78096678,17471015.612527244,40,3720,False
35,plate14,49,16,1.0,1000.0,32,11637003.63240791,17435532.40533455,17460634.84108464,40,3720,False
35,plate14,49,32,1.0,1000.0,32,11313200.98699099,17429927.657943133,17455676.48541669,40,3720,False
35,plate14,49,64,1.0,1000.0,32,11144907.359338276,17424118.54819013,17450567.40398297,40,3720,False
35,plate14,49,80,1.0,1000.0,32,11127839.371722884,17423124.27506643,17449801.598954253,40,3720,False
35,plate14,49,92,1.0,1000.0,32,11127224.009915462,17423034.566566255,17449725.003650635,40,3720,False
36,plate6,1,0,0.0,1e-08,0,,,,0,0,False
36,plate6,1,1,0.0,1e-08,0,,,,0,0,False
36,plate6,1,2,0.0,1e-08,0,,,,0,0,False
36,plate6,1,4,0.0,1e-08,0,,,,0,0,False
36,plate6,1,8,0.0,1e-08,0,,,,0,0,False
36,plate6,1,16,0.0,1e-08,0,,,,0,0,False
36,plate6,1,32,0.0,1e-08,0,,,,0,0,False
36,plate6,1,64,0.0,1e-08,0,,,,0,0,False
36,plate6,1,80,0.0,1e-08,0,,,,0,0,False
36,plate6,1,92,0.0,1e-08,0,,,,0,0,False
36,plate6,2,0,0.0,1e-08,0,,,,0,0,False
36,plate6,2,1,0.25,1e-08,0,9069321.769406438,9771302.679748535,,16,1488,False
36,plate6,2,2,0.5,1e-08,0,8600473.075099945,9771302.679748535,,16,1488,False
36,plate6,2,4,0.75,1e-08,0,8222365.550173603,9771302.679748535,,16,1488,False
36,plate6,2,8,0.75,1e-08,0,7881050.342183052,9771302.679748535,,16,1488,False
36,plate6,2,16,0.75,1e-08,0,7677941.926703103,9771302.679748535,,16,1488,False
36,plate6,2,32,1.0,1e-08,0,7490929.373666072,9771302.679748535,,16,1488,False
36,plate6,2,64,1.0,1e-08,0,7382220.777870736,9771302.679748535,,16,1488,False
36,plate6,2,80,1.0,1e-08,0,7370604.027445457,9771302.679748535,,16,1488,False
36,plate6,2,92,1.0,1e-08,0,7370407.954405045,9771302.679748535,,16,1488,False
36,plate6,4,0,0.0,1e-08,0,,,,0,0,False
36,plate6,4,1,0.25,100.0,2,9556828.539888939,9789193.647660682,9789831.924433257,32,2976,False
36,plate6,4,2,0.5,100.0,2,9050163.500626424,9789259.43486129,9790154.930192571,32,2976,False
36,plate6,4,4,0.75,100.0,2,8642086.038038595,9787221.757003305,9787591.31949469,32,2976,False
36,plate6,4,8,0.75,1000.0,2,8278233.448333935,9784767.966010131,9785441.980902942,32,2976,False
36,plate6,4,16,0.75,1000.0,2,8069158.9624144295,9785376.602129964,9786210.235245455,32,2976,False
36,plate6,4,32,1.0,1000.0,2,7868804.397927062,9783163.198765216,9783493.219931312,32,2976,False
36,plate6,4,64,1.0,1000.0,2,7756487.137821192,9782609.574055301,9782672.928823536,32,2976,False
36,plate6,4,80,1.0,1000.0,2,7743641.945761506,9782191.394130744,9782222.12378003,32,2976,False
36,plate6,4,92,1.0,1000.0,2,7743489.992137532,9782165.592787098,9782194.588420024,32,2976,False
36,plate6,8,0,0.0,1e-08,0,,,,0,0,False
36,plate6,8,1,0.25,100.0,4,12165966.382970002,12033456.967202973,12065897.192701655,40,3720,False
36,plate6,8,2,0.5,100.0,4,11538831.700207524,12028704.378066072,12061192.58697846,40,3720,False
36,plate6,8,4,0.75,100.0,4,11021128.635233687,12024832.734867375,12058477.515964478,40,3720,False
36,plate6,8,8,0.75,1000.0,4,10516536.496247355,12019766.566152629,12056053.190215118,40,3720,False
36,plate6,8,16,0.75,1000.0,4,10240423.922500318,12022684.662537144,12057887.16303454,40,3720,False
36,plate6,8,32,1.0,1000.0,4,9985943.51894137,12017715.346048158,12054568.368132053,40,3720,False
36,plate6,8,64,1.0,1000.0,4,9843702.276205987,12015467.722706199,12053152.360157887,40,3720,False
36,plate6,8,80,1.0,1000.0,4,9827904.274312193,12015220.277669778,12052951.199989473,40,3720,False
36,plate6,8,92,1.0,1000.0,4,9827555.08625935,12015197.18280965,12052956.546148514,40,3720,False
36,plate6,16,0,0.0,1e-08,0,,,,0,0,False
36,plate6,16,1,0.25,100.0,8,11014696.341806911,11438041.233667238,11466649.408162074,40,3720,False
36,plate6,16,2,0.5,100.0,8,10455707.044877628,11429052.042626297,11461401.952456046,40,3720,False
36,plate6,16,4,0.75,1000.0,8,9990224.956842966,11424165.305524837,11458575.821399707,40,3720,False
36,plate6,16,8,0.75,1000.0,8,9535771.324104924,11418813.167773124,11455228.574491156,40,3720,False
36,plate6,16,16,0.75,1000.0,8,9288128.7457316,11420227.09455695,11456154.11968069,40,3720,False
36,plate6,16,32,1.0,1000.0,8,9059614.161358496,11414113.200029546,11451473.019648861,40,3720,False
36,plate6,16,64,1.0,1000.0,8,8930655.61318631,11410263.84694866,11449309.720549619,40,3720,False
36,plate6,16,80,1.0,1000.0,8,8916229.762880035,11410366.188788235,11448974.848457681,40,3720,False
36,plate6,16,92,1.0,1000.0,8,8915967.421284279,11410379.07205401,11448991.192192024,40,3720,False
36,plate6,24,0,0.0,1e-08,0,,,,0,0,False
36,plate6,24,1,0.25,100.0,16,10763197.836646391,11259413.795660855,11279878.85451222,40,3720,False
36,plate6,24,2,0.5,100.0,16,10215811.898058116,11247617.026394008,11270377.038240025,40,3720,False
36,plate6,24,4,0.75,100.0,16,9760472.72362186,11240560.773819646,11265431.030608296,40,3720,False
36,plate6,24,8,0.75,100.0,16,9319375.545808747,11232739.630058823,11259329.844219426,40,3720,False
36,plate6,24,16,0.75,1000.0,16,9078036.103964383,11237182.15867763,11263566.181174304,40,3720,False
36,plate6,24,32,1.0,1000.0,16,8855617.926833708,11227502.999824796,11255108.741195938,40,3720,False
36,plate6,24,64,1.0,1000.0,16,8729146.22094128,11222033.591296524,11250165.837558955,40,3720,False
36,plate6,24,80,1.0,1000.0,16,8715078.971865669,11221756.640258027,11249453.248433042,40,3720,False
36,plate6,24,92,1.0,1000.0,16,8714820.221217478,11221749.303632839,11249453.076103164,40,3720,False
36,plate6,32,0,0.0,1e-08,0,,,,0,0,False
36,plate6,32,1,0.25,100.0,24,10647347.778074287,11152675.358683558,11164599.737238811,40,3720,False
36,plate6,32,2,0.5,100.0,24,10105969.79024125,11136595.674483893,11149067.851742227,40,3720,False
36,plate6,32,4,0.75,100.0,24,9656988.983268248,11127679.217964623,11141806.71843485,40,3720,False
36,plate6,32,8,0.75,100.0,24,9220108.769859275,11118981.136041293,11133296.743778655,40,3720,False
36,plate6,32,16,0.75,1000.0,24,8981793.181833558,11124923.912887093,11139793.633345658,40,3720,False
36,plate6,32,32,1.0,1000.0,24,8761883.499456072,11113257.0191189,11128495.465086153,40,3720,False
36,plate6,32,64,1.0,1000.0,24,8636911.395017643,11106153.370868072,11121856.223674744,40,3720,False
36,plate6,32,80,1.0,1000.0,24,8622986.71481511,11105674.106306132,11121245.254272167,40,3720,False
36,plate6,32,92,1.0,1000.0,24,8622741.184959276,11105644.01464892,11121224.886016645,40,3720,False
36,plate6,40,0,0.0,1e-08,0,,,,0,0,False
36,plate6,40,1,0.25,100.0,32,10586361.681205435,11089905.383292934,11099705.873360105,40,3720,False
36,plate6,40,2,0.5,100.0,32,10047780.553293128,11070696.561640348,11079672.958943136,40,3720,False
36,plate6,40,4,0.75,100.0,32,9601420.10407064,11057111.734730415,11067661.241639884,40,3720,False
36,plate6,40,8,0.75,1e-08,32,9167433.066546902,11047646.436961379,11059606.717214204,40,3720,False
36,plate6,40,16,0.75,1000.0,32,8930698.804782111,11054643.457777197,11066189.693667853,40,3720,False
36,plate6,40,32,1.0,1000.0,32,8712025.074507779,11042353.281357996,11054359.241558874,40,3720,False
36,plate6,40,64,1.0,1000.0,32,8587972.657641511,11034614.712140324,11046363.4011524,40,3720,False
36,plate6,40,80,1.0,1000.0,32,8574163.118111687,11034059.889709458,11045786.613995243,40,3720,False
36,plate6,40,92,1.0,1000.0,32,8573919.871963428,11034024.09245259,11045752.617035732,40,3720,False
36,plate6,49,0,0.0,1e-08,0,,,,0,0,False
36,plate6,49,1,0.25,100.0,32,10533899.464891024,11048510.205244578,11058082.918559793,40,3720,False
36,plate6,49,2,0.5,100.0,32,9997449.71358343,11025994.88313492,11039451.075348642,40,3720,False
36,plate6,49,4,0.75,100.0,32,9552547.58793827,11009901.642562566,11028476.653662296,40,3720,False
36,plate6,49,8,0.75,1e-08,32,9121895.448463399,10998971.507083893,11020052.347051397,40,3720,False
36,plate6,49,16,0.75,1000.0,32,8886481.69447518,11005648.81335337,11027371.521981487,40,3720,False
36,plate6,49,32,1.0,1000.0,32,8669081.056240259,10992899.98636044,11015720.136628015,40,3720,False
36,plate6,49,64,1.0,1000.0,32,8545620.545829292,10985205.982000988,11008320.373440905,40,3720,False
36,plate6,49,80,1.0,1000.0,32,8531897.660358872,10984515.580695389,11007709.0731682,40,3720,False
36,plate6,49,92,1.0,1000.0,32,8531653.521839965,10984490.785549661,11007690.065315045,40,3720,False
36,plate14,1,0,0.0,1e-08,0,,,,0,0,False
36,plate14,1,1,0.0,1e-08,0,,,,0,0,False
36,plate14,1,2,0.0,1e-08,0,,,,0,0,False
36,plate14,1,4,0.0,1e-08,0,,,,0,0,False
36,plate14,1,8,0.0,1e-08,0,,,,0,0,False
36,plate14,1,16,0.0,1e-08,0,,,,0,0,False
36,plate14,1,32,0.0,1e-08,0,,,,0,0,False
36,plate14,1,64,0.0,1e-08,0,,,,0,0,False
36,plate14,1,80,0.0,1e-08,0,,,,0,0,False
36,plate14,1,92,0.0,1e-08,0,,,,0,0,False
36,plate14,2,0,0.0,1e-08,0,,,,0,0,False
36,plate14,2,1,0.5,1e-08,0,10970700.286031604,13003757.03781128,,16,1488,False
36,plate14,2,2,0.5,1e-08,0,10086978.82656759,13003757.03781128,,16,1488,False
36,plate14,2,4,0.75,1e-08,0,9231415.465952024,13003757.03781128,,16,1488,False
36,plate14,2,8,0.75,1e-08,0,8719022.933664536,13003757.03781128,,16,1488,False
36,plate14,2,16,1.0,1e-08,0,8378457.716658374,13003757.03781128,,16,1488,False
36,plate14,2,32,1.0,1e-08,0,8137752.3798508495,13003757.03781128,,16,1488,False
36,plate14,2,64,1.0,1e-08,0,8028198.395237012,13003757.03781128,,16,1488,False
36,plate14,2,80,1.0,1e-08,0,8015783.864204104,13003757.03781128,,16,1488,False
36,plate14,2,92,1.0,1e-08,0,8015546.580846099,13003757.03781128,,16,1488,False
36,plate14,4,0,0.0,1e-08,0,,,,0,0,False
36,plate14,4,1,0.5,100.0,2,11519916.97086437,12832948.50495284,12833927.792688621,32,2976,False
36,plate14,4,2,0.5,100.0,2,10577955.93248812,12828311.857728673,12828919.908521092,32,2976,False
36,plate14,4,4,0.75,100.0,2,9666063.356227906,12826977.588219829,12827231.712870583,32,2976,False
36,plate14,4,8,0.75,1000.0,2,9139754.10281588,12825213.905703925,12825559.911920002,32,2976,False
36,plate14,4,16,1.0,1000.0,2,8795013.590807475,12827691.195193347,12828089.352596367,32,2976,False
36,plate14,4,32,1.0,1000.0,2,8537764.81364048,12825779.250482487,12826012.831711302,32,2976,False
36,plate14,4,64,1.0,1000.0,2,8421569.637260888,12825913.104452087,12825963.732446743,32,2976,False
36,plate14,4,80,1.0,1000.0,2,8408173.408775304,12825724.298487395,12825742.98586874,32,2976,False
36,plate14,4,92,1.0,1000.0,2,8407897.157575045,12825758.289386395,12825774.202692946,32,2976,False
36,plate14,8,0,0.0,1e-08,0,,,,0,0,False
36,plate14,8,1,0.5,100.0,4,14414211.634834513,15719318.94550769,15799443.21051804,40,3720,False
36,plate14,8,2,0.5,100.0,4,13249519.342514353,15714325.699837532,15794812.163611978,40,3720,False
36,plate14,8,4,0.75,1000.0,4,12127300.127489122,15712979.30553597,15793170.588343373,40,3720,False
36,plate14,8,8,0.75,1000.0,4,11456539.164842997,15709658.402035546,15791902.984940737,40,3720,False
36,plate14,8,16,1.0,1000.0,4,11019147.421895992,15713005.80117955,15793456.654503051,40,3720,False
36,plate14,8,32,1.0,1000.0,4,10702650.813271051,15710454.108537998,15792007.073799327,40,3720,False
36,plate14,8,64,1.0,1000.0,4,10554247.43695392,15710520.87304835,15791835.324343525,40,3720,False
36,plate14,8,80,1.0,1000.0,4,10537185.335342087,15710379.040495228,15791632.443406936,40,3720,False
36,plate14,8,92,1.0,1000.0,4,10536770.645506151,15710410.49488783,15791666.39005913,40,3720,False
36,plate14,16,0,0.0,1e-08,0,,,,0,0,False
36,plate14,16,1,0.5,100.0,8,13109774.793217486,14987399.328831848,15035491.967889411,40,3720,False
36,plate14,16,2,0.5,100.0,8,12069564.219117843,14980324.692481495,15029983.651261194,40,3720,False
36,plate14,16,4,0.75,1000.0,8,11049221.463667367,14976612.220342448,15027208.981555494,40,3720,False
36,plate14,16,8,0.75,1000.0,8,10436959.372286374,14972465.3808526,15025309.651008915,40,3720,False
36,plate14,16,16,1.0,1000.0,8,10036259.863367826,14976265.86409735,15027469.818726357,40,3720,False
36,plate14,16,32,1.0,1000.0,8,9748012.864871738,14973271.132571932,15025202.379490431,40,3720,False
36,plate14,16,64,1.0,1000.0,8,9612812.523691315,14972645.754253149,15024841.14154567,40,3720,False
36,plate14,16,80,1.0,1000.0,8,9597308.750506887,14972370.491062947,15024600.76650676,40,3720,False
36,plate14,16,92,1.0,1000.0,8,9596923.621122101,14972411.369396945,15024627.681671971,40,3720,False
36,plate14,24,0,0.0,1e-08,0,,,,0,0,False
36,plate14,24,1,0.5,100.0,16,12825342.104280282,14779067.268971965,14809892.878762743,40,3720,False
36,plate14,24,2,0.5,100.0,16,11810142.888111215,14768508.767011166,14799925.888609584,40,3720,False
36,plate14,24,4,0.75,100.0,16,10812054.731606122,14761919.873297684,14794347.406426966,40,3720,False
36,plate14,24,8,0.75,1000.0,16,10212457.18903495,14757053.730500605,14790868.740466554,40,3720,False
36,plate14,24,16,1.0,1000.0,16,9819810.912006792,14761671.705660421,14794852.570737233,40,3720,False
36,plate14,24,32,1.0,1000.0,16,9537776.445653886,14757959.011351552,14791817.683584357,40,3720,False
36,plate14,24,64,1.0,1000.0,16,9405475.70599518,14757129.272023357,14791172.615512747,40,3720,False
36,plate14,24,80,1.0,1000.0,16,9390275.845960695,14756628.350223873,14790606.738506969,40,3720,False
36,plate14,24,92,1.0,1000.0,16,9389893.350735866,14756662.189125733,14790630.830054756,40,3720,False
36,plate14,32,0,0.0,1e-08,0,,,,0,0,False
36,plate14,32,1,0.5,1000.0,24,12686393.581716772,14659075.749410091,14677251.54016618,40,3720,False
36,plate14,32,2,0.5,100.0,24,11682359.057937,14645280.337073961,14662810.602567306,40,3720,False
36,plate14,32,4,0.75,1000.0,24,10696278.021164233,14636255.26299234,14654880.07862192,40,3720,False
36,plate14,32,8,0.75,100.0,24,10102423.911599714,14630437.332800299,14649673.98584206,40,3720,False
36,plate14,32,16,1.0,1000.0,24,9714410.02255791,14635089.15295649,14654430.006173557,40,3720,False
36,plate14,32,32,1.0,1000.0,24,9435440.535298182,14630754.20912251,14650582.430495875,40,3720,False
36,plate14,32,64,1.0,1000.0,24,9304488.883215409,14629832.19579786,14649596.382606423,40,3720,False
36,plate14,32,80,1.0,1000.0,24,9289418.917208072,14629199.140022838,14648945.487752251,40,3720,False
36,plate14,32,92,1.0,1000.0,24,9289039.847925834,14629244.368331878,14648985.042092012,40,3720,False
36,plate14,40,0,0.0,1e-08,0,,,,0,0,False
36,plate14,40,1,0.5,1000.0,32,12615316.845077904,14591427.07191192,14605049.615568751,40,3720,False
36,plate14,40,2,0.5,100.0,32,11617473.394231692,14576080.456964962,14586521.834687658,40,3720,False
36,plate14,40,4,0.75,1000.0,32,10636863.704834685,14564877.761674272,14575911.226044616,40,3720,False
36,plate14,40,8,0.75,100.0,32,10046627.34493338,14557257.485953745,14569429.935665539,40,3720,False
36,plate14,40,16,1.0,1000.0,32,9660536.697081754,14562314.961739508,14574532.59130876,40,3720,False
36,plate14,40,32,1.0,1000.0,32,9383307.384287393,14557708.572593981,14570354.542578476,40,3720,False
36,plate14,40,64,1.0,1000.0,32,9253140.53361194,14556670.279616714,14569163.806665372,40,3720,False
36,plate14,40,80,1.0,1000.0,32,9238157.952899328,14555833.44222021,14568332.057016348,40,3720,False
36,plate14,40,92,1.0,1000.0,32,9237782.500080978,14555881.717760885,14568378.483489543,40,3720,False
36,plate14,49,0,0.0,1e-08,0,,,,0,0,False
36,plate14,49,1,0.5,1000.0,32,12559254.830442889,14545264.997254886,14568776.113108922,40,3720,False
36,plate14,49,2,0.5,1000.0,32,11565010.611634843,14529121.546671288,14549219.71090888,40,3720,False
36,plate14,49,4,0.75,1000.0,32,10588573.829374833,14515825.405502167,14538689.805448063,40,3720,False
36,plate14,49,8,0.75,100.0,32,10000795.727120271,14506621.04406795,14531859.813832281,40,3720,False
36,plate14,49,16,1.0,1000.0,32,9616120.383609476,14511005.743802473,14536743.76473663,40,3720,False
36,plate14,49,32,1.0,1000.0,32,9340359.80258334,14506229.081059571,14532784.735909482,40,3720,False
36,plate14,49,64,1.0,1000.0,32,9210842.684252087,14505679.46039631,14532080.08931217,40,3720,False
36,plate14,49,80,1.0,1000.0,32,9195940.615605643,14504815.30269144,14531266.424126362,40,3720,False
36,plate14,49,92,1.0,1000.0,32,9195570.4935853,14504872.4208463,14531308.816884328,40,3720,False
37,plate6,1,0,0.0,1e-08,0,,,,0,0,False
37,plate6,1,1,0.0,1e-08,0,,,,0,0,False
37,plate6,1,2,0.0,1e-08,0,,,,0,0,False
37,plate6,1,4,0.0,1e-08,0,,,,0,0,False
37,plate6,1,8,0.0,1e-08,0,,,,0,0,False
37,plate6,1,16,0.0,1e-08,0,,,,0,0,False
37,plate6,1,32,0.0,1e-08,0,,,,0,0,False
37,plate6,1,64,0.0,1e-08,0,,,,0,0,False
37,plate6,1,80,0.0,1e-08,0,,,,0,0,False
37,plate6,1,92,0.0,1e-08,0,,,,0,0,False
37,plate6,2,0,0.0,1e-08,0,,,,0,0,False
37,plate6,2,1,0.25,1e-08,0,34858898.353022695,38447913.32283783,,16,1488,False
37,plate6,2,2,0.5,1e-08,0,32876331.724120498,38447913.32283783,,16,1488,False
37,plate6,2,4,0.75,1e-08,0,30992603.327763207,38447913.32283783,,16,1488,False
37,plate6,2,8,0.75,1e-08,0,29170458.36683557,38447913.32283783,,16,1488,False
37,plate6,2,16,0.75,1e-08,0,28270082.74353856,38447913.32283783,,16,1488,False
37,plate6,2,32,1.0,1e-08,0,27423039.819123026,38447913.32283783,,16,1488,False
37,plate6,2,64,1.0,1e-08,0,27006214.569405127,38447913.32283783,,16,1488,False
37,plate6,2,80,1.0,1e-08,0,26966342.879071653,38447913.32283783,,16,1488,False
37,plate6,2,92,1.0,1e-08,0,26964501.357268963,38447913.32283783,,16,1488,False
37,plate6,4,0,0.0,1e-08,0,,,,0,0,False
37,plate6,4,1,0.25,100.0,2,33341534.386854358,29930980.922971483,29932851.979130656,32,2976,False
37,plate6,4,2,0.5,100.0,2,31580656.532778695,29922392.36862165,29923199.864602532,32,2976,False
37,plate6,4,4,0.75,1000.0,2,29853612.226976663,29915359.40799886,29916656.62765074,32,2976,False
37,plate6,4,8,0.75,1000.0,2,28059206.746123794,29914484.62344562,29915052.15791739,32,2976,False
37,plate6,4,16,0.75,1000.0,2,27160785.70871707,29915388.040647868,29915535.5391449,32,2976,False
37,plate6,4,32,1.0,1000.0,2,26395788.499630984,29912422.82230938,29912476.250795916,32,2976,False
37,plate6,4,64,1.0,1000.0,2,25989327.50835693,29910390.91098596,29910425.783586983,32,2976,False
37,plate6,4,80,1.0,1000.0,2,25949654.156630263,29910180.932451434,29910208.456578087,32,2976,False
37,plate6,4,92,1.0,1000.0,2,25947903.19101415,29910116.50398057,29910144.636311658,32,2976,False
37,plate6,8,0,0.0,1e-08,0,,,,0,0,False
37,plate6,8,1,0.25,100.0,4,28674085.714710042,29643630.911027286,29704661.505203385,40,3720,False
37,plate6,8,2,0.5,100.0,4,27178511.04074744,29626513.988237042,29688383.256475806,40,3720,False
37,plate6,8,4,0.75,1000.0,4,25703043.823179763,29616417.834744256,29678853.166712087,40,3720,False
37,plate6,8,8,0.75,100.0,4,24161722.88860328,29613275.56282316,29675751.179310154,40,3720,False
37,plate6,8,16,0.75,1000.0,4,23386535.69676842,29611996.930820655,29675454.50829393,40,3720,False
37,plate6,8,32,1.0,1000.0,4,22734719.79777254,29607958.646839846,29671124.40995185,40,3720,False
37,plate6,8,64,1.0,1000.0,4,22384473.921921883,29603170.157378223,29667513.74520745,40,3720,False
37,plate6,8,80,1.0,1000.0,4,22349976.218988333,29602297.342023823,29667175.530254137,40,3720,False
37,plate6,8,92,1.0,1000.0,4,22348430.397118017,29602235.623579156,29667132.191750865,40,3720,False
37,plate6,16,0,0.0,1e-08,0,,,,0,0,False
37,plate6,16,1,0.25,1000.0,8,27455533.170982175,29235480.067226022,29272135.083396737,40,3720,False
37,plate6,16,2,0.5,1000.0,8,26026479.350476168,29141853.867276564,29181062.44337552,40,3720,False
37,plate6,16,4,0.75,1000.0,8,24621344.20077495,29097006.34741804,29139010.218149275,40,3720,False
37,plate6,16,8,0.75,1000.0,8,23140324.396440342,29083314.64706346,29128142.38434483,40,3720,False
37,plate6,16,16,0.75,1000.0,8,22395182.65559992,29078005.53351952,29124311.844547518,40,3720,False
37,plate6,16,32,1.0,1000.0,8,21771698.107475907,29074031.87964137,29121138.902548075,40,3720,False
37,plate6,16,64,1.0,1000.0,8,21436497.140452567,29065839.49533848,29115392.91098137,40,3720,False
37,plate6,16,80,1.0,1000.0,8,21403298.991458215,29065021.912246738,29115020.919239942,40,3720,False
37,plate6,16,92,1.0,1000.0,8,21401840.328828212,29064935.87036932,29114965.865971524,40,3720,False
37,plate6,24,0,0.0,1e-08,0,,,,0,0,False
37,plate6,24,1,0.25,1000.0,16,26835677.756973978,29054748.524587102,29083379.14013988,40,3720,False
37,plate6,24,2,0.5,1000.0,16,25438537.494908236,28958640.333190754,28977877.38309126,40,3720,False
37,plate6,24,4,0.75,1000.0,16,24063003.44834921,28907273.00854008,28925421.68299162,40,3720,False
37,plate6,24,8,0.75,1000.0,16,22617274.274567608,28890207.232141573,28909331.003905565,40,3720,False
37,plate6,24,16,0.75,1000.0,16,21889771.16489418,28883474.868111387,28903317.74654997,40,3720,False
37,plate6,24,32,1.0,1000.0,16,21279725.88854985,28877696.369127613,28898673.730518866,40,3720,False
37,plate6,24,64,1.0,1000.0,16,20951813.179218266,28867145.944753762,28889592.83251879,40,3720,False
37,plate6,24,80,1.0,1000.0,16,20919499.91695849,28866046.12356496,28888905.101094995,40,3720,False
37,plate6,24,92,1.0,1000.0,16,20918069.84508137,28865925.822705545,28888805.36619659,40,3720,False
37,plate6,32,0,0.0,1e-08,0,,,,0,0,False
37,plate6,32,1,0.25,1000.0,16,26696801.958198667,28980215.91846149,29010680.80615841,40,3720,False
37,plate6,32,2,0.5,1000.0,24,25306318.800491106,28872425.104054507,28893271.07247004,40,3720,False
37,plate6,32,4,0.75,1000.0,24,23937493.28906974,28816733.007975705,28831960.532836862,40,3720,False
37,plate6,32,8,0.75,1000.0,24,22500737.301438697,28796802.118023373,28811656.69192177,40,3720,False
37,plate6,32,16,0.75,1000.0,24,21776763.893252607,28789460.917958975,28805539.879794262,40,3720,False
37,plate6,32,32,1.0,1000.0,24,21170167.918164734,28782021.939769514,28798225.754567437,40,3720,False
37,plate6,32,64,1.0,1000.0,24,20843776.99688385,28769956.17268632,28787428.340281542,40,3720,False
37,plate6,32,80,1.0,1000.0,24,20811707.510624304,28768551.954931583,28786392.77808142,40,3720,False
37,plate6,32,92,1.0,1000.0,24,20810281.8662114,28768421.288450945,28786278.003778577,40,3720,False
37,plate6,40,0,0.0,1e-08,0,,,,0,0,False
37,plate6,40,1,0.25,1000.0,16,26630688.83349822,28943427.03502206,28981571.559614815,40,3720,False
37,plate6,40,2,0.5,1000.0,32,25241028.05052518,28830045.00784868,28851476.1214896,40,3720,False
37,plate6,40,4,0.75,1000.0,32,23874542.10901905,28770864.549337376,28784662.62740513,40,3720,False
37,plate6,40,8,0.75,1000.0,32,22441906.797006857,28748681.667673692,28761213.766898476,40,3720,False
37,plate6,40,16,0.75,1000.0,32,21719729.39687646,28740447.08891008,28753202.125764634,40,3720,False
37,plate6,40,32,1.0,1000.0,32,21114300.925459158,28733796.635134928,28746698.943061344,40,3720,False
37,plate6,40,64,1.0,1000.0,32,20788927.66861284,28718774.472194545,28732735.00593046,40,3720,False
37,plate6,40,80,1.0,1000.0,32,20756911.13258797,28717190.36073454,28731413.484290842,40,3720,False
37,plate6,40,92,1.0,1000.0,32,20755481.85871694,28717037.93714914,28731278.0127866,40,3720,False
37,plate6,49,0,0.0,1e-08,0,,,,0,0,False
37,plate6,49,1,0.25,1000.0,16,26546477.64727374,28903190.05447344,28939883.431217898,40,3720,False
37,plate6,49,2,0.5,1000.0,32,25161777.69927641,28785291.864839982,28806916.78918019,40,3720,False
37,plate6,49,4,0.75,1000.0,32,23801009.267230436,28721178.08511317,28739379.477370724,40,3720,False
37,plate6,49,8,0.75,1000.0,32,22372572.705518834,28696986.76394203,28717485.14158954,40,3720,False
37,plate6,49,16,0.75,1000.0,32,21652554.95867078,28687681.195668455,28709539.64674717,40,3720,False
37,plate6,49,32,1.0,1000.0,32,21049321.25187219,28679861.83024913,28702693.717811253,40,3720,False
37,plate6,49,64,1.0,1000.0,32,20725126.86518293,28663816.839446057,28689403.77856132,40,3720,False
37,plate6,49,80,1.0,1000.0,32,20693214.583379995,28661700.05025025,28687740.41155348,40,3720,False
37,plate6,49,92,1.0,1000.0,32,20691795.808634687,28661539.339510523,28687607.359771155,40,3720,False
37,plate14,1,0,0.0,1e-08,0,,,,0,0,False
37,plate14,1,1,0.0,1e-08,0,,,,0,0,False
37,plate14,1,2,0.0,1e-08,0,,,,0,0,False
37,plate14,1,4,0.0,1e-08,0,,,,0,0,False
37,plate14,1,8,0.0,1e-08,0,,,,0,0,False
37,plate14,1,16,0.0,1e-08,0,,,,0,0,False
37,plate14,1,32,0.0,1e-08,0,,,,0,0,False
37,plate14,1,64,0.0,1e-08,0,,,,0,0,False
37,plate14,1,80,0.0,1e-08,0,,,,0,0,False
37,plate14,1,92,0.0,1e-08,0,,,,0,0,False
37,plate14,2,0,0.0,1e-08,0,,,,0,0,False
37,plate14,2,1,0.5,1e-08,0,35985114.6261456,42238491.1337204,,16,1488,False
37,plate14,2,2,0.5,1e-08,0,32876119.95194733,42238491.1337204,,16,1488,False
37,plate14,2,4,0.75,1e-08,0,30341947.084027298,42238491.1337204,,16,1488,False
37,plate14,2,8,0.75,1e-08,0,28668095.13126554,42238491.1337204,,16,1488,False
37,plate14,2,16,1.0,1e-08,0,27562042.232671726,42238491.1337204,,16,1488,False
37,plate14,2,32,1.0,1e-08,0,26788469.091743447,42238491.1337204,,16,1488,False
37,plate14,2,64,1.0,1e-08,0,26378239.961396303,42238491.1337204,,16,1488,False
37,plate14,2,80,1.0,1e-08,0,26334641.3261089,42238491.1337204,,16,1488,False
37,plate14,2,92,1.0,1e-08,0,26332714.53455354,42238491.1337204,,16,1488,False
37,plate14,4,0,0.0,1e-08,0,,,,0,0,False
37,plate14,4,1,0.5,100.0,2,35198274.37338711,33859159.03276513,33861855.31830907,32,2976,False
37,plate14,4,2,0.5,100.0,2,32072860.05781701,33844873.80206245,33845912.59156119,32,2976,False
37,plate14,4,4,0.75,1000.0,2,29657210.948276997,33838380.49459755,33838814.48447159,32,2976,False
37,plate14,4,8,0.75,1000.0,2,28043212.68344822,33834771.679231845,33835881.6651541,32,2976,False
37,plate14,4,16,1.0,1000.0,2,26966999.1164662,33834319.73283153,33834710.177644484,32,2976,False
37,plate14,4,32,1.0,100.0,2,26218703.720718384,33834419.40314001,33834421.22280033,32,2976,False
37,plate14,4,64,1.0,100.0,2,25817125.058276206,33832536.13919153,33832537.30062273,32,2976,False
37,plate14,4,80,1.0,1000.0,2,25776156.309520006,33832251.823152766,33832268.692118384,32,2976,False
37,plate14,4,92,1.0,1000.0,2,25774529.124717854,33832208.64065399,33832227.00311886,32,2976,False
37,plate14,8,0,0.0,1e-08,0,,,,0,0,False
37,plate14,8,1,0.5,100.0,4,30372075.63946618,33364447.35914308,33431487.556731854,40,3720,False
37,plate14,8,2,0.5,100.0,4,27649257.983826946,33342764.412987158,33415865.31644677,40,3720,False
37,plate14,8,4,0.75,100.0,4,25543365.30877811,33330476.986514423,33407317.93557739,40,3720,False
37,plate14,8,8,0.75,100.0,4,24159049.279924333,33327117.054048736,33405170.188968185,40,3720,False
37,plate14,8,16,1.0,1000.0,4,23233011.001615234,33326358.81544295,33405588.802064672,40,3720,False
37,plate14,8,32,1.0,1000.0,4,22588847.574970134,33325288.184108786,33404169.97239975,40,3720,False
37,plate14,8,64,1.0,1000.0,4,22241091.900025316,33321458.289098445,33400948.34609225,40,3720,False
37,plate14,8,80,1.0,1000.0,4,22205577.585541558,33321146.73842657,33400700.980286125,40,3720,False
37,plate14,8,92,1.0,1000.0,4,22204186.6461952,33321110.942774795,33400673.376910824,40,3720,False
37,plate14,16,0,0.0,1e-08,0,,,,0,0,False
37,plate14,16,1,0.5,1000.0,8,29097634.05021721,32749309.724842377,32789439.31392907,40,3720,False
37,plate14,16,2,0.5,1000.0,8,26484498.88858673,32718171.966458514,32762395.594323393,40,3720,False
37,plate14,16,4,0.75,1000.0,8,24472176.31014205,32703199.46569953,32753417.14575583,40,3720,False
37,plate14,16,8,0.75,1000.0,8,23143513.486033928,32695160.377558056,32748195.85567459,40,3720,False
37,plate14,16,16,1.0,1000.0,8,22259099.335555136,32690680.924655285,32744447.53896459,40,3720,False
37,plate14,16,32,1.0,1000.0,8,21640703.355295435,32689817.8087909,32745030.2165773,40,3720,False
37,plate14,16,64,1.0,1000.0,8,21307219.34467683,32683933.41141146,32741120.92135306,40,3720,False
37,plate14,16,80,1.0,1000.0,8,21273304.573512807,32683256.750703014,32740609.532003146,40,3720,False
37,plate14,16,92,1.0,1000.0,8,21271969.75359394,32683198.1310938,32740579.528697003,40,3720,False
37,plate14,24,0,0.0,1e-08,0,,,,0,0,False
37,plate14,24,1,0.5,1000.0,16,28438670.856096573,32548976.489532664,32578774.092054743,40,3720,False
37,plate14,24,2,0.5,1000.0,16,25890899.939414524,32515177.92015949,32537899.159333624,40,3720,False
37,plate14,24,4,0.75,1000.0,16,23922628.208225943,32496988.901924483,32520759.990001198,40,3720,False
37,plate14,24,8,0.75,1000.0,16,22624558.998605482,32487210.11814317,32511783.54905619,40,3720,False
37,plate14,24,16,1.0,1000.0,16,21759338.735293742,32481330.30428259,32506258.61421306,40,3720,False
37,plate14,24,32,1.0,1000.0,16,21155082.237692017,32480779.557446502,32506288.712967224,40,3720,False
37,plate14,24,64,1.0,1000.0,16,20829113.14279843,32473104.000245288,32499902.655423257,40,3720,False
37,plate14,24,80,1.0,1000.0,16,20795958.4895979,32472259.0385297,32499167.79669384,40,3720,False
37,plate14,24,92,1.0,1000.0,16,20794653.01498661,32472190.66142174,32499113.320911918,40,3720,False
37,plate14,32,0,0.0,1e-08,0,,,,0,0,False
37,plate14,32,1,0.5,1000.0,24,28281662.161019936,32457134.323637675,32497368.135647908,40,3720,False
37,plate14,32,2,0.5,1000.0,24,25750077.292563684,32413455.848831203,32436131.314952977,40,3720,False
37,plate14,32,4,0.75,1000.0,24,23793688.015718475,32389732.197656363,32408272.765156526,40,3720,False
37,plate14,32,8,0.75,1000.0,24,22502066.924805865,32378132.894663986,32396383.394737866,40,3720,False
37,plate14,32,16,1.0,1000.0,24,21642068.155933652,32370737.597301543,32389990.413674258,40,3720,False
37,plate14,32,32,1.0,1000.0,24,21040630.13403336,32369328.407814234,32388922.373357043,40,3720,False
37,plate14,32,64,1.0,1000.0,24,20716641.98105328,32360036.211277977,32380728.129556313,40,3720,False
37,plate14,32,80,1.0,1000.0,24,20683668.1784026,32359115.11748772,32379949.07422858,40,3720,False
37,plate14,32,92,1.0,1000.0,24,20682367.54249128,32359045.374114104,32379886.706766553,40,3720,False
37,plate14,40,0,0.0,1e-08,0,,,,0,0,False
37,plate14,40,1,0.5,1000.0,24,28205948.4640429,32408032.749129247,32452262.959959373,40,3720,False
37,plate14,40,2,0.5,1000.0,32,25681260.059154436,32359708.092037924,32382385.63181822,40,3720,False
37,plate14,40,4,0.75,1000.0,32,23728917.70117608,32331905.14789923,32347928.3382453,40,3720,False
37,plate14,40,8,0.75,1000.0,32,22440546.050170913,32318224.39378856,32333619.3639169,40,3720,False
37,plate14,40,16,1.0,1000.0,32,21582787.820255797,32311299.25931568,32327207.619914297,40,3720,False
37,plate14,40,32,1.0,1000.0,32,20983156.558744285,32309379.781689264,32325470.4326363,40,3720,False
37,plate14,40,64,1.0,1000.0,32,20659945.475883435,32298552.923956174,32315817.532874882,40,3720,False
37,plate14,40,80,1.0,1000.0,32,20627080.34666763,32297430.397879984,32314868.48143452,40,3720,False
37,plate14,40,92,1.0,1000.0,32,20625782.812099393,32297349.971559014,32314795.84995962,40,3720,False
37,plate14,49,0,0.0,1e-08,0,,,,0,0,False
37,plate14,49,1,0.5,1000.0,24,28114485.204944074,32363166.159981612,32408745.631563164,40,3720,False
37,plate14,49,2,0.5,1000.0,32,25597341.176926445,32309866.70030595,32340521.201299652,40,3720,False
37,plate14,49,4,0.75,1000.0,32,23651894.480882138,32278792.4567879,32304712.05905521,40,3720,False
37,plate14,49,8,0.75,1000.0,32,22368118.311135158,32262776.150407083,32289181.86886017,40,3720,False
37,plate14,49,16,1.0,1000.0,32,21513210.597206306,32253755.383937262,32282616.092420235,40,3720,False
37,plate14,49,32,1.0,1000.0,32,20915540.381825954,32251666.10440433,32281493.400035225,40,3720,False
37,plate14,49,64,1.0,1000.0,32,20593398.806060094,32239287.35879325,32271189.14314797,40,3720,False
37,plate14,49,80,1.0,1000.0,32,20560634.794283014,32238023.223367132,32270221.284336187,40,3720,False
37,plate14,49,92,1.0,1000.0,32,20559346.311356198,32237929.689647496,32270136.741514303,40,3720,False
38,plate6,1,0,0.0,1e-08,0,,,,0,0,False
38,plate6,1,1,0.0,1e-08,0,,,,0,0,False
38,plate6,1,2,0.0,1e-08,0,,,,0,0,False
38,plate6,1,4,0.0,1e-08,0,,,,0,0,False
38,plate6,1,8,0.0,1e-08,0,,,,0,0,False
38,plate6,1,16,0.0,1e-08,0,,,,0,0,False
38,plate6,1,32,0.0,1e-08,0,,,,0,0,False
38,plate6,1,64,0.0,1e-08,0,,,,0,0,False
38,plate6,1,80,0.0,1e-08,0,,,,0,0,False
38,plate6,1,92,0.0,1e-08,0,,,,0,0,False
38,plate6,2,0,0.0,1e-08,0,,,,0,0,False
38,plate6,2,1,0.25,1e-08,0,19689313.10869503,21631365.760513306,,16,1488,False
38,plate6,2,2,0.5,1e-08,0,18345589.335175753,21631365.760513306,,16,1488,False
38,plate6,2,4,0.75,1e-08,0,17472108.135010183,21631365.760513306,,16,1488,False
38,plate6,2,8,0.75,1e-08,0,16528336.336852504,21631365.760513306,,16,1488,False
38,plate6,2,16,1.0,1e-08,0,16065283.837821983,21631365.760513306,,16,1488,False
38,plate6,2,32,1.0,1e-08,0,15632093.177119218,21631365.760513306,,16,1488,False
38,plate6,2,64,1.0,1e-08,0,15384015.37109115,21631365.760513306,,16,1488,False
38,plate6,2,80,1.0,1e-08,0,15368168.790116172,21631365.760513306,,16,1488,False
38,plate6,2,92,1.0,1e-08,0,15365996.059888873,21631365.760513306,,16,1488,False
38,plate6,4,0,0.0,1e-08,0,,,,0,0,False
38,plate6,4,1,0.25,100.0,2,23212699.93503907,22454692.705680404,22457125.554842904,32,2976,False
38,plate6,4,2,0.5,100.0,2,21910354.324220426,22530485.644197803,22530941.702283744,32,2976,False
38,plate6,4,4,0.75,1e-08,2,20869727.73565926,22443358.521898877,22443358.52189886,32,2976,False
38,plate6,4,8,0.75,100.0,2,19689183.44827692,22418646.69625032,22418671.661758356,32,2976,False
38,plate6,4,16,0.75,1000.0,2,19104241.968142938,22412484.611620363,22412516.011531718,32,2976,False
38,plate6,4,32,1.0,1e-08,2,18583930.782362238,22411051.921300594,22411051.921300594,32,2976,False
38,plate6,4,64,1.0,1000.0,2,18300971.520132665,22408285.441272624,22408305.118732117,32,2976,False
38,plate6,4,80,1.0,1000.0,2,18276307.85588395,22408028.025655076,22408038.7375048,32,2976,False
38,plate6,4,92,1.0,1000.0,2,18274601.93937832,22407967.992699157,22407979.638630908,32,2976,False
38,plate6,8,0,0.0,1e-08,0,,,,0,0,False
38,plate6,8,1,0.25,100.0,4,23176130.070489958,22703822.575504974,22764706.1840309,40,3720,False
38,plate6,8,2,0.5,100.0,4,21886574.3523007,22796437.93688976,22863071.11206439,40,3720,False
38,plate6,8,4,0.75,100.0,4,20855475.497093603,22711912.6131037,22778478.078104746,40,3720,False
38,plate6,8,8,0.75,100.0,4,19689071.479966264,22683915.308601685,22753017.32032915,40,3720,False
38,plate6,8,16,0.75,100.0,4,19114219.43591432,22679096.91537886,22747650.03649519,40,3720,False
38,plate6,8,32,1.0,1000.0,4,18595586.5164169,22675738.740186263,22743890.579181954,40,3720,False
38,plate6,8,64,1.0,1000.0,4,18316340.404651556,22666438.26233901,22734378.33508658,40,3720,False
38,plate6,8,80,1.0,1000.0,4,18291638.968359504,22666698.926270537,22734906.177888058,40,3720,False
38,plate6,8,92,1.0,1000.0,4,18289916.331877932,22666571.696542505,22734787.198082257,40,3720,False
38,plate6,16,0,0.0,1e-08,0,,,,0,0,False
38,plate6,16,1,0.25,1000.0,8,21043468.152075596,22079368.464739595,22119740.675891597,40,3720,False
38,plate6,16,2,0.5,1000.0,8,19857426.482434846,22167870.95956875,22203561.619416144,40,3720,False
38,plate6,16,4,0.75,1000.0,8,18918294.163260918,22083601.608539958,22114989.13314228,40,3720,False
38,plate6,16,8,0.75,1000.0,8,17866784.82555351,22049905.916847568,22088548.921177033,40,3720,False
38,plate6,16,16,0.75,1000.0,8,17350087.72894819,22042461.706373274,22083653.08050984,40,3720,False
38,plate6,16,32,1.0,1000.0,8,16882644.53820589,22038279.042841904,22080360.798991863,40,3720,False
38,plate6,16,64,1.0,1000.0,8,16627594.52279637,22029697.26366908,22075887.55493501,40,3720,False
38,plate6,16,80,1.0,1000.0,8,16605935.761698963,22029269.223640636,22075797.147844993,40,3720,False
38,plate6,16,92,1.0,1000.0,8,16604380.740760965,22029130.62021787,22075668.301871166,40,3720,False
38,plate6,24,0,0.0,1e-08,0,,,,0,0,False
38,plate6,24,1,0.25,1000.0,16,20595096.202034883,21907725.5907798,21945136.431943808,40,3720,False
38,plate6,24,2,0.5,1000.0,16,19427534.42982055,21994270.682836052,22013210.32292269,40,3720,False
38,plate6,24,4,0.75,1000.0,16,18508096.20813719,21907113.890894797,21925248.928304918,40,3720,False
38,plate6,24,8,0.75,1000.0,16,17480716.845298465,21870644.430164058,21889960.572588902,40,3720,False
38,plate6,24,16,0.75,1000.0,16,16976634.300807513,21860430.92162008,21880648.524127614,40,3720,False
38,plate6,24,32,1.0,1000.0,16,16519079.196807005,21855572.84506213,21875803.243469942,40,3720,False
38,plate6,24,64,1.0,1000.0,16,16269404.055241382,21846496.13946558,21867706.891179744,40,3720,False
38,plate6,24,80,1.0,1000.0,16,16248389.427211016,21845277.616317403,21866851.511692673,40,3720,False
38,plate6,24,92,1.0,1000.0,16,16246841.608006503,21845158.333505414,21866738.733470924,40,3720,False
38,plate6,32,0,0.0,1e-08,0,,,,0,0,False
38,plate6,32,1,0.25,1000.0,16,20321024.05680954,21800409.409792494,21838905.879906893,40,3720,False
38,plate6,32,2,0.5,1000.0,24,19162807.80100101,21885176.452644642,21904507.532358546,40,3720,False
38,plate6,32,4,0.75,1000.0,24,18255427.109524768,21791576.278884046,21809056.013886176,40,3720,False
38,plate6,32,8,0.75,1000.0,24,17244487.163148634,21750792.086315133,21767143.902027648,40,3720,False
38,plate6,32,16,0.75,1000.0,24,16747680.808972564,21739368.72877601,21755492.3496449,40,3720,False
38,plate6,32,32,1.0,1000.0,24,16296667.880036183,21733440.577456094,21749280.441902924,40,3720,False
38,plate6,32,64,1.0,1000.0,24,16050180.751302158,21725122.603470206,21741935.87847693,40,3720,False
38,plate6,32,80,1.0,1000.0,24,16029703.350675125,21723718.998746444,21740778.43723463,40,3720,False
38,plate6,32,92,1.0,1000.0,24,16028153.133466644,21723602.933688078,21740659.59822937,40,3720,False
38,plate6,40,0,0.0,1e-08,0,,,,0,0,False
38,plate6,40,1,0.25,1000.0,16,20200827.220010668,21751797.49269662,21792585.65701629,40,3720,False
38,plate6,40,2,0.5,1000.0,32,19044952.53859907,21832390.519095957,21852232.06286511,40,3720,False
38,plate6,40,4,0.75,1000.0,32,18142774.606695108,21732104.694137406,21750507.39638256,40,3720,False
38,plate6,40,8,0.75,1000.0,32,17139112.784308285,21690293.02485415,21707005.316868354,40,3720,False
38,plate6,40,16,0.75,1000.0,32,16646059.837277109,21677981.862838067,21694313.56569883,40,3720,False
38,plate6,40,32,1.0,1000.0,32,16197629.270154607,21672231.00253883,21688568.075996984,40,3720,False
38,plate6,40,64,1.0,1000.0,32,15952259.781941287,21664271.764318053,21681729.944953974,40,3720,False
38,plate6,40,80,1.0,1000.0,32,15931990.611919394,21662694.812354144,21680283.89049078,40,3720,False
38,plate6,40,92,1.0,1000.0,32,15930447.187183732,21662571.276335083,21680154.163431685,40,3720,False
38,plate6,49,0,0.0,1e-08,0,,,,0,0,False
38,plate6,49,1,0.25,1000.0,16,20115139.27288949,21701203.2410929,21745908.164527375,40,3720,False
38,plate6,49,2,0.5,1000.0,32,18961628.744700283,21781280.157983676,21805428.06937589,40,3720,False
38,plate6,49,4,0.75,1000.0,32,18062796.351253267,21676687.346930902,21702256.849651795,40,3720,False
38,plate6,49,8,0.75,1000.0,32,17063327.377778146,21632479.64054079,21658111.149870522,40,3720,False
38,plate6,49,16,0.75,1000.0,32,16572768.211179936,21619846.240528848,21645831.33737097,40,3720,False
38,plate6,49,32,1.0,1000.0,32,16126133.548738081,21612127.899850003,21638913.9420666,40,3720,False
38,plate6,49,64,1.0,1000.0,32,15881878.815520408,21603501.121311277,21631323.334894583,40,3720,False
38,plate6,49,80,1.0,1000.0,32,15861742.724164328,21601538.10981122,21629641.252510887,40,3720,False
38,plate6,49,92,1.0,1000.0,32,15860201.650303192,21601391.296221793,21629501.953257017,40,3720,False
38,plate14,1,0,0.0,1e-08,0,,,,0,0,False
38,plate14,1,1,0.0,1e-08,0,,,,0,0,False
38,plate14,1,2,0.0,1e-08,0,,,,0,0,False
38,plate14,1,4,0.0,1e-08,0,,,,0,0,False
38,plate14,1,8,0.0,1e-08,0,,,,0,0,False
38,plate14,1,16,0.0,1e-08,0,,,,0,0,False
38,plate14,1,32,0.0,1e-08,0,,,,0,0,False
38,plate14,1,64,0.0,1e-08,0,,,,0,0,False
38,plate14,1,80,0.0,1e-08,0,,,,0,0,False
38,plate14,1,92,0.0,1e-08,0,,,,0,0,False
38,plate14,2,0,0.0,1e-08,0,,,,0,0,False
38,plate14,2,1,0.5,1e-08,0,20953233.55671668,24289544.22918701,,16,1488,False
38,plate14,2,2,0.5,1e-08,0,19181054.886949897,24289544.22918701,,16,1488,False
38,plate14,2,4,0.75,1e-08,0,17582010.46410813,24289544.22918701,,16,1488,False
38,plate14,2,8,0.75,1e-08,0,16661547.746545509,24289544.22918701,,16,1488,False
38,plate14,2,16,1.0,1e-08,0,15966110.399030687,24289544.22918701,,16,1488,False
38,plate14,2,32,1.0,1e-08,0,15534188.582824241,24289544.22918701,,16,1488,False
38,plate14,2,64,1.0,1e-08,0,15281870.404844472,24289544.22918701,,16,1488,False
38,plate14,2,80,1.0,1e-08,0,15259855.973654466,24289544.22918701,,16,1488,False
38,plate14,2,92,1.0,1e-08,0,15259180.113458231,24289544.22918701,,16,1488,False
38,plate14,4,0,0.0,1e-08,0,,,,0,0,False
38,plate14,4,1,0.5,100.0,2,25148277.400330015,25420602.403635275,25421192.228369836,32,2976,False
38,plate14,4,2,0.5,100.0,2,22899038.63301286,25418809.510872018,25419419.76929166,32,2976,False
38,plate14,4,4,0.75,100.0,2,21057200.33034535,25424874.284152627,25425120.82463666,32,2976,False
38,plate14,4,8,0.75,100.0,2,19935513.18063247,25413153.429660477,25413264.205978733,32,2976,False
38,plate14,4,16,1.0,1000.0,2,19131192.59540285,25411429.92796943,25411781.047113962,32,2976,False
38,plate14,4,32,1.0,1e-08,2,18609962.46359809,25413470.539932135,25413470.539932135,32,2976,False
38,plate14,4,64,1.0,1000.0,2,18315694.41800933,25411155.503845096,25411185.191889957,32,2976,False
38,plate14,4,80,1.0,1000.0,2,18288235.054506097,25410936.987547413,25410955.049873475,32,2976,False
38,plate14,4,92,1.0,1000.0,2,18287423.47183167,25410900.928568486,25410920.990738407,32,2976,False
38,plate14,8,0,0.0,1e-08,0,,,,0,0,False
38,plate14,8,1,0.5,100.0,4,24971717.735190544,25839644.114377897,25924565.344409395,40,3720,False
38,plate14,8,2,0.5,100.0,4,22815852.009153713,25842715.565171797,25928482.677969854,40,3720,False
38,plate14,8,4,0.75,100.0,4,20985401.913400285,25845895.702062752,25932694.228072546,40,3720,False
38,plate14,8,8,0.75,100.0,4,19851070.344489273,25832580.247434873,25920125.54910974,40,3720,False
38,plate14,8,16,1.0,100.0,4,19049674.33263241,25830580.703540232,25918153.118746154,40,3720,False
38,plate14,8,32,1.0,1000.0,4,18534332.71729586,25831821.584512595,25918368.017714117,40,3720,False
38,plate14,8,64,1.0,1000.0,4,18242756.05852638,25828614.92939835,25916098.591337938,40,3720,False
38,plate14,8,80,1.0,1000.0,4,18215569.536370616,25828575.792645447,25916102.881499752,40,3720,False
38,plate14,8,92,1.0,1000.0,4,18214702.684280377,25828542.83027437,25916080.278041035,40,3720,False
38,plate14,16,0,0.0,1e-08,0,,,,0,0,False
38,plate14,16,1,0.5,100.0,8,22692810.813116036,25062267.435986176,25118366.94945919,40,3720,False
38,plate14,16,2,0.5,100.0,8,20733804.299897086,25065369.01165244,25118812.26712508,40,3720,False
38,plate14,16,4,0.75,1000.0,8,19064943.77075293,25062766.03763643,25121105.87510252,40,3720,False
38,plate14,16,8,0.75,1000.0,8,18042183.499446217,25046212.678460564,25106652.695665024,40,3720,False
38,plate14,16,16,1.0,1000.0,8,17309411.5727049,25044139.076582167,25103787.36468213,40,3720,False
38,plate14,16,32,1.0,1000.0,8,16844458.269464117,25045007.6946942,25104574.8703755,40,3720,False
38,plate14,16,64,1.0,1000.0,8,16577945.93874166,25039849.22866717,25101538.203145124,40,3720,False
38,plate14,16,80,1.0,1000.0,8,16553288.054009587,25039612.273224242,25101441.761270437,40,3720,False
38,plate14,16,92,1.0,1000.0,8,16552490.137442783,25039567.209206898,25101418.456833538,40,3720,False
38,plate14,24,0,0.0,1e-08,0,,,,0,0,False
38,plate14,24,1,0.5,100.0,16,22192080.95724324,24869919.37255981,24897255.0215536,40,3720,False
38,plate14,24,2,0.5,1000.0,16,20278615.61766852,24863650.314185582,24892334.938192245,40,3720,False
38,plate14,24,4,0.75,1000.0,16,18642891.83223943,24859302.14172273,24889572.68312463,40,3720,False
38,plate14,24,8,0.75,1000.0,16,17647290.871204127,24840901.750099532,24872343.436163202,40,3720,False
38,plate14,24,16,1.0,1000.0,16,16930577.849234983,24837828.65988289,24869135.07663267,40,3720,False
38,plate14,24,32,1.0,1000.0,16,16476346.865668697,24839370.935403172,24870197.867534474,40,3720,False
38,plate14,24,64,1.0,1000.0,16,16214903.684402175,24832947.307227578,24865299.798339743,40,3720,False
38,plate14,24,80,1.0,1000.0,16,16190815.081518413,24832567.108305223,24864998.020191625,40,3720,False
38,plate14,24,92,1.0,1000.0,16,16190040.027214635,24832502.240280565,24864952.259632617,40,3720,False
38,plate14,32,0,0.0,1e-08,0,,,,0,0,False
38,plate14,32,1,0.5,1000.0,24,21892267.70187329,24744526.702686787,24766407.71739328,40,3720,False
38,plate14,32,2,0.5,1000.0,24,20007362.33336364,24736365.997417178,24758311.310033355,40,3720,False
38,plate14,32,4,0.75,1000.0,24,18391266.43242416,24731884.332747057,24753077.789754108,40,3720,False
38,plate14,32,8,0.75,1000.0,24,17410133.642596416,24712014.742257725,24733590.534157116,40,3720,False
38,plate14,32,16,1.0,1000.0,24,16702719.011763783,24707839.89361105,24730589.27193511,40,3720,False
38,plate14,32,32,1.0,1000.0,24,16255264.911162151,24709894.864221074,24731915.399413757,40,3720,False
38,plate14,32,64,1.0,1000.0,24,15996770.869823871,24702287.043010466,24725599.602962226,40,3720,False
38,plate14,32,80,1.0,1000.0,24,15973050.900981491,24701853.186691448,24725291.706060085,40,3720,False
38,plate14,32,92,1.0,1000.0,24,15972283.268852215,24701776.817327324,24725225.618893337,40,3720,False
38,plate14,40,0,0.0,1e-08,0,,,,0,0,False
38,plate14,40,1,0.5,1000.0,32,21748844.35261918,24681785.32829682,24704407.526273783,40,3720,False
38,plate14,40,2,0.5,1000.0,32,19876527.442293007,24673177.42329517,24693656.483800292,40,3720,False
38,plate14,40,4,0.75,1000.0,32,18269477.960422356,24666036.123916857,24685444.50403217,40,3720,False
38,plate14,40,8,0.75,1000.0,32,17295989.614178922,24644283.007716615,24662886.019860115,40,3720,False
38,plate14,40,16,1.0,1000.0,32,16592812.54583382,24639489.02027545,24659146.708030615,40,3720,False
38,plate14,40,32,1.0,1000.0,32,16148729.015913296,24641345.708251894,24660875.208506696,40,3720,False
38,plate14,40,64,1.0,1000.0,32,15891634.6409395,24633242.05538311,24653690.929428965,40,3720,False
38,plate14,40,80,1.0,1000.0,32,15868098.892250394,24632769.88164533,24653356.399478488,40,3720,False
38,plate14,40,92,1.0,1000.0,32,15867334.776285337,24632685.234849095,24653279.22060209,40,3720,False
38,plate14,49,0,0.0,1e-08,0,,,,0,0,False
38,plate14,49,1,0.5,1000.0,32,21652057.391484786,24627177.13965011,24655274.36048771,40,3720,False
38,plate14,49,2,0.5,1000.0,32,19790265.55488757,24617203.543935135,24645396.638114523,40,3720,False
38,plate14,49,4,0.75,1000.0,32,18189994.600466054,24606137.656056214,24633200.54359733,40,3720,False
38,plate14,49,8,0.75,1000.0,32,17220943.883620717,24582395.280073572,24610307.13206818,40,3720,False
38,plate14,49,16,1.0,1000.0,32,16520703.757655166,24576743.999535378,24606251.598970823,40,3720,False
38,plate14,49,32,1.0,1000.0,32,16078513.886256378,24579000.513379253,24608512.893620748,40,3720,False
38,plate14,49,64,1.0,1000.0,32,15822406.764009956,24569624.0539317,24600971.984674666,40,3720,False
38,plate14,49,80,1.0,1000.0,32,15798989.55583835,24569097.046690285,24600575.570668556,40,3720,False
38,plate14,49,92,1.0,1000.0,32,15798225.676056117,24569001.71082469,24600499.570927575,40,3720,False
39,plate6,1,0,0.0,1e-08,0,,,,0,0,False
39,plate6,1,1,0.0,1e-08,0,,,,0,0,False
39,plate6,1,2,0.0,1e-08,0,,,,0,0,False
39,plate6,1,4,0.0,1e-08,0,,,,0,0,False
39,plate6,1,8,0.0,1e-08,0,,,,0,0,False
39,plate6,1,16,0.0,1e-08,0,,,,0,0,False
39,plate6,1,32,0.0,1e-08,0,,,,0,0,False
39,plate6,1,64,0.0,1e-08,0,,,,0,0,False
39,plate6,1,80,0.0,1e-08,0,,,,0,0,False
39,plate6,1,92,0.0,1e-08,0,,,,0,0,False
39,plate6,2,0,0.0,1e-08,0,,,,0,0,False
39,plate6,2,1,0.25,1e-08,0,4816202.08241415,5238606.570007324,,16,1488,False
39,plate6,2,2,0.5,1e-08,0,4617794.519150615,5238606.570007324,,16,1488,False
39,plate6,2,4,0.5,1e-08,0,4433729.253551327,5238606.570007324,,16,1488,False
39,plate6,2,8,0.75,1e-08,0,4219513.190604268,5238606.570007324,,16,1488,False
39,plate6,2,16,0.75,1e-08,0,4081284.202691164,5238606.570007324,,16,1488,False
39,plate6,2,32,1.0,1e-08,0,3982184.476998436,5238606.570007324,,16,1488,False
39,plate6,2,64,1.0,1e-08,0,3918971.400779933,5238606.570007324,,16,1488,False
39,plate6,2,80,1.0,1e-08,0,3913400.661525739,5238606.570007324,,16,1488,False
39,plate6,2,92,1.0,1e-08,0,3913356.620397355,5238606.570007324,,16,1488,False
39,plate6,4,0,0.0,1e-08,0,,,,0,0,False
39,plate6,4,1,0.25,100.0,2,19945158.491195127,18262831.739510626,18265857.282258425,32,2976,False
39,plate6,4,2,0.5,1000.0,2,18918071.84808451,18277559.061683718,18285189.23018474,32,2976,False
39,plate6,4,4,0.75,1000.0,2,18053531.409647167,18273782.60018497,18279771.209988613,32,2976,False
39,plate6,4,8,0.75,1000.0,2,17073200.806000654,18254096.519825906,18255943.338429667,32,2976,False
39,plate6,4,16,0.75,1000.0,2,16524993.480203757,18245388.629525702,18246150.548895866,32,2976,False
39,plate6,4,32,1.0,1000.0,2,16104496.51219774,18250802.323052928,18251061.105655354,32,2976,False
39,plate6,4,64,1.0,1000.0,2,15846637.491059477,18247253.153770894,18247404.680910792,32,2976,False
39,plate6,4,80,1.0,1000.0,2,15815010.809329035,18243499.793815102,18243564.572205935,32,2976,False
39,plate6,4,92,1.0,1000.0,2,15814559.77034623,18244077.282169335,18244143.76313122,32,2976,False
39,plate6,8,0,0.0,1e-08,0,,,,0,0,False
39,plate6,8,1,0.25,100.0,4,17916713.281373944,18262083.98038501,18305357.246299848,40,3720,False
39,plate6,8,2,0.5,1000.0,4,17007924.78115716,18268475.258123957,18310266.634601388,40,3720,False
39,plate6,8,4,0.75,1000.0,4,16237635.327516634,18269054.598146304,18312983.943937186,40,3720,False
39,plate6,8,8,0.75,1000.0,4,15353117.714741647,18257343.323254474,18302132.523672134,40,3720,False
39,plate6,8,16,0.75,1000.0,4,14859093.874245822,18250831.935336996,18296090.540103916,40,3720,False
39,plate6,8,32,1.0,1000.0,4,14482880.145967906,18248404.247329846,18290973.761726487,40,3720,False
39,plate6,8,64,1.0,1000.0,4,14251079.706855176,18241103.67215357,18286866.868159097,40,3720,False
39,plate6,8,80,1.0,1000.0,4,14223210.59592512,18239401.221691884,18285665.142844632,40,3720,False
39,plate6,8,92,1.0,1000.0,4,14222839.418557888,18239572.4871505,18285877.168042563,40,3720,False
39,plate6,16,0,0.0,1e-08,0,,,,0,0,False
39,plate6,16,1,0.25,100.0,8,16870237.053806946,17746886.831034515,17787462.733094428,40,3720,False
39,plate6,16,2,0.5,100.0,8,16011298.329780905,17749356.069568206,17791667.13345971,40,3720,False
39,plate6,16,4,0.75,1000.0,8,15283206.440877493,17751077.94936743,17793261.311956406,40,3720,False
39,plate6,16,8,0.75,1000.0,8,14450723.999985948,17739292.21696143,17784070.85848513,40,3720,False
39,plate6,16,16,0.75,1000.0,8,13987100.739944194,17729886.47830909,17778908.599485777,40,3720,False
39,plate6,16,32,1.0,1000.0,8,13632534.033685494,17729899.450893283,17777532.072068755,40,3720,False
39,plate6,16,64,1.0,1000.0,8,13413625.555629808,17720765.328248046,17771924.778355468,40,3720,False
39,plate6,16,80,1.0,1000.0,8,13387418.763828395,17720173.53587874,17771735.183044337,40,3720,False
39,plate6,16,92,1.0,1000.0,8,13387054.166363167,17720260.842687838,17771836.620817214,40,3720,False
39,plate6,24,0,0.0,1e-08,0,,,,0,0,False
39,plate6,24,1,0.25,100.0,16,16491272.425183577,17583915.643051896,17600044.139049586,40,3720,False
39,plate6,24,2,0.5,100.0,16,15648083.56468422,17583143.609518483,17601247.77715482,40,3720,False
39,plate6,24,4,0.75,1000.0,16,14934015.899729868,17585350.82408256,17606295.45457183,40,3720,False
39,plate6,24,8,0.75,1000.0,16,14122259.407402964,17571177.620488282,17590999.49314953,40,3720,False
39,plate6,24,16,0.75,1000.0,16,13669660.040363278,17556413.339911003,17577689.861372538,40,3720,False
39,plate6,24,32,1.0,1000.0,16,13323321.053156609,17556951.990662035,17576938.34329143,40,3720,False
39,plate6,24,64,1.0,1000.0,16,13109490.391005179,17545395.310780086,17567785.989624966,40,3720,False
39,plate6,24,80,1.0,1000.0,16,13083831.072883593,17544559.22017184,17567013.105119172,40,3720,False
39,plate6,24,92,1.0,1000.0,16,13083454.467790203,17544665.305410642,17567121.16021169,40,3720,False
39,plate6,32,0,0.0,1e-08,0,,,,0,0,False
39,plate6,32,1,0.25,100.0,24,16355642.073696392,17505123.199522443,17516864.858143453,40,3720,False
39,plate6,32,2,0.5,1000.0,24,15516974.69380197,17500180.25639187,17513700.58057781,40,3720,False
39,plate6,32,4,0.75,1000.0,24,14807392.532785147,17500575.96491341,17518227.85687009,40,3720,False
39,plate6,32,8,0.75,1000.0,24,14002992.581589721,17486856.21431424,17503335.21233405,40,3720,False
39,plate6,32,16,0.75,1000.0,24,13554444.878497828,17467677.6606488,17485150.470480364,40,3720,False
39,plate6,32,32,1.0,1000.0,24,13210455.812233428,17469801.067108624,17486130.908153307,40,3720,False
39,plate6,32,64,1.0,1000.0,24,12998702.137644077,17456121.53970084,17473781.01040079,40,3720,False
39,plate6,32,80,1.0,1000.0,24,12973268.035828114,17455323.450830657,17473104.997994334,40,3720,False
39,plate6,32,92,1.0,1000.0,24,12972900.30845325,17455464.513253007,17473236.556564026,40,3720,False
39,plate6,40,0,0.0,1e-08,0,,,,0,0,False
39,plate6,40,1,0.25,100.0,32,16215650.977556653,17435096.495231695,17446895.607062716,40,3720,False
39,plate6,40,2,0.5,1000.0,32,15383914.881719038,17424378.161793504,17436017.907816462,40,3720,False
39,plate6,40,4,0.75,1000.0,32,14680479.47654508,17421337.556831,17437227.284990273,40,3720,False
39,plate6,40,8,0.75,1000.0,32,13883351.815603485,17407947.720026635,17422129.185161456,40,3720,False
39,plate6,40,16,0.75,1000.0,32,13438182.691542044,17386636.31692598,17400831.60342084,40,3720,False
39,plate6,40,32,1.0,1000.0,32,13096961.682664435,17389116.86998585,17402168.681355603,40,3720,False
39,plate6,40,64,1.0,1000.0,32,12887046.495221343,17374099.590680353,17388075.8618161,40,3720,False
39,plate6,40,80,1.0,1000.0,32,12861773.849728728,17373154.806215495,17387226.520535108,40,3720,False
39,plate6,40,92,1.0,1000.0,32,12861415.418327922,17373308.04600976,17387374.72718056,40,3720,False
39,plate6,49,0,0.0,1e-08,0,,,,0,0,False
39,plate6,49,1,0.25,1000.0,32,16133794.054909104,17382145.633146964,17396549.352666292,40,3720,False
39,plate6,49,2,0.5,1000.0,32,15305937.95882788,17368378.266653165,17387019.927623644,40,3720,False
39,plate6,49,4,0.75,1000.0,32,14606035.382400075,17365358.432343688,17388218.994281013,40,3720,False
39,plate6,49,8,0.75,1000.0,32,13813243.141432863,17351731.147239365,17372692.208524786,40,3720,False
39,plate6,49,16,0.75,1000.0,32,13370483.219518987,17327322.08528275,17350798.536635745,40,3720,False
39,plate6,49,32,1.0,1000.0,32,13031273.314100642,17329634.02856222,17353183.244241606,40,3720,False
39,plate6,49,64,1.0,1000.0,32,12822387.192565043,17313054.561321158,17338607.613002982,40,3720,False
39,plate6,49,80,1.0,1000.0,32,12797196.048875686,17312293.844626505,17338054.063888818,40,3720,False
39,plate6,49,92,1.0,1000.0,32,12796837.178074958,17312480.05440792,17338196.709261082,40,3720,False
39,plate14,1,0,0.0,1e-08,0,,,,0,0,False
39,plate14,1,1,0.0,1e-08,0,,,,0,0,False
39,plate14,1,2,0.0,1e-08,0,,,,0,0,False
39,plate14,1,4,0.0,1e-08,0,,,,0,0,False
39,plate14,1,8,0.0,1e-08,0,,,,0,0,False
39,plate14,1,16,0.0,1e-08,0,,,,0,0,False
39,plate14,1,32,0.0,1e-08,0,,,,0,0,False
39,plate14,1,64,0.0,1e-08,0,,,,0,0,False
39,plate14,1,80,0.0,1e-08,0,,,,0,0,False
39,plate14,1,92,0.0,1e-08,0,,,,0,0,False
39,plate14,2,0,0.0,1e-08,0,,,,0,0,False
39,plate14,2,1,0.5,1e-08,0,6244767.25809288,7309962.839355469,,16,1488,False
39,plate14,2,2,0.5,1e-08,0,5667256.556963563,7309962.839355469,,16,1488,False
39,plate14,2,4,0.75,1e-08,0,5189421.098277144,7309962.839355469,,16,1488,False
39,plate14,2,8,0.75,1e-08,0,4914670.052048226,7309962.839355469,,16,1488,False
39,plate14,2,16,1.0,1e-08,0,4691319.203257531,7309962.839355469,,16,1488,False
39,plate14,2,32,1.0,1e-08,0,4564152.325337879,7309962.839355469,,16,1488,False
39,plate14,2,64,1.0,1e-08,0,4493369.915878935,7309962.839355469,,16,1488,False
39,plate14,2,80,1.0,1e-08,0,4485797.417175907,7309962.839355469,,16,1488,False
39,plate14,2,92,1.0,1e-08,0,4485557.700727127,7309962.839355469,,16,1488,False
39,plate14,4,0,0.0,1e-08,0,,,,0,0,False
39,plate14,4,1,0.5,100.0,2,22383986.56855354,21618296.8097288,21619598.10861492,32,2976,False
39,plate14,4,2,0.5,100.0,2,20439396.68392725,21615222.58918812,21615882.634982873,32,2976,False
39,plate14,4,4,0.75,100.0,2,18850987.55124064,21615084.100031577,21615388.964131165,32,2976,False
39,plate14,4,8,0.75,1000.0,2,17816723.011029024,21614877.319491204,21615612.731305555,32,2976,False
39,plate14,4,16,1.0,1000.0,2,17124666.566736322,21612407.68849004,21612884.946612187,32,2976,False
39,plate14,4,32,1.0,1000.0,2,16641599.280547213,21613921.235482346,21614015.32829599,32,2976,False
39,plate14,4,64,1.0,1000.0,2,16388967.262677997,21611503.57623785,21611516.992841758,32,2976,False
39,plate14,4,80,1.0,1000.0,2,16363264.70678975,21610785.371726964,21610810.44525319,32,2976,False
39,plate14,4,92,1.0,1000.0,2,16362482.657381065,21610874.667561132,21610901.05650991,32,2976,False
39,plate14,8,0,0.0,1e-08,0,,,,0,0,False
39,plate14,8,1,0.5,100.0,4,20115199.958711676,21489330.643663667,21546856.63714931,40,3720,False
39,plate14,8,2,0.5,100.0,4,18350206.879330616,21485399.596657082,21543260.433890738,40,3720,False
39,plate14,8,4,0.75,1000.0,4,16908501.997035477,21484611.73607087,21541862.08358856,40,3720,False
39,plate14,8,8,0.75,1000.0,4,15976733.829791635,21482301.321200013,21540110.045166235,40,3720,False
39,plate14,8,16,1.0,1000.0,4,15347571.409297053,21479064.12340432,21537903.401881374,40,3720,False
39,plate14,8,32,1.0,1000.0,4,14915654.76601619,21481191.78889546,21538695.17621077,40,3720,False
39,plate14,8,64,1.0,1000.0,4,14689732.394888304,21477584.45300597,21536766.25372915,40,3720,False
39,plate14,8,80,1.0,1000.0,4,14666614.195264405,21477084.19111371,21536429.54557495,40,3720,False
39,plate14,8,92,1.0,1000.0,4,14665911.030088801,21477091.61330981,21536452.90882768,40,3720,False
39,plate14,16,0,0.0,1e-08,0,,,,0,0,False
39,plate14,16,1,0.5,100.0,8,18958251.175645806,20891626.161885127,20939792.75168658,40,3720,False
39,plate14,16,2,0.5,100.0,8,17298979.32630401,20883721.67708185,20933618.93948956,40,3720,False
39,plate14,16,4,0.75,1000.0,8,15941227.213186657,20881718.82413104,20932907.62093032,40,3720,False
39,plate14,16,8,0.75,1000.0,8,15066214.49542124,20878076.05157958,20930510.925850887,40,3720,False
39,plate14,16,16,1.0,1000.0,8,14472651.19110513,20873756.171439778,20928246.20482787,40,3720,False
39,plate14,16,32,1.0,1000.0,8,14064819.314979468,20876594.65724822,20929004.039881356,40,3720,False
39,plate14,16,64,1.0,1000.0,8,13851430.679165276,20871917.024448343,20926484.35791951,40,3720,False
39,plate14,16,80,1.0,1000.0,8,13829562.55802512,20871427.451408558,20926164.68101187,40,3720,False
39,plate14,16,92,1.0,1000.0,8,13828883.374206705,20871440.453400273,20926173.441355247,40,3720,False
39,plate14,24,0,0.0,1e-08,0,,,,0,0,False
39,plate14,24,1,0.5,1000.0,16,18529563.011115067,20696061.78766371,20716499.09646062,40,3720,False
39,plate14,24,2,0.5,1000.0,16,16912100.15637455,20683759.87436176,20705667.99962658,40,3720,False
39,plate14,24,4,0.75,1000.0,16,15583427.872857045,20679210.020901818,20702789.50647899,40,3720,False
39,plate14,24,8,0.75,1000.0,16,14728675.337511458,20674459.89397649,20698970.52867368,40,3720,False
39,plate14,24,16,1.0,1000.0,16,14148669.066500606,20669652.224616196,20694984.4706384,40,3720,False
39,plate14,24,32,1.0,1000.0,16,13750738.378695754,20674094.25443108,20697903.614713445,40,3720,False
39,plate14,24,64,1.0,1000.0,16,13542108.26127807,20668070.781095445,20693333.53647754,40,3720,False
39,plate14,24,80,1.0,1000.0,16,13520720.481480174,20667331.413842887,20692749.923322033,40,3720,False
39,plate14,24,92,1.0,1000.0,16,13520066.576582437,20667370.14720006,20692780.539414775,40,3720,False
39,plate14,32,0,0.0,1e-08,0,,,,0,0,False
39,plate14,32,1,0.5,1000.0,24,18371917.831972435,20605193.511461142,20623672.379139014,40,3720,False
39,plate14,32,2,0.5,1000.0,24,16767613.986695098,20590445.39865087,20607853.665113285,40,3720,False
39,plate14,32,4,0.75,1000.0,24,15451012.312898882,20583956.910191685,20602311.158222053,40,3720,False
39,plate14,32,8,0.75,1000.0,24,14602919.624564864,20578182.183563862,20596522.42978213,40,3720,False
39,plate14,32,16,1.0,1000.0,24,14027430.680518853,20574623.86987718,20593408.18885727,40,3720,False
39,plate14,32,32,1.0,1000.0,24,13633112.483271329,20580106.795954116,20598290.554412827,40,3720,False
39,plate14,32,64,1.0,1000.0,24,13426237.239632681,20572546.168510217,20591318.738428496,40,3720,False
39,plate14,32,80,1.0,1000.0,24,13405087.409839777,20571778.91324199,20590650.156244386,40,3720,False
39,plate14,32,92,1.0,1000.0,24,13404436.812958939,20571824.483316913,20590683.274419855,40,3720,False
39,plate14,40,0,0.0,1e-08,0,,,,0,0,False
39,plate14,40,1,0.5,1000.0,32,18216252.26521389,20526668.349870756,20545102.188507896,40,3720,False
39,plate14,40,2,0.5,1000.0,32,16626011.147227315,20510864.276374873,20524716.647317808,40,3720,False
39,plate14,40,4,0.75,1000.0,32,15321293.820910001,20503253.960914288,20516700.089776587,40,3720,False
39,plate14,40,8,0.75,1000.0,32,14480449.351960313,20496372.473448187,20509611.898386236,40,3720,False
39,plate14,40,16,1.0,1000.0,32,13910391.701563606,20492573.86893881,20506238.777573545,40,3720,False
39,plate14,40,32,1.0,1000.0,32,13519062.216938525,20498019.391921338,20511531.841490142,40,3720,False
39,plate14,40,64,1.0,1000.0,32,13313944.199061248,20489458.48007995,20503427.294582337,40,3720,False
39,plate14,40,80,1.0,1000.0,32,13293024.32814119,20488583.408718206,20502641.462496724,40,3720,False
39,plate14,40,92,1.0,1000.0,32,13292377.09772882,20488635.796516895,20502687.163545918,40,3720,False
39,plate14,49,0,0.0,1e-08,0,,,,0,0,False
39,plate14,49,1,0.5,1000.0,32,18122958.69591211,20471956.33362018,20496961.501174767,40,3720,False
39,plate14,49,2,0.5,1000.0,32,16541913.423437212,20453779.813482508,20475349.712575532,40,3720,False
39,plate14,49,4,0.75,1000.0,32,15244284.590134026,20444238.95598635,20466871.342646778,40,3720,False
39,plate14,49,8,0.75,1000.0,32,14407809.065471511,20436276.58718682,20460050.082213715,40,3720,False
39,plate14,49,16,1.0,1000.0,32,13841355.504643021,20432731.407481506,20457516.592396587,40,3720,False
39,plate14,49,32,1.0,1000.0,32,13451837.738106452,20439458.778074354,20463147.180108476,40,3720,False
39,plate14,49,64,1.0,1000.0,32,13247701.93769176,20429877.29623336,20455168.91030034,40,3720,False
39,plate14,49,80,1.0,1000.0,32,13226898.69418993,20428919.93137272,20454310.466803655,40,3720,False
39,plate14,49,92,1.0,1000.0,32,13226251.494511822,20428972.766808372,20454347.050229456,40,3720,False
40,plate6,1,0,0.0,1e-08,0,,,,0,0,False
40,plate6,1,1,0.0,1e-08,0,,,,0,0,False
40,plate6,1,2,0.0,1e-08,0,,,,0,0,False
40,plate6,1,4,0.0,1e-08,0,,,,0,0,False
40,plate6,1,8,0.0,1e-08,0,,,,0,0,False
40,plate6,1,16,0.0,1e-08,0,,,,0,0,False
40,plate6,1,32,0.0,1e-08,0,,,,0,0,False
40,plate6,1,64,0.0,1e-08,0,,,,0,0,False
40,plate6,1,80,0.0,1e-08,0,,,,0,0,False
40,plate6,1,92,0.0,1e-08,0,,,,0,0,False
40,plate6,2,0,0.0,1e-08,0,,,,0,0,False
40,plate6,2,1,0.25,1e-08,0,6507170.49451375,6941662.66003418,,16,1488,False
40,plate6,2,2,0.5,1e-08,0,6244527.648397386,6941662.66003418,,16,1488,False
40,plate6,2,4,0.5,1e-08,0,5955988.1898417175,6941662.66003418,,16,1488,False
40,plate6,2,8,0.75,1e-08,0,5688987.130101325,6941662.66003418,,16,1488,False
40,plate6,2,16,0.75,1e-08,0,5529208.654895151,6941662.66003418,,16,1488,False
40,plate6,2,32,1.0,1e-08,0,5413552.9905560985,6941662.66003418,,16,1488,False
40,plate6,2,64,1.0,1e-08,0,5335042.798123196,6941662.66003418,,16,1488,False
40,plate6,2,80,1.0,1e-08,0,5327939.572002684,6941662.66003418,,16,1488,False
40,plate6,2,92,1.0,1e-08,0,5327936.236881077,6941662.66003418,,16,1488,False
40,plate6,4,0,0.0,1e-08,0,,,,0,0,False
40,plate6,4,1,0.25,100.0,2,21705561.80454646,19899242.329678774,19901892.899704266,32,2976,False
40,plate6,4,2,0.5,100.0,2,20569365.543206643,19892872.720564123,19893892.948417354,32,2976,False
40,plate6,4,4,0.75,100.0,2,19540659.26113714,19889217.30243572,19889568.18788978,32,2976,False
40,plate6,4,8,0.75,1000.0,2,18540391.742638722,19891388.953042813,19891785.796242546,32,2976,False
40,plate6,4,16,0.75,1000.0,2,17971870.59071253,19895185.129206285,19895981.28481419,32,2976,False
40,plate6,4,32,1.0,1000.0,2,17513764.54281416,19890795.459000926,19891129.046722796,32,2976,False
40,plate6,4,64,1.0,1000.0,2,17244895.693138167,19885386.026390154,19885489.46834431,32,2976,False
40,plate6,4,80,1.0,1000.0,2,17220640.208291396,19883871.800482437,19883912.047631,32,2976,False
40,plate6,4,92,1.0,1000.0,2,17219823.48540532,19883825.547967102,19883864.262328293,32,2976,False
40,plate6,8,0,0.0,1e-08,0,,,,0,0,False
40,plate6,8,1,0.25,1000.0,4,19681731.214554686,20403361.849319845,20437917.480242666,40,3720,False
40,plate6,8,2,0.5,100.0,4,18664209.142699275,20387908.75068109,20424742.49599164,40,3720,False
40,plate6,8,4,0.75,100.0,4,17742019.817560446,20381802.750814427,20420799.25327859,40,3720,False
40,plate6,8,8,0.75,100.0,4,16837912.89255616,20380237.266761035,20420376.17596954,40,3720,False
40,plate6,8,16,0.75,100.0,4,16327418.324269222,20381885.21020437,20422454.500533998,40,3720,False
40,plate6,8,32,1.0,1000.0,4,15915317.675064728,20380877.95188558,20421777.407255042,40,3720,False
40,plate6,8,64,1.0,1000.0,4,15673427.188880095,20376427.528781723,20417216.557945177,40,3720,False
40,plate6,8,80,1.0,1000.0,4,15651403.833119135,20376211.50186959,20416990.684206303,40,3720,False
40,plate6,8,92,1.0,1000.0,4,15650710.14956582,20376190.67175539,20416971.898378547,40,3720,False
40,plate6,16,0,0.0,1e-08,0,,,,0,0,False
40,plate6,16,1,0.25,1000.0,8,19046348.972696953,19876521.857741866,19916525.67350582,40,3720,False
40,plate6,16,2,0.5,1000.0,8,18058867.330062162,19855623.277838625,19888406.974010535,40,3720,False
40,plate6,16,4,0.75,1000.0,8,17166544.12697521,19844552.844803553,19879576.484051388,40,3720,False
40,plate6,16,8,0.75,100.0,8,16286721.037570318,19838657.507718917,19874765.258123793,40,3720,False
40,plate6,16,16,0.75,1000.0,8,15791898.897375526,19836652.0794243,19873254.270512372,40,3720,False
40,plate6,16,32,1.0,1000.0,8,15391095.668450437,19834032.665414132,19871883.5488344,40,3720,False
40,plate6,16,64,1.0,1000.0,8,15156857.118182583,19830361.86683471,19868736.90581972,40,3720,False
40,plate6,16,80,1.0,1000.0,8,15135353.80641828,19829988.757782303,19868472.924025044,40,3720,False
40,plate6,16,92,1.0,1000.0,8,15134703.152683198,19829983.321231384,19868464.378264133,40,3720,False
40,plate6,24,0,0.0,1e-08,0,,,,0,0,False
40,plate6,24,1,0.25,1000.0,16,18626028.328052543,19677094.256933883,19705760.71943616,40,3720,False
40,plate6,24,2,0.5,1000.0,16,17658180.88447221,19641554.95464073,19657205.98135366,40,3720,False
40,plate6,24,4,0.75,1000.0,16,16787473.532585163,19624543.405993663,19641745.365318675,40,3720,False
40,plate6,24,8,0.75,100.0,16,15927725.651788183,19624099.184412826,19641717.630618364,40,3720,False
40,plate6,24,16,0.75,1000.0,16,15443843.797475174,19615350.41083625,19633611.462893162,40,3720,False
40,plate6,24,32,1.0,1000.0,16,15052433.88476594,19610341.360005025,19629229.953672104,40,3720,False
40,plate6,24,64,1.0,1000.0,16,14823428.41556467,19603845.98327313,19622962.17277351,40,3720,False
40,plate6,24,80,1.0,1000.0,16,14802384.467121687,19603419.1530336,19622519.889851596,40,3720,False
40,plate6,24,92,1.0,1000.0,16,14801746.346919294,19603437.403136875,19622538.35267751,40,3720,False
40,plate6,32,0,0.0,1e-08,0,,,,0,0,False
40,plate6,32,1,0.25,1000.0,24,18423431.830003317,19583358.824575305,19622333.22336573,40,3720,False
40,plate6,32,2,0.5,1000.0,24,17467495.727532342,19545027.71152882,19561787.353272807,40,3720,False
40,plate6,32,4,0.75,1000.0,24,16606934.41525679,19524816.062202968,19540040.54790592,40,3720,False
40,plate6,32,8,0.75,100.0,24,15757468.721422048,19520182.33189066,19534602.017606743,40,3720,False
40,plate6,32,16,0.75,1000.0,24,15279329.716560341,19511219.217473768,19526237.57783492,40,3720,False
40,plate6,32,32,1.0,1000.0,24,14892387.485054305,19505893.624081418,19520647.665113896,40,3720,False
40,plate6,32,64,1.0,1000.0,24,14665514.873648116,19498717.161880903,19513946.990573946,40,3720,False
40,plate6,32,80,1.0,1000.0,24,14644700.906925531,19497944.41523611,19513261.475668028,40,3720,False
40,plate6,32,92,1.0,1000.0,24,14644063.430539794,19497961.537164234,19513267.427136116,40,3720,False
40,plate6,40,0,0.0,1e-08,0,,,,0,0,False
40,plate6,40,1,0.25,1000.0,24,18306492.62454251,19511410.67094709,19551872.29223079,40,3720,False
40,plate6,40,2,0.5,1000.0,32,17356893.87996552,19472245.389677245,19488765.46598558,40,3720,False
40,plate6,40,4,0.75,1000.0,32,16502524.83633372,19451971.64225603,19465047.407451317,40,3720,False
40,plate6,40,8,0.75,1000.0,32,15659403.083720574,19445759.24123629,19456865.468905438,40,3720,False
40,plate6,40,16,0.75,1000.0,32,15184948.543093398,19435549.8535557,19447261.58726051,40,3720,False
40,plate6,40,32,1.0,1000.0,32,14800671.212531492,19430324.963875916,19441477.52640457,40,3720,False
40,plate6,40,64,1.0,1000.0,32,14574907.392683765,19421279.680918135,19433002.309127327,40,3720,False
40,plate6,40,80,1.0,1000.0,32,14554295.942486139,19420116.04351544,19431851.57193679,40,3720,False
40,plate6,40,92,1.0,1000.0,32,14553650.955564262,19420149.95131115,19431905.84454414,40,3720,False
40,plate6,49,0,0.0,1e-08,0,,,,0,0,False
40,plate6,49,1,0.25,1000.0,16,18195900.258455325,19459626.101720367,19499725.912958637,40,3720,False
40,plate6,49,2,0.5,1000.0,32,17251708.819954354,19418150.89088586,19439892.77710759,40,3720,False
40,plate6,49,4,0.75,1000.0,32,16402008.265468115,19397628.51664573,19417552.264536813,40,3720,False
40,plate6,49,8,0.75,1000.0,32,15564932.473978775,19388313.57741431,19408087.667102356,40,3720,False
40,plate6,49,16,0.75,1000.0,32,15093306.534201436,19375861.617923573,19398408.234424014,40,3720,False
40,plate6,49,32,1.0,1000.0,32,14711900.953356422,19369971.0357845,19392899.67280605,40,3720,False
40,plate6,49,64,1.0,1000.0,32,14487555.844617473,19360305.125010643,19383996.135268018,40,3720,False
40,plate6,49,80,1.0,1000.0,32,14467037.346966863,19359155.60795046,19383063.567825336,40,3720,False
40,plate6,49,92,1.0,1000.0,32,14466399.272387622,19359164.383347183,19383081.608142104,40,3720,False
40,plate14,1,0,0.0,1e-08,0,,,,0,0,False
40,plate14,1,1,0.0,1e-08,0,,,,0,0,False
40,plate14,1,2,0.0,1e-08,0,,,,0,0,False
40,plate14,1,4,0.0,1e-08,0,,,,0,0,False
40,plate14,1,8,0.0,1e-08,0,,,,0,0,False
40,plate14,1,16,0.0,1e-08,0,,,,0,0,False
40,plate14,1,32,0.0,1e-08,0,,,,0,0,False
40,plate14,1,64,0.0,1e-08,0,,,,0,0,False
40,plate14,1,80,0.0,1e-08,0,,,,0,0,False
40,plate14,1,92,0.0,1e-08,0,,,,0,0,False
40,plate14,2,0,0.0,1e-08,0,,,,0,0,False
40,plate14,2,1,0.25,1e-08,0,8318397.017701864,9401402.395355225,,16,1488,False
40,plate14,2,2,0.5,1e-08,0,7478094.982166886,9401402.395355225,,16,1488,False
40,plate14,2,4,0.75,1e-08,0,6844854.394252218,9401402.395355225,,16,1488,False
40,plate14,2,8,0.75,1e-08,0,6404512.918459638,9401402.395355225,,16,1488,False
40,plate14,2,16,1.0,1e-08,0,6128388.519275334,9401402.395355225,,16,1488,False
40,plate14,2,32,1.0,1e-08,0,5976498.837246148,9401402.395355225,,16,1488,False
40,plate14,2,64,1.0,1e-08,0,5895500.879735862,9401402.395355225,,16,1488,False
40,plate14,2,80,1.0,1e-08,0,5885957.497712295,9401402.395355225,,16,1488,False
40,plate14,2,92,1.0,1e-08,0,5885729.652572,9401402.395355225,,16,1488,False
40,plate14,4,0,0.0,1e-08,0,,,,0,0,False
40,plate14,4,1,0.25,100.0,2,23409171.235353645,22503184.88960803,22504104.800249632,32,2976,False
40,plate14,4,2,0.5,100.0,2,21321309.411433768,22488136.10184785,22488795.154868435,32,2976,False
40,plate14,4,4,0.75,100.0,2,19767507.641627934,22485434.485783093,22485565.246823873,32,2976,False
40,plate14,4,8,0.75,100.0,2,18583207.433240343,22481351.91624743,22481414.24756195,32,2976,False
40,plate14,4,16,1.0,100.0,2,17864210.075991858,22481095.0035103,22481118.78230593,32,2976,False
40,plate14,4,32,1.0,1000.0,2,17379005.50534541,22481469.584793072,22481543.000909194,32,2976,False
40,plate14,4,64,1.0,1000.0,2,17133083.917549677,22479713.462235432,22479733.879963346,32,2976,False
40,plate14,4,80,1.0,1000.0,2,17103387.74560512,22479196.478896145,22479212.863853466,32,2976,False
40,plate14,4,92,1.0,1000.0,2,17102400.537301436,22479181.07735316,22479197.935600944,32,2976,False
40,plate14,8,0,0.0,1e-08,0,,,,0,0,False
40,plate14,8,1,0.25,100.0,4,21700651.711276785,23586031.61250326,23665887.910969973,40,3720,False
40,plate14,8,2,0.5,100.0,4,19726635.167360052,23575442.459902734,23654493.7453783,40,3720,False
40,plate14,8,4,0.75,100.0,4,18268939.17456272,23568844.536927223,23647569.71232496,40,3720,False
40,plate14,8,8,0.75,100.0,4,17164216.132314157,23564222.54096528,23643049.287279427,40,3720,False
40,plate14,8,16,1.0,1000.0,4,16487038.014918394,23564206.510805413,23643077.37979357,40,3720,False
40,plate14,8,32,1.0,1000.0,4,16044471.202387318,23564270.627885666,23642218.312430568,40,3720,False
40,plate14,8,64,1.0,1000.0,4,15818119.5998727,23562518.640149716,23640924.210022762,40,3720,False
40,plate14,8,80,1.0,1000.0,4,15790814.051575799,23561870.092621293,23640690.219540447,40,3720,False
40,plate14,8,92,1.0,1000.0,4,15789916.883763783,23561851.696783464,23640679.199014347,40,3720,False
40,plate14,16,0,0.0,1e-08,0,,,,0,0,False
40,plate14,16,1,0.25,100.0,8,20981980.969328173,22981791.29483935,23028904.933883477,40,3720,False
40,plate14,16,2,0.5,100.0,8,19070587.32375133,22952182.790035736,23002302.78217537,40,3720,False
40,plate14,16,4,0.75,100.0,8,17662962.397160377,22940617.480860434,22993523.24392707,40,3720,False
40,plate14,16,8,0.75,100.0,8,16594914.981575087,22934416.00114587,22988770.966413774,40,3720,False
40,plate14,16,16,1.0,1000.0,8,15937196.17020395,22934512.757643744,22988554.13208234,40,3720,False
40,plate14,16,32,1.0,1000.0,8,15508062.388012692,22933920.640897967,22987594.361148838,40,3720,False
40,plate14,16,64,1.0,1000.0,8,15289076.065754905,22931875.97037252,22986264.75740927,40,3720,False
40,plate14,16,80,1.0,1000.0,8,15262777.741133671,22930859.66391303,22985733.13178311,40,3720,False
40,plate14,16,92,1.0,1000.0,8,15261875.197823448,22930848.150088787,22985723.461036187,40,3720,False
40,plate14,24,0,0.0,1e-08,0,,,,0,0,False
40,plate14,24,1,0.25,1000.0,16,20515834.754842617,22729263.753662195,22754586.971374005,40,3720,False
40,plate14,24,2,0.5,1000.0,16,18653951.004596323,22715734.972706847,22741185.17025412,40,3720,False
40,plate14,24,4,0.75,1000.0,16,17274980.171127718,22687845.684157737,22713286.346692376,40,3720,False
40,plate14,24,8,0.75,100.0,16,16229327.276374672,22680541.277426936,22707728.52348993,40,3720,False
40,plate14,24,16,1.0,1000.0,16,15586531.157971218,22678917.372221783,22706140.503382888,40,3720,False
40,plate14,24,32,1.0,1000.0,16,15167500.09527671,22678007.82845846,22704703.24836769,40,3720,False
40,plate14,24,64,1.0,1000.0,16,14953381.21111424,22674231.17449009,22702063.9411111,40,3720,False
40,plate14,24,80,1.0,1000.0,16,14927649.555227857,22672927.806459878,22701022.63579047,40,3720,False
40,plate14,24,92,1.0,1000.0,16,14926753.560602624,22672895.9850051,22701002.389374968,40,3720,False
40,plate14,32,0,0.0,1e-08,0,,,,0,0,False
40,plate14,32,1,0.25,1000.0,24,20290897.11491991,22630364.878263436,22653342.732685506,40,3720,False
40,plate14,32,2,0.5,1000.0,24,18448690.904319923,22616099.525555387,22636394.194093846,40,3720,False
40,plate14,32,4,0.75,1000.0,24,17088124.591609843,22585308.374131896,22603791.476728726,40,3720,False
40,plate14,32,8,0.75,100.0,24,16052554.05837303,22576781.15666815,22596049.953716427,40,3720,False
40,plate14,32,16,1.0,1000.0,24,15416852.88338047,22574301.95070778,22593718.01008867,40,3720,False
40,plate14,32,32,1.0,1000.0,24,15002123.104536692,22574399.34595444,22593125.693523657,40,3720,False
40,plate14,32,64,1.0,1000.0,24,14790380.457097908,22569441.81638143,22589141.458601046,40,3720,False
40,plate14,32,80,1.0,1000.0,24,14764908.308132851,22567694.004342742,22587699.770618554,40,3720,False
40,plate14,32,92,1.0,1000.0,24,14764020.706036685,22567667.76329259,22587683.194301818,40,3720,False
40,plate14,40,0,0.0,1e-08,0,,,,0,0,False
40,plate14,40,1,0.25,1000.0,32,20166350.08375836,22556413.00646786,22578211.58734592,40,3720,False
40,plate14,40,2,0.5,1000.0,32,18332976.845180538,22542055.80428929,22557818.510445513,40,3720,False
40,plate14,40,4,0.75,1000.0,32,16980313.824272826,22509766.389124874,22521180.19233021,40,3720,False
40,plate14,40,8,0.75,100.0,32,15951314.708647389,22500307.74835765,22511412.10926053,40,3720,False
40,plate14,40,16,1.0,1000.0,32,15320483.344269136,22496925.270602755,22508432.889414366,40,3720,False
40,plate14,40,32,1.0,1000.0,32,14908421.608094757,22497275.791106652,22508604.74018793,40,3720,False
40,plate14,40,64,1.0,1000.0,32,14697928.341667596,22491438.116806425,22503160.56216015,40,3720,False
40,plate14,40,80,1.0,1000.0,32,14672619.338995343,22489435.319166668,22501405.84757534,40,3720,False
40,plate14,40,92,1.0,1000.0,32,14671740.031181758,22489398.87220014,22501380.311314296,40,3720,False
40,plate14,49,0,0.0,1e-08,0,,,,0,0,False
40,plate14,49,1,0.25,1000.0,32,20045956.408537712,22504208.269091226,22532651.68630063,40,3720,False
40,plate14,49,2,0.5,1000.0,32,18224403.391117997,22488666.60688718,22514577.282708272,40,3720,False
40,plate14,49,4,0.75,1000.0,32,16881227.114028737,22452661.83178222,22475592.738749698,40,3720,False
40,plate14,49,8,0.75,100.0,32,15857104.772472804,22441601.490675945,22466199.384633217,40,3720,False
40,plate14,49,16,1.0,1000.0,32,15229816.908236355,22437738.044935912,22463781.56665904,40,3720,False
40,plate14,49,32,1.0,1000.0,32,14820110.300558167,22438790.073811106,22464365.167227663,40,3720,False
40,plate14,49,64,1.0,1000.0,32,14610995.70169228,22432479.715599407,22458919.68985105,40,3720,False
40,plate14,49,80,1.0,1000.0,32,14585837.962907579,22430150.903766733,22456939.167481594,40,3720,False
40,plate14,49,92,1.0,1000.0,32,14584965.464186568,22430108.322633456,22456916.924214624,40,3720,False
41,plate6,1,0,0.0,1e-08,0,,,,0,0,False
41,plate6,1,1,0.0,1e-08,0,,,,0,0,False
41,plate6,1,2,0.0,1e-08,0,,,,0,0,False
41,plate6,1,4,0.0,1e-08,0,,,,0,0,False
41,plate6,1,8,0.0,1e-08,0,,,,0,0,False
41,plate6,1,16,0.0,1e-08,0,,,,0,0,False
41,plate6,1,32,0.0,1e-08,0,,,,0,0,False
41,plate6,1,64,0.0,1e-08,0,,,,0,0,False
41,plate6,1,80,0.0,1e-08,0,,,,0,0,False
41,plate6,1,92,0.0,1e-08,0,,,,0,0,False
41,plate6,2,0,0.0,1e-08,0,,,,0,0,False
41,plate6,2,1,0.25,1e-08,0,7038651.964036405,7685210.5798950195,,16,1488,False
41,plate6,2,2,0.5,1e-08,0,6626895.047275603,7685210.5798950195,,16,1488,False
41,plate6,2,4,0.5,1e-08,0,6438500.160905004,7685210.5798950195,,16,1488,False
41,plate6,2,8,0.75,1e-08,0,6088295.936332576,7685210.5798950195,,16,1488,False
41,plate6,2,16,0.75,1e-08,0,5885954.57551099,7685210.5798950195,,16,1488,False
41,plate6,2,32,1.0,1e-08,0,5731546.712159937,7685210.5798950195,,16,1488,False
41,plate6,2,64,1.0,1e-08,0,5642464.014204933,7685210.5798950195,,16,1488,False
41,plate6,2,80,1.0,1e-08,0,5632165.220067361,7685210.5798950195,,16,1488,False
41,plate6,2,92,1.0,1e-08,0,5631954.391033375,7685210.5798950195,,16,1488,False
41,plate6,4,0,0.0,1e-08,0,,,,0,0,False
41,plate6,4,1,0.25,100.0,2,14092080.194792382,13298973.534941971,13300401.630126342,32,2976,False
41,plate6,4,2,0.5,100.0,2,13307770.746345492,13293867.477242578,13294580.23266313,32,2976,False
41,plate6,4,4,0.75,100.0,2,12758785.56415008,13314244.673517438,13314647.50894749,32,2976,False
41,plate6,4,8,0.75,100.0,2,12044482.23448854,13308811.463501055,13308879.787223194,32,2976,False
41,plate6,4,16,0.75,1000.0,2,11668191.922656082,13297072.429177487,13297217.831947768,32,2976,False
41,plate6,4,32,1.0,1000.0,2,11363586.009342084,13283532.999613896,13283614.648932746,32,2976,False
41,plate6,4,64,1.0,1000.0,2,11189312.588110033,13281312.719765054,13281353.678459357,32,2976,False
41,plate6,4,80,1.0,1000.0,2,11171789.114680246,13280940.586557534,13280953.411787847,32,2976,False
41,plate6,4,92,1.0,1000.0,2,11171260.892521443,13280911.573730836,13280923.919886408,32,2976,False
41,plate6,8,0,0.0,1e-08,0,,,,0,0,False
41,plate6,8,1,0.25,100.0,4,13430418.618383925,13932779.026652161,13979882.860260883,40,3720,False
41,plate6,8,2,0.5,100.0,4,12692835.17499863,13926348.34109532,13975288.777023636,40,3720,False
41,plate6,8,4,0.5,1000.0,4,12203826.678977707,13935371.71240577,13986260.336197326,40,3720,False
41,plate6,8,8,0.75,1000.0,4,11504775.92519422,13930625.657490661,13982489.174148899,40,3720,False
41,plate6,8,16,0.75,1000.0,4,11144890.696643995,13923581.794224037,13974944.355089344,40,3720,False
41,plate6,8,32,1.0,1000.0,4,10854414.400681537,13912239.602019625,13964099.032790644,40,3720,False
41,plate6,8,64,1.0,1000.0,4,10685674.245086277,13908492.05469165,13961112.714173865,40,3720,False
41,plate6,8,80,1.0,1000.0,4,10668500.971574593,13908253.16631042,13960898.256593982,40,3720,False
41,plate6,8,92,1.0,1000.0,4,10668019.816834494,13908216.67405359,13960864.938690368,40,3720,False
41,plate6,16,0,0.0,1e-08,0,,,,0,0,False
41,plate6,16,1,0.25,100.0,8,13391514.039982796,13425156.442861956,13463693.462355398,40,3720,False
41,plate6,16,2,0.5,100.0,8,12648947.164863499,13413891.536925018,13455629.94222768,40,3720,False
41,plate6,16,4,0.75,1000.0,8,12160554.556962658,13423378.547297051,13463726.088971013,40,3720,False
41,plate6,16,8,0.75,1000.0,8,11455850.13969513,13417372.95634739,13459373.78600469,40,3720,False
41,plate6,16,16,0.75,1000.0,8,11097633.847168291,13405362.820369761,13448728.466499498,40,3720,False
41,plate6,16,32,1.0,1000.0,8,10803874.872402517,13388813.10787708,13435657.21685797,40,3720,False
41,plate6,16,64,1.0,1000.0,8,10636241.3522686,13383414.84665862,13432396.848905196,40,3720,False
41,plate6,16,80,1.0,1000.0,8,10619231.484003948,13383110.222258206,13432266.434091823,40,3720,False
41,plate6,16,92,1.0,1000.0,8,10618770.565639557,13383050.719080737,13432218.578401767,40,3720,False
41,plate6,24,0,0.0,1e-08,0,,,,0,0,False
41,plate6,24,1,0.25,100.0,16,12910178.79212714,13238447.322071975,13252729.80728993,40,3720,False
41,plate6,24,2,0.5,100.0,16,12196903.82363017,13222538.204745438,13238147.386399051,40,3720,False
41,plate6,24,4,0.5,1000.0,16,11728772.694825755,13238010.844938874,13252631.109556004,40,3720,False
41,plate6,24,8,0.75,1000.0,16,11050071.604428768,13228488.523501525,13245080.093544492,40,3720,False
41,plate6,24,16,0.75,1000.0,16,10703335.413442578,13214174.105547205,13230963.989088962,40,3720,False
41,plate6,24,32,1.0,1000.0,16,10420297.555280369,13195458.783768479,13212624.166482655,40,3720,False
41,plate6,24,64,1.0,1000.0,16,10258953.835550679,13187483.88234388,13206717.115320863,40,3720,False
41,plate6,24,80,1.0,1000.0,16,10242315.857493768,13186763.303047165,13206177.058670178,40,3720,False
41,plate6,24,92,1.0,1000.0,16,10241872.80438661,13186685.901178053,13206113.108664973,40,3720,False
41,plate6,32,0,0.0,1e-08,0,,,,0,0,False
41,plate6,32,1,0.25,100.0,24,12582714.255454982,13141506.711471679,13153514.282556301,40,3720,False
41,plate6,32,2,0.5,100.0,24,11888710.83335276,13122011.044816848,13134601.140830113,40,3720,False
41,plate6,32,4,0.5,1000.0,24,11432502.922504874,13137078.21319908,13150103.412436998,40,3720,False
41,plate6,32,8,0.75,1000.0,24,10773348.068280097,13125009.740177136,13138669.635562316,40,3720,False
41,plate6,32,16,0.75,1000.0,24,10434867.973588303,13110583.115452802,13124591.46168134,40,3720,False
41,plate6,32,32,1.0,1000.0,24,10159852.403799767,13091695.991079697,13106053.906196253,40,3720,False
41,plate6,32,64,1.0,1000.0,24,10002345.77536111,13082124.73243903,13097909.384893214,40,3720,False
41,plate6,32,80,1.0,1000.0,24,9986144.859786307,13081204.762166327,13097210.015653897,40,3720,False
41,plate6,32,92,1.0,1000.0,24,9985703.789624378,13081115.716480102,13097136.99659274,40,3720,False
41,plate6,40,0,0.0,1e-08,0,,,,0,0,False
41,plate6,40,1,0.25,100.0,32,12419765.124105854,13086291.448327327,13100188.903954674,40,3720,False
41,plate6,40,2,0.5,100.0,32,11734991.198087681,13063157.513500309,13075989.752013266,40,3720,False
41,plate6,40,4,0.5,1000.0,32,11285371.618785921,13074891.75647902,13087677.416033138,40,3720,False
41,plate6,40,8,0.75,1000.0,32,10636168.394968249,13061403.488459866,13075543.671949297,40,3720,False
41,plate6,40,16,0.75,1000.0,32,10301864.287524,13045996.962555166,13060021.220040042,40,3720,False
41,plate6,40,32,1.0,1000.0,32,10031069.095663523,13026002.768549172,13039647.8390164,40,3720,False
41,plate6,40,64,1.0,1000.0,32,9875541.041355597,13014315.870394194,13029102.752945483,40,3720,False
41,plate6,40,80,1.0,1000.0,32,9859525.677713973,13013510.06619476,13028456.747471862,40,3720,False
41,plate6,40,92,1.0,1000.0,32,9859081.90516325,13013406.43533042,13028364.770957515,40,3720,False
41,plate6,49,0,0.0,1e-08,0,,,,0,0,False
41,plate6,49,1,0.25,100.0,32,12330937.121140515,13048309.825518506,13065466.984318955,40,3720,False
41,plate6,49,2,0.5,100.0,32,11649626.774709018,13022949.24561521,13042731.595630385,40,3720,False
41,plate6,49,4,0.5,1000.0,32,11204659.966149565,13033529.082946306,13054583.58449495,40,3720,False
41,plate6,49,8,0.75,1000.0,32,10559006.758922882,13017377.812977461,13041095.29715525,40,3720,False
41,plate6,49,16,0.75,1000.0,32,10227485.883699153,13000673.741063647,13026154.282148466,40,3720,False
41,plate6,49,32,1.0,1000.0,32,9958623.266111733,12978880.416258646,13005763.384752631,40,3720,False
41,plate6,49,64,1.0,1000.0,32,9804162.926956737,12966188.612877332,12994735.299702445,40,3720,False
41,plate6,49,80,1.0,1000.0,32,9788227.08941745,12965365.450631905,12994168.256833825,40,3720,False
41,plate6,49,92,1.0,1000.0,32,9787780.323364304,12965249.983846508,12994064.728218745,40,3720,False
41,plate14,1,0,0.0,1e-08,0,,,,0,0,False
41,plate14,1,1,0.0,1e-08,0,,,,0,0,False
41,plate14,1,2,0.0,1e-08,0,,,,0,0,False
41,plate14,1,4,0.0,1e-08,0,,,,0,0,False
41,plate14,1,8,0.0,1e-08,0,,,,0,0,False
41,plate14,1,16,0.0,1e-08,0,,,,0,0,False
41,plate14,1,32,0.0,1e-08,0,,,,0,0,False
41,plate14,1,64,0.0,1e-08,0,,,,0,0,False
41,plate14,1,80,0.0,1e-08,0,,,,0,0,False
41,plate14,1,92,0.0,1e-08,0,,,,0,0,False
41,plate14,2,0,0.0,1e-08,0,,,,0,0,False
41,plate14,2,1,0.5,1e-08,0,7622807.518255115,8815478.332550049,,16,1488,False
41,plate14,2,2,0.5,1e-08,0,6946934.2213692665,8815478.332550049,,16,1488,False
41,plate14,2,4,0.75,1e-08,0,6460223.263364524,8815478.332550049,,16,1488,False
41,plate14,2,8,0.75,1e-08,0,6029822.1265575485,8815478.332550049,,16,1488,False
41,plate14,2,16,1.0,1e-08,0,5748102.885557985,8815478.332550049,,16,1488,False
41,plate14,2,32,1.0,1e-08,0,5575206.340601419,8815478.332550049,,16,1488,False
41,plate14,2,64,1.0,1e-08,0,5489980.958942873,8815478.332550049,,16,1488,False
41,plate14,2,80,1.0,1e-08,0,5480111.66889095,8815478.332550049,,16,1488,False
41,plate14,2,92,1.0,1e-08,0,5479848.9084067065,8815478.332550049,,16,1488,False
41,plate14,4,0,0.0,1e-08,0,,,,0,0,False
41,plate14,4,1,0.5,100.0,2,15231098.707152555,15280905.415166162,15281990.747756734,32,2976,False
41,plate14,4,2,0.5,100.0,2,13800396.707671275,15280158.84984349,15280714.761159223,32,2976,False
41,plate14,4,4,0.75,100.0,2,12885176.787600257,15286628.881528366,15286828.923296116,32,2976,False
41,plate14,4,8,0.75,100.0,2,12076903.784017233,15282169.749940114,15282180.104147293,32,2976,False
41,plate14,4,16,1.0,100.0,2,11591922.253833568,15276366.994456034,15276381.271294415,32,2976,False
41,plate14,4,32,1.0,1000.0,2,11246376.564479908,15273853.772773238,15273860.587021492,32,2976,False
41,plate14,4,64,1.0,1000.0,2,11075465.804118412,15273198.930533318,15273205.505169235,32,2976,False
41,plate14,4,80,1.0,1000.0,2,11056828.382616209,15273023.528609172,15273028.742432326,32,2976,False
41,plate14,4,92,1.0,1000.0,2,11056120.289542852,15273006.948499748,15273012.363823058,32,2976,False
41,plate14,8,0,0.0,1e-08,0,,,,0,0,False
41,plate14,8,1,0.5,100.0,4,14584432.669597246,15992639.4363717,16040994.396274973,40,3720,False
41,plate14,8,2,0.5,100.0,4,13224152.23036699,15987810.130937267,16038094.221690102,40,3720,False
41,plate14,8,4,0.75,100.0,4,12351063.908475395,15992810.242155738,16042966.22413269,40,3720,False
41,plate14,8,8,0.75,1000.0,4,11567774.507682592,15991829.111083709,16042080.8099348,40,3720,False
41,plate14,8,16,1.0,1000.0,4,11099675.25293369,15985547.06413451,16037303.205516698,40,3720,False
41,plate14,8,32,1.0,1000.0,4,10766306.625120174,15981080.976571394,16033801.215861691,40,3720,False
41,plate14,8,64,1.0,1000.0,4,10602243.067268882,15979040.338504663,16032478.358276509,40,3720,False
41,plate14,8,80,1.0,1000.0,4,10584190.561412556,15978835.709679099,16032284.260133991,40,3720,False
41,plate14,8,92,1.0,1000.0,4,10583568.25438043,15978812.944734933,16032267.596475963,40,3720,False
41,plate14,16,0,0.0,1e-08,0,,,,0,0,False
41,plate14,16,1,0.5,100.0,8,14522242.950226337,15389552.030455345,15430101.384751456,40,3720,False
41,plate14,16,2,0.5,100.0,8,13170379.144338962,15373943.244997462,15418843.90391924,40,3720,False
41,plate14,16,4,0.75,1000.0,8,12288699.492846008,15383257.175030008,15424921.904938135,40,3720,False
41,plate14,16,8,0.75,1000.0,8,11505576.75520695,15384420.449682184,15426867.119455483,40,3720,False
41,plate14,16,16,1.0,1000.0,8,11038956.701829122,15371594.594957007,15416188.216556897,40,3720,False
41,plate14,16,32,1.0,1000.0,8,10707987.128005134,15362934.568436824,15410522.84487953,40,3720,False
41,plate14,16,64,1.0,1000.0,8,10544027.899363015,15360020.429039208,15409188.146528719,40,3720,False
41,plate14,16,80,1.0,1000.0,8,10526080.05231866,15359637.441432694,15409075.32108612,40,3720,False
41,plate14,16,92,1.0,1000.0,8,10525456.14535032,15359610.593307288,15409057.130517127,40,3720,False
41,plate14,24,0,0.0,1e-08,0,,,,0,0,False
41,plate14,24,1,0.5,100.0,16,14002259.989932612,15183988.433517914,15205539.910543699,40,3720,False
41,plate14,24,2,0.5,100.0,16,12696897.392081717,15165060.075702738,15187482.603465673,40,3720,False
41,plate14,24,4,0.75,1000.0,16,11853965.474575702,15177802.732629688,15198112.99794408,40,3720,False
41,plate14,24,8,0.75,1000.0,16,11098752.734332306,15176806.182010988,15198181.888497498,40,3720,False
41,plate14,24,16,1.0,1000.0,16,10649000.815491239,15162560.162450593,15185598.603816336,40,3720,False
41,plate14,24,32,1.0,1000.0,16,10328560.846322509,15151095.016292237,15175728.352837333,40,3720,False
41,plate14,24,64,1.0,1000.0,16,10170544.073722612,15146548.658296399,15172661.601797713,40,3720,False
41,plate14,24,80,1.0,1000.0,16,10153253.834029367,15146082.682722963,15172431.191562243,40,3720,False
41,plate14,24,92,1.0,1000.0,16,10152650.454214823,15146041.18426923,15172398.98981003,40,3720,False
41,plate14,32,0,0.0,1e-08,0,,,,0,0,False
41,plate14,32,1,0.5,100.0,24,13658454.188732322,15085564.270402107,15100149.005051943,40,3720,False
41,plate14,32,2,0.5,100.0,24,12383351.942755818,15061011.557666782,15076819.111008093,40,3720,False
41,plate14,32,4,0.75,1000.0,24,11562709.588471161,15075476.519983014,15090984.022213088,40,3720,False
41,plate14,32,8,0.75,1000.0,24,10826043.085065546,15073358.893225843,15088159.78174114,40,3720,False
41,plate14,32,16,1.0,1000.0,24,10387253.428174522,15058633.890463406,15073500.910424069,40,3720,False
41,plate14,32,32,1.0,1000.0,24,10074700.333500281,15044489.427590277,15060937.038562596,40,3720,False
41,plate14,32,64,1.0,1000.0,24,9920778.788389904,15038843.624733334,15056731.787456147,40,3720,False
41,plate14,32,80,1.0,1000.0,24,9903922.727082724,15038224.95514757,15056388.299906358,40,3720,False
41,plate14,32,92,1.0,1000.0,24,9903332.797412023,15038178.039365336,15056348.524128968,40,3720,False
41,plate14,40,0,0.0,1e-08,0,,,,0,0,False
41,plate14,40,1,0.5,1000.0,32,13483154.835192373,15028368.559694495,15042381.176673234,40,3720,False
41,plate14,40,2,0.5,1000.0,32,12224903.141062591,15001647.641226068,15015121.882934166,40,3720,False
41,plate14,40,4,0.75,1000.0,32,11415691.36638458,15016358.223629039,15031225.894608794,40,3720,False
41,plate14,40,8,0.75,1000.0,32,10688222.653189262,15013238.677459048,15027697.918096362,40,3720,False
41,plate14,40,16,1.0,1000.0,32,10255500.721801227,14997442.304716649,15011512.711654441,40,3720,False
41,plate14,40,32,1.0,1000.0,32,9946913.17883712,14981974.609351957,14996949.59237639,40,3720,False
41,plate14,40,64,1.0,1000.0,32,9795062.748513432,14975295.203521023,14991380.711667577,40,3720,False
41,plate14,40,80,1.0,1000.0,32,9778405.712638738,14974642.27495675,14990886.45364757,40,3720,False
41,plate14,40,92,1.0,1000.0,32,9777818.885988412,14974587.750312293,14990835.653984718,40,3720,False
41,plate14,49,0,0.0,1e-08,0,,,,0,0,False
41,plate14,49,1,0.5,1000.0,32,13380231.688703023,14982431.718965365,15000566.055770876,40,3720,False
41,plate14,49,2,0.5,1000.0,32,12131724.06886319,14953436.337187113,14974964.896623937,40,3720,False
41,plate14,49,4,0.75,1000.0,32,11330733.100664647,14968207.563191349,14992095.39100455,40,3720,False
41,plate14,49,8,0.75,1000.0,32,10608013.526515001,14964835.13861208,14989507.467318812,40,3720,False
41,plate14,49,16,1.0,1000.0,32,10178243.287036628,14948559.50237983,14973694.04978799,40,3720,False
41,plate14,49,32,1.0,1000.0,32,9871896.697026465,14932269.252631065,14959203.245012214,40,3720,False
41,plate14,49,64,1.0,1000.0,32,9721309.987947078,14924532.126346095,14952828.116189977,40,3720,False
41,plate14,49,80,1.0,1000.0,32,9704768.13129601,14923790.400682757,14952312.148754837,40,3720,False
41,plate14,49,92,1.0,1000.0,32,9704184.71432939,14923720.441316444,14952259.434990982,40,3720,False
42,plate6,1,0,0.0,1e-08,0,,,,0,0,False
42,plate6,1,1,0.0,1e-08,0,,,,0,0,False
42,plate6,1,2,0.0,1e-08,0,,,,0,0,False
42,plate6,1,4,0.0,1e-08,0,,,,0,0,False
42,plate6,1,8,0.0,1e-08,0,,,,0,0,False
42,plate6,1,16,0.0,1e-08,0,,,,0,0,False
42,plate6,1,32,0.0,1e-08,0,,,,0,0,False
42,plate6,1,64,0.0,1e-08,0,,,,0,0,False
42,plate6,1,80,0.0,1e-08,0,,,,0,0,False
42,plate6,1,92,0.0,1e-08,0,,,,0,0,False
42,plate6,2,0,0.0,1e-08,0,,,,0,0,False
42,plate6,2,1,0.25,1e-08,0,10507458.2141456,11326131.624511719,,16,1488,False
42,plate6,2,2,0.5,1e-08,0,10080319.262775302,11326131.624511719,,16,1488,False
42,plate6,2,4,0.5,1e-08,0,9644233.715122625,11326131.624511719,,16,1488,False
42,plate6,2,8,0.75,1e-08,0,9227378.753175855,11326131.624511719,,16,1488,False
42,plate6,2,16,0.75,1e-08,0,8919108.644742621,11326131.624511719,,16,1488,False
42,plate6,2,32,1.0,1e-08,0,8708988.343457475,11326131.624511719,,16,1488,False
42,plate6,2,64,1.0,1e-08,0,8581674.651315352,11326131.624511719,,16,1488,False
42,plate6,2,80,1.0,1e-08,0,8567632.27347875,11326131.624511719,,16,1488,False
42,plate6,2,92,1.0,1e-08,0,8567182.429754175,11326131.624511719,,16,1488,False
42,plate6,4,0,0.0,1e-08,0,,,,0,0,False
42,plate6,4,1,0.25,1000.0,2,21335949.149556253,20040255.310734633,20054252.249612335,32,2976,False
42,plate6,4,2,0.5,1000.0,2,20259073.48921565,20032254.720499214,20056570.755526017,32,2976,False
42,plate6,4,4,0.75,1000.0,2,19363217.690137688,20026832.9453783,20039715.55094954,32,2976,False
42,plate6,4,8,0.75,1000.0,2,18349598.019547578,20061380.813183017,20065888.261802007,32,2976,False
42,plate6,4,16,0.75,1000.0,2,17711765.486454416,20031686.70364721,20032121.397934772,32,2976,False
42,plate6,4,32,1.0,100.0,2,17233693.248589315,20018589.499661602,20018592.360460255,32,2976,False
42,plate6,4,64,1.0,1000.0,2,16983578.60281714,20008353.838160325,20008400.361616567,32,2976,False
42,plate6,4,80,1.0,1000.0,2,16957377.269659217,20007309.03820221,20007385.846074954,32,2976,False
42,plate6,4,92,1.0,1000.0,2,16956928.314335585,20007163.887755245,20007242.46473571,32,2976,False
42,plate6,8,0,0.0,1e-08,0,,,,0,0,False
42,plate6,8,1,0.25,100.0,4,19736376.4283873,19969774.566435646,20014991.374421503,40,3720,False
42,plate6,8,2,0.5,1000.0,4,18750844.75167781,19970675.416696854,20021904.313379705,40,3720,False
42,plate6,8,4,0.75,1000.0,4,17931190.638856903,19960145.993688274,20010062.991420526,40,3720,False
42,plate6,8,8,0.75,1000.0,4,17005149.383288864,19966916.764907543,20015932.756759454,40,3720,False
42,plate6,8,16,0.75,1000.0,4,16410891.265704583,19952588.188097958,20000000.273921408,40,3720,False
42,plate6,8,32,1.0,1000.0,4,15969441.26978426,19942629.437077172,19992438.26815319,40,3720,False
42,plate6,8,64,1.0,1000.0,4,15738543.792703941,19939841.94024563,19990014.44016977,40,3720,False
42,plate6,8,80,1.0,1000.0,4,15714295.120540952,19939203.57007645,19989577.50008308,40,3720,False
42,plate6,8,92,1.0,1000.0,4,15713799.965456331,19939157.26046466,19989530.53185453,40,3720,False
42,plate6,16,0,0.0,1e-08,0,,,,0,0,False
42,plate6,16,1,0.25,1000.0,8,18844966.92759933,19431954.17490301,19478039.525644697,40,3720,False
42,plate6,16,2,0.5,1000.0,8,17894899.98246909,19423225.57029442,19472381.901171096,40,3720,False
42,plate6,16,4,0.75,1000.0,8,17110725.700240638,19413138.83496889,19462325.378715947,40,3720,False
42,plate6,16,8,0.75,1000.0,8,16223522.36604826,19414678.572031043,19463953.699941427,40,3720,False
42,plate6,16,16,0.75,1000.0,8,15659523.94149607,19400888.801674563,19451883.77095576,40,3720,False
42,plate6,16,32,1.0,1000.0,8,15237111.386679575,19389601.726682175,19445397.985461447,40,3720,False
42,plate6,16,64,1.0,1000.0,8,15016802.373007927,19385010.531836554,19442883.219174385,40,3720,False
42,plate6,16,80,1.0,1000.0,8,14993902.41011457,19384514.190734033,19442472.191958144,40,3720,False
42,plate6,16,92,1.0,1000.0,8,14993408.428769615,19384461.90471882,19442431.712752376,40,3720,False
42,plate6,24,0,0.0,1e-08,0,,,,0,0,False
42,plate6,24,1,0.25,1000.0,16,18221150.921696402,19221315.033023268,19247349.83311536,40,3720,False
42,plate6,24,2,0.5,1000.0,16,17307009.28901182,19216265.480355617,19239503.86918898,40,3720,False
42,plate6,24,4,0.75,1000.0,16,16552648.16604287,19205423.444426164,19224047.192780346,40,3720,False
42,plate6,24,8,0.75,1000.0,16,15694631.644456752,19205338.52712842,19221088.326412793,40,3720,False
42,plate6,24,16,0.75,1000.0,16,15147743.792498205,19189317.26819512,19204950.74149234,40,3720,False
42,plate6,24,32,1.0,1000.0,16,14740578.964941286,19176417.468091942,19194235.515773725,40,3720,False
42,plate6,24,64,1.0,1000.0,16,14527325.293437155,19170471.204160403,19189131.03366346,40,3720,False
42,plate6,24,80,1.0,1000.0,16,14505210.068630332,19169788.77480509,19188516.76177227,40,3720,False
42,plate6,24,92,1.0,1000.0,16,14504751.97834522,19169743.282080624,19188468.57107357,40,3720,False
42,plate6,32,0,0.0,1e-08,0,,,,0,0,False
42,plate6,32,1,0.25,1000.0,24,17947518.953589123,19116873.500081595,19151817.813007496,40,3720,False
42,plate6,32,2,0.5,1000.0,24,17047880.998834834,19108220.0095222,19133194.283433817,40,3720,False
42,plate6,32,4,0.75,1000.0,24,16303374.346240336,19095546.63034556,19112457.962736778,40,3720,False
42,plate6,32,8,0.75,1000.0,24,15460375.932852056,19091981.566824626,19106599.93491852,40,3720,False
42,plate6,32,16,0.75,1000.0,24,14922544.964672048,19071827.526983984,19085507.468367986,40,3720,False
42,plate6,32,32,1.0,1000.0,24,14521683.486535382,19057486.485727657,19072102.94696822,40,3720,False
42,plate6,32,64,1.0,1000.0,24,14311581.98326548,19051132.337223493,19065801.633058865,40,3720,False
42,plate6,32,80,1.0,1000.0,24,14289670.552469013,19050366.61927797,19065101.00381537,40,3720,False
42,plate6,32,92,1.0,1000.0,24,14289231.664462913,19050301.395217754,19065036.06776513,40,3720,False
42,plate6,40,0,0.0,1e-08,0,,,,0,0,False
42,plate6,40,1,0.25,1000.0,24,17800263.78746286,19058163.180530474,19089554.665462475,40,3720,False
42,plate6,40,2,0.5,1000.0,24,16908202.84104521,19048822.62364769,19074322.12551532,40,3720,False
42,plate6,40,4,0.75,1000.0,32,16170744.431856623,19034107.060222067,19051649.901110813,40,3720,False
42,plate6,40,8,0.75,1000.0,32,15333396.071267802,19026640.192522388,19040051.058863867,40,3720,False
42,plate6,40,16,0.75,1000.0,32,14800018.276618378,19006863.69170501,19018793.935446452,40,3720,False
42,plate6,40,32,1.0,1000.0,32,14402406.445274021,18991665.903591365,19003577.694433976,40,3720,False
42,plate6,40,64,1.0,1000.0,32,14194097.181398973,18984245.62026231,18996031.355732717,40,3720,False
42,plate6,40,80,1.0,1000.0,32,14172385.276282562,18983299.040891815,18995141.415842403,40,3720,False
42,plate6,40,92,1.0,1000.0,32,14171959.209977927,18983220.96240318,18995061.51767848,40,3720,False
42,plate6,49,0,0.0,1e-08,0,,,,0,0,False
42,plate6,49,1,0.25,1000.0,24,17729787.95403408,19021916.31110573,19057884.983717177,40,3720,False
42,plate6,49,2,0.5,1000.0,32,16840838.886547692,19012855.487092055,19039722.091479428,40,3720,False
42,plate6,49,4,0.75,1000.0,32,16107556.333467228,18996805.559209157,19016012.14801537,40,3720,False
42,plate6,49,8,0.75,1000.0,32,15273170.393872742,18985053.561794143,18999576.182236914,40,3720,False
42,plate6,49,16,0.75,1000.0,32,14741366.061804174,18964268.89591905,18980770.047134362,40,3720,False
42,plate6,49,32,1.0,1000.0,32,14345277.379286416,18948616.442905787,18967354.102856394,40,3720,False
42,plate6,49,64,1.0,1000.0,32,14137754.183458462,18939954.474547468,18959728.422163278,40,3720,False
42,plate6,49,80,1.0,1000.0,32,14116133.430983573,18938790.893060803,18958652.087553766,40,3720,False
42,plate6,49,92,1.0,1000.0,32,14115718.916459959,18938713.659318734,18958577.375359375,40,3720,False
42,plate14,1,0,0.0,1e-08,0,,,,0,0,False
42,plate14,1,1,0.0,1e-08,0,,,,0,0,False
42,plate14,1,2,0.0,1e-08,0,,,,0,0,False
42,plate14,1,4,0.0,1e-08,0,,,,0,0,False
42,plate14,1,8,0.0,1e-08,0,,,,0,0,False
42,plate14,1,16,0.0,1e-08,0,,,,0,0,False
42,plate14,1,32,0.0,1e-08,0,,,,0,0,False
42,plate14,1,64,0.0,1e-08,0,,,,0,0,False
42,plate14,1,80,0.0,1e-08,0,,,,0,0,False
42,plate14,1,92,0.0,1e-08,0,,,,0,0,False
42,plate14,2,0,0.0,1e-08,0,,,,0,0,False
42,plate14,2,1,0.25,1e-08,0,12145897.340826035,13896245.527008057,,16,1488,False
42,plate14,2,2,0.5,1e-08,0,10952392.417573929,13896245.527008057,,16,1488,False
42,plate14,2,4,0.75,1e-08,0,10097446.549702175,13896245.527008057,,16,1488,False
42,plate14,2,8,0.75,1e-08,0,9454033.008800764,13896245.527008057,,16,1488,False
42,plate14,2,16,1.0,1e-08,0,9048199.547664445,13896245.527008057,,16,1488,False
42,plate14,2,32,1.0,1e-08,0,8790467.65145224,13896245.527008057,,16,1488,False
42,plate14,2,64,1.0,1e-08,0,8664842.913141845,13896245.527008057,,16,1488,False
42,plate14,2,80,1.0,1e-08,0,8649379.237728948,13896245.527008057,,16,1488,False
42,plate14,2,92,1.0,1e-08,0,8648956.222180732,13896245.527008057,,16,1488,False
42,plate14,4,0,0.0,1e-08,0,,,,0,0,False
42,plate14,4,1,0.5,100.0,2,23657414.7316731,23437045.203367483,23438759.684367664,32,2976,False
42,plate14,4,2,0.5,100.0,2,21300299.278622337,23419392.97182444,23420388.283423148,32,2976,False
42,plate14,4,4,0.75,100.0,2,19713137.30493522,23417366.20113931,23417704.317474224,32,2976,False
42,plate14,4,8,0.75,100.0,2,18521034.293559585,23421830.19762831,23421898.270329814,32,2976,False
42,plate14,4,16,1.0,1e-08,2,17690598.40678987,23411875.747126687,23411875.74712669,32,2976,False
42,plate14,4,32,1.0,1e-08,2,17182441.645996165,23407575.165605113,23407575.165605105,32,2976,False
42,plate14,4,64,1.0,1000.0,2,16932455.882340822,23404525.026059117,23404535.860168595,32,2976,False
42,plate14,4,80,1.0,1000.0,2,16903535.15588525,23403817.09371425,23403852.379195698,32,2976,False
42,plate14,4,92,1.0,1000.0,2,16902507.619920887,23403773.27055872,23403810.24969722,32,2976,False
42,plate14,8,0,0.0,1e-08,0,,,,0,0,False
42,plate14,8,1,0.5,100.0,4,22115994.476559788,23543560.380814843,23612435.973185576,40,3720,False
42,plate14,8,2,0.5,100.0,4,19936038.382576093,23539455.173222158,23608038.962738927,40,3720,False
42,plate14,8,4,0.75,100.0,4,18443625.044319857,23530983.968916602,23601769.005087312,40,3720,False
42,plate14,8,8,0.75,100.0,4,17334890.402627032,23535578.72012322,23606589.02566141,40,3720,False
42,plate14,8,16,1.0,1000.0,4,16556568.929134892,23529652.010805935,23601072.14600348,40,3720,False
42,plate14,8,32,1.0,1000.0,4,16078725.080310943,23525824.791731123,23597988.40921022,40,3720,False
42,plate14,8,64,1.0,1000.0,4,15846153.88505334,23524808.946756843,23597406.735809356,40,3720,False
42,plate14,8,80,1.0,1000.0,4,15818875.204615323,23524274.283131547,23597097.12827487,40,3720,False
42,plate14,8,92,1.0,1000.0,4,15817948.27112422,23524242.821550086,23597074.261253573,40,3720,False
42,plate14,16,0,0.0,1e-08,0,,,,0,0,False
42,plate14,16,1,0.5,100.0,8,21071597.265218493,22908802.282823786,22963966.202549156,40,3720,False
42,plate14,16,2,0.5,1000.0,8,18984768.73564402,22908139.57100234,22962580.15998403,40,3720,False
42,plate14,16,4,0.75,1000.0,8,17560232.439237494,22893778.499907847,22952433.511980515,40,3720,False
42,plate14,16,8,0.75,1000.0,8,16502420.75567782,22891631.123455692,22951943.48900401,40,3720,False
42,plate14,16,16,1.0,1000.0,8,15761030.341832668,22886762.751262635,22948440.461815007,40,3720,False
42,plate14,16,32,1.0,1000.0,8,15306310.425341265,22881728.30483107,22946290.382454835,40,3720,False
42,plate14,16,64,1.0,1000.0,8,15084569.491238292,22880953.880610716,22946121.577965125,40,3720,False
42,plate14,16,80,1.0,1000.0,8,15058674.716471784,22880432.208402127,22945810.29446922,40,3720,False
42,plate14,16,92,1.0,1000.0,8,15057788.284291727,22880394.48773856,22945795.417190574,40,3720,False
42,plate14,24,0,0.0,1e-08,0,,,,0,0,False
42,plate14,24,1,0.5,1000.0,16,20393989.139084492,22664272.608874656,22688840.28824559,40,3720,False
42,plate14,24,2,0.5,1000.0,16,18368438.29114752,22661502.58474462,22693016.66525486,40,3720,False
42,plate14,24,4,0.75,1000.0,16,16991583.888508163,22645131.69740222,22671906.75548092,40,3720,False
42,plate14,24,8,0.75,1000.0,16,15967245.196783429,22643773.64950756,22669332.398953337,40,3720,False
42,plate14,24,16,1.0,1000.0,16,15248846.343447996,22637379.540243108,22664019.973663397,40,3720,False
42,plate14,24,32,1.0,1000.0,16,14809056.016140174,22629975.624611087,22657978.636135787,40,3720,False
42,plate14,24,64,1.0,1000.0,16,14594733.21788668,22629032.07662857,22657680.935599677,40,3720,False
42,plate14,24,80,1.0,1000.0,16,14569755.166959155,22628309.186835468,22657156.226753104,40,3720,False
42,plate14,24,92,1.0,1000.0,16,14568899.473590434,22628257.684771847,22657115.43322584,40,3720,False
42,plate14,32,0,0.0,1e-08,0,,,,0,0,False
42,plate14,32,1,0.5,1000.0,24,20091792.694798097,22556150.897976406,22576686.458060756,40,3720,False
42,plate14,32,2,0.5,1000.0,24,18103309.319389842,22552276.71304427,22578298.305051576,40,3720,False
42,plate14,32,4,0.75,1000.0,24,16745759.068241213,22523175.549203496,22542404.718592767,40,3720,False
42,plate14,32,8,0.75,1000.0,24,15738161.997404516,22518858.13664575,22536681.13262817,40,3720,False
42,plate14,32,16,1.0,1000.0,24,15032542.500093607,22510511.49625807,22529255.805003155,40,3720,False
42,plate14,32,32,1.0,1000.0,24,14599064.878946325,22501610.96566098,22521096.38141336,40,3720,False
42,plate14,32,64,1.0,1000.0,24,14387824.583945151,22500173.492570736,22519860.956509624,40,3720,False
42,plate14,32,80,1.0,1000.0,24,14363230.112379273,22499171.480699103,22519004.178441793,40,3720,False
42,plate14,32,92,1.0,1000.0,24,14362382.98607202,22499102.81566849,22518942.373874184,40,3720,False
42,plate14,40,0,0.0,1e-08,0,,,,0,0,False
42,plate14,40,1,0.5,1000.0,32,19936532.871265195,22488959.461431667,22508465.86501558,40,3720,False
42,plate14,40,2,0.5,1000.0,32,17958884.64503807,22487335.055802908,22511301.889218774,40,3720,False
42,plate14,40,4,0.75,1000.0,32,16612403.177236345,22453111.554888364,22467399.13023225,40,3720,False
42,plate14,40,8,0.75,1000.0,32,15612944.035078632,22448662.702451345,22462409.67647907,40,3720,False
42,plate14,40,16,1.0,1000.0,32,14911477.127403362,22439677.316004287,22453652.53150853,40,3720,False
42,plate14,40,32,1.0,1000.0,32,14481539.53368567,22430458.176982384,22444736.177991863,40,3720,False
42,plate14,40,64,1.0,1000.0,32,14271943.792512026,22428548.85655147,22442789.488570824,40,3720,False
42,plate14,40,80,1.0,1000.0,32,14247543.093101034,22427422.101580102,22441733.570484467,40,3720,False
42,plate14,40,92,1.0,1000.0,32,14246703.00946041,22427345.574899253,22441661.803205855,40,3720,False
42,plate14,49,0,0.0,1e-08,0,,,,0,0,False
42,plate14,49,1,0.5,1000.0,32,19858093.541479036,22445194.084150106,22467161.805601176,40,3720,False
42,plate14,49,2,0.5,1000.0,32,17885010.656681597,22444739.860203404,22469733.990948923,40,3720,False
42,plate14,49,4,0.75,1000.0,32,16544465.248072479,22406555.82404327,22426137.547349714,40,3720,False
42,plate14,49,8,0.75,1000.0,32,15548903.281413296,22401697.077055704,22422623.095697768,40,3720,False
42,plate14,49,16,1.0,1000.0,32,14849779.518329754,22392343.642520573,22414551.666241832,40,3720,False
42,plate14,49,32,1.0,1000.0,32,14421605.12766529,22381891.94273976,22405041.61788527,40,3720,False
42,plate14,49,64,1.0,1000.0,32,14212762.5276586,22379580.74076699,22403217.278674662,40,3720,False
42,plate14,49,80,1.0,1000.0,32,14188451.510271788,22378232.90387436,22402066.426962547,40,3720,False
42,plate14,49,92,1.0,1000.0,32,14187619.344931806,22378147.830332413,22401994.74151721,40,3720,False
43,plate6,1,0,0.0,1e-08,0,,,,0,0,False
43,plate6,1,1,0.0,1e-08,0,,,,0,0,False
43,plate6,1,2,0.0,1e-08,0,,,,0,0,False
43,plate6,1,4,0.0,1e-08,0,,,,0,0,False
43,plate6,1,8,0.0,1e-08,0,,,,0,0,False
43,plate6,1,16,0.0,1e-08,0,,,,0,0,False
43,plate6,1,32,0.0,1e-08,0,,,,0,0,False
43,plate6,1,64,0.0,1e-08,0,,,,0,0,False
43,plate6,1,80,0.0,1e-08,0,,,,0,0,False
43,plate6,1,92,0.0,1e-08,0,,,,0,0,False
43,plate6,2,0,0.0,1e-08,0,,,,0,0,False
43,plate6,2,1,0.25,1e-08,0,11438196.856610775,12297148.277618408,,16,1488,False
43,plate6,2,2,0.5,1e-08,0,11034353.852779865,12297148.277618408,,16,1488,False
43,plate6,2,4,0.5,1e-08,0,10493646.629486412,12297148.277618408,,16,1488,False
43,plate6,2,8,0.75,1e-08,0,9988918.830706082,12297148.277618408,,16,1488,False
43,plate6,2,16,0.75,1e-08,0,9654807.708930248,12297148.277618408,,16,1488,False
43,plate6,2,32,1.0,1e-08,0,9414285.984049384,12297148.277618408,,16,1488,False
43,plate6,2,64,1.0,1e-08,0,9260675.363331031,12297148.277618408,,16,1488,False
43,plate6,2,80,1.0,1e-08,0,9245204.007341336,12297148.277618408,,16,1488,False
43,plate6,2,92,1.0,1e-08,0,9244847.672975266,12297148.277618408,,16,1488,False
43,plate6,4,0,0.0,1e-08,0,,,,0,0,False
43,plate6,4,1,0.25,100.0,2,20384131.028215967,18863064.757600363,18865946.271988526,32,2976,False
43,plate6,4,2,0.5,100.0,2,19571140.07867352,18863216.542966094,18865064.850113317,32,2976,False
43,plate6,4,4,0.5,100.0,2,18584762.43946685,18896203.96445035,18896745.130807575,32,2976,False
43,plate6,4,8,0.75,100.0,2,17592972.66155932,18889075.297752958,18889183.02966015,32,2976,False
43,plate6,4,16,0.75,1e-08,2,17038664.577490192,18873666.141540654,18873666.141540658,32,2976,False
43,plate6,4,32,1.0,1e-08,2,16591927.784411496,18862387.39209631,18862387.392096303,32,2976,False
43,plate6,4,64,1.0,1000.0,2,16333415.2233294,18857359.744852263,18857387.39748546,32,2976,False
43,plate6,4,80,1.0,1000.0,2,16305324.413636828,18856851.686324388,18856881.72186953,32,2976,False
43,plate6,4,92,1.0,1000.0,2,16304788.645735348,18856808.955558788,18856840.592994563,32,2976,False
43,plate6,8,0,0.0,1e-08,0,,,,0,0,False
43,plate6,8,1,0.25,100.0,4,24669352.62480574,24116402.02942651,24176513.789757647,40,3720,False
43,plate6,8,2,0.5,100.0,4,23601367.990579803,24107063.72958867,24168075.57238511,40,3720,False
43,plate6,8,4,0.5,1000.0,4,22407641.06948757,24122752.817802873,24177893.271653935,40,3720,False
43,plate6,8,8,0.75,1000.0,4,21161391.639552157,24119403.73595869,24177238.06536581,40,3720,False
43,plate6,8,16,0.75,1000.0,4,20501405.450140357,24113586.1110052,24172903.85471174,40,3720,False
43,plate6,8,32,1.0,1000.0,4,19946449.682609204,24100690.29517026,24163804.887479212,40,3720,False
43,plate6,8,64,1.0,1000.0,4,19635604.609659564,24093893.944328114,24158974.93953198,40,3720,False
43,plate6,8,80,1.0,1000.0,4,19605760.68037003,24093326.428805303,24158614.0927878,40,3720,False
43,plate6,8,92,1.0,1000.0,4,19604837.81720317,24093297.24249361,24158594.18735117,40,3720,False
43,plate6,16,0,0.0,1e-08,0,,,,0,0,False
43,plate6,16,1,0.25,100.0,8,22429265.190332364,23452597.769985627,23502889.027284198,40,3720,False
43,plate6,16,2,0.5,1000.0,8,21465250.907830458,23439126.045189034,23490444.58283701,40,3720,False
43,plate6,16,4,0.5,1000.0,8,20377702.19504089,23455513.564562835,23505308.32413409,40,3720,False
43,plate6,16,8,0.75,1000.0,8,19249648.666368715,23450129.038428865,23499192.062189143,40,3720,False
43,plate6,16,16,0.75,1000.0,8,18651867.990580518,23437051.01901398,23489838.49596098,40,3720,False
43,plate6,16,32,1.0,1000.0,8,18148603.601370193,23421005.31933121,23478404.815430533,40,3720,False
43,plate6,16,64,1.0,1000.0,8,17864858.360877175,23410826.745996397,23471795.24495034,40,3720,False
43,plate6,16,80,1.0,1000.0,8,17837853.60777494,23410030.11643883,23471326.972914364,40,3720,False
43,plate6,16,92,1.0,1000.0,8,17837067.553488653,23409991.00200058,23471325.7414899,40,3720,False
43,plate6,24,0,0.0,1e-08,0,,,,0,0,False
43,plate6,24,1,0.25,1000.0,16,21999782.56024864,23272876.81370106,23304232.18954297,40,3720,False
43,plate6,24,2,0.5,1000.0,16,21053449.171915222,23257120.031662688,23284871.46013062,40,3720,False
43,plate6,24,4,0.5,1000.0,16,19983788.78344095,23268726.794086985,23296034.714731466,40,3720,False
43,plate6,24,8,0.75,1000.0,16,18877914.2461066,23260114.434732813,23287414.723334394,40,3720,False
43,plate6,24,16,0.75,1000.0,16,18292286.120778184,23245906.258289788,23274465.361247234,40,3720,False
43,plate6,24,32,1.0,1000.0,16,17798932.237570297,23227073.17113346,23257276.83975356,40,3720,False
43,plate6,24,64,1.0,1000.0,16,17520211.00596765,23214031.295689013,23246026.34707406,40,3720,False
43,plate6,24,80,1.0,1000.0,16,17493625.81382878,23212958.3003238,23245149.2837051,40,3720,False
43,plate6,24,92,1.0,1000.0,16,17492861.694957744,23212908.994997505,23245103.813271824,40,3720,False
43,plate6,32,0,0.0,1e-08,0,,,,0,0,False
43,plate6,32,1,0.25,1000.0,24,21719659.452295423,23179022.33478193,23208409.65366664,40,3720,False
43,plate6,32,2,0.5,1000.0,24,20790000.8105185,23164106.819459725,23182996.205095213,40,3720,False
43,plate6,32,4,0.5,1000.0,24,19732798.7193519,23170718.541269157,23189649.686632268,40,3720,False
43,plate6,32,8,0.75,1000.0,24,18642472.394654393,23162289.353800412,23181295.72208528,40,3720,False
43,plate6,32,16,0.75,1000.0,24,18063847.544908553,23148138.70978605,23166432.502160303,40,3720,False
43,plate6,32,32,1.0,1000.0,24,17577029.265283857,23127629.87203871,23146178.011417758,40,3720,False
43,plate6,32,64,1.0,1000.0,24,17301717.022103522,23112007.287684318,23131549.154469382,40,3720,False
43,plate6,32,80,1.0,1000.0,24,17275437.783726655,23110551.676664375,23130215.343494058,40,3720,False
43,plate6,32,92,1.0,1000.0,24,17274704.07604842,23110505.193040755,23130174.736121736,40,3720,False
43,plate6,40,0,0.0,1e-08,0,,,,0,0,False
43,plate6,40,1,0.25,1000.0,24,21598661.506223485,23146158.172378767,23181443.488874912,40,3720,False
43,plate6,40,2,0.5,1000.0,32,20675621.909786526,23118565.43544833,23137466.610199783,40,3720,False
43,plate6,40,4,0.5,1000.0,32,19624828.886973582,23109338.977734994,23125683.245372415,40,3720,False
43,plate6,40,8,0.75,1000.0,32,18541609.64999524,23098140.306083776,23113525.867377892,40,3720,False
43,plate6,40,16,0.75,1000.0,32,17966338.050643746,23082958.204668347,23096967.23530579,40,3720,False
43,plate6,40,32,1.0,1000.0,32,17481881.52112419,23059409.9196535,23073314.564241666,40,3720,False
43,plate6,40,64,1.0,1000.0,32,17207992.42780368,23041954.13653145,23056441.307530325,40,3720,False
43,plate6,40,80,1.0,1000.0,32,17181941.99946651,23040120.566007487,23054560.65504277,40,3720,False
43,plate6,40,92,1.0,1000.0,32,17181205.948779423,23040100.23280228,23054544.90419451,40,3720,False
43,plate6,49,0,0.0,1e-08,0,,,,0,0,False
43,plate6,49,1,0.25,1000.0,32,21524405.378787268,23093955.844390765,23133438.535092384,40,3720,False
43,plate6,49,2,0.5,1000.0,32,20604395.944521762,23068512.248178586,23090631.38686499,40,3720,False
43,plate6,49,4,0.5,1000.0,32,19558834.37902871,23058828.46322448,23079548.121960368,40,3720,False
43,plate6,49,8,0.75,1000.0,32,18478723.630185533,23040117.51976168,23061566.459907085,40,3720,False
43,plate6,49,16,0.75,1000.0,32,17905590.443974722,23022443.804071024,23043618.42364061,40,3720,False
43,plate6,49,32,1.0,1000.0,32,17423093.623678498,22999504.17134722,23022114.89138415,40,3720,False
43,plate6,49,64,1.0,1000.0,32,17150039.785280574,22980614.135493483,23005980.855317783,40,3720,False
43,plate6,49,80,1.0,1000.0,32,17123949.719451506,22978770.391941562,23004206.27890849,40,3720,False
43,plate6,49,92,1.0,1000.0,32,17123225.15936069,22978775.450432293,23004206.15633845,40,3720,False
43,plate14,1,0,0.0,1e-08,0,,,,0,0,False
43,plate14,1,1,0.0,1e-08,0,,,,0,0,False
43,plate14,1,2,0.0,1e-08,0,,,,0,0,False
43,plate14,1,4,0.0,1e-08,0,,,,0,0,False
43,plate14,1,8,0.0,1e-08,0,,,,0,0,False
43,plate14,1,16,0.0,1e-08,0,,,,0,0,False
43,plate14,1,32,0.0,1e-08,0,,,,0,0,False
43,plate14,1,64,0.0,1e-08,0,,,,0,0,False
43,plate14,1,80,0.0,1e-08,0,,,,0,0,False
43,plate14,1,92,0.0,1e-08,0,,,,0,0,False
43,plate14,2,0,0.0,1e-08,0,,,,0,0,False
43,plate14,2,1,0.5,1e-08,0,12684693.449680328,15133059.670257568,,16,1488,False
43,plate14,2,2,0.5,1e-08,0,11782291.310151815,15133059.670257568,,16,1488,False
43,plate14,2,4,0.75,1e-08,0,10976583.837975025,15133059.670257568,,16,1488,False
43,plate14,2,8,0.75,1e-08,0,10400999.025135782,15133059.670257568,,16,1488,False
43,plate14,2,16,1.0,1e-08,0,9973661.344912048,15133059.670257568,,16,1488,False
43,plate14,2,32,1.0,1e-08,0,9673219.742054084,15133059.670257568,,16,1488,False
43,plate14,2,64,1.0,1e-08,0,9527092.334026918,15133059.670257568,,16,1488,False
43,plate14,2,80,1.0,1e-08,0,9511140.544784373,15133059.670257568,,16,1488,False
43,plate14,2,92,1.0,1e-08,0,9510754.834207388,15133059.670257568,,16,1488,False
43,plate14,4,0,0.0,1e-08,0,,,,0,0,False
43,plate14,4,1,0.5,100.0,2,22021298.71420077,22449101.006920584,22450081.5294477,32,2976,False
43,plate14,4,2,0.5,100.0,2,20460162.02466784,22446036.620312624,22446466.523222838,32,2976,False
43,plate14,4,4,0.75,1e-08,2,19206860.36467458,22480229.522548288,22480229.52254829,32,2976,False
43,plate14,4,8,0.75,1e-08,2,18076063.519758835,22458546.7628187,22458546.7628187,32,2976,False
43,plate14,4,16,1.0,1e-08,2,17291978.634202793,22452847.72363075,22452847.72363075,32,2976,False
43,plate14,4,32,1.0,1e-08,2,16776700.97530188,22448140.52549697,22448140.52549697,32,2976,False
43,plate14,4,64,1.0,1000.0,2,16523396.417472053,22445512.671658833,22445530.345615953,32,2976,False
43,plate14,4,80,1.0,1000.0,2,16494853.22029482,22445283.25926744,22445306.507434495,32,2976,False
43,plate14,4,92,1.0,1000.0,2,16494150.645532606,22445307.288031846,22445329.996661834,32,2976,False
43,plate14,8,0,0.0,1e-08,0,,,,0,0,False
43,plate14,8,1,0.5,100.0,4,26564945.373650946,28038197.638125364,28140606.113778014,40,3720,False
43,plate14,8,2,0.5,100.0,4,24475324.473063815,28029567.056056626,28135204.803090356,40,3720,False
43,plate14,8,4,0.75,100.0,4,22946597.179190252,28064110.797242127,28163507.85388828,40,3720,False
43,plate14,8,8,0.75,100.0,4,21578038.135332797,28050381.175484236,28150287.017522696,40,3720,False
43,plate14,8,16,1.0,1e-07,4,20686472.292688668,28041476.20029826,28143885.569266077,40,3720,False
43,plate14,8,32,1.0,100.0,4,20076344.45438938,28030557.813144166,28136326.721728608,40,3720,False
43,plate14,8,64,1.0,1000.0,4,19775297.9169283,28025613.95425964,28132927.476687945,40,3720,False
43,plate14,8,80,1.0,1000.0,4,19742099.729467105,28025303.986879986,28132771.632190686,40,3720,False
43,plate14,8,92,1.0,1000.0,4,19741181.54893639,28025298.271491665,28132759.236444574,40,3720,False
43,plate14,16,0,0.0,1e-08,0,,,,0,0,False
43,plate14,16,1,0.5,100.0,8,24195183.97988264,27256991.45417531,27320420.66222844,40,3720,False
43,plate14,16,2,0.5,100.0,8,22296110.873838108,27243691.36151179,27311724.870086752,40,3720,False
43,plate14,16,4,0.75,1000.0,8,20906418.756969735,27277393.431932025,27341342.411074027,40,3720,False
43,plate14,16,8,0.75,1000.0,8,19663358.82169331,27267280.898697868,27329064.803408265,40,3720,False
43,plate14,16,16,1.0,1000.0,8,18849052.59666798,27252989.635579992,27317012.47303428,40,3720,False
43,plate14,16,32,1.0,1000.0,8,18293125.905775834,27238640.17296531,27308382.23385078,40,3720,False
43,plate14,16,64,1.0,1000.0,8,18019116.455903534,27232293.608387083,27304691.039439,40,3720,False
43,plate14,16,80,1.0,1000.0,8,17988855.587314066,27232024.368042607,27304590.30663206,40,3720,False
43,plate14,16,92,1.0,1000.0,8,17988030.749404468,27232032.48206045,27304586.823050488,40,3720,False
43,plate14,24,0,0.0,1e-08,0,,,,0,0,False
43,plate14,24,1,0.5,1000.0,16,23723261.38796649,27044483.245639537,27072840.4615186,40,3720,False
43,plate14,24,2,0.5,100.0,16,21861670.772353236,27024214.814210597,27054844.342628006,40,3720,False
43,plate14,24,4,0.75,1000.0,16,20499386.426460646,27052705.908201035,27083339.982740838,40,3720,False
43,plate14,24,8,0.75,1000.0,16,19281119.60336584,27043928.17668435,27073441.36174827,40,3720,False
43,plate14,24,16,1.0,1000.0,16,18484223.77283648,27031864.02781308,27061669.872528803,40,3720,False
43,plate14,24,32,1.0,1000.0,16,17939295.55544361,27014328.34687405,27047723.458368946,40,3720,False
43,plate14,24,64,1.0,1000.0,16,17670463.758298784,27005459.10138268,27040883.96299766,40,3720,False
43,plate14,24,80,1.0,1000.0,16,17640758.257206313,27004982.510023333,27040465.56029031,40,3720,False
43,plate14,24,92,1.0,1000.0,16,17639946.79031892,27004989.8268778,27040459.824653864,40,3720,False
43,plate14,32,0,0.0,1e-08,0,,,,0,0,False
43,plate14,32,1,0.5,1000.0,24,23435915.857240006,26934188.57287297,26956719.45704647,40,3720,False
43,plate14,32,2,0.5,1000.0,24,21594386.94866753,26912320.655643255,26931230.64721777,40,3720,False
43,plate14,32,4,0.75,1000.0,24,20249540.784894843,26940477.20586519,26961665.358843576,40,3720,False
43,plate14,32,8,0.75,1000.0,24,19046167.06714895,26931168.210502736,26950036.097784437,40,3720,False
43,plate14,32,16,1.0,1000.0,24,18260333.92830848,26919023.745179914,26936721.74418508,40,3720,False
43,plate14,32,32,1.0,1000.0,24,17722463.497997012,26899594.762539916,26919147.525202293,40,3720,False
43,plate14,32,64,1.0,1000.0,24,17456799.704801887,26888684.376663055,26909625.434850063,40,3720,False
43,plate14,32,80,1.0,1000.0,24,17427409.604012627,26888018.263032623,26909048.035460282,40,3720,False
43,plate14,32,92,1.0,1000.0,24,17426616.84250979,26888036.361481264,26909055.022596415,40,3720,False
43,plate14,40,0,0.0,1e-08,0,,,,0,0,False
43,plate14,40,1,0.5,1000.0,32,23306805.050292216,26864899.48151034,26889072.40090182,40,3720,False
43,plate14,40,2,0.5,1000.0,32,21471840.136993293,26842190.51261733,26855720.91872119,40,3720,False
43,plate14,40,4,0.75,1000.0,32,20133651.0617486,26868213.97139349,26882413.30808042,40,3720,False
43,plate14,40,8,0.75,1000.0,32,18937468.60856971,26857955.123818148,26870654.658748373,40,3720,False
43,plate14,40,16,1.0,1000.0,32,18158028.06702619,26846256.533417147,26857685.953546677,40,3720,False
43,plate14,40,32,1.0,1000.0,32,17623260.763885833,26825142.224202964,26837082.719667315,40,3720,False
43,plate14,40,64,1.0,1000.0,32,17359116.052798923,26813062.351596944,26825960.01306793,40,3720,False
43,plate14,40,80,1.0,1000.0,32,17329909.452846263,26812311.213153973,26825238.368646827,40,3720,False
43,plate14,40,92,1.0,1000.0,32,17329122.11034505,26812346.56043224,26825262.78486377,40,3720,False
43,plate14,49,0,0.0,1e-08,0,,,,0,0,False
43,plate14,49,1,0.5,1000.0,32,23227020.778872166,26806969.215358403,26837546.339359038,40,3720,False
43,plate14,49,2,0.5,1000.0,32,21400661.74496998,26783724.630450282,26807008.706108082,40,3720,False
43,plate14,49,4,0.75,1000.0,32,20066741.937220205,26811409.26414901,26834637.801014077,40,3720,False
43,plate14,49,8,0.75,1000.0,32,18875384.05807878,26798912.13110289,26822997.201330226,40,3720,False
43,plate14,49,16,1.0,1000.0,32,18098266.111111067,26784325.05377772,26806891.72148192,40,3720,False
43,plate14,49,32,1.0,1000.0,32,17565277.71447415,26762502.134245247,26787901.92015643,40,3720,False
43,plate14,49,64,1.0,1000.0,32,17302063.277536493,26749590.816067763,26777020.57866047,40,3720,False
43,plate14,49,80,1.0,1000.0,32,17272941.30256537,26748882.59285634,26776373.520443443,40,3720,False
43,plate14,49,92,1.0,1000.0,32,17272157.269495003,26748941.785033025,26776410.85516936,40,3720,False
44,plate6,1,0,0.0,1e-08,0,,,,0,0,False
44,plate6,1,1,0.0,1e-08,0,,,,0,0,False
44,plate6,1,2,0.0,1e-08,0,,,,0,0,False
44,plate6,1,4,0.0,1e-08,0,,,,0,0,False
44,plate6,1,8,0.0,1e-08,0,,,,0,0,False
44,plate6,1,16,0.0,1e-08,0,,,,0,0,False
44,plate6,1,32,0.0,1e-08,0,,,,0,0,False
44,plate6,1,64,0.0,1e-08,0,,,,0,0,False
44,plate6,1,80,0.0,1e-08,0,,,,0,0,False
44,plate6,1,92,0.0,1e-08,0,,,,0,0,False
44,plate6,2,0,0.0,1e-08,0,,,,0,0,False
44,plate6,2,1,0.25,1e-08,0,21789144.05457425,23738544.00017166,,16,1488,False
44,plate6,2,2,0.5,1e-08,0,20650076.697412014,23738544.00017166,,16,1488,False
44,plate6,2,4,0.75,1e-08,0,19593427.582198218,23738544.00017166,,16,1488,False
44,plate6,2,8,0.75,1e-08,0,18399901.189672604,23738544.00017166,,16,1488,False
44,plate6,2,16,1.0,1e-08,0,17869513.235372685,23738544.00017166,,16,1488,False
44,plate6,2,32,1.0,1e-08,0,17397920.092331696,23738544.00017166,,16,1488,False
44,plate6,2,64,1.0,1e-08,0,17124743.668187827,23738544.00017166,,16,1488,False
44,plate6,2,80,1.0,1e-08,0,17098991.37429621,23738544.00017166,,16,1488,False
44,plate6,2,92,1.0,1e-08,0,17097060.954149526,23738544.00017166,,16,1488,False
44,plate6,4,0,0.0,1e-08,0,,,,0,0,False
44,plate6,4,1,0.25,100.0,2,18750593.484037593,17218243.005424656,17224075.745763253,32,2976,False
44,plate6,4,2,0.5,100.0,2,17789883.574284196,17207723.568629462,17209439.54730919,32,2976,False
44,plate6,4,4,0.75,1000.0,2,16932243.527331892,17208558.042312026,17210592.28955344,32,2976,False
44,plate6,4,8,0.75,1000.0,2,15937915.79607535,17195029.701047316,17196521.385978747,32,2976,False
44,plate6,4,16,0.75,1000.0,2,15484984.615467096,17196045.832872353,17196979.206742443,32,2976,False
44,plate6,4,32,1.0,1000.0,2,15079657.048344443,17188230.532413546,17188415.460149147,32,2976,False
44,plate6,4,64,1.0,1000.0,2,14845050.2724277,17182888.07352108,17182907.40773577,32,2976,False
44,plate6,4,80,1.0,1000.0,2,14822524.24704455,17181715.43610134,17181735.152133547,32,2976,False
44,plate6,4,92,1.0,1000.0,2,14820955.593870133,17181633.331291102,17181653.73803295,32,2976,False
44,plate6,8,0,0.0,1e-08,0,,,,0,0,False
44,plate6,8,1,0.25,100.0,4,24073185.598994236,23850280.821517892,23902840.803398106,40,3720,False
44,plate6,8,2,0.5,100.0,4,22845722.414622962,23843232.042625725,23898643.20688207,40,3720,False
44,plate6,8,4,0.5,1000.0,4,21747340.04080237,23838396.791695703,23897469.06432387,40,3720,False
44,plate6,8,8,0.75,1000.0,4,20469742.779455878,23827840.336753443,23887494.04393219,40,3720,False
44,plate6,8,16,0.75,1000.0,4,19854464.5932987,23829367.31107667,23887137.045155473,40,3720,False
44,plate6,8,32,1.0,1000.0,4,19333775.537603747,23825017.354384087,23885127.10148813,40,3720,False
44,plate6,8,64,1.0,1000.0,4,19031861.96944445,23820319.40592118,23881752.53971246,40,3720,False
44,plate6,8,80,1.0,1000.0,4,19000919.111950688,23819429.954086818,23880929.469482917,40,3720,False
44,plate6,8,92,1.0,1000.0,4,18999361.108503252,23819360.212164216,23880869.402778048,40,3720,False
44,plate6,16,0,0.0,1e-08,0,,,,0,0,False
44,plate6,16,1,0.25,1000.0,8,22071282.12464657,23287397.829086524,23313892.436805222,40,3720,False
44,plate6,16,2,0.5,1000.0,8,20950162.181657173,23276180.762413792,23309294.020514794,40,3720,False
44,plate6,16,4,0.5,1000.0,8,19942316.386009537,23270760.71652772,23305455.378380626,40,3720,False
44,plate6,16,8,0.75,1000.0,8,18772574.33265638,23256949.891862106,23293100.5835515,40,3720,False
44,plate6,16,16,0.75,1000.0,8,18208817.79949129,23257711.278726574,23294601.896484397,40,3720,False
44,plate6,16,32,1.0,1000.0,8,17731307.207320232,23253889.138055433,23291074.46216573,40,3720,False
44,plate6,16,64,1.0,1000.0,8,17453301.13118252,23247146.38582566,23286255.929618727,40,3720,False
44,plate6,16,80,1.0,1000.0,8,17425012.5547267,23246080.155889563,23285363.38119006,40,3720,False
44,plate6,16,92,1.0,1000.0,8,17423559.01632402,23245994.968392204,23285304.33734598,40,3720,False
44,plate6,24,0,0.0,1e-08,0,,,,0,0,False
44,plate6,24,1,0.25,1000.0,16,21752064.290109344,23113427.815703474,23140934.320024993,40,3720,False
44,plate6,24,2,0.5,1000.0,16,20648146.898796357,23101102.1579317,23124230.510976557,40,3720,False
44,plate6,24,4,0.5,1000.0,16,19653354.697957136,23091009.572089784,23114996.593958326,40,3720,False
44,plate6,24,8,0.75,1000.0,16,18499854.30865639,23074066.919473212,23096652.643370755,40,3720,False
44,plate6,24,16,0.75,1000.0,16,17944644.491074514,23072436.013126086,23096005.667891674,40,3720,False
44,plate6,24,32,1.0,1000.0,16,17473338.69469334,23071403.395057376,23094775.515011918,40,3720,False
44,plate6,24,64,1.0,1000.0,16,17199324.501709566,23062083.088052776,23086590.9091807,40,3720,False
44,plate6,24,80,1.0,1000.0,16,17171408.174845845,23060593.082867254,23085240.298575766,40,3720,False
44,plate6,24,92,1.0,1000.0,16,17169978.42400024,23060491.59410441,23085150.93317963,40,3720,False
44,plate6,32,0,0.0,1e-08,0,,,,0,0,False
44,plate6,32,1,0.25,1000.0,24,21591792.207308684,23035203.471954715,23061435.73470698,40,3720,False
44,plate6,32,2,0.5,1000.0,24,20495234.752039094,23018699.590706833,23039308.964114334,40,3720,False
44,plate6,32,4,0.5,1000.0,24,19507139.26008954,23006107.294644445,23024529.821881555,40,3720,False
44,plate6,32,8,0.75,1000.0,24,18361561.07559893,22985399.81829057,23001463.498334166,40,3720,False
44,plate6,32,16,0.75,1000.0,24,17809919.299302742,22980740.332648046,22997448.275270835,40,3720,False
44,plate6,32,32,1.0,1000.0,24,17342017.107397504,22982059.937919047,22998476.09070731,40,3720,False
44,plate6,32,64,1.0,1000.0,24,17070523.288746733,22970452.67039942,22987547.2639608,40,3720,False
44,plate6,32,80,1.0,1000.0,24,17042835.598670736,22968578.37665765,22985774.61405723,40,3720,False
44,plate6,32,92,1.0,1000.0,24,17041399.142161522,22968474.493581776,22985682.704058424,40,3720,False
44,plate6,40,0,0.0,1e-08,0,,,,0,0,False
44,plate6,40,1,0.25,1000.0,24,21448605.686638802,22986123.168816093,23009719.059754208,40,3720,False
44,plate6,40,2,0.5,1000.0,32,20358663.604130443,22968479.87908477,22986447.274412725,40,3720,False
44,plate6,40,4,0.5,1000.0,32,19377502.751670297,22954088.19208836,22968128.28144171,40,3720,False
44,plate6,40,8,0.75,1000.0,32,18238743.239999816,22929767.97763975,22940785.193839464,40,3720,False
44,plate6,40,16,0.75,1000.0,32,17690509.57135597,22923429.975161765,22934973.48783699,40,3720,False
44,plate6,40,32,1.0,1000.0,32,17225711.166321583,22924512.137466937,22935900.717731677,40,3720,False
44,plate6,40,64,1.0,1000.0,32,16956002.953635093,22912220.203310017,22924137.29931822,40,3720,False
44,plate6,40,80,1.0,1000.0,32,16928505.9162863,22910155.487575594,22922181.364580948,40,3720,False
44,plate6,40,92,1.0,1000.0,32,16927074.196192842,22910036.31628729,22922071.251958765,40,3720,False
44,plate6,49,0,0.0,1e-08,0,,,,0,0,False
44,plate6,49,1,0.25,1000.0,24,21392154.505493786,22946029.359041363,22967575.077574216,40,3720,False
44,plate6,49,2,0.5,1000.0,32,20304545.53114289,22927385.999021802,22949614.368375503,40,3720,False
44,plate6,49,4,0.5,1000.0,32,19326247.516222406,22910603.71368487,22931358.08255565,40,3720,False
44,plate6,49,8,0.75,1000.0,32,18190376.66281778,22881854.99126645,22901829.052054424,40,3720,False
44,plate6,49,16,0.75,1000.0,32,17643653.71163968,22874432.39762506,22896407.05284979,40,3720,False
44,plate6,49,32,1.0,1000.0,32,17179896.054806113,22875418.6150332,22897134.20127257,40,3720,False
44,plate6,49,64,1.0,1000.0,32,16910650.300062213,22862201.085360926,22885277.29029071,40,3720,False
44,plate6,49,80,1.0,1000.0,32,16883209.84860159,22859948.479862373,22883317.617519222,40,3720,False
44,plate6,49,92,1.0,1000.0,32,16881784.0830303,22859803.55436997,22883197.62950962,40,3720,False
44,plate14,1,0,0.0,1e-08,0,,,,0,0,False
44,plate14,1,1,0.0,1e-08,0,,,,0,0,False
44,plate14,1,2,0.0,1e-08,0,,,,0,0,False
44,plate14,1,4,0.0,1e-08,0,,,,0,0,False
44,plate14,1,8,0.0,1e-08,0,,,,0,0,False
44,plate14,1,16,0.0,1e-08,0,,,,0,0,False
44,plate14,1,32,0.0,1e-08,0,,,,0,0,False
44,plate14,1,64,0.0,1e-08,0,,,,0,0,False
44,plate14,1,80,0.0,1e-08,0,,,,0,0,False
44,plate14,1,92,0.0,1e-08,0,,,,0,0,False
44,plate14,2,0,0.0,1e-08,0,,,,0,0,False
44,plate14,2,1,0.5,1e-08,0,23615484.664260387,27453451.390167236,,16,1488,False
44,plate14,2,2,0.5,1e-08,0,21495125.583821774,27453451.390167236,,16,1488,False
44,plate14,2,4,0.75,1e-08,0,19917287.105231598,27453451.390167236,,16,1488,False
44,plate14,2,8,0.75,1e-08,0,18769444.638647877,27453451.390167236,,16,1488,False
44,plate14,2,16,1.0,1e-08,0,18046654.959750455,27453451.390167236,,16,1488,False
44,plate14,2,32,1.0,1e-08,0,17520348.95773958,27453451.390167236,,16,1488,False
44,plate14,2,64,1.0,1e-08,0,17248919.39337945,27453451.390167236,,16,1488,False
44,plate14,2,80,1.0,1e-08,0,17223408.54129663,27453451.390167236,,16,1488,False
44,plate14,2,92,1.0,1e-08,0,17222413.08917015,27453451.390167236,,16,1488,False
44,plate14,4,0,0.0,1e-08,0,,,,0,0,False
44,plate14,4,1,0.5,100.0,2,20817770.467927612,20727583.234077726,20729143.374286696,32,2976,False
44,plate14,4,2,0.5,100.0,2,19079199.44800262,20726640.73985583,20727365.380741507,32,2976,False
44,plate14,4,4,0.75,100.0,2,17687246.005827803,20728889.15464354,20729177.014259137,32,2976,False
44,plate14,4,8,0.75,100.0,2,16669621.155764101,20723478.53728762,20723599.765001822,32,2976,False
44,plate14,4,16,1.0,100.0,2,16010140.568145743,20720981.002869528,20721000.013567936,32,2976,False
44,plate14,4,32,1.0,100.0,2,15547830.538383182,20721915.507762477,20721920.73122974,32,2976,False
44,plate14,4,64,1.0,1000.0,2,15308381.025229337,20719953.319224305,20719966.126934398,32,2976,False
44,plate14,4,80,1.0,1000.0,2,15285024.78015212,20719494.636795312,20719512.093385085,32,2976,False
44,plate14,4,92,1.0,1000.0,2,15284126.208184818,20719470.260231532,20719489.436294198,32,2976,False
44,plate14,8,0,0.0,1e-08,0,,,,0,0,False
44,plate14,8,1,0.5,100.0,4,26462684.894314103,27944299.904431418,28042797.85885144,40,3720,False
44,plate14,8,2,0.5,100.0,4,24249012.79909115,27928964.15265479,28029017.612959683,40,3720,False
44,plate14,8,4,0.75,100.0,4,22514518.34940162,27906215.498477202,28005884.146256313,40,3720,False
44,plate14,8,8,0.75,1000.0,4,21125095.355910596,27895567.448334135,27995780.548131455,40,3720,False
44,plate14,8,16,1.0,100.0,4,20271381.67711897,27890693.239326406,27991169.37292959,40,3720,False
44,plate14,8,32,1.0,1000.0,4,19656606.681641307,27889712.14767207,27990379.061480604,40,3720,False
44,plate14,8,64,1.0,1000.0,4,19347898.376933068,27887114.83869017,27988880.524110526,40,3720,False
44,plate14,8,80,1.0,1000.0,4,19316564.095265474,27886879.15636009,27988761.53829203,40,3720,False
44,plate14,8,92,1.0,1000.0,4,19315447.418194767,27886858.83765035,27988744.363005716,40,3720,False
44,plate14,16,0,0.0,1e-08,0,,,,0,0,False
44,plate14,16,1,0.5,1000.0,8,24288432.6908293,27289003.086821992,27334565.023500208,40,3720,False
44,plate14,16,2,0.5,1000.0,8,22245986.94307832,27270019.29843414,27320049.936698355,40,3720,False
44,plate14,16,4,0.75,1000.0,8,20651674.93884501,27242564.178371057,27294170.529494524,40,3720,False
44,plate14,16,8,0.75,1000.0,8,19385346.75397723,27225700.182618573,27279008.394820627,40,3720,False
44,plate14,16,16,1.0,1000.0,8,18602201.564381834,27219613.311223477,27274191.69651448,40,3720,False
44,plate14,16,32,1.0,1000.0,8,18037353.931092434,27218489.027574748,27272800.58381063,40,3720,False
44,plate14,16,64,1.0,1000.0,8,17753898.632249992,27214240.27922162,27270042.999080997,40,3720,False
44,plate14,16,80,1.0,1000.0,8,17725228.09153481,27213893.42775396,27269865.605904274,40,3720,False
44,plate14,16,92,1.0,1000.0,8,17724194.285786174,27213853.47942148,27269839.349894535,40,3720,False
44,plate14,24,0,0.0,1e-08,0,,,,0,0,False
44,plate14,24,1,0.5,1000.0,16,23922430.084519494,27087160.546923887,27124646.935790807,40,3720,False
44,plate14,24,2,0.5,1000.0,16,21904622.300481297,27064956.74938228,27096644.044859514,40,3720,False
44,plate14,24,4,0.75,1000.0,16,20332461.9117469,27036022.81405887,27062912.419739712,40,3720,False
44,plate14,24,8,0.75,1000.0,16,19087406.633189514,27017437.740795944,27044159.182484336,40,3720,False
44,plate14,24,16,1.0,1000.0,16,18317275.462235156,27009056.05434857,27036868.897968013,40,3720,False
44,plate14,24,32,1.0,1000.0,16,17761188.410948407,27008786.012270413,27036431.232095536,40,3720,False
44,plate14,24,64,1.0,1000.0,16,17482031.329056144,27003294.376879714,27031973.035520323,40,3720,False
44,plate14,24,80,1.0,1000.0,16,17453758.1755612,27002709.137872335,27031560.367161967,40,3720,False
44,plate14,24,92,1.0,1000.0,16,17452737.542582102,27002661.170813594,27031518.839211132,40,3720,False
44,plate14,32,0,0.0,1e-08,0,,,,0,0,False
44,plate14,32,1,0.5,1000.0,24,23735733.603343833,26999800.301042702,27035530.282671075,40,3720,False
44,plate14,32,2,0.5,1000.0,24,21731179.708761573,26969242.25866351,26995557.782297883,40,3720,False
44,plate14,32,4,0.75,1000.0,24,20173287.0711476,26941615.372113075,26962237.28598266,40,3720,False
44,plate14,32,8,0.75,1000.0,24,18936868.16900934,26919795.67126227,26938305.042900056,40,3720,False
44,plate14,32,16,1.0,1000.0,24,18173851.060373407,26908816.398014795,26928017.042298198,40,3720,False
44,plate14,32,32,1.0,1000.0,24,17622051.881791368,26907310.370812014,26926517.713484567,40,3720,False
44,plate14,32,64,1.0,1000.0,24,17345392.950839013,26901079.644023057,26920994.88527899,40,3720,False
44,plate14,32,80,1.0,1000.0,24,17317391.58864043,26900305.596485097,26920379.983915627,40,3720,False
44,plate14,32,92,1.0,1000.0,24,17316376.757611986,26900248.413299456,26920326.293171268,40,3720,False
44,plate14,40,0,0.0,1e-08,0,,,,0,0,False
44,plate14,40,1,0.5,1000.0,16,23576478.4254106,26940835.02304275,26979074.920538824,40,3720,False
44,plate14,40,2,0.5,1000.0,32,21583135.18023043,26911291.237789612,26936766.4027217,40,3720,False
44,plate14,40,4,0.75,1000.0,32,20037096.56894007,26881111.021673385,26897868.661330756,40,3720,False
44,plate14,40,8,0.75,1000.0,32,18809365.978323657,26857665.780800045,26871615.85304616,40,3720,False
44,plate14,40,16,1.0,1000.0,32,18051161.372751437,26845076.381684266,26859785.746472202,40,3720,False
44,plate14,40,32,1.0,1000.0,32,17502729.606368914,26842704.875269014,26857434.687163547,40,3720,False
44,plate14,40,64,1.0,1000.0,32,17227905.328116965,26835561.20387186,26850775.79393401,40,3720,False
44,plate14,40,80,1.0,1000.0,32,17200096.02899177,26834679.468761407,26850028.412599653,40,3720,False
44,plate14,40,92,1.0,1000.0,32,17199087.413537953,26834609.57057715,26849960.62836888,40,3720,False
44,plate14,49,0,0.0,1e-08,0,,,,0,0,False
44,plate14,49,1,0.5,1000.0,32,23511618.54226367,26896847.34494902,26934144.45884781,40,3720,False
44,plate14,49,2,0.5,1000.0,32,21521718.21089238,26863602.784308743,26892743.170990087,40,3720,False
44,plate14,49,4,0.75,1000.0,32,19981111.430934966,26830990.54044631,26856305.67243074,40,3720,False
44,plate14,49,8,0.75,1000.0,32,18757651.221397076,26803885.48839875,26827623.72107915,40,3720,False
44,plate14,49,16,1.0,1000.0,32,18001341.70668539,26789875.30579657,26815400.558150593,40,3720,False
44,plate14,49,32,1.0,1000.0,32,17454623.221755594,26787987.8789858,26813715.011726633,40,3720,False
44,plate14,49,64,1.0,1000.0,32,17180433.100412212,26779856.28060242,26806768.36051511,40,3720,False
44,plate14,49,80,1.0,1000.0,32,17152666.09833717,26778846.68802762,26806016.581847828,40,3720,False
44,plate14,49,92,1.0,1000.0,32,17151656.95438561,26778765.50001306,26805952.654474314,40,3720,False
45,plate6,1,0,0.0,1e-08,0,,,,0,0,False
45,plate6,1,1,0.0,1e-08,0,,,,0,0,False
45,plate6,1,2,0.0,1e-08,0,,,,0,0,False
45,plate6,1,4,0.0,1e-08,0,,,,0,0,False
45,plate6,1,8,0.0,1e-08,0,,,,0,0,False
45,plate6,1,16,0.0,1e-08,0,,,,0,0,False
45,plate6,1,32,0.0,1e-08,0,,,,0,0,False
45,plate6,1,64,0.0,1e-08,0,,,,0,0,False
45,plate6,1,80,0.0,1e-08,0,,,,0,0,False
45,plate6,1,92,0.0,1e-08,0,,,,0,0,False
45,plate6,2,0,0.0,1e-08,0,,,,0,0,False
45,plate6,2,1,0.25,1e-08,0,8578721.973293066,9109403.73413086,,16,1488,False
45,plate6,2,2,0.5,1e-08,0,8219050.53324151,9109403.73413086,,16,1488,False
45,plate6,2,4,0.5,1e-08,0,7772176.9184682965,9109403.73413086,,16,1488,False
45,plate6,2,8,0.75,1e-08,0,7383308.861903228,9109403.73413086,,16,1488,False
45,plate6,2,16,0.75,1e-08,0,7153746.895445657,9109403.73413086,,16,1488,False
45,plate6,2,32,1.0,1e-08,0,6975001.566839534,9109403.73413086,,16,1488,False
45,plate6,2,64,1.0,1e-08,0,6856842.488526753,9109403.73413086,,16,1488,False
45,plate6,2,80,1.0,1e-08,0,6846649.827786104,9109403.73413086,,16,1488,False
45,plate6,2,92,1.0,1e-08,0,6846532.2156561855,9109403.73413086,,16,1488,False
45,plate6,4,0,0.0,1e-08,0,,,,0,0,False
45,plate6,4,1,0.25,100.0,2,11605901.268174982,11322039.532189097,11325178.112574838,32,2976,False
45,plate6,4,2,0.5,1000.0,2,11067834.93362646,11316158.21797484,11318769.703549935,32,2976,False
45,plate6,4,4,0.5,1000.0,2,10528638.41409467,11310345.157495094,11314853.48500046,32,2976,False
45,plate6,4,8,0.75,1000.0,2,9982668.568642162,11309679.832227876,11312822.558144284,32,2976,False
45,plate6,4,16,0.75,1000.0,2,9663090.83145405,11324059.33979708,11325385.451525943,32,2976,False
45,plate6,4,32,1.0,1000.0,2,9409473.790619051,11313258.515489291,11314113.809921758,32,2976,False
45,plate6,4,64,1.0,1000.0,2,9257141.165892843,11298372.799719946,11298486.342692815,32,2976,False
45,plate6,4,80,1.0,1000.0,2,9243955.69971093,11299703.122305397,11299783.0875929,32,2976,False
45,plate6,4,92,1.0,1000.0,2,9243884.222428381,11299726.202097615,11299803.468988003,32,2976,False
45,plate6,8,0,0.0,1e-08,0,,,,0,0,False
45,plate6,8,1,0.25,100.0,4,11747435.931973364,11766551.345529692,11800455.209271142,40,3720,False
45,plate6,8,2,0.5,1000.0,4,11200129.605468873,11753853.258682976,11790278.613629617,40,3720,False
45,plate6,8,4,0.5,1000.0,4,10663434.064671453,11755346.659370396,11793022.304721262,40,3720,False
45,plate6,8,8,0.75,1000.0,4,10106355.650393175,11745217.440847,11782454.699269231,40,3720,False
45,plate6,8,16,0.75,1000.0,4,9783751.467798473,11748663.572581006,11784901.927456643,40,3720,False
45,plate6,8,32,1.0,1000.0,4,9526511.800593808,11740246.79339938,11777591.465775466,40,3720,False
45,plate6,8,64,1.0,1000.0,4,9372778.433054565,11732944.653164709,11771766.2457781,40,3720,False
45,plate6,8,80,1.0,1000.0,4,9359827.597729277,11733553.568938855,11772334.159211595,40,3720,False
45,plate6,8,92,1.0,1000.0,4,9359737.803725662,11733572.38657192,11772354.18219399,40,3720,False
45,plate6,16,0,0.0,1e-08,0,,,,0,0,False
45,plate6,16,1,0.25,100.0,8,11256500.62729401,11255921.132823654,11291221.296297798,40,3720,False
45,plate6,16,2,0.5,100.0,8,10725283.842400085,11239067.59054759,11278388.821787568,40,3720,False
45,plate6,16,4,0.5,100.0,8,10212675.909012,11241184.239266036,11280667.553436348,40,3720,False
45,plate6,16,8,0.75,1000.0,8,9678516.887331106,11230865.943282615,11271331.9846477,40,3720,False
45,plate6,16,16,0.75,1000.0,8,9370099.472701017,11234097.631984279,11273596.00925471,40,3720,False
45,plate6,16,32,1.0,1000.0,8,9123140.440626303,11222075.400108049,11264362.051788822,40,3720,False
45,plate6,16,64,1.0,1000.0,8,8976966.93419157,11213647.426739777,11258582.595601326,40,3720,False
45,plate6,16,80,1.0,1000.0,8,8964083.488254819,11214132.840635374,11259061.892280597,40,3720,False
45,plate6,16,92,1.0,1000.0,8,8963984.627214007,11214179.407669852,11259071.892157909,40,3720,False
45,plate6,24,0,0.0,1e-08,0,,,,0,0,False
45,plate6,24,1,0.25,1000.0,16,10876624.455460781,11069357.758539114,11089898.321624026,40,3720,False
45,plate6,24,2,0.5,100.0,16,10365410.711286481,11050088.732141778,11069540.890858792,40,3720,False
45,plate6,24,4,0.5,100.0,16,9868213.409729334,11048151.33451103,11069963.590501074,40,3720,False
45,plate6,24,8,0.75,1000.0,16,9352726.799588462,11037225.706478642,11058206.47111105,40,3720,False
45,plate6,24,16,0.75,1000.0,16,9055650.835838167,11040425.078322597,11061309.089642372,40,3720,False
45,plate6,24,32,1.0,1000.0,16,8817181.99264747,11029038.359694194,11050446.784845779,40,3720,False
45,plate6,24,64,1.0,1000.0,16,8675481.000897923,11022239.925361346,11044145.560523242,40,3720,False
45,plate6,24,80,1.0,1000.0,16,8663210.622478837,11023322.302325113,11045077.80999849,40,3720,False
45,plate6,24,92,1.0,1000.0,16,8663138.323797217,11023415.701737845,11045134.891699148,40,3720,False
45,plate6,32,0,0.0,1e-08,0,,,,0,0,False
45,plate6,32,1,0.25,1000.0,24,10661576.727556871,10980891.836507276,10992596.016180564,40,3720,False
45,plate6,32,2,0.5,100.0,24,10160452.878461277,10960190.53756919,10968716.612444926,40,3720,False
45,plate6,32,4,0.5,100.0,24,9672741.726304118,10955868.450472357,10966624.114191798,40,3720,False
45,plate6,32,8,0.75,1000.0,24,9168700.392184246,10944901.858099407,10955260.818989286,40,3720,False
45,plate6,32,16,0.75,1000.0,24,8876555.55022209,10948310.407599963,10959067.928650983,40,3720,False
45,plate6,32,32,1.0,1000.0,24,8642644.019821208,10935361.14283258,10947029.075159505,40,3720,False
45,plate6,32,64,1.0,1000.0,24,8503567.541797053,10927418.78384689,10939474.066100605,40,3720,False
45,plate6,32,80,1.0,1000.0,24,8491613.198875325,10928690.851521906,10940590.822106069,40,3720,False
45,plate6,32,92,1.0,1000.0,24,8491554.165813806,10928810.747183563,10940692.762652857,40,3720,False
45,plate6,40,0,0.0,1e-08,0,,,,0,0,False
45,plate6,40,1,0.25,1000.0,32,10534414.111829555,10925408.154679185,10937353.635626124,40,3720,False
45,plate6,40,2,0.5,100.0,32,10038774.746794166,10903292.405902924,10909857.213370763,40,3720,False
45,plate6,40,4,0.5,100.0,32,9557386.482281446,10897523.92894243,10905697.146883553,40,3720,False
45,plate6,40,8,0.75,100.0,32,9060142.1084153,10884721.3325677,10892377.822562994,40,3720,False
45,plate6,40,16,0.75,1000.0,32,8771284.45084023,10887945.064406943,10896569.194774613,40,3720,False
45,plate6,40,32,1.0,1000.0,32,8540133.169477534,10874077.02433773,10882896.130898189,40,3720,False
45,plate6,40,64,1.0,1000.0,32,8402651.745017232,10865120.561608113,10874016.611630982,40,3720,False
45,plate6,40,80,1.0,1000.0,32,8390832.022117158,10866387.946457814,10875200.275065841,40,3720,False
45,plate6,40,92,1.0,1000.0,32,8390787.044063896,10866541.503128633,10875344.246577084,40,3720,False
45,plate6,49,0,0.0,1e-08,0,,,,0,0,False
45,plate6,49,1,0.25,1000.0,32,10473245.707766375,10872347.89605497,10889595.958349548,40,3720,False
45,plate6,49,2,0.5,1000.0,32,9980117.692550732,10848214.018264005,10861227.449263446,40,3720,False
45,plate6,49,4,0.5,100.0,32,9501958.725660056,10841754.092125472,10856715.39130129,40,3720,False
45,plate6,49,8,0.75,1000.0,32,9006902.022928685,10829717.627015382,10844522.437171161,40,3720,False
45,plate6,49,16,0.75,1000.0,32,8719520.45186687,10833171.838041214,10850274.499926897,40,3720,False
45,plate6,49,32,1.0,1000.0,32,8489228.027327169,10817943.140178695,10836504.288531968,40,3720,False
45,plate6,49,64,1.0,1000.0,32,8352750.23288961,10807936.94530262,10827797.620487114,40,3720,False
45,plate6,49,80,1.0,1000.0,32,8341076.726253325,10809458.936464723,10829110.832024742,40,3720,False
45,plate6,49,92,1.0,1000.0,32,8341025.835331272,10809646.304586424,10829260.225833477,40,3720,False
45,plate14,1,0,0.0,1e-08,0,,,,0,0,False
45,plate14,1,1,0.0,1e-08,0,,,,0,0,False
45,plate14,1,2,0.0,1e-08,0,,,,0,0,False
45,plate14,1,4,0.0,1e-08,0,,,,0,0,False
45,plate14,1,8,0.0,1e-08,0,,,,0,0,False
45,plate14,1,16,0.0,1e-08,0,,,,0,0,False
45,plate14,1,32,0.0,1e-08,0,,,,0,0,False
45,plate14,1,64,0.0,1e-08,0,,,,0,0,False
45,plate14,1,80,0.0,1e-08,0,,,,0,0,False
45,plate14,1,92,0.0,1e-08,0,,,,0,0,False
45,plate14,2,0,0.0,1e-08,0,,,,0,0,False
45,plate14,2,1,0.25,1e-08,0,9459840.73436594,10806522.287658691,,16,1488,False
45,plate14,2,2,0.5,1e-08,0,8607834.26033187,10806522.287658691,,16,1488,False
45,plate14,2,4,0.75,1e-08,0,7883291.0916512925,10806522.287658691,,16,1488,False
45,plate14,2,8,0.75,1e-08,0,7397209.180736714,10806522.287658691,,16,1488,False
45,plate14,2,16,1.0,1e-08,0,7104291.523041429,10806522.287658691,,16,1488,False
45,plate14,2,32,1.0,1e-08,0,6888264.284434997,10806522.287658691,,16,1488,False
45,plate14,2,64,1.0,1e-08,0,6783797.385135228,10806522.287658691,,16,1488,False
45,plate14,2,80,1.0,1e-08,0,6773882.054613472,10806522.287658691,,16,1488,False
45,plate14,2,92,1.0,1e-08,0,6773578.001961881,10806522.287658691,,16,1488,False
45,plate14,4,0,0.0,1e-08,0,,,,0,0,False
45,plate14,4,1,0.5,100.0,2,12838846.357167244,13584122.727986395,13587152.975816267,32,2976,False
45,plate14,4,2,0.5,1000.0,2,11712270.81054938,13579606.35458108,13581911.864978226,32,2976,False
45,plate14,4,4,0.75,1000.0,2,10724293.549237356,13575168.402638795,13578253.00890818,32,2976,False
45,plate14,4,8,0.75,1000.0,2,10105250.142743304,13575887.312144006,13577622.276954025,32,2976,False
45,plate14,4,16,1.0,1000.0,2,9688140.063392244,13581739.925607363,13582609.337124126,32,2976,False
45,plate14,4,32,1.0,1000.0,2,9389476.512667349,13577180.728410343,13577674.099476,32,2976,False
45,plate14,4,64,1.0,1000.0,2,9247722.64835587,13572997.654203162,13573094.247677617,32,2976,False
45,plate14,4,80,1.0,1000.0,2,9233591.997386102,13573124.484706232,13573172.997119602,32,2976,False
45,plate14,4,92,1.0,1000.0,2,9233277.794367433,13573187.118498348,13573233.6479673,32,2976,False
45,plate14,8,0,0.0,1e-08,0,,,,0,0,False
45,plate14,8,1,0.5,100.0,4,13154887.199529178,14289639.26087223,14329814.525279362,40,3720,False
45,plate14,8,2,0.5,100.0,4,12004669.39292939,14284365.40511852,14326466.32902836,40,3720,False
45,plate14,8,4,0.75,100.0,4,11002179.298238,14281468.3020383,14324022.65381934,40,3720,False
45,plate14,8,8,0.75,1000.0,4,10382519.846311342,14280598.176569445,14323666.669309815,40,3720,False
45,plate14,8,16,1.0,1000.0,4,9955485.30707108,14283484.227270525,14326084.005424794,40,3720,False
45,plate14,8,32,1.0,1000.0,4,9648248.30993675,14280311.897548387,14322897.075915033,40,3720,False
45,plate14,8,64,1.0,1000.0,4,9502614.199649896,14278236.47066108,14321337.75980963,40,3720,False
45,plate14,8,80,1.0,1000.0,4,9488182.92178153,14278359.832652282,14321451.526252951,40,3720,False
45,plate14,8,92,1.0,1000.0,4,9487864.48850295,14278403.158995507,14321471.075356113,40,3720,False
45,plate14,16,0,0.0,1e-08,0,,,,0,0,False
45,plate14,16,1,0.5,100.0,8,12584670.050236119,13659403.84223815,13702612.071518516,40,3720,False
45,plate14,16,2,0.5,100.0,8,11490444.815104911,13650095.439007577,13697292.492678083,40,3720,False
45,plate14,16,4,0.75,100.0,8,10532491.097402716,13645516.300224928,13694978.863563597,40,3720,False
45,plate14,16,8,0.75,100.0,8,9938608.522052025,13645152.645267515,13694540.383625641,40,3720,False
45,plate14,16,16,1.0,1000.0,8,9528259.234139629,13648106.281941744,13696179.711855846,40,3720,False
45,plate14,16,32,1.0,1000.0,8,9234550.539391937,13644343.573782414,13693814.252287218,40,3720,False
45,plate14,16,64,1.0,1000.0,8,9095412.408671241,13641563.19560607,13692497.06394825,40,3720,False
45,plate14,16,80,1.0,1000.0,8,9081494.581569975,13641759.542514358,13692608.79849586,40,3720,False
45,plate14,16,92,1.0,1000.0,8,9081178.722337883,13641799.931433022,13692617.719893228,40,3720,False
45,plate14,24,0,0.0,1e-08,0,,,,0,0,False
45,plate14,24,1,0.5,1000.0,16,12155069.132814229,13446675.956471188,13467597.445398692,40,3720,False
45,plate14,24,2,0.5,1000.0,16,11098433.53658477,13435997.142821254,13457211.600453272,40,3720,False
45,plate14,24,4,0.75,100.0,16,10168087.915062493,13429148.225898156,13451774.050840417,40,3720,False
45,plate14,24,8,0.75,100.0,16,9594905.255911667,13426684.867075983,13450179.429942224,40,3720,False
45,plate14,24,16,1.0,1000.0,16,9197330.42506116,13430176.95547547,13452930.510063319,40,3720,False
45,plate14,24,32,1.0,1000.0,16,8913765.796581756,13425561.98893704,13449343.547805546,40,3720,False
45,plate14,24,64,1.0,1000.0,16,8779513.703678314,13422457.152678836,13447106.819907645,40,3720,False
45,plate14,24,80,1.0,1000.0,16,8766135.113072567,13422712.75332855,13447205.689609224,40,3720,False
45,plate14,24,92,1.0,1000.0,16,8765842.325869627,13422778.295135234,13447249.596892487,40,3720,False
45,plate14,32,0,0.0,1e-08,0,,,,0,0,False
45,plate14,32,1,0.5,1000.0,24,11922773.273562746,13346749.540292474,13364661.734259544,40,3720,False
45,plate14,32,2,0.5,1000.0,24,10886443.367118165,13335923.099920612,13350917.723256992,40,3720,False
45,plate14,32,4,0.75,100.0,24,9972133.684490683,13327740.860554121,13343550.601101091,40,3720,False
45,plate14,32,8,0.75,100.0,24,9410106.551754864,13324030.970832486,13340607.17686431,40,3720,False
45,plate14,32,16,1.0,1000.0,24,9020357.821573699,13329243.54230155,13345638.550014189,40,3720,False
45,plate14,32,32,1.0,1000.0,24,8741874.940467075,13322953.225324463,13339919.098725596,40,3720,False
45,plate14,32,64,1.0,1000.0,24,8610233.947736656,13318919.389675938,13336538.496291254,40,3720,False
45,plate14,32,80,1.0,1000.0,24,8597127.575165402,13319275.769080212,13336814.157151563,40,3720,False
45,plate14,32,92,1.0,1000.0,24,8596841.849710302,13319340.254936717,13336864.25278631,40,3720,False
45,plate14,40,0,0.0,1e-08,0,,,,0,0,False
45,plate14,40,1,0.5,1000.0,32,11782271.140973506,13282527.928673565,13297749.421988254,40,3720,False
45,plate14,40,2,0.5,1000.0,32,10757592.4249228,13270601.766128188,13281583.095918966,40,3720,False
45,plate14,40,4,0.75,1000.0,32,9853129.045924762,13261278.658081446,13271497.534909384,40,3720,False
45,plate14,40,8,0.75,100.0,32,9297625.272719948,13257002.503037749,13268186.041921355,40,3720,False
45,plate14,40,16,1.0,1000.0,32,8912211.012597205,13261972.56106997,13273847.624010513,40,3720,False
45,plate14,40,32,1.0,1000.0,32,8637149.598589472,13254808.35024371,13266789.03207068,40,3720,False
45,plate14,40,64,1.0,1000.0,32,8507028.418514723,13250107.654473156,13262473.474061556,40,3720,False
45,plate14,40,80,1.0,1000.0,32,8494111.698426522,13250608.366534146,13262831.756165486,40,3720,False
45,plate14,40,92,1.0,1000.0,32,8493831.731210703,13250702.963787202,13262919.29229559,40,3720,False
45,plate14,49,0,0.0,1e-08,0,,,,0,0,False
45,plate14,49,1,0.5,1000.0,32,11715280.988618543,13234729.335023921,13254287.522335315,40,3720,False
45,plate14,49,2,0.5,1000.0,32,10697357.459533406,13221120.217059312,13238385.343999272,40,3720,False
45,plate14,49,4,0.75,1000.0,32,9796331.711977322,13211089.061394222,13229527.730737727,40,3720,False
45,plate14,49,8,0.75,100.0,32,9243836.206588477,13207740.108022053,13227602.158190886,40,3720,False
45,plate14,49,16,1.0,1000.0,32,8859879.875856074,13212094.427441455,13232368.684604524,40,3720,False
45,plate14,49,32,1.0,1000.0,32,8586478.897443539,13204004.229112413,13225552.632126804,40,3720,False
45,plate14,49,64,1.0,1000.0,32,8457050.751593005,13198543.370218053,13220926.142311603,40,3720,False
45,plate14,49,80,1.0,1000.0,32,8444216.793145526,13199242.73278766,13221436.69958957,40,3720,False
45,plate14,49,92,1.0,1000.0,32,8443936.720614247,13199348.391319979,13221517.33539119,40,3720,False
46,plate6,1,0,0.0,1e-08,0,,,,0,0,False
46,plate6,1,1,0.0,1e-08,0,,,,0,0,False
46,plate6,1,2,0.0,1e-08,0,,,,0,0,False
46,plate6,1,4,0.0,1e-08,0,,,,0,0,False
46,plate6,1,8,0.0,1e-08,0,,,,0,0,False
46,plate6,1,16,0.0,1e-08,0,,,,0,0,False
46,plate6,1,32,0.0,1e-08,0,,,,0,0,False
46,plate6,1,64,0.0,1e-08,0,,,,0,0,False
46,plate6,1,80,0.0,1e-08,0,,,,0,0,False
46,plate6,1,92,0.0,1e-08,0,,,,0,0,False
46,plate6,2,0,0.0,1e-08,0,,,,0,0,False
46,plate6,2,1,0.25,1e-08,0,10533815.867570877,11228743.022583008,,16,1488,False
46,plate6,2,2,0.5,1e-08,0,10009199.395135581,11228743.022583008,,16,1488,False
46,plate6,2,4,0.5,1e-08,0,9541541.462075531,11228743.022583008,,16,1488,False
46,plate6,2,8,0.75,1e-08,0,9016659.086961677,11228743.022583008,,16,1488,False
46,plate6,2,16,0.75,1e-08,0,8767429.003016403,11228743.022583008,,16,1488,False
46,plate6,2,32,1.0,1e-08,0,8550076.986203989,11228743.022583008,,16,1488,False
46,plate6,2,64,1.0,1e-08,0,8435968.57500865,11228743.022583008,,16,1488,False
46,plate6,2,80,1.0,1e-08,0,8421091.356350092,11228743.022583008,,16,1488,False
46,plate6,2,92,1.0,1e-08,0,8420433.553653099,11228743.022583008,,16,1488,False
46,plate6,4,0,0.0,1e-08,0,,,,0,0,False
46,plate6,4,1,0.25,100.0,2,11181502.830091557,10788717.809810514,10790092.918933958,32,2976,False
46,plate6,4,2,0.5,100.0,2,10624689.028346473,10784062.957231874,10784953.413966566,32,2976,False
46,plate6,4,4,0.5,1000.0,2,10120914.583229829,10785270.523512116,10786181.1872342,32,2976,False
46,plate6,4,8,0.75,1000.0,2,9572464.873102926,10776516.32412714,10776849.9338669,32,2976,False
46,plate6,4,16,0.75,1000.0,2,9320692.77906786,10773240.461565712,10773494.017253892,32,2976,False
46,plate6,4,32,1.0,1000.0,2,9093535.892797157,10770189.641556941,10770347.29316285,32,2976,False
46,plate6,4,64,1.0,1000.0,2,8970997.019850234,10770052.063826937,10770055.040888896,32,2976,False
46,plate6,4,80,1.0,1000.0,2,8955716.141088855,10769721.189890683,10769746.92492328,32,2976,False
46,plate6,4,92,1.0,1000.0,2,8955009.571139222,10769680.367922844,10769707.294130476,32,2976,False
46,plate6,8,0,0.0,1e-08,0,,,,0,0,False
46,plate6,8,1,0.25,100.0,4,12504912.148287829,11759777.642735671,11808457.4435398,40,3720,False
46,plate6,8,2,0.5,100.0,4,11869502.24766017,11740987.882995265,11789633.768019078,40,3720,False
46,plate6,8,4,0.75,1000.0,4,11284741.61904454,11739460.852088202,11786768.93509762,40,3720,False
46,plate6,8,8,0.75,1000.0,4,10671235.86766869,11723337.278472725,11771392.994631762,40,3720,False
46,plate6,8,16,0.75,1000.0,4,10392619.166338785,11720972.893304748,11769620.586635293,40,3720,False
46,plate6,8,32,1.0,1000.0,4,10137130.5915226,11714099.514615493,11764268.154836528,40,3720,False
46,plate6,8,64,1.0,1000.0,4,9996872.778782591,11712162.89384512,11763391.850362264,40,3720,False
46,plate6,8,80,1.0,1000.0,4,9979855.052758075,11711390.003358679,11762852.718251625,40,3720,False
46,plate6,8,92,1.0,1000.0,4,9979059.124538416,11711342.000119328,11762810.631467277,40,3720,False
46,plate6,16,0,0.0,1e-08,0,,,,0,0,False
46,plate6,16,1,0.25,100.0,8,11258090.73433954,11184868.535612656,11225604.390179731,40,3720,False
46,plate6,16,2,0.5,100.0,8,10698317.895116908,11164818.739206491,11206270.706035081,40,3720,False
46,plate6,16,4,0.5,1000.0,8,10178386.735803382,11164460.825093431,11200841.884723136,40,3720,False
46,plate6,16,8,0.75,1000.0,8,9623999.800483968,11147757.709185038,11186537.987110429,40,3720,False
46,plate6,16,16,0.75,1000.0,8,9373944.967139134,11143994.480192883,11184123.116948923,40,3720,False
46,plate6,16,32,1.0,1000.0,8,9145938.914205933,11132510.338121273,11175056.658702902,40,3720,False
46,plate6,16,64,1.0,1000.0,8,9020255.5173101,11129398.140664982,11172851.119113807,40,3720,False
46,plate6,16,80,1.0,1000.0,8,9004753.248311931,11128359.672928685,11172256.548212249,40,3720,False
46,plate6,16,92,1.0,1000.0,8,9004003.017317837,11128296.474929892,11172205.925364668,40,3720,False
46,plate6,24,0,0.0,1e-08,0,,,,0,0,False
46,plate6,24,1,0.25,100.0,16,10885379.033561708,10984823.526570192,11006589.886324707,40,3720,False
46,plate6,24,2,0.5,100.0,16,10343136.674858965,10959598.362048477,10981409.346635547,40,3720,False
46,plate6,24,4,0.5,1000.0,16,9844607.443763271,10959246.122185258,10987401.701542484,40,3720,False
46,plate6,24,8,0.75,1000.0,16,9309277.047334503,10936885.267627483,10964543.260350917,40,3720,False
46,plate6,24,16,0.75,1000.0,16,9067681.387793927,10931934.014054384,10958657.50814171,40,3720,False
46,plate6,24,32,1.0,1000.0,16,8848039.460499998,10917587.272762919,10945873.73619632,40,3720,False
46,plate6,24,64,1.0,1000.0,16,8726316.878911115,10913002.99863148,10941981.404396823,40,3720,False
46,plate6,24,80,1.0,1000.0,16,8711397.63195498,10911970.550766341,10941071.134605177,40,3720,False
46,plate6,24,92,1.0,1000.0,16,8710682.607573181,10911890.94985087,10941004.032056322,40,3720,False
46,plate6,32,0,0.0,1e-08,0,,,,0,0,False
46,plate6,32,1,0.25,100.0,24,10636095.814387823,10887386.134819102,10904004.124115905,40,3720,False
46,plate6,32,2,0.5,100.0,24,10107963.926787805,10860536.406263005,10877074.359378273,40,3720,False
46,plate6,32,4,0.5,1000.0,24,9621933.504142284,10858966.559336592,10879199.37874815,40,3720,False
46,plate6,32,8,0.75,1000.0,24,9100115.41569989,10836294.85523133,10856079.472570928,40,3720,False
46,plate6,32,16,0.75,1000.0,24,8864800.959229033,10830573.005529994,10850727.614739552,40,3720,False
46,plate6,32,32,1.0,1000.0,24,8650686.615322227,10815020.368976042,10835772.965103058,40,3720,False
46,plate6,32,64,1.0,1000.0,24,8532251.115937952,10810347.150800163,10831059.971400399,40,3720,False
46,plate6,32,80,1.0,1000.0,24,8517641.905108722,10809064.658050928,10829932.059172321,40,3720,False
46,plate6,32,92,1.0,1000.0,24,8516952.209796276,10808966.753551874,10829841.690998105,40,3720,False
46,plate6,40,0,0.0,1e-08,0,,,,0,0,False
46,plate6,40,1,0.25,100.0,32,10472353.501331111,10815353.279146496,10826567.474916095,40,3720,False
46,plate6,40,2,0.5,100.0,32,9952825.507059937,10784283.181927409,10796090.176167378,40,3720,False
46,plate6,40,4,0.5,1000.0,32,9474392.483242208,10780040.31206023,10795402.050967919,40,3720,False
46,plate6,40,8,0.75,1000.0,32,8961449.980659986,10757212.720151342,10771835.100171832,40,3720,False
46,plate6,40,16,0.75,1000.0,32,8729686.220295718,10751667.703197662,10766267.98813609,40,3720,False
46,plate6,40,32,1.0,1000.0,32,8519713.716233566,10735551.67697028,10750180.74520718,40,3720,False
46,plate6,40,64,1.0,1000.0,32,8403181.76207125,10730865.91416698,10745445.512108186,40,3720,False
46,plate6,40,80,1.0,1000.0,32,8388798.550049784,10729645.882583214,10744422.153807905,40,3720,False
46,plate6,40,92,1.0,1000.0,32,8388115.988097522,10729540.976402596,10744323.632880133,40,3720,False
46,plate6,49,0,0.0,1e-08,0,,,,0,0,False
46,plate6,49,1,0.25,100.0,32,10423960.987566704,10780358.67036704,10793574.024060031,40,3720,False
46,plate6,49,2,0.5,100.0,32,9905875.535001714,10744878.873321611,10762302.678313114,40,3720,False
46,plate6,49,4,0.5,1000.0,32,9429438.146736182,10736071.272461606,10759257.250036577,40,3720,False
46,plate6,49,8,0.75,1000.0,32,8920043.49012496,10711790.169262782,10736737.080498843,40,3720,False
46,plate6,49,16,0.75,1000.0,32,8689856.9169257,10707290.119353985,10732961.045481507,40,3720,False
46,plate6,49,32,1.0,1000.0,32,8480845.827472724,10689704.009658355,10716640.48022385,40,3720,False
46,plate6,49,64,1.0,1000.0,32,8364775.726961296,10684770.970696554,10712150.165135678,40,3720,False
46,plate6,49,80,1.0,1000.0,32,8350476.6135325255,10683488.626059627,10711139.17943523,40,3720,False
46,plate6,49,92,1.0,1000.0,32,8349802.339145699,10683372.920600412,10711037.902146228,40,3720,False
46,plate14,1,0,0.0,1e-08,0,,,,0,0,False
46,plate14,1,1,0.0,1e-08,0,,,,0,0,False
46,plate14,1,2,0.0,1e-08,0,,,,0,0,False
46,plate14,1,4,0.0,1e-08,0,,,,0,0,False
46,plate14,1,8,0.0,1e-08,0,,,,0,0,False
46,plate14,1,16,0.0,1e-08,0,,,,0,0,False
46,plate14,1,32,0.0,1e-08,0,,,,0,0,False
46,plate14,1,64,0.0,1e-08,0,,,,0,0,False
46,plate14,1,80,0.0,1e-08,0,,,,0,0,False
46,plate14,1,92,0.0,1e-08,0,,,,0,0,False
46,plate14,2,0,0.0,1e-08,0,,,,0,0,False
46,plate14,2,1,0.25,1e-08,0,12022833.962603688,13632015.49798584,,16,1488,False
46,plate14,2,2,0.5,1e-08,0,10917854.442753434,13632015.49798584,,16,1488,False
46,plate14,2,4,0.75,1e-08,0,9953617.37572107,13632015.49798584,,16,1488,False
46,plate14,2,8,0.75,1e-08,0,9356378.716836799,13632015.49798584,,16,1488,False
46,plate14,2,16,1.0,1e-08,0,8996444.355914235,13632015.49798584,,16,1488,False
46,plate14,2,32,1.0,1e-08,0,8734361.734517468,13632015.49798584,,16,1488,False
46,plate14,2,64,1.0,1e-08,0,8612063.45741591,13632015.49798584,,16,1488,False
46,plate14,2,80,1.0,1e-08,0,8598238.728593498,13632015.49798584,,16,1488,False
46,plate14,2,92,1.0,1e-08,0,8597762.462659089,13632015.49798584,,16,1488,False
46,plate14,4,0,0.0,1e-08,0,,,,0,0,False
46,plate14,4,1,0.25,100.0,2,12928739.400726795,13329690.277470332,13332234.86469518,32,2976,False
46,plate14,4,2,0.5,100.0,2,11688318.261196168,13322214.974744035,13323544.930523394,32,2976,False
46,plate14,4,4,0.75,1000.0,2,10650127.784281204,13314811.478609392,13316221.519812226,32,2976,False
46,plate14,4,8,0.75,1000.0,2,10045733.173780221,13311307.19878569,13312385.43380976,32,2976,False
46,plate14,4,16,1.0,1000.0,2,9647291.99711909,13309624.511615666,13310114.846507823,32,2976,False
46,plate14,4,32,1.0,1000.0,2,9369950.074004443,13307855.237348597,13308034.526043657,32,2976,False
46,plate14,4,64,1.0,100.0,2,9236641.583170876,13307518.0541544,13307518.871062404,32,2976,False
46,plate14,4,80,1.0,1000.0,2,9221462.63747862,13307654.834364792,13307671.371689834,32,2976,False
46,plate14,4,92,1.0,1000.0,2,9220936.74502088,13307628.586329471,13307646.89876673,32,2976,False
46,plate14,8,0,0.0,1e-08,0,,,,0,0,False
46,plate14,8,1,0.25,100.0,4,14603639.90952896,14900790.927972063,14952011.376245227,40,3720,False
46,plate14,8,2,0.5,100.0,4,13183715.810549958,14874893.058850732,14924357.150047898,40,3720,False
46,plate14,8,4,0.75,100.0,4,12021944.13224645,14859117.78435152,14908964.670043299,40,3720,False
46,plate14,8,8,0.75,100.0,4,11346559.967045564,14851334.538728274,14901539.949497135,40,3720,False
46,plate14,8,16,1.0,1000.0,4,10893804.475756165,14850131.994840711,14900049.68995484,40,3720,False
46,plate14,8,32,1.0,1000.0,4,10580776.704519467,14847213.87594347,14897863.799567526,40,3720,False
46,plate14,8,64,1.0,1000.0,4,10427801.656715497,14846678.559410006,14897658.798048628,40,3720,False
46,plate14,8,80,1.0,1000.0,4,10410459.215606177,14846451.216657158,14897518.470235378,40,3720,False
46,plate14,8,92,1.0,1000.0,4,10409851.933802065,14846419.320383105,14897494.567688996,40,3720,False
46,plate14,16,0,0.0,1e-08,0,,,,0,0,False
46,plate14,16,1,0.25,100.0,8,13262872.387725659,14231142.759059863,14280025.95704688,40,3720,False
46,plate14,16,2,0.5,100.0,8,11969821.373863647,14207144.093684262,14254520.075954573,40,3720,False
46,plate14,16,4,0.75,100.0,8,10908141.396787189,14192887.139623677,14239725.499013793,40,3720,False
46,plate14,16,8,0.75,100.0,8,10292693.011465805,14184110.370851247,14232203.693567388,40,3720,False
46,plate14,16,16,1.0,1000.0,8,9886224.760121593,14182818.993037065,14231050.738892816,40,3720,False
46,plate14,16,32,1.0,1000.0,8,9600657.444516169,14178101.560047038,14228076.022946762,40,3720,False
46,plate14,16,64,1.0,1000.0,8,9463032.156036874,14176038.539775604,14226917.969431378,40,3720,False
46,plate14,16,80,1.0,1000.0,8,9447401.707536245,14175694.682476263,14226674.288935544,40,3720,False
46,plate14,16,92,1.0,1000.0,8,9446836.634758739,14175657.001716193,14226654.065283824,40,3720,False
46,plate14,24,0,0.0,1e-08,0,,,,0,0,False
46,plate14,24,1,0.25,1000.0,16,12838408.286404261,13988287.152074676,14020596.591081103,40,3720,False
46,plate14,24,2,0.5,1000.0,16,11586713.38852454,13960914.397400951,13992520.229849488,40,3720,False
46,plate14,24,4,0.75,1000.0,16,10557260.42731486,13943222.823582362,13976478.01925099,40,3720,False
46,plate14,24,8,0.75,1000.0,16,9961174.198601913,13932649.318703113,13966545.489423374,40,3720,False
46,plate14,24,16,1.0,1000.0,16,9568184.184526661,13932145.525428712,13965111.130294055,40,3720,False
46,plate14,24,32,1.0,1000.0,16,9292099.813584091,13926097.173264451,13960176.517545562,40,3720,False
46,plate14,24,64,1.0,1000.0,16,9159051.672748484,13923703.728004472,13958155.179651981,40,3720,False
46,plate14,24,80,1.0,1000.0,16,9143964.92660914,13923247.769675773,13957753.39682064,40,3720,False
46,plate14,24,92,1.0,1000.0,16,9143411.767319972,13923197.74598192,13957715.378340319,40,3720,False
46,plate14,32,0,0.0,1e-08,0,,,,0,0,False
46,plate14,32,1,0.25,1000.0,24,12560547.562719515,13884724.851708641,13914418.964972425,40,3720,False
46,plate14,32,2,0.5,1000.0,24,11335992.130027637,13858031.550853688,13884699.806190139,40,3720,False
46,plate14,32,4,0.75,1000.0,24,10327974.825636249,13838483.219797993,13864995.217506217,40,3720,False
46,plate14,32,8,0.75,1000.0,24,9745269.92187092,13827028.7074685,13853621.48218606,40,3720,False
46,plate14,32,16,1.0,1000.0,24,9360900.050239602,13826036.556614114,13852638.770419495,40,3720,False
46,plate14,32,32,1.0,1000.0,24,9090764.855475018,13818913.727945937,13846140.293301934,40,3720,False
46,plate14,32,64,1.0,1000.0,24,8960896.814319989,13816772.166602807,13843992.806978768,40,3720,False
46,plate14,32,80,1.0,1000.0,24,8946146.57694975,13816053.724288305,13843348.790734958,40,3720,False
46,plate14,32,92,1.0,1000.0,24,8945600.611033764,13815994.150406351,13843298.743734596,40,3720,False
46,plate14,40,0,0.0,1e-08,0,,,,0,0,False
46,plate14,40,1,0.25,1000.0,32,12381095.327131901,13806717.64176968,13829743.187479988,40,3720,False
46,plate14,40,2,0.5,1000.0,32,11172652.533134356,13778512.70103458,13796508.579398314,40,3720,False
46,plate14,40,4,0.75,1000.0,32,10178331.646633914,13757424.908537343,13773736.277152004,40,3720,False
46,plate14,40,8,0.75,1000.0,32,9603434.73720365,13744901.311436761,13760591.69346396,40,3720,False
46,plate14,40,16,1.0,1000.0,32,9223953.116825879,13744137.502267525,13759641.187870853,40,3720,False
46,plate14,40,32,1.0,1000.0,32,8957971.823275317,13736306.781811628,13751872.099989891,40,3720,False
46,plate14,40,64,1.0,1000.0,32,8830018.252227722,13733834.465937722,13749675.922900306,40,3720,False
46,plate14,40,80,1.0,1000.0,32,8815493.564460555,13733000.540911129,13748922.41509036,40,3720,False
46,plate14,40,92,1.0,1000.0,32,8814949.407709302,13732930.309546491,13748859.727472693,40,3720,False
46,plate14,49,0,0.0,1e-08,0,,,,0,0,False
46,plate14,49,1,0.25,1000.0,32,12321416.983014856,13761217.318530912,13792922.821480246,40,3720,False
46,plate14,49,2,0.5,1000.0,32,11117987.530320205,13732260.382585488,13760179.089153554,40,3720,False
46,plate14,49,4,0.75,1000.0,32,10127728.482991297,13709458.45393027,13738174.84708417,40,3720,False
46,plate14,49,8,0.75,1000.0,32,9556013.161969475,13696149.385757864,13725030.88828932,40,3720,False
46,plate14,49,16,1.0,1000.0,32,9178585.66700344,13695634.89288678,13724735.95266789,40,3720,False
46,plate14,49,32,1.0,1000.0,32,8913823.55118113,13686764.096394764,13716182.74243256,40,3720,False
46,plate14,49,64,1.0,1000.0,32,8786421.044699105,13683785.981626727,13713784.67325031,40,3720,False
46,plate14,49,80,1.0,1000.0,32,8771963.651134448,13682960.042736279,13713009.443692757,40,3720,False
46,plate14,49,92,1.0,1000.0,32,8771421.6728046,13682882.553515827,13712948.862437317,40,3720,False
47,plate6,1,0,0.0,1e-08,0,,,,0,0,False
47,plate6,1,1,0.0,1e-08,0,,,,0,0,False
47,plate6,1,2,0.0,1e-08,0,,,,0,0,False
47,plate6,1,4,0.0,1e-08,0,,,,0,0,False
47,plate6,1,8,0.0,1e-08,0,,,,0,0,False
47,plate6,1,16,0.0,1e-08,0,,,,0,0,False
47,plate6,1,32,0.0,1e-08,0,,,,0,0,False
47,plate6,1,64,0.0,1e-08,0,,,,0,0,False
47,plate6,1,80,0.0,1e-08,0,,,,0,0,False
47,plate6,1,92,0.0,1e-08,0,,,,0,0,False
47,plate6,2,0,0.0,1e-08,0,,,,0,0,False
47,plate6,2,1,0.25,1e-08,0,20744608.279089272,22623760.69114685,,16,1488,False
47,plate6,2,2,0.5,1e-08,0,19769669.76138574,22623760.69114685,,16,1488,False
47,plate6,2,4,0.75,1e-08,0,18576869.125600785,22623760.69114685,,16,1488,False
47,plate6,2,8,0.75,1e-08,0,17691392.032095145,22623760.69114685,,16,1488,False
47,plate6,2,16,0.75,1e-08,0,17001785.51619654,22623760.69114685,,16,1488,False
47,plate6,2,32,1.0,1e-08,0,16496575.13136305,22623760.69114685,,16,1488,False
47,plate6,2,64,1.0,1e-08,0,16216200.013332374,22623760.69114685,,16,1488,False
47,plate6,2,80,1.0,1e-08,0,16188490.92320363,22623760.69114685,,16,1488,False
47,plate6,2,92,1.0,1e-08,0,16188422.47681349,22623760.69114685,,16,1488,False
47,plate6,4,0,0.0,1e-08,0,,,,0,0,False
47,plate6,4,1,0.25,100.0,2,36012626.163549654,31726944.36612419,31732935.645238187,32,2976,False
47,plate6,4,2,0.5,100.0,2,33996459.68843092,31724310.101733692,31726397.19164026,32,2976,False
47,plate6,4,4,0.75,100.0,2,32066672.704892375,31703680.605276596,31704059.4125348,32,2976,False
47,plate6,4,8,0.75,100.0,2,30284748.823833585,31761869.75814162,31761874.877087884,32,2976,False
47,plate6,4,16,0.75,100.0,2,29196411.1384615,31708360.442170948,31708389.130922925,32,2976,False
47,plate6,4,32,1.0,1e-08,2,28349556.835590053,31701748.259200208,31701748.2592002,32,2976,False
47,plate6,4,64,1.0,1000.0,2,27863446.653252646,31687976.881327026,31687993.622060344,32,2976,False
47,plate6,4,80,1.0,1000.0,2,27813419.225974914,31686887.198998943,31686939.141131897,32,2976,False
47,plate6,4,92,1.0,1000.0,2,27811625.26232653,31686727.356967535,31686781.49971131,32,2976,False
47,plate6,8,0,0.0,1e-08,0,,,,0,0,False
47,plate6,8,1,0.25,100.0,4,38044751.492497504,39129563.6083342,39200642.2568724,40,3720,False
47,plate6,8,2,0.5,100.0,4,35981483.4717552,39116456.1528704,39186014.86485212,40,3720,False
47,plate6,8,4,0.75,1000.0,4,33986231.64973422,39118325.76120041,39196295.27611525,40,3720,False
47,plate6,8,8,0.75,1000.0,4,32100442.540619943,39119426.22853337,39196568.0055199,40,3720,False
47,plate6,8,16,0.75,1000.0,4,30971642.426724646,39100049.5627466,39176693.323562816,40,3720,False
47,plate6,8,32,1.0,1000.0,4,30103368.634798132,39089299.714778185,39168955.40915189,40,3720,False
47,plate6,8,64,1.0,1000.0,4,29590423.739537522,39083018.9115471,39163805.3700648,40,3720,False
47,plate6,8,80,1.0,1000.0,4,29538977.19728876,39082239.42896868,39163106.27652634,40,3720,False
47,plate6,8,92,1.0,1000.0,4,29537233.766403705,39082161.82245124,39163033.21267783,40,3720,False
47,plate6,16,0,0.0,1e-08,0,,,,0,0,False
47,plate6,16,1,0.25,1000.0,8,36229244.46075471,38581024.80863393,38620989.533685006,40,3720,False
47,plate6,16,2,0.5,1000.0,8,34273455.461618885,38554534.477652095,38592165.02877489,40,3720,False
47,plate6,16,4,0.75,1000.0,8,32373606.4441698,38568143.513826095,38605212.62305651,40,3720,False
47,plate6,16,8,0.75,1000.0,8,30571791.54612974,38575084.33951979,38603910.76260305,40,3720,False
47,plate6,16,16,0.75,1000.0,8,29492087.788411107,38543550.743564464,38581517.036128454,40,3720,False
47,plate6,16,32,1.0,1000.0,8,28664960.74275599,38525497.33927848,38568009.74847234,40,3720,False
47,plate6,16,64,1.0,1000.0,8,28176151.32929611,38513193.1256306,38558938.97621469,40,3720,False
47,plate6,16,80,1.0,1000.0,8,28127070.64087394,38512091.3432196,38558146.49099442,40,3720,False
47,plate6,16,92,1.0,1000.0,8,28125419.878490258,38511976.73543714,38558066.40660171,40,3720,False
47,plate6,24,0,0.0,1e-08,0,,,,0,0,False
47,plate6,24,1,0.25,1000.0,16,35768858.86189554,38425566.798170045,38459454.15012674,40,3720,False
47,plate6,24,2,0.5,1000.0,16,33831119.39169454,38397285.52844324,38419174.04538259,40,3720,False
47,plate6,24,4,0.75,1000.0,16,31958642.49287316,38412339.91708921,38434013.20379454,40,3720,False
47,plate6,24,8,0.75,1000.0,16,30178875.692734122,38420555.106284924,38437518.157741725,40,3720,False
47,plate6,24,16,0.75,1000.0,16,29112136.017933425,38379523.75612456,38400709.59553743,40,3720,False
47,plate6,24,32,1.0,1000.0,16,28295046.900208075,38357344.940001085,38382016.66707044,40,3720,False
47,plate6,24,64,1.0,1000.0,16,27812334.587907515,38341862.04816422,38369079.746440955,40,3720,False
47,plate6,24,80,1.0,1000.0,16,27763896.72251208,38340639.237906575,38367980.629031174,40,3720,False
47,plate6,24,92,1.0,1000.0,16,27762282.323951248,38340499.897412434,38367857.19824675,40,3720,False
47,plate6,32,0,0.0,1e-08,0,,,,0,0,False
47,plate6,32,1,0.25,1000.0,16,35427742.76885071,38328529.956025705,38367227.755695894,40,3720,False
47,plate6,32,2,0.5,1000.0,24,33505854.867607992,38297953.944071904,38323455.99544,40,3720,False
47,plate6,32,4,0.75,1000.0,24,31650662.69436994,38317933.2271462,38339495.371797904,40,3720,False
47,plate6,32,8,0.75,1000.0,24,29890309.22537842,38323963.26862738,38341037.247077696,40,3720,False
47,plate6,32,16,0.75,1000.0,24,28833312.84543713,38277531.05584078,38295644.102722384,40,3720,False
47,plate6,32,32,1.0,1000.0,24,28023866.675911576,38251416.91573523,38271401.7020592,40,3720,False
47,plate6,32,64,1.0,1000.0,24,27545768.946408298,38232918.173569106,38254763.51450187,40,3720,False
47,plate6,32,80,1.0,1000.0,24,27497843.54519304,38231413.19630821,38253358.45040643,40,3720,False
47,plate6,32,92,1.0,1000.0,24,27496227.474103894,38231256.52697488,38253217.37385498,40,3720,False
47,plate6,40,0,0.0,1e-08,0,,,,0,0,False
47,plate6,40,1,0.25,1000.0,16,35257954.39112366,38263379.74121231,38303275.40626704,40,3720,False
47,plate6,40,2,0.5,1000.0,24,33348577.925859656,38235818.71533309,38260168.59695213,40,3720,False
47,plate6,40,4,0.75,1000.0,24,31498379.24220069,38250595.23931939,38269945.36182944,40,3720,False
47,plate6,40,8,0.75,1000.0,32,29744616.700777218,38254315.51384298,38270203.560511544,40,3720,False
47,plate6,40,16,0.75,1000.0,32,28694631.086003914,38201101.412704654,38215298.344414465,40,3720,False
47,plate6,40,32,1.0,1000.0,32,27889537.36182503,38171147.492475726,38185651.77459952,40,3720,False
47,plate6,40,64,1.0,1000.0,32,27414034.67542499,38148973.20085688,38164794.72914533,40,3720,False
47,plate6,40,80,1.0,1000.0,32,27366418.010106247,38146997.14929735,38162922.20824972,40,3720,False
47,plate6,40,92,1.0,1000.0,32,27364808.79654511,38146829.80668676,38162765.57049396,40,3720,False
47,plate6,49,0,0.0,1e-08,0,,,,0,0,False
47,plate6,49,1,0.25,1000.0,16,35184976.060893044,38216882.84826967,38249280.38590415,40,3720,False
47,plate6,49,2,0.5,1000.0,16,33279424.068741545,38189681.30145949,38216308.47446695,40,3720,False
47,plate6,49,4,0.75,1000.0,24,31432698.242451068,38203392.289388165,38225663.481754154,40,3720,False
47,plate6,49,8,0.75,1000.0,32,29681253.38438622,38205646.18855776,38224677.1435762,40,3720,False
47,plate6,49,16,0.75,1000.0,32,28633878.04073679,38148207.81935247,38168240.38678584,40,3720,False
47,plate6,49,32,1.0,1000.0,32,27829590.058281414,38113419.989109546,38137212.646595836,40,3720,False
47,plate6,49,64,1.0,1000.0,32,27355582.100166176,38087121.65565625,38113996.57449473,40,3720,False
47,plate6,49,80,1.0,1000.0,32,27307966.685827464,38084782.29558338,38111980.320610784,40,3720,False
47,plate6,49,92,1.0,1000.0,32,27306344.103754796,38084607.86914913,38111835.66713521,40,3720,False
47,plate14,1,0,0.0,1e-08,0,,,,0,0,False
47,plate14,1,1,0.0,1e-08,0,,,,0,0,False
47,plate14,1,2,0.0,1e-08,0,,,,0,0,False
47,plate14,1,4,0.0,1e-08,0,,,,0,0,False
47,plate14,1,8,0.0,1e-08,0,,,,0,0,False
47,plate14,1,16,0.0,1e-08,0,,,,0,0,False
47,plate14,1,32,0.0,1e-08,0,,,,0,0,False
47,plate14,1,64,0.0,1e-08,0,,,,0,0,False
47,plate14,1,80,0.0,1e-08,0,,,,0,0,False
47,plate14,1,92,0.0,1e-08,0,,,,0,0,False
47,plate14,2,0,0.0,1e-08,0,,,,0,0,False
47,plate14,2,1,0.5,1e-08,0,21944492.056640863,25486644.808441162,,16,1488,False
47,plate14,2,2,0.5,1e-08,0,19949732.23895681,25486644.808441162,,16,1488,False
47,plate14,2,4,0.75,1e-08,0,18693697.931304,25486644.808441162,,16,1488,False
47,plate14,2,8,0.75,1e-08,0,17541818.050159387,25486644.808441162,,16,1488,False
47,plate14,2,16,1.0,1e-08,0,16773157.755252704,25486644.808441162,,16,1488,False
47,plate14,2,32,1.0,1e-08,0,16270946.955688717,25486644.808441162,,16,1488,False
47,plate14,2,64,1.0,1e-08,0,16005407.707775805,25486644.808441162,,16,1488,False
47,plate14,2,80,1.0,1e-08,0,15980736.953453133,25486644.808441162,,16,1488,False
47,plate14,2,92,1.0,1e-08,0,15979906.739842176,25486644.808441162,,16,1488,False
47,plate14,4,0,0.0,1e-08,0,,,,0,0,False
47,plate14,4,1,0.5,100.0,2,37907905.105341144,35485499.43734643,35486757.94674483,32,2976,False
47,plate14,4,2,0.5,100.0,2,34428248.08604759,35479354.54816211,35480019.667739175,32,2976,False
47,plate14,4,4,0.75,100.0,2,32128680.442158658,35504994.89446398,35505392.443875715,32,2976,False
47,plate14,4,8,0.75,1e-08,2,30005652.834765997,35509376.45995115,35509376.45995113,32,2976,False
47,plate14,4,16,1.0,1e-08,2,28703314.358424403,35486421.385465786,35486421.38546579,32,2976,False
47,plate14,4,32,1.0,1e-08,2,27840262.88305824,35481899.19846794,35481899.19846795,32,2976,False
47,plate14,4,64,1.0,100.0,2,27410100.650072556,35476573.30996926,35476573.79660588,32,2976,False
47,plate14,4,80,1.0,1000.0,2,27365816.397916798,35475854.00760895,35475879.525023684,32,2976,False
47,plate14,4,92,1.0,1000.0,2,27364446.7564323,35475797.295772314,35475825.24271744,32,2976,False
47,plate14,8,0,0.0,1e-08,0,,,,0,0,False
47,plate14,8,1,0.5,100.0,4,40124227.38919536,43500251.0609965,43608706.94837769,40,3720,False
47,plate14,8,2,0.5,100.0,4,36534022.70694257,43494424.450694285,43604630.806828566,40,3720,False
47,plate14,8,4,0.75,100.0,4,34106341.45136584,43516307.73048754,43619830.817138515,40,3720,False
47,plate14,8,8,0.75,1000.0,4,31904027.34794184,43510231.85260998,43616155.95287693,40,3720,False
47,plate14,8,16,1.0,1000.0,4,30529892.20223399,43494016.276067935,43604820.223934226,40,3720,False
47,plate14,8,32,1.0,1000.0,4,29615371.37974309,43487821.79785545,43601005.85108803,40,3720,False
47,plate14,8,64,1.0,1000.0,4,29155557.42591262,43483877.1168424,43598148.09702104,40,3720,False
47,plate14,8,80,1.0,1000.0,4,29108354.417880047,43483485.04778507,43597914.273482546,40,3720,False
47,plate14,8,92,1.0,1000.0,4,29106818.288777187,43483451.35483311,43597892.00319798,40,3720,False
47,plate14,16,0,0.0,1e-08,0,,,,0,0,False
47,plate14,16,1,0.5,1000.0,8,38201425.43219374,42793125.330115,42836076.20460756,40,3720,False
47,plate14,16,2,0.5,1000.0,8,34786261.819780886,42779730.90001472,42827035.53776572,40,3720,False
47,plate14,16,4,0.75,1000.0,8,32479833.708716493,42803038.397858985,42845213.59347642,40,3720,False
47,plate14,16,8,0.75,1000.0,8,30383130.202403918,42801171.050772026,42841269.017097816,40,3720,False
47,plate14,16,16,1.0,1000.0,8,29079419.628576696,42774922.93345481,42822480.13772012,40,3720,False
47,plate14,16,32,1.0,1000.0,8,28207069.087985136,42765293.42141666,42815881.67401453,40,3720,False
47,plate14,16,64,1.0,1000.0,8,27769116.444479793,42758366.02579986,42811457.47153126,40,3720,False
47,plate14,16,80,1.0,1000.0,8,27724067.33197401,42757499.09394053,42810984.308526784,40,3720,False
47,plate14,16,92,1.0,1000.0,8,27722585.55622547,42757457.457066506,42810960.94507755,40,3720,False
47,plate14,24,0,0.0,1e-08,0,,,,0,0,False
47,plate14,24,1,0.5,1000.0,16,37709177.39939186,42609805.79259179,42643444.3829829,40,3720,False
47,plate14,24,2,0.5,1000.0,16,34329945.257125944,42593747.3178936,42622879.023829445,40,3720,False
47,plate14,24,4,0.75,1000.0,16,32051564.5314988,42615819.56351683,42645833.97869583,40,3720,False
47,plate14,24,8,0.75,1000.0,16,29981977.530436665,42616712.31256159,42645131.26552443,40,3720,False
47,plate14,24,16,1.0,1000.0,16,28693622.876744512,42583300.39853009,42614224.16936937,40,3720,False
47,plate14,24,32,1.0,1000.0,16,27832802.346369896,42570945.42986808,42603746.34806991,40,3720,False
47,plate14,24,64,1.0,1000.0,16,27400885.032666944,42561697.810327284,42596502.1497391,40,3720,False
47,plate14,24,80,1.0,1000.0,16,27356414.77245158,42560640.00558825,42595764.307431266,40,3720,False
47,plate14,24,92,1.0,1000.0,16,27354958.83311211,42560581.85804041,42595724.536403045,40,3720,False
47,plate14,32,0,0.0,1e-08,0,,,,0,0,False
47,plate14,32,1,0.5,1000.0,24,37347876.72928285,42500379.16980755,42534248.922457464,40,3720,False
47,plate14,32,2,0.5,1000.0,24,34002417.33580775,42482021.5718743,42506204.691303566,40,3720,False
47,plate14,32,4,0.75,1000.0,24,31747628.166721534,42505302.62542912,42527543.2374686,40,3720,False
47,plate14,32,8,0.75,1000.0,24,29697522.525061026,42505764.475116335,42526755.47383007,40,3720,False
47,plate14,32,16,1.0,1000.0,24,28421731.06314174,42467850.82308637,42490061.9479553,40,3720,False
47,plate14,32,32,1.0,1000.0,24,27569414.158062156,42452914.70092911,42476038.22547332,40,3720,False
47,plate14,32,64,1.0,1000.0,24,27141692.46554997,42441342.016521305,42466234.64983872,40,3720,False
47,plate14,32,80,1.0,1000.0,24,27097664.922315713,42440129.49010323,42465246.8872936,40,3720,False
47,plate14,32,92,1.0,1000.0,24,27096216.2400664,42440064.45131333,42465198.31597296,40,3720,False
47,plate14,40,0,0.0,1e-08,0,,,,0,0,False
47,plate14,40,1,0.5,1000.0,32,37168320.0395465,42423975.83906674,42459603.05588329,40,3720,False
47,plate14,40,2,0.5,1000.0,32,33839833.99099633,42401157.14338722,42422749.84202199,40,3720,False
47,plate14,40,4,0.75,1000.0,32,31595993.020141315,42425466.222139694,42445346.47475343,40,3720,False
47,plate14,40,8,0.75,1000.0,32,29556228.96736312,42422834.0414724,42441047.06744746,40,3720,False
47,plate14,40,16,1.0,1000.0,32,28287310.81731422,42381603.06162217,42399183.98402436,40,3720,False
47,plate14,40,32,1.0,1000.0,32,27439116.544755768,42364244.13034821,42382200.95439055,40,3720,False
47,plate14,40,64,1.0,1000.0,32,27013423.201974962,42351089.4275093,42370246.81493981,40,3720,False
47,plate14,40,80,1.0,1000.0,32,26969616.495405193,42349709.62514458,42369014.33777803,40,3720,False
47,plate14,40,92,1.0,1000.0,32,26968175.776155673,42349636.30794575,42368954.072356105,40,3720,False
47,plate14,49,0,0.0,1e-08,0,,,,0,0,False
47,plate14,49,1,0.5,1000.0,32,37086636.47502814,42374458.08908185,42409414.213378474,40,3720,False
47,plate14,49,2,0.5,1000.0,32,33765346.19391177,42335200.08699053,42361123.319875956,40,3720,False
47,plate14,49,4,0.75,1000.0,32,31527958.74780651,42362351.13713279,42387775.59060502,40,3720,False
47,plate14,49,8,0.75,1000.0,32,29490008.071584936,42357577.810589865,42382959.88748377,40,3720,False
47,plate14,49,16,1.0,1000.0,32,28225132.35121445,42312121.74839045,42340350.02903199,40,3720,False
47,plate14,49,32,1.0,1000.0,32,27378838.1518038,42292311.06935649,42322858.262326956,40,3720,False
47,plate14,49,64,1.0,1000.0,32,26954291.38549095,42276735.725299105,42309979.49721135,40,3720,False
47,plate14,49,80,1.0,1000.0,32,26910571.338377304,42275136.419352464,42308738.51137267,40,3720,False
47,plate14,49,92,1.0,1000.0,32,26909138.283879053,42275051.99668239,42308668.61034913,40,3720,False
48,plate6,1,0,0.0,1e-08,0,,,,0,0,False
48,plate6,1,1,0.0,1e-08,0,,,,0,0,False
48,plate6,1,2,0.0,1e-08,0,,,,0,0,False
48,plate6,1,4,0.0,1e-08,0,,,,0,0,False
48,plate6,1,8,0.0,1e-08,0,,,,0,0,False
48,plate6,1,16,0.0,1e-08,0,,,,0,0,False
48,plate6,1,32,0.0,1e-08,0,,,,0,0,False
48,plate6,1,64,0.0,1e-08,0,,,,0,0,False
48,plate6,1,80,0.0,1e-08,0,,,,0,0,False
48,plate6,1,92,0.0,1e-08,0,,,,0,0,False
48,plate6,2,0,0.0,1e-08,0,,,,0,0,False
48,plate6,2,1,0.125,1e-08,0,5749719.770643741,6055052.3869018555,,16,1488,False
48,plate6,2,2,0.25,1e-08,0,5474455.514109701,6055052.3869018555,,16,1488,False
48,plate6,2,4,0.5,1e-08,0,5090803.64243722,6055052.3869018555,,16,1488,False
48,plate6,2,8,0.75,1e-08,0,4783817.271929143,6055052.3869018555,,16,1488,False
48,plate6,2,16,0.75,1e-08,0,4619646.705888153,6055052.3869018555,,16,1488,False
48,plate6,2,32,1.0,1e-08,0,4497458.992099438,6055052.3869018555,,16,1488,False
48,plate6,2,64,1.0,1e-08,0,4426720.373086821,6055052.3869018555,,16,1488,False
48,plate6,2,80,1.0,1e-08,0,4418844.372714689,6055052.3869018555,,16,1488,False
48,plate6,2,92,1.0,1e-08,0,4418671.170631533,6055052.3869018555,,16,1488,False
48,plate6,4,0,0.0,1e-08,0,,,,0,0,False
48,plate6,4,1,0.25,100.0,2,20592790.78684649,19359889.407193676,19362141.374566697,32,2976,False
48,plate6,4,2,0.5,100.0,2,19618752.80849014,19250461.87167021,19252152.06502154,32,2976,False
48,plate6,4,4,0.5,1000.0,2,18513082.904121455,19204485.86949439,19207752.816323712,32,2976,False
48,plate6,4,8,0.75,1000.0,2,17381839.19371997,19175287.028277352,19176544.73123569,32,2976,False
48,plate6,4,16,0.75,1000.0,2,16792548.48821381,19159771.795153312,19160256.587131094,32,2976,False
48,plate6,4,32,1.0,1e-08,2,16352153.41673246,19152968.725356217,19152968.725356214,32,2976,False
48,plate6,4,64,1.0,100.0,2,16102547.254884915,19149879.04587879,19149879.84517662,32,2976,False
48,plate6,4,80,1.0,1000.0,2,16074353.393615877,19149393.820855297,19149410.47830778,32,2976,False
48,plate6,4,92,1.0,1000.0,2,16073761.801666629,19149386.042978525,19149403.477298938,32,2976,False
48,plate6,8,0,0.0,1e-08,0,,,,0,0,False
48,plate6,8,1,0.25,100.0,4,19430822.932321396,19762450.28087917,19790699.234621324,40,3720,False
48,plate6,8,2,0.5,1000.0,4,18566091.99853838,19741444.02643817,19777484.73993048,40,3720,False
48,plate6,8,4,0.5,1000.0,4,17446798.76071245,19727018.740981676,19764977.946070757,40,3720,False
48,plate6,8,8,0.75,1000.0,4,16381639.353253558,19706509.56573022,19745266.12096139,40,3720,False
48,plate6,8,16,0.75,1000.0,4,15812959.1229304,19692535.314810622,19733710.641193733,40,3720,False
48,plate6,8,32,1.0,1000.0,4,15403497.277818894,19683532.776600465,19727725.417378064,40,3720,False
48,plate6,8,64,1.0,1000.0,4,15165979.282524988,19679593.8946509,19724912.41773617,40,3720,False
48,plate6,8,80,1.0,1000.0,4,15139780.012498718,19678857.227798864,19724450.9106333,40,3720,False
48,plate6,8,92,1.0,1000.0,4,15139306.974006519,19678834.26277217,19724434.798216283,40,3720,False
48,plate6,16,0,0.0,1e-08,0,,,,0,0,False
48,plate6,16,1,0.25,1000.0,8,18483114.73285937,19158122.52452745,19180630.9009364,40,3720,False
48,plate6,16,2,0.5,1000.0,8,17650518.774585415,19145686.168086533,19175824.837542307,40,3720,False
48,plate6,16,4,0.5,1000.0,8,16606916.800177762,19131186.30765634,19158557.08382928,40,3720,False
48,plate6,16,8,0.75,1000.0,8,15596215.04485973,19104980.980754543,19135029.14439741,40,3720,False
48,plate6,16,16,0.75,1000.0,8,15054977.936820997,19083780.06146233,19119536.142291505,40,3720,False
48,plate6,16,32,1.0,1000.0,8,14663206.634472607,19073233.38376857,19112302.90853908,40,3720,False
48,plate6,16,64,1.0,1000.0,8,14437733.134390792,19063899.113529734,19107542.121965062,40,3720,False
48,plate6,16,80,1.0,1000.0,8,14412855.188274972,19062527.053694468,19106686.555843405,40,3720,False
48,plate6,16,92,1.0,1000.0,8,14412403.35629603,19062507.155526046,19106688.26463468,40,3720,False
48,plate6,24,0,0.0,1e-08,0,,,,0,0,False
48,plate6,24,1,0.25,1000.0,16,18289464.066098265,19019760.79365452,19049297.799151752,40,3720,False
48,plate6,24,2,0.5,1000.0,16,17464891.451911036,18995274.786974847,19024922.646545026,40,3720,False
48,plate6,24,4,0.5,1000.0,16,16430232.227072421,18972107.35822893,18993959.609153725,40,3720,False
48,plate6,24,8,0.75,1000.0,16,15429948.25799703,18946780.071340058,18965204.054651435,40,3720,False
48,plate6,24,16,0.75,1000.0,16,14895168.86045883,18922903.05483418,18940490.881995693,40,3720,False
48,plate6,24,32,1.0,1000.0,16,14507301.959374385,18908994.04143523,18927203.32112819,40,3720,False
48,plate6,24,64,1.0,1000.0,16,14283958.741134591,18896352.13859847,18917111.24680987,40,3720,False
48,plate6,24,80,1.0,1000.0,16,14259241.20159601,18894820.79231199,18915899.903479185,40,3720,False
48,plate6,24,92,1.0,1000.0,16,14258791.74835563,18894779.192995526,18915870.45989281,40,3720,False
48,plate6,32,0,0.0,1e-08,0,,,,0,0,False
48,plate6,32,1,0.25,1000.0,24,17924895.36769003,18917798.430631325,18954410.494907208,40,3720,False
48,plate6,32,2,0.5,1000.0,24,17116794.002194423,18893929.76354871,18927264.55536129,40,3720,False
48,plate6,32,4,0.5,1000.0,24,16103870.581585053,18867519.459177334,18889451.87511247,40,3720,False
48,plate6,32,8,0.75,1000.0,24,15122909.14962847,18840368.156671092,18857453.12775246,40,3720,False
48,plate6,32,16,0.75,1000.0,24,14599070.262669563,18814980.60140226,18829812.40760447,40,3720,False
48,plate6,32,32,1.0,1000.0,24,14219494.517374743,18798327.57668985,18812529.787944935,40,3720,False
48,plate6,32,64,1.0,1000.0,24,14000549.511948071,18783918.13878889,18799482.82396673,40,3720,False
48,plate6,32,80,1.0,1000.0,24,13976370.031569915,18781940.37618171,18797808.61412093,40,3720,False
48,plate6,32,92,1.0,1000.0,24,13975935.27879452,18781890.626698457,18797770.41837541,40,3720,False
48,plate6,40,0,0.0,1e-08,0,,,,0,0,False
48,plate6,40,1,0.25,1000.0,24,17802869.769058466,18861253.36117862,18899359.183330726,40,3720,False
48,plate6,40,2,0.5,1000.0,32,17000440.235284444,18833872.685569912,18866930.91165714,40,3720,False
48,plate6,40,4,0.5,1000.0,32,15993460.323292654,18802214.813748494,18823765.14721805,40,3720,False
48,plate6,40,8,0.75,1000.0,32,15018932.056659827,18775235.03451464,18791768.597055927,40,3720,False
48,plate6,40,16,0.75,1000.0,32,14499024.340395255,18748993.441848103,18762954.824027315,40,3720,False
48,plate6,40,32,1.0,1000.0,32,14122333.24789441,18729760.201462634,18742772.068507813,40,3720,False
48,plate6,40,64,1.0,1000.0,32,13904774.580255259,18713838.604613807,18727708.895499036,40,3720,False
48,plate6,40,80,1.0,1000.0,32,13880807.216848847,18711404.93113734,18725541.72675337,40,3720,False
48,plate6,40,92,1.0,1000.0,32,13880374.378936194,18711369.33827191,18725512.452344175,40,3720,False
48,plate6,49,0,0.0,1e-08,0,,,,0,0,False
48,plate6,49,1,0.25,1000.0,32,17705919.17788332,18805334.66159622,18841290.499251023,40,3720,False
48,plate6,49,2,0.5,1000.0,32,16907667.914616197,18776660.11619185,18807400.735455226,40,3720,False
48,plate6,49,4,0.5,1000.0,32,15906736.39992996,18744760.49617291,18766359.501540657,40,3720,False
48,plate6,49,8,0.75,1000.0,32,14935743.455993928,18717285.247602344,18737166.177781414,40,3720,False
48,plate6,49,16,0.75,1000.0,32,14419355.604550146,18690241.159069836,18709184.299265355,40,3720,False
48,plate6,49,32,1.0,1000.0,32,14044541.722202752,18670882.126086377,18690510.956395883,40,3720,False
48,plate6,49,64,1.0,1000.0,32,13828071.262574878,18654522.99981495,18676399.929687254,40,3720,False
48,plate6,49,80,1.0,1000.0,32,13804216.888786664,18651982.507552486,18674291.137453254,40,3720,False
48,plate6,49,92,1.0,1000.0,32,13803773.901673025,18651934.828410033,18674257.134193964,40,3720,False
48,plate14,1,0,0.0,1e-08,0,,,,0,0,False
48,plate14,1,1,0.0,1e-08,0,,,,0,0,False
48,plate14,1,2,0.0,1e-08,0,,,,0,0,False
48,plate14,1,4,0.0,1e-08,0,,,,0,0,False
48,plate14,1,8,0.0,1e-08,0,,,,0,0,False
48,plate14,1,16,0.0,1e-08,0,,,,0,0,False
48,plate14,1,32,0.0,1e-08,0,,,,0,0,False
48,plate14,1,64,0.0,1e-08,0,,,,0,0,False
48,plate14,1,80,0.0,1e-08,0,,,,0,0,False
48,plate14,1,92,0.0,1e-08,0,,,,0,0,False
48,plate14,2,0,0.0,1e-08,0,,,,0,0,False
48,plate14,2,1,0.25,1e-08,0,6738946.380245686,7712420.083740234,,16,1488,False
48,plate14,2,2,0.5,1e-08,0,6062313.149704933,7712420.083740234,,16,1488,False
48,plate14,2,4,0.75,1e-08,0,5457828.090485908,7712420.083740234,,16,1488,False
48,plate14,2,8,0.75,1e-08,0,5063526.653469967,7712420.083740234,,16,1488,False
48,plate14,2,16,1.0,1e-08,0,4823650.753975265,7712420.083740234,,16,1488,False
48,plate14,2,32,1.0,1e-08,0,4687238.005304176,7712420.083740234,,16,1488,False
48,plate14,2,64,1.0,1e-08,0,4615982.487485228,7712420.083740234,,16,1488,False
48,plate14,2,80,1.0,1e-08,0,4608775.595756342,7712420.083740234,,16,1488,False
48,plate14,2,92,1.0,1e-08,0,4608531.681090835,7712420.083740234,,16,1488,False
48,plate14,4,0,0.0,1e-08,0,,,,0,0,False
48,plate14,4,1,0.25,100.0,2,22519097.20304375,22529750.340818416,22530124.52574942,32,2976,False
48,plate14,4,2,0.5,100.0,2,20295432.07704127,22404292.274078336,22404544.0313761,32,2976,False
48,plate14,4,4,0.75,10.0,2,18557752.46079074,22329257.253800742,22329259.683045506,32,2976,False
48,plate14,4,8,0.75,1e-08,2,17428592.964764923,22294188.486760296,22294188.486760277,32,2976,False
48,plate14,4,16,1.0,1e-08,2,16729531.55658531,22280964.87639811,22280964.876398113,32,2976,False
48,plate14,4,32,1.0,1e-08,2,16251615.191004237,22276150.410852093,22276150.410852093,32,2976,False
48,plate14,4,64,1.0,10.0,2,16013375.600427067,22274268.282289304,22274268.285380132,32,2976,False
48,plate14,4,80,1.0,1000.0,2,15987856.673541266,22273902.432916332,22273916.830346107,32,2976,False
48,plate14,4,92,1.0,1000.0,2,15987035.367235314,22273884.66118215,22273900.07266376,32,2976,False
48,plate14,8,0,0.0,1e-08,0,,,,0,0,False
48,plate14,8,1,0.25,100.0,4,21531084.080828324,23279206.675440617,23333174.44651573,40,3720,False
48,plate14,8,2,0.5,100.0,4,19403762.09637165,23224453.34588279,23282013.639090803,40,3720,False
48,plate14,8,4,0.75,100.0,4,17711379.22808194,23181951.985374227,23242857.278019104,40,3720,False
48,plate14,8,8,0.75,100.0,4,16609324.446786385,23159498.61630477,23223663.818141643,40,3720,False
48,plate14,8,16,1.0,100.0,4,15931204.111152941,23149568.031396918,23216806.041708812,40,3720,False
48,plate14,8,32,1.0,1000.0,4,15480208.10420137,23146038.15604391,23214858.96816213,40,3720,False
48,plate14,8,64,1.0,1000.0,4,15252255.831571953,23143580.694532555,23213318.922429953,40,3720,False
48,plate14,8,80,1.0,1000.0,4,15228289.701371308,23143283.89524531,23213179.842225526,40,3720,False
48,plate14,8,92,1.0,1000.0,4,15227528.013830563,23143273.595514674,23213175.370521724,40,3720,False
48,plate14,16,0,0.0,1e-08,0,,,,0,0,False
48,plate14,16,1,0.25,1000.0,8,20487168.500005823,22507200.6914453,22534492.67514754,40,3720,False
48,plate14,16,2,0.5,1000.0,8,18472057.39440983,22471690.040814497,22503076.00997313,40,3720,False
48,plate14,16,4,0.75,1000.0,8,16865715.815207258,22434999.330100674,22472363.717553686,40,3720,False
48,plate14,16,8,0.75,1000.0,8,15813742.960056793,22412333.4064663,22455040.248007637,40,3720,False
48,plate14,16,16,1.0,1000.0,8,15168013.583318204,22399224.51698209,22446364.453534555,40,3720,False
48,plate14,16,32,1.0,1000.0,8,14738176.624758987,22395270.000430584,22443419.801878136,40,3720,False
48,plate14,16,64,1.0,1000.0,8,14521040.98348214,22390177.745708033,22440658.737432208,40,3720,False
48,plate14,16,80,1.0,1000.0,8,14498084.000965362,22389468.175623983,22440237.752615172,40,3720,False
48,plate14,16,92,1.0,1000.0,8,14497368.534298697,22389476.686588265,22440254.214131847,40,3720,False
48,plate14,24,0,0.0,1e-08,0,,,,0,0,False
48,plate14,24,1,0.25,1000.0,16,20250939.607999556,22310382.951698415,22340069.58536072,40,3720,False
48,plate14,24,2,0.5,1000.0,16,18262675.878605824,22280259.946298476,22307668.887727,40,3720,False
48,plate14,24,4,0.75,1000.0,16,16673018.453076728,22241879.658150285,22267776.18801367,40,3720,False
48,plate14,24,8,0.75,1000.0,16,15633518.098582465,22215730.25066906,22241491.87576826,40,3720,False
48,plate14,24,16,1.0,1000.0,16,14996160.367021635,22200713.1932985,22227489.069269497,40,3720,False
48,plate14,24,32,1.0,1000.0,16,14571472.01011636,22196384.250045497,22223527.941251993,40,3720,False
48,plate14,24,64,1.0,1000.0,16,14356742.143864747,22189914.140744183,22218389.780961167,40,3720,False
48,plate14,24,80,1.0,1000.0,16,14334036.346872829,22188999.826090213,22217675.00743475,40,3720,False
48,plate14,24,92,1.0,1000.0,16,14333335.454670021,22189004.72320003,22217681.4432558,40,3720,False
48,plate14,32,0,0.0,1e-08,0,,,,0,0,False
48,plate14,32,1,0.25,1000.0,24,19860635.482157737,22190409.276448444,22224614.602389794,40,3720,False
48,plate14,32,2,0.5,1000.0,24,17906480.581431475,22162791.740371488,22190713.345941987,40,3720,False
48,plate14,32,4,0.75,1000.0,24,16345097.625318192,22120811.22159314,22141430.29565024,40,3720,False
48,plate14,32,8,0.75,1000.0,24,15326504.912335332,22090946.101664938,22108827.638663486,40,3720,False
48,plate14,32,16,1.0,1000.0,24,14701511.83256588,22074331.27138648,22091628.08772911,40,3720,False
48,plate14,32,32,1.0,1000.0,24,14285141.0986193,22069013.574476346,22086614.57498012,40,3720,False
48,plate14,32,64,1.0,1000.0,24,14074641.168286659,22061534.426651165,22079853.100110468,40,3720,False
48,plate14,32,80,1.0,1000.0,24,14052407.943412224,22060359.55183126,22078867.108122755,40,3720,False
48,plate14,32,92,1.0,1000.0,24,14051723.981437631,22060361.31230467,22078868.875198252,40,3720,False
48,plate14,40,0,0.0,1e-08,0,,,,0,0,False
48,plate14,40,1,0.25,1000.0,32,19729188.096725557,22117156.810087536,22156735.990911383,40,3720,False
48,plate14,40,2,0.5,1000.0,32,17781044.27997536,22092705.845351093,22120966.95372628,40,3720,False
48,plate14,40,4,0.75,1000.0,32,16228153.965764755,22051208.381993588,22069424.436243806,40,3720,False
48,plate14,40,8,0.75,1000.0,32,15218686.916200703,22020417.514892776,22034723.212527756,40,3720,False
48,plate14,40,16,1.0,1000.0,32,14598147.195285782,22002411.600399576,22016321.12879724,40,3720,False
48,plate14,40,32,1.0,1000.0,32,14184972.503184881,21996179.103661165,22011012.10214778,40,3720,False
48,plate14,40,64,1.0,1000.0,32,13975949.242991408,21987245.907914165,22002907.505463336,40,3720,False
48,plate14,40,80,1.0,1000.0,32,13953902.168417512,21985876.137666393,22001724.933747903,40,3720,False
48,plate14,40,92,1.0,1000.0,32,13953225.486057648,21985883.552693427,22001734.203547303,40,3720,False
48,plate14,49,0,0.0,1e-08,0,,,,0,0,False
48,plate14,49,1,0.25,1000.0,32,19622806.4877328,22060980.23990142,22099401.007336732,40,3720,False
48,plate14,49,2,0.5,1000.0,32,17687647.96724535,22035670.27295189,22066192.58736045,40,3720,False
48,plate14,49,4,0.75,1000.0,32,16141811.703305895,21993217.51280838,22017390.94860459,40,3720,False
48,plate14,49,8,0.75,1000.0,32,15136101.644831112,21961342.368823163,21983465.489692837,40,3720,False
48,plate14,49,16,1.0,1000.0,32,14518169.544330638,21942362.056815736,21964999.634047147,40,3720,False
48,plate14,49,32,1.0,1000.0,32,14107195.719643375,21935934.920888722,21959591.663339145,40,3720,False
48,plate14,49,64,1.0,1000.0,32,13899222.428064516,21926145.63254444,21951480.650332674,40,3720,False
48,plate14,49,80,1.0,1000.0,32,13877320.432319572,21924586.119967114,21950196.513823293,40,3720,False
48,plate14,49,92,1.0,1000.0,32,13876645.021633985,21924590.7373967,21950201.75827884,40,3720,False
49,plate6,1,0,0.0,1e-08,0,,,,0,0,False
49,plate6,1,1,0.0,1e-08,0,,,,0,0,False
49,plate6,1,2,0.0,1e-08,0,,,,0,0,False
49,plate6,1,4,0.0,1e-08,0,,,,0,0,False
49,plate6,1,8,0.0,1e-08,0,,,,0,0,False
49,plate6,1,16,0.0,1e-08,0,,,,0,0,False
49,plate6,1,32,0.0,1e-08,0,,,,0,0,False
49,plate6,1,64,0.0,1e-08,0,,,,0,0,False
49,plate6,1,80,0.0,1e-08,0,,,,0,0,False
49,plate6,1,92,0.0,1e-08,0,,,,0,0,False
49,plate6,2,0,0.0,1e-08,0,,,,0,0,False
49,plate6,2,1,0.25,1e-08,0,17488706.509412587,18912897.83835697,,16,1488,False
49,plate6,2,2,0.5,1e-08,0,16688304.132866621,18912897.83835697,,16,1488,False
49,plate6,2,4,0.5,1e-08,0,15935459.399864495,18912897.83835697,,16,1488,False
49,plate6,2,8,0.75,1e-08,0,15027238.927403437,18912897.83835697,,16,1488,False
49,plate6,2,16,0.75,1e-08,0,14526131.802508024,18912897.83835697,,16,1488,False
49,plate6,2,32,1.0,1e-08,0,14112913.932343012,18912897.83835697,,16,1488,False
49,plate6,2,64,1.0,1e-08,0,13902692.860541988,18912897.83835697,,16,1488,False
49,plate6,2,80,1.0,1e-08,0,13881754.827607658,18912897.83835697,,16,1488,False
49,plate6,2,92,1.0,1e-08,0,13880837.449823482,18912897.83835697,,16,1488,False
49,plate6,4,0,0.0,1e-08,0,,,,0,0,False
49,plate6,4,1,0.25,10.0,2,18228365.83015777,17094111.25437997,17094209.7093149,32,2976,False
49,plate6,4,2,0.5,1.0,2,17399197.858126722,17084694.94423508,17084694.98366131,32,2976,False
49,plate6,4,4,0.5,1e-08,2,16636099.191751694,17094953.517750245,17094953.517750222,32,2976,False
49,plate6,4,8,0.75,100.0,2,15760394.648172015,17099175.99048761,17099228.451475237,32,2976,False
49,plate6,4,16,0.75,1000.0,2,15221882.481493305,17097126.533719342,17098103.10751427,32,2976,False
49,plate6,4,32,1.0,1000.0,2,14798250.514461324,17080328.460152846,17080474.08526137,32,2976,False
49,plate6,4,64,1.0,1000.0,2,14580434.898324657,17073867.430541124,17073921.702249628,32,2976,False
49,plate6,4,80,1.0,1000.0,2,14558379.829443498,17073383.44274664,17073435.308641095,32,2976,False
49,plate6,4,92,1.0,1000.0,2,14557394.603303168,17073318.933011454,17073370.101491164,32,2976,False
49,plate6,8,0,0.0,1e-08,0,,,,0,0,False
49,plate6,8,1,0.25,100.0,4,18572192.68554149,17823148.208211668,17865255.50903594,40,3720,False
49,plate6,8,2,0.5,1000.0,4,17701889.278852295,17806960.83850322,17855624.620642055,40,3720,False
49,plate6,8,4,0.5,1000.0,4,16916796.895072903,17814409.643820245,17862696.80437992,40,3720,False
49,plate6,8,8,0.75,1000.0,4,16013242.34043194,17819367.131003987,17865444.209751684,40,3720,False
49,plate6,8,16,0.75,1000.0,4,15470106.695485499,17807112.50431808,17859522.850525662,40,3720,False
49,plate6,8,32,1.0,1000.0,4,15038255.838672657,17784700.331049874,17845161.952531174,40,3720,False
49,plate6,8,64,1.0,1000.0,4,14817444.02845757,17775183.922830112,17840310.935741294,40,3720,False
49,plate6,8,80,1.0,1000.0,4,14794296.27644087,17775804.67883366,17840366.449471027,40,3720,False
49,plate6,8,92,1.0,1000.0,4,14793394.895828597,17775687.614599444,17840288.142024457,40,3720,False
49,plate6,16,0,0.0,1e-08,0,,,,0,0,False
49,plate6,16,1,0.25,1000.0,8,17004081.63784961,17199006.794236917,17242702.53080527,40,3720,False
49,plate6,16,2,0.5,1000.0,8,16210879.978008687,17176299.320359156,17227080.62967436,40,3720,False
49,plate6,16,4,0.5,1000.0,8,15496672.5003899,17183142.260345113,17233987.39557296,40,3720,False
49,plate6,16,8,0.75,1000.0,8,14672678.616778517,17187575.493046697,17239288.516104862,40,3720,False
49,plate6,16,16,0.75,1000.0,8,14174115.741692659,17175648.876818843,17225988.982410576,40,3720,False
49,plate6,16,32,1.0,1000.0,8,13778235.048988529,17153578.674780887,17210283.38380597,40,3720,False
49,plate6,16,64,1.0,1000.0,8,13575404.219401116,17143309.050856378,17204165.017364364,40,3720,False
49,plate6,16,80,1.0,1000.0,8,13554417.878684089,17142432.643214356,17203646.867425844,40,3720,False
49,plate6,16,92,1.0,1000.0,8,13553485.813555289,17142304.768563364,17203568.377543814,40,3720,False
49,plate6,24,0,0.0,1e-08,0,,,,0,0,False
49,plate6,24,1,0.25,1000.0,16,16337066.845973885,16961322.73589739,16984910.31332381,40,3720,False
49,plate6,24,2,0.5,100.0,16,15580082.673895244,16936163.089336466,16959506.46594317,40,3720,False
49,plate6,24,4,0.5,1000.0,16,14897232.995862184,16942075.13840743,16967642.443299364,40,3720,False
49,plate6,24,8,0.75,1000.0,16,14108365.787635919,16947241.551751662,16975885.386962704,40,3720,False
49,plate6,24,16,0.75,1000.0,16,13629351.79217347,16942930.376709886,16969882.067121293,40,3720,False
49,plate6,24,32,1.0,1000.0,16,13249594.717605708,16914689.95507658,16942540.82664933,40,3720,False
49,plate6,24,64,1.0,1000.0,16,13054682.208972428,16900956.736596942,16929983.82768091,40,3720,False
49,plate6,24,80,1.0,1000.0,16,13034659.090736661,16899885.09643279,16928994.9387086,40,3720,False
49,plate6,24,92,1.0,1000.0,16,13033770.323628524,16899758.612213083,16928879.52179067,40,3720,False
49,plate6,32,0,0.0,1e-08,0,,,,0,0,False
49,plate6,32,1,0.25,1000.0,24,16098967.63131947,16871731.015085213,16895768.966046356,40,3720,False
49,plate6,32,2,0.5,1000.0,24,15352722.88867443,16845714.049315725,16863185.52555091,40,3720,False
49,plate6,32,4,0.5,1000.0,24,14679595.989356779,16848814.623383883,16867082.417363547,40,3720,False
49,plate6,32,8,0.75,1000.0,24,13902172.746764073,16853899.325000715,16875795.213380087,40,3720,False
49,plate6,32,16,0.75,1000.0,24,13429543.045448046,16849511.149327487,16868426.63123829,40,3720,False
49,plate6,32,32,1.0,1000.0,24,13055235.060623823,16817845.969437517,16836819.82437814,40,3720,False
49,plate6,32,64,1.0,1000.0,24,12863336.91020448,16803214.7739137,16822952.876747105,40,3720,False
49,plate6,32,80,1.0,1000.0,24,12843615.782637542,16801617.47514249,16821512.3545466,40,3720,False
49,plate6,32,92,1.0,1000.0,24,12842748.807825437,16801475.174694404,16821378.93593751,40,3720,False
49,plate6,40,0,0.0,1e-08,0,,,,0,0,False
49,plate6,40,1,0.25,1000.0,32,15928316.42323016,16803619.813382078,16825594.017356556,40,3720,False
49,plate6,40,2,0.5,1000.0,32,15191564.978814466,16783826.603594795,16796437.018019915,40,3720,False
49,plate6,40,4,0.5,1000.0,32,14524381.430829532,16777978.23663451,16791300.649312194,40,3720,False
49,plate6,40,8,0.75,1000.0,32,13756948.177128049,16781523.58979531,16797724.556569558,40,3720,False
49,plate6,40,16,0.75,1000.0,32,13289104.732584206,16777884.014176894,16792264.43234704,40,3720,False
49,plate6,40,32,1.0,1000.0,32,12919089.219755175,16742226.616602523,16756005.956913324,40,3720,False
49,plate6,40,64,1.0,1000.0,32,12729193.315905511,16726684.714861535,16740744.909536801,40,3720,False
49,plate6,40,80,1.0,1000.0,32,12709603.792094607,16724973.419965146,16739175.57495935,40,3720,False
49,plate6,40,92,1.0,1000.0,32,12708743.578383055,16724833.73615517,16739042.623024357,40,3720,False
49,plate6,49,0,0.0,1e-08,0,,,,0,0,False
49,plate6,49,1,0.25,1000.0,32,15820455.202927528,16752634.75180135,16778290.351649873,40,3720,False
49,plate6,49,2,0.5,1000.0,32,15089865.764861125,16731477.4814844,16750081.690475509,40,3720,False
49,plate6,49,4,0.5,1000.0,32,14428120.928586962,16724264.199908543,16744147.54773488,40,3720,False
49,plate6,49,8,0.75,1000.0,32,13666873.40588823,16725986.521770157,16749315.267358307,40,3720,False
49,plate6,49,16,0.75,1000.0,32,13201961.53171774,16724795.648809958,16745800.463525182,40,3720,False
49,plate6,49,32,1.0,1000.0,32,12834648.150853,16687440.323925566,16709890.106470622,40,3720,False
49,plate6,49,64,1.0,1000.0,32,12645962.886356667,16671050.493616693,16695017.415888432,40,3720,False
49,plate6,49,80,1.0,1000.0,32,12626524.70797149,16669185.67523314,16693517.25769949,40,3720,False
49,plate6,49,92,1.0,1000.0,32,12625668.067762239,16669036.040068982,16693385.768589888,40,3720,False
49,plate14,1,0,0.0,1e-08,0,,,,0,0,False
49,plate14,1,1,0.0,1e-08,0,,,,0,0,False
49,plate14,1,2,0.0,1e-08,0,,,,0,0,False
49,plate14,1,4,0.0,1e-08,0,,,,0,0,False
49,plate14,1,8,0.0,1e-08,0,,,,0,0,False
49,plate14,1,16,0.0,1e-08,0,,,,0,0,False
49,plate14,1,32,0.0,1e-08,0,,,,0,0,False
49,plate14,1,64,0.0,1e-08,0,,,,0,0,False
49,plate14,1,80,0.0,1e-08,0,,,,0,0,False
49,plate14,1,92,0.0,1e-08,0,,,,0,0,False
49,plate14,2,0,0.0,1e-08,0,,,,0,0,False
49,plate14,2,1,0.5,1e-08,0,19029845.33709848,21992932.36226654,,16,1488,False
49,plate14,2,2,0.5,1e-08,0,17433065.38167709,21992932.36226654,,16,1488,False
49,plate14,2,4,0.75,1e-08,0,16333785.858892143,21992932.36226654,,16,1488,False
49,plate14,2,8,0.75,1e-08,0,15364481.555504559,21992932.36226654,,16,1488,False
49,plate14,2,16,1.0,1e-08,0,14694633.43404823,21992932.36226654,,16,1488,False
49,plate14,2,32,1.0,1e-08,0,14241943.664832441,21992932.36226654,,16,1488,False
49,plate14,2,64,1.0,1e-08,0,14028488.452298008,21992932.36226654,,16,1488,False
49,plate14,2,80,1.0,1e-08,0,14004280.48003628,21992932.36226654,,16,1488,False
49,plate14,2,92,1.0,1e-08,0,14003494.209933953,21992932.36226654,,16,1488,False
49,plate14,4,0,0.0,1e-08,0,,,,0,0,False
49,plate14,4,1,0.5,100.0,2,19799024.47728444,20050004.339934777,20051419.265287817,32,2976,False
49,plate14,4,2,0.5,100.0,2,18154879.512705512,20055136.788509544,20055775.648409825,32,2976,False
49,plate14,4,4,0.75,100.0,2,16937932.59188912,20064130.771295793,20064170.978182558,32,2976,False
49,plate14,4,8,0.75,100.0,2,15960183.07483909,20054750.600543667,20054774.88499153,32,2976,False
49,plate14,4,16,1.0,100.0,2,15276132.065184603,20050029.347049534,20050034.586767334,32,2976,False
49,plate14,4,32,1.0,1000.0,2,14817858.346346077,20046557.4649031,20046630.0249372,32,2976,False
49,plate14,4,64,1.0,1000.0,2,14597608.483738128,20045396.0740569,20045402.9092129,32,2976,False
49,plate14,4,80,1.0,1000.0,2,14572720.795873677,20045320.97613506,20045326.650536608,32,2976,False
49,plate14,4,92,1.0,1000.0,2,14571876.03556415,20045294.87418072,20045301.468571436,32,2976,False
49,plate14,8,0,0.0,1e-08,0,,,,0,0,False
49,plate14,8,1,0.5,100.0,4,20197022.723566834,21034141.06534334,21132839.22917325,40,3720,False
49,plate14,8,2,0.5,100.0,4,18498312.07174171,21037432.093298744,21135424.561620012,40,3720,False
49,plate14,8,4,0.75,100.0,4,17241952.523513146,21051781.268755075,21144036.193785734,40,3720,False
49,plate14,8,8,0.75,100.0,4,16241493.672666622,21039109.46154869,21136633.483701777,40,3720,False
49,plate14,8,16,1.0,1000.0,4,15546422.437351752,21032130.007148225,21133015.86833803,40,3720,False
49,plate14,8,32,1.0,1000.0,4,15078688.059293717,21025605.43568902,21128884.12741419,40,3720,False
49,plate14,8,64,1.0,1000.0,4,14853190.928753374,21023718.7212135,21127595.18350696,40,3720,False
49,plate14,8,80,1.0,1000.0,4,14828179.346822737,21023525.408385064,21127437.90834331,40,3720,False
49,plate14,8,92,1.0,1000.0,4,14827321.695196968,21023481.734391164,21127410.863132313,40,3720,False
49,plate14,16,0,0.0,1e-08,0,,,,0,0,False
49,plate14,16,1,0.5,100.0,8,18509023.282505903,20298597.339762617,20354602.361207422,40,3720,False
49,plate14,16,2,0.5,100.0,8,16964869.900786646,20295941.77901895,20354625.24848818,40,3720,False
49,plate14,16,4,0.75,1000.0,8,15809304.407314375,20306396.858332966,20363597.383283753,40,3720,False
49,plate14,16,8,0.75,1000.0,8,14900992.87012873,20296456.783720355,20356214.450306587,40,3720,False
49,plate14,16,16,1.0,1000.0,8,14264774.442804316,20291837.00846677,20352025.476833176,40,3720,False
49,plate14,16,32,1.0,1000.0,8,13835884.841669472,20283471.791620888,20346748.501075614,40,3720,False
49,plate14,16,64,1.0,1000.0,8,13628757.459119191,20280270.089202832,20344895.936252963,40,3720,False
49,plate14,16,80,1.0,1000.0,8,13605857.558343789,20279893.882667586,20344701.837491177,40,3720,False
49,plate14,16,92,1.0,1000.0,8,13605074.103447523,20279832.704612885,20344662.162093222,40,3720,False
49,plate14,24,0,0.0,1e-08,0,,,,0,0,False
49,plate14,24,1,0.5,100.0,16,17837399.062652696,20044697.088559322,20073022.410809696,40,3720,False
49,plate14,24,2,0.5,100.0,16,16352957.84868449,20040056.5345875,20070920.51717654,40,3720,False
49,plate14,24,4,0.75,1000.0,16,15239634.31351011,20051960.191932183,20083138.414508063,40,3720,False
49,plate14,24,8,0.75,1000.0,16,14363132.577932945,20040093.84209789,20072027.240353923,40,3720,False
49,plate14,24,16,1.0,1000.0,16,13748274.595732339,20036491.692574736,20068370.547989924,40,3720,False
49,plate14,24,32,1.0,1000.0,16,13334144.188884005,20025419.182710975,20059018.96406658,40,3720,False
49,plate14,24,64,1.0,1000.0,16,13134401.607261335,20020902.567911223,20055434.25642379,40,3720,False
49,plate14,24,80,1.0,1000.0,16,13112286.533029595,20020289.327492293,20054974.59280958,40,3720,False
49,plate14,24,92,1.0,1000.0,16,13111535.101141678,20020205.412531655,20054903.412606478,40,3720,False
49,plate14,32,0,0.0,1e-08,0,,,,0,0,False
49,plate14,32,1,0.5,1000.0,24,17578183.740932494,19935752.585720703,19954158.767508775,40,3720,False
49,plate14,32,2,0.5,1000.0,24,16115626.913947089,19929523.101570424,19948510.17535702,40,3720,False
49,plate14,32,4,0.75,1000.0,24,15018554.850669196,19941386.692747958,19960685.128224786,40,3720,False
49,plate14,32,8,0.75,1000.0,24,14155116.310916532,19926906.41458798,19945271.272430472,40,3720,False
49,plate14,32,16,1.0,1000.0,24,13548759.220733505,19923315.058588095,19941678.544438526,40,3720,False
49,plate14,32,32,1.0,1000.0,24,13140394.304860227,19910061.783287402,19930108.125987545,40,3720,False
49,plate14,32,64,1.0,1000.0,24,12943653.773268037,19904652.346873265,19925653.65551939,40,3720,False
49,plate14,32,80,1.0,1000.0,24,12921869.616641192,19903915.27345884,19925016.71962676,40,3720,False
49,plate14,32,92,1.0,1000.0,24,12921126.059322653,19903816.138686515,19924931.20746447,40,3720,False
49,plate14,40,0,0.0,1e-08,0,,,,0,0,False
49,plate14,40,1,0.5,1000.0,32,17406653.4508574,19859483.442982413,19877387.62969905,40,3720,False
49,plate14,40,2,0.5,1000.0,32,15957771.789495686,19851210.90833479,19867842.163511995,40,3720,False
49,plate14,40,4,0.75,1000.0,32,14869768.864075791,19865022.685440972,19881316.180894952,40,3720,False
49,plate14,40,8,0.75,1000.0,32,14014127.425833542,19850633.92725251,19864995.523820113,40,3720,False
49,plate14,40,16,1.0,1000.0,32,13415812.739127606,19844129.099147644,19858442.544792034,40,3720,False
49,plate14,40,32,1.0,1000.0,32,13011131.349494455,19829460.385527425,19844734.654014267,40,3720,False
49,plate14,40,64,1.0,1000.0,32,12816402.559419531,19823383.578572825,19839299.970970273,40,3720,False
49,plate14,40,80,1.0,1000.0,32,12794793.727655439,19822501.8744593,19838528.12526149,40,3720,False
49,plate14,40,92,1.0,1000.0,32,12794059.6442255,19822396.14328298,19838430.409393527,40,3720,False
49,plate14,49,0,0.0,1e-08,0,,,,0,0,False
49,plate14,49,1,0.5,1000.0,32,17289345.694940813,19805211.690429185,19828194.529830802,40,3720,False
49,plate14,49,2,0.5,1000.0,32,15849470.791723695,19795417.690165203,19818489.923403434,40,3720,False
49,plate14,49,4,0.75,1000.0,32,14771548.901255377,19808959.79484476,19831250.20468942,40,3720,False
49,plate14,49,8,0.75,1000.0,32,13920915.649029814,19794293.49950838,19815360.802946195,40,3720,False
49,plate14,49,16,1.0,1000.0,32,13325945.125798533,19786588.724399935,19808916.48650647,40,3720,False
49,plate14,49,32,1.0,1000.0,32,12923788.674531423,19770471.731283817,19794919.353271697,40,3720,False
49,plate14,49,64,1.0,1000.0,32,12730389.284197394,19764016.412870184,19789243.357860625,40,3720,False
49,plate14,49,80,1.0,1000.0,32,12708920.337554842,19762975.786391653,19788458.88289425,40,3720,False
49,plate14,49,92,1.0,1000.0,32,12708189.904635943,19762858.54649337,19788355.466586865,40,3720,False
