plate,plate_axis,sample,sample_axis,cell_line_id,context_axis,intervention_id,is_control,control_well,drug,concentration,concentration_unit,n_cells,library_size
plate6,0,smp_1991,0,CVCL_0023,0,(R)-Verapamil (hydrochloride)__5__uM,False,,(R)-Verapamil (hydrochloride),5.0,uM,2350,5162040.0
plate6,0,smp_1991,0,CVCL_0028,1,(R)-Verapamil (hydrochloride)__5__uM,False,,(R)-Verapamil (hydrochloride),5.0,uM,683,1067622.0
plate6,0,smp_1991,0,CVCL_0069,2,(R)-Verapamil (hydrochloride)__5__uM,False,,(R)-Verapamil (hydrochloride),5.0,uM,1312,3478568.0
plate6,0,smp_1991,0,CVCL_0099,3,(R)-Verapamil (hydrochloride)__5__uM,False,,(R)-Verapamil (hydrochloride),5.0,uM,768,1466705.0
plate6,0,smp_1991,0,CVCL_0131,4,(R)-Verapamil (hydrochloride)__5__uM,False,,(R)-Verapamil (hydrochloride),5.0,uM,2384,7425043.0
plate6,0,smp_1991,0,CVCL_0152,5,(R)-Verapamil (hydrochloride)__5__uM,False,,(R)-Verapamil (hydrochloride),5.0,uM,2581,5612817.0
plate6,0,smp_1991,0,CVCL_0179,6,(R)-Verapamil (hydrochloride)__5__uM,False,,(R)-Verapamil (hydrochloride),5.0,uM,1216,3887285.0
plate6,0,smp_1991,0,CVCL_0218,7,(R)-Verapamil (hydrochloride)__5__uM,False,,(R)-Verapamil (hydrochloride),5.0,uM,1290,2456596.0
plate6,0,smp_1991,0,CVCL_0292,8,(R)-Verapamil (hydrochloride)__5__uM,False,,(R)-Verapamil (hydrochloride),5.0,uM,1283,2017106.0
plate6,0,smp_1991,0,CVCL_0293,9,(R)-Verapamil (hydrochloride)__5__uM,False,,(R)-Verapamil (hydrochloride),5.0,uM,2664,8492108.0
plate6,0,smp_1991,0,CVCL_0320,10,(R)-Verapamil (hydrochloride)__5__uM,False,,(R)-Verapamil (hydrochloride),5.0,uM,1797,4972055.0
plate6,0,smp_1991,0,CVCL_0332,11,(R)-Verapamil (hydrochloride)__5__uM,False,,(R)-Verapamil (hydrochloride),5.0,uM,1306,4183650.0
plate6,0,smp_1991,0,CVCL_0334,12,(R)-Verapamil (hydrochloride)__5__uM,False,,(R)-Verapamil (hydrochloride),5.0,uM,925,2057825.0
plate6,0,smp_1991,0,CVCL_0359,13,(R)-Verapamil (hydrochloride)__5__uM,False,,(R)-Verapamil (hydrochloride),5.0,uM,1984,5481774.0
plate6,0,smp_1991,0,CVCL_0366,14,(R)-Verapamil (hydrochloride)__5__uM,False,,(R)-Verapamil (hydrochloride),5.0,uM,1371,4748559.0
plate6,0,smp_1991,0,CVCL_0371,15,(R)-Verapamil (hydrochloride)__5__uM,False,,(R)-Verapamil (hydrochloride),5.0,uM,2011,5292242.0
plate6,0,smp_1991,0,CVCL_0397,16,(R)-Verapamil (hydrochloride)__5__uM,False,,(R)-Verapamil (hydrochloride),5.0,uM,1359,4198097.0
plate6,0,smp_1991,0,CVCL_0399,17,(R)-Verapamil (hydrochloride)__5__uM,False,,(R)-Verapamil (hydrochloride),5.0,uM,2913,7849302.0
plate6,0,smp_1991,0,CVCL_0428,18,(R)-Verapamil (hydrochloride)__5__uM,False,,(R)-Verapamil (hydrochloride),5.0,uM,1062,2868038.0
plate6,0,smp_1991,0,CVCL_0459,19,(R)-Verapamil (hydrochloride)__5__uM,False,,(R)-Verapamil (hydrochloride),5.0,uM,4144,7983353.0
plate6,0,smp_1991,0,CVCL_0480,20,(R)-Verapamil (hydrochloride)__5__uM,False,,(R)-Verapamil (hydrochloride),5.0,uM,2722,9860332.0
plate6,0,smp_1991,0,CVCL_0504,21,(R)-Verapamil (hydrochloride)__5__uM,False,,(R)-Verapamil (hydrochloride),5.0,uM,2111,3895548.0
plate6,0,smp_1991,0,CVCL_0546,22,(R)-Verapamil (hydrochloride)__5__uM,False,,(R)-Verapamil (hydrochloride),5.0,uM,4978,10595148.0
plate6,0,smp_1991,0,CVCL_1055,23,(R)-Verapamil (hydrochloride)__5__uM,False,,(R)-Verapamil (hydrochloride),5.0,uM,1386,5537428.0
plate6,0,smp_1991,0,CVCL_1056,24,(R)-Verapamil (hydrochloride)__5__uM,False,,(R)-Verapamil (hydrochloride),5.0,uM,2066,8236212.0
plate6,0,smp_1991,0,CVCL_1094,25,(R)-Verapamil (hydrochloride)__5__uM,False,,(R)-Verapamil (hydrochloride),5.0,uM,1430,2797833.0
plate6,0,smp_1991,0,CVCL_1097,26,(R)-Verapamil (hydrochloride)__5__uM,False,,(R)-Verapamil (hydrochloride),5.0,uM,1920,4032600.0
plate6,0,smp_1991,0,CVCL_1098,27,(R)-Verapamil (hydrochloride)__5__uM,False,,(R)-Verapamil (hydrochloride),5.0,uM,1405,2693738.0
plate6,0,smp_1991,0,CVCL_1119,28,(R)-Verapamil (hydrochloride)__5__uM,False,,(R)-Verapamil (hydrochloride),5.0,uM,1784,4982250.0
plate6,0,smp_1991,0,CVCL_1125,29,(R)-Verapamil (hydrochloride)__5__uM,False,,(R)-Verapamil (hydrochloride),5.0,uM,322,495643.0
plate6,0,smp_1991,0,CVCL_1239,30,(R)-Verapamil (hydrochloride)__5__uM,False,,(R)-Verapamil (hydrochloride),5.0,uM,673,1417995.0
plate6,0,smp_1991,0,CVCL_1285,31,(R)-Verapamil (hydrochloride)__5__uM,False,,(R)-Verapamil (hydrochloride),5.0,uM,2734,6445562.0
plate6,0,smp_1991,0,CVCL_1381,32,(R)-Verapamil (hydrochloride)__5__uM,False,,(R)-Verapamil (hydrochloride),5.0,uM,1814,4665091.0
plate6,0,smp_1991,0,CVCL_1478,33,(R)-Verapamil (hydrochloride)__5__uM,False,,(R)-Verapamil (hydrochloride),5.0,uM,2248,6760265.0
plate6,0,smp_1991,0,CVCL_1495,34,(R)-Verapamil (hydrochloride)__5__uM,False,,(R)-Verapamil (hydrochloride),5.0,uM,1376,3461706.0
plate6,0,smp_1991,0,CVCL_1517,35,(R)-Verapamil (hydrochloride)__5__uM,False,,(R)-Verapamil (hydrochloride),5.0,uM,2003,8125884.0
plate6,0,smp_1991,0,CVCL_1531,36,(R)-Verapamil (hydrochloride)__5__uM,False,,(R)-Verapamil (hydrochloride),5.0,uM,26,50581.0
plate6,0,smp_1991,0,CVCL_1547,37,(R)-Verapamil (hydrochloride)__5__uM,False,,(R)-Verapamil (hydrochloride),5.0,uM,1704,4645433.0
plate6,0,smp_1991,0,CVCL_1550,38,(R)-Verapamil (hydrochloride)__5__uM,False,,(R)-Verapamil (hydrochloride),5.0,uM,1927,8638414.0
plate6,0,smp_1991,0,CVCL_1571,39,(R)-Verapamil (hydrochloride)__5__uM,False,,(R)-Verapamil (hydrochloride),5.0,uM,10,10086.0
plate6,0,smp_1991,0,CVCL_1577,40,(R)-Verapamil (hydrochloride)__5__uM,False,,(R)-Verapamil (hydrochloride),5.0,uM,95,470450.0
plate6,0,smp_1991,0,CVCL_1635,41,(R)-Verapamil (hydrochloride)__5__uM,False,,(R)-Verapamil (hydrochloride),5.0,uM,1408,3783204.0
plate6,0,smp_1991,0,CVCL_1666,42,(R)-Verapamil (hydrochloride)__5__uM,False,,(R)-Verapamil (hydrochloride),5.0,uM,1372,2450886.0
plate6,0,smp_1991,0,CVCL_1693,43,(R)-Verapamil (hydrochloride)__5__uM,False,,(R)-Verapamil (hydrochloride),5.0,uM,1195,2191775.0
plate6,0,smp_1991,0,CVCL_1715,44,(R)-Verapamil (hydrochloride)__5__uM,False,,(R)-Verapamil (hydrochloride),5.0,uM,169,319115.0
plate6,0,smp_1991,0,CVCL_1716,45,(R)-Verapamil (hydrochloride)__5__uM,False,,(R)-Verapamil (hydrochloride),5.0,uM,214,394459.0
plate6,0,smp_1991,0,CVCL_1717,46,(R)-Verapamil (hydrochloride)__5__uM,False,,(R)-Verapamil (hydrochloride),5.0,uM,1735,5768738.0
plate6,0,smp_1991,0,CVCL_1724,47,(R)-Verapamil (hydrochloride)__5__uM,False,,(R)-Verapamil (hydrochloride),5.0,uM,921,2007692.0
plate6,0,smp_1991,0,CVCL_1731,48,(R)-Verapamil (hydrochloride)__5__uM,False,,(R)-Verapamil (hydrochloride),5.0,uM,1333,3044402.0
plate6,0,smp_1991,0,CVCL_C466,49,(R)-Verapamil (hydrochloride)__5__uM,False,,(R)-Verapamil (hydrochloride),5.0,uM,1704,2769616.0
plate6,0,smp_2004,1,CVCL_0023,0,18β-Glycyrrhetinic acid__5__uM,False,,18β-Glycyrrhetinic acid,5.0,uM,1139,1961333.0
plate6,0,smp_2004,1,CVCL_0028,1,18β-Glycyrrhetinic acid__5__uM,False,,18β-Glycyrrhetinic acid,5.0,uM,416,558424.0
plate6,0,smp_2004,1,CVCL_0069,2,18β-Glycyrrhetinic acid__5__uM,False,,18β-Glycyrrhetinic acid,5.0,uM,724,1390600.0
plate6,0,smp_2004,1,CVCL_0099,3,18β-Glycyrrhetinic acid__5__uM,False,,18β-Glycyrrhetinic acid,5.0,uM,383,557311.0
plate6,0,smp_2004,1,CVCL_0131,4,18β-Glycyrrhetinic acid__5__uM,False,,18β-Glycyrrhetinic acid,5.0,uM,1085,2469143.0
plate6,0,smp_2004,1,CVCL_0152,5,18β-Glycyrrhetinic acid__5__uM,False,,18β-Glycyrrhetinic acid,5.0,uM,1154,2077780.0
plate6,0,smp_2004,1,CVCL_0179,6,18β-Glycyrrhetinic acid__5__uM,False,,18β-Glycyrrhetinic acid,5.0,uM,514,1236918.0
plate6,0,smp_2004,1,CVCL_0218,7,18β-Glycyrrhetinic acid__5__uM,False,,18β-Glycyrrhetinic acid,5.0,uM,570,864588.0
plate6,0,smp_2004,1,CVCL_0292,8,18β-Glycyrrhetinic acid__5__uM,False,,18β-Glycyrrhetinic acid,5.0,uM,511,668407.0
plate6,0,smp_2004,1,CVCL_0293,9,18β-Glycyrrhetinic acid__5__uM,False,,18β-Glycyrrhetinic acid,5.0,uM,1017,2675886.0
plate6,0,smp_2004,1,CVCL_0320,10,18β-Glycyrrhetinic acid__5__uM,False,,18β-Glycyrrhetinic acid,5.0,uM,764,1669823.0
plate6,0,smp_2004,1,CVCL_0332,11,18β-Glycyrrhetinic acid__5__uM,False,,18β-Glycyrrhetinic acid,5.0,uM,554,1248151.0
plate6,0,smp_2004,1,CVCL_0334,12,18β-Glycyrrhetinic acid__5__uM,False,,18β-Glycyrrhetinic acid,5.0,uM,473,846095.0
plate6,0,smp_2004,1,CVCL_0359,13,18β-Glycyrrhetinic acid__5__uM,False,,18β-Glycyrrhetinic acid,5.0,uM,1277,2712865.0
plate6,0,smp_2004,1,CVCL_0366,14,18β-Glycyrrhetinic acid__5__uM,False,,18β-Glycyrrhetinic acid,5.0,uM,561,1435201.0
plate6,0,smp_2004,1,CVCL_0371,15,18β-Glycyrrhetinic acid__5__uM,False,,18β-Glycyrrhetinic acid,5.0,uM,905,1963853.0
plate6,0,smp_2004,1,CVCL_0397,16,18β-Glycyrrhetinic acid__5__uM,False,,18β-Glycyrrhetinic acid,5.0,uM,497,1358864.0
plate6,0,smp_2004,1,CVCL_0399,17,18β-Glycyrrhetinic acid__5__uM,False,,18β-Glycyrrhetinic acid,5.0,uM,1201,2834423.0
plate6,0,smp_2004,1,CVCL_0428,18,18β-Glycyrrhetinic acid__5__uM,False,,18β-Glycyrrhetinic acid,5.0,uM,590,1168082.0
plate6,0,smp_2004,1,CVCL_0459,19,18β-Glycyrrhetinic acid__5__uM,False,,18β-Glycyrrhetinic acid,5.0,uM,1797,2575963.0
plate6,0,smp_2004,1,CVCL_0480,20,18β-Glycyrrhetinic acid__5__uM,False,,18β-Glycyrrhetinic acid,5.0,uM,1187,3265059.0
plate6,0,smp_2004,1,CVCL_0504,21,18β-Glycyrrhetinic acid__5__uM,False,,18β-Glycyrrhetinic acid,5.0,uM,1135,1591951.0
plate6,0,smp_2004,1,CVCL_0546,22,18β-Glycyrrhetinic acid__5__uM,False,,18β-Glycyrrhetinic acid,5.0,uM,2190,3646731.0
plate6,0,smp_2004,1,CVCL_1055,23,18β-Glycyrrhetinic acid__5__uM,False,,18β-Glycyrrhetinic acid,5.0,uM,773,2353676.0
plate6,0,smp_2004,1,CVCL_1056,24,18β-Glycyrrhetinic acid__5__uM,False,,18β-Glycyrrhetinic acid,5.0,uM,870,2548415.0
plate6,0,smp_2004,1,CVCL_1094,25,18β-Glycyrrhetinic acid__5__uM,False,,18β-Glycyrrhetinic acid,5.0,uM,844,1333439.0
plate6,0,smp_2004,1,CVCL_1097,26,18β-Glycyrrhetinic acid__5__uM,False,,18β-Glycyrrhetinic acid,5.0,uM,738,1206112.0
plate6,0,smp_2004,1,CVCL_1098,27,18β-Glycyrrhetinic acid__5__uM,False,,18β-Glycyrrhetinic acid,5.0,uM,704,1061436.0
plate6,0,smp_2004,1,CVCL_1119,28,18β-Glycyrrhetinic acid__5__uM,False,,18β-Glycyrrhetinic acid,5.0,uM,953,2147930.0
plate6,0,smp_2004,1,CVCL_1125,29,18β-Glycyrrhetinic acid__5__uM,False,,18β-Glycyrrhetinic acid,5.0,uM,174,218547.0
plate6,0,smp_2004,1,CVCL_1239,30,18β-Glycyrrhetinic acid__5__uM,False,,18β-Glycyrrhetinic acid,5.0,uM,279,439349.0
plate6,0,smp_2004,1,CVCL_1285,31,18β-Glycyrrhetinic acid__5__uM,False,,18β-Glycyrrhetinic acid,5.0,uM,1161,2165409.0
plate6,0,smp_2004,1,CVCL_1381,32,18β-Glycyrrhetinic acid__5__uM,False,,18β-Glycyrrhetinic acid,5.0,uM,972,1909157.0
plate6,0,smp_2004,1,CVCL_1478,33,18β-Glycyrrhetinic acid__5__uM,False,,18β-Glycyrrhetinic acid,5.0,uM,843,2033075.0
plate6,0,smp_2004,1,CVCL_1495,34,18β-Glycyrrhetinic acid__5__uM,False,,18β-Glycyrrhetinic acid,5.0,uM,674,1277094.0
plate6,0,smp_2004,1,CVCL_1517,35,18β-Glycyrrhetinic acid__5__uM,False,,18β-Glycyrrhetinic acid,5.0,uM,772,2270158.0
plate6,0,smp_2004,1,CVCL_1531,36,18β-Glycyrrhetinic acid__5__uM,False,,18β-Glycyrrhetinic acid,5.0,uM,18,25384.0
plate6,0,smp_2004,1,CVCL_1547,37,18β-Glycyrrhetinic acid__5__uM,False,,18β-Glycyrrhetinic acid,5.0,uM,916,1802140.0
plate6,0,smp_2004,1,CVCL_1550,38,18β-Glycyrrhetinic acid__5__uM,False,,18β-Glycyrrhetinic acid,5.0,uM,1089,3812348.0
plate6,0,smp_2004,1,CVCL_1571,39,18β-Glycyrrhetinic acid__5__uM,False,,18β-Glycyrrhetinic acid,5.0,uM,9,8413.0
plate6,0,smp_2004,1,CVCL_1577,40,18β-Glycyrrhetinic acid__5__uM,False,,18β-Glycyrrhetinic acid,5.0,uM,59,197710.0
plate6,0,smp_2004,1,CVCL_1635,41,18β-Glycyrrhetinic acid__5__uM,False,,18β-Glycyrrhetinic acid,5.0,uM,691,1491064.0
plate6,0,smp_2004,1,CVCL_1666,42,18β-Glycyrrhetinic acid__5__uM,False,,18β-Glycyrrhetinic acid,5.0,uM,670,980930.0
plate6,0,smp_2004,1,CVCL_1693,43,18β-Glycyrrhetinic acid__5__uM,False,,18β-Glycyrrhetinic acid,5.0,uM,650,954390.0
plate6,0,smp_2004,1,CVCL_1715,44,18β-Glycyrrhetinic acid__5__uM,False,,18β-Glycyrrhetinic acid,5.0,uM,54,77388.0
plate6,0,smp_2004,1,CVCL_1716,45,18β-Glycyrrhetinic acid__5__uM,False,,18β-Glycyrrhetinic acid,5.0,uM,79,113732.0
plate6,0,smp_2004,1,CVCL_1717,46,18β-Glycyrrhetinic acid__5__uM,False,,18β-Glycyrrhetinic acid,5.0,uM,795,2114807.0
plate6,0,smp_2004,1,CVCL_1724,47,18β-Glycyrrhetinic acid__5__uM,False,,18β-Glycyrrhetinic acid,5.0,uM,351,608848.0
plate6,0,smp_2004,1,CVCL_1731,48,18β-Glycyrrhetinic acid__5__uM,False,,18β-Glycyrrhetinic acid,5.0,uM,518,858519.0
plate6,0,smp_2004,1,CVCL_C466,49,18β-Glycyrrhetinic acid__5__uM,False,,18β-Glycyrrhetinic acid,5.0,uM,555,730854.0
plate6,0,smp_1975,2,CVCL_0023,0,8-Hydroxyquinoline__5__uM,False,,8-Hydroxyquinoline,5.0,uM,3076,6686156.0
plate6,0,smp_1975,2,CVCL_0028,1,8-Hydroxyquinoline__5__uM,False,,8-Hydroxyquinoline,5.0,uM,1018,1597942.0
plate6,0,smp_1975,2,CVCL_0069,2,8-Hydroxyquinoline__5__uM,False,,8-Hydroxyquinoline,5.0,uM,1876,4676765.0
plate6,0,smp_1975,2,CVCL_0099,3,8-Hydroxyquinoline__5__uM,False,,8-Hydroxyquinoline,5.0,uM,1104,2166692.0
plate6,0,smp_1975,2,CVCL_0131,4,8-Hydroxyquinoline__5__uM,False,,8-Hydroxyquinoline,5.0,uM,3196,9848822.0
plate6,0,smp_1975,2,CVCL_0152,5,8-Hydroxyquinoline__5__uM,False,,8-Hydroxyquinoline,5.0,uM,3275,6657832.0
plate6,0,smp_1975,2,CVCL_0179,6,8-Hydroxyquinoline__5__uM,False,,8-Hydroxyquinoline,5.0,uM,1782,5986446.0
plate6,0,smp_1975,2,CVCL_0218,7,8-Hydroxyquinoline__5__uM,False,,8-Hydroxyquinoline,5.0,uM,1749,3336020.0
plate6,0,smp_1975,2,CVCL_0292,8,8-Hydroxyquinoline__5__uM,False,,8-Hydroxyquinoline,5.0,uM,1700,2494504.0
plate6,0,smp_1975,2,CVCL_0293,9,8-Hydroxyquinoline__5__uM,False,,8-Hydroxyquinoline,5.0,uM,3462,9566543.0
plate6,0,smp_1975,2,CVCL_0320,10,8-Hydroxyquinoline__5__uM,False,,8-Hydroxyquinoline,5.0,uM,2276,5795355.0
plate6,0,smp_1975,2,CVCL_0332,11,8-Hydroxyquinoline__5__uM,False,,8-Hydroxyquinoline,5.0,uM,1505,4744833.0
plate6,0,smp_1975,2,CVCL_0334,12,8-Hydroxyquinoline__5__uM,False,,8-Hydroxyquinoline,5.0,uM,1343,2864113.0
plate6,0,smp_1975,2,CVCL_0359,13,8-Hydroxyquinoline__5__uM,False,,8-Hydroxyquinoline,5.0,uM,3001,8845045.0
plate6,0,smp_1975,2,CVCL_0366,14,8-Hydroxyquinoline__5__uM,False,,8-Hydroxyquinoline,5.0,uM,1915,6680953.0
plate6,0,smp_1975,2,CVCL_0371,15,8-Hydroxyquinoline__5__uM,False,,8-Hydroxyquinoline,5.0,uM,2446,6253885.0
plate6,0,smp_1975,2,CVCL_0397,16,8-Hydroxyquinoline__5__uM,False,,8-Hydroxyquinoline,5.0,uM,1790,5681470.0
plate6,0,smp_1975,2,CVCL_0399,17,8-Hydroxyquinoline__5__uM,False,,8-Hydroxyquinoline,5.0,uM,3898,9344618.0
plate6,0,smp_1975,2,CVCL_0428,18,8-Hydroxyquinoline__5__uM,False,,8-Hydroxyquinoline,5.0,uM,1482,4275530.0
plate6,0,smp_1975,2,CVCL_0459,19,8-Hydroxyquinoline__5__uM,False,,8-Hydroxyquinoline,5.0,uM,5800,11196667.0
plate6,0,smp_1975,2,CVCL_0480,20,8-Hydroxyquinoline__5__uM,False,,8-Hydroxyquinoline,5.0,uM,3264,11608763.0
plate6,0,smp_1975,2,CVCL_0504,21,8-Hydroxyquinoline__5__uM,False,,8-Hydroxyquinoline,5.0,uM,2841,5292343.0
plate6,0,smp_1975,2,CVCL_0546,22,8-Hydroxyquinoline__5__uM,False,,8-Hydroxyquinoline,5.0,uM,6455,14039013.0
plate6,0,smp_1975,2,CVCL_1055,23,8-Hydroxyquinoline__5__uM,False,,8-Hydroxyquinoline,5.0,uM,1584,6402282.0
plate6,0,smp_1975,2,CVCL_1056,24,8-Hydroxyquinoline__5__uM,False,,8-Hydroxyquinoline,5.0,uM,2659,11260263.0
plate6,0,smp_1975,2,CVCL_1094,25,8-Hydroxyquinoline__5__uM,False,,8-Hydroxyquinoline,5.0,uM,1906,3787217.0
plate6,0,smp_1975,2,CVCL_1097,26,8-Hydroxyquinoline__5__uM,False,,8-Hydroxyquinoline,5.0,uM,2432,4812588.0
plate6,0,smp_1975,2,CVCL_1098,27,8-Hydroxyquinoline__5__uM,False,,8-Hydroxyquinoline,5.0,uM,2545,4421506.0
plate6,0,smp_1975,2,CVCL_1119,28,8-Hydroxyquinoline__5__uM,False,,8-Hydroxyquinoline,5.0,uM,2192,6011537.0
plate6,0,smp_1975,2,CVCL_1125,29,8-Hydroxyquinoline__5__uM,False,,8-Hydroxyquinoline,5.0,uM,468,732900.0
plate6,0,smp_1975,2,CVCL_1239,30,8-Hydroxyquinoline__5__uM,False,,8-Hydroxyquinoline,5.0,uM,1012,2205984.0
plate6,0,smp_1975,2,CVCL_1285,31,8-Hydroxyquinoline__5__uM,False,,8-Hydroxyquinoline,5.0,uM,3560,8923357.0
plate6,0,smp_1975,2,CVCL_1381,32,8-Hydroxyquinoline__5__uM,False,,8-Hydroxyquinoline,5.0,uM,2530,6407064.0
plate6,0,smp_1975,2,CVCL_1478,33,8-Hydroxyquinoline__5__uM,False,,8-Hydroxyquinoline,5.0,uM,2399,6796396.0
plate6,0,smp_1975,2,CVCL_1495,34,8-Hydroxyquinoline__5__uM,False,,8-Hydroxyquinoline,5.0,uM,1765,4201377.0
plate6,0,smp_1975,2,CVCL_1517,35,8-Hydroxyquinoline__5__uM,False,,8-Hydroxyquinoline,5.0,uM,2540,10130490.0
plate6,0,smp_1975,2,CVCL_1531,36,8-Hydroxyquinoline__5__uM,False,,8-Hydroxyquinoline,5.0,uM,29,45742.0
plate6,0,smp_1975,2,CVCL_1547,37,8-Hydroxyquinoline__5__uM,False,,8-Hydroxyquinoline,5.0,uM,2162,5837302.0
plate6,0,smp_1975,2,CVCL_1550,38,8-Hydroxyquinoline__5__uM,False,,8-Hydroxyquinoline,5.0,uM,2503,10438691.0
plate6,0,smp_1975,2,CVCL_1571,39,8-Hydroxyquinoline__5__uM,False,,8-Hydroxyquinoline,5.0,uM,18,18913.0
plate6,0,smp_1975,2,CVCL_1577,40,8-Hydroxyquinoline__5__uM,False,,8-Hydroxyquinoline,5.0,uM,116,502802.0
plate6,0,smp_1975,2,CVCL_1635,41,8-Hydroxyquinoline__5__uM,False,,8-Hydroxyquinoline,5.0,uM,1680,4306567.0
plate6,0,smp_1975,2,CVCL_1666,42,8-Hydroxyquinoline__5__uM,False,,8-Hydroxyquinoline,5.0,uM,1737,3173343.0
plate6,0,smp_1975,2,CVCL_1693,43,8-Hydroxyquinoline__5__uM,False,,8-Hydroxyquinoline,5.0,uM,1763,3219754.0
plate6,0,smp_1975,2,CVCL_1715,44,8-Hydroxyquinoline__5__uM,False,,8-Hydroxyquinoline,5.0,uM,195,378425.0
plate6,0,smp_1975,2,CVCL_1716,45,8-Hydroxyquinoline__5__uM,False,,8-Hydroxyquinoline,5.0,uM,308,487293.0
plate6,0,smp_1975,2,CVCL_1717,46,8-Hydroxyquinoline__5__uM,False,,8-Hydroxyquinoline,5.0,uM,2155,6656563.0
plate6,0,smp_1975,2,CVCL_1724,47,8-Hydroxyquinoline__5__uM,False,,8-Hydroxyquinoline,5.0,uM,1173,2295872.0
plate6,0,smp_1975,2,CVCL_1731,48,8-Hydroxyquinoline__5__uM,False,,8-Hydroxyquinoline,5.0,uM,1672,3715003.0
plate6,0,smp_1975,2,CVCL_C466,49,8-Hydroxyquinoline__5__uM,False,,8-Hydroxyquinoline,5.0,uM,2477,4025586.0
plate6,0,smp_1993,3,CVCL_0023,0,Acetohexamide__5__uM,False,,Acetohexamide,5.0,uM,1341,3324369.0
plate6,0,smp_1993,3,CVCL_0028,1,Acetohexamide__5__uM,False,,Acetohexamide,5.0,uM,381,615349.0
plate6,0,smp_1993,3,CVCL_0069,2,Acetohexamide__5__uM,False,,Acetohexamide,5.0,uM,757,2049480.0
plate6,0,smp_1993,3,CVCL_0099,3,Acetohexamide__5__uM,False,,Acetohexamide,5.0,uM,422,842243.0
plate6,0,smp_1993,3,CVCL_0131,4,Acetohexamide__5__uM,False,,Acetohexamide,5.0,uM,1231,4339579.0
plate6,0,smp_1993,3,CVCL_0152,5,Acetohexamide__5__uM,False,,Acetohexamide,5.0,uM,1355,2959048.0
plate6,0,smp_1993,3,CVCL_0179,6,Acetohexamide__5__uM,False,,Acetohexamide,5.0,uM,608,1996637.0
plate6,0,smp_1993,3,CVCL_0218,7,Acetohexamide__5__uM,False,,Acetohexamide,5.0,uM,664,1301573.0
plate6,0,smp_1993,3,CVCL_0292,8,Acetohexamide__5__uM,False,,Acetohexamide,5.0,uM,734,1216385.0
plate6,0,smp_1993,3,CVCL_0293,9,Acetohexamide__5__uM,False,,Acetohexamide,5.0,uM,1321,4432872.0
plate6,0,smp_1993,3,CVCL_0320,10,Acetohexamide__5__uM,False,,Acetohexamide,5.0,uM,923,2686394.0
plate6,0,smp_1993,3,CVCL_0332,11,Acetohexamide__5__uM,False,,Acetohexamide,5.0,uM,650,2377162.0
plate6,0,smp_1993,3,CVCL_0334,12,Acetohexamide__5__uM,False,,Acetohexamide,5.0,uM,580,1291274.0
plate6,0,smp_1993,3,CVCL_0359,13,Acetohexamide__5__uM,False,,Acetohexamide,5.0,uM,1221,3810892.0
plate6,0,smp_1993,3,CVCL_0366,14,Acetohexamide__5__uM,False,,Acetohexamide,5.0,uM,644,2521928.0
plate6,0,smp_1993,3,CVCL_0371,15,Acetohexamide__5__uM,False,,Acetohexamide,5.0,uM,962,2780782.0
plate6,0,smp_1993,3,CVCL_0397,16,Acetohexamide__5__uM,False,,Acetohexamide,5.0,uM,697,2367665.0
plate6,0,smp_1993,3,CVCL_0399,17,Acetohexamide__5__uM,False,,Acetohexamide,5.0,uM,1606,4651391.0
plate6,0,smp_1993,3,CVCL_0428,18,Acetohexamide__5__uM,False,,Acetohexamide,5.0,uM,553,1563291.0
plate6,0,smp_1993,3,CVCL_0459,19,Acetohexamide__5__uM,False,,Acetohexamide,5.0,uM,2211,4476992.0
plate6,0,smp_1993,3,CVCL_0480,20,Acetohexamide__5__uM,False,,Acetohexamide,5.0,uM,1318,5473177.0
plate6,0,smp_1993,3,CVCL_0504,21,Acetohexamide__5__uM,False,,Acetohexamide,5.0,uM,1126,2254382.0
plate6,0,smp_1993,3,CVCL_0546,22,Acetohexamide__5__uM,False,,Acetohexamide,5.0,uM,2731,5993121.0
plate6,0,smp_1993,3,CVCL_1055,23,Acetohexamide__5__uM,False,,Acetohexamide,5.0,uM,716,3080063.0
plate6,0,smp_1993,3,CVCL_1056,24,Acetohexamide__5__uM,False,,Acetohexamide,5.0,uM,1048,4527199.0
plate6,0,smp_1993,3,CVCL_1094,25,Acetohexamide__5__uM,False,,Acetohexamide,5.0,uM,855,1767615.0
plate6,0,smp_1993,3,CVCL_1097,26,Acetohexamide__5__uM,False,,Acetohexamide,5.0,uM,952,2200623.0
plate6,0,smp_1993,3,CVCL_1098,27,Acetohexamide__5__uM,False,,Acetohexamide,5.0,uM,777,1709397.0
plate6,0,smp_1993,3,CVCL_1119,28,Acetohexamide__5__uM,False,,Acetohexamide,5.0,uM,927,2792065.0
plate6,0,smp_1993,3,CVCL_1125,29,Acetohexamide__5__uM,False,,Acetohexamide,5.0,uM,234,387463.0
plate6,0,smp_1993,3,CVCL_1239,30,Acetohexamide__5__uM,False,,Acetohexamide,5.0,uM,330,743102.0
plate6,0,smp_1993,3,CVCL_1285,31,Acetohexamide__5__uM,False,,Acetohexamide,5.0,uM,1362,3614306.0
plate6,0,smp_1993,3,CVCL_1381,32,Acetohexamide__5__uM,False,,Acetohexamide,5.0,uM,1019,2880926.0
plate6,0,smp_1993,3,CVCL_1478,33,Acetohexamide__5__uM,False,,Acetohexamide,5.0,uM,977,2993807.0
plate6,0,smp_1993,3,CVCL_1495,34,Acetohexamide__5__uM,False,,Acetohexamide,5.0,uM,745,2092675.0
plate6,0,smp_1993,3,CVCL_1517,35,Acetohexamide__5__uM,False,,Acetohexamide,5.0,uM,920,4071886.0
plate6,0,smp_1993,3,CVCL_1531,36,Acetohexamide__5__uM,False,,Acetohexamide,5.0,uM,15,16655.0
plate6,0,smp_1993,3,CVCL_1547,37,Acetohexamide__5__uM,False,,Acetohexamide,5.0,uM,847,2477424.0
plate6,0,smp_1993,3,CVCL_1550,38,Acetohexamide__5__uM,False,,Acetohexamide,5.0,uM,1128,5042256.0
plate6,0,smp_1993,3,CVCL_1571,39,Acetohexamide__5__uM,False,,Acetohexamide,5.0,uM,8,8749.0
plate6,0,smp_1993,3,CVCL_1577,40,Acetohexamide__5__uM,False,,Acetohexamide,5.0,uM,43,209107.0
plate6,0,smp_1993,3,CVCL_1635,41,Acetohexamide__5__uM,False,,Acetohexamide,5.0,uM,723,2070185.0
plate6,0,smp_1993,3,CVCL_1666,42,Acetohexamide__5__uM,False,,Acetohexamide,5.0,uM,835,1630810.0
plate6,0,smp_1993,3,CVCL_1693,43,Acetohexamide__5__uM,False,,Acetohexamide,5.0,uM,740,1377416.0
plate6,0,smp_1993,3,CVCL_1715,44,Acetohexamide__5__uM,False,,Acetohexamide,5.0,uM,92,176226.0
plate6,0,smp_1993,3,CVCL_1716,45,Acetohexamide__5__uM,False,,Acetohexamide,5.0,uM,100,197890.0
plate6,0,smp_1993,3,CVCL_1717,46,Acetohexamide__5__uM,False,,Acetohexamide,5.0,uM,810,2893473.0
plate6,0,smp_1993,3,CVCL_1724,47,Acetohexamide__5__uM,False,,Acetohexamide,5.0,uM,476,1085468.0
plate6,0,smp_1993,3,CVCL_1731,48,Acetohexamide__5__uM,False,,Acetohexamide,5.0,uM,685,1681138.0
plate6,0,smp_1993,3,CVCL_C466,49,Acetohexamide__5__uM,False,,Acetohexamide,5.0,uM,990,1693379.0
plate6,0,smp_2068,4,CVCL_0023,0,Adagrasib__0.05__uM,False,,Adagrasib,0.05,uM,3668,8621858.0
plate6,0,smp_2068,4,CVCL_0028,1,Adagrasib__0.05__uM,False,,Adagrasib,0.05,uM,1167,1949751.0
plate6,0,smp_2068,4,CVCL_0069,2,Adagrasib__0.05__uM,False,,Adagrasib,0.05,uM,2000,5552609.0
plate6,0,smp_2068,4,CVCL_0099,3,Adagrasib__0.05__uM,False,,Adagrasib,0.05,uM,1294,2729995.0
plate6,0,smp_2068,4,CVCL_0131,4,Adagrasib__0.05__uM,False,,Adagrasib,0.05,uM,3786,12843917.0
plate6,0,smp_2068,4,CVCL_0152,5,Adagrasib__0.05__uM,False,,Adagrasib,0.05,uM,3665,8568184.0
plate6,0,smp_2068,4,CVCL_0179,6,Adagrasib__0.05__uM,False,,Adagrasib,0.05,uM,2065,7523503.0
plate6,0,smp_2068,4,CVCL_0218,7,Adagrasib__0.05__uM,False,,Adagrasib,0.05,uM,1918,4144692.0
plate6,0,smp_2068,4,CVCL_0292,8,Adagrasib__0.05__uM,False,,Adagrasib,0.05,uM,1964,3514985.0
plate6,0,smp_2068,4,CVCL_0293,9,Adagrasib__0.05__uM,False,,Adagrasib,0.05,uM,3060,12582963.0
plate6,0,smp_2068,4,CVCL_0320,10,Adagrasib__0.05__uM,False,,Adagrasib,0.05,uM,2757,8572276.0
plate6,0,smp_2068,4,CVCL_0332,11,Adagrasib__0.05__uM,False,,Adagrasib,0.05,uM,1943,6469108.0
plate6,0,smp_2068,4,CVCL_0334,12,Adagrasib__0.05__uM,False,,Adagrasib,0.05,uM,1485,3373724.0
plate6,0,smp_2068,4,CVCL_0359,13,Adagrasib__0.05__uM,False,,Adagrasib,0.05,uM,3276,10406317.0
plate6,0,smp_2068,4,CVCL_0366,14,Adagrasib__0.05__uM,False,,Adagrasib,0.05,uM,2076,8168448.0
plate6,0,smp_2068,4,CVCL_0371,15,Adagrasib__0.05__uM,False,,Adagrasib,0.05,uM,2933,8632078.0
plate6,0,smp_2068,4,CVCL_0397,16,Adagrasib__0.05__uM,False,,Adagrasib,0.05,uM,1737,6865344.0
plate6,0,smp_2068,4,CVCL_0399,17,Adagrasib__0.05__uM,False,,Adagrasib,0.05,uM,3891,12784010.0
plate6,0,smp_2068,4,CVCL_0428,18,Adagrasib__0.05__uM,False,,Adagrasib,0.05,uM,1468,4239086.0
plate6,0,smp_2068,4,CVCL_0459,19,Adagrasib__0.05__uM,False,,Adagrasib,0.05,uM,5960,12833017.0
plate6,0,smp_2068,4,CVCL_0480,20,Adagrasib__0.05__uM,False,,Adagrasib,0.05,uM,3928,16352072.0
plate6,0,smp_2068,4,CVCL_0504,21,Adagrasib__0.05__uM,False,,Adagrasib,0.05,uM,3376,6783997.0
plate6,0,smp_2068,4,CVCL_0546,22,Adagrasib__0.05__uM,False,,Adagrasib,0.05,uM,7566,17603549.0
plate6,0,smp_2068,4,CVCL_1055,23,Adagrasib__0.05__uM,False,,Adagrasib,0.05,uM,2118,10450762.0
plate6,0,smp_2068,4,CVCL_1056,24,Adagrasib__0.05__uM,False,,Adagrasib,0.05,uM,3303,14604939.0
plate6,0,smp_2068,4,CVCL_1094,25,Adagrasib__0.05__uM,False,,Adagrasib,0.05,uM,1993,4480849.0
plate6,0,smp_2068,4,CVCL_1097,26,Adagrasib__0.05__uM,False,,Adagrasib,0.05,uM,3215,7249915.0
plate6,0,smp_2068,4,CVCL_1098,27,Adagrasib__0.05__uM,False,,Adagrasib,0.05,uM,2735,6467788.0
plate6,0,smp_2068,4,CVCL_1119,28,Adagrasib__0.05__uM,False,,Adagrasib,0.05,uM,2196,7529276.0
plate6,0,smp_2068,4,CVCL_1125,29,Adagrasib__0.05__uM,False,,Adagrasib,0.05,uM,588,984363.0
plate6,0,smp_2068,4,CVCL_1239,30,Adagrasib__0.05__uM,False,,Adagrasib,0.05,uM,1176,2767104.0
plate6,0,smp_2068,4,CVCL_1285,31,Adagrasib__0.05__uM,False,,Adagrasib,0.05,uM,3808,10057910.0
plate6,0,smp_2068,4,CVCL_1381,32,Adagrasib__0.05__uM,False,,Adagrasib,0.05,uM,2856,7995661.0
plate6,0,smp_2068,4,CVCL_1478,33,Adagrasib__0.05__uM,False,,Adagrasib,0.05,uM,2868,9969420.0
plate6,0,smp_2068,4,CVCL_1495,34,Adagrasib__0.05__uM,False,,Adagrasib,0.05,uM,1654,4420979.0
plate6,0,smp_2068,4,CVCL_1517,35,Adagrasib__0.05__uM,False,,Adagrasib,0.05,uM,2707,11656445.0
plate6,0,smp_2068,4,CVCL_1531,36,Adagrasib__0.05__uM,False,,Adagrasib,0.05,uM,21,33092.0
plate6,0,smp_2068,4,CVCL_1547,37,Adagrasib__0.05__uM,False,,Adagrasib,0.05,uM,2258,6483820.0
plate6,0,smp_2068,4,CVCL_1550,38,Adagrasib__0.05__uM,False,,Adagrasib,0.05,uM,1906,9669229.0
plate6,0,smp_2068,4,CVCL_1571,39,Adagrasib__0.05__uM,False,,Adagrasib,0.05,uM,11,9904.0
plate6,0,smp_2068,4,CVCL_1577,40,Adagrasib__0.05__uM,False,,Adagrasib,0.05,uM,152,772079.0
plate6,0,smp_2068,4,CVCL_1635,41,Adagrasib__0.05__uM,False,,Adagrasib,0.05,uM,1617,5292842.0
plate6,0,smp_2068,4,CVCL_1666,42,Adagrasib__0.05__uM,False,,Adagrasib,0.05,uM,1943,3732537.0
plate6,0,smp_2068,4,CVCL_1693,43,Adagrasib__0.05__uM,False,,Adagrasib,0.05,uM,2006,3966014.0
plate6,0,smp_2068,4,CVCL_1715,44,Adagrasib__0.05__uM,False,,Adagrasib,0.05,uM,239,525589.0
plate6,0,smp_2068,4,CVCL_1716,45,Adagrasib__0.05__uM,False,,Adagrasib,0.05,uM,289,555736.0
plate6,0,smp_2068,4,CVCL_1717,46,Adagrasib__0.05__uM,False,,Adagrasib,0.05,uM,2325,8554331.0
plate6,0,smp_2068,4,CVCL_1724,47,Adagrasib__0.05__uM,False,,Adagrasib,0.05,uM,1380,3684329.0
plate6,0,smp_2068,4,CVCL_1731,48,Adagrasib__0.05__uM,False,,Adagrasib,0.05,uM,2090,5184859.0
plate6,0,smp_2068,4,CVCL_C466,49,Adagrasib__0.05__uM,False,,Adagrasib,0.05,uM,2827,5010040.0
plate6,0,smp_2062,5,CVCL_0023,0,Adenine__5__uM,False,,Adenine,5.0,uM,3557,10275386.0
plate6,0,smp_2062,5,CVCL_0028,1,Adenine__5__uM,False,,Adenine,5.0,uM,1387,2944432.0
plate6,0,smp_2062,5,CVCL_0069,2,Adenine__5__uM,False,,Adenine,5.0,uM,2060,6734656.0
plate6,0,smp_2062,5,CVCL_0099,3,Adenine__5__uM,False,,Adenine,5.0,uM,1440,3529199.0
plate6,0,smp_2062,5,CVCL_0131,4,Adenine__5__uM,False,,Adenine,5.0,uM,3557,14322246.0
plate6,0,smp_2062,5,CVCL_0152,5,Adenine__5__uM,False,,Adenine,5.0,uM,3757,9782597.0
plate6,0,smp_2062,5,CVCL_0179,6,Adenine__5__uM,False,,Adenine,5.0,uM,1952,8456581.0
plate6,0,smp_2062,5,CVCL_0218,7,Adenine__5__uM,False,,Adenine,5.0,uM,1909,4758773.0
plate6,0,smp_2062,5,CVCL_0292,8,Adenine__5__uM,False,,Adenine,5.0,uM,2167,4510099.0
plate6,0,smp_2062,5,CVCL_0293,9,Adenine__5__uM,False,,Adenine,5.0,uM,3130,13579795.0
plate6,0,smp_2062,5,CVCL_0320,10,Adenine__5__uM,False,,Adenine,5.0,uM,2540,9456743.0
plate6,0,smp_2062,5,CVCL_0332,11,Adenine__5__uM,False,,Adenine,5.0,uM,1761,6916225.0
plate6,0,smp_2062,5,CVCL_0334,12,Adenine__5__uM,False,,Adenine,5.0,uM,1490,3844185.0
plate6,0,smp_2062,5,CVCL_0359,13,Adenine__5__uM,False,,Adenine,5.0,uM,3259,12271481.0
plate6,0,smp_2062,5,CVCL_0366,14,Adenine__5__uM,False,,Adenine,5.0,uM,1970,8604845.0
plate6,0,smp_2062,5,CVCL_0371,15,Adenine__5__uM,False,,Adenine,5.0,uM,2866,9935722.0
plate6,0,smp_2062,5,CVCL_0397,16,Adenine__5__uM,False,,Adenine,5.0,uM,1643,7299457.0
plate6,0,smp_2062,5,CVCL_0399,17,Adenine__5__uM,False,,Adenine,5.0,uM,4133,14112426.0
plate6,0,smp_2062,5,CVCL_0428,18,Adenine__5__uM,False,,Adenine,5.0,uM,1704,6290718.0
plate6,0,smp_2062,5,CVCL_0459,19,Adenine__5__uM,False,,Adenine,5.0,uM,6007,15045026.0
plate6,0,smp_2062,5,CVCL_0480,20,Adenine__5__uM,False,,Adenine,5.0,uM,3813,17212121.0
plate6,0,smp_2062,5,CVCL_0504,21,Adenine__5__uM,False,,Adenine,5.0,uM,3326,8005891.0
plate6,0,smp_2062,5,CVCL_0546,22,Adenine__5__uM,False,,Adenine,5.0,uM,7940,21494345.0
plate6,0,smp_2062,5,CVCL_1055,23,Adenine__5__uM,False,,Adenine,5.0,uM,2248,11923205.0
plate6,0,smp_2062,5,CVCL_1056,24,Adenine__5__uM,False,,Adenine,5.0,uM,3016,15720920.0
plate6,0,smp_2062,5,CVCL_1094,25,Adenine__5__uM,False,,Adenine,5.0,uM,2165,5742196.0
plate6,0,smp_2062,5,CVCL_1097,26,Adenine__5__uM,False,,Adenine,5.0,uM,2845,7530943.0
plate6,0,smp_2062,5,CVCL_1098,27,Adenine__5__uM,False,,Adenine,5.0,uM,2892,7269104.0
plate6,0,smp_2062,5,CVCL_1119,28,Adenine__5__uM,False,,Adenine,5.0,uM,2272,8591800.0
plate6,0,smp_2062,5,CVCL_1125,29,Adenine__5__uM,False,,Adenine,5.0,uM,720,1451523.0
plate6,0,smp_2062,5,CVCL_1239,30,Adenine__5__uM,False,,Adenine,5.0,uM,984,2864349.0
plate6,0,smp_2062,5,CVCL_1285,31,Adenine__5__uM,False,,Adenine,5.0,uM,3592,11620465.0
plate6,0,smp_2062,5,CVCL_1381,32,Adenine__5__uM,False,,Adenine,5.0,uM,2785,9351927.0
plate6,0,smp_2062,5,CVCL_1478,33,Adenine__5__uM,False,,Adenine,5.0,uM,2827,9947551.0
plate6,0,smp_2062,5,CVCL_1495,34,Adenine__5__uM,False,,Adenine,5.0,uM,1912,6536227.0
plate6,0,smp_2062,5,CVCL_1517,35,Adenine__5__uM,False,,Adenine,5.0,uM,2551,13853619.0
plate6,0,smp_2062,5,CVCL_1531,36,Adenine__5__uM,False,,Adenine,5.0,uM,21,41188.0
plate6,0,smp_2062,5,CVCL_1547,37,Adenine__5__uM,False,,Adenine,5.0,uM,2549,9290526.0
plate6,0,smp_2062,5,CVCL_1550,38,Adenine__5__uM,False,,Adenine,5.0,uM,2144,12420622.0
plate6,0,smp_2062,5,CVCL_1571,39,Adenine__5__uM,False,,Adenine,5.0,uM,11,11494.0
plate6,0,smp_2062,5,CVCL_1577,40,Adenine__5__uM,False,,Adenine,5.0,uM,152,930686.0
plate6,0,smp_2062,5,CVCL_1635,41,Adenine__5__uM,False,,Adenine,5.0,uM,1711,6300127.0
plate6,0,smp_2062,5,CVCL_1666,42,Adenine__5__uM,False,,Adenine,5.0,uM,1920,4513926.0
plate6,0,smp_2062,5,CVCL_1693,43,Adenine__5__uM,False,,Adenine,5.0,uM,2286,5129408.0
plate6,0,smp_2062,5,CVCL_1715,44,Adenine__5__uM,False,,Adenine,5.0,uM,156,392492.0
plate6,0,smp_2062,5,CVCL_1716,45,Adenine__5__uM,False,,Adenine,5.0,uM,282,593345.0
plate6,0,smp_2062,5,CVCL_1717,46,Adenine__5__uM,False,,Adenine,5.0,uM,2421,10353042.0
plate6,0,smp_2062,5,CVCL_1724,47,Adenine__5__uM,False,,Adenine,5.0,uM,1454,4456348.0
plate6,0,smp_2062,5,CVCL_1731,48,Adenine__5__uM,False,,Adenine,5.0,uM,2027,5927151.0
plate6,0,smp_2062,5,CVCL_C466,49,Adenine__5__uM,False,,Adenine,5.0,uM,2752,5497307.0
plate6,0,smp_2024,6,CVCL_0023,0,Adenosine__5__uM,False,,Adenosine,5.0,uM,1482,3294352.0
plate6,0,smp_2024,6,CVCL_0028,1,Adenosine__5__uM,False,,Adenosine,5.0,uM,499,827515.0
plate6,0,smp_2024,6,CVCL_0069,2,Adenosine__5__uM,False,,Adenosine,5.0,uM,833,2099287.0
plate6,0,smp_2024,6,CVCL_0099,3,Adenosine__5__uM,False,,Adenosine,5.0,uM,625,1285616.0
plate6,0,smp_2024,6,CVCL_0131,4,Adenosine__5__uM,False,,Adenosine,5.0,uM,987,3058300.0
plate6,0,smp_2024,6,CVCL_0152,5,Adenosine__5__uM,False,,Adenosine,5.0,uM,1806,3684478.0
plate6,0,smp_2024,6,CVCL_0179,6,Adenosine__5__uM,False,,Adenosine,5.0,uM,662,2300674.0
plate6,0,smp_2024,6,CVCL_0218,7,Adenosine__5__uM,False,,Adenosine,5.0,uM,1062,2087807.0
plate6,0,smp_2024,6,CVCL_0292,8,Adenosine__5__uM,False,,Adenosine,5.0,uM,957,1453641.0
plate6,0,smp_2024,6,CVCL_0293,9,Adenosine__5__uM,False,,Adenosine,5.0,uM,1631,4356942.0
plate6,0,smp_2024,6,CVCL_0320,10,Adenosine__5__uM,False,,Adenosine,5.0,uM,1370,3684567.0
plate6,0,smp_2024,6,CVCL_0332,11,Adenosine__5__uM,False,,Adenosine,5.0,uM,617,1962959.0
plate6,0,smp_2024,6,CVCL_0334,12,Adenosine__5__uM,False,,Adenosine,5.0,uM,612,1256860.0
plate6,0,smp_2024,6,CVCL_0359,13,Adenosine__5__uM,False,,Adenosine,5.0,uM,908,2826220.0
plate6,0,smp_2024,6,CVCL_0366,14,Adenosine__5__uM,False,,Adenosine,5.0,uM,491,1750333.0
plate6,0,smp_2024,6,CVCL_0371,15,Adenosine__5__uM,False,,Adenosine,5.0,uM,1239,3192477.0
plate6,0,smp_2024,6,CVCL_0397,16,Adenosine__5__uM,False,,Adenosine,5.0,uM,914,2743177.0
plate6,0,smp_2024,6,CVCL_0399,17,Adenosine__5__uM,False,,Adenosine,5.0,uM,1919,4585259.0
plate6,0,smp_2024,6,CVCL_0428,18,Adenosine__5__uM,False,,Adenosine,5.0,uM,464,1344553.0
plate6,0,smp_2024,6,CVCL_0459,19,Adenosine__5__uM,False,,Adenosine,5.0,uM,2909,5757883.0
plate6,0,smp_2024,6,CVCL_0480,20,Adenosine__5__uM,False,,Adenosine,5.0,uM,1227,4314810.0
plate6,0,smp_2024,6,CVCL_0504,21,Adenosine__5__uM,False,,Adenosine,5.0,uM,1456,2900930.0
plate6,0,smp_2024,6,CVCL_0546,22,Adenosine__5__uM,False,,Adenosine,5.0,uM,3669,7700681.0
plate6,0,smp_2024,6,CVCL_1055,23,Adenosine__5__uM,False,,Adenosine,5.0,uM,617,2839994.0
plate6,0,smp_2024,6,CVCL_1056,24,Adenosine__5__uM,False,,Adenosine,5.0,uM,794,3374100.0
plate6,0,smp_2024,6,CVCL_1094,25,Adenosine__5__uM,False,,Adenosine,5.0,uM,943,1916710.0
plate6,0,smp_2024,6,CVCL_1097,26,Adenosine__5__uM,False,,Adenosine,5.0,uM,1196,2387086.0
plate6,0,smp_2024,6,CVCL_1098,27,Adenosine__5__uM,False,,Adenosine,5.0,uM,1314,2512908.0
plate6,0,smp_2024,6,CVCL_1119,28,Adenosine__5__uM,False,,Adenosine,5.0,uM,1026,2983605.0
plate6,0,smp_2024,6,CVCL_1125,29,Adenosine__5__uM,False,,Adenosine,5.0,uM,315,489002.0
plate6,0,smp_2024,6,CVCL_1239,30,Adenosine__5__uM,False,,Adenosine,5.0,uM,440,956176.0
plate6,0,smp_2024,6,CVCL_1285,31,Adenosine__5__uM,False,,Adenosine,5.0,uM,1191,2985099.0
plate6,0,smp_2024,6,CVCL_1381,32,Adenosine__5__uM,False,,Adenosine,5.0,uM,1065,2782046.0
plate6,0,smp_2024,6,CVCL_1478,33,Adenosine__5__uM,False,,Adenosine,5.0,uM,948,2414510.0
plate6,0,smp_2024,6,CVCL_1495,34,Adenosine__5__uM,False,,Adenosine,5.0,uM,780,1976723.0
plate6,0,smp_2024,6,CVCL_1517,35,Adenosine__5__uM,False,,Adenosine,5.0,uM,1013,3998866.0
plate6,0,smp_2024,6,CVCL_1531,36,Adenosine__5__uM,False,,Adenosine,5.0,uM,10,16591.0
plate6,0,smp_2024,6,CVCL_1547,37,Adenosine__5__uM,False,,Adenosine,5.0,uM,945,2587773.0
plate6,0,smp_2024,6,CVCL_1550,38,Adenosine__5__uM,False,,Adenosine,5.0,uM,1022,4498417.0
plate6,0,smp_2024,6,CVCL_1571,39,Adenosine__5__uM,False,,Adenosine,5.0,uM,4,3468.0
plate6,0,smp_2024,6,CVCL_1577,40,Adenosine__5__uM,False,,Adenosine,5.0,uM,41,137648.0
plate6,0,smp_2024,6,CVCL_1635,41,Adenosine__5__uM,False,,Adenosine,5.0,uM,815,2340572.0
plate6,0,smp_2024,6,CVCL_1666,42,Adenosine__5__uM,False,,Adenosine,5.0,uM,988,1826264.0
plate6,0,smp_2024,6,CVCL_1693,43,Adenosine__5__uM,False,,Adenosine,5.0,uM,942,1806218.0
plate6,0,smp_2024,6,CVCL_1715,44,Adenosine__5__uM,False,,Adenosine,5.0,uM,71,124351.0
plate6,0,smp_2024,6,CVCL_1716,45,Adenosine__5__uM,False,,Adenosine,5.0,uM,123,231626.0
plate6,0,smp_2024,6,CVCL_1717,46,Adenosine__5__uM,False,,Adenosine,5.0,uM,1032,3226722.0
plate6,0,smp_2024,6,CVCL_1724,47,Adenosine__5__uM,False,,Adenosine,5.0,uM,708,1468580.0
plate6,0,smp_2024,6,CVCL_1731,48,Adenosine__5__uM,False,,Adenosine,5.0,uM,845,1905530.0
plate6,0,smp_2024,6,CVCL_C466,49,Adenosine__5__uM,False,,Adenosine,5.0,uM,1122,1960035.0
plate6,0,smp_2007,7,CVCL_0023,0,Aliskiren__5__uM,False,,Aliskiren,5.0,uM,1740,4258683.0
plate6,0,smp_2007,7,CVCL_0028,1,Aliskiren__5__uM,False,,Aliskiren,5.0,uM,664,1191232.0
plate6,0,smp_2007,7,CVCL_0069,2,Aliskiren__5__uM,False,,Aliskiren,5.0,uM,1004,2826198.0
plate6,0,smp_2007,7,CVCL_0099,3,Aliskiren__5__uM,False,,Aliskiren,5.0,uM,702,1515607.0
plate6,0,smp_2007,7,CVCL_0131,4,Aliskiren__5__uM,False,,Aliskiren,5.0,uM,1424,5137299.0
plate6,0,smp_2007,7,CVCL_0152,5,Aliskiren__5__uM,False,,Aliskiren,5.0,uM,1974,4723701.0
plate6,0,smp_2007,7,CVCL_0179,6,Aliskiren__5__uM,False,,Aliskiren,5.0,uM,952,3570840.0
plate6,0,smp_2007,7,CVCL_0218,7,Aliskiren__5__uM,False,,Aliskiren,5.0,uM,1116,2448531.0
plate6,0,smp_2007,7,CVCL_0292,8,Aliskiren__5__uM,False,,Aliskiren,5.0,uM,1151,1969307.0
plate6,0,smp_2007,7,CVCL_0293,9,Aliskiren__5__uM,False,,Aliskiren,5.0,uM,1625,5604547.0
plate6,0,smp_2007,7,CVCL_0320,10,Aliskiren__5__uM,False,,Aliskiren,5.0,uM,1351,4222670.0
plate6,0,smp_2007,7,CVCL_0332,11,Aliskiren__5__uM,False,,Aliskiren,5.0,uM,834,3061275.0
plate6,0,smp_2007,7,CVCL_0334,12,Aliskiren__5__uM,False,,Aliskiren,5.0,uM,740,1723551.0
plate6,0,smp_2007,7,CVCL_0359,13,Aliskiren__5__uM,False,,Aliskiren,5.0,uM,1520,5231146.0
plate6,0,smp_2007,7,CVCL_0366,14,Aliskiren__5__uM,False,,Aliskiren,5.0,uM,771,3177540.0
plate6,0,smp_2007,7,CVCL_0371,15,Aliskiren__5__uM,False,,Aliskiren,5.0,uM,1385,4304105.0
plate6,0,smp_2007,7,CVCL_0397,16,Aliskiren__5__uM,False,,Aliskiren,5.0,uM,1106,4187444.0
plate6,0,smp_2007,7,CVCL_0399,17,Aliskiren__5__uM,False,,Aliskiren,5.0,uM,2142,6081311.0
plate6,0,smp_2007,7,CVCL_0428,18,Aliskiren__5__uM,False,,Aliskiren,5.0,uM,731,2444058.0
plate6,0,smp_2007,7,CVCL_0459,19,Aliskiren__5__uM,False,,Aliskiren,5.0,uM,3407,7615717.0
plate6,0,smp_2007,7,CVCL_0480,20,Aliskiren__5__uM,False,,Aliskiren,5.0,uM,1663,7129295.0
plate6,0,smp_2007,7,CVCL_0504,21,Aliskiren__5__uM,False,,Aliskiren,5.0,uM,1721,3845504.0
plate6,0,smp_2007,7,CVCL_0546,22,Aliskiren__5__uM,False,,Aliskiren,5.0,uM,3824,9204053.0
plate6,0,smp_2007,7,CVCL_1055,23,Aliskiren__5__uM,False,,Aliskiren,5.0,uM,944,4556746.0
plate6,0,smp_2007,7,CVCL_1056,24,Aliskiren__5__uM,False,,Aliskiren,5.0,uM,1361,6465194.0
plate6,0,smp_2007,7,CVCL_1094,25,Aliskiren__5__uM,False,,Aliskiren,5.0,uM,1090,2498751.0
plate6,0,smp_2007,7,CVCL_1097,26,Aliskiren__5__uM,False,,Aliskiren,5.0,uM,1413,3113723.0
plate6,0,smp_2007,7,CVCL_1098,27,Aliskiren__5__uM,False,,Aliskiren,5.0,uM,1346,2911528.0
plate6,0,smp_2007,7,CVCL_1119,28,Aliskiren__5__uM,False,,Aliskiren,5.0,uM,1220,4245656.0
plate6,0,smp_2007,7,CVCL_1125,29,Aliskiren__5__uM,False,,Aliskiren,5.0,uM,356,621504.0
plate6,0,smp_2007,7,CVCL_1239,30,Aliskiren__5__uM,False,,Aliskiren,5.0,uM,530,1344350.0
plate6,0,smp_2007,7,CVCL_1285,31,Aliskiren__5__uM,False,,Aliskiren,5.0,uM,1788,4881368.0
plate6,0,smp_2007,7,CVCL_1381,32,Aliskiren__5__uM,False,,Aliskiren,5.0,uM,1513,4557120.0
plate6,0,smp_2007,7,CVCL_1478,33,Aliskiren__5__uM,False,,Aliskiren,5.0,uM,1311,3887200.0
plate6,0,smp_2007,7,CVCL_1495,34,Aliskiren__5__uM,False,,Aliskiren,5.0,uM,933,2683809.0
plate6,0,smp_2007,7,CVCL_1517,35,Aliskiren__5__uM,False,,Aliskiren,5.0,uM,1250,5956677.0
plate6,0,smp_2007,7,CVCL_1531,36,Aliskiren__5__uM,False,,Aliskiren,5.0,uM,13,16969.0
plate6,0,smp_2007,7,CVCL_1547,37,Aliskiren__5__uM,False,,Aliskiren,5.0,uM,1071,3491978.0
plate6,0,smp_2007,7,CVCL_1550,38,Aliskiren__5__uM,False,,Aliskiren,5.0,uM,1270,6773671.0
plate6,0,smp_2007,7,CVCL_1571,39,Aliskiren__5__uM,False,,Aliskiren,5.0,uM,8,8523.0
plate6,0,smp_2007,7,CVCL_1577,40,Aliskiren__5__uM,False,,Aliskiren,5.0,uM,61,337499.0
plate6,0,smp_2007,7,CVCL_1635,41,Aliskiren__5__uM,False,,Aliskiren,5.0,uM,906,2923379.0
plate6,0,smp_2007,7,CVCL_1666,42,Aliskiren__5__uM,False,,Aliskiren,5.0,uM,1080,2176769.0
plate6,0,smp_2007,7,CVCL_1693,43,Aliskiren__5__uM,False,,Aliskiren,5.0,uM,1098,2299454.0
plate6,0,smp_2007,7,CVCL_1715,44,Aliskiren__5__uM,False,,Aliskiren,5.0,uM,106,221393.0
plate6,0,smp_2007,7,CVCL_1716,45,Aliskiren__5__uM,False,,Aliskiren,5.0,uM,131,263420.0
plate6,0,smp_2007,7,CVCL_1717,46,Aliskiren__5__uM,False,,Aliskiren,5.0,uM,1168,4341048.0
plate6,0,smp_2007,7,CVCL_1724,47,Aliskiren__5__uM,False,,Aliskiren,5.0,uM,765,1817183.0
plate6,0,smp_2007,7,CVCL_1731,48,Aliskiren__5__uM,False,,Aliskiren,5.0,uM,904,2276188.0
plate6,0,smp_2007,7,CVCL_C466,49,Aliskiren__5__uM,False,,Aliskiren,5.0,uM,1482,2697810.0
plate6,0,smp_2039,8,CVCL_0023,0,Allantoin__5__uM,False,,Allantoin,5.0,uM,2800,4843174.0
plate6,0,smp_2039,8,CVCL_0028,1,Allantoin__5__uM,False,,Allantoin,5.0,uM,701,969911.0
plate6,0,smp_2039,8,CVCL_0069,2,Allantoin__5__uM,False,,Allantoin,5.0,uM,1534,3224956.0
plate6,0,smp_2039,8,CVCL_0099,3,Allantoin__5__uM,False,,Allantoin,5.0,uM,735,1219136.0
plate6,0,smp_2039,8,CVCL_0131,4,Allantoin__5__uM,False,,Allantoin,5.0,uM,3070,7424738.0
plate6,0,smp_2039,8,CVCL_0152,5,Allantoin__5__uM,False,,Allantoin,5.0,uM,2536,5022848.0
plate6,0,smp_2039,8,CVCL_0179,6,Allantoin__5__uM,False,,Allantoin,5.0,uM,1513,4021054.0
plate6,0,smp_2039,8,CVCL_0218,7,Allantoin__5__uM,False,,Allantoin,5.0,uM,1193,1882476.0
plate6,0,smp_2039,8,CVCL_0292,8,Allantoin__5__uM,False,,Allantoin,5.0,uM,974,1274182.0
plate6,0,smp_2039,8,CVCL_0293,9,Allantoin__5__uM,False,,Allantoin,5.0,uM,2527,7963231.0
plate6,0,smp_2039,8,CVCL_0320,10,Allantoin__5__uM,False,,Allantoin,5.0,uM,2171,4973956.0
plate6,0,smp_2039,8,CVCL_0332,11,Allantoin__5__uM,False,,Allantoin,5.0,uM,1480,3665938.0
plate6,0,smp_2039,8,CVCL_0334,12,Allantoin__5__uM,False,,Allantoin,5.0,uM,866,1533245.0
plate6,0,smp_2039,8,CVCL_0359,13,Allantoin__5__uM,False,,Allantoin,5.0,uM,2771,6226520.0
plate6,0,smp_2039,8,CVCL_0366,14,Allantoin__5__uM,False,,Allantoin,5.0,uM,1922,5256437.0
plate6,0,smp_2039,8,CVCL_0371,15,Allantoin__5__uM,False,,Allantoin,5.0,uM,2173,4650073.0
plate6,0,smp_2039,8,CVCL_0397,16,Allantoin__5__uM,False,,Allantoin,5.0,uM,1587,4736216.0
plate6,0,smp_2039,8,CVCL_0399,17,Allantoin__5__uM,False,,Allantoin,5.0,uM,2884,7210822.0
plate6,0,smp_2039,8,CVCL_0428,18,Allantoin__5__uM,False,,Allantoin,5.0,uM,1318,2896607.0
plate6,0,smp_2039,8,CVCL_0459,19,Allantoin__5__uM,False,,Allantoin,5.0,uM,4438,6917874.0
plate6,0,smp_2039,8,CVCL_0480,20,Allantoin__5__uM,False,,Allantoin,5.0,uM,3049,8829809.0
plate6,0,smp_2039,8,CVCL_0504,21,Allantoin__5__uM,False,,Allantoin,5.0,uM,2340,3434672.0
plate6,0,smp_2039,8,CVCL_0546,22,Allantoin__5__uM,False,,Allantoin,5.0,uM,4933,8953321.0
plate6,0,smp_2039,8,CVCL_1055,23,Allantoin__5__uM,False,,Allantoin,5.0,uM,1647,5559098.0
plate6,0,smp_2039,8,CVCL_1056,24,Allantoin__5__uM,False,,Allantoin,5.0,uM,2859,9117134.0
plate6,0,smp_2039,8,CVCL_1094,25,Allantoin__5__uM,False,,Allantoin,5.0,uM,1413,2331122.0
plate6,0,smp_2039,8,CVCL_1097,26,Allantoin__5__uM,False,,Allantoin,5.0,uM,2029,3340033.0
plate6,0,smp_2039,8,CVCL_1098,27,Allantoin__5__uM,False,,Allantoin,5.0,uM,1740,2954661.0
plate6,0,smp_2039,8,CVCL_1119,28,Allantoin__5__uM,False,,Allantoin,5.0,uM,1833,4149492.0
plate6,0,smp_2039,8,CVCL_1125,29,Allantoin__5__uM,False,,Allantoin,5.0,uM,346,442726.0
plate6,0,smp_2039,8,CVCL_1239,30,Allantoin__5__uM,False,,Allantoin,5.0,uM,843,1359190.0
plate6,0,smp_2039,8,CVCL_1285,31,Allantoin__5__uM,False,,Allantoin,5.0,uM,3245,6303325.0
plate6,0,smp_2039,8,CVCL_1381,32,Allantoin__5__uM,False,,Allantoin,5.0,uM,2189,4398654.0
plate6,0,smp_2039,8,CVCL_1478,33,Allantoin__5__uM,False,,Allantoin,5.0,uM,2091,6039176.0
plate6,0,smp_2039,8,CVCL_1495,34,Allantoin__5__uM,False,,Allantoin,5.0,uM,1699,3223346.0
plate6,0,smp_2039,8,CVCL_1517,35,Allantoin__5__uM,False,,Allantoin,5.0,uM,2466,7916416.0
plate6,0,smp_2039,8,CVCL_1531,36,Allantoin__5__uM,False,,Allantoin,5.0,uM,25,30001.0
plate6,0,smp_2039,8,CVCL_1547,37,Allantoin__5__uM,False,,Allantoin,5.0,uM,1993,4433157.0
plate6,0,smp_2039,8,CVCL_1550,38,Allantoin__5__uM,False,,Allantoin,5.0,uM,1904,7153483.0
plate6,0,smp_2039,8,CVCL_1571,39,Allantoin__5__uM,False,,Allantoin,5.0,uM,12,11012.0
plate6,0,smp_2039,8,CVCL_1577,40,Allantoin__5__uM,False,,Allantoin,5.0,uM,121,489061.0
plate6,0,smp_2039,8,CVCL_1635,41,Allantoin__5__uM,False,,Allantoin,5.0,uM,1427,3254588.0
plate6,0,smp_2039,8,CVCL_1666,42,Allantoin__5__uM,False,,Allantoin,5.0,uM,1372,2059192.0
plate6,0,smp_2039,8,CVCL_1693,43,Allantoin__5__uM,False,,Allantoin,5.0,uM,1233,1889805.0
plate6,0,smp_2039,8,CVCL_1715,44,Allantoin__5__uM,False,,Allantoin,5.0,uM,179,274936.0
plate6,0,smp_2039,8,CVCL_1716,45,Allantoin__5__uM,False,,Allantoin,5.0,uM,205,284888.0
plate6,0,smp_2039,8,CVCL_1717,46,Allantoin__5__uM,False,,Allantoin,5.0,uM,1803,5209203.0
plate6,0,smp_2039,8,CVCL_1724,47,Allantoin__5__uM,False,,Allantoin,5.0,uM,947,1891483.0
plate6,0,smp_2039,8,CVCL_1731,48,Allantoin__5__uM,False,,Allantoin,5.0,uM,1528,2788144.0
plate6,0,smp_2039,8,CVCL_C466,49,Allantoin__5__uM,False,,Allantoin,5.0,uM,1736,2326884.0
plate6,0,smp_2017,9,CVCL_0023,0,Almonertinib (hydrochloride)__5__uM,False,,Almonertinib (hydrochloride),5.0,uM,1368,3050051.0
plate6,0,smp_2017,9,CVCL_0028,1,Almonertinib (hydrochloride)__5__uM,False,,Almonertinib (hydrochloride),5.0,uM,626,979536.0
plate6,0,smp_2017,9,CVCL_0069,2,Almonertinib (hydrochloride)__5__uM,False,,Almonertinib (hydrochloride),5.0,uM,769,1812214.0
plate6,0,smp_2017,9,CVCL_0099,3,Almonertinib (hydrochloride)__5__uM,False,,Almonertinib (hydrochloride),5.0,uM,452,838877.0
plate6,0,smp_2017,9,CVCL_0131,4,Almonertinib (hydrochloride)__5__uM,False,,Almonertinib (hydrochloride),5.0,uM,1269,3972007.0
plate6,0,smp_2017,9,CVCL_0152,5,Almonertinib (hydrochloride)__5__uM,False,,Almonertinib (hydrochloride),5.0,uM,1316,2918696.0
plate6,0,smp_2017,9,CVCL_0179,6,Almonertinib (hydrochloride)__5__uM,False,,Almonertinib (hydrochloride),5.0,uM,667,1804605.0
plate6,0,smp_2017,9,CVCL_0218,7,Almonertinib (hydrochloride)__5__uM,False,,Almonertinib (hydrochloride),5.0,uM,602,1114300.0
plate6,0,smp_2017,9,CVCL_0292,8,Almonertinib (hydrochloride)__5__uM,False,,Almonertinib (hydrochloride),5.0,uM,680,1072684.0
plate6,0,smp_2017,9,CVCL_0293,9,Almonertinib (hydrochloride)__5__uM,False,,Almonertinib (hydrochloride),5.0,uM,1041,3288664.0
plate6,0,smp_2017,9,CVCL_0320,10,Almonertinib (hydrochloride)__5__uM,False,,Almonertinib (hydrochloride),5.0,uM,821,2095337.0
plate6,0,smp_2017,9,CVCL_0332,11,Almonertinib (hydrochloride)__5__uM,False,,Almonertinib (hydrochloride),5.0,uM,621,2018732.0
plate6,0,smp_2017,9,CVCL_0334,12,Almonertinib (hydrochloride)__5__uM,False,,Almonertinib (hydrochloride),5.0,uM,507,1061297.0
plate6,0,smp_2017,9,CVCL_0359,13,Almonertinib (hydrochloride)__5__uM,False,,Almonertinib (hydrochloride),5.0,uM,1260,3594619.0
plate6,0,smp_2017,9,CVCL_0366,14,Almonertinib (hydrochloride)__5__uM,False,,Almonertinib (hydrochloride),5.0,uM,617,2166725.0
plate6,0,smp_2017,9,CVCL_0371,15,Almonertinib (hydrochloride)__5__uM,False,,Almonertinib (hydrochloride),5.0,uM,926,2480490.0
plate6,0,smp_2017,9,CVCL_0397,16,Almonertinib (hydrochloride)__5__uM,False,,Almonertinib (hydrochloride),5.0,uM,590,1909461.0
plate6,0,smp_2017,9,CVCL_0399,17,Almonertinib (hydrochloride)__5__uM,False,,Almonertinib (hydrochloride),5.0,uM,1508,4447256.0
plate6,0,smp_2017,9,CVCL_0428,18,Almonertinib (hydrochloride)__5__uM,False,,Almonertinib (hydrochloride),5.0,uM,611,1625945.0
plate6,0,smp_2017,9,CVCL_0459,19,Almonertinib (hydrochloride)__5__uM,False,,Almonertinib (hydrochloride),5.0,uM,2167,4137494.0
plate6,0,smp_2017,9,CVCL_0480,20,Almonertinib (hydrochloride)__5__uM,False,,Almonertinib (hydrochloride),5.0,uM,1155,4195495.0
plate6,0,smp_2017,9,CVCL_0504,21,Almonertinib (hydrochloride)__5__uM,False,,Almonertinib (hydrochloride),5.0,uM,1408,2606124.0
plate6,0,smp_2017,9,CVCL_0546,22,Almonertinib (hydrochloride)__5__uM,False,,Almonertinib (hydrochloride),5.0,uM,2646,5448762.0
plate6,0,smp_2017,9,CVCL_1055,23,Almonertinib (hydrochloride)__5__uM,False,,Almonertinib (hydrochloride),5.0,uM,775,3266272.0
plate6,0,smp_2017,9,CVCL_1056,24,Almonertinib (hydrochloride)__5__uM,False,,Almonertinib (hydrochloride),5.0,uM,998,3999593.0
plate6,0,smp_2017,9,CVCL_1094,25,Almonertinib (hydrochloride)__5__uM,False,,Almonertinib (hydrochloride),5.0,uM,915,1698137.0
plate6,0,smp_2017,9,CVCL_1097,26,Almonertinib (hydrochloride)__5__uM,False,,Almonertinib (hydrochloride),5.0,uM,934,1885173.0
plate6,0,smp_2017,9,CVCL_1098,27,Almonertinib (hydrochloride)__5__uM,False,,Almonertinib (hydrochloride),5.0,uM,930,1781663.0
plate6,0,smp_2017,9,CVCL_1119,28,Almonertinib (hydrochloride)__5__uM,False,,Almonertinib (hydrochloride),5.0,uM,854,2558927.0
plate6,0,smp_2017,9,CVCL_1125,29,Almonertinib (hydrochloride)__5__uM,False,,Almonertinib (hydrochloride),5.0,uM,129,206513.0
plate6,0,smp_2017,9,CVCL_1239,30,Almonertinib (hydrochloride)__5__uM,False,,Almonertinib (hydrochloride),5.0,uM,337,705263.0
plate6,0,smp_2017,9,CVCL_1285,31,Almonertinib (hydrochloride)__5__uM,False,,Almonertinib (hydrochloride),5.0,uM,1313,3146543.0
plate6,0,smp_2017,9,CVCL_1381,32,Almonertinib (hydrochloride)__5__uM,False,,Almonertinib (hydrochloride),5.0,uM,1105,2835092.0
plate6,0,smp_2017,9,CVCL_1478,33,Almonertinib (hydrochloride)__5__uM,False,,Almonertinib (hydrochloride),5.0,uM,759,2365975.0
plate6,0,smp_2017,9,CVCL_1495,34,Almonertinib (hydrochloride)__5__uM,False,,Almonertinib (hydrochloride),5.0,uM,679,1618354.0
plate6,0,smp_2017,9,CVCL_1517,35,Almonertinib (hydrochloride)__5__uM,False,,Almonertinib (hydrochloride),5.0,uM,851,3455656.0
plate6,0,smp_2017,9,CVCL_1531,36,Almonertinib (hydrochloride)__5__uM,False,,Almonertinib (hydrochloride),5.0,uM,15,28243.0
plate6,0,smp_2017,9,CVCL_1547,37,Almonertinib (hydrochloride)__5__uM,False,,Almonertinib (hydrochloride),5.0,uM,944,2605332.0
plate6,0,smp_2017,9,CVCL_1550,38,Almonertinib (hydrochloride)__5__uM,False,,Almonertinib (hydrochloride),5.0,uM,927,4154944.0
plate6,0,smp_2017,9,CVCL_1571,39,Almonertinib (hydrochloride)__5__uM,False,,Almonertinib (hydrochloride),5.0,uM,6,5632.0
plate6,0,smp_2017,9,CVCL_1577,40,Almonertinib (hydrochloride)__5__uM,False,,Almonertinib (hydrochloride),5.0,uM,52,266027.0
plate6,0,smp_2017,9,CVCL_1635,41,Almonertinib (hydrochloride)__5__uM,False,,Almonertinib (hydrochloride),5.0,uM,616,1687354.0
plate6,0,smp_2017,9,CVCL_1666,42,Almonertinib (hydrochloride)__5__uM,False,,Almonertinib (hydrochloride),5.0,uM,768,1365725.0
plate6,0,smp_2017,9,CVCL_1693,43,Almonertinib (hydrochloride)__5__uM,False,,Almonertinib (hydrochloride),5.0,uM,938,1670602.0
plate6,0,smp_2017,9,CVCL_1715,44,Almonertinib (hydrochloride)__5__uM,False,,Almonertinib (hydrochloride),5.0,uM,72,145064.0
plate6,0,smp_2017,9,CVCL_1716,45,Almonertinib (hydrochloride)__5__uM,False,,Almonertinib (hydrochloride),5.0,uM,80,132395.0
plate6,0,smp_2017,9,CVCL_1717,46,Almonertinib (hydrochloride)__5__uM,False,,Almonertinib (hydrochloride),5.0,uM,788,2453291.0
plate6,0,smp_2017,9,CVCL_1724,47,Almonertinib (hydrochloride)__5__uM,False,,Almonertinib (hydrochloride),5.0,uM,432,917638.0
plate6,0,smp_2017,9,CVCL_1731,48,Almonertinib (hydrochloride)__5__uM,False,,Almonertinib (hydrochloride),5.0,uM,683,1527479.0
plate6,0,smp_2017,9,CVCL_C466,49,Almonertinib (hydrochloride)__5__uM,False,,Almonertinib (hydrochloride),5.0,uM,1005,1627421.0
plate6,0,smp_2065,10,CVCL_0023,0,Amsacrine__5__uM,False,,Amsacrine,5.0,uM,1187,2932242.0
plate6,0,smp_2065,10,CVCL_0028,1,Amsacrine__5__uM,False,,Amsacrine,5.0,uM,662,1320282.0
plate6,0,smp_2065,10,CVCL_0069,2,Amsacrine__5__uM,False,,Amsacrine,5.0,uM,920,2712814.0
plate6,0,smp_2065,10,CVCL_0099,3,Amsacrine__5__uM,False,,Amsacrine,5.0,uM,562,1036822.0
plate6,0,smp_2065,10,CVCL_0131,4,Amsacrine__5__uM,False,,Amsacrine,5.0,uM,1531,5001088.0
plate6,0,smp_2065,10,CVCL_0152,5,Amsacrine__5__uM,False,,Amsacrine,5.0,uM,2097,4677254.0
plate6,0,smp_2065,10,CVCL_0179,6,Amsacrine__5__uM,False,,Amsacrine,5.0,uM,918,3120821.0
plate6,0,smp_2065,10,CVCL_0218,7,Amsacrine__5__uM,False,,Amsacrine,5.0,uM,897,1800157.0
plate6,0,smp_2065,10,CVCL_0292,8,Amsacrine__5__uM,False,,Amsacrine,5.0,uM,1039,1865533.0
plate6,0,smp_2065,10,CVCL_0293,9,Amsacrine__5__uM,False,,Amsacrine,5.0,uM,1705,5427176.0
plate6,0,smp_2065,10,CVCL_0320,10,Amsacrine__5__uM,False,,Amsacrine,5.0,uM,1141,3491944.0
plate6,0,smp_2065,10,CVCL_0332,11,Amsacrine__5__uM,False,,Amsacrine,5.0,uM,702,2505264.0
plate6,0,smp_2065,10,CVCL_0334,12,Amsacrine__5__uM,False,,Amsacrine,5.0,uM,745,1581159.0
plate6,0,smp_2065,10,CVCL_0359,13,Amsacrine__5__uM,False,,Amsacrine,5.0,uM,1281,4370623.0
plate6,0,smp_2065,10,CVCL_0366,14,Amsacrine__5__uM,False,,Amsacrine,5.0,uM,594,2343331.0
plate6,0,smp_2065,10,CVCL_0371,15,Amsacrine__5__uM,False,,Amsacrine,5.0,uM,1387,4471255.0
plate6,0,smp_2065,10,CVCL_0397,16,Amsacrine__5__uM,False,,Amsacrine,5.0,uM,774,2420392.0
plate6,0,smp_2065,10,CVCL_0399,17,Amsacrine__5__uM,False,,Amsacrine,5.0,uM,1910,5389631.0
plate6,0,smp_2065,10,CVCL_0428,18,Amsacrine__5__uM,False,,Amsacrine,5.0,uM,782,2461001.0
plate6,0,smp_2065,10,CVCL_0459,19,Amsacrine__5__uM,False,,Amsacrine,5.0,uM,2140,4300590.0
plate6,0,smp_2065,10,CVCL_0480,20,Amsacrine__5__uM,False,,Amsacrine,5.0,uM,1434,6196075.0
plate6,0,smp_2065,10,CVCL_0504,21,Amsacrine__5__uM,False,,Amsacrine,5.0,uM,1093,2735706.0
plate6,0,smp_2065,10,CVCL_0546,22,Amsacrine__5__uM,False,,Amsacrine,5.0,uM,3223,8537926.0
plate6,0,smp_2065,10,CVCL_1055,23,Amsacrine__5__uM,False,,Amsacrine,5.0,uM,880,4297987.0
plate6,0,smp_2065,10,CVCL_1056,24,Amsacrine__5__uM,False,,Amsacrine,5.0,uM,1059,4360267.0
plate6,0,smp_2065,10,CVCL_1094,25,Amsacrine__5__uM,False,,Amsacrine,5.0,uM,1217,2738551.0
plate6,0,smp_2065,10,CVCL_1097,26,Amsacrine__5__uM,False,,Amsacrine,5.0,uM,1066,2437012.0
plate6,0,smp_2065,10,CVCL_1098,27,Amsacrine__5__uM,False,,Amsacrine,5.0,uM,1135,2323058.0
plate6,0,smp_2065,10,CVCL_1119,28,Amsacrine__5__uM,False,,Amsacrine,5.0,uM,1384,4521764.0
plate6,0,smp_2065,10,CVCL_1125,29,Amsacrine__5__uM,False,,Amsacrine,5.0,uM,77,112770.0
plate6,0,smp_2065,10,CVCL_1239,30,Amsacrine__5__uM,False,,Amsacrine,5.0,uM,265,528273.0
plate6,0,smp_2065,10,CVCL_1285,31,Amsacrine__5__uM,False,,Amsacrine,5.0,uM,1319,3999975.0
plate6,0,smp_2065,10,CVCL_1381,32,Amsacrine__5__uM,False,,Amsacrine,5.0,uM,956,2846676.0
plate6,0,smp_2065,10,CVCL_1478,33,Amsacrine__5__uM,False,,Amsacrine,5.0,uM,1381,4143950.0
plate6,0,smp_2065,10,CVCL_1495,34,Amsacrine__5__uM,False,,Amsacrine,5.0,uM,923,2566763.0
plate6,0,smp_2065,10,CVCL_1517,35,Amsacrine__5__uM,False,,Amsacrine,5.0,uM,839,3801981.0
plate6,0,smp_2065,10,CVCL_1531,36,Amsacrine__5__uM,False,,Amsacrine,5.0,uM,7,8649.0
plate6,0,smp_2065,10,CVCL_1547,37,Amsacrine__5__uM,False,,Amsacrine,5.0,uM,923,3164605.0
plate6,0,smp_2065,10,CVCL_1550,38,Amsacrine__5__uM,False,,Amsacrine,5.0,uM,1384,6329647.0
plate6,0,smp_2065,10,CVCL_1571,39,Amsacrine__5__uM,False,,Amsacrine,5.0,uM,5,5253.0
plate6,0,smp_2065,10,CVCL_1577,40,Amsacrine__5__uM,False,,Amsacrine,5.0,uM,73,366029.0
plate6,0,smp_2065,10,CVCL_1635,41,Amsacrine__5__uM,False,,Amsacrine,5.0,uM,975,2961806.0
plate6,0,smp_2065,10,CVCL_1666,42,Amsacrine__5__uM,False,,Amsacrine,5.0,uM,1017,1993176.0
plate6,0,smp_2065,10,CVCL_1693,43,Amsacrine__5__uM,False,,Amsacrine,5.0,uM,1246,2516053.0
plate6,0,smp_2065,10,CVCL_1715,44,Amsacrine__5__uM,False,,Amsacrine,5.0,uM,51,101976.0
plate6,0,smp_2065,10,CVCL_1716,45,Amsacrine__5__uM,False,,Amsacrine,5.0,uM,122,229992.0
plate6,0,smp_2065,10,CVCL_1717,46,Amsacrine__5__uM,False,,Amsacrine,5.0,uM,1126,3932035.0
plate6,0,smp_2065,10,CVCL_1724,47,Amsacrine__5__uM,False,,Amsacrine,5.0,uM,468,885934.0
plate6,0,smp_2065,10,CVCL_1731,48,Amsacrine__5__uM,False,,Amsacrine,5.0,uM,788,1947127.0
plate6,0,smp_2065,10,CVCL_C466,49,Amsacrine__5__uM,False,,Amsacrine,5.0,uM,1009,1708161.0
plate6,0,smp_2066,11,CVCL_0023,0,Anethole trithione__5__uM,False,,Anethole trithione,5.0,uM,2261,7836056.0
plate6,0,smp_2066,11,CVCL_0028,1,Anethole trithione__5__uM,False,,Anethole trithione,5.0,uM,846,2051446.0
plate6,0,smp_2066,11,CVCL_0069,2,Anethole trithione__5__uM,False,,Anethole trithione,5.0,uM,1479,6077821.0
plate6,0,smp_2066,11,CVCL_0099,3,Anethole trithione__5__uM,False,,Anethole trithione,5.0,uM,887,2735628.0
plate6,0,smp_2066,11,CVCL_0131,4,Anethole trithione__5__uM,False,,Anethole trithione,5.0,uM,2263,11002817.0
plate6,0,smp_2066,11,CVCL_0152,5,Anethole trithione__5__uM,False,,Anethole trithione,5.0,uM,2594,8221936.0
plate6,0,smp_2066,11,CVCL_0179,6,Anethole trithione__5__uM,False,,Anethole trithione,5.0,uM,1051,5656526.0
plate6,0,smp_2066,11,CVCL_0218,7,Anethole trithione__5__uM,False,,Anethole trithione,5.0,uM,1268,3782396.0
plate6,0,smp_2066,11,CVCL_0292,8,Anethole trithione__5__uM,False,,Anethole trithione,5.0,uM,1406,3547511.0
plate6,0,smp_2066,11,CVCL_0293,9,Anethole trithione__5__uM,False,,Anethole trithione,5.0,uM,1974,9297793.0
plate6,0,smp_2066,11,CVCL_0320,10,Anethole trithione__5__uM,False,,Anethole trithione,5.0,uM,1633,7553986.0
plate6,0,smp_2066,11,CVCL_0332,11,Anethole trithione__5__uM,False,,Anethole trithione,5.0,uM,1041,4976571.0
plate6,0,smp_2066,11,CVCL_0334,12,Anethole trithione__5__uM,False,,Anethole trithione,5.0,uM,849,2574437.0
plate6,0,smp_2066,11,CVCL_0359,13,Anethole trithione__5__uM,False,,Anethole trithione,5.0,uM,1931,8725633.0
plate6,0,smp_2066,11,CVCL_0366,14,Anethole trithione__5__uM,False,,Anethole trithione,5.0,uM,916,4875542.0
plate6,0,smp_2066,11,CVCL_0371,15,Anethole trithione__5__uM,False,,Anethole trithione,5.0,uM,1838,7931896.0
plate6,0,smp_2066,11,CVCL_0397,16,Anethole trithione__5__uM,False,,Anethole trithione,5.0,uM,1010,5150227.0
plate6,0,smp_2066,11,CVCL_0399,17,Anethole trithione__5__uM,False,,Anethole trithione,5.0,uM,2663,10433423.0
plate6,0,smp_2066,11,CVCL_0428,18,Anethole trithione__5__uM,False,,Anethole trithione,5.0,uM,1031,4511812.0
plate6,0,smp_2066,11,CVCL_0459,19,Anethole trithione__5__uM,False,,Anethole trithione,5.0,uM,3643,10774363.0
plate6,0,smp_2066,11,CVCL_0480,20,Anethole trithione__5__uM,False,,Anethole trithione,5.0,uM,1994,11479880.0
plate6,0,smp_2066,11,CVCL_0504,21,Anethole trithione__5__uM,False,,Anethole trithione,5.0,uM,2030,6238355.0
plate6,0,smp_2066,11,CVCL_0546,22,Anethole trithione__5__uM,False,,Anethole trithione,5.0,uM,5540,18066032.0
plate6,0,smp_2066,11,CVCL_1055,23,Anethole trithione__5__uM,False,,Anethole trithione,5.0,uM,1262,8129132.0
plate6,0,smp_2066,11,CVCL_1056,24,Anethole trithione__5__uM,False,,Anethole trithione,5.0,uM,1592,9746776.0
plate6,0,smp_2066,11,CVCL_1094,25,Anethole trithione__5__uM,False,,Anethole trithione,5.0,uM,1502,4911966.0
plate6,0,smp_2066,11,CVCL_1097,26,Anethole trithione__5__uM,False,,Anethole trithione,5.0,uM,1988,6507149.0
plate6,0,smp_2066,11,CVCL_1098,27,Anethole trithione__5__uM,False,,Anethole trithione,5.0,uM,1718,5251750.0
plate6,0,smp_2066,11,CVCL_1119,28,Anethole trithione__5__uM,False,,Anethole trithione,5.0,uM,1379,6348884.0
plate6,0,smp_2066,11,CVCL_1125,29,Anethole trithione__5__uM,False,,Anethole trithione,5.0,uM,423,975252.0
plate6,0,smp_2066,11,CVCL_1239,30,Anethole trithione__5__uM,False,,Anethole trithione,5.0,uM,634,2223537.0
plate6,0,smp_2066,11,CVCL_1285,31,Anethole trithione__5__uM,False,,Anethole trithione,5.0,uM,2209,8648937.0
plate6,0,smp_2066,11,CVCL_1381,32,Anethole trithione__5__uM,False,,Anethole trithione,5.0,uM,1727,7266288.0
plate6,0,smp_2066,11,CVCL_1478,33,Anethole trithione__5__uM,False,,Anethole trithione,5.0,uM,1927,7837181.0
plate6,0,smp_2066,11,CVCL_1495,34,Anethole trithione__5__uM,False,,Anethole trithione,5.0,uM,1233,5145430.0
plate6,0,smp_2066,11,CVCL_1517,35,Anethole trithione__5__uM,False,,Anethole trithione,5.0,uM,1541,10073974.0
plate6,0,smp_2066,11,CVCL_1531,36,Anethole trithione__5__uM,False,,Anethole trithione,5.0,uM,11,32805.0
plate6,0,smp_2066,11,CVCL_1547,37,Anethole trithione__5__uM,False,,Anethole trithione,5.0,uM,1538,6789097.0
plate6,0,smp_2066,11,CVCL_1550,38,Anethole trithione__5__uM,False,,Anethole trithione,5.0,uM,1348,9055526.0
plate6,0,smp_2066,11,CVCL_1571,39,Anethole trithione__5__uM,False,,Anethole trithione,5.0,uM,3,3007.0
plate6,0,smp_2066,11,CVCL_1577,40,Anethole trithione__5__uM,False,,Anethole trithione,5.0,uM,75,599839.0
plate6,0,smp_2066,11,CVCL_1635,41,Anethole trithione__5__uM,False,,Anethole trithione,5.0,uM,1160,5310102.0
plate6,0,smp_2066,11,CVCL_1666,42,Anethole trithione__5__uM,False,,Anethole trithione,5.0,uM,1298,3630458.0
plate6,0,smp_2066,11,CVCL_1693,43,Anethole trithione__5__uM,False,,Anethole trithione,5.0,uM,1530,4283595.0
plate6,0,smp_2066,11,CVCL_1715,44,Anethole trithione__5__uM,False,,Anethole trithione,5.0,uM,102,306614.0
plate6,0,smp_2066,11,CVCL_1716,45,Anethole trithione__5__uM,False,,Anethole trithione,5.0,uM,185,460663.0
plate6,0,smp_2066,11,CVCL_1717,46,Anethole trithione__5__uM,False,,Anethole trithione,5.0,uM,1570,7867557.0
plate6,0,smp_2066,11,CVCL_1724,47,Anethole trithione__5__uM,False,,Anethole trithione,5.0,uM,909,3191022.0
plate6,0,smp_2066,11,CVCL_1731,48,Anethole trithione__5__uM,False,,Anethole trithione,5.0,uM,1151,4032708.0
plate6,0,smp_2066,11,CVCL_C466,49,Anethole trithione__5__uM,False,,Anethole trithione,5.0,uM,1728,4154680.0
plate6,0,smp_2058,12,CVCL_0023,0,Artesunate__5__uM,False,,Artesunate,5.0,uM,3590,7916155.0
plate6,0,smp_2058,12,CVCL_0028,1,Artesunate__5__uM,False,,Artesunate,5.0,uM,1072,1677749.0
plate6,0,smp_2058,12,CVCL_0069,2,Artesunate__5__uM,False,,Artesunate,5.0,uM,1664,4029056.0
plate6,0,smp_2058,12,CVCL_0099,3,Artesunate__5__uM,False,,Artesunate,5.0,uM,1112,1941612.0
plate6,0,smp_2058,12,CVCL_0131,4,Artesunate__5__uM,False,,Artesunate,5.0,uM,3380,10244316.0
plate6,0,smp_2058,12,CVCL_0152,5,Artesunate__5__uM,False,,Artesunate,5.0,uM,3591,7553679.0
plate6,0,smp_2058,12,CVCL_0179,6,Artesunate__5__uM,False,,Artesunate,5.0,uM,1679,4709534.0
plate6,0,smp_2058,12,CVCL_0218,7,Artesunate__5__uM,False,,Artesunate,5.0,uM,1528,2799300.0
plate6,0,smp_2058,12,CVCL_0292,8,Artesunate__5__uM,False,,Artesunate,5.0,uM,1916,2793162.0
plate6,0,smp_2058,12,CVCL_0293,9,Artesunate__5__uM,False,,Artesunate,5.0,uM,3209,10189244.0
plate6,0,smp_2058,12,CVCL_0320,10,Artesunate__5__uM,False,,Artesunate,5.0,uM,2563,7148459.0
plate6,0,smp_2058,12,CVCL_0332,11,Artesunate__5__uM,False,,Artesunate,5.0,uM,1636,4985548.0
plate6,0,smp_2058,12,CVCL_0334,12,Artesunate__5__uM,False,,Artesunate,5.0,uM,1446,2958778.0
plate6,0,smp_2058,12,CVCL_0359,13,Artesunate__5__uM,False,,Artesunate,5.0,uM,3035,8420684.0
plate6,0,smp_2058,12,CVCL_0366,14,Artesunate__5__uM,False,,Artesunate,5.0,uM,1949,6463296.0
plate6,0,smp_2058,12,CVCL_0371,15,Artesunate__5__uM,False,,Artesunate,5.0,uM,2521,6186260.0
plate6,0,smp_2058,12,CVCL_0397,16,Artesunate__5__uM,False,,Artesunate,5.0,uM,1620,5128359.0
plate6,0,smp_2058,12,CVCL_0399,17,Artesunate__5__uM,False,,Artesunate,5.0,uM,3685,10274577.0
plate6,0,smp_2058,12,CVCL_0428,18,Artesunate__5__uM,False,,Artesunate,5.0,uM,1489,3982031.0
plate6,0,smp_2058,12,CVCL_0459,19,Artesunate__5__uM,False,,Artesunate,5.0,uM,6145,11887607.0
plate6,0,smp_2058,12,CVCL_0480,20,Artesunate__5__uM,False,,Artesunate,5.0,uM,3490,12158493.0
plate6,0,smp_2058,12,CVCL_0504,21,Artesunate__5__uM,False,,Artesunate,5.0,uM,2980,5170116.0
plate6,0,smp_2058,12,CVCL_0546,22,Artesunate__5__uM,False,,Artesunate,5.0,uM,6898,14407664.0
plate6,0,smp_2058,12,CVCL_1055,23,Artesunate__5__uM,False,,Artesunate,5.0,uM,2149,8578893.0
plate6,0,smp_2058,12,CVCL_1056,24,Artesunate__5__uM,False,,Artesunate,5.0,uM,2902,11676541.0
plate6,0,smp_2058,12,CVCL_1094,25,Artesunate__5__uM,False,,Artesunate,5.0,uM,2029,3806972.0
plate6,0,smp_2058,12,CVCL_1097,26,Artesunate__5__uM,False,,Artesunate,5.0,uM,2982,6070984.0
plate6,0,smp_2058,12,CVCL_1098,27,Artesunate__5__uM,False,,Artesunate,5.0,uM,3068,5910723.0
plate6,0,smp_2058,12,CVCL_1119,28,Artesunate__5__uM,False,,Artesunate,5.0,uM,2219,6507187.0
plate6,0,smp_2058,12,CVCL_1125,29,Artesunate__5__uM,False,,Artesunate,5.0,uM,415,607142.0
plate6,0,smp_2058,12,CVCL_1239,30,Artesunate__5__uM,False,,Artesunate,5.0,uM,1096,2205414.0
plate6,0,smp_2058,12,CVCL_1285,31,Artesunate__5__uM,False,,Artesunate,5.0,uM,3770,8905282.0
plate6,0,smp_2058,12,CVCL_1381,32,Artesunate__5__uM,False,,Artesunate,5.0,uM,2672,6689012.0
plate6,0,smp_2058,12,CVCL_1478,33,Artesunate__5__uM,False,,Artesunate,5.0,uM,2584,7703247.0
plate6,0,smp_2058,12,CVCL_1495,34,Artesunate__5__uM,False,,Artesunate,5.0,uM,1919,4746474.0
plate6,0,smp_2058,12,CVCL_1517,35,Artesunate__5__uM,False,,Artesunate,5.0,uM,2588,10464319.0
plate6,0,smp_2058,12,CVCL_1531,36,Artesunate__5__uM,False,,Artesunate,5.0,uM,20,20000.0
plate6,0,smp_2058,12,CVCL_1547,37,Artesunate__5__uM,False,,Artesunate,5.0,uM,2619,7046343.0
plate6,0,smp_2058,12,CVCL_1550,38,Artesunate__5__uM,False,,Artesunate,5.0,uM,2319,10581128.0
plate6,0,smp_2058,12,CVCL_1571,39,Artesunate__5__uM,False,,Artesunate,5.0,uM,16,15984.0
plate6,0,smp_2058,12,CVCL_1577,40,Artesunate__5__uM,False,,Artesunate,5.0,uM,142,615032.0
plate6,0,smp_2058,12,CVCL_1635,41,Artesunate__5__uM,False,,Artesunate,5.0,uM,1603,4676172.0
plate6,0,smp_2058,12,CVCL_1666,42,Artesunate__5__uM,False,,Artesunate,5.0,uM,1904,3341317.0
plate6,0,smp_2058,12,CVCL_1693,43,Artesunate__5__uM,False,,Artesunate,5.0,uM,1783,2830442.0
plate6,0,smp_2058,12,CVCL_1715,44,Artesunate__5__uM,False,,Artesunate,5.0,uM,175,315110.0
plate6,0,smp_2058,12,CVCL_1716,45,Artesunate__5__uM,False,,Artesunate,5.0,uM,267,448504.0
plate6,0,smp_2058,12,CVCL_1717,46,Artesunate__5__uM,False,,Artesunate,5.0,uM,2280,7489363.0
plate6,0,smp_2058,12,CVCL_1724,47,Artesunate__5__uM,False,,Artesunate,5.0,uM,1186,2506536.0
plate6,0,smp_2058,12,CVCL_1731,48,Artesunate__5__uM,False,,Artesunate,5.0,uM,1942,4176612.0
plate6,0,smp_2058,12,CVCL_C466,49,Artesunate__5__uM,False,,Artesunate,5.0,uM,2609,4160701.0
plate6,0,smp_2021,13,CVCL_0023,0,Azithromycin (hydrate)__5__uM,False,,Azithromycin (hydrate),5.0,uM,1499,2930259.0
plate6,0,smp_2021,13,CVCL_0028,1,Azithromycin (hydrate)__5__uM,False,,Azithromycin (hydrate),5.0,uM,614,867098.0
plate6,0,smp_2021,13,CVCL_0069,2,Azithromycin (hydrate)__5__uM,False,,Azithromycin (hydrate),5.0,uM,864,1765072.0
plate6,0,smp_2021,13,CVCL_0099,3,Azithromycin (hydrate)__5__uM,False,,Azithromycin (hydrate),5.0,uM,546,889026.0
plate6,0,smp_2021,13,CVCL_0131,4,Azithromycin (hydrate)__5__uM,False,,Azithromycin (hydrate),5.0,uM,1268,3333278.0
plate6,0,smp_2021,13,CVCL_0152,5,Azithromycin (hydrate)__5__uM,False,,Azithromycin (hydrate),5.0,uM,1443,2670622.0
plate6,0,smp_2021,13,CVCL_0179,6,Azithromycin (hydrate)__5__uM,False,,Azithromycin (hydrate),5.0,uM,720,1872780.0
plate6,0,smp_2021,13,CVCL_0218,7,Azithromycin (hydrate)__5__uM,False,,Azithromycin (hydrate),5.0,uM,745,1294589.0
plate6,0,smp_2021,13,CVCL_0292,8,Azithromycin (hydrate)__5__uM,False,,Azithromycin (hydrate),5.0,uM,685,1028693.0
plate6,0,smp_2021,13,CVCL_0293,9,Azithromycin (hydrate)__5__uM,False,,Azithromycin (hydrate),5.0,uM,1210,3689420.0
plate6,0,smp_2021,13,CVCL_0320,10,Azithromycin (hydrate)__5__uM,False,,Azithromycin (hydrate),5.0,uM,985,2270160.0
plate6,0,smp_2021,13,CVCL_0332,11,Azithromycin (hydrate)__5__uM,False,,Azithromycin (hydrate),5.0,uM,668,1742984.0
plate6,0,smp_2021,13,CVCL_0334,12,Azithromycin (hydrate)__5__uM,False,,Azithromycin (hydrate),5.0,uM,551,1054582.0
plate6,0,smp_2021,13,CVCL_0359,13,Azithromycin (hydrate)__5__uM,False,,Azithromycin (hydrate),5.0,uM,1361,3280440.0
plate6,0,smp_2021,13,CVCL_0366,14,Azithromycin (hydrate)__5__uM,False,,Azithromycin (hydrate),5.0,uM,669,2092419.0
plate6,0,smp_2021,13,CVCL_0371,15,Azithromycin (hydrate)__5__uM,False,,Azithromycin (hydrate),5.0,uM,1033,2325927.0
plate6,0,smp_2021,13,CVCL_0397,16,Azithromycin (hydrate)__5__uM,False,,Azithromycin (hydrate),5.0,uM,639,1762936.0
plate6,0,smp_2021,13,CVCL_0399,17,Azithromycin (hydrate)__5__uM,False,,Azithromycin (hydrate),5.0,uM,1422,3676742.0
plate6,0,smp_2021,13,CVCL_0428,18,Azithromycin (hydrate)__5__uM,False,,Azithromycin (hydrate),5.0,uM,709,1604418.0
plate6,0,smp_2021,13,CVCL_0459,19,Azithromycin (hydrate)__5__uM,False,,Azithromycin (hydrate),5.0,uM,2390,3944751.0
plate6,0,smp_2021,13,CVCL_0480,20,Azithromycin (hydrate)__5__uM,False,,Azithromycin (hydrate),5.0,uM,1407,4490990.0
plate6,0,smp_2021,13,CVCL_0504,21,Azithromycin (hydrate)__5__uM,False,,Azithromycin (hydrate),5.0,uM,1628,2579529.0
plate6,0,smp_2021,13,CVCL_0546,22,Azithromycin (hydrate)__5__uM,False,,Azithromycin (hydrate),5.0,uM,3086,5508452.0
plate6,0,smp_2021,13,CVCL_1055,23,Azithromycin (hydrate)__5__uM,False,,Azithromycin (hydrate),5.0,uM,884,3184382.0
plate6,0,smp_2021,13,CVCL_1056,24,Azithromycin (hydrate)__5__uM,False,,Azithromycin (hydrate),5.0,uM,1082,3598914.0
plate6,0,smp_2021,13,CVCL_1094,25,Azithromycin (hydrate)__5__uM,False,,Azithromycin (hydrate),5.0,uM,1154,2004465.0
plate6,0,smp_2021,13,CVCL_1097,26,Azithromycin (hydrate)__5__uM,False,,Azithromycin (hydrate),5.0,uM,1138,2002122.0
plate6,0,smp_2021,13,CVCL_1098,27,Azithromycin (hydrate)__5__uM,False,,Azithromycin (hydrate),5.0,uM,866,1563303.0
plate6,0,smp_2021,13,CVCL_1119,28,Azithromycin (hydrate)__5__uM,False,,Azithromycin (hydrate),5.0,uM,1039,2703000.0
plate6,0,smp_2021,13,CVCL_1125,29,Azithromycin (hydrate)__5__uM,False,,Azithromycin (hydrate),5.0,uM,239,344378.0
plate6,0,smp_2021,13,CVCL_1239,30,Azithromycin (hydrate)__5__uM,False,,Azithromycin (hydrate),5.0,uM,399,718682.0
plate6,0,smp_2021,13,CVCL_1285,31,Azithromycin (hydrate)__5__uM,False,,Azithromycin (hydrate),5.0,uM,1434,2902681.0
plate6,0,smp_2021,13,CVCL_1381,32,Azithromycin (hydrate)__5__uM,False,,Azithromycin (hydrate),5.0,uM,1220,2649392.0
plate6,0,smp_2021,13,CVCL_1478,33,Azithromycin (hydrate)__5__uM,False,,Azithromycin (hydrate),5.0,uM,1016,3019424.0
plate6,0,smp_2021,13,CVCL_1495,34,Azithromycin (hydrate)__5__uM,False,,Azithromycin (hydrate),5.0,uM,838,1839129.0
plate6,0,smp_2021,13,CVCL_1517,35,Azithromycin (hydrate)__5__uM,False,,Azithromycin (hydrate),5.0,uM,868,2984920.0
plate6,0,smp_2021,13,CVCL_1531,36,Azithromycin (hydrate)__5__uM,False,,Azithromycin (hydrate),5.0,uM,17,22438.0
plate6,0,smp_2021,13,CVCL_1547,37,Azithromycin (hydrate)__5__uM,False,,Azithromycin (hydrate),5.0,uM,1102,2550724.0
plate6,0,smp_2021,13,CVCL_1550,38,Azithromycin (hydrate)__5__uM,False,,Azithromycin (hydrate),5.0,uM,1076,4050478.0
plate6,0,smp_2021,13,CVCL_1571,39,Azithromycin (hydrate)__5__uM,False,,Azithromycin (hydrate),5.0,uM,9,8190.0
plate6,0,smp_2021,13,CVCL_1577,40,Azithromycin (hydrate)__5__uM,False,,Azithromycin (hydrate),5.0,uM,59,199957.0
plate6,0,smp_2021,13,CVCL_1635,41,Azithromycin (hydrate)__5__uM,False,,Azithromycin (hydrate),5.0,uM,746,1772653.0
plate6,0,smp_2021,13,CVCL_1666,42,Azithromycin (hydrate)__5__uM,False,,Azithromycin (hydrate),5.0,uM,794,1264511.0
plate6,0,smp_2021,13,CVCL_1693,43,Azithromycin (hydrate)__5__uM,False,,Azithromycin (hydrate),5.0,uM,952,1483711.0
plate6,0,smp_2021,13,CVCL_1715,44,Azithromycin (hydrate)__5__uM,False,,Azithromycin (hydrate),5.0,uM,76,112361.0
plate6,0,smp_2021,13,CVCL_1716,45,Azithromycin (hydrate)__5__uM,False,,Azithromycin (hydrate),5.0,uM,89,141929.0
plate6,0,smp_2021,13,CVCL_1717,46,Azithromycin (hydrate)__5__uM,False,,Azithromycin (hydrate),5.0,uM,925,2517434.0
plate6,0,smp_2021,13,CVCL_1724,47,Azithromycin (hydrate)__5__uM,False,,Azithromycin (hydrate),5.0,uM,563,1078509.0
plate6,0,smp_2021,13,CVCL_1731,48,Azithromycin (hydrate)__5__uM,False,,Azithromycin (hydrate),5.0,uM,709,1290174.0
plate6,0,smp_2021,13,CVCL_C466,49,Azithromycin (hydrate)__5__uM,False,,Azithromycin (hydrate),5.0,uM,909,1351684.0
plate6,0,smp_2049,14,CVCL_0023,0,Baicalin__5__uM,False,,Baicalin,5.0,uM,3656,8940905.0
plate6,0,smp_2049,14,CVCL_0028,1,Baicalin__5__uM,False,,Baicalin,5.0,uM,1066,1832667.0
plate6,0,smp_2049,14,CVCL_0069,2,Baicalin__5__uM,False,,Baicalin,5.0,uM,2200,6283189.0
plate6,0,smp_2049,14,CVCL_0099,3,Baicalin__5__uM,False,,Baicalin,5.0,uM,1163,2319230.0
plate6,0,smp_2049,14,CVCL_0131,4,Baicalin__5__uM,False,,Baicalin,5.0,uM,3775,13009274.0
plate6,0,smp_2049,14,CVCL_0152,5,Baicalin__5__uM,False,,Baicalin,5.0,uM,3725,7753756.0
plate6,0,smp_2049,14,CVCL_0179,6,Baicalin__5__uM,False,,Baicalin,5.0,uM,2051,7065947.0
plate6,0,smp_2049,14,CVCL_0218,7,Baicalin__5__uM,False,,Baicalin,5.0,uM,1975,3956825.0
plate6,0,smp_2049,14,CVCL_0292,8,Baicalin__5__uM,False,,Baicalin,5.0,uM,2001,3262959.0
plate6,0,smp_2049,14,CVCL_0293,9,Baicalin__5__uM,False,,Baicalin,5.0,uM,4146,13775278.0
plate6,0,smp_2049,14,CVCL_0320,10,Baicalin__5__uM,False,,Baicalin,5.0,uM,2891,8453044.0
plate6,0,smp_2049,14,CVCL_0332,11,Baicalin__5__uM,False,,Baicalin,5.0,uM,1871,6354978.0
plate6,0,smp_2049,14,CVCL_0334,12,Baicalin__5__uM,False,,Baicalin,5.0,uM,1639,3642357.0
plate6,0,smp_2049,14,CVCL_0359,13,Baicalin__5__uM,False,,Baicalin,5.0,uM,3484,10992886.0
plate6,0,smp_2049,14,CVCL_0366,14,Baicalin__5__uM,False,,Baicalin,5.0,uM,2540,9327889.0
plate6,0,smp_2049,14,CVCL_0371,15,Baicalin__5__uM,False,,Baicalin,5.0,uM,2959,8044227.0
plate6,0,smp_2049,14,CVCL_0397,16,Baicalin__5__uM,False,,Baicalin,5.0,uM,2304,7974740.0
plate6,0,smp_2049,14,CVCL_0399,17,Baicalin__5__uM,False,,Baicalin,5.0,uM,4709,12782535.0
plate6,0,smp_2049,14,CVCL_0428,18,Baicalin__5__uM,False,,Baicalin,5.0,uM,1777,5196479.0
plate6,0,smp_2049,14,CVCL_0459,19,Baicalin__5__uM,False,,Baicalin,5.0,uM,7599,16406946.0
plate6,0,smp_2049,14,CVCL_0480,20,Baicalin__5__uM,False,,Baicalin,5.0,uM,4192,15662046.0
plate6,0,smp_2049,14,CVCL_0504,21,Baicalin__5__uM,False,,Baicalin,5.0,uM,3310,6649735.0
plate6,0,smp_2049,14,CVCL_0546,22,Baicalin__5__uM,False,,Baicalin,5.0,uM,7668,17760828.0
plate6,0,smp_2049,14,CVCL_1055,23,Baicalin__5__uM,False,,Baicalin,5.0,uM,1998,8894886.0
plate6,0,smp_2049,14,CVCL_1056,24,Baicalin__5__uM,False,,Baicalin,5.0,uM,3540,15230721.0
plate6,0,smp_2049,14,CVCL_1094,25,Baicalin__5__uM,False,,Baicalin,5.0,uM,2105,4559134.0
plate6,0,smp_2049,14,CVCL_1097,26,Baicalin__5__uM,False,,Baicalin,5.0,uM,3144,7134371.0
plate6,0,smp_2049,14,CVCL_1098,27,Baicalin__5__uM,False,,Baicalin,5.0,uM,2652,5429997.0
plate6,0,smp_2049,14,CVCL_1119,28,Baicalin__5__uM,False,,Baicalin,5.0,uM,2506,7494084.0
plate6,0,smp_2049,14,CVCL_1125,29,Baicalin__5__uM,False,,Baicalin,5.0,uM,560,922371.0
plate6,0,smp_2049,14,CVCL_1239,30,Baicalin__5__uM,False,,Baicalin,5.0,uM,1168,2761700.0
plate6,0,smp_2049,14,CVCL_1285,31,Baicalin__5__uM,False,,Baicalin,5.0,uM,4347,11516347.0
plate6,0,smp_2049,14,CVCL_1381,32,Baicalin__5__uM,False,,Baicalin,5.0,uM,2800,7803072.0
plate6,0,smp_2049,14,CVCL_1478,33,Baicalin__5__uM,False,,Baicalin,5.0,uM,3103,8898129.0
plate6,0,smp_2049,14,CVCL_1495,34,Baicalin__5__uM,False,,Baicalin,5.0,uM,2235,6436914.0
plate6,0,smp_2049,14,CVCL_1517,35,Baicalin__5__uM,False,,Baicalin,5.0,uM,3287,14844324.0
plate6,0,smp_2049,14,CVCL_1531,36,Baicalin__5__uM,False,,Baicalin,5.0,uM,35,48088.0
plate6,0,smp_2049,14,CVCL_1547,37,Baicalin__5__uM,False,,Baicalin,5.0,uM,2637,8163831.0
plate6,0,smp_2049,14,CVCL_1550,38,Baicalin__5__uM,False,,Baicalin,5.0,uM,2773,12518259.0
plate6,0,smp_2049,14,CVCL_1571,39,Baicalin__5__uM,False,,Baicalin,5.0,uM,6,5585.0
plate6,0,smp_2049,14,CVCL_1577,40,Baicalin__5__uM,False,,Baicalin,5.0,uM,145,816813.0
plate6,0,smp_2049,14,CVCL_1635,41,Baicalin__5__uM,False,,Baicalin,5.0,uM,1950,5556079.0
plate6,0,smp_2049,14,CVCL_1666,42,Baicalin__5__uM,False,,Baicalin,5.0,uM,2231,4449323.0
plate6,0,smp_2049,14,CVCL_1693,43,Baicalin__5__uM,False,,Baicalin,5.0,uM,1848,3435756.0
plate6,0,smp_2049,14,CVCL_1715,44,Baicalin__5__uM,False,,Baicalin,5.0,uM,339,719268.0
plate6,0,smp_2049,14,CVCL_1716,45,Baicalin__5__uM,False,,Baicalin,5.0,uM,382,662621.0
plate6,0,smp_2049,14,CVCL_1717,46,Baicalin__5__uM,False,,Baicalin,5.0,uM,2593,8784312.0
plate6,0,smp_2049,14,CVCL_1724,47,Baicalin__5__uM,False,,Baicalin,5.0,uM,1446,3620389.0
plate6,0,smp_2049,14,CVCL_1731,48,Baicalin__5__uM,False,,Baicalin,5.0,uM,2161,5343082.0
plate6,0,smp_2049,14,CVCL_C466,49,Baicalin__5__uM,False,,Baicalin,5.0,uM,3079,5439624.0
plate6,0,smp_2056,15,CVCL_0023,0,Balsalazide (sodium hydrate)__5__uM,False,,Balsalazide (sodium hydrate),5.0,uM,3291,10327219.0
plate6,0,smp_2056,15,CVCL_0028,1,Balsalazide (sodium hydrate)__5__uM,False,,Balsalazide (sodium hydrate),5.0,uM,1066,2238746.0
plate6,0,smp_2056,15,CVCL_0069,2,Balsalazide (sodium hydrate)__5__uM,False,,Balsalazide (sodium hydrate),5.0,uM,1798,6355460.0
plate6,0,smp_2056,15,CVCL_0099,3,Balsalazide (sodium hydrate)__5__uM,False,,Balsalazide (sodium hydrate),5.0,uM,1225,3133902.0
plate6,0,smp_2056,15,CVCL_0131,4,Balsalazide (sodium hydrate)__5__uM,False,,Balsalazide (sodium hydrate),5.0,uM,3178,14161168.0
plate6,0,smp_2056,15,CVCL_0152,5,Balsalazide (sodium hydrate)__5__uM,False,,Balsalazide (sodium hydrate),5.0,uM,3592,9854700.0
plate6,0,smp_2056,15,CVCL_0179,6,Balsalazide (sodium hydrate)__5__uM,False,,Balsalazide (sodium hydrate),5.0,uM,1738,7531953.0
plate6,0,smp_2056,15,CVCL_0218,7,Balsalazide (sodium hydrate)__5__uM,False,,Balsalazide (sodium hydrate),5.0,uM,1619,4227360.0
plate6,0,smp_2056,15,CVCL_0292,8,Balsalazide (sodium hydrate)__5__uM,False,,Balsalazide (sodium hydrate),5.0,uM,1991,4304911.0
plate6,0,smp_2056,15,CVCL_0293,9,Balsalazide (sodium hydrate)__5__uM,False,,Balsalazide (sodium hydrate),5.0,uM,2569,11428966.0
plate6,0,smp_2056,15,CVCL_0320,10,Balsalazide (sodium hydrate)__5__uM,False,,Balsalazide (sodium hydrate),5.0,uM,2064,8058085.0
plate6,0,smp_2056,15,CVCL_0332,11,Balsalazide (sodium hydrate)__5__uM,False,,Balsalazide (sodium hydrate),5.0,uM,1512,6533933.0
plate6,0,smp_2056,15,CVCL_0334,12,Balsalazide (sodium hydrate)__5__uM,False,,Balsalazide (sodium hydrate),5.0,uM,1353,3962417.0
plate6,0,smp_2056,15,CVCL_0359,13,Balsalazide (sodium hydrate)__5__uM,False,,Balsalazide (sodium hydrate),5.0,uM,3188,12950369.0
plate6,0,smp_2056,15,CVCL_0366,14,Balsalazide (sodium hydrate)__5__uM,False,,Balsalazide (sodium hydrate),5.0,uM,1824,8708925.0
plate6,0,smp_2056,15,CVCL_0371,15,Balsalazide (sodium hydrate)__5__uM,False,,Balsalazide (sodium hydrate),5.0,uM,2271,8182020.0
plate6,0,smp_2056,15,CVCL_0397,16,Balsalazide (sodium hydrate)__5__uM,False,,Balsalazide (sodium hydrate),5.0,uM,1578,6902487.0
plate6,0,smp_2056,15,CVCL_0399,17,Balsalazide (sodium hydrate)__5__uM,False,,Balsalazide (sodium hydrate),5.0,uM,3861,13934231.0
plate6,0,smp_2056,15,CVCL_0428,18,Balsalazide (sodium hydrate)__5__uM,False,,Balsalazide (sodium hydrate),5.0,uM,1474,5777362.0
plate6,0,smp_2056,15,CVCL_0459,19,Balsalazide (sodium hydrate)__5__uM,False,,Balsalazide (sodium hydrate),5.0,uM,5794,16047919.0
plate6,0,smp_2056,15,CVCL_0480,20,Balsalazide (sodium hydrate)__5__uM,False,,Balsalazide (sodium hydrate),5.0,uM,3174,16054481.0
plate6,0,smp_2056,15,CVCL_0504,21,Balsalazide (sodium hydrate)__5__uM,False,,Balsalazide (sodium hydrate),5.0,uM,2953,7591004.0
plate6,0,smp_2056,15,CVCL_0546,22,Balsalazide (sodium hydrate)__5__uM,False,,Balsalazide (sodium hydrate),5.0,uM,6379,18252045.0
plate6,0,smp_2056,15,CVCL_1055,23,Balsalazide (sodium hydrate)__5__uM,False,,Balsalazide (sodium hydrate),5.0,uM,1939,11361055.0
plate6,0,smp_2056,15,CVCL_1056,24,Balsalazide (sodium hydrate)__5__uM,False,,Balsalazide (sodium hydrate),5.0,uM,2775,15412317.0
plate6,0,smp_2056,15,CVCL_1094,25,Balsalazide (sodium hydrate)__5__uM,False,,Balsalazide (sodium hydrate),5.0,uM,1836,5159202.0
plate6,0,smp_2056,15,CVCL_1097,26,Balsalazide (sodium hydrate)__5__uM,False,,Balsalazide (sodium hydrate),5.0,uM,2487,7250235.0
plate6,0,smp_2056,15,CVCL_1098,27,Balsalazide (sodium hydrate)__5__uM,False,,Balsalazide (sodium hydrate),5.0,uM,2478,6728775.0
plate6,0,smp_2056,15,CVCL_1119,28,Balsalazide (sodium hydrate)__5__uM,False,,Balsalazide (sodium hydrate),5.0,uM,2085,8592161.0
plate6,0,smp_2056,15,CVCL_1125,29,Balsalazide (sodium hydrate)__5__uM,False,,Balsalazide (sodium hydrate),5.0,uM,529,1174651.0
plate6,0,smp_2056,15,CVCL_1239,30,Balsalazide (sodium hydrate)__5__uM,False,,Balsalazide (sodium hydrate),5.0,uM,931,2871235.0
plate6,0,smp_2056,15,CVCL_1285,31,Balsalazide (sodium hydrate)__5__uM,False,,Balsalazide (sodium hydrate),5.0,uM,3339,11608164.0
plate6,0,smp_2056,15,CVCL_1381,32,Balsalazide (sodium hydrate)__5__uM,False,,Balsalazide (sodium hydrate),5.0,uM,2362,8703231.0
plate6,0,smp_2056,15,CVCL_1478,33,Balsalazide (sodium hydrate)__5__uM,False,,Balsalazide (sodium hydrate),5.0,uM,2371,8613119.0
plate6,0,smp_2056,15,CVCL_1495,34,Balsalazide (sodium hydrate)__5__uM,False,,Balsalazide (sodium hydrate),5.0,uM,1862,6920433.0
plate6,0,smp_2056,15,CVCL_1517,35,Balsalazide (sodium hydrate)__5__uM,False,,Balsalazide (sodium hydrate),5.0,uM,2290,13375122.0
plate6,0,smp_2056,15,CVCL_1531,36,Balsalazide (sodium hydrate)__5__uM,False,,Balsalazide (sodium hydrate),5.0,uM,22,51022.0
plate6,0,smp_2056,15,CVCL_1547,37,Balsalazide (sodium hydrate)__5__uM,False,,Balsalazide (sodium hydrate),5.0,uM,2314,9154878.0
plate6,0,smp_2056,15,CVCL_1550,38,Balsalazide (sodium hydrate)__5__uM,False,,Balsalazide (sodium hydrate),5.0,uM,2152,12838329.0
plate6,0,smp_2056,15,CVCL_1571,39,Balsalazide (sodium hydrate)__5__uM,False,,Balsalazide (sodium hydrate),5.0,uM,7,8922.0
plate6,0,smp_2056,15,CVCL_1577,40,Balsalazide (sodium hydrate)__5__uM,False,,Balsalazide (sodium hydrate),5.0,uM,116,861134.0
plate6,0,smp_2056,15,CVCL_1635,41,Balsalazide (sodium hydrate)__5__uM,False,,Balsalazide (sodium hydrate),5.0,uM,1458,6087588.0
plate6,0,smp_2056,15,CVCL_1666,42,Balsalazide (sodium hydrate)__5__uM,False,,Balsalazide (sodium hydrate),5.0,uM,1858,4666891.0
plate6,0,smp_2056,15,CVCL_1693,43,Balsalazide (sodium hydrate)__5__uM,False,,Balsalazide (sodium hydrate),5.0,uM,1861,4454974.0
plate6,0,smp_2056,15,CVCL_1715,44,Balsalazide (sodium hydrate)__5__uM,False,,Balsalazide (sodium hydrate),5.0,uM,146,388630.0
plate6,0,smp_2056,15,CVCL_1716,45,Balsalazide (sodium hydrate)__5__uM,False,,Balsalazide (sodium hydrate),5.0,uM,246,590619.0
plate6,0,smp_2056,15,CVCL_1717,46,Balsalazide (sodium hydrate)__5__uM,False,,Balsalazide (sodium hydrate),5.0,uM,1959,8661353.0
plate6,0,smp_2056,15,CVCL_1724,47,Balsalazide (sodium hydrate)__5__uM,False,,Balsalazide (sodium hydrate),5.0,uM,1071,3406150.0
plate6,0,smp_2056,15,CVCL_1731,48,Balsalazide (sodium hydrate)__5__uM,False,,Balsalazide (sodium hydrate),5.0,uM,1690,5312686.0
plate6,0,smp_2056,15,CVCL_C466,49,Balsalazide (sodium hydrate)__5__uM,False,,Balsalazide (sodium hydrate),5.0,uM,2671,5994481.0
plate6,0,smp_1978,16,CVCL_0023,0,Berbamine__5__uM,False,,Berbamine,5.0,uM,3239,6165086.0
plate6,0,smp_1978,16,CVCL_0028,1,Berbamine__5__uM,False,,Berbamine,5.0,uM,1071,1580610.0
plate6,0,smp_1978,16,CVCL_0069,2,Berbamine__5__uM,False,,Berbamine,5.0,uM,1801,3862237.0
plate6,0,smp_1978,16,CVCL_0099,3,Berbamine__5__uM,False,,Berbamine,5.0,uM,1077,1803231.0
plate6,0,smp_1978,16,CVCL_0131,4,Berbamine__5__uM,False,,Berbamine,5.0,uM,3146,8009409.0
plate6,0,smp_1978,16,CVCL_0152,5,Berbamine__5__uM,False,,Berbamine,5.0,uM,3502,6255785.0
plate6,0,smp_1978,16,CVCL_0179,6,Berbamine__5__uM,False,,Berbamine,5.0,uM,1885,5546626.0
plate6,0,smp_1978,16,CVCL_0218,7,Berbamine__5__uM,False,,Berbamine,5.0,uM,1759,2926320.0
plate6,0,smp_1978,16,CVCL_0292,8,Berbamine__5__uM,False,,Berbamine,5.0,uM,1461,2009483.0
plate6,0,smp_1978,16,CVCL_0293,9,Berbamine__5__uM,False,,Berbamine,5.0,uM,3211,9627107.0
plate6,0,smp_1978,16,CVCL_0320,10,Berbamine__5__uM,False,,Berbamine,5.0,uM,2715,5866989.0
plate6,0,smp_1978,16,CVCL_0332,11,Berbamine__5__uM,False,,Berbamine,5.0,uM,1594,4159751.0
plate6,0,smp_1978,16,CVCL_0334,12,Berbamine__5__uM,False,,Berbamine,5.0,uM,1285,2397851.0
plate6,0,smp_1978,16,CVCL_0359,13,Berbamine__5__uM,False,,Berbamine,5.0,uM,2854,7063714.0
plate6,0,smp_1978,16,CVCL_0366,14,Berbamine__5__uM,False,,Berbamine,5.0,uM,1891,5625241.0
plate6,0,smp_1978,16,CVCL_0371,15,Berbamine__5__uM,False,,Berbamine,5.0,uM,2673,5821901.0
plate6,0,smp_1978,16,CVCL_0397,16,Berbamine__5__uM,False,,Berbamine,5.0,uM,1940,5457955.0
plate6,0,smp_1978,16,CVCL_0399,17,Berbamine__5__uM,False,,Berbamine,5.0,uM,3811,8862776.0
plate6,0,smp_1978,16,CVCL_0428,18,Berbamine__5__uM,False,,Berbamine,5.0,uM,1400,3442433.0
plate6,0,smp_1978,16,CVCL_0459,19,Berbamine__5__uM,False,,Berbamine,5.0,uM,5767,9709536.0
plate6,0,smp_1978,16,CVCL_0480,20,Berbamine__5__uM,False,,Berbamine,5.0,uM,3503,10888602.0
plate6,0,smp_1978,16,CVCL_0504,21,Berbamine__5__uM,False,,Berbamine,5.0,uM,3017,4987037.0
plate6,0,smp_1978,16,CVCL_0546,22,Berbamine__5__uM,False,,Berbamine,5.0,uM,6656,12387836.0
plate6,0,smp_1978,16,CVCL_1055,23,Berbamine__5__uM,False,,Berbamine,5.0,uM,1346,4779968.0
plate6,0,smp_1978,16,CVCL_1056,24,Berbamine__5__uM,False,,Berbamine,5.0,uM,2845,10023311.0
plate6,0,smp_1978,16,CVCL_1094,25,Berbamine__5__uM,False,,Berbamine,5.0,uM,1917,3398582.0
plate6,0,smp_1978,16,CVCL_1097,26,Berbamine__5__uM,False,,Berbamine,5.0,uM,2273,3778797.0
plate6,0,smp_1978,16,CVCL_1098,27,Berbamine__5__uM,False,,Berbamine,5.0,uM,2191,3572382.0
plate6,0,smp_1978,16,CVCL_1119,28,Berbamine__5__uM,False,,Berbamine,5.0,uM,2179,5306370.0
plate6,0,smp_1978,16,CVCL_1125,29,Berbamine__5__uM,False,,Berbamine,5.0,uM,400,558019.0
plate6,0,smp_1978,16,CVCL_1239,30,Berbamine__5__uM,False,,Berbamine,5.0,uM,1131,2068416.0
plate6,0,smp_1978,16,CVCL_1285,31,Berbamine__5__uM,False,,Berbamine,5.0,uM,3537,7328581.0
plate6,0,smp_1978,16,CVCL_1381,32,Berbamine__5__uM,False,,Berbamine,5.0,uM,2511,5332409.0
plate6,0,smp_1978,16,CVCL_1478,33,Berbamine__5__uM,False,,Berbamine,5.0,uM,2630,7034836.0
plate6,0,smp_1978,16,CVCL_1495,34,Berbamine__5__uM,False,,Berbamine,5.0,uM,1731,3637269.0
plate6,0,smp_1978,16,CVCL_1517,35,Berbamine__5__uM,False,,Berbamine,5.0,uM,2680,8736817.0
plate6,0,smp_1978,16,CVCL_1531,36,Berbamine__5__uM,False,,Berbamine,5.0,uM,38,74975.0
plate6,0,smp_1978,16,CVCL_1547,37,Berbamine__5__uM,False,,Berbamine,5.0,uM,2117,4803861.0
plate6,0,smp_1978,16,CVCL_1550,38,Berbamine__5__uM,False,,Berbamine,5.0,uM,2398,9346109.0
plate6,0,smp_1978,16,CVCL_1571,39,Berbamine__5__uM,False,,Berbamine,5.0,uM,17,17551.0
plate6,0,smp_1978,16,CVCL_1577,40,Berbamine__5__uM,False,,Berbamine,5.0,uM,127,457735.0
plate6,0,smp_1978,16,CVCL_1635,41,Berbamine__5__uM,False,,Berbamine,5.0,uM,1722,3971810.0
plate6,0,smp_1978,16,CVCL_1666,42,Berbamine__5__uM,False,,Berbamine,5.0,uM,1754,2772207.0
plate6,0,smp_1978,16,CVCL_1693,43,Berbamine__5__uM,False,,Berbamine,5.0,uM,1756,2819242.0
plate6,0,smp_1978,16,CVCL_1715,44,Berbamine__5__uM,False,,Berbamine,5.0,uM,205,333899.0
plate6,0,smp_1978,16,CVCL_1716,45,Berbamine__5__uM,False,,Berbamine,5.0,uM,219,321406.0
plate6,0,smp_1978,16,CVCL_1717,46,Berbamine__5__uM,False,,Berbamine,5.0,uM,2209,6314889.0
plate6,0,smp_1978,16,CVCL_1724,47,Berbamine__5__uM,False,,Berbamine,5.0,uM,1161,2194555.0
plate6,0,smp_1978,16,CVCL_1731,48,Berbamine__5__uM,False,,Berbamine,5.0,uM,1755,3491518.0
plate6,0,smp_1978,16,CVCL_C466,49,Berbamine__5__uM,False,,Berbamine,5.0,uM,2210,3093835.0
plate6,0,smp_2050,17,CVCL_0023,0,Berberine (chloride hydrate)__5__uM,False,,Berberine (chloride hydrate),5.0,uM,4286,10982527.0
plate6,0,smp_2050,17,CVCL_0028,1,Berberine (chloride hydrate)__5__uM,False,,Berberine (chloride hydrate),5.0,uM,1510,2737130.0
plate6,0,smp_2050,17,CVCL_0069,2,Berberine (chloride hydrate)__5__uM,False,,Berberine (chloride hydrate),5.0,uM,2565,7894766.0
plate6,0,smp_2050,17,CVCL_0099,3,Berberine (chloride hydrate)__5__uM,False,,Berberine (chloride hydrate),5.0,uM,1696,3787342.0
plate6,0,smp_2050,17,CVCL_0131,4,Berberine (chloride hydrate)__5__uM,False,,Berberine (chloride hydrate),5.0,uM,4134,15609969.0
plate6,0,smp_2050,17,CVCL_0152,5,Berberine (chloride hydrate)__5__uM,False,,Berberine (chloride hydrate),5.0,uM,4713,10868688.0
plate6,0,smp_2050,17,CVCL_0179,6,Berberine (chloride hydrate)__5__uM,False,,Berberine (chloride hydrate),5.0,uM,2487,9033813.0
plate6,0,smp_2050,17,CVCL_0218,7,Berberine (chloride hydrate)__5__uM,False,,Berberine (chloride hydrate),5.0,uM,2669,5874152.0
plate6,0,smp_2050,17,CVCL_0292,8,Berberine (chloride hydrate)__5__uM,False,,Berberine (chloride hydrate),5.0,uM,2619,4572483.0
plate6,0,smp_2050,17,CVCL_0293,9,Berberine (chloride hydrate)__5__uM,False,,Berberine (chloride hydrate),5.0,uM,4683,17384933.0
plate6,0,smp_2050,17,CVCL_0320,10,Berberine (chloride hydrate)__5__uM,False,,Berberine (chloride hydrate),5.0,uM,3617,11878799.0
plate6,0,smp_2050,17,CVCL_0332,11,Berberine (chloride hydrate)__5__uM,False,,Berberine (chloride hydrate),5.0,uM,2138,7949603.0
plate6,0,smp_2050,17,CVCL_0334,12,Berberine (chloride hydrate)__5__uM,False,,Berberine (chloride hydrate),5.0,uM,1860,4532550.0
plate6,0,smp_2050,17,CVCL_0359,13,Berberine (chloride hydrate)__5__uM,False,,Berberine (chloride hydrate),5.0,uM,3804,13003191.0
plate6,0,smp_2050,17,CVCL_0366,14,Berberine (chloride hydrate)__5__uM,False,,Berberine (chloride hydrate),5.0,uM,2437,9568642.0
plate6,0,smp_2050,17,CVCL_0371,15,Berberine (chloride hydrate)__5__uM,False,,Berberine (chloride hydrate),5.0,uM,3707,11099761.0
plate6,0,smp_2050,17,CVCL_0397,16,Berberine (chloride hydrate)__5__uM,False,,Berberine (chloride hydrate),5.0,uM,2581,10517550.0
plate6,0,smp_2050,17,CVCL_0399,17,Berberine (chloride hydrate)__5__uM,False,,Berberine (chloride hydrate),5.0,uM,5728,17553484.0
plate6,0,smp_2050,17,CVCL_0428,18,Berberine (chloride hydrate)__5__uM,False,,Berberine (chloride hydrate),5.0,uM,1903,6301410.0
plate6,0,smp_2050,17,CVCL_0459,19,Berberine (chloride hydrate)__5__uM,False,,Berberine (chloride hydrate),5.0,uM,9033,21733370.0
plate6,0,smp_2050,17,CVCL_0480,20,Berberine (chloride hydrate)__5__uM,False,,Berberine (chloride hydrate),5.0,uM,4455,17590184.0
plate6,0,smp_2050,17,CVCL_0504,21,Berberine (chloride hydrate)__5__uM,False,,Berberine (chloride hydrate),5.0,uM,3903,8290721.0
plate6,0,smp_2050,17,CVCL_0546,22,Berberine (chloride hydrate)__5__uM,False,,Berberine (chloride hydrate),5.0,uM,9620,23926763.0
plate6,0,smp_2050,17,CVCL_1055,23,Berberine (chloride hydrate)__5__uM,False,,Berberine (chloride hydrate),5.0,uM,2376,11203149.0
plate6,0,smp_2050,17,CVCL_1056,24,Berberine (chloride hydrate)__5__uM,False,,Berberine (chloride hydrate),5.0,uM,3715,17812845.0
plate6,0,smp_2050,17,CVCL_1094,25,Berberine (chloride hydrate)__5__uM,False,,Berberine (chloride hydrate),5.0,uM,2360,5591499.0
plate6,0,smp_2050,17,CVCL_1097,26,Berberine (chloride hydrate)__5__uM,False,,Berberine (chloride hydrate),5.0,uM,3790,9443326.0
plate6,0,smp_2050,17,CVCL_1098,27,Berberine (chloride hydrate)__5__uM,False,,Berberine (chloride hydrate),5.0,uM,3674,8463542.0
plate6,0,smp_2050,17,CVCL_1119,28,Berberine (chloride hydrate)__5__uM,False,,Berberine (chloride hydrate),5.0,uM,2761,9345897.0
plate6,0,smp_2050,17,CVCL_1125,29,Berberine (chloride hydrate)__5__uM,False,,Berberine (chloride hydrate),5.0,uM,705,1216818.0
plate6,0,smp_2050,17,CVCL_1239,30,Berberine (chloride hydrate)__5__uM,False,,Berberine (chloride hydrate),5.0,uM,1505,3887547.0
plate6,0,smp_2050,17,CVCL_1285,31,Berberine (chloride hydrate)__5__uM,False,,Berberine (chloride hydrate),5.0,uM,4913,14847155.0
plate6,0,smp_2050,17,CVCL_1381,32,Berberine (chloride hydrate)__5__uM,False,,Berberine (chloride hydrate),5.0,uM,3126,9604222.0
plate6,0,smp_2050,17,CVCL_1478,33,Berberine (chloride hydrate)__5__uM,False,,Berberine (chloride hydrate),5.0,uM,3751,11737274.0
plate6,0,smp_2050,17,CVCL_1495,34,Berberine (chloride hydrate)__5__uM,False,,Berberine (chloride hydrate),5.0,uM,2541,7808900.0
plate6,0,smp_2050,17,CVCL_1517,35,Berberine (chloride hydrate)__5__uM,False,,Berberine (chloride hydrate),5.0,uM,3595,17887923.0
plate6,0,smp_2050,17,CVCL_1531,36,Berberine (chloride hydrate)__5__uM,False,,Berberine (chloride hydrate),5.0,uM,28,54766.0
plate6,0,smp_2050,17,CVCL_1547,37,Berberine (chloride hydrate)__5__uM,False,,Berberine (chloride hydrate),5.0,uM,2979,9812258.0
plate6,0,smp_2050,17,CVCL_1550,38,Berberine (chloride hydrate)__5__uM,False,,Berberine (chloride hydrate),5.0,uM,2841,14120238.0
plate6,0,smp_2050,17,CVCL_1571,39,Berberine (chloride hydrate)__5__uM,False,,Berberine (chloride hydrate),5.0,uM,11,10917.0
plate6,0,smp_2050,17,CVCL_1577,40,Berberine (chloride hydrate)__5__uM,False,,Berberine (chloride hydrate),5.0,uM,180,1019611.0
plate6,0,smp_2050,17,CVCL_1635,41,Berberine (chloride hydrate)__5__uM,False,,Berberine (chloride hydrate),5.0,uM,2231,7377411.0
plate6,0,smp_2050,17,CVCL_1666,42,Berberine (chloride hydrate)__5__uM,False,,Berberine (chloride hydrate),5.0,uM,2452,5295279.0
plate6,0,smp_2050,17,CVCL_1693,43,Berberine (chloride hydrate)__5__uM,False,,Berberine (chloride hydrate),5.0,uM,2515,5300080.0
plate6,0,smp_2050,17,CVCL_1715,44,Berberine (chloride hydrate)__5__uM,False,,Berberine (chloride hydrate),5.0,uM,321,759794.0
plate6,0,smp_2050,17,CVCL_1716,45,Berberine (chloride hydrate)__5__uM,False,,Berberine (chloride hydrate),5.0,uM,379,774959.0
plate6,0,smp_2050,17,CVCL_1717,46,Berberine (chloride hydrate)__5__uM,False,,Berberine (chloride hydrate),5.0,uM,2925,11113505.0
plate6,0,smp_2050,17,CVCL_1724,47,Berberine (chloride hydrate)__5__uM,False,,Berberine (chloride hydrate),5.0,uM,2033,5681096.0
plate6,0,smp_2050,17,CVCL_1731,48,Berberine (chloride hydrate)__5__uM,False,,Berberine (chloride hydrate),5.0,uM,2477,6810914.0
plate6,0,smp_2050,17,CVCL_C466,49,Berberine (chloride hydrate)__5__uM,False,,Berberine (chloride hydrate),5.0,uM,3543,6938320.0
plate6,0,smp_2038,18,CVCL_0023,0,Bergenin__5__uM,False,,Bergenin,5.0,uM,2760,5291921.0
plate6,0,smp_2038,18,CVCL_0028,1,Bergenin__5__uM,False,,Bergenin,5.0,uM,995,1380410.0
plate6,0,smp_2038,18,CVCL_0069,2,Bergenin__5__uM,False,,Bergenin,5.0,uM,1536,3496968.0
plate6,0,smp_2038,18,CVCL_0099,3,Bergenin__5__uM,False,,Bergenin,5.0,uM,950,1584827.0
plate6,0,smp_2038,18,CVCL_0131,4,Bergenin__5__uM,False,,Bergenin,5.0,uM,2445,6710971.0
plate6,0,smp_2038,18,CVCL_0152,5,Bergenin__5__uM,False,,Bergenin,5.0,uM,2695,5147044.0
plate6,0,smp_2038,18,CVCL_0179,6,Bergenin__5__uM,False,,Bergenin,5.0,uM,1365,3990788.0
plate6,0,smp_2038,18,CVCL_0218,7,Bergenin__5__uM,False,,Bergenin,5.0,uM,1476,2510221.0
plate6,0,smp_2038,18,CVCL_0292,8,Bergenin__5__uM,False,,Bergenin,5.0,uM,1255,1715347.0
plate6,0,smp_2038,18,CVCL_0293,9,Bergenin__5__uM,False,,Bergenin,5.0,uM,2682,6910663.0
plate6,0,smp_2038,18,CVCL_0320,10,Bergenin__5__uM,False,,Bergenin,5.0,uM,1933,4576037.0
plate6,0,smp_2038,18,CVCL_0332,11,Bergenin__5__uM,False,,Bergenin,5.0,uM,1197,3387562.0
plate6,0,smp_2038,18,CVCL_0334,12,Bergenin__5__uM,False,,Bergenin,5.0,uM,988,1876705.0
plate6,0,smp_2038,18,CVCL_0359,13,Bergenin__5__uM,False,,Bergenin,5.0,uM,2452,6310718.0
plate6,0,smp_2038,18,CVCL_0366,14,Bergenin__5__uM,False,,Bergenin,5.0,uM,1507,4661672.0
plate6,0,smp_2038,18,CVCL_0371,15,Bergenin__5__uM,False,,Bergenin,5.0,uM,2026,4701437.0
plate6,0,smp_2038,18,CVCL_0397,16,Bergenin__5__uM,False,,Bergenin,5.0,uM,1321,3998607.0
plate6,0,smp_2038,18,CVCL_0399,17,Bergenin__5__uM,False,,Bergenin,5.0,uM,3020,7236790.0
plate6,0,smp_2038,18,CVCL_0428,18,Bergenin__5__uM,False,,Bergenin,5.0,uM,1181,2965345.0
plate6,0,smp_2038,18,CVCL_0459,19,Bergenin__5__uM,False,,Bergenin,5.0,uM,4658,8036319.0
plate6,0,smp_2038,18,CVCL_0480,20,Bergenin__5__uM,False,,Bergenin,5.0,uM,2547,8067357.0
plate6,0,smp_2038,18,CVCL_0504,21,Bergenin__5__uM,False,,Bergenin,5.0,uM,2535,4147535.0
plate6,0,smp_2038,18,CVCL_0546,22,Bergenin__5__uM,False,,Bergenin,5.0,uM,5434,10317273.0
plate6,0,smp_2038,18,CVCL_1055,23,Bergenin__5__uM,False,,Bergenin,5.0,uM,1576,5829385.0
plate6,0,smp_2038,18,CVCL_1056,24,Bergenin__5__uM,False,,Bergenin,5.0,uM,2161,8036056.0
plate6,0,smp_2038,18,CVCL_1094,25,Bergenin__5__uM,False,,Bergenin,5.0,uM,1649,2915475.0
plate6,0,smp_2038,18,CVCL_1097,26,Bergenin__5__uM,False,,Bergenin,5.0,uM,1833,3333899.0
plate6,0,smp_2038,18,CVCL_1098,27,Bergenin__5__uM,False,,Bergenin,5.0,uM,2036,3425071.0
plate6,0,smp_2038,18,CVCL_1119,28,Bergenin__5__uM,False,,Bergenin,5.0,uM,1870,4674003.0
plate6,0,smp_2038,18,CVCL_1125,29,Bergenin__5__uM,False,,Bergenin,5.0,uM,494,704555.0
plate6,0,smp_2038,18,CVCL_1239,30,Bergenin__5__uM,False,,Bergenin,5.0,uM,773,1369507.0
plate6,0,smp_2038,18,CVCL_1285,31,Bergenin__5__uM,False,,Bergenin,5.0,uM,2755,6016473.0
plate6,0,smp_2038,18,CVCL_1381,32,Bergenin__5__uM,False,,Bergenin,5.0,uM,1958,4359300.0
plate6,0,smp_2038,18,CVCL_1478,33,Bergenin__5__uM,False,,Bergenin,5.0,uM,1849,4505977.0
plate6,0,smp_2038,18,CVCL_1495,34,Bergenin__5__uM,False,,Bergenin,5.0,uM,1462,3234070.0
plate6,0,smp_2038,18,CVCL_1517,35,Bergenin__5__uM,False,,Bergenin,5.0,uM,1940,6924929.0
plate6,0,smp_2038,18,CVCL_1531,36,Bergenin__5__uM,False,,Bergenin,5.0,uM,19,34389.0
plate6,0,smp_2038,18,CVCL_1547,37,Bergenin__5__uM,False,,Bergenin,5.0,uM,1878,4573932.0
plate6,0,smp_2038,18,CVCL_1550,38,Bergenin__5__uM,False,,Bergenin,5.0,uM,1933,7644148.0
plate6,0,smp_2038,18,CVCL_1571,39,Bergenin__5__uM,False,,Bergenin,5.0,uM,23,21815.0
plate6,0,smp_2038,18,CVCL_1577,40,Bergenin__5__uM,False,,Bergenin,5.0,uM,112,443602.0
plate6,0,smp_2038,18,CVCL_1635,41,Bergenin__5__uM,False,,Bergenin,5.0,uM,1382,3271074.0
plate6,0,smp_2038,18,CVCL_1666,42,Bergenin__5__uM,False,,Bergenin,5.0,uM,1405,2242271.0
plate6,0,smp_2038,18,CVCL_1693,43,Bergenin__5__uM,False,,Bergenin,5.0,uM,1474,2456918.0
plate6,0,smp_2038,18,CVCL_1715,44,Bergenin__5__uM,False,,Bergenin,5.0,uM,133,218582.0
plate6,0,smp_2038,18,CVCL_1716,45,Bergenin__5__uM,False,,Bergenin,5.0,uM,202,310425.0
plate6,0,smp_2038,18,CVCL_1717,46,Bergenin__5__uM,False,,Bergenin,5.0,uM,1768,5030649.0
plate6,0,smp_2038,18,CVCL_1724,47,Bergenin__5__uM,False,,Bergenin,5.0,uM,933,1710594.0
plate6,0,smp_2038,18,CVCL_1731,48,Bergenin__5__uM,False,,Bergenin,5.0,uM,1453,2938136.0
plate6,0,smp_2038,18,CVCL_C466,49,Bergenin__5__uM,False,,Bergenin,5.0,uM,1810,2622487.0
plate6,0,smp_2040,19,CVCL_0023,0,Bimatoprost__5__uM,False,,Bimatoprost,5.0,uM,1520,3704158.0
plate6,0,smp_2040,19,CVCL_0028,1,Bimatoprost__5__uM,False,,Bimatoprost,5.0,uM,549,878219.0
plate6,0,smp_2040,19,CVCL_0069,2,Bimatoprost__5__uM,False,,Bimatoprost,5.0,uM,831,2248840.0
plate6,0,smp_2040,19,CVCL_0099,3,Bimatoprost__5__uM,False,,Bimatoprost,5.0,uM,487,910860.0
plate6,0,smp_2040,19,CVCL_0131,4,Bimatoprost__5__uM,False,,Bimatoprost,5.0,uM,1600,5670229.0
plate6,0,smp_2040,19,CVCL_0152,5,Bimatoprost__5__uM,False,,Bimatoprost,5.0,uM,1626,3831081.0
plate6,0,smp_2040,19,CVCL_0179,6,Bimatoprost__5__uM,False,,Bimatoprost,5.0,uM,787,2628619.0
plate6,0,smp_2040,19,CVCL_0218,7,Bimatoprost__5__uM,False,,Bimatoprost,5.0,uM,743,1601493.0
plate6,0,smp_2040,19,CVCL_0292,8,Bimatoprost__5__uM,False,,Bimatoprost,5.0,uM,834,1430533.0
plate6,0,smp_2040,19,CVCL_0293,9,Bimatoprost__5__uM,False,,Bimatoprost,5.0,uM,1450,5428778.0
plate6,0,smp_2040,19,CVCL_0320,10,Bimatoprost__5__uM,False,,Bimatoprost,5.0,uM,1018,3250250.0
plate6,0,smp_2040,19,CVCL_0332,11,Bimatoprost__5__uM,False,,Bimatoprost,5.0,uM,825,2956039.0
plate6,0,smp_2040,19,CVCL_0334,12,Bimatoprost__5__uM,False,,Bimatoprost,5.0,uM,617,1364431.0
plate6,0,smp_2040,19,CVCL_0359,13,Bimatoprost__5__uM,False,,Bimatoprost,5.0,uM,1563,4786608.0
plate6,0,smp_2040,19,CVCL_0366,14,Bimatoprost__5__uM,False,,Bimatoprost,5.0,uM,850,3251610.0
plate6,0,smp_2040,19,CVCL_0371,15,Bimatoprost__5__uM,False,,Bimatoprost,5.0,uM,1127,3376208.0
plate6,0,smp_2040,19,CVCL_0397,16,Bimatoprost__5__uM,False,,Bimatoprost,5.0,uM,771,3026017.0
plate6,0,smp_2040,19,CVCL_0399,17,Bimatoprost__5__uM,False,,Bimatoprost,5.0,uM,1696,5324659.0
plate6,0,smp_2040,19,CVCL_0428,18,Bimatoprost__5__uM,False,,Bimatoprost,5.0,uM,751,2165428.0
plate6,0,smp_2040,19,CVCL_0459,19,Bimatoprost__5__uM,False,,Bimatoprost,5.0,uM,2461,5258229.0
plate6,0,smp_2040,19,CVCL_0480,20,Bimatoprost__5__uM,False,,Bimatoprost,5.0,uM,1734,6856459.0
plate6,0,smp_2040,19,CVCL_0504,21,Bimatoprost__5__uM,False,,Bimatoprost,5.0,uM,1472,3001260.0
plate6,0,smp_2040,19,CVCL_0546,22,Bimatoprost__5__uM,False,,Bimatoprost,5.0,uM,2900,7003816.0
plate6,0,smp_2040,19,CVCL_1055,23,Bimatoprost__5__uM,False,,Bimatoprost,5.0,uM,997,4408221.0
plate6,0,smp_2040,19,CVCL_1056,24,Bimatoprost__5__uM,False,,Bimatoprost,5.0,uM,1408,6212425.0
plate6,0,smp_2040,19,CVCL_1094,25,Bimatoprost__5__uM,False,,Bimatoprost,5.0,uM,1065,2298829.0
plate6,0,smp_2040,19,CVCL_1097,26,Bimatoprost__5__uM,False,,Bimatoprost,5.0,uM,1165,2644201.0
plate6,0,smp_2040,19,CVCL_1098,27,Bimatoprost__5__uM,False,,Bimatoprost,5.0,uM,984,2166447.0
plate6,0,smp_2040,19,CVCL_1119,28,Bimatoprost__5__uM,False,,Bimatoprost,5.0,uM,1131,3530339.0
plate6,0,smp_2040,19,CVCL_1125,29,Bimatoprost__5__uM,False,,Bimatoprost,5.0,uM,295,525122.0
plate6,0,smp_2040,19,CVCL_1239,30,Bimatoprost__5__uM,False,,Bimatoprost,5.0,uM,358,825585.0
plate6,0,smp_2040,19,CVCL_1285,31,Bimatoprost__5__uM,False,,Bimatoprost,5.0,uM,1656,4566901.0
plate6,0,smp_2040,19,CVCL_1381,32,Bimatoprost__5__uM,False,,Bimatoprost,5.0,uM,1277,3586278.0
plate6,0,smp_2040,19,CVCL_1478,33,Bimatoprost__5__uM,False,,Bimatoprost,5.0,uM,1236,4198865.0
plate6,0,smp_2040,19,CVCL_1495,34,Bimatoprost__5__uM,False,,Bimatoprost,5.0,uM,893,2491032.0
plate6,0,smp_2040,19,CVCL_1517,35,Bimatoprost__5__uM,False,,Bimatoprost,5.0,uM,1163,5254827.0
plate6,0,smp_2040,19,CVCL_1531,36,Bimatoprost__5__uM,False,,Bimatoprost,5.0,uM,21,31736.0
plate6,0,smp_2040,19,CVCL_1547,37,Bimatoprost__5__uM,False,,Bimatoprost,5.0,uM,1104,3295973.0
plate6,0,smp_2040,19,CVCL_1550,38,Bimatoprost__5__uM,False,,Bimatoprost,5.0,uM,1335,6616112.0
plate6,0,smp_2040,19,CVCL_1571,39,Bimatoprost__5__uM,False,,Bimatoprost,5.0,uM,12,12619.0
plate6,0,smp_2040,19,CVCL_1577,40,Bimatoprost__5__uM,False,,Bimatoprost,5.0,uM,76,334343.0
plate6,0,smp_2040,19,CVCL_1635,41,Bimatoprost__5__uM,False,,Bimatoprost,5.0,uM,866,2695622.0
plate6,0,smp_2040,19,CVCL_1666,42,Bimatoprost__5__uM,False,,Bimatoprost,5.0,uM,854,1673765.0
plate6,0,smp_2040,19,CVCL_1693,43,Bimatoprost__5__uM,False,,Bimatoprost,5.0,uM,870,1672633.0
plate6,0,smp_2040,19,CVCL_1715,44,Bimatoprost__5__uM,False,,Bimatoprost,5.0,uM,85,165816.0
plate6,0,smp_2040,19,CVCL_1716,45,Bimatoprost__5__uM,False,,Bimatoprost,5.0,uM,140,249605.0
plate6,0,smp_2040,19,CVCL_1717,46,Bimatoprost__5__uM,False,,Bimatoprost,5.0,uM,958,3452366.0
plate6,0,smp_2040,19,CVCL_1724,47,Bimatoprost__5__uM,False,,Bimatoprost,5.0,uM,494,1190038.0
plate6,0,smp_2040,19,CVCL_1731,48,Bimatoprost__5__uM,False,,Bimatoprost,5.0,uM,763,1901642.0
plate6,0,smp_2040,19,CVCL_C466,49,Bimatoprost__5__uM,False,,Bimatoprost,5.0,uM,1165,2058020.0
plate6,0,smp_2032,20,CVCL_0023,0,Busulfan__5__uM,False,,Busulfan,5.0,uM,1887,3652439.0
plate6,0,smp_2032,20,CVCL_0028,1,Busulfan__5__uM,False,,Busulfan,5.0,uM,664,918468.0
plate6,0,smp_2032,20,CVCL_0069,2,Busulfan__5__uM,False,,Busulfan,5.0,uM,1052,2285318.0
plate6,0,smp_2032,20,CVCL_0099,3,Busulfan__5__uM,False,,Busulfan,5.0,uM,644,1033174.0
plate6,0,smp_2032,20,CVCL_0131,4,Busulfan__5__uM,False,,Busulfan,5.0,uM,2041,5510191.0
plate6,0,smp_2032,20,CVCL_0152,5,Busulfan__5__uM,False,,Busulfan,5.0,uM,1881,3968549.0
plate6,0,smp_2032,20,CVCL_0179,6,Busulfan__5__uM,False,,Busulfan,5.0,uM,980,2776888.0
plate6,0,smp_2032,20,CVCL_0218,7,Busulfan__5__uM,False,,Busulfan,5.0,uM,896,1679788.0
plate6,0,smp_2032,20,CVCL_0292,8,Busulfan__5__uM,False,,Busulfan,5.0,uM,733,1138982.0
plate6,0,smp_2032,20,CVCL_0293,9,Busulfan__5__uM,False,,Busulfan,5.0,uM,1271,4903949.0
plate6,0,smp_2032,20,CVCL_0320,10,Busulfan__5__uM,False,,Busulfan,5.0,uM,1312,3654263.0
plate6,0,smp_2032,20,CVCL_0332,11,Busulfan__5__uM,False,,Busulfan,5.0,uM,1087,3041189.0
plate6,0,smp_2032,20,CVCL_0334,12,Busulfan__5__uM,False,,Busulfan,5.0,uM,732,1542991.0
plate6,0,smp_2032,20,CVCL_0359,13,Busulfan__5__uM,False,,Busulfan,5.0,uM,2040,5196474.0
plate6,0,smp_2032,20,CVCL_0366,14,Busulfan__5__uM,False,,Busulfan,5.0,uM,1110,3433943.0
plate6,0,smp_2032,20,CVCL_0371,15,Busulfan__5__uM,False,,Busulfan,5.0,uM,1223,3140893.0
plate6,0,smp_2032,20,CVCL_0397,16,Busulfan__5__uM,False,,Busulfan,5.0,uM,825,2844860.0
plate6,0,smp_2032,20,CVCL_0399,17,Busulfan__5__uM,False,,Busulfan,5.0,uM,1853,5660931.0
plate6,0,smp_2032,20,CVCL_0428,18,Busulfan__5__uM,False,,Busulfan,5.0,uM,967,2393327.0
plate6,0,smp_2032,20,CVCL_0459,19,Busulfan__5__uM,False,,Busulfan,5.0,uM,2797,5132026.0
plate6,0,smp_2032,20,CVCL_0480,20,Busulfan__5__uM,False,,Busulfan,5.0,uM,2150,7909122.0
plate6,0,smp_2032,20,CVCL_0504,21,Busulfan__5__uM,False,,Busulfan,5.0,uM,1663,2639789.0
plate6,0,smp_2032,20,CVCL_0546,22,Busulfan__5__uM,False,,Busulfan,5.0,uM,3227,6569065.0
plate6,0,smp_2032,20,CVCL_1055,23,Busulfan__5__uM,False,,Busulfan,5.0,uM,1181,4956043.0
plate6,0,smp_2032,20,CVCL_1056,24,Busulfan__5__uM,False,,Busulfan,5.0,uM,1758,6265062.0
plate6,0,smp_2032,20,CVCL_1094,25,Busulfan__5__uM,False,,Busulfan,5.0,uM,1036,1868262.0
plate6,0,smp_2032,20,CVCL_1097,26,Busulfan__5__uM,False,,Busulfan,5.0,uM,1388,2568289.0
plate6,0,smp_2032,20,CVCL_1098,27,Busulfan__5__uM,False,,Busulfan,5.0,uM,1123,2077209.0
plate6,0,smp_2032,20,CVCL_1119,28,Busulfan__5__uM,False,,Busulfan,5.0,uM,1202,3443750.0
plate6,0,smp_2032,20,CVCL_1125,29,Busulfan__5__uM,False,,Busulfan,5.0,uM,259,366053.0
plate6,0,smp_2032,20,CVCL_1239,30,Busulfan__5__uM,False,,Busulfan,5.0,uM,516,947485.0
plate6,0,smp_2032,20,CVCL_1285,31,Busulfan__5__uM,False,,Busulfan,5.0,uM,2290,5239784.0
plate6,0,smp_2032,20,CVCL_1381,32,Busulfan__5__uM,False,,Busulfan,5.0,uM,1549,3508735.0
plate6,0,smp_2032,20,CVCL_1478,33,Busulfan__5__uM,False,,Busulfan,5.0,uM,1206,3912896.0
plate6,0,smp_2032,20,CVCL_1495,34,Busulfan__5__uM,False,,Busulfan,5.0,uM,1110,2399266.0
plate6,0,smp_2032,20,CVCL_1517,35,Busulfan__5__uM,False,,Busulfan,5.0,uM,1510,5782043.0
plate6,0,smp_2032,20,CVCL_1531,36,Busulfan__5__uM,False,,Busulfan,5.0,uM,24,28961.0
plate6,0,smp_2032,20,CVCL_1547,37,Busulfan__5__uM,False,,Busulfan,5.0,uM,1345,3338654.0
plate6,0,smp_2032,20,CVCL_1550,38,Busulfan__5__uM,False,,Busulfan,5.0,uM,1271,5477156.0
plate6,0,smp_2032,20,CVCL_1571,39,Busulfan__5__uM,False,,Busulfan,5.0,uM,14,13968.0
plate6,0,smp_2032,20,CVCL_1577,40,Busulfan__5__uM,False,,Busulfan,5.0,uM,83,389318.0
plate6,0,smp_2032,20,CVCL_1635,41,Busulfan__5__uM,False,,Busulfan,5.0,uM,885,2400268.0
plate6,0,smp_2032,20,CVCL_1666,42,Busulfan__5__uM,False,,Busulfan,5.0,uM,907,1529370.0
plate6,0,smp_2032,20,CVCL_1693,43,Busulfan__5__uM,False,,Busulfan,5.0,uM,1034,1669413.0
plate6,0,smp_2032,20,CVCL_1715,44,Busulfan__5__uM,False,,Busulfan,5.0,uM,131,231480.0
plate6,0,smp_2032,20,CVCL_1716,45,Busulfan__5__uM,False,,Busulfan,5.0,uM,146,244582.0
plate6,0,smp_2032,20,CVCL_1717,46,Busulfan__5__uM,False,,Busulfan,5.0,uM,1125,3687426.0
plate6,0,smp_2032,20,CVCL_1724,47,Busulfan__5__uM,False,,Busulfan,5.0,uM,501,1039559.0
plate6,0,smp_2032,20,CVCL_1731,48,Busulfan__5__uM,False,,Busulfan,5.0,uM,873,1828920.0
plate6,0,smp_2032,20,CVCL_C466,49,Busulfan__5__uM,False,,Busulfan,5.0,uM,1217,1850736.0
plate6,0,smp_2033,21,CVCL_0023,0,Cepharanthine__5__uM,False,,Cepharanthine,5.0,uM,585,1425721.0
plate6,0,smp_2033,21,CVCL_0028,1,Cepharanthine__5__uM,False,,Cepharanthine,5.0,uM,222,369064.0
plate6,0,smp_2033,21,CVCL_0069,2,Cepharanthine__5__uM,False,,Cepharanthine,5.0,uM,398,1095569.0
plate6,0,smp_2033,21,CVCL_0099,3,Cepharanthine__5__uM,False,,Cepharanthine,5.0,uM,220,389140.0
plate6,0,smp_2033,21,CVCL_0131,4,Cepharanthine__5__uM,False,,Cepharanthine,5.0,uM,540,1932867.0
plate6,0,smp_2033,21,CVCL_0152,5,Cepharanthine__5__uM,False,,Cepharanthine,5.0,uM,649,1463710.0
plate6,0,smp_2033,21,CVCL_0179,6,Cepharanthine__5__uM,False,,Cepharanthine,5.0,uM,301,926602.0
plate6,0,smp_2033,21,CVCL_0218,7,Cepharanthine__5__uM,False,,Cepharanthine,5.0,uM,344,703380.0
plate6,0,smp_2033,21,CVCL_0292,8,Cepharanthine__5__uM,False,,Cepharanthine,5.0,uM,323,600465.0
plate6,0,smp_2033,21,CVCL_0293,9,Cepharanthine__5__uM,False,,Cepharanthine,5.0,uM,487,2025188.0
plate6,0,smp_2033,21,CVCL_0320,10,Cepharanthine__5__uM,False,,Cepharanthine,5.0,uM,420,1359801.0
plate6,0,smp_2033,21,CVCL_0332,11,Cepharanthine__5__uM,False,,Cepharanthine,5.0,uM,279,887991.0
plate6,0,smp_2033,21,CVCL_0334,12,Cepharanthine__5__uM,False,,Cepharanthine,5.0,uM,214,477890.0
plate6,0,smp_2033,21,CVCL_0359,13,Cepharanthine__5__uM,False,,Cepharanthine,5.0,uM,468,1478020.0
plate6,0,smp_2033,21,CVCL_0366,14,Cepharanthine__5__uM,False,,Cepharanthine,5.0,uM,182,643013.0
plate6,0,smp_2033,21,CVCL_0371,15,Cepharanthine__5__uM,False,,Cepharanthine,5.0,uM,561,1706837.0
plate6,0,smp_2033,21,CVCL_0397,16,Cepharanthine__5__uM,False,,Cepharanthine,5.0,uM,301,1211115.0
plate6,0,smp_2033,21,CVCL_0399,17,Cepharanthine__5__uM,False,,Cepharanthine,5.0,uM,662,2099878.0
plate6,0,smp_2033,21,CVCL_0428,18,Cepharanthine__5__uM,False,,Cepharanthine,5.0,uM,271,771291.0
plate6,0,smp_2033,21,CVCL_0459,19,Cepharanthine__5__uM,False,,Cepharanthine,5.0,uM,860,1740021.0
plate6,0,smp_2033,21,CVCL_0480,20,Cepharanthine__5__uM,False,,Cepharanthine,5.0,uM,520,2270309.0
plate6,0,smp_2033,21,CVCL_0504,21,Cepharanthine__5__uM,False,,Cepharanthine,5.0,uM,570,1131055.0
plate6,0,smp_2033,21,CVCL_0546,22,Cepharanthine__5__uM,False,,Cepharanthine,5.0,uM,1558,3466653.0
plate6,0,smp_2033,21,CVCL_1055,23,Cepharanthine__5__uM,False,,Cepharanthine,5.0,uM,323,1566701.0
plate6,0,smp_2033,21,CVCL_1056,24,Cepharanthine__5__uM,False,,Cepharanthine,5.0,uM,375,1601438.0
plate6,0,smp_2033,21,CVCL_1094,25,Cepharanthine__5__uM,False,,Cepharanthine,5.0,uM,397,830897.0
plate6,0,smp_2033,21,CVCL_1097,26,Cepharanthine__5__uM,False,,Cepharanthine,5.0,uM,480,1133201.0
plate6,0,smp_2033,21,CVCL_1098,27,Cepharanthine__5__uM,False,,Cepharanthine,5.0,uM,381,781308.0
plate6,0,smp_2033,21,CVCL_1119,28,Cepharanthine__5__uM,False,,Cepharanthine,5.0,uM,429,1426976.0
plate6,0,smp_2033,21,CVCL_1125,29,Cepharanthine__5__uM,False,,Cepharanthine,5.0,uM,67,116981.0
plate6,0,smp_2033,21,CVCL_1239,30,Cepharanthine__5__uM,False,,Cepharanthine,5.0,uM,147,342617.0
plate6,0,smp_2033,21,CVCL_1285,31,Cepharanthine__5__uM,False,,Cepharanthine,5.0,uM,573,1650160.0
plate6,0,smp_2033,21,CVCL_1381,32,Cepharanthine__5__uM,False,,Cepharanthine,5.0,uM,498,1416784.0
plate6,0,smp_2033,21,CVCL_1478,33,Cepharanthine__5__uM,False,,Cepharanthine,5.0,uM,454,1565233.0
plate6,0,smp_2033,21,CVCL_1495,34,Cepharanthine__5__uM,False,,Cepharanthine,5.0,uM,300,828750.0
plate6,0,smp_2033,21,CVCL_1517,35,Cepharanthine__5__uM,False,,Cepharanthine,5.0,uM,351,1539023.0
plate6,0,smp_2033,21,CVCL_1531,36,Cepharanthine__5__uM,False,,Cepharanthine,5.0,uM,6,9485.0
plate6,0,smp_2033,21,CVCL_1547,37,Cepharanthine__5__uM,False,,Cepharanthine,5.0,uM,386,1098897.0
plate6,0,smp_2033,21,CVCL_1550,38,Cepharanthine__5__uM,False,,Cepharanthine,5.0,uM,437,2218629.0
plate6,0,smp_2033,21,CVCL_1571,39,Cepharanthine__5__uM,False,,Cepharanthine,5.0,uM,2,1692.0
plate6,0,smp_2033,21,CVCL_1577,40,Cepharanthine__5__uM,False,,Cepharanthine,5.0,uM,21,76534.0
plate6,0,smp_2033,21,CVCL_1635,41,Cepharanthine__5__uM,False,,Cepharanthine,5.0,uM,328,967874.0
plate6,0,smp_2033,21,CVCL_1666,42,Cepharanthine__5__uM,False,,Cepharanthine,5.0,uM,372,724749.0
plate6,0,smp_2033,21,CVCL_1693,43,Cepharanthine__5__uM,False,,Cepharanthine,5.0,uM,369,714458.0
plate6,0,smp_2033,21,CVCL_1715,44,Cepharanthine__5__uM,False,,Cepharanthine,5.0,uM,33,72273.0
plate6,0,smp_2033,21,CVCL_1716,45,Cepharanthine__5__uM,False,,Cepharanthine,5.0,uM,64,121823.0
plate6,0,smp_2033,21,CVCL_1717,46,Cepharanthine__5__uM,False,,Cepharanthine,5.0,uM,405,1369533.0
plate6,0,smp_2033,21,CVCL_1724,47,Cepharanthine__5__uM,False,,Cepharanthine,5.0,uM,260,669322.0
plate6,0,smp_2033,21,CVCL_1731,48,Cepharanthine__5__uM,False,,Cepharanthine,5.0,uM,283,637804.0
plate6,0,smp_2033,21,CVCL_C466,49,Cepharanthine__5__uM,False,,Cepharanthine,5.0,uM,350,580241.0
plate6,0,smp_1976,22,CVCL_0023,0,Chlorhexidine (diacetate)__5__uM,False,,Chlorhexidine (diacetate),5.0,uM,2979,6423248.0
plate6,0,smp_1976,22,CVCL_0028,1,Chlorhexidine (diacetate)__5__uM,False,,Chlorhexidine (diacetate),5.0,uM,812,1230610.0
plate6,0,smp_1976,22,CVCL_0069,2,Chlorhexidine (diacetate)__5__uM,False,,Chlorhexidine (diacetate),5.0,uM,1761,4452345.0
plate6,0,smp_1976,22,CVCL_0099,3,Chlorhexidine (diacetate)__5__uM,False,,Chlorhexidine (diacetate),5.0,uM,857,1436711.0
plate6,0,smp_1976,22,CVCL_0131,4,Chlorhexidine (diacetate)__5__uM,False,,Chlorhexidine (diacetate),5.0,uM,2698,7974869.0
plate6,0,smp_1976,22,CVCL_0152,5,Chlorhexidine (diacetate)__5__uM,False,,Chlorhexidine (diacetate),5.0,uM,3173,6681538.0
plate6,0,smp_1976,22,CVCL_0179,6,Chlorhexidine (diacetate)__5__uM,False,,Chlorhexidine (diacetate),5.0,uM,1628,5616825.0
plate6,0,smp_1976,22,CVCL_0218,7,Chlorhexidine (diacetate)__5__uM,False,,Chlorhexidine (diacetate),5.0,uM,1301,2527638.0
plate6,0,smp_1976,22,CVCL_0292,8,Chlorhexidine (diacetate)__5__uM,False,,Chlorhexidine (diacetate),5.0,uM,1736,2656013.0
plate6,0,smp_1976,22,CVCL_0293,9,Chlorhexidine (diacetate)__5__uM,False,,Chlorhexidine (diacetate),5.0,uM,3278,8920455.0
plate6,0,smp_1976,22,CVCL_0320,10,Chlorhexidine (diacetate)__5__uM,False,,Chlorhexidine (diacetate),5.0,uM,2342,6050303.0
plate6,0,smp_1976,22,CVCL_0332,11,Chlorhexidine (diacetate)__5__uM,False,,Chlorhexidine (diacetate),5.0,uM,1492,4487518.0
plate6,0,smp_1976,22,CVCL_0334,12,Chlorhexidine (diacetate)__5__uM,False,,Chlorhexidine (diacetate),5.0,uM,1153,2330893.0
plate6,0,smp_1976,22,CVCL_0359,13,Chlorhexidine (diacetate)__5__uM,False,,Chlorhexidine (diacetate),5.0,uM,2871,8723929.0
plate6,0,smp_1976,22,CVCL_0366,14,Chlorhexidine (diacetate)__5__uM,False,,Chlorhexidine (diacetate),5.0,uM,1682,6070932.0
plate6,0,smp_1976,22,CVCL_0371,15,Chlorhexidine (diacetate)__5__uM,False,,Chlorhexidine (diacetate),5.0,uM,2186,5335531.0
plate6,0,smp_1976,22,CVCL_0397,16,Chlorhexidine (diacetate)__5__uM,False,,Chlorhexidine (diacetate),5.0,uM,1679,5361329.0
plate6,0,smp_1976,22,CVCL_0399,17,Chlorhexidine (diacetate)__5__uM,False,,Chlorhexidine (diacetate),5.0,uM,3715,9238453.0
plate6,0,smp_1976,22,CVCL_0428,18,Chlorhexidine (diacetate)__5__uM,False,,Chlorhexidine (diacetate),5.0,uM,1209,3560373.0
plate6,0,smp_1976,22,CVCL_0459,19,Chlorhexidine (diacetate)__5__uM,False,,Chlorhexidine (diacetate),5.0,uM,4990,9231872.0
plate6,0,smp_1976,22,CVCL_0480,20,Chlorhexidine (diacetate)__5__uM,False,,Chlorhexidine (diacetate),5.0,uM,2725,9262805.0
plate6,0,smp_1976,22,CVCL_0504,21,Chlorhexidine (diacetate)__5__uM,False,,Chlorhexidine (diacetate),5.0,uM,2971,5658295.0
plate6,0,smp_1976,22,CVCL_0546,22,Chlorhexidine (diacetate)__5__uM,False,,Chlorhexidine (diacetate),5.0,uM,5949,12466694.0
plate6,0,smp_1976,22,CVCL_1055,23,Chlorhexidine (diacetate)__5__uM,False,,Chlorhexidine (diacetate),5.0,uM,1296,4805091.0
plate6,0,smp_1976,22,CVCL_1056,24,Chlorhexidine (diacetate)__5__uM,False,,Chlorhexidine (diacetate),5.0,uM,2352,9978217.0
plate6,0,smp_1976,22,CVCL_1094,25,Chlorhexidine (diacetate)__5__uM,False,,Chlorhexidine (diacetate),5.0,uM,1842,3663324.0
plate6,0,smp_1976,22,CVCL_1097,26,Chlorhexidine (diacetate)__5__uM,False,,Chlorhexidine (diacetate),5.0,uM,2302,4528835.0
plate6,0,smp_1976,22,CVCL_1098,27,Chlorhexidine (diacetate)__5__uM,False,,Chlorhexidine (diacetate),5.0,uM,2356,4253508.0
plate6,0,smp_1976,22,CVCL_1119,28,Chlorhexidine (diacetate)__5__uM,False,,Chlorhexidine (diacetate),5.0,uM,1968,5512614.0
plate6,0,smp_1976,22,CVCL_1125,29,Chlorhexidine (diacetate)__5__uM,False,,Chlorhexidine (diacetate),5.0,uM,469,742992.0
plate6,0,smp_1976,22,CVCL_1239,30,Chlorhexidine (diacetate)__5__uM,False,,Chlorhexidine (diacetate),5.0,uM,851,1626123.0
plate6,0,smp_1976,22,CVCL_1285,31,Chlorhexidine (diacetate)__5__uM,False,,Chlorhexidine (diacetate),5.0,uM,3301,7836153.0
plate6,0,smp_1976,22,CVCL_1381,32,Chlorhexidine (diacetate)__5__uM,False,,Chlorhexidine (diacetate),5.0,uM,2276,5580389.0
plate6,0,smp_1976,22,CVCL_1478,33,Chlorhexidine (diacetate)__5__uM,False,,Chlorhexidine (diacetate),5.0,uM,2085,6580147.0
plate6,0,smp_1976,22,CVCL_1495,34,Chlorhexidine (diacetate)__5__uM,False,,Chlorhexidine (diacetate),5.0,uM,1730,4246618.0
plate6,0,smp_1976,22,CVCL_1517,35,Chlorhexidine (diacetate)__5__uM,False,,Chlorhexidine (diacetate),5.0,uM,2255,9043910.0
plate6,0,smp_1976,22,CVCL_1531,36,Chlorhexidine (diacetate)__5__uM,False,,Chlorhexidine (diacetate),5.0,uM,47,80891.0
plate6,0,smp_1976,22,CVCL_1547,37,Chlorhexidine (diacetate)__5__uM,False,,Chlorhexidine (diacetate),5.0,uM,2078,5609364.0
plate6,0,smp_1976,22,CVCL_1550,38,Chlorhexidine (diacetate)__5__uM,False,,Chlorhexidine (diacetate),5.0,uM,2390,10695292.0
plate6,0,smp_1976,22,CVCL_1571,39,Chlorhexidine (diacetate)__5__uM,False,,Chlorhexidine (diacetate),5.0,uM,14,14658.0
plate6,0,smp_1976,22,CVCL_1577,40,Chlorhexidine (diacetate)__5__uM,False,,Chlorhexidine (diacetate),5.0,uM,92,346293.0
plate6,0,smp_1976,22,CVCL_1635,41,Chlorhexidine (diacetate)__5__uM,False,,Chlorhexidine (diacetate),5.0,uM,1618,4366763.0
plate6,0,smp_1976,22,CVCL_1666,42,Chlorhexidine (diacetate)__5__uM,False,,Chlorhexidine (diacetate),5.0,uM,1594,3033029.0
plate6,0,smp_1976,22,CVCL_1693,43,Chlorhexidine (diacetate)__5__uM,False,,Chlorhexidine (diacetate),5.0,uM,1901,3749020.0
plate6,0,smp_1976,22,CVCL_1715,44,Chlorhexidine (diacetate)__5__uM,False,,Chlorhexidine (diacetate),5.0,uM,205,414217.0
plate6,0,smp_1976,22,CVCL_1716,45,Chlorhexidine (diacetate)__5__uM,False,,Chlorhexidine (diacetate),5.0,uM,275,453425.0
plate6,0,smp_1976,22,CVCL_1717,46,Chlorhexidine (diacetate)__5__uM,False,,Chlorhexidine (diacetate),5.0,uM,1982,6118346.0
plate6,0,smp_1976,22,CVCL_1724,47,Chlorhexidine (diacetate)__5__uM,False,,Chlorhexidine (diacetate),5.0,uM,1037,1980022.0
plate6,0,smp_1976,22,CVCL_1731,48,Chlorhexidine (diacetate)__5__uM,False,,Chlorhexidine (diacetate),5.0,uM,1459,3134207.0
plate6,0,smp_1976,22,CVCL_C466,49,Chlorhexidine (diacetate)__5__uM,False,,Chlorhexidine (diacetate),5.0,uM,2235,3539193.0
plate6,0,smp_2027,23,CVCL_0023,0,Ciclopirox__5__uM,False,,Ciclopirox,5.0,uM,1581,2900081.0
plate6,0,smp_2027,23,CVCL_0028,1,Ciclopirox__5__uM,False,,Ciclopirox,5.0,uM,461,637406.0
plate6,0,smp_2027,23,CVCL_0069,2,Ciclopirox__5__uM,False,,Ciclopirox,5.0,uM,877,1730314.0
plate6,0,smp_2027,23,CVCL_0099,3,Ciclopirox__5__uM,False,,Ciclopirox,5.0,uM,481,753232.0
plate6,0,smp_2027,23,CVCL_0131,4,Ciclopirox__5__uM,False,,Ciclopirox,5.0,uM,1528,3649744.0
plate6,0,smp_2027,23,CVCL_0152,5,Ciclopirox__5__uM,False,,Ciclopirox,5.0,uM,1350,2497118.0
plate6,0,smp_2027,23,CVCL_0179,6,Ciclopirox__5__uM,False,,Ciclopirox,5.0,uM,793,1962372.0
plate6,0,smp_2027,23,CVCL_0218,7,Ciclopirox__5__uM,False,,Ciclopirox,5.0,uM,715,1063726.0
plate6,0,smp_2027,23,CVCL_0292,8,Ciclopirox__5__uM,False,,Ciclopirox,5.0,uM,594,788041.0
plate6,0,smp_2027,23,CVCL_0293,9,Ciclopirox__5__uM,False,,Ciclopirox,5.0,uM,1354,3713065.0
plate6,0,smp_2027,23,CVCL_0320,10,Ciclopirox__5__uM,False,,Ciclopirox,5.0,uM,1097,2409790.0
plate6,0,smp_2027,23,CVCL_0332,11,Ciclopirox__5__uM,False,,Ciclopirox,5.0,uM,779,1765891.0
plate6,0,smp_2027,23,CVCL_0334,12,Ciclopirox__5__uM,False,,Ciclopirox,5.0,uM,592,1014609.0
plate6,0,smp_2027,23,CVCL_0359,13,Ciclopirox__5__uM,False,,Ciclopirox,5.0,uM,1499,3229210.0
plate6,0,smp_2027,23,CVCL_0366,14,Ciclopirox__5__uM,False,,Ciclopirox,5.0,uM,848,2198041.0
plate6,0,smp_2027,23,CVCL_0371,15,Ciclopirox__5__uM,False,,Ciclopirox,5.0,uM,1171,2574104.0
plate6,0,smp_2027,23,CVCL_0397,16,Ciclopirox__5__uM,False,,Ciclopirox,5.0,uM,712,1812060.0
plate6,0,smp_2027,23,CVCL_0399,17,Ciclopirox__5__uM,False,,Ciclopirox,5.0,uM,1572,3637535.0
plate6,0,smp_2027,23,CVCL_0428,18,Ciclopirox__5__uM,False,,Ciclopirox,5.0,uM,812,1596619.0
plate6,0,smp_2027,23,CVCL_0459,19,Ciclopirox__5__uM,False,,Ciclopirox,5.0,uM,2151,3249886.0
plate6,0,smp_2027,23,CVCL_0480,20,Ciclopirox__5__uM,False,,Ciclopirox,5.0,uM,1691,4531914.0
plate6,0,smp_2027,23,CVCL_0504,21,Ciclopirox__5__uM,False,,Ciclopirox,5.0,uM,1366,2059669.0
plate6,0,smp_2027,23,CVCL_0546,22,Ciclopirox__5__uM,False,,Ciclopirox,5.0,uM,2814,5088635.0
plate6,0,smp_2027,23,CVCL_1055,23,Ciclopirox__5__uM,False,,Ciclopirox,5.0,uM,1115,3746312.0
plate6,0,smp_2027,23,CVCL_1056,24,Ciclopirox__5__uM,False,,Ciclopirox,5.0,uM,1257,3825843.0
plate6,0,smp_2027,23,CVCL_1094,25,Ciclopirox__5__uM,False,,Ciclopirox,5.0,uM,1030,1668125.0
plate6,0,smp_2027,23,CVCL_1097,26,Ciclopirox__5__uM,False,,Ciclopirox,5.0,uM,1092,1824223.0
plate6,0,smp_2027,23,CVCL_1098,27,Ciclopirox__5__uM,False,,Ciclopirox,5.0,uM,885,1316378.0
plate6,0,smp_2027,23,CVCL_1119,28,Ciclopirox__5__uM,False,,Ciclopirox,5.0,uM,1184,2661790.0
plate6,0,smp_2027,23,CVCL_1125,29,Ciclopirox__5__uM,False,,Ciclopirox,5.0,uM,228,317786.0
plate6,0,smp_2027,23,CVCL_1239,30,Ciclopirox__5__uM,False,,Ciclopirox,5.0,uM,378,585230.0
plate6,0,smp_2027,23,CVCL_1285,31,Ciclopirox__5__uM,False,,Ciclopirox,5.0,uM,1566,2924632.0
plate6,0,smp_2027,23,CVCL_1381,32,Ciclopirox__5__uM,False,,Ciclopirox,5.0,uM,1297,2534787.0
plate6,0,smp_2027,23,CVCL_1478,33,Ciclopirox__5__uM,False,,Ciclopirox,5.0,uM,1091,2902678.0
plate6,0,smp_2027,23,CVCL_1495,34,Ciclopirox__5__uM,False,,Ciclopirox,5.0,uM,914,1818134.0
plate6,0,smp_2027,23,CVCL_1517,35,Ciclopirox__5__uM,False,,Ciclopirox,5.0,uM,1124,3413776.0
plate6,0,smp_2027,23,CVCL_1531,36,Ciclopirox__5__uM,False,,Ciclopirox,5.0,uM,13,15607.0
plate6,0,smp_2027,23,CVCL_1547,37,Ciclopirox__5__uM,False,,Ciclopirox,5.0,uM,1189,2488968.0
plate6,0,smp_2027,23,CVCL_1550,38,Ciclopirox__5__uM,False,,Ciclopirox,5.0,uM,1422,4975837.0
plate6,0,smp_2027,23,CVCL_1571,39,Ciclopirox__5__uM,False,,Ciclopirox,5.0,uM,11,11579.0
plate6,0,smp_2027,23,CVCL_1577,40,Ciclopirox__5__uM,False,,Ciclopirox,5.0,uM,63,217641.0
plate6,0,smp_2027,23,CVCL_1635,41,Ciclopirox__5__uM,False,,Ciclopirox,5.0,uM,875,1836108.0
plate6,0,smp_2027,23,CVCL_1666,42,Ciclopirox__5__uM,False,,Ciclopirox,5.0,uM,782,1174394.0
plate6,0,smp_2027,23,CVCL_1693,43,Ciclopirox__5__uM,False,,Ciclopirox,5.0,uM,877,1306263.0
plate6,0,smp_2027,23,CVCL_1715,44,Ciclopirox__5__uM,False,,Ciclopirox,5.0,uM,68,99158.0
plate6,0,smp_2027,23,CVCL_1716,45,Ciclopirox__5__uM,False,,Ciclopirox,5.0,uM,113,158795.0
plate6,0,smp_2027,23,CVCL_1717,46,Ciclopirox__5__uM,False,,Ciclopirox,5.0,uM,1073,2766617.0
plate6,0,smp_2027,23,CVCL_1724,47,Ciclopirox__5__uM,False,,Ciclopirox,5.0,uM,442,735222.0
plate6,0,smp_2027,23,CVCL_1731,48,Ciclopirox__5__uM,False,,Ciclopirox,5.0,uM,725,1312678.0
plate6,0,smp_2027,23,CVCL_C466,49,Ciclopirox__5__uM,False,,Ciclopirox,5.0,uM,725,997246.0
plate6,0,smp_2067,24,CVCL_0023,0,Clonidine (hydrochloride)__5__uM,False,,Clonidine (hydrochloride),5.0,uM,4792,16068429.0
plate6,0,smp_2067,24,CVCL_0028,1,Clonidine (hydrochloride)__5__uM,False,,Clonidine (hydrochloride),5.0,uM,1542,3557235.0
plate6,0,smp_2067,24,CVCL_0069,2,Clonidine (hydrochloride)__5__uM,False,,Clonidine (hydrochloride),5.0,uM,2871,11476692.0
plate6,0,smp_2067,24,CVCL_0099,3,Clonidine (hydrochloride)__5__uM,False,,Clonidine (hydrochloride),5.0,uM,1623,4865808.0
plate6,0,smp_2067,24,CVCL_0131,4,Clonidine (hydrochloride)__5__uM,False,,Clonidine (hydrochloride),5.0,uM,4886,23092794.0
plate6,0,smp_2067,24,CVCL_0152,5,Clonidine (hydrochloride)__5__uM,False,,Clonidine (hydrochloride),5.0,uM,4904,14359570.0
plate6,0,smp_2067,24,CVCL_0179,6,Clonidine (hydrochloride)__5__uM,False,,Clonidine (hydrochloride),5.0,uM,2769,13665919.0
plate6,0,smp_2067,24,CVCL_0218,7,Clonidine (hydrochloride)__5__uM,False,,Clonidine (hydrochloride),5.0,uM,2309,6791845.0
plate6,0,smp_2067,24,CVCL_0292,8,Clonidine (hydrochloride)__5__uM,False,,Clonidine (hydrochloride),5.0,uM,2804,6729542.0
plate6,0,smp_2067,24,CVCL_0293,9,Clonidine (hydrochloride)__5__uM,False,,Clonidine (hydrochloride),5.0,uM,3783,19614837.0
plate6,0,smp_2067,24,CVCL_0320,10,Clonidine (hydrochloride)__5__uM,False,,Clonidine (hydrochloride),5.0,uM,3705,15237357.0
plate6,0,smp_2067,24,CVCL_0332,11,Clonidine (hydrochloride)__5__uM,False,,Clonidine (hydrochloride),5.0,uM,2536,11921940.0
plate6,0,smp_2067,24,CVCL_0334,12,Clonidine (hydrochloride)__5__uM,False,,Clonidine (hydrochloride),5.0,uM,1996,6298732.0
plate6,0,smp_2067,24,CVCL_0359,13,Clonidine (hydrochloride)__5__uM,False,,Clonidine (hydrochloride),5.0,uM,4476,19845885.0
plate6,0,smp_2067,24,CVCL_0366,14,Clonidine (hydrochloride)__5__uM,False,,Clonidine (hydrochloride),5.0,uM,2887,15034945.0
plate6,0,smp_2067,24,CVCL_0371,15,Clonidine (hydrochloride)__5__uM,False,,Clonidine (hydrochloride),5.0,uM,3697,14460081.0
plate6,0,smp_2067,24,CVCL_0397,16,Clonidine (hydrochloride)__5__uM,False,,Clonidine (hydrochloride),5.0,uM,2614,12765327.0
plate6,0,smp_2067,24,CVCL_0399,17,Clonidine (hydrochloride)__5__uM,False,,Clonidine (hydrochloride),5.0,uM,5501,21657594.0
plate6,0,smp_2067,24,CVCL_0428,18,Clonidine (hydrochloride)__5__uM,False,,Clonidine (hydrochloride),5.0,uM,2198,9148951.0
plate6,0,smp_2067,24,CVCL_0459,19,Clonidine (hydrochloride)__5__uM,False,,Clonidine (hydrochloride),5.0,uM,8803,27005543.0
plate6,0,smp_2067,24,CVCL_0480,20,Clonidine (hydrochloride)__5__uM,False,,Clonidine (hydrochloride),5.0,uM,5173,27729543.0
plate6,0,smp_2067,24,CVCL_0504,21,Clonidine (hydrochloride)__5__uM,False,,Clonidine (hydrochloride),5.0,uM,4294,12420828.0
plate6,0,smp_2067,24,CVCL_0546,22,Clonidine (hydrochloride)__5__uM,False,,Clonidine (hydrochloride),5.0,uM,10363,32813521.0
plate6,0,smp_2067,24,CVCL_1055,23,Clonidine (hydrochloride)__5__uM,False,,Clonidine (hydrochloride),5.0,uM,2405,15991532.0
plate6,0,smp_2067,24,CVCL_1056,24,Clonidine (hydrochloride)__5__uM,False,,Clonidine (hydrochloride),5.0,uM,4484,26224053.0
plate6,0,smp_2067,24,CVCL_1094,25,Clonidine (hydrochloride)__5__uM,False,,Clonidine (hydrochloride),5.0,uM,2602,8185995.0
plate6,0,smp_2067,24,CVCL_1097,26,Clonidine (hydrochloride)__5__uM,False,,Clonidine (hydrochloride),5.0,uM,4353,13918134.0
plate6,0,smp_2067,24,CVCL_1098,27,Clonidine (hydrochloride)__5__uM,False,,Clonidine (hydrochloride),5.0,uM,3479,10753552.0
plate6,0,smp_2067,24,CVCL_1119,28,Clonidine (hydrochloride)__5__uM,False,,Clonidine (hydrochloride),5.0,uM,2737,12300397.0
plate6,0,smp_2067,24,CVCL_1125,29,Clonidine (hydrochloride)__5__uM,False,,Clonidine (hydrochloride),5.0,uM,779,1877162.0
plate6,0,smp_2067,24,CVCL_1239,30,Clonidine (hydrochloride)__5__uM,False,,Clonidine (hydrochloride),5.0,uM,1595,5273412.0
plate6,0,smp_2067,24,CVCL_1285,31,Clonidine (hydrochloride)__5__uM,False,,Clonidine (hydrochloride),5.0,uM,5355,19572188.0
plate6,0,smp_2067,24,CVCL_1381,32,Clonidine (hydrochloride)__5__uM,False,,Clonidine (hydrochloride),5.0,uM,3611,14893757.0
plate6,0,smp_2067,24,CVCL_1478,33,Clonidine (hydrochloride)__5__uM,False,,Clonidine (hydrochloride),5.0,uM,3943,16160008.0
plate6,0,smp_2067,24,CVCL_1495,34,Clonidine (hydrochloride)__5__uM,False,,Clonidine (hydrochloride),5.0,uM,2756,10976444.0
plate6,0,smp_2067,24,CVCL_1517,35,Clonidine (hydrochloride)__5__uM,False,,Clonidine (hydrochloride),5.0,uM,3777,23807799.0
plate6,0,smp_2067,24,CVCL_1531,36,Clonidine (hydrochloride)__5__uM,False,,Clonidine (hydrochloride),5.0,uM,27,61573.0
plate6,0,smp_2067,24,CVCL_1547,37,Clonidine (hydrochloride)__5__uM,False,,Clonidine (hydrochloride),5.0,uM,3108,13860793.0
plate6,0,smp_2067,24,CVCL_1550,38,Clonidine (hydrochloride)__5__uM,False,,Clonidine (hydrochloride),5.0,uM,2752,17932018.0
plate6,0,smp_2067,24,CVCL_1571,39,Clonidine (hydrochloride)__5__uM,False,,Clonidine (hydrochloride),5.0,uM,4,4418.0
plate6,0,smp_2067,24,CVCL_1577,40,Clonidine (hydrochloride)__5__uM,False,,Clonidine (hydrochloride),5.0,uM,189,1401079.0
plate6,0,smp_2067,24,CVCL_1635,41,Clonidine (hydrochloride)__5__uM,False,,Clonidine (hydrochloride),5.0,uM,2189,9560690.0
plate6,0,smp_2067,24,CVCL_1666,42,Clonidine (hydrochloride)__5__uM,False,,Clonidine (hydrochloride),5.0,uM,2835,7581114.0
plate6,0,smp_2067,24,CVCL_1693,43,Clonidine (hydrochloride)__5__uM,False,,Clonidine (hydrochloride),5.0,uM,2687,7228307.0
plate6,0,smp_2067,24,CVCL_1715,44,Clonidine (hydrochloride)__5__uM,False,,Clonidine (hydrochloride),5.0,uM,364,1065248.0
plate6,0,smp_2067,24,CVCL_1716,45,Clonidine (hydrochloride)__5__uM,False,,Clonidine (hydrochloride),5.0,uM,508,1336396.0
plate6,0,smp_2067,24,CVCL_1717,46,Clonidine (hydrochloride)__5__uM,False,,Clonidine (hydrochloride),5.0,uM,3051,14542549.0
plate6,0,smp_2067,24,CVCL_1724,47,Clonidine (hydrochloride)__5__uM,False,,Clonidine (hydrochloride),5.0,uM,1941,6955400.0
plate6,0,smp_2067,24,CVCL_1731,48,Clonidine (hydrochloride)__5__uM,False,,Clonidine (hydrochloride),5.0,uM,2732,9273664.0
plate6,0,smp_2067,24,CVCL_C466,49,Clonidine (hydrochloride)__5__uM,False,,Clonidine (hydrochloride),5.0,uM,3917,9537646.0
plate6,0,smp_1988,25,CVCL_0023,0,Clotrimazole__5__uM,False,,Clotrimazole,5.0,uM,1733,4350644.0
plate6,0,smp_1988,25,CVCL_0028,1,Clotrimazole__5__uM,False,,Clotrimazole,5.0,uM,547,937745.0
plate6,0,smp_1988,25,CVCL_0069,2,Clotrimazole__5__uM,False,,Clotrimazole,5.0,uM,951,2698242.0
plate6,0,smp_1988,25,CVCL_0099,3,Clotrimazole__5__uM,False,,Clotrimazole,5.0,uM,591,1194708.0
plate6,0,smp_1988,25,CVCL_0131,4,Clotrimazole__5__uM,False,,Clotrimazole,5.0,uM,1312,4739250.0
plate6,0,smp_1988,25,CVCL_0152,5,Clotrimazole__5__uM,False,,Clotrimazole,5.0,uM,1869,3901793.0
plate6,0,smp_1988,25,CVCL_0179,6,Clotrimazole__5__uM,False,,Clotrimazole,5.0,uM,744,2582034.0
plate6,0,smp_1988,25,CVCL_0218,7,Clotrimazole__5__uM,False,,Clotrimazole,5.0,uM,1036,2193451.0
plate6,0,smp_1988,25,CVCL_0292,8,Clotrimazole__5__uM,False,,Clotrimazole,5.0,uM,1047,1706316.0
plate6,0,smp_1988,25,CVCL_0293,9,Clotrimazole__5__uM,False,,Clotrimazole,5.0,uM,1610,5370404.0
plate6,0,smp_1988,25,CVCL_0320,10,Clotrimazole__5__uM,False,,Clotrimazole,5.0,uM,1271,3808884.0
plate6,0,smp_1988,25,CVCL_0332,11,Clotrimazole__5__uM,False,,Clotrimazole,5.0,uM,773,2618423.0
plate6,0,smp_1988,25,CVCL_0334,12,Clotrimazole__5__uM,False,,Clotrimazole,5.0,uM,669,1540519.0
plate6,0,smp_1988,25,CVCL_0359,13,Clotrimazole__5__uM,False,,Clotrimazole,5.0,uM,1478,4915845.0
plate6,0,smp_1988,25,CVCL_0366,14,Clotrimazole__5__uM,False,,Clotrimazole,5.0,uM,868,3397291.0
plate6,0,smp_1988,25,CVCL_0371,15,Clotrimazole__5__uM,False,,Clotrimazole,5.0,uM,1245,3435402.0
plate6,0,smp_1988,25,CVCL_0397,16,Clotrimazole__5__uM,False,,Clotrimazole,5.0,uM,950,3031351.0
plate6,0,smp_1988,25,CVCL_0399,17,Clotrimazole__5__uM,False,,Clotrimazole,5.0,uM,2108,5660174.0
plate6,0,smp_1988,25,CVCL_0428,18,Clotrimazole__5__uM,False,,Clotrimazole,5.0,uM,652,1953562.0
plate6,0,smp_1988,25,CVCL_0459,19,Clotrimazole__5__uM,False,,Clotrimazole,5.0,uM,3107,6726101.0
plate6,0,smp_1988,25,CVCL_0480,20,Clotrimazole__5__uM,False,,Clotrimazole,5.0,uM,1602,6144345.0
plate6,0,smp_1988,25,CVCL_0504,21,Clotrimazole__5__uM,False,,Clotrimazole,5.0,uM,1557,3175326.0
plate6,0,smp_1988,25,CVCL_0546,22,Clotrimazole__5__uM,False,,Clotrimazole,5.0,uM,3605,8052327.0
plate6,0,smp_1988,25,CVCL_1055,23,Clotrimazole__5__uM,False,,Clotrimazole,5.0,uM,756,3465576.0
plate6,0,smp_1988,25,CVCL_1056,24,Clotrimazole__5__uM,False,,Clotrimazole,5.0,uM,1318,6122527.0
plate6,0,smp_1988,25,CVCL_1094,25,Clotrimazole__5__uM,False,,Clotrimazole,5.0,uM,1110,2389204.0
plate6,0,smp_1988,25,CVCL_1097,26,Clotrimazole__5__uM,False,,Clotrimazole,5.0,uM,1313,2947237.0
plate6,0,smp_1988,25,CVCL_1098,27,Clotrimazole__5__uM,False,,Clotrimazole,5.0,uM,1122,2353618.0
plate6,0,smp_1988,25,CVCL_1119,28,Clotrimazole__5__uM,False,,Clotrimazole,5.0,uM,1130,3387153.0
plate6,0,smp_1988,25,CVCL_1125,29,Clotrimazole__5__uM,False,,Clotrimazole,5.0,uM,233,392743.0
plate6,0,smp_1988,25,CVCL_1239,30,Clotrimazole__5__uM,False,,Clotrimazole,5.0,uM,461,1094529.0
plate6,0,smp_1988,25,CVCL_1285,31,Clotrimazole__5__uM,False,,Clotrimazole,5.0,uM,1735,4911895.0
plate6,0,smp_1988,25,CVCL_1381,32,Clotrimazole__5__uM,False,,Clotrimazole,5.0,uM,1273,3644523.0
plate6,0,smp_1988,25,CVCL_1478,33,Clotrimazole__5__uM,False,,Clotrimazole,5.0,uM,1219,3554278.0
plate6,0,smp_1988,25,CVCL_1495,34,Clotrimazole__5__uM,False,,Clotrimazole,5.0,uM,961,2784282.0
plate6,0,smp_1988,25,CVCL_1517,35,Clotrimazole__5__uM,False,,Clotrimazole,5.0,uM,1234,5650151.0
plate6,0,smp_1988,25,CVCL_1531,36,Clotrimazole__5__uM,False,,Clotrimazole,5.0,uM,17,21297.0
plate6,0,smp_1988,25,CVCL_1547,37,Clotrimazole__5__uM,False,,Clotrimazole,5.0,uM,1156,3449866.0
plate6,0,smp_1988,25,CVCL_1550,38,Clotrimazole__5__uM,False,,Clotrimazole,5.0,uM,1339,6508776.0
plate6,0,smp_1988,25,CVCL_1571,39,Clotrimazole__5__uM,False,,Clotrimazole,5.0,uM,7,6970.0
plate6,0,smp_1988,25,CVCL_1577,40,Clotrimazole__5__uM,False,,Clotrimazole,5.0,uM,64,281893.0
plate6,0,smp_1988,25,CVCL_1635,41,Clotrimazole__5__uM,False,,Clotrimazole,5.0,uM,930,2756146.0
plate6,0,smp_1988,25,CVCL_1666,42,Clotrimazole__5__uM,False,,Clotrimazole,5.0,uM,1093,2252372.0
plate6,0,smp_1988,25,CVCL_1693,43,Clotrimazole__5__uM,False,,Clotrimazole,5.0,uM,962,1846008.0
plate6,0,smp_1988,25,CVCL_1715,44,Clotrimazole__5__uM,False,,Clotrimazole,5.0,uM,106,227442.0
plate6,0,smp_1988,25,CVCL_1716,45,Clotrimazole__5__uM,False,,Clotrimazole,5.0,uM,154,295344.0
plate6,0,smp_1988,25,CVCL_1717,46,Clotrimazole__5__uM,False,,Clotrimazole,5.0,uM,1108,3719289.0
plate6,0,smp_1988,25,CVCL_1724,47,Clotrimazole__5__uM,False,,Clotrimazole,5.0,uM,672,1551131.0
plate6,0,smp_1988,25,CVCL_1731,48,Clotrimazole__5__uM,False,,Clotrimazole,5.0,uM,914,2196310.0
plate6,0,smp_1988,25,CVCL_C466,49,Clotrimazole__5__uM,False,,Clotrimazole,5.0,uM,1420,2632783.0
plate6,0,smp_2057,26,CVCL_0023,0,Cloxacillin (sodium)__5__uM,False,,Cloxacillin (sodium),5.0,uM,3095,7565463.0
plate6,0,smp_2057,26,CVCL_0028,1,Cloxacillin (sodium)__5__uM,False,,Cloxacillin (sodium),5.0,uM,1109,1909329.0
plate6,0,smp_2057,26,CVCL_0069,2,Cloxacillin (sodium)__5__uM,False,,Cloxacillin (sodium),5.0,uM,1783,5083518.0
plate6,0,smp_2057,26,CVCL_0099,3,Cloxacillin (sodium)__5__uM,False,,Cloxacillin (sodium),5.0,uM,1093,2167040.0
plate6,0,smp_2057,26,CVCL_0131,4,Cloxacillin (sodium)__5__uM,False,,Cloxacillin (sodium),5.0,uM,2963,10203215.0
plate6,0,smp_2057,26,CVCL_0152,5,Cloxacillin (sodium)__5__uM,False,,Cloxacillin (sodium),5.0,uM,3244,7512520.0
plate6,0,smp_2057,26,CVCL_0179,6,Cloxacillin (sodium)__5__uM,False,,Cloxacillin (sodium),5.0,uM,1737,5760624.0
plate6,0,smp_2057,26,CVCL_0218,7,Cloxacillin (sodium)__5__uM,False,,Cloxacillin (sodium),5.0,uM,1531,3137731.0
plate6,0,smp_2057,26,CVCL_0292,8,Cloxacillin (sodium)__5__uM,False,,Cloxacillin (sodium),5.0,uM,1680,2961385.0
plate6,0,smp_2057,26,CVCL_0293,9,Cloxacillin (sodium)__5__uM,False,,Cloxacillin (sodium),5.0,uM,2656,9741724.0
plate6,0,smp_2057,26,CVCL_0320,10,Cloxacillin (sodium)__5__uM,False,,Cloxacillin (sodium),5.0,uM,1960,6104082.0
plate6,0,smp_2057,26,CVCL_0332,11,Cloxacillin (sodium)__5__uM,False,,Cloxacillin (sodium),5.0,uM,1588,5353686.0
plate6,0,smp_2057,26,CVCL_0334,12,Cloxacillin (sodium)__5__uM,False,,Cloxacillin (sodium),5.0,uM,1284,3091842.0
plate6,0,smp_2057,26,CVCL_0359,13,Cloxacillin (sodium)__5__uM,False,,Cloxacillin (sodium),5.0,uM,3133,9809288.0
plate6,0,smp_2057,26,CVCL_0366,14,Cloxacillin (sodium)__5__uM,False,,Cloxacillin (sodium),5.0,uM,1772,6761999.0
plate6,0,smp_2057,26,CVCL_0371,15,Cloxacillin (sodium)__5__uM,False,,Cloxacillin (sodium),5.0,uM,2264,6524671.0
plate6,0,smp_2057,26,CVCL_0397,16,Cloxacillin (sodium)__5__uM,False,,Cloxacillin (sodium),5.0,uM,1467,5175885.0
plate6,0,smp_2057,26,CVCL_0399,17,Cloxacillin (sodium)__5__uM,False,,Cloxacillin (sodium),5.0,uM,3583,10904477.0
plate6,0,smp_2057,26,CVCL_0428,18,Cloxacillin (sodium)__5__uM,False,,Cloxacillin (sodium),5.0,uM,1508,4522841.0
plate6,0,smp_2057,26,CVCL_0459,19,Cloxacillin (sodium)__5__uM,False,,Cloxacillin (sodium),5.0,uM,4998,10491303.0
plate6,0,smp_2057,26,CVCL_0480,20,Cloxacillin (sodium)__5__uM,False,,Cloxacillin (sodium),5.0,uM,3186,12517713.0
plate6,0,smp_2057,26,CVCL_0504,21,Cloxacillin (sodium)__5__uM,False,,Cloxacillin (sodium),5.0,uM,3022,6154044.0
plate6,0,smp_2057,26,CVCL_0546,22,Cloxacillin (sodium)__5__uM,False,,Cloxacillin (sodium),5.0,uM,6107,13662149.0
plate6,0,smp_2057,26,CVCL_1055,23,Cloxacillin (sodium)__5__uM,False,,Cloxacillin (sodium),5.0,uM,1817,8709018.0
plate6,0,smp_2057,26,CVCL_1056,24,Cloxacillin (sodium)__5__uM,False,,Cloxacillin (sodium),5.0,uM,2570,10989376.0
plate6,0,smp_2057,26,CVCL_1094,25,Cloxacillin (sodium)__5__uM,False,,Cloxacillin (sodium),5.0,uM,1925,4300599.0
plate6,0,smp_2057,26,CVCL_1097,26,Cloxacillin (sodium)__5__uM,False,,Cloxacillin (sodium),5.0,uM,2276,5113396.0
plate6,0,smp_2057,26,CVCL_1098,27,Cloxacillin (sodium)__5__uM,False,,Cloxacillin (sodium),5.0,uM,2019,4239803.0
plate6,0,smp_2057,26,CVCL_1119,28,Cloxacillin (sodium)__5__uM,False,,Cloxacillin (sodium),5.0,uM,2176,6989453.0
plate6,0,smp_2057,26,CVCL_1125,29,Cloxacillin (sodium)__5__uM,False,,Cloxacillin (sodium),5.0,uM,521,887579.0
plate6,0,smp_2057,26,CVCL_1239,30,Cloxacillin (sodium)__5__uM,False,,Cloxacillin (sodium),5.0,uM,864,1991323.0
plate6,0,smp_2057,26,CVCL_1285,31,Cloxacillin (sodium)__5__uM,False,,Cloxacillin (sodium),5.0,uM,3364,8823736.0
plate6,0,smp_2057,26,CVCL_1381,32,Cloxacillin (sodium)__5__uM,False,,Cloxacillin (sodium),5.0,uM,2495,7215888.0
plate6,0,smp_2057,26,CVCL_1478,33,Cloxacillin (sodium)__5__uM,False,,Cloxacillin (sodium),5.0,uM,2375,7204476.0
plate6,0,smp_2057,26,CVCL_1495,34,Cloxacillin (sodium)__5__uM,False,,Cloxacillin (sodium),5.0,uM,1845,5240134.0
plate6,0,smp_2057,26,CVCL_1517,35,Cloxacillin (sodium)__5__uM,False,,Cloxacillin (sodium),5.0,uM,2074,9468276.0
plate6,0,smp_2057,26,CVCL_1531,36,Cloxacillin (sodium)__5__uM,False,,Cloxacillin (sodium),5.0,uM,27,39406.0
plate6,0,smp_2057,26,CVCL_1547,37,Cloxacillin (sodium)__5__uM,False,,Cloxacillin (sodium),5.0,uM,2288,7214548.0
plate6,0,smp_2057,26,CVCL_1550,38,Cloxacillin (sodium)__5__uM,False,,Cloxacillin (sodium),5.0,uM,2355,11435390.0
plate6,0,smp_2057,26,CVCL_1571,39,Cloxacillin (sodium)__5__uM,False,,Cloxacillin (sodium),5.0,uM,9,10761.0
plate6,0,smp_2057,26,CVCL_1577,40,Cloxacillin (sodium)__5__uM,False,,Cloxacillin (sodium),5.0,uM,126,666888.0
plate6,0,smp_2057,26,CVCL_1635,41,Cloxacillin (sodium)__5__uM,False,,Cloxacillin (sodium),5.0,uM,1546,4755964.0
plate6,0,smp_2057,26,CVCL_1666,42,Cloxacillin (sodium)__5__uM,False,,Cloxacillin (sodium),5.0,uM,1862,3654689.0
plate6,0,smp_2057,26,CVCL_1693,43,Cloxacillin (sodium)__5__uM,False,,Cloxacillin (sodium),5.0,uM,1754,3365336.0
plate6,0,smp_2057,26,CVCL_1715,44,Cloxacillin (sodium)__5__uM,False,,Cloxacillin (sodium),5.0,uM,138,290188.0
plate6,0,smp_2057,26,CVCL_1716,45,Cloxacillin (sodium)__5__uM,False,,Cloxacillin (sodium),5.0,uM,279,509774.0
plate6,0,smp_2057,26,CVCL_1717,46,Cloxacillin (sodium)__5__uM,False,,Cloxacillin (sodium),5.0,uM,1846,6475915.0
plate6,0,smp_2057,26,CVCL_1724,47,Cloxacillin (sodium)__5__uM,False,,Cloxacillin (sodium),5.0,uM,1002,2363388.0
plate6,0,smp_2057,26,CVCL_1731,48,Cloxacillin (sodium)__5__uM,False,,Cloxacillin (sodium),5.0,uM,1596,3886238.0
plate6,0,smp_2057,26,CVCL_C466,49,Cloxacillin (sodium)__5__uM,False,,Cloxacillin (sodium),5.0,uM,2140,3771474.0
plate6,0,smp_1980,27,CVCL_0023,0,Cysteamine (hydrochloride)__5__uM,False,,Cysteamine (hydrochloride),5.0,uM,3187,7214591.0
plate6,0,smp_1980,27,CVCL_0028,1,Cysteamine (hydrochloride)__5__uM,False,,Cysteamine (hydrochloride),5.0,uM,1018,1736684.0
plate6,0,smp_1980,27,CVCL_0069,2,Cysteamine (hydrochloride)__5__uM,False,,Cysteamine (hydrochloride),5.0,uM,1817,4934261.0
plate6,0,smp_1980,27,CVCL_0099,3,Cysteamine (hydrochloride)__5__uM,False,,Cysteamine (hydrochloride),5.0,uM,1100,2082757.0
plate6,0,smp_1980,27,CVCL_0131,4,Cysteamine (hydrochloride)__5__uM,False,,Cysteamine (hydrochloride),5.0,uM,3163,10268707.0
plate6,0,smp_1980,27,CVCL_0152,5,Cysteamine (hydrochloride)__5__uM,False,,Cysteamine (hydrochloride),5.0,uM,3262,7078836.0
plate6,0,smp_1980,27,CVCL_0179,6,Cysteamine (hydrochloride)__5__uM,False,,Cysteamine (hydrochloride),5.0,uM,1715,6104439.0
plate6,0,smp_1980,27,CVCL_0218,7,Cysteamine (hydrochloride)__5__uM,False,,Cysteamine (hydrochloride),5.0,uM,1587,3117299.0
plate6,0,smp_1980,27,CVCL_0292,8,Cysteamine (hydrochloride)__5__uM,False,,Cysteamine (hydrochloride),5.0,uM,1732,2664766.0
plate6,0,smp_1980,27,CVCL_0293,9,Cysteamine (hydrochloride)__5__uM,False,,Cysteamine (hydrochloride),5.0,uM,3080,10673711.0
plate6,0,smp_1980,27,CVCL_0320,10,Cysteamine (hydrochloride)__5__uM,False,,Cysteamine (hydrochloride),5.0,uM,2352,6741762.0
plate6,0,smp_1980,27,CVCL_0332,11,Cysteamine (hydrochloride)__5__uM,False,,Cysteamine (hydrochloride),5.0,uM,1577,5201021.0
plate6,0,smp_1980,27,CVCL_0334,12,Cysteamine (hydrochloride)__5__uM,False,,Cysteamine (hydrochloride),5.0,uM,1237,2686343.0
plate6,0,smp_1980,27,CVCL_0359,13,Cysteamine (hydrochloride)__5__uM,False,,Cysteamine (hydrochloride),5.0,uM,3062,9338777.0
plate6,0,smp_1980,27,CVCL_0366,14,Cysteamine (hydrochloride)__5__uM,False,,Cysteamine (hydrochloride),5.0,uM,1739,6169429.0
plate6,0,smp_1980,27,CVCL_0371,15,Cysteamine (hydrochloride)__5__uM,False,,Cysteamine (hydrochloride),5.0,uM,2311,6515963.0
plate6,0,smp_1980,27,CVCL_0397,16,Cysteamine (hydrochloride)__5__uM,False,,Cysteamine (hydrochloride),5.0,uM,1731,6113374.0
plate6,0,smp_1980,27,CVCL_0399,17,Cysteamine (hydrochloride)__5__uM,False,,Cysteamine (hydrochloride),5.0,uM,3796,10442854.0
plate6,0,smp_1980,27,CVCL_0428,18,Cysteamine (hydrochloride)__5__uM,False,,Cysteamine (hydrochloride),5.0,uM,1424,4148707.0
plate6,0,smp_1980,27,CVCL_0459,19,Cysteamine (hydrochloride)__5__uM,False,,Cysteamine (hydrochloride),5.0,uM,5386,10668210.0
plate6,0,smp_1980,27,CVCL_0480,20,Cysteamine (hydrochloride)__5__uM,False,,Cysteamine (hydrochloride),5.0,uM,3269,12362394.0
plate6,0,smp_1980,27,CVCL_0504,21,Cysteamine (hydrochloride)__5__uM,False,,Cysteamine (hydrochloride),5.0,uM,2764,5236479.0
plate6,0,smp_1980,27,CVCL_0546,22,Cysteamine (hydrochloride)__5__uM,False,,Cysteamine (hydrochloride),5.0,uM,6188,13610832.0
plate6,0,smp_1980,27,CVCL_1055,23,Cysteamine (hydrochloride)__5__uM,False,,Cysteamine (hydrochloride),5.0,uM,1800,8023727.0
plate6,0,smp_1980,27,CVCL_1056,24,Cysteamine (hydrochloride)__5__uM,False,,Cysteamine (hydrochloride),5.0,uM,2810,12187147.0
plate6,0,smp_1980,27,CVCL_1094,25,Cysteamine (hydrochloride)__5__uM,False,,Cysteamine (hydrochloride),5.0,uM,1780,3668184.0
plate6,0,smp_1980,27,CVCL_1097,26,Cysteamine (hydrochloride)__5__uM,False,,Cysteamine (hydrochloride),5.0,uM,2496,4999546.0
plate6,0,smp_1980,27,CVCL_1098,27,Cysteamine (hydrochloride)__5__uM,False,,Cysteamine (hydrochloride),5.0,uM,2325,4583587.0
plate6,0,smp_1980,27,CVCL_1119,28,Cysteamine (hydrochloride)__5__uM,False,,Cysteamine (hydrochloride),5.0,uM,2107,6377833.0
plate6,0,smp_1980,27,CVCL_1125,29,Cysteamine (hydrochloride)__5__uM,False,,Cysteamine (hydrochloride),5.0,uM,523,799974.0
plate6,0,smp_1980,27,CVCL_1239,30,Cysteamine (hydrochloride)__5__uM,False,,Cysteamine (hydrochloride),5.0,uM,888,2010641.0
plate6,0,smp_1980,27,CVCL_1285,31,Cysteamine (hydrochloride)__5__uM,False,,Cysteamine (hydrochloride),5.0,uM,3361,8449591.0
plate6,0,smp_1980,27,CVCL_1381,32,Cysteamine (hydrochloride)__5__uM,False,,Cysteamine (hydrochloride),5.0,uM,2361,6188621.0
plate6,0,smp_1980,27,CVCL_1478,33,Cysteamine (hydrochloride)__5__uM,False,,Cysteamine (hydrochloride),5.0,uM,2618,7656332.0
plate6,0,smp_1980,27,CVCL_1495,34,Cysteamine (hydrochloride)__5__uM,False,,Cysteamine (hydrochloride),5.0,uM,1774,4627725.0
plate6,0,smp_1980,27,CVCL_1517,35,Cysteamine (hydrochloride)__5__uM,False,,Cysteamine (hydrochloride),5.0,uM,2586,11031857.0
plate6,0,smp_1980,27,CVCL_1531,36,Cysteamine (hydrochloride)__5__uM,False,,Cysteamine (hydrochloride),5.0,uM,31,45355.0
plate6,0,smp_1980,27,CVCL_1547,37,Cysteamine (hydrochloride)__5__uM,False,,Cysteamine (hydrochloride),5.0,uM,2126,6085019.0
plate6,0,smp_1980,27,CVCL_1550,38,Cysteamine (hydrochloride)__5__uM,False,,Cysteamine (hydrochloride),5.0,uM,2266,10792412.0
plate6,0,smp_1980,27,CVCL_1571,39,Cysteamine (hydrochloride)__5__uM,False,,Cysteamine (hydrochloride),5.0,uM,12,11216.0
plate6,0,smp_1980,27,CVCL_1577,40,Cysteamine (hydrochloride)__5__uM,False,,Cysteamine (hydrochloride),5.0,uM,135,697592.0
plate6,0,smp_1980,27,CVCL_1635,41,Cysteamine (hydrochloride)__5__uM,False,,Cysteamine (hydrochloride),5.0,uM,1623,4581993.0
plate6,0,smp_1980,27,CVCL_1666,42,Cysteamine (hydrochloride)__5__uM,False,,Cysteamine (hydrochloride),5.0,uM,1759,3288816.0
plate6,0,smp_1980,27,CVCL_1693,43,Cysteamine (hydrochloride)__5__uM,False,,Cysteamine (hydrochloride),5.0,uM,1766,3362445.0
plate6,0,smp_1980,27,CVCL_1715,44,Cysteamine (hydrochloride)__5__uM,False,,Cysteamine (hydrochloride),5.0,uM,151,294786.0
plate6,0,smp_1980,27,CVCL_1716,45,Cysteamine (hydrochloride)__5__uM,False,,Cysteamine (hydrochloride),5.0,uM,222,398193.0
plate6,0,smp_1980,27,CVCL_1717,46,Cysteamine (hydrochloride)__5__uM,False,,Cysteamine (hydrochloride),5.0,uM,2132,7490399.0
plate6,0,smp_1980,27,CVCL_1724,47,Cysteamine (hydrochloride)__5__uM,False,,Cysteamine (hydrochloride),5.0,uM,1133,2418150.0
plate6,0,smp_1980,27,CVCL_1731,48,Cysteamine (hydrochloride)__5__uM,False,,Cysteamine (hydrochloride),5.0,uM,1636,3824057.0
plate6,0,smp_1980,27,CVCL_C466,49,Cysteamine (hydrochloride)__5__uM,False,,Cysteamine (hydrochloride),5.0,uM,2391,3955830.0
plate6,0,smp_2018,28,CVCL_0023,0,Darinaparsin__5__uM,False,,Darinaparsin,5.0,uM,1116,2846027.0
plate6,0,smp_2018,28,CVCL_0028,1,Darinaparsin__5__uM,False,,Darinaparsin,5.0,uM,449,807157.0
plate6,0,smp_2018,28,CVCL_0069,2,Darinaparsin__5__uM,False,,Darinaparsin,5.0,uM,630,1756803.0
plate6,0,smp_2018,28,CVCL_0099,3,Darinaparsin__5__uM,False,,Darinaparsin,5.0,uM,381,736932.0
plate6,0,smp_2018,28,CVCL_0131,4,Darinaparsin__5__uM,False,,Darinaparsin,5.0,uM,1121,3805640.0
plate6,0,smp_2018,28,CVCL_0152,5,Darinaparsin__5__uM,False,,Darinaparsin,5.0,uM,1392,3422632.0
plate6,0,smp_2018,28,CVCL_0179,6,Darinaparsin__5__uM,False,,Darinaparsin,5.0,uM,636,2272663.0
plate6,0,smp_2018,28,CVCL_0218,7,Darinaparsin__5__uM,False,,Darinaparsin,5.0,uM,668,1432374.0
plate6,0,smp_2018,28,CVCL_0292,8,Darinaparsin__5__uM,False,,Darinaparsin,5.0,uM,818,1399443.0
plate6,0,smp_2018,28,CVCL_0293,9,Darinaparsin__5__uM,False,,Darinaparsin,5.0,uM,1266,3907734.0
plate6,0,smp_2018,28,CVCL_0320,10,Darinaparsin__5__uM,False,,Darinaparsin,5.0,uM,946,2727767.0
plate6,0,smp_2018,28,CVCL_0332,11,Darinaparsin__5__uM,False,,Darinaparsin,5.0,uM,576,2075608.0
plate6,0,smp_2018,28,CVCL_0334,12,Darinaparsin__5__uM,False,,Darinaparsin,5.0,uM,484,1101785.0
plate6,0,smp_2018,28,CVCL_0359,13,Darinaparsin__5__uM,False,,Darinaparsin,5.0,uM,983,3166822.0
plate6,0,smp_2018,28,CVCL_0366,14,Darinaparsin__5__uM,False,,Darinaparsin,5.0,uM,438,1762728.0
plate6,0,smp_2018,28,CVCL_0371,15,Darinaparsin__5__uM,False,,Darinaparsin,5.0,uM,1008,2748078.0
plate6,0,smp_2018,28,CVCL_0397,16,Darinaparsin__5__uM,False,,Darinaparsin,5.0,uM,673,2287544.0
plate6,0,smp_2018,28,CVCL_0399,17,Darinaparsin__5__uM,False,,Darinaparsin,5.0,uM,1464,4225207.0
plate6,0,smp_2018,28,CVCL_0428,18,Darinaparsin__5__uM,False,,Darinaparsin,5.0,uM,625,1979443.0
plate6,0,smp_2018,28,CVCL_0459,19,Darinaparsin__5__uM,False,,Darinaparsin,5.0,uM,1639,3451311.0
plate6,0,smp_2018,28,CVCL_0480,20,Darinaparsin__5__uM,False,,Darinaparsin,5.0,uM,1214,5206311.0
plate6,0,smp_2018,28,CVCL_0504,21,Darinaparsin__5__uM,False,,Darinaparsin,5.0,uM,848,1780389.0
plate6,0,smp_2018,28,CVCL_0546,22,Darinaparsin__5__uM,False,,Darinaparsin,5.0,uM,2310,5820771.0
plate6,0,smp_2018,28,CVCL_1055,23,Darinaparsin__5__uM,False,,Darinaparsin,5.0,uM,720,3493518.0
plate6,0,smp_2018,28,CVCL_1056,24,Darinaparsin__5__uM,False,,Darinaparsin,5.0,uM,792,3550755.0
plate6,0,smp_2018,28,CVCL_1094,25,Darinaparsin__5__uM,False,,Darinaparsin,5.0,uM,815,1756379.0
plate6,0,smp_2018,28,CVCL_1097,26,Darinaparsin__5__uM,False,,Darinaparsin,5.0,uM,885,1866489.0
plate6,0,smp_2018,28,CVCL_1098,27,Darinaparsin__5__uM,False,,Darinaparsin,5.0,uM,705,1436875.0
plate6,0,smp_2018,28,CVCL_1119,28,Darinaparsin__5__uM,False,,Darinaparsin,5.0,uM,1032,3474598.0
plate6,0,smp_2018,28,CVCL_1125,29,Darinaparsin__5__uM,False,,Darinaparsin,5.0,uM,200,328438.0
plate6,0,smp_2018,28,CVCL_1239,30,Darinaparsin__5__uM,False,,Darinaparsin,5.0,uM,242,513560.0
plate6,0,smp_2018,28,CVCL_1285,31,Darinaparsin__5__uM,False,,Darinaparsin,5.0,uM,1101,3054125.0
plate6,0,smp_2018,28,CVCL_1381,32,Darinaparsin__5__uM,False,,Darinaparsin,5.0,uM,841,2402850.0
plate6,0,smp_2018,28,CVCL_1478,33,Darinaparsin__5__uM,False,,Darinaparsin,5.0,uM,1017,3350903.0
plate6,0,smp_2018,28,CVCL_1495,34,Darinaparsin__5__uM,False,,Darinaparsin,5.0,uM,674,1837840.0
plate6,0,smp_2018,28,CVCL_1517,35,Darinaparsin__5__uM,False,,Darinaparsin,5.0,uM,711,3023701.0
plate6,0,smp_2018,28,CVCL_1531,36,Darinaparsin__5__uM,False,,Darinaparsin,5.0,uM,9,13840.0
plate6,0,smp_2018,28,CVCL_1547,37,Darinaparsin__5__uM,False,,Darinaparsin,5.0,uM,542,1755303.0
plate6,0,smp_2018,28,CVCL_1550,38,Darinaparsin__5__uM,False,,Darinaparsin,5.0,uM,1273,5992284.0
plate6,0,smp_2018,28,CVCL_1571,39,Darinaparsin__5__uM,False,,Darinaparsin,5.0,uM,3,2468.0
plate6,0,smp_2018,28,CVCL_1577,40,Darinaparsin__5__uM,False,,Darinaparsin,5.0,uM,47,211748.0
plate6,0,smp_2018,28,CVCL_1635,41,Darinaparsin__5__uM,False,,Darinaparsin,5.0,uM,750,2224243.0
plate6,0,smp_2018,28,CVCL_1666,42,Darinaparsin__5__uM,False,,Darinaparsin,5.0,uM,695,1281474.0
plate6,0,smp_2018,28,CVCL_1693,43,Darinaparsin__5__uM,False,,Darinaparsin,5.0,uM,832,1712079.0
plate6,0,smp_2018,28,CVCL_1715,44,Darinaparsin__5__uM,False,,Darinaparsin,5.0,uM,45,75962.0
plate6,0,smp_2018,28,CVCL_1716,45,Darinaparsin__5__uM,False,,Darinaparsin,5.0,uM,88,156341.0
plate6,0,smp_2018,28,CVCL_1717,46,Darinaparsin__5__uM,False,,Darinaparsin,5.0,uM,902,3054172.0
plate6,0,smp_2018,28,CVCL_1724,47,Darinaparsin__5__uM,False,,Darinaparsin,5.0,uM,514,1032347.0
plate6,0,smp_2018,28,CVCL_1731,48,Darinaparsin__5__uM,False,,Darinaparsin,5.0,uM,629,1461965.0
plate6,0,smp_2018,28,CVCL_C466,49,Darinaparsin__5__uM,False,,Darinaparsin,5.0,uM,702,1131238.0
plate6,0,smp_2029,29,CVCL_0023,0,Demeclocycline__5__uM,False,,Demeclocycline,5.0,uM,1296,3309533.0
plate6,0,smp_2029,29,CVCL_0028,1,Demeclocycline__5__uM,False,,Demeclocycline,5.0,uM,440,787846.0
plate6,0,smp_2029,29,CVCL_0069,2,Demeclocycline__5__uM,False,,Demeclocycline,5.0,uM,670,1936078.0
plate6,0,smp_2029,29,CVCL_0099,3,Demeclocycline__5__uM,False,,Demeclocycline,5.0,uM,506,1054358.0
plate6,0,smp_2029,29,CVCL_0131,4,Demeclocycline__5__uM,False,,Demeclocycline,5.0,uM,1261,4846387.0
plate6,0,smp_2029,29,CVCL_0152,5,Demeclocycline__5__uM,False,,Demeclocycline,5.0,uM,1299,3249168.0
plate6,0,smp_2029,29,CVCL_0179,6,Demeclocycline__5__uM,False,,Demeclocycline,5.0,uM,680,2437515.0
plate6,0,smp_2029,29,CVCL_0218,7,Demeclocycline__5__uM,False,,Demeclocycline,5.0,uM,706,1613505.0
plate6,0,smp_2029,29,CVCL_0292,8,Demeclocycline__5__uM,False,,Demeclocycline,5.0,uM,747,1503599.0
plate6,0,smp_2029,29,CVCL_0293,9,Demeclocycline__5__uM,False,,Demeclocycline,5.0,uM,1085,4463854.0
plate6,0,smp_2029,29,CVCL_0320,10,Demeclocycline__5__uM,False,,Demeclocycline,5.0,uM,882,3240857.0
plate6,0,smp_2029,29,CVCL_0332,11,Demeclocycline__5__uM,False,,Demeclocycline,5.0,uM,662,2556073.0
plate6,0,smp_2029,29,CVCL_0334,12,Demeclocycline__5__uM,False,,Demeclocycline,5.0,uM,585,1430620.0
plate6,0,smp_2029,29,CVCL_0359,13,Demeclocycline__5__uM,False,,Demeclocycline,5.0,uM,1208,4084665.0
plate6,0,smp_2029,29,CVCL_0366,14,Demeclocycline__5__uM,False,,Demeclocycline,5.0,uM,715,2900945.0
plate6,0,smp_2029,29,CVCL_0371,15,Demeclocycline__5__uM,False,,Demeclocycline,5.0,uM,1045,3549196.0
plate6,0,smp_2029,29,CVCL_0397,16,Demeclocycline__5__uM,False,,Demeclocycline,5.0,uM,568,2399276.0
plate6,0,smp_2029,29,CVCL_0399,17,Demeclocycline__5__uM,False,,Demeclocycline,5.0,uM,1385,4598216.0
plate6,0,smp_2029,29,CVCL_0428,18,Demeclocycline__5__uM,False,,Demeclocycline,5.0,uM,589,1824879.0
plate6,0,smp_2029,29,CVCL_0459,19,Demeclocycline__5__uM,False,,Demeclocycline,5.0,uM,2045,4661437.0
plate6,0,smp_2029,29,CVCL_0480,20,Demeclocycline__5__uM,False,,Demeclocycline,5.0,uM,1408,6075775.0
plate6,0,smp_2029,29,CVCL_0504,21,Demeclocycline__5__uM,False,,Demeclocycline,5.0,uM,1047,2242774.0
plate6,0,smp_2029,29,CVCL_0546,22,Demeclocycline__5__uM,False,,Demeclocycline,5.0,uM,2628,6340076.0
plate6,0,smp_2029,29,CVCL_1055,23,Demeclocycline__5__uM,False,,Demeclocycline,5.0,uM,686,3392823.0
plate6,0,smp_2029,29,CVCL_1056,24,Demeclocycline__5__uM,False,,Demeclocycline,5.0,uM,1113,5494254.0
plate6,0,smp_2029,29,CVCL_1094,25,Demeclocycline__5__uM,False,,Demeclocycline,5.0,uM,771,1815071.0
plate6,0,smp_2029,29,CVCL_1097,26,Demeclocycline__5__uM,False,,Demeclocycline,5.0,uM,1185,2985418.0
plate6,0,smp_2029,29,CVCL_1098,27,Demeclocycline__5__uM,False,,Demeclocycline,5.0,uM,954,2087259.0
plate6,0,smp_2029,29,CVCL_1119,28,Demeclocycline__5__uM,False,,Demeclocycline,5.0,uM,867,2838405.0
plate6,0,smp_2029,29,CVCL_1125,29,Demeclocycline__5__uM,False,,Demeclocycline,5.0,uM,184,320436.0
plate6,0,smp_2029,29,CVCL_1239,30,Demeclocycline__5__uM,False,,Demeclocycline,5.0,uM,335,852417.0
plate6,0,smp_2029,29,CVCL_1285,31,Demeclocycline__5__uM,False,,Demeclocycline,5.0,uM,1437,4361113.0
plate6,0,smp_2029,29,CVCL_1381,32,Demeclocycline__5__uM,False,,Demeclocycline,5.0,uM,1045,3167521.0
plate6,0,smp_2029,29,CVCL_1478,33,Demeclocycline__5__uM,False,,Demeclocycline,5.0,uM,922,3260798.0
plate6,0,smp_2029,29,CVCL_1495,34,Demeclocycline__5__uM,False,,Demeclocycline,5.0,uM,723,1999315.0
plate6,0,smp_2029,29,CVCL_1517,35,Demeclocycline__5__uM,False,,Demeclocycline,5.0,uM,930,4714630.0
plate6,0,smp_2029,29,CVCL_1531,36,Demeclocycline__5__uM,False,,Demeclocycline,5.0,uM,12,16463.0
plate6,0,smp_2029,29,CVCL_1547,37,Demeclocycline__5__uM,False,,Demeclocycline,5.0,uM,866,2754078.0
plate6,0,smp_2029,29,CVCL_1550,38,Demeclocycline__5__uM,False,,Demeclocycline,5.0,uM,821,4251936.0
plate6,0,smp_2029,29,CVCL_1571,39,Demeclocycline__5__uM,False,,Demeclocycline,5.0,uM,2,1668.0
plate6,0,smp_2029,29,CVCL_1577,40,Demeclocycline__5__uM,False,,Demeclocycline,5.0,uM,57,307374.0
plate6,0,smp_2029,29,CVCL_1635,41,Demeclocycline__5__uM,False,,Demeclocycline,5.0,uM,599,1990955.0
plate6,0,smp_2029,29,CVCL_1666,42,Demeclocycline__5__uM,False,,Demeclocycline,5.0,uM,784,1705615.0
plate6,0,smp_2029,29,CVCL_1693,43,Demeclocycline__5__uM,False,,Demeclocycline,5.0,uM,702,1418371.0
plate6,0,smp_2029,29,CVCL_1715,44,Demeclocycline__5__uM,False,,Demeclocycline,5.0,uM,79,184128.0
plate6,0,smp_2029,29,CVCL_1716,45,Demeclocycline__5__uM,False,,Demeclocycline,5.0,uM,121,260395.0
plate6,0,smp_2029,29,CVCL_1717,46,Demeclocycline__5__uM,False,,Demeclocycline,5.0,uM,686,2710422.0
plate6,0,smp_2029,29,CVCL_1724,47,Demeclocycline__5__uM,False,,Demeclocycline,5.0,uM,466,1246873.0
plate6,0,smp_2029,29,CVCL_1731,48,Demeclocycline__5__uM,False,,Demeclocycline,5.0,uM,671,1944623.0
plate6,0,smp_2029,29,CVCL_C466,49,Demeclocycline__5__uM,False,,Demeclocycline,5.0,uM,1117,2169008.0
plate6,0,smp_1996,30,CVCL_0023,0,Diammonium Glycyrrhizinate__5__uM,False,,Diammonium Glycyrrhizinate,5.0,uM,2822,6067267.0
plate6,0,smp_1996,30,CVCL_0028,1,Diammonium Glycyrrhizinate__5__uM,False,,Diammonium Glycyrrhizinate,5.0,uM,749,1181676.0
plate6,0,smp_1996,30,CVCL_0069,2,Diammonium Glycyrrhizinate__5__uM,False,,Diammonium Glycyrrhizinate,5.0,uM,1535,3836218.0
plate6,0,smp_1996,30,CVCL_0099,3,Diammonium Glycyrrhizinate__5__uM,False,,Diammonium Glycyrrhizinate,5.0,uM,774,1464687.0
plate6,0,smp_1996,30,CVCL_0131,4,Diammonium Glycyrrhizinate__5__uM,False,,Diammonium Glycyrrhizinate,5.0,uM,2946,9076768.0
plate6,0,smp_1996,30,CVCL_0152,5,Diammonium Glycyrrhizinate__5__uM,False,,Diammonium Glycyrrhizinate,5.0,uM,2849,6558365.0
plate6,0,smp_1996,30,CVCL_0179,6,Diammonium Glycyrrhizinate__5__uM,False,,Diammonium Glycyrrhizinate,5.0,uM,1490,4703733.0
plate6,0,smp_1996,30,CVCL_0218,7,Diammonium Glycyrrhizinate__5__uM,False,,Diammonium Glycyrrhizinate,5.0,uM,1511,2935293.0
plate6,0,smp_1996,30,CVCL_0292,8,Diammonium Glycyrrhizinate__5__uM,False,,Diammonium Glycyrrhizinate,5.0,uM,1250,2050779.0
plate6,0,smp_1996,30,CVCL_0293,9,Diammonium Glycyrrhizinate__5__uM,False,,Diammonium Glycyrrhizinate,5.0,uM,2609,9696268.0
plate6,0,smp_1996,30,CVCL_0320,10,Diammonium Glycyrrhizinate__5__uM,False,,Diammonium Glycyrrhizinate,5.0,uM,2112,5798964.0
plate6,0,smp_1996,30,CVCL_0332,11,Diammonium Glycyrrhizinate__5__uM,False,,Diammonium Glycyrrhizinate,5.0,uM,1568,4955037.0
plate6,0,smp_1996,30,CVCL_0334,12,Diammonium Glycyrrhizinate__5__uM,False,,Diammonium Glycyrrhizinate,5.0,uM,1184,2597311.0
plate6,0,smp_1996,30,CVCL_0359,13,Diammonium Glycyrrhizinate__5__uM,False,,Diammonium Glycyrrhizinate,5.0,uM,2597,7117486.0
plate6,0,smp_1996,30,CVCL_0366,14,Diammonium Glycyrrhizinate__5__uM,False,,Diammonium Glycyrrhizinate,5.0,uM,1776,6026995.0
plate6,0,smp_1996,30,CVCL_0371,15,Diammonium Glycyrrhizinate__5__uM,False,,Diammonium Glycyrrhizinate,5.0,uM,2212,5757649.0
plate6,0,smp_1996,30,CVCL_0397,16,Diammonium Glycyrrhizinate__5__uM,False,,Diammonium Glycyrrhizinate,5.0,uM,1595,5260596.0
plate6,0,smp_1996,30,CVCL_0399,17,Diammonium Glycyrrhizinate__5__uM,False,,Diammonium Glycyrrhizinate,5.0,uM,3167,9309958.0
plate6,0,smp_1996,30,CVCL_0428,18,Diammonium Glycyrrhizinate__5__uM,False,,Diammonium Glycyrrhizinate,5.0,uM,1416,3612574.0
plate6,0,smp_1996,30,CVCL_0459,19,Diammonium Glycyrrhizinate__5__uM,False,,Diammonium Glycyrrhizinate,5.0,uM,4762,9370742.0
plate6,0,smp_1996,30,CVCL_0480,20,Diammonium Glycyrrhizinate__5__uM,False,,Diammonium Glycyrrhizinate,5.0,uM,3539,12994805.0
plate6,0,smp_1996,30,CVCL_0504,21,Diammonium Glycyrrhizinate__5__uM,False,,Diammonium Glycyrrhizinate,5.0,uM,2422,4424800.0
plate6,0,smp_1996,30,CVCL_0546,22,Diammonium Glycyrrhizinate__5__uM,False,,Diammonium Glycyrrhizinate,5.0,uM,5442,12097647.0
plate6,0,smp_1996,30,CVCL_1055,23,Diammonium Glycyrrhizinate__5__uM,False,,Diammonium Glycyrrhizinate,5.0,uM,1525,6389776.0
plate6,0,smp_1996,30,CVCL_1056,24,Diammonium Glycyrrhizinate__5__uM,False,,Diammonium Glycyrrhizinate,5.0,uM,2717,10336776.0
plate6,0,smp_1996,30,CVCL_1094,25,Diammonium Glycyrrhizinate__5__uM,False,,Diammonium Glycyrrhizinate,5.0,uM,1475,2933549.0
plate6,0,smp_1996,30,CVCL_1097,26,Diammonium Glycyrrhizinate__5__uM,False,,Diammonium Glycyrrhizinate,5.0,uM,2326,4759931.0
plate6,0,smp_1996,30,CVCL_1098,27,Diammonium Glycyrrhizinate__5__uM,False,,Diammonium Glycyrrhizinate,5.0,uM,1630,3280512.0
plate6,0,smp_1996,30,CVCL_1119,28,Diammonium Glycyrrhizinate__5__uM,False,,Diammonium Glycyrrhizinate,5.0,uM,1920,5572982.0
plate6,0,smp_1996,30,CVCL_1125,29,Diammonium Glycyrrhizinate__5__uM,False,,Diammonium Glycyrrhizinate,5.0,uM,368,583274.0
plate6,0,smp_1996,30,CVCL_1239,30,Diammonium Glycyrrhizinate__5__uM,False,,Diammonium Glycyrrhizinate,5.0,uM,789,1607059.0
plate6,0,smp_1996,30,CVCL_1285,31,Diammonium Glycyrrhizinate__5__uM,False,,Diammonium Glycyrrhizinate,5.0,uM,3434,8048904.0
plate6,0,smp_1996,30,CVCL_1381,32,Diammonium Glycyrrhizinate__5__uM,False,,Diammonium Glycyrrhizinate,5.0,uM,2231,5622688.0
plate6,0,smp_1996,30,CVCL_1478,33,Diammonium Glycyrrhizinate__5__uM,False,,Diammonium Glycyrrhizinate,5.0,uM,2253,7599834.0
plate6,0,smp_1996,30,CVCL_1495,34,Diammonium Glycyrrhizinate__5__uM,False,,Diammonium Glycyrrhizinate,5.0,uM,1705,4236447.0
plate6,0,smp_1996,30,CVCL_1517,35,Diammonium Glycyrrhizinate__5__uM,False,,Diammonium Glycyrrhizinate,5.0,uM,2405,9484200.0
plate6,0,smp_1996,30,CVCL_1531,36,Diammonium Glycyrrhizinate__5__uM,False,,Diammonium Glycyrrhizinate,5.0,uM,31,44530.0
plate6,0,smp_1996,30,CVCL_1547,37,Diammonium Glycyrrhizinate__5__uM,False,,Diammonium Glycyrrhizinate,5.0,uM,1911,5359700.0
plate6,0,smp_1996,30,CVCL_1550,38,Diammonium Glycyrrhizinate__5__uM,False,,Diammonium Glycyrrhizinate,5.0,uM,2270,9734055.0
plate6,0,smp_1996,30,CVCL_1571,39,Diammonium Glycyrrhizinate__5__uM,False,,Diammonium Glycyrrhizinate,5.0,uM,17,17142.0
plate6,0,smp_1996,30,CVCL_1577,40,Diammonium Glycyrrhizinate__5__uM,False,,Diammonium Glycyrrhizinate,5.0,uM,114,557270.0
plate6,0,smp_1996,30,CVCL_1635,41,Diammonium Glycyrrhizinate__5__uM,False,,Diammonium Glycyrrhizinate,5.0,uM,1446,4038202.0
plate6,0,smp_1996,30,CVCL_1666,42,Diammonium Glycyrrhizinate__5__uM,False,,Diammonium Glycyrrhizinate,5.0,uM,1601,2913767.0
plate6,0,smp_1996,30,CVCL_1693,43,Diammonium Glycyrrhizinate__5__uM,False,,Diammonium Glycyrrhizinate,5.0,uM,1299,2345284.0
plate6,0,smp_1996,30,CVCL_1715,44,Diammonium Glycyrrhizinate__5__uM,False,,Diammonium Glycyrrhizinate,5.0,uM,252,526919.0
plate6,0,smp_1996,30,CVCL_1716,45,Diammonium Glycyrrhizinate__5__uM,False,,Diammonium Glycyrrhizinate,5.0,uM,267,500046.0
plate6,0,smp_1996,30,CVCL_1717,46,Diammonium Glycyrrhizinate__5__uM,False,,Diammonium Glycyrrhizinate,5.0,uM,1897,6196177.0
plate6,0,smp_1996,30,CVCL_1724,47,Diammonium Glycyrrhizinate__5__uM,False,,Diammonium Glycyrrhizinate,5.0,uM,929,2233353.0
plate6,0,smp_1996,30,CVCL_1731,48,Diammonium Glycyrrhizinate__5__uM,False,,Diammonium Glycyrrhizinate,5.0,uM,1575,3447857.0
plate6,0,smp_1996,30,CVCL_C466,49,Diammonium Glycyrrhizinate__5__uM,False,,Diammonium Glycyrrhizinate,5.0,uM,2000,3327863.0
plate6,0,smp_2035,31,CVCL_0023,0,Docetaxel__5__uM,False,,Docetaxel,5.0,uM,1216,3309951.0
plate6,0,smp_2035,31,CVCL_0028,1,Docetaxel__5__uM,False,,Docetaxel,5.0,uM,582,1049176.0
plate6,0,smp_2035,31,CVCL_0069,2,Docetaxel__5__uM,False,,Docetaxel,5.0,uM,722,1913332.0
plate6,0,smp_2035,31,CVCL_0099,3,Docetaxel__5__uM,False,,Docetaxel,5.0,uM,573,1129554.0
plate6,0,smp_2035,31,CVCL_0131,4,Docetaxel__5__uM,False,,Docetaxel,5.0,uM,1098,3912227.0
plate6,0,smp_2035,31,CVCL_0152,5,Docetaxel__5__uM,False,,Docetaxel,5.0,uM,1462,3172582.0
plate6,0,smp_2035,31,CVCL_0179,6,Docetaxel__5__uM,False,,Docetaxel,5.0,uM,812,2645206.0
plate6,0,smp_2035,31,CVCL_0218,7,Docetaxel__5__uM,False,,Docetaxel,5.0,uM,800,1469527.0
plate6,0,smp_2035,31,CVCL_0292,8,Docetaxel__5__uM,False,,Docetaxel,5.0,uM,827,1332302.0
plate6,0,smp_2035,31,CVCL_0293,9,Docetaxel__5__uM,False,,Docetaxel,5.0,uM,1588,4182792.0
plate6,0,smp_2035,31,CVCL_0320,10,Docetaxel__5__uM,False,,Docetaxel,5.0,uM,940,2550971.0
plate6,0,smp_2035,31,CVCL_0332,11,Docetaxel__5__uM,False,,Docetaxel,5.0,uM,653,2316658.0
plate6,0,smp_2035,31,CVCL_0334,12,Docetaxel__5__uM,False,,Docetaxel,5.0,uM,527,1089608.0
plate6,0,smp_2035,31,CVCL_0359,13,Docetaxel__5__uM,False,,Docetaxel,5.0,uM,1146,3901085.0
plate6,0,smp_2035,31,CVCL_0366,14,Docetaxel__5__uM,False,,Docetaxel,5.0,uM,723,2771315.0
plate6,0,smp_2035,31,CVCL_0371,15,Docetaxel__5__uM,False,,Docetaxel,5.0,uM,857,2148321.0
plate6,0,smp_2035,31,CVCL_0397,16,Docetaxel__5__uM,False,,Docetaxel,5.0,uM,710,2182557.0
plate6,0,smp_2035,31,CVCL_0399,17,Docetaxel__5__uM,False,,Docetaxel,5.0,uM,1434,4037759.0
plate6,0,smp_2035,31,CVCL_0428,18,Docetaxel__5__uM,False,,Docetaxel,5.0,uM,617,1753353.0
plate6,0,smp_2035,31,CVCL_0459,19,Docetaxel__5__uM,False,,Docetaxel,5.0,uM,2318,4827463.0
plate6,0,smp_2035,31,CVCL_0480,20,Docetaxel__5__uM,False,,Docetaxel,5.0,uM,1157,4551330.0
plate6,0,smp_2035,31,CVCL_0504,21,Docetaxel__5__uM,False,,Docetaxel,5.0,uM,832,1782974.0
plate6,0,smp_2035,31,CVCL_0546,22,Docetaxel__5__uM,False,,Docetaxel,5.0,uM,2532,6344425.0
plate6,0,smp_2035,31,CVCL_1055,23,Docetaxel__5__uM,False,,Docetaxel,5.0,uM,782,3684813.0
plate6,0,smp_2035,31,CVCL_1056,24,Docetaxel__5__uM,False,,Docetaxel,5.0,uM,1105,4923472.0
plate6,0,smp_2035,31,CVCL_1094,25,Docetaxel__5__uM,False,,Docetaxel,5.0,uM,959,2051860.0
plate6,0,smp_2035,31,CVCL_1097,26,Docetaxel__5__uM,False,,Docetaxel,5.0,uM,870,1991126.0
plate6,0,smp_2035,31,CVCL_1098,27,Docetaxel__5__uM,False,,Docetaxel,5.0,uM,1196,2357963.0
plate6,0,smp_2035,31,CVCL_1119,28,Docetaxel__5__uM,False,,Docetaxel,5.0,uM,1100,3031297.0
plate6,0,smp_2035,31,CVCL_1125,29,Docetaxel__5__uM,False,,Docetaxel,5.0,uM,258,429709.0
plate6,0,smp_2035,31,CVCL_1239,30,Docetaxel__5__uM,False,,Docetaxel,5.0,uM,391,835873.0
plate6,0,smp_2035,31,CVCL_1285,31,Docetaxel__5__uM,False,,Docetaxel,5.0,uM,1315,3707253.0
plate6,0,smp_2035,31,CVCL_1381,32,Docetaxel__5__uM,False,,Docetaxel,5.0,uM,923,2822068.0
plate6,0,smp_2035,31,CVCL_1478,33,Docetaxel__5__uM,False,,Docetaxel,5.0,uM,931,2543743.0
plate6,0,smp_2035,31,CVCL_1495,34,Docetaxel__5__uM,False,,Docetaxel,5.0,uM,768,1861066.0
plate6,0,smp_2035,31,CVCL_1517,35,Docetaxel__5__uM,False,,Docetaxel,5.0,uM,937,3874611.0
plate6,0,smp_2035,31,CVCL_1531,36,Docetaxel__5__uM,False,,Docetaxel,5.0,uM,14,19211.0
plate6,0,smp_2035,31,CVCL_1547,37,Docetaxel__5__uM,False,,Docetaxel,5.0,uM,757,2319853.0
plate6,0,smp_2035,31,CVCL_1550,38,Docetaxel__5__uM,False,,Docetaxel,5.0,uM,1186,5308957.0
plate6,0,smp_2035,31,CVCL_1571,39,Docetaxel__5__uM,False,,Docetaxel,5.0,uM,6,6283.0
plate6,0,smp_2035,31,CVCL_1577,40,Docetaxel__5__uM,False,,Docetaxel,5.0,uM,58,316783.0
plate6,0,smp_2035,31,CVCL_1635,41,Docetaxel__5__uM,False,,Docetaxel,5.0,uM,789,2097007.0
plate6,0,smp_2035,31,CVCL_1666,42,Docetaxel__5__uM,False,,Docetaxel,5.0,uM,792,1495068.0
plate6,0,smp_2035,31,CVCL_1693,43,Docetaxel__5__uM,False,,Docetaxel,5.0,uM,910,1696796.0
plate6,0,smp_2035,31,CVCL_1715,44,Docetaxel__5__uM,False,,Docetaxel,5.0,uM,76,151944.0
plate6,0,smp_2035,31,CVCL_1716,45,Docetaxel__5__uM,False,,Docetaxel,5.0,uM,90,149059.0
plate6,0,smp_2035,31,CVCL_1717,46,Docetaxel__5__uM,False,,Docetaxel,5.0,uM,1000,3230500.0
plate6,0,smp_2035,31,CVCL_1724,47,Docetaxel__5__uM,False,,Docetaxel,5.0,uM,582,1184406.0
plate6,0,smp_2035,31,CVCL_1731,48,Docetaxel__5__uM,False,,Docetaxel,5.0,uM,749,1763801.0
plate6,0,smp_2035,31,CVCL_C466,49,Docetaxel__5__uM,False,,Docetaxel,5.0,uM,1020,1681966.0
plate6,0,smp_2011,32,CVCL_0023,0,Elagolix sodium__5__uM,False,,Elagolix sodium,5.0,uM,2460,4897871.0
plate6,0,smp_2011,32,CVCL_0028,1,Elagolix sodium__5__uM,False,,Elagolix sodium,5.0,uM,747,1134942.0
plate6,0,smp_2011,32,CVCL_0069,2,Elagolix sodium__5__uM,False,,Elagolix sodium,5.0,uM,1331,3132774.0
plate6,0,smp_2011,32,CVCL_0099,3,Elagolix sodium__5__uM,False,,Elagolix sodium,5.0,uM,734,1307104.0
plate6,0,smp_2011,32,CVCL_0131,4,Elagolix sodium__5__uM,False,,Elagolix sodium,5.0,uM,2471,6794658.0
plate6,0,smp_2011,32,CVCL_0152,5,Elagolix sodium__5__uM,False,,Elagolix sodium,5.0,uM,2458,5008475.0
plate6,0,smp_2011,32,CVCL_0179,6,Elagolix sodium__5__uM,False,,Elagolix sodium,5.0,uM,1173,3467998.0
plate6,0,smp_2011,32,CVCL_0218,7,Elagolix sodium__5__uM,False,,Elagolix sodium,5.0,uM,1187,2148604.0
plate6,0,smp_2011,32,CVCL_0292,8,Elagolix sodium__5__uM,False,,Elagolix sodium,5.0,uM,1184,1795078.0
plate6,0,smp_2011,32,CVCL_0293,9,Elagolix sodium__5__uM,False,,Elagolix sodium,5.0,uM,2722,7781806.0
plate6,0,smp_2011,32,CVCL_0320,10,Elagolix sodium__5__uM,False,,Elagolix sodium,5.0,uM,1699,4332230.0
plate6,0,smp_2011,32,CVCL_0332,11,Elagolix sodium__5__uM,False,,Elagolix sodium,5.0,uM,1284,3582690.0
plate6,0,smp_2011,32,CVCL_0334,12,Elagolix sodium__5__uM,False,,Elagolix sodium,5.0,uM,943,1938022.0
plate6,0,smp_2011,32,CVCL_0359,13,Elagolix sodium__5__uM,False,,Elagolix sodium,5.0,uM,2293,5816099.0
plate6,0,smp_2011,32,CVCL_0366,14,Elagolix sodium__5__uM,False,,Elagolix sodium,5.0,uM,1508,4703037.0
plate6,0,smp_2011,32,CVCL_0371,15,Elagolix sodium__5__uM,False,,Elagolix sodium,5.0,uM,1801,4335294.0
plate6,0,smp_2011,32,CVCL_0397,16,Elagolix sodium__5__uM,False,,Elagolix sodium,5.0,uM,1199,3719950.0
plate6,0,smp_2011,32,CVCL_0399,17,Elagolix sodium__5__uM,False,,Elagolix sodium,5.0,uM,2871,7102727.0
plate6,0,smp_2011,32,CVCL_0428,18,Elagolix sodium__5__uM,False,,Elagolix sodium,5.0,uM,1254,3098337.0
plate6,0,smp_2011,32,CVCL_0459,19,Elagolix sodium__5__uM,False,,Elagolix sodium,5.0,uM,3964,7102737.0
plate6,0,smp_2011,32,CVCL_0480,20,Elagolix sodium__5__uM,False,,Elagolix sodium,5.0,uM,2697,8510525.0
plate6,0,smp_2011,32,CVCL_0504,21,Elagolix sodium__5__uM,False,,Elagolix sodium,5.0,uM,2209,3779007.0
plate6,0,smp_2011,32,CVCL_0546,22,Elagolix sodium__5__uM,False,,Elagolix sodium,5.0,uM,4530,9083624.0
plate6,0,smp_2011,32,CVCL_1055,23,Elagolix sodium__5__uM,False,,Elagolix sodium,5.0,uM,1447,5125093.0
plate6,0,smp_2011,32,CVCL_1056,24,Elagolix sodium__5__uM,False,,Elagolix sodium,5.0,uM,2170,7683903.0
plate6,0,smp_2011,32,CVCL_1094,25,Elagolix sodium__5__uM,False,,Elagolix sodium,5.0,uM,1501,2725300.0
plate6,0,smp_2011,32,CVCL_1097,26,Elagolix sodium__5__uM,False,,Elagolix sodium,5.0,uM,1791,3529471.0
plate6,0,smp_2011,32,CVCL_1098,27,Elagolix sodium__5__uM,False,,Elagolix sodium,5.0,uM,1545,2738910.0
plate6,0,smp_2011,32,CVCL_1119,28,Elagolix sodium__5__uM,False,,Elagolix sodium,5.0,uM,1817,4513729.0
plate6,0,smp_2011,32,CVCL_1125,29,Elagolix sodium__5__uM,False,,Elagolix sodium,5.0,uM,350,507214.0
plate6,0,smp_2011,32,CVCL_1239,30,Elagolix sodium__5__uM,False,,Elagolix sodium,5.0,uM,591,1140211.0
plate6,0,smp_2011,32,CVCL_1285,31,Elagolix sodium__5__uM,False,,Elagolix sodium,5.0,uM,2725,6098114.0
plate6,0,smp_2011,32,CVCL_1381,32,Elagolix sodium__5__uM,False,,Elagolix sodium,5.0,uM,1843,4221431.0
plate6,0,smp_2011,32,CVCL_1478,33,Elagolix sodium__5__uM,False,,Elagolix sodium,5.0,uM,2130,5934120.0
plate6,0,smp_2011,32,CVCL_1495,34,Elagolix sodium__5__uM,False,,Elagolix sodium,5.0,uM,1457,3335818.0
plate6,0,smp_2011,32,CVCL_1517,35,Elagolix sodium__5__uM,False,,Elagolix sodium,5.0,uM,1991,6870502.0
plate6,0,smp_2011,32,CVCL_1531,36,Elagolix sodium__5__uM,False,,Elagolix sodium,5.0,uM,26,30504.0
plate6,0,smp_2011,32,CVCL_1547,37,Elagolix sodium__5__uM,False,,Elagolix sodium,5.0,uM,1875,4721735.0
plate6,0,smp_2011,32,CVCL_1550,38,Elagolix sodium__5__uM,False,,Elagolix sodium,5.0,uM,2059,8140965.0
plate6,0,smp_2011,32,CVCL_1571,39,Elagolix sodium__5__uM,False,,Elagolix sodium,5.0,uM,15,14317.0
plate6,0,smp_2011,32,CVCL_1577,40,Elagolix sodium__5__uM,False,,Elagolix sodium,5.0,uM,111,470368.0
plate6,0,smp_2011,32,CVCL_1635,41,Elagolix sodium__5__uM,False,,Elagolix sodium,5.0,uM,1329,3221751.0
plate6,0,smp_2011,32,CVCL_1666,42,Elagolix sodium__5__uM,False,,Elagolix sodium,5.0,uM,1226,2099200.0
plate6,0,smp_2011,32,CVCL_1693,43,Elagolix sodium__5__uM,False,,Elagolix sodium,5.0,uM,1280,2249903.0
plate6,0,smp_2011,32,CVCL_1715,44,Elagolix sodium__5__uM,False,,Elagolix sodium,5.0,uM,153,271405.0
plate6,0,smp_2011,32,CVCL_1716,45,Elagolix sodium__5__uM,False,,Elagolix sodium,5.0,uM,194,317842.0
plate6,0,smp_2011,32,CVCL_1717,46,Elagolix sodium__5__uM,False,,Elagolix sodium,5.0,uM,1752,5241060.0
plate6,0,smp_2011,32,CVCL_1724,47,Elagolix sodium__5__uM,False,,Elagolix sodium,5.0,uM,877,1799941.0
plate6,0,smp_2011,32,CVCL_1731,48,Elagolix sodium__5__uM,False,,Elagolix sodium,5.0,uM,1311,2722087.0
plate6,0,smp_2011,32,CVCL_C466,49,Elagolix sodium__5__uM,False,,Elagolix sodium,5.0,uM,1660,2557408.0
plate6,0,smp_2008,33,CVCL_0023,0,Fluvoxamine (maleate)__5__uM,False,,Fluvoxamine (maleate),5.0,uM,2112,4677465.0
plate6,0,smp_2008,33,CVCL_0028,1,Fluvoxamine (maleate)__5__uM,False,,Fluvoxamine (maleate),5.0,uM,548,903867.0
plate6,0,smp_2008,33,CVCL_0069,2,Fluvoxamine (maleate)__5__uM,False,,Fluvoxamine (maleate),5.0,uM,1057,2531819.0
plate6,0,smp_2008,33,CVCL_0099,3,Fluvoxamine (maleate)__5__uM,False,,Fluvoxamine (maleate),5.0,uM,746,1449475.0
plate6,0,smp_2008,33,CVCL_0131,4,Fluvoxamine (maleate)__5__uM,False,,Fluvoxamine (maleate),5.0,uM,1545,4874779.0
plate6,0,smp_2008,33,CVCL_0152,5,Fluvoxamine (maleate)__5__uM,False,,Fluvoxamine (maleate),5.0,uM,2579,5412383.0
plate6,0,smp_2008,33,CVCL_0179,6,Fluvoxamine (maleate)__5__uM,False,,Fluvoxamine (maleate),5.0,uM,1063,3668453.0
plate6,0,smp_2008,33,CVCL_0218,7,Fluvoxamine (maleate)__5__uM,False,,Fluvoxamine (maleate),5.0,uM,1422,2740402.0
plate6,0,smp_2008,33,CVCL_0292,8,Fluvoxamine (maleate)__5__uM,False,,Fluvoxamine (maleate),5.0,uM,1380,2111168.0
plate6,0,smp_2008,33,CVCL_0293,9,Fluvoxamine (maleate)__5__uM,False,,Fluvoxamine (maleate),5.0,uM,2175,7462003.0
plate6,0,smp_2008,33,CVCL_0320,10,Fluvoxamine (maleate)__5__uM,False,,Fluvoxamine (maleate),5.0,uM,1955,5372499.0
plate6,0,smp_2008,33,CVCL_0332,11,Fluvoxamine (maleate)__5__uM,False,,Fluvoxamine (maleate),5.0,uM,980,3165938.0
plate6,0,smp_2008,33,CVCL_0334,12,Fluvoxamine (maleate)__5__uM,False,,Fluvoxamine (maleate),5.0,uM,904,1977685.0
plate6,0,smp_2008,33,CVCL_0359,13,Fluvoxamine (maleate)__5__uM,False,,Fluvoxamine (maleate),5.0,uM,1377,4177541.0
plate6,0,smp_2008,33,CVCL_0366,14,Fluvoxamine (maleate)__5__uM,False,,Fluvoxamine (maleate),5.0,uM,805,3030203.0
plate6,0,smp_2008,33,CVCL_0371,15,Fluvoxamine (maleate)__5__uM,False,,Fluvoxamine (maleate),5.0,uM,1941,5036132.0
plate6,0,smp_2008,33,CVCL_0397,16,Fluvoxamine (maleate)__5__uM,False,,Fluvoxamine (maleate),5.0,uM,1501,4619959.0
plate6,0,smp_2008,33,CVCL_0399,17,Fluvoxamine (maleate)__5__uM,False,,Fluvoxamine (maleate),5.0,uM,2812,7402177.0
plate6,0,smp_2008,33,CVCL_0428,18,Fluvoxamine (maleate)__5__uM,False,,Fluvoxamine (maleate),5.0,uM,761,2145383.0
plate6,0,smp_2008,33,CVCL_0459,19,Fluvoxamine (maleate)__5__uM,False,,Fluvoxamine (maleate),5.0,uM,4165,8060221.0
plate6,0,smp_2008,33,CVCL_0480,20,Fluvoxamine (maleate)__5__uM,False,,Fluvoxamine (maleate),5.0,uM,1727,6780682.0
plate6,0,smp_2008,33,CVCL_0504,21,Fluvoxamine (maleate)__5__uM,False,,Fluvoxamine (maleate),5.0,uM,1895,3781225.0
plate6,0,smp_2008,33,CVCL_0546,22,Fluvoxamine (maleate)__5__uM,False,,Fluvoxamine (maleate),5.0,uM,4980,10365924.0
plate6,0,smp_2008,33,CVCL_1055,23,Fluvoxamine (maleate)__5__uM,False,,Fluvoxamine (maleate),5.0,uM,938,4228587.0
plate6,0,smp_2008,33,CVCL_1056,24,Fluvoxamine (maleate)__5__uM,False,,Fluvoxamine (maleate),5.0,uM,1441,5936572.0
plate6,0,smp_2008,33,CVCL_1094,25,Fluvoxamine (maleate)__5__uM,False,,Fluvoxamine (maleate),5.0,uM,1279,2627131.0
plate6,0,smp_2008,33,CVCL_1097,26,Fluvoxamine (maleate)__5__uM,False,,Fluvoxamine (maleate),5.0,uM,1867,3708310.0
plate6,0,smp_2008,33,CVCL_1098,27,Fluvoxamine (maleate)__5__uM,False,,Fluvoxamine (maleate),5.0,uM,1318,2719253.0
plate6,0,smp_2008,33,CVCL_1119,28,Fluvoxamine (maleate)__5__uM,False,,Fluvoxamine (maleate),5.0,uM,1503,4536335.0
plate6,0,smp_2008,33,CVCL_1125,29,Fluvoxamine (maleate)__5__uM,False,,Fluvoxamine (maleate),5.0,uM,342,535567.0
plate6,0,smp_2008,33,CVCL_1239,30,Fluvoxamine (maleate)__5__uM,False,,Fluvoxamine (maleate),5.0,uM,646,1328372.0
plate6,0,smp_2008,33,CVCL_1285,31,Fluvoxamine (maleate)__5__uM,False,,Fluvoxamine (maleate),5.0,uM,1865,4520625.0
plate6,0,smp_2008,33,CVCL_1381,32,Fluvoxamine (maleate)__5__uM,False,,Fluvoxamine (maleate),5.0,uM,1650,4439386.0
plate6,0,smp_2008,33,CVCL_1478,33,Fluvoxamine (maleate)__5__uM,False,,Fluvoxamine (maleate),5.0,uM,1789,5574980.0
plate6,0,smp_2008,33,CVCL_1495,34,Fluvoxamine (maleate)__5__uM,False,,Fluvoxamine (maleate),5.0,uM,1209,2992241.0
plate6,0,smp_2008,33,CVCL_1517,35,Fluvoxamine (maleate)__5__uM,False,,Fluvoxamine (maleate),5.0,uM,1663,6639695.0
plate6,0,smp_2008,33,CVCL_1531,36,Fluvoxamine (maleate)__5__uM,False,,Fluvoxamine (maleate),5.0,uM,20,29369.0
plate6,0,smp_2008,33,CVCL_1547,37,Fluvoxamine (maleate)__5__uM,False,,Fluvoxamine (maleate),5.0,uM,1147,3361909.0
plate6,0,smp_2008,33,CVCL_1550,38,Fluvoxamine (maleate)__5__uM,False,,Fluvoxamine (maleate),5.0,uM,1993,9265565.0
plate6,0,smp_2008,33,CVCL_1571,39,Fluvoxamine (maleate)__5__uM,False,,Fluvoxamine (maleate),5.0,uM,7,6939.0
plate6,0,smp_2008,33,CVCL_1577,40,Fluvoxamine (maleate)__5__uM,False,,Fluvoxamine (maleate),5.0,uM,53,276193.0
plate6,0,smp_2008,33,CVCL_1635,41,Fluvoxamine (maleate)__5__uM,False,,Fluvoxamine (maleate),5.0,uM,1349,3997008.0
plate6,0,smp_2008,33,CVCL_1666,42,Fluvoxamine (maleate)__5__uM,False,,Fluvoxamine (maleate),5.0,uM,1479,2730640.0
plate6,0,smp_2008,33,CVCL_1693,43,Fluvoxamine (maleate)__5__uM,False,,Fluvoxamine (maleate),5.0,uM,1122,2051187.0
plate6,0,smp_2008,33,CVCL_1715,44,Fluvoxamine (maleate)__5__uM,False,,Fluvoxamine (maleate),5.0,uM,145,261157.0
plate6,0,smp_2008,33,CVCL_1716,45,Fluvoxamine (maleate)__5__uM,False,,Fluvoxamine (maleate),5.0,uM,160,248996.0
plate6,0,smp_2008,33,CVCL_1717,46,Fluvoxamine (maleate)__5__uM,False,,Fluvoxamine (maleate),5.0,uM,1607,5135631.0
plate6,0,smp_2008,33,CVCL_1724,47,Fluvoxamine (maleate)__5__uM,False,,Fluvoxamine (maleate),5.0,uM,897,1863029.0
plate6,0,smp_2008,33,CVCL_1731,48,Fluvoxamine (maleate)__5__uM,False,,Fluvoxamine (maleate),5.0,uM,1124,2367960.0
plate6,0,smp_2008,33,CVCL_C466,49,Fluvoxamine (maleate)__5__uM,False,,Fluvoxamine (maleate),5.0,uM,1618,2680621.0
plate6,0,smp_2060,34,CVCL_0023,0,Folic acid__5__uM,False,,Folic acid,5.0,uM,3198,10514100.0
plate6,0,smp_2060,34,CVCL_0028,1,Folic acid__5__uM,False,,Folic acid,5.0,uM,1166,2762220.0
plate6,0,smp_2060,34,CVCL_0069,2,Folic acid__5__uM,False,,Folic acid,5.0,uM,1839,7136867.0
plate6,0,smp_2060,34,CVCL_0099,3,Folic acid__5__uM,False,,Folic acid,5.0,uM,1212,3369012.0
plate6,0,smp_2060,34,CVCL_0131,4,Folic acid__5__uM,False,,Folic acid,5.0,uM,3244,15008405.0
plate6,0,smp_2060,34,CVCL_0152,5,Folic acid__5__uM,False,,Folic acid,5.0,uM,3362,9658935.0
plate6,0,smp_2060,34,CVCL_0179,6,Folic acid__5__uM,False,,Folic acid,5.0,uM,1794,8560386.0
plate6,0,smp_2060,34,CVCL_0218,7,Folic acid__5__uM,False,,Folic acid,5.0,uM,1527,4304298.0
plate6,0,smp_2060,34,CVCL_0292,8,Folic acid__5__uM,False,,Folic acid,5.0,uM,2052,4531340.0
plate6,0,smp_2060,34,CVCL_0293,9,Folic acid__5__uM,False,,Folic acid,5.0,uM,3147,13848349.0
plate6,0,smp_2060,34,CVCL_0320,10,Folic acid__5__uM,False,,Folic acid,5.0,uM,2234,8857232.0
plate6,0,smp_2060,34,CVCL_0332,11,Folic acid__5__uM,False,,Folic acid,5.0,uM,1541,6899210.0
plate6,0,smp_2060,34,CVCL_0334,12,Folic acid__5__uM,False,,Folic acid,5.0,uM,1310,3900175.0
plate6,0,smp_2060,34,CVCL_0359,13,Folic acid__5__uM,False,,Folic acid,5.0,uM,3019,12893521.0
plate6,0,smp_2060,34,CVCL_0366,14,Folic acid__5__uM,False,,Folic acid,5.0,uM,1844,9333126.0
plate6,0,smp_2060,34,CVCL_0371,15,Folic acid__5__uM,False,,Folic acid,5.0,uM,2494,9413133.0
plate6,0,smp_2060,34,CVCL_0397,16,Folic acid__5__uM,False,,Folic acid,5.0,uM,1812,8525584.0
plate6,0,smp_2060,34,CVCL_0399,17,Folic acid__5__uM,False,,Folic acid,5.0,uM,3899,13696314.0
plate6,0,smp_2060,34,CVCL_0428,18,Folic acid__5__uM,False,,Folic acid,5.0,uM,1415,5869707.0
plate6,0,smp_2060,34,CVCL_0459,19,Folic acid__5__uM,False,,Folic acid,5.0,uM,6143,18028294.0
plate6,0,smp_2060,34,CVCL_0480,20,Folic acid__5__uM,False,,Folic acid,5.0,uM,3247,16166830.0
plate6,0,smp_2060,34,CVCL_0504,21,Folic acid__5__uM,False,,Folic acid,5.0,uM,3082,8515219.0
plate6,0,smp_2060,34,CVCL_0546,22,Folic acid__5__uM,False,,Folic acid,5.0,uM,6862,21100621.0
plate6,0,smp_2060,34,CVCL_1055,23,Folic acid__5__uM,False,,Folic acid,5.0,uM,1874,11755221.0
plate6,0,smp_2060,34,CVCL_1056,24,Folic acid__5__uM,False,,Folic acid,5.0,uM,2852,16638745.0
plate6,0,smp_2060,34,CVCL_1094,25,Folic acid__5__uM,False,,Folic acid,5.0,uM,1940,5790871.0
plate6,0,smp_2060,34,CVCL_1097,26,Folic acid__5__uM,False,,Folic acid,5.0,uM,2349,7049024.0
plate6,0,smp_2060,34,CVCL_1098,27,Folic acid__5__uM,False,,Folic acid,5.0,uM,2472,6982963.0
plate6,0,smp_2060,34,CVCL_1119,28,Folic acid__5__uM,False,,Folic acid,5.0,uM,2156,8575469.0
plate6,0,smp_2060,34,CVCL_1125,29,Folic acid__5__uM,False,,Folic acid,5.0,uM,633,1424864.0
plate6,0,smp_2060,34,CVCL_1239,30,Folic acid__5__uM,False,,Folic acid,5.0,uM,1008,3217400.0
plate6,0,smp_2060,34,CVCL_1285,31,Folic acid__5__uM,False,,Folic acid,5.0,uM,3484,12381480.0
plate6,0,smp_2060,34,CVCL_1381,32,Folic acid__5__uM,False,,Folic acid,5.0,uM,2455,9577933.0
plate6,0,smp_2060,34,CVCL_1478,33,Folic acid__5__uM,False,,Folic acid,5.0,uM,2306,8563683.0
plate6,0,smp_2060,34,CVCL_1495,34,Folic acid__5__uM,False,,Folic acid,5.0,uM,1900,7415110.0
plate6,0,smp_2060,34,CVCL_1517,35,Folic acid__5__uM,False,,Folic acid,5.0,uM,2369,14433394.0
plate6,0,smp_2060,34,CVCL_1531,36,Folic acid__5__uM,False,,Folic acid,5.0,uM,21,34613.0
plate6,0,smp_2060,34,CVCL_1547,37,Folic acid__5__uM,False,,Folic acid,5.0,uM,2200,8978403.0
plate6,0,smp_2060,34,CVCL_1550,38,Folic acid__5__uM,False,,Folic acid,5.0,uM,2177,13180507.0
plate6,0,smp_2060,34,CVCL_1571,39,Folic acid__5__uM,False,,Folic acid,5.0,uM,5,6403.0
plate6,0,smp_2060,34,CVCL_1577,40,Folic acid__5__uM,False,,Folic acid,5.0,uM,126,864848.0
plate6,0,smp_2060,34,CVCL_1635,41,Folic acid__5__uM,False,,Folic acid,5.0,uM,1604,6567202.0
plate6,0,smp_2060,34,CVCL_1666,42,Folic acid__5__uM,False,,Folic acid,5.0,uM,1837,4767944.0
plate6,0,smp_2060,34,CVCL_1693,43,Folic acid__5__uM,False,,Folic acid,5.0,uM,1918,4977762.0
plate6,0,smp_2060,34,CVCL_1715,44,Folic acid__5__uM,False,,Folic acid,5.0,uM,171,475524.0
plate6,0,smp_2060,34,CVCL_1716,45,Folic acid__5__uM,False,,Folic acid,5.0,uM,224,532225.0
plate6,0,smp_2060,34,CVCL_1717,46,Folic acid__5__uM,False,,Folic acid,5.0,uM,2072,9240798.0
plate6,0,smp_2060,34,CVCL_1724,47,Folic acid__5__uM,False,,Folic acid,5.0,uM,1349,4166551.0
plate6,0,smp_2060,34,CVCL_1731,48,Folic acid__5__uM,False,,Folic acid,5.0,uM,1719,5773343.0
plate6,0,smp_2060,34,CVCL_C466,49,Folic acid__5__uM,False,,Folic acid,5.0,uM,2771,6552500.0
plate6,0,smp_1987,35,CVCL_0023,0,Furosemide__5__uM,False,,Furosemide,5.0,uM,1683,3682200.0
plate6,0,smp_1987,35,CVCL_0028,1,Furosemide__5__uM,False,,Furosemide,5.0,uM,635,984766.0
plate6,0,smp_1987,35,CVCL_0069,2,Furosemide__5__uM,False,,Furosemide,5.0,uM,928,2235836.0
plate6,0,smp_1987,35,CVCL_0099,3,Furosemide__5__uM,False,,Furosemide,5.0,uM,644,1165502.0
plate6,0,smp_1987,35,CVCL_0131,4,Furosemide__5__uM,False,,Furosemide,5.0,uM,1352,4340797.0
plate6,0,smp_1987,35,CVCL_0152,5,Furosemide__5__uM,False,,Furosemide,5.0,uM,1774,3623754.0
plate6,0,smp_1987,35,CVCL_0179,6,Furosemide__5__uM,False,,Furosemide,5.0,uM,813,2630135.0
plate6,0,smp_1987,35,CVCL_0218,7,Furosemide__5__uM,False,,Furosemide,5.0,uM,1100,2047952.0
plate6,0,smp_1987,35,CVCL_0292,8,Furosemide__5__uM,False,,Furosemide,5.0,uM,1031,1584096.0
plate6,0,smp_1987,35,CVCL_0293,9,Furosemide__5__uM,False,,Furosemide,5.0,uM,1667,4799583.0
plate6,0,smp_1987,35,CVCL_0320,10,Furosemide__5__uM,False,,Furosemide,5.0,uM,1269,3327341.0
plate6,0,smp_1987,35,CVCL_0332,11,Furosemide__5__uM,False,,Furosemide,5.0,uM,714,2356312.0
plate6,0,smp_1987,35,CVCL_0334,12,Furosemide__5__uM,False,,Furosemide,5.0,uM,687,1430711.0
plate6,0,smp_1987,35,CVCL_0359,13,Furosemide__5__uM,False,,Furosemide,5.0,uM,1419,4337802.0
plate6,0,smp_1987,35,CVCL_0366,14,Furosemide__5__uM,False,,Furosemide,5.0,uM,943,3306018.0
plate6,0,smp_1987,35,CVCL_0371,15,Furosemide__5__uM,False,,Furosemide,5.0,uM,1261,3387463.0
plate6,0,smp_1987,35,CVCL_0397,16,Furosemide__5__uM,False,,Furosemide,5.0,uM,809,2604278.0
plate6,0,smp_1987,35,CVCL_0399,17,Furosemide__5__uM,False,,Furosemide,5.0,uM,2102,5209676.0
plate6,0,smp_1987,35,CVCL_0428,18,Furosemide__5__uM,False,,Furosemide,5.0,uM,646,1822332.0
plate6,0,smp_1987,35,CVCL_0459,19,Furosemide__5__uM,False,,Furosemide,5.0,uM,3158,6127245.0
plate6,0,smp_1987,35,CVCL_0480,20,Furosemide__5__uM,False,,Furosemide,5.0,uM,1459,5254975.0
plate6,0,smp_1987,35,CVCL_0504,21,Furosemide__5__uM,False,,Furosemide,5.0,uM,1784,3285759.0
plate6,0,smp_1987,35,CVCL_0546,22,Furosemide__5__uM,False,,Furosemide,5.0,uM,3855,7835398.0
plate6,0,smp_1987,35,CVCL_1055,23,Furosemide__5__uM,False,,Furosemide,5.0,uM,790,3229547.0
plate6,0,smp_1987,35,CVCL_1056,24,Furosemide__5__uM,False,,Furosemide,5.0,uM,1248,5405678.0
plate6,0,smp_1987,35,CVCL_1094,25,Furosemide__5__uM,False,,Furosemide,5.0,uM,1161,2234784.0
plate6,0,smp_1987,35,CVCL_1097,26,Furosemide__5__uM,False,,Furosemide,5.0,uM,1245,2558176.0
plate6,0,smp_1987,35,CVCL_1098,27,Furosemide__5__uM,False,,Furosemide,5.0,uM,1469,2700517.0
plate6,0,smp_1987,35,CVCL_1119,28,Furosemide__5__uM,False,,Furosemide,5.0,uM,1169,3331479.0
plate6,0,smp_1987,35,CVCL_1125,29,Furosemide__5__uM,False,,Furosemide,5.0,uM,342,519840.0
plate6,0,smp_1987,35,CVCL_1239,30,Furosemide__5__uM,False,,Furosemide,5.0,uM,484,1075204.0
plate6,0,smp_1987,35,CVCL_1285,31,Furosemide__5__uM,False,,Furosemide,5.0,uM,1630,4049295.0
plate6,0,smp_1987,35,CVCL_1381,32,Furosemide__5__uM,False,,Furosemide,5.0,uM,1271,3332045.0
plate6,0,smp_1987,35,CVCL_1478,33,Furosemide__5__uM,False,,Furosemide,5.0,uM,1094,2927227.0
plate6,0,smp_1987,35,CVCL_1495,34,Furosemide__5__uM,False,,Furosemide,5.0,uM,916,2332619.0
plate6,0,smp_1987,35,CVCL_1517,35,Furosemide__5__uM,False,,Furosemide,5.0,uM,1188,4918245.0
plate6,0,smp_1987,35,CVCL_1531,36,Furosemide__5__uM,False,,Furosemide,5.0,uM,11,19207.0
plate6,0,smp_1987,35,CVCL_1547,37,Furosemide__5__uM,False,,Furosemide,5.0,uM,1102,3045395.0
plate6,0,smp_1987,35,CVCL_1550,38,Furosemide__5__uM,False,,Furosemide,5.0,uM,1100,4471031.0
plate6,0,smp_1987,35,CVCL_1571,39,Furosemide__5__uM,False,,Furosemide,5.0,uM,7,7305.0
plate6,0,smp_1987,35,CVCL_1577,40,Furosemide__5__uM,False,,Furosemide,5.0,uM,52,191977.0
plate6,0,smp_1987,35,CVCL_1635,41,Furosemide__5__uM,False,,Furosemide,5.0,uM,910,2374792.0
plate6,0,smp_1987,35,CVCL_1666,42,Furosemide__5__uM,False,,Furosemide,5.0,uM,1025,1907978.0
plate6,0,smp_1987,35,CVCL_1693,43,Furosemide__5__uM,False,,Furosemide,5.0,uM,1009,1786366.0
plate6,0,smp_1987,35,CVCL_1715,44,Furosemide__5__uM,False,,Furosemide,5.0,uM,119,229460.0
plate6,0,smp_1987,35,CVCL_1716,45,Furosemide__5__uM,False,,Furosemide,5.0,uM,162,269117.0
plate6,0,smp_1987,35,CVCL_1717,46,Furosemide__5__uM,False,,Furosemide,5.0,uM,1124,3414940.0
plate6,0,smp_1987,35,CVCL_1724,47,Furosemide__5__uM,False,,Furosemide,5.0,uM,673,1363230.0
plate6,0,smp_1987,35,CVCL_1731,48,Furosemide__5__uM,False,,Furosemide,5.0,uM,936,2082831.0
plate6,0,smp_1987,35,CVCL_C466,49,Furosemide__5__uM,False,,Furosemide,5.0,uM,1515,2504856.0
plate6,0,smp_2055,36,CVCL_0023,0,Fusidic acid__5__uM,False,,Fusidic acid,5.0,uM,2845,7154574.0
plate6,0,smp_2055,36,CVCL_0028,1,Fusidic acid__5__uM,False,,Fusidic acid,5.0,uM,921,1672876.0
plate6,0,smp_2055,36,CVCL_0069,2,Fusidic acid__5__uM,False,,Fusidic acid,5.0,uM,1631,4749754.0
plate6,0,smp_2055,36,CVCL_0099,3,Fusidic acid__5__uM,False,,Fusidic acid,5.0,uM,921,1919744.0
plate6,0,smp_2055,36,CVCL_0131,4,Fusidic acid__5__uM,False,,Fusidic acid,5.0,uM,2619,9291302.0
plate6,0,smp_2055,36,CVCL_0152,5,Fusidic acid__5__uM,False,,Fusidic acid,5.0,uM,2907,6755165.0
plate6,0,smp_2055,36,CVCL_0179,6,Fusidic acid__5__uM,False,,Fusidic acid,5.0,uM,1306,4820973.0
plate6,0,smp_2055,36,CVCL_0218,7,Fusidic acid__5__uM,False,,Fusidic acid,5.0,uM,1331,2883420.0
plate6,0,smp_2055,36,CVCL_0292,8,Fusidic acid__5__uM,False,,Fusidic acid,5.0,uM,1459,2659078.0
plate6,0,smp_2055,36,CVCL_0293,9,Fusidic acid__5__uM,False,,Fusidic acid,5.0,uM,2414,8847085.0
plate6,0,smp_2055,36,CVCL_0320,10,Fusidic acid__5__uM,False,,Fusidic acid,5.0,uM,1899,6053306.0
plate6,0,smp_2055,36,CVCL_0332,11,Fusidic acid__5__uM,False,,Fusidic acid,5.0,uM,1217,4170666.0
plate6,0,smp_2055,36,CVCL_0334,12,Fusidic acid__5__uM,False,,Fusidic acid,5.0,uM,1066,2408549.0
plate6,0,smp_2055,36,CVCL_0359,13,Fusidic acid__5__uM,False,,Fusidic acid,5.0,uM,2365,7750423.0
plate6,0,smp_2055,36,CVCL_0366,14,Fusidic acid__5__uM,False,,Fusidic acid,5.0,uM,1306,5188271.0
plate6,0,smp_2055,36,CVCL_0371,15,Fusidic acid__5__uM,False,,Fusidic acid,5.0,uM,2004,5969040.0
plate6,0,smp_2055,36,CVCL_0397,16,Fusidic acid__5__uM,False,,Fusidic acid,5.0,uM,1322,4969097.0
plate6,0,smp_2055,36,CVCL_0399,17,Fusidic acid__5__uM,False,,Fusidic acid,5.0,uM,3311,10288315.0
plate6,0,smp_2055,36,CVCL_0428,18,Fusidic acid__5__uM,False,,Fusidic acid,5.0,uM,1204,3763143.0
plate6,0,smp_2055,36,CVCL_0459,19,Fusidic acid__5__uM,False,,Fusidic acid,5.0,uM,4480,9933609.0
plate6,0,smp_2055,36,CVCL_0480,20,Fusidic acid__5__uM,False,,Fusidic acid,5.0,uM,2647,11024428.0
plate6,0,smp_2055,36,CVCL_0504,21,Fusidic acid__5__uM,False,,Fusidic acid,5.0,uM,2583,5522121.0
plate6,0,smp_2055,36,CVCL_0546,22,Fusidic acid__5__uM,False,,Fusidic acid,5.0,uM,5808,13342386.0
plate6,0,smp_2055,36,CVCL_1055,23,Fusidic acid__5__uM,False,,Fusidic acid,5.0,uM,1666,7719526.0
plate6,0,smp_2055,36,CVCL_1056,24,Fusidic acid__5__uM,False,,Fusidic acid,5.0,uM,2120,9625997.0
plate6,0,smp_2055,36,CVCL_1094,25,Fusidic acid__5__uM,False,,Fusidic acid,5.0,uM,1732,3933871.0
plate6,0,smp_2055,36,CVCL_1097,26,Fusidic acid__5__uM,False,,Fusidic acid,5.0,uM,2125,5030406.0
plate6,0,smp_2055,36,CVCL_1098,27,Fusidic acid__5__uM,False,,Fusidic acid,5.0,uM,1824,3817040.0
plate6,0,smp_2055,36,CVCL_1119,28,Fusidic acid__5__uM,False,,Fusidic acid,5.0,uM,1782,5833010.0
plate6,0,smp_2055,36,CVCL_1125,29,Fusidic acid__5__uM,False,,Fusidic acid,5.0,uM,502,918216.0
plate6,0,smp_2055,36,CVCL_1239,30,Fusidic acid__5__uM,False,,Fusidic acid,5.0,uM,700,1701056.0
plate6,0,smp_2055,36,CVCL_1285,31,Fusidic acid__5__uM,False,,Fusidic acid,5.0,uM,2762,7658456.0
plate6,0,smp_2055,36,CVCL_1381,32,Fusidic acid__5__uM,False,,Fusidic acid,5.0,uM,2172,6390322.0
plate6,0,smp_2055,36,CVCL_1478,33,Fusidic acid__5__uM,False,,Fusidic acid,5.0,uM,2251,7356370.0
plate6,0,smp_2055,36,CVCL_1495,34,Fusidic acid__5__uM,False,,Fusidic acid,5.0,uM,1573,4584988.0
plate6,0,smp_2055,36,CVCL_1517,35,Fusidic acid__5__uM,False,,Fusidic acid,5.0,uM,1820,8442715.0
plate6,0,smp_2055,36,CVCL_1531,36,Fusidic acid__5__uM,False,,Fusidic acid,5.0,uM,28,54180.0
plate6,0,smp_2055,36,CVCL_1547,37,Fusidic acid__5__uM,False,,Fusidic acid,5.0,uM,1959,6437063.0
plate6,0,smp_2055,36,CVCL_1550,38,Fusidic acid__5__uM,False,,Fusidic acid,5.0,uM,1991,9896875.0
plate6,0,smp_2055,36,CVCL_1571,39,Fusidic acid__5__uM,False,,Fusidic acid,5.0,uM,4,3327.0
plate6,0,smp_2055,36,CVCL_1577,40,Fusidic acid__5__uM,False,,Fusidic acid,5.0,uM,98,540653.0
plate6,0,smp_2055,36,CVCL_1635,41,Fusidic acid__5__uM,False,,Fusidic acid,5.0,uM,1399,4675432.0
plate6,0,smp_2055,36,CVCL_1666,42,Fusidic acid__5__uM,False,,Fusidic acid,5.0,uM,1714,3449236.0
plate6,0,smp_2055,36,CVCL_1693,43,Fusidic acid__5__uM,False,,Fusidic acid,5.0,uM,1640,3260094.0
plate6,0,smp_2055,36,CVCL_1715,44,Fusidic acid__5__uM,False,,Fusidic acid,5.0,uM,107,224361.0
plate6,0,smp_2055,36,CVCL_1716,45,Fusidic acid__5__uM,False,,Fusidic acid,5.0,uM,214,409978.0
plate6,0,smp_2055,36,CVCL_1717,46,Fusidic acid__5__uM,False,,Fusidic acid,5.0,uM,1771,6469149.0
plate6,0,smp_2055,36,CVCL_1724,47,Fusidic acid__5__uM,False,,Fusidic acid,5.0,uM,987,2513361.0
plate6,0,smp_2055,36,CVCL_1731,48,Fusidic acid__5__uM,False,,Fusidic acid,5.0,uM,1442,3566554.0
plate6,0,smp_2055,36,CVCL_C466,49,Fusidic acid__5__uM,False,,Fusidic acid,5.0,uM,1840,3386560.0
plate6,0,smp_1990,37,CVCL_0023,0,Gallic acid (hydrate)__5__uM,False,,Gallic acid (hydrate),5.0,uM,1689,3695089.0
plate6,0,smp_1990,37,CVCL_0028,1,Gallic acid (hydrate)__5__uM,False,,Gallic acid (hydrate),5.0,uM,468,705615.0
plate6,0,smp_1990,37,CVCL_0069,2,Gallic acid (hydrate)__5__uM,False,,Gallic acid (hydrate),5.0,uM,917,2319129.0
plate6,0,smp_1990,37,CVCL_0099,3,Gallic acid (hydrate)__5__uM,False,,Gallic acid (hydrate),5.0,uM,549,1011000.0
plate6,0,smp_1990,37,CVCL_0131,4,Gallic acid (hydrate)__5__uM,False,,Gallic acid (hydrate),5.0,uM,1651,5147324.0
plate6,0,smp_1990,37,CVCL_0152,5,Gallic acid (hydrate)__5__uM,False,,Gallic acid (hydrate),5.0,uM,1752,3532777.0
plate6,0,smp_1990,37,CVCL_0179,6,Gallic acid (hydrate)__5__uM,False,,Gallic acid (hydrate),5.0,uM,754,2413662.0
plate6,0,smp_1990,37,CVCL_0218,7,Gallic acid (hydrate)__5__uM,False,,Gallic acid (hydrate),5.0,uM,1025,1916916.0
plate6,0,smp_1990,37,CVCL_0292,8,Gallic acid (hydrate)__5__uM,False,,Gallic acid (hydrate),5.0,uM,963,1410878.0
plate6,0,smp_1990,37,CVCL_0293,9,Gallic acid (hydrate)__5__uM,False,,Gallic acid (hydrate),5.0,uM,1925,5579990.0
plate6,0,smp_1990,37,CVCL_0320,10,Gallic acid (hydrate)__5__uM,False,,Gallic acid (hydrate),5.0,uM,1291,3619095.0
plate6,0,smp_1990,37,CVCL_0332,11,Gallic acid (hydrate)__5__uM,False,,Gallic acid (hydrate),5.0,uM,851,2595836.0
plate6,0,smp_1990,37,CVCL_0334,12,Gallic acid (hydrate)__5__uM,False,,Gallic acid (hydrate),5.0,uM,716,1545948.0
plate6,0,smp_1990,37,CVCL_0359,13,Gallic acid (hydrate)__5__uM,False,,Gallic acid (hydrate),5.0,uM,1642,4578416.0
plate6,0,smp_1990,37,CVCL_0366,14,Gallic acid (hydrate)__5__uM,False,,Gallic acid (hydrate),5.0,uM,897,3155918.0
plate6,0,smp_1990,37,CVCL_0371,15,Gallic acid (hydrate)__5__uM,False,,Gallic acid (hydrate),5.0,uM,1373,3520285.0
plate6,0,smp_1990,37,CVCL_0397,16,Gallic acid (hydrate)__5__uM,False,,Gallic acid (hydrate),5.0,uM,911,3081326.0
plate6,0,smp_1990,37,CVCL_0399,17,Gallic acid (hydrate)__5__uM,False,,Gallic acid (hydrate),5.0,uM,2167,5728421.0
plate6,0,smp_1990,37,CVCL_0428,18,Gallic acid (hydrate)__5__uM,False,,Gallic acid (hydrate),5.0,uM,855,2257318.0
plate6,0,smp_1990,37,CVCL_0459,19,Gallic acid (hydrate)__5__uM,False,,Gallic acid (hydrate),5.0,uM,3117,6021690.0
plate6,0,smp_1990,37,CVCL_0480,20,Gallic acid (hydrate)__5__uM,False,,Gallic acid (hydrate),5.0,uM,1862,6779425.0
plate6,0,smp_1990,37,CVCL_0504,21,Gallic acid (hydrate)__5__uM,False,,Gallic acid (hydrate),5.0,uM,1514,2738441.0
plate6,0,smp_1990,37,CVCL_0546,22,Gallic acid (hydrate)__5__uM,False,,Gallic acid (hydrate),5.0,uM,3454,7282007.0
plate6,0,smp_1990,37,CVCL_1055,23,Gallic acid (hydrate)__5__uM,False,,Gallic acid (hydrate),5.0,uM,1008,3948638.0
plate6,0,smp_1990,37,CVCL_1056,24,Gallic acid (hydrate)__5__uM,False,,Gallic acid (hydrate),5.0,uM,1480,5758695.0
plate6,0,smp_1990,37,CVCL_1094,25,Gallic acid (hydrate)__5__uM,False,,Gallic acid (hydrate),5.0,uM,1050,1987699.0
plate6,0,smp_1990,37,CVCL_1097,26,Gallic acid (hydrate)__5__uM,False,,Gallic acid (hydrate),5.0,uM,1378,2773172.0
plate6,0,smp_1990,37,CVCL_1098,27,Gallic acid (hydrate)__5__uM,False,,Gallic acid (hydrate),5.0,uM,1237,2184581.0
plate6,0,smp_1990,37,CVCL_1119,28,Gallic acid (hydrate)__5__uM,False,,Gallic acid (hydrate),5.0,uM,1337,3663950.0
plate6,0,smp_1990,37,CVCL_1125,29,Gallic acid (hydrate)__5__uM,False,,Gallic acid (hydrate),5.0,uM,276,423542.0
plate6,0,smp_1990,37,CVCL_1239,30,Gallic acid (hydrate)__5__uM,False,,Gallic acid (hydrate),5.0,uM,439,929661.0
plate6,0,smp_1990,37,CVCL_1285,31,Gallic acid (hydrate)__5__uM,False,,Gallic acid (hydrate),5.0,uM,1885,4574376.0
plate6,0,smp_1990,37,CVCL_1381,32,Gallic acid (hydrate)__5__uM,False,,Gallic acid (hydrate),5.0,uM,1329,3432568.0
plate6,0,smp_1990,37,CVCL_1478,33,Gallic acid (hydrate)__5__uM,False,,Gallic acid (hydrate),5.0,uM,1538,4099880.0
plate6,0,smp_1990,37,CVCL_1495,34,Gallic acid (hydrate)__5__uM,False,,Gallic acid (hydrate),5.0,uM,947,2402334.0
plate6,0,smp_1990,37,CVCL_1517,35,Gallic acid (hydrate)__5__uM,False,,Gallic acid (hydrate),5.0,uM,1335,5377571.0
plate6,0,smp_1990,37,CVCL_1531,36,Gallic acid (hydrate)__5__uM,False,,Gallic acid (hydrate),5.0,uM,20,30247.0
plate6,0,smp_1990,37,CVCL_1547,37,Gallic acid (hydrate)__5__uM,False,,Gallic acid (hydrate),5.0,uM,1230,3346961.0
plate6,0,smp_1990,37,CVCL_1550,38,Gallic acid (hydrate)__5__uM,False,,Gallic acid (hydrate),5.0,uM,1337,5766759.0
plate6,0,smp_1990,37,CVCL_1571,39,Gallic acid (hydrate)__5__uM,False,,Gallic acid (hydrate),5.0,uM,7,6493.0
plate6,0,smp_1990,37,CVCL_1577,40,Gallic acid (hydrate)__5__uM,False,,Gallic acid (hydrate),5.0,uM,57,241972.0
plate6,0,smp_1990,37,CVCL_1635,41,Gallic acid (hydrate)__5__uM,False,,Gallic acid (hydrate),5.0,uM,1026,2656747.0
plate6,0,smp_1990,37,CVCL_1666,42,Gallic acid (hydrate)__5__uM,False,,Gallic acid (hydrate),5.0,uM,1023,1900236.0
plate6,0,smp_1990,37,CVCL_1693,43,Gallic acid (hydrate)__5__uM,False,,Gallic acid (hydrate),5.0,uM,903,1615749.0
plate6,0,smp_1990,37,CVCL_1715,44,Gallic acid (hydrate)__5__uM,False,,Gallic acid (hydrate),5.0,uM,94,146140.0
plate6,0,smp_1990,37,CVCL_1716,45,Gallic acid (hydrate)__5__uM,False,,Gallic acid (hydrate),5.0,uM,156,252028.0
plate6,0,smp_1990,37,CVCL_1717,46,Gallic acid (hydrate)__5__uM,False,,Gallic acid (hydrate),5.0,uM,1208,3702647.0
plate6,0,smp_1990,37,CVCL_1724,47,Gallic acid (hydrate)__5__uM,False,,Gallic acid (hydrate),5.0,uM,621,1323678.0
plate6,0,smp_1990,37,CVCL_1731,48,Gallic acid (hydrate)__5__uM,False,,Gallic acid (hydrate),5.0,uM,989,2393323.0
plate6,0,smp_1990,37,CVCL_C466,49,Gallic acid (hydrate)__5__uM,False,,Gallic acid (hydrate),5.0,uM,1364,2196716.0
plate6,0,smp_2063,38,CVCL_0023,0,Gallic acid__5__uM,False,,Gallic acid,5.0,uM,3731,10129003.0
plate6,0,smp_2063,38,CVCL_0028,1,Gallic acid__5__uM,False,,Gallic acid,5.0,uM,1322,2615673.0
plate6,0,smp_2063,38,CVCL_0069,2,Gallic acid__5__uM,False,,Gallic acid,5.0,uM,2237,7169889.0
plate6,0,smp_2063,38,CVCL_0099,3,Gallic acid__5__uM,False,,Gallic acid,5.0,uM,1452,3457083.0
plate6,0,smp_2063,38,CVCL_0131,4,Gallic acid__5__uM,False,,Gallic acid,5.0,uM,3803,14503479.0
plate6,0,smp_2063,38,CVCL_0152,5,Gallic acid__5__uM,False,,Gallic acid,5.0,uM,3839,9581020.0
plate6,0,smp_2063,38,CVCL_0179,6,Gallic acid__5__uM,False,,Gallic acid,5.0,uM,2012,8583429.0
plate6,0,smp_2063,38,CVCL_0218,7,Gallic acid__5__uM,False,,Gallic acid,5.0,uM,2016,4935606.0
plate6,0,smp_2063,38,CVCL_0292,8,Gallic acid__5__uM,False,,Gallic acid,5.0,uM,2155,4094092.0
plate6,0,smp_2063,38,CVCL_0293,9,Gallic acid__5__uM,False,,Gallic acid,5.0,uM,3533,14737065.0
plate6,0,smp_2063,38,CVCL_0320,10,Gallic acid__5__uM,False,,Gallic acid,5.0,uM,2703,9254296.0
plate6,0,smp_2063,38,CVCL_0332,11,Gallic acid__5__uM,False,,Gallic acid,5.0,uM,1908,7085536.0
plate6,0,smp_2063,38,CVCL_0334,12,Gallic acid__5__uM,False,,Gallic acid,5.0,uM,1519,4035832.0
plate6,0,smp_2063,38,CVCL_0359,13,Gallic acid__5__uM,False,,Gallic acid,5.0,uM,3358,12012986.0
plate6,0,smp_2063,38,CVCL_0366,14,Gallic acid__5__uM,False,,Gallic acid,5.0,uM,2199,9398613.0
plate6,0,smp_2063,38,CVCL_0371,15,Gallic acid__5__uM,False,,Gallic acid,5.0,uM,2982,9808081.0
plate6,0,smp_2063,38,CVCL_0397,16,Gallic acid__5__uM,False,,Gallic acid,5.0,uM,1728,7561522.0
plate6,0,smp_2063,38,CVCL_0399,17,Gallic acid__5__uM,False,,Gallic acid,5.0,uM,4172,13966776.0
plate6,0,smp_2063,38,CVCL_0428,18,Gallic acid__5__uM,False,,Gallic acid,5.0,uM,1636,5778458.0
plate6,0,smp_2063,38,CVCL_0459,19,Gallic acid__5__uM,False,,Gallic acid,5.0,uM,6682,15921455.0
plate6,0,smp_2063,38,CVCL_0480,20,Gallic acid__5__uM,False,,Gallic acid,5.0,uM,3946,17412518.0
plate6,0,smp_2063,38,CVCL_0504,21,Gallic acid__5__uM,False,,Gallic acid,5.0,uM,3307,7640456.0
plate6,0,smp_2063,38,CVCL_0546,22,Gallic acid__5__uM,False,,Gallic acid,5.0,uM,8050,20959919.0
plate6,0,smp_2063,38,CVCL_1055,23,Gallic acid__5__uM,False,,Gallic acid,5.0,uM,2431,12692845.0
plate6,0,smp_2063,38,CVCL_1056,24,Gallic acid__5__uM,False,,Gallic acid,5.0,uM,3267,16077233.0
plate6,0,smp_2063,38,CVCL_1094,25,Gallic acid__5__uM,False,,Gallic acid,5.0,uM,2250,5687405.0
plate6,0,smp_2063,38,CVCL_1097,26,Gallic acid__5__uM,False,,Gallic acid,5.0,uM,2970,7412726.0
plate6,0,smp_2063,38,CVCL_1098,27,Gallic acid__5__uM,False,,Gallic acid,5.0,uM,3246,7979083.0
plate6,0,smp_2063,38,CVCL_1119,28,Gallic acid__5__uM,False,,Gallic acid,5.0,uM,2322,8315795.0
plate6,0,smp_2063,38,CVCL_1125,29,Gallic acid__5__uM,False,,Gallic acid,5.0,uM,647,1225685.0
plate6,0,smp_2063,38,CVCL_1239,30,Gallic acid__5__uM,False,,Gallic acid,5.0,uM,1173,3076692.0
plate6,0,smp_2063,38,CVCL_1285,31,Gallic acid__5__uM,False,,Gallic acid,5.0,uM,3964,11836062.0
plate6,0,smp_2063,38,CVCL_1381,32,Gallic acid__5__uM,False,,Gallic acid,5.0,uM,2826,8956065.0
plate6,0,smp_2063,38,CVCL_1478,33,Gallic acid__5__uM,False,,Gallic acid,5.0,uM,3049,10629412.0
plate6,0,smp_2063,38,CVCL_1495,34,Gallic acid__5__uM,False,,Gallic acid,5.0,uM,2077,6521258.0
plate6,0,smp_2063,38,CVCL_1517,35,Gallic acid__5__uM,False,,Gallic acid,5.0,uM,2838,14226265.0
plate6,0,smp_2063,38,CVCL_1531,36,Gallic acid__5__uM,False,,Gallic acid,5.0,uM,24,47324.0
plate6,0,smp_2063,38,CVCL_1547,37,Gallic acid__5__uM,False,,Gallic acid,5.0,uM,2746,9586381.0
plate6,0,smp_2063,38,CVCL_1550,38,Gallic acid__5__uM,False,,Gallic acid,5.0,uM,2109,11489420.0
plate6,0,smp_2063,38,CVCL_1571,39,Gallic acid__5__uM,False,,Gallic acid,5.0,uM,7,6816.0
plate6,0,smp_2063,38,CVCL_1577,40,Gallic acid__5__uM,False,,Gallic acid,5.0,uM,133,843628.0
plate6,0,smp_2063,38,CVCL_1635,41,Gallic acid__5__uM,False,,Gallic acid,5.0,uM,1707,6314356.0
plate6,0,smp_2063,38,CVCL_1666,42,Gallic acid__5__uM,False,,Gallic acid,5.0,uM,2067,4572723.0
plate6,0,smp_2063,38,CVCL_1693,43,Gallic acid__5__uM,False,,Gallic acid,5.0,uM,2273,5117497.0
plate6,0,smp_2063,38,CVCL_1715,44,Gallic acid__5__uM,False,,Gallic acid,5.0,uM,176,423687.0
plate6,0,smp_2063,38,CVCL_1716,45,Gallic acid__5__uM,False,,Gallic acid,5.0,uM,323,740925.0
plate6,0,smp_2063,38,CVCL_1717,46,Gallic acid__5__uM,False,,Gallic acid,5.0,uM,2408,10119540.0
plate6,0,smp_2063,38,CVCL_1724,47,Gallic acid__5__uM,False,,Gallic acid,5.0,uM,1546,4486380.0
plate6,0,smp_2063,38,CVCL_1731,48,Gallic acid__5__uM,False,,Gallic acid,5.0,uM,2069,5799290.0
plate6,0,smp_2063,38,CVCL_C466,49,Gallic acid__5__uM,False,,Gallic acid,5.0,uM,2983,5814795.0
plate6,0,smp_2003,39,CVCL_0023,0,Gemfibrozil__5__uM,False,,Gemfibrozil,5.0,uM,2703,4472077.0
plate6,0,smp_2003,39,CVCL_0028,1,Gemfibrozil__5__uM,False,,Gemfibrozil,5.0,uM,572,778478.0
plate6,0,smp_2003,39,CVCL_0069,2,Gemfibrozil__5__uM,False,,Gemfibrozil,5.0,uM,1423,2748091.0
plate6,0,smp_2003,39,CVCL_0099,3,Gemfibrozil__5__uM,False,,Gemfibrozil,5.0,uM,666,969964.0
plate6,0,smp_2003,39,CVCL_0131,4,Gemfibrozil__5__uM,False,,Gemfibrozil,5.0,uM,2506,5676056.0
plate6,0,smp_2003,39,CVCL_0152,5,Gemfibrozil__5__uM,False,,Gemfibrozil,5.0,uM,2310,4005900.0
plate6,0,smp_2003,39,CVCL_0179,6,Gemfibrozil__5__uM,False,,Gemfibrozil,5.0,uM,1275,3054681.0
plate6,0,smp_2003,39,CVCL_0218,7,Gemfibrozil__5__uM,False,,Gemfibrozil,5.0,uM,1224,1817585.0
plate6,0,smp_2003,39,CVCL_0292,8,Gemfibrozil__5__uM,False,,Gemfibrozil,5.0,uM,1015,1362698.0
plate6,0,smp_2003,39,CVCL_0293,9,Gemfibrozil__5__uM,False,,Gemfibrozil,5.0,uM,2463,6177678.0
plate6,0,smp_2003,39,CVCL_0320,10,Gemfibrozil__5__uM,False,,Gemfibrozil,5.0,uM,1952,3998448.0
plate6,0,smp_2003,39,CVCL_0332,11,Gemfibrozil__5__uM,False,,Gemfibrozil,5.0,uM,1382,3166719.0
plate6,0,smp_2003,39,CVCL_0334,12,Gemfibrozil__5__uM,False,,Gemfibrozil,5.0,uM,1117,1944636.0
plate6,0,smp_2003,39,CVCL_0359,13,Gemfibrozil__5__uM,False,,Gemfibrozil,5.0,uM,2391,4998687.0
plate6,0,smp_2003,39,CVCL_0366,14,Gemfibrozil__5__uM,False,,Gemfibrozil,5.0,uM,1520,3828383.0
plate6,0,smp_2003,39,CVCL_0371,15,Gemfibrozil__5__uM,False,,Gemfibrozil,5.0,uM,1921,3845360.0
plate6,0,smp_2003,39,CVCL_0397,16,Gemfibrozil__5__uM,False,,Gemfibrozil,5.0,uM,1307,3265377.0
plate6,0,smp_2003,39,CVCL_0399,17,Gemfibrozil__5__uM,False,,Gemfibrozil,5.0,uM,2842,6266367.0
plate6,0,smp_2003,39,CVCL_0428,18,Gemfibrozil__5__uM,False,,Gemfibrozil,5.0,uM,1312,2581899.0
plate6,0,smp_2003,39,CVCL_0459,19,Gemfibrozil__5__uM,False,,Gemfibrozil,5.0,uM,4241,6326887.0
plate6,0,smp_2003,39,CVCL_0480,20,Gemfibrozil__5__uM,False,,Gemfibrozil,5.0,uM,3047,7982186.0
plate6,0,smp_2003,39,CVCL_0504,21,Gemfibrozil__5__uM,False,,Gemfibrozil,5.0,uM,2295,3320663.0
plate6,0,smp_2003,39,CVCL_0546,22,Gemfibrozil__5__uM,False,,Gemfibrozil,5.0,uM,4857,8211142.0
plate6,0,smp_2003,39,CVCL_1055,23,Gemfibrozil__5__uM,False,,Gemfibrozil,5.0,uM,1362,4107925.0
plate6,0,smp_2003,39,CVCL_1056,24,Gemfibrozil__5__uM,False,,Gemfibrozil,5.0,uM,2244,6510976.0
plate6,0,smp_2003,39,CVCL_1094,25,Gemfibrozil__5__uM,False,,Gemfibrozil,5.0,uM,1368,2123209.0
plate6,0,smp_2003,39,CVCL_1097,26,Gemfibrozil__5__uM,False,,Gemfibrozil,5.0,uM,1815,2861129.0
plate6,0,smp_2003,39,CVCL_1098,27,Gemfibrozil__5__uM,False,,Gemfibrozil,5.0,uM,1261,1978930.0
plate6,0,smp_2003,39,CVCL_1119,28,Gemfibrozil__5__uM,False,,Gemfibrozil,5.0,uM,1877,4025383.0
plate6,0,smp_2003,39,CVCL_1125,29,Gemfibrozil__5__uM,False,,Gemfibrozil,5.0,uM,340,437909.0
plate6,0,smp_2003,39,CVCL_1239,30,Gemfibrozil__5__uM,False,,Gemfibrozil,5.0,uM,729,1121468.0
plate6,0,smp_2003,39,CVCL_1285,31,Gemfibrozil__5__uM,False,,Gemfibrozil,5.0,uM,2888,5029670.0
plate6,0,smp_2003,39,CVCL_1381,32,Gemfibrozil__5__uM,False,,Gemfibrozil,5.0,uM,1990,3659124.0
plate6,0,smp_2003,39,CVCL_1478,33,Gemfibrozil__5__uM,False,,Gemfibrozil,5.0,uM,1931,4718968.0
plate6,0,smp_2003,39,CVCL_1495,34,Gemfibrozil__5__uM,False,,Gemfibrozil,5.0,uM,1609,3032456.0
plate6,0,smp_2003,39,CVCL_1517,35,Gemfibrozil__5__uM,False,,Gemfibrozil,5.0,uM,2167,6254205.0
plate6,0,smp_2003,39,CVCL_1531,36,Gemfibrozil__5__uM,False,,Gemfibrozil,5.0,uM,32,37930.0
plate6,0,smp_2003,39,CVCL_1547,37,Gemfibrozil__5__uM,False,,Gemfibrozil,5.0,uM,1868,3770296.0
plate6,0,smp_2003,39,CVCL_1550,38,Gemfibrozil__5__uM,False,,Gemfibrozil,5.0,uM,2422,8101599.0
plate6,0,smp_2003,39,CVCL_1571,39,Gemfibrozil__5__uM,False,,Gemfibrozil,5.0,uM,17,16219.0
plate6,0,smp_2003,39,CVCL_1577,40,Gemfibrozil__5__uM,False,,Gemfibrozil,5.0,uM,100,276497.0
plate6,0,smp_2003,39,CVCL_1635,41,Gemfibrozil__5__uM,False,,Gemfibrozil,5.0,uM,1451,3045643.0
plate6,0,smp_2003,39,CVCL_1666,42,Gemfibrozil__5__uM,False,,Gemfibrozil,5.0,uM,1365,2039434.0
plate6,0,smp_2003,39,CVCL_1693,43,Gemfibrozil__5__uM,False,,Gemfibrozil,5.0,uM,1185,1713962.0
plate6,0,smp_2003,39,CVCL_1715,44,Gemfibrozil__5__uM,False,,Gemfibrozil,5.0,uM,137,209490.0
plate6,0,smp_2003,39,CVCL_1716,45,Gemfibrozil__5__uM,False,,Gemfibrozil,5.0,uM,193,275450.0
plate6,0,smp_2003,39,CVCL_1717,46,Gemfibrozil__5__uM,False,,Gemfibrozil,5.0,uM,1857,4507846.0
plate6,0,smp_2003,39,CVCL_1724,47,Gemfibrozil__5__uM,False,,Gemfibrozil,5.0,uM,793,1374318.0
plate6,0,smp_2003,39,CVCL_1731,48,Gemfibrozil__5__uM,False,,Gemfibrozil,5.0,uM,1403,2372653.0
plate6,0,smp_2003,39,CVCL_C466,49,Gemfibrozil__5__uM,False,,Gemfibrozil,5.0,uM,1450,1938027.0
plate6,0,smp_2054,40,CVCL_0023,0,Goserelin (acetate)__5__uM,False,,Goserelin (acetate),5.0,uM,3592,11314562.0
plate6,0,smp_2054,40,CVCL_0028,1,Goserelin (acetate)__5__uM,False,,Goserelin (acetate),5.0,uM,1204,2537904.0
plate6,0,smp_2054,40,CVCL_0069,2,Goserelin (acetate)__5__uM,False,,Goserelin (acetate),5.0,uM,2131,7637491.0
plate6,0,smp_2054,40,CVCL_0099,3,Goserelin (acetate)__5__uM,False,,Goserelin (acetate),5.0,uM,1293,3351699.0
plate6,0,smp_2054,40,CVCL_0131,4,Goserelin (acetate)__5__uM,False,,Goserelin (acetate),5.0,uM,3585,15676799.0
plate6,0,smp_2054,40,CVCL_0152,5,Goserelin (acetate)__5__uM,False,,Goserelin (acetate),5.0,uM,3856,10468154.0
plate6,0,smp_2054,40,CVCL_0179,6,Goserelin (acetate)__5__uM,False,,Goserelin (acetate),5.0,uM,1868,8338886.0
plate6,0,smp_2054,40,CVCL_0218,7,Goserelin (acetate)__5__uM,False,,Goserelin (acetate),5.0,uM,1794,4698167.0
plate6,0,smp_2054,40,CVCL_0292,8,Goserelin (acetate)__5__uM,False,,Goserelin (acetate),5.0,uM,2207,4713973.0
plate6,0,smp_2054,40,CVCL_0293,9,Goserelin (acetate)__5__uM,False,,Goserelin (acetate),5.0,uM,2997,13384784.0
plate6,0,smp_2054,40,CVCL_0320,10,Goserelin (acetate)__5__uM,False,,Goserelin (acetate),5.0,uM,2462,9617825.0
plate6,0,smp_2054,40,CVCL_0332,11,Goserelin (acetate)__5__uM,False,,Goserelin (acetate),5.0,uM,1775,7764579.0
plate6,0,smp_2054,40,CVCL_0334,12,Goserelin (acetate)__5__uM,False,,Goserelin (acetate),5.0,uM,1417,4113797.0
plate6,0,smp_2054,40,CVCL_0359,13,Goserelin (acetate)__5__uM,False,,Goserelin (acetate),5.0,uM,3313,13373602.0
plate6,0,smp_2054,40,CVCL_0366,14,Goserelin (acetate)__5__uM,False,,Goserelin (acetate),5.0,uM,2012,9848980.0
plate6,0,smp_2054,40,CVCL_0371,15,Goserelin (acetate)__5__uM,False,,Goserelin (acetate),5.0,uM,2551,8976179.0
plate6,0,smp_2054,40,CVCL_0397,16,Goserelin (acetate)__5__uM,False,,Goserelin (acetate),5.0,uM,1659,7413888.0
plate6,0,smp_2054,40,CVCL_0399,17,Goserelin (acetate)__5__uM,False,,Goserelin (acetate),5.0,uM,4100,14674393.0
plate6,0,smp_2054,40,CVCL_0428,18,Goserelin (acetate)__5__uM,False,,Goserelin (acetate),5.0,uM,1671,6412899.0
plate6,0,smp_2054,40,CVCL_0459,19,Goserelin (acetate)__5__uM,False,,Goserelin (acetate),5.0,uM,6265,17044831.0
plate6,0,smp_2054,40,CVCL_0480,20,Goserelin (acetate)__5__uM,False,,Goserelin (acetate),5.0,uM,3736,18841215.0
plate6,0,smp_2054,40,CVCL_0504,21,Goserelin (acetate)__5__uM,False,,Goserelin (acetate),5.0,uM,3327,8453862.0
plate6,0,smp_2054,40,CVCL_0546,22,Goserelin (acetate)__5__uM,False,,Goserelin (acetate),5.0,uM,7091,20051294.0
plate6,0,smp_2054,40,CVCL_1055,23,Goserelin (acetate)__5__uM,False,,Goserelin (acetate),5.0,uM,2037,11872510.0
plate6,0,smp_2054,40,CVCL_1056,24,Goserelin (acetate)__5__uM,False,,Goserelin (acetate),5.0,uM,3164,17165734.0
plate6,0,smp_2054,40,CVCL_1094,25,Goserelin (acetate)__5__uM,False,,Goserelin (acetate),5.0,uM,2215,6012954.0
plate6,0,smp_2054,40,CVCL_1097,26,Goserelin (acetate)__5__uM,False,,Goserelin (acetate),5.0,uM,2916,8383196.0
plate6,0,smp_2054,40,CVCL_1098,27,Goserelin (acetate)__5__uM,False,,Goserelin (acetate),5.0,uM,2622,7076895.0
plate6,0,smp_2054,40,CVCL_1119,28,Goserelin (acetate)__5__uM,False,,Goserelin (acetate),5.0,uM,2223,9087042.0
plate6,0,smp_2054,40,CVCL_1125,29,Goserelin (acetate)__5__uM,False,,Goserelin (acetate),5.0,uM,567,1180872.0
plate6,0,smp_2054,40,CVCL_1239,30,Goserelin (acetate)__5__uM,False,,Goserelin (acetate),5.0,uM,1057,3117314.0
plate6,0,smp_2054,40,CVCL_1285,31,Goserelin (acetate)__5__uM,False,,Goserelin (acetate),5.0,uM,3997,13567782.0
plate6,0,smp_2054,40,CVCL_1381,32,Goserelin (acetate)__5__uM,False,,Goserelin (acetate),5.0,uM,2679,9761876.0
plate6,0,smp_2054,40,CVCL_1478,33,Goserelin (acetate)__5__uM,False,,Goserelin (acetate),5.0,uM,2882,10848561.0
plate6,0,smp_2054,40,CVCL_1495,34,Goserelin (acetate)__5__uM,False,,Goserelin (acetate),5.0,uM,2018,7302366.0
plate6,0,smp_2054,40,CVCL_1517,35,Goserelin (acetate)__5__uM,False,,Goserelin (acetate),5.0,uM,2616,15234486.0
plate6,0,smp_2054,40,CVCL_1531,36,Goserelin (acetate)__5__uM,False,,Goserelin (acetate),5.0,uM,24,45785.0
plate6,0,smp_2054,40,CVCL_1547,37,Goserelin (acetate)__5__uM,False,,Goserelin (acetate),5.0,uM,2657,10546000.0
plate6,0,smp_2054,40,CVCL_1550,38,Goserelin (acetate)__5__uM,False,,Goserelin (acetate),5.0,uM,2294,13628329.0
plate6,0,smp_2054,40,CVCL_1571,39,Goserelin (acetate)__5__uM,False,,Goserelin (acetate),5.0,uM,10,10738.0
plate6,0,smp_2054,40,CVCL_1577,40,Goserelin (acetate)__5__uM,False,,Goserelin (acetate),5.0,uM,132,884286.0
plate6,0,smp_2054,40,CVCL_1635,41,Goserelin (acetate)__5__uM,False,,Goserelin (acetate),5.0,uM,1657,6740332.0
plate6,0,smp_2054,40,CVCL_1666,42,Goserelin (acetate)__5__uM,False,,Goserelin (acetate),5.0,uM,1944,4615652.0
plate6,0,smp_2054,40,CVCL_1693,43,Goserelin (acetate)__5__uM,False,,Goserelin (acetate),5.0,uM,2084,4977562.0
plate6,0,smp_2054,40,CVCL_1715,44,Goserelin (acetate)__5__uM,False,,Goserelin (acetate),5.0,uM,177,487477.0
plate6,0,smp_2054,40,CVCL_1716,45,Goserelin (acetate)__5__uM,False,,Goserelin (acetate),5.0,uM,316,750900.0
plate6,0,smp_2054,40,CVCL_1717,46,Goserelin (acetate)__5__uM,False,,Goserelin (acetate),5.0,uM,2235,9786228.0
plate6,0,smp_2054,40,CVCL_1724,47,Goserelin (acetate)__5__uM,False,,Goserelin (acetate),5.0,uM,1226,3872533.0
plate6,0,smp_2054,40,CVCL_1731,48,Goserelin (acetate)__5__uM,False,,Goserelin (acetate),5.0,uM,1868,5725783.0
plate6,0,smp_2054,40,CVCL_C466,49,Goserelin (acetate)__5__uM,False,,Goserelin (acetate),5.0,uM,2771,6113988.0
plate6,0,smp_2048,41,CVCL_0023,0,Hexylresorcinol__5__uM,False,,Hexylresorcinol,5.0,uM,3454,9089419.0
plate6,0,smp_2048,41,CVCL_0028,1,Hexylresorcinol__5__uM,False,,Hexylresorcinol,5.0,uM,1026,1853040.0
plate6,0,smp_2048,41,CVCL_0069,2,Hexylresorcinol__5__uM,False,,Hexylresorcinol,5.0,uM,2047,6334222.0
plate6,0,smp_2048,41,CVCL_0099,3,Hexylresorcinol__5__uM,False,,Hexylresorcinol,5.0,uM,1125,2454574.0
plate6,0,smp_2048,41,CVCL_0131,4,Hexylresorcinol__5__uM,False,,Hexylresorcinol,5.0,uM,3469,12654690.0
plate6,0,smp_2048,41,CVCL_0152,5,Hexylresorcinol__5__uM,False,,Hexylresorcinol,5.0,uM,3621,8029642.0
plate6,0,smp_2048,41,CVCL_0179,6,Hexylresorcinol__5__uM,False,,Hexylresorcinol,5.0,uM,1699,6573689.0
plate6,0,smp_2048,41,CVCL_0218,7,Hexylresorcinol__5__uM,False,,Hexylresorcinol,5.0,uM,1619,3644972.0
plate6,0,smp_2048,41,CVCL_0292,8,Hexylresorcinol__5__uM,False,,Hexylresorcinol,5.0,uM,1959,3389660.0
plate6,0,smp_2048,41,CVCL_0293,9,Hexylresorcinol__5__uM,False,,Hexylresorcinol,5.0,uM,3819,13008093.0
plate6,0,smp_2048,41,CVCL_0320,10,Hexylresorcinol__5__uM,False,,Hexylresorcinol,5.0,uM,2607,8250493.0
plate6,0,smp_2048,41,CVCL_0332,11,Hexylresorcinol__5__uM,False,,Hexylresorcinol,5.0,uM,1744,6472273.0
plate6,0,smp_2048,41,CVCL_0334,12,Hexylresorcinol__5__uM,False,,Hexylresorcinol,5.0,uM,1194,2946704.0
plate6,0,smp_2048,41,CVCL_0359,13,Hexylresorcinol__5__uM,False,,Hexylresorcinol,5.0,uM,3231,10743538.0
plate6,0,smp_2048,41,CVCL_0366,14,Hexylresorcinol__5__uM,False,,Hexylresorcinol,5.0,uM,2173,8517469.0
plate6,0,smp_2048,41,CVCL_0371,15,Hexylresorcinol__5__uM,False,,Hexylresorcinol,5.0,uM,2607,7953704.0
plate6,0,smp_2048,41,CVCL_0397,16,Hexylresorcinol__5__uM,False,,Hexylresorcinol,5.0,uM,1925,7017242.0
plate6,0,smp_2048,41,CVCL_0399,17,Hexylresorcinol__5__uM,False,,Hexylresorcinol,5.0,uM,4492,13106928.0
plate6,0,smp_2048,41,CVCL_0428,18,Hexylresorcinol__5__uM,False,,Hexylresorcinol,5.0,uM,1733,5496697.0
plate6,0,smp_2048,41,CVCL_0459,19,Hexylresorcinol__5__uM,False,,Hexylresorcinol,5.0,uM,6527,15185223.0
plate6,0,smp_2048,41,CVCL_0480,20,Hexylresorcinol__5__uM,False,,Hexylresorcinol,5.0,uM,3789,15413865.0
plate6,0,smp_2048,41,CVCL_0504,21,Hexylresorcinol__5__uM,False,,Hexylresorcinol,5.0,uM,3007,6685801.0
plate6,0,smp_2048,41,CVCL_0546,22,Hexylresorcinol__5__uM,False,,Hexylresorcinol,5.0,uM,6868,17149619.0
plate6,0,smp_2048,41,CVCL_1055,23,Hexylresorcinol__5__uM,False,,Hexylresorcinol,5.0,uM,1850,8586647.0
plate6,0,smp_2048,41,CVCL_1056,24,Hexylresorcinol__5__uM,False,,Hexylresorcinol,5.0,uM,3078,13931542.0
plate6,0,smp_2048,41,CVCL_1094,25,Hexylresorcinol__5__uM,False,,Hexylresorcinol,5.0,uM,1999,4492942.0
plate6,0,smp_2048,41,CVCL_1097,26,Hexylresorcinol__5__uM,False,,Hexylresorcinol,5.0,uM,2804,6871230.0
plate6,0,smp_2048,41,CVCL_1098,27,Hexylresorcinol__5__uM,False,,Hexylresorcinol,5.0,uM,2354,5302689.0
plate6,0,smp_2048,41,CVCL_1119,28,Hexylresorcinol__5__uM,False,,Hexylresorcinol,5.0,uM,2495,7977573.0
plate6,0,smp_2048,41,CVCL_1125,29,Hexylresorcinol__5__uM,False,,Hexylresorcinol,5.0,uM,435,780578.0
plate6,0,smp_2048,41,CVCL_1239,30,Hexylresorcinol__5__uM,False,,Hexylresorcinol,5.0,uM,1059,2664229.0
plate6,0,smp_2048,41,CVCL_1285,31,Hexylresorcinol__5__uM,False,,Hexylresorcinol,5.0,uM,4072,11426786.0
plate6,0,smp_2048,41,CVCL_1381,32,Hexylresorcinol__5__uM,False,,Hexylresorcinol,5.0,uM,2578,7665796.0
plate6,0,smp_2048,41,CVCL_1478,33,Hexylresorcinol__5__uM,False,,Hexylresorcinol,5.0,uM,2716,8572770.0
plate6,0,smp_2048,41,CVCL_1495,34,Hexylresorcinol__5__uM,False,,Hexylresorcinol,5.0,uM,2096,6422936.0
plate6,0,smp_2048,41,CVCL_1517,35,Hexylresorcinol__5__uM,False,,Hexylresorcinol,5.0,uM,2803,13484751.0
plate6,0,smp_2048,41,CVCL_1531,36,Hexylresorcinol__5__uM,False,,Hexylresorcinol,5.0,uM,30,43425.0
plate6,0,smp_2048,41,CVCL_1547,37,Hexylresorcinol__5__uM,False,,Hexylresorcinol,5.0,uM,2539,8357280.0
plate6,0,smp_2048,41,CVCL_1550,38,Hexylresorcinol__5__uM,False,,Hexylresorcinol,5.0,uM,2441,11848449.0
plate6,0,smp_2048,41,CVCL_1571,39,Hexylresorcinol__5__uM,False,,Hexylresorcinol,5.0,uM,18,20162.0
plate6,0,smp_2048,41,CVCL_1577,40,Hexylresorcinol__5__uM,False,,Hexylresorcinol,5.0,uM,153,777308.0
plate6,0,smp_2048,41,CVCL_1635,41,Hexylresorcinol__5__uM,False,,Hexylresorcinol,5.0,uM,1878,5682882.0
plate6,0,smp_2048,41,CVCL_1666,42,Hexylresorcinol__5__uM,False,,Hexylresorcinol,5.0,uM,1948,4026093.0
plate6,0,smp_2048,41,CVCL_1693,43,Hexylresorcinol__5__uM,False,,Hexylresorcinol,5.0,uM,1614,3348269.0
plate6,0,smp_2048,41,CVCL_1715,44,Hexylresorcinol__5__uM,False,,Hexylresorcinol,5.0,uM,209,498344.0
plate6,0,smp_2048,41,CVCL_1716,45,Hexylresorcinol__5__uM,False,,Hexylresorcinol,5.0,uM,266,544700.0
plate6,0,smp_2048,41,CVCL_1717,46,Hexylresorcinol__5__uM,False,,Hexylresorcinol,5.0,uM,2275,8171872.0
plate6,0,smp_2048,41,CVCL_1724,47,Hexylresorcinol__5__uM,False,,Hexylresorcinol,5.0,uM,1280,3233941.0
plate6,0,smp_2048,41,CVCL_1731,48,Hexylresorcinol__5__uM,False,,Hexylresorcinol,5.0,uM,1941,5291970.0
plate6,0,smp_2048,41,CVCL_C466,49,Hexylresorcinol__5__uM,False,,Hexylresorcinol,5.0,uM,2703,5138411.0
plate6,0,smp_2047,42,CVCL_0023,0,Homoharringtonine__5__uM,False,,Homoharringtonine,5.0,uM,1404,3471556.0
plate6,0,smp_2047,42,CVCL_0028,1,Homoharringtonine__5__uM,False,,Homoharringtonine,5.0,uM,36,43846.0
plate6,0,smp_2047,42,CVCL_0069,2,Homoharringtonine__5__uM,False,,Homoharringtonine,5.0,uM,171,383339.0
plate6,0,smp_2047,42,CVCL_0099,3,Homoharringtonine__5__uM,False,,Homoharringtonine,5.0,uM,89,123032.0
plate6,0,smp_2047,42,CVCL_0131,4,Homoharringtonine__5__uM,False,,Homoharringtonine,5.0,uM,1112,3526745.0
plate6,0,smp_2047,42,CVCL_0152,5,Homoharringtonine__5__uM,False,,Homoharringtonine,5.0,uM,2340,4699777.0
plate6,0,smp_2047,42,CVCL_0179,6,Homoharringtonine__5__uM,False,,Homoharringtonine,5.0,uM,1437,4125544.0
plate6,0,smp_2047,42,CVCL_0218,7,Homoharringtonine__5__uM,False,,Homoharringtonine,5.0,uM,475,746195.0
plate6,0,smp_2047,42,CVCL_0292,8,Homoharringtonine__5__uM,False,,Homoharringtonine,5.0,uM,586,708933.0
plate6,0,smp_2047,42,CVCL_0293,9,Homoharringtonine__5__uM,False,,Homoharringtonine,5.0,uM,3838,6685631.0
plate6,0,smp_2047,42,CVCL_0320,10,Homoharringtonine__5__uM,False,,Homoharringtonine,5.0,uM,1631,4384488.0
plate6,0,smp_2047,42,CVCL_0332,11,Homoharringtonine__5__uM,False,,Homoharringtonine,5.0,uM,284,938342.0
plate6,0,smp_2047,42,CVCL_0334,12,Homoharringtonine__5__uM,False,,Homoharringtonine,5.0,uM,840,1744035.0
plate6,0,smp_2047,42,CVCL_0359,13,Homoharringtonine__5__uM,False,,Homoharringtonine,5.0,uM,966,2635527.0
plate6,0,smp_2047,42,CVCL_0366,14,Homoharringtonine__5__uM,False,,Homoharringtonine,5.0,uM,378,1399245.0
plate6,0,smp_2047,42,CVCL_0371,15,Homoharringtonine__5__uM,False,,Homoharringtonine,5.0,uM,480,995383.0
plate6,0,smp_2047,42,CVCL_0397,16,Homoharringtonine__5__uM,False,,Homoharringtonine,5.0,uM,1584,3125577.0
plate6,0,smp_2047,42,CVCL_0399,17,Homoharringtonine__5__uM,False,,Homoharringtonine,5.0,uM,1229,1920900.0
plate6,0,smp_2047,42,CVCL_0428,18,Homoharringtonine__5__uM,False,,Homoharringtonine,5.0,uM,118,234771.0
plate6,0,smp_2047,42,CVCL_0459,19,Homoharringtonine__5__uM,False,,Homoharringtonine,5.0,uM,2805,4758222.0
plate6,0,smp_2047,42,CVCL_0480,20,Homoharringtonine__5__uM,False,,Homoharringtonine,5.0,uM,1756,6529961.0
plate6,0,smp_2047,42,CVCL_0504,21,Homoharringtonine__5__uM,False,,Homoharringtonine,5.0,uM,124,173811.0
plate6,0,smp_2047,42,CVCL_0546,22,Homoharringtonine__5__uM,False,,Homoharringtonine,5.0,uM,4229,8086302.0
plate6,0,smp_2047,42,CVCL_1055,23,Homoharringtonine__5__uM,False,,Homoharringtonine,5.0,uM,40,88399.0
plate6,0,smp_2047,42,CVCL_1056,24,Homoharringtonine__5__uM,False,,Homoharringtonine,5.0,uM,480,1539304.0
plate6,0,smp_2047,42,CVCL_1094,25,Homoharringtonine__5__uM,False,,Homoharringtonine,5.0,uM,215,333515.0
plate6,0,smp_2047,42,CVCL_1097,26,Homoharringtonine__5__uM,False,,Homoharringtonine,5.0,uM,1332,3187502.0
plate6,0,smp_2047,42,CVCL_1098,27,Homoharringtonine__5__uM,False,,Homoharringtonine,5.0,uM,2197,4079834.0
plate6,0,smp_2047,42,CVCL_1119,28,Homoharringtonine__5__uM,False,,Homoharringtonine,5.0,uM,1352,3375376.0
plate6,0,smp_2047,42,CVCL_1125,29,Homoharringtonine__5__uM,False,,Homoharringtonine,5.0,uM,182,300510.0
plate6,0,smp_2047,42,CVCL_1239,30,Homoharringtonine__5__uM,False,,Homoharringtonine,5.0,uM,121,245317.0
plate6,0,smp_2047,42,CVCL_1285,31,Homoharringtonine__5__uM,False,,Homoharringtonine,5.0,uM,1777,4636384.0
plate6,0,smp_2047,42,CVCL_1381,32,Homoharringtonine__5__uM,False,,Homoharringtonine,5.0,uM,437,925385.0
plate6,0,smp_2047,42,CVCL_1478,33,Homoharringtonine__5__uM,False,,Homoharringtonine,5.0,uM,801,1831800.0
plate6,0,smp_2047,42,CVCL_1495,34,Homoharringtonine__5__uM,False,,Homoharringtonine,5.0,uM,73,166321.0
plate6,0,smp_2047,42,CVCL_1517,35,Homoharringtonine__5__uM,False,,Homoharringtonine,5.0,uM,907,2790291.0
plate6,0,smp_2047,42,CVCL_1531,36,Homoharringtonine__5__uM,False,,Homoharringtonine,5.0,uM,11,12515.0
plate6,0,smp_2047,42,CVCL_1547,37,Homoharringtonine__5__uM,False,,Homoharringtonine,5.0,uM,196,380861.0
plate6,0,smp_2047,42,CVCL_1550,38,Homoharringtonine__5__uM,False,,Homoharringtonine,5.0,uM,1191,3862259.0
plate6,0,smp_2047,42,CVCL_1571,39,Homoharringtonine__5__uM,False,,Homoharringtonine,5.0,uM,7,8223.0
plate6,0,smp_2047,42,CVCL_1577,40,Homoharringtonine__5__uM,False,,Homoharringtonine,5.0,uM,31,127703.0
plate6,0,smp_2047,42,CVCL_1635,41,Homoharringtonine__5__uM,False,,Homoharringtonine,5.0,uM,384,800196.0
plate6,0,smp_2047,42,CVCL_1666,42,Homoharringtonine__5__uM,False,,Homoharringtonine,5.0,uM,573,973969.0
plate6,0,smp_2047,42,CVCL_1693,43,Homoharringtonine__5__uM,False,,Homoharringtonine,5.0,uM,1076,1699507.0
plate6,0,smp_2047,42,CVCL_1715,44,Homoharringtonine__5__uM,False,,Homoharringtonine,5.0,uM,98,205319.0
plate6,0,smp_2047,42,CVCL_1716,45,Homoharringtonine__5__uM,False,,Homoharringtonine,5.0,uM,169,267853.0
plate6,0,smp_2047,42,CVCL_1717,46,Homoharringtonine__5__uM,False,,Homoharringtonine,5.0,uM,1887,5366482.0
plate6,0,smp_2047,42,CVCL_1724,47,Homoharringtonine__5__uM,False,,Homoharringtonine,5.0,uM,911,1420331.0
plate6,0,smp_2047,42,CVCL_1731,48,Homoharringtonine__5__uM,False,,Homoharringtonine,5.0,uM,440,921936.0
plate6,0,smp_2047,42,CVCL_C466,49,Homoharringtonine__5__uM,False,,Homoharringtonine,5.0,uM,666,1058967.0
plate6,0,smp_2010,43,CVCL_0023,0,Idarubicin (hydrochloride)__5__uM,False,,Idarubicin (hydrochloride),5.0,uM,1209,2251200.0
plate6,0,smp_2010,43,CVCL_0028,1,Idarubicin (hydrochloride)__5__uM,False,,Idarubicin (hydrochloride),5.0,uM,262,356220.0
plate6,0,smp_2010,43,CVCL_0069,2,Idarubicin (hydrochloride)__5__uM,False,,Idarubicin (hydrochloride),5.0,uM,166,407411.0
plate6,0,smp_2010,43,CVCL_0099,3,Idarubicin (hydrochloride)__5__uM,False,,Idarubicin (hydrochloride),5.0,uM,98,126927.0
plate6,0,smp_2010,43,CVCL_0131,4,Idarubicin (hydrochloride)__5__uM,False,,Idarubicin (hydrochloride),5.0,uM,1277,2782382.0
plate6,0,smp_2010,43,CVCL_0152,5,Idarubicin (hydrochloride)__5__uM,False,,Idarubicin (hydrochloride),5.0,uM,600,1279459.0
plate6,0,smp_2010,43,CVCL_0179,6,Idarubicin (hydrochloride)__5__uM,False,,Idarubicin (hydrochloride),5.0,uM,525,1098750.0
plate6,0,smp_2010,43,CVCL_0218,7,Idarubicin (hydrochloride)__5__uM,False,,Idarubicin (hydrochloride),5.0,uM,681,1068434.0
plate6,0,smp_2010,43,CVCL_0292,8,Idarubicin (hydrochloride)__5__uM,False,,Idarubicin (hydrochloride),5.0,uM,883,1171511.0
plate6,0,smp_2010,43,CVCL_0293,9,Idarubicin (hydrochloride)__5__uM,False,,Idarubicin (hydrochloride),5.0,uM,2026,6045399.0
plate6,0,smp_2010,43,CVCL_0320,10,Idarubicin (hydrochloride)__5__uM,False,,Idarubicin (hydrochloride),5.0,uM,1447,3318641.0
plate6,0,smp_2010,43,CVCL_0332,11,Idarubicin (hydrochloride)__5__uM,False,,Idarubicin (hydrochloride),5.0,uM,784,1948706.0
plate6,0,smp_2010,43,CVCL_0334,12,Idarubicin (hydrochloride)__5__uM,False,,Idarubicin (hydrochloride),5.0,uM,478,868639.0
plate6,0,smp_2010,43,CVCL_0359,13,Idarubicin (hydrochloride)__5__uM,False,,Idarubicin (hydrochloride),5.0,uM,1060,2434517.0
plate6,0,smp_2010,43,CVCL_0366,14,Idarubicin (hydrochloride)__5__uM,False,,Idarubicin (hydrochloride),5.0,uM,696,1901081.0
plate6,0,smp_2010,43,CVCL_0371,15,Idarubicin (hydrochloride)__5__uM,False,,Idarubicin (hydrochloride),5.0,uM,1650,3814990.0
plate6,0,smp_2010,43,CVCL_0397,16,Idarubicin (hydrochloride)__5__uM,False,,Idarubicin (hydrochloride),5.0,uM,1448,3775251.0
plate6,0,smp_2010,43,CVCL_0399,17,Idarubicin (hydrochloride)__5__uM,False,,Idarubicin (hydrochloride),5.0,uM,1536,3478401.0
plate6,0,smp_2010,43,CVCL_0428,18,Idarubicin (hydrochloride)__5__uM,False,,Idarubicin (hydrochloride),5.0,uM,580,1232658.0
plate6,0,smp_2010,43,CVCL_0459,19,Idarubicin (hydrochloride)__5__uM,False,,Idarubicin (hydrochloride),5.0,uM,2532,4172435.0
plate6,0,smp_2010,43,CVCL_0480,20,Idarubicin (hydrochloride)__5__uM,False,,Idarubicin (hydrochloride),5.0,uM,2075,6712984.0
plate6,0,smp_2010,43,CVCL_0504,21,Idarubicin (hydrochloride)__5__uM,False,,Idarubicin (hydrochloride),5.0,uM,407,618035.0
plate6,0,smp_2010,43,CVCL_0546,22,Idarubicin (hydrochloride)__5__uM,False,,Idarubicin (hydrochloride),5.0,uM,2925,5740833.0
plate6,0,smp_2010,43,CVCL_1055,23,Idarubicin (hydrochloride)__5__uM,False,,Idarubicin (hydrochloride),5.0,uM,29,58710.0
plate6,0,smp_2010,43,CVCL_1056,24,Idarubicin (hydrochloride)__5__uM,False,,Idarubicin (hydrochloride),5.0,uM,1035,2685910.0
plate6,0,smp_2010,43,CVCL_1094,25,Idarubicin (hydrochloride)__5__uM,False,,Idarubicin (hydrochloride),5.0,uM,750,1240842.0
plate6,0,smp_2010,43,CVCL_1097,26,Idarubicin (hydrochloride)__5__uM,False,,Idarubicin (hydrochloride),5.0,uM,1339,2326496.0
plate6,0,smp_2010,43,CVCL_1098,27,Idarubicin (hydrochloride)__5__uM,False,,Idarubicin (hydrochloride),5.0,uM,571,993665.0
plate6,0,smp_2010,43,CVCL_1119,28,Idarubicin (hydrochloride)__5__uM,False,,Idarubicin (hydrochloride),5.0,uM,1260,2944045.0
plate6,0,smp_2010,43,CVCL_1125,29,Idarubicin (hydrochloride)__5__uM,False,,Idarubicin (hydrochloride),5.0,uM,53,63280.0
plate6,0,smp_2010,43,CVCL_1239,30,Idarubicin (hydrochloride)__5__uM,False,,Idarubicin (hydrochloride),5.0,uM,164,275532.0
plate6,0,smp_2010,43,CVCL_1285,31,Idarubicin (hydrochloride)__5__uM,False,,Idarubicin (hydrochloride),5.0,uM,1649,2883129.0
plate6,0,smp_2010,43,CVCL_1381,32,Idarubicin (hydrochloride)__5__uM,False,,Idarubicin (hydrochloride),5.0,uM,615,966513.0
plate6,0,smp_2010,43,CVCL_1478,33,Idarubicin (hydrochloride)__5__uM,False,,Idarubicin (hydrochloride),5.0,uM,1792,6286111.0
plate6,0,smp_2010,43,CVCL_1495,34,Idarubicin (hydrochloride)__5__uM,False,,Idarubicin (hydrochloride),5.0,uM,309,680726.0
plate6,0,smp_2010,43,CVCL_1517,35,Idarubicin (hydrochloride)__5__uM,False,,Idarubicin (hydrochloride),5.0,uM,953,2757022.0
plate6,0,smp_2010,43,CVCL_1531,36,Idarubicin (hydrochloride)__5__uM,False,,Idarubicin (hydrochloride),5.0,uM,24,28206.0
plate6,0,smp_2010,43,CVCL_1547,37,Idarubicin (hydrochloride)__5__uM,False,,Idarubicin (hydrochloride),5.0,uM,268,573962.0
plate6,0,smp_2010,43,CVCL_1550,38,Idarubicin (hydrochloride)__5__uM,False,,Idarubicin (hydrochloride),5.0,uM,835,2492500.0
plate6,0,smp_2010,43,CVCL_1571,39,Idarubicin (hydrochloride)__5__uM,False,,Idarubicin (hydrochloride),5.0,uM,18,17480.0
plate6,0,smp_2010,43,CVCL_1577,40,Idarubicin (hydrochloride)__5__uM,False,,Idarubicin (hydrochloride),5.0,uM,45,119018.0
plate6,0,smp_2010,43,CVCL_1635,41,Idarubicin (hydrochloride)__5__uM,False,,Idarubicin (hydrochloride),5.0,uM,739,1523757.0
plate6,0,smp_2010,43,CVCL_1666,42,Idarubicin (hydrochloride)__5__uM,False,,Idarubicin (hydrochloride),5.0,uM,650,1043380.0
plate6,0,smp_2010,43,CVCL_1693,43,Idarubicin (hydrochloride)__5__uM,False,,Idarubicin (hydrochloride),5.0,uM,485,667360.0
plate6,0,smp_2010,43,CVCL_1715,44,Idarubicin (hydrochloride)__5__uM,False,,Idarubicin (hydrochloride),5.0,uM,224,416398.0
plate6,0,smp_2010,43,CVCL_1716,45,Idarubicin (hydrochloride)__5__uM,False,,Idarubicin (hydrochloride),5.0,uM,129,195387.0
plate6,0,smp_2010,43,CVCL_1717,46,Idarubicin (hydrochloride)__5__uM,False,,Idarubicin (hydrochloride),5.0,uM,1197,3010306.0
plate6,0,smp_2010,43,CVCL_1724,47,Idarubicin (hydrochloride)__5__uM,False,,Idarubicin (hydrochloride),5.0,uM,278,401650.0
plate6,0,smp_2010,43,CVCL_1731,48,Idarubicin (hydrochloride)__5__uM,False,,Idarubicin (hydrochloride),5.0,uM,736,1353748.0
plate6,0,smp_2010,43,CVCL_C466,49,Idarubicin (hydrochloride)__5__uM,False,,Idarubicin (hydrochloride),5.0,uM,1219,1738822.0
plate6,0,smp_1985,44,CVCL_0023,0,Isocorydine__5__uM,False,,Isocorydine,5.0,uM,2338,6836998.0
plate6,0,smp_1985,44,CVCL_0028,1,Isocorydine__5__uM,False,,Isocorydine,5.0,uM,841,1822057.0
plate6,0,smp_1985,44,CVCL_0069,2,Isocorydine__5__uM,False,,Isocorydine,5.0,uM,1141,3631906.0
plate6,0,smp_1985,44,CVCL_0099,3,Isocorydine__5__uM,False,,Isocorydine,5.0,uM,914,2262603.0
plate6,0,smp_1985,44,CVCL_0131,4,Isocorydine__5__uM,False,,Isocorydine,5.0,uM,1678,6968540.0
plate6,0,smp_1985,44,CVCL_0152,5,Isocorydine__5__uM,False,,Isocorydine,5.0,uM,2708,7086948.0
plate6,0,smp_1985,44,CVCL_0179,6,Isocorydine__5__uM,False,,Isocorydine,5.0,uM,1224,5549022.0
plate6,0,smp_1985,44,CVCL_0218,7,Isocorydine__5__uM,False,,Isocorydine,5.0,uM,1402,3513204.0
plate6,0,smp_1985,44,CVCL_0292,8,Isocorydine__5__uM,False,,Isocorydine,5.0,uM,1628,3188386.0
plate6,0,smp_1985,44,CVCL_0293,9,Isocorydine__5__uM,False,,Isocorydine,5.0,uM,2216,9004660.0
plate6,0,smp_1985,44,CVCL_0320,10,Isocorydine__5__uM,False,,Isocorydine,5.0,uM,1904,6721887.0
plate6,0,smp_1985,44,CVCL_0332,11,Isocorydine__5__uM,False,,Isocorydine,5.0,uM,1013,4415710.0
plate6,0,smp_1985,44,CVCL_0334,12,Isocorydine__5__uM,False,,Isocorydine,5.0,uM,1033,2727323.0
plate6,0,smp_1985,44,CVCL_0359,13,Isocorydine__5__uM,False,,Isocorydine,5.0,uM,1919,7606486.0
plate6,0,smp_1985,44,CVCL_0366,14,Isocorydine__5__uM,False,,Isocorydine,5.0,uM,1031,5056324.0
plate6,0,smp_1985,44,CVCL_0371,15,Isocorydine__5__uM,False,,Isocorydine,5.0,uM,1848,6313189.0
plate6,0,smp_1985,44,CVCL_0397,16,Isocorydine__5__uM,False,,Isocorydine,5.0,uM,1500,5771777.0
plate6,0,smp_1985,44,CVCL_0399,17,Isocorydine__5__uM,False,,Isocorydine,5.0,uM,2987,9443748.0
plate6,0,smp_1985,44,CVCL_0428,18,Isocorydine__5__uM,False,,Isocorydine,5.0,uM,910,3474740.0
plate6,0,smp_1985,44,CVCL_0459,19,Isocorydine__5__uM,False,,Isocorydine,5.0,uM,4808,12993719.0
plate6,0,smp_1985,44,CVCL_0480,20,Isocorydine__5__uM,False,,Isocorydine,5.0,uM,1997,9856257.0
plate6,0,smp_1985,44,CVCL_0504,21,Isocorydine__5__uM,False,,Isocorydine,5.0,uM,2280,6052040.0
plate6,0,smp_1985,44,CVCL_0546,22,Isocorydine__5__uM,False,,Isocorydine,5.0,uM,5412,14781398.0
plate6,0,smp_1985,44,CVCL_1055,23,Isocorydine__5__uM,False,,Isocorydine,5.0,uM,1122,6848681.0
plate6,0,smp_1985,44,CVCL_1056,24,Isocorydine__5__uM,False,,Isocorydine,5.0,uM,1638,8932199.0
plate6,0,smp_1985,44,CVCL_1094,25,Isocorydine__5__uM,False,,Isocorydine,5.0,uM,1446,3853878.0
plate6,0,smp_1985,44,CVCL_1097,26,Isocorydine__5__uM,False,,Isocorydine,5.0,uM,1965,4995059.0
plate6,0,smp_1985,44,CVCL_1098,27,Isocorydine__5__uM,False,,Isocorydine,5.0,uM,1714,4518316.0
plate6,0,smp_1985,44,CVCL_1119,28,Isocorydine__5__uM,False,,Isocorydine,5.0,uM,1518,6122140.0
plate6,0,smp_1985,44,CVCL_1125,29,Isocorydine__5__uM,False,,Isocorydine,5.0,uM,460,934557.0
plate6,0,smp_1985,44,CVCL_1239,30,Isocorydine__5__uM,False,,Isocorydine,5.0,uM,765,2221717.0
plate6,0,smp_1985,44,CVCL_1285,31,Isocorydine__5__uM,False,,Isocorydine,5.0,uM,2211,7170140.0
plate6,0,smp_1985,44,CVCL_1381,32,Isocorydine__5__uM,False,,Isocorydine,5.0,uM,1910,6886501.0
plate6,0,smp_1985,44,CVCL_1478,33,Isocorydine__5__uM,False,,Isocorydine,5.0,uM,1580,5724808.0
plate6,0,smp_1985,44,CVCL_1495,34,Isocorydine__5__uM,False,,Isocorydine,5.0,uM,1246,4117182.0
plate6,0,smp_1985,44,CVCL_1517,35,Isocorydine__5__uM,False,,Isocorydine,5.0,uM,1747,9311445.0
plate6,0,smp_1985,44,CVCL_1531,36,Isocorydine__5__uM,False,,Isocorydine,5.0,uM,22,64234.0
plate6,0,smp_1985,44,CVCL_1547,37,Isocorydine__5__uM,False,,Isocorydine,5.0,uM,1479,5785705.0
plate6,0,smp_1985,44,CVCL_1550,38,Isocorydine__5__uM,False,,Isocorydine,5.0,uM,1645,9410293.0
plate6,0,smp_1985,44,CVCL_1571,39,Isocorydine__5__uM,False,,Isocorydine,5.0,uM,3,3400.0
plate6,0,smp_1985,44,CVCL_1577,40,Isocorydine__5__uM,False,,Isocorydine,5.0,uM,57,349756.0
plate6,0,smp_1985,44,CVCL_1635,41,Isocorydine__5__uM,False,,Isocorydine,5.0,uM,1229,4718579.0
plate6,0,smp_1985,44,CVCL_1666,42,Isocorydine__5__uM,False,,Isocorydine,5.0,uM,1449,3403707.0
plate6,0,smp_1985,44,CVCL_1693,43,Isocorydine__5__uM,False,,Isocorydine,5.0,uM,1479,3599275.0
plate6,0,smp_1985,44,CVCL_1715,44,Isocorydine__5__uM,False,,Isocorydine,5.0,uM,157,422731.0
plate6,0,smp_1985,44,CVCL_1716,45,Isocorydine__5__uM,False,,Isocorydine,5.0,uM,204,478190.0
plate6,0,smp_1985,44,CVCL_1717,46,Isocorydine__5__uM,False,,Isocorydine,5.0,uM,1501,6305052.0
plate6,0,smp_1985,44,CVCL_1724,47,Isocorydine__5__uM,False,,Isocorydine,5.0,uM,881,2375624.0
plate6,0,smp_1985,44,CVCL_1731,48,Isocorydine__5__uM,False,,Isocorydine,5.0,uM,1281,3812041.0
plate6,0,smp_1985,44,CVCL_C466,49,Isocorydine__5__uM,False,,Isocorydine,5.0,uM,2030,4241214.0
plate6,0,smp_2031,45,CVCL_0023,0,Larotrectinib__5__uM,False,,Larotrectinib,5.0,uM,720,1926285.0
plate6,0,smp_2031,45,CVCL_0028,1,Larotrectinib__5__uM,False,,Larotrectinib,5.0,uM,363,639086.0
plate6,0,smp_2031,45,CVCL_0069,2,Larotrectinib__5__uM,False,,Larotrectinib,5.0,uM,432,1302133.0
plate6,0,smp_2031,45,CVCL_0099,3,Larotrectinib__5__uM,False,,Larotrectinib,5.0,uM,321,624183.0
plate6,0,smp_2031,45,CVCL_0131,4,Larotrectinib__5__uM,False,,Larotrectinib,5.0,uM,620,2281669.0
plate6,0,smp_2031,45,CVCL_0152,5,Larotrectinib__5__uM,False,,Larotrectinib,5.0,uM,888,2144303.0
plate6,0,smp_2031,45,CVCL_0179,6,Larotrectinib__5__uM,False,,Larotrectinib,5.0,uM,313,1286048.0
plate6,0,smp_2031,45,CVCL_0218,7,Larotrectinib__5__uM,False,,Larotrectinib,5.0,uM,368,880094.0
plate6,0,smp_2031,45,CVCL_0292,8,Larotrectinib__5__uM,False,,Larotrectinib,5.0,uM,399,718724.0
plate6,0,smp_2031,45,CVCL_0293,9,Larotrectinib__5__uM,False,,Larotrectinib,5.0,uM,559,2181830.0
plate6,0,smp_2031,45,CVCL_0320,10,Larotrectinib__5__uM,False,,Larotrectinib,5.0,uM,480,1662392.0
plate6,0,smp_2031,45,CVCL_0332,11,Larotrectinib__5__uM,False,,Larotrectinib,5.0,uM,341,1285811.0
plate6,0,smp_2031,45,CVCL_0334,12,Larotrectinib__5__uM,False,,Larotrectinib,5.0,uM,251,630860.0
plate6,0,smp_2031,45,CVCL_0359,13,Larotrectinib__5__uM,False,,Larotrectinib,5.0,uM,650,2325016.0
plate6,0,smp_2031,45,CVCL_0366,14,Larotrectinib__5__uM,False,,Larotrectinib,5.0,uM,279,1109635.0
plate6,0,smp_2031,45,CVCL_0371,15,Larotrectinib__5__uM,False,,Larotrectinib,5.0,uM,546,1893333.0
plate6,0,smp_2031,45,CVCL_0397,16,Larotrectinib__5__uM,False,,Larotrectinib,5.0,uM,294,1221084.0
plate6,0,smp_2031,45,CVCL_0399,17,Larotrectinib__5__uM,False,,Larotrectinib,5.0,uM,765,2454401.0
plate6,0,smp_2031,45,CVCL_0428,18,Larotrectinib__5__uM,False,,Larotrectinib,5.0,uM,316,1091727.0
plate6,0,smp_2031,45,CVCL_0459,19,Larotrectinib__5__uM,False,,Larotrectinib,5.0,uM,1029,2299478.0
plate6,0,smp_2031,45,CVCL_0480,20,Larotrectinib__5__uM,False,,Larotrectinib,5.0,uM,619,3070517.0
plate6,0,smp_2031,45,CVCL_0504,21,Larotrectinib__5__uM,False,,Larotrectinib,5.0,uM,685,1505121.0
plate6,0,smp_2031,45,CVCL_0546,22,Larotrectinib__5__uM,False,,Larotrectinib,5.0,uM,1521,3670613.0
plate6,0,smp_2031,45,CVCL_1055,23,Larotrectinib__5__uM,False,,Larotrectinib,5.0,uM,425,2269088.0
plate6,0,smp_2031,45,CVCL_1056,24,Larotrectinib__5__uM,False,,Larotrectinib,5.0,uM,466,2283601.0
plate6,0,smp_2031,45,CVCL_1094,25,Larotrectinib__5__uM,False,,Larotrectinib,5.0,uM,498,1152884.0
plate6,0,smp_2031,45,CVCL_1097,26,Larotrectinib__5__uM,False,,Larotrectinib,5.0,uM,538,1324204.0
plate6,0,smp_2031,45,CVCL_1098,27,Larotrectinib__5__uM,False,,Larotrectinib,5.0,uM,429,959625.0
plate6,0,smp_2031,45,CVCL_1119,28,Larotrectinib__5__uM,False,,Larotrectinib,5.0,uM,531,1955745.0
plate6,0,smp_2031,45,CVCL_1125,29,Larotrectinib__5__uM,False,,Larotrectinib,5.0,uM,118,196623.0
plate6,0,smp_2031,45,CVCL_1239,30,Larotrectinib__5__uM,False,,Larotrectinib,5.0,uM,166,407039.0
plate6,0,smp_2031,45,CVCL_1285,31,Larotrectinib__5__uM,False,,Larotrectinib,5.0,uM,700,2067617.0
plate6,0,smp_2031,45,CVCL_1381,32,Larotrectinib__5__uM,False,,Larotrectinib,5.0,uM,598,2012746.0
plate6,0,smp_2031,45,CVCL_1478,33,Larotrectinib__5__uM,False,,Larotrectinib,5.0,uM,534,1840744.0
plate6,0,smp_2031,45,CVCL_1495,34,Larotrectinib__5__uM,False,,Larotrectinib,5.0,uM,367,1141571.0
plate6,0,smp_2031,45,CVCL_1517,35,Larotrectinib__5__uM,False,,Larotrectinib,5.0,uM,432,2168135.0
plate6,0,smp_2031,45,CVCL_1531,36,Larotrectinib__5__uM,False,,Larotrectinib,5.0,uM,8,18829.0
plate6,0,smp_2031,45,CVCL_1547,37,Larotrectinib__5__uM,False,,Larotrectinib,5.0,uM,439,1527551.0
plate6,0,smp_2031,45,CVCL_1550,38,Larotrectinib__5__uM,False,,Larotrectinib,5.0,uM,488,2771028.0
plate6,0,smp_2031,45,CVCL_1571,39,Larotrectinib__5__uM,False,,Larotrectinib,5.0,uM,4,3785.0
plate6,0,smp_2031,45,CVCL_1577,40,Larotrectinib__5__uM,False,,Larotrectinib,5.0,uM,39,219585.0
plate6,0,smp_2031,45,CVCL_1635,41,Larotrectinib__5__uM,False,,Larotrectinib,5.0,uM,370,1268970.0
plate6,0,smp_2031,45,CVCL_1666,42,Larotrectinib__5__uM,False,,Larotrectinib,5.0,uM,409,817257.0
plate6,0,smp_2031,45,CVCL_1693,43,Larotrectinib__5__uM,False,,Larotrectinib,5.0,uM,512,1085825.0
plate6,0,smp_2031,45,CVCL_1715,44,Larotrectinib__5__uM,False,,Larotrectinib,5.0,uM,30,59533.0
plate6,0,smp_2031,45,CVCL_1716,45,Larotrectinib__5__uM,False,,Larotrectinib,5.0,uM,63,142738.0
plate6,0,smp_2031,45,CVCL_1717,46,Larotrectinib__5__uM,False,,Larotrectinib,5.0,uM,400,1664146.0
plate6,0,smp_2031,45,CVCL_1724,47,Larotrectinib__5__uM,False,,Larotrectinib,5.0,uM,246,559465.0
plate6,0,smp_2031,45,CVCL_1731,48,Larotrectinib__5__uM,False,,Larotrectinib,5.0,uM,342,840597.0
plate6,0,smp_2031,45,CVCL_C466,49,Larotrectinib__5__uM,False,,Larotrectinib,5.0,uM,509,944613.0
plate6,0,smp_2020,46,CVCL_0023,0,Lenalidomide (hemihydrate)__5__uM,False,,Lenalidomide (hemihydrate),5.0,uM,2027,3609191.0
plate6,0,smp_2020,46,CVCL_0028,1,Lenalidomide (hemihydrate)__5__uM,False,,Lenalidomide (hemihydrate),5.0,uM,576,763551.0
plate6,0,smp_2020,46,CVCL_0069,2,Lenalidomide (hemihydrate)__5__uM,False,,Lenalidomide (hemihydrate),5.0,uM,1124,2309692.0
plate6,0,smp_2020,46,CVCL_0099,3,Lenalidomide (hemihydrate)__5__uM,False,,Lenalidomide (hemihydrate),5.0,uM,565,832935.0
plate6,0,smp_2020,46,CVCL_0131,4,Lenalidomide (hemihydrate)__5__uM,False,,Lenalidomide (hemihydrate),5.0,uM,2044,4885772.0
plate6,0,smp_2020,46,CVCL_0152,5,Lenalidomide (hemihydrate)__5__uM,False,,Lenalidomide (hemihydrate),5.0,uM,1803,3574691.0
plate6,0,smp_2020,46,CVCL_0179,6,Lenalidomide (hemihydrate)__5__uM,False,,Lenalidomide (hemihydrate),5.0,uM,928,2187179.0
plate6,0,smp_2020,46,CVCL_0218,7,Lenalidomide (hemihydrate)__5__uM,False,,Lenalidomide (hemihydrate),5.0,uM,884,1368288.0
plate6,0,smp_2020,46,CVCL_0292,8,Lenalidomide (hemihydrate)__5__uM,False,,Lenalidomide (hemihydrate),5.0,uM,765,1089359.0
plate6,0,smp_2020,46,CVCL_0293,9,Lenalidomide (hemihydrate)__5__uM,False,,Lenalidomide (hemihydrate),5.0,uM,1677,5339963.0
plate6,0,smp_2020,46,CVCL_0320,10,Lenalidomide (hemihydrate)__5__uM,False,,Lenalidomide (hemihydrate),5.0,uM,1313,3114925.0
plate6,0,smp_2020,46,CVCL_0332,11,Lenalidomide (hemihydrate)__5__uM,False,,Lenalidomide (hemihydrate),5.0,uM,1101,2757183.0
plate6,0,smp_2020,46,CVCL_0334,12,Lenalidomide (hemihydrate)__5__uM,False,,Lenalidomide (hemihydrate),5.0,uM,723,1369617.0
plate6,0,smp_2020,46,CVCL_0359,13,Lenalidomide (hemihydrate)__5__uM,False,,Lenalidomide (hemihydrate),5.0,uM,2127,4810510.0
plate6,0,smp_2020,46,CVCL_0366,14,Lenalidomide (hemihydrate)__5__uM,False,,Lenalidomide (hemihydrate),5.0,uM,1059,2994406.0
plate6,0,smp_2020,46,CVCL_0371,15,Lenalidomide (hemihydrate)__5__uM,False,,Lenalidomide (hemihydrate),5.0,uM,1524,3244989.0
plate6,0,smp_2020,46,CVCL_0397,16,Lenalidomide (hemihydrate)__5__uM,False,,Lenalidomide (hemihydrate),5.0,uM,907,2637450.0
plate6,0,smp_2020,46,CVCL_0399,17,Lenalidomide (hemihydrate)__5__uM,False,,Lenalidomide (hemihydrate),5.0,uM,2035,5257108.0
plate6,0,smp_2020,46,CVCL_0428,18,Lenalidomide (hemihydrate)__5__uM,False,,Lenalidomide (hemihydrate),5.0,uM,1082,2294146.0
plate6,0,smp_2020,46,CVCL_0459,19,Lenalidomide (hemihydrate)__5__uM,False,,Lenalidomide (hemihydrate),5.0,uM,2767,4245497.0
plate6,0,smp_2020,46,CVCL_0480,20,Lenalidomide (hemihydrate)__5__uM,False,,Lenalidomide (hemihydrate),5.0,uM,2173,6635207.0
plate6,0,smp_2020,46,CVCL_0504,21,Lenalidomide (hemihydrate)__5__uM,False,,Lenalidomide (hemihydrate),5.0,uM,1872,2817269.0
plate6,0,smp_2020,46,CVCL_0546,22,Lenalidomide (hemihydrate)__5__uM,False,,Lenalidomide (hemihydrate),5.0,uM,3557,6279444.0
plate6,0,smp_2020,46,CVCL_1055,23,Lenalidomide (hemihydrate)__5__uM,False,,Lenalidomide (hemihydrate),5.0,uM,1315,4600443.0
plate6,0,smp_2020,46,CVCL_1056,24,Lenalidomide (hemihydrate)__5__uM,False,,Lenalidomide (hemihydrate),5.0,uM,1745,5471054.0
plate6,0,smp_2020,46,CVCL_1094,25,Lenalidomide (hemihydrate)__5__uM,False,,Lenalidomide (hemihydrate),5.0,uM,1283,2046127.0
plate6,0,smp_2020,46,CVCL_1097,26,Lenalidomide (hemihydrate)__5__uM,False,,Lenalidomide (hemihydrate),5.0,uM,1386,2255150.0
plate6,0,smp_2020,46,CVCL_1098,27,Lenalidomide (hemihydrate)__5__uM,False,,Lenalidomide (hemihydrate),5.0,uM,1004,1722161.0
plate6,0,smp_2020,46,CVCL_1119,28,Lenalidomide (hemihydrate)__5__uM,False,,Lenalidomide (hemihydrate),5.0,uM,1413,3392440.0
plate6,0,smp_2020,46,CVCL_1125,29,Lenalidomide (hemihydrate)__5__uM,False,,Lenalidomide (hemihydrate),5.0,uM,273,341303.0
plate6,0,smp_2020,46,CVCL_1239,30,Lenalidomide (hemihydrate)__5__uM,False,,Lenalidomide (hemihydrate),5.0,uM,498,763367.0
plate6,0,smp_2020,46,CVCL_1285,31,Lenalidomide (hemihydrate)__5__uM,False,,Lenalidomide (hemihydrate),5.0,uM,2219,4252254.0
plate6,0,smp_2020,46,CVCL_1381,32,Lenalidomide (hemihydrate)__5__uM,False,,Lenalidomide (hemihydrate),5.0,uM,1669,3327999.0
plate6,0,smp_2020,46,CVCL_1478,33,Lenalidomide (hemihydrate)__5__uM,False,,Lenalidomide (hemihydrate),5.0,uM,1484,4692586.0
plate6,0,smp_2020,46,CVCL_1495,34,Lenalidomide (hemihydrate)__5__uM,False,,Lenalidomide (hemihydrate),5.0,uM,1185,2321938.0
plate6,0,smp_2020,46,CVCL_1517,35,Lenalidomide (hemihydrate)__5__uM,False,,Lenalidomide (hemihydrate),5.0,uM,1445,4866670.0
plate6,0,smp_2020,46,CVCL_1531,36,Lenalidomide (hemihydrate)__5__uM,False,,Lenalidomide (hemihydrate),5.0,uM,17,23229.0
plate6,0,smp_2020,46,CVCL_1547,37,Lenalidomide (hemihydrate)__5__uM,False,,Lenalidomide (hemihydrate),5.0,uM,1493,3212651.0
plate6,0,smp_2020,46,CVCL_1550,38,Lenalidomide (hemihydrate)__5__uM,False,,Lenalidomide (hemihydrate),5.0,uM,1701,6284114.0
plate6,0,smp_2020,46,CVCL_1571,39,Lenalidomide (hemihydrate)__5__uM,False,,Lenalidomide (hemihydrate),5.0,uM,8,7798.0
plate6,0,smp_2020,46,CVCL_1577,40,Lenalidomide (hemihydrate)__5__uM,False,,Lenalidomide (hemihydrate),5.0,uM,113,415819.0
plate6,0,smp_2020,46,CVCL_1635,41,Lenalidomide (hemihydrate)__5__uM,False,,Lenalidomide (hemihydrate),5.0,uM,1103,2498821.0
plate6,0,smp_2020,46,CVCL_1666,42,Lenalidomide (hemihydrate)__5__uM,False,,Lenalidomide (hemihydrate),5.0,uM,1003,1465183.0
plate6,0,smp_2020,46,CVCL_1693,43,Lenalidomide (hemihydrate)__5__uM,False,,Lenalidomide (hemihydrate),5.0,uM,1024,1524654.0
plate6,0,smp_2020,46,CVCL_1715,44,Lenalidomide (hemihydrate)__5__uM,False,,Lenalidomide (hemihydrate),5.0,uM,92,137019.0
plate6,0,smp_2020,46,CVCL_1716,45,Lenalidomide (hemihydrate)__5__uM,False,,Lenalidomide (hemihydrate),5.0,uM,135,194276.0
plate6,0,smp_2020,46,CVCL_1717,46,Lenalidomide (hemihydrate)__5__uM,False,,Lenalidomide (hemihydrate),5.0,uM,1270,3374949.0
plate6,0,smp_2020,46,CVCL_1724,47,Lenalidomide (hemihydrate)__5__uM,False,,Lenalidomide (hemihydrate),5.0,uM,543,1018336.0
plate6,0,smp_2020,46,CVCL_1731,48,Lenalidomide (hemihydrate)__5__uM,False,,Lenalidomide (hemihydrate),5.0,uM,917,1692967.0
plate6,0,smp_2020,46,CVCL_C466,49,Lenalidomide (hemihydrate)__5__uM,False,,Lenalidomide (hemihydrate),5.0,uM,1155,1499005.0
plate6,0,smp_2028,47,CVCL_0023,0,Lidocaine (hydrochloride)__5__uM,False,,Lidocaine (hydrochloride),5.0,uM,1129,1703251.0
plate6,0,smp_2028,47,CVCL_0028,1,Lidocaine (hydrochloride)__5__uM,False,,Lidocaine (hydrochloride),5.0,uM,203,246582.0
plate6,0,smp_2028,47,CVCL_0069,2,Lidocaine (hydrochloride)__5__uM,False,,Lidocaine (hydrochloride),5.0,uM,658,1215795.0
plate6,0,smp_2028,47,CVCL_0099,3,Lidocaine (hydrochloride)__5__uM,False,,Lidocaine (hydrochloride),5.0,uM,243,319617.0
plate6,0,smp_2028,47,CVCL_0131,4,Lidocaine (hydrochloride)__5__uM,False,,Lidocaine (hydrochloride),5.0,uM,1318,2708389.0
plate6,0,smp_2028,47,CVCL_0152,5,Lidocaine (hydrochloride)__5__uM,False,,Lidocaine (hydrochloride),5.0,uM,936,1821692.0
plate6,0,smp_2028,47,CVCL_0179,6,Lidocaine (hydrochloride)__5__uM,False,,Lidocaine (hydrochloride),5.0,uM,478,1039552.0
plate6,0,smp_2028,47,CVCL_0218,7,Lidocaine (hydrochloride)__5__uM,False,,Lidocaine (hydrochloride),5.0,uM,409,588964.0
plate6,0,smp_2028,47,CVCL_0292,8,Lidocaine (hydrochloride)__5__uM,False,,Lidocaine (hydrochloride),5.0,uM,355,501817.0
plate6,0,smp_2028,47,CVCL_0293,9,Lidocaine (hydrochloride)__5__uM,False,,Lidocaine (hydrochloride),5.0,uM,1031,2644983.0
plate6,0,smp_2028,47,CVCL_0320,10,Lidocaine (hydrochloride)__5__uM,False,,Lidocaine (hydrochloride),5.0,uM,833,1627083.0
plate6,0,smp_2028,47,CVCL_0332,11,Lidocaine (hydrochloride)__5__uM,False,,Lidocaine (hydrochloride),5.0,uM,623,1323757.0
plate6,0,smp_2028,47,CVCL_0334,12,Lidocaine (hydrochloride)__5__uM,False,,Lidocaine (hydrochloride),5.0,uM,365,633039.0
plate6,0,smp_2028,47,CVCL_0359,13,Lidocaine (hydrochloride)__5__uM,False,,Lidocaine (hydrochloride),5.0,uM,1194,2187166.0
plate6,0,smp_2028,47,CVCL_0366,14,Lidocaine (hydrochloride)__5__uM,False,,Lidocaine (hydrochloride),5.0,uM,669,1519583.0
plate6,0,smp_2028,47,CVCL_0371,15,Lidocaine (hydrochloride)__5__uM,False,,Lidocaine (hydrochloride),5.0,uM,881,1726150.0
plate6,0,smp_2028,47,CVCL_0397,16,Lidocaine (hydrochloride)__5__uM,False,,Lidocaine (hydrochloride),5.0,uM,504,1175759.0
plate6,0,smp_2028,47,CVCL_0399,17,Lidocaine (hydrochloride)__5__uM,False,,Lidocaine (hydrochloride),5.0,uM,1129,2683164.0
plate6,0,smp_2028,47,CVCL_0428,18,Lidocaine (hydrochloride)__5__uM,False,,Lidocaine (hydrochloride),5.0,uM,597,1041318.0
plate6,0,smp_2028,47,CVCL_0459,19,Lidocaine (hydrochloride)__5__uM,False,,Lidocaine (hydrochloride),5.0,uM,1260,1742764.0
plate6,0,smp_2028,47,CVCL_0480,20,Lidocaine (hydrochloride)__5__uM,False,,Lidocaine (hydrochloride),5.0,uM,1317,3164936.0
plate6,0,smp_2028,47,CVCL_0504,21,Lidocaine (hydrochloride)__5__uM,False,,Lidocaine (hydrochloride),5.0,uM,787,1042483.0
plate6,0,smp_2028,47,CVCL_0546,22,Lidocaine (hydrochloride)__5__uM,False,,Lidocaine (hydrochloride),5.0,uM,1909,3358204.0
plate6,0,smp_2028,47,CVCL_1055,23,Lidocaine (hydrochloride)__5__uM,False,,Lidocaine (hydrochloride),5.0,uM,734,2016820.0
plate6,0,smp_2028,47,CVCL_1056,24,Lidocaine (hydrochloride)__5__uM,False,,Lidocaine (hydrochloride),5.0,uM,1131,2854664.0
plate6,0,smp_2028,47,CVCL_1094,25,Lidocaine (hydrochloride)__5__uM,False,,Lidocaine (hydrochloride),5.0,uM,599,842494.0
plate6,0,smp_2028,47,CVCL_1097,26,Lidocaine (hydrochloride)__5__uM,False,,Lidocaine (hydrochloride),5.0,uM,703,1053564.0
plate6,0,smp_2028,47,CVCL_1098,27,Lidocaine (hydrochloride)__5__uM,False,,Lidocaine (hydrochloride),5.0,uM,451,667320.0
plate6,0,smp_2028,47,CVCL_1119,28,Lidocaine (hydrochloride)__5__uM,False,,Lidocaine (hydrochloride),5.0,uM,916,1812119.0
plate6,0,smp_2028,47,CVCL_1125,29,Lidocaine (hydrochloride)__5__uM,False,,Lidocaine (hydrochloride),5.0,uM,85,106835.0
plate6,0,smp_2028,47,CVCL_1239,30,Lidocaine (hydrochloride)__5__uM,False,,Lidocaine (hydrochloride),5.0,uM,237,318081.0
plate6,0,smp_2028,47,CVCL_1285,31,Lidocaine (hydrochloride)__5__uM,False,,Lidocaine (hydrochloride),5.0,uM,1339,2271701.0
plate6,0,smp_2028,47,CVCL_1381,32,Lidocaine (hydrochloride)__5__uM,False,,Lidocaine (hydrochloride),5.0,uM,1051,1764100.0
plate6,0,smp_2028,47,CVCL_1478,33,Lidocaine (hydrochloride)__5__uM,False,,Lidocaine (hydrochloride),5.0,uM,819,2276961.0
plate6,0,smp_2028,47,CVCL_1495,34,Lidocaine (hydrochloride)__5__uM,False,,Lidocaine (hydrochloride),5.0,uM,607,988020.0
plate6,0,smp_2028,47,CVCL_1517,35,Lidocaine (hydrochloride)__5__uM,False,,Lidocaine (hydrochloride),5.0,uM,986,2724145.0
plate6,0,smp_2028,47,CVCL_1531,36,Lidocaine (hydrochloride)__5__uM,False,,Lidocaine (hydrochloride),5.0,uM,18,38060.0
plate6,0,smp_2028,47,CVCL_1547,37,Lidocaine (hydrochloride)__5__uM,False,,Lidocaine (hydrochloride),5.0,uM,790,1424894.0
plate6,0,smp_2028,47,CVCL_1550,38,Lidocaine (hydrochloride)__5__uM,False,,Lidocaine (hydrochloride),5.0,uM,1144,3408737.0
plate6,0,smp_2028,47,CVCL_1571,39,Lidocaine (hydrochloride)__5__uM,False,,Lidocaine (hydrochloride),5.0,uM,9,8280.0
plate6,0,smp_2028,47,CVCL_1577,40,Lidocaine (hydrochloride)__5__uM,False,,Lidocaine (hydrochloride),5.0,uM,70,185620.0
plate6,0,smp_2028,47,CVCL_1635,41,Lidocaine (hydrochloride)__5__uM,False,,Lidocaine (hydrochloride),5.0,uM,664,1291553.0
plate6,0,smp_2028,47,CVCL_1666,42,Lidocaine (hydrochloride)__5__uM,False,,Lidocaine (hydrochloride),5.0,uM,507,719201.0
plate6,0,smp_2028,47,CVCL_1693,43,Lidocaine (hydrochloride)__5__uM,False,,Lidocaine (hydrochloride),5.0,uM,520,689305.0
plate6,0,smp_2028,47,CVCL_1715,44,Lidocaine (hydrochloride)__5__uM,False,,Lidocaine (hydrochloride),5.0,uM,51,73858.0
plate6,0,smp_2028,47,CVCL_1716,45,Lidocaine (hydrochloride)__5__uM,False,,Lidocaine (hydrochloride),5.0,uM,66,102304.0
plate6,0,smp_2028,47,CVCL_1717,46,Lidocaine (hydrochloride)__5__uM,False,,Lidocaine (hydrochloride),5.0,uM,778,1882171.0
plate6,0,smp_2028,47,CVCL_1724,47,Lidocaine (hydrochloride)__5__uM,False,,Lidocaine (hydrochloride),5.0,uM,325,533718.0
plate6,0,smp_2028,47,CVCL_1731,48,Lidocaine (hydrochloride)__5__uM,False,,Lidocaine (hydrochloride),5.0,uM,558,866965.0
plate6,0,smp_2028,47,CVCL_C466,49,Lidocaine (hydrochloride)__5__uM,False,,Lidocaine (hydrochloride),5.0,uM,523,644260.0
plate6,0,smp_2064,48,CVCL_0023,0,Lipoic acid__5__uM,False,,Lipoic acid,5.0,uM,2603,6106226.0
plate6,0,smp_2064,48,CVCL_0028,1,Lipoic acid__5__uM,False,,Lipoic acid,5.0,uM,1023,1758610.0
plate6,0,smp_2064,48,CVCL_0069,2,Lipoic acid__5__uM,False,,Lipoic acid,5.0,uM,1502,4063761.0
plate6,0,smp_2064,48,CVCL_0099,3,Lipoic acid__5__uM,False,,Lipoic acid,5.0,uM,1030,2044569.0
plate6,0,smp_2064,48,CVCL_0131,4,Lipoic acid__5__uM,False,,Lipoic acid,5.0,uM,2476,8082533.0
plate6,0,smp_2064,48,CVCL_0152,5,Lipoic acid__5__uM,False,,Lipoic acid,5.0,uM,2693,6074998.0
plate6,0,smp_2064,48,CVCL_0179,6,Lipoic acid__5__uM,False,,Lipoic acid,5.0,uM,1307,4491171.0
plate6,0,smp_2064,48,CVCL_0218,7,Lipoic acid__5__uM,False,,Lipoic acid,5.0,uM,1260,2549146.0
plate6,0,smp_2064,48,CVCL_0292,8,Lipoic acid__5__uM,False,,Lipoic acid,5.0,uM,1453,2422422.0
plate6,0,smp_2064,48,CVCL_0293,9,Lipoic acid__5__uM,False,,Lipoic acid,5.0,uM,2242,7620376.0
plate6,0,smp_2064,48,CVCL_0320,10,Lipoic acid__5__uM,False,,Lipoic acid,5.0,uM,1651,5158038.0
plate6,0,smp_2064,48,CVCL_0332,11,Lipoic acid__5__uM,False,,Lipoic acid,5.0,uM,1233,3944346.0
plate6,0,smp_2064,48,CVCL_0334,12,Lipoic acid__5__uM,False,,Lipoic acid,5.0,uM,1068,2277680.0
plate6,0,smp_2064,48,CVCL_0359,13,Lipoic acid__5__uM,False,,Lipoic acid,5.0,uM,2607,7964567.0
plate6,0,smp_2064,48,CVCL_0366,14,Lipoic acid__5__uM,False,,Lipoic acid,5.0,uM,1485,5359578.0
plate6,0,smp_2064,48,CVCL_0371,15,Lipoic acid__5__uM,False,,Lipoic acid,5.0,uM,1834,5231124.0
plate6,0,smp_2064,48,CVCL_0397,16,Lipoic acid__5__uM,False,,Lipoic acid,5.0,uM,1100,3962171.0
plate6,0,smp_2064,48,CVCL_0399,17,Lipoic acid__5__uM,False,,Lipoic acid,5.0,uM,2883,8224605.0
plate6,0,smp_2064,48,CVCL_0428,18,Lipoic acid__5__uM,False,,Lipoic acid,5.0,uM,1252,3757247.0
plate6,0,smp_2064,48,CVCL_0459,19,Lipoic acid__5__uM,False,,Lipoic acid,5.0,uM,4318,8629213.0
plate6,0,smp_2064,48,CVCL_0480,20,Lipoic acid__5__uM,False,,Lipoic acid,5.0,uM,2654,9683030.0
plate6,0,smp_2064,48,CVCL_0504,21,Lipoic acid__5__uM,False,,Lipoic acid,5.0,uM,2530,4925582.0
plate6,0,smp_2064,48,CVCL_0546,22,Lipoic acid__5__uM,False,,Lipoic acid,5.0,uM,5312,11675378.0
plate6,0,smp_2064,48,CVCL_1055,23,Lipoic acid__5__uM,False,,Lipoic acid,5.0,uM,1810,8002607.0
plate6,0,smp_2064,48,CVCL_1056,24,Lipoic acid__5__uM,False,,Lipoic acid,5.0,uM,2154,9308937.0
plate6,0,smp_2064,48,CVCL_1094,25,Lipoic acid__5__uM,False,,Lipoic acid,5.0,uM,1781,3763198.0
plate6,0,smp_2064,48,CVCL_1097,26,Lipoic acid__5__uM,False,,Lipoic acid,5.0,uM,1812,3887964.0
plate6,0,smp_2064,48,CVCL_1098,27,Lipoic acid__5__uM,False,,Lipoic acid,5.0,uM,2005,4105606.0
plate6,0,smp_2064,48,CVCL_1119,28,Lipoic acid__5__uM,False,,Lipoic acid,5.0,uM,1791,5623547.0
plate6,0,smp_2064,48,CVCL_1125,29,Lipoic acid__5__uM,False,,Lipoic acid,5.0,uM,472,806399.0
plate6,0,smp_2064,48,CVCL_1239,30,Lipoic acid__5__uM,False,,Lipoic acid,5.0,uM,671,1501538.0
plate6,0,smp_2064,48,CVCL_1285,31,Lipoic acid__5__uM,False,,Lipoic acid,5.0,uM,2561,6628254.0
plate6,0,smp_2064,48,CVCL_1381,32,Lipoic acid__5__uM,False,,Lipoic acid,5.0,uM,2041,5565603.0
plate6,0,smp_2064,48,CVCL_1478,33,Lipoic acid__5__uM,False,,Lipoic acid,5.0,uM,1856,5433093.0
plate6,0,smp_2064,48,CVCL_1495,34,Lipoic acid__5__uM,False,,Lipoic acid,5.0,uM,1442,3900369.0
plate6,0,smp_2064,48,CVCL_1517,35,Lipoic acid__5__uM,False,,Lipoic acid,5.0,uM,1647,6981747.0
plate6,0,smp_2064,48,CVCL_1531,36,Lipoic acid__5__uM,False,,Lipoic acid,5.0,uM,27,39018.0
plate6,0,smp_2064,48,CVCL_1547,37,Lipoic acid__5__uM,False,,Lipoic acid,5.0,uM,1921,5570787.0
plate6,0,smp_2064,48,CVCL_1550,38,Lipoic acid__5__uM,False,,Lipoic acid,5.0,uM,1842,8875687.0
plate6,0,smp_2064,48,CVCL_1571,39,Lipoic acid__5__uM,False,,Lipoic acid,5.0,uM,14,12885.0
plate6,0,smp_2064,48,CVCL_1577,40,Lipoic acid__5__uM,False,,Lipoic acid,5.0,uM,107,622973.0
plate6,0,smp_2064,48,CVCL_1635,41,Lipoic acid__5__uM,False,,Lipoic acid,5.0,uM,1233,3785319.0
plate6,0,smp_2064,48,CVCL_1666,42,Lipoic acid__5__uM,False,,Lipoic acid,5.0,uM,1396,2764677.0
plate6,0,smp_2064,48,CVCL_1693,43,Lipoic acid__5__uM,False,,Lipoic acid,5.0,uM,1716,3310472.0
plate6,0,smp_2064,48,CVCL_1715,44,Lipoic acid__5__uM,False,,Lipoic acid,5.0,uM,99,178166.0
plate6,0,smp_2064,48,CVCL_1716,45,Lipoic acid__5__uM,False,,Lipoic acid,5.0,uM,203,370263.0
plate6,0,smp_2064,48,CVCL_1717,46,Lipoic acid__5__uM,False,,Lipoic acid,5.0,uM,1630,5740096.0
plate6,0,smp_2064,48,CVCL_1724,47,Lipoic acid__5__uM,False,,Lipoic acid,5.0,uM,922,2168868.0
plate6,0,smp_2064,48,CVCL_1731,48,Lipoic acid__5__uM,False,,Lipoic acid,5.0,uM,1410,3399376.0
plate6,0,smp_2064,48,CVCL_C466,49,Lipoic acid__5__uM,False,,Lipoic acid,5.0,uM,1853,3140604.0
plate6,0,smp_2045,49,CVCL_0023,0,Lumateperone (tosylate)__5__uM,False,,Lumateperone (tosylate),5.0,uM,2706,7365053.0
plate6,0,smp_2045,49,CVCL_0028,1,Lumateperone (tosylate)__5__uM,False,,Lumateperone (tosylate),5.0,uM,985,1878676.0
plate6,0,smp_2045,49,CVCL_0069,2,Lumateperone (tosylate)__5__uM,False,,Lumateperone (tosylate),5.0,uM,1646,4988503.0
plate6,0,smp_2045,49,CVCL_0099,3,Lumateperone (tosylate)__5__uM,False,,Lumateperone (tosylate),5.0,uM,942,2145783.0
plate6,0,smp_2045,49,CVCL_0131,4,Lumateperone (tosylate)__5__uM,False,,Lumateperone (tosylate),5.0,uM,2801,10286532.0
plate6,0,smp_2045,49,CVCL_0152,5,Lumateperone (tosylate)__5__uM,False,,Lumateperone (tosylate),5.0,uM,3074,7957175.0
plate6,0,smp_2045,49,CVCL_0179,6,Lumateperone (tosylate)__5__uM,False,,Lumateperone (tosylate),5.0,uM,1504,5745333.0
plate6,0,smp_2045,49,CVCL_0218,7,Lumateperone (tosylate)__5__uM,False,,Lumateperone (tosylate),5.0,uM,1374,3298467.0
plate6,0,smp_2045,49,CVCL_0292,8,Lumateperone (tosylate)__5__uM,False,,Lumateperone (tosylate),5.0,uM,1610,3263886.0
plate6,0,smp_2045,49,CVCL_0293,9,Lumateperone (tosylate)__5__uM,False,,Lumateperone (tosylate),5.0,uM,2381,10951186.0
plate6,0,smp_2045,49,CVCL_0320,10,Lumateperone (tosylate)__5__uM,False,,Lumateperone (tosylate),5.0,uM,2017,6991891.0
plate6,0,smp_2045,49,CVCL_0332,11,Lumateperone (tosylate)__5__uM,False,,Lumateperone (tosylate),5.0,uM,1379,5230806.0
plate6,0,smp_2045,49,CVCL_0334,12,Lumateperone (tosylate)__5__uM,False,,Lumateperone (tosylate),5.0,uM,1205,2847172.0
plate6,0,smp_2045,49,CVCL_0359,13,Lumateperone (tosylate)__5__uM,False,,Lumateperone (tosylate),5.0,uM,2551,8896963.0
plate6,0,smp_2045,49,CVCL_0366,14,Lumateperone (tosylate)__5__uM,False,,Lumateperone (tosylate),5.0,uM,1304,5652336.0
plate6,0,smp_2045,49,CVCL_0371,15,Lumateperone (tosylate)__5__uM,False,,Lumateperone (tosylate),5.0,uM,2236,7259998.0
plate6,0,smp_2045,49,CVCL_0397,16,Lumateperone (tosylate)__5__uM,False,,Lumateperone (tosylate),5.0,uM,1495,6115263.0
plate6,0,smp_2045,49,CVCL_0399,17,Lumateperone (tosylate)__5__uM,False,,Lumateperone (tosylate),5.0,uM,3203,11001736.0
plate6,0,smp_2045,49,CVCL_0428,18,Lumateperone (tosylate)__5__uM,False,,Lumateperone (tosylate),5.0,uM,1371,4524619.0
plate6,0,smp_2045,49,CVCL_0459,19,Lumateperone (tosylate)__5__uM,False,,Lumateperone (tosylate),5.0,uM,4349,10115404.0
plate6,0,smp_2045,49,CVCL_0480,20,Lumateperone (tosylate)__5__uM,False,,Lumateperone (tosylate),5.0,uM,3058,14155515.0
plate6,0,smp_2045,49,CVCL_0504,21,Lumateperone (tosylate)__5__uM,False,,Lumateperone (tosylate),5.0,uM,2629,5788836.0
plate6,0,smp_2045,49,CVCL_0546,22,Lumateperone (tosylate)__5__uM,False,,Lumateperone (tosylate),5.0,uM,5707,14584474.0
plate6,0,smp_2045,49,CVCL_1055,23,Lumateperone (tosylate)__5__uM,False,,Lumateperone (tosylate),5.0,uM,1702,9171397.0
plate6,0,smp_2045,49,CVCL_1056,24,Lumateperone (tosylate)__5__uM,False,,Lumateperone (tosylate),5.0,uM,2321,10932187.0
plate6,0,smp_2045,49,CVCL_1094,25,Lumateperone (tosylate)__5__uM,False,,Lumateperone (tosylate),5.0,uM,1595,3818166.0
plate6,0,smp_2045,49,CVCL_1097,26,Lumateperone (tosylate)__5__uM,False,,Lumateperone (tosylate),5.0,uM,2265,5646283.0
plate6,0,smp_2045,49,CVCL_1098,27,Lumateperone (tosylate)__5__uM,False,,Lumateperone (tosylate),5.0,uM,1737,4450373.0
plate6,0,smp_2045,49,CVCL_1119,28,Lumateperone (tosylate)__5__uM,False,,Lumateperone (tosylate),5.0,uM,1822,6744511.0
plate6,0,smp_2045,49,CVCL_1125,29,Lumateperone (tosylate)__5__uM,False,,Lumateperone (tosylate),5.0,uM,378,707752.0
plate6,0,smp_2045,49,CVCL_1239,30,Lumateperone (tosylate)__5__uM,False,,Lumateperone (tosylate),5.0,uM,828,2109852.0
plate6,0,smp_2045,49,CVCL_1285,31,Lumateperone (tosylate)__5__uM,False,,Lumateperone (tosylate),5.0,uM,2821,8353205.0
plate6,0,smp_2045,49,CVCL_1381,32,Lumateperone (tosylate)__5__uM,False,,Lumateperone (tosylate),5.0,uM,2052,6449574.0
plate6,0,smp_2045,49,CVCL_1478,33,Lumateperone (tosylate)__5__uM,False,,Lumateperone (tosylate),5.0,uM,2423,8943829.0
plate6,0,smp_2045,49,CVCL_1495,34,Lumateperone (tosylate)__5__uM,False,,Lumateperone (tosylate),5.0,uM,1539,4935847.0
plate6,0,smp_2045,49,CVCL_1517,35,Lumateperone (tosylate)__5__uM,False,,Lumateperone (tosylate),5.0,uM,1933,9703905.0
plate6,0,smp_2045,49,CVCL_1531,36,Lumateperone (tosylate)__5__uM,False,,Lumateperone (tosylate),5.0,uM,20,29351.0
plate6,0,smp_2045,49,CVCL_1547,37,Lumateperone (tosylate)__5__uM,False,,Lumateperone (tosylate),5.0,uM,1880,6515739.0
plate6,0,smp_2045,49,CVCL_1550,38,Lumateperone (tosylate)__5__uM,False,,Lumateperone (tosylate),5.0,uM,1987,11121202.0
plate6,0,smp_2045,49,CVCL_1571,39,Lumateperone (tosylate)__5__uM,False,,Lumateperone (tosylate),5.0,uM,8,8377.0
plate6,0,smp_2045,49,CVCL_1577,40,Lumateperone (tosylate)__5__uM,False,,Lumateperone (tosylate),5.0,uM,140,813488.0
plate6,0,smp_2045,49,CVCL_1635,41,Lumateperone (tosylate)__5__uM,False,,Lumateperone (tosylate),5.0,uM,1390,5022201.0
plate6,0,smp_2045,49,CVCL_1666,42,Lumateperone (tosylate)__5__uM,False,,Lumateperone (tosylate),5.0,uM,1673,3585487.0
plate6,0,smp_2045,49,CVCL_1693,43,Lumateperone (tosylate)__5__uM,False,,Lumateperone (tosylate),5.0,uM,1578,3304177.0
plate6,0,smp_2045,49,CVCL_1715,44,Lumateperone (tosylate)__5__uM,False,,Lumateperone (tosylate),5.0,uM,129,314413.0
plate6,0,smp_2045,49,CVCL_1716,45,Lumateperone (tosylate)__5__uM,False,,Lumateperone (tosylate),5.0,uM,236,500460.0
plate6,0,smp_2045,49,CVCL_1717,46,Lumateperone (tosylate)__5__uM,False,,Lumateperone (tosylate),5.0,uM,1919,7909010.0
plate6,0,smp_2045,49,CVCL_1724,47,Lumateperone (tosylate)__5__uM,False,,Lumateperone (tosylate),5.0,uM,1076,2961149.0
plate6,0,smp_2045,49,CVCL_1731,48,Lumateperone (tosylate)__5__uM,False,,Lumateperone (tosylate),5.0,uM,1399,3833540.0
plate6,0,smp_2045,49,CVCL_C466,49,Lumateperone (tosylate)__5__uM,False,,Lumateperone (tosylate),5.0,uM,1962,3659216.0
plate6,0,smp_2051,50,CVCL_0023,0,Medroxyprogesterone acetate__5__uM,False,,Medroxyprogesterone acetate,5.0,uM,2843,4905333.0
plate6,0,smp_2051,50,CVCL_0028,1,Medroxyprogesterone acetate__5__uM,False,,Medroxyprogesterone acetate,5.0,uM,714,912496.0
plate6,0,smp_2051,50,CVCL_0069,2,Medroxyprogesterone acetate__5__uM,False,,Medroxyprogesterone acetate,5.0,uM,1435,2823351.0
plate6,0,smp_2051,50,CVCL_0099,3,Medroxyprogesterone acetate__5__uM,False,,Medroxyprogesterone acetate,5.0,uM,687,1038302.0
plate6,0,smp_2051,50,CVCL_0131,4,Medroxyprogesterone acetate__5__uM,False,,Medroxyprogesterone acetate,5.0,uM,2709,6242905.0
plate6,0,smp_2051,50,CVCL_0152,5,Medroxyprogesterone acetate__5__uM,False,,Medroxyprogesterone acetate,5.0,uM,2285,3884260.0
plate6,0,smp_2051,50,CVCL_0179,6,Medroxyprogesterone acetate__5__uM,False,,Medroxyprogesterone acetate,5.0,uM,1394,3542032.0
plate6,0,smp_2051,50,CVCL_0218,7,Medroxyprogesterone acetate__5__uM,False,,Medroxyprogesterone acetate,5.0,uM,1131,1634252.0
plate6,0,smp_2051,50,CVCL_0292,8,Medroxyprogesterone acetate__5__uM,False,,Medroxyprogesterone acetate,5.0,uM,999,1335896.0
plate6,0,smp_2051,50,CVCL_0293,9,Medroxyprogesterone acetate__5__uM,False,,Medroxyprogesterone acetate,5.0,uM,2337,6309960.0
plate6,0,smp_2051,50,CVCL_0320,10,Medroxyprogesterone acetate__5__uM,False,,Medroxyprogesterone acetate,5.0,uM,1814,3849036.0
plate6,0,smp_2051,50,CVCL_0332,11,Medroxyprogesterone acetate__5__uM,False,,Medroxyprogesterone acetate,5.0,uM,1327,3056410.0
plate6,0,smp_2051,50,CVCL_0334,12,Medroxyprogesterone acetate__5__uM,False,,Medroxyprogesterone acetate,5.0,uM,955,1599961.0
plate6,0,smp_2051,50,CVCL_0359,13,Medroxyprogesterone acetate__5__uM,False,,Medroxyprogesterone acetate,5.0,uM,2435,5160239.0
plate6,0,smp_2051,50,CVCL_0366,14,Medroxyprogesterone acetate__5__uM,False,,Medroxyprogesterone acetate,5.0,uM,1756,4523534.0
plate6,0,smp_2051,50,CVCL_0371,15,Medroxyprogesterone acetate__5__uM,False,,Medroxyprogesterone acetate,5.0,uM,1830,3629008.0
plate6,0,smp_2051,50,CVCL_0397,16,Medroxyprogesterone acetate__5__uM,False,,Medroxyprogesterone acetate,5.0,uM,1207,3072349.0
plate6,0,smp_2051,50,CVCL_0399,17,Medroxyprogesterone acetate__5__uM,False,,Medroxyprogesterone acetate,5.0,uM,2891,6539034.0
plate6,0,smp_2051,50,CVCL_0428,18,Medroxyprogesterone acetate__5__uM,False,,Medroxyprogesterone acetate,5.0,uM,1279,2560972.0
plate6,0,smp_2051,50,CVCL_0459,19,Medroxyprogesterone acetate__5__uM,False,,Medroxyprogesterone acetate,5.0,uM,4137,6218244.0
plate6,0,smp_2051,50,CVCL_0480,20,Medroxyprogesterone acetate__5__uM,False,,Medroxyprogesterone acetate,5.0,uM,2761,7075526.0
plate6,0,smp_2051,50,CVCL_0504,21,Medroxyprogesterone acetate__5__uM,False,,Medroxyprogesterone acetate,5.0,uM,2281,3214743.0
plate6,0,smp_2051,50,CVCL_0546,22,Medroxyprogesterone acetate__5__uM,False,,Medroxyprogesterone acetate,5.0,uM,4509,7537587.0
plate6,0,smp_2051,50,CVCL_1055,23,Medroxyprogesterone acetate__5__uM,False,,Medroxyprogesterone acetate,5.0,uM,1495,4646220.0
plate6,0,smp_2051,50,CVCL_1056,24,Medroxyprogesterone acetate__5__uM,False,,Medroxyprogesterone acetate,5.0,uM,2374,7095091.0
plate6,0,smp_2051,50,CVCL_1094,25,Medroxyprogesterone acetate__5__uM,False,,Medroxyprogesterone acetate,5.0,uM,1479,2139744.0
plate6,0,smp_2051,50,CVCL_1097,26,Medroxyprogesterone acetate__5__uM,False,,Medroxyprogesterone acetate,5.0,uM,1780,2829870.0
plate6,0,smp_2051,50,CVCL_1098,27,Medroxyprogesterone acetate__5__uM,False,,Medroxyprogesterone acetate,5.0,uM,1495,2335449.0
plate6,0,smp_2051,50,CVCL_1119,28,Medroxyprogesterone acetate__5__uM,False,,Medroxyprogesterone acetate,5.0,uM,2030,4348203.0
plate6,0,smp_2051,50,CVCL_1125,29,Medroxyprogesterone acetate__5__uM,False,,Medroxyprogesterone acetate,5.0,uM,292,372532.0
plate6,0,smp_2051,50,CVCL_1239,30,Medroxyprogesterone acetate__5__uM,False,,Medroxyprogesterone acetate,5.0,uM,752,1171417.0
plate6,0,smp_2051,50,CVCL_1285,31,Medroxyprogesterone acetate__5__uM,False,,Medroxyprogesterone acetate,5.0,uM,2933,5283136.0
plate6,0,smp_2051,50,CVCL_1381,32,Medroxyprogesterone acetate__5__uM,False,,Medroxyprogesterone acetate,5.0,uM,2042,4004955.0
plate6,0,smp_2051,50,CVCL_1478,33,Medroxyprogesterone acetate__5__uM,False,,Medroxyprogesterone acetate,5.0,uM,2148,5054546.0
plate6,0,smp_2051,50,CVCL_1495,34,Medroxyprogesterone acetate__5__uM,False,,Medroxyprogesterone acetate,5.0,uM,1486,2860712.0
plate6,0,smp_2051,50,CVCL_1517,35,Medroxyprogesterone acetate__5__uM,False,,Medroxyprogesterone acetate,5.0,uM,1946,5936721.0
plate6,0,smp_2051,50,CVCL_1531,36,Medroxyprogesterone acetate__5__uM,False,,Medroxyprogesterone acetate,5.0,uM,16,21333.0
plate6,0,smp_2051,50,CVCL_1547,37,Medroxyprogesterone acetate__5__uM,False,,Medroxyprogesterone acetate,5.0,uM,1971,4030811.0
plate6,0,smp_2051,50,CVCL_1550,38,Medroxyprogesterone acetate__5__uM,False,,Medroxyprogesterone acetate,5.0,uM,2250,7924286.0
plate6,0,smp_2051,50,CVCL_1571,39,Medroxyprogesterone acetate__5__uM,False,,Medroxyprogesterone acetate,5.0,uM,12,12186.0
plate6,0,smp_2051,50,CVCL_1577,40,Medroxyprogesterone acetate__5__uM,False,,Medroxyprogesterone acetate,5.0,uM,116,371717.0
plate6,0,smp_2051,50,CVCL_1635,41,Medroxyprogesterone acetate__5__uM,False,,Medroxyprogesterone acetate,5.0,uM,1412,2953301.0
plate6,0,smp_2051,50,CVCL_1666,42,Medroxyprogesterone acetate__5__uM,False,,Medroxyprogesterone acetate,5.0,uM,1359,1962714.0
plate6,0,smp_2051,50,CVCL_1693,43,Medroxyprogesterone acetate__5__uM,False,,Medroxyprogesterone acetate,5.0,uM,1292,1859989.0
plate6,0,smp_2051,50,CVCL_1715,44,Medroxyprogesterone acetate__5__uM,False,,Medroxyprogesterone acetate,5.0,uM,119,162511.0
plate6,0,smp_2051,50,CVCL_1716,45,Medroxyprogesterone acetate__5__uM,False,,Medroxyprogesterone acetate,5.0,uM,160,207495.0
plate6,0,smp_2051,50,CVCL_1717,46,Medroxyprogesterone acetate__5__uM,False,,Medroxyprogesterone acetate,5.0,uM,1647,3986710.0
plate6,0,smp_2051,50,CVCL_1724,47,Medroxyprogesterone acetate__5__uM,False,,Medroxyprogesterone acetate,5.0,uM,736,1270226.0
plate6,0,smp_2051,50,CVCL_1731,48,Medroxyprogesterone acetate__5__uM,False,,Medroxyprogesterone acetate,5.0,uM,1401,2291503.0
plate6,0,smp_2051,50,CVCL_C466,49,Medroxyprogesterone acetate__5__uM,False,,Medroxyprogesterone acetate,5.0,uM,1618,2155222.0
plate6,0,smp_1995,51,CVCL_0023,0,Megestrol__5__uM,False,,Megestrol,5.0,uM,1718,4633993.0
plate6,0,smp_1995,51,CVCL_0028,1,Megestrol__5__uM,False,,Megestrol,5.0,uM,595,1066139.0
plate6,0,smp_1995,51,CVCL_0069,2,Megestrol__5__uM,False,,Megestrol,5.0,uM,1032,3034687.0
plate6,0,smp_1995,51,CVCL_0099,3,Megestrol__5__uM,False,,Megestrol,5.0,uM,617,1314224.0
plate6,0,smp_1995,51,CVCL_0131,4,Megestrol__5__uM,False,,Megestrol,5.0,uM,1478,5572152.0
plate6,0,smp_1995,51,CVCL_0152,5,Megestrol__5__uM,False,,Megestrol,5.0,uM,1874,4361523.0
plate6,0,smp_1995,51,CVCL_0179,6,Megestrol__5__uM,False,,Megestrol,5.0,uM,891,3332657.0
plate6,0,smp_1995,51,CVCL_0218,7,Megestrol__5__uM,False,,Megestrol,5.0,uM,972,2186317.0
plate6,0,smp_1995,51,CVCL_0292,8,Megestrol__5__uM,False,,Megestrol,5.0,uM,1064,2017811.0
plate6,0,smp_1995,51,CVCL_0293,9,Megestrol__5__uM,False,,Megestrol,5.0,uM,1422,5172056.0
plate6,0,smp_1995,51,CVCL_0320,10,Megestrol__5__uM,False,,Megestrol,5.0,uM,1030,3323094.0
plate6,0,smp_1995,51,CVCL_0332,11,Megestrol__5__uM,False,,Megestrol,5.0,uM,811,3212698.0
plate6,0,smp_1995,51,CVCL_0334,12,Megestrol__5__uM,False,,Megestrol,5.0,uM,658,1602449.0
plate6,0,smp_1995,51,CVCL_0359,13,Megestrol__5__uM,False,,Megestrol,5.0,uM,1465,5088076.0
plate6,0,smp_1995,51,CVCL_0366,14,Megestrol__5__uM,False,,Megestrol,5.0,uM,796,3455046.0
plate6,0,smp_1995,51,CVCL_0371,15,Megestrol__5__uM,False,,Megestrol,5.0,uM,1180,3732127.0
plate6,0,smp_1995,51,CVCL_0397,16,Megestrol__5__uM,False,,Megestrol,5.0,uM,790,2809056.0
plate6,0,smp_1995,51,CVCL_0399,17,Megestrol__5__uM,False,,Megestrol,5.0,uM,1993,6080878.0
plate6,0,smp_1995,51,CVCL_0428,18,Megestrol__5__uM,False,,Megestrol,5.0,uM,806,2623469.0
plate6,0,smp_1995,51,CVCL_0459,19,Megestrol__5__uM,False,,Megestrol,5.0,uM,2876,6674728.0
plate6,0,smp_1995,51,CVCL_0480,20,Megestrol__5__uM,False,,Megestrol,5.0,uM,1669,7232925.0
plate6,0,smp_1995,51,CVCL_0504,21,Megestrol__5__uM,False,,Megestrol,5.0,uM,1644,3674502.0
plate6,0,smp_1995,51,CVCL_0546,22,Megestrol__5__uM,False,,Megestrol,5.0,uM,3378,8222125.0
plate6,0,smp_1995,51,CVCL_1055,23,Megestrol__5__uM,False,,Megestrol,5.0,uM,951,4600663.0
plate6,0,smp_1995,51,CVCL_1056,24,Megestrol__5__uM,False,,Megestrol,5.0,uM,1303,6024236.0
plate6,0,smp_1995,51,CVCL_1094,25,Megestrol__5__uM,False,,Megestrol,5.0,uM,1167,2734866.0
plate6,0,smp_1995,51,CVCL_1097,26,Megestrol__5__uM,False,,Megestrol,5.0,uM,1363,3322734.0
plate6,0,smp_1995,51,CVCL_1098,27,Megestrol__5__uM,False,,Megestrol,5.0,uM,1192,2691539.0
plate6,0,smp_1995,51,CVCL_1119,28,Megestrol__5__uM,False,,Megestrol,5.0,uM,1203,4191548.0
plate6,0,smp_1995,51,CVCL_1125,29,Megestrol__5__uM,False,,Megestrol,5.0,uM,317,609922.0
plate6,0,smp_1995,51,CVCL_1239,30,Megestrol__5__uM,False,,Megestrol,5.0,uM,483,1220518.0
plate6,0,smp_1995,51,CVCL_1285,31,Megestrol__5__uM,False,,Megestrol,5.0,uM,1766,5139065.0
plate6,0,smp_1995,51,CVCL_1381,32,Megestrol__5__uM,False,,Megestrol,5.0,uM,1450,4702717.0
plate6,0,smp_1995,51,CVCL_1478,33,Megestrol__5__uM,False,,Megestrol,5.0,uM,1409,4466925.0
plate6,0,smp_1995,51,CVCL_1495,34,Megestrol__5__uM,False,,Megestrol,5.0,uM,976,2884985.0
plate6,0,smp_1995,51,CVCL_1517,35,Megestrol__5__uM,False,,Megestrol,5.0,uM,1037,5001243.0
plate6,0,smp_1995,51,CVCL_1531,36,Megestrol__5__uM,False,,Megestrol,5.0,uM,12,21765.0
plate6,0,smp_1995,51,CVCL_1547,37,Megestrol__5__uM,False,,Megestrol,5.0,uM,1141,3816440.0
plate6,0,smp_1995,51,CVCL_1550,38,Megestrol__5__uM,False,,Megestrol,5.0,uM,1278,6414662.0
plate6,0,smp_1995,51,CVCL_1571,39,Megestrol__5__uM,False,,Megestrol,5.0,uM,6,6963.0
plate6,0,smp_1995,51,CVCL_1577,40,Megestrol__5__uM,False,,Megestrol,5.0,uM,54,306468.0
plate6,0,smp_1995,51,CVCL_1635,41,Megestrol__5__uM,False,,Megestrol,5.0,uM,868,2828394.0
plate6,0,smp_1995,51,CVCL_1666,42,Megestrol__5__uM,False,,Megestrol,5.0,uM,1074,2307596.0
plate6,0,smp_1995,51,CVCL_1693,43,Megestrol__5__uM,False,,Megestrol,5.0,uM,1044,2330783.0
plate6,0,smp_1995,51,CVCL_1715,44,Megestrol__5__uM,False,,Megestrol,5.0,uM,104,229464.0
plate6,0,smp_1995,51,CVCL_1716,45,Megestrol__5__uM,False,,Megestrol,5.0,uM,175,330980.0
plate6,0,smp_1995,51,CVCL_1717,46,Megestrol__5__uM,False,,Megestrol,5.0,uM,1112,4159723.0
plate6,0,smp_1995,51,CVCL_1724,47,Megestrol__5__uM,False,,Megestrol,5.0,uM,639,1602017.0
plate6,0,smp_1995,51,CVCL_1731,48,Megestrol__5__uM,False,,Megestrol,5.0,uM,839,2225179.0
plate6,0,smp_1995,51,CVCL_C466,49,Megestrol__5__uM,False,,Megestrol,5.0,uM,1308,2527461.0
plate6,0,smp_2030,52,CVCL_0023,0,Mitoxantrone (dihydrochloride)__5__uM,False,,Mitoxantrone (dihydrochloride),5.0,uM,819,1964177.0
plate6,0,smp_2030,52,CVCL_0028,1,Mitoxantrone (dihydrochloride)__5__uM,False,,Mitoxantrone (dihydrochloride),5.0,uM,275,423638.0
plate6,0,smp_2030,52,CVCL_0069,2,Mitoxantrone (dihydrochloride)__5__uM,False,,Mitoxantrone (dihydrochloride),5.0,uM,373,963921.0
plate6,0,smp_2030,52,CVCL_0099,3,Mitoxantrone (dihydrochloride)__5__uM,False,,Mitoxantrone (dihydrochloride),5.0,uM,61,85461.0
plate6,0,smp_2030,52,CVCL_0131,4,Mitoxantrone (dihydrochloride)__5__uM,False,,Mitoxantrone (dihydrochloride),5.0,uM,504,969148.0
plate6,0,smp_2030,52,CVCL_0152,5,Mitoxantrone (dihydrochloride)__5__uM,False,,Mitoxantrone (dihydrochloride),5.0,uM,1613,3649360.0
plate6,0,smp_2030,52,CVCL_0179,6,Mitoxantrone (dihydrochloride)__5__uM,False,,Mitoxantrone (dihydrochloride),5.0,uM,425,849088.0
plate6,0,smp_2030,52,CVCL_0218,7,Mitoxantrone (dihydrochloride)__5__uM,False,,Mitoxantrone (dihydrochloride),5.0,uM,725,1244066.0
plate6,0,smp_2030,52,CVCL_0292,8,Mitoxantrone (dihydrochloride)__5__uM,False,,Mitoxantrone (dihydrochloride),5.0,uM,776,1252249.0
plate6,0,smp_2030,52,CVCL_0293,9,Mitoxantrone (dihydrochloride)__5__uM,False,,Mitoxantrone (dihydrochloride),5.0,uM,1032,2558082.0
plate6,0,smp_2030,52,CVCL_0320,10,Mitoxantrone (dihydrochloride)__5__uM,False,,Mitoxantrone (dihydrochloride),5.0,uM,968,3020697.0
plate6,0,smp_2030,52,CVCL_0332,11,Mitoxantrone (dihydrochloride)__5__uM,False,,Mitoxantrone (dihydrochloride),5.0,uM,392,1125936.0
plate6,0,smp_2030,52,CVCL_0334,12,Mitoxantrone (dihydrochloride)__5__uM,False,,Mitoxantrone (dihydrochloride),5.0,uM,316,586111.0
plate6,0,smp_2030,52,CVCL_0359,13,Mitoxantrone (dihydrochloride)__5__uM,False,,Mitoxantrone (dihydrochloride),5.0,uM,804,2465452.0
plate6,0,smp_2030,52,CVCL_0366,14,Mitoxantrone (dihydrochloride)__5__uM,False,,Mitoxantrone (dihydrochloride),5.0,uM,340,1014649.0
plate6,0,smp_2030,52,CVCL_0371,15,Mitoxantrone (dihydrochloride)__5__uM,False,,Mitoxantrone (dihydrochloride),5.0,uM,845,2414924.0
plate6,0,smp_2030,52,CVCL_0397,16,Mitoxantrone (dihydrochloride)__5__uM,False,,Mitoxantrone (dihydrochloride),5.0,uM,588,1721764.0
plate6,0,smp_2030,52,CVCL_0399,17,Mitoxantrone (dihydrochloride)__5__uM,False,,Mitoxantrone (dihydrochloride),5.0,uM,1536,4021908.0
plate6,0,smp_2030,52,CVCL_0428,18,Mitoxantrone (dihydrochloride)__5__uM,False,,Mitoxantrone (dihydrochloride),5.0,uM,365,949261.0
plate6,0,smp_2030,52,CVCL_0459,19,Mitoxantrone (dihydrochloride)__5__uM,False,,Mitoxantrone (dihydrochloride),5.0,uM,1821,3620807.0
plate6,0,smp_2030,52,CVCL_0480,20,Mitoxantrone (dihydrochloride)__5__uM,False,,Mitoxantrone (dihydrochloride),5.0,uM,878,3266119.0
plate6,0,smp_2030,52,CVCL_0504,21,Mitoxantrone (dihydrochloride)__5__uM,False,,Mitoxantrone (dihydrochloride),5.0,uM,440,882075.0
plate6,0,smp_2030,52,CVCL_0546,22,Mitoxantrone (dihydrochloride)__5__uM,False,,Mitoxantrone (dihydrochloride),5.0,uM,1937,4472630.0
plate6,0,smp_2030,52,CVCL_1055,23,Mitoxantrone (dihydrochloride)__5__uM,False,,Mitoxantrone (dihydrochloride),5.0,uM,62,174180.0
plate6,0,smp_2030,52,CVCL_1056,24,Mitoxantrone (dihydrochloride)__5__uM,False,,Mitoxantrone (dihydrochloride),5.0,uM,609,2292776.0
plate6,0,smp_2030,52,CVCL_1094,25,Mitoxantrone (dihydrochloride)__5__uM,False,,Mitoxantrone (dihydrochloride),5.0,uM,728,1470104.0
plate6,0,smp_2030,52,CVCL_1097,26,Mitoxantrone (dihydrochloride)__5__uM,False,,Mitoxantrone (dihydrochloride),5.0,uM,828,1905112.0
plate6,0,smp_2030,52,CVCL_1098,27,Mitoxantrone (dihydrochloride)__5__uM,False,,Mitoxantrone (dihydrochloride),5.0,uM,906,1575401.0
plate6,0,smp_2030,52,CVCL_1119,28,Mitoxantrone (dihydrochloride)__5__uM,False,,Mitoxantrone (dihydrochloride),5.0,uM,893,2731090.0
plate6,0,smp_2030,52,CVCL_1125,29,Mitoxantrone (dihydrochloride)__5__uM,False,,Mitoxantrone (dihydrochloride),5.0,uM,66,106296.0
plate6,0,smp_2030,52,CVCL_1239,30,Mitoxantrone (dihydrochloride)__5__uM,False,,Mitoxantrone (dihydrochloride),5.0,uM,189,413976.0
plate6,0,smp_2030,52,CVCL_1285,31,Mitoxantrone (dihydrochloride)__5__uM,False,,Mitoxantrone (dihydrochloride),5.0,uM,512,920953.0
plate6,0,smp_2030,52,CVCL_1381,32,Mitoxantrone (dihydrochloride)__5__uM,False,,Mitoxantrone (dihydrochloride),5.0,uM,446,938247.0
plate6,0,smp_2030,52,CVCL_1478,33,Mitoxantrone (dihydrochloride)__5__uM,False,,Mitoxantrone (dihydrochloride),5.0,uM,1154,3348850.0
plate6,0,smp_2030,52,CVCL_1495,34,Mitoxantrone (dihydrochloride)__5__uM,False,,Mitoxantrone (dihydrochloride),5.0,uM,688,2241306.0
plate6,0,smp_2030,52,CVCL_1517,35,Mitoxantrone (dihydrochloride)__5__uM,False,,Mitoxantrone (dihydrochloride),5.0,uM,410,1331337.0
plate6,0,smp_2030,52,CVCL_1531,36,Mitoxantrone (dihydrochloride)__5__uM,False,,Mitoxantrone (dihydrochloride),5.0,uM,15,25874.0
plate6,0,smp_2030,52,CVCL_1547,37,Mitoxantrone (dihydrochloride)__5__uM,False,,Mitoxantrone (dihydrochloride),5.0,uM,714,2351629.0
plate6,0,smp_2030,52,CVCL_1550,38,Mitoxantrone (dihydrochloride)__5__uM,False,,Mitoxantrone (dihydrochloride),5.0,uM,738,2631894.0
plate6,0,smp_2030,52,CVCL_1571,39,Mitoxantrone (dihydrochloride)__5__uM,False,,Mitoxantrone (dihydrochloride),5.0,uM,8,7352.0
plate6,0,smp_2030,52,CVCL_1577,40,Mitoxantrone (dihydrochloride)__5__uM,False,,Mitoxantrone (dihydrochloride),5.0,uM,30,118060.0
plate6,0,smp_2030,52,CVCL_1635,41,Mitoxantrone (dihydrochloride)__5__uM,False,,Mitoxantrone (dihydrochloride),5.0,uM,581,1609325.0
plate6,0,smp_2030,52,CVCL_1666,42,Mitoxantrone (dihydrochloride)__5__uM,False,,Mitoxantrone (dihydrochloride),5.0,uM,527,953264.0
plate6,0,smp_2030,52,CVCL_1693,43,Mitoxantrone (dihydrochloride)__5__uM,False,,Mitoxantrone (dihydrochloride),5.0,uM,1154,2499712.0
plate6,0,smp_2030,52,CVCL_1715,44,Mitoxantrone (dihydrochloride)__5__uM,False,,Mitoxantrone (dihydrochloride),5.0,uM,73,150229.0
plate6,0,smp_2030,52,CVCL_1716,45,Mitoxantrone (dihydrochloride)__5__uM,False,,Mitoxantrone (dihydrochloride),5.0,uM,44,55883.0
plate6,0,smp_2030,52,CVCL_1717,46,Mitoxantrone (dihydrochloride)__5__uM,False,,Mitoxantrone (dihydrochloride),5.0,uM,515,1156324.0
plate6,0,smp_2030,52,CVCL_1724,47,Mitoxantrone (dihydrochloride)__5__uM,False,,Mitoxantrone (dihydrochloride),5.0,uM,295,528153.0
plate6,0,smp_2030,52,CVCL_1731,48,Mitoxantrone (dihydrochloride)__5__uM,False,,Mitoxantrone (dihydrochloride),5.0,uM,578,1385570.0
plate6,0,smp_2030,52,CVCL_C466,49,Mitoxantrone (dihydrochloride)__5__uM,False,,Mitoxantrone (dihydrochloride),5.0,uM,445,645523.0
plate6,0,smp_2052,53,CVCL_0023,0,Neratinib (maleate)__5__uM,False,,Neratinib (maleate),5.0,uM,3585,9299915.0
plate6,0,smp_2052,53,CVCL_0028,1,Neratinib (maleate)__5__uM,False,,Neratinib (maleate),5.0,uM,1331,2377681.0
plate6,0,smp_2052,53,CVCL_0069,2,Neratinib (maleate)__5__uM,False,,Neratinib (maleate),5.0,uM,1457,4135032.0
plate6,0,smp_2052,53,CVCL_0099,3,Neratinib (maleate)__5__uM,False,,Neratinib (maleate),5.0,uM,1143,2361711.0
plate6,0,smp_2052,53,CVCL_0131,4,Neratinib (maleate)__5__uM,False,,Neratinib (maleate),5.0,uM,3926,13375609.0
plate6,0,smp_2052,53,CVCL_0152,5,Neratinib (maleate)__5__uM,False,,Neratinib (maleate),5.0,uM,3856,9717114.0
plate6,0,smp_2052,53,CVCL_0179,6,Neratinib (maleate)__5__uM,False,,Neratinib (maleate),5.0,uM,1331,3795943.0
plate6,0,smp_2052,53,CVCL_0218,7,Neratinib (maleate)__5__uM,False,,Neratinib (maleate),5.0,uM,1880,4029920.0
plate6,0,smp_2052,53,CVCL_0292,8,Neratinib (maleate)__5__uM,False,,Neratinib (maleate),5.0,uM,2026,3034243.0
plate6,0,smp_2052,53,CVCL_0293,9,Neratinib (maleate)__5__uM,False,,Neratinib (maleate),5.0,uM,3485,12397694.0
plate6,0,smp_2052,53,CVCL_0320,10,Neratinib (maleate)__5__uM,False,,Neratinib (maleate),5.0,uM,2590,7871332.0
plate6,0,smp_2052,53,CVCL_0332,11,Neratinib (maleate)__5__uM,False,,Neratinib (maleate),5.0,uM,1988,7082692.0
plate6,0,smp_2052,53,CVCL_0334,12,Neratinib (maleate)__5__uM,False,,Neratinib (maleate),5.0,uM,1562,3401232.0
plate6,0,smp_2052,53,CVCL_0359,13,Neratinib (maleate)__5__uM,False,,Neratinib (maleate),5.0,uM,3473,11423398.0
plate6,0,smp_2052,53,CVCL_0366,14,Neratinib (maleate)__5__uM,False,,Neratinib (maleate),5.0,uM,2314,9072489.0
plate6,0,smp_2052,53,CVCL_0371,15,Neratinib (maleate)__5__uM,False,,Neratinib (maleate),5.0,uM,3068,8970852.0
plate6,0,smp_2052,53,CVCL_0397,16,Neratinib (maleate)__5__uM,False,,Neratinib (maleate),5.0,uM,1862,6511038.0
plate6,0,smp_2052,53,CVCL_0399,17,Neratinib (maleate)__5__uM,False,,Neratinib (maleate),5.0,uM,4658,13447215.0
plate6,0,smp_2052,53,CVCL_0428,18,Neratinib (maleate)__5__uM,False,,Neratinib (maleate),5.0,uM,1739,5283814.0
plate6,0,smp_2052,53,CVCL_0459,19,Neratinib (maleate)__5__uM,False,,Neratinib (maleate),5.0,uM,7480,16712064.0
plate6,0,smp_2052,53,CVCL_0480,20,Neratinib (maleate)__5__uM,False,,Neratinib (maleate),5.0,uM,4188,16656873.0
plate6,0,smp_2052,53,CVCL_0504,21,Neratinib (maleate)__5__uM,False,,Neratinib (maleate),5.0,uM,3007,6248617.0
plate6,0,smp_2052,53,CVCL_0546,22,Neratinib (maleate)__5__uM,False,,Neratinib (maleate),5.0,uM,8015,19347325.0
plate6,0,smp_2052,53,CVCL_1055,23,Neratinib (maleate)__5__uM,False,,Neratinib (maleate),5.0,uM,2401,10505874.0
plate6,0,smp_2052,53,CVCL_1056,24,Neratinib (maleate)__5__uM,False,,Neratinib (maleate),5.0,uM,3005,11634668.0
plate6,0,smp_2052,53,CVCL_1094,25,Neratinib (maleate)__5__uM,False,,Neratinib (maleate),5.0,uM,2060,4096531.0
plate6,0,smp_2052,53,CVCL_1097,26,Neratinib (maleate)__5__uM,False,,Neratinib (maleate),5.0,uM,3149,7321192.0
plate6,0,smp_2052,53,CVCL_1098,27,Neratinib (maleate)__5__uM,False,,Neratinib (maleate),5.0,uM,3480,7084933.0
plate6,0,smp_2052,53,CVCL_1119,28,Neratinib (maleate)__5__uM,False,,Neratinib (maleate),5.0,uM,2323,6912388.0
plate6,0,smp_2052,53,CVCL_1125,29,Neratinib (maleate)__5__uM,False,,Neratinib (maleate),5.0,uM,519,887318.0
plate6,0,smp_2052,53,CVCL_1239,30,Neratinib (maleate)__5__uM,False,,Neratinib (maleate),5.0,uM,1103,2562675.0
plate6,0,smp_2052,53,CVCL_1285,31,Neratinib (maleate)__5__uM,False,,Neratinib (maleate),5.0,uM,4375,12154222.0
plate6,0,smp_2052,53,CVCL_1381,32,Neratinib (maleate)__5__uM,False,,Neratinib (maleate),5.0,uM,2556,6814893.0
plate6,0,smp_2052,53,CVCL_1478,33,Neratinib (maleate)__5__uM,False,,Neratinib (maleate),5.0,uM,2534,9728807.0
plate6,0,smp_2052,53,CVCL_1495,34,Neratinib (maleate)__5__uM,False,,Neratinib (maleate),5.0,uM,1823,5517663.0
plate6,0,smp_2052,53,CVCL_1517,35,Neratinib (maleate)__5__uM,False,,Neratinib (maleate),5.0,uM,2724,12365931.0
plate6,0,smp_2052,53,CVCL_1531,36,Neratinib (maleate)__5__uM,False,,Neratinib (maleate),5.0,uM,22,31564.0
plate6,0,smp_2052,53,CVCL_1547,37,Neratinib (maleate)__5__uM,False,,Neratinib (maleate),5.0,uM,2564,7828968.0
plate6,0,smp_2052,53,CVCL_1550,38,Neratinib (maleate)__5__uM,False,,Neratinib (maleate),5.0,uM,2430,12464423.0
plate6,0,smp_2052,53,CVCL_1571,39,Neratinib (maleate)__5__uM,False,,Neratinib (maleate),5.0,uM,18,18364.0
plate6,0,smp_2052,53,CVCL_1577,40,Neratinib (maleate)__5__uM,False,,Neratinib (maleate),5.0,uM,157,826333.0
plate6,0,smp_2052,53,CVCL_1635,41,Neratinib (maleate)__5__uM,False,,Neratinib (maleate),5.0,uM,1642,5014590.0
plate6,0,smp_2052,53,CVCL_1666,42,Neratinib (maleate)__5__uM,False,,Neratinib (maleate),5.0,uM,1750,3425565.0
plate6,0,smp_2052,53,CVCL_1693,43,Neratinib (maleate)__5__uM,False,,Neratinib (maleate),5.0,uM,2114,4284000.0
plate6,0,smp_2052,53,CVCL_1715,44,Neratinib (maleate)__5__uM,False,,Neratinib (maleate),5.0,uM,192,430387.0
plate6,0,smp_2052,53,CVCL_1716,45,Neratinib (maleate)__5__uM,False,,Neratinib (maleate),5.0,uM,358,646010.0
plate6,0,smp_2052,53,CVCL_1717,46,Neratinib (maleate)__5__uM,False,,Neratinib (maleate),5.0,uM,2605,9276339.0
plate6,0,smp_2052,53,CVCL_1724,47,Neratinib (maleate)__5__uM,False,,Neratinib (maleate),5.0,uM,1830,5048932.0
plate6,0,smp_2052,53,CVCL_1731,48,Neratinib (maleate)__5__uM,False,,Neratinib (maleate),5.0,uM,2234,5874902.0
plate6,0,smp_2052,53,CVCL_C466,49,Neratinib (maleate)__5__uM,False,,Neratinib (maleate),5.0,uM,2507,4353567.0
plate6,0,smp_2026,54,CVCL_0023,0,Norepinephrine (hydrochloride)__5__uM,False,,Norepinephrine (hydrochloride),5.0,uM,1858,3189456.0
plate6,0,smp_2026,54,CVCL_0028,1,Norepinephrine (hydrochloride)__5__uM,False,,Norepinephrine (hydrochloride),5.0,uM,447,609119.0
plate6,0,smp_2026,54,CVCL_0069,2,Norepinephrine (hydrochloride)__5__uM,False,,Norepinephrine (hydrochloride),5.0,uM,954,2073707.0
plate6,0,smp_2026,54,CVCL_0099,3,Norepinephrine (hydrochloride)__5__uM,False,,Norepinephrine (hydrochloride),5.0,uM,499,797690.0
plate6,0,smp_2026,54,CVCL_0131,4,Norepinephrine (hydrochloride)__5__uM,False,,Norepinephrine (hydrochloride),5.0,uM,1773,4256352.0
plate6,0,smp_2026,54,CVCL_0152,5,Norepinephrine (hydrochloride)__5__uM,False,,Norepinephrine (hydrochloride),5.0,uM,1577,3101279.0
plate6,0,smp_2026,54,CVCL_0179,6,Norepinephrine (hydrochloride)__5__uM,False,,Norepinephrine (hydrochloride),5.0,uM,772,1898892.0
plate6,0,smp_2026,54,CVCL_0218,7,Norepinephrine (hydrochloride)__5__uM,False,,Norepinephrine (hydrochloride),5.0,uM,817,1311813.0
plate6,0,smp_2026,54,CVCL_0292,8,Norepinephrine (hydrochloride)__5__uM,False,,Norepinephrine (hydrochloride),5.0,uM,655,963559.0
plate6,0,smp_2026,54,CVCL_0293,9,Norepinephrine (hydrochloride)__5__uM,False,,Norepinephrine (hydrochloride),5.0,uM,1595,4545035.0
plate6,0,smp_2026,54,CVCL_0320,10,Norepinephrine (hydrochloride)__5__uM,False,,Norepinephrine (hydrochloride),5.0,uM,1220,2829006.0
plate6,0,smp_2026,54,CVCL_0332,11,Norepinephrine (hydrochloride)__5__uM,False,,Norepinephrine (hydrochloride),5.0,uM,868,2146501.0
plate6,0,smp_2026,54,CVCL_0334,12,Norepinephrine (hydrochloride)__5__uM,False,,Norepinephrine (hydrochloride),5.0,uM,652,1167453.0
plate6,0,smp_2026,54,CVCL_0359,13,Norepinephrine (hydrochloride)__5__uM,False,,Norepinephrine (hydrochloride),5.0,uM,1605,3529956.0
plate6,0,smp_2026,54,CVCL_0366,14,Norepinephrine (hydrochloride)__5__uM,False,,Norepinephrine (hydrochloride),5.0,uM,904,2425419.0
plate6,0,smp_2026,54,CVCL_0371,15,Norepinephrine (hydrochloride)__5__uM,False,,Norepinephrine (hydrochloride),5.0,uM,1419,3086080.0
plate6,0,smp_2026,54,CVCL_0397,16,Norepinephrine (hydrochloride)__5__uM,False,,Norepinephrine (hydrochloride),5.0,uM,781,2312249.0
plate6,0,smp_2026,54,CVCL_0399,17,Norepinephrine (hydrochloride)__5__uM,False,,Norepinephrine (hydrochloride),5.0,uM,1847,4667655.0
plate6,0,smp_2026,54,CVCL_0428,18,Norepinephrine (hydrochloride)__5__uM,False,,Norepinephrine (hydrochloride),5.0,uM,872,1846493.0
plate6,0,smp_2026,54,CVCL_0459,19,Norepinephrine (hydrochloride)__5__uM,False,,Norepinephrine (hydrochloride),5.0,uM,2587,4033324.0
plate6,0,smp_2026,54,CVCL_0480,20,Norepinephrine (hydrochloride)__5__uM,False,,Norepinephrine (hydrochloride),5.0,uM,1854,5530757.0
plate6,0,smp_2026,54,CVCL_0504,21,Norepinephrine (hydrochloride)__5__uM,False,,Norepinephrine (hydrochloride),5.0,uM,1377,2022538.0
plate6,0,smp_2026,54,CVCL_0546,22,Norepinephrine (hydrochloride)__5__uM,False,,Norepinephrine (hydrochloride),5.0,uM,3156,5658967.0
plate6,0,smp_2026,54,CVCL_1055,23,Norepinephrine (hydrochloride)__5__uM,False,,Norepinephrine (hydrochloride),5.0,uM,1071,3532094.0
plate6,0,smp_2026,54,CVCL_1056,24,Norepinephrine (hydrochloride)__5__uM,False,,Norepinephrine (hydrochloride),5.0,uM,1443,4472582.0
plate6,0,smp_2026,54,CVCL_1094,25,Norepinephrine (hydrochloride)__5__uM,False,,Norepinephrine (hydrochloride),5.0,uM,1057,1643466.0
plate6,0,smp_2026,54,CVCL_1097,26,Norepinephrine (hydrochloride)__5__uM,False,,Norepinephrine (hydrochloride),5.0,uM,1223,2145307.0
plate6,0,smp_2026,54,CVCL_1098,27,Norepinephrine (hydrochloride)__5__uM,False,,Norepinephrine (hydrochloride),5.0,uM,938,1521678.0
plate6,0,smp_2026,54,CVCL_1119,28,Norepinephrine (hydrochloride)__5__uM,False,,Norepinephrine (hydrochloride),5.0,uM,1381,3184344.0
plate6,0,smp_2026,54,CVCL_1125,29,Norepinephrine (hydrochloride)__5__uM,False,,Norepinephrine (hydrochloride),5.0,uM,261,330156.0
plate6,0,smp_2026,54,CVCL_1239,30,Norepinephrine (hydrochloride)__5__uM,False,,Norepinephrine (hydrochloride),5.0,uM,347,558916.0
plate6,0,smp_2026,54,CVCL_1285,31,Norepinephrine (hydrochloride)__5__uM,False,,Norepinephrine (hydrochloride),5.0,uM,1788,3363682.0
plate6,0,smp_2026,54,CVCL_1381,32,Norepinephrine (hydrochloride)__5__uM,False,,Norepinephrine (hydrochloride),5.0,uM,1385,2749089.0
plate6,0,smp_2026,54,CVCL_1478,33,Norepinephrine (hydrochloride)__5__uM,False,,Norepinephrine (hydrochloride),5.0,uM,1355,3680064.0
plate6,0,smp_2026,54,CVCL_1495,34,Norepinephrine (hydrochloride)__5__uM,False,,Norepinephrine (hydrochloride),5.0,uM,1021,2005745.0
plate6,0,smp_2026,54,CVCL_1517,35,Norepinephrine (hydrochloride)__5__uM,False,,Norepinephrine (hydrochloride),5.0,uM,1320,4290516.0
plate6,0,smp_2026,54,CVCL_1531,36,Norepinephrine (hydrochloride)__5__uM,False,,Norepinephrine (hydrochloride),5.0,uM,19,33134.0
plate6,0,smp_2026,54,CVCL_1547,37,Norepinephrine (hydrochloride)__5__uM,False,,Norepinephrine (hydrochloride),5.0,uM,1232,2685164.0
plate6,0,smp_2026,54,CVCL_1550,38,Norepinephrine (hydrochloride)__5__uM,False,,Norepinephrine (hydrochloride),5.0,uM,1599,5965877.0
plate6,0,smp_2026,54,CVCL_1571,39,Norepinephrine (hydrochloride)__5__uM,False,,Norepinephrine (hydrochloride),5.0,uM,13,12842.0
plate6,0,smp_2026,54,CVCL_1577,40,Norepinephrine (hydrochloride)__5__uM,False,,Norepinephrine (hydrochloride),5.0,uM,79,295226.0
plate6,0,smp_2026,54,CVCL_1635,41,Norepinephrine (hydrochloride)__5__uM,False,,Norepinephrine (hydrochloride),5.0,uM,988,2246734.0
plate6,0,smp_2026,54,CVCL_1666,42,Norepinephrine (hydrochloride)__5__uM,False,,Norepinephrine (hydrochloride),5.0,uM,950,1413803.0
plate6,0,smp_2026,54,CVCL_1693,43,Norepinephrine (hydrochloride)__5__uM,False,,Norepinephrine (hydrochloride),5.0,uM,843,1231886.0
plate6,0,smp_2026,54,CVCL_1715,44,Norepinephrine (hydrochloride)__5__uM,False,,Norepinephrine (hydrochloride),5.0,uM,98,148339.0
plate6,0,smp_2026,54,CVCL_1716,45,Norepinephrine (hydrochloride)__5__uM,False,,Norepinephrine (hydrochloride),5.0,uM,104,159750.0
plate6,0,smp_2026,54,CVCL_1717,46,Norepinephrine (hydrochloride)__5__uM,False,,Norepinephrine (hydrochloride),5.0,uM,1162,3357541.0
plate6,0,smp_2026,54,CVCL_1724,47,Norepinephrine (hydrochloride)__5__uM,False,,Norepinephrine (hydrochloride),5.0,uM,514,921139.0
plate6,0,smp_2026,54,CVCL_1731,48,Norepinephrine (hydrochloride)__5__uM,False,,Norepinephrine (hydrochloride),5.0,uM,905,1582813.0
plate6,0,smp_2026,54,CVCL_C466,49,Norepinephrine (hydrochloride)__5__uM,False,,Norepinephrine (hydrochloride),5.0,uM,1025,1439660.0
plate6,0,smp_2042,55,CVCL_0023,0,Olanzapine__5__uM,False,,Olanzapine,5.0,uM,1790,4416211.0
plate6,0,smp_2042,55,CVCL_0028,1,Olanzapine__5__uM,False,,Olanzapine,5.0,uM,629,996963.0
plate6,0,smp_2042,55,CVCL_0069,2,Olanzapine__5__uM,False,,Olanzapine,5.0,uM,1124,3103238.0
plate6,0,smp_2042,55,CVCL_0099,3,Olanzapine__5__uM,False,,Olanzapine,5.0,uM,657,1289883.0
plate6,0,smp_2042,55,CVCL_0131,4,Olanzapine__5__uM,False,,Olanzapine,5.0,uM,1980,6848018.0
plate6,0,smp_2042,55,CVCL_0152,5,Olanzapine__5__uM,False,,Olanzapine,5.0,uM,1999,4864620.0
plate6,0,smp_2042,55,CVCL_0179,6,Olanzapine__5__uM,False,,Olanzapine,5.0,uM,1022,3526385.0
plate6,0,smp_2042,55,CVCL_0218,7,Olanzapine__5__uM,False,,Olanzapine,5.0,uM,906,2037552.0
plate6,0,smp_2042,55,CVCL_0292,8,Olanzapine__5__uM,False,,Olanzapine,5.0,uM,1022,1769879.0
plate6,0,smp_2042,55,CVCL_0293,9,Olanzapine__5__uM,False,,Olanzapine,5.0,uM,1584,6338060.0
plate6,0,smp_2042,55,CVCL_0320,10,Olanzapine__5__uM,False,,Olanzapine,5.0,uM,1354,4453641.0
plate6,0,smp_2042,55,CVCL_0332,11,Olanzapine__5__uM,False,,Olanzapine,5.0,uM,942,3270989.0
plate6,0,smp_2042,55,CVCL_0334,12,Olanzapine__5__uM,False,,Olanzapine,5.0,uM,792,1706502.0
plate6,0,smp_2042,55,CVCL_0359,13,Olanzapine__5__uM,False,,Olanzapine,5.0,uM,1875,5913079.0
plate6,0,smp_2042,55,CVCL_0366,14,Olanzapine__5__uM,False,,Olanzapine,5.0,uM,948,3818722.0
plate6,0,smp_2042,55,CVCL_0371,15,Olanzapine__5__uM,False,,Olanzapine,5.0,uM,1401,4096446.0
plate6,0,smp_2042,55,CVCL_0397,16,Olanzapine__5__uM,False,,Olanzapine,5.0,uM,900,3414302.0
plate6,0,smp_2042,55,CVCL_0399,17,Olanzapine__5__uM,False,,Olanzapine,5.0,uM,2044,6886730.0
plate6,0,smp_2042,55,CVCL_0428,18,Olanzapine__5__uM,False,,Olanzapine,5.0,uM,867,2594736.0
plate6,0,smp_2042,55,CVCL_0459,19,Olanzapine__5__uM,False,,Olanzapine,5.0,uM,2962,6276949.0
plate6,0,smp_2042,55,CVCL_0480,20,Olanzapine__5__uM,False,,Olanzapine,5.0,uM,1891,8427567.0
plate6,0,smp_2042,55,CVCL_0504,21,Olanzapine__5__uM,False,,Olanzapine,5.0,uM,1794,3657918.0
plate6,0,smp_2042,55,CVCL_0546,22,Olanzapine__5__uM,False,,Olanzapine,5.0,uM,3749,8683641.0
plate6,0,smp_2042,55,CVCL_1055,23,Olanzapine__5__uM,False,,Olanzapine,5.0,uM,1201,5922682.0
plate6,0,smp_2042,55,CVCL_1056,24,Olanzapine__5__uM,False,,Olanzapine,5.0,uM,1510,6551604.0
plate6,0,smp_2042,55,CVCL_1094,25,Olanzapine__5__uM,False,,Olanzapine,5.0,uM,1168,2592207.0
plate6,0,smp_2042,55,CVCL_1097,26,Olanzapine__5__uM,False,,Olanzapine,5.0,uM,1493,3465720.0
plate6,0,smp_2042,55,CVCL_1098,27,Olanzapine__5__uM,False,,Olanzapine,5.0,uM,1167,2589357.0
plate6,0,smp_2042,55,CVCL_1119,28,Olanzapine__5__uM,False,,Olanzapine,5.0,uM,1286,4032812.0
plate6,0,smp_2042,55,CVCL_1125,29,Olanzapine__5__uM,False,,Olanzapine,5.0,uM,265,454891.0
plate6,0,smp_2042,55,CVCL_1239,30,Olanzapine__5__uM,False,,Olanzapine,5.0,uM,503,1140426.0
plate6,0,smp_2042,55,CVCL_1285,31,Olanzapine__5__uM,False,,Olanzapine,5.0,uM,1981,5530934.0
plate6,0,smp_2042,55,CVCL_1381,32,Olanzapine__5__uM,False,,Olanzapine,5.0,uM,1591,4474391.0
plate6,0,smp_2042,55,CVCL_1478,33,Olanzapine__5__uM,False,,Olanzapine,5.0,uM,1373,4842050.0
plate6,0,smp_2042,55,CVCL_1495,34,Olanzapine__5__uM,False,,Olanzapine,5.0,uM,1014,2757672.0
plate6,0,smp_2042,55,CVCL_1517,35,Olanzapine__5__uM,False,,Olanzapine,5.0,uM,1318,6076804.0
plate6,0,smp_2042,55,CVCL_1531,36,Olanzapine__5__uM,False,,Olanzapine,5.0,uM,16,23202.0
plate6,0,smp_2042,55,CVCL_1547,37,Olanzapine__5__uM,False,,Olanzapine,5.0,uM,1286,4028560.0
plate6,0,smp_2042,55,CVCL_1550,38,Olanzapine__5__uM,False,,Olanzapine,5.0,uM,1284,6581573.0
plate6,0,smp_2042,55,CVCL_1571,39,Olanzapine__5__uM,False,,Olanzapine,5.0,uM,6,6654.0
plate6,0,smp_2042,55,CVCL_1577,40,Olanzapine__5__uM,False,,Olanzapine,5.0,uM,79,401839.0
plate6,0,smp_2042,55,CVCL_1635,41,Olanzapine__5__uM,False,,Olanzapine,5.0,uM,967,3182639.0
plate6,0,smp_2042,55,CVCL_1666,42,Olanzapine__5__uM,False,,Olanzapine,5.0,uM,1159,2308119.0
plate6,0,smp_2042,55,CVCL_1693,43,Olanzapine__5__uM,False,,Olanzapine,5.0,uM,1090,2131550.0
plate6,0,smp_2042,55,CVCL_1715,44,Olanzapine__5__uM,False,,Olanzapine,5.0,uM,97,204515.0
plate6,0,smp_2042,55,CVCL_1716,45,Olanzapine__5__uM,False,,Olanzapine,5.0,uM,108,239028.0
plate6,0,smp_2042,55,CVCL_1717,46,Olanzapine__5__uM,False,,Olanzapine,5.0,uM,1167,4481087.0
plate6,0,smp_2042,55,CVCL_1724,47,Olanzapine__5__uM,False,,Olanzapine,5.0,uM,583,1512939.0
plate6,0,smp_2042,55,CVCL_1731,48,Olanzapine__5__uM,False,,Olanzapine,5.0,uM,942,2365150.0
plate6,0,smp_2042,55,CVCL_C466,49,Olanzapine__5__uM,False,,Olanzapine,5.0,uM,1318,2348305.0
plate6,0,smp_1984,56,CVCL_0023,0,Palmatine (chloride)__5__uM,False,,Palmatine (chloride),5.0,uM,1939,3795582.0
plate6,0,smp_1984,56,CVCL_0028,1,Palmatine (chloride)__5__uM,False,,Palmatine (chloride),5.0,uM,592,865082.0
plate6,0,smp_1984,56,CVCL_0069,2,Palmatine (chloride)__5__uM,False,,Palmatine (chloride),5.0,uM,1045,2276992.0
plate6,0,smp_1984,56,CVCL_0099,3,Palmatine (chloride)__5__uM,False,,Palmatine (chloride),5.0,uM,688,1205290.0
plate6,0,smp_1984,56,CVCL_0131,4,Palmatine (chloride)__5__uM,False,,Palmatine (chloride),5.0,uM,1672,4457825.0
plate6,0,smp_1984,56,CVCL_0152,5,Palmatine (chloride)__5__uM,False,,Palmatine (chloride),5.0,uM,2096,4235351.0
plate6,0,smp_1984,56,CVCL_0179,6,Palmatine (chloride)__5__uM,False,,Palmatine (chloride),5.0,uM,932,2607873.0
plate6,0,smp_1984,56,CVCL_0218,7,Palmatine (chloride)__5__uM,False,,Palmatine (chloride),5.0,uM,1003,1695106.0
plate6,0,smp_1984,56,CVCL_0292,8,Palmatine (chloride)__5__uM,False,,Palmatine (chloride),5.0,uM,1006,1523939.0
plate6,0,smp_1984,56,CVCL_0293,9,Palmatine (chloride)__5__uM,False,,Palmatine (chloride),5.0,uM,1708,5547346.0
plate6,0,smp_1984,56,CVCL_0320,10,Palmatine (chloride)__5__uM,False,,Palmatine (chloride),5.0,uM,1378,3322551.0
plate6,0,smp_1984,56,CVCL_0332,11,Palmatine (chloride)__5__uM,False,,Palmatine (chloride),5.0,uM,866,2423202.0
plate6,0,smp_1984,56,CVCL_0334,12,Palmatine (chloride)__5__uM,False,,Palmatine (chloride),5.0,uM,807,1565331.0
plate6,0,smp_1984,56,CVCL_0359,13,Palmatine (chloride)__5__uM,False,,Palmatine (chloride),5.0,uM,1678,4203128.0
plate6,0,smp_1984,56,CVCL_0366,14,Palmatine (chloride)__5__uM,False,,Palmatine (chloride),5.0,uM,848,2622366.0
plate6,0,smp_1984,56,CVCL_0371,15,Palmatine (chloride)__5__uM,False,,Palmatine (chloride),5.0,uM,1410,3294562.0
plate6,0,smp_1984,56,CVCL_0397,16,Palmatine (chloride)__5__uM,False,,Palmatine (chloride),5.0,uM,983,2815172.0
plate6,0,smp_1984,56,CVCL_0399,17,Palmatine (chloride)__5__uM,False,,Palmatine (chloride),5.0,uM,2055,5328696.0
plate6,0,smp_1984,56,CVCL_0428,18,Palmatine (chloride)__5__uM,False,,Palmatine (chloride),5.0,uM,868,2119188.0
plate6,0,smp_1984,56,CVCL_0459,19,Palmatine (chloride)__5__uM,False,,Palmatine (chloride),5.0,uM,3192,5451132.0
plate6,0,smp_1984,56,CVCL_0480,20,Palmatine (chloride)__5__uM,False,,Palmatine (chloride),5.0,uM,1946,6464685.0
plate6,0,smp_1984,56,CVCL_0504,21,Palmatine (chloride)__5__uM,False,,Palmatine (chloride),5.0,uM,1760,2938620.0
plate6,0,smp_1984,56,CVCL_0546,22,Palmatine (chloride)__5__uM,False,,Palmatine (chloride),5.0,uM,4004,7648832.0
plate6,0,smp_1984,56,CVCL_1055,23,Palmatine (chloride)__5__uM,False,,Palmatine (chloride),5.0,uM,1042,4153416.0
plate6,0,smp_1984,56,CVCL_1056,24,Palmatine (chloride)__5__uM,False,,Palmatine (chloride),5.0,uM,1516,5262935.0
plate6,0,smp_1984,56,CVCL_1094,25,Palmatine (chloride)__5__uM,False,,Palmatine (chloride),5.0,uM,1213,2188261.0
plate6,0,smp_1984,56,CVCL_1097,26,Palmatine (chloride)__5__uM,False,,Palmatine (chloride),5.0,uM,1531,2741738.0
plate6,0,smp_1984,56,CVCL_1098,27,Palmatine (chloride)__5__uM,False,,Palmatine (chloride),5.0,uM,1047,1930524.0
plate6,0,smp_1984,56,CVCL_1119,28,Palmatine (chloride)__5__uM,False,,Palmatine (chloride),5.0,uM,1419,3697628.0
plate6,0,smp_1984,56,CVCL_1125,29,Palmatine (chloride)__5__uM,False,,Palmatine (chloride),5.0,uM,298,431567.0
plate6,0,smp_1984,56,CVCL_1239,30,Palmatine (chloride)__5__uM,False,,Palmatine (chloride),5.0,uM,531,934260.0
plate6,0,smp_1984,56,CVCL_1285,31,Palmatine (chloride)__5__uM,False,,Palmatine (chloride),5.0,uM,1897,4152937.0
plate6,0,smp_1984,56,CVCL_1381,32,Palmatine (chloride)__5__uM,False,,Palmatine (chloride),5.0,uM,1571,3657496.0
plate6,0,smp_1984,56,CVCL_1478,33,Palmatine (chloride)__5__uM,False,,Palmatine (chloride),5.0,uM,1344,4070426.0
plate6,0,smp_1984,56,CVCL_1495,34,Palmatine (chloride)__5__uM,False,,Palmatine (chloride),5.0,uM,1038,2326798.0
plate6,0,smp_1984,56,CVCL_1517,35,Palmatine (chloride)__5__uM,False,,Palmatine (chloride),5.0,uM,1367,4874867.0
plate6,0,smp_1984,56,CVCL_1531,36,Palmatine (chloride)__5__uM,False,,Palmatine (chloride),5.0,uM,22,29180.0
plate6,0,smp_1984,56,CVCL_1547,37,Palmatine (chloride)__5__uM,False,,Palmatine (chloride),5.0,uM,1304,3244897.0
plate6,0,smp_1984,56,CVCL_1550,38,Palmatine (chloride)__5__uM,False,,Palmatine (chloride),5.0,uM,1727,7057774.0
plate6,0,smp_1984,56,CVCL_1571,39,Palmatine (chloride)__5__uM,False,,Palmatine (chloride),5.0,uM,12,10961.0
plate6,0,smp_1984,56,CVCL_1577,40,Palmatine (chloride)__5__uM,False,,Palmatine (chloride),5.0,uM,73,342967.0
plate6,0,smp_1984,56,CVCL_1635,41,Palmatine (chloride)__5__uM,False,,Palmatine (chloride),5.0,uM,1029,2517335.0
plate6,0,smp_1984,56,CVCL_1666,42,Palmatine (chloride)__5__uM,False,,Palmatine (chloride),5.0,uM,1115,1807600.0
plate6,0,smp_1984,56,CVCL_1693,43,Palmatine (chloride)__5__uM,False,,Palmatine (chloride),5.0,uM,1143,1869111.0
plate6,0,smp_1984,56,CVCL_1715,44,Palmatine (chloride)__5__uM,False,,Palmatine (chloride),5.0,uM,123,209282.0
plate6,0,smp_1984,56,CVCL_1716,45,Palmatine (chloride)__5__uM,False,,Palmatine (chloride),5.0,uM,164,267799.0
plate6,0,smp_1984,56,CVCL_1717,46,Palmatine (chloride)__5__uM,False,,Palmatine (chloride),5.0,uM,1272,3780443.0
plate6,0,smp_1984,56,CVCL_1724,47,Palmatine (chloride)__5__uM,False,,Palmatine (chloride),5.0,uM,622,1159221.0
plate6,0,smp_1984,56,CVCL_1731,48,Palmatine (chloride)__5__uM,False,,Palmatine (chloride),5.0,uM,932,1847646.0
plate6,0,smp_1984,56,CVCL_C466,49,Palmatine (chloride)__5__uM,False,,Palmatine (chloride),5.0,uM,1212,1832523.0
plate6,0,smp_1982,57,CVCL_0023,0,Pasireotide (acetate)__5__uM,False,,Pasireotide (acetate),5.0,uM,2565,7296123.0
plate6,0,smp_1982,57,CVCL_0028,1,Pasireotide (acetate)__5__uM,False,,Pasireotide (acetate),5.0,uM,1006,1969677.0
plate6,0,smp_1982,57,CVCL_0069,2,Pasireotide (acetate)__5__uM,False,,Pasireotide (acetate),5.0,uM,1451,4487949.0
plate6,0,smp_1982,57,CVCL_0099,3,Pasireotide (acetate)__5__uM,False,,Pasireotide (acetate),5.0,uM,1032,2402256.0
plate6,0,smp_1982,57,CVCL_0131,4,Pasireotide (acetate)__5__uM,False,,Pasireotide (acetate),5.0,uM,2422,9523858.0
plate6,0,smp_1982,57,CVCL_0152,5,Pasireotide (acetate)__5__uM,False,,Pasireotide (acetate),5.0,uM,3124,7711269.0
plate6,0,smp_1982,57,CVCL_0179,6,Pasireotide (acetate)__5__uM,False,,Pasireotide (acetate),5.0,uM,1377,5568825.0
plate6,0,smp_1982,57,CVCL_0218,7,Pasireotide (acetate)__5__uM,False,,Pasireotide (acetate),5.0,uM,1556,3574935.0
plate6,0,smp_1982,57,CVCL_0292,8,Pasireotide (acetate)__5__uM,False,,Pasireotide (acetate),5.0,uM,1593,2870998.0
plate6,0,smp_1982,57,CVCL_0293,9,Pasireotide (acetate)__5__uM,False,,Pasireotide (acetate),5.0,uM,2429,8951835.0
plate6,0,smp_1982,57,CVCL_0320,10,Pasireotide (acetate)__5__uM,False,,Pasireotide (acetate),5.0,uM,2010,6537316.0
plate6,0,smp_1982,57,CVCL_0332,11,Pasireotide (acetate)__5__uM,False,,Pasireotide (acetate),5.0,uM,1240,4950014.0
plate6,0,smp_1982,57,CVCL_0334,12,Pasireotide (acetate)__5__uM,False,,Pasireotide (acetate),5.0,uM,1080,2939426.0
plate6,0,smp_1982,57,CVCL_0359,13,Pasireotide (acetate)__5__uM,False,,Pasireotide (acetate),5.0,uM,2393,8831777.0
plate6,0,smp_1982,57,CVCL_0366,14,Pasireotide (acetate)__5__uM,False,,Pasireotide (acetate),5.0,uM,1448,6241427.0
plate6,0,smp_1982,57,CVCL_0371,15,Pasireotide (acetate)__5__uM,False,,Pasireotide (acetate),5.0,uM,1940,6177256.0
plate6,0,smp_1982,57,CVCL_0397,16,Pasireotide (acetate)__5__uM,False,,Pasireotide (acetate),5.0,uM,1406,5651706.0
plate6,0,smp_1982,57,CVCL_0399,17,Pasireotide (acetate)__5__uM,False,,Pasireotide (acetate),5.0,uM,3301,9965864.0
plate6,0,smp_1982,57,CVCL_0428,18,Pasireotide (acetate)__5__uM,False,,Pasireotide (acetate),5.0,uM,1081,3899311.0
plate6,0,smp_1982,57,CVCL_0459,19,Pasireotide (acetate)__5__uM,False,,Pasireotide (acetate),5.0,uM,4923,11750123.0
plate6,0,smp_1982,57,CVCL_0480,20,Pasireotide (acetate)__5__uM,False,,Pasireotide (acetate),5.0,uM,2467,11270527.0
plate6,0,smp_1982,57,CVCL_0504,21,Pasireotide (acetate)__5__uM,False,,Pasireotide (acetate),5.0,uM,2493,5966819.0
plate6,0,smp_1982,57,CVCL_0546,22,Pasireotide (acetate)__5__uM,False,,Pasireotide (acetate),5.0,uM,5419,14179045.0
plate6,0,smp_1982,57,CVCL_1055,23,Pasireotide (acetate)__5__uM,False,,Pasireotide (acetate),5.0,uM,1552,7705688.0
plate6,0,smp_1982,57,CVCL_1056,24,Pasireotide (acetate)__5__uM,False,,Pasireotide (acetate),5.0,uM,1977,10041474.0
plate6,0,smp_1982,57,CVCL_1094,25,Pasireotide (acetate)__5__uM,False,,Pasireotide (acetate),5.0,uM,1605,4006530.0
plate6,0,smp_1982,57,CVCL_1097,26,Pasireotide (acetate)__5__uM,False,,Pasireotide (acetate),5.0,uM,1954,4779311.0
plate6,0,smp_1982,57,CVCL_1098,27,Pasireotide (acetate)__5__uM,False,,Pasireotide (acetate),5.0,uM,2143,4753727.0
plate6,0,smp_1982,57,CVCL_1119,28,Pasireotide (acetate)__5__uM,False,,Pasireotide (acetate),5.0,uM,1888,6529045.0
plate6,0,smp_1982,57,CVCL_1125,29,Pasireotide (acetate)__5__uM,False,,Pasireotide (acetate),5.0,uM,690,1319870.0
plate6,0,smp_1982,57,CVCL_1239,30,Pasireotide (acetate)__5__uM,False,,Pasireotide (acetate),5.0,uM,683,1819881.0
plate6,0,smp_1982,57,CVCL_1285,31,Pasireotide (acetate)__5__uM,False,,Pasireotide (acetate),5.0,uM,2735,8697106.0
plate6,0,smp_1982,57,CVCL_1381,32,Pasireotide (acetate)__5__uM,False,,Pasireotide (acetate),5.0,uM,2146,6703288.0
plate6,0,smp_1982,57,CVCL_1478,33,Pasireotide (acetate)__5__uM,False,,Pasireotide (acetate),5.0,uM,1983,6398713.0
plate6,0,smp_1982,57,CVCL_1495,34,Pasireotide (acetate)__5__uM,False,,Pasireotide (acetate),5.0,uM,1548,4821908.0
plate6,0,smp_1982,57,CVCL_1517,35,Pasireotide (acetate)__5__uM,False,,Pasireotide (acetate),5.0,uM,1820,8932995.0
plate6,0,smp_1982,57,CVCL_1531,36,Pasireotide (acetate)__5__uM,False,,Pasireotide (acetate),5.0,uM,27,39884.0
plate6,0,smp_1982,57,CVCL_1547,37,Pasireotide (acetate)__5__uM,False,,Pasireotide (acetate),5.0,uM,1643,5796963.0
plate6,0,smp_1982,57,CVCL_1550,38,Pasireotide (acetate)__5__uM,False,,Pasireotide (acetate),5.0,uM,1854,10111509.0
plate6,0,smp_1982,57,CVCL_1571,39,Pasireotide (acetate)__5__uM,False,,Pasireotide (acetate),5.0,uM,10,9218.0
plate6,0,smp_1982,57,CVCL_1577,40,Pasireotide (acetate)__5__uM,False,,Pasireotide (acetate),5.0,uM,99,523614.0
plate6,0,smp_1982,57,CVCL_1635,41,Pasireotide (acetate)__5__uM,False,,Pasireotide (acetate),5.0,uM,1399,4636851.0
plate6,0,smp_1982,57,CVCL_1666,42,Pasireotide (acetate)__5__uM,False,,Pasireotide (acetate),5.0,uM,1534,3321448.0
plate6,0,smp_1982,57,CVCL_1693,43,Pasireotide (acetate)__5__uM,False,,Pasireotide (acetate),5.0,uM,1649,3756888.0
plate6,0,smp_1982,57,CVCL_1715,44,Pasireotide (acetate)__5__uM,False,,Pasireotide (acetate),5.0,uM,130,307189.0
plate6,0,smp_1982,57,CVCL_1716,45,Pasireotide (acetate)__5__uM,False,,Pasireotide (acetate),5.0,uM,212,416385.0
plate6,0,smp_1982,57,CVCL_1717,46,Pasireotide (acetate)__5__uM,False,,Pasireotide (acetate),5.0,uM,1725,6710472.0
plate6,0,smp_1982,57,CVCL_1724,47,Pasireotide (acetate)__5__uM,False,,Pasireotide (acetate),5.0,uM,994,2507728.0
plate6,0,smp_1982,57,CVCL_1731,48,Pasireotide (acetate)__5__uM,False,,Pasireotide (acetate),5.0,uM,1357,3662364.0
plate6,0,smp_1982,57,CVCL_C466,49,Pasireotide (acetate)__5__uM,False,,Pasireotide (acetate),5.0,uM,2093,4073440.0
plate6,0,smp_2044,58,CVCL_0023,0,Pentagastrin__5__uM,False,,Pentagastrin,5.0,uM,4024,13027496.0
plate6,0,smp_2044,58,CVCL_0028,1,Pentagastrin__5__uM,False,,Pentagastrin,5.0,uM,1630,3664819.0
plate6,0,smp_2044,58,CVCL_0069,2,Pentagastrin__5__uM,False,,Pentagastrin,5.0,uM,2389,9102839.0
plate6,0,smp_2044,58,CVCL_0099,3,Pentagastrin__5__uM,False,,Pentagastrin,5.0,uM,1688,4840541.0
plate6,0,smp_2044,58,CVCL_0131,4,Pentagastrin__5__uM,False,,Pentagastrin,5.0,uM,3993,18149594.0
plate6,0,smp_2044,58,CVCL_0152,5,Pentagastrin__5__uM,False,,Pentagastrin,5.0,uM,4579,13006676.0
plate6,0,smp_2044,58,CVCL_0179,6,Pentagastrin__5__uM,False,,Pentagastrin,5.0,uM,2582,12067053.0
plate6,0,smp_2044,58,CVCL_0218,7,Pentagastrin__5__uM,False,,Pentagastrin,5.0,uM,2436,6959151.0
plate6,0,smp_2044,58,CVCL_0292,8,Pentagastrin__5__uM,False,,Pentagastrin,5.0,uM,2787,6271163.0
plate6,0,smp_2044,58,CVCL_0293,9,Pentagastrin__5__uM,False,,Pentagastrin,5.0,uM,3313,16528965.0
plate6,0,smp_2044,58,CVCL_0320,10,Pentagastrin__5__uM,False,,Pentagastrin,5.0,uM,3082,12891298.0
plate6,0,smp_2044,58,CVCL_0332,11,Pentagastrin__5__uM,False,,Pentagastrin,5.0,uM,2162,9894932.0
plate6,0,smp_2044,58,CVCL_0334,12,Pentagastrin__5__uM,False,,Pentagastrin,5.0,uM,1770,5296387.0
plate6,0,smp_2044,58,CVCL_0359,13,Pentagastrin__5__uM,False,,Pentagastrin,5.0,uM,3867,16753955.0
plate6,0,smp_2044,58,CVCL_0366,14,Pentagastrin__5__uM,False,,Pentagastrin,5.0,uM,2317,12146969.0
plate6,0,smp_2044,58,CVCL_0371,15,Pentagastrin__5__uM,False,,Pentagastrin,5.0,uM,3281,12768890.0
plate6,0,smp_2044,58,CVCL_0397,16,Pentagastrin__5__uM,False,,Pentagastrin,5.0,uM,2068,9864396.0
plate6,0,smp_2044,58,CVCL_0399,17,Pentagastrin__5__uM,False,,Pentagastrin,5.0,uM,4848,18833785.0
plate6,0,smp_2044,58,CVCL_0428,18,Pentagastrin__5__uM,False,,Pentagastrin,5.0,uM,1978,8022880.0
plate6,0,smp_2044,58,CVCL_0459,19,Pentagastrin__5__uM,False,,Pentagastrin,5.0,uM,7452,21650490.0
plate6,0,smp_2044,58,CVCL_0480,20,Pentagastrin__5__uM,False,,Pentagastrin,5.0,uM,4625,24997434.0
plate6,0,smp_2044,58,CVCL_0504,21,Pentagastrin__5__uM,False,,Pentagastrin,5.0,uM,4187,11561175.0
plate6,0,smp_2044,58,CVCL_0546,22,Pentagastrin__5__uM,False,,Pentagastrin,5.0,uM,9439,28552855.0
plate6,0,smp_2044,58,CVCL_1055,23,Pentagastrin__5__uM,False,,Pentagastrin,5.0,uM,2369,15319081.0
plate6,0,smp_2044,58,CVCL_1056,24,Pentagastrin__5__uM,False,,Pentagastrin,5.0,uM,3540,20727568.0
plate6,0,smp_2044,58,CVCL_1094,25,Pentagastrin__5__uM,False,,Pentagastrin,5.0,uM,2549,7709652.0
plate6,0,smp_2044,58,CVCL_1097,26,Pentagastrin__5__uM,False,,Pentagastrin,5.0,uM,3935,11960951.0
plate6,0,smp_2044,58,CVCL_1098,27,Pentagastrin__5__uM,False,,Pentagastrin,5.0,uM,3280,9992523.0
plate6,0,smp_2044,58,CVCL_1119,28,Pentagastrin__5__uM,False,,Pentagastrin,5.0,uM,2372,10295922.0
plate6,0,smp_2044,58,CVCL_1125,29,Pentagastrin__5__uM,False,,Pentagastrin,5.0,uM,727,1629490.0
plate6,0,smp_2044,58,CVCL_1239,30,Pentagastrin__5__uM,False,,Pentagastrin,5.0,uM,1278,4155308.0
plate6,0,smp_2044,58,CVCL_1285,31,Pentagastrin__5__uM,False,,Pentagastrin,5.0,uM,4693,16944404.0
plate6,0,smp_2044,58,CVCL_1381,32,Pentagastrin__5__uM,False,,Pentagastrin,5.0,uM,3111,11879388.0
plate6,0,smp_2044,58,CVCL_1478,33,Pentagastrin__5__uM,False,,Pentagastrin,5.0,uM,3641,14870388.0
plate6,0,smp_2044,58,CVCL_1495,34,Pentagastrin__5__uM,False,,Pentagastrin,5.0,uM,2417,9260730.0
plate6,0,smp_2044,58,CVCL_1517,35,Pentagastrin__5__uM,False,,Pentagastrin,5.0,uM,3064,19301032.0
plate6,0,smp_2044,58,CVCL_1531,36,Pentagastrin__5__uM,False,,Pentagastrin,5.0,uM,28,51130.0
plate6,0,smp_2044,58,CVCL_1547,37,Pentagastrin__5__uM,False,,Pentagastrin,5.0,uM,2881,12165135.0
plate6,0,smp_2044,58,CVCL_1550,38,Pentagastrin__5__uM,False,,Pentagastrin,5.0,uM,2245,14265787.0
plate6,0,smp_2044,58,CVCL_1571,39,Pentagastrin__5__uM,False,,Pentagastrin,5.0,uM,5,5988.0
plate6,0,smp_2044,58,CVCL_1577,40,Pentagastrin__5__uM,False,,Pentagastrin,5.0,uM,154,1138619.0
plate6,0,smp_2044,58,CVCL_1635,41,Pentagastrin__5__uM,False,,Pentagastrin,5.0,uM,1793,7694999.0
plate6,0,smp_2044,58,CVCL_1666,42,Pentagastrin__5__uM,False,,Pentagastrin,5.0,uM,2385,6274245.0
plate6,0,smp_2044,58,CVCL_1693,43,Pentagastrin__5__uM,False,,Pentagastrin,5.0,uM,2475,6284297.0
plate6,0,smp_2044,58,CVCL_1715,44,Pentagastrin__5__uM,False,,Pentagastrin,5.0,uM,285,851645.0
plate6,0,smp_2044,58,CVCL_1716,45,Pentagastrin__5__uM,False,,Pentagastrin,5.0,uM,414,1091436.0
plate6,0,smp_2044,58,CVCL_1717,46,Pentagastrin__5__uM,False,,Pentagastrin,5.0,uM,2677,12301424.0
plate6,0,smp_2044,58,CVCL_1724,47,Pentagastrin__5__uM,False,,Pentagastrin,5.0,uM,1915,6750314.0
plate6,0,smp_2044,58,CVCL_1731,48,Pentagastrin__5__uM,False,,Pentagastrin,5.0,uM,2280,7492370.0
plate6,0,smp_2044,58,CVCL_C466,49,Pentagastrin__5__uM,False,,Pentagastrin,5.0,uM,3348,7714737.0
plate6,0,smp_2023,59,CVCL_0023,0,Pentamidine (isethionate)__5__uM,False,,Pentamidine (isethionate),5.0,uM,1525,2935530.0
plate6,0,smp_2023,59,CVCL_0028,1,Pentamidine (isethionate)__5__uM,False,,Pentamidine (isethionate),5.0,uM,481,677381.0
plate6,0,smp_2023,59,CVCL_0069,2,Pentamidine (isethionate)__5__uM,False,,Pentamidine (isethionate),5.0,uM,927,1923080.0
plate6,0,smp_2023,59,CVCL_0099,3,Pentamidine (isethionate)__5__uM,False,,Pentamidine (isethionate),5.0,uM,517,827593.0
plate6,0,smp_2023,59,CVCL_0131,4,Pentamidine (isethionate)__5__uM,False,,Pentamidine (isethionate),5.0,uM,1306,3436236.0
plate6,0,smp_2023,59,CVCL_0152,5,Pentamidine (isethionate)__5__uM,False,,Pentamidine (isethionate),5.0,uM,1647,3254551.0
plate6,0,smp_2023,59,CVCL_0179,6,Pentamidine (isethionate)__5__uM,False,,Pentamidine (isethionate),5.0,uM,890,2456629.0
plate6,0,smp_2023,59,CVCL_0218,7,Pentamidine (isethionate)__5__uM,False,,Pentamidine (isethionate),5.0,uM,924,1557905.0
plate6,0,smp_2023,59,CVCL_0292,8,Pentamidine (isethionate)__5__uM,False,,Pentamidine (isethionate),5.0,uM,849,1282833.0
plate6,0,smp_2023,59,CVCL_0293,9,Pentamidine (isethionate)__5__uM,False,,Pentamidine (isethionate),5.0,uM,1476,4123655.0
plate6,0,smp_2023,59,CVCL_0320,10,Pentamidine (isethionate)__5__uM,False,,Pentamidine (isethionate),5.0,uM,1189,2895905.0
plate6,0,smp_2023,59,CVCL_0332,11,Pentamidine (isethionate)__5__uM,False,,Pentamidine (isethionate),5.0,uM,719,1929442.0
plate6,0,smp_2023,59,CVCL_0334,12,Pentamidine (isethionate)__5__uM,False,,Pentamidine (isethionate),5.0,uM,593,1012136.0
plate6,0,smp_2023,59,CVCL_0359,13,Pentamidine (isethionate)__5__uM,False,,Pentamidine (isethionate),5.0,uM,1274,3237118.0
plate6,0,smp_2023,59,CVCL_0366,14,Pentamidine (isethionate)__5__uM,False,,Pentamidine (isethionate),5.0,uM,694,2110029.0
plate6,0,smp_2023,59,CVCL_0371,15,Pentamidine (isethionate)__5__uM,False,,Pentamidine (isethionate),5.0,uM,1173,2729218.0
plate6,0,smp_2023,59,CVCL_0397,16,Pentamidine (isethionate)__5__uM,False,,Pentamidine (isethionate),5.0,uM,735,2031457.0
plate6,0,smp_2023,59,CVCL_0399,17,Pentamidine (isethionate)__5__uM,False,,Pentamidine (isethionate),5.0,uM,1694,4046862.0
plate6,0,smp_2023,59,CVCL_0428,18,Pentamidine (isethionate)__5__uM,False,,Pentamidine (isethionate),5.0,uM,689,1620493.0
plate6,0,smp_2023,59,CVCL_0459,19,Pentamidine (isethionate)__5__uM,False,,Pentamidine (isethionate),5.0,uM,2984,5216141.0
plate6,0,smp_2023,59,CVCL_0480,20,Pentamidine (isethionate)__5__uM,False,,Pentamidine (isethionate),5.0,uM,1433,4233399.0
plate6,0,smp_2023,59,CVCL_0504,21,Pentamidine (isethionate)__5__uM,False,,Pentamidine (isethionate),5.0,uM,1753,2909737.0
plate6,0,smp_2023,59,CVCL_0546,22,Pentamidine (isethionate)__5__uM,False,,Pentamidine (isethionate),5.0,uM,3623,6584666.0
plate6,0,smp_2023,59,CVCL_1055,23,Pentamidine (isethionate)__5__uM,False,,Pentamidine (isethionate),5.0,uM,761,2625092.0
plate6,0,smp_2023,59,CVCL_1056,24,Pentamidine (isethionate)__5__uM,False,,Pentamidine (isethionate),5.0,uM,1069,3656009.0
plate6,0,smp_2023,59,CVCL_1094,25,Pentamidine (isethionate)__5__uM,False,,Pentamidine (isethionate),5.0,uM,1142,1945907.0
plate6,0,smp_2023,59,CVCL_1097,26,Pentamidine (isethionate)__5__uM,False,,Pentamidine (isethionate),5.0,uM,1164,2080793.0
plate6,0,smp_2023,59,CVCL_1098,27,Pentamidine (isethionate)__5__uM,False,,Pentamidine (isethionate),5.0,uM,1033,1750677.0
plate6,0,smp_2023,59,CVCL_1119,28,Pentamidine (isethionate)__5__uM,False,,Pentamidine (isethionate),5.0,uM,1152,2919596.0
plate6,0,smp_2023,59,CVCL_1125,29,Pentamidine (isethionate)__5__uM,False,,Pentamidine (isethionate),5.0,uM,292,436068.0
plate6,0,smp_2023,59,CVCL_1239,30,Pentamidine (isethionate)__5__uM,False,,Pentamidine (isethionate),5.0,uM,427,790459.0
plate6,0,smp_2023,59,CVCL_1285,31,Pentamidine (isethionate)__5__uM,False,,Pentamidine (isethionate),5.0,uM,1476,3247569.0
plate6,0,smp_2023,59,CVCL_1381,32,Pentamidine (isethionate)__5__uM,False,,Pentamidine (isethionate),5.0,uM,1291,2879352.0
plate6,0,smp_2023,59,CVCL_1478,33,Pentamidine (isethionate)__5__uM,False,,Pentamidine (isethionate),5.0,uM,901,2376468.0
plate6,0,smp_2023,59,CVCL_1495,34,Pentamidine (isethionate)__5__uM,False,,Pentamidine (isethionate),5.0,uM,821,1767674.0
plate6,0,smp_2023,59,CVCL_1517,35,Pentamidine (isethionate)__5__uM,False,,Pentamidine (isethionate),5.0,uM,956,3200556.0
plate6,0,smp_2023,59,CVCL_1531,36,Pentamidine (isethionate)__5__uM,False,,Pentamidine (isethionate),5.0,uM,20,24219.0
plate6,0,smp_2023,59,CVCL_1547,37,Pentamidine (isethionate)__5__uM,False,,Pentamidine (isethionate),5.0,uM,1233,2768497.0
plate6,0,smp_2023,59,CVCL_1550,38,Pentamidine (isethionate)__5__uM,False,,Pentamidine (isethionate),5.0,uM,1175,4606199.0
plate6,0,smp_2023,59,CVCL_1571,39,Pentamidine (isethionate)__5__uM,False,,Pentamidine (isethionate),5.0,uM,7,6952.0
plate6,0,smp_2023,59,CVCL_1577,40,Pentamidine (isethionate)__5__uM,False,,Pentamidine (isethionate),5.0,uM,71,267602.0
plate6,0,smp_2023,59,CVCL_1635,41,Pentamidine (isethionate)__5__uM,False,,Pentamidine (isethionate),5.0,uM,817,2028326.0
plate6,0,smp_2023,59,CVCL_1666,42,Pentamidine (isethionate)__5__uM,False,,Pentamidine (isethionate),5.0,uM,967,1599958.0
plate6,0,smp_2023,59,CVCL_1693,43,Pentamidine (isethionate)__5__uM,False,,Pentamidine (isethionate),5.0,uM,990,1687817.0
plate6,0,smp_2023,59,CVCL_1715,44,Pentamidine (isethionate)__5__uM,False,,Pentamidine (isethionate),5.0,uM,102,172041.0
plate6,0,smp_2023,59,CVCL_1716,45,Pentamidine (isethionate)__5__uM,False,,Pentamidine (isethionate),5.0,uM,146,250049.0
plate6,0,smp_2023,59,CVCL_1717,46,Pentamidine (isethionate)__5__uM,False,,Pentamidine (isethionate),5.0,uM,1090,2940469.0
plate6,0,smp_2023,59,CVCL_1724,47,Pentamidine (isethionate)__5__uM,False,,Pentamidine (isethionate),5.0,uM,624,1135775.0
plate6,0,smp_2023,59,CVCL_1731,48,Pentamidine (isethionate)__5__uM,False,,Pentamidine (isethionate),5.0,uM,840,1543901.0
plate6,0,smp_2023,59,CVCL_C466,49,Pentamidine (isethionate)__5__uM,False,,Pentamidine (isethionate),5.0,uM,950,1446948.0
plate6,0,smp_2059,60,CVCL_0023,0,Pyridoxine (hydrochloride)__5__uM,False,,Pyridoxine (hydrochloride),5.0,uM,3107,9093586.0
plate6,0,smp_2059,60,CVCL_0028,1,Pyridoxine (hydrochloride)__5__uM,False,,Pyridoxine (hydrochloride),5.0,uM,1356,2819894.0
plate6,0,smp_2059,60,CVCL_0069,2,Pyridoxine (hydrochloride)__5__uM,False,,Pyridoxine (hydrochloride),5.0,uM,1946,6690326.0
plate6,0,smp_2059,60,CVCL_0099,3,Pyridoxine (hydrochloride)__5__uM,False,,Pyridoxine (hydrochloride),5.0,uM,1354,3341885.0
plate6,0,smp_2059,60,CVCL_0131,4,Pyridoxine (hydrochloride)__5__uM,False,,Pyridoxine (hydrochloride),5.0,uM,3179,13160573.0
plate6,0,smp_2059,60,CVCL_0152,5,Pyridoxine (hydrochloride)__5__uM,False,,Pyridoxine (hydrochloride),5.0,uM,3348,8550305.0
plate6,0,smp_2059,60,CVCL_0179,6,Pyridoxine (hydrochloride)__5__uM,False,,Pyridoxine (hydrochloride),5.0,uM,1685,7320048.0
plate6,0,smp_2059,60,CVCL_0218,7,Pyridoxine (hydrochloride)__5__uM,False,,Pyridoxine (hydrochloride),5.0,uM,1529,3884390.0
plate6,0,smp_2059,60,CVCL_0292,8,Pyridoxine (hydrochloride)__5__uM,False,,Pyridoxine (hydrochloride),5.0,uM,1915,4018963.0
plate6,0,smp_2059,60,CVCL_0293,9,Pyridoxine (hydrochloride)__5__uM,False,,Pyridoxine (hydrochloride),5.0,uM,2544,10763743.0
plate6,0,smp_2059,60,CVCL_0320,10,Pyridoxine (hydrochloride)__5__uM,False,,Pyridoxine (hydrochloride),5.0,uM,2001,7307065.0
plate6,0,smp_2059,60,CVCL_0332,11,Pyridoxine (hydrochloride)__5__uM,False,,Pyridoxine (hydrochloride),5.0,uM,1411,5722931.0
plate6,0,smp_2059,60,CVCL_0334,12,Pyridoxine (hydrochloride)__5__uM,False,,Pyridoxine (hydrochloride),5.0,uM,1293,3530547.0
plate6,0,smp_2059,60,CVCL_0359,13,Pyridoxine (hydrochloride)__5__uM,False,,Pyridoxine (hydrochloride),5.0,uM,3113,12148844.0
plate6,0,smp_2059,60,CVCL_0366,14,Pyridoxine (hydrochloride)__5__uM,False,,Pyridoxine (hydrochloride),5.0,uM,1636,7424627.0
plate6,0,smp_2059,60,CVCL_0371,15,Pyridoxine (hydrochloride)__5__uM,False,,Pyridoxine (hydrochloride),5.0,uM,2278,8156720.0
plate6,0,smp_2059,60,CVCL_0397,16,Pyridoxine (hydrochloride)__5__uM,False,,Pyridoxine (hydrochloride),5.0,uM,1521,6679026.0
plate6,0,smp_2059,60,CVCL_0399,17,Pyridoxine (hydrochloride)__5__uM,False,,Pyridoxine (hydrochloride),5.0,uM,3529,11401875.0
plate6,0,smp_2059,60,CVCL_0428,18,Pyridoxine (hydrochloride)__5__uM,False,,Pyridoxine (hydrochloride),5.0,uM,1418,5553824.0
plate6,0,smp_2059,60,CVCL_0459,19,Pyridoxine (hydrochloride)__5__uM,False,,Pyridoxine (hydrochloride),5.0,uM,5533,14498375.0
plate6,0,smp_2059,60,CVCL_0480,20,Pyridoxine (hydrochloride)__5__uM,False,,Pyridoxine (hydrochloride),5.0,uM,2813,13064199.0
plate6,0,smp_2059,60,CVCL_0504,21,Pyridoxine (hydrochloride)__5__uM,False,,Pyridoxine (hydrochloride),5.0,uM,3115,7913157.0
plate6,0,smp_2059,60,CVCL_0546,22,Pyridoxine (hydrochloride)__5__uM,False,,Pyridoxine (hydrochloride),5.0,uM,6778,18698260.0
plate6,0,smp_2059,60,CVCL_1055,23,Pyridoxine (hydrochloride)__5__uM,False,,Pyridoxine (hydrochloride),5.0,uM,1972,11258878.0
plate6,0,smp_2059,60,CVCL_1056,24,Pyridoxine (hydrochloride)__5__uM,False,,Pyridoxine (hydrochloride),5.0,uM,2607,13722591.0
plate6,0,smp_2059,60,CVCL_1094,25,Pyridoxine (hydrochloride)__5__uM,False,,Pyridoxine (hydrochloride),5.0,uM,1994,5458000.0
plate6,0,smp_2059,60,CVCL_1097,26,Pyridoxine (hydrochloride)__5__uM,False,,Pyridoxine (hydrochloride),5.0,uM,2232,5838363.0
plate6,0,smp_2059,60,CVCL_1098,27,Pyridoxine (hydrochloride)__5__uM,False,,Pyridoxine (hydrochloride),5.0,uM,2415,5971981.0
plate6,0,smp_2059,60,CVCL_1119,28,Pyridoxine (hydrochloride)__5__uM,False,,Pyridoxine (hydrochloride),5.0,uM,2128,7944345.0
plate6,0,smp_2059,60,CVCL_1125,29,Pyridoxine (hydrochloride)__5__uM,False,,Pyridoxine (hydrochloride),5.0,uM,653,1376268.0
plate6,0,smp_2059,60,CVCL_1239,30,Pyridoxine (hydrochloride)__5__uM,False,,Pyridoxine (hydrochloride),5.0,uM,923,2626753.0
plate6,0,smp_2059,60,CVCL_1285,31,Pyridoxine (hydrochloride)__5__uM,False,,Pyridoxine (hydrochloride),5.0,uM,3122,10262557.0
plate6,0,smp_2059,60,CVCL_1381,32,Pyridoxine (hydrochloride)__5__uM,False,,Pyridoxine (hydrochloride),5.0,uM,2355,7986511.0
plate6,0,smp_2059,60,CVCL_1478,33,Pyridoxine (hydrochloride)__5__uM,False,,Pyridoxine (hydrochloride),5.0,uM,2028,6866413.0
plate6,0,smp_2059,60,CVCL_1495,34,Pyridoxine (hydrochloride)__5__uM,False,,Pyridoxine (hydrochloride),5.0,uM,1776,6112275.0
plate6,0,smp_2059,60,CVCL_1517,35,Pyridoxine (hydrochloride)__5__uM,False,,Pyridoxine (hydrochloride),5.0,uM,2153,11683607.0
plate6,0,smp_2059,60,CVCL_1531,36,Pyridoxine (hydrochloride)__5__uM,False,,Pyridoxine (hydrochloride),5.0,uM,24,51529.0
plate6,0,smp_2059,60,CVCL_1547,37,Pyridoxine (hydrochloride)__5__uM,False,,Pyridoxine (hydrochloride),5.0,uM,2162,8020372.0
plate6,0,smp_2059,60,CVCL_1550,38,Pyridoxine (hydrochloride)__5__uM,False,,Pyridoxine (hydrochloride),5.0,uM,2084,11550354.0
plate6,0,smp_2059,60,CVCL_1571,39,Pyridoxine (hydrochloride)__5__uM,False,,Pyridoxine (hydrochloride),5.0,uM,6,7057.0
plate6,0,smp_2059,60,CVCL_1577,40,Pyridoxine (hydrochloride)__5__uM,False,,Pyridoxine (hydrochloride),5.0,uM,113,730028.0
plate6,0,smp_2059,60,CVCL_1635,41,Pyridoxine (hydrochloride)__5__uM,False,,Pyridoxine (hydrochloride),5.0,uM,1481,5305665.0
plate6,0,smp_2059,60,CVCL_1666,42,Pyridoxine (hydrochloride)__5__uM,False,,Pyridoxine (hydrochloride),5.0,uM,1760,4155498.0
plate6,0,smp_2059,60,CVCL_1693,43,Pyridoxine (hydrochloride)__5__uM,False,,Pyridoxine (hydrochloride),5.0,uM,2119,5172263.0
plate6,0,smp_2059,60,CVCL_1715,44,Pyridoxine (hydrochloride)__5__uM,False,,Pyridoxine (hydrochloride),5.0,uM,143,358062.0
plate6,0,smp_2059,60,CVCL_1716,45,Pyridoxine (hydrochloride)__5__uM,False,,Pyridoxine (hydrochloride),5.0,uM,221,492492.0
plate6,0,smp_2059,60,CVCL_1717,46,Pyridoxine (hydrochloride)__5__uM,False,,Pyridoxine (hydrochloride),5.0,uM,1870,7907553.0
plate6,0,smp_2059,60,CVCL_1724,47,Pyridoxine (hydrochloride)__5__uM,False,,Pyridoxine (hydrochloride),5.0,uM,1168,3250999.0
plate6,0,smp_2059,60,CVCL_1731,48,Pyridoxine (hydrochloride)__5__uM,False,,Pyridoxine (hydrochloride),5.0,uM,1610,4748398.0
plate6,0,smp_2059,60,CVCL_C466,49,Pyridoxine (hydrochloride)__5__uM,False,,Pyridoxine (hydrochloride),5.0,uM,2614,5573523.0
plate6,0,smp_1992,61,CVCL_0023,0,Pyridoxine__5__uM,False,,Pyridoxine,5.0,uM,1534,3423258.0
plate6,0,smp_1992,61,CVCL_0028,1,Pyridoxine__5__uM,False,,Pyridoxine,5.0,uM,479,746909.0
plate6,0,smp_1992,61,CVCL_0069,2,Pyridoxine__5__uM,False,,Pyridoxine,5.0,uM,853,2096794.0
plate6,0,smp_1992,61,CVCL_0099,3,Pyridoxine__5__uM,False,,Pyridoxine,5.0,uM,599,1100558.0
plate6,0,smp_1992,61,CVCL_0131,4,Pyridoxine__5__uM,False,,Pyridoxine,5.0,uM,1227,4102221.0
plate6,0,smp_1992,61,CVCL_0152,5,Pyridoxine__5__uM,False,,Pyridoxine,5.0,uM,1667,3382214.0
plate6,0,smp_1992,61,CVCL_0179,6,Pyridoxine__5__uM,False,,Pyridoxine,5.0,uM,755,2600910.0
plate6,0,smp_1992,61,CVCL_0218,7,Pyridoxine__5__uM,False,,Pyridoxine,5.0,uM,996,1936553.0
plate6,0,smp_1992,61,CVCL_0292,8,Pyridoxine__5__uM,False,,Pyridoxine,5.0,uM,952,1434241.0
plate6,0,smp_1992,61,CVCL_0293,9,Pyridoxine__5__uM,False,,Pyridoxine,5.0,uM,1536,4682179.0
plate6,0,smp_1992,61,CVCL_0320,10,Pyridoxine__5__uM,False,,Pyridoxine,5.0,uM,1142,3174540.0
plate6,0,smp_1992,61,CVCL_0332,11,Pyridoxine__5__uM,False,,Pyridoxine,5.0,uM,646,2106521.0
plate6,0,smp_1992,61,CVCL_0334,12,Pyridoxine__5__uM,False,,Pyridoxine,5.0,uM,662,1358591.0
plate6,0,smp_1992,61,CVCL_0359,13,Pyridoxine__5__uM,False,,Pyridoxine,5.0,uM,1279,3820374.0
plate6,0,smp_1992,61,CVCL_0366,14,Pyridoxine__5__uM,False,,Pyridoxine,5.0,uM,649,2300481.0
plate6,0,smp_1992,61,CVCL_0371,15,Pyridoxine__5__uM,False,,Pyridoxine,5.0,uM,1243,3529245.0
plate6,0,smp_1992,61,CVCL_0397,16,Pyridoxine__5__uM,False,,Pyridoxine,5.0,uM,765,2642574.0
plate6,0,smp_1992,61,CVCL_0399,17,Pyridoxine__5__uM,False,,Pyridoxine,5.0,uM,1808,4887084.0
plate6,0,smp_1992,61,CVCL_0428,18,Pyridoxine__5__uM,False,,Pyridoxine,5.0,uM,588,1664666.0
plate6,0,smp_1992,61,CVCL_0459,19,Pyridoxine__5__uM,False,,Pyridoxine,5.0,uM,3073,6326126.0
plate6,0,smp_1992,61,CVCL_0480,20,Pyridoxine__5__uM,False,,Pyridoxine,5.0,uM,1424,5432314.0
plate6,0,smp_1992,61,CVCL_0504,21,Pyridoxine__5__uM,False,,Pyridoxine,5.0,uM,1374,2590370.0
plate6,0,smp_1992,61,CVCL_0546,22,Pyridoxine__5__uM,False,,Pyridoxine,5.0,uM,3604,7645706.0
plate6,0,smp_1992,61,CVCL_1055,23,Pyridoxine__5__uM,False,,Pyridoxine,5.0,uM,796,3429486.0
plate6,0,smp_1992,61,CVCL_1056,24,Pyridoxine__5__uM,False,,Pyridoxine,5.0,uM,1190,5168140.0
plate6,0,smp_1992,61,CVCL_1094,25,Pyridoxine__5__uM,False,,Pyridoxine,5.0,uM,883,1752260.0
plate6,0,smp_1992,61,CVCL_1097,26,Pyridoxine__5__uM,False,,Pyridoxine,5.0,uM,1226,2656677.0
plate6,0,smp_1992,61,CVCL_1098,27,Pyridoxine__5__uM,False,,Pyridoxine,5.0,uM,1325,2562699.0
plate6,0,smp_1992,61,CVCL_1119,28,Pyridoxine__5__uM,False,,Pyridoxine,5.0,uM,948,2811098.0
plate6,0,smp_1992,61,CVCL_1125,29,Pyridoxine__5__uM,False,,Pyridoxine,5.0,uM,319,514738.0
plate6,0,smp_1992,61,CVCL_1239,30,Pyridoxine__5__uM,False,,Pyridoxine,5.0,uM,454,1016538.0
plate6,0,smp_1992,61,CVCL_1285,31,Pyridoxine__5__uM,False,,Pyridoxine,5.0,uM,1401,3658237.0
plate6,0,smp_1992,61,CVCL_1381,32,Pyridoxine__5__uM,False,,Pyridoxine,5.0,uM,1112,3087225.0
plate6,0,smp_1992,61,CVCL_1478,33,Pyridoxine__5__uM,False,,Pyridoxine,5.0,uM,1106,2898536.0
plate6,0,smp_1992,61,CVCL_1495,34,Pyridoxine__5__uM,False,,Pyridoxine,5.0,uM,871,2318951.0
plate6,0,smp_1992,61,CVCL_1517,35,Pyridoxine__5__uM,False,,Pyridoxine,5.0,uM,1167,5193852.0
plate6,0,smp_1992,61,CVCL_1531,36,Pyridoxine__5__uM,False,,Pyridoxine,5.0,uM,11,17784.0
plate6,0,smp_1992,61,CVCL_1547,37,Pyridoxine__5__uM,False,,Pyridoxine,5.0,uM,1036,2886161.0
plate6,0,smp_1992,61,CVCL_1550,38,Pyridoxine__5__uM,False,,Pyridoxine,5.0,uM,1016,4634376.0
plate6,0,smp_1992,61,CVCL_1571,39,Pyridoxine__5__uM,False,,Pyridoxine,5.0,uM,4,4676.0
plate6,0,smp_1992,61,CVCL_1577,40,Pyridoxine__5__uM,False,,Pyridoxine,5.0,uM,43,175728.0
plate6,0,smp_1992,61,CVCL_1635,41,Pyridoxine__5__uM,False,,Pyridoxine,5.0,uM,822,2434808.0
plate6,0,smp_1992,61,CVCL_1666,42,Pyridoxine__5__uM,False,,Pyridoxine,5.0,uM,1013,1867222.0
plate6,0,smp_1992,61,CVCL_1693,43,Pyridoxine__5__uM,False,,Pyridoxine,5.0,uM,841,1504102.0
plate6,0,smp_1992,61,CVCL_1715,44,Pyridoxine__5__uM,False,,Pyridoxine,5.0,uM,83,171128.0
plate6,0,smp_1992,61,CVCL_1716,45,Pyridoxine__5__uM,False,,Pyridoxine,5.0,uM,118,227345.0
plate6,0,smp_1992,61,CVCL_1717,46,Pyridoxine__5__uM,False,,Pyridoxine,5.0,uM,984,3195617.0
plate6,0,smp_1992,61,CVCL_1724,47,Pyridoxine__5__uM,False,,Pyridoxine,5.0,uM,613,1311694.0
plate6,0,smp_1992,61,CVCL_1731,48,Pyridoxine__5__uM,False,,Pyridoxine,5.0,uM,832,2005632.0
plate6,0,smp_1992,61,CVCL_C466,49,Pyridoxine__5__uM,False,,Pyridoxine,5.0,uM,1223,2066236.0
plate6,0,smp_2000,62,CVCL_0023,0,Quinestrol__5__uM,False,,Quinestrol,5.0,uM,2782,6229966.0
plate6,0,smp_2000,62,CVCL_0028,1,Quinestrol__5__uM,False,,Quinestrol,5.0,uM,840,1350094.0
plate6,0,smp_2000,62,CVCL_0069,2,Quinestrol__5__uM,False,,Quinestrol,5.0,uM,1490,3972827.0
plate6,0,smp_2000,62,CVCL_0099,3,Quinestrol__5__uM,False,,Quinestrol,5.0,uM,923,1761712.0
plate6,0,smp_2000,62,CVCL_0131,4,Quinestrol__5__uM,False,,Quinestrol,5.0,uM,2329,7401446.0
plate6,0,smp_2000,62,CVCL_0152,5,Quinestrol__5__uM,False,,Quinestrol,5.0,uM,2907,5857527.0
plate6,0,smp_2000,62,CVCL_0179,6,Quinestrol__5__uM,False,,Quinestrol,5.0,uM,1367,4645133.0
plate6,0,smp_2000,62,CVCL_0218,7,Quinestrol__5__uM,False,,Quinestrol,5.0,uM,1488,2834492.0
plate6,0,smp_2000,62,CVCL_0292,8,Quinestrol__5__uM,False,,Quinestrol,5.0,uM,1418,2125192.0
plate6,0,smp_2000,62,CVCL_0293,9,Quinestrol__5__uM,False,,Quinestrol,5.0,uM,2866,8608171.0
plate6,0,smp_2000,62,CVCL_0320,10,Quinestrol__5__uM,False,,Quinestrol,5.0,uM,1915,5347061.0
plate6,0,smp_2000,62,CVCL_0332,11,Quinestrol__5__uM,False,,Quinestrol,5.0,uM,1282,4064514.0
plate6,0,smp_2000,62,CVCL_0334,12,Quinestrol__5__uM,False,,Quinestrol,5.0,uM,1053,2161174.0
plate6,0,smp_2000,62,CVCL_0359,13,Quinestrol__5__uM,False,,Quinestrol,5.0,uM,2279,6625525.0
plate6,0,smp_2000,62,CVCL_0366,14,Quinestrol__5__uM,False,,Quinestrol,5.0,uM,1450,5110092.0
plate6,0,smp_2000,62,CVCL_0371,15,Quinestrol__5__uM,False,,Quinestrol,5.0,uM,2059,5351332.0
plate6,0,smp_2000,62,CVCL_0397,16,Quinestrol__5__uM,False,,Quinestrol,5.0,uM,1338,4355818.0
plate6,0,smp_2000,62,CVCL_0399,17,Quinestrol__5__uM,False,,Quinestrol,5.0,uM,3261,8193067.0
plate6,0,smp_2000,62,CVCL_0428,18,Quinestrol__5__uM,False,,Quinestrol,5.0,uM,1054,3028765.0
plate6,0,smp_2000,62,CVCL_0459,19,Quinestrol__5__uM,False,,Quinestrol,5.0,uM,4778,9269582.0
plate6,0,smp_2000,62,CVCL_0480,20,Quinestrol__5__uM,False,,Quinestrol,5.0,uM,2649,9385892.0
plate6,0,smp_2000,62,CVCL_0504,21,Quinestrol__5__uM,False,,Quinestrol,5.0,uM,2368,4484990.0
plate6,0,smp_2000,62,CVCL_0546,22,Quinestrol__5__uM,False,,Quinestrol,5.0,uM,5581,11838470.0
plate6,0,smp_2000,62,CVCL_1055,23,Quinestrol__5__uM,False,,Quinestrol,5.0,uM,1330,5418673.0
plate6,0,smp_2000,62,CVCL_1056,24,Quinestrol__5__uM,False,,Quinestrol,5.0,uM,2150,8875821.0
plate6,0,smp_2000,62,CVCL_1094,25,Quinestrol__5__uM,False,,Quinestrol,5.0,uM,1643,3283757.0
plate6,0,smp_2000,62,CVCL_1097,26,Quinestrol__5__uM,False,,Quinestrol,5.0,uM,1917,3915185.0
plate6,0,smp_2000,62,CVCL_1098,27,Quinestrol__5__uM,False,,Quinestrol,5.0,uM,2352,4360138.0
plate6,0,smp_2000,62,CVCL_1119,28,Quinestrol__5__uM,False,,Quinestrol,5.0,uM,1990,5522238.0
plate6,0,smp_2000,62,CVCL_1125,29,Quinestrol__5__uM,False,,Quinestrol,5.0,uM,466,750614.0
plate6,0,smp_2000,62,CVCL_1239,30,Quinestrol__5__uM,False,,Quinestrol,5.0,uM,727,1600893.0
plate6,0,smp_2000,62,CVCL_1285,31,Quinestrol__5__uM,False,,Quinestrol,5.0,uM,2810,6966324.0
plate6,0,smp_2000,62,CVCL_1381,32,Quinestrol__5__uM,False,,Quinestrol,5.0,uM,1996,5096789.0
plate6,0,smp_2000,62,CVCL_1478,33,Quinestrol__5__uM,False,,Quinestrol,5.0,uM,2198,5821812.0
plate6,0,smp_2000,62,CVCL_1495,34,Quinestrol__5__uM,False,,Quinestrol,5.0,uM,1485,3673338.0
plate6,0,smp_2000,62,CVCL_1517,35,Quinestrol__5__uM,False,,Quinestrol,5.0,uM,1936,7799783.0
plate6,0,smp_2000,62,CVCL_1531,36,Quinestrol__5__uM,False,,Quinestrol,5.0,uM,27,32092.0
plate6,0,smp_2000,62,CVCL_1547,37,Quinestrol__5__uM,False,,Quinestrol,5.0,uM,1854,5087566.0
plate6,0,smp_2000,62,CVCL_1550,38,Quinestrol__5__uM,False,,Quinestrol,5.0,uM,2017,8898361.0
plate6,0,smp_2000,62,CVCL_1571,39,Quinestrol__5__uM,False,,Quinestrol,5.0,uM,18,16698.0
plate6,0,smp_2000,62,CVCL_1577,40,Quinestrol__5__uM,False,,Quinestrol,5.0,uM,92,364843.0
plate6,0,smp_2000,62,CVCL_1635,41,Quinestrol__5__uM,False,,Quinestrol,5.0,uM,1426,3993560.0
plate6,0,smp_2000,62,CVCL_1666,42,Quinestrol__5__uM,False,,Quinestrol,5.0,uM,1518,2817383.0
plate6,0,smp_2000,62,CVCL_1693,43,Quinestrol__5__uM,False,,Quinestrol,5.0,uM,1539,2840761.0
plate6,0,smp_2000,62,CVCL_1715,44,Quinestrol__5__uM,False,,Quinestrol,5.0,uM,124,243029.0
plate6,0,smp_2000,62,CVCL_1716,45,Quinestrol__5__uM,False,,Quinestrol,5.0,uM,195,321435.0
plate6,0,smp_2000,62,CVCL_1717,46,Quinestrol__5__uM,False,,Quinestrol,5.0,uM,1756,5613507.0
plate6,0,smp_2000,62,CVCL_1724,47,Quinestrol__5__uM,False,,Quinestrol,5.0,uM,930,1911167.0
plate6,0,smp_2000,62,CVCL_1731,48,Quinestrol__5__uM,False,,Quinestrol,5.0,uM,1407,3166205.0
plate6,0,smp_2000,62,CVCL_C466,49,Quinestrol__5__uM,False,,Quinestrol,5.0,uM,1901,3046245.0
plate6,0,smp_2034,63,CVCL_0023,0,Radotinib__5__uM,False,,Radotinib,5.0,uM,1686,3360679.0
plate6,0,smp_2034,63,CVCL_0028,1,Radotinib__5__uM,False,,Radotinib,5.0,uM,655,946268.0
plate6,0,smp_2034,63,CVCL_0069,2,Radotinib__5__uM,False,,Radotinib,5.0,uM,816,1686253.0
plate6,0,smp_2034,63,CVCL_0099,3,Radotinib__5__uM,False,,Radotinib,5.0,uM,470,738183.0
plate6,0,smp_2034,63,CVCL_0131,4,Radotinib__5__uM,False,,Radotinib,5.0,uM,1452,3881341.0
plate6,0,smp_2034,63,CVCL_0152,5,Radotinib__5__uM,False,,Radotinib,5.0,uM,1542,3237462.0
plate6,0,smp_2034,63,CVCL_0179,6,Radotinib__5__uM,False,,Radotinib,5.0,uM,878,2154445.0
plate6,0,smp_2034,63,CVCL_0218,7,Radotinib__5__uM,False,,Radotinib,5.0,uM,842,1392320.0
plate6,0,smp_2034,63,CVCL_0292,8,Radotinib__5__uM,False,,Radotinib,5.0,uM,809,1216709.0
plate6,0,smp_2034,63,CVCL_0293,9,Radotinib__5__uM,False,,Radotinib,5.0,uM,1439,4594098.0
plate6,0,smp_2034,63,CVCL_0320,10,Radotinib__5__uM,False,,Radotinib,5.0,uM,1196,2711526.0
plate6,0,smp_2034,63,CVCL_0332,11,Radotinib__5__uM,False,,Radotinib,5.0,uM,786,2063833.0
plate6,0,smp_2034,63,CVCL_0334,12,Radotinib__5__uM,False,,Radotinib,5.0,uM,630,1223829.0
plate6,0,smp_2034,63,CVCL_0359,13,Radotinib__5__uM,False,,Radotinib,5.0,uM,1554,3877368.0
plate6,0,smp_2034,63,CVCL_0366,14,Radotinib__5__uM,False,,Radotinib,5.0,uM,792,2406347.0
plate6,0,smp_2034,63,CVCL_0371,15,Radotinib__5__uM,False,,Radotinib,5.0,uM,1375,3257312.0
plate6,0,smp_2034,63,CVCL_0397,16,Radotinib__5__uM,False,,Radotinib,5.0,uM,781,2279231.0
plate6,0,smp_2034,63,CVCL_0399,17,Radotinib__5__uM,False,,Radotinib,5.0,uM,1745,4467546.0
plate6,0,smp_2034,63,CVCL_0428,18,Radotinib__5__uM,False,,Radotinib,5.0,uM,879,2047249.0
plate6,0,smp_2034,63,CVCL_0459,19,Radotinib__5__uM,False,,Radotinib,5.0,uM,2593,4491174.0
plate6,0,smp_2034,63,CVCL_0480,20,Radotinib__5__uM,False,,Radotinib,5.0,uM,1578,5025380.0
plate6,0,smp_2034,63,CVCL_0504,21,Radotinib__5__uM,False,,Radotinib,5.0,uM,1629,2536460.0
plate6,0,smp_2034,63,CVCL_0546,22,Radotinib__5__uM,False,,Radotinib,5.0,uM,3385,6422295.0
plate6,0,smp_2034,63,CVCL_1055,23,Radotinib__5__uM,False,,Radotinib,5.0,uM,954,3341832.0
plate6,0,smp_2034,63,CVCL_1056,24,Radotinib__5__uM,False,,Radotinib,5.0,uM,1337,4702367.0
plate6,0,smp_2034,63,CVCL_1094,25,Radotinib__5__uM,False,,Radotinib,5.0,uM,1292,2260499.0
plate6,0,smp_2034,63,CVCL_1097,26,Radotinib__5__uM,False,,Radotinib,5.0,uM,1124,1963681.0
plate6,0,smp_2034,63,CVCL_1098,27,Radotinib__5__uM,False,,Radotinib,5.0,uM,990,1858566.0
plate6,0,smp_2034,63,CVCL_1119,28,Radotinib__5__uM,False,,Radotinib,5.0,uM,1296,3339953.0
plate6,0,smp_2034,63,CVCL_1125,29,Radotinib__5__uM,False,,Radotinib,5.0,uM,235,351826.0
plate6,0,smp_2034,63,CVCL_1239,30,Radotinib__5__uM,False,,Radotinib,5.0,uM,434,805835.0
plate6,0,smp_2034,63,CVCL_1285,31,Radotinib__5__uM,False,,Radotinib,5.0,uM,1695,3466945.0
plate6,0,smp_2034,63,CVCL_1381,32,Radotinib__5__uM,False,,Radotinib,5.0,uM,1386,2976885.0
plate6,0,smp_2034,63,CVCL_1478,33,Radotinib__5__uM,False,,Radotinib,5.0,uM,1170,3408695.0
plate6,0,smp_2034,63,CVCL_1495,34,Radotinib__5__uM,False,,Radotinib,5.0,uM,976,2117741.0
plate6,0,smp_2034,63,CVCL_1517,35,Radotinib__5__uM,False,,Radotinib,5.0,uM,1061,3768311.0
plate6,0,smp_2034,63,CVCL_1531,36,Radotinib__5__uM,False,,Radotinib,5.0,uM,24,41278.0
plate6,0,smp_2034,63,CVCL_1547,37,Radotinib__5__uM,False,,Radotinib,5.0,uM,1164,2686704.0
plate6,0,smp_2034,63,CVCL_1550,38,Radotinib__5__uM,False,,Radotinib,5.0,uM,1313,5060287.0
plate6,0,smp_2034,63,CVCL_1571,39,Radotinib__5__uM,False,,Radotinib,5.0,uM,10,8344.0
plate6,0,smp_2034,63,CVCL_1577,40,Radotinib__5__uM,False,,Radotinib,5.0,uM,59,227498.0
plate6,0,smp_2034,63,CVCL_1635,41,Radotinib__5__uM,False,,Radotinib,5.0,uM,906,2207813.0
plate6,0,smp_2034,63,CVCL_1666,42,Radotinib__5__uM,False,,Radotinib,5.0,uM,854,1367667.0
plate6,0,smp_2034,63,CVCL_1693,43,Radotinib__5__uM,False,,Radotinib,5.0,uM,1022,1611940.0
plate6,0,smp_2034,63,CVCL_1715,44,Radotinib__5__uM,False,,Radotinib,5.0,uM,103,163823.0
plate6,0,smp_2034,63,CVCL_1716,45,Radotinib__5__uM,False,,Radotinib,5.0,uM,120,170718.0
plate6,0,smp_2034,63,CVCL_1717,46,Radotinib__5__uM,False,,Radotinib,5.0,uM,1077,3049417.0
plate6,0,smp_2034,63,CVCL_1724,47,Radotinib__5__uM,False,,Radotinib,5.0,uM,639,1177323.0
plate6,0,smp_2034,63,CVCL_1731,48,Radotinib__5__uM,False,,Radotinib,5.0,uM,888,1672503.0
plate6,0,smp_2034,63,CVCL_C466,49,Radotinib__5__uM,False,,Radotinib,5.0,uM,872,1233705.0
plate6,0,smp_1986,64,CVCL_0023,0,Raltitrexed__5__uM,False,,Raltitrexed,5.0,uM,4227,11697498.0
plate6,0,smp_1986,64,CVCL_0028,1,Raltitrexed__5__uM,False,,Raltitrexed,5.0,uM,1434,2866906.0
plate6,0,smp_1986,64,CVCL_0069,2,Raltitrexed__5__uM,False,,Raltitrexed,5.0,uM,2338,7205886.0
plate6,0,smp_1986,64,CVCL_0099,3,Raltitrexed__5__uM,False,,Raltitrexed,5.0,uM,1595,3906726.0
plate6,0,smp_1986,64,CVCL_0131,4,Raltitrexed__5__uM,False,,Raltitrexed,5.0,uM,4045,15850203.0
plate6,0,smp_1986,64,CVCL_0152,5,Raltitrexed__5__uM,False,,Raltitrexed,5.0,uM,4683,11918562.0
plate6,0,smp_1986,64,CVCL_0179,6,Raltitrexed__5__uM,False,,Raltitrexed,5.0,uM,2535,10399662.0
plate6,0,smp_1986,64,CVCL_0218,7,Raltitrexed__5__uM,False,,Raltitrexed,5.0,uM,2648,6184944.0
plate6,0,smp_1986,64,CVCL_0292,8,Raltitrexed__5__uM,False,,Raltitrexed,5.0,uM,2698,5197088.0
plate6,0,smp_1986,64,CVCL_0293,9,Raltitrexed__5__uM,False,,Raltitrexed,5.0,uM,3765,16487246.0
plate6,0,smp_1986,64,CVCL_0320,10,Raltitrexed__5__uM,False,,Raltitrexed,5.0,uM,3400,12001669.0
plate6,0,smp_1986,64,CVCL_0332,11,Raltitrexed__5__uM,False,,Raltitrexed,5.0,uM,2090,8249179.0
plate6,0,smp_1986,64,CVCL_0334,12,Raltitrexed__5__uM,False,,Raltitrexed,5.0,uM,1680,4212138.0
plate6,0,smp_1986,64,CVCL_0359,13,Raltitrexed__5__uM,False,,Raltitrexed,5.0,uM,3843,14252036.0
plate6,0,smp_1986,64,CVCL_0366,14,Raltitrexed__5__uM,False,,Raltitrexed,5.0,uM,2560,11058063.0
plate6,0,smp_1986,64,CVCL_0371,15,Raltitrexed__5__uM,False,,Raltitrexed,5.0,uM,3272,11061477.0
plate6,0,smp_1986,64,CVCL_0397,16,Raltitrexed__5__uM,False,,Raltitrexed,5.0,uM,2615,10542030.0
plate6,0,smp_1986,64,CVCL_0399,17,Raltitrexed__5__uM,False,,Raltitrexed,5.0,uM,5074,16083752.0
plate6,0,smp_1986,64,CVCL_0428,18,Raltitrexed__5__uM,False,,Raltitrexed,5.0,uM,2027,7354297.0
plate6,0,smp_1986,64,CVCL_0459,19,Raltitrexed__5__uM,False,,Raltitrexed,5.0,uM,8698,22286484.0
plate6,0,smp_1986,64,CVCL_0480,20,Raltitrexed__5__uM,False,,Raltitrexed,5.0,uM,4468,20322903.0
plate6,0,smp_1986,64,CVCL_0504,21,Raltitrexed__5__uM,False,,Raltitrexed,5.0,uM,3975,9950678.0
plate6,0,smp_1986,64,CVCL_0546,22,Raltitrexed__5__uM,False,,Raltitrexed,5.0,uM,9006,26150921.0
plate6,0,smp_1986,64,CVCL_1055,23,Raltitrexed__5__uM,False,,Raltitrexed,5.0,uM,2373,13165391.0
plate6,0,smp_1986,64,CVCL_1056,24,Raltitrexed__5__uM,False,,Raltitrexed,5.0,uM,3568,18224688.0
plate6,0,smp_1986,64,CVCL_1094,25,Raltitrexed__5__uM,False,,Raltitrexed,5.0,uM,2467,6400121.0
plate6,0,smp_1986,64,CVCL_1097,26,Raltitrexed__5__uM,False,,Raltitrexed,5.0,uM,3660,9135527.0
plate6,0,smp_1986,64,CVCL_1098,27,Raltitrexed__5__uM,False,,Raltitrexed,5.0,uM,3230,8168735.0
plate6,0,smp_1986,64,CVCL_1119,28,Raltitrexed__5__uM,False,,Raltitrexed,5.0,uM,2594,9618561.0
plate6,0,smp_1986,64,CVCL_1125,29,Raltitrexed__5__uM,False,,Raltitrexed,5.0,uM,860,1628048.0
plate6,0,smp_1986,64,CVCL_1239,30,Raltitrexed__5__uM,False,,Raltitrexed,5.0,uM,1470,4061733.0
plate6,0,smp_1986,64,CVCL_1285,31,Raltitrexed__5__uM,False,,Raltitrexed,5.0,uM,4626,14672335.0
plate6,0,smp_1986,64,CVCL_1381,32,Raltitrexed__5__uM,False,,Raltitrexed,5.0,uM,3349,11007360.0
plate6,0,smp_1986,64,CVCL_1478,33,Raltitrexed__5__uM,False,,Raltitrexed,5.0,uM,3326,11772557.0
plate6,0,smp_1986,64,CVCL_1495,34,Raltitrexed__5__uM,False,,Raltitrexed,5.0,uM,2331,7175196.0
plate6,0,smp_1986,64,CVCL_1517,35,Raltitrexed__5__uM,False,,Raltitrexed,5.0,uM,3667,18369405.0
plate6,0,smp_1986,64,CVCL_1531,36,Raltitrexed__5__uM,False,,Raltitrexed,5.0,uM,35,71860.0
plate6,0,smp_1986,64,CVCL_1547,37,Raltitrexed__5__uM,False,,Raltitrexed,5.0,uM,2875,10446720.0
plate6,0,smp_1986,64,CVCL_1550,38,Raltitrexed__5__uM,False,,Raltitrexed,5.0,uM,2517,13994387.0
plate6,0,smp_1986,64,CVCL_1571,39,Raltitrexed__5__uM,False,,Raltitrexed,5.0,uM,11,12015.0
plate6,0,smp_1986,64,CVCL_1577,40,Raltitrexed__5__uM,False,,Raltitrexed,5.0,uM,183,1083448.0
plate6,0,smp_1986,64,CVCL_1635,41,Raltitrexed__5__uM,False,,Raltitrexed,5.0,uM,2003,7145094.0
plate6,0,smp_1986,64,CVCL_1666,42,Raltitrexed__5__uM,False,,Raltitrexed,5.0,uM,2439,5424050.0
plate6,0,smp_1986,64,CVCL_1693,43,Raltitrexed__5__uM,False,,Raltitrexed,5.0,uM,2465,5796384.0
plate6,0,smp_1986,64,CVCL_1715,44,Raltitrexed__5__uM,False,,Raltitrexed,5.0,uM,362,873330.0
plate6,0,smp_1986,64,CVCL_1716,45,Raltitrexed__5__uM,False,,Raltitrexed,5.0,uM,375,744539.0
plate6,0,smp_1986,64,CVCL_1717,46,Raltitrexed__5__uM,False,,Raltitrexed,5.0,uM,2885,11663152.0
plate6,0,smp_1986,64,CVCL_1724,47,Raltitrexed__5__uM,False,,Raltitrexed,5.0,uM,1864,5345838.0
plate6,0,smp_1986,64,CVCL_1731,48,Raltitrexed__5__uM,False,,Raltitrexed,5.0,uM,2582,7115905.0
plate6,0,smp_1986,64,CVCL_C466,49,Raltitrexed__5__uM,False,,Raltitrexed,5.0,uM,3625,7031253.0
plate6,0,smp_2013,65,CVCL_0023,0,Rapamycin__5__uM,False,,Rapamycin,5.0,uM,2407,5436481.0
plate6,0,smp_2013,65,CVCL_0028,1,Rapamycin__5__uM,False,,Rapamycin,5.0,uM,766,1206916.0
plate6,0,smp_2013,65,CVCL_0069,2,Rapamycin__5__uM,False,,Rapamycin,5.0,uM,1404,3548173.0
plate6,0,smp_2013,65,CVCL_0099,3,Rapamycin__5__uM,False,,Rapamycin,5.0,uM,811,1500479.0
plate6,0,smp_2013,65,CVCL_0131,4,Rapamycin__5__uM,False,,Rapamycin,5.0,uM,2153,6344944.0
plate6,0,smp_2013,65,CVCL_0152,5,Rapamycin__5__uM,False,,Rapamycin,5.0,uM,2535,5246637.0
plate6,0,smp_2013,65,CVCL_0179,6,Rapamycin__5__uM,False,,Rapamycin,5.0,uM,1008,2995617.0
plate6,0,smp_2013,65,CVCL_0218,7,Rapamycin__5__uM,False,,Rapamycin,5.0,uM,1343,2560944.0
plate6,0,smp_2013,65,CVCL_0292,8,Rapamycin__5__uM,False,,Rapamycin,5.0,uM,1386,2002506.0
plate6,0,smp_2013,65,CVCL_0293,9,Rapamycin__5__uM,False,,Rapamycin,5.0,uM,2799,7077395.0
plate6,0,smp_2013,65,CVCL_0320,10,Rapamycin__5__uM,False,,Rapamycin,5.0,uM,1510,4024115.0
plate6,0,smp_2013,65,CVCL_0332,11,Rapamycin__5__uM,False,,Rapamycin,5.0,uM,1105,3341561.0
plate6,0,smp_2013,65,CVCL_0334,12,Rapamycin__5__uM,False,,Rapamycin,5.0,uM,936,1885450.0
plate6,0,smp_2013,65,CVCL_0359,13,Rapamycin__5__uM,False,,Rapamycin,5.0,uM,2255,6284734.0
plate6,0,smp_2013,65,CVCL_0366,14,Rapamycin__5__uM,False,,Rapamycin,5.0,uM,1245,4280158.0
plate6,0,smp_2013,65,CVCL_0371,15,Rapamycin__5__uM,False,,Rapamycin,5.0,uM,1665,4257644.0
plate6,0,smp_2013,65,CVCL_0397,16,Rapamycin__5__uM,False,,Rapamycin,5.0,uM,1084,3192187.0
plate6,0,smp_2013,65,CVCL_0399,17,Rapamycin__5__uM,False,,Rapamycin,5.0,uM,3008,7657557.0
plate6,0,smp_2013,65,CVCL_0428,18,Rapamycin__5__uM,False,,Rapamycin,5.0,uM,1145,3059502.0
plate6,0,smp_2013,65,CVCL_0459,19,Rapamycin__5__uM,False,,Rapamycin,5.0,uM,4426,8224391.0
plate6,0,smp_2013,65,CVCL_0480,20,Rapamycin__5__uM,False,,Rapamycin,5.0,uM,2345,8183650.0
plate6,0,smp_2013,65,CVCL_0504,21,Rapamycin__5__uM,False,,Rapamycin,5.0,uM,2208,3959540.0
plate6,0,smp_2013,65,CVCL_0546,22,Rapamycin__5__uM,False,,Rapamycin,5.0,uM,4657,9689778.0
plate6,0,smp_2013,65,CVCL_1055,23,Rapamycin__5__uM,False,,Rapamycin,5.0,uM,1454,5524913.0
plate6,0,smp_2013,65,CVCL_1056,24,Rapamycin__5__uM,False,,Rapamycin,5.0,uM,1795,7038378.0
plate6,0,smp_2013,65,CVCL_1094,25,Rapamycin__5__uM,False,,Rapamycin,5.0,uM,1590,3125896.0
plate6,0,smp_2013,65,CVCL_1097,26,Rapamycin__5__uM,False,,Rapamycin,5.0,uM,1738,3515661.0
plate6,0,smp_2013,65,CVCL_1098,27,Rapamycin__5__uM,False,,Rapamycin,5.0,uM,1844,3277077.0
plate6,0,smp_2013,65,CVCL_1119,28,Rapamycin__5__uM,False,,Rapamycin,5.0,uM,1630,4009775.0
plate6,0,smp_2013,65,CVCL_1125,29,Rapamycin__5__uM,False,,Rapamycin,5.0,uM,416,672624.0
plate6,0,smp_2013,65,CVCL_1239,30,Rapamycin__5__uM,False,,Rapamycin,5.0,uM,565,1108520.0
plate6,0,smp_2013,65,CVCL_1285,31,Rapamycin__5__uM,False,,Rapamycin,5.0,uM,2565,5878392.0
plate6,0,smp_2013,65,CVCL_1381,32,Rapamycin__5__uM,False,,Rapamycin,5.0,uM,1760,4294190.0
plate6,0,smp_2013,65,CVCL_1478,33,Rapamycin__5__uM,False,,Rapamycin,5.0,uM,2186,5654079.0
plate6,0,smp_2013,65,CVCL_1495,34,Rapamycin__5__uM,False,,Rapamycin,5.0,uM,1449,3779519.0
plate6,0,smp_2013,65,CVCL_1517,35,Rapamycin__5__uM,False,,Rapamycin,5.0,uM,1602,6201412.0
plate6,0,smp_2013,65,CVCL_1531,36,Rapamycin__5__uM,False,,Rapamycin,5.0,uM,23,27220.0
plate6,0,smp_2013,65,CVCL_1547,37,Rapamycin__5__uM,False,,Rapamycin,5.0,uM,1787,4625085.0
plate6,0,smp_2013,65,CVCL_1550,38,Rapamycin__5__uM,False,,Rapamycin,5.0,uM,2033,9069124.0
plate6,0,smp_2013,65,CVCL_1571,39,Rapamycin__5__uM,False,,Rapamycin,5.0,uM,20,19145.0
plate6,0,smp_2013,65,CVCL_1577,40,Rapamycin__5__uM,False,,Rapamycin,5.0,uM,75,277638.0
plate6,0,smp_2013,65,CVCL_1635,41,Rapamycin__5__uM,False,,Rapamycin,5.0,uM,1329,3466299.0
plate6,0,smp_2013,65,CVCL_1666,42,Rapamycin__5__uM,False,,Rapamycin,5.0,uM,1315,2408824.0
plate6,0,smp_2013,65,CVCL_1693,43,Rapamycin__5__uM,False,,Rapamycin,5.0,uM,1326,2269232.0
plate6,0,smp_2013,65,CVCL_1715,44,Rapamycin__5__uM,False,,Rapamycin,5.0,uM,130,230203.0
plate6,0,smp_2013,65,CVCL_1716,45,Rapamycin__5__uM,False,,Rapamycin,5.0,uM,192,326843.0
plate6,0,smp_2013,65,CVCL_1717,46,Rapamycin__5__uM,False,,Rapamycin,5.0,uM,1625,5134883.0
plate6,0,smp_2013,65,CVCL_1724,47,Rapamycin__5__uM,False,,Rapamycin,5.0,uM,824,1776768.0
plate6,0,smp_2013,65,CVCL_1731,48,Rapamycin__5__uM,False,,Rapamycin,5.0,uM,1271,2735535.0
plate6,0,smp_2013,65,CVCL_C466,49,Rapamycin__5__uM,False,,Rapamycin,5.0,uM,1731,2774873.0
plate6,0,smp_2046,66,CVCL_0023,0,Relugolix__5__uM,False,,Relugolix,5.0,uM,3818,11708322.0
plate6,0,smp_2046,66,CVCL_0028,1,Relugolix__5__uM,False,,Relugolix,5.0,uM,1393,2956937.0
plate6,0,smp_2046,66,CVCL_0069,2,Relugolix__5__uM,False,,Relugolix,5.0,uM,2230,7858952.0
plate6,0,smp_2046,66,CVCL_0099,3,Relugolix__5__uM,False,,Relugolix,5.0,uM,1363,3505877.0
plate6,0,smp_2046,66,CVCL_0131,4,Relugolix__5__uM,False,,Relugolix,5.0,uM,3582,15431310.0
plate6,0,smp_2046,66,CVCL_0152,5,Relugolix__5__uM,False,,Relugolix,5.0,uM,4040,11314965.0
plate6,0,smp_2046,66,CVCL_0179,6,Relugolix__5__uM,False,,Relugolix,5.0,uM,2197,9449338.0
plate6,0,smp_2046,66,CVCL_0218,7,Relugolix__5__uM,False,,Relugolix,5.0,uM,1867,5048799.0
plate6,0,smp_2046,66,CVCL_0292,8,Relugolix__5__uM,False,,Relugolix,5.0,uM,2322,5096602.0
plate6,0,smp_2046,66,CVCL_0293,9,Relugolix__5__uM,False,,Relugolix,5.0,uM,2898,13373963.0
plate6,0,smp_2046,66,CVCL_0320,10,Relugolix__5__uM,False,,Relugolix,5.0,uM,2438,9326770.0
plate6,0,smp_2046,66,CVCL_0332,11,Relugolix__5__uM,False,,Relugolix,5.0,uM,1892,8142883.0
plate6,0,smp_2046,66,CVCL_0334,12,Relugolix__5__uM,False,,Relugolix,5.0,uM,1600,4482776.0
plate6,0,smp_2046,66,CVCL_0359,13,Relugolix__5__uM,False,,Relugolix,5.0,uM,3497,14091281.0
plate6,0,smp_2046,66,CVCL_0366,14,Relugolix__5__uM,False,,Relugolix,5.0,uM,1978,9449145.0
plate6,0,smp_2046,66,CVCL_0371,15,Relugolix__5__uM,False,,Relugolix,5.0,uM,2851,10366830.0
plate6,0,smp_2046,66,CVCL_0397,16,Relugolix__5__uM,False,,Relugolix,5.0,uM,1936,8630619.0
plate6,0,smp_2046,66,CVCL_0399,17,Relugolix__5__uM,False,,Relugolix,5.0,uM,4424,16407809.0
plate6,0,smp_2046,66,CVCL_0428,18,Relugolix__5__uM,False,,Relugolix,5.0,uM,1764,6817872.0
plate6,0,smp_2046,66,CVCL_0459,19,Relugolix__5__uM,False,,Relugolix,5.0,uM,6312,17628938.0
plate6,0,smp_2046,66,CVCL_0480,20,Relugolix__5__uM,False,,Relugolix,5.0,uM,3940,19373798.0
plate6,0,smp_2046,66,CVCL_0504,21,Relugolix__5__uM,False,,Relugolix,5.0,uM,3531,9238733.0
plate6,0,smp_2046,66,CVCL_0546,22,Relugolix__5__uM,False,,Relugolix,5.0,uM,7729,22284749.0
plate6,0,smp_2046,66,CVCL_1055,23,Relugolix__5__uM,False,,Relugolix,5.0,uM,2142,13580374.0
plate6,0,smp_2046,66,CVCL_1056,24,Relugolix__5__uM,False,,Relugolix,5.0,uM,3098,16957655.0
plate6,0,smp_2046,66,CVCL_1094,25,Relugolix__5__uM,False,,Relugolix,5.0,uM,2251,6614000.0
plate6,0,smp_2046,66,CVCL_1097,26,Relugolix__5__uM,False,,Relugolix,5.0,uM,3111,9067655.0
plate6,0,smp_2046,66,CVCL_1098,27,Relugolix__5__uM,False,,Relugolix,5.0,uM,2578,7375159.0
plate6,0,smp_2046,66,CVCL_1119,28,Relugolix__5__uM,False,,Relugolix,5.0,uM,2442,10353214.0
plate6,0,smp_2046,66,CVCL_1125,29,Relugolix__5__uM,False,,Relugolix,5.0,uM,606,1335256.0
plate6,0,smp_2046,66,CVCL_1239,30,Relugolix__5__uM,False,,Relugolix,5.0,uM,1079,3303927.0
plate6,0,smp_2046,66,CVCL_1285,31,Relugolix__5__uM,False,,Relugolix,5.0,uM,3923,13051318.0
plate6,0,smp_2046,66,CVCL_1381,32,Relugolix__5__uM,False,,Relugolix,5.0,uM,2766,10103260.0
plate6,0,smp_2046,66,CVCL_1478,33,Relugolix__5__uM,False,,Relugolix,5.0,uM,2890,10998950.0
plate6,0,smp_2046,66,CVCL_1495,34,Relugolix__5__uM,False,,Relugolix,5.0,uM,2076,7622633.0
plate6,0,smp_2046,66,CVCL_1517,35,Relugolix__5__uM,False,,Relugolix,5.0,uM,2513,14457588.0
plate6,0,smp_2046,66,CVCL_1531,36,Relugolix__5__uM,False,,Relugolix,5.0,uM,38,73378.0
plate6,0,smp_2046,66,CVCL_1547,37,Relugolix__5__uM,False,,Relugolix,5.0,uM,2517,10347506.0
plate6,0,smp_2046,66,CVCL_1550,38,Relugolix__5__uM,False,,Relugolix,5.0,uM,2467,15146951.0
plate6,0,smp_2046,66,CVCL_1571,39,Relugolix__5__uM,False,,Relugolix,5.0,uM,6,6534.0
plate6,0,smp_2046,66,CVCL_1577,40,Relugolix__5__uM,False,,Relugolix,5.0,uM,147,1013741.0
plate6,0,smp_2046,66,CVCL_1635,41,Relugolix__5__uM,False,,Relugolix,5.0,uM,1754,6956486.0
plate6,0,smp_2046,66,CVCL_1666,42,Relugolix__5__uM,False,,Relugolix,5.0,uM,2196,5466178.0
plate6,0,smp_2046,66,CVCL_1693,43,Relugolix__5__uM,False,,Relugolix,5.0,uM,2226,5552724.0
plate6,0,smp_2046,66,CVCL_1715,44,Relugolix__5__uM,False,,Relugolix,5.0,uM,198,504663.0
plate6,0,smp_2046,66,CVCL_1716,45,Relugolix__5__uM,False,,Relugolix,5.0,uM,358,844352.0
plate6,0,smp_2046,66,CVCL_1717,46,Relugolix__5__uM,False,,Relugolix,5.0,uM,2329,10446523.0
plate6,0,smp_2046,66,CVCL_1724,47,Relugolix__5__uM,False,,Relugolix,5.0,uM,1305,4083172.0
plate6,0,smp_2046,66,CVCL_1731,48,Relugolix__5__uM,False,,Relugolix,5.0,uM,1852,5862917.0
plate6,0,smp_2046,66,CVCL_C466,49,Relugolix__5__uM,False,,Relugolix,5.0,uM,2885,6394649.0
plate6,0,smp_2012,67,CVCL_0023,0,Resveratrol__5__uM,False,,Resveratrol,5.0,uM,3338,6460344.0
plate6,0,smp_2012,67,CVCL_0028,1,Resveratrol__5__uM,False,,Resveratrol,5.0,uM,923,1223678.0
plate6,0,smp_2012,67,CVCL_0069,2,Resveratrol__5__uM,False,,Resveratrol,5.0,uM,1975,4496878.0
plate6,0,smp_2012,67,CVCL_0099,3,Resveratrol__5__uM,False,,Resveratrol,5.0,uM,1059,1735826.0
plate6,0,smp_2012,67,CVCL_0131,4,Resveratrol__5__uM,False,,Resveratrol,5.0,uM,3509,9006037.0
plate6,0,smp_2012,67,CVCL_0152,5,Resveratrol__5__uM,False,,Resveratrol,5.0,uM,3191,5907884.0
plate6,0,smp_2012,67,CVCL_0179,6,Resveratrol__5__uM,False,,Resveratrol,5.0,uM,1719,4380690.0
plate6,0,smp_2012,67,CVCL_0218,7,Resveratrol__5__uM,False,,Resveratrol,5.0,uM,1715,2937031.0
plate6,0,smp_2012,67,CVCL_0292,8,Resveratrol__5__uM,False,,Resveratrol,5.0,uM,1516,2058122.0
plate6,0,smp_2012,67,CVCL_0293,9,Resveratrol__5__uM,False,,Resveratrol,5.0,uM,3398,8933653.0
plate6,0,smp_2012,67,CVCL_0320,10,Resveratrol__5__uM,False,,Resveratrol,5.0,uM,2266,5609782.0
plate6,0,smp_2012,67,CVCL_0332,11,Resveratrol__5__uM,False,,Resveratrol,5.0,uM,1706,4443380.0
plate6,0,smp_2012,67,CVCL_0334,12,Resveratrol__5__uM,False,,Resveratrol,5.0,uM,1339,2529415.0
plate6,0,smp_2012,67,CVCL_0359,13,Resveratrol__5__uM,False,,Resveratrol,5.0,uM,3316,7915750.0
plate6,0,smp_2012,67,CVCL_0366,14,Resveratrol__5__uM,False,,Resveratrol,5.0,uM,2171,6363268.0
plate6,0,smp_2012,67,CVCL_0371,15,Resveratrol__5__uM,False,,Resveratrol,5.0,uM,2284,5022226.0
plate6,0,smp_2012,67,CVCL_0397,16,Resveratrol__5__uM,False,,Resveratrol,5.0,uM,1623,4659745.0
plate6,0,smp_2012,67,CVCL_0399,17,Resveratrol__5__uM,False,,Resveratrol,5.0,uM,3914,9001971.0
plate6,0,smp_2012,67,CVCL_0428,18,Resveratrol__5__uM,False,,Resveratrol,5.0,uM,1749,4050273.0
plate6,0,smp_2012,67,CVCL_0459,19,Resveratrol__5__uM,False,,Resveratrol,5.0,uM,6112,10126284.0
plate6,0,smp_2012,67,CVCL_0480,20,Resveratrol__5__uM,False,,Resveratrol,5.0,uM,4109,12069502.0
plate6,0,smp_2012,67,CVCL_0504,21,Resveratrol__5__uM,False,,Resveratrol,5.0,uM,2914,4428172.0
plate6,0,smp_2012,67,CVCL_0546,22,Resveratrol__5__uM,False,,Resveratrol,5.0,uM,6062,11086547.0
plate6,0,smp_2012,67,CVCL_1055,23,Resveratrol__5__uM,False,,Resveratrol,5.0,uM,1888,6446041.0
plate6,0,smp_2012,67,CVCL_1056,24,Resveratrol__5__uM,False,,Resveratrol,5.0,uM,3237,10733127.0
plate6,0,smp_2012,67,CVCL_1094,25,Resveratrol__5__uM,False,,Resveratrol,5.0,uM,1894,3237111.0
plate6,0,smp_2012,67,CVCL_1097,26,Resveratrol__5__uM,False,,Resveratrol,5.0,uM,2475,4643888.0
plate6,0,smp_2012,67,CVCL_1098,27,Resveratrol__5__uM,False,,Resveratrol,5.0,uM,2340,3821184.0
plate6,0,smp_2012,67,CVCL_1119,28,Resveratrol__5__uM,False,,Resveratrol,5.0,uM,2494,5796674.0
plate6,0,smp_2012,67,CVCL_1125,29,Resveratrol__5__uM,False,,Resveratrol,5.0,uM,403,571042.0
plate6,0,smp_2012,67,CVCL_1239,30,Resveratrol__5__uM,False,,Resveratrol,5.0,uM,903,1566790.0
plate6,0,smp_2012,67,CVCL_1285,31,Resveratrol__5__uM,False,,Resveratrol,5.0,uM,3831,7562179.0
plate6,0,smp_2012,67,CVCL_1381,32,Resveratrol__5__uM,False,,Resveratrol,5.0,uM,2315,4953385.0
plate6,0,smp_2012,67,CVCL_1478,33,Resveratrol__5__uM,False,,Resveratrol,5.0,uM,2848,6507071.0
plate6,0,smp_2012,67,CVCL_1495,34,Resveratrol__5__uM,False,,Resveratrol,5.0,uM,2084,4597181.0
plate6,0,smp_2012,67,CVCL_1517,35,Resveratrol__5__uM,False,,Resveratrol,5.0,uM,2587,8509352.0
plate6,0,smp_2012,67,CVCL_1531,36,Resveratrol__5__uM,False,,Resveratrol,5.0,uM,48,58769.0
plate6,0,smp_2012,67,CVCL_1547,37,Resveratrol__5__uM,False,,Resveratrol,5.0,uM,2453,5510526.0
plate6,0,smp_2012,67,CVCL_1550,38,Resveratrol__5__uM,False,,Resveratrol,5.0,uM,2794,11006558.0
plate6,0,smp_2012,67,CVCL_1571,39,Resveratrol__5__uM,False,,Resveratrol,5.0,uM,18,16235.0
plate6,0,smp_2012,67,CVCL_1577,40,Resveratrol__5__uM,False,,Resveratrol,5.0,uM,143,556563.0
plate6,0,smp_2012,67,CVCL_1635,41,Resveratrol__5__uM,False,,Resveratrol,5.0,uM,1816,4279311.0
plate6,0,smp_2012,67,CVCL_1666,42,Resveratrol__5__uM,False,,Resveratrol,5.0,uM,1829,2930191.0
plate6,0,smp_2012,67,CVCL_1693,43,Resveratrol__5__uM,False,,Resveratrol,5.0,uM,1727,2669387.0
plate6,0,smp_2012,67,CVCL_1715,44,Resveratrol__5__uM,False,,Resveratrol,5.0,uM,193,311003.0
plate6,0,smp_2012,67,CVCL_1716,45,Resveratrol__5__uM,False,,Resveratrol,5.0,uM,298,444389.0
plate6,0,smp_2012,67,CVCL_1717,46,Resveratrol__5__uM,False,,Resveratrol,5.0,uM,2389,6718000.0
plate6,0,smp_2012,67,CVCL_1724,47,Resveratrol__5__uM,False,,Resveratrol,5.0,uM,1118,2134722.0
plate6,0,smp_2012,67,CVCL_1731,48,Resveratrol__5__uM,False,,Resveratrol,5.0,uM,1760,3378795.0
plate6,0,smp_2012,67,CVCL_C466,49,Resveratrol__5__uM,False,,Resveratrol,5.0,uM,2133,3015184.0
plate6,0,smp_1979,68,CVCL_0023,0,Retinoic acid__5__uM,False,,Retinoic acid,5.0,uM,2773,7087274.0
plate6,0,smp_1979,68,CVCL_0028,1,Retinoic acid__5__uM,False,,Retinoic acid,5.0,uM,932,1718056.0
plate6,0,smp_1979,68,CVCL_0069,2,Retinoic acid__5__uM,False,,Retinoic acid,5.0,uM,1442,4001859.0
plate6,0,smp_1979,68,CVCL_0099,3,Retinoic acid__5__uM,False,,Retinoic acid,5.0,uM,1048,2202684.0
plate6,0,smp_1979,68,CVCL_0131,4,Retinoic acid__5__uM,False,,Retinoic acid,5.0,uM,2436,8641187.0
plate6,0,smp_1979,68,CVCL_0152,5,Retinoic acid__5__uM,False,,Retinoic acid,5.0,uM,2863,6565157.0
plate6,0,smp_1979,68,CVCL_0179,6,Retinoic acid__5__uM,False,,Retinoic acid,5.0,uM,1340,4936407.0
plate6,0,smp_1979,68,CVCL_0218,7,Retinoic acid__5__uM,False,,Retinoic acid,5.0,uM,1631,3367381.0
plate6,0,smp_1979,68,CVCL_0292,8,Retinoic acid__5__uM,False,,Retinoic acid,5.0,uM,1753,2938403.0
plate6,0,smp_1979,68,CVCL_0293,9,Retinoic acid__5__uM,False,,Retinoic acid,5.0,uM,2777,8822678.0
plate6,0,smp_1979,68,CVCL_0320,10,Retinoic acid__5__uM,False,,Retinoic acid,5.0,uM,2324,6569493.0
plate6,0,smp_1979,68,CVCL_0332,11,Retinoic acid__5__uM,False,,Retinoic acid,5.0,uM,1329,4830392.0
plate6,0,smp_1979,68,CVCL_0334,12,Retinoic acid__5__uM,False,,Retinoic acid,5.0,uM,1155,2742070.0
plate6,0,smp_1979,68,CVCL_0359,13,Retinoic acid__5__uM,False,,Retinoic acid,5.0,uM,2447,8062564.0
plate6,0,smp_1979,68,CVCL_0366,14,Retinoic acid__5__uM,False,,Retinoic acid,5.0,uM,1526,6132681.0
plate6,0,smp_1979,68,CVCL_0371,15,Retinoic acid__5__uM,False,,Retinoic acid,5.0,uM,2063,5934056.0
plate6,0,smp_1979,68,CVCL_0397,16,Retinoic acid__5__uM,False,,Retinoic acid,5.0,uM,1486,5424014.0
plate6,0,smp_1979,68,CVCL_0399,17,Retinoic acid__5__uM,False,,Retinoic acid,5.0,uM,3229,9788830.0
plate6,0,smp_1979,68,CVCL_0428,18,Retinoic acid__5__uM,False,,Retinoic acid,5.0,uM,1244,4017790.0
plate6,0,smp_1979,68,CVCL_0459,19,Retinoic acid__5__uM,False,,Retinoic acid,5.0,uM,5010,10887531.0
plate6,0,smp_1979,68,CVCL_0480,20,Retinoic acid__5__uM,False,,Retinoic acid,5.0,uM,2645,10927437.0
plate6,0,smp_1979,68,CVCL_0504,21,Retinoic acid__5__uM,False,,Retinoic acid,5.0,uM,2621,5605983.0
plate6,0,smp_1979,68,CVCL_0546,22,Retinoic acid__5__uM,False,,Retinoic acid,5.0,uM,5702,13626504.0
plate6,0,smp_1979,68,CVCL_1055,23,Retinoic acid__5__uM,False,,Retinoic acid,5.0,uM,1397,6252145.0
plate6,0,smp_1979,68,CVCL_1056,24,Retinoic acid__5__uM,False,,Retinoic acid,5.0,uM,2251,10333061.0
plate6,0,smp_1979,68,CVCL_1094,25,Retinoic acid__5__uM,False,,Retinoic acid,5.0,uM,1625,3721698.0
plate6,0,smp_1979,68,CVCL_1097,26,Retinoic acid__5__uM,False,,Retinoic acid,5.0,uM,2111,4751493.0
plate6,0,smp_1979,68,CVCL_1098,27,Retinoic acid__5__uM,False,,Retinoic acid,5.0,uM,2342,4764495.0
plate6,0,smp_1979,68,CVCL_1119,28,Retinoic acid__5__uM,False,,Retinoic acid,5.0,uM,1877,5863020.0
plate6,0,smp_1979,68,CVCL_1125,29,Retinoic acid__5__uM,False,,Retinoic acid,5.0,uM,472,812565.0
plate6,0,smp_1979,68,CVCL_1239,30,Retinoic acid__5__uM,False,,Retinoic acid,5.0,uM,652,1558916.0
plate6,0,smp_1979,68,CVCL_1285,31,Retinoic acid__5__uM,False,,Retinoic acid,5.0,uM,2850,8130797.0
plate6,0,smp_1979,68,CVCL_1381,32,Retinoic acid__5__uM,False,,Retinoic acid,5.0,uM,2199,6259098.0
plate6,0,smp_1979,68,CVCL_1478,33,Retinoic acid__5__uM,False,,Retinoic acid,5.0,uM,2055,6013472.0
plate6,0,smp_1979,68,CVCL_1495,34,Retinoic acid__5__uM,False,,Retinoic acid,5.0,uM,1603,4497314.0
plate6,0,smp_1979,68,CVCL_1517,35,Retinoic acid__5__uM,False,,Retinoic acid,5.0,uM,2040,9346063.0
plate6,0,smp_1979,68,CVCL_1531,36,Retinoic acid__5__uM,False,,Retinoic acid,5.0,uM,29,33665.0
plate6,0,smp_1979,68,CVCL_1547,37,Retinoic acid__5__uM,False,,Retinoic acid,5.0,uM,1771,5410441.0
plate6,0,smp_1979,68,CVCL_1550,38,Retinoic acid__5__uM,False,,Retinoic acid,5.0,uM,2045,9857724.0
plate6,0,smp_1979,68,CVCL_1571,39,Retinoic acid__5__uM,False,,Retinoic acid,5.0,uM,14,12858.0
plate6,0,smp_1979,68,CVCL_1577,40,Retinoic acid__5__uM,False,,Retinoic acid,5.0,uM,87,431547.0
plate6,0,smp_1979,68,CVCL_1635,41,Retinoic acid__5__uM,False,,Retinoic acid,5.0,uM,1396,4241671.0
plate6,0,smp_1979,68,CVCL_1666,42,Retinoic acid__5__uM,False,,Retinoic acid,5.0,uM,1620,3258428.0
plate6,0,smp_1979,68,CVCL_1693,43,Retinoic acid__5__uM,False,,Retinoic acid,5.0,uM,1733,3461944.0
plate6,0,smp_1979,68,CVCL_1715,44,Retinoic acid__5__uM,False,,Retinoic acid,5.0,uM,121,269591.0
plate6,0,smp_1979,68,CVCL_1716,45,Retinoic acid__5__uM,False,,Retinoic acid,5.0,uM,224,388017.0
plate6,0,smp_1979,68,CVCL_1717,46,Retinoic acid__5__uM,False,,Retinoic acid,5.0,uM,1959,7032134.0
plate6,0,smp_1979,68,CVCL_1724,47,Retinoic acid__5__uM,False,,Retinoic acid,5.0,uM,1019,2317994.0
plate6,0,smp_1979,68,CVCL_1731,48,Retinoic acid__5__uM,False,,Retinoic acid,5.0,uM,1399,3596772.0
plate6,0,smp_1979,68,CVCL_C466,49,Retinoic acid__5__uM,False,,Retinoic acid,5.0,uM,2206,3874607.0
plate6,0,smp_1983,69,CVCL_0023,0,Riluzole hydrochloride__5__uM,False,,Riluzole hydrochloride,5.0,uM,2732,6508626.0
plate6,0,smp_1983,69,CVCL_0028,1,Riluzole hydrochloride__5__uM,False,,Riluzole hydrochloride,5.0,uM,936,1596068.0
plate6,0,smp_1983,69,CVCL_0069,2,Riluzole hydrochloride__5__uM,False,,Riluzole hydrochloride,5.0,uM,1558,4245533.0
plate6,0,smp_1983,69,CVCL_0099,3,Riluzole hydrochloride__5__uM,False,,Riluzole hydrochloride,5.0,uM,896,1793589.0
plate6,0,smp_1983,69,CVCL_0131,4,Riluzole hydrochloride__5__uM,False,,Riluzole hydrochloride,5.0,uM,2742,9055526.0
plate6,0,smp_1983,69,CVCL_0152,5,Riluzole hydrochloride__5__uM,False,,Riluzole hydrochloride,5.0,uM,2812,6954620.0
plate6,0,smp_1983,69,CVCL_0179,6,Riluzole hydrochloride__5__uM,False,,Riluzole hydrochloride,5.0,uM,1394,4958625.0
plate6,0,smp_1983,69,CVCL_0218,7,Riluzole hydrochloride__5__uM,False,,Riluzole hydrochloride,5.0,uM,1323,2764789.0
plate6,0,smp_1983,69,CVCL_0292,8,Riluzole hydrochloride__5__uM,False,,Riluzole hydrochloride,5.0,uM,1467,2489958.0
plate6,0,smp_1983,69,CVCL_0293,9,Riluzole hydrochloride__5__uM,False,,Riluzole hydrochloride,5.0,uM,2340,8866421.0
plate6,0,smp_1983,69,CVCL_0320,10,Riluzole hydrochloride__5__uM,False,,Riluzole hydrochloride,5.0,uM,1905,5775747.0
plate6,0,smp_1983,69,CVCL_0332,11,Riluzole hydrochloride__5__uM,False,,Riluzole hydrochloride,5.0,uM,1339,4536002.0
plate6,0,smp_1983,69,CVCL_0334,12,Riluzole hydrochloride__5__uM,False,,Riluzole hydrochloride,5.0,uM,1111,2646547.0
plate6,0,smp_1983,69,CVCL_0359,13,Riluzole hydrochloride__5__uM,False,,Riluzole hydrochloride,5.0,uM,2781,9025331.0
plate6,0,smp_1983,69,CVCL_0366,14,Riluzole hydrochloride__5__uM,False,,Riluzole hydrochloride,5.0,uM,1614,5992401.0
plate6,0,smp_1983,69,CVCL_0371,15,Riluzole hydrochloride__5__uM,False,,Riluzole hydrochloride,5.0,uM,1943,5505684.0
plate6,0,smp_1983,69,CVCL_0397,16,Riluzole hydrochloride__5__uM,False,,Riluzole hydrochloride,5.0,uM,1303,4696557.0
plate6,0,smp_1983,69,CVCL_0399,17,Riluzole hydrochloride__5__uM,False,,Riluzole hydrochloride,5.0,uM,3016,9108662.0
plate6,0,smp_1983,69,CVCL_0428,18,Riluzole hydrochloride__5__uM,False,,Riluzole hydrochloride,5.0,uM,1387,4057267.0
plate6,0,smp_1983,69,CVCL_0459,19,Riluzole hydrochloride__5__uM,False,,Riluzole hydrochloride,5.0,uM,4186,8538940.0
plate6,0,smp_1983,69,CVCL_0480,20,Riluzole hydrochloride__5__uM,False,,Riluzole hydrochloride,5.0,uM,2943,11910867.0
plate6,0,smp_1983,69,CVCL_0504,21,Riluzole hydrochloride__5__uM,False,,Riluzole hydrochloride,5.0,uM,2522,5151313.0
plate6,0,smp_1983,69,CVCL_0546,22,Riluzole hydrochloride__5__uM,False,,Riluzole hydrochloride,5.0,uM,5151,11835123.0
plate6,0,smp_1983,69,CVCL_1055,23,Riluzole hydrochloride__5__uM,False,,Riluzole hydrochloride,5.0,uM,1620,7367427.0
plate6,0,smp_1983,69,CVCL_1056,24,Riluzole hydrochloride__5__uM,False,,Riluzole hydrochloride,5.0,uM,2321,9920785.0
plate6,0,smp_1983,69,CVCL_1094,25,Riluzole hydrochloride__5__uM,False,,Riluzole hydrochloride,5.0,uM,1692,3688479.0
plate6,0,smp_1983,69,CVCL_1097,26,Riluzole hydrochloride__5__uM,False,,Riluzole hydrochloride,5.0,uM,2128,4554004.0
plate6,0,smp_1983,69,CVCL_1098,27,Riluzole hydrochloride__5__uM,False,,Riluzole hydrochloride,5.0,uM,1820,3917705.0
plate6,0,smp_1983,69,CVCL_1119,28,Riluzole hydrochloride__5__uM,False,,Riluzole hydrochloride,5.0,uM,1941,6129728.0
plate6,0,smp_1983,69,CVCL_1125,29,Riluzole hydrochloride__5__uM,False,,Riluzole hydrochloride,5.0,uM,434,742598.0
plate6,0,smp_1983,69,CVCL_1239,30,Riluzole hydrochloride__5__uM,False,,Riluzole hydrochloride,5.0,uM,704,1526620.0
plate6,0,smp_1983,69,CVCL_1285,31,Riluzole hydrochloride__5__uM,False,,Riluzole hydrochloride,5.0,uM,3129,8098109.0
plate6,0,smp_1983,69,CVCL_1381,32,Riluzole hydrochloride__5__uM,False,,Riluzole hydrochloride,5.0,uM,2230,6032816.0
plate6,0,smp_1983,69,CVCL_1478,33,Riluzole hydrochloride__5__uM,False,,Riluzole hydrochloride,5.0,uM,2221,7689335.0
plate6,0,smp_1983,69,CVCL_1495,34,Riluzole hydrochloride__5__uM,False,,Riluzole hydrochloride,5.0,uM,1602,4246927.0
plate6,0,smp_1983,69,CVCL_1517,35,Riluzole hydrochloride__5__uM,False,,Riluzole hydrochloride,5.0,uM,1996,8518368.0
plate6,0,smp_1983,69,CVCL_1531,36,Riluzole hydrochloride__5__uM,False,,Riluzole hydrochloride,5.0,uM,30,54246.0
plate6,0,smp_1983,69,CVCL_1547,37,Riluzole hydrochloride__5__uM,False,,Riluzole hydrochloride,5.0,uM,1893,5621796.0
plate6,0,smp_1983,69,CVCL_1550,38,Riluzole hydrochloride__5__uM,False,,Riluzole hydrochloride,5.0,uM,2229,11554853.0
plate6,0,smp_1983,69,CVCL_1571,39,Riluzole hydrochloride__5__uM,False,,Riluzole hydrochloride,5.0,uM,9,9569.0
plate6,0,smp_1983,69,CVCL_1577,40,Riluzole hydrochloride__5__uM,False,,Riluzole hydrochloride,5.0,uM,115,591576.0
plate6,0,smp_1983,69,CVCL_1635,41,Riluzole hydrochloride__5__uM,False,,Riluzole hydrochloride,5.0,uM,1330,3886592.0
plate6,0,smp_1983,69,CVCL_1666,42,Riluzole hydrochloride__5__uM,False,,Riluzole hydrochloride,5.0,uM,1606,3172166.0
plate6,0,smp_1983,69,CVCL_1693,43,Riluzole hydrochloride__5__uM,False,,Riluzole hydrochloride,5.0,uM,1616,3220091.0
plate6,0,smp_1983,69,CVCL_1715,44,Riluzole hydrochloride__5__uM,False,,Riluzole hydrochloride,5.0,uM,136,282901.0
plate6,0,smp_1983,69,CVCL_1716,45,Riluzole hydrochloride__5__uM,False,,Riluzole hydrochloride,5.0,uM,242,449606.0
plate6,0,smp_1983,69,CVCL_1717,46,Riluzole hydrochloride__5__uM,False,,Riluzole hydrochloride,5.0,uM,1754,6531572.0
plate6,0,smp_1983,69,CVCL_1724,47,Riluzole hydrochloride__5__uM,False,,Riluzole hydrochloride,5.0,uM,901,2111422.0
plate6,0,smp_1983,69,CVCL_1731,48,Riluzole hydrochloride__5__uM,False,,Riluzole hydrochloride,5.0,uM,1357,3165330.0
plate6,0,smp_1983,69,CVCL_C466,49,Riluzole hydrochloride__5__uM,False,,Riluzole hydrochloride,5.0,uM,1890,3216194.0
plate6,0,smp_2043,70,CVCL_0023,0,Rimonabant__5__uM,False,,Rimonabant,5.0,uM,2129,5683468.0
plate6,0,smp_2043,70,CVCL_0028,1,Rimonabant__5__uM,False,,Rimonabant,5.0,uM,897,1624390.0
plate6,0,smp_2043,70,CVCL_0069,2,Rimonabant__5__uM,False,,Rimonabant,5.0,uM,1183,3727231.0
plate6,0,smp_2043,70,CVCL_0099,3,Rimonabant__5__uM,False,,Rimonabant,5.0,uM,833,1837148.0
plate6,0,smp_2043,70,CVCL_0131,4,Rimonabant__5__uM,False,,Rimonabant,5.0,uM,2049,8049780.0
plate6,0,smp_2043,70,CVCL_0152,5,Rimonabant__5__uM,False,,Rimonabant,5.0,uM,2403,6237207.0
plate6,0,smp_2043,70,CVCL_0179,6,Rimonabant__5__uM,False,,Rimonabant,5.0,uM,1147,4634767.0
plate6,0,smp_2043,70,CVCL_0218,7,Rimonabant__5__uM,False,,Rimonabant,5.0,uM,971,2431780.0
plate6,0,smp_2043,70,CVCL_0292,8,Rimonabant__5__uM,False,,Rimonabant,5.0,uM,1199,2310999.0
plate6,0,smp_2043,70,CVCL_0293,9,Rimonabant__5__uM,False,,Rimonabant,5.0,uM,1536,6528327.0
plate6,0,smp_2043,70,CVCL_0320,10,Rimonabant__5__uM,False,,Rimonabant,5.0,uM,1341,4691031.0
plate6,0,smp_2043,70,CVCL_0332,11,Rimonabant__5__uM,False,,Rimonabant,5.0,uM,992,3853003.0
plate6,0,smp_2043,70,CVCL_0334,12,Rimonabant__5__uM,False,,Rimonabant,5.0,uM,911,2310725.0
plate6,0,smp_2043,70,CVCL_0359,13,Rimonabant__5__uM,False,,Rimonabant,5.0,uM,2140,7758981.0
plate6,0,smp_2043,70,CVCL_0366,14,Rimonabant__5__uM,False,,Rimonabant,5.0,uM,1066,4582021.0
plate6,0,smp_2043,70,CVCL_0371,15,Rimonabant__5__uM,False,,Rimonabant,5.0,uM,1422,4730314.0
plate6,0,smp_2043,70,CVCL_0397,16,Rimonabant__5__uM,False,,Rimonabant,5.0,uM,894,4028608.0
plate6,0,smp_2043,70,CVCL_0399,17,Rimonabant__5__uM,False,,Rimonabant,5.0,uM,2221,7791304.0
plate6,0,smp_2043,70,CVCL_0428,18,Rimonabant__5__uM,False,,Rimonabant,5.0,uM,991,3442603.0
plate6,0,smp_2043,70,CVCL_0459,19,Rimonabant__5__uM,False,,Rimonabant,5.0,uM,3317,8019358.0
plate6,0,smp_2043,70,CVCL_0480,20,Rimonabant__5__uM,False,,Rimonabant,5.0,uM,2013,9720360.0
plate6,0,smp_2043,70,CVCL_0504,21,Rimonabant__5__uM,False,,Rimonabant,5.0,uM,1866,4162684.0
plate6,0,smp_2043,70,CVCL_0546,22,Rimonabant__5__uM,False,,Rimonabant,5.0,uM,4044,10340170.0
plate6,0,smp_2043,70,CVCL_1055,23,Rimonabant__5__uM,False,,Rimonabant,5.0,uM,1304,7244158.0
plate6,0,smp_2043,70,CVCL_1056,24,Rimonabant__5__uM,False,,Rimonabant,5.0,uM,1755,8704871.0
plate6,0,smp_2043,70,CVCL_1094,25,Rimonabant__5__uM,False,,Rimonabant,5.0,uM,1306,3191500.0
plate6,0,smp_2043,70,CVCL_1097,26,Rimonabant__5__uM,False,,Rimonabant,5.0,uM,1835,4501586.0
plate6,0,smp_2043,70,CVCL_1098,27,Rimonabant__5__uM,False,,Rimonabant,5.0,uM,1562,3762951.0
plate6,0,smp_2043,70,CVCL_1119,28,Rimonabant__5__uM,False,,Rimonabant,5.0,uM,1312,4975576.0
plate6,0,smp_2043,70,CVCL_1125,29,Rimonabant__5__uM,False,,Rimonabant,5.0,uM,375,686010.0
plate6,0,smp_2043,70,CVCL_1239,30,Rimonabant__5__uM,False,,Rimonabant,5.0,uM,575,1542796.0
plate6,0,smp_2043,70,CVCL_1285,31,Rimonabant__5__uM,False,,Rimonabant,5.0,uM,2291,7162862.0
plate6,0,smp_2043,70,CVCL_1381,32,Rimonabant__5__uM,False,,Rimonabant,5.0,uM,1816,5709062.0
plate6,0,smp_2043,70,CVCL_1478,33,Rimonabant__5__uM,False,,Rimonabant,5.0,uM,1412,5177996.0
plate6,0,smp_2043,70,CVCL_1495,34,Rimonabant__5__uM,False,,Rimonabant,5.0,uM,1183,3551669.0
plate6,0,smp_2043,70,CVCL_1517,35,Rimonabant__5__uM,False,,Rimonabant,5.0,uM,1451,7639452.0
plate6,0,smp_2043,70,CVCL_1531,36,Rimonabant__5__uM,False,,Rimonabant,5.0,uM,14,23049.0
plate6,0,smp_2043,70,CVCL_1547,37,Rimonabant__5__uM,False,,Rimonabant,5.0,uM,1419,4988972.0
plate6,0,smp_2043,70,CVCL_1550,38,Rimonabant__5__uM,False,,Rimonabant,5.0,uM,1291,7481928.0
plate6,0,smp_2043,70,CVCL_1571,39,Rimonabant__5__uM,False,,Rimonabant,5.0,uM,5,4063.0
plate6,0,smp_2043,70,CVCL_1577,40,Rimonabant__5__uM,False,,Rimonabant,5.0,uM,76,466802.0
plate6,0,smp_2043,70,CVCL_1635,41,Rimonabant__5__uM,False,,Rimonabant,5.0,uM,921,3292624.0
plate6,0,smp_2043,70,CVCL_1666,42,Rimonabant__5__uM,False,,Rimonabant,5.0,uM,1170,2536732.0
plate6,0,smp_2043,70,CVCL_1693,43,Rimonabant__5__uM,False,,Rimonabant,5.0,uM,1324,2924202.0
plate6,0,smp_2043,70,CVCL_1715,44,Rimonabant__5__uM,False,,Rimonabant,5.0,uM,94,244462.0
plate6,0,smp_2043,70,CVCL_1716,45,Rimonabant__5__uM,False,,Rimonabant,5.0,uM,186,409130.0
plate6,0,smp_2043,70,CVCL_1717,46,Rimonabant__5__uM,False,,Rimonabant,5.0,uM,1212,5239572.0
plate6,0,smp_2043,70,CVCL_1724,47,Rimonabant__5__uM,False,,Rimonabant,5.0,uM,694,1856142.0
plate6,0,smp_2043,70,CVCL_1731,48,Rimonabant__5__uM,False,,Rimonabant,5.0,uM,1071,3027678.0
plate6,0,smp_2043,70,CVCL_C466,49,Rimonabant__5__uM,False,,Rimonabant,5.0,uM,1698,3261507.0
plate6,0,smp_2022,71,CVCL_0023,0,Ritonavir__5__uM,False,,Ritonavir,5.0,uM,1922,3088127.0
plate6,0,smp_2022,71,CVCL_0028,1,Ritonavir__5__uM,False,,Ritonavir,5.0,uM,581,744260.0
plate6,0,smp_2022,71,CVCL_0069,2,Ritonavir__5__uM,False,,Ritonavir,5.0,uM,973,1809562.0
plate6,0,smp_2022,71,CVCL_0099,3,Ritonavir__5__uM,False,,Ritonavir,5.0,uM,483,693831.0
plate6,0,smp_2022,71,CVCL_0131,4,Ritonavir__5__uM,False,,Ritonavir,5.0,uM,1883,4107530.0
plate6,0,smp_2022,71,CVCL_0152,5,Ritonavir__5__uM,False,,Ritonavir,5.0,uM,1766,3260444.0
plate6,0,smp_2022,71,CVCL_0179,6,Ritonavir__5__uM,False,,Ritonavir,5.0,uM,1013,2373243.0
plate6,0,smp_2022,71,CVCL_0218,7,Ritonavir__5__uM,False,,Ritonavir,5.0,uM,817,1232891.0
plate6,0,smp_2022,71,CVCL_0292,8,Ritonavir__5__uM,False,,Ritonavir,5.0,uM,734,1020901.0
plate6,0,smp_2022,71,CVCL_0293,9,Ritonavir__5__uM,False,,Ritonavir,5.0,uM,1477,4599010.0
plate6,0,smp_2022,71,CVCL_0320,10,Ritonavir__5__uM,False,,Ritonavir,5.0,uM,1335,2942846.0
plate6,0,smp_2022,71,CVCL_0332,11,Ritonavir__5__uM,False,,Ritonavir,5.0,uM,1033,2402648.0
plate6,0,smp_2022,71,CVCL_0334,12,Ritonavir__5__uM,False,,Ritonavir,5.0,uM,699,1308352.0
plate6,0,smp_2022,71,CVCL_0359,13,Ritonavir__5__uM,False,,Ritonavir,5.0,uM,1995,3992897.0
plate6,0,smp_2022,71,CVCL_0366,14,Ritonavir__5__uM,False,,Ritonavir,5.0,uM,1069,2651299.0
plate6,0,smp_2022,71,CVCL_0371,15,Ritonavir__5__uM,False,,Ritonavir,5.0,uM,1304,2621613.0
plate6,0,smp_2022,71,CVCL_0397,16,Ritonavir__5__uM,False,,Ritonavir,5.0,uM,978,2629224.0
plate6,0,smp_2022,71,CVCL_0399,17,Ritonavir__5__uM,False,,Ritonavir,5.0,uM,1813,4763982.0
plate6,0,smp_2022,71,CVCL_0428,18,Ritonavir__5__uM,False,,Ritonavir,5.0,uM,918,1749598.0
plate6,0,smp_2022,71,CVCL_0459,19,Ritonavir__5__uM,False,,Ritonavir,5.0,uM,2478,3780525.0
plate6,0,smp_2022,71,CVCL_0480,20,Ritonavir__5__uM,False,,Ritonavir,5.0,uM,1990,5588497.0
plate6,0,smp_2022,71,CVCL_0504,21,Ritonavir__5__uM,False,,Ritonavir,5.0,uM,1729,2422328.0
plate6,0,smp_2022,71,CVCL_0546,22,Ritonavir__5__uM,False,,Ritonavir,5.0,uM,3140,5468967.0
plate6,0,smp_2022,71,CVCL_1055,23,Ritonavir__5__uM,False,,Ritonavir,5.0,uM,1148,3614653.0
plate6,0,smp_2022,71,CVCL_1056,24,Ritonavir__5__uM,False,,Ritonavir,5.0,uM,1793,5131899.0
plate6,0,smp_2022,71,CVCL_1094,25,Ritonavir__5__uM,False,,Ritonavir,5.0,uM,1133,1720031.0
plate6,0,smp_2022,71,CVCL_1097,26,Ritonavir__5__uM,False,,Ritonavir,5.0,uM,1132,1836649.0
plate6,0,smp_2022,71,CVCL_1098,27,Ritonavir__5__uM,False,,Ritonavir,5.0,uM,1057,1705789.0
plate6,0,smp_2022,71,CVCL_1119,28,Ritonavir__5__uM,False,,Ritonavir,5.0,uM,1373,2996273.0
plate6,0,smp_2022,71,CVCL_1125,29,Ritonavir__5__uM,False,,Ritonavir,5.0,uM,225,291833.0
plate6,0,smp_2022,71,CVCL_1239,30,Ritonavir__5__uM,False,,Ritonavir,5.0,uM,529,824277.0
plate6,0,smp_2022,71,CVCL_1285,31,Ritonavir__5__uM,False,,Ritonavir,5.0,uM,2118,3823291.0
plate6,0,smp_2022,71,CVCL_1381,32,Ritonavir__5__uM,False,,Ritonavir,5.0,uM,1639,3062586.0
plate6,0,smp_2022,71,CVCL_1478,33,Ritonavir__5__uM,False,,Ritonavir,5.0,uM,1261,3792030.0
plate6,0,smp_2022,71,CVCL_1495,34,Ritonavir__5__uM,False,,Ritonavir,5.0,uM,1151,2104556.0
plate6,0,smp_2022,71,CVCL_1517,35,Ritonavir__5__uM,False,,Ritonavir,5.0,uM,1478,4320769.0
plate6,0,smp_2022,71,CVCL_1531,36,Ritonavir__5__uM,False,,Ritonavir,5.0,uM,23,34037.0
plate6,0,smp_2022,71,CVCL_1547,37,Ritonavir__5__uM,False,,Ritonavir,5.0,uM,1416,2935172.0
plate6,0,smp_2022,71,CVCL_1550,38,Ritonavir__5__uM,False,,Ritonavir,5.0,uM,1682,5982175.0
plate6,0,smp_2022,71,CVCL_1571,39,Ritonavir__5__uM,False,,Ritonavir,5.0,uM,19,18029.0
plate6,0,smp_2022,71,CVCL_1577,40,Ritonavir__5__uM,False,,Ritonavir,5.0,uM,85,270944.0
plate6,0,smp_2022,71,CVCL_1635,41,Ritonavir__5__uM,False,,Ritonavir,5.0,uM,957,2023321.0
plate6,0,smp_2022,71,CVCL_1666,42,Ritonavir__5__uM,False,,Ritonavir,5.0,uM,829,1233467.0
plate6,0,smp_2022,71,CVCL_1693,43,Ritonavir__5__uM,False,,Ritonavir,5.0,uM,953,1368509.0
plate6,0,smp_2022,71,CVCL_1715,44,Ritonavir__5__uM,False,,Ritonavir,5.0,uM,128,185203.0
plate6,0,smp_2022,71,CVCL_1716,45,Ritonavir__5__uM,False,,Ritonavir,5.0,uM,131,206421.0
plate6,0,smp_2022,71,CVCL_1717,46,Ritonavir__5__uM,False,,Ritonavir,5.0,uM,1245,3292554.0
plate6,0,smp_2022,71,CVCL_1724,47,Ritonavir__5__uM,False,,Ritonavir,5.0,uM,591,1025450.0
plate6,0,smp_2022,71,CVCL_1731,48,Ritonavir__5__uM,False,,Ritonavir,5.0,uM,902,1495253.0
plate6,0,smp_2022,71,CVCL_C466,49,Ritonavir__5__uM,False,,Ritonavir,5.0,uM,1040,1386224.0
plate6,0,smp_1998,72,CVCL_0023,0,Ropivacaine (hydrochloride monohydrate)__5__uM,False,,Ropivacaine (hydrochloride monohydrate),5.0,uM,2289,4283286.0
plate6,0,smp_1998,72,CVCL_0028,1,Ropivacaine (hydrochloride monohydrate)__5__uM,False,,Ropivacaine (hydrochloride monohydrate),5.0,uM,611,836168.0
plate6,0,smp_1998,72,CVCL_0069,2,Ropivacaine (hydrochloride monohydrate)__5__uM,False,,Ropivacaine (hydrochloride monohydrate),5.0,uM,1259,2769446.0
plate6,0,smp_1998,72,CVCL_0099,3,Ropivacaine (hydrochloride monohydrate)__5__uM,False,,Ropivacaine (hydrochloride monohydrate),5.0,uM,732,1212046.0
plate6,0,smp_1998,72,CVCL_0131,4,Ropivacaine (hydrochloride monohydrate)__5__uM,False,,Ropivacaine (hydrochloride monohydrate),5.0,uM,2216,5678698.0
plate6,0,smp_1998,72,CVCL_0152,5,Ropivacaine (hydrochloride monohydrate)__5__uM,False,,Ropivacaine (hydrochloride monohydrate),5.0,uM,2291,4999238.0
plate6,0,smp_1998,72,CVCL_0179,6,Ropivacaine (hydrochloride monohydrate)__5__uM,False,,Ropivacaine (hydrochloride monohydrate),5.0,uM,1256,3460118.0
plate6,0,smp_1998,72,CVCL_0218,7,Ropivacaine (hydrochloride monohydrate)__5__uM,False,,Ropivacaine (hydrochloride monohydrate),5.0,uM,1221,1990983.0
plate6,0,smp_1998,72,CVCL_0292,8,Ropivacaine (hydrochloride monohydrate)__5__uM,False,,Ropivacaine (hydrochloride monohydrate),5.0,uM,1023,1531359.0
plate6,0,smp_1998,72,CVCL_0293,9,Ropivacaine (hydrochloride monohydrate)__5__uM,False,,Ropivacaine (hydrochloride monohydrate),5.0,uM,2106,7277952.0
plate6,0,smp_1998,72,CVCL_0320,10,Ropivacaine (hydrochloride monohydrate)__5__uM,False,,Ropivacaine (hydrochloride monohydrate),5.0,uM,1832,4567947.0
plate6,0,smp_1998,72,CVCL_0332,11,Ropivacaine (hydrochloride monohydrate)__5__uM,False,,Ropivacaine (hydrochloride monohydrate),5.0,uM,1240,3446744.0
plate6,0,smp_1998,72,CVCL_0334,12,Ropivacaine (hydrochloride monohydrate)__5__uM,False,,Ropivacaine (hydrochloride monohydrate),5.0,uM,953,1848599.0
plate6,0,smp_1998,72,CVCL_0359,13,Ropivacaine (hydrochloride monohydrate)__5__uM,False,,Ropivacaine (hydrochloride monohydrate),5.0,uM,2215,5377938.0
plate6,0,smp_1998,72,CVCL_0366,14,Ropivacaine (hydrochloride monohydrate)__5__uM,False,,Ropivacaine (hydrochloride monohydrate),5.0,uM,1254,3615319.0
plate6,0,smp_1998,72,CVCL_0371,15,Ropivacaine (hydrochloride monohydrate)__5__uM,False,,Ropivacaine (hydrochloride monohydrate),5.0,uM,1903,4617440.0
plate6,0,smp_1998,72,CVCL_0397,16,Ropivacaine (hydrochloride monohydrate)__5__uM,False,,Ropivacaine (hydrochloride monohydrate),5.0,uM,1283,4055853.0
plate6,0,smp_1998,72,CVCL_0399,17,Ropivacaine (hydrochloride monohydrate)__5__uM,False,,Ropivacaine (hydrochloride monohydrate),5.0,uM,2513,6800568.0
plate6,0,smp_1998,72,CVCL_0428,18,Ropivacaine (hydrochloride monohydrate)__5__uM,False,,Ropivacaine (hydrochloride monohydrate),5.0,uM,1120,2598158.0
plate6,0,smp_1998,72,CVCL_0459,19,Ropivacaine (hydrochloride monohydrate)__5__uM,False,,Ropivacaine (hydrochloride monohydrate),5.0,uM,3527,5956884.0
plate6,0,smp_1998,72,CVCL_0480,20,Ropivacaine (hydrochloride monohydrate)__5__uM,False,,Ropivacaine (hydrochloride monohydrate),5.0,uM,2694,8877876.0
plate6,0,smp_1998,72,CVCL_0504,21,Ropivacaine (hydrochloride monohydrate)__5__uM,False,,Ropivacaine (hydrochloride monohydrate),5.0,uM,2235,3648759.0
plate6,0,smp_1998,72,CVCL_0546,22,Ropivacaine (hydrochloride monohydrate)__5__uM,False,,Ropivacaine (hydrochloride monohydrate),5.0,uM,4761,9042008.0
plate6,0,smp_1998,72,CVCL_1055,23,Ropivacaine (hydrochloride monohydrate)__5__uM,False,,Ropivacaine (hydrochloride monohydrate),5.0,uM,1307,4929491.0
plate6,0,smp_1998,72,CVCL_1056,24,Ropivacaine (hydrochloride monohydrate)__5__uM,False,,Ropivacaine (hydrochloride monohydrate),5.0,uM,2035,6830328.0
plate6,0,smp_1998,72,CVCL_1094,25,Ropivacaine (hydrochloride monohydrate)__5__uM,False,,Ropivacaine (hydrochloride monohydrate),5.0,uM,1286,2151374.0
plate6,0,smp_1998,72,CVCL_1097,26,Ropivacaine (hydrochloride monohydrate)__5__uM,False,,Ropivacaine (hydrochloride monohydrate),5.0,uM,1708,3086961.0
plate6,0,smp_1998,72,CVCL_1098,27,Ropivacaine (hydrochloride monohydrate)__5__uM,False,,Ropivacaine (hydrochloride monohydrate),5.0,uM,1396,2661051.0
plate6,0,smp_1998,72,CVCL_1119,28,Ropivacaine (hydrochloride monohydrate)__5__uM,False,,Ropivacaine (hydrochloride monohydrate),5.0,uM,1673,4228474.0
plate6,0,smp_1998,72,CVCL_1125,29,Ropivacaine (hydrochloride monohydrate)__5__uM,False,,Ropivacaine (hydrochloride monohydrate),5.0,uM,290,417218.0
plate6,0,smp_1998,72,CVCL_1239,30,Ropivacaine (hydrochloride monohydrate)__5__uM,False,,Ropivacaine (hydrochloride monohydrate),5.0,uM,634,1117970.0
plate6,0,smp_1998,72,CVCL_1285,31,Ropivacaine (hydrochloride monohydrate)__5__uM,False,,Ropivacaine (hydrochloride monohydrate),5.0,uM,2517,5147659.0
plate6,0,smp_1998,72,CVCL_1381,32,Ropivacaine (hydrochloride monohydrate)__5__uM,False,,Ropivacaine (hydrochloride monohydrate),5.0,uM,1928,4203016.0
plate6,0,smp_1998,72,CVCL_1478,33,Ropivacaine (hydrochloride monohydrate)__5__uM,False,,Ropivacaine (hydrochloride monohydrate),5.0,uM,1675,5184373.0
plate6,0,smp_1998,72,CVCL_1495,34,Ropivacaine (hydrochloride monohydrate)__5__uM,False,,Ropivacaine (hydrochloride monohydrate),5.0,uM,1384,2964031.0
plate6,0,smp_1998,72,CVCL_1517,35,Ropivacaine (hydrochloride monohydrate)__5__uM,False,,Ropivacaine (hydrochloride monohydrate),5.0,uM,1958,7131068.0
plate6,0,smp_1998,72,CVCL_1531,36,Ropivacaine (hydrochloride monohydrate)__5__uM,False,,Ropivacaine (hydrochloride monohydrate),5.0,uM,22,32495.0
plate6,0,smp_1998,72,CVCL_1547,37,Ropivacaine (hydrochloride monohydrate)__5__uM,False,,Ropivacaine (hydrochloride monohydrate),5.0,uM,1668,3994305.0
plate6,0,smp_1998,72,CVCL_1550,38,Ropivacaine (hydrochloride monohydrate)__5__uM,False,,Ropivacaine (hydrochloride monohydrate),5.0,uM,1973,7794210.0
plate6,0,smp_1998,72,CVCL_1571,39,Ropivacaine (hydrochloride monohydrate)__5__uM,False,,Ropivacaine (hydrochloride monohydrate),5.0,uM,13,14001.0
plate6,0,smp_1998,72,CVCL_1577,40,Ropivacaine (hydrochloride monohydrate)__5__uM,False,,Ropivacaine (hydrochloride monohydrate),5.0,uM,89,374756.0
plate6,0,smp_1998,72,CVCL_1635,41,Ropivacaine (hydrochloride monohydrate)__5__uM,False,,Ropivacaine (hydrochloride monohydrate),5.0,uM,1319,3130381.0
plate6,0,smp_1998,72,CVCL_1666,42,Ropivacaine (hydrochloride monohydrate)__5__uM,False,,Ropivacaine (hydrochloride monohydrate),5.0,uM,1197,1944471.0
plate6,0,smp_1998,72,CVCL_1693,43,Ropivacaine (hydrochloride monohydrate)__5__uM,False,,Ropivacaine (hydrochloride monohydrate),5.0,uM,1227,1918013.0
plate6,0,smp_1998,72,CVCL_1715,44,Ropivacaine (hydrochloride monohydrate)__5__uM,False,,Ropivacaine (hydrochloride monohydrate),5.0,uM,152,241626.0
plate6,0,smp_1998,72,CVCL_1716,45,Ropivacaine (hydrochloride monohydrate)__5__uM,False,,Ropivacaine (hydrochloride monohydrate),5.0,uM,148,225963.0
plate6,0,smp_1998,72,CVCL_1717,46,Ropivacaine (hydrochloride monohydrate)__5__uM,False,,Ropivacaine (hydrochloride monohydrate),5.0,uM,1597,4773657.0
plate6,0,smp_1998,72,CVCL_1724,47,Ropivacaine (hydrochloride monohydrate)__5__uM,False,,Ropivacaine (hydrochloride monohydrate),5.0,uM,761,1533420.0
plate6,0,smp_1998,72,CVCL_1731,48,Ropivacaine (hydrochloride monohydrate)__5__uM,False,,Ropivacaine (hydrochloride monohydrate),5.0,uM,1207,2349242.0
plate6,0,smp_1998,72,CVCL_C466,49,Ropivacaine (hydrochloride monohydrate)__5__uM,False,,Ropivacaine (hydrochloride monohydrate),5.0,uM,1477,2167136.0
plate6,0,smp_2009,73,CVCL_0023,0,S-Adenosyl-L-methionine (disulfate tosylate)__5__uM,False,,S-Adenosyl-L-methionine (disulfate tosylate),5.0,uM,2484,5642864.0
plate6,0,smp_2009,73,CVCL_0028,1,S-Adenosyl-L-methionine (disulfate tosylate)__5__uM,False,,S-Adenosyl-L-methionine (disulfate tosylate),5.0,uM,472,759901.0
plate6,0,smp_2009,73,CVCL_0069,2,S-Adenosyl-L-methionine (disulfate tosylate)__5__uM,False,,S-Adenosyl-L-methionine (disulfate tosylate),5.0,uM,1068,2829928.0
plate6,0,smp_2009,73,CVCL_0099,3,S-Adenosyl-L-methionine (disulfate tosylate)__5__uM,False,,S-Adenosyl-L-methionine (disulfate tosylate),5.0,uM,689,1473962.0
plate6,0,smp_2009,73,CVCL_0131,4,S-Adenosyl-L-methionine (disulfate tosylate)__5__uM,False,,S-Adenosyl-L-methionine (disulfate tosylate),5.0,uM,1860,5842627.0
plate6,0,smp_2009,73,CVCL_0152,5,S-Adenosyl-L-methionine (disulfate tosylate)__5__uM,False,,S-Adenosyl-L-methionine (disulfate tosylate),5.0,uM,2795,6289772.0
plate6,0,smp_2009,73,CVCL_0179,6,S-Adenosyl-L-methionine (disulfate tosylate)__5__uM,False,,S-Adenosyl-L-methionine (disulfate tosylate),5.0,uM,1300,4760753.0
plate6,0,smp_2009,73,CVCL_0218,7,S-Adenosyl-L-methionine (disulfate tosylate)__5__uM,False,,S-Adenosyl-L-methionine (disulfate tosylate),5.0,uM,1484,3090752.0
plate6,0,smp_2009,73,CVCL_0292,8,S-Adenosyl-L-methionine (disulfate tosylate)__5__uM,False,,S-Adenosyl-L-methionine (disulfate tosylate),5.0,uM,1471,2354002.0
plate6,0,smp_2009,73,CVCL_0293,9,S-Adenosyl-L-methionine (disulfate tosylate)__5__uM,False,,S-Adenosyl-L-methionine (disulfate tosylate),5.0,uM,2528,9073582.0
plate6,0,smp_2009,73,CVCL_0320,10,S-Adenosyl-L-methionine (disulfate tosylate)__5__uM,False,,S-Adenosyl-L-methionine (disulfate tosylate),5.0,uM,2437,6816304.0
plate6,0,smp_2009,73,CVCL_0332,11,S-Adenosyl-L-methionine (disulfate tosylate)__5__uM,False,,S-Adenosyl-L-methionine (disulfate tosylate),5.0,uM,1333,4519947.0
plate6,0,smp_2009,73,CVCL_0334,12,S-Adenosyl-L-methionine (disulfate tosylate)__5__uM,False,,S-Adenosyl-L-methionine (disulfate tosylate),5.0,uM,842,1900204.0
plate6,0,smp_2009,73,CVCL_0359,13,S-Adenosyl-L-methionine (disulfate tosylate)__5__uM,False,,S-Adenosyl-L-methionine (disulfate tosylate),5.0,uM,1454,4137288.0
plate6,0,smp_2009,73,CVCL_0366,14,S-Adenosyl-L-methionine (disulfate tosylate)__5__uM,False,,S-Adenosyl-L-methionine (disulfate tosylate),5.0,uM,975,3603560.0
plate6,0,smp_2009,73,CVCL_0371,15,S-Adenosyl-L-methionine (disulfate tosylate)__5__uM,False,,S-Adenosyl-L-methionine (disulfate tosylate),5.0,uM,2250,6123473.0
plate6,0,smp_2009,73,CVCL_0397,16,S-Adenosyl-L-methionine (disulfate tosylate)__5__uM,False,,S-Adenosyl-L-methionine (disulfate tosylate),5.0,uM,1953,6001037.0
plate6,0,smp_2009,73,CVCL_0399,17,S-Adenosyl-L-methionine (disulfate tosylate)__5__uM,False,,S-Adenosyl-L-methionine (disulfate tosylate),5.0,uM,3011,8038709.0
plate6,0,smp_2009,73,CVCL_0428,18,S-Adenosyl-L-methionine (disulfate tosylate)__5__uM,False,,S-Adenosyl-L-methionine (disulfate tosylate),5.0,uM,895,2498006.0
plate6,0,smp_2009,73,CVCL_0459,19,S-Adenosyl-L-methionine (disulfate tosylate)__5__uM,False,,S-Adenosyl-L-methionine (disulfate tosylate),5.0,uM,5099,10256163.0
plate6,0,smp_2009,73,CVCL_0480,20,S-Adenosyl-L-methionine (disulfate tosylate)__5__uM,False,,S-Adenosyl-L-methionine (disulfate tosylate),5.0,uM,2353,9335825.0
plate6,0,smp_2009,73,CVCL_0504,21,S-Adenosyl-L-methionine (disulfate tosylate)__5__uM,False,,S-Adenosyl-L-methionine (disulfate tosylate),5.0,uM,2160,4216687.0
plate6,0,smp_2009,73,CVCL_0546,22,S-Adenosyl-L-methionine (disulfate tosylate)__5__uM,False,,S-Adenosyl-L-methionine (disulfate tosylate),5.0,uM,5761,12484980.0
plate6,0,smp_2009,73,CVCL_1055,23,S-Adenosyl-L-methionine (disulfate tosylate)__5__uM,False,,S-Adenosyl-L-methionine (disulfate tosylate),5.0,uM,892,3916912.0
plate6,0,smp_2009,73,CVCL_1056,24,S-Adenosyl-L-methionine (disulfate tosylate)__5__uM,False,,S-Adenosyl-L-methionine (disulfate tosylate),5.0,uM,1945,8113814.0
plate6,0,smp_2009,73,CVCL_1094,25,S-Adenosyl-L-methionine (disulfate tosylate)__5__uM,False,,S-Adenosyl-L-methionine (disulfate tosylate),5.0,uM,1201,2355325.0
plate6,0,smp_2009,73,CVCL_1097,26,S-Adenosyl-L-methionine (disulfate tosylate)__5__uM,False,,S-Adenosyl-L-methionine (disulfate tosylate),5.0,uM,2332,4811413.0
plate6,0,smp_2009,73,CVCL_1098,27,S-Adenosyl-L-methionine (disulfate tosylate)__5__uM,False,,S-Adenosyl-L-methionine (disulfate tosylate),5.0,uM,1458,3296524.0
plate6,0,smp_2009,73,CVCL_1119,28,S-Adenosyl-L-methionine (disulfate tosylate)__5__uM,False,,S-Adenosyl-L-methionine (disulfate tosylate),5.0,uM,1597,4800015.0
plate6,0,smp_2009,73,CVCL_1125,29,S-Adenosyl-L-methionine (disulfate tosylate)__5__uM,False,,S-Adenosyl-L-methionine (disulfate tosylate),5.0,uM,364,595068.0
plate6,0,smp_2009,73,CVCL_1239,30,S-Adenosyl-L-methionine (disulfate tosylate)__5__uM,False,,S-Adenosyl-L-methionine (disulfate tosylate),5.0,uM,845,1858159.0
plate6,0,smp_2009,73,CVCL_1285,31,S-Adenosyl-L-methionine (disulfate tosylate)__5__uM,False,,S-Adenosyl-L-methionine (disulfate tosylate),5.0,uM,2416,5720693.0
plate6,0,smp_2009,73,CVCL_1381,32,S-Adenosyl-L-methionine (disulfate tosylate)__5__uM,False,,S-Adenosyl-L-methionine (disulfate tosylate),5.0,uM,1901,5114278.0
plate6,0,smp_2009,73,CVCL_1478,33,S-Adenosyl-L-methionine (disulfate tosylate)__5__uM,False,,S-Adenosyl-L-methionine (disulfate tosylate),5.0,uM,2029,6413274.0
plate6,0,smp_2009,73,CVCL_1495,34,S-Adenosyl-L-methionine (disulfate tosylate)__5__uM,False,,S-Adenosyl-L-methionine (disulfate tosylate),5.0,uM,1468,3647197.0
plate6,0,smp_2009,73,CVCL_1517,35,S-Adenosyl-L-methionine (disulfate tosylate)__5__uM,False,,S-Adenosyl-L-methionine (disulfate tosylate),5.0,uM,2332,9939411.0
plate6,0,smp_2009,73,CVCL_1531,36,S-Adenosyl-L-methionine (disulfate tosylate)__5__uM,False,,S-Adenosyl-L-methionine (disulfate tosylate),5.0,uM,30,38976.0
plate6,0,smp_2009,73,CVCL_1547,37,S-Adenosyl-L-methionine (disulfate tosylate)__5__uM,False,,S-Adenosyl-L-methionine (disulfate tosylate),5.0,uM,1313,3850064.0
plate6,0,smp_2009,73,CVCL_1550,38,S-Adenosyl-L-methionine (disulfate tosylate)__5__uM,False,,S-Adenosyl-L-methionine (disulfate tosylate),5.0,uM,2014,9584022.0
plate6,0,smp_2009,73,CVCL_1571,39,S-Adenosyl-L-methionine (disulfate tosylate)__5__uM,False,,S-Adenosyl-L-methionine (disulfate tosylate),5.0,uM,7,6158.0
plate6,0,smp_2009,73,CVCL_1577,40,S-Adenosyl-L-methionine (disulfate tosylate)__5__uM,False,,S-Adenosyl-L-methionine (disulfate tosylate),5.0,uM,69,360221.0
plate6,0,smp_2009,73,CVCL_1635,41,S-Adenosyl-L-methionine (disulfate tosylate)__5__uM,False,,S-Adenosyl-L-methionine (disulfate tosylate),5.0,uM,1349,3962879.0
plate6,0,smp_2009,73,CVCL_1666,42,S-Adenosyl-L-methionine (disulfate tosylate)__5__uM,False,,S-Adenosyl-L-methionine (disulfate tosylate),5.0,uM,1684,3071201.0
plate6,0,smp_2009,73,CVCL_1693,43,S-Adenosyl-L-methionine (disulfate tosylate)__5__uM,False,,S-Adenosyl-L-methionine (disulfate tosylate),5.0,uM,989,1904954.0
plate6,0,smp_2009,73,CVCL_1715,44,S-Adenosyl-L-methionine (disulfate tosylate)__5__uM,False,,S-Adenosyl-L-methionine (disulfate tosylate),5.0,uM,247,502778.0
plate6,0,smp_2009,73,CVCL_1716,45,S-Adenosyl-L-methionine (disulfate tosylate)__5__uM,False,,S-Adenosyl-L-methionine (disulfate tosylate),5.0,uM,266,464581.0
plate6,0,smp_2009,73,CVCL_1717,46,S-Adenosyl-L-methionine (disulfate tosylate)__5__uM,False,,S-Adenosyl-L-methionine (disulfate tosylate),5.0,uM,1818,6086643.0
plate6,0,smp_2009,73,CVCL_1724,47,S-Adenosyl-L-methionine (disulfate tosylate)__5__uM,False,,S-Adenosyl-L-methionine (disulfate tosylate),5.0,uM,961,2177174.0
plate6,0,smp_2009,73,CVCL_1731,48,S-Adenosyl-L-methionine (disulfate tosylate)__5__uM,False,,S-Adenosyl-L-methionine (disulfate tosylate),5.0,uM,1487,3295427.0
plate6,0,smp_2009,73,CVCL_C466,49,S-Adenosyl-L-methionine (disulfate tosylate)__5__uM,False,,S-Adenosyl-L-methionine (disulfate tosylate),5.0,uM,1968,3334029.0
plate6,0,smp_1999,74,CVCL_0023,0,Salicylic acid__5__uM,False,,Salicylic acid,5.0,uM,768,1842300.0
plate6,0,smp_1999,74,CVCL_0028,1,Salicylic acid__5__uM,False,,Salicylic acid,5.0,uM,458,802354.0
plate6,0,smp_1999,74,CVCL_0069,2,Salicylic acid__5__uM,False,,Salicylic acid,5.0,uM,456,1219115.0
plate6,0,smp_1999,74,CVCL_0099,3,Salicylic acid__5__uM,False,,Salicylic acid,5.0,uM,468,938970.0
plate6,0,smp_1999,74,CVCL_0131,4,Salicylic acid__5__uM,False,,Salicylic acid,5.0,uM,663,2333126.0
plate6,0,smp_1999,74,CVCL_0152,5,Salicylic acid__5__uM,False,,Salicylic acid,5.0,uM,1145,2446255.0
plate6,0,smp_1999,74,CVCL_0179,6,Salicylic acid__5__uM,False,,Salicylic acid,5.0,uM,505,1767589.0
plate6,0,smp_1999,74,CVCL_0218,7,Salicylic acid__5__uM,False,,Salicylic acid,5.0,uM,821,1689304.0
plate6,0,smp_1999,74,CVCL_0292,8,Salicylic acid__5__uM,False,,Salicylic acid,5.0,uM,798,1304379.0
plate6,0,smp_1999,74,CVCL_0293,9,Salicylic acid__5__uM,False,,Salicylic acid,5.0,uM,1156,3192788.0
plate6,0,smp_1999,74,CVCL_0320,10,Salicylic acid__5__uM,False,,Salicylic acid,5.0,uM,744,2191721.0
plate6,0,smp_1999,74,CVCL_0332,11,Salicylic acid__5__uM,False,,Salicylic acid,5.0,uM,373,1242664.0
plate6,0,smp_1999,74,CVCL_0334,12,Salicylic acid__5__uM,False,,Salicylic acid,5.0,uM,340,749501.0
plate6,0,smp_1999,74,CVCL_0359,13,Salicylic acid__5__uM,False,,Salicylic acid,5.0,uM,657,2068784.0
plate6,0,smp_1999,74,CVCL_0366,14,Salicylic acid__5__uM,False,,Salicylic acid,5.0,uM,394,1388505.0
plate6,0,smp_1999,74,CVCL_0371,15,Salicylic acid__5__uM,False,,Salicylic acid,5.0,uM,906,2454808.0
plate6,0,smp_1999,74,CVCL_0397,16,Salicylic acid__5__uM,False,,Salicylic acid,5.0,uM,476,1495873.0
plate6,0,smp_1999,74,CVCL_0399,17,Salicylic acid__5__uM,False,,Salicylic acid,5.0,uM,1314,3283755.0
plate6,0,smp_1999,74,CVCL_0428,18,Salicylic acid__5__uM,False,,Salicylic acid,5.0,uM,340,1046765.0
plate6,0,smp_1999,74,CVCL_0459,19,Salicylic acid__5__uM,False,,Salicylic acid,5.0,uM,1724,3525456.0
plate6,0,smp_1999,74,CVCL_0480,20,Salicylic acid__5__uM,False,,Salicylic acid,5.0,uM,687,2635814.0
plate6,0,smp_1999,74,CVCL_0504,21,Salicylic acid__5__uM,False,,Salicylic acid,5.0,uM,975,2006588.0
plate6,0,smp_1999,74,CVCL_0546,22,Salicylic acid__5__uM,False,,Salicylic acid,5.0,uM,2888,6450615.0
plate6,0,smp_1999,74,CVCL_1055,23,Salicylic acid__5__uM,False,,Salicylic acid,5.0,uM,660,2904348.0
plate6,0,smp_1999,74,CVCL_1056,24,Salicylic acid__5__uM,False,,Salicylic acid,5.0,uM,466,2035190.0
plate6,0,smp_1999,74,CVCL_1094,25,Salicylic acid__5__uM,False,,Salicylic acid,5.0,uM,894,1945812.0
plate6,0,smp_1999,74,CVCL_1097,26,Salicylic acid__5__uM,False,,Salicylic acid,5.0,uM,654,1417024.0
plate6,0,smp_1999,74,CVCL_1098,27,Salicylic acid__5__uM,False,,Salicylic acid,5.0,uM,831,1627206.0
plate6,0,smp_1999,74,CVCL_1119,28,Salicylic acid__5__uM,False,,Salicylic acid,5.0,uM,842,2433661.0
plate6,0,smp_1999,74,CVCL_1125,29,Salicylic acid__5__uM,False,,Salicylic acid,5.0,uM,221,368852.0
plate6,0,smp_1999,74,CVCL_1239,30,Salicylic acid__5__uM,False,,Salicylic acid,5.0,uM,250,539720.0
plate6,0,smp_1999,74,CVCL_1285,31,Salicylic acid__5__uM,False,,Salicylic acid,5.0,uM,727,2046571.0
plate6,0,smp_1999,74,CVCL_1381,32,Salicylic acid__5__uM,False,,Salicylic acid,5.0,uM,610,1667517.0
plate6,0,smp_1999,74,CVCL_1478,33,Salicylic acid__5__uM,False,,Salicylic acid,5.0,uM,750,1903391.0
plate6,0,smp_1999,74,CVCL_1495,34,Salicylic acid__5__uM,False,,Salicylic acid,5.0,uM,383,1067975.0
plate6,0,smp_1999,74,CVCL_1517,35,Salicylic acid__5__uM,False,,Salicylic acid,5.0,uM,507,2150134.0
plate6,0,smp_1999,74,CVCL_1531,36,Salicylic acid__5__uM,False,,Salicylic acid,5.0,uM,8,8727.0
plate6,0,smp_1999,74,CVCL_1547,37,Salicylic acid__5__uM,False,,Salicylic acid,5.0,uM,642,1911314.0
plate6,0,smp_1999,74,CVCL_1550,38,Salicylic acid__5__uM,False,,Salicylic acid,5.0,uM,736,3483489.0
plate6,0,smp_1999,74,CVCL_1571,39,Salicylic acid__5__uM,False,,Salicylic acid,5.0,uM,6,5091.0
plate6,0,smp_1999,74,CVCL_1577,40,Salicylic acid__5__uM,False,,Salicylic acid,5.0,uM,40,159405.0
plate6,0,smp_1999,74,CVCL_1635,41,Salicylic acid__5__uM,False,,Salicylic acid,5.0,uM,641,1870570.0
plate6,0,smp_1999,74,CVCL_1666,42,Salicylic acid__5__uM,False,,Salicylic acid,5.0,uM,568,1118546.0
plate6,0,smp_1999,74,CVCL_1693,43,Salicylic acid__5__uM,False,,Salicylic acid,5.0,uM,841,1681930.0
plate6,0,smp_1999,74,CVCL_1715,44,Salicylic acid__5__uM,False,,Salicylic acid,5.0,uM,42,78066.0
plate6,0,smp_1999,74,CVCL_1716,45,Salicylic acid__5__uM,False,,Salicylic acid,5.0,uM,75,122328.0
plate6,0,smp_1999,74,CVCL_1717,46,Salicylic acid__5__uM,False,,Salicylic acid,5.0,uM,771,2568532.0
plate6,0,smp_1999,74,CVCL_1724,47,Salicylic acid__5__uM,False,,Salicylic acid,5.0,uM,474,1050873.0
plate6,0,smp_1999,74,CVCL_1731,48,Salicylic acid__5__uM,False,,Salicylic acid,5.0,uM,462,1096222.0
plate6,0,smp_1999,74,CVCL_C466,49,Salicylic acid__5__uM,False,,Salicylic acid,5.0,uM,634,1097523.0
plate6,0,smp_2014,75,CVCL_0023,0,Saquinavir__5__uM,False,,Saquinavir,5.0,uM,1192,1870186.0
plate6,0,smp_2014,75,CVCL_0028,1,Saquinavir__5__uM,False,,Saquinavir,5.0,uM,380,516439.0
plate6,0,smp_2014,75,CVCL_0069,2,Saquinavir__5__uM,False,,Saquinavir,5.0,uM,647,1172873.0
plate6,0,smp_2014,75,CVCL_0099,3,Saquinavir__5__uM,False,,Saquinavir,5.0,uM,323,468350.0
plate6,0,smp_2014,75,CVCL_0131,4,Saquinavir__5__uM,False,,Saquinavir,5.0,uM,1197,2386140.0
plate6,0,smp_2014,75,CVCL_0152,5,Saquinavir__5__uM,False,,Saquinavir,5.0,uM,1026,1797641.0
plate6,0,smp_2014,75,CVCL_0179,6,Saquinavir__5__uM,False,,Saquinavir,5.0,uM,520,1114664.0
plate6,0,smp_2014,75,CVCL_0218,7,Saquinavir__5__uM,False,,Saquinavir,5.0,uM,654,956744.0
plate6,0,smp_2014,75,CVCL_0292,8,Saquinavir__5__uM,False,,Saquinavir,5.0,uM,425,564571.0
plate6,0,smp_2014,75,CVCL_0293,9,Saquinavir__5__uM,False,,Saquinavir,5.0,uM,1139,2596358.0
plate6,0,smp_2014,75,CVCL_0320,10,Saquinavir__5__uM,False,,Saquinavir,5.0,uM,878,1690974.0
plate6,0,smp_2014,75,CVCL_0332,11,Saquinavir__5__uM,False,,Saquinavir,5.0,uM,632,1314249.0
plate6,0,smp_2014,75,CVCL_0334,12,Saquinavir__5__uM,False,,Saquinavir,5.0,uM,409,658751.0
plate6,0,smp_2014,75,CVCL_0359,13,Saquinavir__5__uM,False,,Saquinavir,5.0,uM,1147,2172693.0
plate6,0,smp_2014,75,CVCL_0366,14,Saquinavir__5__uM,False,,Saquinavir,5.0,uM,680,1605622.0
plate6,0,smp_2014,75,CVCL_0371,15,Saquinavir__5__uM,False,,Saquinavir,5.0,uM,997,1841053.0
plate6,0,smp_2014,75,CVCL_0397,16,Saquinavir__5__uM,False,,Saquinavir,5.0,uM,535,1279536.0
plate6,0,smp_2014,75,CVCL_0399,17,Saquinavir__5__uM,False,,Saquinavir,5.0,uM,1250,2741540.0
plate6,0,smp_2014,75,CVCL_0428,18,Saquinavir__5__uM,False,,Saquinavir,5.0,uM,601,1104328.0
plate6,0,smp_2014,75,CVCL_0459,19,Saquinavir__5__uM,False,,Saquinavir,5.0,uM,1711,2439438.0
plate6,0,smp_2014,75,CVCL_0480,20,Saquinavir__5__uM,False,,Saquinavir,5.0,uM,1257,2997380.0
plate6,0,smp_2014,75,CVCL_0504,21,Saquinavir__5__uM,False,,Saquinavir,5.0,uM,1039,1445291.0
plate6,0,smp_2014,75,CVCL_0546,22,Saquinavir__5__uM,False,,Saquinavir,5.0,uM,2201,3444548.0
plate6,0,smp_2014,75,CVCL_1055,23,Saquinavir__5__uM,False,,Saquinavir,5.0,uM,824,2083406.0
plate6,0,smp_2014,75,CVCL_1056,24,Saquinavir__5__uM,False,,Saquinavir,5.0,uM,915,2470304.0
plate6,0,smp_2014,75,CVCL_1094,25,Saquinavir__5__uM,False,,Saquinavir,5.0,uM,832,1228735.0
plate6,0,smp_2014,75,CVCL_1097,26,Saquinavir__5__uM,False,,Saquinavir,5.0,uM,723,1068450.0
plate6,0,smp_2014,75,CVCL_1098,27,Saquinavir__5__uM,False,,Saquinavir,5.0,uM,645,938616.0
plate6,0,smp_2014,75,CVCL_1119,28,Saquinavir__5__uM,False,,Saquinavir,5.0,uM,948,1898087.0
plate6,0,smp_2014,75,CVCL_1125,29,Saquinavir__5__uM,False,,Saquinavir,5.0,uM,160,201515.0
plate6,0,smp_2014,75,CVCL_1239,30,Saquinavir__5__uM,False,,Saquinavir,5.0,uM,285,405643.0
plate6,0,smp_2014,75,CVCL_1285,31,Saquinavir__5__uM,False,,Saquinavir,5.0,uM,1268,2152736.0
plate6,0,smp_2014,75,CVCL_1381,32,Saquinavir__5__uM,False,,Saquinavir,5.0,uM,1012,1743786.0
plate6,0,smp_2014,75,CVCL_1478,33,Saquinavir__5__uM,False,,Saquinavir,5.0,uM,956,2294492.0
plate6,0,smp_2014,75,CVCL_1495,34,Saquinavir__5__uM,False,,Saquinavir,5.0,uM,725,1262896.0
plate6,0,smp_2014,75,CVCL_1517,35,Saquinavir__5__uM,False,,Saquinavir,5.0,uM,861,2246991.0
plate6,0,smp_2014,75,CVCL_1531,36,Saquinavir__5__uM,False,,Saquinavir,5.0,uM,15,14392.0
plate6,0,smp_2014,75,CVCL_1547,37,Saquinavir__5__uM,False,,Saquinavir,5.0,uM,969,1791486.0
plate6,0,smp_2014,75,CVCL_1550,38,Saquinavir__5__uM,False,,Saquinavir,5.0,uM,1055,3539011.0
plate6,0,smp_2014,75,CVCL_1571,39,Saquinavir__5__uM,False,,Saquinavir,5.0,uM,5,4864.0
plate6,0,smp_2014,75,CVCL_1577,40,Saquinavir__5__uM,False,,Saquinavir,5.0,uM,45,143646.0
plate6,0,smp_2014,75,CVCL_1635,41,Saquinavir__5__uM,False,,Saquinavir,5.0,uM,722,1441647.0
plate6,0,smp_2014,75,CVCL_1666,42,Saquinavir__5__uM,False,,Saquinavir,5.0,uM,561,777413.0
plate6,0,smp_2014,75,CVCL_1693,43,Saquinavir__5__uM,False,,Saquinavir,5.0,uM,640,920511.0
plate6,0,smp_2014,75,CVCL_1715,44,Saquinavir__5__uM,False,,Saquinavir,5.0,uM,58,78939.0
plate6,0,smp_2014,75,CVCL_1716,45,Saquinavir__5__uM,False,,Saquinavir,5.0,uM,79,108740.0
plate6,0,smp_2014,75,CVCL_1717,46,Saquinavir__5__uM,False,,Saquinavir,5.0,uM,809,1875974.0
plate6,0,smp_2014,75,CVCL_1724,47,Saquinavir__5__uM,False,,Saquinavir,5.0,uM,396,628008.0
plate6,0,smp_2014,75,CVCL_1731,48,Saquinavir__5__uM,False,,Saquinavir,5.0,uM,588,927711.0
plate6,0,smp_2014,75,CVCL_C466,49,Saquinavir__5__uM,False,,Saquinavir,5.0,uM,612,783926.0
plate6,0,smp_2061,76,CVCL_0023,0,Selinexor__5__uM,False,,Selinexor,5.0,uM,2219,5518973.0
plate6,0,smp_2061,76,CVCL_0028,1,Selinexor__5__uM,False,,Selinexor,5.0,uM,697,1191437.0
plate6,0,smp_2061,76,CVCL_0069,2,Selinexor__5__uM,False,,Selinexor,5.0,uM,981,2574292.0
plate6,0,smp_2061,76,CVCL_0099,3,Selinexor__5__uM,False,,Selinexor,5.0,uM,507,932003.0
plate6,0,smp_2061,76,CVCL_0131,4,Selinexor__5__uM,False,,Selinexor,5.0,uM,2816,9592875.0
plate6,0,smp_2061,76,CVCL_0152,5,Selinexor__5__uM,False,,Selinexor,5.0,uM,3033,6474522.0
plate6,0,smp_2061,76,CVCL_0179,6,Selinexor__5__uM,False,,Selinexor,5.0,uM,1884,6963853.0
plate6,0,smp_2061,76,CVCL_0218,7,Selinexor__5__uM,False,,Selinexor,5.0,uM,1254,2398173.0
plate6,0,smp_2061,76,CVCL_0292,8,Selinexor__5__uM,False,,Selinexor,5.0,uM,1307,2131826.0
plate6,0,smp_2061,76,CVCL_0293,9,Selinexor__5__uM,False,,Selinexor,5.0,uM,3153,9832245.0
plate6,0,smp_2061,76,CVCL_0320,10,Selinexor__5__uM,False,,Selinexor,5.0,uM,1991,5177256.0
plate6,0,smp_2061,76,CVCL_0332,11,Selinexor__5__uM,False,,Selinexor,5.0,uM,1324,4344610.0
plate6,0,smp_2061,76,CVCL_0334,12,Selinexor__5__uM,False,,Selinexor,5.0,uM,1190,2556134.0
plate6,0,smp_2061,76,CVCL_0359,13,Selinexor__5__uM,False,,Selinexor,5.0,uM,2294,5998635.0
plate6,0,smp_2061,76,CVCL_0366,14,Selinexor__5__uM,False,,Selinexor,5.0,uM,1691,5617849.0
plate6,0,smp_2061,76,CVCL_0371,15,Selinexor__5__uM,False,,Selinexor,5.0,uM,1869,5049555.0
plate6,0,smp_2061,76,CVCL_0397,16,Selinexor__5__uM,False,,Selinexor,5.0,uM,1667,5398978.0
plate6,0,smp_2061,76,CVCL_0399,17,Selinexor__5__uM,False,,Selinexor,5.0,uM,3532,8567024.0
plate6,0,smp_2061,76,CVCL_0428,18,Selinexor__5__uM,False,,Selinexor,5.0,uM,1326,4027647.0
plate6,0,smp_2061,76,CVCL_0459,19,Selinexor__5__uM,False,,Selinexor,5.0,uM,4951,10589126.0
plate6,0,smp_2061,76,CVCL_0480,20,Selinexor__5__uM,False,,Selinexor,5.0,uM,2847,10570674.0
plate6,0,smp_2061,76,CVCL_0504,21,Selinexor__5__uM,False,,Selinexor,5.0,uM,1632,3392948.0
plate6,0,smp_2061,76,CVCL_0546,22,Selinexor__5__uM,False,,Selinexor,5.0,uM,4460,10375429.0
plate6,0,smp_2061,76,CVCL_1055,23,Selinexor__5__uM,False,,Selinexor,5.0,uM,854,3298920.0
plate6,0,smp_2061,76,CVCL_1056,24,Selinexor__5__uM,False,,Selinexor,5.0,uM,2622,10450950.0
plate6,0,smp_2061,76,CVCL_1094,25,Selinexor__5__uM,False,,Selinexor,5.0,uM,1537,3183364.0
plate6,0,smp_2061,76,CVCL_1097,26,Selinexor__5__uM,False,,Selinexor,5.0,uM,1783,3752886.0
plate6,0,smp_2061,76,CVCL_1098,27,Selinexor__5__uM,False,,Selinexor,5.0,uM,2392,5533140.0
plate6,0,smp_2061,76,CVCL_1119,28,Selinexor__5__uM,False,,Selinexor,5.0,uM,1586,3980588.0
plate6,0,smp_2061,76,CVCL_1125,29,Selinexor__5__uM,False,,Selinexor,5.0,uM,193,299797.0
plate6,0,smp_2061,76,CVCL_1239,30,Selinexor__5__uM,False,,Selinexor,5.0,uM,589,1311672.0
plate6,0,smp_2061,76,CVCL_1285,31,Selinexor__5__uM,False,,Selinexor,5.0,uM,3194,8203278.0
plate6,0,smp_2061,76,CVCL_1381,32,Selinexor__5__uM,False,,Selinexor,5.0,uM,1812,5186416.0
plate6,0,smp_2061,76,CVCL_1478,33,Selinexor__5__uM,False,,Selinexor,5.0,uM,2224,5944085.0
plate6,0,smp_2061,76,CVCL_1495,34,Selinexor__5__uM,False,,Selinexor,5.0,uM,1682,4961833.0
plate6,0,smp_2061,76,CVCL_1517,35,Selinexor__5__uM,False,,Selinexor,5.0,uM,2431,10442160.0
plate6,0,smp_2061,76,CVCL_1531,36,Selinexor__5__uM,False,,Selinexor,5.0,uM,27,52605.0
plate6,0,smp_2061,76,CVCL_1547,37,Selinexor__5__uM,False,,Selinexor,5.0,uM,1618,4922340.0
plate6,0,smp_2061,76,CVCL_1550,38,Selinexor__5__uM,False,,Selinexor,5.0,uM,1778,6245828.0
plate6,0,smp_2061,76,CVCL_1571,39,Selinexor__5__uM,False,,Selinexor,5.0,uM,28,28231.0
plate6,0,smp_2061,76,CVCL_1577,40,Selinexor__5__uM,False,,Selinexor,5.0,uM,120,557503.0
plate6,0,smp_2061,76,CVCL_1635,41,Selinexor__5__uM,False,,Selinexor,5.0,uM,958,2402184.0
plate6,0,smp_2061,76,CVCL_1666,42,Selinexor__5__uM,False,,Selinexor,5.0,uM,1411,2725670.0
plate6,0,smp_2061,76,CVCL_1693,43,Selinexor__5__uM,False,,Selinexor,5.0,uM,1729,3249643.0
plate6,0,smp_2061,76,CVCL_1715,44,Selinexor__5__uM,False,,Selinexor,5.0,uM,150,308057.0
plate6,0,smp_2061,76,CVCL_1716,45,Selinexor__5__uM,False,,Selinexor,5.0,uM,242,520616.0
plate6,0,smp_2061,76,CVCL_1717,46,Selinexor__5__uM,False,,Selinexor,5.0,uM,1833,5949145.0
plate6,0,smp_2061,76,CVCL_1724,47,Selinexor__5__uM,False,,Selinexor,5.0,uM,967,1945307.0
plate6,0,smp_2061,76,CVCL_1731,48,Selinexor__5__uM,False,,Selinexor,5.0,uM,1631,3991492.0
plate6,0,smp_2061,76,CVCL_C466,49,Selinexor__5__uM,False,,Selinexor,5.0,uM,2491,4575677.0
plate6,0,smp_2053,77,CVCL_0023,0,Sinomenine__5__uM,False,,Sinomenine,5.0,uM,2421,5753491.0
plate6,0,smp_2053,77,CVCL_0028,1,Sinomenine__5__uM,False,,Sinomenine,5.0,uM,782,1302546.0
plate6,0,smp_2053,77,CVCL_0069,2,Sinomenine__5__uM,False,,Sinomenine,5.0,uM,1447,4149070.0
plate6,0,smp_2053,77,CVCL_0099,3,Sinomenine__5__uM,False,,Sinomenine,5.0,uM,841,1676241.0
plate6,0,smp_2053,77,CVCL_0131,4,Sinomenine__5__uM,False,,Sinomenine,5.0,uM,2313,7637196.0
plate6,0,smp_2053,77,CVCL_0152,5,Sinomenine__5__uM,False,,Sinomenine,5.0,uM,2707,6043491.0
plate6,0,smp_2053,77,CVCL_0179,6,Sinomenine__5__uM,False,,Sinomenine,5.0,uM,1167,4122652.0
plate6,0,smp_2053,77,CVCL_0218,7,Sinomenine__5__uM,False,,Sinomenine,5.0,uM,1217,2446486.0
plate6,0,smp_2053,77,CVCL_0292,8,Sinomenine__5__uM,False,,Sinomenine,5.0,uM,1382,2412105.0
plate6,0,smp_2053,77,CVCL_0293,9,Sinomenine__5__uM,False,,Sinomenine,5.0,uM,2297,8138779.0
plate6,0,smp_2053,77,CVCL_0320,10,Sinomenine__5__uM,False,,Sinomenine,5.0,uM,1689,5310450.0
plate6,0,smp_2053,77,CVCL_0332,11,Sinomenine__5__uM,False,,Sinomenine,5.0,uM,1102,3628590.0
plate6,0,smp_2053,77,CVCL_0334,12,Sinomenine__5__uM,False,,Sinomenine,5.0,uM,945,1992168.0
plate6,0,smp_2053,77,CVCL_0359,13,Sinomenine__5__uM,False,,Sinomenine,5.0,uM,2117,6335756.0
plate6,0,smp_2053,77,CVCL_0366,14,Sinomenine__5__uM,False,,Sinomenine,5.0,uM,1076,3951646.0
plate6,0,smp_2053,77,CVCL_0371,15,Sinomenine__5__uM,False,,Sinomenine,5.0,uM,1902,5432967.0
plate6,0,smp_2053,77,CVCL_0397,16,Sinomenine__5__uM,False,,Sinomenine,5.0,uM,1035,3945801.0
plate6,0,smp_2053,77,CVCL_0399,17,Sinomenine__5__uM,False,,Sinomenine,5.0,uM,2850,8307660.0
plate6,0,smp_2053,77,CVCL_0428,18,Sinomenine__5__uM,False,,Sinomenine,5.0,uM,1049,3074014.0
plate6,0,smp_2053,77,CVCL_0459,19,Sinomenine__5__uM,False,,Sinomenine,5.0,uM,3836,7850247.0
plate6,0,smp_2053,77,CVCL_0480,20,Sinomenine__5__uM,False,,Sinomenine,5.0,uM,2220,8712899.0
plate6,0,smp_2053,77,CVCL_0504,21,Sinomenine__5__uM,False,,Sinomenine,5.0,uM,2342,4661159.0
plate6,0,smp_2053,77,CVCL_0546,22,Sinomenine__5__uM,False,,Sinomenine,5.0,uM,4927,11184516.0
plate6,0,smp_2053,77,CVCL_1055,23,Sinomenine__5__uM,False,,Sinomenine,5.0,uM,1597,7157729.0
plate6,0,smp_2053,77,CVCL_1056,24,Sinomenine__5__uM,False,,Sinomenine,5.0,uM,1767,7374172.0
plate6,0,smp_2053,77,CVCL_1094,25,Sinomenine__5__uM,False,,Sinomenine,5.0,uM,1558,3400956.0
plate6,0,smp_2053,77,CVCL_1097,26,Sinomenine__5__uM,False,,Sinomenine,5.0,uM,1859,4121521.0
plate6,0,smp_2053,77,CVCL_1098,27,Sinomenine__5__uM,False,,Sinomenine,5.0,uM,1553,3290864.0
plate6,0,smp_2053,77,CVCL_1119,28,Sinomenine__5__uM,False,,Sinomenine,5.0,uM,1699,5264996.0
plate6,0,smp_2053,77,CVCL_1125,29,Sinomenine__5__uM,False,,Sinomenine,5.0,uM,371,616626.0
plate6,0,smp_2053,77,CVCL_1239,30,Sinomenine__5__uM,False,,Sinomenine,5.0,uM,610,1346142.0
plate6,0,smp_2053,77,CVCL_1285,31,Sinomenine__5__uM,False,,Sinomenine,5.0,uM,2279,5989835.0
plate6,0,smp_2053,77,CVCL_1381,32,Sinomenine__5__uM,False,,Sinomenine,5.0,uM,1928,5393272.0
plate6,0,smp_2053,77,CVCL_1478,33,Sinomenine__5__uM,False,,Sinomenine,5.0,uM,1872,5728902.0
plate6,0,smp_2053,77,CVCL_1495,34,Sinomenine__5__uM,False,,Sinomenine,5.0,uM,1302,3546741.0
plate6,0,smp_2053,77,CVCL_1517,35,Sinomenine__5__uM,False,,Sinomenine,5.0,uM,1681,7518567.0
plate6,0,smp_2053,77,CVCL_1531,36,Sinomenine__5__uM,False,,Sinomenine,5.0,uM,19,22702.0
plate6,0,smp_2053,77,CVCL_1547,37,Sinomenine__5__uM,False,,Sinomenine,5.0,uM,1752,5287740.0
plate6,0,smp_2053,77,CVCL_1550,38,Sinomenine__5__uM,False,,Sinomenine,5.0,uM,1786,8570230.0
plate6,0,smp_2053,77,CVCL_1571,39,Sinomenine__5__uM,False,,Sinomenine,5.0,uM,14,12738.0
plate6,0,smp_2053,77,CVCL_1577,40,Sinomenine__5__uM,False,,Sinomenine,5.0,uM,107,562400.0
plate6,0,smp_2053,77,CVCL_1635,41,Sinomenine__5__uM,False,,Sinomenine,5.0,uM,1220,3714861.0
plate6,0,smp_2053,77,CVCL_1666,42,Sinomenine__5__uM,False,,Sinomenine,5.0,uM,1297,2447919.0
plate6,0,smp_2053,77,CVCL_1693,43,Sinomenine__5__uM,False,,Sinomenine,5.0,uM,1424,2709049.0
plate6,0,smp_2053,77,CVCL_1715,44,Sinomenine__5__uM,False,,Sinomenine,5.0,uM,86,181698.0
plate6,0,smp_2053,77,CVCL_1716,45,Sinomenine__5__uM,False,,Sinomenine,5.0,uM,177,315799.0
plate6,0,smp_2053,77,CVCL_1717,46,Sinomenine__5__uM,False,,Sinomenine,5.0,uM,1590,5461569.0
plate6,0,smp_2053,77,CVCL_1724,47,Sinomenine__5__uM,False,,Sinomenine,5.0,uM,812,1958588.0
plate6,0,smp_2053,77,CVCL_1731,48,Sinomenine__5__uM,False,,Sinomenine,5.0,uM,1210,3023866.0
plate6,0,smp_2053,77,CVCL_C466,49,Sinomenine__5__uM,False,,Sinomenine,5.0,uM,1635,2739951.0
plate6,0,smp_1989,78,CVCL_0023,0,Sodium Salicylate__5__uM,False,,Sodium Salicylate,5.0,uM,1487,3319669.0
plate6,0,smp_1989,78,CVCL_0028,1,Sodium Salicylate__5__uM,False,,Sodium Salicylate,5.0,uM,483,761863.0
plate6,0,smp_1989,78,CVCL_0069,2,Sodium Salicylate__5__uM,False,,Sodium Salicylate,5.0,uM,849,2111171.0
plate6,0,smp_1989,78,CVCL_0099,3,Sodium Salicylate__5__uM,False,,Sodium Salicylate,5.0,uM,525,990998.0
plate6,0,smp_1989,78,CVCL_0131,4,Sodium Salicylate__5__uM,False,,Sodium Salicylate,5.0,uM,1448,4685379.0
plate6,0,smp_1989,78,CVCL_0152,5,Sodium Salicylate__5__uM,False,,Sodium Salicylate,5.0,uM,1689,3557567.0
plate6,0,smp_1989,78,CVCL_0179,6,Sodium Salicylate__5__uM,False,,Sodium Salicylate,5.0,uM,776,2393862.0
plate6,0,smp_1989,78,CVCL_0218,7,Sodium Salicylate__5__uM,False,,Sodium Salicylate,5.0,uM,824,1552126.0
plate6,0,smp_1989,78,CVCL_0292,8,Sodium Salicylate__5__uM,False,,Sodium Salicylate,5.0,uM,910,1421097.0
plate6,0,smp_1989,78,CVCL_0293,9,Sodium Salicylate__5__uM,False,,Sodium Salicylate,5.0,uM,1623,5321451.0
plate6,0,smp_1989,78,CVCL_0320,10,Sodium Salicylate__5__uM,False,,Sodium Salicylate,5.0,uM,1091,2929486.0
plate6,0,smp_1989,78,CVCL_0332,11,Sodium Salicylate__5__uM,False,,Sodium Salicylate,5.0,uM,891,2869309.0
plate6,0,smp_1989,78,CVCL_0334,12,Sodium Salicylate__5__uM,False,,Sodium Salicylate,5.0,uM,612,1190846.0
plate6,0,smp_1989,78,CVCL_0359,13,Sodium Salicylate__5__uM,False,,Sodium Salicylate,5.0,uM,1415,4079385.0
plate6,0,smp_1989,78,CVCL_0366,14,Sodium Salicylate__5__uM,False,,Sodium Salicylate,5.0,uM,886,3090622.0
plate6,0,smp_1989,78,CVCL_0371,15,Sodium Salicylate__5__uM,False,,Sodium Salicylate,5.0,uM,1268,3454802.0
plate6,0,smp_1989,78,CVCL_0397,16,Sodium Salicylate__5__uM,False,,Sodium Salicylate,5.0,uM,845,2774349.0
plate6,0,smp_1989,78,CVCL_0399,17,Sodium Salicylate__5__uM,False,,Sodium Salicylate,5.0,uM,1921,5153388.0
plate6,0,smp_1989,78,CVCL_0428,18,Sodium Salicylate__5__uM,False,,Sodium Salicylate,5.0,uM,738,1981263.0
plate6,0,smp_1989,78,CVCL_0459,19,Sodium Salicylate__5__uM,False,,Sodium Salicylate,5.0,uM,2651,5020813.0
plate6,0,smp_1989,78,CVCL_0480,20,Sodium Salicylate__5__uM,False,,Sodium Salicylate,5.0,uM,1764,6487215.0
plate6,0,smp_1989,78,CVCL_0504,21,Sodium Salicylate__5__uM,False,,Sodium Salicylate,5.0,uM,1495,2751291.0
plate6,0,smp_1989,78,CVCL_0546,22,Sodium Salicylate__5__uM,False,,Sodium Salicylate,5.0,uM,3316,7087409.0
plate6,0,smp_1989,78,CVCL_1055,23,Sodium Salicylate__5__uM,False,,Sodium Salicylate,5.0,uM,837,3296095.0
plate6,0,smp_1989,78,CVCL_1056,24,Sodium Salicylate__5__uM,False,,Sodium Salicylate,5.0,uM,1355,5251469.0
plate6,0,smp_1989,78,CVCL_1094,25,Sodium Salicylate__5__uM,False,,Sodium Salicylate,5.0,uM,1103,2133072.0
plate6,0,smp_1989,78,CVCL_1097,26,Sodium Salicylate__5__uM,False,,Sodium Salicylate,5.0,uM,1249,2629619.0
plate6,0,smp_1989,78,CVCL_1098,27,Sodium Salicylate__5__uM,False,,Sodium Salicylate,5.0,uM,1018,1866798.0
plate6,0,smp_1989,78,CVCL_1119,28,Sodium Salicylate__5__uM,False,,Sodium Salicylate,5.0,uM,1228,3342438.0
plate6,0,smp_1989,78,CVCL_1125,29,Sodium Salicylate__5__uM,False,,Sodium Salicylate,5.0,uM,222,336120.0
plate6,0,smp_1989,78,CVCL_1239,30,Sodium Salicylate__5__uM,False,,Sodium Salicylate,5.0,uM,448,940848.0
plate6,0,smp_1989,78,CVCL_1285,31,Sodium Salicylate__5__uM,False,,Sodium Salicylate,5.0,uM,1683,4201664.0
plate6,0,smp_1989,78,CVCL_1381,32,Sodium Salicylate__5__uM,False,,Sodium Salicylate,5.0,uM,1219,3041890.0
plate6,0,smp_1989,78,CVCL_1478,33,Sodium Salicylate__5__uM,False,,Sodium Salicylate,5.0,uM,1403,4041135.0
plate6,0,smp_1989,78,CVCL_1495,34,Sodium Salicylate__5__uM,False,,Sodium Salicylate,5.0,uM,926,2338865.0
plate6,0,smp_1989,78,CVCL_1517,35,Sodium Salicylate__5__uM,False,,Sodium Salicylate,5.0,uM,1162,4693926.0
plate6,0,smp_1989,78,CVCL_1531,36,Sodium Salicylate__5__uM,False,,Sodium Salicylate,5.0,uM,19,32902.0
plate6,0,smp_1989,78,CVCL_1547,37,Sodium Salicylate__5__uM,False,,Sodium Salicylate,5.0,uM,1154,3099639.0
plate6,0,smp_1989,78,CVCL_1550,38,Sodium Salicylate__5__uM,False,,Sodium Salicylate,5.0,uM,1248,5322382.0
plate6,0,smp_1989,78,CVCL_1571,39,Sodium Salicylate__5__uM,False,,Sodium Salicylate,5.0,uM,17,16281.0
plate6,0,smp_1989,78,CVCL_1577,40,Sodium Salicylate__5__uM,False,,Sodium Salicylate,5.0,uM,66,248005.0
plate6,0,smp_1989,78,CVCL_1635,41,Sodium Salicylate__5__uM,False,,Sodium Salicylate,5.0,uM,903,2487118.0
plate6,0,smp_1989,78,CVCL_1666,42,Sodium Salicylate__5__uM,False,,Sodium Salicylate,5.0,uM,976,1762631.0
plate6,0,smp_1989,78,CVCL_1693,43,Sodium Salicylate__5__uM,False,,Sodium Salicylate,5.0,uM,857,1502933.0
plate6,0,smp_1989,78,CVCL_1715,44,Sodium Salicylate__5__uM,False,,Sodium Salicylate,5.0,uM,103,213306.0
plate6,0,smp_1989,78,CVCL_1716,45,Sodium Salicylate__5__uM,False,,Sodium Salicylate,5.0,uM,171,260871.0
plate6,0,smp_1989,78,CVCL_1717,46,Sodium Salicylate__5__uM,False,,Sodium Salicylate,5.0,uM,1068,3545459.0
plate6,0,smp_1989,78,CVCL_1724,47,Sodium Salicylate__5__uM,False,,Sodium Salicylate,5.0,uM,628,1300652.0
plate6,0,smp_1989,78,CVCL_1731,48,Sodium Salicylate__5__uM,False,,Sodium Salicylate,5.0,uM,785,1823723.0
plate6,0,smp_1989,78,CVCL_C466,49,Sodium Salicylate__5__uM,False,,Sodium Salicylate,5.0,uM,1242,2062626.0
plate6,0,smp_2025,79,CVCL_0023,0,Sulfisoxazole__5__uM,False,,Sulfisoxazole,5.0,uM,2386,4801174.0
plate6,0,smp_2025,79,CVCL_0028,1,Sulfisoxazole__5__uM,False,,Sulfisoxazole,5.0,uM,695,972863.0
plate6,0,smp_2025,79,CVCL_0069,2,Sulfisoxazole__5__uM,False,,Sulfisoxazole,5.0,uM,1228,2659155.0
plate6,0,smp_2025,79,CVCL_0099,3,Sulfisoxazole__5__uM,False,,Sulfisoxazole,5.0,uM,648,1053951.0
plate6,0,smp_2025,79,CVCL_0131,4,Sulfisoxazole__5__uM,False,,Sulfisoxazole,5.0,uM,2188,6042498.0
plate6,0,smp_2025,79,CVCL_0152,5,Sulfisoxazole__5__uM,False,,Sulfisoxazole,5.0,uM,2173,4274868.0
plate6,0,smp_2025,79,CVCL_0179,6,Sulfisoxazole__5__uM,False,,Sulfisoxazole,5.0,uM,987,2751662.0
plate6,0,smp_2025,79,CVCL_0218,7,Sulfisoxazole__5__uM,False,,Sulfisoxazole,5.0,uM,947,1620348.0
plate6,0,smp_2025,79,CVCL_0292,8,Sulfisoxazole__5__uM,False,,Sulfisoxazole,5.0,uM,944,1355780.0
plate6,0,smp_2025,79,CVCL_0293,9,Sulfisoxazole__5__uM,False,,Sulfisoxazole,5.0,uM,2102,6209670.0
plate6,0,smp_2025,79,CVCL_0320,10,Sulfisoxazole__5__uM,False,,Sulfisoxazole,5.0,uM,1559,3891861.0
plate6,0,smp_2025,79,CVCL_0332,11,Sulfisoxazole__5__uM,False,,Sulfisoxazole,5.0,uM,1119,2978310.0
plate6,0,smp_2025,79,CVCL_0334,12,Sulfisoxazole__5__uM,False,,Sulfisoxazole,5.0,uM,785,1551321.0
plate6,0,smp_2025,79,CVCL_0359,13,Sulfisoxazole__5__uM,False,,Sulfisoxazole,5.0,uM,2228,5576965.0
plate6,0,smp_2025,79,CVCL_0366,14,Sulfisoxazole__5__uM,False,,Sulfisoxazole,5.0,uM,1317,4039148.0
plate6,0,smp_2025,79,CVCL_0371,15,Sulfisoxazole__5__uM,False,,Sulfisoxazole,5.0,uM,1549,3634006.0
plate6,0,smp_2025,79,CVCL_0397,16,Sulfisoxazole__5__uM,False,,Sulfisoxazole,5.0,uM,1164,3283918.0
plate6,0,smp_2025,79,CVCL_0399,17,Sulfisoxazole__5__uM,False,,Sulfisoxazole,5.0,uM,2600,6192290.0
plate6,0,smp_2025,79,CVCL_0428,18,Sulfisoxazole__5__uM,False,,Sulfisoxazole,5.0,uM,1195,2906019.0
plate6,0,smp_2025,79,CVCL_0459,19,Sulfisoxazole__5__uM,False,,Sulfisoxazole,5.0,uM,3606,6103807.0
plate6,0,smp_2025,79,CVCL_0480,20,Sulfisoxazole__5__uM,False,,Sulfisoxazole,5.0,uM,2411,7571244.0
plate6,0,smp_2025,79,CVCL_0504,21,Sulfisoxazole__5__uM,False,,Sulfisoxazole,5.0,uM,1975,3210735.0
plate6,0,smp_2025,79,CVCL_0546,22,Sulfisoxazole__5__uM,False,,Sulfisoxazole,5.0,uM,3929,7495525.0
plate6,0,smp_2025,79,CVCL_1055,23,Sulfisoxazole__5__uM,False,,Sulfisoxazole,5.0,uM,1261,4560969.0
plate6,0,smp_2025,79,CVCL_1056,24,Sulfisoxazole__5__uM,False,,Sulfisoxazole,5.0,uM,1960,6842667.0
plate6,0,smp_2025,79,CVCL_1094,25,Sulfisoxazole__5__uM,False,,Sulfisoxazole,5.0,uM,1359,2396101.0
plate6,0,smp_2025,79,CVCL_1097,26,Sulfisoxazole__5__uM,False,,Sulfisoxazole,5.0,uM,1633,2915088.0
plate6,0,smp_2025,79,CVCL_1098,27,Sulfisoxazole__5__uM,False,,Sulfisoxazole,5.0,uM,1228,2161700.0
plate6,0,smp_2025,79,CVCL_1119,28,Sulfisoxazole__5__uM,False,,Sulfisoxazole,5.0,uM,1733,4136548.0
plate6,0,smp_2025,79,CVCL_1125,29,Sulfisoxazole__5__uM,False,,Sulfisoxazole,5.0,uM,313,441031.0
plate6,0,smp_2025,79,CVCL_1239,30,Sulfisoxazole__5__uM,False,,Sulfisoxazole,5.0,uM,644,1148196.0
plate6,0,smp_2025,79,CVCL_1285,31,Sulfisoxazole__5__uM,False,,Sulfisoxazole,5.0,uM,2487,5151319.0
plate6,0,smp_2025,79,CVCL_1381,32,Sulfisoxazole__5__uM,False,,Sulfisoxazole,5.0,uM,1648,3648274.0
plate6,0,smp_2025,79,CVCL_1478,33,Sulfisoxazole__5__uM,False,,Sulfisoxazole,5.0,uM,1682,4556359.0
plate6,0,smp_2025,79,CVCL_1495,34,Sulfisoxazole__5__uM,False,,Sulfisoxazole,5.0,uM,1338,2880934.0
plate6,0,smp_2025,79,CVCL_1517,35,Sulfisoxazole__5__uM,False,,Sulfisoxazole,5.0,uM,1605,5489430.0
plate6,0,smp_2025,79,CVCL_1531,36,Sulfisoxazole__5__uM,False,,Sulfisoxazole,5.0,uM,18,22306.0
plate6,0,smp_2025,79,CVCL_1547,37,Sulfisoxazole__5__uM,False,,Sulfisoxazole,5.0,uM,1573,3760797.0
plate6,0,smp_2025,79,CVCL_1550,38,Sulfisoxazole__5__uM,False,,Sulfisoxazole,5.0,uM,1812,7042781.0
plate6,0,smp_2025,79,CVCL_1571,39,Sulfisoxazole__5__uM,False,,Sulfisoxazole,5.0,uM,11,10062.0
plate6,0,smp_2025,79,CVCL_1577,40,Sulfisoxazole__5__uM,False,,Sulfisoxazole,5.0,uM,85,368974.0
plate6,0,smp_2025,79,CVCL_1635,41,Sulfisoxazole__5__uM,False,,Sulfisoxazole,5.0,uM,1273,3098598.0
plate6,0,smp_2025,79,CVCL_1666,42,Sulfisoxazole__5__uM,False,,Sulfisoxazole,5.0,uM,1248,2041895.0
plate6,0,smp_2025,79,CVCL_1693,43,Sulfisoxazole__5__uM,False,,Sulfisoxazole,5.0,uM,1136,1929893.0
plate6,0,smp_2025,79,CVCL_1715,44,Sulfisoxazole__5__uM,False,,Sulfisoxazole,5.0,uM,153,259664.0
plate6,0,smp_2025,79,CVCL_1716,45,Sulfisoxazole__5__uM,False,,Sulfisoxazole,5.0,uM,161,264108.0
plate6,0,smp_2025,79,CVCL_1717,46,Sulfisoxazole__5__uM,False,,Sulfisoxazole,5.0,uM,1352,3916683.0
plate6,0,smp_2025,79,CVCL_1724,47,Sulfisoxazole__5__uM,False,,Sulfisoxazole,5.0,uM,699,1315311.0
plate6,0,smp_2025,79,CVCL_1731,48,Sulfisoxazole__5__uM,False,,Sulfisoxazole,5.0,uM,1086,2152355.0
plate6,0,smp_2025,79,CVCL_C466,49,Sulfisoxazole__5__uM,False,,Sulfisoxazole,5.0,uM,1479,2176544.0
plate6,0,smp_1994,80,CVCL_0023,0,Temsirolimus__5__uM,False,,Temsirolimus,5.0,uM,1925,4005557.0
plate6,0,smp_1994,80,CVCL_0028,1,Temsirolimus__5__uM,False,,Temsirolimus,5.0,uM,515,729107.0
plate6,0,smp_1994,80,CVCL_0069,2,Temsirolimus__5__uM,False,,Temsirolimus,5.0,uM,991,2293546.0
plate6,0,smp_1994,80,CVCL_0099,3,Temsirolimus__5__uM,False,,Temsirolimus,5.0,uM,484,842472.0
plate6,0,smp_1994,80,CVCL_0131,4,Temsirolimus__5__uM,False,,Temsirolimus,5.0,uM,1673,4654187.0
plate6,0,smp_1994,80,CVCL_0152,5,Temsirolimus__5__uM,False,,Temsirolimus,5.0,uM,1935,4175946.0
plate6,0,smp_1994,80,CVCL_0179,6,Temsirolimus__5__uM,False,,Temsirolimus,5.0,uM,845,2372390.0
plate6,0,smp_1994,80,CVCL_0218,7,Temsirolimus__5__uM,False,,Temsirolimus,5.0,uM,801,1426064.0
plate6,0,smp_1994,80,CVCL_0292,8,Temsirolimus__5__uM,False,,Temsirolimus,5.0,uM,893,1304927.0
plate6,0,smp_1994,80,CVCL_0293,9,Temsirolimus__5__uM,False,,Temsirolimus,5.0,uM,1884,5857561.0
plate6,0,smp_1994,80,CVCL_0320,10,Temsirolimus__5__uM,False,,Temsirolimus,5.0,uM,1415,3796011.0
plate6,0,smp_1994,80,CVCL_0332,11,Temsirolimus__5__uM,False,,Temsirolimus,5.0,uM,945,2755516.0
plate6,0,smp_1994,80,CVCL_0334,12,Temsirolimus__5__uM,False,,Temsirolimus,5.0,uM,731,1494927.0
plate6,0,smp_1994,80,CVCL_0359,13,Temsirolimus__5__uM,False,,Temsirolimus,5.0,uM,1733,4352606.0
plate6,0,smp_1994,80,CVCL_0366,14,Temsirolimus__5__uM,False,,Temsirolimus,5.0,uM,904,2831813.0
plate6,0,smp_1994,80,CVCL_0371,15,Temsirolimus__5__uM,False,,Temsirolimus,5.0,uM,1501,3586958.0
plate6,0,smp_1994,80,CVCL_0397,16,Temsirolimus__5__uM,False,,Temsirolimus,5.0,uM,934,2780046.0
plate6,0,smp_1994,80,CVCL_0399,17,Temsirolimus__5__uM,False,,Temsirolimus,5.0,uM,2099,5656253.0
plate6,0,smp_1994,80,CVCL_0428,18,Temsirolimus__5__uM,False,,Temsirolimus,5.0,uM,863,2135516.0
plate6,0,smp_1994,80,CVCL_0459,19,Temsirolimus__5__uM,False,,Temsirolimus,5.0,uM,2957,5250257.0
plate6,0,smp_1994,80,CVCL_0480,20,Temsirolimus__5__uM,False,,Temsirolimus,5.0,uM,1849,6542923.0
plate6,0,smp_1994,80,CVCL_0504,21,Temsirolimus__5__uM,False,,Temsirolimus,5.0,uM,1538,2622623.0
plate6,0,smp_1994,80,CVCL_0546,22,Temsirolimus__5__uM,False,,Temsirolimus,5.0,uM,3460,6906171.0
plate6,0,smp_1994,80,CVCL_1055,23,Temsirolimus__5__uM,False,,Temsirolimus,5.0,uM,1254,4744679.0
plate6,0,smp_1994,80,CVCL_1056,24,Temsirolimus__5__uM,False,,Temsirolimus,5.0,uM,1549,5583064.0
plate6,0,smp_1994,80,CVCL_1094,25,Temsirolimus__5__uM,False,,Temsirolimus,5.0,uM,1071,1831682.0
plate6,0,smp_1994,80,CVCL_1097,26,Temsirolimus__5__uM,False,,Temsirolimus,5.0,uM,1422,2711250.0
plate6,0,smp_1994,80,CVCL_1098,27,Temsirolimus__5__uM,False,,Temsirolimus,5.0,uM,1270,2309402.0
plate6,0,smp_1994,80,CVCL_1119,28,Temsirolimus__5__uM,False,,Temsirolimus,5.0,uM,1418,3620171.0
plate6,0,smp_1994,80,CVCL_1125,29,Temsirolimus__5__uM,False,,Temsirolimus,5.0,uM,283,422707.0
plate6,0,smp_1994,80,CVCL_1239,30,Temsirolimus__5__uM,False,,Temsirolimus,5.0,uM,409,702814.0
plate6,0,smp_1994,80,CVCL_1285,31,Temsirolimus__5__uM,False,,Temsirolimus,5.0,uM,1956,4172166.0
plate6,0,smp_1994,80,CVCL_1381,32,Temsirolimus__5__uM,False,,Temsirolimus,5.0,uM,1501,3382930.0
plate6,0,smp_1994,80,CVCL_1478,33,Temsirolimus__5__uM,False,,Temsirolimus,5.0,uM,1492,4397822.0
plate6,0,smp_1994,80,CVCL_1495,34,Temsirolimus__5__uM,False,,Temsirolimus,5.0,uM,1093,2532365.0
plate6,0,smp_1994,80,CVCL_1517,35,Temsirolimus__5__uM,False,,Temsirolimus,5.0,uM,1370,4785896.0
plate6,0,smp_1994,80,CVCL_1531,36,Temsirolimus__5__uM,False,,Temsirolimus,5.0,uM,30,39383.0
plate6,0,smp_1994,80,CVCL_1547,37,Temsirolimus__5__uM,False,,Temsirolimus,5.0,uM,1310,3243008.0
plate6,0,smp_1994,80,CVCL_1550,38,Temsirolimus__5__uM,False,,Temsirolimus,5.0,uM,1791,7662954.0
plate6,0,smp_1994,80,CVCL_1571,39,Temsirolimus__5__uM,False,,Temsirolimus,5.0,uM,13,13074.0
plate6,0,smp_1994,80,CVCL_1577,40,Temsirolimus__5__uM,False,,Temsirolimus,5.0,uM,73,308001.0
plate6,0,smp_1994,80,CVCL_1635,41,Temsirolimus__5__uM,False,,Temsirolimus,5.0,uM,1042,2662570.0
plate6,0,smp_1994,80,CVCL_1666,42,Temsirolimus__5__uM,False,,Temsirolimus,5.0,uM,1066,1818935.0
plate6,0,smp_1994,80,CVCL_1693,43,Temsirolimus__5__uM,False,,Temsirolimus,5.0,uM,1008,1658521.0
plate6,0,smp_1994,80,CVCL_1715,44,Temsirolimus__5__uM,False,,Temsirolimus,5.0,uM,115,200886.0
plate6,0,smp_1994,80,CVCL_1716,45,Temsirolimus__5__uM,False,,Temsirolimus,5.0,uM,158,269279.0
plate6,0,smp_1994,80,CVCL_1717,46,Temsirolimus__5__uM,False,,Temsirolimus,5.0,uM,1391,4420462.0
plate6,0,smp_1994,80,CVCL_1724,47,Temsirolimus__5__uM,False,,Temsirolimus,5.0,uM,626,1283802.0
plate6,0,smp_1994,80,CVCL_1731,48,Temsirolimus__5__uM,False,,Temsirolimus,5.0,uM,931,1856176.0
plate6,0,smp_1994,80,CVCL_C466,49,Temsirolimus__5__uM,False,,Temsirolimus,5.0,uM,1253,1871808.0
plate6,0,smp_2006,81,CVCL_0023,0,Terfenadine__5__uM,False,,Terfenadine,5.0,uM,2154,4010010.0
plate6,0,smp_2006,81,CVCL_0028,1,Terfenadine__5__uM,False,,Terfenadine,5.0,uM,411,618088.0
plate6,0,smp_2006,81,CVCL_0069,2,Terfenadine__5__uM,False,,Terfenadine,5.0,uM,984,2100419.0
plate6,0,smp_2006,81,CVCL_0099,3,Terfenadine__5__uM,False,,Terfenadine,5.0,uM,624,1019659.0
plate6,0,smp_2006,81,CVCL_0131,4,Terfenadine__5__uM,False,,Terfenadine,5.0,uM,1565,3851878.0
plate6,0,smp_2006,81,CVCL_0152,5,Terfenadine__5__uM,False,,Terfenadine,5.0,uM,2309,4357254.0
plate6,0,smp_2006,81,CVCL_0179,6,Terfenadine__5__uM,False,,Terfenadine,5.0,uM,1006,2991883.0
plate6,0,smp_2006,81,CVCL_0218,7,Terfenadine__5__uM,False,,Terfenadine,5.0,uM,1285,2045372.0
plate6,0,smp_2006,81,CVCL_0292,8,Terfenadine__5__uM,False,,Terfenadine,5.0,uM,1061,1394490.0
plate6,0,smp_2006,81,CVCL_0293,9,Terfenadine__5__uM,False,,Terfenadine,5.0,uM,2275,6600550.0
plate6,0,smp_2006,81,CVCL_0320,10,Terfenadine__5__uM,False,,Terfenadine,5.0,uM,2029,4488252.0
plate6,0,smp_2006,81,CVCL_0332,11,Terfenadine__5__uM,False,,Terfenadine,5.0,uM,944,2566887.0
plate6,0,smp_2006,81,CVCL_0334,12,Terfenadine__5__uM,False,,Terfenadine,5.0,uM,810,1554613.0
plate6,0,smp_2006,81,CVCL_0359,13,Terfenadine__5__uM,False,,Terfenadine,5.0,uM,1125,2649806.0
plate6,0,smp_2006,81,CVCL_0366,14,Terfenadine__5__uM,False,,Terfenadine,5.0,uM,704,2106168.0
plate6,0,smp_2006,81,CVCL_0371,15,Terfenadine__5__uM,False,,Terfenadine,5.0,uM,1990,4529145.0
plate6,0,smp_2006,81,CVCL_0397,16,Terfenadine__5__uM,False,,Terfenadine,5.0,uM,1585,4227433.0
plate6,0,smp_2006,81,CVCL_0399,17,Terfenadine__5__uM,False,,Terfenadine,5.0,uM,2639,6020885.0
plate6,0,smp_2006,81,CVCL_0428,18,Terfenadine__5__uM,False,,Terfenadine,5.0,uM,684,1632988.0
plate6,0,smp_2006,81,CVCL_0459,19,Terfenadine__5__uM,False,,Terfenadine,5.0,uM,3566,5970180.0
plate6,0,smp_2006,81,CVCL_0480,20,Terfenadine__5__uM,False,,Terfenadine,5.0,uM,1797,5859536.0
plate6,0,smp_2006,81,CVCL_0504,21,Terfenadine__5__uM,False,,Terfenadine,5.0,uM,1668,2630904.0
plate6,0,smp_2006,81,CVCL_0546,22,Terfenadine__5__uM,False,,Terfenadine,5.0,uM,4298,7889512.0
plate6,0,smp_2006,81,CVCL_1055,23,Terfenadine__5__uM,False,,Terfenadine,5.0,uM,801,2932820.0
plate6,0,smp_2006,81,CVCL_1056,24,Terfenadine__5__uM,False,,Terfenadine,5.0,uM,1447,4927226.0
plate6,0,smp_2006,81,CVCL_1094,25,Terfenadine__5__uM,False,,Terfenadine,5.0,uM,1041,1758214.0
plate6,0,smp_2006,81,CVCL_1097,26,Terfenadine__5__uM,False,,Terfenadine,5.0,uM,1562,2640057.0
plate6,0,smp_2006,81,CVCL_1098,27,Terfenadine__5__uM,False,,Terfenadine,5.0,uM,1160,2086936.0
plate6,0,smp_2006,81,CVCL_1119,28,Terfenadine__5__uM,False,,Terfenadine,5.0,uM,1590,3900536.0
plate6,0,smp_2006,81,CVCL_1125,29,Terfenadine__5__uM,False,,Terfenadine,5.0,uM,274,376804.0
plate6,0,smp_2006,81,CVCL_1239,30,Terfenadine__5__uM,False,,Terfenadine,5.0,uM,571,1023572.0
plate6,0,smp_2006,81,CVCL_1285,31,Terfenadine__5__uM,False,,Terfenadine,5.0,uM,1940,3832086.0
plate6,0,smp_2006,81,CVCL_1381,32,Terfenadine__5__uM,False,,Terfenadine,5.0,uM,1587,3482192.0
plate6,0,smp_2006,81,CVCL_1478,33,Terfenadine__5__uM,False,,Terfenadine,5.0,uM,1785,4987817.0
plate6,0,smp_2006,81,CVCL_1495,34,Terfenadine__5__uM,False,,Terfenadine,5.0,uM,1199,2355438.0
plate6,0,smp_2006,81,CVCL_1517,35,Terfenadine__5__uM,False,,Terfenadine,5.0,uM,1927,6622523.0
plate6,0,smp_2006,81,CVCL_1531,36,Terfenadine__5__uM,False,,Terfenadine,5.0,uM,23,29207.0
plate6,0,smp_2006,81,CVCL_1547,37,Terfenadine__5__uM,False,,Terfenadine,5.0,uM,1043,2428905.0
plate6,0,smp_2006,81,CVCL_1550,38,Terfenadine__5__uM,False,,Terfenadine,5.0,uM,2024,7937632.0
plate6,0,smp_2006,81,CVCL_1571,39,Terfenadine__5__uM,False,,Terfenadine,5.0,uM,16,15891.0
plate6,0,smp_2006,81,CVCL_1577,40,Terfenadine__5__uM,False,,Terfenadine,5.0,uM,50,167348.0
plate6,0,smp_2006,81,CVCL_1635,41,Terfenadine__5__uM,False,,Terfenadine,5.0,uM,1242,3021166.0
plate6,0,smp_2006,81,CVCL_1666,42,Terfenadine__5__uM,False,,Terfenadine,5.0,uM,1330,2162262.0
plate6,0,smp_2006,81,CVCL_1693,43,Terfenadine__5__uM,False,,Terfenadine,5.0,uM,852,1355449.0
plate6,0,smp_2006,81,CVCL_1715,44,Terfenadine__5__uM,False,,Terfenadine,5.0,uM,132,225203.0
plate6,0,smp_2006,81,CVCL_1716,45,Terfenadine__5__uM,False,,Terfenadine,5.0,uM,126,205723.0
plate6,0,smp_2006,81,CVCL_1717,46,Terfenadine__5__uM,False,,Terfenadine,5.0,uM,1688,4603850.0
plate6,0,smp_2006,81,CVCL_1724,47,Terfenadine__5__uM,False,,Terfenadine,5.0,uM,663,1249621.0
plate6,0,smp_2006,81,CVCL_1731,48,Terfenadine__5__uM,False,,Terfenadine,5.0,uM,1109,2061665.0
plate6,0,smp_2006,81,CVCL_C466,49,Terfenadine__5__uM,False,,Terfenadine,5.0,uM,1484,2039176.0
plate6,0,smp_2016,82,CVCL_0023,0,Thymol__5__uM,False,,Thymol,5.0,uM,1385,2819014.0
plate6,0,smp_2016,82,CVCL_0028,1,Thymol__5__uM,False,,Thymol,5.0,uM,505,751429.0
plate6,0,smp_2016,82,CVCL_0069,2,Thymol__5__uM,False,,Thymol,5.0,uM,791,1945398.0
plate6,0,smp_2016,82,CVCL_0099,3,Thymol__5__uM,False,,Thymol,5.0,uM,465,830243.0
plate6,0,smp_2016,82,CVCL_0131,4,Thymol__5__uM,False,,Thymol,5.0,uM,1440,4146620.0
plate6,0,smp_2016,82,CVCL_0152,5,Thymol__5__uM,False,,Thymol,5.0,uM,1475,3043849.0
plate6,0,smp_2016,82,CVCL_0179,6,Thymol__5__uM,False,,Thymol,5.0,uM,615,1929863.0
plate6,0,smp_2016,82,CVCL_0218,7,Thymol__5__uM,False,,Thymol,5.0,uM,746,1487544.0
plate6,0,smp_2016,82,CVCL_0292,8,Thymol__5__uM,False,,Thymol,5.0,uM,688,1059305.0
plate6,0,smp_2016,82,CVCL_0293,9,Thymol__5__uM,False,,Thymol,5.0,uM,1188,4235796.0
plate6,0,smp_2016,82,CVCL_0320,10,Thymol__5__uM,False,,Thymol,5.0,uM,981,2604155.0
plate6,0,smp_2016,82,CVCL_0332,11,Thymol__5__uM,False,,Thymol,5.0,uM,691,2135827.0
plate6,0,smp_2016,82,CVCL_0334,12,Thymol__5__uM,False,,Thymol,5.0,uM,571,1247064.0
plate6,0,smp_2016,82,CVCL_0359,13,Thymol__5__uM,False,,Thymol,5.0,uM,1373,3851389.0
plate6,0,smp_2016,82,CVCL_0366,14,Thymol__5__uM,False,,Thymol,5.0,uM,757,2528914.0
plate6,0,smp_2016,82,CVCL_0371,15,Thymol__5__uM,False,,Thymol,5.0,uM,1086,2975036.0
plate6,0,smp_2016,82,CVCL_0397,16,Thymol__5__uM,False,,Thymol,5.0,uM,612,2160313.0
plate6,0,smp_2016,82,CVCL_0399,17,Thymol__5__uM,False,,Thymol,5.0,uM,1546,4522160.0
plate6,0,smp_2016,82,CVCL_0428,18,Thymol__5__uM,False,,Thymol,5.0,uM,654,1721553.0
plate6,0,smp_2016,82,CVCL_0459,19,Thymol__5__uM,False,,Thymol,5.0,uM,2208,4015611.0
plate6,0,smp_2016,82,CVCL_0480,20,Thymol__5__uM,False,,Thymol,5.0,uM,1468,5249597.0
plate6,0,smp_2016,82,CVCL_0504,21,Thymol__5__uM,False,,Thymol,5.0,uM,1268,2226877.0
plate6,0,smp_2016,82,CVCL_0546,22,Thymol__5__uM,False,,Thymol,5.0,uM,2727,5581292.0
plate6,0,smp_2016,82,CVCL_1055,23,Thymol__5__uM,False,,Thymol,5.0,uM,919,3846601.0
plate6,0,smp_2016,82,CVCL_1056,24,Thymol__5__uM,False,,Thymol,5.0,uM,1148,4266415.0
plate6,0,smp_2016,82,CVCL_1094,25,Thymol__5__uM,False,,Thymol,5.0,uM,910,1679125.0
plate6,0,smp_2016,82,CVCL_1097,26,Thymol__5__uM,False,,Thymol,5.0,uM,1117,2166299.0
plate6,0,smp_2016,82,CVCL_1098,27,Thymol__5__uM,False,,Thymol,5.0,uM,945,1731568.0
plate6,0,smp_2016,82,CVCL_1119,28,Thymol__5__uM,False,,Thymol,5.0,uM,962,2625827.0
plate6,0,smp_2016,82,CVCL_1125,29,Thymol__5__uM,False,,Thymol,5.0,uM,175,244015.0
plate6,0,smp_2016,82,CVCL_1239,30,Thymol__5__uM,False,,Thymol,5.0,uM,403,764203.0
plate6,0,smp_2016,82,CVCL_1285,31,Thymol__5__uM,False,,Thymol,5.0,uM,1481,3521079.0
plate6,0,smp_2016,82,CVCL_1381,32,Thymol__5__uM,False,,Thymol,5.0,uM,1126,2753992.0
plate6,0,smp_2016,82,CVCL_1478,33,Thymol__5__uM,False,,Thymol,5.0,uM,1013,3182417.0
plate6,0,smp_2016,82,CVCL_1495,34,Thymol__5__uM,False,,Thymol,5.0,uM,805,1844333.0
plate6,0,smp_2016,82,CVCL_1517,35,Thymol__5__uM,False,,Thymol,5.0,uM,958,3941538.0
plate6,0,smp_2016,82,CVCL_1531,36,Thymol__5__uM,False,,Thymol,5.0,uM,6,8099.0
plate6,0,smp_2016,82,CVCL_1547,37,Thymol__5__uM,False,,Thymol,5.0,uM,960,2425081.0
plate6,0,smp_2016,82,CVCL_1550,38,Thymol__5__uM,False,,Thymol,5.0,uM,1081,4773119.0
plate6,0,smp_2016,82,CVCL_1571,39,Thymol__5__uM,False,,Thymol,5.0,uM,4,3739.0
plate6,0,smp_2016,82,CVCL_1577,40,Thymol__5__uM,False,,Thymol,5.0,uM,57,324770.0
plate6,0,smp_2016,82,CVCL_1635,41,Thymol__5__uM,False,,Thymol,5.0,uM,729,1856352.0
plate6,0,smp_2016,82,CVCL_1666,42,Thymol__5__uM,False,,Thymol,5.0,uM,846,1421317.0
plate6,0,smp_2016,82,CVCL_1693,43,Thymol__5__uM,False,,Thymol,5.0,uM,853,1410706.0
plate6,0,smp_2016,82,CVCL_1715,44,Thymol__5__uM,False,,Thymol,5.0,uM,56,126730.0
plate6,0,smp_2016,82,CVCL_1716,45,Thymol__5__uM,False,,Thymol,5.0,uM,79,139218.0
plate6,0,smp_2016,82,CVCL_1717,46,Thymol__5__uM,False,,Thymol,5.0,uM,884,2949055.0
plate6,0,smp_2016,82,CVCL_1724,47,Thymol__5__uM,False,,Thymol,5.0,uM,446,942262.0
plate6,0,smp_2016,82,CVCL_1731,48,Thymol__5__uM,False,,Thymol,5.0,uM,691,1548141.0
plate6,0,smp_2016,82,CVCL_C466,49,Thymol__5__uM,False,,Thymol,5.0,uM,1070,1663227.0
plate6,0,smp_2015,83,CVCL_0023,0,Tofacitinib (citrate)__5__uM,False,,Tofacitinib (citrate),5.0,uM,1597,3392684.0
plate6,0,smp_2015,83,CVCL_0028,1,Tofacitinib (citrate)__5__uM,False,,Tofacitinib (citrate),5.0,uM,618,979068.0
plate6,0,smp_2015,83,CVCL_0069,2,Tofacitinib (citrate)__5__uM,False,,Tofacitinib (citrate),5.0,uM,968,2382375.0
plate6,0,smp_2015,83,CVCL_0099,3,Tofacitinib (citrate)__5__uM,False,,Tofacitinib (citrate),5.0,uM,531,932001.0
plate6,0,smp_2015,83,CVCL_0131,4,Tofacitinib (citrate)__5__uM,False,,Tofacitinib (citrate),5.0,uM,1521,4507842.0
plate6,0,smp_2015,83,CVCL_0152,5,Tofacitinib (citrate)__5__uM,False,,Tofacitinib (citrate),5.0,uM,1632,3708857.0
plate6,0,smp_2015,83,CVCL_0179,6,Tofacitinib (citrate)__5__uM,False,,Tofacitinib (citrate),5.0,uM,820,2540175.0
plate6,0,smp_2015,83,CVCL_0218,7,Tofacitinib (citrate)__5__uM,False,,Tofacitinib (citrate),5.0,uM,776,1437139.0
plate6,0,smp_2015,83,CVCL_0292,8,Tofacitinib (citrate)__5__uM,False,,Tofacitinib (citrate),5.0,uM,828,1299890.0
plate6,0,smp_2015,83,CVCL_0293,9,Tofacitinib (citrate)__5__uM,False,,Tofacitinib (citrate),5.0,uM,1676,5776253.0
plate6,0,smp_2015,83,CVCL_0320,10,Tofacitinib (citrate)__5__uM,False,,Tofacitinib (citrate),5.0,uM,1099,2886389.0
plate6,0,smp_2015,83,CVCL_0332,11,Tofacitinib (citrate)__5__uM,False,,Tofacitinib (citrate),5.0,uM,845,2636355.0
plate6,0,smp_2015,83,CVCL_0334,12,Tofacitinib (citrate)__5__uM,False,,Tofacitinib (citrate),5.0,uM,646,1380073.0
plate6,0,smp_2015,83,CVCL_0359,13,Tofacitinib (citrate)__5__uM,False,,Tofacitinib (citrate),5.0,uM,1669,4700852.0
plate6,0,smp_2015,83,CVCL_0366,14,Tofacitinib (citrate)__5__uM,False,,Tofacitinib (citrate),5.0,uM,986,3365677.0
plate6,0,smp_2015,83,CVCL_0371,15,Tofacitinib (citrate)__5__uM,False,,Tofacitinib (citrate),5.0,uM,1144,2924051.0
plate6,0,smp_2015,83,CVCL_0397,16,Tofacitinib (citrate)__5__uM,False,,Tofacitinib (citrate),5.0,uM,771,2613001.0
plate6,0,smp_2015,83,CVCL_0399,17,Tofacitinib (citrate)__5__uM,False,,Tofacitinib (citrate),5.0,uM,1733,5165197.0
plate6,0,smp_2015,83,CVCL_0428,18,Tofacitinib (citrate)__5__uM,False,,Tofacitinib (citrate),5.0,uM,826,2234391.0
plate6,0,smp_2015,83,CVCL_0459,19,Tofacitinib (citrate)__5__uM,False,,Tofacitinib (citrate),5.0,uM,2602,4953659.0
plate6,0,smp_2015,83,CVCL_0480,20,Tofacitinib (citrate)__5__uM,False,,Tofacitinib (citrate),5.0,uM,1774,6397547.0
plate6,0,smp_2015,83,CVCL_0504,21,Tofacitinib (citrate)__5__uM,False,,Tofacitinib (citrate),5.0,uM,1588,2807967.0
plate6,0,smp_2015,83,CVCL_0546,22,Tofacitinib (citrate)__5__uM,False,,Tofacitinib (citrate),5.0,uM,2993,6300507.0
plate6,0,smp_2015,83,CVCL_1055,23,Tofacitinib (citrate)__5__uM,False,,Tofacitinib (citrate),5.0,uM,946,3517948.0
plate6,0,smp_2015,83,CVCL_1056,24,Tofacitinib (citrate)__5__uM,False,,Tofacitinib (citrate),5.0,uM,1443,5695194.0
plate6,0,smp_2015,83,CVCL_1094,25,Tofacitinib (citrate)__5__uM,False,,Tofacitinib (citrate),5.0,uM,1088,2029366.0
plate6,0,smp_2015,83,CVCL_1097,26,Tofacitinib (citrate)__5__uM,False,,Tofacitinib (citrate),5.0,uM,1153,2350280.0
plate6,0,smp_2015,83,CVCL_1098,27,Tofacitinib (citrate)__5__uM,False,,Tofacitinib (citrate),5.0,uM,1031,2030479.0
plate6,0,smp_2015,83,CVCL_1119,28,Tofacitinib (citrate)__5__uM,False,,Tofacitinib (citrate),5.0,uM,1359,3954410.0
plate6,0,smp_2015,83,CVCL_1125,29,Tofacitinib (citrate)__5__uM,False,,Tofacitinib (citrate),5.0,uM,215,347203.0
plate6,0,smp_2015,83,CVCL_1239,30,Tofacitinib (citrate)__5__uM,False,,Tofacitinib (citrate),5.0,uM,421,839922.0
plate6,0,smp_2015,83,CVCL_1285,31,Tofacitinib (citrate)__5__uM,False,,Tofacitinib (citrate),5.0,uM,1798,4268445.0
plate6,0,smp_2015,83,CVCL_1381,32,Tofacitinib (citrate)__5__uM,False,,Tofacitinib (citrate),5.0,uM,1385,3472463.0
plate6,0,smp_2015,83,CVCL_1478,33,Tofacitinib (citrate)__5__uM,False,,Tofacitinib (citrate),5.0,uM,1174,3895812.0
plate6,0,smp_2015,83,CVCL_1495,34,Tofacitinib (citrate)__5__uM,False,,Tofacitinib (citrate),5.0,uM,922,2179764.0
plate6,0,smp_2015,83,CVCL_1517,35,Tofacitinib (citrate)__5__uM,False,,Tofacitinib (citrate),5.0,uM,1198,4698996.0
plate6,0,smp_2015,83,CVCL_1531,36,Tofacitinib (citrate)__5__uM,False,,Tofacitinib (citrate),5.0,uM,20,23195.0
plate6,0,smp_2015,83,CVCL_1547,37,Tofacitinib (citrate)__5__uM,False,,Tofacitinib (citrate),5.0,uM,1230,3264475.0
plate6,0,smp_2015,83,CVCL_1550,38,Tofacitinib (citrate)__5__uM,False,,Tofacitinib (citrate),5.0,uM,1456,6389799.0
plate6,0,smp_2015,83,CVCL_1571,39,Tofacitinib (citrate)__5__uM,False,,Tofacitinib (citrate),5.0,uM,8,6764.0
plate6,0,smp_2015,83,CVCL_1577,40,Tofacitinib (citrate)__5__uM,False,,Tofacitinib (citrate),5.0,uM,84,346802.0
plate6,0,smp_2015,83,CVCL_1635,41,Tofacitinib (citrate)__5__uM,False,,Tofacitinib (citrate),5.0,uM,957,2586079.0
plate6,0,smp_2015,83,CVCL_1666,42,Tofacitinib (citrate)__5__uM,False,,Tofacitinib (citrate),5.0,uM,897,1680131.0
plate6,0,smp_2015,83,CVCL_1693,43,Tofacitinib (citrate)__5__uM,False,,Tofacitinib (citrate),5.0,uM,907,1685528.0
plate6,0,smp_2015,83,CVCL_1715,44,Tofacitinib (citrate)__5__uM,False,,Tofacitinib (citrate),5.0,uM,83,154915.0
plate6,0,smp_2015,83,CVCL_1716,45,Tofacitinib (citrate)__5__uM,False,,Tofacitinib (citrate),5.0,uM,122,202885.0
plate6,0,smp_2015,83,CVCL_1717,46,Tofacitinib (citrate)__5__uM,False,,Tofacitinib (citrate),5.0,uM,1073,3512504.0
plate6,0,smp_2015,83,CVCL_1724,47,Tofacitinib (citrate)__5__uM,False,,Tofacitinib (citrate),5.0,uM,548,1185715.0
plate6,0,smp_2015,83,CVCL_1731,48,Tofacitinib (citrate)__5__uM,False,,Tofacitinib (citrate),5.0,uM,800,1826514.0
plate6,0,smp_2015,83,CVCL_C466,49,Tofacitinib (citrate)__5__uM,False,,Tofacitinib (citrate),5.0,uM,1285,2161351.0
plate6,0,smp_2001,84,CVCL_0023,0,Tofacitinib__5__uM,False,,Tofacitinib,5.0,uM,2313,4118024.0
plate6,0,smp_2001,84,CVCL_0028,1,Tofacitinib__5__uM,False,,Tofacitinib,5.0,uM,644,864131.0
plate6,0,smp_2001,84,CVCL_0069,2,Tofacitinib__5__uM,False,,Tofacitinib,5.0,uM,1331,2805964.0
plate6,0,smp_2001,84,CVCL_0099,3,Tofacitinib__5__uM,False,,Tofacitinib,5.0,uM,657,1003944.0
plate6,0,smp_2001,84,CVCL_0131,4,Tofacitinib__5__uM,False,,Tofacitinib,5.0,uM,2174,5170726.0
plate6,0,smp_2001,84,CVCL_0152,5,Tofacitinib__5__uM,False,,Tofacitinib,5.0,uM,2074,3799016.0
plate6,0,smp_2001,84,CVCL_0179,6,Tofacitinib__5__uM,False,,Tofacitinib,5.0,uM,1178,3063616.0
plate6,0,smp_2001,84,CVCL_0218,7,Tofacitinib__5__uM,False,,Tofacitinib,5.0,uM,1020,1581727.0
plate6,0,smp_2001,84,CVCL_0292,8,Tofacitinib__5__uM,False,,Tofacitinib,5.0,uM,927,1248299.0
plate6,0,smp_2001,84,CVCL_0293,9,Tofacitinib__5__uM,False,,Tofacitinib,5.0,uM,2390,5700831.0
plate6,0,smp_2001,84,CVCL_0320,10,Tofacitinib__5__uM,False,,Tofacitinib,5.0,uM,1503,3260415.0
plate6,0,smp_2001,84,CVCL_0332,11,Tofacitinib__5__uM,False,,Tofacitinib,5.0,uM,1180,2875014.0
plate6,0,smp_2001,84,CVCL_0334,12,Tofacitinib__5__uM,False,,Tofacitinib,5.0,uM,910,1582150.0
plate6,0,smp_2001,84,CVCL_0359,13,Tofacitinib__5__uM,False,,Tofacitinib,5.0,uM,2418,5542449.0
plate6,0,smp_2001,84,CVCL_0366,14,Tofacitinib__5__uM,False,,Tofacitinib,5.0,uM,1352,3540730.0
plate6,0,smp_2001,84,CVCL_0371,15,Tofacitinib__5__uM,False,,Tofacitinib,5.0,uM,1686,3613712.0
plate6,0,smp_2001,84,CVCL_0397,16,Tofacitinib__5__uM,False,,Tofacitinib,5.0,uM,1022,2797357.0
plate6,0,smp_2001,84,CVCL_0399,17,Tofacitinib__5__uM,False,,Tofacitinib,5.0,uM,2555,5835310.0
plate6,0,smp_2001,84,CVCL_0428,18,Tofacitinib__5__uM,False,,Tofacitinib,5.0,uM,1250,2690367.0
plate6,0,smp_2001,84,CVCL_0459,19,Tofacitinib__5__uM,False,,Tofacitinib,5.0,uM,3524,5623716.0
plate6,0,smp_2001,84,CVCL_0480,20,Tofacitinib__5__uM,False,,Tofacitinib,5.0,uM,2650,7324453.0
plate6,0,smp_2001,84,CVCL_0504,21,Tofacitinib__5__uM,False,,Tofacitinib,5.0,uM,2051,3040478.0
plate6,0,smp_2001,84,CVCL_0546,22,Tofacitinib__5__uM,False,,Tofacitinib,5.0,uM,4004,7072221.0
plate6,0,smp_2001,84,CVCL_1055,23,Tofacitinib__5__uM,False,,Tofacitinib,5.0,uM,1273,3753874.0
plate6,0,smp_2001,84,CVCL_1056,24,Tofacitinib__5__uM,False,,Tofacitinib,5.0,uM,2052,6412438.0
plate6,0,smp_2001,84,CVCL_1094,25,Tofacitinib__5__uM,False,,Tofacitinib,5.0,uM,1366,2247876.0
plate6,0,smp_2001,84,CVCL_1097,26,Tofacitinib__5__uM,False,,Tofacitinib,5.0,uM,1524,2513571.0
plate6,0,smp_2001,84,CVCL_1098,27,Tofacitinib__5__uM,False,,Tofacitinib,5.0,uM,1268,2012557.0
plate6,0,smp_2001,84,CVCL_1119,28,Tofacitinib__5__uM,False,,Tofacitinib,5.0,uM,1828,4060312.0
plate6,0,smp_2001,84,CVCL_1125,29,Tofacitinib__5__uM,False,,Tofacitinib,5.0,uM,273,384795.0
plate6,0,smp_2001,84,CVCL_1239,30,Tofacitinib__5__uM,False,,Tofacitinib,5.0,uM,676,1161085.0
plate6,0,smp_2001,84,CVCL_1285,31,Tofacitinib__5__uM,False,,Tofacitinib,5.0,uM,2565,5086697.0
plate6,0,smp_2001,84,CVCL_1381,32,Tofacitinib__5__uM,False,,Tofacitinib,5.0,uM,1672,3420956.0
plate6,0,smp_2001,84,CVCL_1478,33,Tofacitinib__5__uM,False,,Tofacitinib,5.0,uM,1780,4263395.0
plate6,0,smp_2001,84,CVCL_1495,34,Tofacitinib__5__uM,False,,Tofacitinib,5.0,uM,1347,2785955.0
plate6,0,smp_2001,84,CVCL_1517,35,Tofacitinib__5__uM,False,,Tofacitinib,5.0,uM,1828,5759038.0
plate6,0,smp_2001,84,CVCL_1531,36,Tofacitinib__5__uM,False,,Tofacitinib,5.0,uM,32,37838.0
plate6,0,smp_2001,84,CVCL_1547,37,Tofacitinib__5__uM,False,,Tofacitinib,5.0,uM,1744,3715034.0
plate6,0,smp_2001,84,CVCL_1550,38,Tofacitinib__5__uM,False,,Tofacitinib,5.0,uM,2071,7413187.0
plate6,0,smp_2001,84,CVCL_1571,39,Tofacitinib__5__uM,False,,Tofacitinib,5.0,uM,21,19834.0
plate6,0,smp_2001,84,CVCL_1577,40,Tofacitinib__5__uM,False,,Tofacitinib,5.0,uM,120,370943.0
plate6,0,smp_2001,84,CVCL_1635,41,Tofacitinib__5__uM,False,,Tofacitinib,5.0,uM,1304,2794628.0
plate6,0,smp_2001,84,CVCL_1666,42,Tofacitinib__5__uM,False,,Tofacitinib,5.0,uM,1223,1892079.0
plate6,0,smp_2001,84,CVCL_1693,43,Tofacitinib__5__uM,False,,Tofacitinib,5.0,uM,1119,1689839.0
plate6,0,smp_2001,84,CVCL_1715,44,Tofacitinib__5__uM,False,,Tofacitinib,5.0,uM,129,197116.0
plate6,0,smp_2001,84,CVCL_1716,45,Tofacitinib__5__uM,False,,Tofacitinib,5.0,uM,145,216186.0
plate6,0,smp_2001,84,CVCL_1717,46,Tofacitinib__5__uM,False,,Tofacitinib,5.0,uM,1587,4196776.0
plate6,0,smp_2001,84,CVCL_1724,47,Tofacitinib__5__uM,False,,Tofacitinib,5.0,uM,676,1199284.0
plate6,0,smp_2001,84,CVCL_1731,48,Tofacitinib__5__uM,False,,Tofacitinib,5.0,uM,1136,2108447.0
plate6,0,smp_2001,84,CVCL_C466,49,Tofacitinib__5__uM,False,,Tofacitinib,5.0,uM,1529,2136416.0
plate6,0,smp_2005,85,CVCL_0023,0,Tolcapone__5__uM,False,,Tolcapone,5.0,uM,3141,6524606.0
plate6,0,smp_2005,85,CVCL_0028,1,Tolcapone__5__uM,False,,Tolcapone,5.0,uM,646,1023074.0
plate6,0,smp_2005,85,CVCL_0069,2,Tolcapone__5__uM,False,,Tolcapone,5.0,uM,1705,4018961.0
plate6,0,smp_2005,85,CVCL_0099,3,Tolcapone__5__uM,False,,Tolcapone,5.0,uM,901,1598354.0
plate6,0,smp_2005,85,CVCL_0131,4,Tolcapone__5__uM,False,,Tolcapone,5.0,uM,2994,8662877.0
plate6,0,smp_2005,85,CVCL_0152,5,Tolcapone__5__uM,False,,Tolcapone,5.0,uM,3264,6825222.0
plate6,0,smp_2005,85,CVCL_0179,6,Tolcapone__5__uM,False,,Tolcapone,5.0,uM,1656,5218566.0
plate6,0,smp_2005,85,CVCL_0218,7,Tolcapone__5__uM,False,,Tolcapone,5.0,uM,1808,3147823.0
plate6,0,smp_2005,85,CVCL_0292,8,Tolcapone__5__uM,False,,Tolcapone,5.0,uM,1577,2332985.0
plate6,0,smp_2005,85,CVCL_0293,9,Tolcapone__5__uM,False,,Tolcapone,5.0,uM,3346,10329359.0
plate6,0,smp_2005,85,CVCL_0320,10,Tolcapone__5__uM,False,,Tolcapone,5.0,uM,2673,6690504.0
plate6,0,smp_2005,85,CVCL_0332,11,Tolcapone__5__uM,False,,Tolcapone,5.0,uM,1665,4999443.0
plate6,0,smp_2005,85,CVCL_0334,12,Tolcapone__5__uM,False,,Tolcapone,5.0,uM,1447,2751891.0
plate6,0,smp_2005,85,CVCL_0359,13,Tolcapone__5__uM,False,,Tolcapone,5.0,uM,2418,6373620.0
plate6,0,smp_2005,85,CVCL_0366,14,Tolcapone__5__uM,False,,Tolcapone,5.0,uM,1582,5220598.0
plate6,0,smp_2005,85,CVCL_0371,15,Tolcapone__5__uM,False,,Tolcapone,5.0,uM,2849,6687238.0
plate6,0,smp_2005,85,CVCL_0397,16,Tolcapone__5__uM,False,,Tolcapone,5.0,uM,2143,6285151.0
plate6,0,smp_2005,85,CVCL_0399,17,Tolcapone__5__uM,False,,Tolcapone,5.0,uM,3724,9223274.0
plate6,0,smp_2005,85,CVCL_0428,18,Tolcapone__5__uM,False,,Tolcapone,5.0,uM,1351,3488299.0
plate6,0,smp_2005,85,CVCL_0459,19,Tolcapone__5__uM,False,,Tolcapone,5.0,uM,5827,10611882.0
plate6,0,smp_2005,85,CVCL_0480,20,Tolcapone__5__uM,False,,Tolcapone,5.0,uM,3518,12337956.0
plate6,0,smp_2005,85,CVCL_0504,21,Tolcapone__5__uM,False,,Tolcapone,5.0,uM,2646,4883958.0
plate6,0,smp_2005,85,CVCL_0546,22,Tolcapone__5__uM,False,,Tolcapone,5.0,uM,6576,13410170.0
plate6,0,smp_2005,85,CVCL_1055,23,Tolcapone__5__uM,False,,Tolcapone,5.0,uM,1351,5423798.0
plate6,0,smp_2005,85,CVCL_1056,24,Tolcapone__5__uM,False,,Tolcapone,5.0,uM,2706,10293404.0
plate6,0,smp_2005,85,CVCL_1094,25,Tolcapone__5__uM,False,,Tolcapone,5.0,uM,1653,3076519.0
plate6,0,smp_2005,85,CVCL_1097,26,Tolcapone__5__uM,False,,Tolcapone,5.0,uM,2649,5033314.0
plate6,0,smp_2005,85,CVCL_1098,27,Tolcapone__5__uM,False,,Tolcapone,5.0,uM,1761,3426720.0
plate6,0,smp_2005,85,CVCL_1119,28,Tolcapone__5__uM,False,,Tolcapone,5.0,uM,2199,5856955.0
plate6,0,smp_2005,85,CVCL_1125,29,Tolcapone__5__uM,False,,Tolcapone,5.0,uM,333,499714.0
plate6,0,smp_2005,85,CVCL_1239,30,Tolcapone__5__uM,False,,Tolcapone,5.0,uM,956,1861216.0
plate6,0,smp_2005,85,CVCL_1285,31,Tolcapone__5__uM,False,,Tolcapone,5.0,uM,3430,7568987.0
plate6,0,smp_2005,85,CVCL_1381,32,Tolcapone__5__uM,False,,Tolcapone,5.0,uM,2459,5814949.0
plate6,0,smp_2005,85,CVCL_1478,33,Tolcapone__5__uM,False,,Tolcapone,5.0,uM,2728,7926368.0
plate6,0,smp_2005,85,CVCL_1495,34,Tolcapone__5__uM,False,,Tolcapone,5.0,uM,1900,4545860.0
plate6,0,smp_2005,85,CVCL_1517,35,Tolcapone__5__uM,False,,Tolcapone,5.0,uM,2725,10135052.0
plate6,0,smp_2005,85,CVCL_1531,36,Tolcapone__5__uM,False,,Tolcapone,5.0,uM,44,59321.0
plate6,0,smp_2005,85,CVCL_1547,37,Tolcapone__5__uM,False,,Tolcapone,5.0,uM,1888,5045608.0
plate6,0,smp_2005,85,CVCL_1550,38,Tolcapone__5__uM,False,,Tolcapone,5.0,uM,2598,10862861.0
plate6,0,smp_2005,85,CVCL_1571,39,Tolcapone__5__uM,False,,Tolcapone,5.0,uM,17,17430.0
plate6,0,smp_2005,85,CVCL_1577,40,Tolcapone__5__uM,False,,Tolcapone,5.0,uM,90,377618.0
plate6,0,smp_2005,85,CVCL_1635,41,Tolcapone__5__uM,False,,Tolcapone,5.0,uM,1775,4603668.0
plate6,0,smp_2005,85,CVCL_1666,42,Tolcapone__5__uM,False,,Tolcapone,5.0,uM,2022,3601571.0
plate6,0,smp_2005,85,CVCL_1693,43,Tolcapone__5__uM,False,,Tolcapone,5.0,uM,1424,2451693.0
plate6,0,smp_2005,85,CVCL_1715,44,Tolcapone__5__uM,False,,Tolcapone,5.0,uM,237,444472.0
plate6,0,smp_2005,85,CVCL_1716,45,Tolcapone__5__uM,False,,Tolcapone,5.0,uM,234,383505.0
plate6,0,smp_2005,85,CVCL_1717,46,Tolcapone__5__uM,False,,Tolcapone,5.0,uM,2244,6900702.0
plate6,0,smp_2005,85,CVCL_1724,47,Tolcapone__5__uM,False,,Tolcapone,5.0,uM,1192,2598341.0
plate6,0,smp_2005,85,CVCL_1731,48,Tolcapone__5__uM,False,,Tolcapone,5.0,uM,1847,3926207.0
plate6,0,smp_2005,85,CVCL_C466,49,Tolcapone__5__uM,False,,Tolcapone,5.0,uM,2303,3531754.0
plate6,0,smp_2041,86,CVCL_0023,0,Triamcinolone__5__uM,False,,Triamcinolone,5.0,uM,1459,3600380.0
plate6,0,smp_2041,86,CVCL_0028,1,Triamcinolone__5__uM,False,,Triamcinolone,5.0,uM,559,885028.0
plate6,0,smp_2041,86,CVCL_0069,2,Triamcinolone__5__uM,False,,Triamcinolone,5.0,uM,986,2619903.0
plate6,0,smp_2041,86,CVCL_0099,3,Triamcinolone__5__uM,False,,Triamcinolone,5.0,uM,546,1024920.0
plate6,0,smp_2041,86,CVCL_0131,4,Triamcinolone__5__uM,False,,Triamcinolone,5.0,uM,1273,4301311.0
plate6,0,smp_2041,86,CVCL_0152,5,Triamcinolone__5__uM,False,,Triamcinolone,5.0,uM,1468,3349401.0
plate6,0,smp_2041,86,CVCL_0179,6,Triamcinolone__5__uM,False,,Triamcinolone,5.0,uM,783,2576498.0
plate6,0,smp_2041,86,CVCL_0218,7,Triamcinolone__5__uM,False,,Triamcinolone,5.0,uM,807,1712264.0
plate6,0,smp_2041,86,CVCL_0292,8,Triamcinolone__5__uM,False,,Triamcinolone,5.0,uM,861,1453110.0
plate6,0,smp_2041,86,CVCL_0293,9,Triamcinolone__5__uM,False,,Triamcinolone,5.0,uM,1293,4000147.0
plate6,0,smp_2041,86,CVCL_0320,10,Triamcinolone__5__uM,False,,Triamcinolone,5.0,uM,983,2839550.0
plate6,0,smp_2041,86,CVCL_0332,11,Triamcinolone__5__uM,False,,Triamcinolone,5.0,uM,659,2189581.0
plate6,0,smp_2041,86,CVCL_0334,12,Triamcinolone__5__uM,False,,Triamcinolone,5.0,uM,653,1334771.0
plate6,0,smp_2041,86,CVCL_0359,13,Triamcinolone__5__uM,False,,Triamcinolone,5.0,uM,1452,4357579.0
plate6,0,smp_2041,86,CVCL_0366,14,Triamcinolone__5__uM,False,,Triamcinolone,5.0,uM,640,2417668.0
plate6,0,smp_2041,86,CVCL_0371,15,Triamcinolone__5__uM,False,,Triamcinolone,5.0,uM,1228,3350345.0
plate6,0,smp_2041,86,CVCL_0397,16,Triamcinolone__5__uM,False,,Triamcinolone,5.0,uM,708,2242237.0
plate6,0,smp_2041,86,CVCL_0399,17,Triamcinolone__5__uM,False,,Triamcinolone,5.0,uM,1867,5410715.0
plate6,0,smp_2041,86,CVCL_0428,18,Triamcinolone__5__uM,False,,Triamcinolone,5.0,uM,735,2031597.0
plate6,0,smp_2041,86,CVCL_0459,19,Triamcinolone__5__uM,False,,Triamcinolone,5.0,uM,2275,4514460.0
plate6,0,smp_2041,86,CVCL_0480,20,Triamcinolone__5__uM,False,,Triamcinolone,5.0,uM,1560,5830279.0
plate6,0,smp_2041,86,CVCL_0504,21,Triamcinolone__5__uM,False,,Triamcinolone,5.0,uM,1420,2728679.0
plate6,0,smp_2041,86,CVCL_0546,22,Triamcinolone__5__uM,False,,Triamcinolone,5.0,uM,3383,7258445.0
plate6,0,smp_2041,86,CVCL_1055,23,Triamcinolone__5__uM,False,,Triamcinolone,5.0,uM,976,4263982.0
plate6,0,smp_2041,86,CVCL_1056,24,Triamcinolone__5__uM,False,,Triamcinolone,5.0,uM,1112,4800735.0
plate6,0,smp_2041,86,CVCL_1094,25,Triamcinolone__5__uM,False,,Triamcinolone,5.0,uM,1145,2302405.0
plate6,0,smp_2041,86,CVCL_1097,26,Triamcinolone__5__uM,False,,Triamcinolone,5.0,uM,1204,2552862.0
plate6,0,smp_2041,86,CVCL_1098,27,Triamcinolone__5__uM,False,,Triamcinolone,5.0,uM,1025,1994821.0
plate6,0,smp_2041,86,CVCL_1119,28,Triamcinolone__5__uM,False,,Triamcinolone,5.0,uM,1224,3874715.0
plate6,0,smp_2041,86,CVCL_1125,29,Triamcinolone__5__uM,False,,Triamcinolone,5.0,uM,269,457221.0
plate6,0,smp_2041,86,CVCL_1239,30,Triamcinolone__5__uM,False,,Triamcinolone,5.0,uM,400,848342.0
plate6,0,smp_2041,86,CVCL_1285,31,Triamcinolone__5__uM,False,,Triamcinolone,5.0,uM,1555,4047883.0
plate6,0,smp_2041,86,CVCL_1381,32,Triamcinolone__5__uM,False,,Triamcinolone,5.0,uM,1214,3374629.0
plate6,0,smp_2041,86,CVCL_1478,33,Triamcinolone__5__uM,False,,Triamcinolone,5.0,uM,1206,3876551.0
plate6,0,smp_2041,86,CVCL_1495,34,Triamcinolone__5__uM,False,,Triamcinolone,5.0,uM,883,2431901.0
plate6,0,smp_2041,86,CVCL_1517,35,Triamcinolone__5__uM,False,,Triamcinolone,5.0,uM,803,3447025.0
plate6,0,smp_2041,86,CVCL_1531,36,Triamcinolone__5__uM,False,,Triamcinolone,5.0,uM,12,12661.0
plate6,0,smp_2041,86,CVCL_1547,37,Triamcinolone__5__uM,False,,Triamcinolone,5.0,uM,1033,2856072.0
plate6,0,smp_2041,86,CVCL_1550,38,Triamcinolone__5__uM,False,,Triamcinolone,5.0,uM,1301,6403333.0
plate6,0,smp_2041,86,CVCL_1571,39,Triamcinolone__5__uM,False,,Triamcinolone,5.0,uM,9,8873.0
plate6,0,smp_2041,86,CVCL_1577,40,Triamcinolone__5__uM,False,,Triamcinolone,5.0,uM,57,273757.0
plate6,0,smp_2041,86,CVCL_1635,41,Triamcinolone__5__uM,False,,Triamcinolone,5.0,uM,894,2515805.0
plate6,0,smp_2041,86,CVCL_1666,42,Triamcinolone__5__uM,False,,Triamcinolone,5.0,uM,992,1895772.0
plate6,0,smp_2041,86,CVCL_1693,43,Triamcinolone__5__uM,False,,Triamcinolone,5.0,uM,989,1841495.0
plate6,0,smp_2041,86,CVCL_1715,44,Triamcinolone__5__uM,False,,Triamcinolone,5.0,uM,85,184027.0
plate6,0,smp_2041,86,CVCL_1716,45,Triamcinolone__5__uM,False,,Triamcinolone,5.0,uM,141,237011.0
plate6,0,smp_2041,86,CVCL_1717,46,Triamcinolone__5__uM,False,,Triamcinolone,5.0,uM,1005,3415868.0
plate6,0,smp_2041,86,CVCL_1724,47,Triamcinolone__5__uM,False,,Triamcinolone,5.0,uM,561,1222356.0
plate6,0,smp_2041,86,CVCL_1731,48,Triamcinolone__5__uM,False,,Triamcinolone,5.0,uM,694,1501533.0
plate6,0,smp_2041,86,CVCL_C466,49,Triamcinolone__5__uM,False,,Triamcinolone,5.0,uM,1040,1772018.0
plate6,0,smp_2036,87,CVCL_0023,0,Triclosan__5__uM,False,,Triclosan,5.0,uM,2061,4033750.0
plate6,0,smp_2036,87,CVCL_0028,1,Triclosan__5__uM,False,,Triclosan,5.0,uM,784,1138722.0
plate6,0,smp_2036,87,CVCL_0069,2,Triclosan__5__uM,False,,Triclosan,5.0,uM,1271,2882267.0
plate6,0,smp_2036,87,CVCL_0099,3,Triclosan__5__uM,False,,Triclosan,5.0,uM,705,1190677.0
plate6,0,smp_2036,87,CVCL_0131,4,Triclosan__5__uM,False,,Triclosan,5.0,uM,1795,4998970.0
plate6,0,smp_2036,87,CVCL_0152,5,Triclosan__5__uM,False,,Triclosan,5.0,uM,2048,4031516.0
plate6,0,smp_2036,87,CVCL_0179,6,Triclosan__5__uM,False,,Triclosan,5.0,uM,1000,2835801.0
plate6,0,smp_2036,87,CVCL_0218,7,Triclosan__5__uM,False,,Triclosan,5.0,uM,1002,1745424.0
plate6,0,smp_2036,87,CVCL_0292,8,Triclosan__5__uM,False,,Triclosan,5.0,uM,954,1343564.0
plate6,0,smp_2036,87,CVCL_0293,9,Triclosan__5__uM,False,,Triclosan,5.0,uM,2071,5101093.0
plate6,0,smp_2036,87,CVCL_0320,10,Triclosan__5__uM,False,,Triclosan,5.0,uM,1356,3265217.0
plate6,0,smp_2036,87,CVCL_0332,11,Triclosan__5__uM,False,,Triclosan,5.0,uM,991,2572773.0
plate6,0,smp_2036,87,CVCL_0334,12,Triclosan__5__uM,False,,Triclosan,5.0,uM,813,1510906.0
plate6,0,smp_2036,87,CVCL_0359,13,Triclosan__5__uM,False,,Triclosan,5.0,uM,2042,5100063.0
plate6,0,smp_2036,87,CVCL_0366,14,Triclosan__5__uM,False,,Triclosan,5.0,uM,1239,3760292.0
plate6,0,smp_2036,87,CVCL_0371,15,Triclosan__5__uM,False,,Triclosan,5.0,uM,1429,3311606.0
plate6,0,smp_2036,87,CVCL_0397,16,Triclosan__5__uM,False,,Triclosan,5.0,uM,965,2743597.0
plate6,0,smp_2036,87,CVCL_0399,17,Triclosan__5__uM,False,,Triclosan,5.0,uM,2324,5446433.0
plate6,0,smp_2036,87,CVCL_0428,18,Triclosan__5__uM,False,,Triclosan,5.0,uM,1054,2526791.0
plate6,0,smp_2036,87,CVCL_0459,19,Triclosan__5__uM,False,,Triclosan,5.0,uM,3655,6444688.0
plate6,0,smp_2036,87,CVCL_0480,20,Triclosan__5__uM,False,,Triclosan,5.0,uM,2134,6486397.0
plate6,0,smp_2036,87,CVCL_0504,21,Triclosan__5__uM,False,,Triclosan,5.0,uM,2151,3590493.0
plate6,0,smp_2036,87,CVCL_0546,22,Triclosan__5__uM,False,,Triclosan,5.0,uM,4109,8004534.0
plate6,0,smp_2036,87,CVCL_1055,23,Triclosan__5__uM,False,,Triclosan,5.0,uM,1172,4029518.0
plate6,0,smp_2036,87,CVCL_1056,24,Triclosan__5__uM,False,,Triclosan,5.0,uM,1656,5941593.0
plate6,0,smp_2036,87,CVCL_1094,25,Triclosan__5__uM,False,,Triclosan,5.0,uM,1402,2476678.0
plate6,0,smp_2036,87,CVCL_1097,26,Triclosan__5__uM,False,,Triclosan,5.0,uM,1483,2742714.0
plate6,0,smp_2036,87,CVCL_1098,27,Triclosan__5__uM,False,,Triclosan,5.0,uM,1566,2498684.0
plate6,0,smp_2036,87,CVCL_1119,28,Triclosan__5__uM,False,,Triclosan,5.0,uM,1576,3782467.0
plate6,0,smp_2036,87,CVCL_1125,29,Triclosan__5__uM,False,,Triclosan,5.0,uM,351,521278.0
plate6,0,smp_2036,87,CVCL_1239,30,Triclosan__5__uM,False,,Triclosan,5.0,uM,559,1030266.0
plate6,0,smp_2036,87,CVCL_1285,31,Triclosan__5__uM,False,,Triclosan,5.0,uM,2235,4832964.0
plate6,0,smp_2036,87,CVCL_1381,32,Triclosan__5__uM,False,,Triclosan,5.0,uM,1535,3440637.0
plate6,0,smp_2036,87,CVCL_1478,33,Triclosan__5__uM,False,,Triclosan,5.0,uM,1472,3419217.0
plate6,0,smp_2036,87,CVCL_1495,34,Triclosan__5__uM,False,,Triclosan,5.0,uM,1227,2816012.0
plate6,0,smp_2036,87,CVCL_1517,35,Triclosan__5__uM,False,,Triclosan,5.0,uM,1427,5025741.0
plate6,0,smp_2036,87,CVCL_1531,36,Triclosan__5__uM,False,,Triclosan,5.0,uM,30,40155.0
plate6,0,smp_2036,87,CVCL_1547,37,Triclosan__5__uM,False,,Triclosan,5.0,uM,1545,3679213.0
plate6,0,smp_2036,87,CVCL_1550,38,Triclosan__5__uM,False,,Triclosan,5.0,uM,1650,6193058.0
plate6,0,smp_2036,87,CVCL_1571,39,Triclosan__5__uM,False,,Triclosan,5.0,uM,24,23856.0
plate6,0,smp_2036,87,CVCL_1577,40,Triclosan__5__uM,False,,Triclosan,5.0,uM,81,322653.0
plate6,0,smp_2036,87,CVCL_1635,41,Triclosan__5__uM,False,,Triclosan,5.0,uM,1134,2759650.0
plate6,0,smp_2036,87,CVCL_1666,42,Triclosan__5__uM,False,,Triclosan,5.0,uM,1180,1973516.0
plate6,0,smp_2036,87,CVCL_1693,43,Triclosan__5__uM,False,,Triclosan,5.0,uM,1220,2049316.0
plate6,0,smp_2036,87,CVCL_1715,44,Triclosan__5__uM,False,,Triclosan,5.0,uM,141,240181.0
plate6,0,smp_2036,87,CVCL_1716,45,Triclosan__5__uM,False,,Triclosan,5.0,uM,168,269773.0
plate6,0,smp_2036,87,CVCL_1717,46,Triclosan__5__uM,False,,Triclosan,5.0,uM,1370,3927394.0
plate6,0,smp_2036,87,CVCL_1724,47,Triclosan__5__uM,False,,Triclosan,5.0,uM,705,1357041.0
plate6,0,smp_2036,87,CVCL_1731,48,Triclosan__5__uM,False,,Triclosan,5.0,uM,1150,2280030.0
plate6,0,smp_2036,87,CVCL_C466,49,Triclosan__5__uM,False,,Triclosan,5.0,uM,1465,2230010.0
plate6,0,smp_1977,88,CVCL_0023,0,Trifluridine__5__uM,False,,Trifluridine,5.0,uM,1935,3758552.0
plate6,0,smp_1977,88,CVCL_0028,1,Trifluridine__5__uM,False,,Trifluridine,5.0,uM,704,1017605.0
plate6,0,smp_1977,88,CVCL_0069,2,Trifluridine__5__uM,False,,Trifluridine,5.0,uM,1259,2542789.0
plate6,0,smp_1977,88,CVCL_0099,3,Trifluridine__5__uM,False,,Trifluridine,5.0,uM,658,1030112.0
plate6,0,smp_1977,88,CVCL_0131,4,Trifluridine__5__uM,False,,Trifluridine,5.0,uM,2046,5235475.0
plate6,0,smp_1977,88,CVCL_0152,5,Trifluridine__5__uM,False,,Trifluridine,5.0,uM,2041,3614396.0
plate6,0,smp_1977,88,CVCL_0179,6,Trifluridine__5__uM,False,,Trifluridine,5.0,uM,1098,2886720.0
plate6,0,smp_1977,88,CVCL_0218,7,Trifluridine__5__uM,False,,Trifluridine,5.0,uM,1197,1869076.0
plate6,0,smp_1977,88,CVCL_0292,8,Trifluridine__5__uM,False,,Trifluridine,5.0,uM,874,1104024.0
plate6,0,smp_1977,88,CVCL_0293,9,Trifluridine__5__uM,False,,Trifluridine,5.0,uM,2208,5525852.0
plate6,0,smp_1977,88,CVCL_0320,10,Trifluridine__5__uM,False,,Trifluridine,5.0,uM,1669,3865123.0
plate6,0,smp_1977,88,CVCL_0332,11,Trifluridine__5__uM,False,,Trifluridine,5.0,uM,1035,2795457.0
plate6,0,smp_1977,88,CVCL_0334,12,Trifluridine__5__uM,False,,Trifluridine,5.0,uM,823,1496983.0
plate6,0,smp_1977,88,CVCL_0359,13,Trifluridine__5__uM,False,,Trifluridine,5.0,uM,2038,5072677.0
plate6,0,smp_1977,88,CVCL_0366,14,Trifluridine__5__uM,False,,Trifluridine,5.0,uM,1360,4018156.0
plate6,0,smp_1977,88,CVCL_0371,15,Trifluridine__5__uM,False,,Trifluridine,5.0,uM,1666,3887560.0
plate6,0,smp_1977,88,CVCL_0397,16,Trifluridine__5__uM,False,,Trifluridine,5.0,uM,1175,3201412.0
plate6,0,smp_1977,88,CVCL_0399,17,Trifluridine__5__uM,False,,Trifluridine,5.0,uM,2614,5793133.0
plate6,0,smp_1977,88,CVCL_0428,18,Trifluridine__5__uM,False,,Trifluridine,5.0,uM,1041,2315678.0
plate6,0,smp_1977,88,CVCL_0459,19,Trifluridine__5__uM,False,,Trifluridine,5.0,uM,3276,5424573.0
plate6,0,smp_1977,88,CVCL_0480,20,Trifluridine__5__uM,False,,Trifluridine,5.0,uM,2285,7094417.0
plate6,0,smp_1977,88,CVCL_0504,21,Trifluridine__5__uM,False,,Trifluridine,5.0,uM,1752,2949145.0
plate6,0,smp_1977,88,CVCL_0546,22,Trifluridine__5__uM,False,,Trifluridine,5.0,uM,3902,7710290.0
plate6,0,smp_1977,88,CVCL_1055,23,Trifluridine__5__uM,False,,Trifluridine,5.0,uM,1089,3844660.0
plate6,0,smp_1977,88,CVCL_1056,24,Trifluridine__5__uM,False,,Trifluridine,5.0,uM,1966,6544330.0
plate6,0,smp_1977,88,CVCL_1094,25,Trifluridine__5__uM,False,,Trifluridine,5.0,uM,1281,2231054.0
plate6,0,smp_1977,88,CVCL_1097,26,Trifluridine__5__uM,False,,Trifluridine,5.0,uM,1425,2363005.0
plate6,0,smp_1977,88,CVCL_1098,27,Trifluridine__5__uM,False,,Trifluridine,5.0,uM,1543,2230108.0
plate6,0,smp_1977,88,CVCL_1119,28,Trifluridine__5__uM,False,,Trifluridine,5.0,uM,1580,3529816.0
plate6,0,smp_1977,88,CVCL_1125,29,Trifluridine__5__uM,False,,Trifluridine,5.0,uM,295,397690.0
plate6,0,smp_1977,88,CVCL_1239,30,Trifluridine__5__uM,False,,Trifluridine,5.0,uM,570,988110.0
plate6,0,smp_1977,88,CVCL_1285,31,Trifluridine__5__uM,False,,Trifluridine,5.0,uM,2381,4955368.0
plate6,0,smp_1977,88,CVCL_1381,32,Trifluridine__5__uM,False,,Trifluridine,5.0,uM,1563,3435402.0
plate6,0,smp_1977,88,CVCL_1478,33,Trifluridine__5__uM,False,,Trifluridine,5.0,uM,1575,3854512.0
plate6,0,smp_1977,88,CVCL_1495,34,Trifluridine__5__uM,False,,Trifluridine,5.0,uM,1282,2531066.0
plate6,0,smp_1977,88,CVCL_1517,35,Trifluridine__5__uM,False,,Trifluridine,5.0,uM,1700,5630132.0
plate6,0,smp_1977,88,CVCL_1531,36,Trifluridine__5__uM,False,,Trifluridine,5.0,uM,26,40433.0
plate6,0,smp_1977,88,CVCL_1547,37,Trifluridine__5__uM,False,,Trifluridine,5.0,uM,1296,3118854.0
plate6,0,smp_1977,88,CVCL_1550,38,Trifluridine__5__uM,False,,Trifluridine,5.0,uM,1908,6793734.0
plate6,0,smp_1977,88,CVCL_1571,39,Trifluridine__5__uM,False,,Trifluridine,5.0,uM,10,9425.0
plate6,0,smp_1977,88,CVCL_1577,40,Trifluridine__5__uM,False,,Trifluridine,5.0,uM,74,256360.0
plate6,0,smp_1977,88,CVCL_1635,41,Trifluridine__5__uM,False,,Trifluridine,5.0,uM,1226,2719709.0
plate6,0,smp_1977,88,CVCL_1666,42,Trifluridine__5__uM,False,,Trifluridine,5.0,uM,1151,1764988.0
plate6,0,smp_1977,88,CVCL_1693,43,Trifluridine__5__uM,False,,Trifluridine,5.0,uM,1189,1859587.0
plate6,0,smp_1977,88,CVCL_1715,44,Trifluridine__5__uM,False,,Trifluridine,5.0,uM,114,189358.0
plate6,0,smp_1977,88,CVCL_1716,45,Trifluridine__5__uM,False,,Trifluridine,5.0,uM,129,187620.0
plate6,0,smp_1977,88,CVCL_1717,46,Trifluridine__5__uM,False,,Trifluridine,5.0,uM,1494,3985615.0
plate6,0,smp_1977,88,CVCL_1724,47,Trifluridine__5__uM,False,,Trifluridine,5.0,uM,686,1203900.0
plate6,0,smp_1977,88,CVCL_1731,48,Trifluridine__5__uM,False,,Trifluridine,5.0,uM,1131,2131252.0
plate6,0,smp_1977,88,CVCL_C466,49,Trifluridine__5__uM,False,,Trifluridine,5.0,uM,1447,1988921.0
plate6,0,smp_2002,89,CVCL_0023,0,Trimetrexate__5__uM,False,,Trimetrexate,5.0,uM,2153,3879162.0
plate6,0,smp_2002,89,CVCL_0028,1,Trimetrexate__5__uM,False,,Trimetrexate,5.0,uM,469,591336.0
plate6,0,smp_2002,89,CVCL_0069,2,Trimetrexate__5__uM,False,,Trimetrexate,5.0,uM,1138,2250235.0
plate6,0,smp_2002,89,CVCL_0099,3,Trimetrexate__5__uM,False,,Trimetrexate,5.0,uM,460,686097.0
plate6,0,smp_2002,89,CVCL_0131,4,Trimetrexate__5__uM,False,,Trimetrexate,5.0,uM,1773,4218535.0
plate6,0,smp_2002,89,CVCL_0152,5,Trimetrexate__5__uM,False,,Trimetrexate,5.0,uM,1916,3360709.0
plate6,0,smp_2002,89,CVCL_0179,6,Trimetrexate__5__uM,False,,Trimetrexate,5.0,uM,937,2335104.0
plate6,0,smp_2002,89,CVCL_0218,7,Trimetrexate__5__uM,False,,Trimetrexate,5.0,uM,1073,1590306.0
plate6,0,smp_2002,89,CVCL_0292,8,Trimetrexate__5__uM,False,,Trimetrexate,5.0,uM,834,1065209.0
plate6,0,smp_2002,89,CVCL_0293,9,Trimetrexate__5__uM,False,,Trimetrexate,5.0,uM,2075,5172533.0
plate6,0,smp_2002,89,CVCL_0320,10,Trimetrexate__5__uM,False,,Trimetrexate,5.0,uM,1376,3090042.0
plate6,0,smp_2002,89,CVCL_0332,11,Trimetrexate__5__uM,False,,Trimetrexate,5.0,uM,1038,2495021.0
plate6,0,smp_2002,89,CVCL_0334,12,Trimetrexate__5__uM,False,,Trimetrexate,5.0,uM,831,1364730.0
plate6,0,smp_2002,89,CVCL_0359,13,Trimetrexate__5__uM,False,,Trimetrexate,5.0,uM,1866,4044776.0
plate6,0,smp_2002,89,CVCL_0366,14,Trimetrexate__5__uM,False,,Trimetrexate,5.0,uM,1159,3178059.0
plate6,0,smp_2002,89,CVCL_0371,15,Trimetrexate__5__uM,False,,Trimetrexate,5.0,uM,1462,3148712.0
plate6,0,smp_2002,89,CVCL_0397,16,Trimetrexate__5__uM,False,,Trimetrexate,5.0,uM,1054,2607576.0
plate6,0,smp_2002,89,CVCL_0399,17,Trimetrexate__5__uM,False,,Trimetrexate,5.0,uM,2135,4618134.0
plate6,0,smp_2002,89,CVCL_0428,18,Trimetrexate__5__uM,False,,Trimetrexate,5.0,uM,1005,2033333.0
plate6,0,smp_2002,89,CVCL_0459,19,Trimetrexate__5__uM,False,,Trimetrexate,5.0,uM,3547,5470263.0
plate6,0,smp_2002,89,CVCL_0480,20,Trimetrexate__5__uM,False,,Trimetrexate,5.0,uM,2411,6545290.0
plate6,0,smp_2002,89,CVCL_0504,21,Trimetrexate__5__uM,False,,Trimetrexate,5.0,uM,1578,2419420.0
plate6,0,smp_2002,89,CVCL_0546,22,Trimetrexate__5__uM,False,,Trimetrexate,5.0,uM,3413,6358667.0
plate6,0,smp_2002,89,CVCL_1055,23,Trimetrexate__5__uM,False,,Trimetrexate,5.0,uM,1018,3175082.0
plate6,0,smp_2002,89,CVCL_1056,24,Trimetrexate__5__uM,False,,Trimetrexate,5.0,uM,1735,5256561.0
plate6,0,smp_2002,89,CVCL_1094,25,Trimetrexate__5__uM,False,,Trimetrexate,5.0,uM,1134,1756328.0
plate6,0,smp_2002,89,CVCL_1097,26,Trimetrexate__5__uM,False,,Trimetrexate,5.0,uM,1490,2447266.0
plate6,0,smp_2002,89,CVCL_1098,27,Trimetrexate__5__uM,False,,Trimetrexate,5.0,uM,1054,1599075.0
plate6,0,smp_2002,89,CVCL_1119,28,Trimetrexate__5__uM,False,,Trimetrexate,5.0,uM,1468,3193976.0
plate6,0,smp_2002,89,CVCL_1125,29,Trimetrexate__5__uM,False,,Trimetrexate,5.0,uM,294,391276.0
plate6,0,smp_2002,89,CVCL_1239,30,Trimetrexate__5__uM,False,,Trimetrexate,5.0,uM,546,845905.0
plate6,0,smp_2002,89,CVCL_1285,31,Trimetrexate__5__uM,False,,Trimetrexate,5.0,uM,2243,4247460.0
plate6,0,smp_2002,89,CVCL_1381,32,Trimetrexate__5__uM,False,,Trimetrexate,5.0,uM,1487,3092729.0
plate6,0,smp_2002,89,CVCL_1478,33,Trimetrexate__5__uM,False,,Trimetrexate,5.0,uM,1578,3909979.0
plate6,0,smp_2002,89,CVCL_1495,34,Trimetrexate__5__uM,False,,Trimetrexate,5.0,uM,1259,2372424.0
plate6,0,smp_2002,89,CVCL_1517,35,Trimetrexate__5__uM,False,,Trimetrexate,5.0,uM,1687,5152824.0
plate6,0,smp_2002,89,CVCL_1531,36,Trimetrexate__5__uM,False,,Trimetrexate,5.0,uM,19,23586.0
plate6,0,smp_2002,89,CVCL_1547,37,Trimetrexate__5__uM,False,,Trimetrexate,5.0,uM,1377,2936661.0
plate6,0,smp_2002,89,CVCL_1550,38,Trimetrexate__5__uM,False,,Trimetrexate,5.0,uM,1845,6372157.0
plate6,0,smp_2002,89,CVCL_1571,39,Trimetrexate__5__uM,False,,Trimetrexate,5.0,uM,11,10131.0
plate6,0,smp_2002,89,CVCL_1577,40,Trimetrexate__5__uM,False,,Trimetrexate,5.0,uM,74,241110.0
plate6,0,smp_2002,89,CVCL_1635,41,Trimetrexate__5__uM,False,,Trimetrexate,5.0,uM,1218,2564258.0
plate6,0,smp_2002,89,CVCL_1666,42,Trimetrexate__5__uM,False,,Trimetrexate,5.0,uM,1263,1821682.0
plate6,0,smp_2002,89,CVCL_1693,43,Trimetrexate__5__uM,False,,Trimetrexate,5.0,uM,903,1318439.0
plate6,0,smp_2002,89,CVCL_1715,44,Trimetrexate__5__uM,False,,Trimetrexate,5.0,uM,109,154807.0
plate6,0,smp_2002,89,CVCL_1716,45,Trimetrexate__5__uM,False,,Trimetrexate,5.0,uM,179,246560.0
plate6,0,smp_2002,89,CVCL_1717,46,Trimetrexate__5__uM,False,,Trimetrexate,5.0,uM,1354,3416974.0
plate6,0,smp_2002,89,CVCL_1724,47,Trimetrexate__5__uM,False,,Trimetrexate,5.0,uM,584,936298.0
plate6,0,smp_2002,89,CVCL_1731,48,Trimetrexate__5__uM,False,,Trimetrexate,5.0,uM,1028,1873809.0
plate6,0,smp_2002,89,CVCL_C466,49,Trimetrexate__5__uM,False,,Trimetrexate,5.0,uM,1244,1602480.0
plate6,0,smp_2037,90,CVCL_0023,0,Tucidinostat__5__uM,False,,Tucidinostat,5.0,uM,2055,3906519.0
plate6,0,smp_2037,90,CVCL_0028,1,Tucidinostat__5__uM,False,,Tucidinostat,5.0,uM,746,1057109.0
plate6,0,smp_2037,90,CVCL_0069,2,Tucidinostat__5__uM,False,,Tucidinostat,5.0,uM,852,1789559.0
plate6,0,smp_2037,90,CVCL_0099,3,Tucidinostat__5__uM,False,,Tucidinostat,5.0,uM,651,1081771.0
plate6,0,smp_2037,90,CVCL_0131,4,Tucidinostat__5__uM,False,,Tucidinostat,5.0,uM,1663,4159272.0
plate6,0,smp_2037,90,CVCL_0152,5,Tucidinostat__5__uM,False,,Tucidinostat,5.0,uM,2219,4213884.0
plate6,0,smp_2037,90,CVCL_0179,6,Tucidinostat__5__uM,False,,Tucidinostat,5.0,uM,959,2719090.0
plate6,0,smp_2037,90,CVCL_0218,7,Tucidinostat__5__uM,False,,Tucidinostat,5.0,uM,828,1320639.0
plate6,0,smp_2037,90,CVCL_0292,8,Tucidinostat__5__uM,False,,Tucidinostat,5.0,uM,1110,1628489.0
plate6,0,smp_2037,90,CVCL_0293,9,Tucidinostat__5__uM,False,,Tucidinostat,5.0,uM,2226,5078056.0
plate6,0,smp_2037,90,CVCL_0320,10,Tucidinostat__5__uM,False,,Tucidinostat,5.0,uM,1456,3234374.0
plate6,0,smp_2037,90,CVCL_0332,11,Tucidinostat__5__uM,False,,Tucidinostat,5.0,uM,945,2618818.0
plate6,0,smp_2037,90,CVCL_0334,12,Tucidinostat__5__uM,False,,Tucidinostat,5.0,uM,845,1511233.0
plate6,0,smp_2037,90,CVCL_0359,13,Tucidinostat__5__uM,False,,Tucidinostat,5.0,uM,1899,4875235.0
plate6,0,smp_2037,90,CVCL_0366,14,Tucidinostat__5__uM,False,,Tucidinostat,5.0,uM,1108,3379653.0
plate6,0,smp_2037,90,CVCL_0371,15,Tucidinostat__5__uM,False,,Tucidinostat,5.0,uM,1389,2671725.0
plate6,0,smp_2037,90,CVCL_0397,16,Tucidinostat__5__uM,False,,Tucidinostat,5.0,uM,1202,2915058.0
plate6,0,smp_2037,90,CVCL_0399,17,Tucidinostat__5__uM,False,,Tucidinostat,5.0,uM,2318,5166648.0
plate6,0,smp_2037,90,CVCL_0428,18,Tucidinostat__5__uM,False,,Tucidinostat,5.0,uM,984,2334663.0
plate6,0,smp_2037,90,CVCL_0459,19,Tucidinostat__5__uM,False,,Tucidinostat,5.0,uM,3533,5959223.0
plate6,0,smp_2037,90,CVCL_0480,20,Tucidinostat__5__uM,False,,Tucidinostat,5.0,uM,2038,6495872.0
plate6,0,smp_2037,90,CVCL_0504,21,Tucidinostat__5__uM,False,,Tucidinostat,5.0,uM,1850,3125769.0
plate6,0,smp_2037,90,CVCL_0546,22,Tucidinostat__5__uM,False,,Tucidinostat,5.0,uM,3618,6580180.0
plate6,0,smp_2037,90,CVCL_1055,23,Tucidinostat__5__uM,False,,Tucidinostat,5.0,uM,1104,3756479.0
plate6,0,smp_2037,90,CVCL_1056,24,Tucidinostat__5__uM,False,,Tucidinostat,5.0,uM,1571,5300920.0
plate6,0,smp_2037,90,CVCL_1094,25,Tucidinostat__5__uM,False,,Tucidinostat,5.0,uM,1133,1957551.0
plate6,0,smp_2037,90,CVCL_1097,26,Tucidinostat__5__uM,False,,Tucidinostat,5.0,uM,1213,2179196.0
plate6,0,smp_2037,90,CVCL_1098,27,Tucidinostat__5__uM,False,,Tucidinostat,5.0,uM,1085,1945465.0
plate6,0,smp_2037,90,CVCL_1119,28,Tucidinostat__5__uM,False,,Tucidinostat,5.0,uM,1671,3824581.0
plate6,0,smp_2037,90,CVCL_1125,29,Tucidinostat__5__uM,False,,Tucidinostat,5.0,uM,187,259747.0
plate6,0,smp_2037,90,CVCL_1239,30,Tucidinostat__5__uM,False,,Tucidinostat,5.0,uM,480,872047.0
plate6,0,smp_2037,90,CVCL_1285,31,Tucidinostat__5__uM,False,,Tucidinostat,5.0,uM,1634,3360468.0
plate6,0,smp_2037,90,CVCL_1381,32,Tucidinostat__5__uM,False,,Tucidinostat,5.0,uM,1527,3619371.0
plate6,0,smp_2037,90,CVCL_1478,33,Tucidinostat__5__uM,False,,Tucidinostat,5.0,uM,1316,2937488.0
plate6,0,smp_2037,90,CVCL_1495,34,Tucidinostat__5__uM,False,,Tucidinostat,5.0,uM,1225,2653756.0
plate6,0,smp_2037,90,CVCL_1517,35,Tucidinostat__5__uM,False,,Tucidinostat,5.0,uM,1684,5696737.0
plate6,0,smp_2037,90,CVCL_1531,36,Tucidinostat__5__uM,False,,Tucidinostat,5.0,uM,24,35815.0
plate6,0,smp_2037,90,CVCL_1547,37,Tucidinostat__5__uM,False,,Tucidinostat,5.0,uM,1309,3074733.0
plate6,0,smp_2037,90,CVCL_1550,38,Tucidinostat__5__uM,False,,Tucidinostat,5.0,uM,1613,5761386.0
plate6,0,smp_2037,90,CVCL_1571,39,Tucidinostat__5__uM,False,,Tucidinostat,5.0,uM,19,18282.0
plate6,0,smp_2037,90,CVCL_1577,40,Tucidinostat__5__uM,False,,Tucidinostat,5.0,uM,80,287994.0
plate6,0,smp_2037,90,CVCL_1635,41,Tucidinostat__5__uM,False,,Tucidinostat,5.0,uM,1091,2361147.0
plate6,0,smp_2037,90,CVCL_1666,42,Tucidinostat__5__uM,False,,Tucidinostat,5.0,uM,903,1417896.0
plate6,0,smp_2037,90,CVCL_1693,43,Tucidinostat__5__uM,False,,Tucidinostat,5.0,uM,1065,1636996.0
plate6,0,smp_2037,90,CVCL_1715,44,Tucidinostat__5__uM,False,,Tucidinostat,5.0,uM,94,152420.0
plate6,0,smp_2037,90,CVCL_1716,45,Tucidinostat__5__uM,False,,Tucidinostat,5.0,uM,153,226910.0
plate6,0,smp_2037,90,CVCL_1717,46,Tucidinostat__5__uM,False,,Tucidinostat,5.0,uM,1382,3659409.0
plate6,0,smp_2037,90,CVCL_1724,47,Tucidinostat__5__uM,False,,Tucidinostat,5.0,uM,699,1346891.0
plate6,0,smp_2037,90,CVCL_1731,48,Tucidinostat__5__uM,False,,Tucidinostat,5.0,uM,1026,2034896.0
plate6,0,smp_2037,90,CVCL_C466,49,Tucidinostat__5__uM,False,,Tucidinostat,5.0,uM,1247,1814099.0
plate6,0,smp_2019,91,CVCL_0023,0,Vilanterol__5__uM,False,,Vilanterol,5.0,uM,1759,3420900.0
plate6,0,smp_2019,91,CVCL_0028,1,Vilanterol__5__uM,False,,Vilanterol,5.0,uM,427,633749.0
plate6,0,smp_2019,91,CVCL_0069,2,Vilanterol__5__uM,False,,Vilanterol,5.0,uM,887,1936659.0
plate6,0,smp_2019,91,CVCL_0099,3,Vilanterol__5__uM,False,,Vilanterol,5.0,uM,485,796225.0
plate6,0,smp_2019,91,CVCL_0131,4,Vilanterol__5__uM,False,,Vilanterol,5.0,uM,1537,4010637.0
plate6,0,smp_2019,91,CVCL_0152,5,Vilanterol__5__uM,False,,Vilanterol,5.0,uM,1809,3669707.0
plate6,0,smp_2019,91,CVCL_0179,6,Vilanterol__5__uM,False,,Vilanterol,5.0,uM,812,2307259.0
plate6,0,smp_2019,91,CVCL_0218,7,Vilanterol__5__uM,False,,Vilanterol,5.0,uM,936,1521167.0
plate6,0,smp_2019,91,CVCL_0292,8,Vilanterol__5__uM,False,,Vilanterol,5.0,uM,785,1160920.0
plate6,0,smp_2019,91,CVCL_0293,9,Vilanterol__5__uM,False,,Vilanterol,5.0,uM,1770,5420166.0
plate6,0,smp_2019,91,CVCL_0320,10,Vilanterol__5__uM,False,,Vilanterol,5.0,uM,1460,3583359.0
plate6,0,smp_2019,91,CVCL_0332,11,Vilanterol__5__uM,False,,Vilanterol,5.0,uM,806,2333274.0
plate6,0,smp_2019,91,CVCL_0334,12,Vilanterol__5__uM,False,,Vilanterol,5.0,uM,665,1327425.0
plate6,0,smp_2019,91,CVCL_0359,13,Vilanterol__5__uM,False,,Vilanterol,5.0,uM,1239,3151873.0
plate6,0,smp_2019,91,CVCL_0366,14,Vilanterol__5__uM,False,,Vilanterol,5.0,uM,692,2110123.0
plate6,0,smp_2019,91,CVCL_0371,15,Vilanterol__5__uM,False,,Vilanterol,5.0,uM,1565,3831724.0
plate6,0,smp_2019,91,CVCL_0397,16,Vilanterol__5__uM,False,,Vilanterol,5.0,uM,1137,3544452.0
plate6,0,smp_2019,91,CVCL_0399,17,Vilanterol__5__uM,False,,Vilanterol,5.0,uM,2016,5137181.0
plate6,0,smp_2019,91,CVCL_0428,18,Vilanterol__5__uM,False,,Vilanterol,5.0,uM,772,1849060.0
plate6,0,smp_2019,91,CVCL_0459,19,Vilanterol__5__uM,False,,Vilanterol,5.0,uM,2647,4673716.0
plate6,0,smp_2019,91,CVCL_0480,20,Vilanterol__5__uM,False,,Vilanterol,5.0,uM,1527,5150531.0
plate6,0,smp_2019,91,CVCL_0504,21,Vilanterol__5__uM,False,,Vilanterol,5.0,uM,1264,2154912.0
plate6,0,smp_2019,91,CVCL_0546,22,Vilanterol__5__uM,False,,Vilanterol,5.0,uM,3302,6931776.0
plate6,0,smp_2019,91,CVCL_1055,23,Vilanterol__5__uM,False,,Vilanterol,5.0,uM,832,3343384.0
plate6,0,smp_2019,91,CVCL_1056,24,Vilanterol__5__uM,False,,Vilanterol,5.0,uM,1247,4391647.0
plate6,0,smp_2019,91,CVCL_1094,25,Vilanterol__5__uM,False,,Vilanterol,5.0,uM,924,1603264.0
plate6,0,smp_2019,91,CVCL_1097,26,Vilanterol__5__uM,False,,Vilanterol,5.0,uM,1322,2350559.0
plate6,0,smp_2019,91,CVCL_1098,27,Vilanterol__5__uM,False,,Vilanterol,5.0,uM,915,1693104.0
plate6,0,smp_2019,91,CVCL_1119,28,Vilanterol__5__uM,False,,Vilanterol,5.0,uM,1269,3304305.0
plate6,0,smp_2019,91,CVCL_1125,29,Vilanterol__5__uM,False,,Vilanterol,5.0,uM,234,325174.0
plate6,0,smp_2019,91,CVCL_1239,30,Vilanterol__5__uM,False,,Vilanterol,5.0,uM,437,779659.0
plate6,0,smp_2019,91,CVCL_1285,31,Vilanterol__5__uM,False,,Vilanterol,5.0,uM,1638,3462985.0
plate6,0,smp_2019,91,CVCL_1381,32,Vilanterol__5__uM,False,,Vilanterol,5.0,uM,1259,3020519.0
plate6,0,smp_2019,91,CVCL_1478,33,Vilanterol__5__uM,False,,Vilanterol,5.0,uM,1498,4275475.0
plate6,0,smp_2019,91,CVCL_1495,34,Vilanterol__5__uM,False,,Vilanterol,5.0,uM,1056,2203682.0
plate6,0,smp_2019,91,CVCL_1517,35,Vilanterol__5__uM,False,,Vilanterol,5.0,uM,1423,5079772.0
plate6,0,smp_2019,91,CVCL_1531,36,Vilanterol__5__uM,False,,Vilanterol,5.0,uM,26,39090.0
plate6,0,smp_2019,91,CVCL_1547,37,Vilanterol__5__uM,False,,Vilanterol,5.0,uM,968,2456482.0
plate6,0,smp_2019,91,CVCL_1550,38,Vilanterol__5__uM,False,,Vilanterol,5.0,uM,1743,7001273.0
plate6,0,smp_2019,91,CVCL_1571,39,Vilanterol__5__uM,False,,Vilanterol,5.0,uM,7,6592.0
plate6,0,smp_2019,91,CVCL_1577,40,Vilanterol__5__uM,False,,Vilanterol,5.0,uM,65,267559.0
plate6,0,smp_2019,91,CVCL_1635,41,Vilanterol__5__uM,False,,Vilanterol,5.0,uM,1065,2527071.0
plate6,0,smp_2019,91,CVCL_1666,42,Vilanterol__5__uM,False,,Vilanterol,5.0,uM,1013,1590304.0
plate6,0,smp_2019,91,CVCL_1693,43,Vilanterol__5__uM,False,,Vilanterol,5.0,uM,809,1312144.0
plate6,0,smp_2019,91,CVCL_1715,44,Vilanterol__5__uM,False,,Vilanterol,5.0,uM,97,169562.0
plate6,0,smp_2019,91,CVCL_1716,45,Vilanterol__5__uM,False,,Vilanterol,5.0,uM,116,167828.0
plate6,0,smp_2019,91,CVCL_1717,46,Vilanterol__5__uM,False,,Vilanterol,5.0,uM,1305,3793115.0
plate6,0,smp_2019,91,CVCL_1724,47,Vilanterol__5__uM,False,,Vilanterol,5.0,uM,652,1225183.0
plate6,0,smp_2019,91,CVCL_1731,48,Vilanterol__5__uM,False,,Vilanterol,5.0,uM,891,1769645.0
plate6,0,smp_2019,91,CVCL_C466,49,Vilanterol__5__uM,False,,Vilanterol,5.0,uM,1055,1535451.0
plate6,0,smp_1981,92,CVCL_0023,0,Vinblastine (sulfate)__5__uM,False,,Vinblastine (sulfate),5.0,uM,1286,3166381.0
plate6,0,smp_1981,92,CVCL_0028,1,Vinblastine (sulfate)__5__uM,False,,Vinblastine (sulfate),5.0,uM,490,1091636.0
plate6,0,smp_1981,92,CVCL_0069,2,Vinblastine (sulfate)__5__uM,False,,Vinblastine (sulfate),5.0,uM,781,2051183.0
plate6,0,smp_1981,92,CVCL_0099,3,Vinblastine (sulfate)__5__uM,False,,Vinblastine (sulfate),5.0,uM,461,812550.0
plate6,0,smp_1981,92,CVCL_0131,4,Vinblastine (sulfate)__5__uM,False,,Vinblastine (sulfate),5.0,uM,1343,4103493.0
plate6,0,smp_1981,92,CVCL_0152,5,Vinblastine (sulfate)__5__uM,False,,Vinblastine (sulfate),5.0,uM,2205,4202157.0
plate6,0,smp_1981,92,CVCL_0179,6,Vinblastine (sulfate)__5__uM,False,,Vinblastine (sulfate),5.0,uM,777,2521117.0
plate6,0,smp_1981,92,CVCL_0218,7,Vinblastine (sulfate)__5__uM,False,,Vinblastine (sulfate),5.0,uM,678,1258216.0
plate6,0,smp_1981,92,CVCL_0292,8,Vinblastine (sulfate)__5__uM,False,,Vinblastine (sulfate),5.0,uM,1061,1811789.0
plate6,0,smp_1981,92,CVCL_0293,9,Vinblastine (sulfate)__5__uM,False,,Vinblastine (sulfate),5.0,uM,1553,4888566.0
plate6,0,smp_1981,92,CVCL_0320,10,Vinblastine (sulfate)__5__uM,False,,Vinblastine (sulfate),5.0,uM,875,2540561.0
plate6,0,smp_1981,92,CVCL_0332,11,Vinblastine (sulfate)__5__uM,False,,Vinblastine (sulfate),5.0,uM,566,1650631.0
plate6,0,smp_1981,92,CVCL_0334,12,Vinblastine (sulfate)__5__uM,False,,Vinblastine (sulfate),5.0,uM,588,1200713.0
plate6,0,smp_1981,92,CVCL_0359,13,Vinblastine (sulfate)__5__uM,False,,Vinblastine (sulfate),5.0,uM,970,2642076.0
plate6,0,smp_1981,92,CVCL_0366,14,Vinblastine (sulfate)__5__uM,False,,Vinblastine (sulfate),5.0,uM,588,2080203.0
plate6,0,smp_1981,92,CVCL_0371,15,Vinblastine (sulfate)__5__uM,False,,Vinblastine (sulfate),5.0,uM,1125,2826222.0
plate6,0,smp_1981,92,CVCL_0397,16,Vinblastine (sulfate)__5__uM,False,,Vinblastine (sulfate),5.0,uM,840,2415065.0
plate6,0,smp_1981,92,CVCL_0399,17,Vinblastine (sulfate)__5__uM,False,,Vinblastine (sulfate),5.0,uM,1786,4958101.0
plate6,0,smp_1981,92,CVCL_0428,18,Vinblastine (sulfate)__5__uM,False,,Vinblastine (sulfate),5.0,uM,830,2355140.0
plate6,0,smp_1981,92,CVCL_0459,19,Vinblastine (sulfate)__5__uM,False,,Vinblastine (sulfate),5.0,uM,2510,5076447.0
plate6,0,smp_1981,92,CVCL_0480,20,Vinblastine (sulfate)__5__uM,False,,Vinblastine (sulfate),5.0,uM,1302,5456844.0
plate6,0,smp_1981,92,CVCL_0504,21,Vinblastine (sulfate)__5__uM,False,,Vinblastine (sulfate),5.0,uM,1039,2010953.0
plate6,0,smp_1981,92,CVCL_0546,22,Vinblastine (sulfate)__5__uM,False,,Vinblastine (sulfate),5.0,uM,2750,6595654.0
plate6,0,smp_1981,92,CVCL_1055,23,Vinblastine (sulfate)__5__uM,False,,Vinblastine (sulfate),5.0,uM,903,4077627.0
plate6,0,smp_1981,92,CVCL_1056,24,Vinblastine (sulfate)__5__uM,False,,Vinblastine (sulfate),5.0,uM,1029,4498107.0
plate6,0,smp_1981,92,CVCL_1094,25,Vinblastine (sulfate)__5__uM,False,,Vinblastine (sulfate),5.0,uM,1071,2101163.0
plate6,0,smp_1981,92,CVCL_1097,26,Vinblastine (sulfate)__5__uM,False,,Vinblastine (sulfate),5.0,uM,977,2120188.0
plate6,0,smp_1981,92,CVCL_1098,27,Vinblastine (sulfate)__5__uM,False,,Vinblastine (sulfate),5.0,uM,1161,1977635.0
plate6,0,smp_1981,92,CVCL_1119,28,Vinblastine (sulfate)__5__uM,False,,Vinblastine (sulfate),5.0,uM,1356,3245820.0
plate6,0,smp_1981,92,CVCL_1125,29,Vinblastine (sulfate)__5__uM,False,,Vinblastine (sulfate),5.0,uM,255,373896.0
plate6,0,smp_1981,92,CVCL_1239,30,Vinblastine (sulfate)__5__uM,False,,Vinblastine (sulfate),5.0,uM,275,549453.0
plate6,0,smp_1981,92,CVCL_1285,31,Vinblastine (sulfate)__5__uM,False,,Vinblastine (sulfate),5.0,uM,1264,3292374.0
plate6,0,smp_1981,92,CVCL_1381,32,Vinblastine (sulfate)__5__uM,False,,Vinblastine (sulfate),5.0,uM,899,2328786.0
plate6,0,smp_1981,92,CVCL_1478,33,Vinblastine (sulfate)__5__uM,False,,Vinblastine (sulfate),5.0,uM,1631,4307540.0
plate6,0,smp_1981,92,CVCL_1495,34,Vinblastine (sulfate)__5__uM,False,,Vinblastine (sulfate),5.0,uM,839,2074920.0
plate6,0,smp_1981,92,CVCL_1517,35,Vinblastine (sulfate)__5__uM,False,,Vinblastine (sulfate),5.0,uM,867,3810684.0
plate6,0,smp_1981,92,CVCL_1531,36,Vinblastine (sulfate)__5__uM,False,,Vinblastine (sulfate),5.0,uM,22,39597.0
plate6,0,smp_1981,92,CVCL_1547,37,Vinblastine (sulfate)__5__uM,False,,Vinblastine (sulfate),5.0,uM,790,2181624.0
plate6,0,smp_1981,92,CVCL_1550,38,Vinblastine (sulfate)__5__uM,False,,Vinblastine (sulfate),5.0,uM,1298,6236260.0
plate6,0,smp_1981,92,CVCL_1571,39,Vinblastine (sulfate)__5__uM,False,,Vinblastine (sulfate),5.0,uM,9,8748.0
plate6,0,smp_1981,92,CVCL_1577,40,Vinblastine (sulfate)__5__uM,False,,Vinblastine (sulfate),5.0,uM,57,278838.0
plate6,0,smp_1981,92,CVCL_1635,41,Vinblastine (sulfate)__5__uM,False,,Vinblastine (sulfate),5.0,uM,883,2384776.0
plate6,0,smp_1981,92,CVCL_1666,42,Vinblastine (sulfate)__5__uM,False,,Vinblastine (sulfate),5.0,uM,776,1328628.0
plate6,0,smp_1981,92,CVCL_1693,43,Vinblastine (sulfate)__5__uM,False,,Vinblastine (sulfate),5.0,uM,925,1637378.0
plate6,0,smp_1981,92,CVCL_1715,44,Vinblastine (sulfate)__5__uM,False,,Vinblastine (sulfate),5.0,uM,78,143009.0
plate6,0,smp_1981,92,CVCL_1716,45,Vinblastine (sulfate)__5__uM,False,,Vinblastine (sulfate),5.0,uM,133,203899.0
plate6,0,smp_1981,92,CVCL_1717,46,Vinblastine (sulfate)__5__uM,False,,Vinblastine (sulfate),5.0,uM,1090,3582372.0
plate6,0,smp_1981,92,CVCL_1724,47,Vinblastine (sulfate)__5__uM,False,,Vinblastine (sulfate),5.0,uM,668,1368766.0
plate6,0,smp_1981,92,CVCL_1731,48,Vinblastine (sulfate)__5__uM,False,,Vinblastine (sulfate),5.0,uM,773,1772957.0
plate6,0,smp_1981,92,CVCL_C466,49,Vinblastine (sulfate)__5__uM,False,,Vinblastine (sulfate),5.0,uM,767,1175453.0
plate6,0,smp_2069,93,CVCL_0023,0,DMSO_TF__0__uM,True,DMSO_TF__duplicate_1,DMSO_TF,0.0,uM,2907,5215802.0
plate6,0,smp_2069,93,CVCL_0028,1,DMSO_TF__0__uM,True,DMSO_TF__duplicate_1,DMSO_TF,0.0,uM,823,1164108.0
plate6,0,smp_2069,93,CVCL_0069,2,DMSO_TF__0__uM,True,DMSO_TF__duplicate_1,DMSO_TF,0.0,uM,1719,3730945.0
plate6,0,smp_2069,93,CVCL_0099,3,DMSO_TF__0__uM,True,DMSO_TF__duplicate_1,DMSO_TF,0.0,uM,975,1605347.0
plate6,0,smp_2069,93,CVCL_0131,4,DMSO_TF__0__uM,True,DMSO_TF__duplicate_1,DMSO_TF,0.0,uM,3348,8362972.0
plate6,0,smp_2069,93,CVCL_0152,5,DMSO_TF__0__uM,True,DMSO_TF__duplicate_1,DMSO_TF,0.0,uM,2686,5221654.0
plate6,0,smp_2069,93,CVCL_0179,6,DMSO_TF__0__uM,True,DMSO_TF__duplicate_1,DMSO_TF,0.0,uM,1660,4434282.0
plate6,0,smp_2069,93,CVCL_0218,7,DMSO_TF__0__uM,True,DMSO_TF__duplicate_1,DMSO_TF,0.0,uM,1172,1921992.0
plate6,0,smp_2069,93,CVCL_0292,8,DMSO_TF__0__uM,True,DMSO_TF__duplicate_1,DMSO_TF,0.0,uM,1354,2177603.0
plate6,0,smp_2069,93,CVCL_0293,9,DMSO_TF__0__uM,True,DMSO_TF__duplicate_1,DMSO_TF,0.0,uM,2619,9296904.0
plate6,0,smp_2069,93,CVCL_0320,10,DMSO_TF__0__uM,True,DMSO_TF__duplicate_1,DMSO_TF,0.0,uM,2189,5410584.0
plate6,0,smp_2069,93,CVCL_0332,11,DMSO_TF__0__uM,True,DMSO_TF__duplicate_1,DMSO_TF,0.0,uM,1704,4326720.0
plate6,0,smp_2069,93,CVCL_0334,12,DMSO_TF__0__uM,True,DMSO_TF__duplicate_1,DMSO_TF,0.0,uM,1277,2267303.0
plate6,0,smp_2069,93,CVCL_0359,13,DMSO_TF__0__uM,True,DMSO_TF__duplicate_1,DMSO_TF,0.0,uM,2814,6649654.0
plate6,0,smp_2069,93,CVCL_0366,14,DMSO_TF__0__uM,True,DMSO_TF__duplicate_1,DMSO_TF,0.0,uM,1773,4934434.0
plate6,0,smp_2069,93,CVCL_0371,15,DMSO_TF__0__uM,True,DMSO_TF__duplicate_1,DMSO_TF,0.0,uM,2400,5556171.0
plate6,0,smp_2069,93,CVCL_0397,16,DMSO_TF__0__uM,True,DMSO_TF__duplicate_1,DMSO_TF,0.0,uM,1476,4457778.0
plate6,0,smp_2069,93,CVCL_0399,17,DMSO_TF__0__uM,True,DMSO_TF__duplicate_1,DMSO_TF,0.0,uM,3089,8346524.0
plate6,0,smp_2069,93,CVCL_0428,18,DMSO_TF__0__uM,True,DMSO_TF__duplicate_1,DMSO_TF,0.0,uM,1566,3445698.0
plate6,0,smp_2069,93,CVCL_0459,19,DMSO_TF__0__uM,True,DMSO_TF__duplicate_1,DMSO_TF,0.0,uM,4024,6737687.0
plate6,0,smp_2069,93,CVCL_0480,20,DMSO_TF__0__uM,True,DMSO_TF__duplicate_1,DMSO_TF,0.0,uM,3652,10908593.0
plate6,0,smp_2069,93,CVCL_0504,21,DMSO_TF__0__uM,True,DMSO_TF__duplicate_1,DMSO_TF,0.0,uM,2900,4592720.0
plate6,0,smp_2069,93,CVCL_0546,22,DMSO_TF__0__uM,True,DMSO_TF__duplicate_1,DMSO_TF,0.0,uM,5877,10852541.0
plate6,0,smp_2069,93,CVCL_1055,23,DMSO_TF__0__uM,True,DMSO_TF__duplicate_1,DMSO_TF,0.0,uM,1820,6905274.0
plate6,0,smp_2069,93,CVCL_1056,24,DMSO_TF__0__uM,True,DMSO_TF__duplicate_1,DMSO_TF,0.0,uM,2762,8932785.0
plate6,0,smp_2069,93,CVCL_1094,25,DMSO_TF__0__uM,True,DMSO_TF__duplicate_1,DMSO_TF,0.0,uM,1782,3187583.0
plate6,0,smp_2069,93,CVCL_1097,26,DMSO_TF__0__uM,True,DMSO_TF__duplicate_1,DMSO_TF,0.0,uM,2417,4365828.0
plate6,0,smp_2069,93,CVCL_1098,27,DMSO_TF__0__uM,True,DMSO_TF__duplicate_1,DMSO_TF,0.0,uM,1575,3048622.0
plate6,0,smp_2069,93,CVCL_1119,28,DMSO_TF__0__uM,True,DMSO_TF__duplicate_1,DMSO_TF,0.0,uM,1976,4822656.0
plate6,0,smp_2069,93,CVCL_1125,29,DMSO_TF__0__uM,True,DMSO_TF__duplicate_1,DMSO_TF,0.0,uM,333,481860.0
plate6,0,smp_2069,93,CVCL_1239,30,DMSO_TF__0__uM,True,DMSO_TF__duplicate_1,DMSO_TF,0.0,uM,785,1387429.0
plate6,0,smp_2069,93,CVCL_1285,31,DMSO_TF__0__uM,True,DMSO_TF__duplicate_1,DMSO_TF,0.0,uM,3328,6572815.0
plate6,0,smp_2069,93,CVCL_1381,32,DMSO_TF__0__uM,True,DMSO_TF__duplicate_1,DMSO_TF,0.0,uM,2494,5321039.0
plate6,0,smp_2069,93,CVCL_1478,33,DMSO_TF__0__uM,True,DMSO_TF__duplicate_1,DMSO_TF,0.0,uM,2171,6779566.0
plate6,0,smp_2069,93,CVCL_1495,34,DMSO_TF__0__uM,True,DMSO_TF__duplicate_1,DMSO_TF,0.0,uM,1775,3673104.0
plate6,0,smp_2069,93,CVCL_1517,35,DMSO_TF__0__uM,True,DMSO_TF__duplicate_1,DMSO_TF,0.0,uM,2464,8486864.0
plate6,0,smp_2069,93,CVCL_1531,36,DMSO_TF__0__uM,True,DMSO_TF__duplicate_1,DMSO_TF,0.0,uM,29,43737.0
plate6,0,smp_2069,93,CVCL_1547,37,DMSO_TF__0__uM,True,DMSO_TF__duplicate_1,DMSO_TF,0.0,uM,2146,5067835.0
plate6,0,smp_2069,93,CVCL_1550,38,DMSO_TF__0__uM,True,DMSO_TF__duplicate_1,DMSO_TF,0.0,uM,2161,8056424.0
plate6,0,smp_2069,93,CVCL_1571,39,DMSO_TF__0__uM,True,DMSO_TF__duplicate_1,DMSO_TF,0.0,uM,19,18700.0
plate6,0,smp_2069,93,CVCL_1577,40,DMSO_TF__0__uM,True,DMSO_TF__duplicate_1,DMSO_TF,0.0,uM,146,559361.0
plate6,0,smp_2069,93,CVCL_1635,41,DMSO_TF__0__uM,True,DMSO_TF__duplicate_1,DMSO_TF,0.0,uM,1448,3546593.0
plate6,0,smp_2069,93,CVCL_1666,42,DMSO_TF__0__uM,True,DMSO_TF__duplicate_1,DMSO_TF,0.0,uM,1535,2399497.0
plate6,0,smp_2069,93,CVCL_1693,43,DMSO_TF__0__uM,True,DMSO_TF__duplicate_1,DMSO_TF,0.0,uM,1497,2304156.0
plate6,0,smp_2069,93,CVCL_1715,44,DMSO_TF__0__uM,True,DMSO_TF__duplicate_1,DMSO_TF,0.0,uM,148,231756.0
plate6,0,smp_2069,93,CVCL_1716,45,DMSO_TF__0__uM,True,DMSO_TF__duplicate_1,DMSO_TF,0.0,uM,237,363707.0
plate6,0,smp_2069,93,CVCL_1717,46,DMSO_TF__0__uM,True,DMSO_TF__duplicate_1,DMSO_TF,0.0,uM,1975,5736246.0
plate6,0,smp_2069,93,CVCL_1724,47,DMSO_TF__0__uM,True,DMSO_TF__duplicate_1,DMSO_TF,0.0,uM,1117,2258024.0
plate6,0,smp_2069,93,CVCL_1731,48,DMSO_TF__0__uM,True,DMSO_TF__duplicate_1,DMSO_TF,0.0,uM,1591,2984001.0
plate6,0,smp_2069,93,CVCL_C466,49,DMSO_TF__0__uM,True,DMSO_TF__duplicate_1,DMSO_TF,0.0,uM,1828,2593561.0
plate6,0,smp_2070,94,CVCL_0023,0,DMSO_TF__0__uM,True,DMSO_TF__duplicate_2,DMSO_TF,0.0,uM,3513,8613279.0
plate6,0,smp_2070,94,CVCL_0028,1,DMSO_TF__0__uM,True,DMSO_TF__duplicate_2,DMSO_TF,0.0,uM,1196,2104895.0
plate6,0,smp_2070,94,CVCL_0069,2,DMSO_TF__0__uM,True,DMSO_TF__duplicate_2,DMSO_TF,0.0,uM,1900,5716732.0
plate6,0,smp_2070,94,CVCL_0099,3,DMSO_TF__0__uM,True,DMSO_TF__duplicate_2,DMSO_TF,0.0,uM,1382,3047620.0
plate6,0,smp_2070,94,CVCL_0131,4,DMSO_TF__0__uM,True,DMSO_TF__duplicate_2,DMSO_TF,0.0,uM,3505,12503900.0
plate6,0,smp_2070,94,CVCL_0152,5,DMSO_TF__0__uM,True,DMSO_TF__duplicate_2,DMSO_TF,0.0,uM,3506,8299359.0
plate6,0,smp_2070,94,CVCL_0179,6,DMSO_TF__0__uM,True,DMSO_TF__duplicate_2,DMSO_TF,0.0,uM,2075,7980640.0
plate6,0,smp_2070,94,CVCL_0218,7,DMSO_TF__0__uM,True,DMSO_TF__duplicate_2,DMSO_TF,0.0,uM,1517,3343632.0
plate6,0,smp_2070,94,CVCL_0292,8,DMSO_TF__0__uM,True,DMSO_TF__duplicate_2,DMSO_TF,0.0,uM,2056,4014483.0
plate6,0,smp_2070,94,CVCL_0293,9,DMSO_TF__0__uM,True,DMSO_TF__duplicate_2,DMSO_TF,0.0,uM,2656,11359008.0
plate6,0,smp_2070,94,CVCL_0320,10,DMSO_TF__0__uM,True,DMSO_TF__duplicate_2,DMSO_TF,0.0,uM,2526,8682762.0
plate6,0,smp_2070,94,CVCL_0332,11,DMSO_TF__0__uM,True,DMSO_TF__duplicate_2,DMSO_TF,0.0,uM,1725,6132532.0
plate6,0,smp_2070,94,CVCL_0334,12,DMSO_TF__0__uM,True,DMSO_TF__duplicate_2,DMSO_TF,0.0,uM,1448,3473195.0
plate6,0,smp_2070,94,CVCL_0359,13,DMSO_TF__0__uM,True,DMSO_TF__duplicate_2,DMSO_TF,0.0,uM,3188,10816377.0
plate6,0,smp_2070,94,CVCL_0366,14,DMSO_TF__0__uM,True,DMSO_TF__duplicate_2,DMSO_TF,0.0,uM,2050,8122590.0
plate6,0,smp_2070,94,CVCL_0371,15,DMSO_TF__0__uM,True,DMSO_TF__duplicate_2,DMSO_TF,0.0,uM,2680,8314823.0
plate6,0,smp_2070,94,CVCL_0397,16,DMSO_TF__0__uM,True,DMSO_TF__duplicate_2,DMSO_TF,0.0,uM,1816,7450581.0
plate6,0,smp_2070,94,CVCL_0399,17,DMSO_TF__0__uM,True,DMSO_TF__duplicate_2,DMSO_TF,0.0,uM,3834,12596310.0
plate6,0,smp_2070,94,CVCL_0428,18,DMSO_TF__0__uM,True,DMSO_TF__duplicate_2,DMSO_TF,0.0,uM,1642,5304430.0
plate6,0,smp_2070,94,CVCL_0459,19,DMSO_TF__0__uM,True,DMSO_TF__duplicate_2,DMSO_TF,0.0,uM,5494,12516873.0
plate6,0,smp_2070,94,CVCL_0480,20,DMSO_TF__0__uM,True,DMSO_TF__duplicate_2,DMSO_TF,0.0,uM,3808,15892359.0
plate6,0,smp_2070,94,CVCL_0504,21,DMSO_TF__0__uM,True,DMSO_TF__duplicate_2,DMSO_TF,0.0,uM,3403,7356859.0
plate6,0,smp_2070,94,CVCL_0546,22,DMSO_TF__0__uM,True,DMSO_TF__duplicate_2,DMSO_TF,0.0,uM,7282,17409050.0
plate6,0,smp_2070,94,CVCL_1055,23,DMSO_TF__0__uM,True,DMSO_TF__duplicate_2,DMSO_TF,0.0,uM,1989,10637943.0
plate6,0,smp_2070,94,CVCL_1056,24,DMSO_TF__0__uM,True,DMSO_TF__duplicate_2,DMSO_TF,0.0,uM,2991,13810045.0
plate6,0,smp_2070,94,CVCL_1094,25,DMSO_TF__0__uM,True,DMSO_TF__duplicate_2,DMSO_TF,0.0,uM,2033,5045933.0
plate6,0,smp_2070,94,CVCL_1097,26,DMSO_TF__0__uM,True,DMSO_TF__duplicate_2,DMSO_TF,0.0,uM,3045,7196057.0
plate6,0,smp_2070,94,CVCL_1098,27,DMSO_TF__0__uM,True,DMSO_TF__duplicate_2,DMSO_TF,0.0,uM,2468,5820712.0
plate6,0,smp_2070,94,CVCL_1119,28,DMSO_TF__0__uM,True,DMSO_TF__duplicate_2,DMSO_TF,0.0,uM,2225,7529261.0
plate6,0,smp_2070,94,CVCL_1125,29,DMSO_TF__0__uM,True,DMSO_TF__duplicate_2,DMSO_TF,0.0,uM,499,893685.0
plate6,0,smp_2070,94,CVCL_1239,30,DMSO_TF__0__uM,True,DMSO_TF__duplicate_2,DMSO_TF,0.0,uM,990,2525887.0
plate6,0,smp_2070,94,CVCL_1285,31,DMSO_TF__0__uM,True,DMSO_TF__duplicate_2,DMSO_TF,0.0,uM,3791,10666557.0
plate6,0,smp_2070,94,CVCL_1381,32,DMSO_TF__0__uM,True,DMSO_TF__duplicate_2,DMSO_TF,0.0,uM,2704,8157276.0
plate6,0,smp_2070,94,CVCL_1478,33,DMSO_TF__0__uM,True,DMSO_TF__duplicate_2,DMSO_TF,0.0,uM,2576,8383136.0
plate6,0,smp_2070,94,CVCL_1495,34,DMSO_TF__0__uM,True,DMSO_TF__duplicate_2,DMSO_TF,0.0,uM,2012,5851144.0
plate6,0,smp_2070,94,CVCL_1517,35,DMSO_TF__0__uM,True,DMSO_TF__duplicate_2,DMSO_TF,0.0,uM,2618,13174689.0
plate6,0,smp_2070,94,CVCL_1531,36,DMSO_TF__0__uM,True,DMSO_TF__duplicate_2,DMSO_TF,0.0,uM,25,42837.0
plate6,0,smp_2070,94,CVCL_1547,37,DMSO_TF__0__uM,True,DMSO_TF__duplicate_2,DMSO_TF,0.0,uM,2495,8114514.0
plate6,0,smp_2070,94,CVCL_1550,38,DMSO_TF__0__uM,True,DMSO_TF__duplicate_2,DMSO_TF,0.0,uM,2111,10696212.0
plate6,0,smp_2070,94,CVCL_1571,39,DMSO_TF__0__uM,True,DMSO_TF__duplicate_2,DMSO_TF,0.0,uM,7,7102.0
plate6,0,smp_2070,94,CVCL_1577,40,DMSO_TF__0__uM,True,DMSO_TF__duplicate_2,DMSO_TF,0.0,uM,142,831096.0
plate6,0,smp_2070,94,CVCL_1635,41,DMSO_TF__0__uM,True,DMSO_TF__duplicate_2,DMSO_TF,0.0,uM,1564,5140391.0
plate6,0,smp_2070,94,CVCL_1666,42,DMSO_TF__0__uM,True,DMSO_TF__duplicate_2,DMSO_TF,0.0,uM,1842,3707124.0
plate6,0,smp_2070,94,CVCL_1693,43,DMSO_TF__0__uM,True,DMSO_TF__duplicate_2,DMSO_TF,0.0,uM,1966,3946420.0
plate6,0,smp_2070,94,CVCL_1715,44,DMSO_TF__0__uM,True,DMSO_TF__duplicate_2,DMSO_TF,0.0,uM,167,375428.0
plate6,0,smp_2070,94,CVCL_1716,45,DMSO_TF__0__uM,True,DMSO_TF__duplicate_2,DMSO_TF,0.0,uM,305,619139.0
plate6,0,smp_2070,94,CVCL_1717,46,DMSO_TF__0__uM,True,DMSO_TF__duplicate_2,DMSO_TF,0.0,uM,2110,8113454.0
plate6,0,smp_2070,94,CVCL_1724,47,DMSO_TF__0__uM,True,DMSO_TF__duplicate_2,DMSO_TF,0.0,uM,1366,3625943.0
plate6,0,smp_2070,94,CVCL_1731,48,DMSO_TF__0__uM,True,DMSO_TF__duplicate_2,DMSO_TF,0.0,uM,1840,4833617.0
plate6,0,smp_2070,94,CVCL_C466,49,DMSO_TF__0__uM,True,DMSO_TF__duplicate_2,DMSO_TF,0.0,uM,2791,5177564.0
plate14,1,smp_2759,0,CVCL_0023,0,(R)-Verapamil (hydrochloride)__5__uM,False,,(R)-Verapamil (hydrochloride),5.0,uM,2256,5234303.0
plate14,1,smp_2759,0,CVCL_0028,1,(R)-Verapamil (hydrochloride)__5__uM,False,,(R)-Verapamil (hydrochloride),5.0,uM,469,824170.0
plate14,1,smp_2759,0,CVCL_0069,2,(R)-Verapamil (hydrochloride)__5__uM,False,,(R)-Verapamil (hydrochloride),5.0,uM,1075,2789651.0
plate14,1,smp_2759,0,CVCL_0099,3,(R)-Verapamil (hydrochloride)__5__uM,False,,(R)-Verapamil (hydrochloride),5.0,uM,597,1261759.0
plate14,1,smp_2759,0,CVCL_0131,4,(R)-Verapamil (hydrochloride)__5__uM,False,,(R)-Verapamil (hydrochloride),5.0,uM,2434,7777452.0
plate14,1,smp_2759,0,CVCL_0152,5,(R)-Verapamil (hydrochloride)__5__uM,False,,(R)-Verapamil (hydrochloride),5.0,uM,2381,4889828.0
plate14,1,smp_2759,0,CVCL_0179,6,(R)-Verapamil (hydrochloride)__5__uM,False,,(R)-Verapamil (hydrochloride),5.0,uM,1229,3982246.0
plate14,1,smp_2759,0,CVCL_0218,7,(R)-Verapamil (hydrochloride)__5__uM,False,,(R)-Verapamil (hydrochloride),5.0,uM,1572,3211882.0
plate14,1,smp_2759,0,CVCL_0292,8,(R)-Verapamil (hydrochloride)__5__uM,False,,(R)-Verapamil (hydrochloride),5.0,uM,1262,1984312.0
plate14,1,smp_2759,0,CVCL_0293,9,(R)-Verapamil (hydrochloride)__5__uM,False,,(R)-Verapamil (hydrochloride),5.0,uM,2854,7875073.0
plate14,1,smp_2759,0,CVCL_0320,10,(R)-Verapamil (hydrochloride)__5__uM,False,,(R)-Verapamil (hydrochloride),5.0,uM,2016,5355157.0
plate14,1,smp_2759,0,CVCL_0332,11,(R)-Verapamil (hydrochloride)__5__uM,False,,(R)-Verapamil (hydrochloride),5.0,uM,1187,3728449.0
plate14,1,smp_2759,0,CVCL_0334,12,(R)-Verapamil (hydrochloride)__5__uM,False,,(R)-Verapamil (hydrochloride),5.0,uM,847,1825232.0
plate14,1,smp_2759,0,CVCL_0359,13,(R)-Verapamil (hydrochloride)__5__uM,False,,(R)-Verapamil (hydrochloride),5.0,uM,1852,5283108.0
plate14,1,smp_2759,0,CVCL_0366,14,(R)-Verapamil (hydrochloride)__5__uM,False,,(R)-Verapamil (hydrochloride),5.0,uM,1549,5433206.0
plate14,1,smp_2759,0,CVCL_0371,15,(R)-Verapamil (hydrochloride)__5__uM,False,,(R)-Verapamil (hydrochloride),5.0,uM,2165,5402841.0
plate14,1,smp_2759,0,CVCL_0397,16,(R)-Verapamil (hydrochloride)__5__uM,False,,(R)-Verapamil (hydrochloride),5.0,uM,1900,5474352.0
plate14,1,smp_2759,0,CVCL_0399,17,(R)-Verapamil (hydrochloride)__5__uM,False,,(R)-Verapamil (hydrochloride),5.0,uM,3305,8128554.0
plate14,1,smp_2759,0,CVCL_0428,18,(R)-Verapamil (hydrochloride)__5__uM,False,,(R)-Verapamil (hydrochloride),5.0,uM,845,2056857.0
plate14,1,smp_2759,0,CVCL_0459,19,(R)-Verapamil (hydrochloride)__5__uM,False,,(R)-Verapamil (hydrochloride),5.0,uM,5049,10936822.0
plate14,1,smp_2759,0,CVCL_0480,20,(R)-Verapamil (hydrochloride)__5__uM,False,,(R)-Verapamil (hydrochloride),5.0,uM,2631,8978294.0
plate14,1,smp_2759,0,CVCL_0504,21,(R)-Verapamil (hydrochloride)__5__uM,False,,(R)-Verapamil (hydrochloride),5.0,uM,1561,2948379.0
plate14,1,smp_2759,0,CVCL_0546,22,(R)-Verapamil (hydrochloride)__5__uM,False,,(R)-Verapamil (hydrochloride),5.0,uM,5315,11687266.0
plate14,1,smp_2759,0,CVCL_1055,23,(R)-Verapamil (hydrochloride)__5__uM,False,,(R)-Verapamil (hydrochloride),5.0,uM,1032,3845956.0
plate14,1,smp_2759,0,CVCL_1056,24,(R)-Verapamil (hydrochloride)__5__uM,False,,(R)-Verapamil (hydrochloride),5.0,uM,2038,7552910.0
plate14,1,smp_2759,0,CVCL_1094,25,(R)-Verapamil (hydrochloride)__5__uM,False,,(R)-Verapamil (hydrochloride),5.0,uM,1155,2370985.0
plate14,1,smp_2759,0,CVCL_1097,26,(R)-Verapamil (hydrochloride)__5__uM,False,,(R)-Verapamil (hydrochloride),5.0,uM,2109,4743284.0
plate14,1,smp_2759,0,CVCL_1098,27,(R)-Verapamil (hydrochloride)__5__uM,False,,(R)-Verapamil (hydrochloride),5.0,uM,1735,3517102.0
plate14,1,smp_2759,0,CVCL_1119,28,(R)-Verapamil (hydrochloride)__5__uM,False,,(R)-Verapamil (hydrochloride),5.0,uM,1749,4752841.0
plate14,1,smp_2759,0,CVCL_1125,29,(R)-Verapamil (hydrochloride)__5__uM,False,,(R)-Verapamil (hydrochloride),5.0,uM,383,640363.0
plate14,1,smp_2759,0,CVCL_1239,30,(R)-Verapamil (hydrochloride)__5__uM,False,,(R)-Verapamil (hydrochloride),5.0,uM,801,1844527.0
plate14,1,smp_2759,0,CVCL_1285,31,(R)-Verapamil (hydrochloride)__5__uM,False,,(R)-Verapamil (hydrochloride),5.0,uM,2694,6990540.0
plate14,1,smp_2759,0,CVCL_1381,32,(R)-Verapamil (hydrochloride)__5__uM,False,,(R)-Verapamil (hydrochloride),5.0,uM,1477,4041170.0
plate14,1,smp_2759,0,CVCL_1478,33,(R)-Verapamil (hydrochloride)__5__uM,False,,(R)-Verapamil (hydrochloride),5.0,uM,2032,5238032.0
plate14,1,smp_2759,0,CVCL_1495,34,(R)-Verapamil (hydrochloride)__5__uM,False,,(R)-Verapamil (hydrochloride),5.0,uM,1331,3688026.0
plate14,1,smp_2759,0,CVCL_1517,35,(R)-Verapamil (hydrochloride)__5__uM,False,,(R)-Verapamil (hydrochloride),5.0,uM,2399,9213719.0
plate14,1,smp_2759,0,CVCL_1531,36,(R)-Verapamil (hydrochloride)__5__uM,False,,(R)-Verapamil (hydrochloride),5.0,uM,30,41268.0
plate14,1,smp_2759,0,CVCL_1547,37,(R)-Verapamil (hydrochloride)__5__uM,False,,(R)-Verapamil (hydrochloride),5.0,uM,1763,4763206.0
plate14,1,smp_2759,0,CVCL_1550,38,(R)-Verapamil (hydrochloride)__5__uM,False,,(R)-Verapamil (hydrochloride),5.0,uM,1586,6036331.0
plate14,1,smp_2759,0,CVCL_1571,39,(R)-Verapamil (hydrochloride)__5__uM,False,,(R)-Verapamil (hydrochloride),5.0,uM,9,8940.0
plate14,1,smp_2759,0,CVCL_1577,40,(R)-Verapamil (hydrochloride)__5__uM,False,,(R)-Verapamil (hydrochloride),5.0,uM,96,398700.0
plate14,1,smp_2759,0,CVCL_1635,41,(R)-Verapamil (hydrochloride)__5__uM,False,,(R)-Verapamil (hydrochloride),5.0,uM,1363,3681335.0
plate14,1,smp_2759,0,CVCL_1666,42,(R)-Verapamil (hydrochloride)__5__uM,False,,(R)-Verapamil (hydrochloride),5.0,uM,1324,2564162.0
plate14,1,smp_2759,0,CVCL_1693,43,(R)-Verapamil (hydrochloride)__5__uM,False,,(R)-Verapamil (hydrochloride),5.0,uM,902,1731923.0
plate14,1,smp_2759,0,CVCL_1715,44,(R)-Verapamil (hydrochloride)__5__uM,False,,(R)-Verapamil (hydrochloride),5.0,uM,201,414510.0
plate14,1,smp_2759,0,CVCL_1716,45,(R)-Verapamil (hydrochloride)__5__uM,False,,(R)-Verapamil (hydrochloride),5.0,uM,223,389179.0
plate14,1,smp_2759,0,CVCL_1717,46,(R)-Verapamil (hydrochloride)__5__uM,False,,(R)-Verapamil (hydrochloride),5.0,uM,1818,5131477.0
plate14,1,smp_2759,0,CVCL_1724,47,(R)-Verapamil (hydrochloride)__5__uM,False,,(R)-Verapamil (hydrochloride),5.0,uM,1227,2865854.0
plate14,1,smp_2759,0,CVCL_1731,48,(R)-Verapamil (hydrochloride)__5__uM,False,,(R)-Verapamil (hydrochloride),5.0,uM,1549,3723271.0
plate14,1,smp_2759,0,CVCL_C466,49,(R)-Verapamil (hydrochloride)__5__uM,False,,(R)-Verapamil (hydrochloride),5.0,uM,1723,3126402.0
plate14,1,smp_2772,1,CVCL_0023,0,18β-Glycyrrhetinic acid__5__uM,False,,18β-Glycyrrhetinic acid,5.0,uM,2013,3647307.0
plate14,1,smp_2772,1,CVCL_0028,1,18β-Glycyrrhetinic acid__5__uM,False,,18β-Glycyrrhetinic acid,5.0,uM,390,531959.0
plate14,1,smp_2772,1,CVCL_0069,2,18β-Glycyrrhetinic acid__5__uM,False,,18β-Glycyrrhetinic acid,5.0,uM,941,2004050.0
plate14,1,smp_2772,1,CVCL_0099,3,18β-Glycyrrhetinic acid__5__uM,False,,18β-Glycyrrhetinic acid,5.0,uM,512,830198.0
plate14,1,smp_2772,1,CVCL_0131,4,18β-Glycyrrhetinic acid__5__uM,False,,18β-Glycyrrhetinic acid,5.0,uM,2216,5526983.0
plate14,1,smp_2772,1,CVCL_0152,5,18β-Glycyrrhetinic acid__5__uM,False,,18β-Glycyrrhetinic acid,5.0,uM,1947,3392313.0
plate14,1,smp_2772,1,CVCL_0179,6,18β-Glycyrrhetinic acid__5__uM,False,,18β-Glycyrrhetinic acid,5.0,uM,1052,2594272.0
plate14,1,smp_2772,1,CVCL_0218,7,18β-Glycyrrhetinic acid__5__uM,False,,18β-Glycyrrhetinic acid,5.0,uM,1184,1887480.0
plate14,1,smp_2772,1,CVCL_0292,8,18β-Glycyrrhetinic acid__5__uM,False,,18β-Glycyrrhetinic acid,5.0,uM,826,1058782.0
plate14,1,smp_2772,1,CVCL_0293,9,18β-Glycyrrhetinic acid__5__uM,False,,18β-Glycyrrhetinic acid,5.0,uM,2419,5751645.0
plate14,1,smp_2772,1,CVCL_0320,10,18β-Glycyrrhetinic acid__5__uM,False,,18β-Glycyrrhetinic acid,5.0,uM,1624,3461721.0
plate14,1,smp_2772,1,CVCL_0332,11,18β-Glycyrrhetinic acid__5__uM,False,,18β-Glycyrrhetinic acid,5.0,uM,1090,2666706.0
plate14,1,smp_2772,1,CVCL_0334,12,18β-Glycyrrhetinic acid__5__uM,False,,18β-Glycyrrhetinic acid,5.0,uM,831,1491100.0
plate14,1,smp_2772,1,CVCL_0359,13,18β-Glycyrrhetinic acid__5__uM,False,,18β-Glycyrrhetinic acid,5.0,uM,1683,3846879.0
plate14,1,smp_2772,1,CVCL_0366,14,18β-Glycyrrhetinic acid__5__uM,False,,18β-Glycyrrhetinic acid,5.0,uM,1424,3876358.0
plate14,1,smp_2772,1,CVCL_0371,15,18β-Glycyrrhetinic acid__5__uM,False,,18β-Glycyrrhetinic acid,5.0,uM,1803,3589808.0
plate14,1,smp_2772,1,CVCL_0397,16,18β-Glycyrrhetinic acid__5__uM,False,,18β-Glycyrrhetinic acid,5.0,uM,1436,3575718.0
plate14,1,smp_2772,1,CVCL_0399,17,18β-Glycyrrhetinic acid__5__uM,False,,18β-Glycyrrhetinic acid,5.0,uM,2689,5746709.0
plate14,1,smp_2772,1,CVCL_0428,18,18β-Glycyrrhetinic acid__5__uM,False,,18β-Glycyrrhetinic acid,5.0,uM,854,1698839.0
plate14,1,smp_2772,1,CVCL_0459,19,18β-Glycyrrhetinic acid__5__uM,False,,18β-Glycyrrhetinic acid,5.0,uM,3903,6697719.0
plate14,1,smp_2772,1,CVCL_0480,20,18β-Glycyrrhetinic acid__5__uM,False,,18β-Glycyrrhetinic acid,5.0,uM,2522,6795215.0
plate14,1,smp_2772,1,CVCL_0504,21,18β-Glycyrrhetinic acid__5__uM,False,,18β-Glycyrrhetinic acid,5.0,uM,1195,1792032.0
plate14,1,smp_2772,1,CVCL_0546,22,18β-Glycyrrhetinic acid__5__uM,False,,18β-Glycyrrhetinic acid,5.0,uM,4168,7534313.0
plate14,1,smp_2772,1,CVCL_1055,23,18β-Glycyrrhetinic acid__5__uM,False,,18β-Glycyrrhetinic acid,5.0,uM,1072,3152154.0
plate14,1,smp_2772,1,CVCL_1056,24,18β-Glycyrrhetinic acid__5__uM,False,,18β-Glycyrrhetinic acid,5.0,uM,1996,5838032.0
plate14,1,smp_2772,1,CVCL_1094,25,18β-Glycyrrhetinic acid__5__uM,False,,18β-Glycyrrhetinic acid,5.0,uM,871,1364021.0
plate14,1,smp_2772,1,CVCL_1097,26,18β-Glycyrrhetinic acid__5__uM,False,,18β-Glycyrrhetinic acid,5.0,uM,1736,3162735.0
plate14,1,smp_2772,1,CVCL_1098,27,18β-Glycyrrhetinic acid__5__uM,False,,18β-Glycyrrhetinic acid,5.0,uM,1391,2289430.0
plate14,1,smp_2772,1,CVCL_1119,28,18β-Glycyrrhetinic acid__5__uM,False,,18β-Glycyrrhetinic acid,5.0,uM,1622,3452380.0
plate14,1,smp_2772,1,CVCL_1125,29,18β-Glycyrrhetinic acid__5__uM,False,,18β-Glycyrrhetinic acid,5.0,uM,279,376541.0
plate14,1,smp_2772,1,CVCL_1239,30,18β-Glycyrrhetinic acid__5__uM,False,,18β-Glycyrrhetinic acid,5.0,uM,651,1140218.0
plate14,1,smp_2772,1,CVCL_1285,31,18β-Glycyrrhetinic acid__5__uM,False,,18β-Glycyrrhetinic acid,5.0,uM,2407,4942804.0
plate14,1,smp_2772,1,CVCL_1381,32,18β-Glycyrrhetinic acid__5__uM,False,,18β-Glycyrrhetinic acid,5.0,uM,1354,2889263.0
plate14,1,smp_2772,1,CVCL_1478,33,18β-Glycyrrhetinic acid__5__uM,False,,18β-Glycyrrhetinic acid,5.0,uM,1727,3948596.0
plate14,1,smp_2772,1,CVCL_1495,34,18β-Glycyrrhetinic acid__5__uM,False,,18β-Glycyrrhetinic acid,5.0,uM,1246,2678730.0
plate14,1,smp_2772,1,CVCL_1517,35,18β-Glycyrrhetinic acid__5__uM,False,,18β-Glycyrrhetinic acid,5.0,uM,2194,6676351.0
plate14,1,smp_2772,1,CVCL_1531,36,18β-Glycyrrhetinic acid__5__uM,False,,18β-Glycyrrhetinic acid,5.0,uM,25,38664.0
plate14,1,smp_2772,1,CVCL_1547,37,18β-Glycyrrhetinic acid__5__uM,False,,18β-Glycyrrhetinic acid,5.0,uM,1491,3094405.0
plate14,1,smp_2772,1,CVCL_1550,38,18β-Glycyrrhetinic acid__5__uM,False,,18β-Glycyrrhetinic acid,5.0,uM,1725,5428908.0
plate14,1,smp_2772,1,CVCL_1571,39,18β-Glycyrrhetinic acid__5__uM,False,,18β-Glycyrrhetinic acid,5.0,uM,14,15560.0
plate14,1,smp_2772,1,CVCL_1577,40,18β-Glycyrrhetinic acid__5__uM,False,,18β-Glycyrrhetinic acid,5.0,uM,93,308919.0
plate14,1,smp_2772,1,CVCL_1635,41,18β-Glycyrrhetinic acid__5__uM,False,,18β-Glycyrrhetinic acid,5.0,uM,1205,2647541.0
plate14,1,smp_2772,1,CVCL_1666,42,18β-Glycyrrhetinic acid__5__uM,False,,18β-Glycyrrhetinic acid,5.0,uM,1020,1597707.0
plate14,1,smp_2772,1,CVCL_1693,43,18β-Glycyrrhetinic acid__5__uM,False,,18β-Glycyrrhetinic acid,5.0,uM,751,1110395.0
plate14,1,smp_2772,1,CVCL_1715,44,18β-Glycyrrhetinic acid__5__uM,False,,18β-Glycyrrhetinic acid,5.0,uM,137,221743.0
plate14,1,smp_2772,1,CVCL_1716,45,18β-Glycyrrhetinic acid__5__uM,False,,18β-Glycyrrhetinic acid,5.0,uM,182,259836.0
plate14,1,smp_2772,1,CVCL_1717,46,18β-Glycyrrhetinic acid__5__uM,False,,18β-Glycyrrhetinic acid,5.0,uM,1647,3822214.0
plate14,1,smp_2772,1,CVCL_1724,47,18β-Glycyrrhetinic acid__5__uM,False,,18β-Glycyrrhetinic acid,5.0,uM,812,1468076.0
plate14,1,smp_2772,1,CVCL_1731,48,18β-Glycyrrhetinic acid__5__uM,False,,18β-Glycyrrhetinic acid,5.0,uM,1254,2412241.0
plate14,1,smp_2772,1,CVCL_C466,49,18β-Glycyrrhetinic acid__5__uM,False,,18β-Glycyrrhetinic acid,5.0,uM,1288,1907279.0
plate14,1,smp_2743,2,CVCL_0023,0,8-Hydroxyquinoline__5__uM,False,,8-Hydroxyquinoline,5.0,uM,1549,2972368.0
plate14,1,smp_2743,2,CVCL_0028,1,8-Hydroxyquinoline__5__uM,False,,8-Hydroxyquinoline,5.0,uM,340,499223.0
plate14,1,smp_2743,2,CVCL_0069,2,8-Hydroxyquinoline__5__uM,False,,8-Hydroxyquinoline,5.0,uM,845,1851405.0
plate14,1,smp_2743,2,CVCL_0099,3,8-Hydroxyquinoline__5__uM,False,,8-Hydroxyquinoline,5.0,uM,427,734752.0
plate14,1,smp_2743,2,CVCL_0131,4,8-Hydroxyquinoline__5__uM,False,,8-Hydroxyquinoline,5.0,uM,1717,4635953.0
plate14,1,smp_2743,2,CVCL_0152,5,8-Hydroxyquinoline__5__uM,False,,8-Hydroxyquinoline,5.0,uM,1440,2585071.0
plate14,1,smp_2743,2,CVCL_0179,6,8-Hydroxyquinoline__5__uM,False,,8-Hydroxyquinoline,5.0,uM,905,2504629.0
plate14,1,smp_2743,2,CVCL_0218,7,8-Hydroxyquinoline__5__uM,False,,8-Hydroxyquinoline,5.0,uM,812,1391353.0
plate14,1,smp_2743,2,CVCL_0292,8,8-Hydroxyquinoline__5__uM,False,,8-Hydroxyquinoline,5.0,uM,716,1007837.0
plate14,1,smp_2743,2,CVCL_0293,9,8-Hydroxyquinoline__5__uM,False,,8-Hydroxyquinoline,5.0,uM,1798,4569495.0
plate14,1,smp_2743,2,CVCL_0320,10,8-Hydroxyquinoline__5__uM,False,,8-Hydroxyquinoline,5.0,uM,1302,2897903.0
plate14,1,smp_2743,2,CVCL_0332,11,8-Hydroxyquinoline__5__uM,False,,8-Hydroxyquinoline,5.0,uM,895,2426161.0
plate14,1,smp_2743,2,CVCL_0334,12,8-Hydroxyquinoline__5__uM,False,,8-Hydroxyquinoline,5.0,uM,631,1153809.0
plate14,1,smp_2743,2,CVCL_0359,13,8-Hydroxyquinoline__5__uM,False,,8-Hydroxyquinoline,5.0,uM,1478,3688794.0
plate14,1,smp_2743,2,CVCL_0366,14,8-Hydroxyquinoline__5__uM,False,,8-Hydroxyquinoline,5.0,uM,1159,3462429.0
plate14,1,smp_2743,2,CVCL_0371,15,8-Hydroxyquinoline__5__uM,False,,8-Hydroxyquinoline,5.0,uM,1380,3012115.0
plate14,1,smp_2743,2,CVCL_0397,16,8-Hydroxyquinoline__5__uM,False,,8-Hydroxyquinoline,5.0,uM,1181,2896379.0
plate14,1,smp_2743,2,CVCL_0399,17,8-Hydroxyquinoline__5__uM,False,,8-Hydroxyquinoline,5.0,uM,1966,4385322.0
plate14,1,smp_2743,2,CVCL_0428,18,8-Hydroxyquinoline__5__uM,False,,8-Hydroxyquinoline,5.0,uM,609,1381244.0
plate14,1,smp_2743,2,CVCL_0459,19,8-Hydroxyquinoline__5__uM,False,,8-Hydroxyquinoline,5.0,uM,3271,6182689.0
plate14,1,smp_2743,2,CVCL_0480,20,8-Hydroxyquinoline__5__uM,False,,8-Hydroxyquinoline,5.0,uM,1973,5633697.0
plate14,1,smp_2743,2,CVCL_0504,21,8-Hydroxyquinoline__5__uM,False,,8-Hydroxyquinoline,5.0,uM,1192,1941136.0
plate14,1,smp_2743,2,CVCL_0546,22,8-Hydroxyquinoline__5__uM,False,,8-Hydroxyquinoline,5.0,uM,3063,5729773.0
plate14,1,smp_2743,2,CVCL_1055,23,8-Hydroxyquinoline__5__uM,False,,8-Hydroxyquinoline,5.0,uM,809,2668023.0
plate14,1,smp_2743,2,CVCL_1056,24,8-Hydroxyquinoline__5__uM,False,,8-Hydroxyquinoline,5.0,uM,1521,5001851.0
plate14,1,smp_2743,2,CVCL_1094,25,8-Hydroxyquinoline__5__uM,False,,8-Hydroxyquinoline,5.0,uM,718,1271641.0
plate14,1,smp_2743,2,CVCL_1097,26,8-Hydroxyquinoline__5__uM,False,,8-Hydroxyquinoline,5.0,uM,1323,2613030.0
plate14,1,smp_2743,2,CVCL_1098,27,8-Hydroxyquinoline__5__uM,False,,8-Hydroxyquinoline,5.0,uM,957,1578421.0
plate14,1,smp_2743,2,CVCL_1119,28,8-Hydroxyquinoline__5__uM,False,,8-Hydroxyquinoline,5.0,uM,1202,2811962.0
plate14,1,smp_2743,2,CVCL_1125,29,8-Hydroxyquinoline__5__uM,False,,8-Hydroxyquinoline,5.0,uM,196,278601.0
plate14,1,smp_2743,2,CVCL_1239,30,8-Hydroxyquinoline__5__uM,False,,8-Hydroxyquinoline,5.0,uM,564,1078086.0
plate14,1,smp_2743,2,CVCL_1285,31,8-Hydroxyquinoline__5__uM,False,,8-Hydroxyquinoline,5.0,uM,1886,4019130.0
plate14,1,smp_2743,2,CVCL_1381,32,8-Hydroxyquinoline__5__uM,False,,8-Hydroxyquinoline,5.0,uM,1093,2593233.0
plate14,1,smp_2743,2,CVCL_1478,33,8-Hydroxyquinoline__5__uM,False,,8-Hydroxyquinoline,5.0,uM,1090,2505572.0
plate14,1,smp_2743,2,CVCL_1495,34,8-Hydroxyquinoline__5__uM,False,,8-Hydroxyquinoline,5.0,uM,1006,2312269.0
plate14,1,smp_2743,2,CVCL_1517,35,8-Hydroxyquinoline__5__uM,False,,8-Hydroxyquinoline,5.0,uM,1822,6113721.0
plate14,1,smp_2743,2,CVCL_1531,36,8-Hydroxyquinoline__5__uM,False,,8-Hydroxyquinoline,5.0,uM,24,25900.0
plate14,1,smp_2743,2,CVCL_1547,37,8-Hydroxyquinoline__5__uM,False,,8-Hydroxyquinoline,5.0,uM,1080,2428579.0
plate14,1,smp_2743,2,CVCL_1550,38,8-Hydroxyquinoline__5__uM,False,,8-Hydroxyquinoline,5.0,uM,1225,4083267.0
plate14,1,smp_2743,2,CVCL_1571,39,8-Hydroxyquinoline__5__uM,False,,8-Hydroxyquinoline,5.0,uM,6,5287.0
plate14,1,smp_2743,2,CVCL_1577,40,8-Hydroxyquinoline__5__uM,False,,8-Hydroxyquinoline,5.0,uM,60,194180.0
plate14,1,smp_2743,2,CVCL_1635,41,8-Hydroxyquinoline__5__uM,False,,8-Hydroxyquinoline,5.0,uM,930,2106064.0
plate14,1,smp_2743,2,CVCL_1666,42,8-Hydroxyquinoline__5__uM,False,,8-Hydroxyquinoline,5.0,uM,846,1460582.0
plate14,1,smp_2743,2,CVCL_1693,43,8-Hydroxyquinoline__5__uM,False,,8-Hydroxyquinoline,5.0,uM,623,980182.0
plate14,1,smp_2743,2,CVCL_1715,44,8-Hydroxyquinoline__5__uM,False,,8-Hydroxyquinoline,5.0,uM,168,318052.0
plate14,1,smp_2743,2,CVCL_1716,45,8-Hydroxyquinoline__5__uM,False,,8-Hydroxyquinoline,5.0,uM,143,220762.0
plate14,1,smp_2743,2,CVCL_1717,46,8-Hydroxyquinoline__5__uM,False,,8-Hydroxyquinoline,5.0,uM,1151,2903449.0
plate14,1,smp_2743,2,CVCL_1724,47,8-Hydroxyquinoline__5__uM,False,,8-Hydroxyquinoline,5.0,uM,619,1165662.0
plate14,1,smp_2743,2,CVCL_1731,48,8-Hydroxyquinoline__5__uM,False,,8-Hydroxyquinoline,5.0,uM,950,1911164.0
plate14,1,smp_2743,2,CVCL_C466,49,8-Hydroxyquinoline__5__uM,False,,8-Hydroxyquinoline,5.0,uM,1090,1691951.0
plate14,1,smp_2761,3,CVCL_0023,0,Acetohexamide__5__uM,False,,Acetohexamide,5.0,uM,1944,4423048.0
plate14,1,smp_2761,3,CVCL_0028,1,Acetohexamide__5__uM,False,,Acetohexamide,5.0,uM,386,632992.0
plate14,1,smp_2761,3,CVCL_0069,2,Acetohexamide__5__uM,False,,Acetohexamide,5.0,uM,941,2531870.0
plate14,1,smp_2761,3,CVCL_0099,3,Acetohexamide__5__uM,False,,Acetohexamide,5.0,uM,629,1289242.0
plate14,1,smp_2761,3,CVCL_0131,4,Acetohexamide__5__uM,False,,Acetohexamide,5.0,uM,1876,6058961.0
plate14,1,smp_2761,3,CVCL_0152,5,Acetohexamide__5__uM,False,,Acetohexamide,5.0,uM,2148,4255528.0
plate14,1,smp_2761,3,CVCL_0179,6,Acetohexamide__5__uM,False,,Acetohexamide,5.0,uM,1256,4278654.0
plate14,1,smp_2761,3,CVCL_0218,7,Acetohexamide__5__uM,False,,Acetohexamide,5.0,uM,1532,3159927.0
plate14,1,smp_2761,3,CVCL_0292,8,Acetohexamide__5__uM,False,,Acetohexamide,5.0,uM,1024,1656849.0
plate14,1,smp_2761,3,CVCL_0293,9,Acetohexamide__5__uM,False,,Acetohexamide,5.0,uM,2511,6872430.0
plate14,1,smp_2761,3,CVCL_0320,10,Acetohexamide__5__uM,False,,Acetohexamide,5.0,uM,1798,4735354.0
plate14,1,smp_2761,3,CVCL_0332,11,Acetohexamide__5__uM,False,,Acetohexamide,5.0,uM,939,2879193.0
plate14,1,smp_2761,3,CVCL_0334,12,Acetohexamide__5__uM,False,,Acetohexamide,5.0,uM,850,1762327.0
plate14,1,smp_2761,3,CVCL_0359,13,Acetohexamide__5__uM,False,,Acetohexamide,5.0,uM,1461,4184075.0
plate14,1,smp_2761,3,CVCL_0366,14,Acetohexamide__5__uM,False,,Acetohexamide,5.0,uM,1311,4517540.0
plate14,1,smp_2761,3,CVCL_0371,15,Acetohexamide__5__uM,False,,Acetohexamide,5.0,uM,1801,4558904.0
plate14,1,smp_2761,3,CVCL_0397,16,Acetohexamide__5__uM,False,,Acetohexamide,5.0,uM,1773,4824460.0
plate14,1,smp_2761,3,CVCL_0399,17,Acetohexamide__5__uM,False,,Acetohexamide,5.0,uM,3064,7361631.0
plate14,1,smp_2761,3,CVCL_0428,18,Acetohexamide__5__uM,False,,Acetohexamide,5.0,uM,724,1920270.0
plate14,1,smp_2761,3,CVCL_0459,19,Acetohexamide__5__uM,False,,Acetohexamide,5.0,uM,4352,9643355.0
plate14,1,smp_2761,3,CVCL_0480,20,Acetohexamide__5__uM,False,,Acetohexamide,5.0,uM,2395,8285901.0
plate14,1,smp_2761,3,CVCL_0504,21,Acetohexamide__5__uM,False,,Acetohexamide,5.0,uM,1285,2421887.0
plate14,1,smp_2761,3,CVCL_0546,22,Acetohexamide__5__uM,False,,Acetohexamide,5.0,uM,4222,9413841.0
plate14,1,smp_2761,3,CVCL_1055,23,Acetohexamide__5__uM,False,,Acetohexamide,5.0,uM,919,3525589.0
plate14,1,smp_2761,3,CVCL_1056,24,Acetohexamide__5__uM,False,,Acetohexamide,5.0,uM,1775,6802418.0
plate14,1,smp_2761,3,CVCL_1094,25,Acetohexamide__5__uM,False,,Acetohexamide,5.0,uM,813,1666618.0
plate14,1,smp_2761,3,CVCL_1097,26,Acetohexamide__5__uM,False,,Acetohexamide,5.0,uM,1751,4020534.0
plate14,1,smp_2761,3,CVCL_1098,27,Acetohexamide__5__uM,False,,Acetohexamide,5.0,uM,1495,2863548.0
plate14,1,smp_2761,3,CVCL_1119,28,Acetohexamide__5__uM,False,,Acetohexamide,5.0,uM,1496,4138874.0
plate14,1,smp_2761,3,CVCL_1125,29,Acetohexamide__5__uM,False,,Acetohexamide,5.0,uM,382,633037.0
plate14,1,smp_2761,3,CVCL_1239,30,Acetohexamide__5__uM,False,,Acetohexamide,5.0,uM,795,1806868.0
plate14,1,smp_2761,3,CVCL_1285,31,Acetohexamide__5__uM,False,,Acetohexamide,5.0,uM,2465,6522970.0
plate14,1,smp_2761,3,CVCL_1381,32,Acetohexamide__5__uM,False,,Acetohexamide,5.0,uM,1229,3343385.0
plate14,1,smp_2761,3,CVCL_1478,33,Acetohexamide__5__uM,False,,Acetohexamide,5.0,uM,1907,4868119.0
plate14,1,smp_2761,3,CVCL_1495,34,Acetohexamide__5__uM,False,,Acetohexamide,5.0,uM,1242,3390656.0
plate14,1,smp_2761,3,CVCL_1517,35,Acetohexamide__5__uM,False,,Acetohexamide,5.0,uM,2088,8281705.0
plate14,1,smp_2761,3,CVCL_1531,36,Acetohexamide__5__uM,False,,Acetohexamide,5.0,uM,20,28565.0
plate14,1,smp_2761,3,CVCL_1547,37,Acetohexamide__5__uM,False,,Acetohexamide,5.0,uM,1426,3775974.0
plate14,1,smp_2761,3,CVCL_1550,38,Acetohexamide__5__uM,False,,Acetohexamide,5.0,uM,1519,5899411.0
plate14,1,smp_2761,3,CVCL_1571,39,Acetohexamide__5__uM,False,,Acetohexamide,5.0,uM,18,17890.0
plate14,1,smp_2761,3,CVCL_1577,40,Acetohexamide__5__uM,False,,Acetohexamide,5.0,uM,80,334337.0
plate14,1,smp_2761,3,CVCL_1635,41,Acetohexamide__5__uM,False,,Acetohexamide,5.0,uM,1256,3346108.0
plate14,1,smp_2761,3,CVCL_1666,42,Acetohexamide__5__uM,False,,Acetohexamide,5.0,uM,1014,1997761.0
plate14,1,smp_2761,3,CVCL_1693,43,Acetohexamide__5__uM,False,,Acetohexamide,5.0,uM,805,1519787.0
plate14,1,smp_2761,3,CVCL_1715,44,Acetohexamide__5__uM,False,,Acetohexamide,5.0,uM,251,520305.0
plate14,1,smp_2761,3,CVCL_1716,45,Acetohexamide__5__uM,False,,Acetohexamide,5.0,uM,204,372723.0
plate14,1,smp_2761,3,CVCL_1717,46,Acetohexamide__5__uM,False,,Acetohexamide,5.0,uM,1561,4417627.0
plate14,1,smp_2761,3,CVCL_1724,47,Acetohexamide__5__uM,False,,Acetohexamide,5.0,uM,934,2195426.0
plate14,1,smp_2761,3,CVCL_1731,48,Acetohexamide__5__uM,False,,Acetohexamide,5.0,uM,1261,3103790.0
plate14,1,smp_2761,3,CVCL_C466,49,Acetohexamide__5__uM,False,,Acetohexamide,5.0,uM,1695,3119247.0
plate14,1,smp_2836,4,CVCL_0023,0,Adagrasib__0.05__uM,False,,Adagrasib,0.05,uM,1561,3233313.0
plate14,1,smp_2836,4,CVCL_0028,1,Adagrasib__0.05__uM,False,,Adagrasib,0.05,uM,168,232625.0
plate14,1,smp_2836,4,CVCL_0069,2,Adagrasib__0.05__uM,False,,Adagrasib,0.05,uM,539,1178297.0
plate14,1,smp_2836,4,CVCL_0099,3,Adagrasib__0.05__uM,False,,Adagrasib,0.05,uM,222,381827.0
plate14,1,smp_2836,4,CVCL_0131,4,Adagrasib__0.05__uM,False,,Adagrasib,0.05,uM,1829,5155743.0
plate14,1,smp_2836,4,CVCL_0152,5,Adagrasib__0.05__uM,False,,Adagrasib,0.05,uM,1386,2554296.0
plate14,1,smp_2836,4,CVCL_0179,6,Adagrasib__0.05__uM,False,,Adagrasib,0.05,uM,719,1934494.0
plate14,1,smp_2836,4,CVCL_0218,7,Adagrasib__0.05__uM,False,,Adagrasib,0.05,uM,911,1596101.0
plate14,1,smp_2836,4,CVCL_0292,8,Adagrasib__0.05__uM,False,,Adagrasib,0.05,uM,606,796152.0
plate14,1,smp_2836,4,CVCL_0293,9,Adagrasib__0.05__uM,False,,Adagrasib,0.05,uM,1826,4130986.0
plate14,1,smp_2836,4,CVCL_0320,10,Adagrasib__0.05__uM,False,,Adagrasib,0.05,uM,1248,2673896.0
plate14,1,smp_2836,4,CVCL_0332,11,Adagrasib__0.05__uM,False,,Adagrasib,0.05,uM,901,2382202.0
plate14,1,smp_2836,4,CVCL_0334,12,Adagrasib__0.05__uM,False,,Adagrasib,0.05,uM,508,912009.0
plate14,1,smp_2836,4,CVCL_0359,13,Adagrasib__0.05__uM,False,,Adagrasib,0.05,uM,1145,2743830.0
plate14,1,smp_2836,4,CVCL_0366,14,Adagrasib__0.05__uM,False,,Adagrasib,0.05,uM,1172,3527033.0
plate14,1,smp_2836,4,CVCL_0371,15,Adagrasib__0.05__uM,False,,Adagrasib,0.05,uM,1302,2713865.0
plate14,1,smp_2836,4,CVCL_0397,16,Adagrasib__0.05__uM,False,,Adagrasib,0.05,uM,1308,2937481.0
plate14,1,smp_2836,4,CVCL_0399,17,Adagrasib__0.05__uM,False,,Adagrasib,0.05,uM,2195,4691923.0
plate14,1,smp_2836,4,CVCL_0428,18,Adagrasib__0.05__uM,False,,Adagrasib,0.05,uM,671,1395894.0
plate14,1,smp_2836,4,CVCL_0459,19,Adagrasib__0.05__uM,False,,Adagrasib,0.05,uM,4025,7445760.0
plate14,1,smp_2836,4,CVCL_0480,20,Adagrasib__0.05__uM,False,,Adagrasib,0.05,uM,1946,5762805.0
plate14,1,smp_2836,4,CVCL_0504,21,Adagrasib__0.05__uM,False,,Adagrasib,0.05,uM,1082,1824474.0
plate14,1,smp_2836,4,CVCL_0546,22,Adagrasib__0.05__uM,False,,Adagrasib,0.05,uM,3192,6118354.0
plate14,1,smp_2836,4,CVCL_1055,23,Adagrasib__0.05__uM,False,,Adagrasib,0.05,uM,627,1908725.0
plate14,1,smp_2836,4,CVCL_1056,24,Adagrasib__0.05__uM,False,,Adagrasib,0.05,uM,1603,5194661.0
plate14,1,smp_2836,4,CVCL_1094,25,Adagrasib__0.05__uM,False,,Adagrasib,0.05,uM,609,1057331.0
plate14,1,smp_2836,4,CVCL_1097,26,Adagrasib__0.05__uM,False,,Adagrasib,0.05,uM,1235,2530900.0
plate14,1,smp_2836,4,CVCL_1098,27,Adagrasib__0.05__uM,False,,Adagrasib,0.05,uM,515,859999.0
plate14,1,smp_2836,4,CVCL_1119,28,Adagrasib__0.05__uM,False,,Adagrasib,0.05,uM,1226,2716525.0
plate14,1,smp_2836,4,CVCL_1125,29,Adagrasib__0.05__uM,False,,Adagrasib,0.05,uM,253,363808.0
plate14,1,smp_2836,4,CVCL_1239,30,Adagrasib__0.05__uM,False,,Adagrasib,0.05,uM,548,1029169.0
plate14,1,smp_2836,4,CVCL_1285,31,Adagrasib__0.05__uM,False,,Adagrasib,0.05,uM,2088,4447934.0
plate14,1,smp_2836,4,CVCL_1381,32,Adagrasib__0.05__uM,False,,Adagrasib,0.05,uM,911,2047921.0
plate14,1,smp_2836,4,CVCL_1478,33,Adagrasib__0.05__uM,False,,Adagrasib,0.05,uM,1302,3191510.0
plate14,1,smp_2836,4,CVCL_1495,34,Adagrasib__0.05__uM,False,,Adagrasib,0.05,uM,817,2001928.0
plate14,1,smp_2836,4,CVCL_1517,35,Adagrasib__0.05__uM,False,,Adagrasib,0.05,uM,1564,4674968.0
plate14,1,smp_2836,4,CVCL_1531,36,Adagrasib__0.05__uM,False,,Adagrasib,0.05,uM,22,28944.0
plate14,1,smp_2836,4,CVCL_1547,37,Adagrasib__0.05__uM,False,,Adagrasib,0.05,uM,1001,2124844.0
plate14,1,smp_2836,4,CVCL_1550,38,Adagrasib__0.05__uM,False,,Adagrasib,0.05,uM,1281,4339350.0
plate14,1,smp_2836,4,CVCL_1571,39,Adagrasib__0.05__uM,False,,Adagrasib,0.05,uM,8,8875.0
plate14,1,smp_2836,4,CVCL_1577,40,Adagrasib__0.05__uM,False,,Adagrasib,0.05,uM,60,236334.0
plate14,1,smp_2836,4,CVCL_1635,41,Adagrasib__0.05__uM,False,,Adagrasib,0.05,uM,1010,2257774.0
plate14,1,smp_2836,4,CVCL_1666,42,Adagrasib__0.05__uM,False,,Adagrasib,0.05,uM,826,1375072.0
plate14,1,smp_2836,4,CVCL_1693,43,Adagrasib__0.05__uM,False,,Adagrasib,0.05,uM,393,627916.0
plate14,1,smp_2836,4,CVCL_1715,44,Adagrasib__0.05__uM,False,,Adagrasib,0.05,uM,156,285933.0
plate14,1,smp_2836,4,CVCL_1716,45,Adagrasib__0.05__uM,False,,Adagrasib,0.05,uM,146,236763.0
plate14,1,smp_2836,4,CVCL_1717,46,Adagrasib__0.05__uM,False,,Adagrasib,0.05,uM,1175,2925118.0
plate14,1,smp_2836,4,CVCL_1724,47,Adagrasib__0.05__uM,False,,Adagrasib,0.05,uM,673,1286705.0
plate14,1,smp_2836,4,CVCL_1731,48,Adagrasib__0.05__uM,False,,Adagrasib,0.05,uM,1071,2235142.0
plate14,1,smp_2836,4,CVCL_C466,49,Adagrasib__0.05__uM,False,,Adagrasib,0.05,uM,1130,1823589.0
plate14,1,smp_2830,5,CVCL_0023,0,Adenine__5__uM,False,,Adenine,5.0,uM,1211,2650912.0
plate14,1,smp_2830,5,CVCL_0028,1,Adenine__5__uM,False,,Adenine,5.0,uM,317,507065.0
plate14,1,smp_2830,5,CVCL_0069,2,Adenine__5__uM,False,,Adenine,5.0,uM,597,1471081.0
plate14,1,smp_2830,5,CVCL_0099,3,Adenine__5__uM,False,,Adenine,5.0,uM,421,839674.0
plate14,1,smp_2830,5,CVCL_0131,4,Adenine__5__uM,False,,Adenine,5.0,uM,1249,3865005.0
plate14,1,smp_2830,5,CVCL_0152,5,Adenine__5__uM,False,,Adenine,5.0,uM,1209,2386417.0
plate14,1,smp_2830,5,CVCL_0179,6,Adenine__5__uM,False,,Adenine,5.0,uM,792,2525955.0
plate14,1,smp_2830,5,CVCL_0218,7,Adenine__5__uM,False,,Adenine,5.0,uM,783,1485924.0
plate14,1,smp_2830,5,CVCL_0292,8,Adenine__5__uM,False,,Adenine,5.0,uM,622,916776.0
plate14,1,smp_2830,5,CVCL_0293,9,Adenine__5__uM,False,,Adenine,5.0,uM,1520,4133735.0
plate14,1,smp_2830,5,CVCL_0320,10,Adenine__5__uM,False,,Adenine,5.0,uM,1127,2817303.0
plate14,1,smp_2830,5,CVCL_0332,11,Adenine__5__uM,False,,Adenine,5.0,uM,688,2147634.0
plate14,1,smp_2830,5,CVCL_0334,12,Adenine__5__uM,False,,Adenine,5.0,uM,510,1051360.0
plate14,1,smp_2830,5,CVCL_0359,13,Adenine__5__uM,False,,Adenine,5.0,uM,1102,3049283.0
plate14,1,smp_2830,5,CVCL_0366,14,Adenine__5__uM,False,,Adenine,5.0,uM,949,3227949.0
plate14,1,smp_2830,5,CVCL_0371,15,Adenine__5__uM,False,,Adenine,5.0,uM,1153,2743777.0
plate14,1,smp_2830,5,CVCL_0397,16,Adenine__5__uM,False,,Adenine,5.0,uM,967,2744760.0
plate14,1,smp_2830,5,CVCL_0399,17,Adenine__5__uM,False,,Adenine,5.0,uM,1843,4401799.0
plate14,1,smp_2830,5,CVCL_0428,18,Adenine__5__uM,False,,Adenine,5.0,uM,395,1010528.0
plate14,1,smp_2830,5,CVCL_0459,19,Adenine__5__uM,False,,Adenine,5.0,uM,2585,5183473.0
plate14,1,smp_2830,5,CVCL_0480,20,Adenine__5__uM,False,,Adenine,5.0,uM,1379,4585949.0
plate14,1,smp_2830,5,CVCL_0504,21,Adenine__5__uM,False,,Adenine,5.0,uM,980,1804896.0
plate14,1,smp_2830,5,CVCL_0546,22,Adenine__5__uM,False,,Adenine,5.0,uM,2858,6059004.0
plate14,1,smp_2830,5,CVCL_1055,23,Adenine__5__uM,False,,Adenine,5.0,uM,657,2376645.0
plate14,1,smp_2830,5,CVCL_1056,24,Adenine__5__uM,False,,Adenine,5.0,uM,1167,4484785.0
plate14,1,smp_2830,5,CVCL_1094,25,Adenine__5__uM,False,,Adenine,5.0,uM,643,1273694.0
plate14,1,smp_2830,5,CVCL_1097,26,Adenine__5__uM,False,,Adenine,5.0,uM,1031,2265841.0
plate14,1,smp_2830,5,CVCL_1098,27,Adenine__5__uM,False,,Adenine,5.0,uM,1073,1946097.0
plate14,1,smp_2830,5,CVCL_1119,28,Adenine__5__uM,False,,Adenine,5.0,uM,949,2557578.0
plate14,1,smp_2830,5,CVCL_1125,29,Adenine__5__uM,False,,Adenine,5.0,uM,221,335087.0
plate14,1,smp_2830,5,CVCL_1239,30,Adenine__5__uM,False,,Adenine,5.0,uM,414,868901.0
plate14,1,smp_2830,5,CVCL_1285,31,Adenine__5__uM,False,,Adenine,5.0,uM,1450,3601889.0
plate14,1,smp_2830,5,CVCL_1381,32,Adenine__5__uM,False,,Adenine,5.0,uM,865,2265405.0
plate14,1,smp_2830,5,CVCL_1478,33,Adenine__5__uM,False,,Adenine,5.0,uM,1056,2664846.0
plate14,1,smp_2830,5,CVCL_1495,34,Adenine__5__uM,False,,Adenine,5.0,uM,825,2053680.0
plate14,1,smp_2830,5,CVCL_1517,35,Adenine__5__uM,False,,Adenine,5.0,uM,1246,4672653.0
plate14,1,smp_2830,5,CVCL_1531,36,Adenine__5__uM,False,,Adenine,5.0,uM,18,27806.0
plate14,1,smp_2830,5,CVCL_1547,37,Adenine__5__uM,False,,Adenine,5.0,uM,965,2500227.0
plate14,1,smp_2830,5,CVCL_1550,38,Adenine__5__uM,False,,Adenine,5.0,uM,973,3735186.0
plate14,1,smp_2830,5,CVCL_1571,39,Adenine__5__uM,False,,Adenine,5.0,uM,9,9937.0
plate14,1,smp_2830,5,CVCL_1577,40,Adenine__5__uM,False,,Adenine,5.0,uM,49,199755.0
plate14,1,smp_2830,5,CVCL_1635,41,Adenine__5__uM,False,,Adenine,5.0,uM,828,2245242.0
plate14,1,smp_2830,5,CVCL_1666,42,Adenine__5__uM,False,,Adenine,5.0,uM,650,1216162.0
plate14,1,smp_2830,5,CVCL_1693,43,Adenine__5__uM,False,,Adenine,5.0,uM,653,1167640.0
plate14,1,smp_2830,5,CVCL_1715,44,Adenine__5__uM,False,,Adenine,5.0,uM,117,246131.0
plate14,1,smp_2830,5,CVCL_1716,45,Adenine__5__uM,False,,Adenine,5.0,uM,99,164894.0
plate14,1,smp_2830,5,CVCL_1717,46,Adenine__5__uM,False,,Adenine,5.0,uM,993,2924403.0
plate14,1,smp_2830,5,CVCL_1724,47,Adenine__5__uM,False,,Adenine,5.0,uM,633,1353524.0
plate14,1,smp_2830,5,CVCL_1731,48,Adenine__5__uM,False,,Adenine,5.0,uM,743,1703736.0
plate14,1,smp_2830,5,CVCL_C466,49,Adenine__5__uM,False,,Adenine,5.0,uM,938,1604599.0
plate14,1,smp_2792,6,CVCL_0023,0,Adenosine__5__uM,False,,Adenosine,5.0,uM,2389,6164611.0
plate14,1,smp_2792,6,CVCL_0028,1,Adenosine__5__uM,False,,Adenosine,5.0,uM,562,1067636.0
plate14,1,smp_2792,6,CVCL_0069,2,Adenosine__5__uM,False,,Adenosine,5.0,uM,1155,3346456.0
plate14,1,smp_2792,6,CVCL_0099,3,Adenosine__5__uM,False,,Adenosine,5.0,uM,707,1690579.0
plate14,1,smp_2792,6,CVCL_0131,4,Adenosine__5__uM,False,,Adenosine,5.0,uM,2408,8610317.0
plate14,1,smp_2792,6,CVCL_0152,5,Adenosine__5__uM,False,,Adenosine,5.0,uM,2403,5669414.0
plate14,1,smp_2792,6,CVCL_0179,6,Adenosine__5__uM,False,,Adenosine,5.0,uM,1187,4453646.0
plate14,1,smp_2792,6,CVCL_0218,7,Adenosine__5__uM,False,,Adenosine,5.0,uM,1379,3240885.0
plate14,1,smp_2792,6,CVCL_0292,8,Adenosine__5__uM,False,,Adenosine,5.0,uM,1140,2044606.0
plate14,1,smp_2792,6,CVCL_0293,9,Adenosine__5__uM,False,,Adenosine,5.0,uM,2520,8054525.0
plate14,1,smp_2792,6,CVCL_0320,10,Adenosine__5__uM,False,,Adenosine,5.0,uM,1996,5914453.0
plate14,1,smp_2792,6,CVCL_0332,11,Adenosine__5__uM,False,,Adenosine,5.0,uM,1233,4542911.0
plate14,1,smp_2792,6,CVCL_0334,12,Adenosine__5__uM,False,,Adenosine,5.0,uM,864,2065908.0
plate14,1,smp_2792,6,CVCL_0359,13,Adenosine__5__uM,False,,Adenosine,5.0,uM,1984,6636446.0
plate14,1,smp_2792,6,CVCL_0366,14,Adenosine__5__uM,False,,Adenosine,5.0,uM,1622,6325173.0
plate14,1,smp_2792,6,CVCL_0371,15,Adenosine__5__uM,False,,Adenosine,5.0,uM,1892,5356114.0
plate14,1,smp_2792,6,CVCL_0397,16,Adenosine__5__uM,False,,Adenosine,5.0,uM,1688,5582436.0
plate14,1,smp_2792,6,CVCL_0399,17,Adenosine__5__uM,False,,Adenosine,5.0,uM,3220,8845732.0
plate14,1,smp_2792,6,CVCL_0428,18,Adenosine__5__uM,False,,Adenosine,5.0,uM,874,2462406.0
plate14,1,smp_2792,6,CVCL_0459,19,Adenosine__5__uM,False,,Adenosine,5.0,uM,4793,11499830.0
plate14,1,smp_2792,6,CVCL_0480,20,Adenosine__5__uM,False,,Adenosine,5.0,uM,2614,10048508.0
plate14,1,smp_2792,6,CVCL_0504,21,Adenosine__5__uM,False,,Adenosine,5.0,uM,1855,3912802.0
plate14,1,smp_2792,6,CVCL_0546,22,Adenosine__5__uM,False,,Adenosine,5.0,uM,4899,11896993.0
plate14,1,smp_2792,6,CVCL_1055,23,Adenosine__5__uM,False,,Adenosine,5.0,uM,1123,4861686.0
plate14,1,smp_2792,6,CVCL_1056,24,Adenosine__5__uM,False,,Adenosine,5.0,uM,2098,8905142.0
plate14,1,smp_2792,6,CVCL_1094,25,Adenosine__5__uM,False,,Adenosine,5.0,uM,1152,2744955.0
plate14,1,smp_2792,6,CVCL_1097,26,Adenosine__5__uM,False,,Adenosine,5.0,uM,2093,5261542.0
plate14,1,smp_2792,6,CVCL_1098,27,Adenosine__5__uM,False,,Adenosine,5.0,uM,1787,4217007.0
plate14,1,smp_2792,6,CVCL_1119,28,Adenosine__5__uM,False,,Adenosine,5.0,uM,1652,5193860.0
plate14,1,smp_2792,6,CVCL_1125,29,Adenosine__5__uM,False,,Adenosine,5.0,uM,441,820616.0
plate14,1,smp_2792,6,CVCL_1239,30,Adenosine__5__uM,False,,Adenosine,5.0,uM,780,1965597.0
plate14,1,smp_2792,6,CVCL_1285,31,Adenosine__5__uM,False,,Adenosine,5.0,uM,2746,7872231.0
plate14,1,smp_2792,6,CVCL_1381,32,Adenosine__5__uM,False,,Adenosine,5.0,uM,1677,5097389.0
plate14,1,smp_2792,6,CVCL_1478,33,Adenosine__5__uM,False,,Adenosine,5.0,uM,1902,5345992.0
plate14,1,smp_2792,6,CVCL_1495,34,Adenosine__5__uM,False,,Adenosine,5.0,uM,1421,4517930.0
plate14,1,smp_2792,6,CVCL_1517,35,Adenosine__5__uM,False,,Adenosine,5.0,uM,2279,9968946.0
plate14,1,smp_2792,6,CVCL_1531,36,Adenosine__5__uM,False,,Adenosine,5.0,uM,16,22713.0
plate14,1,smp_2792,6,CVCL_1547,37,Adenosine__5__uM,False,,Adenosine,5.0,uM,1762,5458833.0
plate14,1,smp_2792,6,CVCL_1550,38,Adenosine__5__uM,False,,Adenosine,5.0,uM,1527,6808396.0
plate14,1,smp_2792,6,CVCL_1571,39,Adenosine__5__uM,False,,Adenosine,5.0,uM,9,9629.0
plate14,1,smp_2792,6,CVCL_1577,40,Adenosine__5__uM,False,,Adenosine,5.0,uM,81,351505.0
plate14,1,smp_2792,6,CVCL_1635,41,Adenosine__5__uM,False,,Adenosine,5.0,uM,1340,4216481.0
plate14,1,smp_2792,6,CVCL_1666,42,Adenosine__5__uM,False,,Adenosine,5.0,uM,1277,2799660.0
plate14,1,smp_2792,6,CVCL_1693,43,Adenosine__5__uM,False,,Adenosine,5.0,uM,1031,2246848.0
plate14,1,smp_2792,6,CVCL_1715,44,Adenosine__5__uM,False,,Adenosine,5.0,uM,190,432312.0
plate14,1,smp_2792,6,CVCL_1716,45,Adenosine__5__uM,False,,Adenosine,5.0,uM,255,533339.0
plate14,1,smp_2792,6,CVCL_1717,46,Adenosine__5__uM,False,,Adenosine,5.0,uM,1741,5815415.0
plate14,1,smp_2792,6,CVCL_1724,47,Adenosine__5__uM,False,,Adenosine,5.0,uM,986,2621529.0
plate14,1,smp_2792,6,CVCL_1731,48,Adenosine__5__uM,False,,Adenosine,5.0,uM,1513,4041842.0
plate14,1,smp_2792,6,CVCL_C466,49,Adenosine__5__uM,False,,Adenosine,5.0,uM,1824,3607134.0
plate14,1,smp_2775,7,CVCL_0023,0,Aliskiren__5__uM,False,,Aliskiren,5.0,uM,2407,5481388.0
plate14,1,smp_2775,7,CVCL_0028,1,Aliskiren__5__uM,False,,Aliskiren,5.0,uM,442,742253.0
plate14,1,smp_2775,7,CVCL_0069,2,Aliskiren__5__uM,False,,Aliskiren,5.0,uM,1195,3136698.0
plate14,1,smp_2775,7,CVCL_0099,3,Aliskiren__5__uM,False,,Aliskiren,5.0,uM,599,1225104.0
plate14,1,smp_2775,7,CVCL_0131,4,Aliskiren__5__uM,False,,Aliskiren,5.0,uM,2667,8582053.0
plate14,1,smp_2775,7,CVCL_0152,5,Aliskiren__5__uM,False,,Aliskiren,5.0,uM,2505,5226696.0
plate14,1,smp_2775,7,CVCL_0179,6,Aliskiren__5__uM,False,,Aliskiren,5.0,uM,1158,3825476.0
plate14,1,smp_2775,7,CVCL_0218,7,Aliskiren__5__uM,False,,Aliskiren,5.0,uM,1434,2918272.0
plate14,1,smp_2775,7,CVCL_0292,8,Aliskiren__5__uM,False,,Aliskiren,5.0,uM,1011,1579216.0
plate14,1,smp_2775,7,CVCL_0293,9,Aliskiren__5__uM,False,,Aliskiren,5.0,uM,2845,8153082.0
plate14,1,smp_2775,7,CVCL_0320,10,Aliskiren__5__uM,False,,Aliskiren,5.0,uM,2026,5230028.0
plate14,1,smp_2775,7,CVCL_0332,11,Aliskiren__5__uM,False,,Aliskiren,5.0,uM,1303,4012147.0
plate14,1,smp_2775,7,CVCL_0334,12,Aliskiren__5__uM,False,,Aliskiren,5.0,uM,1028,2192484.0
plate14,1,smp_2775,7,CVCL_0359,13,Aliskiren__5__uM,False,,Aliskiren,5.0,uM,1916,5382557.0
plate14,1,smp_2775,7,CVCL_0366,14,Aliskiren__5__uM,False,,Aliskiren,5.0,uM,1543,5193363.0
plate14,1,smp_2775,7,CVCL_0371,15,Aliskiren__5__uM,False,,Aliskiren,5.0,uM,2215,5504144.0
plate14,1,smp_2775,7,CVCL_0397,16,Aliskiren__5__uM,False,,Aliskiren,5.0,uM,1797,5292603.0
plate14,1,smp_2775,7,CVCL_0399,17,Aliskiren__5__uM,False,,Aliskiren,5.0,uM,3318,8185167.0
plate14,1,smp_2775,7,CVCL_0428,18,Aliskiren__5__uM,False,,Aliskiren,5.0,uM,846,2115512.0
plate14,1,smp_2775,7,CVCL_0459,19,Aliskiren__5__uM,False,,Aliskiren,5.0,uM,4520,9616701.0
plate14,1,smp_2775,7,CVCL_0480,20,Aliskiren__5__uM,False,,Aliskiren,5.0,uM,2778,9306586.0
plate14,1,smp_2775,7,CVCL_0504,21,Aliskiren__5__uM,False,,Aliskiren,5.0,uM,1301,2458690.0
plate14,1,smp_2775,7,CVCL_0546,22,Aliskiren__5__uM,False,,Aliskiren,5.0,uM,4924,10812596.0
plate14,1,smp_2775,7,CVCL_1055,23,Aliskiren__5__uM,False,,Aliskiren,5.0,uM,1022,3706255.0
plate14,1,smp_2775,7,CVCL_1056,24,Aliskiren__5__uM,False,,Aliskiren,5.0,uM,2335,8646810.0
plate14,1,smp_2775,7,CVCL_1094,25,Aliskiren__5__uM,False,,Aliskiren,5.0,uM,957,1948247.0
plate14,1,smp_2775,7,CVCL_1097,26,Aliskiren__5__uM,False,,Aliskiren,5.0,uM,2253,5066999.0
plate14,1,smp_2775,7,CVCL_1098,27,Aliskiren__5__uM,False,,Aliskiren,5.0,uM,1906,3788876.0
plate14,1,smp_2775,7,CVCL_1119,28,Aliskiren__5__uM,False,,Aliskiren,5.0,uM,1832,5122234.0
plate14,1,smp_2775,7,CVCL_1125,29,Aliskiren__5__uM,False,,Aliskiren,5.0,uM,353,576254.0
plate14,1,smp_2775,7,CVCL_1239,30,Aliskiren__5__uM,False,,Aliskiren,5.0,uM,751,1665116.0
plate14,1,smp_2775,7,CVCL_1285,31,Aliskiren__5__uM,False,,Aliskiren,5.0,uM,2871,7409536.0
plate14,1,smp_2775,7,CVCL_1381,32,Aliskiren__5__uM,False,,Aliskiren,5.0,uM,1582,4289613.0
plate14,1,smp_2775,7,CVCL_1478,33,Aliskiren__5__uM,False,,Aliskiren,5.0,uM,2097,5356145.0
plate14,1,smp_2775,7,CVCL_1495,34,Aliskiren__5__uM,False,,Aliskiren,5.0,uM,1519,4201896.0
plate14,1,smp_2775,7,CVCL_1517,35,Aliskiren__5__uM,False,,Aliskiren,5.0,uM,2537,9673859.0
plate14,1,smp_2775,7,CVCL_1531,36,Aliskiren__5__uM,False,,Aliskiren,5.0,uM,32,49800.0
plate14,1,smp_2775,7,CVCL_1547,37,Aliskiren__5__uM,False,,Aliskiren,5.0,uM,1617,4268462.0
plate14,1,smp_2775,7,CVCL_1550,38,Aliskiren__5__uM,False,,Aliskiren,5.0,uM,1761,6819732.0
plate14,1,smp_2775,7,CVCL_1571,39,Aliskiren__5__uM,False,,Aliskiren,5.0,uM,13,11287.0
plate14,1,smp_2775,7,CVCL_1577,40,Aliskiren__5__uM,False,,Aliskiren,5.0,uM,92,380212.0
plate14,1,smp_2775,7,CVCL_1635,41,Aliskiren__5__uM,False,,Aliskiren,5.0,uM,1442,4081293.0
plate14,1,smp_2775,7,CVCL_1666,42,Aliskiren__5__uM,False,,Aliskiren,5.0,uM,1296,2521648.0
plate14,1,smp_2775,7,CVCL_1693,43,Aliskiren__5__uM,False,,Aliskiren,5.0,uM,903,1635533.0
plate14,1,smp_2775,7,CVCL_1715,44,Aliskiren__5__uM,False,,Aliskiren,5.0,uM,170,327646.0
plate14,1,smp_2775,7,CVCL_1716,45,Aliskiren__5__uM,False,,Aliskiren,5.0,uM,204,388513.0
plate14,1,smp_2775,7,CVCL_1717,46,Aliskiren__5__uM,False,,Aliskiren,5.0,uM,1928,5668954.0
plate14,1,smp_2775,7,CVCL_1724,47,Aliskiren__5__uM,False,,Aliskiren,5.0,uM,1033,2305378.0
plate14,1,smp_2775,7,CVCL_1731,48,Aliskiren__5__uM,False,,Aliskiren,5.0,uM,1509,3624839.0
plate14,1,smp_2775,7,CVCL_C466,49,Aliskiren__5__uM,False,,Aliskiren,5.0,uM,1753,3157479.0
plate14,1,smp_2807,8,CVCL_0023,0,Allantoin__5__uM,False,,Allantoin,5.0,uM,1826,3159448.0
plate14,1,smp_2807,8,CVCL_0028,1,Allantoin__5__uM,False,,Allantoin,5.0,uM,299,422667.0
plate14,1,smp_2807,8,CVCL_0069,2,Allantoin__5__uM,False,,Allantoin,5.0,uM,848,1713295.0
plate14,1,smp_2807,8,CVCL_0099,3,Allantoin__5__uM,False,,Allantoin,5.0,uM,495,830934.0
plate14,1,smp_2807,8,CVCL_0131,4,Allantoin__5__uM,False,,Allantoin,5.0,uM,2059,4887271.0
plate14,1,smp_2807,8,CVCL_0152,5,Allantoin__5__uM,False,,Allantoin,5.0,uM,1698,2879450.0
plate14,1,smp_2807,8,CVCL_0179,6,Allantoin__5__uM,False,,Allantoin,5.0,uM,1133,3017777.0
plate14,1,smp_2807,8,CVCL_0218,7,Allantoin__5__uM,False,,Allantoin,5.0,uM,1152,1916472.0
plate14,1,smp_2807,8,CVCL_0292,8,Allantoin__5__uM,False,,Allantoin,5.0,uM,719,888438.0
plate14,1,smp_2807,8,CVCL_0293,9,Allantoin__5__uM,False,,Allantoin,5.0,uM,2217,5022842.0
plate14,1,smp_2807,8,CVCL_0320,10,Allantoin__5__uM,False,,Allantoin,5.0,uM,1713,3511991.0
plate14,1,smp_2807,8,CVCL_0332,11,Allantoin__5__uM,False,,Allantoin,5.0,uM,1046,2464790.0
plate14,1,smp_2807,8,CVCL_0334,12,Allantoin__5__uM,False,,Allantoin,5.0,uM,526,898163.0
plate14,1,smp_2807,8,CVCL_0359,13,Allantoin__5__uM,False,,Allantoin,5.0,uM,1607,3481197.0
plate14,1,smp_2807,8,CVCL_0366,14,Allantoin__5__uM,False,,Allantoin,5.0,uM,1450,3752654.0
plate14,1,smp_2807,8,CVCL_0371,15,Allantoin__5__uM,False,,Allantoin,5.0,uM,1596,3092722.0
plate14,1,smp_2807,8,CVCL_0397,16,Allantoin__5__uM,False,,Allantoin,5.0,uM,1505,3410447.0
plate14,1,smp_2807,8,CVCL_0399,17,Allantoin__5__uM,False,,Allantoin,5.0,uM,2579,5149513.0
plate14,1,smp_2807,8,CVCL_0428,18,Allantoin__5__uM,False,,Allantoin,5.0,uM,716,1366987.0
plate14,1,smp_2807,8,CVCL_0459,19,Allantoin__5__uM,False,,Allantoin,5.0,uM,4135,6719827.0
plate14,1,smp_2807,8,CVCL_0480,20,Allantoin__5__uM,False,,Allantoin,5.0,uM,2300,6026043.0
plate14,1,smp_2807,8,CVCL_0504,21,Allantoin__5__uM,False,,Allantoin,5.0,uM,1395,2032749.0
plate14,1,smp_2807,8,CVCL_0546,22,Allantoin__5__uM,False,,Allantoin,5.0,uM,3971,6728373.0
plate14,1,smp_2807,8,CVCL_1055,23,Allantoin__5__uM,False,,Allantoin,5.0,uM,936,2759829.0
plate14,1,smp_2807,8,CVCL_1056,24,Allantoin__5__uM,False,,Allantoin,5.0,uM,1815,5127913.0
plate14,1,smp_2807,8,CVCL_1094,25,Allantoin__5__uM,False,,Allantoin,5.0,uM,788,1253075.0
plate14,1,smp_2807,8,CVCL_1097,26,Allantoin__5__uM,False,,Allantoin,5.0,uM,1614,2717216.0
plate14,1,smp_2807,8,CVCL_1098,27,Allantoin__5__uM,False,,Allantoin,5.0,uM,1279,1999122.0
plate14,1,smp_2807,8,CVCL_1119,28,Allantoin__5__uM,False,,Allantoin,5.0,uM,1510,3237952.0
plate14,1,smp_2807,8,CVCL_1125,29,Allantoin__5__uM,False,,Allantoin,5.0,uM,263,340532.0
plate14,1,smp_2807,8,CVCL_1239,30,Allantoin__5__uM,False,,Allantoin,5.0,uM,745,1230935.0
plate14,1,smp_2807,8,CVCL_1285,31,Allantoin__5__uM,False,,Allantoin,5.0,uM,2388,4656367.0
plate14,1,smp_2807,8,CVCL_1381,32,Allantoin__5__uM,False,,Allantoin,5.0,uM,1250,2479216.0
plate14,1,smp_2807,8,CVCL_1478,33,Allantoin__5__uM,False,,Allantoin,5.0,uM,1612,3651524.0
plate14,1,smp_2807,8,CVCL_1495,34,Allantoin__5__uM,False,,Allantoin,5.0,uM,1235,2463527.0
plate14,1,smp_2807,8,CVCL_1517,35,Allantoin__5__uM,False,,Allantoin,5.0,uM,2144,6223411.0
plate14,1,smp_2807,8,CVCL_1531,36,Allantoin__5__uM,False,,Allantoin,5.0,uM,20,26597.0
plate14,1,smp_2807,8,CVCL_1547,37,Allantoin__5__uM,False,,Allantoin,5.0,uM,1381,2856288.0
plate14,1,smp_2807,8,CVCL_1550,38,Allantoin__5__uM,False,,Allantoin,5.0,uM,1322,4053933.0
plate14,1,smp_2807,8,CVCL_1571,39,Allantoin__5__uM,False,,Allantoin,5.0,uM,15,13341.0
plate14,1,smp_2807,8,CVCL_1577,40,Allantoin__5__uM,False,,Allantoin,5.0,uM,68,232284.0
plate14,1,smp_2807,8,CVCL_1635,41,Allantoin__5__uM,False,,Allantoin,5.0,uM,1203,2567897.0
plate14,1,smp_2807,8,CVCL_1666,42,Allantoin__5__uM,False,,Allantoin,5.0,uM,905,1372448.0
plate14,1,smp_2807,8,CVCL_1693,43,Allantoin__5__uM,False,,Allantoin,5.0,uM,658,1036058.0
plate14,1,smp_2807,8,CVCL_1715,44,Allantoin__5__uM,False,,Allantoin,5.0,uM,233,366030.0
plate14,1,smp_2807,8,CVCL_1716,45,Allantoin__5__uM,False,,Allantoin,5.0,uM,177,254724.0
plate14,1,smp_2807,8,CVCL_1717,46,Allantoin__5__uM,False,,Allantoin,5.0,uM,1491,3620537.0
plate14,1,smp_2807,8,CVCL_1724,47,Allantoin__5__uM,False,,Allantoin,5.0,uM,841,1460484.0
plate14,1,smp_2807,8,CVCL_1731,48,Allantoin__5__uM,False,,Allantoin,5.0,uM,1255,2291512.0
plate14,1,smp_2807,8,CVCL_C466,49,Allantoin__5__uM,False,,Allantoin,5.0,uM,1368,1942758.0
plate14,1,smp_2785,9,CVCL_0023,0,Almonertinib (hydrochloride)__5__uM,False,,Almonertinib (hydrochloride),5.0,uM,1518,2900152.0
plate14,1,smp_2785,9,CVCL_0028,1,Almonertinib (hydrochloride)__5__uM,False,,Almonertinib (hydrochloride),5.0,uM,310,440732.0
plate14,1,smp_2785,9,CVCL_0069,2,Almonertinib (hydrochloride)__5__uM,False,,Almonertinib (hydrochloride),5.0,uM,795,1731861.0
plate14,1,smp_2785,9,CVCL_0099,3,Almonertinib (hydrochloride)__5__uM,False,,Almonertinib (hydrochloride),5.0,uM,372,577475.0
plate14,1,smp_2785,9,CVCL_0131,4,Almonertinib (hydrochloride)__5__uM,False,,Almonertinib (hydrochloride),5.0,uM,1787,4704382.0
plate14,1,smp_2785,9,CVCL_0152,5,Almonertinib (hydrochloride)__5__uM,False,,Almonertinib (hydrochloride),5.0,uM,1648,3059884.0
plate14,1,smp_2785,9,CVCL_0179,6,Almonertinib (hydrochloride)__5__uM,False,,Almonertinib (hydrochloride),5.0,uM,861,2111090.0
plate14,1,smp_2785,9,CVCL_0218,7,Almonertinib (hydrochloride)__5__uM,False,,Almonertinib (hydrochloride),5.0,uM,907,1470429.0
plate14,1,smp_2785,9,CVCL_0292,8,Almonertinib (hydrochloride)__5__uM,False,,Almonertinib (hydrochloride),5.0,uM,789,1100389.0
plate14,1,smp_2785,9,CVCL_0293,9,Almonertinib (hydrochloride)__5__uM,False,,Almonertinib (hydrochloride),5.0,uM,1887,4763625.0
plate14,1,smp_2785,9,CVCL_0320,10,Almonertinib (hydrochloride)__5__uM,False,,Almonertinib (hydrochloride),5.0,uM,1192,2669321.0
plate14,1,smp_2785,9,CVCL_0332,11,Almonertinib (hydrochloride)__5__uM,False,,Almonertinib (hydrochloride),5.0,uM,848,2181822.0
plate14,1,smp_2785,9,CVCL_0334,12,Almonertinib (hydrochloride)__5__uM,False,,Almonertinib (hydrochloride),5.0,uM,679,1230433.0
plate14,1,smp_2785,9,CVCL_0359,13,Almonertinib (hydrochloride)__5__uM,False,,Almonertinib (hydrochloride),5.0,uM,1283,2922681.0
plate14,1,smp_2785,9,CVCL_0366,14,Almonertinib (hydrochloride)__5__uM,False,,Almonertinib (hydrochloride),5.0,uM,992,2878619.0
plate14,1,smp_2785,9,CVCL_0371,15,Almonertinib (hydrochloride)__5__uM,False,,Almonertinib (hydrochloride),5.0,uM,1421,2947953.0
plate14,1,smp_2785,9,CVCL_0397,16,Almonertinib (hydrochloride)__5__uM,False,,Almonertinib (hydrochloride),5.0,uM,1123,2835094.0
plate14,1,smp_2785,9,CVCL_0399,17,Almonertinib (hydrochloride)__5__uM,False,,Almonertinib (hydrochloride),5.0,uM,2192,4917390.0
plate14,1,smp_2785,9,CVCL_0428,18,Almonertinib (hydrochloride)__5__uM,False,,Almonertinib (hydrochloride),5.0,uM,562,1141587.0
plate14,1,smp_2785,9,CVCL_0459,19,Almonertinib (hydrochloride)__5__uM,False,,Almonertinib (hydrochloride),5.0,uM,2869,5138940.0
plate14,1,smp_2785,9,CVCL_0480,20,Almonertinib (hydrochloride)__5__uM,False,,Almonertinib (hydrochloride),5.0,uM,1778,5061611.0
plate14,1,smp_2785,9,CVCL_0504,21,Almonertinib (hydrochloride)__5__uM,False,,Almonertinib (hydrochloride),5.0,uM,1004,1577871.0
plate14,1,smp_2785,9,CVCL_0546,22,Almonertinib (hydrochloride)__5__uM,False,,Almonertinib (hydrochloride),5.0,uM,3250,6116556.0
plate14,1,smp_2785,9,CVCL_1055,23,Almonertinib (hydrochloride)__5__uM,False,,Almonertinib (hydrochloride),5.0,uM,873,2578345.0
plate14,1,smp_2785,9,CVCL_1056,24,Almonertinib (hydrochloride)__5__uM,False,,Almonertinib (hydrochloride),5.0,uM,1557,4797635.0
plate14,1,smp_2785,9,CVCL_1094,25,Almonertinib (hydrochloride)__5__uM,False,,Almonertinib (hydrochloride),5.0,uM,759,1267074.0
plate14,1,smp_2785,9,CVCL_1097,26,Almonertinib (hydrochloride)__5__uM,False,,Almonertinib (hydrochloride),5.0,uM,1277,2513825.0
plate14,1,smp_2785,9,CVCL_1098,27,Almonertinib (hydrochloride)__5__uM,False,,Almonertinib (hydrochloride),5.0,uM,1046,1819280.0
plate14,1,smp_2785,9,CVCL_1119,28,Almonertinib (hydrochloride)__5__uM,False,,Almonertinib (hydrochloride),5.0,uM,1233,2772028.0
plate14,1,smp_2785,9,CVCL_1125,29,Almonertinib (hydrochloride)__5__uM,False,,Almonertinib (hydrochloride),5.0,uM,227,304400.0
plate14,1,smp_2785,9,CVCL_1239,30,Almonertinib (hydrochloride)__5__uM,False,,Almonertinib (hydrochloride),5.0,uM,420,742494.0
plate14,1,smp_2785,9,CVCL_1285,31,Almonertinib (hydrochloride)__5__uM,False,,Almonertinib (hydrochloride),5.0,uM,1629,3451593.0
plate14,1,smp_2785,9,CVCL_1381,32,Almonertinib (hydrochloride)__5__uM,False,,Almonertinib (hydrochloride),5.0,uM,1099,2518004.0
plate14,1,smp_2785,9,CVCL_1478,33,Almonertinib (hydrochloride)__5__uM,False,,Almonertinib (hydrochloride),5.0,uM,1338,3205044.0
plate14,1,smp_2785,9,CVCL_1495,34,Almonertinib (hydrochloride)__5__uM,False,,Almonertinib (hydrochloride),5.0,uM,943,2128810.0
plate14,1,smp_2785,9,CVCL_1517,35,Almonertinib (hydrochloride)__5__uM,False,,Almonertinib (hydrochloride),5.0,uM,1515,4994831.0
plate14,1,smp_2785,9,CVCL_1531,36,Almonertinib (hydrochloride)__5__uM,False,,Almonertinib (hydrochloride),5.0,uM,22,25602.0
plate14,1,smp_2785,9,CVCL_1547,37,Almonertinib (hydrochloride)__5__uM,False,,Almonertinib (hydrochloride),5.0,uM,1248,2699670.0
plate14,1,smp_2785,9,CVCL_1550,38,Almonertinib (hydrochloride)__5__uM,False,,Almonertinib (hydrochloride),5.0,uM,1526,4976841.0
plate14,1,smp_2785,9,CVCL_1571,39,Almonertinib (hydrochloride)__5__uM,False,,Almonertinib (hydrochloride),5.0,uM,15,14980.0
plate14,1,smp_2785,9,CVCL_1577,40,Almonertinib (hydrochloride)__5__uM,False,,Almonertinib (hydrochloride),5.0,uM,103,363230.0
plate14,1,smp_2785,9,CVCL_1635,41,Almonertinib (hydrochloride)__5__uM,False,,Almonertinib (hydrochloride),5.0,uM,1064,2451139.0
plate14,1,smp_2785,9,CVCL_1666,42,Almonertinib (hydrochloride)__5__uM,False,,Almonertinib (hydrochloride),5.0,uM,781,1247524.0
plate14,1,smp_2785,9,CVCL_1693,43,Almonertinib (hydrochloride)__5__uM,False,,Almonertinib (hydrochloride),5.0,uM,622,958613.0
plate14,1,smp_2785,9,CVCL_1715,44,Almonertinib (hydrochloride)__5__uM,False,,Almonertinib (hydrochloride),5.0,uM,71,107585.0
plate14,1,smp_2785,9,CVCL_1716,45,Almonertinib (hydrochloride)__5__uM,False,,Almonertinib (hydrochloride),5.0,uM,148,258181.0
plate14,1,smp_2785,9,CVCL_1717,46,Almonertinib (hydrochloride)__5__uM,False,,Almonertinib (hydrochloride),5.0,uM,1342,3225611.0
plate14,1,smp_2785,9,CVCL_1724,47,Almonertinib (hydrochloride)__5__uM,False,,Almonertinib (hydrochloride),5.0,uM,652,1264746.0
plate14,1,smp_2785,9,CVCL_1731,48,Almonertinib (hydrochloride)__5__uM,False,,Almonertinib (hydrochloride),5.0,uM,928,1867887.0
plate14,1,smp_2785,9,CVCL_C466,49,Almonertinib (hydrochloride)__5__uM,False,,Almonertinib (hydrochloride),5.0,uM,912,1392162.0
plate14,1,smp_2833,10,CVCL_0023,0,Amsacrine__5__uM,False,,Amsacrine,5.0,uM,1371,3249020.0
plate14,1,smp_2833,10,CVCL_0028,1,Amsacrine__5__uM,False,,Amsacrine,5.0,uM,499,903888.0
plate14,1,smp_2833,10,CVCL_0069,2,Amsacrine__5__uM,False,,Amsacrine,5.0,uM,900,2485862.0
plate14,1,smp_2833,10,CVCL_0099,3,Amsacrine__5__uM,False,,Amsacrine,5.0,uM,458,904613.0
plate14,1,smp_2833,10,CVCL_0131,4,Amsacrine__5__uM,False,,Amsacrine,5.0,uM,1766,5651389.0
plate14,1,smp_2833,10,CVCL_0152,5,Amsacrine__5__uM,False,,Amsacrine,5.0,uM,1679,3429716.0
plate14,1,smp_2833,10,CVCL_0179,6,Amsacrine__5__uM,False,,Amsacrine,5.0,uM,1116,3640609.0
plate14,1,smp_2833,10,CVCL_0218,7,Amsacrine__5__uM,False,,Amsacrine,5.0,uM,1060,2119717.0
plate14,1,smp_2833,10,CVCL_0292,8,Amsacrine__5__uM,False,,Amsacrine,5.0,uM,961,1558553.0
plate14,1,smp_2833,10,CVCL_0293,9,Amsacrine__5__uM,False,,Amsacrine,5.0,uM,1691,5212697.0
plate14,1,smp_2833,10,CVCL_0320,10,Amsacrine__5__uM,False,,Amsacrine,5.0,uM,1459,3900013.0
plate14,1,smp_2833,10,CVCL_0332,11,Amsacrine__5__uM,False,,Amsacrine,5.0,uM,977,3267241.0
plate14,1,smp_2833,10,CVCL_0334,12,Amsacrine__5__uM,False,,Amsacrine,5.0,uM,710,1567353.0
plate14,1,smp_2833,10,CVCL_0359,13,Amsacrine__5__uM,False,,Amsacrine,5.0,uM,1458,4442485.0
plate14,1,smp_2833,10,CVCL_0366,14,Amsacrine__5__uM,False,,Amsacrine,5.0,uM,1135,4072795.0
plate14,1,smp_2833,10,CVCL_0371,15,Amsacrine__5__uM,False,,Amsacrine,5.0,uM,1483,3999699.0
plate14,1,smp_2833,10,CVCL_0397,16,Amsacrine__5__uM,False,,Amsacrine,5.0,uM,1191,3401407.0
plate14,1,smp_2833,10,CVCL_0399,17,Amsacrine__5__uM,False,,Amsacrine,5.0,uM,2138,5454834.0
plate14,1,smp_2833,10,CVCL_0428,18,Amsacrine__5__uM,False,,Amsacrine,5.0,uM,620,1622987.0
plate14,1,smp_2833,10,CVCL_0459,19,Amsacrine__5__uM,False,,Amsacrine,5.0,uM,3099,6666576.0
plate14,1,smp_2833,10,CVCL_0480,20,Amsacrine__5__uM,False,,Amsacrine,5.0,uM,1807,6392074.0
plate14,1,smp_2833,10,CVCL_0504,21,Amsacrine__5__uM,False,,Amsacrine,5.0,uM,1219,2544130.0
plate14,1,smp_2833,10,CVCL_0546,22,Amsacrine__5__uM,False,,Amsacrine,5.0,uM,3409,7854462.0
plate14,1,smp_2833,10,CVCL_1055,23,Amsacrine__5__uM,False,,Amsacrine,5.0,uM,830,3227600.0
plate14,1,smp_2833,10,CVCL_1056,24,Amsacrine__5__uM,False,,Amsacrine,5.0,uM,1424,5539469.0
plate14,1,smp_2833,10,CVCL_1094,25,Amsacrine__5__uM,False,,Amsacrine,5.0,uM,854,1820330.0
plate14,1,smp_2833,10,CVCL_1097,26,Amsacrine__5__uM,False,,Amsacrine,5.0,uM,1269,2864566.0
plate14,1,smp_2833,10,CVCL_1098,27,Amsacrine__5__uM,False,,Amsacrine,5.0,uM,1248,2478040.0
plate14,1,smp_2833,10,CVCL_1119,28,Amsacrine__5__uM,False,,Amsacrine,5.0,uM,1336,3858059.0
plate14,1,smp_2833,10,CVCL_1125,29,Amsacrine__5__uM,False,,Amsacrine,5.0,uM,212,343418.0
plate14,1,smp_2833,10,CVCL_1239,30,Amsacrine__5__uM,False,,Amsacrine,5.0,uM,506,1117176.0
plate14,1,smp_2833,10,CVCL_1285,31,Amsacrine__5__uM,False,,Amsacrine,5.0,uM,1748,4748353.0
plate14,1,smp_2833,10,CVCL_1381,32,Amsacrine__5__uM,False,,Amsacrine,5.0,uM,972,2563838.0
plate14,1,smp_2833,10,CVCL_1478,33,Amsacrine__5__uM,False,,Amsacrine,5.0,uM,1279,3480079.0
plate14,1,smp_2833,10,CVCL_1495,34,Amsacrine__5__uM,False,,Amsacrine,5.0,uM,1033,2765974.0
plate14,1,smp_2833,10,CVCL_1517,35,Amsacrine__5__uM,False,,Amsacrine,5.0,uM,1587,6449588.0
plate14,1,smp_2833,10,CVCL_1531,36,Amsacrine__5__uM,False,,Amsacrine,5.0,uM,22,36171.0
plate14,1,smp_2833,10,CVCL_1547,37,Amsacrine__5__uM,False,,Amsacrine,5.0,uM,1071,2932664.0
plate14,1,smp_2833,10,CVCL_1550,38,Amsacrine__5__uM,False,,Amsacrine,5.0,uM,1258,5101067.0
plate14,1,smp_2833,10,CVCL_1571,39,Amsacrine__5__uM,False,,Amsacrine,5.0,uM,11,11247.0
plate14,1,smp_2833,10,CVCL_1577,40,Amsacrine__5__uM,False,,Amsacrine,5.0,uM,63,320419.0
plate14,1,smp_2833,10,CVCL_1635,41,Amsacrine__5__uM,False,,Amsacrine,5.0,uM,1066,3123438.0
plate14,1,smp_2833,10,CVCL_1666,42,Amsacrine__5__uM,False,,Amsacrine,5.0,uM,950,1876894.0
plate14,1,smp_2833,10,CVCL_1693,43,Amsacrine__5__uM,False,,Amsacrine,5.0,uM,948,1800530.0
plate14,1,smp_2833,10,CVCL_1715,44,Amsacrine__5__uM,False,,Amsacrine,5.0,uM,148,320661.0
plate14,1,smp_2833,10,CVCL_1716,45,Amsacrine__5__uM,False,,Amsacrine,5.0,uM,137,241446.0
plate14,1,smp_2833,10,CVCL_1717,46,Amsacrine__5__uM,False,,Amsacrine,5.0,uM,1250,3748617.0
plate14,1,smp_2833,10,CVCL_1724,47,Amsacrine__5__uM,False,,Amsacrine,5.0,uM,569,1245928.0
plate14,1,smp_2833,10,CVCL_1731,48,Amsacrine__5__uM,False,,Amsacrine,5.0,uM,968,2356261.0
plate14,1,smp_2833,10,CVCL_C466,49,Amsacrine__5__uM,False,,Amsacrine,5.0,uM,1218,2195852.0
plate14,1,smp_2834,11,CVCL_0023,0,Anethole trithione__5__uM,False,,Anethole trithione,5.0,uM,1630,4231046.0
plate14,1,smp_2834,11,CVCL_0028,1,Anethole trithione__5__uM,False,,Anethole trithione,5.0,uM,335,636224.0
plate14,1,smp_2834,11,CVCL_0069,2,Anethole trithione__5__uM,False,,Anethole trithione,5.0,uM,748,2151698.0
plate14,1,smp_2834,11,CVCL_0099,3,Anethole trithione__5__uM,False,,Anethole trithione,5.0,uM,387,872698.0
plate14,1,smp_2834,11,CVCL_0131,4,Anethole trithione__5__uM,False,,Anethole trithione,5.0,uM,1746,6121869.0
plate14,1,smp_2834,11,CVCL_0152,5,Anethole trithione__5__uM,False,,Anethole trithione,5.0,uM,1526,3414238.0
plate14,1,smp_2834,11,CVCL_0179,6,Anethole trithione__5__uM,False,,Anethole trithione,5.0,uM,801,2882750.0
plate14,1,smp_2834,11,CVCL_0218,7,Anethole trithione__5__uM,False,,Anethole trithione,5.0,uM,989,2223075.0
plate14,1,smp_2834,11,CVCL_0292,8,Anethole trithione__5__uM,False,,Anethole trithione,5.0,uM,898,1595651.0
plate14,1,smp_2834,11,CVCL_0293,9,Anethole trithione__5__uM,False,,Anethole trithione,5.0,uM,1844,5707959.0
plate14,1,smp_2834,11,CVCL_0320,10,Anethole trithione__5__uM,False,,Anethole trithione,5.0,uM,1387,3936120.0
plate14,1,smp_2834,11,CVCL_0332,11,Anethole trithione__5__uM,False,,Anethole trithione,5.0,uM,823,2824464.0
plate14,1,smp_2834,11,CVCL_0334,12,Anethole trithione__5__uM,False,,Anethole trithione,5.0,uM,596,1419068.0
plate14,1,smp_2834,11,CVCL_0359,13,Anethole trithione__5__uM,False,,Anethole trithione,5.0,uM,1434,4406340.0
plate14,1,smp_2834,11,CVCL_0366,14,Anethole trithione__5__uM,False,,Anethole trithione,5.0,uM,1144,4322906.0
plate14,1,smp_2834,11,CVCL_0371,15,Anethole trithione__5__uM,False,,Anethole trithione,5.0,uM,1413,3859846.0
plate14,1,smp_2834,11,CVCL_0397,16,Anethole trithione__5__uM,False,,Anethole trithione,5.0,uM,1186,3685701.0
plate14,1,smp_2834,11,CVCL_0399,17,Anethole trithione__5__uM,False,,Anethole trithione,5.0,uM,2331,6257989.0
plate14,1,smp_2834,11,CVCL_0428,18,Anethole trithione__5__uM,False,,Anethole trithione,5.0,uM,708,1931498.0
plate14,1,smp_2834,11,CVCL_0459,19,Anethole trithione__5__uM,False,,Anethole trithione,5.0,uM,3136,7359339.0
plate14,1,smp_2834,11,CVCL_0480,20,Anethole trithione__5__uM,False,,Anethole trithione,5.0,uM,1898,6963373.0
plate14,1,smp_2834,11,CVCL_0504,21,Anethole trithione__5__uM,False,,Anethole trithione,5.0,uM,1215,2484491.0
plate14,1,smp_2834,11,CVCL_0546,22,Anethole trithione__5__uM,False,,Anethole trithione,5.0,uM,3493,8304276.0
plate14,1,smp_2834,11,CVCL_1055,23,Anethole trithione__5__uM,False,,Anethole trithione,5.0,uM,766,3011859.0
plate14,1,smp_2834,11,CVCL_1056,24,Anethole trithione__5__uM,False,,Anethole trithione,5.0,uM,1623,6731714.0
plate14,1,smp_2834,11,CVCL_1094,25,Anethole trithione__5__uM,False,,Anethole trithione,5.0,uM,763,1736036.0
plate14,1,smp_2834,11,CVCL_1097,26,Anethole trithione__5__uM,False,,Anethole trithione,5.0,uM,1361,3549117.0
plate14,1,smp_2834,11,CVCL_1098,27,Anethole trithione__5__uM,False,,Anethole trithione,5.0,uM,1197,2767571.0
plate14,1,smp_2834,11,CVCL_1119,28,Anethole trithione__5__uM,False,,Anethole trithione,5.0,uM,1251,3701359.0
plate14,1,smp_2834,11,CVCL_1125,29,Anethole trithione__5__uM,False,,Anethole trithione,5.0,uM,235,420540.0
plate14,1,smp_2834,11,CVCL_1239,30,Anethole trithione__5__uM,False,,Anethole trithione,5.0,uM,521,1304406.0
plate14,1,smp_2834,11,CVCL_1285,31,Anethole trithione__5__uM,False,,Anethole trithione,5.0,uM,1877,5161836.0
plate14,1,smp_2834,11,CVCL_1381,32,Anethole trithione__5__uM,False,,Anethole trithione,5.0,uM,1114,3204966.0
plate14,1,smp_2834,11,CVCL_1478,33,Anethole trithione__5__uM,False,,Anethole trithione,5.0,uM,1423,3938540.0
plate14,1,smp_2834,11,CVCL_1495,34,Anethole trithione__5__uM,False,,Anethole trithione,5.0,uM,920,2870339.0
plate14,1,smp_2834,11,CVCL_1517,35,Anethole trithione__5__uM,False,,Anethole trithione,5.0,uM,1493,6416390.0
plate14,1,smp_2834,11,CVCL_1531,36,Anethole trithione__5__uM,False,,Anethole trithione,5.0,uM,23,31675.0
plate14,1,smp_2834,11,CVCL_1547,37,Anethole trithione__5__uM,False,,Anethole trithione,5.0,uM,1099,3252629.0
plate14,1,smp_2834,11,CVCL_1550,38,Anethole trithione__5__uM,False,,Anethole trithione,5.0,uM,1217,4973458.0
plate14,1,smp_2834,11,CVCL_1571,39,Anethole trithione__5__uM,False,,Anethole trithione,5.0,uM,7,6571.0
plate14,1,smp_2834,11,CVCL_1577,40,Anethole trithione__5__uM,False,,Anethole trithione,5.0,uM,67,333950.0
plate14,1,smp_2834,11,CVCL_1635,41,Anethole trithione__5__uM,False,,Anethole trithione,5.0,uM,990,2995227.0
plate14,1,smp_2834,11,CVCL_1666,42,Anethole trithione__5__uM,False,,Anethole trithione,5.0,uM,879,1917537.0
plate14,1,smp_2834,11,CVCL_1693,43,Anethole trithione__5__uM,False,,Anethole trithione,5.0,uM,660,1345078.0
plate14,1,smp_2834,11,CVCL_1715,44,Anethole trithione__5__uM,False,,Anethole trithione,5.0,uM,122,262400.0
plate14,1,smp_2834,11,CVCL_1716,45,Anethole trithione__5__uM,False,,Anethole trithione,5.0,uM,148,308454.0
plate14,1,smp_2834,11,CVCL_1717,46,Anethole trithione__5__uM,False,,Anethole trithione,5.0,uM,1281,4082623.0
plate14,1,smp_2834,11,CVCL_1724,47,Anethole trithione__5__uM,False,,Anethole trithione,5.0,uM,650,1677895.0
plate14,1,smp_2834,11,CVCL_1731,48,Anethole trithione__5__uM,False,,Anethole trithione,5.0,uM,1068,2743803.0
plate14,1,smp_2834,11,CVCL_C466,49,Anethole trithione__5__uM,False,,Anethole trithione,5.0,uM,1149,2227261.0
plate14,1,smp_2826,12,CVCL_0023,0,Artesunate__5__uM,False,,Artesunate,5.0,uM,1817,3163085.0
plate14,1,smp_2826,12,CVCL_0028,1,Artesunate__5__uM,False,,Artesunate,5.0,uM,342,461235.0
plate14,1,smp_2826,12,CVCL_0069,2,Artesunate__5__uM,False,,Artesunate,5.0,uM,740,1395540.0
plate14,1,smp_2826,12,CVCL_0099,3,Artesunate__5__uM,False,,Artesunate,5.0,uM,476,694796.0
plate14,1,smp_2826,12,CVCL_0131,4,Artesunate__5__uM,False,,Artesunate,5.0,uM,2181,5196886.0
plate14,1,smp_2826,12,CVCL_0152,5,Artesunate__5__uM,False,,Artesunate,5.0,uM,1660,2883220.0
plate14,1,smp_2826,12,CVCL_0179,6,Artesunate__5__uM,False,,Artesunate,5.0,uM,1034,2250510.0
plate14,1,smp_2826,12,CVCL_0218,7,Artesunate__5__uM,False,,Artesunate,5.0,uM,1012,1496139.0
plate14,1,smp_2826,12,CVCL_0292,8,Artesunate__5__uM,False,,Artesunate,5.0,uM,698,865082.0
plate14,1,smp_2826,12,CVCL_0293,9,Artesunate__5__uM,False,,Artesunate,5.0,uM,2217,4880172.0
plate14,1,smp_2826,12,CVCL_0320,10,Artesunate__5__uM,False,,Artesunate,5.0,uM,1588,3119957.0
plate14,1,smp_2826,12,CVCL_0332,11,Artesunate__5__uM,False,,Artesunate,5.0,uM,1150,2812611.0
plate14,1,smp_2826,12,CVCL_0334,12,Artesunate__5__uM,False,,Artesunate,5.0,uM,751,1292069.0
plate14,1,smp_2826,12,CVCL_0359,13,Artesunate__5__uM,False,,Artesunate,5.0,uM,1735,3631575.0
plate14,1,smp_2826,12,CVCL_0366,14,Artesunate__5__uM,False,,Artesunate,5.0,uM,1622,4187094.0
plate14,1,smp_2826,12,CVCL_0371,15,Artesunate__5__uM,False,,Artesunate,5.0,uM,1505,2755491.0
plate14,1,smp_2826,12,CVCL_0397,16,Artesunate__5__uM,False,,Artesunate,5.0,uM,1331,2957019.0
plate14,1,smp_2826,12,CVCL_0399,17,Artesunate__5__uM,False,,Artesunate,5.0,uM,2344,4917429.0
plate14,1,smp_2826,12,CVCL_0428,18,Artesunate__5__uM,False,,Artesunate,5.0,uM,780,1475361.0
plate14,1,smp_2826,12,CVCL_0459,19,Artesunate__5__uM,False,,Artesunate,5.0,uM,3821,6245605.0
plate14,1,smp_2826,12,CVCL_0480,20,Artesunate__5__uM,False,,Artesunate,5.0,uM,2330,5877292.0
plate14,1,smp_2826,12,CVCL_0504,21,Artesunate__5__uM,False,,Artesunate,5.0,uM,1296,1736637.0
plate14,1,smp_2826,12,CVCL_0546,22,Artesunate__5__uM,False,,Artesunate,5.0,uM,3850,6495135.0
plate14,1,smp_2826,12,CVCL_1055,23,Artesunate__5__uM,False,,Artesunate,5.0,uM,1080,2944553.0
plate14,1,smp_2826,12,CVCL_1056,24,Artesunate__5__uM,False,,Artesunate,5.0,uM,2078,5900498.0
plate14,1,smp_2826,12,CVCL_1094,25,Artesunate__5__uM,False,,Artesunate,5.0,uM,821,1263895.0
plate14,1,smp_2826,12,CVCL_1097,26,Artesunate__5__uM,False,,Artesunate,5.0,uM,1595,2788941.0
plate14,1,smp_2826,12,CVCL_1098,27,Artesunate__5__uM,False,,Artesunate,5.0,uM,1472,2546545.0
plate14,1,smp_2826,12,CVCL_1119,28,Artesunate__5__uM,False,,Artesunate,5.0,uM,1364,2903303.0
plate14,1,smp_2826,12,CVCL_1125,29,Artesunate__5__uM,False,,Artesunate,5.0,uM,196,237392.0
plate14,1,smp_2826,12,CVCL_1239,30,Artesunate__5__uM,False,,Artesunate,5.0,uM,704,1134820.0
plate14,1,smp_2826,12,CVCL_1285,31,Artesunate__5__uM,False,,Artesunate,5.0,uM,2243,4304613.0
plate14,1,smp_2826,12,CVCL_1381,32,Artesunate__5__uM,False,,Artesunate,5.0,uM,1379,2721845.0
plate14,1,smp_2826,12,CVCL_1478,33,Artesunate__5__uM,False,,Artesunate,5.0,uM,1384,3192103.0
plate14,1,smp_2826,12,CVCL_1495,34,Artesunate__5__uM,False,,Artesunate,5.0,uM,1193,2334396.0
plate14,1,smp_2826,12,CVCL_1517,35,Artesunate__5__uM,False,,Artesunate,5.0,uM,2129,6018200.0
plate14,1,smp_2826,12,CVCL_1531,36,Artesunate__5__uM,False,,Artesunate,5.0,uM,17,20101.0
plate14,1,smp_2826,12,CVCL_1547,37,Artesunate__5__uM,False,,Artesunate,5.0,uM,1590,3196855.0
plate14,1,smp_2826,12,CVCL_1550,38,Artesunate__5__uM,False,,Artesunate,5.0,uM,1446,4410043.0
plate14,1,smp_2826,12,CVCL_1571,39,Artesunate__5__uM,False,,Artesunate,5.0,uM,10,9533.0
plate14,1,smp_2826,12,CVCL_1577,40,Artesunate__5__uM,False,,Artesunate,5.0,uM,104,326371.0
plate14,1,smp_2826,12,CVCL_1635,41,Artesunate__5__uM,False,,Artesunate,5.0,uM,1046,2245821.0
plate14,1,smp_2826,12,CVCL_1666,42,Artesunate__5__uM,False,,Artesunate,5.0,uM,937,1394291.0
plate14,1,smp_2826,12,CVCL_1693,43,Artesunate__5__uM,False,,Artesunate,5.0,uM,475,661355.0
plate14,1,smp_2826,12,CVCL_1715,44,Artesunate__5__uM,False,,Artesunate,5.0,uM,181,293306.0
plate14,1,smp_2826,12,CVCL_1716,45,Artesunate__5__uM,False,,Artesunate,5.0,uM,197,296892.0
plate14,1,smp_2826,12,CVCL_1717,46,Artesunate__5__uM,False,,Artesunate,5.0,uM,1513,3513427.0
plate14,1,smp_2826,12,CVCL_1724,47,Artesunate__5__uM,False,,Artesunate,5.0,uM,773,1369971.0
plate14,1,smp_2826,12,CVCL_1731,48,Artesunate__5__uM,False,,Artesunate,5.0,uM,1359,2468949.0
plate14,1,smp_2826,12,CVCL_C466,49,Artesunate__5__uM,False,,Artesunate,5.0,uM,1251,1699787.0
plate14,1,smp_2789,13,CVCL_0023,0,Azithromycin (hydrate)__5__uM,False,,Azithromycin (hydrate),5.0,uM,2186,3908210.0
plate14,1,smp_2789,13,CVCL_0028,1,Azithromycin (hydrate)__5__uM,False,,Azithromycin (hydrate),5.0,uM,475,649250.0
plate14,1,smp_2789,13,CVCL_0069,2,Azithromycin (hydrate)__5__uM,False,,Azithromycin (hydrate),5.0,uM,1060,2233648.0
plate14,1,smp_2789,13,CVCL_0099,3,Azithromycin (hydrate)__5__uM,False,,Azithromycin (hydrate),5.0,uM,551,892946.0
plate14,1,smp_2789,13,CVCL_0131,4,Azithromycin (hydrate)__5__uM,False,,Azithromycin (hydrate),5.0,uM,2334,5708920.0
plate14,1,smp_2789,13,CVCL_0152,5,Azithromycin (hydrate)__5__uM,False,,Azithromycin (hydrate),5.0,uM,2049,3623201.0
plate14,1,smp_2789,13,CVCL_0179,6,Azithromycin (hydrate)__5__uM,False,,Azithromycin (hydrate),5.0,uM,1213,3110850.0
plate14,1,smp_2789,13,CVCL_0218,7,Azithromycin (hydrate)__5__uM,False,,Azithromycin (hydrate),5.0,uM,1115,1911118.0
plate14,1,smp_2789,13,CVCL_0292,8,Azithromycin (hydrate)__5__uM,False,,Azithromycin (hydrate),5.0,uM,952,1263320.0
plate14,1,smp_2789,13,CVCL_0293,9,Azithromycin (hydrate)__5__uM,False,,Azithromycin (hydrate),5.0,uM,2226,5545609.0
plate14,1,smp_2789,13,CVCL_0320,10,Azithromycin (hydrate)__5__uM,False,,Azithromycin (hydrate),5.0,uM,1644,3439411.0
plate14,1,smp_2789,13,CVCL_0332,11,Azithromycin (hydrate)__5__uM,False,,Azithromycin (hydrate),5.0,uM,1114,2664935.0
plate14,1,smp_2789,13,CVCL_0334,12,Azithromycin (hydrate)__5__uM,False,,Azithromycin (hydrate),5.0,uM,836,1498799.0
plate14,1,smp_2789,13,CVCL_0359,13,Azithromycin (hydrate)__5__uM,False,,Azithromycin (hydrate),5.0,uM,1978,4356064.0
plate14,1,smp_2789,13,CVCL_0366,14,Azithromycin (hydrate)__5__uM,False,,Azithromycin (hydrate),5.0,uM,1573,4165989.0
plate14,1,smp_2789,13,CVCL_0371,15,Azithromycin (hydrate)__5__uM,False,,Azithromycin (hydrate),5.0,uM,1697,3487936.0
plate14,1,smp_2789,13,CVCL_0397,16,Azithromycin (hydrate)__5__uM,False,,Azithromycin (hydrate),5.0,uM,1393,3478913.0
plate14,1,smp_2789,13,CVCL_0399,17,Azithromycin (hydrate)__5__uM,False,,Azithromycin (hydrate),5.0,uM,2751,6024045.0
plate14,1,smp_2789,13,CVCL_0428,18,Azithromycin (hydrate)__5__uM,False,,Azithromycin (hydrate),5.0,uM,785,1525297.0
plate14,1,smp_2789,13,CVCL_0459,19,Azithromycin (hydrate)__5__uM,False,,Azithromycin (hydrate),5.0,uM,3707,6329189.0
plate14,1,smp_2789,13,CVCL_0480,20,Azithromycin (hydrate)__5__uM,False,,Azithromycin (hydrate),5.0,uM,2604,7241324.0
plate14,1,smp_2789,13,CVCL_0504,21,Azithromycin (hydrate)__5__uM,False,,Azithromycin (hydrate),5.0,uM,1556,2341327.0
plate14,1,smp_2789,13,CVCL_0546,22,Azithromycin (hydrate)__5__uM,False,,Azithromycin (hydrate),5.0,uM,3882,6937156.0
plate14,1,smp_2789,13,CVCL_1055,23,Azithromycin (hydrate)__5__uM,False,,Azithromycin (hydrate),5.0,uM,1167,3487288.0
plate14,1,smp_2789,13,CVCL_1056,24,Azithromycin (hydrate)__5__uM,False,,Azithromycin (hydrate),5.0,uM,2146,6423105.0
plate14,1,smp_2789,13,CVCL_1094,25,Azithromycin (hydrate)__5__uM,False,,Azithromycin (hydrate),5.0,uM,985,1645088.0
plate14,1,smp_2789,13,CVCL_1097,26,Azithromycin (hydrate)__5__uM,False,,Azithromycin (hydrate),5.0,uM,1793,3141721.0
plate14,1,smp_2789,13,CVCL_1098,27,Azithromycin (hydrate)__5__uM,False,,Azithromycin (hydrate),5.0,uM,1274,2141270.0
plate14,1,smp_2789,13,CVCL_1119,28,Azithromycin (hydrate)__5__uM,False,,Azithromycin (hydrate),5.0,uM,1641,3645778.0
plate14,1,smp_2789,13,CVCL_1125,29,Azithromycin (hydrate)__5__uM,False,,Azithromycin (hydrate),5.0,uM,302,398161.0
plate14,1,smp_2789,13,CVCL_1239,30,Azithromycin (hydrate)__5__uM,False,,Azithromycin (hydrate),5.0,uM,689,1175489.0
plate14,1,smp_2789,13,CVCL_1285,31,Azithromycin (hydrate)__5__uM,False,,Azithromycin (hydrate),5.0,uM,2529,5096057.0
plate14,1,smp_2789,13,CVCL_1381,32,Azithromycin (hydrate)__5__uM,False,,Azithromycin (hydrate),5.0,uM,1478,3170079.0
plate14,1,smp_2789,13,CVCL_1478,33,Azithromycin (hydrate)__5__uM,False,,Azithromycin (hydrate),5.0,uM,1592,3779776.0
plate14,1,smp_2789,13,CVCL_1495,34,Azithromycin (hydrate)__5__uM,False,,Azithromycin (hydrate),5.0,uM,1303,2729417.0
plate14,1,smp_2789,13,CVCL_1517,35,Azithromycin (hydrate)__5__uM,False,,Azithromycin (hydrate),5.0,uM,2179,6627284.0
plate14,1,smp_2789,13,CVCL_1531,36,Azithromycin (hydrate)__5__uM,False,,Azithromycin (hydrate),5.0,uM,35,44285.0
plate14,1,smp_2789,13,CVCL_1547,37,Azithromycin (hydrate)__5__uM,False,,Azithromycin (hydrate),5.0,uM,1573,3420815.0
plate14,1,smp_2789,13,CVCL_1550,38,Azithromycin (hydrate)__5__uM,False,,Azithromycin (hydrate),5.0,uM,1643,5313628.0
plate14,1,smp_2789,13,CVCL_1571,39,Azithromycin (hydrate)__5__uM,False,,Azithromycin (hydrate),5.0,uM,17,16176.0
plate14,1,smp_2789,13,CVCL_1577,40,Azithromycin (hydrate)__5__uM,False,,Azithromycin (hydrate),5.0,uM,93,323105.0
plate14,1,smp_2789,13,CVCL_1635,41,Azithromycin (hydrate)__5__uM,False,,Azithromycin (hydrate),5.0,uM,1253,2780218.0
plate14,1,smp_2789,13,CVCL_1666,42,Azithromycin (hydrate)__5__uM,False,,Azithromycin (hydrate),5.0,uM,1076,1694551.0
plate14,1,smp_2789,13,CVCL_1693,43,Azithromycin (hydrate)__5__uM,False,,Azithromycin (hydrate),5.0,uM,786,1183211.0
plate14,1,smp_2789,13,CVCL_1715,44,Azithromycin (hydrate)__5__uM,False,,Azithromycin (hydrate),5.0,uM,132,190765.0
plate14,1,smp_2789,13,CVCL_1716,45,Azithromycin (hydrate)__5__uM,False,,Azithromycin (hydrate),5.0,uM,182,287425.0
plate14,1,smp_2789,13,CVCL_1717,46,Azithromycin (hydrate)__5__uM,False,,Azithromycin (hydrate),5.0,uM,1532,3880255.0
plate14,1,smp_2789,13,CVCL_1724,47,Azithromycin (hydrate)__5__uM,False,,Azithromycin (hydrate),5.0,uM,744,1347401.0
plate14,1,smp_2789,13,CVCL_1731,48,Azithromycin (hydrate)__5__uM,False,,Azithromycin (hydrate),5.0,uM,1261,2422217.0
plate14,1,smp_2789,13,CVCL_C466,49,Azithromycin (hydrate)__5__uM,False,,Azithromycin (hydrate),5.0,uM,1324,1896175.0
plate14,1,smp_2817,14,CVCL_0023,0,Baicalin__5__uM,False,,Baicalin,5.0,uM,1766,3860228.0
plate14,1,smp_2817,14,CVCL_0028,1,Baicalin__5__uM,False,,Baicalin,5.0,uM,493,793708.0
plate14,1,smp_2817,14,CVCL_0069,2,Baicalin__5__uM,False,,Baicalin,5.0,uM,944,2426941.0
plate14,1,smp_2817,14,CVCL_0099,3,Baicalin__5__uM,False,,Baicalin,5.0,uM,537,1038651.0
plate14,1,smp_2817,14,CVCL_0131,4,Baicalin__5__uM,False,,Baicalin,5.0,uM,1962,6042481.0
plate14,1,smp_2817,14,CVCL_0152,5,Baicalin__5__uM,False,,Baicalin,5.0,uM,1727,3484681.0
plate14,1,smp_2817,14,CVCL_0179,6,Baicalin__5__uM,False,,Baicalin,5.0,uM,1112,3396682.0
plate14,1,smp_2817,14,CVCL_0218,7,Baicalin__5__uM,False,,Baicalin,5.0,uM,1067,2046233.0
plate14,1,smp_2817,14,CVCL_0292,8,Baicalin__5__uM,False,,Baicalin,5.0,uM,925,1432071.0
plate14,1,smp_2817,14,CVCL_0293,9,Baicalin__5__uM,False,,Baicalin,5.0,uM,2029,5946963.0
plate14,1,smp_2817,14,CVCL_0320,10,Baicalin__5__uM,False,,Baicalin,5.0,uM,1543,3889903.0
plate14,1,smp_2817,14,CVCL_0332,11,Baicalin__5__uM,False,,Baicalin,5.0,uM,950,2791026.0
plate14,1,smp_2817,14,CVCL_0334,12,Baicalin__5__uM,False,,Baicalin,5.0,uM,761,1478422.0
plate14,1,smp_2817,14,CVCL_0359,13,Baicalin__5__uM,False,,Baicalin,5.0,uM,1631,4442398.0
plate14,1,smp_2817,14,CVCL_0366,14,Baicalin__5__uM,False,,Baicalin,5.0,uM,1307,4227749.0
plate14,1,smp_2817,14,CVCL_0371,15,Baicalin__5__uM,False,,Baicalin,5.0,uM,1556,3744774.0
plate14,1,smp_2817,14,CVCL_0397,16,Baicalin__5__uM,False,,Baicalin,5.0,uM,1257,3687297.0
plate14,1,smp_2817,14,CVCL_0399,17,Baicalin__5__uM,False,,Baicalin,5.0,uM,2382,6009735.0
plate14,1,smp_2817,14,CVCL_0428,18,Baicalin__5__uM,False,,Baicalin,5.0,uM,660,1571901.0
plate14,1,smp_2817,14,CVCL_0459,19,Baicalin__5__uM,False,,Baicalin,5.0,uM,3680,7744991.0
plate14,1,smp_2817,14,CVCL_0480,20,Baicalin__5__uM,False,,Baicalin,5.0,uM,2009,6481780.0
plate14,1,smp_2817,14,CVCL_0504,21,Baicalin__5__uM,False,,Baicalin,5.0,uM,1490,2715048.0
plate14,1,smp_2817,14,CVCL_0546,22,Baicalin__5__uM,False,,Baicalin,5.0,uM,3707,7703857.0
plate14,1,smp_2817,14,CVCL_1055,23,Baicalin__5__uM,False,,Baicalin,5.0,uM,956,3393654.0
plate14,1,smp_2817,14,CVCL_1056,24,Baicalin__5__uM,False,,Baicalin,5.0,uM,1716,6125818.0
plate14,1,smp_2817,14,CVCL_1094,25,Baicalin__5__uM,False,,Baicalin,5.0,uM,882,1766342.0
plate14,1,smp_2817,14,CVCL_1097,26,Baicalin__5__uM,False,,Baicalin,5.0,uM,1534,3333788.0
plate14,1,smp_2817,14,CVCL_1098,27,Baicalin__5__uM,False,,Baicalin,5.0,uM,1268,2544975.0
plate14,1,smp_2817,14,CVCL_1119,28,Baicalin__5__uM,False,,Baicalin,5.0,uM,1377,3747259.0
plate14,1,smp_2817,14,CVCL_1125,29,Baicalin__5__uM,False,,Baicalin,5.0,uM,304,481444.0
plate14,1,smp_2817,14,CVCL_1239,30,Baicalin__5__uM,False,,Baicalin,5.0,uM,579,1212753.0
plate14,1,smp_2817,14,CVCL_1285,31,Baicalin__5__uM,False,,Baicalin,5.0,uM,1947,4786462.0
plate14,1,smp_2817,14,CVCL_1381,32,Baicalin__5__uM,False,,Baicalin,5.0,uM,1228,3031995.0
plate14,1,smp_2817,14,CVCL_1478,33,Baicalin__5__uM,False,,Baicalin,5.0,uM,1440,3579068.0
plate14,1,smp_2817,14,CVCL_1495,34,Baicalin__5__uM,False,,Baicalin,5.0,uM,1132,2994218.0
plate14,1,smp_2817,14,CVCL_1517,35,Baicalin__5__uM,False,,Baicalin,5.0,uM,1854,6826015.0
plate14,1,smp_2817,14,CVCL_1531,36,Baicalin__5__uM,False,,Baicalin,5.0,uM,29,37763.0
plate14,1,smp_2817,14,CVCL_1547,37,Baicalin__5__uM,False,,Baicalin,5.0,uM,1467,3823081.0
plate14,1,smp_2817,14,CVCL_1550,38,Baicalin__5__uM,False,,Baicalin,5.0,uM,1287,4788767.0
plate14,1,smp_2817,14,CVCL_1571,39,Baicalin__5__uM,False,,Baicalin,5.0,uM,9,9591.0
plate14,1,smp_2817,14,CVCL_1577,40,Baicalin__5__uM,False,,Baicalin,5.0,uM,82,340248.0
plate14,1,smp_2817,14,CVCL_1635,41,Baicalin__5__uM,False,,Baicalin,5.0,uM,1053,2817875.0
plate14,1,smp_2817,14,CVCL_1666,42,Baicalin__5__uM,False,,Baicalin,5.0,uM,921,1755621.0
plate14,1,smp_2817,14,CVCL_1693,43,Baicalin__5__uM,False,,Baicalin,5.0,uM,821,1522799.0
plate14,1,smp_2817,14,CVCL_1715,44,Baicalin__5__uM,False,,Baicalin,5.0,uM,136,272709.0
plate14,1,smp_2817,14,CVCL_1716,45,Baicalin__5__uM,False,,Baicalin,5.0,uM,182,352553.0
plate14,1,smp_2817,14,CVCL_1717,46,Baicalin__5__uM,False,,Baicalin,5.0,uM,1371,3784610.0
plate14,1,smp_2817,14,CVCL_1724,47,Baicalin__5__uM,False,,Baicalin,5.0,uM,791,1894242.0
plate14,1,smp_2817,14,CVCL_1731,48,Baicalin__5__uM,False,,Baicalin,5.0,uM,1132,2530014.0
plate14,1,smp_2817,14,CVCL_C466,49,Baicalin__5__uM,False,,Baicalin,5.0,uM,1250,2208750.0
plate14,1,smp_2824,15,CVCL_0023,0,Balsalazide (sodium hydrate)__5__uM,False,,Balsalazide (sodium hydrate),5.0,uM,1972,5063857.0
plate14,1,smp_2824,15,CVCL_0028,1,Balsalazide (sodium hydrate)__5__uM,False,,Balsalazide (sodium hydrate),5.0,uM,408,782098.0
plate14,1,smp_2824,15,CVCL_0069,2,Balsalazide (sodium hydrate)__5__uM,False,,Balsalazide (sodium hydrate),5.0,uM,920,2550779.0
plate14,1,smp_2824,15,CVCL_0099,3,Balsalazide (sodium hydrate)__5__uM,False,,Balsalazide (sodium hydrate),5.0,uM,567,1274043.0
plate14,1,smp_2824,15,CVCL_0131,4,Balsalazide (sodium hydrate)__5__uM,False,,Balsalazide (sodium hydrate),5.0,uM,1969,6947268.0
plate14,1,smp_2824,15,CVCL_0152,5,Balsalazide (sodium hydrate)__5__uM,False,,Balsalazide (sodium hydrate),5.0,uM,1878,4152090.0
plate14,1,smp_2824,15,CVCL_0179,6,Balsalazide (sodium hydrate)__5__uM,False,,Balsalazide (sodium hydrate),5.0,uM,1174,4294112.0
plate14,1,smp_2824,15,CVCL_0218,7,Balsalazide (sodium hydrate)__5__uM,False,,Balsalazide (sodium hydrate),5.0,uM,1056,2433574.0
plate14,1,smp_2824,15,CVCL_0292,8,Balsalazide (sodium hydrate)__5__uM,False,,Balsalazide (sodium hydrate),5.0,uM,907,1524838.0
plate14,1,smp_2824,15,CVCL_0293,9,Balsalazide (sodium hydrate)__5__uM,False,,Balsalazide (sodium hydrate),5.0,uM,2212,6649031.0
plate14,1,smp_2824,15,CVCL_0320,10,Balsalazide (sodium hydrate)__5__uM,False,,Balsalazide (sodium hydrate),5.0,uM,1614,4620282.0
plate14,1,smp_2824,15,CVCL_0332,11,Balsalazide (sodium hydrate)__5__uM,False,,Balsalazide (sodium hydrate),5.0,uM,1062,3673930.0
plate14,1,smp_2824,15,CVCL_0334,12,Balsalazide (sodium hydrate)__5__uM,False,,Balsalazide (sodium hydrate),5.0,uM,837,2027709.0
plate14,1,smp_2824,15,CVCL_0359,13,Balsalazide (sodium hydrate)__5__uM,False,,Balsalazide (sodium hydrate),5.0,uM,1666,5192860.0
plate14,1,smp_2824,15,CVCL_0366,14,Balsalazide (sodium hydrate)__5__uM,False,,Balsalazide (sodium hydrate),5.0,uM,1491,5814802.0
plate14,1,smp_2824,15,CVCL_0371,15,Balsalazide (sodium hydrate)__5__uM,False,,Balsalazide (sodium hydrate),5.0,uM,1608,4304248.0
plate14,1,smp_2824,15,CVCL_0397,16,Balsalazide (sodium hydrate)__5__uM,False,,Balsalazide (sodium hydrate),5.0,uM,1385,4484552.0
plate14,1,smp_2824,15,CVCL_0399,17,Balsalazide (sodium hydrate)__5__uM,False,,Balsalazide (sodium hydrate),5.0,uM,2662,7202624.0
plate14,1,smp_2824,15,CVCL_0428,18,Balsalazide (sodium hydrate)__5__uM,False,,Balsalazide (sodium hydrate),5.0,uM,687,1918493.0
plate14,1,smp_2824,15,CVCL_0459,19,Balsalazide (sodium hydrate)__5__uM,False,,Balsalazide (sodium hydrate),5.0,uM,4183,10033417.0
plate14,1,smp_2824,15,CVCL_0480,20,Balsalazide (sodium hydrate)__5__uM,False,,Balsalazide (sodium hydrate),5.0,uM,2295,8578147.0
plate14,1,smp_2824,15,CVCL_0504,21,Balsalazide (sodium hydrate)__5__uM,False,,Balsalazide (sodium hydrate),5.0,uM,1425,2919533.0
plate14,1,smp_2824,15,CVCL_0546,22,Balsalazide (sodium hydrate)__5__uM,False,,Balsalazide (sodium hydrate),5.0,uM,3949,9368113.0
plate14,1,smp_2824,15,CVCL_1055,23,Balsalazide (sodium hydrate)__5__uM,False,,Balsalazide (sodium hydrate),5.0,uM,950,3830726.0
plate14,1,smp_2824,15,CVCL_1056,24,Balsalazide (sodium hydrate)__5__uM,False,,Balsalazide (sodium hydrate),5.0,uM,1875,7827326.0
plate14,1,smp_2824,15,CVCL_1094,25,Balsalazide (sodium hydrate)__5__uM,False,,Balsalazide (sodium hydrate),5.0,uM,929,2094785.0
plate14,1,smp_2824,15,CVCL_1097,26,Balsalazide (sodium hydrate)__5__uM,False,,Balsalazide (sodium hydrate),5.0,uM,1708,4171148.0
plate14,1,smp_2824,15,CVCL_1098,27,Balsalazide (sodium hydrate)__5__uM,False,,Balsalazide (sodium hydrate),5.0,uM,1474,3269615.0
plate14,1,smp_2824,15,CVCL_1119,28,Balsalazide (sodium hydrate)__5__uM,False,,Balsalazide (sodium hydrate),5.0,uM,1341,4073220.0
plate14,1,smp_2824,15,CVCL_1125,29,Balsalazide (sodium hydrate)__5__uM,False,,Balsalazide (sodium hydrate),5.0,uM,333,591134.0
plate14,1,smp_2824,15,CVCL_1239,30,Balsalazide (sodium hydrate)__5__uM,False,,Balsalazide (sodium hydrate),5.0,uM,659,1699285.0
plate14,1,smp_2824,15,CVCL_1285,31,Balsalazide (sodium hydrate)__5__uM,False,,Balsalazide (sodium hydrate),5.0,uM,2341,6757207.0
plate14,1,smp_2824,15,CVCL_1381,32,Balsalazide (sodium hydrate)__5__uM,False,,Balsalazide (sodium hydrate),5.0,uM,1295,3777193.0
plate14,1,smp_2824,15,CVCL_1478,33,Balsalazide (sodium hydrate)__5__uM,False,,Balsalazide (sodium hydrate),5.0,uM,1398,3945290.0
plate14,1,smp_2824,15,CVCL_1495,34,Balsalazide (sodium hydrate)__5__uM,False,,Balsalazide (sodium hydrate),5.0,uM,1187,3538755.0
plate14,1,smp_2824,15,CVCL_1517,35,Balsalazide (sodium hydrate)__5__uM,False,,Balsalazide (sodium hydrate),5.0,uM,1962,8422751.0
plate14,1,smp_2824,15,CVCL_1531,36,Balsalazide (sodium hydrate)__5__uM,False,,Balsalazide (sodium hydrate),5.0,uM,28,39973.0
plate14,1,smp_2824,15,CVCL_1547,37,Balsalazide (sodium hydrate)__5__uM,False,,Balsalazide (sodium hydrate),5.0,uM,1382,4160949.0
plate14,1,smp_2824,15,CVCL_1550,38,Balsalazide (sodium hydrate)__5__uM,False,,Balsalazide (sodium hydrate),5.0,uM,1316,5683656.0
plate14,1,smp_2824,15,CVCL_1571,39,Balsalazide (sodium hydrate)__5__uM,False,,Balsalazide (sodium hydrate),5.0,uM,11,10840.0
plate14,1,smp_2824,15,CVCL_1577,40,Balsalazide (sodium hydrate)__5__uM,False,,Balsalazide (sodium hydrate),5.0,uM,79,317703.0
plate14,1,smp_2824,15,CVCL_1635,41,Balsalazide (sodium hydrate)__5__uM,False,,Balsalazide (sodium hydrate),5.0,uM,1023,3107295.0
plate14,1,smp_2824,15,CVCL_1666,42,Balsalazide (sodium hydrate)__5__uM,False,,Balsalazide (sodium hydrate),5.0,uM,995,2125947.0
plate14,1,smp_2824,15,CVCL_1693,43,Balsalazide (sodium hydrate)__5__uM,False,,Balsalazide (sodium hydrate),5.0,uM,793,1650243.0
plate14,1,smp_2824,15,CVCL_1715,44,Balsalazide (sodium hydrate)__5__uM,False,,Balsalazide (sodium hydrate),5.0,uM,190,434717.0
plate14,1,smp_2824,15,CVCL_1716,45,Balsalazide (sodium hydrate)__5__uM,False,,Balsalazide (sodium hydrate),5.0,uM,165,341362.0
plate14,1,smp_2824,15,CVCL_1717,46,Balsalazide (sodium hydrate)__5__uM,False,,Balsalazide (sodium hydrate),5.0,uM,1329,4238225.0
plate14,1,smp_2824,15,CVCL_1724,47,Balsalazide (sodium hydrate)__5__uM,False,,Balsalazide (sodium hydrate),5.0,uM,817,2114145.0
plate14,1,smp_2824,15,CVCL_1731,48,Balsalazide (sodium hydrate)__5__uM,False,,Balsalazide (sodium hydrate),5.0,uM,1162,3013459.0
plate14,1,smp_2824,15,CVCL_C466,49,Balsalazide (sodium hydrate)__5__uM,False,,Balsalazide (sodium hydrate),5.0,uM,1619,3271480.0
plate14,1,smp_2746,16,CVCL_0023,0,Berbamine__5__uM,False,,Berbamine,5.0,uM,1839,3435254.0
plate14,1,smp_2746,16,CVCL_0028,1,Berbamine__5__uM,False,,Berbamine,5.0,uM,366,531950.0
plate14,1,smp_2746,16,CVCL_0069,2,Berbamine__5__uM,False,,Berbamine,5.0,uM,948,2029336.0
plate14,1,smp_2746,16,CVCL_0099,3,Berbamine__5__uM,False,,Berbamine,5.0,uM,493,858384.0
plate14,1,smp_2746,16,CVCL_0131,4,Berbamine__5__uM,False,,Berbamine,5.0,uM,1975,5113314.0
plate14,1,smp_2746,16,CVCL_0152,5,Berbamine__5__uM,False,,Berbamine,5.0,uM,1762,3049887.0
plate14,1,smp_2746,16,CVCL_0179,6,Berbamine__5__uM,False,,Berbamine,5.0,uM,1034,2804354.0
plate14,1,smp_2746,16,CVCL_0218,7,Berbamine__5__uM,False,,Berbamine,5.0,uM,1067,1762967.0
plate14,1,smp_2746,16,CVCL_0292,8,Berbamine__5__uM,False,,Berbamine,5.0,uM,754,1046235.0
plate14,1,smp_2746,16,CVCL_0293,9,Berbamine__5__uM,False,,Berbamine,5.0,uM,2294,5801390.0
plate14,1,smp_2746,16,CVCL_0320,10,Berbamine__5__uM,False,,Berbamine,5.0,uM,1553,3279094.0
plate14,1,smp_2746,16,CVCL_0332,11,Berbamine__5__uM,False,,Berbamine,5.0,uM,935,2258525.0
plate14,1,smp_2746,16,CVCL_0334,12,Berbamine__5__uM,False,,Berbamine,5.0,uM,726,1319608.0
plate14,1,smp_2746,16,CVCL_0359,13,Berbamine__5__uM,False,,Berbamine,5.0,uM,1466,3468383.0
plate14,1,smp_2746,16,CVCL_0366,14,Berbamine__5__uM,False,,Berbamine,5.0,uM,1241,3529376.0
plate14,1,smp_2746,16,CVCL_0371,15,Berbamine__5__uM,False,,Berbamine,5.0,uM,1727,3695174.0
plate14,1,smp_2746,16,CVCL_0397,16,Berbamine__5__uM,False,,Berbamine,5.0,uM,1392,3482473.0
plate14,1,smp_2746,16,CVCL_0399,17,Berbamine__5__uM,False,,Berbamine,5.0,uM,2558,5416264.0
plate14,1,smp_2746,16,CVCL_0428,18,Berbamine__5__uM,False,,Berbamine,5.0,uM,635,1361246.0
plate14,1,smp_2746,16,CVCL_0459,19,Berbamine__5__uM,False,,Berbamine,5.0,uM,3604,6583352.0
plate14,1,smp_2746,16,CVCL_0480,20,Berbamine__5__uM,False,,Berbamine,5.0,uM,2115,5949435.0
plate14,1,smp_2746,16,CVCL_0504,21,Berbamine__5__uM,False,,Berbamine,5.0,uM,1084,1693010.0
plate14,1,smp_2746,16,CVCL_0546,22,Berbamine__5__uM,False,,Berbamine,5.0,uM,3777,6823456.0
plate14,1,smp_2746,16,CVCL_1055,23,Berbamine__5__uM,False,,Berbamine,5.0,uM,665,1965984.0
plate14,1,smp_2746,16,CVCL_1056,24,Berbamine__5__uM,False,,Berbamine,5.0,uM,1887,5837328.0
plate14,1,smp_2746,16,CVCL_1094,25,Berbamine__5__uM,False,,Berbamine,5.0,uM,836,1433707.0
plate14,1,smp_2746,16,CVCL_1097,26,Berbamine__5__uM,False,,Berbamine,5.0,uM,1551,2932213.0
plate14,1,smp_2746,16,CVCL_1098,27,Berbamine__5__uM,False,,Berbamine,5.0,uM,1394,2321443.0
plate14,1,smp_2746,16,CVCL_1119,28,Berbamine__5__uM,False,,Berbamine,5.0,uM,1362,3144966.0
plate14,1,smp_2746,16,CVCL_1125,29,Berbamine__5__uM,False,,Berbamine,5.0,uM,243,333268.0
plate14,1,smp_2746,16,CVCL_1239,30,Berbamine__5__uM,False,,Berbamine,5.0,uM,644,1206343.0
plate14,1,smp_2746,16,CVCL_1285,31,Berbamine__5__uM,False,,Berbamine,5.0,uM,2134,4513868.0
plate14,1,smp_2746,16,CVCL_1381,32,Berbamine__5__uM,False,,Berbamine,5.0,uM,1240,2660390.0
plate14,1,smp_2746,16,CVCL_1478,33,Berbamine__5__uM,False,,Berbamine,5.0,uM,1645,3640586.0
plate14,1,smp_2746,16,CVCL_1495,34,Berbamine__5__uM,False,,Berbamine,5.0,uM,1068,2375718.0
plate14,1,smp_2746,16,CVCL_1517,35,Berbamine__5__uM,False,,Berbamine,5.0,uM,1955,5984784.0
plate14,1,smp_2746,16,CVCL_1531,36,Berbamine__5__uM,False,,Berbamine,5.0,uM,22,27606.0
plate14,1,smp_2746,16,CVCL_1547,37,Berbamine__5__uM,False,,Berbamine,5.0,uM,1176,2472046.0
plate14,1,smp_2746,16,CVCL_1550,38,Berbamine__5__uM,False,,Berbamine,5.0,uM,1424,4607474.0
plate14,1,smp_2746,16,CVCL_1571,39,Berbamine__5__uM,False,,Berbamine,5.0,uM,10,9352.0
plate14,1,smp_2746,16,CVCL_1577,40,Berbamine__5__uM,False,,Berbamine,5.0,uM,59,188259.0
plate14,1,smp_2746,16,CVCL_1635,41,Berbamine__5__uM,False,,Berbamine,5.0,uM,1122,2399205.0
plate14,1,smp_2746,16,CVCL_1666,42,Berbamine__5__uM,False,,Berbamine,5.0,uM,836,1332798.0
plate14,1,smp_2746,16,CVCL_1693,43,Berbamine__5__uM,False,,Berbamine,5.0,uM,639,973862.0
plate14,1,smp_2746,16,CVCL_1715,44,Berbamine__5__uM,False,,Berbamine,5.0,uM,127,225770.0
plate14,1,smp_2746,16,CVCL_1716,45,Berbamine__5__uM,False,,Berbamine,5.0,uM,151,247598.0
plate14,1,smp_2746,16,CVCL_1717,46,Berbamine__5__uM,False,,Berbamine,5.0,uM,1511,3765340.0
plate14,1,smp_2746,16,CVCL_1724,47,Berbamine__5__uM,False,,Berbamine,5.0,uM,814,1611830.0
plate14,1,smp_2746,16,CVCL_1731,48,Berbamine__5__uM,False,,Berbamine,5.0,uM,1100,2205144.0
plate14,1,smp_2746,16,CVCL_C466,49,Berbamine__5__uM,False,,Berbamine,5.0,uM,1205,1819793.0
plate14,1,smp_2818,17,CVCL_0023,0,Berberine (chloride hydrate)__5__uM,False,,Berberine (chloride hydrate),5.0,uM,1959,3948871.0
plate14,1,smp_2818,17,CVCL_0028,1,Berberine (chloride hydrate)__5__uM,False,,Berberine (chloride hydrate),5.0,uM,380,590548.0
plate14,1,smp_2818,17,CVCL_0069,2,Berberine (chloride hydrate)__5__uM,False,,Berberine (chloride hydrate),5.0,uM,989,2353036.0
plate14,1,smp_2818,17,CVCL_0099,3,Berberine (chloride hydrate)__5__uM,False,,Berberine (chloride hydrate),5.0,uM,564,1001680.0
plate14,1,smp_2818,17,CVCL_0131,4,Berberine (chloride hydrate)__5__uM,False,,Berberine (chloride hydrate),5.0,uM,2201,6260852.0
plate14,1,smp_2818,17,CVCL_0152,5,Berberine (chloride hydrate)__5__uM,False,,Berberine (chloride hydrate),5.0,uM,1816,3495562.0
plate14,1,smp_2818,17,CVCL_0179,6,Berberine (chloride hydrate)__5__uM,False,,Berberine (chloride hydrate),5.0,uM,1106,3204758.0
plate14,1,smp_2818,17,CVCL_0218,7,Berberine (chloride hydrate)__5__uM,False,,Berberine (chloride hydrate),5.0,uM,1090,1962234.0
plate14,1,smp_2818,17,CVCL_0292,8,Berberine (chloride hydrate)__5__uM,False,,Berberine (chloride hydrate),5.0,uM,841,1212011.0
plate14,1,smp_2818,17,CVCL_0293,9,Berberine (chloride hydrate)__5__uM,False,,Berberine (chloride hydrate),5.0,uM,2316,6364780.0
plate14,1,smp_2818,17,CVCL_0320,10,Berberine (chloride hydrate)__5__uM,False,,Berberine (chloride hydrate),5.0,uM,1588,3740901.0
plate14,1,smp_2818,17,CVCL_0332,11,Berberine (chloride hydrate)__5__uM,False,,Berberine (chloride hydrate),5.0,uM,1106,3087584.0
plate14,1,smp_2818,17,CVCL_0334,12,Berberine (chloride hydrate)__5__uM,False,,Berberine (chloride hydrate),5.0,uM,791,1509683.0
plate14,1,smp_2818,17,CVCL_0359,13,Berberine (chloride hydrate)__5__uM,False,,Berberine (chloride hydrate),5.0,uM,1753,4425720.0
plate14,1,smp_2818,17,CVCL_0366,14,Berberine (chloride hydrate)__5__uM,False,,Berberine (chloride hydrate),5.0,uM,1444,4577308.0
plate14,1,smp_2818,17,CVCL_0371,15,Berberine (chloride hydrate)__5__uM,False,,Berberine (chloride hydrate),5.0,uM,1677,3749243.0
plate14,1,smp_2818,17,CVCL_0397,16,Berberine (chloride hydrate)__5__uM,False,,Berberine (chloride hydrate),5.0,uM,1466,3971865.0
plate14,1,smp_2818,17,CVCL_0399,17,Berberine (chloride hydrate)__5__uM,False,,Berberine (chloride hydrate),5.0,uM,2507,5849561.0
plate14,1,smp_2818,17,CVCL_0428,18,Berberine (chloride hydrate)__5__uM,False,,Berberine (chloride hydrate),5.0,uM,717,1547525.0
plate14,1,smp_2818,17,CVCL_0459,19,Berberine (chloride hydrate)__5__uM,False,,Berberine (chloride hydrate),5.0,uM,3988,7927021.0
plate14,1,smp_2818,17,CVCL_0480,20,Berberine (chloride hydrate)__5__uM,False,,Berberine (chloride hydrate),5.0,uM,2370,7289842.0
plate14,1,smp_2818,17,CVCL_0504,21,Berberine (chloride hydrate)__5__uM,False,,Berberine (chloride hydrate),5.0,uM,1433,2373823.0
plate14,1,smp_2818,17,CVCL_0546,22,Berberine (chloride hydrate)__5__uM,False,,Berberine (chloride hydrate),5.0,uM,3906,7737943.0
plate14,1,smp_2818,17,CVCL_1055,23,Berberine (chloride hydrate)__5__uM,False,,Berberine (chloride hydrate),5.0,uM,1033,3446647.0
plate14,1,smp_2818,17,CVCL_1056,24,Berberine (chloride hydrate)__5__uM,False,,Berberine (chloride hydrate),5.0,uM,1957,6610408.0
plate14,1,smp_2818,17,CVCL_1094,25,Berberine (chloride hydrate)__5__uM,False,,Berberine (chloride hydrate),5.0,uM,845,1523363.0
plate14,1,smp_2818,17,CVCL_1097,26,Berberine (chloride hydrate)__5__uM,False,,Berberine (chloride hydrate),5.0,uM,1693,3534112.0
plate14,1,smp_2818,17,CVCL_1098,27,Berberine (chloride hydrate)__5__uM,False,,Berberine (chloride hydrate),5.0,uM,1349,2492051.0
plate14,1,smp_2818,17,CVCL_1119,28,Berberine (chloride hydrate)__5__uM,False,,Berberine (chloride hydrate),5.0,uM,1478,3711391.0
plate14,1,smp_2818,17,CVCL_1125,29,Berberine (chloride hydrate)__5__uM,False,,Berberine (chloride hydrate),5.0,uM,308,451262.0
plate14,1,smp_2818,17,CVCL_1239,30,Berberine (chloride hydrate)__5__uM,False,,Berberine (chloride hydrate),5.0,uM,685,1356632.0
plate14,1,smp_2818,17,CVCL_1285,31,Berberine (chloride hydrate)__5__uM,False,,Berberine (chloride hydrate),5.0,uM,2213,5030474.0
plate14,1,smp_2818,17,CVCL_1381,32,Berberine (chloride hydrate)__5__uM,False,,Berberine (chloride hydrate),5.0,uM,1356,3280646.0
plate14,1,smp_2818,17,CVCL_1478,33,Berberine (chloride hydrate)__5__uM,False,,Berberine (chloride hydrate),5.0,uM,1593,3973317.0
plate14,1,smp_2818,17,CVCL_1495,34,Berberine (chloride hydrate)__5__uM,False,,Berberine (chloride hydrate),5.0,uM,1226,2991660.0
plate14,1,smp_2818,17,CVCL_1517,35,Berberine (chloride hydrate)__5__uM,False,,Berberine (chloride hydrate),5.0,uM,2231,7692672.0
plate14,1,smp_2818,17,CVCL_1531,36,Berberine (chloride hydrate)__5__uM,False,,Berberine (chloride hydrate),5.0,uM,22,27355.0
plate14,1,smp_2818,17,CVCL_1547,37,Berberine (chloride hydrate)__5__uM,False,,Berberine (chloride hydrate),5.0,uM,1479,3541834.0
plate14,1,smp_2818,17,CVCL_1550,38,Berberine (chloride hydrate)__5__uM,False,,Berberine (chloride hydrate),5.0,uM,1427,5006835.0
plate14,1,smp_2818,17,CVCL_1571,39,Berberine (chloride hydrate)__5__uM,False,,Berberine (chloride hydrate),5.0,uM,14,14130.0
plate14,1,smp_2818,17,CVCL_1577,40,Berberine (chloride hydrate)__5__uM,False,,Berberine (chloride hydrate),5.0,uM,99,393133.0
plate14,1,smp_2818,17,CVCL_1635,41,Berberine (chloride hydrate)__5__uM,False,,Berberine (chloride hydrate),5.0,uM,1153,2961301.0
plate14,1,smp_2818,17,CVCL_1666,42,Berberine (chloride hydrate)__5__uM,False,,Berberine (chloride hydrate),5.0,uM,1043,1862752.0
plate14,1,smp_2818,17,CVCL_1693,43,Berberine (chloride hydrate)__5__uM,False,,Berberine (chloride hydrate),5.0,uM,778,1299351.0
plate14,1,smp_2818,17,CVCL_1715,44,Berberine (chloride hydrate)__5__uM,False,,Berberine (chloride hydrate),5.0,uM,156,287768.0
plate14,1,smp_2818,17,CVCL_1716,45,Berberine (chloride hydrate)__5__uM,False,,Berberine (chloride hydrate),5.0,uM,173,280641.0
plate14,1,smp_2818,17,CVCL_1717,46,Berberine (chloride hydrate)__5__uM,False,,Berberine (chloride hydrate),5.0,uM,1440,3957291.0
plate14,1,smp_2818,17,CVCL_1724,47,Berberine (chloride hydrate)__5__uM,False,,Berberine (chloride hydrate),5.0,uM,772,1671521.0
plate14,1,smp_2818,17,CVCL_1731,48,Berberine (chloride hydrate)__5__uM,False,,Berberine (chloride hydrate),5.0,uM,1239,2683967.0
plate14,1,smp_2818,17,CVCL_C466,49,Berberine (chloride hydrate)__5__uM,False,,Berberine (chloride hydrate),5.0,uM,1360,2234287.0
plate14,1,smp_2806,18,CVCL_0023,0,Bergenin__5__uM,False,,Bergenin,5.0,uM,1955,4072554.0
plate14,1,smp_2806,18,CVCL_0028,1,Bergenin__5__uM,False,,Bergenin,5.0,uM,403,614472.0
plate14,1,smp_2806,18,CVCL_0069,2,Bergenin__5__uM,False,,Bergenin,5.0,uM,1032,2509668.0
plate14,1,smp_2806,18,CVCL_0099,3,Bergenin__5__uM,False,,Bergenin,5.0,uM,496,908646.0
plate14,1,smp_2806,18,CVCL_0131,4,Bergenin__5__uM,False,,Bergenin,5.0,uM,2266,6442563.0
plate14,1,smp_2806,18,CVCL_0152,5,Bergenin__5__uM,False,,Bergenin,5.0,uM,1959,3751681.0
plate14,1,smp_2806,18,CVCL_0179,6,Bergenin__5__uM,False,,Bergenin,5.0,uM,906,2655280.0
plate14,1,smp_2806,18,CVCL_0218,7,Bergenin__5__uM,False,,Bergenin,5.0,uM,1110,2038778.0
plate14,1,smp_2806,18,CVCL_0292,8,Bergenin__5__uM,False,,Bergenin,5.0,uM,958,1421917.0
plate14,1,smp_2806,18,CVCL_0293,9,Bergenin__5__uM,False,,Bergenin,5.0,uM,2441,6631330.0
plate14,1,smp_2806,18,CVCL_0320,10,Bergenin__5__uM,False,,Bergenin,5.0,uM,1713,4155304.0
plate14,1,smp_2806,18,CVCL_0332,11,Bergenin__5__uM,False,,Bergenin,5.0,uM,1208,3504626.0
plate14,1,smp_2806,18,CVCL_0334,12,Bergenin__5__uM,False,,Bergenin,5.0,uM,648,1287983.0
plate14,1,smp_2806,18,CVCL_0359,13,Bergenin__5__uM,False,,Bergenin,5.0,uM,1713,4266705.0
plate14,1,smp_2806,18,CVCL_0366,14,Bergenin__5__uM,False,,Bergenin,5.0,uM,1430,4409283.0
plate14,1,smp_2806,18,CVCL_0371,15,Bergenin__5__uM,False,,Bergenin,5.0,uM,1854,4223826.0
plate14,1,smp_2806,18,CVCL_0397,16,Bergenin__5__uM,False,,Bergenin,5.0,uM,1442,3980172.0
plate14,1,smp_2806,18,CVCL_0399,17,Bergenin__5__uM,False,,Bergenin,5.0,uM,2705,6191739.0
plate14,1,smp_2806,18,CVCL_0428,18,Bergenin__5__uM,False,,Bergenin,5.0,uM,691,1485902.0
plate14,1,smp_2806,18,CVCL_0459,19,Bergenin__5__uM,False,,Bergenin,5.0,uM,3955,7649328.0
plate14,1,smp_2806,18,CVCL_0480,20,Bergenin__5__uM,False,,Bergenin,5.0,uM,2346,7277139.0
plate14,1,smp_2806,18,CVCL_0504,21,Bergenin__5__uM,False,,Bergenin,5.0,uM,1331,2263193.0
plate14,1,smp_2806,18,CVCL_0546,22,Bergenin__5__uM,False,,Bergenin,5.0,uM,4403,8890003.0
plate14,1,smp_2806,18,CVCL_1055,23,Bergenin__5__uM,False,,Bergenin,5.0,uM,1072,3505073.0
plate14,1,smp_2806,18,CVCL_1056,24,Bergenin__5__uM,False,,Bergenin,5.0,uM,2090,7115590.0
plate14,1,smp_2806,18,CVCL_1094,25,Bergenin__5__uM,False,,Bergenin,5.0,uM,946,1716981.0
plate14,1,smp_2806,18,CVCL_1097,26,Bergenin__5__uM,False,,Bergenin,5.0,uM,1773,3747881.0
plate14,1,smp_2806,18,CVCL_1098,27,Bergenin__5__uM,False,,Bergenin,5.0,uM,1658,3207092.0
plate14,1,smp_2806,18,CVCL_1119,28,Bergenin__5__uM,False,,Bergenin,5.0,uM,1458,3612059.0
plate14,1,smp_2806,18,CVCL_1125,29,Bergenin__5__uM,False,,Bergenin,5.0,uM,273,427733.0
plate14,1,smp_2806,18,CVCL_1239,30,Bergenin__5__uM,False,,Bergenin,5.0,uM,624,1265285.0
plate14,1,smp_2806,18,CVCL_1285,31,Bergenin__5__uM,False,,Bergenin,5.0,uM,2296,5297428.0
plate14,1,smp_2806,18,CVCL_1381,32,Bergenin__5__uM,False,,Bergenin,5.0,uM,1469,3563734.0
plate14,1,smp_2806,18,CVCL_1478,33,Bergenin__5__uM,False,,Bergenin,5.0,uM,1714,4401460.0
plate14,1,smp_2806,18,CVCL_1495,34,Bergenin__5__uM,False,,Bergenin,5.0,uM,1220,3053718.0
plate14,1,smp_2806,18,CVCL_1517,35,Bergenin__5__uM,False,,Bergenin,5.0,uM,2181,7711273.0
plate14,1,smp_2806,18,CVCL_1531,36,Bergenin__5__uM,False,,Bergenin,5.0,uM,30,34414.0
plate14,1,smp_2806,18,CVCL_1547,37,Bergenin__5__uM,False,,Bergenin,5.0,uM,1603,3979775.0
plate14,1,smp_2806,18,CVCL_1550,38,Bergenin__5__uM,False,,Bergenin,5.0,uM,1358,4890268.0
plate14,1,smp_2806,18,CVCL_1571,39,Bergenin__5__uM,False,,Bergenin,5.0,uM,18,19002.0
plate14,1,smp_2806,18,CVCL_1577,40,Bergenin__5__uM,False,,Bergenin,5.0,uM,96,334622.0
plate14,1,smp_2806,18,CVCL_1635,41,Bergenin__5__uM,False,,Bergenin,5.0,uM,1213,3009220.0
plate14,1,smp_2806,18,CVCL_1666,42,Bergenin__5__uM,False,,Bergenin,5.0,uM,1029,1858272.0
plate14,1,smp_2806,18,CVCL_1693,43,Bergenin__5__uM,False,,Bergenin,5.0,uM,772,1292113.0
plate14,1,smp_2806,18,CVCL_1715,44,Bergenin__5__uM,False,,Bergenin,5.0,uM,123,230950.0
plate14,1,smp_2806,18,CVCL_1716,45,Bergenin__5__uM,False,,Bergenin,5.0,uM,143,251271.0
plate14,1,smp_2806,18,CVCL_1717,46,Bergenin__5__uM,False,,Bergenin,5.0,uM,1674,4435840.0
plate14,1,smp_2806,18,CVCL_1724,47,Bergenin__5__uM,False,,Bergenin,5.0,uM,900,1963530.0
plate14,1,smp_2806,18,CVCL_1731,48,Bergenin__5__uM,False,,Bergenin,5.0,uM,1273,2750522.0
plate14,1,smp_2806,18,CVCL_C466,49,Bergenin__5__uM,False,,Bergenin,5.0,uM,1359,2235463.0
plate14,1,smp_2808,19,CVCL_0023,0,Bimatoprost__5__uM,False,,Bimatoprost,5.0,uM,1886,4866676.0
plate14,1,smp_2808,19,CVCL_0028,1,Bimatoprost__5__uM,False,,Bimatoprost,5.0,uM,562,1033515.0
plate14,1,smp_2808,19,CVCL_0069,2,Bimatoprost__5__uM,False,,Bimatoprost,5.0,uM,985,2774083.0
plate14,1,smp_2808,19,CVCL_0099,3,Bimatoprost__5__uM,False,,Bimatoprost,5.0,uM,613,1421596.0
plate14,1,smp_2808,19,CVCL_0131,4,Bimatoprost__5__uM,False,,Bimatoprost,5.0,uM,2102,7638000.0
plate14,1,smp_2808,19,CVCL_0152,5,Bimatoprost__5__uM,False,,Bimatoprost,5.0,uM,2093,4523849.0
plate14,1,smp_2808,19,CVCL_0179,6,Bimatoprost__5__uM,False,,Bimatoprost,5.0,uM,1230,4558833.0
plate14,1,smp_2808,19,CVCL_0218,7,Bimatoprost__5__uM,False,,Bimatoprost,5.0,uM,1506,3333231.0
plate14,1,smp_2808,19,CVCL_0292,8,Bimatoprost__5__uM,False,,Bimatoprost,5.0,uM,1020,1698537.0
plate14,1,smp_2808,19,CVCL_0293,9,Bimatoprost__5__uM,False,,Bimatoprost,5.0,uM,2584,7646283.0
plate14,1,smp_2808,19,CVCL_0320,10,Bimatoprost__5__uM,False,,Bimatoprost,5.0,uM,2001,5774330.0
plate14,1,smp_2808,19,CVCL_0332,11,Bimatoprost__5__uM,False,,Bimatoprost,5.0,uM,1025,3596943.0
plate14,1,smp_2808,19,CVCL_0334,12,Bimatoprost__5__uM,False,,Bimatoprost,5.0,uM,784,1828571.0
plate14,1,smp_2808,19,CVCL_0359,13,Bimatoprost__5__uM,False,,Bimatoprost,5.0,uM,1596,5199963.0
plate14,1,smp_2808,19,CVCL_0366,14,Bimatoprost__5__uM,False,,Bimatoprost,5.0,uM,1472,5738117.0
plate14,1,smp_2808,19,CVCL_0371,15,Bimatoprost__5__uM,False,,Bimatoprost,5.0,uM,1921,5379367.0
plate14,1,smp_2808,19,CVCL_0397,16,Bimatoprost__5__uM,False,,Bimatoprost,5.0,uM,1654,4975242.0
plate14,1,smp_2808,19,CVCL_0399,17,Bimatoprost__5__uM,False,,Bimatoprost,5.0,uM,3130,8140497.0
plate14,1,smp_2808,19,CVCL_0428,18,Bimatoprost__5__uM,False,,Bimatoprost,5.0,uM,712,1979722.0
plate14,1,smp_2808,19,CVCL_0459,19,Bimatoprost__5__uM,False,,Bimatoprost,5.0,uM,4547,10924337.0
plate14,1,smp_2808,19,CVCL_0480,20,Bimatoprost__5__uM,False,,Bimatoprost,5.0,uM,2249,8291408.0
plate14,1,smp_2808,19,CVCL_0504,21,Bimatoprost__5__uM,False,,Bimatoprost,5.0,uM,1500,3214322.0
plate14,1,smp_2808,19,CVCL_0546,22,Bimatoprost__5__uM,False,,Bimatoprost,5.0,uM,4635,11130017.0
plate14,1,smp_2808,19,CVCL_1055,23,Bimatoprost__5__uM,False,,Bimatoprost,5.0,uM,849,3441948.0
plate14,1,smp_2808,19,CVCL_1056,24,Bimatoprost__5__uM,False,,Bimatoprost,5.0,uM,1711,7282555.0
plate14,1,smp_2808,19,CVCL_1094,25,Bimatoprost__5__uM,False,,Bimatoprost,5.0,uM,984,2198978.0
plate14,1,smp_2808,19,CVCL_1097,26,Bimatoprost__5__uM,False,,Bimatoprost,5.0,uM,1766,4373879.0
plate14,1,smp_2808,19,CVCL_1098,27,Bimatoprost__5__uM,False,,Bimatoprost,5.0,uM,1672,3554894.0
plate14,1,smp_2808,19,CVCL_1119,28,Bimatoprost__5__uM,False,,Bimatoprost,5.0,uM,1548,4619488.0
plate14,1,smp_2808,19,CVCL_1125,29,Bimatoprost__5__uM,False,,Bimatoprost,5.0,uM,368,655018.0
plate14,1,smp_2808,19,CVCL_1239,30,Bimatoprost__5__uM,False,,Bimatoprost,5.0,uM,806,2035577.0
plate14,1,smp_2808,19,CVCL_1285,31,Bimatoprost__5__uM,False,,Bimatoprost,5.0,uM,2320,6664463.0
plate14,1,smp_2808,19,CVCL_1381,32,Bimatoprost__5__uM,False,,Bimatoprost,5.0,uM,1370,4061123.0
plate14,1,smp_2808,19,CVCL_1478,33,Bimatoprost__5__uM,False,,Bimatoprost,5.0,uM,1870,5213168.0
plate14,1,smp_2808,19,CVCL_1495,34,Bimatoprost__5__uM,False,,Bimatoprost,5.0,uM,1273,3848623.0
plate14,1,smp_2808,19,CVCL_1517,35,Bimatoprost__5__uM,False,,Bimatoprost,5.0,uM,1999,8580906.0
plate14,1,smp_2808,19,CVCL_1531,36,Bimatoprost__5__uM,False,,Bimatoprost,5.0,uM,24,41520.0
plate14,1,smp_2808,19,CVCL_1547,37,Bimatoprost__5__uM,False,,Bimatoprost,5.0,uM,1374,4098502.0
plate14,1,smp_2808,19,CVCL_1550,38,Bimatoprost__5__uM,False,,Bimatoprost,5.0,uM,1410,5667018.0
plate14,1,smp_2808,19,CVCL_1571,39,Bimatoprost__5__uM,False,,Bimatoprost,5.0,uM,11,10715.0
plate14,1,smp_2808,19,CVCL_1577,40,Bimatoprost__5__uM,False,,Bimatoprost,5.0,uM,80,336627.0
plate14,1,smp_2808,19,CVCL_1635,41,Bimatoprost__5__uM,False,,Bimatoprost,5.0,uM,1292,3861427.0
plate14,1,smp_2808,19,CVCL_1666,42,Bimatoprost__5__uM,False,,Bimatoprost,5.0,uM,1114,2467562.0
plate14,1,smp_2808,19,CVCL_1693,43,Bimatoprost__5__uM,False,,Bimatoprost,5.0,uM,936,1963560.0
plate14,1,smp_2808,19,CVCL_1715,44,Bimatoprost__5__uM,False,,Bimatoprost,5.0,uM,200,465065.0
plate14,1,smp_2808,19,CVCL_1716,45,Bimatoprost__5__uM,False,,Bimatoprost,5.0,uM,192,396940.0
plate14,1,smp_2808,19,CVCL_1717,46,Bimatoprost__5__uM,False,,Bimatoprost,5.0,uM,1741,5432056.0
plate14,1,smp_2808,19,CVCL_1724,47,Bimatoprost__5__uM,False,,Bimatoprost,5.0,uM,1012,2551243.0
plate14,1,smp_2808,19,CVCL_1731,48,Bimatoprost__5__uM,False,,Bimatoprost,5.0,uM,1383,3599264.0
plate14,1,smp_2808,19,CVCL_C466,49,Bimatoprost__5__uM,False,,Bimatoprost,5.0,uM,1644,3232363.0
plate14,1,smp_2800,20,CVCL_0023,0,Busulfan__5__uM,False,,Busulfan,5.0,uM,1575,2574687.0
plate14,1,smp_2800,20,CVCL_0028,1,Busulfan__5__uM,False,,Busulfan,5.0,uM,242,319886.0
plate14,1,smp_2800,20,CVCL_0069,2,Busulfan__5__uM,False,,Busulfan,5.0,uM,825,1581233.0
plate14,1,smp_2800,20,CVCL_0099,3,Busulfan__5__uM,False,,Busulfan,5.0,uM,503,795019.0
plate14,1,smp_2800,20,CVCL_0131,4,Busulfan__5__uM,False,,Busulfan,5.0,uM,1384,3079588.0
plate14,1,smp_2800,20,CVCL_0152,5,Busulfan__5__uM,False,,Busulfan,5.0,uM,1838,2991451.0
plate14,1,smp_2800,20,CVCL_0179,6,Busulfan__5__uM,False,,Busulfan,5.0,uM,937,2304871.0
plate14,1,smp_2800,20,CVCL_0218,7,Busulfan__5__uM,False,,Busulfan,5.0,uM,1192,1776000.0
plate14,1,smp_2800,20,CVCL_0292,8,Busulfan__5__uM,False,,Busulfan,5.0,uM,606,757833.0
plate14,1,smp_2800,20,CVCL_0293,9,Busulfan__5__uM,False,,Busulfan,5.0,uM,2330,5226987.0
plate14,1,smp_2800,20,CVCL_0320,10,Busulfan__5__uM,False,,Busulfan,5.0,uM,1686,3252071.0
plate14,1,smp_2800,20,CVCL_0332,11,Busulfan__5__uM,False,,Busulfan,5.0,uM,840,1931502.0
plate14,1,smp_2800,20,CVCL_0334,12,Busulfan__5__uM,False,,Busulfan,5.0,uM,680,1136968.0
plate14,1,smp_2800,20,CVCL_0359,13,Busulfan__5__uM,False,,Busulfan,5.0,uM,923,1929202.0
plate14,1,smp_2800,20,CVCL_0366,14,Busulfan__5__uM,False,,Busulfan,5.0,uM,828,2138893.0
plate14,1,smp_2800,20,CVCL_0371,15,Busulfan__5__uM,False,,Busulfan,5.0,uM,1800,3327967.0
plate14,1,smp_2800,20,CVCL_0397,16,Busulfan__5__uM,False,,Busulfan,5.0,uM,1612,3555335.0
plate14,1,smp_2800,20,CVCL_0399,17,Busulfan__5__uM,False,,Busulfan,5.0,uM,2360,4614882.0
plate14,1,smp_2800,20,CVCL_0428,18,Busulfan__5__uM,False,,Busulfan,5.0,uM,538,979659.0
plate14,1,smp_2800,20,CVCL_0459,19,Busulfan__5__uM,False,,Busulfan,5.0,uM,3253,5254276.0
plate14,1,smp_2800,20,CVCL_0480,20,Busulfan__5__uM,False,,Busulfan,5.0,uM,1775,4421879.0
plate14,1,smp_2800,20,CVCL_0504,21,Busulfan__5__uM,False,,Busulfan,5.0,uM,1022,1475468.0
plate14,1,smp_2800,20,CVCL_0546,22,Busulfan__5__uM,False,,Busulfan,5.0,uM,3797,6273284.0
plate14,1,smp_2800,20,CVCL_1055,23,Busulfan__5__uM,False,,Busulfan,5.0,uM,654,1817464.0
plate14,1,smp_2800,20,CVCL_1056,24,Busulfan__5__uM,False,,Busulfan,5.0,uM,1186,3260984.0
plate14,1,smp_2800,20,CVCL_1094,25,Busulfan__5__uM,False,,Busulfan,5.0,uM,641,966068.0
plate14,1,smp_2800,20,CVCL_1097,26,Busulfan__5__uM,False,,Busulfan,5.0,uM,1522,2611583.0
plate14,1,smp_2800,20,CVCL_1098,27,Busulfan__5__uM,False,,Busulfan,5.0,uM,959,1462278.0
plate14,1,smp_2800,20,CVCL_1119,28,Busulfan__5__uM,False,,Busulfan,5.0,uM,1216,2543795.0
plate14,1,smp_2800,20,CVCL_1125,29,Busulfan__5__uM,False,,Busulfan,5.0,uM,248,299503.0
plate14,1,smp_2800,20,CVCL_1239,30,Busulfan__5__uM,False,,Busulfan,5.0,uM,602,1016063.0
plate14,1,smp_2800,20,CVCL_1285,31,Busulfan__5__uM,False,,Busulfan,5.0,uM,1610,3042839.0
plate14,1,smp_2800,20,CVCL_1381,32,Busulfan__5__uM,False,,Busulfan,5.0,uM,1002,1989351.0
plate14,1,smp_2800,20,CVCL_1478,33,Busulfan__5__uM,False,,Busulfan,5.0,uM,1309,2764713.0
plate14,1,smp_2800,20,CVCL_1495,34,Busulfan__5__uM,False,,Busulfan,5.0,uM,1175,2275736.0
plate14,1,smp_2800,20,CVCL_1517,35,Busulfan__5__uM,False,,Busulfan,5.0,uM,1895,5285549.0
plate14,1,smp_2800,20,CVCL_1531,36,Busulfan__5__uM,False,,Busulfan,5.0,uM,42,44514.0
plate14,1,smp_2800,20,CVCL_1547,37,Busulfan__5__uM,False,,Busulfan,5.0,uM,996,1957196.0
plate14,1,smp_2800,20,CVCL_1550,38,Busulfan__5__uM,False,,Busulfan,5.0,uM,1508,4494137.0
plate14,1,smp_2800,20,CVCL_1571,39,Busulfan__5__uM,False,,Busulfan,5.0,uM,20,17942.0
plate14,1,smp_2800,20,CVCL_1577,40,Busulfan__5__uM,False,,Busulfan,5.0,uM,70,195814.0
plate14,1,smp_2800,20,CVCL_1635,41,Busulfan__5__uM,False,,Busulfan,5.0,uM,1138,2312865.0
plate14,1,smp_2800,20,CVCL_1666,42,Busulfan__5__uM,False,,Busulfan,5.0,uM,940,1383961.0
plate14,1,smp_2800,20,CVCL_1693,43,Busulfan__5__uM,False,,Busulfan,5.0,uM,553,777583.0
plate14,1,smp_2800,20,CVCL_1715,44,Busulfan__5__uM,False,,Busulfan,5.0,uM,222,340459.0
plate14,1,smp_2800,20,CVCL_1716,45,Busulfan__5__uM,False,,Busulfan,5.0,uM,164,227428.0
plate14,1,smp_2800,20,CVCL_1717,46,Busulfan__5__uM,False,,Busulfan,5.0,uM,1493,3373325.0
plate14,1,smp_2800,20,CVCL_1724,47,Busulfan__5__uM,False,,Busulfan,5.0,uM,776,1278373.0
plate14,1,smp_2800,20,CVCL_1731,48,Busulfan__5__uM,False,,Busulfan,5.0,uM,1016,1791742.0
plate14,1,smp_2800,20,CVCL_C466,49,Busulfan__5__uM,False,,Busulfan,5.0,uM,1001,1399712.0
plate14,1,smp_2801,21,CVCL_0023,0,Cepharanthine__5__uM,False,,Cepharanthine,5.0,uM,1986,4143537.0
plate14,1,smp_2801,21,CVCL_0028,1,Cepharanthine__5__uM,False,,Cepharanthine,5.0,uM,449,721388.0
plate14,1,smp_2801,21,CVCL_0069,2,Cepharanthine__5__uM,False,,Cepharanthine,5.0,uM,1069,2597553.0
plate14,1,smp_2801,21,CVCL_0099,3,Cepharanthine__5__uM,False,,Cepharanthine,5.0,uM,525,954210.0
plate14,1,smp_2801,21,CVCL_0131,4,Cepharanthine__5__uM,False,,Cepharanthine,5.0,uM,2205,6440667.0
plate14,1,smp_2801,21,CVCL_0152,5,Cepharanthine__5__uM,False,,Cepharanthine,5.0,uM,1943,3775533.0
plate14,1,smp_2801,21,CVCL_0179,6,Cepharanthine__5__uM,False,,Cepharanthine,5.0,uM,1174,3428884.0
plate14,1,smp_2801,21,CVCL_0218,7,Cepharanthine__5__uM,False,,Cepharanthine,5.0,uM,1221,2332455.0
plate14,1,smp_2801,21,CVCL_0292,8,Cepharanthine__5__uM,False,,Cepharanthine,5.0,uM,991,1557227.0
plate14,1,smp_2801,21,CVCL_0293,9,Cepharanthine__5__uM,False,,Cepharanthine,5.0,uM,2229,6326297.0
plate14,1,smp_2801,21,CVCL_0320,10,Cepharanthine__5__uM,False,,Cepharanthine,5.0,uM,1710,4057191.0
plate14,1,smp_2801,21,CVCL_0332,11,Cepharanthine__5__uM,False,,Cepharanthine,5.0,uM,1146,3303298.0
plate14,1,smp_2801,21,CVCL_0334,12,Cepharanthine__5__uM,False,,Cepharanthine,5.0,uM,726,1450371.0
plate14,1,smp_2801,21,CVCL_0359,13,Cepharanthine__5__uM,False,,Cepharanthine,5.0,uM,1749,4604811.0
plate14,1,smp_2801,21,CVCL_0366,14,Cepharanthine__5__uM,False,,Cepharanthine,5.0,uM,1483,4721058.0
plate14,1,smp_2801,21,CVCL_0371,15,Cepharanthine__5__uM,False,,Cepharanthine,5.0,uM,1678,3974586.0
plate14,1,smp_2801,21,CVCL_0397,16,Cepharanthine__5__uM,False,,Cepharanthine,5.0,uM,1481,4073827.0
plate14,1,smp_2801,21,CVCL_0399,17,Cepharanthine__5__uM,False,,Cepharanthine,5.0,uM,2672,6670598.0
plate14,1,smp_2801,21,CVCL_0428,18,Cepharanthine__5__uM,False,,Cepharanthine,5.0,uM,811,1896197.0
plate14,1,smp_2801,21,CVCL_0459,19,Cepharanthine__5__uM,False,,Cepharanthine,5.0,uM,4368,8776431.0
plate14,1,smp_2801,21,CVCL_0480,20,Cepharanthine__5__uM,False,,Cepharanthine,5.0,uM,2446,7787874.0
plate14,1,smp_2801,21,CVCL_0504,21,Cepharanthine__5__uM,False,,Cepharanthine,5.0,uM,1505,2545335.0
plate14,1,smp_2801,21,CVCL_0546,22,Cepharanthine__5__uM,False,,Cepharanthine,5.0,uM,4609,9281171.0
plate14,1,smp_2801,21,CVCL_1055,23,Cepharanthine__5__uM,False,,Cepharanthine,5.0,uM,844,2784049.0
plate14,1,smp_2801,21,CVCL_1056,24,Cepharanthine__5__uM,False,,Cepharanthine,5.0,uM,1956,6770353.0
plate14,1,smp_2801,21,CVCL_1094,25,Cepharanthine__5__uM,False,,Cepharanthine,5.0,uM,1005,1961724.0
plate14,1,smp_2801,21,CVCL_1097,26,Cepharanthine__5__uM,False,,Cepharanthine,5.0,uM,1750,3725015.0
plate14,1,smp_2801,21,CVCL_1098,27,Cepharanthine__5__uM,False,,Cepharanthine,5.0,uM,1411,2801698.0
plate14,1,smp_2801,21,CVCL_1119,28,Cepharanthine__5__uM,False,,Cepharanthine,5.0,uM,1380,3421107.0
plate14,1,smp_2801,21,CVCL_1125,29,Cepharanthine__5__uM,False,,Cepharanthine,5.0,uM,236,359133.0
plate14,1,smp_2801,21,CVCL_1239,30,Cepharanthine__5__uM,False,,Cepharanthine,5.0,uM,725,1517591.0
plate14,1,smp_2801,21,CVCL_1285,31,Cepharanthine__5__uM,False,,Cepharanthine,5.0,uM,2601,6072807.0
plate14,1,smp_2801,21,CVCL_1381,32,Cepharanthine__5__uM,False,,Cepharanthine,5.0,uM,1504,3726381.0
plate14,1,smp_2801,21,CVCL_1478,33,Cepharanthine__5__uM,False,,Cepharanthine,5.0,uM,1703,4496548.0
plate14,1,smp_2801,21,CVCL_1495,34,Cepharanthine__5__uM,False,,Cepharanthine,5.0,uM,1173,2930422.0
plate14,1,smp_2801,21,CVCL_1517,35,Cepharanthine__5__uM,False,,Cepharanthine,5.0,uM,2050,7267782.0
plate14,1,smp_2801,21,CVCL_1531,36,Cepharanthine__5__uM,False,,Cepharanthine,5.0,uM,21,34014.0
plate14,1,smp_2801,21,CVCL_1547,37,Cepharanthine__5__uM,False,,Cepharanthine,5.0,uM,1592,4052910.0
plate14,1,smp_2801,21,CVCL_1550,38,Cepharanthine__5__uM,False,,Cepharanthine,5.0,uM,1394,5332302.0
plate14,1,smp_2801,21,CVCL_1571,39,Cepharanthine__5__uM,False,,Cepharanthine,5.0,uM,10,9981.0
plate14,1,smp_2801,21,CVCL_1577,40,Cepharanthine__5__uM,False,,Cepharanthine,5.0,uM,83,321004.0
plate14,1,smp_2801,21,CVCL_1635,41,Cepharanthine__5__uM,False,,Cepharanthine,5.0,uM,1203,2986190.0
plate14,1,smp_2801,21,CVCL_1666,42,Cepharanthine__5__uM,False,,Cepharanthine,5.0,uM,1154,2075197.0
plate14,1,smp_2801,21,CVCL_1693,43,Cepharanthine__5__uM,False,,Cepharanthine,5.0,uM,862,1563525.0
plate14,1,smp_2801,21,CVCL_1715,44,Cepharanthine__5__uM,False,,Cepharanthine,5.0,uM,185,352440.0
plate14,1,smp_2801,21,CVCL_1716,45,Cepharanthine__5__uM,False,,Cepharanthine,5.0,uM,223,380356.0
plate14,1,smp_2801,21,CVCL_1717,46,Cepharanthine__5__uM,False,,Cepharanthine,5.0,uM,1570,4466546.0
plate14,1,smp_2801,21,CVCL_1724,47,Cepharanthine__5__uM,False,,Cepharanthine,5.0,uM,859,1975742.0
plate14,1,smp_2801,21,CVCL_1731,48,Cepharanthine__5__uM,False,,Cepharanthine,5.0,uM,1395,3118872.0
plate14,1,smp_2801,21,CVCL_C466,49,Cepharanthine__5__uM,False,,Cepharanthine,5.0,uM,1455,2398844.0
plate14,1,smp_2744,22,CVCL_0023,0,Chlorhexidine (diacetate)__5__uM,False,,Chlorhexidine (diacetate),5.0,uM,2274,4224632.0
plate14,1,smp_2744,22,CVCL_0028,1,Chlorhexidine (diacetate)__5__uM,False,,Chlorhexidine (diacetate),5.0,uM,295,407991.0
plate14,1,smp_2744,22,CVCL_0069,2,Chlorhexidine (diacetate)__5__uM,False,,Chlorhexidine (diacetate),5.0,uM,1144,2543199.0
plate14,1,smp_2744,22,CVCL_0099,3,Chlorhexidine (diacetate)__5__uM,False,,Chlorhexidine (diacetate),5.0,uM,466,707420.0
plate14,1,smp_2744,22,CVCL_0131,4,Chlorhexidine (diacetate)__5__uM,False,,Chlorhexidine (diacetate),5.0,uM,2553,6792388.0
plate14,1,smp_2744,22,CVCL_0152,5,Chlorhexidine (diacetate)__5__uM,False,,Chlorhexidine (diacetate),5.0,uM,2184,3889533.0
plate14,1,smp_2744,22,CVCL_0179,6,Chlorhexidine (diacetate)__5__uM,False,,Chlorhexidine (diacetate),5.0,uM,1226,3509388.0
plate14,1,smp_2744,22,CVCL_0218,7,Chlorhexidine (diacetate)__5__uM,False,,Chlorhexidine (diacetate),5.0,uM,1162,1960179.0
plate14,1,smp_2744,22,CVCL_0292,8,Chlorhexidine (diacetate)__5__uM,False,,Chlorhexidine (diacetate),5.0,uM,1084,1485052.0
plate14,1,smp_2744,22,CVCL_0293,9,Chlorhexidine (diacetate)__5__uM,False,,Chlorhexidine (diacetate),5.0,uM,2993,7308225.0
plate14,1,smp_2744,22,CVCL_0320,10,Chlorhexidine (diacetate)__5__uM,False,,Chlorhexidine (diacetate),5.0,uM,1887,4252757.0
plate14,1,smp_2744,22,CVCL_0332,11,Chlorhexidine (diacetate)__5__uM,False,,Chlorhexidine (diacetate),5.0,uM,1202,3120806.0
plate14,1,smp_2744,22,CVCL_0334,12,Chlorhexidine (diacetate)__5__uM,False,,Chlorhexidine (diacetate),5.0,uM,916,1619878.0
plate14,1,smp_2744,22,CVCL_0359,13,Chlorhexidine (diacetate)__5__uM,False,,Chlorhexidine (diacetate),5.0,uM,1738,4132378.0
plate14,1,smp_2744,22,CVCL_0366,14,Chlorhexidine (diacetate)__5__uM,False,,Chlorhexidine (diacetate),5.0,uM,1477,4243110.0
plate14,1,smp_2744,22,CVCL_0371,15,Chlorhexidine (diacetate)__5__uM,False,,Chlorhexidine (diacetate),5.0,uM,1850,3772233.0
plate14,1,smp_2744,22,CVCL_0397,16,Chlorhexidine (diacetate)__5__uM,False,,Chlorhexidine (diacetate),5.0,uM,1885,4595574.0
plate14,1,smp_2744,22,CVCL_0399,17,Chlorhexidine (diacetate)__5__uM,False,,Chlorhexidine (diacetate),5.0,uM,3164,6963383.0
plate14,1,smp_2744,22,CVCL_0428,18,Chlorhexidine (diacetate)__5__uM,False,,Chlorhexidine (diacetate),5.0,uM,757,1612929.0
plate14,1,smp_2744,22,CVCL_0459,19,Chlorhexidine (diacetate)__5__uM,False,,Chlorhexidine (diacetate),5.0,uM,4350,7929324.0
plate14,1,smp_2744,22,CVCL_0480,20,Chlorhexidine (diacetate)__5__uM,False,,Chlorhexidine (diacetate),5.0,uM,2349,6597455.0
plate14,1,smp_2744,22,CVCL_0504,21,Chlorhexidine (diacetate)__5__uM,False,,Chlorhexidine (diacetate),5.0,uM,1418,2311167.0
plate14,1,smp_2744,22,CVCL_0546,22,Chlorhexidine (diacetate)__5__uM,False,,Chlorhexidine (diacetate),5.0,uM,4608,8610744.0
plate14,1,smp_2744,22,CVCL_1055,23,Chlorhexidine (diacetate)__5__uM,False,,Chlorhexidine (diacetate),5.0,uM,988,2976619.0
plate14,1,smp_2744,22,CVCL_1056,24,Chlorhexidine (diacetate)__5__uM,False,,Chlorhexidine (diacetate),5.0,uM,2338,7446738.0
plate14,1,smp_2744,22,CVCL_1094,25,Chlorhexidine (diacetate)__5__uM,False,,Chlorhexidine (diacetate),5.0,uM,861,1478832.0
plate14,1,smp_2744,22,CVCL_1097,26,Chlorhexidine (diacetate)__5__uM,False,,Chlorhexidine (diacetate),5.0,uM,1929,3789181.0
plate14,1,smp_2744,22,CVCL_1098,27,Chlorhexidine (diacetate)__5__uM,False,,Chlorhexidine (diacetate),5.0,uM,1568,2527042.0
plate14,1,smp_2744,22,CVCL_1119,28,Chlorhexidine (diacetate)__5__uM,False,,Chlorhexidine (diacetate),5.0,uM,1730,3931720.0
plate14,1,smp_2744,22,CVCL_1125,29,Chlorhexidine (diacetate)__5__uM,False,,Chlorhexidine (diacetate),5.0,uM,275,394925.0
plate14,1,smp_2744,22,CVCL_1239,30,Chlorhexidine (diacetate)__5__uM,False,,Chlorhexidine (diacetate),5.0,uM,791,1448630.0
plate14,1,smp_2744,22,CVCL_1285,31,Chlorhexidine (diacetate)__5__uM,False,,Chlorhexidine (diacetate),5.0,uM,2751,5985631.0
plate14,1,smp_2744,22,CVCL_1381,32,Chlorhexidine (diacetate)__5__uM,False,,Chlorhexidine (diacetate),5.0,uM,1447,3293418.0
plate14,1,smp_2744,22,CVCL_1478,33,Chlorhexidine (diacetate)__5__uM,False,,Chlorhexidine (diacetate),5.0,uM,1777,3967025.0
plate14,1,smp_2744,22,CVCL_1495,34,Chlorhexidine (diacetate)__5__uM,False,,Chlorhexidine (diacetate),5.0,uM,1415,3239025.0
plate14,1,smp_2744,22,CVCL_1517,35,Chlorhexidine (diacetate)__5__uM,False,,Chlorhexidine (diacetate),5.0,uM,2562,8238450.0
plate14,1,smp_2744,22,CVCL_1531,36,Chlorhexidine (diacetate)__5__uM,False,,Chlorhexidine (diacetate),5.0,uM,26,31781.0
plate14,1,smp_2744,22,CVCL_1547,37,Chlorhexidine (diacetate)__5__uM,False,,Chlorhexidine (diacetate),5.0,uM,1463,3116444.0
plate14,1,smp_2744,22,CVCL_1550,38,Chlorhexidine (diacetate)__5__uM,False,,Chlorhexidine (diacetate),5.0,uM,1903,6427254.0
plate14,1,smp_2744,22,CVCL_1571,39,Chlorhexidine (diacetate)__5__uM,False,,Chlorhexidine (diacetate),5.0,uM,14,13694.0
plate14,1,smp_2744,22,CVCL_1577,40,Chlorhexidine (diacetate)__5__uM,False,,Chlorhexidine (diacetate),5.0,uM,76,265255.0
plate14,1,smp_2744,22,CVCL_1635,41,Chlorhexidine (diacetate)__5__uM,False,,Chlorhexidine (diacetate),5.0,uM,1437,3294478.0
plate14,1,smp_2744,22,CVCL_1666,42,Chlorhexidine (diacetate)__5__uM,False,,Chlorhexidine (diacetate),5.0,uM,1155,2001991.0
plate14,1,smp_2744,22,CVCL_1693,43,Chlorhexidine (diacetate)__5__uM,False,,Chlorhexidine (diacetate),5.0,uM,753,1205116.0
plate14,1,smp_2744,22,CVCL_1715,44,Chlorhexidine (diacetate)__5__uM,False,,Chlorhexidine (diacetate),5.0,uM,213,372456.0
plate14,1,smp_2744,22,CVCL_1716,45,Chlorhexidine (diacetate)__5__uM,False,,Chlorhexidine (diacetate),5.0,uM,219,345741.0
plate14,1,smp_2744,22,CVCL_1717,46,Chlorhexidine (diacetate)__5__uM,False,,Chlorhexidine (diacetate),5.0,uM,1857,4558576.0
plate14,1,smp_2744,22,CVCL_1724,47,Chlorhexidine (diacetate)__5__uM,False,,Chlorhexidine (diacetate),5.0,uM,913,1721955.0
plate14,1,smp_2744,22,CVCL_1731,48,Chlorhexidine (diacetate)__5__uM,False,,Chlorhexidine (diacetate),5.0,uM,1442,2845356.0
plate14,1,smp_2744,22,CVCL_C466,49,Chlorhexidine (diacetate)__5__uM,False,,Chlorhexidine (diacetate),5.0,uM,1586,2474949.0
plate14,1,smp_2795,23,CVCL_0023,0,Ciclopirox__5__uM,False,,Ciclopirox,5.0,uM,1508,2459602.0
plate14,1,smp_2795,23,CVCL_0028,1,Ciclopirox__5__uM,False,,Ciclopirox,5.0,uM,298,389536.0
plate14,1,smp_2795,23,CVCL_0069,2,Ciclopirox__5__uM,False,,Ciclopirox,5.0,uM,793,1462636.0
plate14,1,smp_2795,23,CVCL_0099,3,Ciclopirox__5__uM,False,,Ciclopirox,5.0,uM,376,553592.0
plate14,1,smp_2795,23,CVCL_0131,4,Ciclopirox__5__uM,False,,Ciclopirox,5.0,uM,1774,3852257.0
plate14,1,smp_2795,23,CVCL_0152,5,Ciclopirox__5__uM,False,,Ciclopirox,5.0,uM,1348,2320335.0
plate14,1,smp_2795,23,CVCL_0179,6,Ciclopirox__5__uM,False,,Ciclopirox,5.0,uM,864,1900199.0
plate14,1,smp_2795,23,CVCL_0218,7,Ciclopirox__5__uM,False,,Ciclopirox,5.0,uM,971,1437985.0
plate14,1,smp_2795,23,CVCL_0292,8,Ciclopirox__5__uM,False,,Ciclopirox,5.0,uM,608,758886.0
plate14,1,smp_2795,23,CVCL_0293,9,Ciclopirox__5__uM,False,,Ciclopirox,5.0,uM,1940,4661462.0
plate14,1,smp_2795,23,CVCL_0320,10,Ciclopirox__5__uM,False,,Ciclopirox,5.0,uM,1311,2499735.0
plate14,1,smp_2795,23,CVCL_0332,11,Ciclopirox__5__uM,False,,Ciclopirox,5.0,uM,973,2136952.0
plate14,1,smp_2795,23,CVCL_0334,12,Ciclopirox__5__uM,False,,Ciclopirox,5.0,uM,590,940576.0
plate14,1,smp_2795,23,CVCL_0359,13,Ciclopirox__5__uM,False,,Ciclopirox,5.0,uM,1242,2433908.0
plate14,1,smp_2795,23,CVCL_0366,14,Ciclopirox__5__uM,False,,Ciclopirox,5.0,uM,1134,2713340.0
plate14,1,smp_2795,23,CVCL_0371,15,Ciclopirox__5__uM,False,,Ciclopirox,5.0,uM,1454,2673014.0
plate14,1,smp_2795,23,CVCL_0397,16,Ciclopirox__5__uM,False,,Ciclopirox,5.0,uM,1036,2393973.0
plate14,1,smp_2795,23,CVCL_0399,17,Ciclopirox__5__uM,False,,Ciclopirox,5.0,uM,1948,4036486.0
plate14,1,smp_2795,23,CVCL_0428,18,Ciclopirox__5__uM,False,,Ciclopirox,5.0,uM,659,1127331.0
plate14,1,smp_2795,23,CVCL_0459,19,Ciclopirox__5__uM,False,,Ciclopirox,5.0,uM,2914,4463706.0
plate14,1,smp_2795,23,CVCL_0480,20,Ciclopirox__5__uM,False,,Ciclopirox,5.0,uM,1889,4499200.0
plate14,1,smp_2795,23,CVCL_0504,21,Ciclopirox__5__uM,False,,Ciclopirox,5.0,uM,1099,1497784.0
plate14,1,smp_2795,23,CVCL_0546,22,Ciclopirox__5__uM,False,,Ciclopirox,5.0,uM,3186,5244519.0
plate14,1,smp_2795,23,CVCL_1055,23,Ciclopirox__5__uM,False,,Ciclopirox,5.0,uM,916,2364485.0
plate14,1,smp_2795,23,CVCL_1056,24,Ciclopirox__5__uM,False,,Ciclopirox,5.0,uM,1542,3925287.0
plate14,1,smp_2795,23,CVCL_1094,25,Ciclopirox__5__uM,False,,Ciclopirox,5.0,uM,735,1114529.0
plate14,1,smp_2795,23,CVCL_1097,26,Ciclopirox__5__uM,False,,Ciclopirox,5.0,uM,1234,2014093.0
plate14,1,smp_2795,23,CVCL_1098,27,Ciclopirox__5__uM,False,,Ciclopirox,5.0,uM,961,1535808.0
plate14,1,smp_2795,23,CVCL_1119,28,Ciclopirox__5__uM,False,,Ciclopirox,5.0,uM,1243,2450081.0
plate14,1,smp_2795,23,CVCL_1125,29,Ciclopirox__5__uM,False,,Ciclopirox,5.0,uM,202,250916.0
plate14,1,smp_2795,23,CVCL_1239,30,Ciclopirox__5__uM,False,,Ciclopirox,5.0,uM,490,773932.0
plate14,1,smp_2795,23,CVCL_1285,31,Ciclopirox__5__uM,False,,Ciclopirox,5.0,uM,1715,3125052.0
plate14,1,smp_2795,23,CVCL_1381,32,Ciclopirox__5__uM,False,,Ciclopirox,5.0,uM,1064,2043546.0
plate14,1,smp_2795,23,CVCL_1478,33,Ciclopirox__5__uM,False,,Ciclopirox,5.0,uM,1310,2860189.0
plate14,1,smp_2795,23,CVCL_1495,34,Ciclopirox__5__uM,False,,Ciclopirox,5.0,uM,946,1829215.0
plate14,1,smp_2795,23,CVCL_1517,35,Ciclopirox__5__uM,False,,Ciclopirox,5.0,uM,1731,4764081.0
plate14,1,smp_2795,23,CVCL_1531,36,Ciclopirox__5__uM,False,,Ciclopirox,5.0,uM,27,28438.0
plate14,1,smp_2795,23,CVCL_1547,37,Ciclopirox__5__uM,False,,Ciclopirox,5.0,uM,1306,2443805.0
plate14,1,smp_2795,23,CVCL_1550,38,Ciclopirox__5__uM,False,,Ciclopirox,5.0,uM,1274,3587527.0
plate14,1,smp_2795,23,CVCL_1571,39,Ciclopirox__5__uM,False,,Ciclopirox,5.0,uM,14,12589.0
plate14,1,smp_2795,23,CVCL_1577,40,Ciclopirox__5__uM,False,,Ciclopirox,5.0,uM,87,271029.0
plate14,1,smp_2795,23,CVCL_1635,41,Ciclopirox__5__uM,False,,Ciclopirox,5.0,uM,986,1835430.0
plate14,1,smp_2795,23,CVCL_1666,42,Ciclopirox__5__uM,False,,Ciclopirox,5.0,uM,706,1019196.0
plate14,1,smp_2795,23,CVCL_1693,43,Ciclopirox__5__uM,False,,Ciclopirox,5.0,uM,614,854341.0
plate14,1,smp_2795,23,CVCL_1715,44,Ciclopirox__5__uM,False,,Ciclopirox,5.0,uM,118,174771.0
plate14,1,smp_2795,23,CVCL_1716,45,Ciclopirox__5__uM,False,,Ciclopirox,5.0,uM,143,204193.0
plate14,1,smp_2795,23,CVCL_1717,46,Ciclopirox__5__uM,False,,Ciclopirox,5.0,uM,1222,2740395.0
plate14,1,smp_2795,23,CVCL_1724,47,Ciclopirox__5__uM,False,,Ciclopirox,5.0,uM,738,1265451.0
plate14,1,smp_2795,23,CVCL_1731,48,Ciclopirox__5__uM,False,,Ciclopirox,5.0,uM,1012,1732025.0
plate14,1,smp_2795,23,CVCL_C466,49,Ciclopirox__5__uM,False,,Ciclopirox,5.0,uM,847,1153168.0
plate14,1,smp_2835,24,CVCL_0023,0,Clonidine (hydrochloride)__5__uM,False,,Clonidine (hydrochloride),5.0,uM,1819,4646075.0
plate14,1,smp_2835,24,CVCL_0028,1,Clonidine (hydrochloride)__5__uM,False,,Clonidine (hydrochloride),5.0,uM,368,653044.0
plate14,1,smp_2835,24,CVCL_0069,2,Clonidine (hydrochloride)__5__uM,False,,Clonidine (hydrochloride),5.0,uM,942,2608833.0
plate14,1,smp_2835,24,CVCL_0099,3,Clonidine (hydrochloride)__5__uM,False,,Clonidine (hydrochloride),5.0,uM,509,1163637.0
plate14,1,smp_2835,24,CVCL_0131,4,Clonidine (hydrochloride)__5__uM,False,,Clonidine (hydrochloride),5.0,uM,2047,7260854.0
plate14,1,smp_2835,24,CVCL_0152,5,Clonidine (hydrochloride)__5__uM,False,,Clonidine (hydrochloride),5.0,uM,1818,4035841.0
plate14,1,smp_2835,24,CVCL_0179,6,Clonidine (hydrochloride)__5__uM,False,,Clonidine (hydrochloride),5.0,uM,955,3526057.0
plate14,1,smp_2835,24,CVCL_0218,7,Clonidine (hydrochloride)__5__uM,False,,Clonidine (hydrochloride),5.0,uM,1027,2333926.0
plate14,1,smp_2835,24,CVCL_0292,8,Clonidine (hydrochloride)__5__uM,False,,Clonidine (hydrochloride),5.0,uM,1024,1729739.0
plate14,1,smp_2835,24,CVCL_0293,9,Clonidine (hydrochloride)__5__uM,False,,Clonidine (hydrochloride),5.0,uM,2080,6250456.0
plate14,1,smp_2835,24,CVCL_0320,10,Clonidine (hydrochloride)__5__uM,False,,Clonidine (hydrochloride),5.0,uM,1561,4389002.0
plate14,1,smp_2835,24,CVCL_0332,11,Clonidine (hydrochloride)__5__uM,False,,Clonidine (hydrochloride),5.0,uM,998,3484335.0
plate14,1,smp_2835,24,CVCL_0334,12,Clonidine (hydrochloride)__5__uM,False,,Clonidine (hydrochloride),5.0,uM,685,1544341.0
plate14,1,smp_2835,24,CVCL_0359,13,Clonidine (hydrochloride)__5__uM,False,,Clonidine (hydrochloride),5.0,uM,1577,4986923.0
plate14,1,smp_2835,24,CVCL_0366,14,Clonidine (hydrochloride)__5__uM,False,,Clonidine (hydrochloride),5.0,uM,1326,5199341.0
plate14,1,smp_2835,24,CVCL_0371,15,Clonidine (hydrochloride)__5__uM,False,,Clonidine (hydrochloride),5.0,uM,1633,4394570.0
plate14,1,smp_2835,24,CVCL_0397,16,Clonidine (hydrochloride)__5__uM,False,,Clonidine (hydrochloride),5.0,uM,1401,4356931.0
plate14,1,smp_2835,24,CVCL_0399,17,Clonidine (hydrochloride)__5__uM,False,,Clonidine (hydrochloride),5.0,uM,2529,6536469.0
plate14,1,smp_2835,24,CVCL_0428,18,Clonidine (hydrochloride)__5__uM,False,,Clonidine (hydrochloride),5.0,uM,705,2025180.0
plate14,1,smp_2835,24,CVCL_0459,19,Clonidine (hydrochloride)__5__uM,False,,Clonidine (hydrochloride),5.0,uM,3989,9407899.0
plate14,1,smp_2835,24,CVCL_0480,20,Clonidine (hydrochloride)__5__uM,False,,Clonidine (hydrochloride),5.0,uM,2066,7721764.0
plate14,1,smp_2835,24,CVCL_0504,21,Clonidine (hydrochloride)__5__uM,False,,Clonidine (hydrochloride),5.0,uM,1360,2882318.0
plate14,1,smp_2835,24,CVCL_0546,22,Clonidine (hydrochloride)__5__uM,False,,Clonidine (hydrochloride),5.0,uM,3961,9303765.0
plate14,1,smp_2835,24,CVCL_1055,23,Clonidine (hydrochloride)__5__uM,False,,Clonidine (hydrochloride),5.0,uM,959,3837306.0
plate14,1,smp_2835,24,CVCL_1056,24,Clonidine (hydrochloride)__5__uM,False,,Clonidine (hydrochloride),5.0,uM,1782,7360215.0
plate14,1,smp_2835,24,CVCL_1094,25,Clonidine (hydrochloride)__5__uM,False,,Clonidine (hydrochloride),5.0,uM,892,1997360.0
plate14,1,smp_2835,24,CVCL_1097,26,Clonidine (hydrochloride)__5__uM,False,,Clonidine (hydrochloride),5.0,uM,1518,3811574.0
plate14,1,smp_2835,24,CVCL_1098,27,Clonidine (hydrochloride)__5__uM,False,,Clonidine (hydrochloride),5.0,uM,1244,2822180.0
plate14,1,smp_2835,24,CVCL_1119,28,Clonidine (hydrochloride)__5__uM,False,,Clonidine (hydrochloride),5.0,uM,1312,3887056.0
plate14,1,smp_2835,24,CVCL_1125,29,Clonidine (hydrochloride)__5__uM,False,,Clonidine (hydrochloride),5.0,uM,337,634783.0
plate14,1,smp_2835,24,CVCL_1239,30,Clonidine (hydrochloride)__5__uM,False,,Clonidine (hydrochloride),5.0,uM,666,1620477.0
plate14,1,smp_2835,24,CVCL_1285,31,Clonidine (hydrochloride)__5__uM,False,,Clonidine (hydrochloride),5.0,uM,2150,6072238.0
plate14,1,smp_2835,24,CVCL_1381,32,Clonidine (hydrochloride)__5__uM,False,,Clonidine (hydrochloride),5.0,uM,1268,3724566.0
plate14,1,smp_2835,24,CVCL_1478,33,Clonidine (hydrochloride)__5__uM,False,,Clonidine (hydrochloride),5.0,uM,1508,4208769.0
plate14,1,smp_2835,24,CVCL_1495,34,Clonidine (hydrochloride)__5__uM,False,,Clonidine (hydrochloride),5.0,uM,1087,3358257.0
plate14,1,smp_2835,24,CVCL_1517,35,Clonidine (hydrochloride)__5__uM,False,,Clonidine (hydrochloride),5.0,uM,1909,8117198.0
plate14,1,smp_2835,24,CVCL_1531,36,Clonidine (hydrochloride)__5__uM,False,,Clonidine (hydrochloride),5.0,uM,24,33680.0
plate14,1,smp_2835,24,CVCL_1547,37,Clonidine (hydrochloride)__5__uM,False,,Clonidine (hydrochloride),5.0,uM,1391,4189931.0
plate14,1,smp_2835,24,CVCL_1550,38,Clonidine (hydrochloride)__5__uM,False,,Clonidine (hydrochloride),5.0,uM,1349,5601821.0
plate14,1,smp_2835,24,CVCL_1571,39,Clonidine (hydrochloride)__5__uM,False,,Clonidine (hydrochloride),5.0,uM,6,5878.0
plate14,1,smp_2835,24,CVCL_1577,40,Clonidine (hydrochloride)__5__uM,False,,Clonidine (hydrochloride),5.0,uM,85,398702.0
plate14,1,smp_2835,24,CVCL_1635,41,Clonidine (hydrochloride)__5__uM,False,,Clonidine (hydrochloride),5.0,uM,1167,3476185.0
plate14,1,smp_2835,24,CVCL_1666,42,Clonidine (hydrochloride)__5__uM,False,,Clonidine (hydrochloride),5.0,uM,1063,2238229.0
plate14,1,smp_2835,24,CVCL_1693,43,Clonidine (hydrochloride)__5__uM,False,,Clonidine (hydrochloride),5.0,uM,709,1448628.0
plate14,1,smp_2835,24,CVCL_1715,44,Clonidine (hydrochloride)__5__uM,False,,Clonidine (hydrochloride),5.0,uM,157,339757.0
plate14,1,smp_2835,24,CVCL_1716,45,Clonidine (hydrochloride)__5__uM,False,,Clonidine (hydrochloride),5.0,uM,157,327802.0
plate14,1,smp_2835,24,CVCL_1717,46,Clonidine (hydrochloride)__5__uM,False,,Clonidine (hydrochloride),5.0,uM,1430,4489734.0
plate14,1,smp_2835,24,CVCL_1724,47,Clonidine (hydrochloride)__5__uM,False,,Clonidine (hydrochloride),5.0,uM,823,2095791.0
plate14,1,smp_2835,24,CVCL_1731,48,Clonidine (hydrochloride)__5__uM,False,,Clonidine (hydrochloride),5.0,uM,1166,2974074.0
plate14,1,smp_2835,24,CVCL_C466,49,Clonidine (hydrochloride)__5__uM,False,,Clonidine (hydrochloride),5.0,uM,1406,2736592.0
plate14,1,smp_2756,25,CVCL_0023,0,Clotrimazole__5__uM,False,,Clotrimazole,5.0,uM,2392,5499784.0
plate14,1,smp_2756,25,CVCL_0028,1,Clotrimazole__5__uM,False,,Clotrimazole,5.0,uM,594,1029911.0
plate14,1,smp_2756,25,CVCL_0069,2,Clotrimazole__5__uM,False,,Clotrimazole,5.0,uM,1214,3136493.0
plate14,1,smp_2756,25,CVCL_0099,3,Clotrimazole__5__uM,False,,Clotrimazole,5.0,uM,708,1508965.0
plate14,1,smp_2756,25,CVCL_0131,4,Clotrimazole__5__uM,False,,Clotrimazole,5.0,uM,2349,7759889.0
plate14,1,smp_2756,25,CVCL_0152,5,Clotrimazole__5__uM,False,,Clotrimazole,5.0,uM,2309,4916107.0
plate14,1,smp_2756,25,CVCL_0179,6,Clotrimazole__5__uM,False,,Clotrimazole,5.0,uM,1324,4153990.0
plate14,1,smp_2756,25,CVCL_0218,7,Clotrimazole__5__uM,False,,Clotrimazole,5.0,uM,1521,3132273.0
plate14,1,smp_2756,25,CVCL_0292,8,Clotrimazole__5__uM,False,,Clotrimazole,5.0,uM,1058,1793199.0
plate14,1,smp_2756,25,CVCL_0293,9,Clotrimazole__5__uM,False,,Clotrimazole,5.0,uM,2580,7532107.0
plate14,1,smp_2756,25,CVCL_0320,10,Clotrimazole__5__uM,False,,Clotrimazole,5.0,uM,1920,5160222.0
plate14,1,smp_2756,25,CVCL_0332,11,Clotrimazole__5__uM,False,,Clotrimazole,5.0,uM,1207,3722987.0
plate14,1,smp_2756,25,CVCL_0334,12,Clotrimazole__5__uM,False,,Clotrimazole,5.0,uM,942,1976581.0
plate14,1,smp_2756,25,CVCL_0359,13,Clotrimazole__5__uM,False,,Clotrimazole,5.0,uM,1991,5808512.0
plate14,1,smp_2756,25,CVCL_0366,14,Clotrimazole__5__uM,False,,Clotrimazole,5.0,uM,1615,5642960.0
plate14,1,smp_2756,25,CVCL_0371,15,Clotrimazole__5__uM,False,,Clotrimazole,5.0,uM,1962,4953529.0
plate14,1,smp_2756,25,CVCL_0397,16,Clotrimazole__5__uM,False,,Clotrimazole,5.0,uM,1728,5328112.0
plate14,1,smp_2756,25,CVCL_0399,17,Clotrimazole__5__uM,False,,Clotrimazole,5.0,uM,3185,8229293.0
plate14,1,smp_2756,25,CVCL_0428,18,Clotrimazole__5__uM,False,,Clotrimazole,5.0,uM,883,2355874.0
plate14,1,smp_2756,25,CVCL_0459,19,Clotrimazole__5__uM,False,,Clotrimazole,5.0,uM,4668,10317410.0
plate14,1,smp_2756,25,CVCL_0480,20,Clotrimazole__5__uM,False,,Clotrimazole,5.0,uM,2691,9298372.0
plate14,1,smp_2756,25,CVCL_0504,21,Clotrimazole__5__uM,False,,Clotrimazole,5.0,uM,1800,3454164.0
plate14,1,smp_2756,25,CVCL_0546,22,Clotrimazole__5__uM,False,,Clotrimazole,5.0,uM,4770,10468837.0
plate14,1,smp_2756,25,CVCL_1055,23,Clotrimazole__5__uM,False,,Clotrimazole,5.0,uM,1230,4655906.0
plate14,1,smp_2756,25,CVCL_1056,24,Clotrimazole__5__uM,False,,Clotrimazole,5.0,uM,2174,8381450.0
plate14,1,smp_2756,25,CVCL_1094,25,Clotrimazole__5__uM,False,,Clotrimazole,5.0,uM,1090,2244461.0
plate14,1,smp_2756,25,CVCL_1097,26,Clotrimazole__5__uM,False,,Clotrimazole,5.0,uM,2039,4706702.0
plate14,1,smp_2756,25,CVCL_1098,27,Clotrimazole__5__uM,False,,Clotrimazole,5.0,uM,1778,3823571.0
plate14,1,smp_2756,25,CVCL_1119,28,Clotrimazole__5__uM,False,,Clotrimazole,5.0,uM,1637,4548198.0
plate14,1,smp_2756,25,CVCL_1125,29,Clotrimazole__5__uM,False,,Clotrimazole,5.0,uM,289,472189.0
plate14,1,smp_2756,25,CVCL_1239,30,Clotrimazole__5__uM,False,,Clotrimazole,5.0,uM,850,1960443.0
plate14,1,smp_2756,25,CVCL_1285,31,Clotrimazole__5__uM,False,,Clotrimazole,5.0,uM,2493,6614283.0
plate14,1,smp_2756,25,CVCL_1381,32,Clotrimazole__5__uM,False,,Clotrimazole,5.0,uM,1574,4159156.0
plate14,1,smp_2756,25,CVCL_1478,33,Clotrimazole__5__uM,False,,Clotrimazole,5.0,uM,1786,4730740.0
plate14,1,smp_2756,25,CVCL_1495,34,Clotrimazole__5__uM,False,,Clotrimazole,5.0,uM,1403,3917534.0
plate14,1,smp_2756,25,CVCL_1517,35,Clotrimazole__5__uM,False,,Clotrimazole,5.0,uM,2449,9561709.0
plate14,1,smp_2756,25,CVCL_1531,36,Clotrimazole__5__uM,False,,Clotrimazole,5.0,uM,39,57822.0
plate14,1,smp_2756,25,CVCL_1547,37,Clotrimazole__5__uM,False,,Clotrimazole,5.0,uM,1827,4995363.0
plate14,1,smp_2756,25,CVCL_1550,38,Clotrimazole__5__uM,False,,Clotrimazole,5.0,uM,1699,6588616.0
plate14,1,smp_2756,25,CVCL_1571,39,Clotrimazole__5__uM,False,,Clotrimazole,5.0,uM,24,22755.0
plate14,1,smp_2756,25,CVCL_1577,40,Clotrimazole__5__uM,False,,Clotrimazole,5.0,uM,91,356044.0
plate14,1,smp_2756,25,CVCL_1635,41,Clotrimazole__5__uM,False,,Clotrimazole,5.0,uM,1407,3913341.0
plate14,1,smp_2756,25,CVCL_1666,42,Clotrimazole__5__uM,False,,Clotrimazole,5.0,uM,1565,3007907.0
plate14,1,smp_2756,25,CVCL_1693,43,Clotrimazole__5__uM,False,,Clotrimazole,5.0,uM,977,1882626.0
plate14,1,smp_2756,25,CVCL_1715,44,Clotrimazole__5__uM,False,,Clotrimazole,5.0,uM,176,346745.0
plate14,1,smp_2756,25,CVCL_1716,45,Clotrimazole__5__uM,False,,Clotrimazole,5.0,uM,199,365314.0
plate14,1,smp_2756,25,CVCL_1717,46,Clotrimazole__5__uM,False,,Clotrimazole,5.0,uM,1935,5729889.0
plate14,1,smp_2756,25,CVCL_1724,47,Clotrimazole__5__uM,False,,Clotrimazole,5.0,uM,962,2236597.0
plate14,1,smp_2756,25,CVCL_1731,48,Clotrimazole__5__uM,False,,Clotrimazole,5.0,uM,1511,3699688.0
plate14,1,smp_2756,25,CVCL_C466,49,Clotrimazole__5__uM,False,,Clotrimazole,5.0,uM,1805,3358753.0
plate14,1,smp_2825,26,CVCL_0023,0,Cloxacillin (sodium)__5__uM,False,,Cloxacillin (sodium),5.0,uM,2105,4129580.0
plate14,1,smp_2825,26,CVCL_0028,1,Cloxacillin (sodium)__5__uM,False,,Cloxacillin (sodium),5.0,uM,404,578706.0
plate14,1,smp_2825,26,CVCL_0069,2,Cloxacillin (sodium)__5__uM,False,,Cloxacillin (sodium),5.0,uM,998,2223784.0
plate14,1,smp_2825,26,CVCL_0099,3,Cloxacillin (sodium)__5__uM,False,,Cloxacillin (sodium),5.0,uM,560,965133.0
plate14,1,smp_2825,26,CVCL_0131,4,Cloxacillin (sodium)__5__uM,False,,Cloxacillin (sodium),5.0,uM,2152,5850802.0
plate14,1,smp_2825,26,CVCL_0152,5,Cloxacillin (sodium)__5__uM,False,,Cloxacillin (sodium),5.0,uM,1850,3358869.0
plate14,1,smp_2825,26,CVCL_0179,6,Cloxacillin (sodium)__5__uM,False,,Cloxacillin (sodium),5.0,uM,1066,2866664.0
plate14,1,smp_2825,26,CVCL_0218,7,Cloxacillin (sodium)__5__uM,False,,Cloxacillin (sodium),5.0,uM,1070,1823063.0
plate14,1,smp_2825,26,CVCL_0292,8,Cloxacillin (sodium)__5__uM,False,,Cloxacillin (sodium),5.0,uM,1008,1419455.0
plate14,1,smp_2825,26,CVCL_0293,9,Cloxacillin (sodium)__5__uM,False,,Cloxacillin (sodium),5.0,uM,2249,5715183.0
plate14,1,smp_2825,26,CVCL_0320,10,Cloxacillin (sodium)__5__uM,False,,Cloxacillin (sodium),5.0,uM,1667,3912867.0
plate14,1,smp_2825,26,CVCL_0332,11,Cloxacillin (sodium)__5__uM,False,,Cloxacillin (sodium),5.0,uM,1100,3020360.0
plate14,1,smp_2825,26,CVCL_0334,12,Cloxacillin (sodium)__5__uM,False,,Cloxacillin (sodium),5.0,uM,825,1477617.0
plate14,1,smp_2825,26,CVCL_0359,13,Cloxacillin (sodium)__5__uM,False,,Cloxacillin (sodium),5.0,uM,1795,4290875.0
plate14,1,smp_2825,26,CVCL_0366,14,Cloxacillin (sodium)__5__uM,False,,Cloxacillin (sodium),5.0,uM,1429,4148934.0
plate14,1,smp_2825,26,CVCL_0371,15,Cloxacillin (sodium)__5__uM,False,,Cloxacillin (sodium),5.0,uM,1734,3712346.0
plate14,1,smp_2825,26,CVCL_0397,16,Cloxacillin (sodium)__5__uM,False,,Cloxacillin (sodium),5.0,uM,1415,3519250.0
plate14,1,smp_2825,26,CVCL_0399,17,Cloxacillin (sodium)__5__uM,False,,Cloxacillin (sodium),5.0,uM,2703,6050091.0
plate14,1,smp_2825,26,CVCL_0428,18,Cloxacillin (sodium)__5__uM,False,,Cloxacillin (sodium),5.0,uM,847,1882656.0
plate14,1,smp_2825,26,CVCL_0459,19,Cloxacillin (sodium)__5__uM,False,,Cloxacillin (sodium),5.0,uM,3972,7172782.0
plate14,1,smp_2825,26,CVCL_0480,20,Cloxacillin (sodium)__5__uM,False,,Cloxacillin (sodium),5.0,uM,2287,6520322.0
plate14,1,smp_2825,26,CVCL_0504,21,Cloxacillin (sodium)__5__uM,False,,Cloxacillin (sodium),5.0,uM,1499,2494476.0
plate14,1,smp_2825,26,CVCL_0546,22,Cloxacillin (sodium)__5__uM,False,,Cloxacillin (sodium),5.0,uM,4097,7701621.0
plate14,1,smp_2825,26,CVCL_1055,23,Cloxacillin (sodium)__5__uM,False,,Cloxacillin (sodium),5.0,uM,1152,3775292.0
plate14,1,smp_2825,26,CVCL_1056,24,Cloxacillin (sodium)__5__uM,False,,Cloxacillin (sodium),5.0,uM,1958,6193001.0
plate14,1,smp_2825,26,CVCL_1094,25,Cloxacillin (sodium)__5__uM,False,,Cloxacillin (sodium),5.0,uM,1032,1854962.0
plate14,1,smp_2825,26,CVCL_1097,26,Cloxacillin (sodium)__5__uM,False,,Cloxacillin (sodium),5.0,uM,1684,3347419.0
plate14,1,smp_2825,26,CVCL_1098,27,Cloxacillin (sodium)__5__uM,False,,Cloxacillin (sodium),5.0,uM,1237,2203739.0
plate14,1,smp_2825,26,CVCL_1119,28,Cloxacillin (sodium)__5__uM,False,,Cloxacillin (sodium),5.0,uM,1549,3669640.0
plate14,1,smp_2825,26,CVCL_1125,29,Cloxacillin (sodium)__5__uM,False,,Cloxacillin (sodium),5.0,uM,316,469085.0
plate14,1,smp_2825,26,CVCL_1239,30,Cloxacillin (sodium)__5__uM,False,,Cloxacillin (sodium),5.0,uM,632,1171410.0
plate14,1,smp_2825,26,CVCL_1285,31,Cloxacillin (sodium)__5__uM,False,,Cloxacillin (sodium),5.0,uM,2311,5026403.0
plate14,1,smp_2825,26,CVCL_1381,32,Cloxacillin (sodium)__5__uM,False,,Cloxacillin (sodium),5.0,uM,1425,3167659.0
plate14,1,smp_2825,26,CVCL_1478,33,Cloxacillin (sodium)__5__uM,False,,Cloxacillin (sodium),5.0,uM,1409,3434808.0
plate14,1,smp_2825,26,CVCL_1495,34,Cloxacillin (sodium)__5__uM,False,,Cloxacillin (sodium),5.0,uM,1240,2860620.0
plate14,1,smp_2825,26,CVCL_1517,35,Cloxacillin (sodium)__5__uM,False,,Cloxacillin (sodium),5.0,uM,1988,6560981.0
plate14,1,smp_2825,26,CVCL_1531,36,Cloxacillin (sodium)__5__uM,False,,Cloxacillin (sodium),5.0,uM,28,42146.0
plate14,1,smp_2825,26,CVCL_1547,37,Cloxacillin (sodium)__5__uM,False,,Cloxacillin (sodium),5.0,uM,1622,3806170.0
plate14,1,smp_2825,26,CVCL_1550,38,Cloxacillin (sodium)__5__uM,False,,Cloxacillin (sodium),5.0,uM,1672,5551465.0
plate14,1,smp_2825,26,CVCL_1571,39,Cloxacillin (sodium)__5__uM,False,,Cloxacillin (sodium),5.0,uM,16,16568.0
plate14,1,smp_2825,26,CVCL_1577,40,Cloxacillin (sodium)__5__uM,False,,Cloxacillin (sodium),5.0,uM,93,352185.0
plate14,1,smp_2825,26,CVCL_1635,41,Cloxacillin (sodium)__5__uM,False,,Cloxacillin (sodium),5.0,uM,1208,2804315.0
plate14,1,smp_2825,26,CVCL_1666,42,Cloxacillin (sodium)__5__uM,False,,Cloxacillin (sodium),5.0,uM,1158,1877732.0
plate14,1,smp_2825,26,CVCL_1693,43,Cloxacillin (sodium)__5__uM,False,,Cloxacillin (sodium),5.0,uM,779,1284446.0
plate14,1,smp_2825,26,CVCL_1715,44,Cloxacillin (sodium)__5__uM,False,,Cloxacillin (sodium),5.0,uM,128,225211.0
plate14,1,smp_2825,26,CVCL_1716,45,Cloxacillin (sodium)__5__uM,False,,Cloxacillin (sodium),5.0,uM,218,338560.0
plate14,1,smp_2825,26,CVCL_1717,46,Cloxacillin (sodium)__5__uM,False,,Cloxacillin (sodium),5.0,uM,1480,3867132.0
plate14,1,smp_2825,26,CVCL_1724,47,Cloxacillin (sodium)__5__uM,False,,Cloxacillin (sodium),5.0,uM,800,1590696.0
plate14,1,smp_2825,26,CVCL_1731,48,Cloxacillin (sodium)__5__uM,False,,Cloxacillin (sodium),5.0,uM,1230,2433977.0
plate14,1,smp_2825,26,CVCL_C466,49,Cloxacillin (sodium)__5__uM,False,,Cloxacillin (sodium),5.0,uM,1279,1941813.0
plate14,1,smp_2748,27,CVCL_0023,0,Cysteamine (hydrochloride)__5__uM,False,,Cysteamine (hydrochloride),5.0,uM,1797,4085711.0
plate14,1,smp_2748,27,CVCL_0028,1,Cysteamine (hydrochloride)__5__uM,False,,Cysteamine (hydrochloride),5.0,uM,272,460057.0
plate14,1,smp_2748,27,CVCL_0069,2,Cysteamine (hydrochloride)__5__uM,False,,Cysteamine (hydrochloride),5.0,uM,904,2394963.0
plate14,1,smp_2748,27,CVCL_0099,3,Cysteamine (hydrochloride)__5__uM,False,,Cysteamine (hydrochloride),5.0,uM,483,977371.0
plate14,1,smp_2748,27,CVCL_0131,4,Cysteamine (hydrochloride)__5__uM,False,,Cysteamine (hydrochloride),5.0,uM,1921,6197723.0
plate14,1,smp_2748,27,CVCL_0152,5,Cysteamine (hydrochloride)__5__uM,False,,Cysteamine (hydrochloride),5.0,uM,2214,4218968.0
plate14,1,smp_2748,27,CVCL_0179,6,Cysteamine (hydrochloride)__5__uM,False,,Cysteamine (hydrochloride),5.0,uM,1104,3796983.0
plate14,1,smp_2748,27,CVCL_0218,7,Cysteamine (hydrochloride)__5__uM,False,,Cysteamine (hydrochloride),5.0,uM,1549,3269269.0
plate14,1,smp_2748,27,CVCL_0292,8,Cysteamine (hydrochloride)__5__uM,False,,Cysteamine (hydrochloride),5.0,uM,1042,1610901.0
plate14,1,smp_2748,27,CVCL_0293,9,Cysteamine (hydrochloride)__5__uM,False,,Cysteamine (hydrochloride),5.0,uM,2707,6979816.0
plate14,1,smp_2748,27,CVCL_0320,10,Cysteamine (hydrochloride)__5__uM,False,,Cysteamine (hydrochloride),5.0,uM,1872,4869711.0
plate14,1,smp_2748,27,CVCL_0332,11,Cysteamine (hydrochloride)__5__uM,False,,Cysteamine (hydrochloride),5.0,uM,756,2199570.0
plate14,1,smp_2748,27,CVCL_0334,12,Cysteamine (hydrochloride)__5__uM,False,,Cysteamine (hydrochloride),5.0,uM,886,1900624.0
plate14,1,smp_2748,27,CVCL_0359,13,Cysteamine (hydrochloride)__5__uM,False,,Cysteamine (hydrochloride),5.0,uM,1218,3542957.0
plate14,1,smp_2748,27,CVCL_0366,14,Cysteamine (hydrochloride)__5__uM,False,,Cysteamine (hydrochloride),5.0,uM,1127,3818976.0
plate14,1,smp_2748,27,CVCL_0371,15,Cysteamine (hydrochloride)__5__uM,False,,Cysteamine (hydrochloride),5.0,uM,2070,5082882.0
plate14,1,smp_2748,27,CVCL_0397,16,Cysteamine (hydrochloride)__5__uM,False,,Cysteamine (hydrochloride),5.0,uM,1921,5098263.0
plate14,1,smp_2748,27,CVCL_0399,17,Cysteamine (hydrochloride)__5__uM,False,,Cysteamine (hydrochloride),5.0,uM,3500,8002647.0
plate14,1,smp_2748,27,CVCL_0428,18,Cysteamine (hydrochloride)__5__uM,False,,Cysteamine (hydrochloride),5.0,uM,557,1485363.0
plate14,1,smp_2748,27,CVCL_0459,19,Cysteamine (hydrochloride)__5__uM,False,,Cysteamine (hydrochloride),5.0,uM,4099,8810688.0
plate14,1,smp_2748,27,CVCL_0480,20,Cysteamine (hydrochloride)__5__uM,False,,Cysteamine (hydrochloride),5.0,uM,2040,6768366.0
plate14,1,smp_2748,27,CVCL_0504,21,Cysteamine (hydrochloride)__5__uM,False,,Cysteamine (hydrochloride),5.0,uM,937,1741349.0
plate14,1,smp_2748,27,CVCL_0546,22,Cysteamine (hydrochloride)__5__uM,False,,Cysteamine (hydrochloride),5.0,uM,4617,9954310.0
plate14,1,smp_2748,27,CVCL_1055,23,Cysteamine (hydrochloride)__5__uM,False,,Cysteamine (hydrochloride),5.0,uM,566,2128408.0
plate14,1,smp_2748,27,CVCL_1056,24,Cysteamine (hydrochloride)__5__uM,False,,Cysteamine (hydrochloride),5.0,uM,1567,5967822.0
plate14,1,smp_2748,27,CVCL_1094,25,Cysteamine (hydrochloride)__5__uM,False,,Cysteamine (hydrochloride),5.0,uM,754,1505968.0
plate14,1,smp_2748,27,CVCL_1097,26,Cysteamine (hydrochloride)__5__uM,False,,Cysteamine (hydrochloride),5.0,uM,1726,3830977.0
plate14,1,smp_2748,27,CVCL_1098,27,Cysteamine (hydrochloride)__5__uM,False,,Cysteamine (hydrochloride),5.0,uM,1469,2755921.0
plate14,1,smp_2748,27,CVCL_1119,28,Cysteamine (hydrochloride)__5__uM,False,,Cysteamine (hydrochloride),5.0,uM,1531,4090201.0
plate14,1,smp_2748,27,CVCL_1125,29,Cysteamine (hydrochloride)__5__uM,False,,Cysteamine (hydrochloride),5.0,uM,308,505300.0
plate14,1,smp_2748,27,CVCL_1239,30,Cysteamine (hydrochloride)__5__uM,False,,Cysteamine (hydrochloride),5.0,uM,772,1779570.0
plate14,1,smp_2748,27,CVCL_1285,31,Cysteamine (hydrochloride)__5__uM,False,,Cysteamine (hydrochloride),5.0,uM,2311,5999720.0
plate14,1,smp_2748,27,CVCL_1381,32,Cysteamine (hydrochloride)__5__uM,False,,Cysteamine (hydrochloride),5.0,uM,1050,2864697.0
plate14,1,smp_2748,27,CVCL_1478,33,Cysteamine (hydrochloride)__5__uM,False,,Cysteamine (hydrochloride),5.0,uM,1814,4237010.0
plate14,1,smp_2748,27,CVCL_1495,34,Cysteamine (hydrochloride)__5__uM,False,,Cysteamine (hydrochloride),5.0,uM,1232,3247060.0
plate14,1,smp_2748,27,CVCL_1517,35,Cysteamine (hydrochloride)__5__uM,False,,Cysteamine (hydrochloride),5.0,uM,2022,7686560.0
plate14,1,smp_2748,27,CVCL_1531,36,Cysteamine (hydrochloride)__5__uM,False,,Cysteamine (hydrochloride),5.0,uM,37,48060.0
plate14,1,smp_2748,27,CVCL_1547,37,Cysteamine (hydrochloride)__5__uM,False,,Cysteamine (hydrochloride),5.0,uM,1109,2816242.0
plate14,1,smp_2748,27,CVCL_1550,38,Cysteamine (hydrochloride)__5__uM,False,,Cysteamine (hydrochloride),5.0,uM,1527,5818967.0
plate14,1,smp_2748,27,CVCL_1571,39,Cysteamine (hydrochloride)__5__uM,False,,Cysteamine (hydrochloride),5.0,uM,16,17523.0
plate14,1,smp_2748,27,CVCL_1577,40,Cysteamine (hydrochloride)__5__uM,False,,Cysteamine (hydrochloride),5.0,uM,50,207132.0
plate14,1,smp_2748,27,CVCL_1635,41,Cysteamine (hydrochloride)__5__uM,False,,Cysteamine (hydrochloride),5.0,uM,1272,3292877.0
plate14,1,smp_2748,27,CVCL_1666,42,Cysteamine (hydrochloride)__5__uM,False,,Cysteamine (hydrochloride),5.0,uM,1039,2015765.0
plate14,1,smp_2748,27,CVCL_1693,43,Cysteamine (hydrochloride)__5__uM,False,,Cysteamine (hydrochloride),5.0,uM,645,1195734.0
plate14,1,smp_2748,27,CVCL_1715,44,Cysteamine (hydrochloride)__5__uM,False,,Cysteamine (hydrochloride),5.0,uM,236,485454.0
plate14,1,smp_2748,27,CVCL_1716,45,Cysteamine (hydrochloride)__5__uM,False,,Cysteamine (hydrochloride),5.0,uM,203,380104.0
plate14,1,smp_2748,27,CVCL_1717,46,Cysteamine (hydrochloride)__5__uM,False,,Cysteamine (hydrochloride),5.0,uM,1591,4429488.0
plate14,1,smp_2748,27,CVCL_1724,47,Cysteamine (hydrochloride)__5__uM,False,,Cysteamine (hydrochloride),5.0,uM,966,2049814.0
plate14,1,smp_2748,27,CVCL_1731,48,Cysteamine (hydrochloride)__5__uM,False,,Cysteamine (hydrochloride),5.0,uM,1331,3097126.0
plate14,1,smp_2748,27,CVCL_C466,49,Cysteamine (hydrochloride)__5__uM,False,,Cysteamine (hydrochloride),5.0,uM,1624,2976261.0
plate14,1,smp_2786,28,CVCL_0023,0,Darinaparsin__5__uM,False,,Darinaparsin,5.0,uM,2052,4423853.0
plate14,1,smp_2786,28,CVCL_0028,1,Darinaparsin__5__uM,False,,Darinaparsin,5.0,uM,494,736497.0
plate14,1,smp_2786,28,CVCL_0069,2,Darinaparsin__5__uM,False,,Darinaparsin,5.0,uM,1023,2485602.0
plate14,1,smp_2786,28,CVCL_0099,3,Darinaparsin__5__uM,False,,Darinaparsin,5.0,uM,637,1273156.0
plate14,1,smp_2786,28,CVCL_0131,4,Darinaparsin__5__uM,False,,Darinaparsin,5.0,uM,2212,6514827.0
plate14,1,smp_2786,28,CVCL_0152,5,Darinaparsin__5__uM,False,,Darinaparsin,5.0,uM,2061,3995554.0
plate14,1,smp_2786,28,CVCL_0179,6,Darinaparsin__5__uM,False,,Darinaparsin,5.0,uM,1267,3809499.0
plate14,1,smp_2786,28,CVCL_0218,7,Darinaparsin__5__uM,False,,Darinaparsin,5.0,uM,1559,2891032.0
plate14,1,smp_2786,28,CVCL_0292,8,Darinaparsin__5__uM,False,,Darinaparsin,5.0,uM,1047,1517375.0
plate14,1,smp_2786,28,CVCL_0293,9,Darinaparsin__5__uM,False,,Darinaparsin,5.0,uM,2714,7100678.0
plate14,1,smp_2786,28,CVCL_0320,10,Darinaparsin__5__uM,False,,Darinaparsin,5.0,uM,1927,4561853.0
plate14,1,smp_2786,28,CVCL_0332,11,Darinaparsin__5__uM,False,,Darinaparsin,5.0,uM,1142,3263620.0
plate14,1,smp_2786,28,CVCL_0334,12,Darinaparsin__5__uM,False,,Darinaparsin,5.0,uM,844,1687904.0
plate14,1,smp_2786,28,CVCL_0359,13,Darinaparsin__5__uM,False,,Darinaparsin,5.0,uM,1723,4648025.0
plate14,1,smp_2786,28,CVCL_0366,14,Darinaparsin__5__uM,False,,Darinaparsin,5.0,uM,1575,5078509.0
plate14,1,smp_2786,28,CVCL_0371,15,Darinaparsin__5__uM,False,,Darinaparsin,5.0,uM,1901,4425966.0
plate14,1,smp_2786,28,CVCL_0397,16,Darinaparsin__5__uM,False,,Darinaparsin,5.0,uM,1808,4654725.0
plate14,1,smp_2786,28,CVCL_0399,17,Darinaparsin__5__uM,False,,Darinaparsin,5.0,uM,3037,6997586.0
plate14,1,smp_2786,28,CVCL_0428,18,Darinaparsin__5__uM,False,,Darinaparsin,5.0,uM,855,1982424.0
plate14,1,smp_2786,28,CVCL_0459,19,Darinaparsin__5__uM,False,,Darinaparsin,5.0,uM,4672,9159534.0
plate14,1,smp_2786,28,CVCL_0480,20,Darinaparsin__5__uM,False,,Darinaparsin,5.0,uM,2618,8438120.0
plate14,1,smp_2786,28,CVCL_0504,21,Darinaparsin__5__uM,False,,Darinaparsin,5.0,uM,1584,2772679.0
plate14,1,smp_2786,28,CVCL_0546,22,Darinaparsin__5__uM,False,,Darinaparsin,5.0,uM,5044,10294403.0
plate14,1,smp_2786,28,CVCL_1055,23,Darinaparsin__5__uM,False,,Darinaparsin,5.0,uM,936,3181986.0
plate14,1,smp_2786,28,CVCL_1056,24,Darinaparsin__5__uM,False,,Darinaparsin,5.0,uM,1934,6805816.0
plate14,1,smp_2786,28,CVCL_1094,25,Darinaparsin__5__uM,False,,Darinaparsin,5.0,uM,1035,1927882.0
plate14,1,smp_2786,28,CVCL_1097,26,Darinaparsin__5__uM,False,,Darinaparsin,5.0,uM,1934,3839986.0
plate14,1,smp_2786,28,CVCL_1098,27,Darinaparsin__5__uM,False,,Darinaparsin,5.0,uM,1640,3063062.0
plate14,1,smp_2786,28,CVCL_1119,28,Darinaparsin__5__uM,False,,Darinaparsin,5.0,uM,1619,4149786.0
plate14,1,smp_2786,28,CVCL_1125,29,Darinaparsin__5__uM,False,,Darinaparsin,5.0,uM,354,523443.0
plate14,1,smp_2786,28,CVCL_1239,30,Darinaparsin__5__uM,False,,Darinaparsin,5.0,uM,789,1596666.0
plate14,1,smp_2786,28,CVCL_1285,31,Darinaparsin__5__uM,False,,Darinaparsin,5.0,uM,2630,6093682.0
plate14,1,smp_2786,28,CVCL_1381,32,Darinaparsin__5__uM,False,,Darinaparsin,5.0,uM,1370,3383356.0
plate14,1,smp_2786,28,CVCL_1478,33,Darinaparsin__5__uM,False,,Darinaparsin,5.0,uM,2030,5097482.0
plate14,1,smp_2786,28,CVCL_1495,34,Darinaparsin__5__uM,False,,Darinaparsin,5.0,uM,1451,3487184.0
plate14,1,smp_2786,28,CVCL_1517,35,Darinaparsin__5__uM,False,,Darinaparsin,5.0,uM,2187,7723727.0
plate14,1,smp_2786,28,CVCL_1531,36,Darinaparsin__5__uM,False,,Darinaparsin,5.0,uM,22,39944.0
plate14,1,smp_2786,28,CVCL_1547,37,Darinaparsin__5__uM,False,,Darinaparsin,5.0,uM,1452,3700993.0
plate14,1,smp_2786,28,CVCL_1550,38,Darinaparsin__5__uM,False,,Darinaparsin,5.0,uM,1507,5538664.0
plate14,1,smp_2786,28,CVCL_1571,39,Darinaparsin__5__uM,False,,Darinaparsin,5.0,uM,15,12779.0
plate14,1,smp_2786,28,CVCL_1577,40,Darinaparsin__5__uM,False,,Darinaparsin,5.0,uM,79,299025.0
plate14,1,smp_2786,28,CVCL_1635,41,Darinaparsin__5__uM,False,,Darinaparsin,5.0,uM,1204,2931510.0
plate14,1,smp_2786,28,CVCL_1666,42,Darinaparsin__5__uM,False,,Darinaparsin,5.0,uM,1153,2006475.0
plate14,1,smp_2786,28,CVCL_1693,43,Darinaparsin__5__uM,False,,Darinaparsin,5.0,uM,952,1689599.0
plate14,1,smp_2786,28,CVCL_1715,44,Darinaparsin__5__uM,False,,Darinaparsin,5.0,uM,232,455119.0
plate14,1,smp_2786,28,CVCL_1716,45,Darinaparsin__5__uM,False,,Darinaparsin,5.0,uM,226,372202.0
plate14,1,smp_2786,28,CVCL_1717,46,Darinaparsin__5__uM,False,,Darinaparsin,5.0,uM,1588,4329868.0
plate14,1,smp_2786,28,CVCL_1724,47,Darinaparsin__5__uM,False,,Darinaparsin,5.0,uM,1119,2282066.0
plate14,1,smp_2786,28,CVCL_1731,48,Darinaparsin__5__uM,False,,Darinaparsin,5.0,uM,1545,3354472.0
plate14,1,smp_2786,28,CVCL_C466,49,Darinaparsin__5__uM,False,,Darinaparsin,5.0,uM,1622,2682348.0
plate14,1,smp_2797,29,CVCL_0023,0,Demeclocycline__5__uM,False,,Demeclocycline,5.0,uM,1997,4794690.0
plate14,1,smp_2797,29,CVCL_0028,1,Demeclocycline__5__uM,False,,Demeclocycline,5.0,uM,486,848173.0
plate14,1,smp_2797,29,CVCL_0069,2,Demeclocycline__5__uM,False,,Demeclocycline,5.0,uM,991,2640743.0
plate14,1,smp_2797,29,CVCL_0099,3,Demeclocycline__5__uM,False,,Demeclocycline,5.0,uM,608,1279783.0
plate14,1,smp_2797,29,CVCL_0131,4,Demeclocycline__5__uM,False,,Demeclocycline,5.0,uM,1963,6466863.0
plate14,1,smp_2797,29,CVCL_0152,5,Demeclocycline__5__uM,False,,Demeclocycline,5.0,uM,1983,4200875.0
plate14,1,smp_2797,29,CVCL_0179,6,Demeclocycline__5__uM,False,,Demeclocycline,5.0,uM,1192,3951581.0
plate14,1,smp_2797,29,CVCL_0218,7,Demeclocycline__5__uM,False,,Demeclocycline,5.0,uM,1321,2752828.0
plate14,1,smp_2797,29,CVCL_0292,8,Demeclocycline__5__uM,False,,Demeclocycline,5.0,uM,1051,1657939.0
plate14,1,smp_2797,29,CVCL_0293,9,Demeclocycline__5__uM,False,,Demeclocycline,5.0,uM,2296,6583629.0
plate14,1,smp_2797,29,CVCL_0320,10,Demeclocycline__5__uM,False,,Demeclocycline,5.0,uM,1743,4562222.0
plate14,1,smp_2797,29,CVCL_0332,11,Demeclocycline__5__uM,False,,Demeclocycline,5.0,uM,1069,3541289.0
plate14,1,smp_2797,29,CVCL_0334,12,Demeclocycline__5__uM,False,,Demeclocycline,5.0,uM,832,1825322.0
plate14,1,smp_2797,29,CVCL_0359,13,Demeclocycline__5__uM,False,,Demeclocycline,5.0,uM,1671,4942617.0
plate14,1,smp_2797,29,CVCL_0366,14,Demeclocycline__5__uM,False,,Demeclocycline,5.0,uM,1440,5207328.0
plate14,1,smp_2797,29,CVCL_0371,15,Demeclocycline__5__uM,False,,Demeclocycline,5.0,uM,1721,4458159.0
plate14,1,smp_2797,29,CVCL_0397,16,Demeclocycline__5__uM,False,,Demeclocycline,5.0,uM,1454,4381336.0
plate14,1,smp_2797,29,CVCL_0399,17,Demeclocycline__5__uM,False,,Demeclocycline,5.0,uM,2762,7135202.0
plate14,1,smp_2797,29,CVCL_0428,18,Demeclocycline__5__uM,False,,Demeclocycline,5.0,uM,750,1950290.0
plate14,1,smp_2797,29,CVCL_0459,19,Demeclocycline__5__uM,False,,Demeclocycline,5.0,uM,4543,10376360.0
plate14,1,smp_2797,29,CVCL_0480,20,Demeclocycline__5__uM,False,,Demeclocycline,5.0,uM,2408,8666604.0
plate14,1,smp_2797,29,CVCL_0504,21,Demeclocycline__5__uM,False,,Demeclocycline,5.0,uM,1598,3046639.0
plate14,1,smp_2797,29,CVCL_0546,22,Demeclocycline__5__uM,False,,Demeclocycline,5.0,uM,4291,9575560.0
plate14,1,smp_2797,29,CVCL_1055,23,Demeclocycline__5__uM,False,,Demeclocycline,5.0,uM,964,3763001.0
plate14,1,smp_2797,29,CVCL_1056,24,Demeclocycline__5__uM,False,,Demeclocycline,5.0,uM,1744,6738958.0
plate14,1,smp_2797,29,CVCL_1094,25,Demeclocycline__5__uM,False,,Demeclocycline,5.0,uM,1047,2164156.0
plate14,1,smp_2797,29,CVCL_1097,26,Demeclocycline__5__uM,False,,Demeclocycline,5.0,uM,1787,4161984.0
plate14,1,smp_2797,29,CVCL_1098,27,Demeclocycline__5__uM,False,,Demeclocycline,5.0,uM,1473,3088649.0
plate14,1,smp_2797,29,CVCL_1119,28,Demeclocycline__5__uM,False,,Demeclocycline,5.0,uM,1411,4020691.0
plate14,1,smp_2797,29,CVCL_1125,29,Demeclocycline__5__uM,False,,Demeclocycline,5.0,uM,335,567654.0
plate14,1,smp_2797,29,CVCL_1239,30,Demeclocycline__5__uM,False,,Demeclocycline,5.0,uM,723,1693883.0
plate14,1,smp_2797,29,CVCL_1285,31,Demeclocycline__5__uM,False,,Demeclocycline,5.0,uM,2358,6131904.0
plate14,1,smp_2797,29,CVCL_1381,32,Demeclocycline__5__uM,False,,Demeclocycline,5.0,uM,1332,3663917.0
plate14,1,smp_2797,29,CVCL_1478,33,Demeclocycline__5__uM,False,,Demeclocycline,5.0,uM,1705,4744262.0
plate14,1,smp_2797,29,CVCL_1495,34,Demeclocycline__5__uM,False,,Demeclocycline,5.0,uM,1183,3234274.0
plate14,1,smp_2797,29,CVCL_1517,35,Demeclocycline__5__uM,False,,Demeclocycline,5.0,uM,2045,8194303.0
plate14,1,smp_2797,29,CVCL_1531,36,Demeclocycline__5__uM,False,,Demeclocycline,5.0,uM,21,27105.0
plate14,1,smp_2797,29,CVCL_1547,37,Demeclocycline__5__uM,False,,Demeclocycline,5.0,uM,1444,3958399.0
plate14,1,smp_2797,29,CVCL_1550,38,Demeclocycline__5__uM,False,,Demeclocycline,5.0,uM,1305,5244781.0
plate14,1,smp_2797,29,CVCL_1571,39,Demeclocycline__5__uM,False,,Demeclocycline,5.0,uM,13,12540.0
plate14,1,smp_2797,29,CVCL_1577,40,Demeclocycline__5__uM,False,,Demeclocycline,5.0,uM,67,295966.0
plate14,1,smp_2797,29,CVCL_1635,41,Demeclocycline__5__uM,False,,Demeclocycline,5.0,uM,1217,3388840.0
plate14,1,smp_2797,29,CVCL_1666,42,Demeclocycline__5__uM,False,,Demeclocycline,5.0,uM,1080,2074079.0
plate14,1,smp_2797,29,CVCL_1693,43,Demeclocycline__5__uM,False,,Demeclocycline,5.0,uM,903,1726158.0
plate14,1,smp_2797,29,CVCL_1715,44,Demeclocycline__5__uM,False,,Demeclocycline,5.0,uM,234,490063.0
plate14,1,smp_2797,29,CVCL_1716,45,Demeclocycline__5__uM,False,,Demeclocycline,5.0,uM,177,337082.0
plate14,1,smp_2797,29,CVCL_1717,46,Demeclocycline__5__uM,False,,Demeclocycline,5.0,uM,1532,4600088.0
plate14,1,smp_2797,29,CVCL_1724,47,Demeclocycline__5__uM,False,,Demeclocycline,5.0,uM,895,2121087.0
plate14,1,smp_2797,29,CVCL_1731,48,Demeclocycline__5__uM,False,,Demeclocycline,5.0,uM,1290,3084428.0
plate14,1,smp_2797,29,CVCL_C466,49,Demeclocycline__5__uM,False,,Demeclocycline,5.0,uM,1562,2910156.0
plate14,1,smp_2764,30,CVCL_0023,0,Diammonium Glycyrrhizinate__5__uM,False,,Diammonium Glycyrrhizinate,5.0,uM,1855,3110831.0
plate14,1,smp_2764,30,CVCL_0028,1,Diammonium Glycyrrhizinate__5__uM,False,,Diammonium Glycyrrhizinate,5.0,uM,307,410560.0
plate14,1,smp_2764,30,CVCL_0069,2,Diammonium Glycyrrhizinate__5__uM,False,,Diammonium Glycyrrhizinate,5.0,uM,897,1708223.0
plate14,1,smp_2764,30,CVCL_0099,3,Diammonium Glycyrrhizinate__5__uM,False,,Diammonium Glycyrrhizinate,5.0,uM,537,838516.0
plate14,1,smp_2764,30,CVCL_0131,4,Diammonium Glycyrrhizinate__5__uM,False,,Diammonium Glycyrrhizinate,5.0,uM,1994,4679983.0
plate14,1,smp_2764,30,CVCL_0152,5,Diammonium Glycyrrhizinate__5__uM,False,,Diammonium Glycyrrhizinate,5.0,uM,1935,3320598.0
plate14,1,smp_2764,30,CVCL_0179,6,Diammonium Glycyrrhizinate__5__uM,False,,Diammonium Glycyrrhizinate,5.0,uM,1185,2925642.0
plate14,1,smp_2764,30,CVCL_0218,7,Diammonium Glycyrrhizinate__5__uM,False,,Diammonium Glycyrrhizinate,5.0,uM,1435,2204096.0
plate14,1,smp_2764,30,CVCL_0292,8,Diammonium Glycyrrhizinate__5__uM,False,,Diammonium Glycyrrhizinate,5.0,uM,846,1101074.0
plate14,1,smp_2764,30,CVCL_0293,9,Diammonium Glycyrrhizinate__5__uM,False,,Diammonium Glycyrrhizinate,5.0,uM,2613,6392062.0
plate14,1,smp_2764,30,CVCL_0320,10,Diammonium Glycyrrhizinate__5__uM,False,,Diammonium Glycyrrhizinate,5.0,uM,1968,4037634.0
plate14,1,smp_2764,30,CVCL_0332,11,Diammonium Glycyrrhizinate__5__uM,False,,Diammonium Glycyrrhizinate,5.0,uM,1192,2783252.0
plate14,1,smp_2764,30,CVCL_0334,12,Diammonium Glycyrrhizinate__5__uM,False,,Diammonium Glycyrrhizinate,5.0,uM,786,1286350.0
plate14,1,smp_2764,30,CVCL_0359,13,Diammonium Glycyrrhizinate__5__uM,False,,Diammonium Glycyrrhizinate,5.0,uM,1352,2886195.0
plate14,1,smp_2764,30,CVCL_0366,14,Diammonium Glycyrrhizinate__5__uM,False,,Diammonium Glycyrrhizinate,5.0,uM,1293,3218110.0
plate14,1,smp_2764,30,CVCL_0371,15,Diammonium Glycyrrhizinate__5__uM,False,,Diammonium Glycyrrhizinate,5.0,uM,2009,3864080.0
plate14,1,smp_2764,30,CVCL_0397,16,Diammonium Glycyrrhizinate__5__uM,False,,Diammonium Glycyrrhizinate,5.0,uM,1812,4213983.0
plate14,1,smp_2764,30,CVCL_0399,17,Diammonium Glycyrrhizinate__5__uM,False,,Diammonium Glycyrrhizinate,5.0,uM,2753,5755903.0
plate14,1,smp_2764,30,CVCL_0428,18,Diammonium Glycyrrhizinate__5__uM,False,,Diammonium Glycyrrhizinate,5.0,uM,743,1458069.0
plate14,1,smp_2764,30,CVCL_0459,19,Diammonium Glycyrrhizinate__5__uM,False,,Diammonium Glycyrrhizinate,5.0,uM,4661,7898450.0
plate14,1,smp_2764,30,CVCL_0480,20,Diammonium Glycyrrhizinate__5__uM,False,,Diammonium Glycyrrhizinate,5.0,uM,2544,6567020.0
plate14,1,smp_2764,30,CVCL_0504,21,Diammonium Glycyrrhizinate__5__uM,False,,Diammonium Glycyrrhizinate,5.0,uM,1499,2140423.0
plate14,1,smp_2764,30,CVCL_0546,22,Diammonium Glycyrrhizinate__5__uM,False,,Diammonium Glycyrrhizinate,5.0,uM,4444,7486454.0
plate14,1,smp_2764,30,CVCL_1055,23,Diammonium Glycyrrhizinate__5__uM,False,,Diammonium Glycyrrhizinate,5.0,uM,981,2760062.0
plate14,1,smp_2764,30,CVCL_1056,24,Diammonium Glycyrrhizinate__5__uM,False,,Diammonium Glycyrrhizinate,5.0,uM,1719,4830218.0
plate14,1,smp_2764,30,CVCL_1094,25,Diammonium Glycyrrhizinate__5__uM,False,,Diammonium Glycyrrhizinate,5.0,uM,873,1384271.0
plate14,1,smp_2764,30,CVCL_1097,26,Diammonium Glycyrrhizinate__5__uM,False,,Diammonium Glycyrrhizinate,5.0,uM,1671,2920619.0
plate14,1,smp_2764,30,CVCL_1098,27,Diammonium Glycyrrhizinate__5__uM,False,,Diammonium Glycyrrhizinate,5.0,uM,1212,1932328.0
plate14,1,smp_2764,30,CVCL_1119,28,Diammonium Glycyrrhizinate__5__uM,False,,Diammonium Glycyrrhizinate,5.0,uM,1560,3350826.0
plate14,1,smp_2764,30,CVCL_1125,29,Diammonium Glycyrrhizinate__5__uM,False,,Diammonium Glycyrrhizinate,5.0,uM,275,354064.0
plate14,1,smp_2764,30,CVCL_1239,30,Diammonium Glycyrrhizinate__5__uM,False,,Diammonium Glycyrrhizinate,5.0,uM,795,1345704.0
plate14,1,smp_2764,30,CVCL_1285,31,Diammonium Glycyrrhizinate__5__uM,False,,Diammonium Glycyrrhizinate,5.0,uM,2236,4251469.0
plate14,1,smp_2764,30,CVCL_1381,32,Diammonium Glycyrrhizinate__5__uM,False,,Diammonium Glycyrrhizinate,5.0,uM,1332,2683092.0
plate14,1,smp_2764,30,CVCL_1478,33,Diammonium Glycyrrhizinate__5__uM,False,,Diammonium Glycyrrhizinate,5.0,uM,1710,3983388.0
plate14,1,smp_2764,30,CVCL_1495,34,Diammonium Glycyrrhizinate__5__uM,False,,Diammonium Glycyrrhizinate,5.0,uM,1255,2532962.0
plate14,1,smp_2764,30,CVCL_1517,35,Diammonium Glycyrrhizinate__5__uM,False,,Diammonium Glycyrrhizinate,5.0,uM,2488,7265112.0
plate14,1,smp_2764,30,CVCL_1531,36,Diammonium Glycyrrhizinate__5__uM,False,,Diammonium Glycyrrhizinate,5.0,uM,35,48749.0
plate14,1,smp_2764,30,CVCL_1547,37,Diammonium Glycyrrhizinate__5__uM,False,,Diammonium Glycyrrhizinate,5.0,uM,1481,2957813.0
plate14,1,smp_2764,30,CVCL_1550,38,Diammonium Glycyrrhizinate__5__uM,False,,Diammonium Glycyrrhizinate,5.0,uM,1741,5545179.0
plate14,1,smp_2764,30,CVCL_1571,39,Diammonium Glycyrrhizinate__5__uM,False,,Diammonium Glycyrrhizinate,5.0,uM,20,19984.0
plate14,1,smp_2764,30,CVCL_1577,40,Diammonium Glycyrrhizinate__5__uM,False,,Diammonium Glycyrrhizinate,5.0,uM,87,268157.0
plate14,1,smp_2764,30,CVCL_1635,41,Diammonium Glycyrrhizinate__5__uM,False,,Diammonium Glycyrrhizinate,5.0,uM,1236,2585522.0
plate14,1,smp_2764,30,CVCL_1666,42,Diammonium Glycyrrhizinate__5__uM,False,,Diammonium Glycyrrhizinate,5.0,uM,1095,1689839.0
plate14,1,smp_2764,30,CVCL_1693,43,Diammonium Glycyrrhizinate__5__uM,False,,Diammonium Glycyrrhizinate,5.0,uM,659,948856.0
plate14,1,smp_2764,30,CVCL_1715,44,Diammonium Glycyrrhizinate__5__uM,False,,Diammonium Glycyrrhizinate,5.0,uM,268,400786.0
plate14,1,smp_2764,30,CVCL_1716,45,Diammonium Glycyrrhizinate__5__uM,False,,Diammonium Glycyrrhizinate,5.0,uM,198,297080.0
plate14,1,smp_2764,30,CVCL_1717,46,Diammonium Glycyrrhizinate__5__uM,False,,Diammonium Glycyrrhizinate,5.0,uM,1655,3883995.0
plate14,1,smp_2764,30,CVCL_1724,47,Diammonium Glycyrrhizinate__5__uM,False,,Diammonium Glycyrrhizinate,5.0,uM,981,1798542.0
plate14,1,smp_2764,30,CVCL_1731,48,Diammonium Glycyrrhizinate__5__uM,False,,Diammonium Glycyrrhizinate,5.0,uM,1399,2536002.0
plate14,1,smp_2764,30,CVCL_C466,49,Diammonium Glycyrrhizinate__5__uM,False,,Diammonium Glycyrrhizinate,5.0,uM,1351,1898543.0
plate14,1,smp_2803,31,CVCL_0023,0,Docetaxel__5__uM,False,,Docetaxel,5.0,uM,2292,7074992.0
plate14,1,smp_2803,31,CVCL_0028,1,Docetaxel__5__uM,False,,Docetaxel,5.0,uM,692,1396647.0
plate14,1,smp_2803,31,CVCL_0069,2,Docetaxel__5__uM,False,,Docetaxel,5.0,uM,1225,3697000.0
plate14,1,smp_2803,31,CVCL_0099,3,Docetaxel__5__uM,False,,Docetaxel,5.0,uM,893,2156616.0
plate14,1,smp_2803,31,CVCL_0131,4,Docetaxel__5__uM,False,,Docetaxel,5.0,uM,2754,10943915.0
plate14,1,smp_2803,31,CVCL_0152,5,Docetaxel__5__uM,False,,Docetaxel,5.0,uM,2798,6261386.0
plate14,1,smp_2803,31,CVCL_0179,6,Docetaxel__5__uM,False,,Docetaxel,5.0,uM,1628,6244696.0
plate14,1,smp_2803,31,CVCL_0218,7,Docetaxel__5__uM,False,,Docetaxel,5.0,uM,1651,3720933.0
plate14,1,smp_2803,31,CVCL_0292,8,Docetaxel__5__uM,False,,Docetaxel,5.0,uM,1456,2609898.0
plate14,1,smp_2803,31,CVCL_0293,9,Docetaxel__5__uM,False,,Docetaxel,5.0,uM,3452,10151156.0
plate14,1,smp_2803,31,CVCL_0320,10,Docetaxel__5__uM,False,,Docetaxel,5.0,uM,2152,6405312.0
plate14,1,smp_2803,31,CVCL_0332,11,Docetaxel__5__uM,False,,Docetaxel,5.0,uM,1492,5675420.0
plate14,1,smp_2803,31,CVCL_0334,12,Docetaxel__5__uM,False,,Docetaxel,5.0,uM,1128,2820004.0
plate14,1,smp_2803,31,CVCL_0359,13,Docetaxel__5__uM,False,,Docetaxel,5.0,uM,1983,7179741.0
plate14,1,smp_2803,31,CVCL_0366,14,Docetaxel__5__uM,False,,Docetaxel,5.0,uM,1813,7671930.0
plate14,1,smp_2803,31,CVCL_0371,15,Docetaxel__5__uM,False,,Docetaxel,5.0,uM,2000,5424525.0
plate14,1,smp_2803,31,CVCL_0397,16,Docetaxel__5__uM,False,,Docetaxel,5.0,uM,2182,6647826.0
plate14,1,smp_2803,31,CVCL_0399,17,Docetaxel__5__uM,False,,Docetaxel,5.0,uM,3359,9391641.0
plate14,1,smp_2803,31,CVCL_0428,18,Docetaxel__5__uM,False,,Docetaxel,5.0,uM,961,2909629.0
plate14,1,smp_2803,31,CVCL_0459,19,Docetaxel__5__uM,False,,Docetaxel,5.0,uM,5561,14521794.0
plate14,1,smp_2803,31,CVCL_0480,20,Docetaxel__5__uM,False,,Docetaxel,5.0,uM,2589,10652382.0
plate14,1,smp_2803,31,CVCL_0504,21,Docetaxel__5__uM,False,,Docetaxel,5.0,uM,1433,3555461.0
plate14,1,smp_2803,31,CVCL_0546,22,Docetaxel__5__uM,False,,Docetaxel,5.0,uM,5426,15272303.0
plate14,1,smp_2803,31,CVCL_1055,23,Docetaxel__5__uM,False,,Docetaxel,5.0,uM,1118,5301717.0
plate14,1,smp_2803,31,CVCL_1056,24,Docetaxel__5__uM,False,,Docetaxel,5.0,uM,2194,10307893.0
plate14,1,smp_2803,31,CVCL_1094,25,Docetaxel__5__uM,False,,Docetaxel,5.0,uM,1249,3014658.0
plate14,1,smp_2803,31,CVCL_1097,26,Docetaxel__5__uM,False,,Docetaxel,5.0,uM,2287,6585186.0
plate14,1,smp_2803,31,CVCL_1098,27,Docetaxel__5__uM,False,,Docetaxel,5.0,uM,2068,4804846.0
plate14,1,smp_2803,31,CVCL_1119,28,Docetaxel__5__uM,False,,Docetaxel,5.0,uM,1793,5531715.0
plate14,1,smp_2803,31,CVCL_1125,29,Docetaxel__5__uM,False,,Docetaxel,5.0,uM,476,879875.0
plate14,1,smp_2803,31,CVCL_1239,30,Docetaxel__5__uM,False,,Docetaxel,5.0,uM,943,2471912.0
plate14,1,smp_2803,31,CVCL_1285,31,Docetaxel__5__uM,False,,Docetaxel,5.0,uM,2863,8780605.0
plate14,1,smp_2803,31,CVCL_1381,32,Docetaxel__5__uM,False,,Docetaxel,5.0,uM,1514,5409805.0
plate14,1,smp_2803,31,CVCL_1478,33,Docetaxel__5__uM,False,,Docetaxel,5.0,uM,2028,5977118.0
plate14,1,smp_2803,31,CVCL_1495,34,Docetaxel__5__uM,False,,Docetaxel,5.0,uM,1560,4748245.0
plate14,1,smp_2803,31,CVCL_1517,35,Docetaxel__5__uM,False,,Docetaxel,5.0,uM,2362,10519466.0
plate14,1,smp_2803,31,CVCL_1531,36,Docetaxel__5__uM,False,,Docetaxel,5.0,uM,24,30607.0
plate14,1,smp_2803,31,CVCL_1547,37,Docetaxel__5__uM,False,,Docetaxel,5.0,uM,1598,5417878.0
plate14,1,smp_2803,31,CVCL_1550,38,Docetaxel__5__uM,False,,Docetaxel,5.0,uM,1934,8210310.0
plate14,1,smp_2803,31,CVCL_1571,39,Docetaxel__5__uM,False,,Docetaxel,5.0,uM,10,9528.0
plate14,1,smp_2803,31,CVCL_1577,40,Docetaxel__5__uM,False,,Docetaxel,5.0,uM,111,512793.0
plate14,1,smp_2803,31,CVCL_1635,41,Docetaxel__5__uM,False,,Docetaxel,5.0,uM,1533,4538628.0
plate14,1,smp_2803,31,CVCL_1666,42,Docetaxel__5__uM,False,,Docetaxel,5.0,uM,1469,3155594.0
plate14,1,smp_2803,31,CVCL_1693,43,Docetaxel__5__uM,False,,Docetaxel,5.0,uM,1201,2601457.0
plate14,1,smp_2803,31,CVCL_1715,44,Docetaxel__5__uM,False,,Docetaxel,5.0,uM,304,762757.0
plate14,1,smp_2803,31,CVCL_1716,45,Docetaxel__5__uM,False,,Docetaxel,5.0,uM,257,524396.0
plate14,1,smp_2803,31,CVCL_1717,46,Docetaxel__5__uM,False,,Docetaxel,5.0,uM,1937,6062799.0
plate14,1,smp_2803,31,CVCL_1724,47,Docetaxel__5__uM,False,,Docetaxel,5.0,uM,1299,3273645.0
plate14,1,smp_2803,31,CVCL_1731,48,Docetaxel__5__uM,False,,Docetaxel,5.0,uM,1730,4770726.0
plate14,1,smp_2803,31,CVCL_C466,49,Docetaxel__5__uM,False,,Docetaxel,5.0,uM,2246,4756521.0
plate14,1,smp_2779,32,CVCL_0023,0,Elagolix sodium__5__uM,False,,Elagolix sodium,5.0,uM,1144,2144061.0
plate14,1,smp_2779,32,CVCL_0028,1,Elagolix sodium__5__uM,False,,Elagolix sodium,5.0,uM,319,476522.0
plate14,1,smp_2779,32,CVCL_0069,2,Elagolix sodium__5__uM,False,,Elagolix sodium,5.0,uM,643,1368016.0
plate14,1,smp_2779,32,CVCL_0099,3,Elagolix sodium__5__uM,False,,Elagolix sodium,5.0,uM,423,743107.0
plate14,1,smp_2779,32,CVCL_0131,4,Elagolix sodium__5__uM,False,,Elagolix sodium,5.0,uM,971,2486830.0
plate14,1,smp_2779,32,CVCL_0152,5,Elagolix sodium__5__uM,False,,Elagolix sodium,5.0,uM,1143,1920377.0
plate14,1,smp_2779,32,CVCL_0179,6,Elagolix sodium__5__uM,False,,Elagolix sodium,5.0,uM,686,1928103.0
plate14,1,smp_2779,32,CVCL_0218,7,Elagolix sodium__5__uM,False,,Elagolix sodium,5.0,uM,797,1331258.0
plate14,1,smp_2779,32,CVCL_0292,8,Elagolix sodium__5__uM,False,,Elagolix sodium,5.0,uM,621,837050.0
plate14,1,smp_2779,32,CVCL_0293,9,Elagolix sodium__5__uM,False,,Elagolix sodium,5.0,uM,1256,2907521.0
plate14,1,smp_2779,32,CVCL_0320,10,Elagolix sodium__5__uM,False,,Elagolix sodium,5.0,uM,1054,2196467.0
plate14,1,smp_2779,32,CVCL_0332,11,Elagolix sodium__5__uM,False,,Elagolix sodium,5.0,uM,632,1659132.0
plate14,1,smp_2779,32,CVCL_0334,12,Elagolix sodium__5__uM,False,,Elagolix sodium,5.0,uM,446,748734.0
plate14,1,smp_2779,32,CVCL_0359,13,Elagolix sodium__5__uM,False,,Elagolix sodium,5.0,uM,1010,2455198.0
plate14,1,smp_2779,32,CVCL_0366,14,Elagolix sodium__5__uM,False,,Elagolix sodium,5.0,uM,701,1997229.0
plate14,1,smp_2779,32,CVCL_0371,15,Elagolix sodium__5__uM,False,,Elagolix sodium,5.0,uM,1032,2150672.0
plate14,1,smp_2779,32,CVCL_0397,16,Elagolix sodium__5__uM,False,,Elagolix sodium,5.0,uM,892,2126228.0
plate14,1,smp_2779,32,CVCL_0399,17,Elagolix sodium__5__uM,False,,Elagolix sodium,5.0,uM,1551,3270018.0
plate14,1,smp_2779,32,CVCL_0428,18,Elagolix sodium__5__uM,False,,Elagolix sodium,5.0,uM,480,1045960.0
plate14,1,smp_2779,32,CVCL_0459,19,Elagolix sodium__5__uM,False,,Elagolix sodium,5.0,uM,2419,4187188.0
plate14,1,smp_2779,32,CVCL_0480,20,Elagolix sodium__5__uM,False,,Elagolix sodium,5.0,uM,1174,3304015.0
plate14,1,smp_2779,32,CVCL_0504,21,Elagolix sodium__5__uM,False,,Elagolix sodium,5.0,uM,1113,1851889.0
plate14,1,smp_2779,32,CVCL_0546,22,Elagolix sodium__5__uM,False,,Elagolix sodium,5.0,uM,2738,4826410.0
plate14,1,smp_2779,32,CVCL_1055,23,Elagolix sodium__5__uM,False,,Elagolix sodium,5.0,uM,645,2161447.0
plate14,1,smp_2779,32,CVCL_1056,24,Elagolix sodium__5__uM,False,,Elagolix sodium,5.0,uM,916,2950489.0
plate14,1,smp_2779,32,CVCL_1094,25,Elagolix sodium__5__uM,False,,Elagolix sodium,5.0,uM,731,1245022.0
plate14,1,smp_2779,32,CVCL_1097,26,Elagolix sodium__5__uM,False,,Elagolix sodium,5.0,uM,1004,1776687.0
plate14,1,smp_2779,32,CVCL_1098,27,Elagolix sodium__5__uM,False,,Elagolix sodium,5.0,uM,790,1275593.0
plate14,1,smp_2779,32,CVCL_1119,28,Elagolix sodium__5__uM,False,,Elagolix sodium,5.0,uM,933,2136046.0
plate14,1,smp_2779,32,CVCL_1125,29,Elagolix sodium__5__uM,False,,Elagolix sodium,5.0,uM,240,336570.0
plate14,1,smp_2779,32,CVCL_1239,30,Elagolix sodium__5__uM,False,,Elagolix sodium,5.0,uM,426,760938.0
plate14,1,smp_2779,32,CVCL_1285,31,Elagolix sodium__5__uM,False,,Elagolix sodium,5.0,uM,1278,2552558.0
plate14,1,smp_2779,32,CVCL_1381,32,Elagolix sodium__5__uM,False,,Elagolix sodium,5.0,uM,915,2013646.0
plate14,1,smp_2779,32,CVCL_1478,33,Elagolix sodium__5__uM,False,,Elagolix sodium,5.0,uM,783,1756846.0
plate14,1,smp_2779,32,CVCL_1495,34,Elagolix sodium__5__uM,False,,Elagolix sodium,5.0,uM,718,1494769.0
plate14,1,smp_2779,32,CVCL_1517,35,Elagolix sodium__5__uM,False,,Elagolix sodium,5.0,uM,1236,3835405.0
plate14,1,smp_2779,32,CVCL_1531,36,Elagolix sodium__5__uM,False,,Elagolix sodium,5.0,uM,15,18717.0
plate14,1,smp_2779,32,CVCL_1547,37,Elagolix sodium__5__uM,False,,Elagolix sodium,5.0,uM,904,2056368.0
plate14,1,smp_2779,32,CVCL_1550,38,Elagolix sodium__5__uM,False,,Elagolix sodium,5.0,uM,982,3263988.0
plate14,1,smp_2779,32,CVCL_1571,39,Elagolix sodium__5__uM,False,,Elagolix sodium,5.0,uM,5,4672.0
plate14,1,smp_2779,32,CVCL_1577,40,Elagolix sodium__5__uM,False,,Elagolix sodium,5.0,uM,47,174647.0
plate14,1,smp_2779,32,CVCL_1635,41,Elagolix sodium__5__uM,False,,Elagolix sodium,5.0,uM,766,1759072.0
plate14,1,smp_2779,32,CVCL_1666,42,Elagolix sodium__5__uM,False,,Elagolix sodium,5.0,uM,756,1255548.0
plate14,1,smp_2779,32,CVCL_1693,43,Elagolix sodium__5__uM,False,,Elagolix sodium,5.0,uM,608,1013137.0
plate14,1,smp_2779,32,CVCL_1715,44,Elagolix sodium__5__uM,False,,Elagolix sodium,5.0,uM,118,196252.0
plate14,1,smp_2779,32,CVCL_1716,45,Elagolix sodium__5__uM,False,,Elagolix sodium,5.0,uM,90,131735.0
plate14,1,smp_2779,32,CVCL_1717,46,Elagolix sodium__5__uM,False,,Elagolix sodium,5.0,uM,892,2228580.0
plate14,1,smp_2779,32,CVCL_1724,47,Elagolix sodium__5__uM,False,,Elagolix sodium,5.0,uM,470,931131.0
plate14,1,smp_2779,32,CVCL_1731,48,Elagolix sodium__5__uM,False,,Elagolix sodium,5.0,uM,736,1399328.0
plate14,1,smp_2779,32,CVCL_C466,49,Elagolix sodium__5__uM,False,,Elagolix sodium,5.0,uM,865,1313550.0
plate14,1,smp_2776,33,CVCL_0023,0,Fluvoxamine (maleate)__5__uM,False,,Fluvoxamine (maleate),5.0,uM,1780,4006912.0
plate14,1,smp_2776,33,CVCL_0028,1,Fluvoxamine (maleate)__5__uM,False,,Fluvoxamine (maleate),5.0,uM,338,557393.0
plate14,1,smp_2776,33,CVCL_0069,2,Fluvoxamine (maleate)__5__uM,False,,Fluvoxamine (maleate),5.0,uM,876,2230434.0
plate14,1,smp_2776,33,CVCL_0099,3,Fluvoxamine (maleate)__5__uM,False,,Fluvoxamine (maleate),5.0,uM,503,1039918.0
plate14,1,smp_2776,33,CVCL_0131,4,Fluvoxamine (maleate)__5__uM,False,,Fluvoxamine (maleate),5.0,uM,1950,6138178.0
plate14,1,smp_2776,33,CVCL_0152,5,Fluvoxamine (maleate)__5__uM,False,,Fluvoxamine (maleate),5.0,uM,1738,3568032.0
plate14,1,smp_2776,33,CVCL_0179,6,Fluvoxamine (maleate)__5__uM,False,,Fluvoxamine (maleate),5.0,uM,924,2927329.0
plate14,1,smp_2776,33,CVCL_0218,7,Fluvoxamine (maleate)__5__uM,False,,Fluvoxamine (maleate),5.0,uM,1151,2306900.0
plate14,1,smp_2776,33,CVCL_0292,8,Fluvoxamine (maleate)__5__uM,False,,Fluvoxamine (maleate),5.0,uM,941,1454903.0
plate14,1,smp_2776,33,CVCL_0293,9,Fluvoxamine (maleate)__5__uM,False,,Fluvoxamine (maleate),5.0,uM,2105,5796811.0
plate14,1,smp_2776,33,CVCL_0320,10,Fluvoxamine (maleate)__5__uM,False,,Fluvoxamine (maleate),5.0,uM,1491,3833397.0
plate14,1,smp_2776,33,CVCL_0332,11,Fluvoxamine (maleate)__5__uM,False,,Fluvoxamine (maleate),5.0,uM,938,2844413.0
plate14,1,smp_2776,33,CVCL_0334,12,Fluvoxamine (maleate)__5__uM,False,,Fluvoxamine (maleate),5.0,uM,777,1616318.0
plate14,1,smp_2776,33,CVCL_0359,13,Fluvoxamine (maleate)__5__uM,False,,Fluvoxamine (maleate),5.0,uM,1476,4046323.0
plate14,1,smp_2776,33,CVCL_0366,14,Fluvoxamine (maleate)__5__uM,False,,Fluvoxamine (maleate),5.0,uM,1226,4118743.0
plate14,1,smp_2776,33,CVCL_0371,15,Fluvoxamine (maleate)__5__uM,False,,Fluvoxamine (maleate),5.0,uM,1580,3860571.0
plate14,1,smp_2776,33,CVCL_0397,16,Fluvoxamine (maleate)__5__uM,False,,Fluvoxamine (maleate),5.0,uM,1358,3858420.0
plate14,1,smp_2776,33,CVCL_0399,17,Fluvoxamine (maleate)__5__uM,False,,Fluvoxamine (maleate),5.0,uM,2556,6090896.0
plate14,1,smp_2776,33,CVCL_0428,18,Fluvoxamine (maleate)__5__uM,False,,Fluvoxamine (maleate),5.0,uM,735,1834540.0
plate14,1,smp_2776,33,CVCL_0459,19,Fluvoxamine (maleate)__5__uM,False,,Fluvoxamine (maleate),5.0,uM,3599,7505056.0
plate14,1,smp_2776,33,CVCL_0480,20,Fluvoxamine (maleate)__5__uM,False,,Fluvoxamine (maleate),5.0,uM,2144,7150576.0
plate14,1,smp_2776,33,CVCL_0504,21,Fluvoxamine (maleate)__5__uM,False,,Fluvoxamine (maleate),5.0,uM,1243,2306195.0
plate14,1,smp_2776,33,CVCL_0546,22,Fluvoxamine (maleate)__5__uM,False,,Fluvoxamine (maleate),5.0,uM,3856,8155495.0
plate14,1,smp_2776,33,CVCL_1055,23,Fluvoxamine (maleate)__5__uM,False,,Fluvoxamine (maleate),5.0,uM,765,2645004.0
plate14,1,smp_2776,33,CVCL_1056,24,Fluvoxamine (maleate)__5__uM,False,,Fluvoxamine (maleate),5.0,uM,1732,6366537.0
plate14,1,smp_2776,33,CVCL_1094,25,Fluvoxamine (maleate)__5__uM,False,,Fluvoxamine (maleate),5.0,uM,820,1654109.0
plate14,1,smp_2776,33,CVCL_1097,26,Fluvoxamine (maleate)__5__uM,False,,Fluvoxamine (maleate),5.0,uM,1589,3466709.0
plate14,1,smp_2776,33,CVCL_1098,27,Fluvoxamine (maleate)__5__uM,False,,Fluvoxamine (maleate),5.0,uM,1265,2432735.0
plate14,1,smp_2776,33,CVCL_1119,28,Fluvoxamine (maleate)__5__uM,False,,Fluvoxamine (maleate),5.0,uM,1313,3461512.0
plate14,1,smp_2776,33,CVCL_1125,29,Fluvoxamine (maleate)__5__uM,False,,Fluvoxamine (maleate),5.0,uM,253,416803.0
plate14,1,smp_2776,33,CVCL_1239,30,Fluvoxamine (maleate)__5__uM,False,,Fluvoxamine (maleate),5.0,uM,597,1322497.0
plate14,1,smp_2776,33,CVCL_1285,31,Fluvoxamine (maleate)__5__uM,False,,Fluvoxamine (maleate),5.0,uM,2200,5557863.0
plate14,1,smp_2776,33,CVCL_1381,32,Fluvoxamine (maleate)__5__uM,False,,Fluvoxamine (maleate),5.0,uM,1177,3116578.0
plate14,1,smp_2776,33,CVCL_1478,33,Fluvoxamine (maleate)__5__uM,False,,Fluvoxamine (maleate),5.0,uM,1602,4042453.0
plate14,1,smp_2776,33,CVCL_1495,34,Fluvoxamine (maleate)__5__uM,False,,Fluvoxamine (maleate),5.0,uM,1110,2979931.0
plate14,1,smp_2776,33,CVCL_1517,35,Fluvoxamine (maleate)__5__uM,False,,Fluvoxamine (maleate),5.0,uM,1808,6573092.0
plate14,1,smp_2776,33,CVCL_1531,36,Fluvoxamine (maleate)__5__uM,False,,Fluvoxamine (maleate),5.0,uM,27,42563.0
plate14,1,smp_2776,33,CVCL_1547,37,Fluvoxamine (maleate)__5__uM,False,,Fluvoxamine (maleate),5.0,uM,1263,3230857.0
plate14,1,smp_2776,33,CVCL_1550,38,Fluvoxamine (maleate)__5__uM,False,,Fluvoxamine (maleate),5.0,uM,1259,4716410.0
plate14,1,smp_2776,33,CVCL_1571,39,Fluvoxamine (maleate)__5__uM,False,,Fluvoxamine (maleate),5.0,uM,9,8688.0
plate14,1,smp_2776,33,CVCL_1577,40,Fluvoxamine (maleate)__5__uM,False,,Fluvoxamine (maleate),5.0,uM,76,339538.0
plate14,1,smp_2776,33,CVCL_1635,41,Fluvoxamine (maleate)__5__uM,False,,Fluvoxamine (maleate),5.0,uM,1013,2729914.0
plate14,1,smp_2776,33,CVCL_1666,42,Fluvoxamine (maleate)__5__uM,False,,Fluvoxamine (maleate),5.0,uM,977,1845490.0
plate14,1,smp_2776,33,CVCL_1693,43,Fluvoxamine (maleate)__5__uM,False,,Fluvoxamine (maleate),5.0,uM,702,1294238.0
plate14,1,smp_2776,33,CVCL_1715,44,Fluvoxamine (maleate)__5__uM,False,,Fluvoxamine (maleate),5.0,uM,125,228803.0
plate14,1,smp_2776,33,CVCL_1716,45,Fluvoxamine (maleate)__5__uM,False,,Fluvoxamine (maleate),5.0,uM,172,328217.0
plate14,1,smp_2776,33,CVCL_1717,46,Fluvoxamine (maleate)__5__uM,False,,Fluvoxamine (maleate),5.0,uM,1452,3973302.0
plate14,1,smp_2776,33,CVCL_1724,47,Fluvoxamine (maleate)__5__uM,False,,Fluvoxamine (maleate),5.0,uM,808,1868914.0
plate14,1,smp_2776,33,CVCL_1731,48,Fluvoxamine (maleate)__5__uM,False,,Fluvoxamine (maleate),5.0,uM,1152,2648059.0
plate14,1,smp_2776,33,CVCL_C466,49,Fluvoxamine (maleate)__5__uM,False,,Fluvoxamine (maleate),5.0,uM,1283,2261719.0
plate14,1,smp_2828,34,CVCL_0023,0,Folic acid__5__uM,False,,Folic acid,5.0,uM,909,2259709.0
plate14,1,smp_2828,34,CVCL_0028,1,Folic acid__5__uM,False,,Folic acid,5.0,uM,262,467627.0
plate14,1,smp_2828,34,CVCL_0069,2,Folic acid__5__uM,False,,Folic acid,5.0,uM,413,1110862.0
plate14,1,smp_2828,34,CVCL_0099,3,Folic acid__5__uM,False,,Folic acid,5.0,uM,359,803049.0
plate14,1,smp_2828,34,CVCL_0131,4,Folic acid__5__uM,False,,Folic acid,5.0,uM,804,2711884.0
plate14,1,smp_2828,34,CVCL_0152,5,Folic acid__5__uM,False,,Folic acid,5.0,uM,944,1991378.0
plate14,1,smp_2828,34,CVCL_0179,6,Folic acid__5__uM,False,,Folic acid,5.0,uM,521,1930973.0
plate14,1,smp_2828,34,CVCL_0218,7,Folic acid__5__uM,False,,Folic acid,5.0,uM,607,1344921.0
plate14,1,smp_2828,34,CVCL_0292,8,Folic acid__5__uM,False,,Folic acid,5.0,uM,569,928268.0
plate14,1,smp_2828,34,CVCL_0293,9,Folic acid__5__uM,False,,Folic acid,5.0,uM,1098,2911195.0
plate14,1,smp_2828,34,CVCL_0320,10,Folic acid__5__uM,False,,Folic acid,5.0,uM,804,2204614.0
plate14,1,smp_2828,34,CVCL_0332,11,Folic acid__5__uM,False,,Folic acid,5.0,uM,397,1281929.0
plate14,1,smp_2828,34,CVCL_0334,12,Folic acid__5__uM,False,,Folic acid,5.0,uM,279,626393.0
plate14,1,smp_2828,34,CVCL_0359,13,Folic acid__5__uM,False,,Folic acid,5.0,uM,786,2404076.0
plate14,1,smp_2828,34,CVCL_0366,14,Folic acid__5__uM,False,,Folic acid,5.0,uM,549,1991181.0
plate14,1,smp_2828,34,CVCL_0371,15,Folic acid__5__uM,False,,Folic acid,5.0,uM,846,2134906.0
plate14,1,smp_2828,34,CVCL_0397,16,Folic acid__5__uM,False,,Folic acid,5.0,uM,674,1955566.0
plate14,1,smp_2828,34,CVCL_0399,17,Folic acid__5__uM,False,,Folic acid,5.0,uM,1271,3126516.0
plate14,1,smp_2828,34,CVCL_0428,18,Folic acid__5__uM,False,,Folic acid,5.0,uM,316,917272.0
plate14,1,smp_2828,34,CVCL_0459,19,Folic acid__5__uM,False,,Folic acid,5.0,uM,1778,4053031.0
plate14,1,smp_2828,34,CVCL_0480,20,Folic acid__5__uM,False,,Folic acid,5.0,uM,833,3021469.0
plate14,1,smp_2828,34,CVCL_0504,21,Folic acid__5__uM,False,,Folic acid,5.0,uM,805,1645653.0
plate14,1,smp_2828,34,CVCL_0546,22,Folic acid__5__uM,False,,Folic acid,5.0,uM,2295,5155895.0
plate14,1,smp_2828,34,CVCL_1055,23,Folic acid__5__uM,False,,Folic acid,5.0,uM,463,1868492.0
plate14,1,smp_2828,34,CVCL_1056,24,Folic acid__5__uM,False,,Folic acid,5.0,uM,667,2762589.0
plate14,1,smp_2828,34,CVCL_1094,25,Folic acid__5__uM,False,,Folic acid,5.0,uM,577,1270447.0
plate14,1,smp_2828,34,CVCL_1097,26,Folic acid__5__uM,False,,Folic acid,5.0,uM,690,1562358.0
plate14,1,smp_2828,34,CVCL_1098,27,Folic acid__5__uM,False,,Folic acid,5.0,uM,856,1749954.0
plate14,1,smp_2828,34,CVCL_1119,28,Folic acid__5__uM,False,,Folic acid,5.0,uM,731,2096478.0
plate14,1,smp_2828,34,CVCL_1125,29,Folic acid__5__uM,False,,Folic acid,5.0,uM,212,374226.0
plate14,1,smp_2828,34,CVCL_1239,30,Folic acid__5__uM,False,,Folic acid,5.0,uM,302,751365.0
plate14,1,smp_2828,34,CVCL_1285,31,Folic acid__5__uM,False,,Folic acid,5.0,uM,951,2591838.0
plate14,1,smp_2828,34,CVCL_1381,32,Folic acid__5__uM,False,,Folic acid,5.0,uM,659,1834239.0
plate14,1,smp_2828,34,CVCL_1478,33,Folic acid__5__uM,False,,Folic acid,5.0,uM,604,1549179.0
plate14,1,smp_2828,34,CVCL_1495,34,Folic acid__5__uM,False,,Folic acid,5.0,uM,509,1426284.0
plate14,1,smp_2828,34,CVCL_1517,35,Folic acid__5__uM,False,,Folic acid,5.0,uM,816,3374298.0
plate14,1,smp_2828,34,CVCL_1531,36,Folic acid__5__uM,False,,Folic acid,5.0,uM,12,19151.0
plate14,1,smp_2828,34,CVCL_1547,37,Folic acid__5__uM,False,,Folic acid,5.0,uM,678,1930529.0
plate14,1,smp_2828,34,CVCL_1550,38,Folic acid__5__uM,False,,Folic acid,5.0,uM,600,2392255.0
plate14,1,smp_2828,34,CVCL_1571,39,Folic acid__5__uM,False,,Folic acid,5.0,uM,5,4397.0
plate14,1,smp_2828,34,CVCL_1577,40,Folic acid__5__uM,False,,Folic acid,5.0,uM,37,168834.0
plate14,1,smp_2828,34,CVCL_1635,41,Folic acid__5__uM,False,,Folic acid,5.0,uM,578,1568307.0
plate14,1,smp_2828,34,CVCL_1666,42,Folic acid__5__uM,False,,Folic acid,5.0,uM,521,1039285.0
plate14,1,smp_2828,34,CVCL_1693,43,Folic acid__5__uM,False,,Folic acid,5.0,uM,502,1001731.0
plate14,1,smp_2828,34,CVCL_1715,44,Folic acid__5__uM,False,,Folic acid,5.0,uM,63,140085.0
plate14,1,smp_2828,34,CVCL_1716,45,Folic acid__5__uM,False,,Folic acid,5.0,uM,68,140848.0
plate14,1,smp_2828,34,CVCL_1717,46,Folic acid__5__uM,False,,Folic acid,5.0,uM,752,2241762.0
plate14,1,smp_2828,34,CVCL_1724,47,Folic acid__5__uM,False,,Folic acid,5.0,uM,468,1072481.0
plate14,1,smp_2828,34,CVCL_1731,48,Folic acid__5__uM,False,,Folic acid,5.0,uM,527,1370300.0
plate14,1,smp_2828,34,CVCL_C466,49,Folic acid__5__uM,False,,Folic acid,5.0,uM,670,1249112.0
plate14,1,smp_2755,35,CVCL_0023,0,Furosemide__5__uM,False,,Furosemide,5.0,uM,2288,5171730.0
plate14,1,smp_2755,35,CVCL_0028,1,Furosemide__5__uM,False,,Furosemide,5.0,uM,580,1014335.0
plate14,1,smp_2755,35,CVCL_0069,2,Furosemide__5__uM,False,,Furosemide,5.0,uM,1164,3039725.0
plate14,1,smp_2755,35,CVCL_0099,3,Furosemide__5__uM,False,,Furosemide,5.0,uM,703,1481985.0
plate14,1,smp_2755,35,CVCL_0131,4,Furosemide__5__uM,False,,Furosemide,5.0,uM,2360,7477117.0
plate14,1,smp_2755,35,CVCL_0152,5,Furosemide__5__uM,False,,Furosemide,5.0,uM,2097,4457829.0
plate14,1,smp_2755,35,CVCL_0179,6,Furosemide__5__uM,False,,Furosemide,5.0,uM,1387,4621797.0
plate14,1,smp_2755,35,CVCL_0218,7,Furosemide__5__uM,False,,Furosemide,5.0,uM,1421,2828351.0
plate14,1,smp_2755,35,CVCL_0292,8,Furosemide__5__uM,False,,Furosemide,5.0,uM,1145,1865441.0
plate14,1,smp_2755,35,CVCL_0293,9,Furosemide__5__uM,False,,Furosemide,5.0,uM,2419,7301481.0
plate14,1,smp_2755,35,CVCL_0320,10,Furosemide__5__uM,False,,Furosemide,5.0,uM,1950,5139597.0
plate14,1,smp_2755,35,CVCL_0332,11,Furosemide__5__uM,False,,Furosemide,5.0,uM,1243,3985908.0
plate14,1,smp_2755,35,CVCL_0334,12,Furosemide__5__uM,False,,Furosemide,5.0,uM,908,1886365.0
plate14,1,smp_2755,35,CVCL_0359,13,Furosemide__5__uM,False,,Furosemide,5.0,uM,1880,5592394.0
plate14,1,smp_2755,35,CVCL_0366,14,Furosemide__5__uM,False,,Furosemide,5.0,uM,1591,5464470.0
plate14,1,smp_2755,35,CVCL_0371,15,Furosemide__5__uM,False,,Furosemide,5.0,uM,2043,5215441.0
plate14,1,smp_2755,35,CVCL_0397,16,Furosemide__5__uM,False,,Furosemide,5.0,uM,1761,5203145.0
plate14,1,smp_2755,35,CVCL_0399,17,Furosemide__5__uM,False,,Furosemide,5.0,uM,2934,7437267.0
plate14,1,smp_2755,35,CVCL_0428,18,Furosemide__5__uM,False,,Furosemide,5.0,uM,806,2079547.0
plate14,1,smp_2755,35,CVCL_0459,19,Furosemide__5__uM,False,,Furosemide,5.0,uM,4885,10570252.0
plate14,1,smp_2755,35,CVCL_0480,20,Furosemide__5__uM,False,,Furosemide,5.0,uM,2694,9407816.0
plate14,1,smp_2755,35,CVCL_0504,21,Furosemide__5__uM,False,,Furosemide,5.0,uM,1849,3532046.0
plate14,1,smp_2755,35,CVCL_0546,22,Furosemide__5__uM,False,,Furosemide,5.0,uM,5150,11075809.0
plate14,1,smp_2755,35,CVCL_1055,23,Furosemide__5__uM,False,,Furosemide,5.0,uM,1209,4767955.0
plate14,1,smp_2755,35,CVCL_1056,24,Furosemide__5__uM,False,,Furosemide,5.0,uM,2054,7877960.0
plate14,1,smp_2755,35,CVCL_1094,25,Furosemide__5__uM,False,,Furosemide,5.0,uM,1124,2386423.0
plate14,1,smp_2755,35,CVCL_1097,26,Furosemide__5__uM,False,,Furosemide,5.0,uM,2103,4672728.0
plate14,1,smp_2755,35,CVCL_1098,27,Furosemide__5__uM,False,,Furosemide,5.0,uM,1726,3629676.0
plate14,1,smp_2755,35,CVCL_1119,28,Furosemide__5__uM,False,,Furosemide,5.0,uM,1546,4342497.0
plate14,1,smp_2755,35,CVCL_1125,29,Furosemide__5__uM,False,,Furosemide,5.0,uM,361,600832.0
plate14,1,smp_2755,35,CVCL_1239,30,Furosemide__5__uM,False,,Furosemide,5.0,uM,876,2000775.0
plate14,1,smp_2755,35,CVCL_1285,31,Furosemide__5__uM,False,,Furosemide,5.0,uM,2595,6565256.0
plate14,1,smp_2755,35,CVCL_1381,32,Furosemide__5__uM,False,,Furosemide,5.0,uM,1616,4388825.0
plate14,1,smp_2755,35,CVCL_1478,33,Furosemide__5__uM,False,,Furosemide,5.0,uM,1791,4950236.0
plate14,1,smp_2755,35,CVCL_1495,34,Furosemide__5__uM,False,,Furosemide,5.0,uM,1341,3588764.0
plate14,1,smp_2755,35,CVCL_1517,35,Furosemide__5__uM,False,,Furosemide,5.0,uM,2410,9522459.0
plate14,1,smp_2755,35,CVCL_1531,36,Furosemide__5__uM,False,,Furosemide,5.0,uM,23,25330.0
plate14,1,smp_2755,35,CVCL_1547,37,Furosemide__5__uM,False,,Furosemide,5.0,uM,1685,4581580.0
plate14,1,smp_2755,35,CVCL_1550,38,Furosemide__5__uM,False,,Furosemide,5.0,uM,1504,6035054.0
plate14,1,smp_2755,35,CVCL_1571,39,Furosemide__5__uM,False,,Furosemide,5.0,uM,9,8804.0
plate14,1,smp_2755,35,CVCL_1577,40,Furosemide__5__uM,False,,Furosemide,5.0,uM,107,498895.0
plate14,1,smp_2755,35,CVCL_1635,41,Furosemide__5__uM,False,,Furosemide,5.0,uM,1286,3568053.0
plate14,1,smp_2755,35,CVCL_1666,42,Furosemide__5__uM,False,,Furosemide,5.0,uM,1218,2358424.0
plate14,1,smp_2755,35,CVCL_1693,43,Furosemide__5__uM,False,,Furosemide,5.0,uM,1001,1970252.0
plate14,1,smp_2755,35,CVCL_1715,44,Furosemide__5__uM,False,,Furosemide,5.0,uM,226,469344.0
plate14,1,smp_2755,35,CVCL_1716,45,Furosemide__5__uM,False,,Furosemide,5.0,uM,231,427873.0
plate14,1,smp_2755,35,CVCL_1717,46,Furosemide__5__uM,False,,Furosemide,5.0,uM,1735,5209105.0
plate14,1,smp_2755,35,CVCL_1724,47,Furosemide__5__uM,False,,Furosemide,5.0,uM,1121,2674966.0
plate14,1,smp_2755,35,CVCL_1731,48,Furosemide__5__uM,False,,Furosemide,5.0,uM,1508,3499736.0
plate14,1,smp_2755,35,CVCL_C466,49,Furosemide__5__uM,False,,Furosemide,5.0,uM,1851,3277893.0
plate14,1,smp_2823,36,CVCL_0023,0,Fusidic acid__5__uM,False,,Fusidic acid,5.0,uM,1846,4065866.0
plate14,1,smp_2823,36,CVCL_0028,1,Fusidic acid__5__uM,False,,Fusidic acid,5.0,uM,430,694557.0
plate14,1,smp_2823,36,CVCL_0069,2,Fusidic acid__5__uM,False,,Fusidic acid,5.0,uM,954,2272644.0
plate14,1,smp_2823,36,CVCL_0099,3,Fusidic acid__5__uM,False,,Fusidic acid,5.0,uM,596,1147529.0
plate14,1,smp_2823,36,CVCL_0131,4,Fusidic acid__5__uM,False,,Fusidic acid,5.0,uM,2062,6355486.0
plate14,1,smp_2823,36,CVCL_0152,5,Fusidic acid__5__uM,False,,Fusidic acid,5.0,uM,1870,3804082.0
plate14,1,smp_2823,36,CVCL_0179,6,Fusidic acid__5__uM,False,,Fusidic acid,5.0,uM,1182,3687918.0
plate14,1,smp_2823,36,CVCL_0218,7,Fusidic acid__5__uM,False,,Fusidic acid,5.0,uM,1210,2401079.0
plate14,1,smp_2823,36,CVCL_0292,8,Fusidic acid__5__uM,False,,Fusidic acid,5.0,uM,947,1429802.0
plate14,1,smp_2823,36,CVCL_0293,9,Fusidic acid__5__uM,False,,Fusidic acid,5.0,uM,2431,6722300.0
plate14,1,smp_2823,36,CVCL_0320,10,Fusidic acid__5__uM,False,,Fusidic acid,5.0,uM,1778,4269185.0
plate14,1,smp_2823,36,CVCL_0332,11,Fusidic acid__5__uM,False,,Fusidic acid,5.0,uM,1053,3137505.0
plate14,1,smp_2823,36,CVCL_0334,12,Fusidic acid__5__uM,False,,Fusidic acid,5.0,uM,756,1517003.0
plate14,1,smp_2823,36,CVCL_0359,13,Fusidic acid__5__uM,False,,Fusidic acid,5.0,uM,1607,4271830.0
plate14,1,smp_2823,36,CVCL_0366,14,Fusidic acid__5__uM,False,,Fusidic acid,5.0,uM,1397,4519560.0
plate14,1,smp_2823,36,CVCL_0371,15,Fusidic acid__5__uM,False,,Fusidic acid,5.0,uM,1791,4226942.0
plate14,1,smp_2823,36,CVCL_0397,16,Fusidic acid__5__uM,False,,Fusidic acid,5.0,uM,1470,4185141.0
plate14,1,smp_2823,36,CVCL_0399,17,Fusidic acid__5__uM,False,,Fusidic acid,5.0,uM,2762,6475398.0
plate14,1,smp_2823,36,CVCL_0428,18,Fusidic acid__5__uM,False,,Fusidic acid,5.0,uM,647,1472353.0
plate14,1,smp_2823,36,CVCL_0459,19,Fusidic acid__5__uM,False,,Fusidic acid,5.0,uM,4138,8623882.0
plate14,1,smp_2823,36,CVCL_0480,20,Fusidic acid__5__uM,False,,Fusidic acid,5.0,uM,2233,7309211.0
plate14,1,smp_2823,36,CVCL_0504,21,Fusidic acid__5__uM,False,,Fusidic acid,5.0,uM,1518,2649050.0
plate14,1,smp_2823,36,CVCL_0546,22,Fusidic acid__5__uM,False,,Fusidic acid,5.0,uM,4412,9040860.0
plate14,1,smp_2823,36,CVCL_1055,23,Fusidic acid__5__uM,False,,Fusidic acid,5.0,uM,983,3371043.0
plate14,1,smp_2823,36,CVCL_1056,24,Fusidic acid__5__uM,False,,Fusidic acid,5.0,uM,1863,6703215.0
plate14,1,smp_2823,36,CVCL_1094,25,Fusidic acid__5__uM,False,,Fusidic acid,5.0,uM,937,1802303.0
plate14,1,smp_2823,36,CVCL_1097,26,Fusidic acid__5__uM,False,,Fusidic acid,5.0,uM,1733,3838025.0
plate14,1,smp_2823,36,CVCL_1098,27,Fusidic acid__5__uM,False,,Fusidic acid,5.0,uM,1534,3093650.0
plate14,1,smp_2823,36,CVCL_1119,28,Fusidic acid__5__uM,False,,Fusidic acid,5.0,uM,1460,3866479.0
plate14,1,smp_2823,36,CVCL_1125,29,Fusidic acid__5__uM,False,,Fusidic acid,5.0,uM,326,524284.0
plate14,1,smp_2823,36,CVCL_1239,30,Fusidic acid__5__uM,False,,Fusidic acid,5.0,uM,705,1488552.0
plate14,1,smp_2823,36,CVCL_1285,31,Fusidic acid__5__uM,False,,Fusidic acid,5.0,uM,2247,5433582.0
plate14,1,smp_2823,36,CVCL_1381,32,Fusidic acid__5__uM,False,,Fusidic acid,5.0,uM,1353,3392839.0
plate14,1,smp_2823,36,CVCL_1478,33,Fusidic acid__5__uM,False,,Fusidic acid,5.0,uM,1692,4269177.0
plate14,1,smp_2823,36,CVCL_1495,34,Fusidic acid__5__uM,False,,Fusidic acid,5.0,uM,1131,3012660.0
plate14,1,smp_2823,36,CVCL_1517,35,Fusidic acid__5__uM,False,,Fusidic acid,5.0,uM,1969,7224077.0
plate14,1,smp_2823,36,CVCL_1531,36,Fusidic acid__5__uM,False,,Fusidic acid,5.0,uM,23,32747.0
plate14,1,smp_2823,36,CVCL_1547,37,Fusidic acid__5__uM,False,,Fusidic acid,5.0,uM,1532,3998800.0
plate14,1,smp_2823,36,CVCL_1550,38,Fusidic acid__5__uM,False,,Fusidic acid,5.0,uM,1384,5072490.0
plate14,1,smp_2823,36,CVCL_1571,39,Fusidic acid__5__uM,False,,Fusidic acid,5.0,uM,8,8618.0
plate14,1,smp_2823,36,CVCL_1577,40,Fusidic acid__5__uM,False,,Fusidic acid,5.0,uM,78,339540.0
plate14,1,smp_2823,36,CVCL_1635,41,Fusidic acid__5__uM,False,,Fusidic acid,5.0,uM,1197,3180034.0
plate14,1,smp_2823,36,CVCL_1666,42,Fusidic acid__5__uM,False,,Fusidic acid,5.0,uM,989,1769809.0
plate14,1,smp_2823,36,CVCL_1693,43,Fusidic acid__5__uM,False,,Fusidic acid,5.0,uM,859,1540594.0
plate14,1,smp_2823,36,CVCL_1715,44,Fusidic acid__5__uM,False,,Fusidic acid,5.0,uM,177,326649.0
plate14,1,smp_2823,36,CVCL_1716,45,Fusidic acid__5__uM,False,,Fusidic acid,5.0,uM,167,304318.0
plate14,1,smp_2823,36,CVCL_1717,46,Fusidic acid__5__uM,False,,Fusidic acid,5.0,uM,1530,4308051.0
plate14,1,smp_2823,36,CVCL_1724,47,Fusidic acid__5__uM,False,,Fusidic acid,5.0,uM,970,2185907.0
plate14,1,smp_2823,36,CVCL_1731,48,Fusidic acid__5__uM,False,,Fusidic acid,5.0,uM,1255,2814369.0
plate14,1,smp_2823,36,CVCL_C466,49,Fusidic acid__5__uM,False,,Fusidic acid,5.0,uM,1435,2480655.0
plate14,1,smp_2758,37,CVCL_0023,0,Gallic acid (hydrate)__5__uM,False,,Gallic acid (hydrate),5.0,uM,1988,3646372.0
plate14,1,smp_2758,37,CVCL_0028,1,Gallic acid (hydrate)__5__uM,False,,Gallic acid (hydrate),5.0,uM,465,648375.0
plate14,1,smp_2758,37,CVCL_0069,2,Gallic acid (hydrate)__5__uM,False,,Gallic acid (hydrate),5.0,uM,944,1960160.0
plate14,1,smp_2758,37,CVCL_0099,3,Gallic acid (hydrate)__5__uM,False,,Gallic acid (hydrate),5.0,uM,559,913436.0
plate14,1,smp_2758,37,CVCL_0131,4,Gallic acid (hydrate)__5__uM,False,,Gallic acid (hydrate),5.0,uM,2321,6026233.0
plate14,1,smp_2758,37,CVCL_0152,5,Gallic acid (hydrate)__5__uM,False,,Gallic acid (hydrate),5.0,uM,1915,3443107.0
plate14,1,smp_2758,37,CVCL_0179,6,Gallic acid (hydrate)__5__uM,False,,Gallic acid (hydrate),5.0,uM,1233,3169017.0
plate14,1,smp_2758,37,CVCL_0218,7,Gallic acid (hydrate)__5__uM,False,,Gallic acid (hydrate),5.0,uM,1379,2318219.0
plate14,1,smp_2758,37,CVCL_0292,8,Gallic acid (hydrate)__5__uM,False,,Gallic acid (hydrate),5.0,uM,896,1226698.0
plate14,1,smp_2758,37,CVCL_0293,9,Gallic acid (hydrate)__5__uM,False,,Gallic acid (hydrate),5.0,uM,2631,6650398.0
plate14,1,smp_2758,37,CVCL_0320,10,Gallic acid (hydrate)__5__uM,False,,Gallic acid (hydrate),5.0,uM,1773,3975891.0
plate14,1,smp_2758,37,CVCL_0332,11,Gallic acid (hydrate)__5__uM,False,,Gallic acid (hydrate),5.0,uM,1168,2964760.0
plate14,1,smp_2758,37,CVCL_0334,12,Gallic acid (hydrate)__5__uM,False,,Gallic acid (hydrate),5.0,uM,911,1624295.0
plate14,1,smp_2758,37,CVCL_0359,13,Gallic acid (hydrate)__5__uM,False,,Gallic acid (hydrate),5.0,uM,1693,3870142.0
plate14,1,smp_2758,37,CVCL_0366,14,Gallic acid (hydrate)__5__uM,False,,Gallic acid (hydrate),5.0,uM,1482,4023352.0
plate14,1,smp_2758,37,CVCL_0371,15,Gallic acid (hydrate)__5__uM,False,,Gallic acid (hydrate),5.0,uM,1963,4097001.0
plate14,1,smp_2758,37,CVCL_0397,16,Gallic acid (hydrate)__5__uM,False,,Gallic acid (hydrate),5.0,uM,1613,4080428.0
plate14,1,smp_2758,37,CVCL_0399,17,Gallic acid (hydrate)__5__uM,False,,Gallic acid (hydrate),5.0,uM,2846,6286903.0
plate14,1,smp_2758,37,CVCL_0428,18,Gallic acid (hydrate)__5__uM,False,,Gallic acid (hydrate),5.0,uM,727,1413312.0
plate14,1,smp_2758,37,CVCL_0459,19,Gallic acid (hydrate)__5__uM,False,,Gallic acid (hydrate),5.0,uM,4177,7508768.0
plate14,1,smp_2758,37,CVCL_0480,20,Gallic acid (hydrate)__5__uM,False,,Gallic acid (hydrate),5.0,uM,2702,7615122.0
plate14,1,smp_2758,37,CVCL_0504,21,Gallic acid (hydrate)__5__uM,False,,Gallic acid (hydrate),5.0,uM,1321,2002460.0
plate14,1,smp_2758,37,CVCL_0546,22,Gallic acid (hydrate)__5__uM,False,,Gallic acid (hydrate),5.0,uM,4381,7971648.0
plate14,1,smp_2758,37,CVCL_1055,23,Gallic acid (hydrate)__5__uM,False,,Gallic acid (hydrate),5.0,uM,962,2765573.0
plate14,1,smp_2758,37,CVCL_1056,24,Gallic acid (hydrate)__5__uM,False,,Gallic acid (hydrate),5.0,uM,2124,6576132.0
plate14,1,smp_2758,37,CVCL_1094,25,Gallic acid (hydrate)__5__uM,False,,Gallic acid (hydrate),5.0,uM,921,1541502.0
plate14,1,smp_2758,37,CVCL_1097,26,Gallic acid (hydrate)__5__uM,False,,Gallic acid (hydrate),5.0,uM,1880,3687976.0
plate14,1,smp_2758,37,CVCL_1098,27,Gallic acid (hydrate)__5__uM,False,,Gallic acid (hydrate),5.0,uM,1599,2689715.0
plate14,1,smp_2758,37,CVCL_1119,28,Gallic acid (hydrate)__5__uM,False,,Gallic acid (hydrate),5.0,uM,1591,3523252.0
plate14,1,smp_2758,37,CVCL_1125,29,Gallic acid (hydrate)__5__uM,False,,Gallic acid (hydrate),5.0,uM,291,397495.0
plate14,1,smp_2758,37,CVCL_1239,30,Gallic acid (hydrate)__5__uM,False,,Gallic acid (hydrate),5.0,uM,761,1428968.0
plate14,1,smp_2758,37,CVCL_1285,31,Gallic acid (hydrate)__5__uM,False,,Gallic acid (hydrate),5.0,uM,2420,5081063.0
plate14,1,smp_2758,37,CVCL_1381,32,Gallic acid (hydrate)__5__uM,False,,Gallic acid (hydrate),5.0,uM,1403,3036658.0
plate14,1,smp_2758,37,CVCL_1478,33,Gallic acid (hydrate)__5__uM,False,,Gallic acid (hydrate),5.0,uM,1837,4116526.0
plate14,1,smp_2758,37,CVCL_1495,34,Gallic acid (hydrate)__5__uM,False,,Gallic acid (hydrate),5.0,uM,1328,2966397.0
plate14,1,smp_2758,37,CVCL_1517,35,Gallic acid (hydrate)__5__uM,False,,Gallic acid (hydrate),5.0,uM,2333,7486452.0
plate14,1,smp_2758,37,CVCL_1531,36,Gallic acid (hydrate)__5__uM,False,,Gallic acid (hydrate),5.0,uM,32,34820.0
plate14,1,smp_2758,37,CVCL_1547,37,Gallic acid (hydrate)__5__uM,False,,Gallic acid (hydrate),5.0,uM,1560,3438925.0
plate14,1,smp_2758,37,CVCL_1550,38,Gallic acid (hydrate)__5__uM,False,,Gallic acid (hydrate),5.0,uM,1606,5251173.0
plate14,1,smp_2758,37,CVCL_1571,39,Gallic acid (hydrate)__5__uM,False,,Gallic acid (hydrate),5.0,uM,22,22152.0
plate14,1,smp_2758,37,CVCL_1577,40,Gallic acid (hydrate)__5__uM,False,,Gallic acid (hydrate),5.0,uM,102,389374.0
plate14,1,smp_2758,37,CVCL_1635,41,Gallic acid (hydrate)__5__uM,False,,Gallic acid (hydrate),5.0,uM,1197,2744105.0
plate14,1,smp_2758,37,CVCL_1666,42,Gallic acid (hydrate)__5__uM,False,,Gallic acid (hydrate),5.0,uM,945,1539534.0
plate14,1,smp_2758,37,CVCL_1693,43,Gallic acid (hydrate)__5__uM,False,,Gallic acid (hydrate),5.0,uM,788,1181548.0
plate14,1,smp_2758,37,CVCL_1715,44,Gallic acid (hydrate)__5__uM,False,,Gallic acid (hydrate),5.0,uM,166,311268.0
plate14,1,smp_2758,37,CVCL_1716,45,Gallic acid (hydrate)__5__uM,False,,Gallic acid (hydrate),5.0,uM,187,285142.0
plate14,1,smp_2758,37,CVCL_1717,46,Gallic acid (hydrate)__5__uM,False,,Gallic acid (hydrate),5.0,uM,1746,4250922.0
plate14,1,smp_2758,37,CVCL_1724,47,Gallic acid (hydrate)__5__uM,False,,Gallic acid (hydrate),5.0,uM,939,1783488.0
plate14,1,smp_2758,37,CVCL_1731,48,Gallic acid (hydrate)__5__uM,False,,Gallic acid (hydrate),5.0,uM,1311,2609514.0
plate14,1,smp_2758,37,CVCL_C466,49,Gallic acid (hydrate)__5__uM,False,,Gallic acid (hydrate),5.0,uM,1390,2122099.0
plate14,1,smp_2831,38,CVCL_0023,0,Gallic acid__5__uM,False,,Gallic acid,5.0,uM,1602,3549563.0
plate14,1,smp_2831,38,CVCL_0028,1,Gallic acid__5__uM,False,,Gallic acid,5.0,uM,312,507326.0
plate14,1,smp_2831,38,CVCL_0069,2,Gallic acid__5__uM,False,,Gallic acid,5.0,uM,708,1704532.0
plate14,1,smp_2831,38,CVCL_0099,3,Gallic acid__5__uM,False,,Gallic acid,5.0,uM,408,767902.0
plate14,1,smp_2831,38,CVCL_0131,4,Gallic acid__5__uM,False,,Gallic acid,5.0,uM,1719,5335580.0
plate14,1,smp_2831,38,CVCL_0152,5,Gallic acid__5__uM,False,,Gallic acid,5.0,uM,1528,3142568.0
plate14,1,smp_2831,38,CVCL_0179,6,Gallic acid__5__uM,False,,Gallic acid,5.0,uM,814,2572325.0
plate14,1,smp_2831,38,CVCL_0218,7,Gallic acid__5__uM,False,,Gallic acid,5.0,uM,924,1830191.0
plate14,1,smp_2831,38,CVCL_0292,8,Gallic acid__5__uM,False,,Gallic acid,5.0,uM,782,1165331.0
plate14,1,smp_2831,38,CVCL_0293,9,Gallic acid__5__uM,False,,Gallic acid,5.0,uM,1895,5016750.0
plate14,1,smp_2831,38,CVCL_0320,10,Gallic acid__5__uM,False,,Gallic acid,5.0,uM,1397,3534215.0
plate14,1,smp_2831,38,CVCL_0332,11,Gallic acid__5__uM,False,,Gallic acid,5.0,uM,923,2758664.0
plate14,1,smp_2831,38,CVCL_0334,12,Gallic acid__5__uM,False,,Gallic acid,5.0,uM,621,1254813.0
plate14,1,smp_2831,38,CVCL_0359,13,Gallic acid__5__uM,False,,Gallic acid,5.0,uM,1366,3690895.0
plate14,1,smp_2831,38,CVCL_0366,14,Gallic acid__5__uM,False,,Gallic acid,5.0,uM,1245,4164730.0
plate14,1,smp_2831,38,CVCL_0371,15,Gallic acid__5__uM,False,,Gallic acid,5.0,uM,1416,3398713.0
plate14,1,smp_2831,38,CVCL_0397,16,Gallic acid__5__uM,False,,Gallic acid,5.0,uM,1232,3551563.0
plate14,1,smp_2831,38,CVCL_0399,17,Gallic acid__5__uM,False,,Gallic acid,5.0,uM,2236,5295011.0
plate14,1,smp_2831,38,CVCL_0428,18,Gallic acid__5__uM,False,,Gallic acid,5.0,uM,604,1360108.0
plate14,1,smp_2831,38,CVCL_0459,19,Gallic acid__5__uM,False,,Gallic acid,5.0,uM,3233,6583097.0
plate14,1,smp_2831,38,CVCL_0480,20,Gallic acid__5__uM,False,,Gallic acid,5.0,uM,1836,6172389.0
plate14,1,smp_2831,38,CVCL_0504,21,Gallic acid__5__uM,False,,Gallic acid,5.0,uM,1128,2058182.0
plate14,1,smp_2831,38,CVCL_0546,22,Gallic acid__5__uM,False,,Gallic acid,5.0,uM,3334,7023733.0
plate14,1,smp_2831,38,CVCL_1055,23,Gallic acid__5__uM,False,,Gallic acid,5.0,uM,758,2681012.0
plate14,1,smp_2831,38,CVCL_1056,24,Gallic acid__5__uM,False,,Gallic acid,5.0,uM,1556,5613940.0
plate14,1,smp_2831,38,CVCL_1094,25,Gallic acid__5__uM,False,,Gallic acid,5.0,uM,771,1455786.0
plate14,1,smp_2831,38,CVCL_1097,26,Gallic acid__5__uM,False,,Gallic acid,5.0,uM,1283,2805750.0
plate14,1,smp_2831,38,CVCL_1098,27,Gallic acid__5__uM,False,,Gallic acid,5.0,uM,1107,2066853.0
plate14,1,smp_2831,38,CVCL_1119,28,Gallic acid__5__uM,False,,Gallic acid,5.0,uM,1262,3296564.0
plate14,1,smp_2831,38,CVCL_1125,29,Gallic acid__5__uM,False,,Gallic acid,5.0,uM,200,303754.0
plate14,1,smp_2831,38,CVCL_1239,30,Gallic acid__5__uM,False,,Gallic acid,5.0,uM,493,1020459.0
plate14,1,smp_2831,38,CVCL_1285,31,Gallic acid__5__uM,False,,Gallic acid,5.0,uM,1898,4697430.0
plate14,1,smp_2831,38,CVCL_1381,32,Gallic acid__5__uM,False,,Gallic acid,5.0,uM,1035,2614877.0
plate14,1,smp_2831,38,CVCL_1478,33,Gallic acid__5__uM,False,,Gallic acid,5.0,uM,1375,3571958.0
plate14,1,smp_2831,38,CVCL_1495,34,Gallic acid__5__uM,False,,Gallic acid,5.0,uM,933,2323849.0
plate14,1,smp_2831,38,CVCL_1517,35,Gallic acid__5__uM,False,,Gallic acid,5.0,uM,1609,5976115.0
plate14,1,smp_2831,38,CVCL_1531,36,Gallic acid__5__uM,False,,Gallic acid,5.0,uM,18,28676.0
plate14,1,smp_2831,38,CVCL_1547,37,Gallic acid__5__uM,False,,Gallic acid,5.0,uM,1135,2933292.0
plate14,1,smp_2831,38,CVCL_1550,38,Gallic acid__5__uM,False,,Gallic acid,5.0,uM,1283,4872212.0
plate14,1,smp_2831,38,CVCL_1571,39,Gallic acid__5__uM,False,,Gallic acid,5.0,uM,16,15096.0
plate14,1,smp_2831,38,CVCL_1577,40,Gallic acid__5__uM,False,,Gallic acid,5.0,uM,90,368839.0
plate14,1,smp_2831,38,CVCL_1635,41,Gallic acid__5__uM,False,,Gallic acid,5.0,uM,1013,2591284.0
plate14,1,smp_2831,38,CVCL_1666,42,Gallic acid__5__uM,False,,Gallic acid,5.0,uM,833,1556649.0
plate14,1,smp_2831,38,CVCL_1693,43,Gallic acid__5__uM,False,,Gallic acid,5.0,uM,638,1141607.0
plate14,1,smp_2831,38,CVCL_1715,44,Gallic acid__5__uM,False,,Gallic acid,5.0,uM,119,223781.0
plate14,1,smp_2831,38,CVCL_1716,45,Gallic acid__5__uM,False,,Gallic acid,5.0,uM,137,207700.0
plate14,1,smp_2831,38,CVCL_1717,46,Gallic acid__5__uM,False,,Gallic acid,5.0,uM,1297,3578947.0
plate14,1,smp_2831,38,CVCL_1724,47,Gallic acid__5__uM,False,,Gallic acid,5.0,uM,688,1490605.0
plate14,1,smp_2831,38,CVCL_1731,48,Gallic acid__5__uM,False,,Gallic acid,5.0,uM,968,2240217.0
plate14,1,smp_2831,38,CVCL_C466,49,Gallic acid__5__uM,False,,Gallic acid,5.0,uM,1126,1949124.0
plate14,1,smp_2771,39,CVCL_0023,0,Gemfibrozil__5__uM,False,,Gemfibrozil,5.0,uM,2952,4589261.0
plate14,1,smp_2771,39,CVCL_0028,1,Gemfibrozil__5__uM,False,,Gemfibrozil,5.0,uM,489,604302.0
plate14,1,smp_2771,39,CVCL_0069,2,Gemfibrozil__5__uM,False,,Gemfibrozil,5.0,uM,1447,2596302.0
plate14,1,smp_2771,39,CVCL_0099,3,Gemfibrozil__5__uM,False,,Gemfibrozil,5.0,uM,763,1068858.0
plate14,1,smp_2771,39,CVCL_0131,4,Gemfibrozil__5__uM,False,,Gemfibrozil,5.0,uM,3412,7113523.0
plate14,1,smp_2771,39,CVCL_0152,5,Gemfibrozil__5__uM,False,,Gemfibrozil,5.0,uM,2547,4063552.0
plate14,1,smp_2771,39,CVCL_0179,6,Gemfibrozil__5__uM,False,,Gemfibrozil,5.0,uM,1703,3776532.0
plate14,1,smp_2771,39,CVCL_0218,7,Gemfibrozil__5__uM,False,,Gemfibrozil,5.0,uM,1736,2428989.0
plate14,1,smp_2771,39,CVCL_0292,8,Gemfibrozil__5__uM,False,,Gemfibrozil,5.0,uM,964,1157049.0
plate14,1,smp_2771,39,CVCL_0293,9,Gemfibrozil__5__uM,False,,Gemfibrozil,5.0,uM,3347,7295582.0
plate14,1,smp_2771,39,CVCL_0320,10,Gemfibrozil__5__uM,False,,Gemfibrozil,5.0,uM,2650,4851412.0
plate14,1,smp_2771,39,CVCL_0332,11,Gemfibrozil__5__uM,False,,Gemfibrozil,5.0,uM,1706,3556664.0
plate14,1,smp_2771,39,CVCL_0334,12,Gemfibrozil__5__uM,False,,Gemfibrozil,5.0,uM,1210,1814653.0
plate14,1,smp_2771,39,CVCL_0359,13,Gemfibrozil__5__uM,False,,Gemfibrozil,5.0,uM,2694,5127915.0
plate14,1,smp_2771,39,CVCL_0366,14,Gemfibrozil__5__uM,False,,Gemfibrozil,5.0,uM,2252,5122287.0
plate14,1,smp_2771,39,CVCL_0371,15,Gemfibrozil__5__uM,False,,Gemfibrozil,5.0,uM,2655,4844402.0
plate14,1,smp_2771,39,CVCL_0397,16,Gemfibrozil__5__uM,False,,Gemfibrozil,5.0,uM,2008,4272135.0
plate14,1,smp_2771,39,CVCL_0399,17,Gemfibrozil__5__uM,False,,Gemfibrozil,5.0,uM,3778,7260950.0
plate14,1,smp_2771,39,CVCL_0428,18,Gemfibrozil__5__uM,False,,Gemfibrozil,5.0,uM,1150,1972134.0
plate14,1,smp_2771,39,CVCL_0459,19,Gemfibrozil__5__uM,False,,Gemfibrozil,5.0,uM,5404,8076102.0
plate14,1,smp_2771,39,CVCL_0480,20,Gemfibrozil__5__uM,False,,Gemfibrozil,5.0,uM,3578,8191097.0
plate14,1,smp_2771,39,CVCL_0504,21,Gemfibrozil__5__uM,False,,Gemfibrozil,5.0,uM,1813,2333891.0
plate14,1,smp_2771,39,CVCL_0546,22,Gemfibrozil__5__uM,False,,Gemfibrozil,5.0,uM,5625,8966327.0
plate14,1,smp_2771,39,CVCL_1055,23,Gemfibrozil__5__uM,False,,Gemfibrozil,5.0,uM,1454,3642083.0
plate14,1,smp_2771,39,CVCL_1056,24,Gemfibrozil__5__uM,False,,Gemfibrozil,5.0,uM,3183,8024575.0
plate14,1,smp_2771,39,CVCL_1094,25,Gemfibrozil__5__uM,False,,Gemfibrozil,5.0,uM,1280,1801829.0
plate14,1,smp_2771,39,CVCL_1097,26,Gemfibrozil__5__uM,False,,Gemfibrozil,5.0,uM,2248,3522909.0
plate14,1,smp_2771,39,CVCL_1098,27,Gemfibrozil__5__uM,False,,Gemfibrozil,5.0,uM,1984,2882559.0
plate14,1,smp_2771,39,CVCL_1119,28,Gemfibrozil__5__uM,False,,Gemfibrozil,5.0,uM,2286,4370842.0
plate14,1,smp_2771,39,CVCL_1125,29,Gemfibrozil__5__uM,False,,Gemfibrozil,5.0,uM,363,418313.0
plate14,1,smp_2771,39,CVCL_1239,30,Gemfibrozil__5__uM,False,,Gemfibrozil,5.0,uM,970,1454620.0
plate14,1,smp_2771,39,CVCL_1285,31,Gemfibrozil__5__uM,False,,Gemfibrozil,5.0,uM,3594,6222288.0
plate14,1,smp_2771,39,CVCL_1381,32,Gemfibrozil__5__uM,False,,Gemfibrozil,5.0,uM,2092,3720512.0
plate14,1,smp_2771,39,CVCL_1478,33,Gemfibrozil__5__uM,False,,Gemfibrozil,5.0,uM,2290,4732946.0
plate14,1,smp_2771,39,CVCL_1495,34,Gemfibrozil__5__uM,False,,Gemfibrozil,5.0,uM,1906,3405327.0
plate14,1,smp_2771,39,CVCL_1517,35,Gemfibrozil__5__uM,False,,Gemfibrozil,5.0,uM,3423,8715584.0
plate14,1,smp_2771,39,CVCL_1531,36,Gemfibrozil__5__uM,False,,Gemfibrozil,5.0,uM,48,56191.0
plate14,1,smp_2771,39,CVCL_1547,37,Gemfibrozil__5__uM,False,,Gemfibrozil,5.0,uM,2255,4031267.0
plate14,1,smp_2771,39,CVCL_1550,38,Gemfibrozil__5__uM,False,,Gemfibrozil,5.0,uM,2534,7319438.0
plate14,1,smp_2771,39,CVCL_1571,39,Gemfibrozil__5__uM,False,,Gemfibrozil,5.0,uM,34,35740.0
plate14,1,smp_2771,39,CVCL_1577,40,Gemfibrozil__5__uM,False,,Gemfibrozil,5.0,uM,147,407609.0
plate14,1,smp_2771,39,CVCL_1635,41,Gemfibrozil__5__uM,False,,Gemfibrozil,5.0,uM,1753,3279535.0
plate14,1,smp_2771,39,CVCL_1666,42,Gemfibrozil__5__uM,False,,Gemfibrozil,5.0,uM,1394,1911973.0
plate14,1,smp_2771,39,CVCL_1693,43,Gemfibrozil__5__uM,False,,Gemfibrozil,5.0,uM,1010,1357141.0
plate14,1,smp_2771,39,CVCL_1715,44,Gemfibrozil__5__uM,False,,Gemfibrozil,5.0,uM,214,322067.0
plate14,1,smp_2771,39,CVCL_1716,45,Gemfibrozil__5__uM,False,,Gemfibrozil,5.0,uM,241,305908.0
plate14,1,smp_2771,39,CVCL_1717,46,Gemfibrozil__5__uM,False,,Gemfibrozil,5.0,uM,2508,5270908.0
plate14,1,smp_2771,39,CVCL_1724,47,Gemfibrozil__5__uM,False,,Gemfibrozil,5.0,uM,1199,1943185.0
plate14,1,smp_2771,39,CVCL_1731,48,Gemfibrozil__5__uM,False,,Gemfibrozil,5.0,uM,1895,3130550.0
plate14,1,smp_2771,39,CVCL_C466,49,Gemfibrozil__5__uM,False,,Gemfibrozil,5.0,uM,1757,2253423.0
plate14,1,smp_2822,40,CVCL_0023,0,Goserelin (acetate)__5__uM,False,,Goserelin (acetate),5.0,uM,1599,4066630.0
plate14,1,smp_2822,40,CVCL_0028,1,Goserelin (acetate)__5__uM,False,,Goserelin (acetate),5.0,uM,430,786319.0
plate14,1,smp_2822,40,CVCL_0069,2,Goserelin (acetate)__5__uM,False,,Goserelin (acetate),5.0,uM,840,2196573.0
plate14,1,smp_2822,40,CVCL_0099,3,Goserelin (acetate)__5__uM,False,,Goserelin (acetate),5.0,uM,426,947330.0
plate14,1,smp_2822,40,CVCL_0131,4,Goserelin (acetate)__5__uM,False,,Goserelin (acetate),5.0,uM,1731,5999814.0
plate14,1,smp_2822,40,CVCL_0152,5,Goserelin (acetate)__5__uM,False,,Goserelin (acetate),5.0,uM,1486,3270725.0
plate14,1,smp_2822,40,CVCL_0179,6,Goserelin (acetate)__5__uM,False,,Goserelin (acetate),5.0,uM,804,2704273.0
plate14,1,smp_2822,40,CVCL_0218,7,Goserelin (acetate)__5__uM,False,,Goserelin (acetate),5.0,uM,896,1932575.0
plate14,1,smp_2822,40,CVCL_0292,8,Goserelin (acetate)__5__uM,False,,Goserelin (acetate),5.0,uM,983,1692970.0
plate14,1,smp_2822,40,CVCL_0293,9,Goserelin (acetate)__5__uM,False,,Goserelin (acetate),5.0,uM,1714,5587423.0
plate14,1,smp_2822,40,CVCL_0320,10,Goserelin (acetate)__5__uM,False,,Goserelin (acetate),5.0,uM,1360,3875687.0
plate14,1,smp_2822,40,CVCL_0332,11,Goserelin (acetate)__5__uM,False,,Goserelin (acetate),5.0,uM,844,2796375.0
plate14,1,smp_2822,40,CVCL_0334,12,Goserelin (acetate)__5__uM,False,,Goserelin (acetate),5.0,uM,567,1265887.0
plate14,1,smp_2822,40,CVCL_0359,13,Goserelin (acetate)__5__uM,False,,Goserelin (acetate),5.0,uM,1435,4386489.0
plate14,1,smp_2822,40,CVCL_0366,14,Goserelin (acetate)__5__uM,False,,Goserelin (acetate),5.0,uM,982,3651071.0
plate14,1,smp_2822,40,CVCL_0371,15,Goserelin (acetate)__5__uM,False,,Goserelin (acetate),5.0,uM,1463,3949160.0
plate14,1,smp_2822,40,CVCL_0397,16,Goserelin (acetate)__5__uM,False,,Goserelin (acetate),5.0,uM,1115,3442445.0
plate14,1,smp_2822,40,CVCL_0399,17,Goserelin (acetate)__5__uM,False,,Goserelin (acetate),5.0,uM,2106,5751320.0
plate14,1,smp_2822,40,CVCL_0428,18,Goserelin (acetate)__5__uM,False,,Goserelin (acetate),5.0,uM,732,1983812.0
plate14,1,smp_2822,40,CVCL_0459,19,Goserelin (acetate)__5__uM,False,,Goserelin (acetate),5.0,uM,3127,7066651.0
plate14,1,smp_2822,40,CVCL_0480,20,Goserelin (acetate)__5__uM,False,,Goserelin (acetate),5.0,uM,1720,6352902.0
plate14,1,smp_2822,40,CVCL_0504,21,Goserelin (acetate)__5__uM,False,,Goserelin (acetate),5.0,uM,1438,2935809.0
plate14,1,smp_2822,40,CVCL_0546,22,Goserelin (acetate)__5__uM,False,,Goserelin (acetate),5.0,uM,3751,8714164.0
plate14,1,smp_2822,40,CVCL_1055,23,Goserelin (acetate)__5__uM,False,,Goserelin (acetate),5.0,uM,935,3734596.0
plate14,1,smp_2822,40,CVCL_1056,24,Goserelin (acetate)__5__uM,False,,Goserelin (acetate),5.0,uM,1462,5768123.0
plate14,1,smp_2822,40,CVCL_1094,25,Goserelin (acetate)__5__uM,False,,Goserelin (acetate),5.0,uM,934,2065270.0
plate14,1,smp_2822,40,CVCL_1097,26,Goserelin (acetate)__5__uM,False,,Goserelin (acetate),5.0,uM,1457,3609930.0
plate14,1,smp_2822,40,CVCL_1098,27,Goserelin (acetate)__5__uM,False,,Goserelin (acetate),5.0,uM,1054,2435432.0
plate14,1,smp_2822,40,CVCL_1119,28,Goserelin (acetate)__5__uM,False,,Goserelin (acetate),5.0,uM,1232,3547280.0
plate14,1,smp_2822,40,CVCL_1125,29,Goserelin (acetate)__5__uM,False,,Goserelin (acetate),5.0,uM,255,479707.0
plate14,1,smp_2822,40,CVCL_1239,30,Goserelin (acetate)__5__uM,False,,Goserelin (acetate),5.0,uM,541,1199214.0
plate14,1,smp_2822,40,CVCL_1285,31,Goserelin (acetate)__5__uM,False,,Goserelin (acetate),5.0,uM,1743,4736079.0
plate14,1,smp_2822,40,CVCL_1381,32,Goserelin (acetate)__5__uM,False,,Goserelin (acetate),5.0,uM,1176,3356474.0
plate14,1,smp_2822,40,CVCL_1478,33,Goserelin (acetate)__5__uM,False,,Goserelin (acetate),5.0,uM,1161,3426265.0
plate14,1,smp_2822,40,CVCL_1495,34,Goserelin (acetate)__5__uM,False,,Goserelin (acetate),5.0,uM,894,2496648.0
plate14,1,smp_2822,40,CVCL_1517,35,Goserelin (acetate)__5__uM,False,,Goserelin (acetate),5.0,uM,1424,5861287.0
plate14,1,smp_2822,40,CVCL_1531,36,Goserelin (acetate)__5__uM,False,,Goserelin (acetate),5.0,uM,12,22728.0
plate14,1,smp_2822,40,CVCL_1547,37,Goserelin (acetate)__5__uM,False,,Goserelin (acetate),5.0,uM,1222,3584585.0
plate14,1,smp_2822,40,CVCL_1550,38,Goserelin (acetate)__5__uM,False,,Goserelin (acetate),5.0,uM,1138,4621357.0
plate14,1,smp_2822,40,CVCL_1571,39,Goserelin (acetate)__5__uM,False,,Goserelin (acetate),5.0,uM,10,9068.0
plate14,1,smp_2822,40,CVCL_1577,40,Goserelin (acetate)__5__uM,False,,Goserelin (acetate),5.0,uM,92,395433.0
plate14,1,smp_2822,40,CVCL_1635,41,Goserelin (acetate)__5__uM,False,,Goserelin (acetate),5.0,uM,993,2974434.0
plate14,1,smp_2822,40,CVCL_1666,42,Goserelin (acetate)__5__uM,False,,Goserelin (acetate),5.0,uM,974,1967555.0
plate14,1,smp_2822,40,CVCL_1693,43,Goserelin (acetate)__5__uM,False,,Goserelin (acetate),5.0,uM,772,1532979.0
plate14,1,smp_2822,40,CVCL_1715,44,Goserelin (acetate)__5__uM,False,,Goserelin (acetate),5.0,uM,113,261074.0
plate14,1,smp_2822,40,CVCL_1716,45,Goserelin (acetate)__5__uM,False,,Goserelin (acetate),5.0,uM,138,313235.0
plate14,1,smp_2822,40,CVCL_1717,46,Goserelin (acetate)__5__uM,False,,Goserelin (acetate),5.0,uM,1261,3909821.0
plate14,1,smp_2822,40,CVCL_1724,47,Goserelin (acetate)__5__uM,False,,Goserelin (acetate),5.0,uM,694,1730811.0
plate14,1,smp_2822,40,CVCL_1731,48,Goserelin (acetate)__5__uM,False,,Goserelin (acetate),5.0,uM,1017,2513928.0
plate14,1,smp_2822,40,CVCL_C466,49,Goserelin (acetate)__5__uM,False,,Goserelin (acetate),5.0,uM,1091,2086549.0
plate14,1,smp_2816,41,CVCL_0023,0,Hexylresorcinol__5__uM,False,,Hexylresorcinol,5.0,uM,2147,5397323.0
plate14,1,smp_2816,41,CVCL_0028,1,Hexylresorcinol__5__uM,False,,Hexylresorcinol,5.0,uM,632,1143682.0
plate14,1,smp_2816,41,CVCL_0069,2,Hexylresorcinol__5__uM,False,,Hexylresorcinol,5.0,uM,1092,3062617.0
plate14,1,smp_2816,41,CVCL_0099,3,Hexylresorcinol__5__uM,False,,Hexylresorcinol,5.0,uM,589,1304042.0
plate14,1,smp_2816,41,CVCL_0131,4,Hexylresorcinol__5__uM,False,,Hexylresorcinol,5.0,uM,2430,8279048.0
plate14,1,smp_2816,41,CVCL_0152,5,Hexylresorcinol__5__uM,False,,Hexylresorcinol,5.0,uM,2105,4629554.0
plate14,1,smp_2816,41,CVCL_0179,6,Hexylresorcinol__5__uM,False,,Hexylresorcinol,5.0,uM,1231,4196655.0
plate14,1,smp_2816,41,CVCL_0218,7,Hexylresorcinol__5__uM,False,,Hexylresorcinol,5.0,uM,1356,2929127.0
plate14,1,smp_2816,41,CVCL_0292,8,Hexylresorcinol__5__uM,False,,Hexylresorcinol,5.0,uM,1258,2108657.0
plate14,1,smp_2816,41,CVCL_0293,9,Hexylresorcinol__5__uM,False,,Hexylresorcinol,5.0,uM,2595,7804951.0
plate14,1,smp_2816,41,CVCL_0320,10,Hexylresorcinol__5__uM,False,,Hexylresorcinol,5.0,uM,2050,5855584.0
plate14,1,smp_2816,41,CVCL_0332,11,Hexylresorcinol__5__uM,False,,Hexylresorcinol,5.0,uM,1231,4058736.0
plate14,1,smp_2816,41,CVCL_0334,12,Hexylresorcinol__5__uM,False,,Hexylresorcinol,5.0,uM,678,1574626.0
plate14,1,smp_2816,41,CVCL_0359,13,Hexylresorcinol__5__uM,False,,Hexylresorcinol,5.0,uM,1922,5754924.0
plate14,1,smp_2816,41,CVCL_0366,14,Hexylresorcinol__5__uM,False,,Hexylresorcinol,5.0,uM,1608,5802781.0
plate14,1,smp_2816,41,CVCL_0371,15,Hexylresorcinol__5__uM,False,,Hexylresorcinol,5.0,uM,1928,5246816.0
plate14,1,smp_2816,41,CVCL_0397,16,Hexylresorcinol__5__uM,False,,Hexylresorcinol,5.0,uM,1607,4833822.0
plate14,1,smp_2816,41,CVCL_0399,17,Hexylresorcinol__5__uM,False,,Hexylresorcinol,5.0,uM,3145,8280837.0
plate14,1,smp_2816,41,CVCL_0428,18,Hexylresorcinol__5__uM,False,,Hexylresorcinol,5.0,uM,943,2504591.0
plate14,1,smp_2816,41,CVCL_0459,19,Hexylresorcinol__5__uM,False,,Hexylresorcinol,5.0,uM,4382,9919718.0
plate14,1,smp_2816,41,CVCL_0480,20,Hexylresorcinol__5__uM,False,,Hexylresorcinol,5.0,uM,2544,9276525.0
plate14,1,smp_2816,41,CVCL_0504,21,Hexylresorcinol__5__uM,False,,Hexylresorcinol,5.0,uM,1813,3695232.0
plate14,1,smp_2816,41,CVCL_0546,22,Hexylresorcinol__5__uM,False,,Hexylresorcinol,5.0,uM,4681,11006965.0
plate14,1,smp_2816,41,CVCL_1055,23,Hexylresorcinol__5__uM,False,,Hexylresorcinol,5.0,uM,1165,4353056.0
plate14,1,smp_2816,41,CVCL_1056,24,Hexylresorcinol__5__uM,False,,Hexylresorcinol,5.0,uM,2094,8276023.0
plate14,1,smp_2816,41,CVCL_1094,25,Hexylresorcinol__5__uM,False,,Hexylresorcinol,5.0,uM,1227,2695441.0
plate14,1,smp_2816,41,CVCL_1097,26,Hexylresorcinol__5__uM,False,,Hexylresorcinol,5.0,uM,1884,4506735.0
plate14,1,smp_2816,41,CVCL_1098,27,Hexylresorcinol__5__uM,False,,Hexylresorcinol,5.0,uM,1384,3103610.0
plate14,1,smp_2816,41,CVCL_1119,28,Hexylresorcinol__5__uM,False,,Hexylresorcinol,5.0,uM,1883,5447563.0
plate14,1,smp_2816,41,CVCL_1125,29,Hexylresorcinol__5__uM,False,,Hexylresorcinol,5.0,uM,310,547377.0
plate14,1,smp_2816,41,CVCL_1239,30,Hexylresorcinol__5__uM,False,,Hexylresorcinol,5.0,uM,732,1740789.0
plate14,1,smp_2816,41,CVCL_1285,31,Hexylresorcinol__5__uM,False,,Hexylresorcinol,5.0,uM,2625,7011900.0
plate14,1,smp_2816,41,CVCL_1381,32,Hexylresorcinol__5__uM,False,,Hexylresorcinol,5.0,uM,1484,4130019.0
plate14,1,smp_2816,41,CVCL_1478,33,Hexylresorcinol__5__uM,False,,Hexylresorcinol,5.0,uM,1467,4004042.0
plate14,1,smp_2816,41,CVCL_1495,34,Hexylresorcinol__5__uM,False,,Hexylresorcinol,5.0,uM,1344,3925638.0
plate14,1,smp_2816,41,CVCL_1517,35,Hexylresorcinol__5__uM,False,,Hexylresorcinol,5.0,uM,2111,8551196.0
plate14,1,smp_2816,41,CVCL_1531,36,Hexylresorcinol__5__uM,False,,Hexylresorcinol,5.0,uM,32,37594.0
plate14,1,smp_2816,41,CVCL_1547,37,Hexylresorcinol__5__uM,False,,Hexylresorcinol,5.0,uM,1595,4551195.0
plate14,1,smp_2816,41,CVCL_1550,38,Hexylresorcinol__5__uM,False,,Hexylresorcinol,5.0,uM,1540,6196376.0
plate14,1,smp_2816,41,CVCL_1571,39,Hexylresorcinol__5__uM,False,,Hexylresorcinol,5.0,uM,13,12106.0
plate14,1,smp_2816,41,CVCL_1577,40,Hexylresorcinol__5__uM,False,,Hexylresorcinol,5.0,uM,116,509225.0
plate14,1,smp_2816,41,CVCL_1635,41,Hexylresorcinol__5__uM,False,,Hexylresorcinol,5.0,uM,1498,4348254.0
plate14,1,smp_2816,41,CVCL_1666,42,Hexylresorcinol__5__uM,False,,Hexylresorcinol,5.0,uM,1245,2551640.0
plate14,1,smp_2816,41,CVCL_1693,43,Hexylresorcinol__5__uM,False,,Hexylresorcinol,5.0,uM,974,1975530.0
plate14,1,smp_2816,41,CVCL_1715,44,Hexylresorcinol__5__uM,False,,Hexylresorcinol,5.0,uM,180,405737.0
plate14,1,smp_2816,41,CVCL_1716,45,Hexylresorcinol__5__uM,False,,Hexylresorcinol,5.0,uM,191,360701.0
plate14,1,smp_2816,41,CVCL_1717,46,Hexylresorcinol__5__uM,False,,Hexylresorcinol,5.0,uM,1658,5163430.0
plate14,1,smp_2816,41,CVCL_1724,47,Hexylresorcinol__5__uM,False,,Hexylresorcinol,5.0,uM,885,2192159.0
plate14,1,smp_2816,41,CVCL_1731,48,Hexylresorcinol__5__uM,False,,Hexylresorcinol,5.0,uM,1378,3431134.0
plate14,1,smp_2816,41,CVCL_C466,49,Hexylresorcinol__5__uM,False,,Hexylresorcinol,5.0,uM,1605,3012194.0
plate14,1,smp_2815,42,CVCL_0023,0,Homoharringtonine__5__uM,False,,Homoharringtonine,5.0,uM,1885,4882408.0
plate14,1,smp_2815,42,CVCL_0028,1,Homoharringtonine__5__uM,False,,Homoharringtonine,5.0,uM,34,46668.0
plate14,1,smp_2815,42,CVCL_0069,2,Homoharringtonine__5__uM,False,,Homoharringtonine,5.0,uM,270,613227.0
plate14,1,smp_2815,42,CVCL_0099,3,Homoharringtonine__5__uM,False,,Homoharringtonine,5.0,uM,142,221765.0
plate14,1,smp_2815,42,CVCL_0131,4,Homoharringtonine__5__uM,False,,Homoharringtonine,5.0,uM,1797,5618180.0
plate14,1,smp_2815,42,CVCL_0152,5,Homoharringtonine__5__uM,False,,Homoharringtonine,5.0,uM,2521,5135002.0
plate14,1,smp_2815,42,CVCL_0179,6,Homoharringtonine__5__uM,False,,Homoharringtonine,5.0,uM,1881,5714847.0
plate14,1,smp_2815,42,CVCL_0218,7,Homoharringtonine__5__uM,False,,Homoharringtonine,5.0,uM,670,1096371.0
plate14,1,smp_2815,42,CVCL_0292,8,Homoharringtonine__5__uM,False,,Homoharringtonine,5.0,uM,755,974621.0
plate14,1,smp_2815,42,CVCL_0293,9,Homoharringtonine__5__uM,False,,Homoharringtonine,5.0,uM,3810,7777219.0
plate14,1,smp_2815,42,CVCL_0320,10,Homoharringtonine__5__uM,False,,Homoharringtonine,5.0,uM,1908,4948836.0
plate14,1,smp_2815,42,CVCL_0332,11,Homoharringtonine__5__uM,False,,Homoharringtonine,5.0,uM,447,1355856.0
plate14,1,smp_2815,42,CVCL_0334,12,Homoharringtonine__5__uM,False,,Homoharringtonine,5.0,uM,1056,2042419.0
plate14,1,smp_2815,42,CVCL_0359,13,Homoharringtonine__5__uM,False,,Homoharringtonine,5.0,uM,1406,4014633.0
plate14,1,smp_2815,42,CVCL_0366,14,Homoharringtonine__5__uM,False,,Homoharringtonine,5.0,uM,623,2216750.0
plate14,1,smp_2815,42,CVCL_0371,15,Homoharringtonine__5__uM,False,,Homoharringtonine,5.0,uM,703,1439202.0
plate14,1,smp_2815,42,CVCL_0397,16,Homoharringtonine__5__uM,False,,Homoharringtonine,5.0,uM,2033,4299065.0
plate14,1,smp_2815,42,CVCL_0399,17,Homoharringtonine__5__uM,False,,Homoharringtonine,5.0,uM,1851,3402496.0
plate14,1,smp_2815,42,CVCL_0428,18,Homoharringtonine__5__uM,False,,Homoharringtonine,5.0,uM,140,313857.0
plate14,1,smp_2815,42,CVCL_0459,19,Homoharringtonine__5__uM,False,,Homoharringtonine,5.0,uM,3255,6340313.0
plate14,1,smp_2815,42,CVCL_0480,20,Homoharringtonine__5__uM,False,,Homoharringtonine,5.0,uM,2054,6903466.0
plate14,1,smp_2815,42,CVCL_0504,21,Homoharringtonine__5__uM,False,,Homoharringtonine,5.0,uM,244,443981.0
plate14,1,smp_2815,42,CVCL_0546,22,Homoharringtonine__5__uM,False,,Homoharringtonine,5.0,uM,4674,9592185.0
plate14,1,smp_2815,42,CVCL_1055,23,Homoharringtonine__5__uM,False,,Homoharringtonine,5.0,uM,74,228795.0
plate14,1,smp_2815,42,CVCL_1056,24,Homoharringtonine__5__uM,False,,Homoharringtonine,5.0,uM,829,2809693.0
plate14,1,smp_2815,42,CVCL_1094,25,Homoharringtonine__5__uM,False,,Homoharringtonine,5.0,uM,299,531550.0
plate14,1,smp_2815,42,CVCL_1097,26,Homoharringtonine__5__uM,False,,Homoharringtonine,5.0,uM,1678,4292939.0
plate14,1,smp_2815,42,CVCL_1098,27,Homoharringtonine__5__uM,False,,Homoharringtonine,5.0,uM,2237,4870063.0
plate14,1,smp_2815,42,CVCL_1119,28,Homoharringtonine__5__uM,False,,Homoharringtonine,5.0,uM,1792,4520579.0
plate14,1,smp_2815,42,CVCL_1125,29,Homoharringtonine__5__uM,False,,Homoharringtonine,5.0,uM,251,424989.0
plate14,1,smp_2815,42,CVCL_1239,30,Homoharringtonine__5__uM,False,,Homoharringtonine,5.0,uM,129,249507.0
plate14,1,smp_2815,42,CVCL_1285,31,Homoharringtonine__5__uM,False,,Homoharringtonine,5.0,uM,2230,5762111.0
plate14,1,smp_2815,42,CVCL_1381,32,Homoharringtonine__5__uM,False,,Homoharringtonine,5.0,uM,536,1247069.0
plate14,1,smp_2815,42,CVCL_1478,33,Homoharringtonine__5__uM,False,,Homoharringtonine,5.0,uM,1216,3167391.0
plate14,1,smp_2815,42,CVCL_1495,34,Homoharringtonine__5__uM,False,,Homoharringtonine,5.0,uM,122,269831.0
plate14,1,smp_2815,42,CVCL_1517,35,Homoharringtonine__5__uM,False,,Homoharringtonine,5.0,uM,1424,4368858.0
plate14,1,smp_2815,42,CVCL_1531,36,Homoharringtonine__5__uM,False,,Homoharringtonine,5.0,uM,21,21478.0
plate14,1,smp_2815,42,CVCL_1547,37,Homoharringtonine__5__uM,False,,Homoharringtonine,5.0,uM,348,780524.0
plate14,1,smp_2815,42,CVCL_1550,38,Homoharringtonine__5__uM,False,,Homoharringtonine,5.0,uM,1576,5478154.0
plate14,1,smp_2815,42,CVCL_1571,39,Homoharringtonine__5__uM,False,,Homoharringtonine,5.0,uM,6,7304.0
plate14,1,smp_2815,42,CVCL_1577,40,Homoharringtonine__5__uM,False,,Homoharringtonine,5.0,uM,79,377079.0
plate14,1,smp_2815,42,CVCL_1635,41,Homoharringtonine__5__uM,False,,Homoharringtonine,5.0,uM,601,1332330.0
plate14,1,smp_2815,42,CVCL_1666,42,Homoharringtonine__5__uM,False,,Homoharringtonine,5.0,uM,703,1304806.0
plate14,1,smp_2815,42,CVCL_1693,43,Homoharringtonine__5__uM,False,,Homoharringtonine,5.0,uM,1161,2007145.0
plate14,1,smp_2815,42,CVCL_1715,44,Homoharringtonine__5__uM,False,,Homoharringtonine,5.0,uM,128,263328.0
plate14,1,smp_2815,42,CVCL_1716,45,Homoharringtonine__5__uM,False,,Homoharringtonine,5.0,uM,183,299301.0
plate14,1,smp_2815,42,CVCL_1717,46,Homoharringtonine__5__uM,False,,Homoharringtonine,5.0,uM,2211,6070352.0
plate14,1,smp_2815,42,CVCL_1724,47,Homoharringtonine__5__uM,False,,Homoharringtonine,5.0,uM,741,1308285.0
plate14,1,smp_2815,42,CVCL_1731,48,Homoharringtonine__5__uM,False,,Homoharringtonine,5.0,uM,646,1391924.0
plate14,1,smp_2815,42,CVCL_C466,49,Homoharringtonine__5__uM,False,,Homoharringtonine,5.0,uM,748,1261713.0
plate14,1,smp_2778,43,CVCL_0023,0,Idarubicin (hydrochloride)__5__uM,False,,Idarubicin (hydrochloride),5.0,uM,1062,2023757.0
plate14,1,smp_2778,43,CVCL_0028,1,Idarubicin (hydrochloride)__5__uM,False,,Idarubicin (hydrochloride),5.0,uM,207,295802.0
plate14,1,smp_2778,43,CVCL_0069,2,Idarubicin (hydrochloride)__5__uM,False,,Idarubicin (hydrochloride),5.0,uM,168,347909.0
plate14,1,smp_2778,43,CVCL_0099,3,Idarubicin (hydrochloride)__5__uM,False,,Idarubicin (hydrochloride),5.0,uM,89,128675.0
plate14,1,smp_2778,43,CVCL_0131,4,Idarubicin (hydrochloride)__5__uM,False,,Idarubicin (hydrochloride),5.0,uM,1156,2649592.0
plate14,1,smp_2778,43,CVCL_0152,5,Idarubicin (hydrochloride)__5__uM,False,,Idarubicin (hydrochloride),5.0,uM,506,915804.0
plate14,1,smp_2778,43,CVCL_0179,6,Idarubicin (hydrochloride)__5__uM,False,,Idarubicin (hydrochloride),5.0,uM,378,791544.0
plate14,1,smp_2778,43,CVCL_0218,7,Idarubicin (hydrochloride)__5__uM,False,,Idarubicin (hydrochloride),5.0,uM,570,927008.0
plate14,1,smp_2778,43,CVCL_0292,8,Idarubicin (hydrochloride)__5__uM,False,,Idarubicin (hydrochloride),5.0,uM,633,858595.0
plate14,1,smp_2778,43,CVCL_0293,9,Idarubicin (hydrochloride)__5__uM,False,,Idarubicin (hydrochloride),5.0,uM,1673,3709634.0
plate14,1,smp_2778,43,CVCL_0320,10,Idarubicin (hydrochloride)__5__uM,False,,Idarubicin (hydrochloride),5.0,uM,1139,2478011.0
plate14,1,smp_2778,43,CVCL_0332,11,Idarubicin (hydrochloride)__5__uM,False,,Idarubicin (hydrochloride),5.0,uM,602,1452305.0
plate14,1,smp_2778,43,CVCL_0334,12,Idarubicin (hydrochloride)__5__uM,False,,Idarubicin (hydrochloride),5.0,uM,324,557682.0
plate14,1,smp_2778,43,CVCL_0359,13,Idarubicin (hydrochloride)__5__uM,False,,Idarubicin (hydrochloride),5.0,uM,791,1772684.0
plate14,1,smp_2778,43,CVCL_0366,14,Idarubicin (hydrochloride)__5__uM,False,,Idarubicin (hydrochloride),5.0,uM,746,1981361.0
plate14,1,smp_2778,43,CVCL_0371,15,Idarubicin (hydrochloride)__5__uM,False,,Idarubicin (hydrochloride),5.0,uM,1152,2495656.0
plate14,1,smp_2778,43,CVCL_0397,16,Idarubicin (hydrochloride)__5__uM,False,,Idarubicin (hydrochloride),5.0,uM,1119,2648710.0
plate14,1,smp_2778,43,CVCL_0399,17,Idarubicin (hydrochloride)__5__uM,False,,Idarubicin (hydrochloride),5.0,uM,1384,2718312.0
plate14,1,smp_2778,43,CVCL_0428,18,Idarubicin (hydrochloride)__5__uM,False,,Idarubicin (hydrochloride),5.0,uM,453,915060.0
plate14,1,smp_2778,43,CVCL_0459,19,Idarubicin (hydrochloride)__5__uM,False,,Idarubicin (hydrochloride),5.0,uM,1964,3286560.0
plate14,1,smp_2778,43,CVCL_0480,20,Idarubicin (hydrochloride)__5__uM,False,,Idarubicin (hydrochloride),5.0,uM,1653,4801723.0
plate14,1,smp_2778,43,CVCL_0504,21,Idarubicin (hydrochloride)__5__uM,False,,Idarubicin (hydrochloride),5.0,uM,310,506047.0
plate14,1,smp_2778,43,CVCL_0546,22,Idarubicin (hydrochloride)__5__uM,False,,Idarubicin (hydrochloride),5.0,uM,2140,4192354.0
plate14,1,smp_2778,43,CVCL_1055,23,Idarubicin (hydrochloride)__5__uM,False,,Idarubicin (hydrochloride),5.0,uM,54,152128.0
plate14,1,smp_2778,43,CVCL_1056,24,Idarubicin (hydrochloride)__5__uM,False,,Idarubicin (hydrochloride),5.0,uM,876,2281741.0
plate14,1,smp_2778,43,CVCL_1094,25,Idarubicin (hydrochloride)__5__uM,False,,Idarubicin (hydrochloride),5.0,uM,525,888275.0
plate14,1,smp_2778,43,CVCL_1097,26,Idarubicin (hydrochloride)__5__uM,False,,Idarubicin (hydrochloride),5.0,uM,1093,2035710.0
plate14,1,smp_2778,43,CVCL_1098,27,Idarubicin (hydrochloride)__5__uM,False,,Idarubicin (hydrochloride),5.0,uM,417,702102.0
plate14,1,smp_2778,43,CVCL_1119,28,Idarubicin (hydrochloride)__5__uM,False,,Idarubicin (hydrochloride),5.0,uM,1047,2275485.0
plate14,1,smp_2778,43,CVCL_1125,29,Idarubicin (hydrochloride)__5__uM,False,,Idarubicin (hydrochloride),5.0,uM,62,80664.0
plate14,1,smp_2778,43,CVCL_1239,30,Idarubicin (hydrochloride)__5__uM,False,,Idarubicin (hydrochloride),5.0,uM,176,296372.0
plate14,1,smp_2778,43,CVCL_1285,31,Idarubicin (hydrochloride)__5__uM,False,,Idarubicin (hydrochloride),5.0,uM,1847,3583389.0
plate14,1,smp_2778,43,CVCL_1381,32,Idarubicin (hydrochloride)__5__uM,False,,Idarubicin (hydrochloride),5.0,uM,497,845472.0
plate14,1,smp_2778,43,CVCL_1478,33,Idarubicin (hydrochloride)__5__uM,False,,Idarubicin (hydrochloride),5.0,uM,1338,3515533.0
plate14,1,smp_2778,43,CVCL_1495,34,Idarubicin (hydrochloride)__5__uM,False,,Idarubicin (hydrochloride),5.0,uM,337,781849.0
plate14,1,smp_2778,43,CVCL_1517,35,Idarubicin (hydrochloride)__5__uM,False,,Idarubicin (hydrochloride),5.0,uM,807,2211543.0
plate14,1,smp_2778,43,CVCL_1531,36,Idarubicin (hydrochloride)__5__uM,False,,Idarubicin (hydrochloride),5.0,uM,31,34560.0
plate14,1,smp_2778,43,CVCL_1547,37,Idarubicin (hydrochloride)__5__uM,False,,Idarubicin (hydrochloride),5.0,uM,310,627430.0
plate14,1,smp_2778,43,CVCL_1550,38,Idarubicin (hydrochloride)__5__uM,False,,Idarubicin (hydrochloride),5.0,uM,652,1777184.0
plate14,1,smp_2778,43,CVCL_1571,39,Idarubicin (hydrochloride)__5__uM,False,,Idarubicin (hydrochloride),5.0,uM,14,12406.0
plate14,1,smp_2778,43,CVCL_1577,40,Idarubicin (hydrochloride)__5__uM,False,,Idarubicin (hydrochloride),5.0,uM,62,184953.0
plate14,1,smp_2778,43,CVCL_1635,41,Idarubicin (hydrochloride)__5__uM,False,,Idarubicin (hydrochloride),5.0,uM,670,1329800.0
plate14,1,smp_2778,43,CVCL_1666,42,Idarubicin (hydrochloride)__5__uM,False,,Idarubicin (hydrochloride),5.0,uM,501,805520.0
plate14,1,smp_2778,43,CVCL_1693,43,Idarubicin (hydrochloride)__5__uM,False,,Idarubicin (hydrochloride),5.0,uM,311,439900.0
plate14,1,smp_2778,43,CVCL_1715,44,Idarubicin (hydrochloride)__5__uM,False,,Idarubicin (hydrochloride),5.0,uM,147,269540.0
plate14,1,smp_2778,43,CVCL_1716,45,Idarubicin (hydrochloride)__5__uM,False,,Idarubicin (hydrochloride),5.0,uM,131,207019.0
plate14,1,smp_2778,43,CVCL_1717,46,Idarubicin (hydrochloride)__5__uM,False,,Idarubicin (hydrochloride),5.0,uM,920,2062034.0
plate14,1,smp_2778,43,CVCL_1724,47,Idarubicin (hydrochloride)__5__uM,False,,Idarubicin (hydrochloride),5.0,uM,249,394026.0
plate14,1,smp_2778,43,CVCL_1731,48,Idarubicin (hydrochloride)__5__uM,False,,Idarubicin (hydrochloride),5.0,uM,630,1172022.0
plate14,1,smp_2778,43,CVCL_C466,49,Idarubicin (hydrochloride)__5__uM,False,,Idarubicin (hydrochloride),5.0,uM,849,1280764.0
plate14,1,smp_2753,44,CVCL_0023,0,Isocorydine__5__uM,False,,Isocorydine,5.0,uM,1808,4449616.0
plate14,1,smp_2753,44,CVCL_0028,1,Isocorydine__5__uM,False,,Isocorydine,5.0,uM,257,424680.0
plate14,1,smp_2753,44,CVCL_0069,2,Isocorydine__5__uM,False,,Isocorydine,5.0,uM,739,1988910.0
plate14,1,smp_2753,44,CVCL_0099,3,Isocorydine__5__uM,False,,Isocorydine,5.0,uM,427,918799.0
plate14,1,smp_2753,44,CVCL_0131,4,Isocorydine__5__uM,False,,Isocorydine,5.0,uM,1945,6765921.0
plate14,1,smp_2753,44,CVCL_0152,5,Isocorydine__5__uM,False,,Isocorydine,5.0,uM,1915,3909770.0
plate14,1,smp_2753,44,CVCL_0179,6,Isocorydine__5__uM,False,,Isocorydine,5.0,uM,802,2723957.0
plate14,1,smp_2753,44,CVCL_0218,7,Isocorydine__5__uM,False,,Isocorydine,5.0,uM,1161,2553015.0
plate14,1,smp_2753,44,CVCL_0292,8,Isocorydine__5__uM,False,,Isocorydine,5.0,uM,960,1580929.0
plate14,1,smp_2753,44,CVCL_0293,9,Isocorydine__5__uM,False,,Isocorydine,5.0,uM,2430,6667869.0
plate14,1,smp_2753,44,CVCL_0320,10,Isocorydine__5__uM,False,,Isocorydine,5.0,uM,1504,4051452.0
plate14,1,smp_2753,44,CVCL_0332,11,Isocorydine__5__uM,False,,Isocorydine,5.0,uM,885,2828870.0
plate14,1,smp_2753,44,CVCL_0334,12,Isocorydine__5__uM,False,,Isocorydine,5.0,uM,763,1674104.0
plate14,1,smp_2753,44,CVCL_0359,13,Isocorydine__5__uM,False,,Isocorydine,5.0,uM,1319,3880451.0
plate14,1,smp_2753,44,CVCL_0366,14,Isocorydine__5__uM,False,,Isocorydine,5.0,uM,1096,3909262.0
plate14,1,smp_2753,44,CVCL_0371,15,Isocorydine__5__uM,False,,Isocorydine,5.0,uM,1725,4547801.0
plate14,1,smp_2753,44,CVCL_0397,16,Isocorydine__5__uM,False,,Isocorydine,5.0,uM,1531,4235737.0
plate14,1,smp_2753,44,CVCL_0399,17,Isocorydine__5__uM,False,,Isocorydine,5.0,uM,2936,7090436.0
plate14,1,smp_2753,44,CVCL_0428,18,Isocorydine__5__uM,False,,Isocorydine,5.0,uM,689,1889577.0
plate14,1,smp_2753,44,CVCL_0459,19,Isocorydine__5__uM,False,,Isocorydine,5.0,uM,3826,8608841.0
plate14,1,smp_2753,44,CVCL_0480,20,Isocorydine__5__uM,False,,Isocorydine,5.0,uM,2035,6880632.0
plate14,1,smp_2753,44,CVCL_0504,21,Isocorydine__5__uM,False,,Isocorydine,5.0,uM,1057,2121893.0
plate14,1,smp_2753,44,CVCL_0546,22,Isocorydine__5__uM,False,,Isocorydine,5.0,uM,3891,8755455.0
plate14,1,smp_2753,44,CVCL_1055,23,Isocorydine__5__uM,False,,Isocorydine,5.0,uM,642,2387350.0
plate14,1,smp_2753,44,CVCL_1056,24,Isocorydine__5__uM,False,,Isocorydine,5.0,uM,1641,6472924.0
plate14,1,smp_2753,44,CVCL_1094,25,Isocorydine__5__uM,False,,Isocorydine,5.0,uM,806,1766051.0
plate14,1,smp_2753,44,CVCL_1097,26,Isocorydine__5__uM,False,,Isocorydine,5.0,uM,1543,3692697.0
plate14,1,smp_2753,44,CVCL_1098,27,Isocorydine__5__uM,False,,Isocorydine,5.0,uM,1039,2085505.0
plate14,1,smp_2753,44,CVCL_1119,28,Isocorydine__5__uM,False,,Isocorydine,5.0,uM,1465,4051312.0
plate14,1,smp_2753,44,CVCL_1125,29,Isocorydine__5__uM,False,,Isocorydine,5.0,uM,264,466673.0
plate14,1,smp_2753,44,CVCL_1239,30,Isocorydine__5__uM,False,,Isocorydine,5.0,uM,639,1503785.0
plate14,1,smp_2753,44,CVCL_1285,31,Isocorydine__5__uM,False,,Isocorydine,5.0,uM,2225,5956049.0
plate14,1,smp_2753,44,CVCL_1381,32,Isocorydine__5__uM,False,,Isocorydine,5.0,uM,1112,3152289.0
plate14,1,smp_2753,44,CVCL_1478,33,Isocorydine__5__uM,False,,Isocorydine,5.0,uM,1648,4321994.0
plate14,1,smp_2753,44,CVCL_1495,34,Isocorydine__5__uM,False,,Isocorydine,5.0,uM,1094,3169709.0
plate14,1,smp_2753,44,CVCL_1517,35,Isocorydine__5__uM,False,,Isocorydine,5.0,uM,1837,7151596.0
plate14,1,smp_2753,44,CVCL_1531,36,Isocorydine__5__uM,False,,Isocorydine,5.0,uM,33,45763.0
plate14,1,smp_2753,44,CVCL_1547,37,Isocorydine__5__uM,False,,Isocorydine,5.0,uM,1229,3368757.0
plate14,1,smp_2753,44,CVCL_1550,38,Isocorydine__5__uM,False,,Isocorydine,5.0,uM,1375,5464016.0
plate14,1,smp_2753,44,CVCL_1571,39,Isocorydine__5__uM,False,,Isocorydine,5.0,uM,11,10132.0
plate14,1,smp_2753,44,CVCL_1577,40,Isocorydine__5__uM,False,,Isocorydine,5.0,uM,65,270518.0
plate14,1,smp_2753,44,CVCL_1635,41,Isocorydine__5__uM,False,,Isocorydine,5.0,uM,1187,3248914.0
plate14,1,smp_2753,44,CVCL_1666,42,Isocorydine__5__uM,False,,Isocorydine,5.0,uM,1042,2077368.0
plate14,1,smp_2753,44,CVCL_1693,43,Isocorydine__5__uM,False,,Isocorydine,5.0,uM,587,1124079.0
plate14,1,smp_2753,44,CVCL_1715,44,Isocorydine__5__uM,False,,Isocorydine,5.0,uM,167,377621.0
plate14,1,smp_2753,44,CVCL_1716,45,Isocorydine__5__uM,False,,Isocorydine,5.0,uM,186,373727.0
plate14,1,smp_2753,44,CVCL_1717,46,Isocorydine__5__uM,False,,Isocorydine,5.0,uM,1481,4228044.0
plate14,1,smp_2753,44,CVCL_1724,47,Isocorydine__5__uM,False,,Isocorydine,5.0,uM,848,1911364.0
plate14,1,smp_2753,44,CVCL_1731,48,Isocorydine__5__uM,False,,Isocorydine,5.0,uM,1117,2871777.0
plate14,1,smp_2753,44,CVCL_C466,49,Isocorydine__5__uM,False,,Isocorydine,5.0,uM,1348,2532754.0
plate14,1,smp_2799,45,CVCL_0023,0,Larotrectinib__5__uM,False,,Larotrectinib,5.0,uM,1625,3909817.0
plate14,1,smp_2799,45,CVCL_0028,1,Larotrectinib__5__uM,False,,Larotrectinib,5.0,uM,499,862381.0
plate14,1,smp_2799,45,CVCL_0069,2,Larotrectinib__5__uM,False,,Larotrectinib,5.0,uM,883,2351291.0
plate14,1,smp_2799,45,CVCL_0099,3,Larotrectinib__5__uM,False,,Larotrectinib,5.0,uM,516,1033619.0
plate14,1,smp_2799,45,CVCL_0131,4,Larotrectinib__5__uM,False,,Larotrectinib,5.0,uM,1942,6493727.0
plate14,1,smp_2799,45,CVCL_0152,5,Larotrectinib__5__uM,False,,Larotrectinib,5.0,uM,1783,3915715.0
plate14,1,smp_2799,45,CVCL_0179,6,Larotrectinib__5__uM,False,,Larotrectinib,5.0,uM,1020,3260485.0
plate14,1,smp_2799,45,CVCL_0218,7,Larotrectinib__5__uM,False,,Larotrectinib,5.0,uM,1088,2299925.0
plate14,1,smp_2799,45,CVCL_0292,8,Larotrectinib__5__uM,False,,Larotrectinib,5.0,uM,918,1487188.0
plate14,1,smp_2799,45,CVCL_0293,9,Larotrectinib__5__uM,False,,Larotrectinib,5.0,uM,2059,6583310.0
plate14,1,smp_2799,45,CVCL_0320,10,Larotrectinib__5__uM,False,,Larotrectinib,5.0,uM,1657,4369596.0
plate14,1,smp_2799,45,CVCL_0332,11,Larotrectinib__5__uM,False,,Larotrectinib,5.0,uM,1021,3365403.0
plate14,1,smp_2799,45,CVCL_0334,12,Larotrectinib__5__uM,False,,Larotrectinib,5.0,uM,672,1465082.0
plate14,1,smp_2799,45,CVCL_0359,13,Larotrectinib__5__uM,False,,Larotrectinib,5.0,uM,1553,4610675.0
plate14,1,smp_2799,45,CVCL_0366,14,Larotrectinib__5__uM,False,,Larotrectinib,5.0,uM,1285,4586872.0
plate14,1,smp_2799,45,CVCL_0371,15,Larotrectinib__5__uM,False,,Larotrectinib,5.0,uM,1413,3797680.0
plate14,1,smp_2799,45,CVCL_0397,16,Larotrectinib__5__uM,False,,Larotrectinib,5.0,uM,1279,4098211.0
plate14,1,smp_2799,45,CVCL_0399,17,Larotrectinib__5__uM,False,,Larotrectinib,5.0,uM,2365,6232040.0
plate14,1,smp_2799,45,CVCL_0428,18,Larotrectinib__5__uM,False,,Larotrectinib,5.0,uM,696,1831163.0
plate14,1,smp_2799,45,CVCL_0459,19,Larotrectinib__5__uM,False,,Larotrectinib,5.0,uM,3473,7991467.0
plate14,1,smp_2799,45,CVCL_0480,20,Larotrectinib__5__uM,False,,Larotrectinib,5.0,uM,2083,7577214.0
plate14,1,smp_2799,45,CVCL_0504,21,Larotrectinib__5__uM,False,,Larotrectinib,5.0,uM,1397,2687472.0
plate14,1,smp_2799,45,CVCL_0546,22,Larotrectinib__5__uM,False,,Larotrectinib,5.0,uM,3612,8257853.0
plate14,1,smp_2799,45,CVCL_1055,23,Larotrectinib__5__uM,False,,Larotrectinib,5.0,uM,955,3705094.0
plate14,1,smp_2799,45,CVCL_1056,24,Larotrectinib__5__uM,False,,Larotrectinib,5.0,uM,1730,6915241.0
plate14,1,smp_2799,45,CVCL_1094,25,Larotrectinib__5__uM,False,,Larotrectinib,5.0,uM,894,1854763.0
plate14,1,smp_2799,45,CVCL_1097,26,Larotrectinib__5__uM,False,,Larotrectinib,5.0,uM,1533,3600849.0
plate14,1,smp_2799,45,CVCL_1098,27,Larotrectinib__5__uM,False,,Larotrectinib,5.0,uM,1323,2906870.0
plate14,1,smp_2799,45,CVCL_1119,28,Larotrectinib__5__uM,False,,Larotrectinib,5.0,uM,1300,3863412.0
plate14,1,smp_2799,45,CVCL_1125,29,Larotrectinib__5__uM,False,,Larotrectinib,5.0,uM,277,448205.0
plate14,1,smp_2799,45,CVCL_1239,30,Larotrectinib__5__uM,False,,Larotrectinib,5.0,uM,622,1448174.0
plate14,1,smp_2799,45,CVCL_1285,31,Larotrectinib__5__uM,False,,Larotrectinib,5.0,uM,2079,5430760.0
plate14,1,smp_2799,45,CVCL_1381,32,Larotrectinib__5__uM,False,,Larotrectinib,5.0,uM,1229,3521743.0
plate14,1,smp_2799,45,CVCL_1478,33,Larotrectinib__5__uM,False,,Larotrectinib,5.0,uM,1367,3823182.0
plate14,1,smp_2799,45,CVCL_1495,34,Larotrectinib__5__uM,False,,Larotrectinib,5.0,uM,1122,3168887.0
plate14,1,smp_2799,45,CVCL_1517,35,Larotrectinib__5__uM,False,,Larotrectinib,5.0,uM,1801,7377962.0
plate14,1,smp_2799,45,CVCL_1531,36,Larotrectinib__5__uM,False,,Larotrectinib,5.0,uM,26,31217.0
plate14,1,smp_2799,45,CVCL_1547,37,Larotrectinib__5__uM,False,,Larotrectinib,5.0,uM,1350,3696705.0
plate14,1,smp_2799,45,CVCL_1550,38,Larotrectinib__5__uM,False,,Larotrectinib,5.0,uM,1283,5017252.0
plate14,1,smp_2799,45,CVCL_1571,39,Larotrectinib__5__uM,False,,Larotrectinib,5.0,uM,9,8346.0
plate14,1,smp_2799,45,CVCL_1577,40,Larotrectinib__5__uM,False,,Larotrectinib,5.0,uM,69,280332.0
plate14,1,smp_2799,45,CVCL_1635,41,Larotrectinib__5__uM,False,,Larotrectinib,5.0,uM,1058,3024471.0
plate14,1,smp_2799,45,CVCL_1666,42,Larotrectinib__5__uM,False,,Larotrectinib,5.0,uM,916,1858753.0
plate14,1,smp_2799,45,CVCL_1693,43,Larotrectinib__5__uM,False,,Larotrectinib,5.0,uM,792,1477901.0
plate14,1,smp_2799,45,CVCL_1715,44,Larotrectinib__5__uM,False,,Larotrectinib,5.0,uM,182,374038.0
plate14,1,smp_2799,45,CVCL_1716,45,Larotrectinib__5__uM,False,,Larotrectinib,5.0,uM,149,304185.0
plate14,1,smp_2799,45,CVCL_1717,46,Larotrectinib__5__uM,False,,Larotrectinib,5.0,uM,1362,4030145.0
plate14,1,smp_2799,45,CVCL_1724,47,Larotrectinib__5__uM,False,,Larotrectinib,5.0,uM,810,1947510.0
plate14,1,smp_2799,45,CVCL_1731,48,Larotrectinib__5__uM,False,,Larotrectinib,5.0,uM,1115,2764283.0
plate14,1,smp_2799,45,CVCL_C466,49,Larotrectinib__5__uM,False,,Larotrectinib,5.0,uM,1384,2599205.0
plate14,1,smp_2788,46,CVCL_0023,0,Lenalidomide (hemihydrate)__5__uM,False,,Lenalidomide (hemihydrate),5.0,uM,1586,2719935.0
plate14,1,smp_2788,46,CVCL_0028,1,Lenalidomide (hemihydrate)__5__uM,False,,Lenalidomide (hemihydrate),5.0,uM,338,446146.0
plate14,1,smp_2788,46,CVCL_0069,2,Lenalidomide (hemihydrate)__5__uM,False,,Lenalidomide (hemihydrate),5.0,uM,798,1593570.0
plate14,1,smp_2788,46,CVCL_0099,3,Lenalidomide (hemihydrate)__5__uM,False,,Lenalidomide (hemihydrate),5.0,uM,432,660776.0
plate14,1,smp_2788,46,CVCL_0131,4,Lenalidomide (hemihydrate)__5__uM,False,,Lenalidomide (hemihydrate),5.0,uM,1751,3943155.0
plate14,1,smp_2788,46,CVCL_0152,5,Lenalidomide (hemihydrate)__5__uM,False,,Lenalidomide (hemihydrate),5.0,uM,1467,2433575.0
plate14,1,smp_2788,46,CVCL_0179,6,Lenalidomide (hemihydrate)__5__uM,False,,Lenalidomide (hemihydrate),5.0,uM,870,2009699.0
plate14,1,smp_2788,46,CVCL_0218,7,Lenalidomide (hemihydrate)__5__uM,False,,Lenalidomide (hemihydrate),5.0,uM,1017,1571760.0
plate14,1,smp_2788,46,CVCL_0292,8,Lenalidomide (hemihydrate)__5__uM,False,,Lenalidomide (hemihydrate),5.0,uM,677,881652.0
plate14,1,smp_2788,46,CVCL_0293,9,Lenalidomide (hemihydrate)__5__uM,False,,Lenalidomide (hemihydrate),5.0,uM,1854,4271167.0
plate14,1,smp_2788,46,CVCL_0320,10,Lenalidomide (hemihydrate)__5__uM,False,,Lenalidomide (hemihydrate),5.0,uM,1397,2759072.0
plate14,1,smp_2788,46,CVCL_0332,11,Lenalidomide (hemihydrate)__5__uM,False,,Lenalidomide (hemihydrate),5.0,uM,883,1989697.0
plate14,1,smp_2788,46,CVCL_0334,12,Lenalidomide (hemihydrate)__5__uM,False,,Lenalidomide (hemihydrate),5.0,uM,591,1002933.0
plate14,1,smp_2788,46,CVCL_0359,13,Lenalidomide (hemihydrate)__5__uM,False,,Lenalidomide (hemihydrate),5.0,uM,1361,2883173.0
plate14,1,smp_2788,46,CVCL_0366,14,Lenalidomide (hemihydrate)__5__uM,False,,Lenalidomide (hemihydrate),5.0,uM,1106,2797691.0
plate14,1,smp_2788,46,CVCL_0371,15,Lenalidomide (hemihydrate)__5__uM,False,,Lenalidomide (hemihydrate),5.0,uM,1433,2819742.0
plate14,1,smp_2788,46,CVCL_0397,16,Lenalidomide (hemihydrate)__5__uM,False,,Lenalidomide (hemihydrate),5.0,uM,1178,2699824.0
plate14,1,smp_2788,46,CVCL_0399,17,Lenalidomide (hemihydrate)__5__uM,False,,Lenalidomide (hemihydrate),5.0,uM,2057,4377194.0
plate14,1,smp_2788,46,CVCL_0428,18,Lenalidomide (hemihydrate)__5__uM,False,,Lenalidomide (hemihydrate),5.0,uM,634,1159742.0
plate14,1,smp_2788,46,CVCL_0459,19,Lenalidomide (hemihydrate)__5__uM,False,,Lenalidomide (hemihydrate),5.0,uM,3059,4842026.0
plate14,1,smp_2788,46,CVCL_0480,20,Lenalidomide (hemihydrate)__5__uM,False,,Lenalidomide (hemihydrate),5.0,uM,2040,5157336.0
plate14,1,smp_2788,46,CVCL_0504,21,Lenalidomide (hemihydrate)__5__uM,False,,Lenalidomide (hemihydrate),5.0,uM,1219,1731200.0
plate14,1,smp_2788,46,CVCL_0546,22,Lenalidomide (hemihydrate)__5__uM,False,,Lenalidomide (hemihydrate),5.0,uM,3436,5756667.0
plate14,1,smp_2788,46,CVCL_1055,23,Lenalidomide (hemihydrate)__5__uM,False,,Lenalidomide (hemihydrate),5.0,uM,821,2318145.0
plate14,1,smp_2788,46,CVCL_1056,24,Lenalidomide (hemihydrate)__5__uM,False,,Lenalidomide (hemihydrate),5.0,uM,1563,4347706.0
plate14,1,smp_2788,46,CVCL_1094,25,Lenalidomide (hemihydrate)__5__uM,False,,Lenalidomide (hemihydrate),5.0,uM,805,1289122.0
plate14,1,smp_2788,46,CVCL_1097,26,Lenalidomide (hemihydrate)__5__uM,False,,Lenalidomide (hemihydrate),5.0,uM,1351,2286247.0
plate14,1,smp_2788,46,CVCL_1098,27,Lenalidomide (hemihydrate)__5__uM,False,,Lenalidomide (hemihydrate),5.0,uM,1003,1624239.0
plate14,1,smp_2788,46,CVCL_1119,28,Lenalidomide (hemihydrate)__5__uM,False,,Lenalidomide (hemihydrate),5.0,uM,1217,2574048.0
plate14,1,smp_2788,46,CVCL_1125,29,Lenalidomide (hemihydrate)__5__uM,False,,Lenalidomide (hemihydrate),5.0,uM,231,293380.0
plate14,1,smp_2788,46,CVCL_1239,30,Lenalidomide (hemihydrate)__5__uM,False,,Lenalidomide (hemihydrate),5.0,uM,555,885714.0
plate14,1,smp_2788,46,CVCL_1285,31,Lenalidomide (hemihydrate)__5__uM,False,,Lenalidomide (hemihydrate),5.0,uM,1845,3438791.0
plate14,1,smp_2788,46,CVCL_1381,32,Lenalidomide (hemihydrate)__5__uM,False,,Lenalidomide (hemihydrate),5.0,uM,1147,2260368.0
plate14,1,smp_2788,46,CVCL_1478,33,Lenalidomide (hemihydrate)__5__uM,False,,Lenalidomide (hemihydrate),5.0,uM,1267,2825456.0
plate14,1,smp_2788,46,CVCL_1495,34,Lenalidomide (hemihydrate)__5__uM,False,,Lenalidomide (hemihydrate),5.0,uM,981,1911693.0
plate14,1,smp_2788,46,CVCL_1517,35,Lenalidomide (hemihydrate)__5__uM,False,,Lenalidomide (hemihydrate),5.0,uM,1665,4660475.0
plate14,1,smp_2788,46,CVCL_1531,36,Lenalidomide (hemihydrate)__5__uM,False,,Lenalidomide (hemihydrate),5.0,uM,16,20392.0
plate14,1,smp_2788,46,CVCL_1547,37,Lenalidomide (hemihydrate)__5__uM,False,,Lenalidomide (hemihydrate),5.0,uM,1240,2572164.0
plate14,1,smp_2788,46,CVCL_1550,38,Lenalidomide (hemihydrate)__5__uM,False,,Lenalidomide (hemihydrate),5.0,uM,1306,4063342.0
plate14,1,smp_2788,46,CVCL_1571,39,Lenalidomide (hemihydrate)__5__uM,False,,Lenalidomide (hemihydrate),5.0,uM,16,16557.0
plate14,1,smp_2788,46,CVCL_1577,40,Lenalidomide (hemihydrate)__5__uM,False,,Lenalidomide (hemihydrate),5.0,uM,80,229960.0
plate14,1,smp_2788,46,CVCL_1635,41,Lenalidomide (hemihydrate)__5__uM,False,,Lenalidomide (hemihydrate),5.0,uM,984,1991755.0
plate14,1,smp_2788,46,CVCL_1666,42,Lenalidomide (hemihydrate)__5__uM,False,,Lenalidomide (hemihydrate),5.0,uM,828,1194994.0
plate14,1,smp_2788,46,CVCL_1693,43,Lenalidomide (hemihydrate)__5__uM,False,,Lenalidomide (hemihydrate),5.0,uM,610,850561.0
plate14,1,smp_2788,46,CVCL_1715,44,Lenalidomide (hemihydrate)__5__uM,False,,Lenalidomide (hemihydrate),5.0,uM,125,190815.0
plate14,1,smp_2788,46,CVCL_1716,45,Lenalidomide (hemihydrate)__5__uM,False,,Lenalidomide (hemihydrate),5.0,uM,146,208995.0
plate14,1,smp_2788,46,CVCL_1717,46,Lenalidomide (hemihydrate)__5__uM,False,,Lenalidomide (hemihydrate),5.0,uM,1280,2941702.0
plate14,1,smp_2788,46,CVCL_1724,47,Lenalidomide (hemihydrate)__5__uM,False,,Lenalidomide (hemihydrate),5.0,uM,676,1245128.0
plate14,1,smp_2788,46,CVCL_1731,48,Lenalidomide (hemihydrate)__5__uM,False,,Lenalidomide (hemihydrate),5.0,uM,971,1744476.0
plate14,1,smp_2788,46,CVCL_C466,49,Lenalidomide (hemihydrate)__5__uM,False,,Lenalidomide (hemihydrate),5.0,uM,953,1275799.0
plate14,1,smp_2796,47,CVCL_0023,0,Lidocaine (hydrochloride)__5__uM,False,,Lidocaine (hydrochloride),5.0,uM,1770,2856865.0
plate14,1,smp_2796,47,CVCL_0028,1,Lidocaine (hydrochloride)__5__uM,False,,Lidocaine (hydrochloride),5.0,uM,342,424156.0
plate14,1,smp_2796,47,CVCL_0069,2,Lidocaine (hydrochloride)__5__uM,False,,Lidocaine (hydrochloride),5.0,uM,877,1635446.0
plate14,1,smp_2796,47,CVCL_0099,3,Lidocaine (hydrochloride)__5__uM,False,,Lidocaine (hydrochloride),5.0,uM,537,826978.0
plate14,1,smp_2796,47,CVCL_0131,4,Lidocaine (hydrochloride)__5__uM,False,,Lidocaine (hydrochloride),5.0,uM,1876,4166548.0
plate14,1,smp_2796,47,CVCL_0152,5,Lidocaine (hydrochloride)__5__uM,False,,Lidocaine (hydrochloride),5.0,uM,1593,2663616.0
plate14,1,smp_2796,47,CVCL_0179,6,Lidocaine (hydrochloride)__5__uM,False,,Lidocaine (hydrochloride),5.0,uM,1179,2832161.0
plate14,1,smp_2796,47,CVCL_0218,7,Lidocaine (hydrochloride)__5__uM,False,,Lidocaine (hydrochloride),5.0,uM,1294,1961128.0
plate14,1,smp_2796,47,CVCL_0292,8,Lidocaine (hydrochloride)__5__uM,False,,Lidocaine (hydrochloride),5.0,uM,659,822848.0
plate14,1,smp_2796,47,CVCL_0293,9,Lidocaine (hydrochloride)__5__uM,False,,Lidocaine (hydrochloride),5.0,uM,2328,5440785.0
plate14,1,smp_2796,47,CVCL_0320,10,Lidocaine (hydrochloride)__5__uM,False,,Lidocaine (hydrochloride),5.0,uM,1634,3093561.0
plate14,1,smp_2796,47,CVCL_0332,11,Lidocaine (hydrochloride)__5__uM,False,,Lidocaine (hydrochloride),5.0,uM,1111,2499121.0
plate14,1,smp_2796,47,CVCL_0334,12,Lidocaine (hydrochloride)__5__uM,False,,Lidocaine (hydrochloride),5.0,uM,722,1196662.0
plate14,1,smp_2796,47,CVCL_0359,13,Lidocaine (hydrochloride)__5__uM,False,,Lidocaine (hydrochloride),5.0,uM,1511,3124435.0
plate14,1,smp_2796,47,CVCL_0366,14,Lidocaine (hydrochloride)__5__uM,False,,Lidocaine (hydrochloride),5.0,uM,1380,3398133.0
plate14,1,smp_2796,47,CVCL_0371,15,Lidocaine (hydrochloride)__5__uM,False,,Lidocaine (hydrochloride),5.0,uM,1668,3145424.0
plate14,1,smp_2796,47,CVCL_0397,16,Lidocaine (hydrochloride)__5__uM,False,,Lidocaine (hydrochloride),5.0,uM,1317,2960607.0
plate14,1,smp_2796,47,CVCL_0399,17,Lidocaine (hydrochloride)__5__uM,False,,Lidocaine (hydrochloride),5.0,uM,2366,4685525.0
plate14,1,smp_2796,47,CVCL_0428,18,Lidocaine (hydrochloride)__5__uM,False,,Lidocaine (hydrochloride),5.0,uM,704,1247023.0
plate14,1,smp_2796,47,CVCL_0459,19,Lidocaine (hydrochloride)__5__uM,False,,Lidocaine (hydrochloride),5.0,uM,3946,6159516.0
plate14,1,smp_2796,47,CVCL_0480,20,Lidocaine (hydrochloride)__5__uM,False,,Lidocaine (hydrochloride),5.0,uM,2338,5858593.0
plate14,1,smp_2796,47,CVCL_0504,21,Lidocaine (hydrochloride)__5__uM,False,,Lidocaine (hydrochloride),5.0,uM,1339,1855300.0
plate14,1,smp_2796,47,CVCL_0546,22,Lidocaine (hydrochloride)__5__uM,False,,Lidocaine (hydrochloride),5.0,uM,3804,6249988.0
plate14,1,smp_2796,47,CVCL_1055,23,Lidocaine (hydrochloride)__5__uM,False,,Lidocaine (hydrochloride),5.0,uM,931,2609260.0
plate14,1,smp_2796,47,CVCL_1056,24,Lidocaine (hydrochloride)__5__uM,False,,Lidocaine (hydrochloride),5.0,uM,1598,4355625.0
plate14,1,smp_2796,47,CVCL_1094,25,Lidocaine (hydrochloride)__5__uM,False,,Lidocaine (hydrochloride),5.0,uM,782,1158913.0
plate14,1,smp_2796,47,CVCL_1097,26,Lidocaine (hydrochloride)__5__uM,False,,Lidocaine (hydrochloride),5.0,uM,1544,2435425.0
plate14,1,smp_2796,47,CVCL_1098,27,Lidocaine (hydrochloride)__5__uM,False,,Lidocaine (hydrochloride),5.0,uM,1187,1863863.0
plate14,1,smp_2796,47,CVCL_1119,28,Lidocaine (hydrochloride)__5__uM,False,,Lidocaine (hydrochloride),5.0,uM,1288,2664987.0
plate14,1,smp_2796,47,CVCL_1125,29,Lidocaine (hydrochloride)__5__uM,False,,Lidocaine (hydrochloride),5.0,uM,282,341184.0
plate14,1,smp_2796,47,CVCL_1239,30,Lidocaine (hydrochloride)__5__uM,False,,Lidocaine (hydrochloride),5.0,uM,728,1189846.0
plate14,1,smp_2796,47,CVCL_1285,31,Lidocaine (hydrochloride)__5__uM,False,,Lidocaine (hydrochloride),5.0,uM,2274,4148609.0
plate14,1,smp_2796,47,CVCL_1381,32,Lidocaine (hydrochloride)__5__uM,False,,Lidocaine (hydrochloride),5.0,uM,1127,2145014.0
plate14,1,smp_2796,47,CVCL_1478,33,Lidocaine (hydrochloride)__5__uM,False,,Lidocaine (hydrochloride),5.0,uM,1641,3715933.0
plate14,1,smp_2796,47,CVCL_1495,34,Lidocaine (hydrochloride)__5__uM,False,,Lidocaine (hydrochloride),5.0,uM,1158,2164971.0
plate14,1,smp_2796,47,CVCL_1517,35,Lidocaine (hydrochloride)__5__uM,False,,Lidocaine (hydrochloride),5.0,uM,2076,5766959.0
plate14,1,smp_2796,47,CVCL_1531,36,Lidocaine (hydrochloride)__5__uM,False,,Lidocaine (hydrochloride),5.0,uM,28,34271.0
plate14,1,smp_2796,47,CVCL_1547,37,Lidocaine (hydrochloride)__5__uM,False,,Lidocaine (hydrochloride),5.0,uM,1442,2822897.0
plate14,1,smp_2796,47,CVCL_1550,38,Lidocaine (hydrochloride)__5__uM,False,,Lidocaine (hydrochloride),5.0,uM,1360,4157338.0
plate14,1,smp_2796,47,CVCL_1571,39,Lidocaine (hydrochloride)__5__uM,False,,Lidocaine (hydrochloride),5.0,uM,13,13173.0
plate14,1,smp_2796,47,CVCL_1577,40,Lidocaine (hydrochloride)__5__uM,False,,Lidocaine (hydrochloride),5.0,uM,72,228284.0
plate14,1,smp_2796,47,CVCL_1635,41,Lidocaine (hydrochloride)__5__uM,False,,Lidocaine (hydrochloride),5.0,uM,1072,2216880.0
plate14,1,smp_2796,47,CVCL_1666,42,Lidocaine (hydrochloride)__5__uM,False,,Lidocaine (hydrochloride),5.0,uM,806,1142864.0
plate14,1,smp_2796,47,CVCL_1693,43,Lidocaine (hydrochloride)__5__uM,False,,Lidocaine (hydrochloride),5.0,uM,716,1037110.0
plate14,1,smp_2796,47,CVCL_1715,44,Lidocaine (hydrochloride)__5__uM,False,,Lidocaine (hydrochloride),5.0,uM,310,477438.0
plate14,1,smp_2796,47,CVCL_1716,45,Lidocaine (hydrochloride)__5__uM,False,,Lidocaine (hydrochloride),5.0,uM,205,264395.0
plate14,1,smp_2796,47,CVCL_1717,46,Lidocaine (hydrochloride)__5__uM,False,,Lidocaine (hydrochloride),5.0,uM,1441,3338062.0
plate14,1,smp_2796,47,CVCL_1724,47,Lidocaine (hydrochloride)__5__uM,False,,Lidocaine (hydrochloride),5.0,uM,830,1448406.0
plate14,1,smp_2796,47,CVCL_1731,48,Lidocaine (hydrochloride)__5__uM,False,,Lidocaine (hydrochloride),5.0,uM,1314,2212827.0
plate14,1,smp_2796,47,CVCL_C466,49,Lidocaine (hydrochloride)__5__uM,False,,Lidocaine (hydrochloride),5.0,uM,1200,1615798.0
plate14,1,smp_2832,48,CVCL_0023,0,Lipoic acid__5__uM,False,,Lipoic acid,5.0,uM,1890,4486742.0
plate14,1,smp_2832,48,CVCL_0028,1,Lipoic acid__5__uM,False,,Lipoic acid,5.0,uM,591,1039854.0
plate14,1,smp_2832,48,CVCL_0069,2,Lipoic acid__5__uM,False,,Lipoic acid,5.0,uM,968,2718919.0
plate14,1,smp_2832,48,CVCL_0099,3,Lipoic acid__5__uM,False,,Lipoic acid,5.0,uM,612,1291613.0
plate14,1,smp_2832,48,CVCL_0131,4,Lipoic acid__5__uM,False,,Lipoic acid,5.0,uM,2180,7393554.0
plate14,1,smp_2832,48,CVCL_0152,5,Lipoic acid__5__uM,False,,Lipoic acid,5.0,uM,2079,4583021.0
plate14,1,smp_2832,48,CVCL_0179,6,Lipoic acid__5__uM,False,,Lipoic acid,5.0,uM,1325,4542737.0
plate14,1,smp_2832,48,CVCL_0218,7,Lipoic acid__5__uM,False,,Lipoic acid,5.0,uM,1363,2873925.0
plate14,1,smp_2832,48,CVCL_0292,8,Lipoic acid__5__uM,False,,Lipoic acid,5.0,uM,1187,1968461.0
plate14,1,smp_2832,48,CVCL_0293,9,Lipoic acid__5__uM,False,,Lipoic acid,5.0,uM,2335,7032625.0
plate14,1,smp_2832,48,CVCL_0320,10,Lipoic acid__5__uM,False,,Lipoic acid,5.0,uM,1852,5175186.0
plate14,1,smp_2832,48,CVCL_0332,11,Lipoic acid__5__uM,False,,Lipoic acid,5.0,uM,1152,3823058.0
plate14,1,smp_2832,48,CVCL_0334,12,Lipoic acid__5__uM,False,,Lipoic acid,5.0,uM,851,1869042.0
plate14,1,smp_2832,48,CVCL_0359,13,Lipoic acid__5__uM,False,,Lipoic acid,5.0,uM,1761,5300477.0
plate14,1,smp_2832,48,CVCL_0366,14,Lipoic acid__5__uM,False,,Lipoic acid,5.0,uM,1500,5575393.0
plate14,1,smp_2832,48,CVCL_0371,15,Lipoic acid__5__uM,False,,Lipoic acid,5.0,uM,1960,5243051.0
plate14,1,smp_2832,48,CVCL_0397,16,Lipoic acid__5__uM,False,,Lipoic acid,5.0,uM,1626,4853358.0
plate14,1,smp_2832,48,CVCL_0399,17,Lipoic acid__5__uM,False,,Lipoic acid,5.0,uM,2958,7637204.0
plate14,1,smp_2832,48,CVCL_0428,18,Lipoic acid__5__uM,False,,Lipoic acid,5.0,uM,850,2283223.0
plate14,1,smp_2832,48,CVCL_0459,19,Lipoic acid__5__uM,False,,Lipoic acid,5.0,uM,4248,9533482.0
plate14,1,smp_2832,48,CVCL_0480,20,Lipoic acid__5__uM,False,,Lipoic acid,5.0,uM,2349,8496143.0
plate14,1,smp_2832,48,CVCL_0504,21,Lipoic acid__5__uM,False,,Lipoic acid,5.0,uM,1604,3249827.0
plate14,1,smp_2832,48,CVCL_0546,22,Lipoic acid__5__uM,False,,Lipoic acid,5.0,uM,4387,10261840.0
plate14,1,smp_2832,48,CVCL_1055,23,Lipoic acid__5__uM,False,,Lipoic acid,5.0,uM,1002,3852212.0
plate14,1,smp_2832,48,CVCL_1056,24,Lipoic acid__5__uM,False,,Lipoic acid,5.0,uM,1837,7096286.0
plate14,1,smp_2832,48,CVCL_1094,25,Lipoic acid__5__uM,False,,Lipoic acid,5.0,uM,1054,2256773.0
plate14,1,smp_2832,48,CVCL_1097,26,Lipoic acid__5__uM,False,,Lipoic acid,5.0,uM,1741,4088592.0
plate14,1,smp_2832,48,CVCL_1098,27,Lipoic acid__5__uM,False,,Lipoic acid,5.0,uM,1501,3354351.0
plate14,1,smp_2832,48,CVCL_1119,28,Lipoic acid__5__uM,False,,Lipoic acid,5.0,uM,1619,4798932.0
plate14,1,smp_2832,48,CVCL_1125,29,Lipoic acid__5__uM,False,,Lipoic acid,5.0,uM,320,525577.0
plate14,1,smp_2832,48,CVCL_1239,30,Lipoic acid__5__uM,False,,Lipoic acid,5.0,uM,692,1542489.0
plate14,1,smp_2832,48,CVCL_1285,31,Lipoic acid__5__uM,False,,Lipoic acid,5.0,uM,2375,6503086.0
plate14,1,smp_2832,48,CVCL_1381,32,Lipoic acid__5__uM,False,,Lipoic acid,5.0,uM,1298,3633029.0
plate14,1,smp_2832,48,CVCL_1478,33,Lipoic acid__5__uM,False,,Lipoic acid,5.0,uM,1849,5205820.0
plate14,1,smp_2832,48,CVCL_1495,34,Lipoic acid__5__uM,False,,Lipoic acid,5.0,uM,1162,3333459.0
plate14,1,smp_2832,48,CVCL_1517,35,Lipoic acid__5__uM,False,,Lipoic acid,5.0,uM,2031,8367144.0
plate14,1,smp_2832,48,CVCL_1531,36,Lipoic acid__5__uM,False,,Lipoic acid,5.0,uM,28,52656.0
plate14,1,smp_2832,48,CVCL_1547,37,Lipoic acid__5__uM,False,,Lipoic acid,5.0,uM,1405,3990074.0
plate14,1,smp_2832,48,CVCL_1550,38,Lipoic acid__5__uM,False,,Lipoic acid,5.0,uM,1572,6384975.0
plate14,1,smp_2832,48,CVCL_1571,39,Lipoic acid__5__uM,False,,Lipoic acid,5.0,uM,12,13948.0
plate14,1,smp_2832,48,CVCL_1577,40,Lipoic acid__5__uM,False,,Lipoic acid,5.0,uM,104,438210.0
plate14,1,smp_2832,48,CVCL_1635,41,Lipoic acid__5__uM,False,,Lipoic acid,5.0,uM,1299,3569967.0
plate14,1,smp_2832,48,CVCL_1666,42,Lipoic acid__5__uM,False,,Lipoic acid,5.0,uM,1120,2226662.0
plate14,1,smp_2832,48,CVCL_1693,43,Lipoic acid__5__uM,False,,Lipoic acid,5.0,uM,1040,2037704.0
plate14,1,smp_2832,48,CVCL_1715,44,Lipoic acid__5__uM,False,,Lipoic acid,5.0,uM,205,476906.0
plate14,1,smp_2832,48,CVCL_1716,45,Lipoic acid__5__uM,False,,Lipoic acid,5.0,uM,191,380074.0
plate14,1,smp_2832,48,CVCL_1717,46,Lipoic acid__5__uM,False,,Lipoic acid,5.0,uM,1648,5177597.0
plate14,1,smp_2832,48,CVCL_1724,47,Lipoic acid__5__uM,False,,Lipoic acid,5.0,uM,999,2447254.0
plate14,1,smp_2832,48,CVCL_1731,48,Lipoic acid__5__uM,False,,Lipoic acid,5.0,uM,1296,3269548.0
plate14,1,smp_2832,48,CVCL_C466,49,Lipoic acid__5__uM,False,,Lipoic acid,5.0,uM,1449,2717355.0
plate14,1,smp_2813,49,CVCL_0023,0,Lumateperone (tosylate)__5__uM,False,,Lumateperone (tosylate),5.0,uM,1774,3713690.0
plate14,1,smp_2813,49,CVCL_0028,1,Lumateperone (tosylate)__5__uM,False,,Lumateperone (tosylate),5.0,uM,459,745909.0
plate14,1,smp_2813,49,CVCL_0069,2,Lumateperone (tosylate)__5__uM,False,,Lumateperone (tosylate),5.0,uM,917,2339302.0
plate14,1,smp_2813,49,CVCL_0099,3,Lumateperone (tosylate)__5__uM,False,,Lumateperone (tosylate),5.0,uM,607,1154667.0
plate14,1,smp_2813,49,CVCL_0131,4,Lumateperone (tosylate)__5__uM,False,,Lumateperone (tosylate),5.0,uM,1900,5608012.0
plate14,1,smp_2813,49,CVCL_0152,5,Lumateperone (tosylate)__5__uM,False,,Lumateperone (tosylate),5.0,uM,1848,3532671.0
plate14,1,smp_2813,49,CVCL_0179,6,Lumateperone (tosylate)__5__uM,False,,Lumateperone (tosylate),5.0,uM,1061,3230184.0
plate14,1,smp_2813,49,CVCL_0218,7,Lumateperone (tosylate)__5__uM,False,,Lumateperone (tosylate),5.0,uM,1136,2135199.0
plate14,1,smp_2813,49,CVCL_0292,8,Lumateperone (tosylate)__5__uM,False,,Lumateperone (tosylate),5.0,uM,921,1428956.0
plate14,1,smp_2813,49,CVCL_0293,9,Lumateperone (tosylate)__5__uM,False,,Lumateperone (tosylate),5.0,uM,2279,6418912.0
plate14,1,smp_2813,49,CVCL_0320,10,Lumateperone (tosylate)__5__uM,False,,Lumateperone (tosylate),5.0,uM,1694,4164791.0
plate14,1,smp_2813,49,CVCL_0332,11,Lumateperone (tosylate)__5__uM,False,,Lumateperone (tosylate),5.0,uM,925,2674651.0
plate14,1,smp_2813,49,CVCL_0334,12,Lumateperone (tosylate)__5__uM,False,,Lumateperone (tosylate),5.0,uM,737,1471229.0
plate14,1,smp_2813,49,CVCL_0359,13,Lumateperone (tosylate)__5__uM,False,,Lumateperone (tosylate),5.0,uM,1524,4022181.0
plate14,1,smp_2813,49,CVCL_0366,14,Lumateperone (tosylate)__5__uM,False,,Lumateperone (tosylate),5.0,uM,1212,3815377.0
plate14,1,smp_2813,49,CVCL_0371,15,Lumateperone (tosylate)__5__uM,False,,Lumateperone (tosylate),5.0,uM,1660,3871842.0
plate14,1,smp_2813,49,CVCL_0397,16,Lumateperone (tosylate)__5__uM,False,,Lumateperone (tosylate),5.0,uM,1284,3637230.0
plate14,1,smp_2813,49,CVCL_0399,17,Lumateperone (tosylate)__5__uM,False,,Lumateperone (tosylate),5.0,uM,2539,6041088.0
plate14,1,smp_2813,49,CVCL_0428,18,Lumateperone (tosylate)__5__uM,False,,Lumateperone (tosylate),5.0,uM,695,1618895.0
plate14,1,smp_2813,49,CVCL_0459,19,Lumateperone (tosylate)__5__uM,False,,Lumateperone (tosylate),5.0,uM,3666,7307683.0
plate14,1,smp_2813,49,CVCL_0480,20,Lumateperone (tosylate)__5__uM,False,,Lumateperone (tosylate),5.0,uM,2046,6401961.0
plate14,1,smp_2813,49,CVCL_0504,21,Lumateperone (tosylate)__5__uM,False,,Lumateperone (tosylate),5.0,uM,1365,2330298.0
plate14,1,smp_2813,49,CVCL_0546,22,Lumateperone (tosylate)__5__uM,False,,Lumateperone (tosylate),5.0,uM,3980,8070049.0
plate14,1,smp_2813,49,CVCL_1055,23,Lumateperone (tosylate)__5__uM,False,,Lumateperone (tosylate),5.0,uM,887,3086310.0
plate14,1,smp_2813,49,CVCL_1056,24,Lumateperone (tosylate)__5__uM,False,,Lumateperone (tosylate),5.0,uM,1657,5748948.0
plate14,1,smp_2813,49,CVCL_1094,25,Lumateperone (tosylate)__5__uM,False,,Lumateperone (tosylate),5.0,uM,871,1666412.0
plate14,1,smp_2813,49,CVCL_1097,26,Lumateperone (tosylate)__5__uM,False,,Lumateperone (tosylate),5.0,uM,1660,3407357.0
plate14,1,smp_2813,49,CVCL_1098,27,Lumateperone (tosylate)__5__uM,False,,Lumateperone (tosylate),5.0,uM,1442,2831922.0
plate14,1,smp_2813,49,CVCL_1119,28,Lumateperone (tosylate)__5__uM,False,,Lumateperone (tosylate),5.0,uM,1354,3563063.0
plate14,1,smp_2813,49,CVCL_1125,29,Lumateperone (tosylate)__5__uM,False,,Lumateperone (tosylate),5.0,uM,335,510013.0
plate14,1,smp_2813,49,CVCL_1239,30,Lumateperone (tosylate)__5__uM,False,,Lumateperone (tosylate),5.0,uM,723,1510589.0
plate14,1,smp_2813,49,CVCL_1285,31,Lumateperone (tosylate)__5__uM,False,,Lumateperone (tosylate),5.0,uM,2115,5129977.0
plate14,1,smp_2813,49,CVCL_1381,32,Lumateperone (tosylate)__5__uM,False,,Lumateperone (tosylate),5.0,uM,1300,3177522.0
plate14,1,smp_2813,49,CVCL_1478,33,Lumateperone (tosylate)__5__uM,False,,Lumateperone (tosylate),5.0,uM,1452,3647540.0
plate14,1,smp_2813,49,CVCL_1495,34,Lumateperone (tosylate)__5__uM,False,,Lumateperone (tosylate),5.0,uM,1183,2890680.0
plate14,1,smp_2813,49,CVCL_1517,35,Lumateperone (tosylate)__5__uM,False,,Lumateperone (tosylate),5.0,uM,1822,6548988.0
plate14,1,smp_2813,49,CVCL_1531,36,Lumateperone (tosylate)__5__uM,False,,Lumateperone (tosylate),5.0,uM,32,41548.0
plate14,1,smp_2813,49,CVCL_1547,37,Lumateperone (tosylate)__5__uM,False,,Lumateperone (tosylate),5.0,uM,1351,3365949.0
plate14,1,smp_2813,49,CVCL_1550,38,Lumateperone (tosylate)__5__uM,False,,Lumateperone (tosylate),5.0,uM,1311,4704451.0
plate14,1,smp_2813,49,CVCL_1571,39,Lumateperone (tosylate)__5__uM,False,,Lumateperone (tosylate),5.0,uM,10,9534.0
plate14,1,smp_2813,49,CVCL_1577,40,Lumateperone (tosylate)__5__uM,False,,Lumateperone (tosylate),5.0,uM,72,314220.0
plate14,1,smp_2813,49,CVCL_1635,41,Lumateperone (tosylate)__5__uM,False,,Lumateperone (tosylate),5.0,uM,1125,2885772.0
plate14,1,smp_2813,49,CVCL_1666,42,Lumateperone (tosylate)__5__uM,False,,Lumateperone (tosylate),5.0,uM,937,1680911.0
plate14,1,smp_2813,49,CVCL_1693,43,Lumateperone (tosylate)__5__uM,False,,Lumateperone (tosylate),5.0,uM,825,1472169.0
plate14,1,smp_2813,49,CVCL_1715,44,Lumateperone (tosylate)__5__uM,False,,Lumateperone (tosylate),5.0,uM,140,266406.0
plate14,1,smp_2813,49,CVCL_1716,45,Lumateperone (tosylate)__5__uM,False,,Lumateperone (tosylate),5.0,uM,167,281737.0
plate14,1,smp_2813,49,CVCL_1717,46,Lumateperone (tosylate)__5__uM,False,,Lumateperone (tosylate),5.0,uM,1431,3908310.0
plate14,1,smp_2813,49,CVCL_1724,47,Lumateperone (tosylate)__5__uM,False,,Lumateperone (tosylate),5.0,uM,876,1913924.0
plate14,1,smp_2813,49,CVCL_1731,48,Lumateperone (tosylate)__5__uM,False,,Lumateperone (tosylate),5.0,uM,1163,2563477.0
plate14,1,smp_2813,49,CVCL_C466,49,Lumateperone (tosylate)__5__uM,False,,Lumateperone (tosylate),5.0,uM,1206,2094405.0
plate14,1,smp_2819,50,CVCL_0023,0,Medroxyprogesterone acetate__5__uM,False,,Medroxyprogesterone acetate,5.0,uM,1435,2061306.0
plate14,1,smp_2819,50,CVCL_0028,1,Medroxyprogesterone acetate__5__uM,False,,Medroxyprogesterone acetate,5.0,uM,276,374602.0
plate14,1,smp_2819,50,CVCL_0069,2,Medroxyprogesterone acetate__5__uM,False,,Medroxyprogesterone acetate,5.0,uM,749,1307082.0
plate14,1,smp_2819,50,CVCL_0099,3,Medroxyprogesterone acetate__5__uM,False,,Medroxyprogesterone acetate,5.0,uM,389,556403.0
plate14,1,smp_2819,50,CVCL_0131,4,Medroxyprogesterone acetate__5__uM,False,,Medroxyprogesterone acetate,5.0,uM,1799,3452834.0
plate14,1,smp_2819,50,CVCL_0152,5,Medroxyprogesterone acetate__5__uM,False,,Medroxyprogesterone acetate,5.0,uM,1220,1955553.0
plate14,1,smp_2819,50,CVCL_0179,6,Medroxyprogesterone acetate__5__uM,False,,Medroxyprogesterone acetate,5.0,uM,1047,2177954.0
plate14,1,smp_2819,50,CVCL_0218,7,Medroxyprogesterone acetate__5__uM,False,,Medroxyprogesterone acetate,5.0,uM,833,1129715.0
plate14,1,smp_2819,50,CVCL_0292,8,Medroxyprogesterone acetate__5__uM,False,,Medroxyprogesterone acetate,5.0,uM,510,595111.0
plate14,1,smp_2819,50,CVCL_0293,9,Medroxyprogesterone acetate__5__uM,False,,Medroxyprogesterone acetate,5.0,uM,1666,3798898.0
plate14,1,smp_2819,50,CVCL_0320,10,Medroxyprogesterone acetate__5__uM,False,,Medroxyprogesterone acetate,5.0,uM,1292,2240369.0
plate14,1,smp_2819,50,CVCL_0332,11,Medroxyprogesterone acetate__5__uM,False,,Medroxyprogesterone acetate,5.0,uM,1009,2019208.0
plate14,1,smp_2819,50,CVCL_0334,12,Medroxyprogesterone acetate__5__uM,False,,Medroxyprogesterone acetate,5.0,uM,538,801334.0
plate14,1,smp_2819,50,CVCL_0359,13,Medroxyprogesterone acetate__5__uM,False,,Medroxyprogesterone acetate,5.0,uM,1413,2602917.0
plate14,1,smp_2819,50,CVCL_0366,14,Medroxyprogesterone acetate__5__uM,False,,Medroxyprogesterone acetate,5.0,uM,1285,2711914.0
plate14,1,smp_2819,50,CVCL_0371,15,Medroxyprogesterone acetate__5__uM,False,,Medroxyprogesterone acetate,5.0,uM,1222,2092143.0
plate14,1,smp_2819,50,CVCL_0397,16,Medroxyprogesterone acetate__5__uM,False,,Medroxyprogesterone acetate,5.0,uM,1066,2269293.0
plate14,1,smp_2819,50,CVCL_0399,17,Medroxyprogesterone acetate__5__uM,False,,Medroxyprogesterone acetate,5.0,uM,1830,3512258.0
plate14,1,smp_2819,50,CVCL_0428,18,Medroxyprogesterone acetate__5__uM,False,,Medroxyprogesterone acetate,5.0,uM,607,995285.0
plate14,1,smp_2819,50,CVCL_0459,19,Medroxyprogesterone acetate__5__uM,False,,Medroxyprogesterone acetate,5.0,uM,2811,4030387.0
plate14,1,smp_2819,50,CVCL_0480,20,Medroxyprogesterone acetate__5__uM,False,,Medroxyprogesterone acetate,5.0,uM,1999,4364038.0
plate14,1,smp_2819,50,CVCL_0504,21,Medroxyprogesterone acetate__5__uM,False,,Medroxyprogesterone acetate,5.0,uM,1094,1347425.0
plate14,1,smp_2819,50,CVCL_0546,22,Medroxyprogesterone acetate__5__uM,False,,Medroxyprogesterone acetate,5.0,uM,2803,4176025.0
plate14,1,smp_2819,50,CVCL_1055,23,Medroxyprogesterone acetate__5__uM,False,,Medroxyprogesterone acetate,5.0,uM,983,2413773.0
plate14,1,smp_2819,50,CVCL_1056,24,Medroxyprogesterone acetate__5__uM,False,,Medroxyprogesterone acetate,5.0,uM,1605,3715749.0
plate14,1,smp_2819,50,CVCL_1094,25,Medroxyprogesterone acetate__5__uM,False,,Medroxyprogesterone acetate,5.0,uM,598,819293.0
plate14,1,smp_2819,50,CVCL_1097,26,Medroxyprogesterone acetate__5__uM,False,,Medroxyprogesterone acetate,5.0,uM,1184,1789184.0
plate14,1,smp_2819,50,CVCL_1098,27,Medroxyprogesterone acetate__5__uM,False,,Medroxyprogesterone acetate,5.0,uM,916,1379763.0
plate14,1,smp_2819,50,CVCL_1119,28,Medroxyprogesterone acetate__5__uM,False,,Medroxyprogesterone acetate,5.0,uM,1143,2105074.0
plate14,1,smp_2819,50,CVCL_1125,29,Medroxyprogesterone acetate__5__uM,False,,Medroxyprogesterone acetate,5.0,uM,178,205971.0
plate14,1,smp_2819,50,CVCL_1239,30,Medroxyprogesterone acetate__5__uM,False,,Medroxyprogesterone acetate,5.0,uM,603,873473.0
plate14,1,smp_2819,50,CVCL_1285,31,Medroxyprogesterone acetate__5__uM,False,,Medroxyprogesterone acetate,5.0,uM,1827,3028073.0
plate14,1,smp_2819,50,CVCL_1381,32,Medroxyprogesterone acetate__5__uM,False,,Medroxyprogesterone acetate,5.0,uM,1099,1884495.0
plate14,1,smp_2819,50,CVCL_1478,33,Medroxyprogesterone acetate__5__uM,False,,Medroxyprogesterone acetate,5.0,uM,1184,2558438.0
plate14,1,smp_2819,50,CVCL_1495,34,Medroxyprogesterone acetate__5__uM,False,,Medroxyprogesterone acetate,5.0,uM,937,1601368.0
plate14,1,smp_2819,50,CVCL_1517,35,Medroxyprogesterone acetate__5__uM,False,,Medroxyprogesterone acetate,5.0,uM,1913,4563658.0
plate14,1,smp_2819,50,CVCL_1531,36,Medroxyprogesterone acetate__5__uM,False,,Medroxyprogesterone acetate,5.0,uM,19,23157.0
plate14,1,smp_2819,50,CVCL_1547,37,Medroxyprogesterone acetate__5__uM,False,,Medroxyprogesterone acetate,5.0,uM,1247,2174146.0
plate14,1,smp_2819,50,CVCL_1550,38,Medroxyprogesterone acetate__5__uM,False,,Medroxyprogesterone acetate,5.0,uM,1224,3466286.0
plate14,1,smp_2819,50,CVCL_1571,39,Medroxyprogesterone acetate__5__uM,False,,Medroxyprogesterone acetate,5.0,uM,19,18441.0
plate14,1,smp_2819,50,CVCL_1577,40,Medroxyprogesterone acetate__5__uM,False,,Medroxyprogesterone acetate,5.0,uM,83,254136.0
plate14,1,smp_2819,50,CVCL_1635,41,Medroxyprogesterone acetate__5__uM,False,,Medroxyprogesterone acetate,5.0,uM,857,1630418.0
plate14,1,smp_2819,50,CVCL_1666,42,Medroxyprogesterone acetate__5__uM,False,,Medroxyprogesterone acetate,5.0,uM,730,915889.0
plate14,1,smp_2819,50,CVCL_1693,43,Medroxyprogesterone acetate__5__uM,False,,Medroxyprogesterone acetate,5.0,uM,581,783557.0
plate14,1,smp_2819,50,CVCL_1715,44,Medroxyprogesterone acetate__5__uM,False,,Medroxyprogesterone acetate,5.0,uM,114,148268.0
plate14,1,smp_2819,50,CVCL_1716,45,Medroxyprogesterone acetate__5__uM,False,,Medroxyprogesterone acetate,5.0,uM,114,138856.0
plate14,1,smp_2819,50,CVCL_1717,46,Medroxyprogesterone acetate__5__uM,False,,Medroxyprogesterone acetate,5.0,uM,1180,2452750.0
plate14,1,smp_2819,50,CVCL_1724,47,Medroxyprogesterone acetate__5__uM,False,,Medroxyprogesterone acetate,5.0,uM,578,910196.0
plate14,1,smp_2819,50,CVCL_1731,48,Medroxyprogesterone acetate__5__uM,False,,Medroxyprogesterone acetate,5.0,uM,984,1518055.0
plate14,1,smp_2819,50,CVCL_C466,49,Medroxyprogesterone acetate__5__uM,False,,Medroxyprogesterone acetate,5.0,uM,830,1036545.0
plate14,1,smp_2763,51,CVCL_0023,0,Megestrol__5__uM,False,,Megestrol,5.0,uM,2561,6024632.0
plate14,1,smp_2763,51,CVCL_0028,1,Megestrol__5__uM,False,,Megestrol,5.0,uM,564,909731.0
plate14,1,smp_2763,51,CVCL_0069,2,Megestrol__5__uM,False,,Megestrol,5.0,uM,1235,3127054.0
plate14,1,smp_2763,51,CVCL_0099,3,Megestrol__5__uM,False,,Megestrol,5.0,uM,793,1581662.0
plate14,1,smp_2763,51,CVCL_0131,4,Megestrol__5__uM,False,,Megestrol,5.0,uM,2731,8427244.0
plate14,1,smp_2763,51,CVCL_0152,5,Megestrol__5__uM,False,,Megestrol,5.0,uM,2491,5191969.0
plate14,1,smp_2763,51,CVCL_0179,6,Megestrol__5__uM,False,,Megestrol,5.0,uM,1464,4701615.0
plate14,1,smp_2763,51,CVCL_0218,7,Megestrol__5__uM,False,,Megestrol,5.0,uM,1713,3403937.0
plate14,1,smp_2763,51,CVCL_0292,8,Megestrol__5__uM,False,,Megestrol,5.0,uM,1237,1910438.0
plate14,1,smp_2763,51,CVCL_0293,9,Megestrol__5__uM,False,,Megestrol,5.0,uM,2975,8395178.0
plate14,1,smp_2763,51,CVCL_0320,10,Megestrol__5__uM,False,,Megestrol,5.0,uM,2197,5694724.0
plate14,1,smp_2763,51,CVCL_0332,11,Megestrol__5__uM,False,,Megestrol,5.0,uM,1512,4689133.0
plate14,1,smp_2763,51,CVCL_0334,12,Megestrol__5__uM,False,,Megestrol,5.0,uM,1101,2269753.0
plate14,1,smp_2763,51,CVCL_0359,13,Megestrol__5__uM,False,,Megestrol,5.0,uM,2167,6076431.0
plate14,1,smp_2763,51,CVCL_0366,14,Megestrol__5__uM,False,,Megestrol,5.0,uM,1853,6175212.0
plate14,1,smp_2763,51,CVCL_0371,15,Megestrol__5__uM,False,,Megestrol,5.0,uM,2320,5589614.0
plate14,1,smp_2763,51,CVCL_0397,16,Megestrol__5__uM,False,,Megestrol,5.0,uM,1925,5505954.0
plate14,1,smp_2763,51,CVCL_0399,17,Megestrol__5__uM,False,,Megestrol,5.0,uM,3499,8704005.0
plate14,1,smp_2763,51,CVCL_0428,18,Megestrol__5__uM,False,,Megestrol,5.0,uM,1021,2515259.0
plate14,1,smp_2763,51,CVCL_0459,19,Megestrol__5__uM,False,,Megestrol,5.0,uM,5688,12058441.0
plate14,1,smp_2763,51,CVCL_0480,20,Megestrol__5__uM,False,,Megestrol,5.0,uM,3272,11175414.0
plate14,1,smp_2763,51,CVCL_0504,21,Megestrol__5__uM,False,,Megestrol,5.0,uM,1937,3467534.0
plate14,1,smp_2763,51,CVCL_0546,22,Megestrol__5__uM,False,,Megestrol,5.0,uM,5662,12231414.0
plate14,1,smp_2763,51,CVCL_1055,23,Megestrol__5__uM,False,,Megestrol,5.0,uM,1309,4760397.0
plate14,1,smp_2763,51,CVCL_1056,24,Megestrol__5__uM,False,,Megestrol,5.0,uM,2381,8914840.0
plate14,1,smp_2763,51,CVCL_1094,25,Megestrol__5__uM,False,,Megestrol,5.0,uM,1173,2269537.0
plate14,1,smp_2763,51,CVCL_1097,26,Megestrol__5__uM,False,,Megestrol,5.0,uM,2221,4905826.0
plate14,1,smp_2763,51,CVCL_1098,27,Megestrol__5__uM,False,,Megestrol,5.0,uM,2000,4028157.0
plate14,1,smp_2763,51,CVCL_1119,28,Megestrol__5__uM,False,,Megestrol,5.0,uM,1840,5029263.0
plate14,1,smp_2763,51,CVCL_1125,29,Megestrol__5__uM,False,,Megestrol,5.0,uM,431,690108.0
plate14,1,smp_2763,51,CVCL_1239,30,Megestrol__5__uM,False,,Megestrol,5.0,uM,977,2085979.0
plate14,1,smp_2763,51,CVCL_1285,31,Megestrol__5__uM,False,,Megestrol,5.0,uM,3215,7852157.0
plate14,1,smp_2763,51,CVCL_1381,32,Megestrol__5__uM,False,,Megestrol,5.0,uM,1708,4344905.0
plate14,1,smp_2763,51,CVCL_1478,33,Megestrol__5__uM,False,,Megestrol,5.0,uM,2409,6448123.0
plate14,1,smp_2763,51,CVCL_1495,34,Megestrol__5__uM,False,,Megestrol,5.0,uM,1677,4567912.0
plate14,1,smp_2763,51,CVCL_1517,35,Megestrol__5__uM,False,,Megestrol,5.0,uM,2792,10661587.0
plate14,1,smp_2763,51,CVCL_1531,36,Megestrol__5__uM,False,,Megestrol,5.0,uM,31,45039.0
plate14,1,smp_2763,51,CVCL_1547,37,Megestrol__5__uM,False,,Megestrol,5.0,uM,1795,4802866.0
plate14,1,smp_2763,51,CVCL_1550,38,Megestrol__5__uM,False,,Megestrol,5.0,uM,1682,6285601.0
plate14,1,smp_2763,51,CVCL_1571,39,Megestrol__5__uM,False,,Megestrol,5.0,uM,21,18810.0
plate14,1,smp_2763,51,CVCL_1577,40,Megestrol__5__uM,False,,Megestrol,5.0,uM,115,443929.0
plate14,1,smp_2763,51,CVCL_1635,41,Megestrol__5__uM,False,,Megestrol,5.0,uM,1526,4163709.0
plate14,1,smp_2763,51,CVCL_1666,42,Megestrol__5__uM,False,,Megestrol,5.0,uM,1387,2632929.0
plate14,1,smp_2763,51,CVCL_1693,43,Megestrol__5__uM,False,,Megestrol,5.0,uM,1150,2186654.0
plate14,1,smp_2763,51,CVCL_1715,44,Megestrol__5__uM,False,,Megestrol,5.0,uM,319,629132.0
plate14,1,smp_2763,51,CVCL_1716,45,Megestrol__5__uM,False,,Megestrol,5.0,uM,285,527056.0
plate14,1,smp_2763,51,CVCL_1717,46,Megestrol__5__uM,False,,Megestrol,5.0,uM,2095,6068073.0
plate14,1,smp_2763,51,CVCL_1724,47,Megestrol__5__uM,False,,Megestrol,5.0,uM,1307,2968977.0
plate14,1,smp_2763,51,CVCL_1731,48,Megestrol__5__uM,False,,Megestrol,5.0,uM,1744,4088234.0
plate14,1,smp_2763,51,CVCL_C466,49,Megestrol__5__uM,False,,Megestrol,5.0,uM,1924,3402741.0
plate14,1,smp_2798,52,CVCL_0023,0,Mitoxantrone (dihydrochloride)__5__uM,False,,Mitoxantrone (dihydrochloride),5.0,uM,1838,4682426.0
plate14,1,smp_2798,52,CVCL_0028,1,Mitoxantrone (dihydrochloride)__5__uM,False,,Mitoxantrone (dihydrochloride),5.0,uM,529,950886.0
plate14,1,smp_2798,52,CVCL_0069,2,Mitoxantrone (dihydrochloride)__5__uM,False,,Mitoxantrone (dihydrochloride),5.0,uM,950,2679320.0
plate14,1,smp_2798,52,CVCL_0099,3,Mitoxantrone (dihydrochloride)__5__uM,False,,Mitoxantrone (dihydrochloride),5.0,uM,600,1364028.0
plate14,1,smp_2798,52,CVCL_0131,4,Mitoxantrone (dihydrochloride)__5__uM,False,,Mitoxantrone (dihydrochloride),5.0,uM,1816,6302360.0
plate14,1,smp_2798,52,CVCL_0152,5,Mitoxantrone (dihydrochloride)__5__uM,False,,Mitoxantrone (dihydrochloride),5.0,uM,1957,4290114.0
plate14,1,smp_2798,52,CVCL_0179,6,Mitoxantrone (dihydrochloride)__5__uM,False,,Mitoxantrone (dihydrochloride),5.0,uM,1254,4498471.0
plate14,1,smp_2798,52,CVCL_0218,7,Mitoxantrone (dihydrochloride)__5__uM,False,,Mitoxantrone (dihydrochloride),5.0,uM,1459,3335371.0
plate14,1,smp_2798,52,CVCL_0292,8,Mitoxantrone (dihydrochloride)__5__uM,False,,Mitoxantrone (dihydrochloride),5.0,uM,1117,1907259.0
plate14,1,smp_2798,52,CVCL_0293,9,Mitoxantrone (dihydrochloride)__5__uM,False,,Mitoxantrone (dihydrochloride),5.0,uM,2265,6779052.0
plate14,1,smp_2798,52,CVCL_0320,10,Mitoxantrone (dihydrochloride)__5__uM,False,,Mitoxantrone (dihydrochloride),5.0,uM,1740,4975380.0
plate14,1,smp_2798,52,CVCL_0332,11,Mitoxantrone (dihydrochloride)__5__uM,False,,Mitoxantrone (dihydrochloride),5.0,uM,1070,3651977.0
plate14,1,smp_2798,52,CVCL_0334,12,Mitoxantrone (dihydrochloride)__5__uM,False,,Mitoxantrone (dihydrochloride),5.0,uM,796,1819636.0
plate14,1,smp_2798,52,CVCL_0359,13,Mitoxantrone (dihydrochloride)__5__uM,False,,Mitoxantrone (dihydrochloride),5.0,uM,1599,5126579.0
plate14,1,smp_2798,52,CVCL_0366,14,Mitoxantrone (dihydrochloride)__5__uM,False,,Mitoxantrone (dihydrochloride),5.0,uM,1358,5135703.0
plate14,1,smp_2798,52,CVCL_0371,15,Mitoxantrone (dihydrochloride)__5__uM,False,,Mitoxantrone (dihydrochloride),5.0,uM,1726,4754661.0
plate14,1,smp_2798,52,CVCL_0397,16,Mitoxantrone (dihydrochloride)__5__uM,False,,Mitoxantrone (dihydrochloride),5.0,uM,1605,4924456.0
plate14,1,smp_2798,52,CVCL_0399,17,Mitoxantrone (dihydrochloride)__5__uM,False,,Mitoxantrone (dihydrochloride),5.0,uM,2803,7447198.0
plate14,1,smp_2798,52,CVCL_0428,18,Mitoxantrone (dihydrochloride)__5__uM,False,,Mitoxantrone (dihydrochloride),5.0,uM,724,2070349.0
plate14,1,smp_2798,52,CVCL_0459,19,Mitoxantrone (dihydrochloride)__5__uM,False,,Mitoxantrone (dihydrochloride),5.0,uM,4375,10580717.0
plate14,1,smp_2798,52,CVCL_0480,20,Mitoxantrone (dihydrochloride)__5__uM,False,,Mitoxantrone (dihydrochloride),5.0,uM,2254,8530009.0
plate14,1,smp_2798,52,CVCL_0504,21,Mitoxantrone (dihydrochloride)__5__uM,False,,Mitoxantrone (dihydrochloride),5.0,uM,1551,3356775.0
plate14,1,smp_2798,52,CVCL_0546,22,Mitoxantrone (dihydrochloride)__5__uM,False,,Mitoxantrone (dihydrochloride),5.0,uM,4448,10751049.0
plate14,1,smp_2798,52,CVCL_1055,23,Mitoxantrone (dihydrochloride)__5__uM,False,,Mitoxantrone (dihydrochloride),5.0,uM,833,3465761.0
plate14,1,smp_2798,52,CVCL_1056,24,Mitoxantrone (dihydrochloride)__5__uM,False,,Mitoxantrone (dihydrochloride),5.0,uM,1555,6479185.0
plate14,1,smp_2798,52,CVCL_1094,25,Mitoxantrone (dihydrochloride)__5__uM,False,,Mitoxantrone (dihydrochloride),5.0,uM,1027,2296180.0
plate14,1,smp_2798,52,CVCL_1097,26,Mitoxantrone (dihydrochloride)__5__uM,False,,Mitoxantrone (dihydrochloride),5.0,uM,1713,4206602.0
plate14,1,smp_2798,52,CVCL_1098,27,Mitoxantrone (dihydrochloride)__5__uM,False,,Mitoxantrone (dihydrochloride),5.0,uM,1483,3210171.0
plate14,1,smp_2798,52,CVCL_1119,28,Mitoxantrone (dihydrochloride)__5__uM,False,,Mitoxantrone (dihydrochloride),5.0,uM,1401,4224620.0
plate14,1,smp_2798,52,CVCL_1125,29,Mitoxantrone (dihydrochloride)__5__uM,False,,Mitoxantrone (dihydrochloride),5.0,uM,407,744649.0
plate14,1,smp_2798,52,CVCL_1239,30,Mitoxantrone (dihydrochloride)__5__uM,False,,Mitoxantrone (dihydrochloride),5.0,uM,787,2032015.0
plate14,1,smp_2798,52,CVCL_1285,31,Mitoxantrone (dihydrochloride)__5__uM,False,,Mitoxantrone (dihydrochloride),5.0,uM,2328,6715320.0
plate14,1,smp_2798,52,CVCL_1381,32,Mitoxantrone (dihydrochloride)__5__uM,False,,Mitoxantrone (dihydrochloride),5.0,uM,1252,3753215.0
plate14,1,smp_2798,52,CVCL_1478,33,Mitoxantrone (dihydrochloride)__5__uM,False,,Mitoxantrone (dihydrochloride),5.0,uM,1741,4889278.0
plate14,1,smp_2798,52,CVCL_1495,34,Mitoxantrone (dihydrochloride)__5__uM,False,,Mitoxantrone (dihydrochloride),5.0,uM,1220,3658265.0
plate14,1,smp_2798,52,CVCL_1517,35,Mitoxantrone (dihydrochloride)__5__uM,False,,Mitoxantrone (dihydrochloride),5.0,uM,1948,8299889.0
plate14,1,smp_2798,52,CVCL_1531,36,Mitoxantrone (dihydrochloride)__5__uM,False,,Mitoxantrone (dihydrochloride),5.0,uM,23,38876.0
plate14,1,smp_2798,52,CVCL_1547,37,Mitoxantrone (dihydrochloride)__5__uM,False,,Mitoxantrone (dihydrochloride),5.0,uM,1396,4203884.0
plate14,1,smp_2798,52,CVCL_1550,38,Mitoxantrone (dihydrochloride)__5__uM,False,,Mitoxantrone (dihydrochloride),5.0,uM,1260,5061665.0
plate14,1,smp_2798,52,CVCL_1571,39,Mitoxantrone (dihydrochloride)__5__uM,False,,Mitoxantrone (dihydrochloride),5.0,uM,9,10047.0
plate14,1,smp_2798,52,CVCL_1577,40,Mitoxantrone (dihydrochloride)__5__uM,False,,Mitoxantrone (dihydrochloride),5.0,uM,70,314126.0
plate14,1,smp_2798,52,CVCL_1635,41,Mitoxantrone (dihydrochloride)__5__uM,False,,Mitoxantrone (dihydrochloride),5.0,uM,1092,3237402.0
plate14,1,smp_2798,52,CVCL_1666,42,Mitoxantrone (dihydrochloride)__5__uM,False,,Mitoxantrone (dihydrochloride),5.0,uM,1019,2172150.0
plate14,1,smp_2798,52,CVCL_1693,43,Mitoxantrone (dihydrochloride)__5__uM,False,,Mitoxantrone (dihydrochloride),5.0,uM,1018,2240770.0
plate14,1,smp_2798,52,CVCL_1715,44,Mitoxantrone (dihydrochloride)__5__uM,False,,Mitoxantrone (dihydrochloride),5.0,uM,279,636165.0
plate14,1,smp_2798,52,CVCL_1716,45,Mitoxantrone (dihydrochloride)__5__uM,False,,Mitoxantrone (dihydrochloride),5.0,uM,227,437353.0
plate14,1,smp_2798,52,CVCL_1717,46,Mitoxantrone (dihydrochloride)__5__uM,False,,Mitoxantrone (dihydrochloride),5.0,uM,1432,4440181.0
plate14,1,smp_2798,52,CVCL_1724,47,Mitoxantrone (dihydrochloride)__5__uM,False,,Mitoxantrone (dihydrochloride),5.0,uM,951,2347889.0
plate14,1,smp_2798,52,CVCL_1731,48,Mitoxantrone (dihydrochloride)__5__uM,False,,Mitoxantrone (dihydrochloride),5.0,uM,1249,3168969.0
plate14,1,smp_2798,52,CVCL_C466,49,Mitoxantrone (dihydrochloride)__5__uM,False,,Mitoxantrone (dihydrochloride),5.0,uM,1602,3196099.0
plate14,1,smp_2820,53,CVCL_0023,0,Neratinib (maleate)__5__uM,False,,Neratinib (maleate),5.0,uM,1569,2878042.0
plate14,1,smp_2820,53,CVCL_0028,1,Neratinib (maleate)__5__uM,False,,Neratinib (maleate),5.0,uM,319,439793.0
plate14,1,smp_2820,53,CVCL_0069,2,Neratinib (maleate)__5__uM,False,,Neratinib (maleate),5.0,uM,730,1563145.0
plate14,1,smp_2820,53,CVCL_0099,3,Neratinib (maleate)__5__uM,False,,Neratinib (maleate),5.0,uM,366,589578.0
plate14,1,smp_2820,53,CVCL_0131,4,Neratinib (maleate)__5__uM,False,,Neratinib (maleate),5.0,uM,1641,4088283.0
plate14,1,smp_2820,53,CVCL_0152,5,Neratinib (maleate)__5__uM,False,,Neratinib (maleate),5.0,uM,1533,2862415.0
plate14,1,smp_2820,53,CVCL_0179,6,Neratinib (maleate)__5__uM,False,,Neratinib (maleate),5.0,uM,737,1732784.0
plate14,1,smp_2820,53,CVCL_0218,7,Neratinib (maleate)__5__uM,False,,Neratinib (maleate),5.0,uM,782,1295419.0
plate14,1,smp_2820,53,CVCL_0292,8,Neratinib (maleate)__5__uM,False,,Neratinib (maleate),5.0,uM,752,1003331.0
plate14,1,smp_2820,53,CVCL_0293,9,Neratinib (maleate)__5__uM,False,,Neratinib (maleate),5.0,uM,1854,4724820.0
plate14,1,smp_2820,53,CVCL_0320,10,Neratinib (maleate)__5__uM,False,,Neratinib (maleate),5.0,uM,1204,2568903.0
plate14,1,smp_2820,53,CVCL_0332,11,Neratinib (maleate)__5__uM,False,,Neratinib (maleate),5.0,uM,857,2126371.0
plate14,1,smp_2820,53,CVCL_0334,12,Neratinib (maleate)__5__uM,False,,Neratinib (maleate),5.0,uM,590,1019678.0
plate14,1,smp_2820,53,CVCL_0359,13,Neratinib (maleate)__5__uM,False,,Neratinib (maleate),5.0,uM,1373,2920278.0
plate14,1,smp_2820,53,CVCL_0366,14,Neratinib (maleate)__5__uM,False,,Neratinib (maleate),5.0,uM,1037,2819190.0
plate14,1,smp_2820,53,CVCL_0371,15,Neratinib (maleate)__5__uM,False,,Neratinib (maleate),5.0,uM,1334,2601089.0
plate14,1,smp_2820,53,CVCL_0397,16,Neratinib (maleate)__5__uM,False,,Neratinib (maleate),5.0,uM,1050,2563680.0
plate14,1,smp_2820,53,CVCL_0399,17,Neratinib (maleate)__5__uM,False,,Neratinib (maleate),5.0,uM,2050,4489777.0
plate14,1,smp_2820,53,CVCL_0428,18,Neratinib (maleate)__5__uM,False,,Neratinib (maleate),5.0,uM,588,1126818.0
plate14,1,smp_2820,53,CVCL_0459,19,Neratinib (maleate)__5__uM,False,,Neratinib (maleate),5.0,uM,2851,4882706.0
plate14,1,smp_2820,53,CVCL_0480,20,Neratinib (maleate)__5__uM,False,,Neratinib (maleate),5.0,uM,1785,4922452.0
plate14,1,smp_2820,53,CVCL_0504,21,Neratinib (maleate)__5__uM,False,,Neratinib (maleate),5.0,uM,1046,1563172.0
plate14,1,smp_2820,53,CVCL_0546,22,Neratinib (maleate)__5__uM,False,,Neratinib (maleate),5.0,uM,3114,5442653.0
plate14,1,smp_2820,53,CVCL_1055,23,Neratinib (maleate)__5__uM,False,,Neratinib (maleate),5.0,uM,953,2678594.0
plate14,1,smp_2820,53,CVCL_1056,24,Neratinib (maleate)__5__uM,False,,Neratinib (maleate),5.0,uM,1387,3931308.0
plate14,1,smp_2820,53,CVCL_1094,25,Neratinib (maleate)__5__uM,False,,Neratinib (maleate),5.0,uM,746,1199934.0
plate14,1,smp_2820,53,CVCL_1097,26,Neratinib (maleate)__5__uM,False,,Neratinib (maleate),5.0,uM,1234,2290894.0
plate14,1,smp_2820,53,CVCL_1098,27,Neratinib (maleate)__5__uM,False,,Neratinib (maleate),5.0,uM,1046,1723583.0
plate14,1,smp_2820,53,CVCL_1119,28,Neratinib (maleate)__5__uM,False,,Neratinib (maleate),5.0,uM,1255,2771173.0
plate14,1,smp_2820,53,CVCL_1125,29,Neratinib (maleate)__5__uM,False,,Neratinib (maleate),5.0,uM,216,300973.0
plate14,1,smp_2820,53,CVCL_1239,30,Neratinib (maleate)__5__uM,False,,Neratinib (maleate),5.0,uM,489,854462.0
plate14,1,smp_2820,53,CVCL_1285,31,Neratinib (maleate)__5__uM,False,,Neratinib (maleate),5.0,uM,1642,3377263.0
plate14,1,smp_2820,53,CVCL_1381,32,Neratinib (maleate)__5__uM,False,,Neratinib (maleate),5.0,uM,1064,2156267.0
plate14,1,smp_2820,53,CVCL_1478,33,Neratinib (maleate)__5__uM,False,,Neratinib (maleate),5.0,uM,1247,3030314.0
plate14,1,smp_2820,53,CVCL_1495,34,Neratinib (maleate)__5__uM,False,,Neratinib (maleate),5.0,uM,905,1966779.0
plate14,1,smp_2820,53,CVCL_1517,35,Neratinib (maleate)__5__uM,False,,Neratinib (maleate),5.0,uM,1477,4471469.0
plate14,1,smp_2820,53,CVCL_1531,36,Neratinib (maleate)__5__uM,False,,Neratinib (maleate),5.0,uM,20,23607.0
plate14,1,smp_2820,53,CVCL_1547,37,Neratinib (maleate)__5__uM,False,,Neratinib (maleate),5.0,uM,1203,2537744.0
plate14,1,smp_2820,53,CVCL_1550,38,Neratinib (maleate)__5__uM,False,,Neratinib (maleate),5.0,uM,1356,4441547.0
plate14,1,smp_2820,53,CVCL_1571,39,Neratinib (maleate)__5__uM,False,,Neratinib (maleate),5.0,uM,11,11206.0
plate14,1,smp_2820,53,CVCL_1577,40,Neratinib (maleate)__5__uM,False,,Neratinib (maleate),5.0,uM,90,301252.0
plate14,1,smp_2820,53,CVCL_1635,41,Neratinib (maleate)__5__uM,False,,Neratinib (maleate),5.0,uM,995,2189321.0
plate14,1,smp_2820,53,CVCL_1666,42,Neratinib (maleate)__5__uM,False,,Neratinib (maleate),5.0,uM,768,1233275.0
plate14,1,smp_2820,53,CVCL_1693,43,Neratinib (maleate)__5__uM,False,,Neratinib (maleate),5.0,uM,646,948353.0
plate14,1,smp_2820,53,CVCL_1715,44,Neratinib (maleate)__5__uM,False,,Neratinib (maleate),5.0,uM,83,116773.0
plate14,1,smp_2820,53,CVCL_1716,45,Neratinib (maleate)__5__uM,False,,Neratinib (maleate),5.0,uM,113,188651.0
plate14,1,smp_2820,53,CVCL_1717,46,Neratinib (maleate)__5__uM,False,,Neratinib (maleate),5.0,uM,1204,2820405.0
plate14,1,smp_2820,53,CVCL_1724,47,Neratinib (maleate)__5__uM,False,,Neratinib (maleate),5.0,uM,656,1256112.0
plate14,1,smp_2820,53,CVCL_1731,48,Neratinib (maleate)__5__uM,False,,Neratinib (maleate),5.0,uM,920,1788009.0
plate14,1,smp_2820,53,CVCL_C466,49,Neratinib (maleate)__5__uM,False,,Neratinib (maleate),5.0,uM,779,1136483.0
plate14,1,smp_2794,54,CVCL_0023,0,Norepinephrine (hydrochloride)__5__uM,False,,Norepinephrine (hydrochloride),5.0,uM,1844,3491561.0
plate14,1,smp_2794,54,CVCL_0028,1,Norepinephrine (hydrochloride)__5__uM,False,,Norepinephrine (hydrochloride),5.0,uM,397,587477.0
plate14,1,smp_2794,54,CVCL_0069,2,Norepinephrine (hydrochloride)__5__uM,False,,Norepinephrine (hydrochloride),5.0,uM,989,2168484.0
plate14,1,smp_2794,54,CVCL_0099,3,Norepinephrine (hydrochloride)__5__uM,False,,Norepinephrine (hydrochloride),5.0,uM,514,881117.0
plate14,1,smp_2794,54,CVCL_0131,4,Norepinephrine (hydrochloride)__5__uM,False,,Norepinephrine (hydrochloride),5.0,uM,1956,5344584.0
plate14,1,smp_2794,54,CVCL_0152,5,Norepinephrine (hydrochloride)__5__uM,False,,Norepinephrine (hydrochloride),5.0,uM,1799,3332553.0
plate14,1,smp_2794,54,CVCL_0179,6,Norepinephrine (hydrochloride)__5__uM,False,,Norepinephrine (hydrochloride),5.0,uM,1115,3205387.0
plate14,1,smp_2794,54,CVCL_0218,7,Norepinephrine (hydrochloride)__5__uM,False,,Norepinephrine (hydrochloride),5.0,uM,1269,2305982.0
plate14,1,smp_2794,54,CVCL_0292,8,Norepinephrine (hydrochloride)__5__uM,False,,Norepinephrine (hydrochloride),5.0,uM,773,1050460.0
plate14,1,smp_2794,54,CVCL_0293,9,Norepinephrine (hydrochloride)__5__uM,False,,Norepinephrine (hydrochloride),5.0,uM,2331,5848263.0
plate14,1,smp_2794,54,CVCL_0320,10,Norepinephrine (hydrochloride)__5__uM,False,,Norepinephrine (hydrochloride),5.0,uM,1718,3862940.0
plate14,1,smp_2794,54,CVCL_0332,11,Norepinephrine (hydrochloride)__5__uM,False,,Norepinephrine (hydrochloride),5.0,uM,1039,2805421.0
plate14,1,smp_2794,54,CVCL_0334,12,Norepinephrine (hydrochloride)__5__uM,False,,Norepinephrine (hydrochloride),5.0,uM,813,1471639.0
plate14,1,smp_2794,54,CVCL_0359,13,Norepinephrine (hydrochloride)__5__uM,False,,Norepinephrine (hydrochloride),5.0,uM,1620,3860904.0
plate14,1,smp_2794,54,CVCL_0366,14,Norepinephrine (hydrochloride)__5__uM,False,,Norepinephrine (hydrochloride),5.0,uM,1350,3936825.0
plate14,1,smp_2794,54,CVCL_0371,15,Norepinephrine (hydrochloride)__5__uM,False,,Norepinephrine (hydrochloride),5.0,uM,1627,3495666.0
plate14,1,smp_2794,54,CVCL_0397,16,Norepinephrine (hydrochloride)__5__uM,False,,Norepinephrine (hydrochloride),5.0,uM,1464,3685377.0
plate14,1,smp_2794,54,CVCL_0399,17,Norepinephrine (hydrochloride)__5__uM,False,,Norepinephrine (hydrochloride),5.0,uM,2614,5819435.0
plate14,1,smp_2794,54,CVCL_0428,18,Norepinephrine (hydrochloride)__5__uM,False,,Norepinephrine (hydrochloride),5.0,uM,591,1224228.0
plate14,1,smp_2794,54,CVCL_0459,19,Norepinephrine (hydrochloride)__5__uM,False,,Norepinephrine (hydrochloride),5.0,uM,3975,7368645.0
plate14,1,smp_2794,54,CVCL_0480,20,Norepinephrine (hydrochloride)__5__uM,False,,Norepinephrine (hydrochloride),5.0,uM,2271,6605253.0
plate14,1,smp_2794,54,CVCL_0504,21,Norepinephrine (hydrochloride)__5__uM,False,,Norepinephrine (hydrochloride),5.0,uM,1364,2204411.0
plate14,1,smp_2794,54,CVCL_0546,22,Norepinephrine (hydrochloride)__5__uM,False,,Norepinephrine (hydrochloride),5.0,uM,3933,7481225.0
plate14,1,smp_2794,54,CVCL_1055,23,Norepinephrine (hydrochloride)__5__uM,False,,Norepinephrine (hydrochloride),5.0,uM,931,3064961.0
plate14,1,smp_2794,54,CVCL_1056,24,Norepinephrine (hydrochloride)__5__uM,False,,Norepinephrine (hydrochloride),5.0,uM,1695,5490357.0
plate14,1,smp_2794,54,CVCL_1094,25,Norepinephrine (hydrochloride)__5__uM,False,,Norepinephrine (hydrochloride),5.0,uM,836,1432641.0
plate14,1,smp_2794,54,CVCL_1097,26,Norepinephrine (hydrochloride)__5__uM,False,,Norepinephrine (hydrochloride),5.0,uM,1602,3063611.0
plate14,1,smp_2794,54,CVCL_1098,27,Norepinephrine (hydrochloride)__5__uM,False,,Norepinephrine (hydrochloride),5.0,uM,1438,2576992.0
plate14,1,smp_2794,54,CVCL_1119,28,Norepinephrine (hydrochloride)__5__uM,False,,Norepinephrine (hydrochloride),5.0,uM,1403,3362762.0
plate14,1,smp_2794,54,CVCL_1125,29,Norepinephrine (hydrochloride)__5__uM,False,,Norepinephrine (hydrochloride),5.0,uM,301,412142.0
plate14,1,smp_2794,54,CVCL_1239,30,Norepinephrine (hydrochloride)__5__uM,False,,Norepinephrine (hydrochloride),5.0,uM,735,1420343.0
plate14,1,smp_2794,54,CVCL_1285,31,Norepinephrine (hydrochloride)__5__uM,False,,Norepinephrine (hydrochloride),5.0,uM,2294,4970665.0
plate14,1,smp_2794,54,CVCL_1381,32,Norepinephrine (hydrochloride)__5__uM,False,,Norepinephrine (hydrochloride),5.0,uM,1299,2997763.0
plate14,1,smp_2794,54,CVCL_1478,33,Norepinephrine (hydrochloride)__5__uM,False,,Norepinephrine (hydrochloride),5.0,uM,1716,4080641.0
plate14,1,smp_2794,54,CVCL_1495,34,Norepinephrine (hydrochloride)__5__uM,False,,Norepinephrine (hydrochloride),5.0,uM,1164,2672274.0
plate14,1,smp_2794,54,CVCL_1517,35,Norepinephrine (hydrochloride)__5__uM,False,,Norepinephrine (hydrochloride),5.0,uM,2042,6858654.0
plate14,1,smp_2794,54,CVCL_1531,36,Norepinephrine (hydrochloride)__5__uM,False,,Norepinephrine (hydrochloride),5.0,uM,21,32799.0
plate14,1,smp_2794,54,CVCL_1547,37,Norepinephrine (hydrochloride)__5__uM,False,,Norepinephrine (hydrochloride),5.0,uM,1411,3200771.0
plate14,1,smp_2794,54,CVCL_1550,38,Norepinephrine (hydrochloride)__5__uM,False,,Norepinephrine (hydrochloride),5.0,uM,1271,4440792.0
plate14,1,smp_2794,54,CVCL_1571,39,Norepinephrine (hydrochloride)__5__uM,False,,Norepinephrine (hydrochloride),5.0,uM,10,9863.0
plate14,1,smp_2794,54,CVCL_1577,40,Norepinephrine (hydrochloride)__5__uM,False,,Norepinephrine (hydrochloride),5.0,uM,92,328357.0
plate14,1,smp_2794,54,CVCL_1635,41,Norepinephrine (hydrochloride)__5__uM,False,,Norepinephrine (hydrochloride),5.0,uM,1139,2710520.0
plate14,1,smp_2794,54,CVCL_1666,42,Norepinephrine (hydrochloride)__5__uM,False,,Norepinephrine (hydrochloride),5.0,uM,927,1590993.0
plate14,1,smp_2794,54,CVCL_1693,43,Norepinephrine (hydrochloride)__5__uM,False,,Norepinephrine (hydrochloride),5.0,uM,805,1322280.0
plate14,1,smp_2794,54,CVCL_1715,44,Norepinephrine (hydrochloride)__5__uM,False,,Norepinephrine (hydrochloride),5.0,uM,218,396149.0
plate14,1,smp_2794,54,CVCL_1716,45,Norepinephrine (hydrochloride)__5__uM,False,,Norepinephrine (hydrochloride),5.0,uM,183,286363.0
plate14,1,smp_2794,54,CVCL_1717,46,Norepinephrine (hydrochloride)__5__uM,False,,Norepinephrine (hydrochloride),5.0,uM,1471,3788176.0
plate14,1,smp_2794,54,CVCL_1724,47,Norepinephrine (hydrochloride)__5__uM,False,,Norepinephrine (hydrochloride),5.0,uM,881,1758358.0
plate14,1,smp_2794,54,CVCL_1731,48,Norepinephrine (hydrochloride)__5__uM,False,,Norepinephrine (hydrochloride),5.0,uM,1277,2573907.0
plate14,1,smp_2794,54,CVCL_C466,49,Norepinephrine (hydrochloride)__5__uM,False,,Norepinephrine (hydrochloride),5.0,uM,1313,2010405.0
plate14,1,smp_2810,55,CVCL_0023,0,Olanzapine__5__uM,False,,Olanzapine,5.0,uM,1675,4122306.0
plate14,1,smp_2810,55,CVCL_0028,1,Olanzapine__5__uM,False,,Olanzapine,5.0,uM,420,755548.0
plate14,1,smp_2810,55,CVCL_0069,2,Olanzapine__5__uM,False,,Olanzapine,5.0,uM,851,2329651.0
plate14,1,smp_2810,55,CVCL_0099,3,Olanzapine__5__uM,False,,Olanzapine,5.0,uM,501,1084082.0
plate14,1,smp_2810,55,CVCL_0131,4,Olanzapine__5__uM,False,,Olanzapine,5.0,uM,1857,6465391.0
plate14,1,smp_2810,55,CVCL_0152,5,Olanzapine__5__uM,False,,Olanzapine,5.0,uM,1811,3773109.0
plate14,1,smp_2810,55,CVCL_0179,6,Olanzapine__5__uM,False,,Olanzapine,5.0,uM,984,3496684.0
plate14,1,smp_2810,55,CVCL_0218,7,Olanzapine__5__uM,False,,Olanzapine,5.0,uM,1150,2511202.0
plate14,1,smp_2810,55,CVCL_0292,8,Olanzapine__5__uM,False,,Olanzapine,5.0,uM,863,1443222.0
plate14,1,smp_2810,55,CVCL_0293,9,Olanzapine__5__uM,False,,Olanzapine,5.0,uM,2261,6283793.0
plate14,1,smp_2810,55,CVCL_0320,10,Olanzapine__5__uM,False,,Olanzapine,5.0,uM,1623,4454823.0
plate14,1,smp_2810,55,CVCL_0332,11,Olanzapine__5__uM,False,,Olanzapine,5.0,uM,826,2636507.0
plate14,1,smp_2810,55,CVCL_0334,12,Olanzapine__5__uM,False,,Olanzapine,5.0,uM,727,1658315.0
plate14,1,smp_2810,55,CVCL_0359,13,Olanzapine__5__uM,False,,Olanzapine,5.0,uM,1307,3954581.0
plate14,1,smp_2810,55,CVCL_0366,14,Olanzapine__5__uM,False,,Olanzapine,5.0,uM,1269,4633457.0
plate14,1,smp_2810,55,CVCL_0371,15,Olanzapine__5__uM,False,,Olanzapine,5.0,uM,1659,4413054.0
plate14,1,smp_2810,55,CVCL_0397,16,Olanzapine__5__uM,False,,Olanzapine,5.0,uM,1434,3984881.0
plate14,1,smp_2810,55,CVCL_0399,17,Olanzapine__5__uM,False,,Olanzapine,5.0,uM,2538,6408449.0
plate14,1,smp_2810,55,CVCL_0428,18,Olanzapine__5__uM,False,,Olanzapine,5.0,uM,591,1667294.0
plate14,1,smp_2810,55,CVCL_0459,19,Olanzapine__5__uM,False,,Olanzapine,5.0,uM,3921,8997310.0
plate14,1,smp_2810,55,CVCL_0480,20,Olanzapine__5__uM,False,,Olanzapine,5.0,uM,1972,6913441.0
plate14,1,smp_2810,55,CVCL_0504,21,Olanzapine__5__uM,False,,Olanzapine,5.0,uM,1307,2704341.0
plate14,1,smp_2810,55,CVCL_0546,22,Olanzapine__5__uM,False,,Olanzapine,5.0,uM,4002,9300367.0
plate14,1,smp_2810,55,CVCL_1055,23,Olanzapine__5__uM,False,,Olanzapine,5.0,uM,640,2562061.0
plate14,1,smp_2810,55,CVCL_1056,24,Olanzapine__5__uM,False,,Olanzapine,5.0,uM,1590,6495163.0
plate14,1,smp_2810,55,CVCL_1094,25,Olanzapine__5__uM,False,,Olanzapine,5.0,uM,811,1772736.0
plate14,1,smp_2810,55,CVCL_1097,26,Olanzapine__5__uM,False,,Olanzapine,5.0,uM,1488,3557679.0
plate14,1,smp_2810,55,CVCL_1098,27,Olanzapine__5__uM,False,,Olanzapine,5.0,uM,1453,2932844.0
plate14,1,smp_2810,55,CVCL_1119,28,Olanzapine__5__uM,False,,Olanzapine,5.0,uM,1230,3525000.0
plate14,1,smp_2810,55,CVCL_1125,29,Olanzapine__5__uM,False,,Olanzapine,5.0,uM,312,534056.0
plate14,1,smp_2810,55,CVCL_1239,30,Olanzapine__5__uM,False,,Olanzapine,5.0,uM,651,1586075.0
plate14,1,smp_2810,55,CVCL_1285,31,Olanzapine__5__uM,False,,Olanzapine,5.0,uM,2052,5675894.0
plate14,1,smp_2810,55,CVCL_1381,32,Olanzapine__5__uM,False,,Olanzapine,5.0,uM,1095,3110869.0
plate14,1,smp_2810,55,CVCL_1478,33,Olanzapine__5__uM,False,,Olanzapine,5.0,uM,1640,4286385.0
plate14,1,smp_2810,55,CVCL_1495,34,Olanzapine__5__uM,False,,Olanzapine,5.0,uM,1047,2934764.0
plate14,1,smp_2810,55,CVCL_1517,35,Olanzapine__5__uM,False,,Olanzapine,5.0,uM,1814,7484788.0
plate14,1,smp_2810,55,CVCL_1531,36,Olanzapine__5__uM,False,,Olanzapine,5.0,uM,19,25831.0
plate14,1,smp_2810,55,CVCL_1547,37,Olanzapine__5__uM,False,,Olanzapine,5.0,uM,1150,3196934.0
plate14,1,smp_2810,55,CVCL_1550,38,Olanzapine__5__uM,False,,Olanzapine,5.0,uM,1272,5000959.0
plate14,1,smp_2810,55,CVCL_1571,39,Olanzapine__5__uM,False,,Olanzapine,5.0,uM,11,11949.0
plate14,1,smp_2810,55,CVCL_1577,40,Olanzapine__5__uM,False,,Olanzapine,5.0,uM,68,268474.0
plate14,1,smp_2810,55,CVCL_1635,41,Olanzapine__5__uM,False,,Olanzapine,5.0,uM,1082,3091398.0
plate14,1,smp_2810,55,CVCL_1666,42,Olanzapine__5__uM,False,,Olanzapine,5.0,uM,972,1960929.0
plate14,1,smp_2810,55,CVCL_1693,43,Olanzapine__5__uM,False,,Olanzapine,5.0,uM,767,1575764.0
plate14,1,smp_2810,55,CVCL_1715,44,Olanzapine__5__uM,False,,Olanzapine,5.0,uM,201,442527.0
plate14,1,smp_2810,55,CVCL_1716,45,Olanzapine__5__uM,False,,Olanzapine,5.0,uM,155,314928.0
plate14,1,smp_2810,55,CVCL_1717,46,Olanzapine__5__uM,False,,Olanzapine,5.0,uM,1368,4084970.0
plate14,1,smp_2810,55,CVCL_1724,47,Olanzapine__5__uM,False,,Olanzapine,5.0,uM,885,2083817.0
plate14,1,smp_2810,55,CVCL_1731,48,Olanzapine__5__uM,False,,Olanzapine,5.0,uM,1150,2871103.0
plate14,1,smp_2810,55,CVCL_C466,49,Olanzapine__5__uM,False,,Olanzapine,5.0,uM,1430,2772518.0
plate14,1,smp_2752,56,CVCL_0023,0,Palmatine (chloride)__5__uM,False,,Palmatine (chloride),5.0,uM,1944,3416939.0
plate14,1,smp_2752,56,CVCL_0028,1,Palmatine (chloride)__5__uM,False,,Palmatine (chloride),5.0,uM,418,577099.0
plate14,1,smp_2752,56,CVCL_0069,2,Palmatine (chloride)__5__uM,False,,Palmatine (chloride),5.0,uM,1045,2148167.0
plate14,1,smp_2752,56,CVCL_0099,3,Palmatine (chloride)__5__uM,False,,Palmatine (chloride),5.0,uM,526,876928.0
plate14,1,smp_2752,56,CVCL_0131,4,Palmatine (chloride)__5__uM,False,,Palmatine (chloride),5.0,uM,2450,5811177.0
plate14,1,smp_2752,56,CVCL_0152,5,Palmatine (chloride)__5__uM,False,,Palmatine (chloride),5.0,uM,1724,2903035.0
plate14,1,smp_2752,56,CVCL_0179,6,Palmatine (chloride)__5__uM,False,,Palmatine (chloride),5.0,uM,1105,2657787.0
plate14,1,smp_2752,56,CVCL_0218,7,Palmatine (chloride)__5__uM,False,,Palmatine (chloride),5.0,uM,1228,1892972.0
plate14,1,smp_2752,56,CVCL_0292,8,Palmatine (chloride)__5__uM,False,,Palmatine (chloride),5.0,uM,948,1279155.0
plate14,1,smp_2752,56,CVCL_0293,9,Palmatine (chloride)__5__uM,False,,Palmatine (chloride),5.0,uM,2546,5670704.0
plate14,1,smp_2752,56,CVCL_0320,10,Palmatine (chloride)__5__uM,False,,Palmatine (chloride),5.0,uM,1784,3599571.0
plate14,1,smp_2752,56,CVCL_0332,11,Palmatine (chloride)__5__uM,False,,Palmatine (chloride),5.0,uM,1128,2618282.0
plate14,1,smp_2752,56,CVCL_0334,12,Palmatine (chloride)__5__uM,False,,Palmatine (chloride),5.0,uM,909,1472564.0
plate14,1,smp_2752,56,CVCL_0359,13,Palmatine (chloride)__5__uM,False,,Palmatine (chloride),5.0,uM,1868,4104258.0
plate14,1,smp_2752,56,CVCL_0366,14,Palmatine (chloride)__5__uM,False,,Palmatine (chloride),5.0,uM,1499,3872002.0
plate14,1,smp_2752,56,CVCL_0371,15,Palmatine (chloride)__5__uM,False,,Palmatine (chloride),5.0,uM,1820,3503605.0
plate14,1,smp_2752,56,CVCL_0397,16,Palmatine (chloride)__5__uM,False,,Palmatine (chloride),5.0,uM,1637,3549005.0
plate14,1,smp_2752,56,CVCL_0399,17,Palmatine (chloride)__5__uM,False,,Palmatine (chloride),5.0,uM,2646,5282043.0
plate14,1,smp_2752,56,CVCL_0428,18,Palmatine (chloride)__5__uM,False,,Palmatine (chloride),5.0,uM,830,1648752.0
plate14,1,smp_2752,56,CVCL_0459,19,Palmatine (chloride)__5__uM,False,,Palmatine (chloride),5.0,uM,4518,7556409.0
plate14,1,smp_2752,56,CVCL_0480,20,Palmatine (chloride)__5__uM,False,,Palmatine (chloride),5.0,uM,2526,6201114.0
plate14,1,smp_2752,56,CVCL_0504,21,Palmatine (chloride)__5__uM,False,,Palmatine (chloride),5.0,uM,1501,2294819.0
plate14,1,smp_2752,56,CVCL_0546,22,Palmatine (chloride)__5__uM,False,,Palmatine (chloride),5.0,uM,4403,7728394.0
plate14,1,smp_2752,56,CVCL_1055,23,Palmatine (chloride)__5__uM,False,,Palmatine (chloride),5.0,uM,887,2579346.0
plate14,1,smp_2752,56,CVCL_1056,24,Palmatine (chloride)__5__uM,False,,Palmatine (chloride),5.0,uM,1993,5750941.0
plate14,1,smp_2752,56,CVCL_1094,25,Palmatine (chloride)__5__uM,False,,Palmatine (chloride),5.0,uM,944,1584472.0
plate14,1,smp_2752,56,CVCL_1097,26,Palmatine (chloride)__5__uM,False,,Palmatine (chloride),5.0,uM,1738,2966362.0
plate14,1,smp_2752,56,CVCL_1098,27,Palmatine (chloride)__5__uM,False,,Palmatine (chloride),5.0,uM,1165,1762558.0
plate14,1,smp_2752,56,CVCL_1119,28,Palmatine (chloride)__5__uM,False,,Palmatine (chloride),5.0,uM,1617,3312133.0
plate14,1,smp_2752,56,CVCL_1125,29,Palmatine (chloride)__5__uM,False,,Palmatine (chloride),5.0,uM,275,367162.0
plate14,1,smp_2752,56,CVCL_1239,30,Palmatine (chloride)__5__uM,False,,Palmatine (chloride),5.0,uM,817,1380140.0
plate14,1,smp_2752,56,CVCL_1285,31,Palmatine (chloride)__5__uM,False,,Palmatine (chloride),5.0,uM,2648,5104599.0
plate14,1,smp_2752,56,CVCL_1381,32,Palmatine (chloride)__5__uM,False,,Palmatine (chloride),5.0,uM,1429,3090618.0
plate14,1,smp_2752,56,CVCL_1478,33,Palmatine (chloride)__5__uM,False,,Palmatine (chloride),5.0,uM,1610,3365734.0
plate14,1,smp_2752,56,CVCL_1495,34,Palmatine (chloride)__5__uM,False,,Palmatine (chloride),5.0,uM,1298,2650137.0
plate14,1,smp_2752,56,CVCL_1517,35,Palmatine (chloride)__5__uM,False,,Palmatine (chloride),5.0,uM,2260,6508945.0
plate14,1,smp_2752,56,CVCL_1531,36,Palmatine (chloride)__5__uM,False,,Palmatine (chloride),5.0,uM,24,26347.0
plate14,1,smp_2752,56,CVCL_1547,37,Palmatine (chloride)__5__uM,False,,Palmatine (chloride),5.0,uM,1529,3040560.0
plate14,1,smp_2752,56,CVCL_1550,38,Palmatine (chloride)__5__uM,False,,Palmatine (chloride),5.0,uM,1769,5295704.0
plate14,1,smp_2752,56,CVCL_1571,39,Palmatine (chloride)__5__uM,False,,Palmatine (chloride),5.0,uM,11,10801.0
plate14,1,smp_2752,56,CVCL_1577,40,Palmatine (chloride)__5__uM,False,,Palmatine (chloride),5.0,uM,94,306358.0
plate14,1,smp_2752,56,CVCL_1635,41,Palmatine (chloride)__5__uM,False,,Palmatine (chloride),5.0,uM,1268,2591732.0
plate14,1,smp_2752,56,CVCL_1666,42,Palmatine (chloride)__5__uM,False,,Palmatine (chloride),5.0,uM,1076,1681680.0
plate14,1,smp_2752,56,CVCL_1693,43,Palmatine (chloride)__5__uM,False,,Palmatine (chloride),5.0,uM,804,1208975.0
plate14,1,smp_2752,56,CVCL_1715,44,Palmatine (chloride)__5__uM,False,,Palmatine (chloride),5.0,uM,250,399850.0
plate14,1,smp_2752,56,CVCL_1716,45,Palmatine (chloride)__5__uM,False,,Palmatine (chloride),5.0,uM,244,356835.0
plate14,1,smp_2752,56,CVCL_1717,46,Palmatine (chloride)__5__uM,False,,Palmatine (chloride),5.0,uM,1524,3571603.0
plate14,1,smp_2752,56,CVCL_1724,47,Palmatine (chloride)__5__uM,False,,Palmatine (chloride),5.0,uM,885,1545560.0
plate14,1,smp_2752,56,CVCL_1731,48,Palmatine (chloride)__5__uM,False,,Palmatine (chloride),5.0,uM,1351,2426485.0
plate14,1,smp_2752,56,CVCL_C466,49,Palmatine (chloride)__5__uM,False,,Palmatine (chloride),5.0,uM,1388,1954575.0
plate14,1,smp_2750,57,CVCL_0023,0,Pasireotide (acetate)__5__uM,False,,Pasireotide (acetate),5.0,uM,1888,4019760.0
plate14,1,smp_2750,57,CVCL_0028,1,Pasireotide (acetate)__5__uM,False,,Pasireotide (acetate),5.0,uM,413,660819.0
plate14,1,smp_2750,57,CVCL_0069,2,Pasireotide (acetate)__5__uM,False,,Pasireotide (acetate),5.0,uM,893,2071177.0
plate14,1,smp_2750,57,CVCL_0099,3,Pasireotide (acetate)__5__uM,False,,Pasireotide (acetate),5.0,uM,573,1045391.0
plate14,1,smp_2750,57,CVCL_0131,4,Pasireotide (acetate)__5__uM,False,,Pasireotide (acetate),5.0,uM,2161,6301439.0
plate14,1,smp_2750,57,CVCL_0152,5,Pasireotide (acetate)__5__uM,False,,Pasireotide (acetate),5.0,uM,2170,3939620.0
plate14,1,smp_2750,57,CVCL_0179,6,Pasireotide (acetate)__5__uM,False,,Pasireotide (acetate),5.0,uM,1003,2908494.0
plate14,1,smp_2750,57,CVCL_0218,7,Pasireotide (acetate)__5__uM,False,,Pasireotide (acetate),5.0,uM,1207,2232001.0
plate14,1,smp_2750,57,CVCL_0292,8,Pasireotide (acetate)__5__uM,False,,Pasireotide (acetate),5.0,uM,1149,1787891.0
plate14,1,smp_2750,57,CVCL_0293,9,Pasireotide (acetate)__5__uM,False,,Pasireotide (acetate),5.0,uM,2622,6622717.0
plate14,1,smp_2750,57,CVCL_0320,10,Pasireotide (acetate)__5__uM,False,,Pasireotide (acetate),5.0,uM,1679,4066951.0
plate14,1,smp_2750,57,CVCL_0332,11,Pasireotide (acetate)__5__uM,False,,Pasireotide (acetate),5.0,uM,1009,2823578.0
plate14,1,smp_2750,57,CVCL_0334,12,Pasireotide (acetate)__5__uM,False,,Pasireotide (acetate),5.0,uM,839,1730571.0
plate14,1,smp_2750,57,CVCL_0359,13,Pasireotide (acetate)__5__uM,False,,Pasireotide (acetate),5.0,uM,1567,3932580.0
plate14,1,smp_2750,57,CVCL_0366,14,Pasireotide (acetate)__5__uM,False,,Pasireotide (acetate),5.0,uM,1156,3428211.0
plate14,1,smp_2750,57,CVCL_0371,15,Pasireotide (acetate)__5__uM,False,,Pasireotide (acetate),5.0,uM,1735,4181836.0
plate14,1,smp_2750,57,CVCL_0397,16,Pasireotide (acetate)__5__uM,False,,Pasireotide (acetate),5.0,uM,1591,4095943.0
plate14,1,smp_2750,57,CVCL_0399,17,Pasireotide (acetate)__5__uM,False,,Pasireotide (acetate),5.0,uM,2950,6759517.0
plate14,1,smp_2750,57,CVCL_0428,18,Pasireotide (acetate)__5__uM,False,,Pasireotide (acetate),5.0,uM,777,1826883.0
plate14,1,smp_2750,57,CVCL_0459,19,Pasireotide (acetate)__5__uM,False,,Pasireotide (acetate),5.0,uM,3407,6563765.0
plate14,1,smp_2750,57,CVCL_0480,20,Pasireotide (acetate)__5__uM,False,,Pasireotide (acetate),5.0,uM,2070,6201814.0
plate14,1,smp_2750,57,CVCL_0504,21,Pasireotide (acetate)__5__uM,False,,Pasireotide (acetate),5.0,uM,1078,1923001.0
plate14,1,smp_2750,57,CVCL_0546,22,Pasireotide (acetate)__5__uM,False,,Pasireotide (acetate),5.0,uM,3749,7753820.0
plate14,1,smp_2750,57,CVCL_1055,23,Pasireotide (acetate)__5__uM,False,,Pasireotide (acetate),5.0,uM,710,2303904.0
plate14,1,smp_2750,57,CVCL_1056,24,Pasireotide (acetate)__5__uM,False,,Pasireotide (acetate),5.0,uM,1925,6343666.0
plate14,1,smp_2750,57,CVCL_1094,25,Pasireotide (acetate)__5__uM,False,,Pasireotide (acetate),5.0,uM,1058,1997257.0
plate14,1,smp_2750,57,CVCL_1097,26,Pasireotide (acetate)__5__uM,False,,Pasireotide (acetate),5.0,uM,1539,3132816.0
plate14,1,smp_2750,57,CVCL_1098,27,Pasireotide (acetate)__5__uM,False,,Pasireotide (acetate),5.0,uM,1202,2081868.0
plate14,1,smp_2750,57,CVCL_1119,28,Pasireotide (acetate)__5__uM,False,,Pasireotide (acetate),5.0,uM,1804,4323937.0
plate14,1,smp_2750,57,CVCL_1125,29,Pasireotide (acetate)__5__uM,False,,Pasireotide (acetate),5.0,uM,344,549308.0
plate14,1,smp_2750,57,CVCL_1239,30,Pasireotide (acetate)__5__uM,False,,Pasireotide (acetate),5.0,uM,633,1233521.0
plate14,1,smp_2750,57,CVCL_1285,31,Pasireotide (acetate)__5__uM,False,,Pasireotide (acetate),5.0,uM,2163,5076223.0
plate14,1,smp_2750,57,CVCL_1381,32,Pasireotide (acetate)__5__uM,False,,Pasireotide (acetate),5.0,uM,1269,3231867.0
plate14,1,smp_2750,57,CVCL_1478,33,Pasireotide (acetate)__5__uM,False,,Pasireotide (acetate),5.0,uM,1657,3788520.0
plate14,1,smp_2750,57,CVCL_1495,34,Pasireotide (acetate)__5__uM,False,,Pasireotide (acetate),5.0,uM,1374,3486771.0
plate14,1,smp_2750,57,CVCL_1517,35,Pasireotide (acetate)__5__uM,False,,Pasireotide (acetate),5.0,uM,1920,6463338.0
plate14,1,smp_2750,57,CVCL_1531,36,Pasireotide (acetate)__5__uM,False,,Pasireotide (acetate),5.0,uM,45,56961.0
plate14,1,smp_2750,57,CVCL_1547,37,Pasireotide (acetate)__5__uM,False,,Pasireotide (acetate),5.0,uM,1194,2878287.0
plate14,1,smp_2750,57,CVCL_1550,38,Pasireotide (acetate)__5__uM,False,,Pasireotide (acetate),5.0,uM,1826,6155855.0
plate14,1,smp_2750,57,CVCL_1571,39,Pasireotide (acetate)__5__uM,False,,Pasireotide (acetate),5.0,uM,22,22454.0
plate14,1,smp_2750,57,CVCL_1577,40,Pasireotide (acetate)__5__uM,False,,Pasireotide (acetate),5.0,uM,77,243643.0
plate14,1,smp_2750,57,CVCL_1635,41,Pasireotide (acetate)__5__uM,False,,Pasireotide (acetate),5.0,uM,1356,3376747.0
plate14,1,smp_2750,57,CVCL_1666,42,Pasireotide (acetate)__5__uM,False,,Pasireotide (acetate),5.0,uM,1003,1772548.0
plate14,1,smp_2750,57,CVCL_1693,43,Pasireotide (acetate)__5__uM,False,,Pasireotide (acetate),5.0,uM,794,1380271.0
plate14,1,smp_2750,57,CVCL_1715,44,Pasireotide (acetate)__5__uM,False,,Pasireotide (acetate),5.0,uM,170,294116.0
plate14,1,smp_2750,57,CVCL_1716,45,Pasireotide (acetate)__5__uM,False,,Pasireotide (acetate),5.0,uM,207,370378.0
plate14,1,smp_2750,57,CVCL_1717,46,Pasireotide (acetate)__5__uM,False,,Pasireotide (acetate),5.0,uM,1629,4274587.0
plate14,1,smp_2750,57,CVCL_1724,47,Pasireotide (acetate)__5__uM,False,,Pasireotide (acetate),5.0,uM,894,1848309.0
plate14,1,smp_2750,57,CVCL_1731,48,Pasireotide (acetate)__5__uM,False,,Pasireotide (acetate),5.0,uM,1134,2422793.0
plate14,1,smp_2750,57,CVCL_C466,49,Pasireotide (acetate)__5__uM,False,,Pasireotide (acetate),5.0,uM,1104,1768768.0
plate14,1,smp_2812,58,CVCL_0023,0,Pentagastrin__5__uM,False,,Pentagastrin,5.0,uM,1820,4330519.0
plate14,1,smp_2812,58,CVCL_0028,1,Pentagastrin__5__uM,False,,Pentagastrin,5.0,uM,367,618876.0
plate14,1,smp_2812,58,CVCL_0069,2,Pentagastrin__5__uM,False,,Pentagastrin,5.0,uM,896,2345404.0
plate14,1,smp_2812,58,CVCL_0099,3,Pentagastrin__5__uM,False,,Pentagastrin,5.0,uM,509,1055001.0
plate14,1,smp_2812,58,CVCL_0131,4,Pentagastrin__5__uM,False,,Pentagastrin,5.0,uM,1954,6543991.0
plate14,1,smp_2812,58,CVCL_0152,5,Pentagastrin__5__uM,False,,Pentagastrin,5.0,uM,1880,3767502.0
plate14,1,smp_2812,58,CVCL_0179,6,Pentagastrin__5__uM,False,,Pentagastrin,5.0,uM,1112,3634393.0
plate14,1,smp_2812,58,CVCL_0218,7,Pentagastrin__5__uM,False,,Pentagastrin,5.0,uM,1176,2418657.0
plate14,1,smp_2812,58,CVCL_0292,8,Pentagastrin__5__uM,False,,Pentagastrin,5.0,uM,992,1607544.0
plate14,1,smp_2812,58,CVCL_0293,9,Pentagastrin__5__uM,False,,Pentagastrin,5.0,uM,2283,6521417.0
plate14,1,smp_2812,58,CVCL_0320,10,Pentagastrin__5__uM,False,,Pentagastrin,5.0,uM,1584,4285646.0
plate14,1,smp_2812,58,CVCL_0332,11,Pentagastrin__5__uM,False,,Pentagastrin,5.0,uM,983,3166274.0
plate14,1,smp_2812,58,CVCL_0334,12,Pentagastrin__5__uM,False,,Pentagastrin,5.0,uM,784,1668653.0
plate14,1,smp_2812,58,CVCL_0359,13,Pentagastrin__5__uM,False,,Pentagastrin,5.0,uM,1571,4471584.0
plate14,1,smp_2812,58,CVCL_0366,14,Pentagastrin__5__uM,False,,Pentagastrin,5.0,uM,1201,4087620.0
plate14,1,smp_2812,58,CVCL_0371,15,Pentagastrin__5__uM,False,,Pentagastrin,5.0,uM,1650,4197059.0
plate14,1,smp_2812,58,CVCL_0397,16,Pentagastrin__5__uM,False,,Pentagastrin,5.0,uM,1400,4125264.0
plate14,1,smp_2812,58,CVCL_0399,17,Pentagastrin__5__uM,False,,Pentagastrin,5.0,uM,2591,6551750.0
plate14,1,smp_2812,58,CVCL_0428,18,Pentagastrin__5__uM,False,,Pentagastrin,5.0,uM,773,2002053.0
plate14,1,smp_2812,58,CVCL_0459,19,Pentagastrin__5__uM,False,,Pentagastrin,5.0,uM,3773,8281140.0
plate14,1,smp_2812,58,CVCL_0480,20,Pentagastrin__5__uM,False,,Pentagastrin,5.0,uM,2133,7457593.0
plate14,1,smp_2812,58,CVCL_0504,21,Pentagastrin__5__uM,False,,Pentagastrin,5.0,uM,1414,2745664.0
plate14,1,smp_2812,58,CVCL_0546,22,Pentagastrin__5__uM,False,,Pentagastrin,5.0,uM,4149,9212363.0
plate14,1,smp_2812,58,CVCL_1055,23,Pentagastrin__5__uM,False,,Pentagastrin,5.0,uM,1004,3685481.0
plate14,1,smp_2812,58,CVCL_1056,24,Pentagastrin__5__uM,False,,Pentagastrin,5.0,uM,1613,6198668.0
plate14,1,smp_2812,58,CVCL_1094,25,Pentagastrin__5__uM,False,,Pentagastrin,5.0,uM,906,1926055.0
plate14,1,smp_2812,58,CVCL_1097,26,Pentagastrin__5__uM,False,,Pentagastrin,5.0,uM,1671,4006663.0
plate14,1,smp_2812,58,CVCL_1098,27,Pentagastrin__5__uM,False,,Pentagastrin,5.0,uM,1300,2710003.0
plate14,1,smp_2812,58,CVCL_1119,28,Pentagastrin__5__uM,False,,Pentagastrin,5.0,uM,1485,4175586.0
plate14,1,smp_2812,58,CVCL_1125,29,Pentagastrin__5__uM,False,,Pentagastrin,5.0,uM,317,527613.0
plate14,1,smp_2812,58,CVCL_1239,30,Pentagastrin__5__uM,False,,Pentagastrin,5.0,uM,605,1410246.0
plate14,1,smp_2812,58,CVCL_1285,31,Pentagastrin__5__uM,False,,Pentagastrin,5.0,uM,2137,5508942.0
plate14,1,smp_2812,58,CVCL_1381,32,Pentagastrin__5__uM,False,,Pentagastrin,5.0,uM,1298,3525033.0
plate14,1,smp_2812,58,CVCL_1478,33,Pentagastrin__5__uM,False,,Pentagastrin,5.0,uM,1716,4456978.0
plate14,1,smp_2812,58,CVCL_1495,34,Pentagastrin__5__uM,False,,Pentagastrin,5.0,uM,1128,3164201.0
plate14,1,smp_2812,58,CVCL_1517,35,Pentagastrin__5__uM,False,,Pentagastrin,5.0,uM,1793,7211226.0
plate14,1,smp_2812,58,CVCL_1531,36,Pentagastrin__5__uM,False,,Pentagastrin,5.0,uM,15,22302.0
plate14,1,smp_2812,58,CVCL_1547,37,Pentagastrin__5__uM,False,,Pentagastrin,5.0,uM,1403,3825507.0
plate14,1,smp_2812,58,CVCL_1550,38,Pentagastrin__5__uM,False,,Pentagastrin,5.0,uM,1488,5604971.0
plate14,1,smp_2812,58,CVCL_1571,39,Pentagastrin__5__uM,False,,Pentagastrin,5.0,uM,11,11041.0
plate14,1,smp_2812,58,CVCL_1577,40,Pentagastrin__5__uM,False,,Pentagastrin,5.0,uM,87,386206.0
plate14,1,smp_2812,58,CVCL_1635,41,Pentagastrin__5__uM,False,,Pentagastrin,5.0,uM,1095,2970660.0
plate14,1,smp_2812,58,CVCL_1666,42,Pentagastrin__5__uM,False,,Pentagastrin,5.0,uM,989,1962154.0
plate14,1,smp_2812,58,CVCL_1693,43,Pentagastrin__5__uM,False,,Pentagastrin,5.0,uM,833,1552328.0
plate14,1,smp_2812,58,CVCL_1715,44,Pentagastrin__5__uM,False,,Pentagastrin,5.0,uM,106,207707.0
plate14,1,smp_2812,58,CVCL_1716,45,Pentagastrin__5__uM,False,,Pentagastrin,5.0,uM,176,333469.0
plate14,1,smp_2812,58,CVCL_1717,46,Pentagastrin__5__uM,False,,Pentagastrin,5.0,uM,1483,4326948.0
plate14,1,smp_2812,58,CVCL_1724,47,Pentagastrin__5__uM,False,,Pentagastrin,5.0,uM,833,1880036.0
plate14,1,smp_2812,58,CVCL_1731,48,Pentagastrin__5__uM,False,,Pentagastrin,5.0,uM,1125,2679014.0
plate14,1,smp_2812,58,CVCL_C466,49,Pentagastrin__5__uM,False,,Pentagastrin,5.0,uM,1373,2531184.0
plate14,1,smp_2791,59,CVCL_0023,0,Pentamidine (isethionate)__5__uM,False,,Pentamidine (isethionate),5.0,uM,2189,4726646.0
plate14,1,smp_2791,59,CVCL_0028,1,Pentamidine (isethionate)__5__uM,False,,Pentamidine (isethionate),5.0,uM,450,725500.0
plate14,1,smp_2791,59,CVCL_0069,2,Pentamidine (isethionate)__5__uM,False,,Pentamidine (isethionate),5.0,uM,1249,3147725.0
plate14,1,smp_2791,59,CVCL_0099,3,Pentamidine (isethionate)__5__uM,False,,Pentamidine (isethionate),5.0,uM,642,1212170.0
plate14,1,smp_2791,59,CVCL_0131,4,Pentamidine (isethionate)__5__uM,False,,Pentamidine (isethionate),5.0,uM,2421,7408958.0
plate14,1,smp_2791,59,CVCL_0152,5,Pentamidine (isethionate)__5__uM,False,,Pentamidine (isethionate),5.0,uM,2166,4464344.0
plate14,1,smp_2791,59,CVCL_0179,6,Pentamidine (isethionate)__5__uM,False,,Pentamidine (isethionate),5.0,uM,1563,5121281.0
plate14,1,smp_2791,59,CVCL_0218,7,Pentamidine (isethionate)__5__uM,False,,Pentamidine (isethionate),5.0,uM,1415,2654149.0
plate14,1,smp_2791,59,CVCL_0292,8,Pentamidine (isethionate)__5__uM,False,,Pentamidine (isethionate),5.0,uM,1120,1739885.0
plate14,1,smp_2791,59,CVCL_0293,9,Pentamidine (isethionate)__5__uM,False,,Pentamidine (isethionate),5.0,uM,2536,7605341.0
plate14,1,smp_2791,59,CVCL_0320,10,Pentamidine (isethionate)__5__uM,False,,Pentamidine (isethionate),5.0,uM,1934,5055951.0
plate14,1,smp_2791,59,CVCL_0332,11,Pentamidine (isethionate)__5__uM,False,,Pentamidine (isethionate),5.0,uM,1300,3998655.0
plate14,1,smp_2791,59,CVCL_0334,12,Pentamidine (isethionate)__5__uM,False,,Pentamidine (isethionate),5.0,uM,951,1863475.0
plate14,1,smp_2791,59,CVCL_0359,13,Pentamidine (isethionate)__5__uM,False,,Pentamidine (isethionate),5.0,uM,2026,5758311.0
plate14,1,smp_2791,59,CVCL_0366,14,Pentamidine (isethionate)__5__uM,False,,Pentamidine (isethionate),5.0,uM,1715,5820466.0
plate14,1,smp_2791,59,CVCL_0371,15,Pentamidine (isethionate)__5__uM,False,,Pentamidine (isethionate),5.0,uM,1946,4768022.0
plate14,1,smp_2791,59,CVCL_0397,16,Pentamidine (isethionate)__5__uM,False,,Pentamidine (isethionate),5.0,uM,1721,5000711.0
plate14,1,smp_2791,59,CVCL_0399,17,Pentamidine (isethionate)__5__uM,False,,Pentamidine (isethionate),5.0,uM,3090,7984673.0
plate14,1,smp_2791,59,CVCL_0428,18,Pentamidine (isethionate)__5__uM,False,,Pentamidine (isethionate),5.0,uM,818,1942284.0
plate14,1,smp_2791,59,CVCL_0459,19,Pentamidine (isethionate)__5__uM,False,,Pentamidine (isethionate),5.0,uM,4998,10387195.0
plate14,1,smp_2791,59,CVCL_0480,20,Pentamidine (isethionate)__5__uM,False,,Pentamidine (isethionate),5.0,uM,2774,8722310.0
plate14,1,smp_2791,59,CVCL_0504,21,Pentamidine (isethionate)__5__uM,False,,Pentamidine (isethionate),5.0,uM,1919,3576733.0
plate14,1,smp_2791,59,CVCL_0546,22,Pentamidine (isethionate)__5__uM,False,,Pentamidine (isethionate),5.0,uM,5006,10393316.0
plate14,1,smp_2791,59,CVCL_1055,23,Pentamidine (isethionate)__5__uM,False,,Pentamidine (isethionate),5.0,uM,1122,4057585.0
plate14,1,smp_2791,59,CVCL_1056,24,Pentamidine (isethionate)__5__uM,False,,Pentamidine (isethionate),5.0,uM,2148,7882805.0
plate14,1,smp_2791,59,CVCL_1094,25,Pentamidine (isethionate)__5__uM,False,,Pentamidine (isethionate),5.0,uM,1060,2106730.0
plate14,1,smp_2791,59,CVCL_1097,26,Pentamidine (isethionate)__5__uM,False,,Pentamidine (isethionate),5.0,uM,2113,4684516.0
plate14,1,smp_2791,59,CVCL_1098,27,Pentamidine (isethionate)__5__uM,False,,Pentamidine (isethionate),5.0,uM,1681,3350036.0
plate14,1,smp_2791,59,CVCL_1119,28,Pentamidine (isethionate)__5__uM,False,,Pentamidine (isethionate),5.0,uM,1746,4757721.0
plate14,1,smp_2791,59,CVCL_1125,29,Pentamidine (isethionate)__5__uM,False,,Pentamidine (isethionate),5.0,uM,345,518002.0
plate14,1,smp_2791,59,CVCL_1239,30,Pentamidine (isethionate)__5__uM,False,,Pentamidine (isethionate),5.0,uM,815,1741839.0
plate14,1,smp_2791,59,CVCL_1285,31,Pentamidine (isethionate)__5__uM,False,,Pentamidine (isethionate),5.0,uM,2824,6936152.0
plate14,1,smp_2791,59,CVCL_1381,32,Pentamidine (isethionate)__5__uM,False,,Pentamidine (isethionate),5.0,uM,1721,4570835.0
plate14,1,smp_2791,59,CVCL_1478,33,Pentamidine (isethionate)__5__uM,False,,Pentamidine (isethionate),5.0,uM,1762,4846259.0
plate14,1,smp_2791,59,CVCL_1495,34,Pentamidine (isethionate)__5__uM,False,,Pentamidine (isethionate),5.0,uM,1544,4023033.0
plate14,1,smp_2791,59,CVCL_1517,35,Pentamidine (isethionate)__5__uM,False,,Pentamidine (isethionate),5.0,uM,2365,8655670.0
plate14,1,smp_2791,59,CVCL_1531,36,Pentamidine (isethionate)__5__uM,False,,Pentamidine (isethionate),5.0,uM,27,31429.0
plate14,1,smp_2791,59,CVCL_1547,37,Pentamidine (isethionate)__5__uM,False,,Pentamidine (isethionate),5.0,uM,1698,4333177.0
plate14,1,smp_2791,59,CVCL_1550,38,Pentamidine (isethionate)__5__uM,False,,Pentamidine (isethionate),5.0,uM,1736,6653588.0
plate14,1,smp_2791,59,CVCL_1571,39,Pentamidine (isethionate)__5__uM,False,,Pentamidine (isethionate),5.0,uM,18,18739.0
plate14,1,smp_2791,59,CVCL_1577,40,Pentamidine (isethionate)__5__uM,False,,Pentamidine (isethionate),5.0,uM,117,517615.0
plate14,1,smp_2791,59,CVCL_1635,41,Pentamidine (isethionate)__5__uM,False,,Pentamidine (isethionate),5.0,uM,1356,3645019.0
plate14,1,smp_2791,59,CVCL_1666,42,Pentamidine (isethionate)__5__uM,False,,Pentamidine (isethionate),5.0,uM,1218,2327134.0
plate14,1,smp_2791,59,CVCL_1693,43,Pentamidine (isethionate)__5__uM,False,,Pentamidine (isethionate),5.0,uM,1069,1962995.0
plate14,1,smp_2791,59,CVCL_1715,44,Pentamidine (isethionate)__5__uM,False,,Pentamidine (isethionate),5.0,uM,241,467420.0
plate14,1,smp_2791,59,CVCL_1716,45,Pentamidine (isethionate)__5__uM,False,,Pentamidine (isethionate),5.0,uM,211,361703.0
plate14,1,smp_2791,59,CVCL_1717,46,Pentamidine (isethionate)__5__uM,False,,Pentamidine (isethionate),5.0,uM,1728,5137360.0
plate14,1,smp_2791,59,CVCL_1724,47,Pentamidine (isethionate)__5__uM,False,,Pentamidine (isethionate),5.0,uM,1023,2376915.0
plate14,1,smp_2791,59,CVCL_1731,48,Pentamidine (isethionate)__5__uM,False,,Pentamidine (isethionate),5.0,uM,1469,3279361.0
plate14,1,smp_2791,59,CVCL_C466,49,Pentamidine (isethionate)__5__uM,False,,Pentamidine (isethionate),5.0,uM,1784,3085482.0
plate14,1,smp_2827,60,CVCL_0023,0,Pyridoxine (hydrochloride)__5__uM,False,,Pyridoxine (hydrochloride),5.0,uM,1010,2430557.0
plate14,1,smp_2827,60,CVCL_0028,1,Pyridoxine (hydrochloride)__5__uM,False,,Pyridoxine (hydrochloride),5.0,uM,413,727498.0
plate14,1,smp_2827,60,CVCL_0069,2,Pyridoxine (hydrochloride)__5__uM,False,,Pyridoxine (hydrochloride),5.0,uM,554,1377531.0
plate14,1,smp_2827,60,CVCL_0099,3,Pyridoxine (hydrochloride)__5__uM,False,,Pyridoxine (hydrochloride),5.0,uM,433,936420.0
plate14,1,smp_2827,60,CVCL_0131,4,Pyridoxine (hydrochloride)__5__uM,False,,Pyridoxine (hydrochloride),5.0,uM,845,2817504.0
plate14,1,smp_2827,60,CVCL_0152,5,Pyridoxine (hydrochloride)__5__uM,False,,Pyridoxine (hydrochloride),5.0,uM,989,1931536.0
plate14,1,smp_2827,60,CVCL_0179,6,Pyridoxine (hydrochloride)__5__uM,False,,Pyridoxine (hydrochloride),5.0,uM,697,2470716.0
plate14,1,smp_2827,60,CVCL_0218,7,Pyridoxine (hydrochloride)__5__uM,False,,Pyridoxine (hydrochloride),5.0,uM,713,1532267.0
plate14,1,smp_2827,60,CVCL_0292,8,Pyridoxine (hydrochloride)__5__uM,False,,Pyridoxine (hydrochloride),5.0,uM,778,1279746.0
plate14,1,smp_2827,60,CVCL_0293,9,Pyridoxine (hydrochloride)__5__uM,False,,Pyridoxine (hydrochloride),5.0,uM,1311,3304760.0
plate14,1,smp_2827,60,CVCL_0320,10,Pyridoxine (hydrochloride)__5__uM,False,,Pyridoxine (hydrochloride),5.0,uM,946,2513548.0
plate14,1,smp_2827,60,CVCL_0332,11,Pyridoxine (hydrochloride)__5__uM,False,,Pyridoxine (hydrochloride),5.0,uM,483,1510705.0
plate14,1,smp_2827,60,CVCL_0334,12,Pyridoxine (hydrochloride)__5__uM,False,,Pyridoxine (hydrochloride),5.0,uM,401,837742.0
plate14,1,smp_2827,60,CVCL_0359,13,Pyridoxine (hydrochloride)__5__uM,False,,Pyridoxine (hydrochloride),5.0,uM,857,2572382.0
plate14,1,smp_2827,60,CVCL_0366,14,Pyridoxine (hydrochloride)__5__uM,False,,Pyridoxine (hydrochloride),5.0,uM,585,2117161.0
plate14,1,smp_2827,60,CVCL_0371,15,Pyridoxine (hydrochloride)__5__uM,False,,Pyridoxine (hydrochloride),5.0,uM,991,2589612.0
plate14,1,smp_2827,60,CVCL_0397,16,Pyridoxine (hydrochloride)__5__uM,False,,Pyridoxine (hydrochloride),5.0,uM,794,2190145.0
plate14,1,smp_2827,60,CVCL_0399,17,Pyridoxine (hydrochloride)__5__uM,False,,Pyridoxine (hydrochloride),5.0,uM,1452,3409375.0
plate14,1,smp_2827,60,CVCL_0428,18,Pyridoxine (hydrochloride)__5__uM,False,,Pyridoxine (hydrochloride),5.0,uM,388,1030083.0
plate14,1,smp_2827,60,CVCL_0459,19,Pyridoxine (hydrochloride)__5__uM,False,,Pyridoxine (hydrochloride),5.0,uM,2228,4955472.0
plate14,1,smp_2827,60,CVCL_0480,20,Pyridoxine (hydrochloride)__5__uM,False,,Pyridoxine (hydrochloride),5.0,uM,906,3241547.0
plate14,1,smp_2827,60,CVCL_0504,21,Pyridoxine (hydrochloride)__5__uM,False,,Pyridoxine (hydrochloride),5.0,uM,1004,2025641.0
plate14,1,smp_2827,60,CVCL_0546,22,Pyridoxine (hydrochloride)__5__uM,False,,Pyridoxine (hydrochloride),5.0,uM,2829,6198349.0
plate14,1,smp_2827,60,CVCL_1055,23,Pyridoxine (hydrochloride)__5__uM,False,,Pyridoxine (hydrochloride),5.0,uM,579,2306415.0
plate14,1,smp_2827,60,CVCL_1056,24,Pyridoxine (hydrochloride)__5__uM,False,,Pyridoxine (hydrochloride),5.0,uM,741,2999296.0
plate14,1,smp_2827,60,CVCL_1094,25,Pyridoxine (hydrochloride)__5__uM,False,,Pyridoxine (hydrochloride),5.0,uM,771,1711178.0
plate14,1,smp_2827,60,CVCL_1097,26,Pyridoxine (hydrochloride)__5__uM,False,,Pyridoxine (hydrochloride),5.0,uM,816,1850491.0
plate14,1,smp_2827,60,CVCL_1098,27,Pyridoxine (hydrochloride)__5__uM,False,,Pyridoxine (hydrochloride),5.0,uM,921,1797764.0
plate14,1,smp_2827,60,CVCL_1119,28,Pyridoxine (hydrochloride)__5__uM,False,,Pyridoxine (hydrochloride),5.0,uM,783,2243796.0
plate14,1,smp_2827,60,CVCL_1125,29,Pyridoxine (hydrochloride)__5__uM,False,,Pyridoxine (hydrochloride),5.0,uM,256,427724.0
plate14,1,smp_2827,60,CVCL_1239,30,Pyridoxine (hydrochloride)__5__uM,False,,Pyridoxine (hydrochloride),5.0,uM,387,928245.0
plate14,1,smp_2827,60,CVCL_1285,31,Pyridoxine (hydrochloride)__5__uM,False,,Pyridoxine (hydrochloride),5.0,uM,1048,2792685.0
plate14,1,smp_2827,60,CVCL_1381,32,Pyridoxine (hydrochloride)__5__uM,False,,Pyridoxine (hydrochloride),5.0,uM,739,2069960.0
plate14,1,smp_2827,60,CVCL_1478,33,Pyridoxine (hydrochloride)__5__uM,False,,Pyridoxine (hydrochloride),5.0,uM,642,1564045.0
plate14,1,smp_2827,60,CVCL_1495,34,Pyridoxine (hydrochloride)__5__uM,False,,Pyridoxine (hydrochloride),5.0,uM,541,1473278.0
plate14,1,smp_2827,60,CVCL_1517,35,Pyridoxine (hydrochloride)__5__uM,False,,Pyridoxine (hydrochloride),5.0,uM,870,3534986.0
plate14,1,smp_2827,60,CVCL_1531,36,Pyridoxine (hydrochloride)__5__uM,False,,Pyridoxine (hydrochloride),5.0,uM,16,16939.0
plate14,1,smp_2827,60,CVCL_1547,37,Pyridoxine (hydrochloride)__5__uM,False,,Pyridoxine (hydrochloride),5.0,uM,741,1995659.0
plate14,1,smp_2827,60,CVCL_1550,38,Pyridoxine (hydrochloride)__5__uM,False,,Pyridoxine (hydrochloride),5.0,uM,653,2359923.0
plate14,1,smp_2827,60,CVCL_1571,39,Pyridoxine (hydrochloride)__5__uM,False,,Pyridoxine (hydrochloride),5.0,uM,11,12638.0
plate14,1,smp_2827,60,CVCL_1577,40,Pyridoxine (hydrochloride)__5__uM,False,,Pyridoxine (hydrochloride),5.0,uM,52,213325.0
plate14,1,smp_2827,60,CVCL_1635,41,Pyridoxine (hydrochloride)__5__uM,False,,Pyridoxine (hydrochloride),5.0,uM,712,1943981.0
plate14,1,smp_2827,60,CVCL_1666,42,Pyridoxine (hydrochloride)__5__uM,False,,Pyridoxine (hydrochloride),5.0,uM,613,1257280.0
plate14,1,smp_2827,60,CVCL_1693,43,Pyridoxine (hydrochloride)__5__uM,False,,Pyridoxine (hydrochloride),5.0,uM,683,1401541.0
plate14,1,smp_2827,60,CVCL_1715,44,Pyridoxine (hydrochloride)__5__uM,False,,Pyridoxine (hydrochloride),5.0,uM,86,171549.0
plate14,1,smp_2827,60,CVCL_1716,45,Pyridoxine (hydrochloride)__5__uM,False,,Pyridoxine (hydrochloride),5.0,uM,99,169920.0
plate14,1,smp_2827,60,CVCL_1717,46,Pyridoxine (hydrochloride)__5__uM,False,,Pyridoxine (hydrochloride),5.0,uM,794,2284462.0
plate14,1,smp_2827,60,CVCL_1724,47,Pyridoxine (hydrochloride)__5__uM,False,,Pyridoxine (hydrochloride),5.0,uM,572,1276695.0
plate14,1,smp_2827,60,CVCL_1731,48,Pyridoxine (hydrochloride)__5__uM,False,,Pyridoxine (hydrochloride),5.0,uM,638,1462901.0
plate14,1,smp_2827,60,CVCL_C466,49,Pyridoxine (hydrochloride)__5__uM,False,,Pyridoxine (hydrochloride),5.0,uM,843,1584256.0
plate14,1,smp_2760,61,CVCL_0023,0,Pyridoxine__5__uM,False,,Pyridoxine,5.0,uM,1953,3914986.0
plate14,1,smp_2760,61,CVCL_0028,1,Pyridoxine__5__uM,False,,Pyridoxine,5.0,uM,364,541276.0
plate14,1,smp_2760,61,CVCL_0069,2,Pyridoxine__5__uM,False,,Pyridoxine,5.0,uM,982,2247683.0
plate14,1,smp_2760,61,CVCL_0099,3,Pyridoxine__5__uM,False,,Pyridoxine,5.0,uM,545,970591.0
plate14,1,smp_2760,61,CVCL_0131,4,Pyridoxine__5__uM,False,,Pyridoxine,5.0,uM,2085,5808998.0
plate14,1,smp_2760,61,CVCL_0152,5,Pyridoxine__5__uM,False,,Pyridoxine,5.0,uM,1996,3748475.0
plate14,1,smp_2760,61,CVCL_0179,6,Pyridoxine__5__uM,False,,Pyridoxine,5.0,uM,1207,3483540.0
plate14,1,smp_2760,61,CVCL_0218,7,Pyridoxine__5__uM,False,,Pyridoxine,5.0,uM,1533,2715916.0
plate14,1,smp_2760,61,CVCL_0292,8,Pyridoxine__5__uM,False,,Pyridoxine,5.0,uM,866,1218702.0
plate14,1,smp_2760,61,CVCL_0293,9,Pyridoxine__5__uM,False,,Pyridoxine,5.0,uM,2470,6206743.0
plate14,1,smp_2760,61,CVCL_0320,10,Pyridoxine__5__uM,False,,Pyridoxine,5.0,uM,1785,4045840.0
plate14,1,smp_2760,61,CVCL_0332,11,Pyridoxine__5__uM,False,,Pyridoxine,5.0,uM,1033,2791973.0
plate14,1,smp_2760,61,CVCL_0334,12,Pyridoxine__5__uM,False,,Pyridoxine,5.0,uM,855,1572468.0
plate14,1,smp_2760,61,CVCL_0359,13,Pyridoxine__5__uM,False,,Pyridoxine,5.0,uM,1595,4034984.0
plate14,1,smp_2760,61,CVCL_0366,14,Pyridoxine__5__uM,False,,Pyridoxine,5.0,uM,1404,4175622.0
plate14,1,smp_2760,61,CVCL_0371,15,Pyridoxine__5__uM,False,,Pyridoxine,5.0,uM,1943,4134675.0
plate14,1,smp_2760,61,CVCL_0397,16,Pyridoxine__5__uM,False,,Pyridoxine,5.0,uM,1679,4227770.0
plate14,1,smp_2760,61,CVCL_0399,17,Pyridoxine__5__uM,False,,Pyridoxine,5.0,uM,2834,6303005.0
plate14,1,smp_2760,61,CVCL_0428,18,Pyridoxine__5__uM,False,,Pyridoxine,5.0,uM,668,1450369.0
plate14,1,smp_2760,61,CVCL_0459,19,Pyridoxine__5__uM,False,,Pyridoxine,5.0,uM,4425,8500296.0
plate14,1,smp_2760,61,CVCL_0480,20,Pyridoxine__5__uM,False,,Pyridoxine,5.0,uM,2505,7537609.0
plate14,1,smp_2760,61,CVCL_0504,21,Pyridoxine__5__uM,False,,Pyridoxine,5.0,uM,1337,2189371.0
plate14,1,smp_2760,61,CVCL_0546,22,Pyridoxine__5__uM,False,,Pyridoxine,5.0,uM,4415,8621583.0
plate14,1,smp_2760,61,CVCL_1055,23,Pyridoxine__5__uM,False,,Pyridoxine,5.0,uM,886,2911040.0
plate14,1,smp_2760,61,CVCL_1056,24,Pyridoxine__5__uM,False,,Pyridoxine,5.0,uM,1761,5898114.0
plate14,1,smp_2760,61,CVCL_1094,25,Pyridoxine__5__uM,False,,Pyridoxine,5.0,uM,859,1515320.0
plate14,1,smp_2760,61,CVCL_1097,26,Pyridoxine__5__uM,False,,Pyridoxine,5.0,uM,1834,3666520.0
plate14,1,smp_2760,61,CVCL_1098,27,Pyridoxine__5__uM,False,,Pyridoxine,5.0,uM,1486,2537553.0
plate14,1,smp_2760,61,CVCL_1119,28,Pyridoxine__5__uM,False,,Pyridoxine,5.0,uM,1525,3636622.0
plate14,1,smp_2760,61,CVCL_1125,29,Pyridoxine__5__uM,False,,Pyridoxine,5.0,uM,355,518678.0
plate14,1,smp_2760,61,CVCL_1239,30,Pyridoxine__5__uM,False,,Pyridoxine,5.0,uM,801,1640776.0
plate14,1,smp_2760,61,CVCL_1285,31,Pyridoxine__5__uM,False,,Pyridoxine,5.0,uM,2372,5384496.0
plate14,1,smp_2760,61,CVCL_1381,32,Pyridoxine__5__uM,False,,Pyridoxine,5.0,uM,1174,2792197.0
plate14,1,smp_2760,61,CVCL_1478,33,Pyridoxine__5__uM,False,,Pyridoxine,5.0,uM,1973,4545046.0
plate14,1,smp_2760,61,CVCL_1495,34,Pyridoxine__5__uM,False,,Pyridoxine,5.0,uM,1388,3230701.0
plate14,1,smp_2760,61,CVCL_1517,35,Pyridoxine__5__uM,False,,Pyridoxine,5.0,uM,2144,7255474.0
plate14,1,smp_2760,61,CVCL_1531,36,Pyridoxine__5__uM,False,,Pyridoxine,5.0,uM,17,22434.0
plate14,1,smp_2760,61,CVCL_1547,37,Pyridoxine__5__uM,False,,Pyridoxine,5.0,uM,1379,3150789.0
plate14,1,smp_2760,61,CVCL_1550,38,Pyridoxine__5__uM,False,,Pyridoxine,5.0,uM,1591,5529546.0
plate14,1,smp_2760,61,CVCL_1571,39,Pyridoxine__5__uM,False,,Pyridoxine,5.0,uM,17,17875.0
plate14,1,smp_2760,61,CVCL_1577,40,Pyridoxine__5__uM,False,,Pyridoxine,5.0,uM,74,262818.0
plate14,1,smp_2760,61,CVCL_1635,41,Pyridoxine__5__uM,False,,Pyridoxine,5.0,uM,1234,3030330.0
plate14,1,smp_2760,61,CVCL_1666,42,Pyridoxine__5__uM,False,,Pyridoxine,5.0,uM,990,1673254.0
plate14,1,smp_2760,61,CVCL_1693,43,Pyridoxine__5__uM,False,,Pyridoxine,5.0,uM,833,1357951.0
plate14,1,smp_2760,61,CVCL_1715,44,Pyridoxine__5__uM,False,,Pyridoxine,5.0,uM,234,431917.0
plate14,1,smp_2760,61,CVCL_1716,45,Pyridoxine__5__uM,False,,Pyridoxine,5.0,uM,225,361366.0
plate14,1,smp_2760,61,CVCL_1717,46,Pyridoxine__5__uM,False,,Pyridoxine,5.0,uM,1594,3951213.0
plate14,1,smp_2760,61,CVCL_1724,47,Pyridoxine__5__uM,False,,Pyridoxine,5.0,uM,1000,2016864.0
plate14,1,smp_2760,61,CVCL_1731,48,Pyridoxine__5__uM,False,,Pyridoxine,5.0,uM,1274,2641689.0
plate14,1,smp_2760,61,CVCL_C466,49,Pyridoxine__5__uM,False,,Pyridoxine,5.0,uM,1475,2343782.0
plate14,1,smp_2768,62,CVCL_0023,0,Quinestrol__5__uM,False,,Quinestrol,5.0,uM,2474,5612385.0
plate14,1,smp_2768,62,CVCL_0028,1,Quinestrol__5__uM,False,,Quinestrol,5.0,uM,591,933054.0
plate14,1,smp_2768,62,CVCL_0069,2,Quinestrol__5__uM,False,,Quinestrol,5.0,uM,1195,3032199.0
plate14,1,smp_2768,62,CVCL_0099,3,Quinestrol__5__uM,False,,Quinestrol,5.0,uM,731,1459394.0
plate14,1,smp_2768,62,CVCL_0131,4,Quinestrol__5__uM,False,,Quinestrol,5.0,uM,2677,8542417.0
plate14,1,smp_2768,62,CVCL_0152,5,Quinestrol__5__uM,False,,Quinestrol,5.0,uM,2432,5016234.0
plate14,1,smp_2768,62,CVCL_0179,6,Quinestrol__5__uM,False,,Quinestrol,5.0,uM,1381,4448918.0
plate14,1,smp_2768,62,CVCL_0218,7,Quinestrol__5__uM,False,,Quinestrol,5.0,uM,1526,3020008.0
plate14,1,smp_2768,62,CVCL_0292,8,Quinestrol__5__uM,False,,Quinestrol,5.0,uM,1230,1924494.0
plate14,1,smp_2768,62,CVCL_0293,9,Quinestrol__5__uM,False,,Quinestrol,5.0,uM,3150,8824710.0
plate14,1,smp_2768,62,CVCL_0320,10,Quinestrol__5__uM,False,,Quinestrol,5.0,uM,2050,5170067.0
plate14,1,smp_2768,62,CVCL_0332,11,Quinestrol__5__uM,False,,Quinestrol,5.0,uM,1353,4180717.0
plate14,1,smp_2768,62,CVCL_0334,12,Quinestrol__5__uM,False,,Quinestrol,5.0,uM,930,2006239.0
plate14,1,smp_2768,62,CVCL_0359,13,Quinestrol__5__uM,False,,Quinestrol,5.0,uM,2055,5764491.0
plate14,1,smp_2768,62,CVCL_0366,14,Quinestrol__5__uM,False,,Quinestrol,5.0,uM,1763,5925220.0
plate14,1,smp_2768,62,CVCL_0371,15,Quinestrol__5__uM,False,,Quinestrol,5.0,uM,2201,5371373.0
plate14,1,smp_2768,62,CVCL_0397,16,Quinestrol__5__uM,False,,Quinestrol,5.0,uM,1857,5139988.0
plate14,1,smp_2768,62,CVCL_0399,17,Quinestrol__5__uM,False,,Quinestrol,5.0,uM,3572,8808738.0
plate14,1,smp_2768,62,CVCL_0428,18,Quinestrol__5__uM,False,,Quinestrol,5.0,uM,804,1985719.0
plate14,1,smp_2768,62,CVCL_0459,19,Quinestrol__5__uM,False,,Quinestrol,5.0,uM,4869,10268815.0
plate14,1,smp_2768,62,CVCL_0480,20,Quinestrol__5__uM,False,,Quinestrol,5.0,uM,2749,8917592.0
plate14,1,smp_2768,62,CVCL_0504,21,Quinestrol__5__uM,False,,Quinestrol,5.0,uM,1681,3077705.0
plate14,1,smp_2768,62,CVCL_0546,22,Quinestrol__5__uM,False,,Quinestrol,5.0,uM,5392,11814173.0
plate14,1,smp_2768,62,CVCL_1055,23,Quinestrol__5__uM,False,,Quinestrol,5.0,uM,1179,4141514.0
plate14,1,smp_2768,62,CVCL_1056,24,Quinestrol__5__uM,False,,Quinestrol,5.0,uM,2323,8720514.0
plate14,1,smp_2768,62,CVCL_1094,25,Quinestrol__5__uM,False,,Quinestrol,5.0,uM,1294,2690991.0
plate14,1,smp_2768,62,CVCL_1097,26,Quinestrol__5__uM,False,,Quinestrol,5.0,uM,2134,4838649.0
plate14,1,smp_2768,62,CVCL_1098,27,Quinestrol__5__uM,False,,Quinestrol,5.0,uM,2097,4097983.0
plate14,1,smp_2768,62,CVCL_1119,28,Quinestrol__5__uM,False,,Quinestrol,5.0,uM,2028,5579814.0
plate14,1,smp_2768,62,CVCL_1125,29,Quinestrol__5__uM,False,,Quinestrol,5.0,uM,386,623340.0
plate14,1,smp_2768,62,CVCL_1239,30,Quinestrol__5__uM,False,,Quinestrol,5.0,uM,860,1867121.0
plate14,1,smp_2768,62,CVCL_1285,31,Quinestrol__5__uM,False,,Quinestrol,5.0,uM,2907,7307307.0
plate14,1,smp_2768,62,CVCL_1381,32,Quinestrol__5__uM,False,,Quinestrol,5.0,uM,1765,4687721.0
plate14,1,smp_2768,62,CVCL_1478,33,Quinestrol__5__uM,False,,Quinestrol,5.0,uM,2474,6577019.0
plate14,1,smp_2768,62,CVCL_1495,34,Quinestrol__5__uM,False,,Quinestrol,5.0,uM,1466,3924301.0
plate14,1,smp_2768,62,CVCL_1517,35,Quinestrol__5__uM,False,,Quinestrol,5.0,uM,2478,9401380.0
plate14,1,smp_2768,62,CVCL_1531,36,Quinestrol__5__uM,False,,Quinestrol,5.0,uM,32,61458.0
plate14,1,smp_2768,62,CVCL_1547,37,Quinestrol__5__uM,False,,Quinestrol,5.0,uM,1994,5172605.0
plate14,1,smp_2768,62,CVCL_1550,38,Quinestrol__5__uM,False,,Quinestrol,5.0,uM,1837,7003561.0
plate14,1,smp_2768,62,CVCL_1571,39,Quinestrol__5__uM,False,,Quinestrol,5.0,uM,11,11411.0
plate14,1,smp_2768,62,CVCL_1577,40,Quinestrol__5__uM,False,,Quinestrol,5.0,uM,101,420400.0
plate14,1,smp_2768,62,CVCL_1635,41,Quinestrol__5__uM,False,,Quinestrol,5.0,uM,1470,4000867.0
plate14,1,smp_2768,62,CVCL_1666,42,Quinestrol__5__uM,False,,Quinestrol,5.0,uM,1414,2682293.0
plate14,1,smp_2768,62,CVCL_1693,43,Quinestrol__5__uM,False,,Quinestrol,5.0,uM,1111,2036985.0
plate14,1,smp_2768,62,CVCL_1715,44,Quinestrol__5__uM,False,,Quinestrol,5.0,uM,169,355444.0
plate14,1,smp_2768,62,CVCL_1716,45,Quinestrol__5__uM,False,,Quinestrol,5.0,uM,263,469465.0
plate14,1,smp_2768,62,CVCL_1717,46,Quinestrol__5__uM,False,,Quinestrol,5.0,uM,1969,5565248.0
plate14,1,smp_2768,62,CVCL_1724,47,Quinestrol__5__uM,False,,Quinestrol,5.0,uM,1056,2368650.0
plate14,1,smp_2768,62,CVCL_1731,48,Quinestrol__5__uM,False,,Quinestrol,5.0,uM,1551,3632637.0
plate14,1,smp_2768,62,CVCL_C466,49,Quinestrol__5__uM,False,,Quinestrol,5.0,uM,1764,3101610.0
plate14,1,smp_2802,63,CVCL_0023,0,Radotinib__5__uM,False,,Radotinib,5.0,uM,1920,3667441.0
plate14,1,smp_2802,63,CVCL_0028,1,Radotinib__5__uM,False,,Radotinib,5.0,uM,370,522086.0
plate14,1,smp_2802,63,CVCL_0069,2,Radotinib__5__uM,False,,Radotinib,5.0,uM,701,1514602.0
plate14,1,smp_2802,63,CVCL_0099,3,Radotinib__5__uM,False,,Radotinib,5.0,uM,345,545927.0
plate14,1,smp_2802,63,CVCL_0131,4,Radotinib__5__uM,False,,Radotinib,5.0,uM,1832,4887600.0
plate14,1,smp_2802,63,CVCL_0152,5,Radotinib__5__uM,False,,Radotinib,5.0,uM,1615,2815111.0
plate14,1,smp_2802,63,CVCL_0179,6,Radotinib__5__uM,False,,Radotinib,5.0,uM,1012,2525744.0
plate14,1,smp_2802,63,CVCL_0218,7,Radotinib__5__uM,False,,Radotinib,5.0,uM,942,1500894.0
plate14,1,smp_2802,63,CVCL_0292,8,Radotinib__5__uM,False,,Radotinib,5.0,uM,806,1079801.0
plate14,1,smp_2802,63,CVCL_0293,9,Radotinib__5__uM,False,,Radotinib,5.0,uM,2187,5278283.0
plate14,1,smp_2802,63,CVCL_0320,10,Radotinib__5__uM,False,,Radotinib,5.0,uM,1730,3592896.0
plate14,1,smp_2802,63,CVCL_0332,11,Radotinib__5__uM,False,,Radotinib,5.0,uM,1008,2489045.0
plate14,1,smp_2802,63,CVCL_0334,12,Radotinib__5__uM,False,,Radotinib,5.0,uM,745,1316765.0
plate14,1,smp_2802,63,CVCL_0359,13,Radotinib__5__uM,False,,Radotinib,5.0,uM,1363,3107181.0
plate14,1,smp_2802,63,CVCL_0366,14,Radotinib__5__uM,False,,Radotinib,5.0,uM,1147,3200573.0
plate14,1,smp_2802,63,CVCL_0371,15,Radotinib__5__uM,False,,Radotinib,5.0,uM,1825,3845122.0
plate14,1,smp_2802,63,CVCL_0397,16,Radotinib__5__uM,False,,Radotinib,5.0,uM,1470,3585948.0
plate14,1,smp_2802,63,CVCL_0399,17,Radotinib__5__uM,False,,Radotinib,5.0,uM,2455,5138121.0
plate14,1,smp_2802,63,CVCL_0428,18,Radotinib__5__uM,False,,Radotinib,5.0,uM,822,1708995.0
plate14,1,smp_2802,63,CVCL_0459,19,Radotinib__5__uM,False,,Radotinib,5.0,uM,4148,7568057.0
plate14,1,smp_2802,63,CVCL_0480,20,Radotinib__5__uM,False,,Radotinib,5.0,uM,2122,6081787.0
plate14,1,smp_2802,63,CVCL_0504,21,Radotinib__5__uM,False,,Radotinib,5.0,uM,1114,1690995.0
plate14,1,smp_2802,63,CVCL_0546,22,Radotinib__5__uM,False,,Radotinib,5.0,uM,4214,7791284.0
plate14,1,smp_2802,63,CVCL_1055,23,Radotinib__5__uM,False,,Radotinib,5.0,uM,821,2360964.0
plate14,1,smp_2802,63,CVCL_1056,24,Radotinib__5__uM,False,,Radotinib,5.0,uM,1748,5569797.0
plate14,1,smp_2802,63,CVCL_1094,25,Radotinib__5__uM,False,,Radotinib,5.0,uM,911,1481503.0
plate14,1,smp_2802,63,CVCL_1097,26,Radotinib__5__uM,False,,Radotinib,5.0,uM,1607,2799691.0
plate14,1,smp_2802,63,CVCL_1098,27,Radotinib__5__uM,False,,Radotinib,5.0,uM,1386,2552890.0
plate14,1,smp_2802,63,CVCL_1119,28,Radotinib__5__uM,False,,Radotinib,5.0,uM,1474,3327771.0
plate14,1,smp_2802,63,CVCL_1125,29,Radotinib__5__uM,False,,Radotinib,5.0,uM,309,428161.0
plate14,1,smp_2802,63,CVCL_1239,30,Radotinib__5__uM,False,,Radotinib,5.0,uM,617,1128769.0
plate14,1,smp_2802,63,CVCL_1285,31,Radotinib__5__uM,False,,Radotinib,5.0,uM,2155,4525076.0
plate14,1,smp_2802,63,CVCL_1381,32,Radotinib__5__uM,False,,Radotinib,5.0,uM,1308,2756063.0
plate14,1,smp_2802,63,CVCL_1478,33,Radotinib__5__uM,False,,Radotinib,5.0,uM,1510,3609708.0
plate14,1,smp_2802,63,CVCL_1495,34,Radotinib__5__uM,False,,Radotinib,5.0,uM,1249,2774766.0
plate14,1,smp_2802,63,CVCL_1517,35,Radotinib__5__uM,False,,Radotinib,5.0,uM,2045,6314818.0
plate14,1,smp_2802,63,CVCL_1531,36,Radotinib__5__uM,False,,Radotinib,5.0,uM,29,39565.0
plate14,1,smp_2802,63,CVCL_1547,37,Radotinib__5__uM,False,,Radotinib,5.0,uM,1394,3147343.0
plate14,1,smp_2802,63,CVCL_1550,38,Radotinib__5__uM,False,,Radotinib,5.0,uM,1511,4879845.0
plate14,1,smp_2802,63,CVCL_1571,39,Radotinib__5__uM,False,,Radotinib,5.0,uM,15,16076.0
plate14,1,smp_2802,63,CVCL_1577,40,Radotinib__5__uM,False,,Radotinib,5.0,uM,91,343207.0
plate14,1,smp_2802,63,CVCL_1635,41,Radotinib__5__uM,False,,Radotinib,5.0,uM,1204,2725286.0
plate14,1,smp_2802,63,CVCL_1666,42,Radotinib__5__uM,False,,Radotinib,5.0,uM,917,1454628.0
plate14,1,smp_2802,63,CVCL_1693,43,Radotinib__5__uM,False,,Radotinib,5.0,uM,675,1062077.0
plate14,1,smp_2802,63,CVCL_1715,44,Radotinib__5__uM,False,,Radotinib,5.0,uM,187,313145.0
plate14,1,smp_2802,63,CVCL_1716,45,Radotinib__5__uM,False,,Radotinib,5.0,uM,204,301214.0
plate14,1,smp_2802,63,CVCL_1717,46,Radotinib__5__uM,False,,Radotinib,5.0,uM,1497,3692646.0
plate14,1,smp_2802,63,CVCL_1724,47,Radotinib__5__uM,False,,Radotinib,5.0,uM,893,1597614.0
plate14,1,smp_2802,63,CVCL_1731,48,Radotinib__5__uM,False,,Radotinib,5.0,uM,1251,2462056.0
plate14,1,smp_2802,63,CVCL_C466,49,Radotinib__5__uM,False,,Radotinib,5.0,uM,1247,1838180.0
plate14,1,smp_2754,64,CVCL_0023,0,Raltitrexed__5__uM,False,,Raltitrexed,5.0,uM,1649,3727788.0
plate14,1,smp_2754,64,CVCL_0028,1,Raltitrexed__5__uM,False,,Raltitrexed,5.0,uM,305,516789.0
plate14,1,smp_2754,64,CVCL_0069,2,Raltitrexed__5__uM,False,,Raltitrexed,5.0,uM,756,1845543.0
plate14,1,smp_2754,64,CVCL_0099,3,Raltitrexed__5__uM,False,,Raltitrexed,5.0,uM,457,939247.0
plate14,1,smp_2754,64,CVCL_0131,4,Raltitrexed__5__uM,False,,Raltitrexed,5.0,uM,1784,5611075.0
plate14,1,smp_2754,64,CVCL_0152,5,Raltitrexed__5__uM,False,,Raltitrexed,5.0,uM,1563,3179273.0
plate14,1,smp_2754,64,CVCL_0179,6,Raltitrexed__5__uM,False,,Raltitrexed,5.0,uM,850,2607667.0
plate14,1,smp_2754,64,CVCL_0218,7,Raltitrexed__5__uM,False,,Raltitrexed,5.0,uM,934,1878869.0
plate14,1,smp_2754,64,CVCL_0292,8,Raltitrexed__5__uM,False,,Raltitrexed,5.0,uM,852,1328297.0
plate14,1,smp_2754,64,CVCL_0293,9,Raltitrexed__5__uM,False,,Raltitrexed,5.0,uM,1926,5156352.0
plate14,1,smp_2754,64,CVCL_0320,10,Raltitrexed__5__uM,False,,Raltitrexed,5.0,uM,1311,3420270.0
plate14,1,smp_2754,64,CVCL_0332,11,Raltitrexed__5__uM,False,,Raltitrexed,5.0,uM,858,2600049.0
plate14,1,smp_2754,64,CVCL_0334,12,Raltitrexed__5__uM,False,,Raltitrexed,5.0,uM,738,1567145.0
plate14,1,smp_2754,64,CVCL_0359,13,Raltitrexed__5__uM,False,,Raltitrexed,5.0,uM,1468,4119631.0
plate14,1,smp_2754,64,CVCL_0366,14,Raltitrexed__5__uM,False,,Raltitrexed,5.0,uM,1161,3853795.0
plate14,1,smp_2754,64,CVCL_0371,15,Raltitrexed__5__uM,False,,Raltitrexed,5.0,uM,1323,3239181.0
plate14,1,smp_2754,64,CVCL_0397,16,Raltitrexed__5__uM,False,,Raltitrexed,5.0,uM,1239,3254913.0
plate14,1,smp_2754,64,CVCL_0399,17,Raltitrexed__5__uM,False,,Raltitrexed,5.0,uM,2260,5267054.0
plate14,1,smp_2754,64,CVCL_0428,18,Raltitrexed__5__uM,False,,Raltitrexed,5.0,uM,679,1681144.0
plate14,1,smp_2754,64,CVCL_0459,19,Raltitrexed__5__uM,False,,Raltitrexed,5.0,uM,3131,6630879.0
plate14,1,smp_2754,64,CVCL_0480,20,Raltitrexed__5__uM,False,,Raltitrexed,5.0,uM,1982,6336763.0
plate14,1,smp_2754,64,CVCL_0504,21,Raltitrexed__5__uM,False,,Raltitrexed,5.0,uM,1120,2144063.0
plate14,1,smp_2754,64,CVCL_0546,22,Raltitrexed__5__uM,False,,Raltitrexed,5.0,uM,3177,7254424.0
plate14,1,smp_2754,64,CVCL_1055,23,Raltitrexed__5__uM,False,,Raltitrexed,5.0,uM,732,2663687.0
plate14,1,smp_2754,64,CVCL_1056,24,Raltitrexed__5__uM,False,,Raltitrexed,5.0,uM,1646,6125549.0
plate14,1,smp_2754,64,CVCL_1094,25,Raltitrexed__5__uM,False,,Raltitrexed,5.0,uM,748,1465877.0
plate14,1,smp_2754,64,CVCL_1097,26,Raltitrexed__5__uM,False,,Raltitrexed,5.0,uM,1327,2925313.0
plate14,1,smp_2754,64,CVCL_1098,27,Raltitrexed__5__uM,False,,Raltitrexed,5.0,uM,955,1797715.0
plate14,1,smp_2754,64,CVCL_1119,28,Raltitrexed__5__uM,False,,Raltitrexed,5.0,uM,1333,3596321.0
plate14,1,smp_2754,64,CVCL_1125,29,Raltitrexed__5__uM,False,,Raltitrexed,5.0,uM,269,423878.0
plate14,1,smp_2754,64,CVCL_1239,30,Raltitrexed__5__uM,False,,Raltitrexed,5.0,uM,548,1227922.0
plate14,1,smp_2754,64,CVCL_1285,31,Raltitrexed__5__uM,False,,Raltitrexed,5.0,uM,1933,4883364.0
plate14,1,smp_2754,64,CVCL_1381,32,Raltitrexed__5__uM,False,,Raltitrexed,5.0,uM,1146,2979474.0
plate14,1,smp_2754,64,CVCL_1478,33,Raltitrexed__5__uM,False,,Raltitrexed,5.0,uM,1360,3269834.0
plate14,1,smp_2754,64,CVCL_1495,34,Raltitrexed__5__uM,False,,Raltitrexed,5.0,uM,977,2539590.0
plate14,1,smp_2754,64,CVCL_1517,35,Raltitrexed__5__uM,False,,Raltitrexed,5.0,uM,1701,6176636.0
plate14,1,smp_2754,64,CVCL_1531,36,Raltitrexed__5__uM,False,,Raltitrexed,5.0,uM,29,42279.0
plate14,1,smp_2754,64,CVCL_1547,37,Raltitrexed__5__uM,False,,Raltitrexed,5.0,uM,1133,2952644.0
plate14,1,smp_2754,64,CVCL_1550,38,Raltitrexed__5__uM,False,,Raltitrexed,5.0,uM,1360,5047503.0
plate14,1,smp_2754,64,CVCL_1571,39,Raltitrexed__5__uM,False,,Raltitrexed,5.0,uM,13,13430.0
plate14,1,smp_2754,64,CVCL_1577,40,Raltitrexed__5__uM,False,,Raltitrexed,5.0,uM,63,222602.0
plate14,1,smp_2754,64,CVCL_1635,41,Raltitrexed__5__uM,False,,Raltitrexed,5.0,uM,1020,2530716.0
plate14,1,smp_2754,64,CVCL_1666,42,Raltitrexed__5__uM,False,,Raltitrexed,5.0,uM,875,1617364.0
plate14,1,smp_2754,64,CVCL_1693,43,Raltitrexed__5__uM,False,,Raltitrexed,5.0,uM,638,1142839.0
plate14,1,smp_2754,64,CVCL_1715,44,Raltitrexed__5__uM,False,,Raltitrexed,5.0,uM,142,292299.0
plate14,1,smp_2754,64,CVCL_1716,45,Raltitrexed__5__uM,False,,Raltitrexed,5.0,uM,136,221981.0
plate14,1,smp_2754,64,CVCL_1717,46,Raltitrexed__5__uM,False,,Raltitrexed,5.0,uM,1224,3389587.0
plate14,1,smp_2754,64,CVCL_1724,47,Raltitrexed__5__uM,False,,Raltitrexed,5.0,uM,632,1319922.0
plate14,1,smp_2754,64,CVCL_1731,48,Raltitrexed__5__uM,False,,Raltitrexed,5.0,uM,983,2260918.0
plate14,1,smp_2754,64,CVCL_C466,49,Raltitrexed__5__uM,False,,Raltitrexed,5.0,uM,1258,2202775.0
plate14,1,smp_2781,65,CVCL_0023,0,Rapamycin__5__uM,False,,Rapamycin,5.0,uM,1554,3857854.0
plate14,1,smp_2781,65,CVCL_0028,1,Rapamycin__5__uM,False,,Rapamycin,5.0,uM,451,786084.0
plate14,1,smp_2781,65,CVCL_0069,2,Rapamycin__5__uM,False,,Rapamycin,5.0,uM,868,2386147.0
plate14,1,smp_2781,65,CVCL_0099,3,Rapamycin__5__uM,False,,Rapamycin,5.0,uM,544,1170939.0
plate14,1,smp_2781,65,CVCL_0131,4,Rapamycin__5__uM,False,,Rapamycin,5.0,uM,1447,4883750.0
plate14,1,smp_2781,65,CVCL_0152,5,Rapamycin__5__uM,False,,Rapamycin,5.0,uM,1536,3204850.0
plate14,1,smp_2781,65,CVCL_0179,6,Rapamycin__5__uM,False,,Rapamycin,5.0,uM,928,3176217.0
plate14,1,smp_2781,65,CVCL_0218,7,Rapamycin__5__uM,False,,Rapamycin,5.0,uM,1228,2667692.0
plate14,1,smp_2781,65,CVCL_0292,8,Rapamycin__5__uM,False,,Rapamycin,5.0,uM,844,1316353.0
plate14,1,smp_2781,65,CVCL_0293,9,Rapamycin__5__uM,False,,Rapamycin,5.0,uM,2179,5864189.0
plate14,1,smp_2781,65,CVCL_0320,10,Rapamycin__5__uM,False,,Rapamycin,5.0,uM,1560,4228220.0
plate14,1,smp_2781,65,CVCL_0332,11,Rapamycin__5__uM,False,,Rapamycin,5.0,uM,861,2880593.0
plate14,1,smp_2781,65,CVCL_0334,12,Rapamycin__5__uM,False,,Rapamycin,5.0,uM,626,1345181.0
plate14,1,smp_2781,65,CVCL_0359,13,Rapamycin__5__uM,False,,Rapamycin,5.0,uM,1203,3717950.0
plate14,1,smp_2781,65,CVCL_0366,14,Rapamycin__5__uM,False,,Rapamycin,5.0,uM,997,3619985.0
plate14,1,smp_2781,65,CVCL_0371,15,Rapamycin__5__uM,False,,Rapamycin,5.0,uM,1433,3747767.0
plate14,1,smp_2781,65,CVCL_0397,16,Rapamycin__5__uM,False,,Rapamycin,5.0,uM,1170,3376563.0
plate14,1,smp_2781,65,CVCL_0399,17,Rapamycin__5__uM,False,,Rapamycin,5.0,uM,2231,5680405.0
plate14,1,smp_2781,65,CVCL_0428,18,Rapamycin__5__uM,False,,Rapamycin,5.0,uM,630,1705497.0
plate14,1,smp_2781,65,CVCL_0459,19,Rapamycin__5__uM,False,,Rapamycin,5.0,uM,3785,8594263.0
plate14,1,smp_2781,65,CVCL_0480,20,Rapamycin__5__uM,False,,Rapamycin,5.0,uM,1811,6411140.0
plate14,1,smp_2781,65,CVCL_0504,21,Rapamycin__5__uM,False,,Rapamycin,5.0,uM,1309,2599029.0
plate14,1,smp_2781,65,CVCL_0546,22,Rapamycin__5__uM,False,,Rapamycin,5.0,uM,3961,8894155.0
plate14,1,smp_2781,65,CVCL_1055,23,Rapamycin__5__uM,False,,Rapamycin,5.0,uM,775,3015074.0
plate14,1,smp_2781,65,CVCL_1056,24,Rapamycin__5__uM,False,,Rapamycin,5.0,uM,1251,5066295.0
plate14,1,smp_2781,65,CVCL_1094,25,Rapamycin__5__uM,False,,Rapamycin,5.0,uM,945,2030307.0
plate14,1,smp_2781,65,CVCL_1097,26,Rapamycin__5__uM,False,,Rapamycin,5.0,uM,1487,3571074.0
plate14,1,smp_2781,65,CVCL_1098,27,Rapamycin__5__uM,False,,Rapamycin,5.0,uM,1563,3199394.0
plate14,1,smp_2781,65,CVCL_1119,28,Rapamycin__5__uM,False,,Rapamycin,5.0,uM,1008,2731038.0
plate14,1,smp_2781,65,CVCL_1125,29,Rapamycin__5__uM,False,,Rapamycin,5.0,uM,361,649713.0
plate14,1,smp_2781,65,CVCL_1239,30,Rapamycin__5__uM,False,,Rapamycin,5.0,uM,577,1385215.0
plate14,1,smp_2781,65,CVCL_1285,31,Rapamycin__5__uM,False,,Rapamycin,5.0,uM,1835,4783172.0
plate14,1,smp_2781,65,CVCL_1381,32,Rapamycin__5__uM,False,,Rapamycin,5.0,uM,964,2718985.0
plate14,1,smp_2781,65,CVCL_1478,33,Rapamycin__5__uM,False,,Rapamycin,5.0,uM,1245,3312463.0
plate14,1,smp_2781,65,CVCL_1495,34,Rapamycin__5__uM,False,,Rapamycin,5.0,uM,1001,2942356.0
plate14,1,smp_2781,65,CVCL_1517,35,Rapamycin__5__uM,False,,Rapamycin,5.0,uM,1515,6226748.0
plate14,1,smp_2781,65,CVCL_1531,36,Rapamycin__5__uM,False,,Rapamycin,5.0,uM,15,27413.0
plate14,1,smp_2781,65,CVCL_1547,37,Rapamycin__5__uM,False,,Rapamycin,5.0,uM,1243,3537579.0
plate14,1,smp_2781,65,CVCL_1550,38,Rapamycin__5__uM,False,,Rapamycin,5.0,uM,1001,3884130.0
plate14,1,smp_2781,65,CVCL_1571,39,Rapamycin__5__uM,False,,Rapamycin,5.0,uM,9,9132.0
plate14,1,smp_2781,65,CVCL_1577,40,Rapamycin__5__uM,False,,Rapamycin,5.0,uM,81,321184.0
plate14,1,smp_2781,65,CVCL_1635,41,Rapamycin__5__uM,False,,Rapamycin,5.0,uM,920,2608241.0
plate14,1,smp_2781,65,CVCL_1666,42,Rapamycin__5__uM,False,,Rapamycin,5.0,uM,929,1902875.0
plate14,1,smp_2781,65,CVCL_1693,43,Rapamycin__5__uM,False,,Rapamycin,5.0,uM,867,1718975.0
plate14,1,smp_2781,65,CVCL_1715,44,Rapamycin__5__uM,False,,Rapamycin,5.0,uM,188,411920.0
plate14,1,smp_2781,65,CVCL_1716,45,Rapamycin__5__uM,False,,Rapamycin,5.0,uM,180,354047.0
plate14,1,smp_2781,65,CVCL_1717,46,Rapamycin__5__uM,False,,Rapamycin,5.0,uM,1375,4100916.0
plate14,1,smp_2781,65,CVCL_1724,47,Rapamycin__5__uM,False,,Rapamycin,5.0,uM,1009,2414529.0
plate14,1,smp_2781,65,CVCL_1731,48,Rapamycin__5__uM,False,,Rapamycin,5.0,uM,1120,2816357.0
plate14,1,smp_2781,65,CVCL_C466,49,Rapamycin__5__uM,False,,Rapamycin,5.0,uM,1276,2413704.0
plate14,1,smp_2814,66,CVCL_0023,0,Relugolix__5__uM,False,,Relugolix,5.0,uM,1732,3661268.0
plate14,1,smp_2814,66,CVCL_0028,1,Relugolix__5__uM,False,,Relugolix,5.0,uM,368,591948.0
plate14,1,smp_2814,66,CVCL_0069,2,Relugolix__5__uM,False,,Relugolix,5.0,uM,858,2046752.0
plate14,1,smp_2814,66,CVCL_0099,3,Relugolix__5__uM,False,,Relugolix,5.0,uM,458,875086.0
plate14,1,smp_2814,66,CVCL_0131,4,Relugolix__5__uM,False,,Relugolix,5.0,uM,1763,5105764.0
plate14,1,smp_2814,66,CVCL_0152,5,Relugolix__5__uM,False,,Relugolix,5.0,uM,1597,3273495.0
plate14,1,smp_2814,66,CVCL_0179,6,Relugolix__5__uM,False,,Relugolix,5.0,uM,1015,3044432.0
plate14,1,smp_2814,66,CVCL_0218,7,Relugolix__5__uM,False,,Relugolix,5.0,uM,955,1792762.0
plate14,1,smp_2814,66,CVCL_0292,8,Relugolix__5__uM,False,,Relugolix,5.0,uM,828,1252150.0
plate14,1,smp_2814,66,CVCL_0293,9,Relugolix__5__uM,False,,Relugolix,5.0,uM,1825,5370516.0
plate14,1,smp_2814,66,CVCL_0320,10,Relugolix__5__uM,False,,Relugolix,5.0,uM,1434,3606291.0
plate14,1,smp_2814,66,CVCL_0332,11,Relugolix__5__uM,False,,Relugolix,5.0,uM,938,2739598.0
plate14,1,smp_2814,66,CVCL_0334,12,Relugolix__5__uM,False,,Relugolix,5.0,uM,708,1367588.0
plate14,1,smp_2814,66,CVCL_0359,13,Relugolix__5__uM,False,,Relugolix,5.0,uM,1599,4210336.0
plate14,1,smp_2814,66,CVCL_0366,14,Relugolix__5__uM,False,,Relugolix,5.0,uM,1187,3782735.0
plate14,1,smp_2814,66,CVCL_0371,15,Relugolix__5__uM,False,,Relugolix,5.0,uM,1381,3280780.0
plate14,1,smp_2814,66,CVCL_0397,16,Relugolix__5__uM,False,,Relugolix,5.0,uM,1229,3499535.0
plate14,1,smp_2814,66,CVCL_0399,17,Relugolix__5__uM,False,,Relugolix,5.0,uM,2287,5690560.0
plate14,1,smp_2814,66,CVCL_0428,18,Relugolix__5__uM,False,,Relugolix,5.0,uM,612,1512616.0
plate14,1,smp_2814,66,CVCL_0459,19,Relugolix__5__uM,False,,Relugolix,5.0,uM,3268,6492073.0
plate14,1,smp_2814,66,CVCL_0480,20,Relugolix__5__uM,False,,Relugolix,5.0,uM,1983,6291809.0
plate14,1,smp_2814,66,CVCL_0504,21,Relugolix__5__uM,False,,Relugolix,5.0,uM,1346,2349713.0
plate14,1,smp_2814,66,CVCL_0546,22,Relugolix__5__uM,False,,Relugolix,5.0,uM,3449,7221313.0
plate14,1,smp_2814,66,CVCL_1055,23,Relugolix__5__uM,False,,Relugolix,5.0,uM,1025,3585319.0
plate14,1,smp_2814,66,CVCL_1056,24,Relugolix__5__uM,False,,Relugolix,5.0,uM,1608,5710399.0
plate14,1,smp_2814,66,CVCL_1094,25,Relugolix__5__uM,False,,Relugolix,5.0,uM,794,1550369.0
plate14,1,smp_2814,66,CVCL_1097,26,Relugolix__5__uM,False,,Relugolix,5.0,uM,1510,3158017.0
plate14,1,smp_2814,66,CVCL_1098,27,Relugolix__5__uM,False,,Relugolix,5.0,uM,1131,2248220.0
plate14,1,smp_2814,66,CVCL_1119,28,Relugolix__5__uM,False,,Relugolix,5.0,uM,1356,3603647.0
plate14,1,smp_2814,66,CVCL_1125,29,Relugolix__5__uM,False,,Relugolix,5.0,uM,320,474602.0
plate14,1,smp_2814,66,CVCL_1239,30,Relugolix__5__uM,False,,Relugolix,5.0,uM,524,1046474.0
plate14,1,smp_2814,66,CVCL_1285,31,Relugolix__5__uM,False,,Relugolix,5.0,uM,2023,4834186.0
plate14,1,smp_2814,66,CVCL_1381,32,Relugolix__5__uM,False,,Relugolix,5.0,uM,1271,3203099.0
plate14,1,smp_2814,66,CVCL_1478,33,Relugolix__5__uM,False,,Relugolix,5.0,uM,1300,3256100.0
plate14,1,smp_2814,66,CVCL_1495,34,Relugolix__5__uM,False,,Relugolix,5.0,uM,1088,2743001.0
plate14,1,smp_2814,66,CVCL_1517,35,Relugolix__5__uM,False,,Relugolix,5.0,uM,1811,6477399.0
plate14,1,smp_2814,66,CVCL_1531,36,Relugolix__5__uM,False,,Relugolix,5.0,uM,16,22055.0
plate14,1,smp_2814,66,CVCL_1547,37,Relugolix__5__uM,False,,Relugolix,5.0,uM,1353,3362483.0
plate14,1,smp_2814,66,CVCL_1550,38,Relugolix__5__uM,False,,Relugolix,5.0,uM,1395,5197698.0
plate14,1,smp_2814,66,CVCL_1571,39,Relugolix__5__uM,False,,Relugolix,5.0,uM,12,12281.0
plate14,1,smp_2814,66,CVCL_1577,40,Relugolix__5__uM,False,,Relugolix,5.0,uM,68,302773.0
plate14,1,smp_2814,66,CVCL_1635,41,Relugolix__5__uM,False,,Relugolix,5.0,uM,1009,2627931.0
plate14,1,smp_2814,66,CVCL_1666,42,Relugolix__5__uM,False,,Relugolix,5.0,uM,916,1670972.0
plate14,1,smp_2814,66,CVCL_1693,43,Relugolix__5__uM,False,,Relugolix,5.0,uM,720,1254031.0
plate14,1,smp_2814,66,CVCL_1715,44,Relugolix__5__uM,False,,Relugolix,5.0,uM,87,169273.0
plate14,1,smp_2814,66,CVCL_1716,45,Relugolix__5__uM,False,,Relugolix,5.0,uM,138,260244.0
plate14,1,smp_2814,66,CVCL_1717,46,Relugolix__5__uM,False,,Relugolix,5.0,uM,1270,3544155.0
plate14,1,smp_2814,66,CVCL_1724,47,Relugolix__5__uM,False,,Relugolix,5.0,uM,617,1359864.0
plate14,1,smp_2814,66,CVCL_1731,48,Relugolix__5__uM,False,,Relugolix,5.0,uM,1054,2319681.0
plate14,1,smp_2814,66,CVCL_C466,49,Relugolix__5__uM,False,,Relugolix,5.0,uM,1273,2130361.0
plate14,1,smp_2780,67,CVCL_0023,0,Resveratrol__5__uM,False,,Resveratrol,5.0,uM,1325,2026271.0
plate14,1,smp_2780,67,CVCL_0028,1,Resveratrol__5__uM,False,,Resveratrol,5.0,uM,334,410492.0
plate14,1,smp_2780,67,CVCL_0069,2,Resveratrol__5__uM,False,,Resveratrol,5.0,uM,614,1045077.0
plate14,1,smp_2780,67,CVCL_0099,3,Resveratrol__5__uM,False,,Resveratrol,5.0,uM,382,533425.0
plate14,1,smp_2780,67,CVCL_0131,4,Resveratrol__5__uM,False,,Resveratrol,5.0,uM,1374,2822297.0
plate14,1,smp_2780,67,CVCL_0152,5,Resveratrol__5__uM,False,,Resveratrol,5.0,uM,1011,1573428.0
plate14,1,smp_2780,67,CVCL_0179,6,Resveratrol__5__uM,False,,Resveratrol,5.0,uM,724,1508634.0
plate14,1,smp_2780,67,CVCL_0218,7,Resveratrol__5__uM,False,,Resveratrol,5.0,uM,798,1080511.0
plate14,1,smp_2780,67,CVCL_0292,8,Resveratrol__5__uM,False,,Resveratrol,5.0,uM,487,570127.0
plate14,1,smp_2780,67,CVCL_0293,9,Resveratrol__5__uM,False,,Resveratrol,5.0,uM,1523,3161860.0
plate14,1,smp_2780,67,CVCL_0320,10,Resveratrol__5__uM,False,,Resveratrol,5.0,uM,1081,1955915.0
plate14,1,smp_2780,67,CVCL_0332,11,Resveratrol__5__uM,False,,Resveratrol,5.0,uM,773,1653119.0
plate14,1,smp_2780,67,CVCL_0334,12,Resveratrol__5__uM,False,,Resveratrol,5.0,uM,457,635095.0
plate14,1,smp_2780,67,CVCL_0359,13,Resveratrol__5__uM,False,,Resveratrol,5.0,uM,1166,2195093.0
plate14,1,smp_2780,67,CVCL_0366,14,Resveratrol__5__uM,False,,Resveratrol,5.0,uM,804,1768334.0
plate14,1,smp_2780,67,CVCL_0371,15,Resveratrol__5__uM,False,,Resveratrol,5.0,uM,1140,1997472.0
plate14,1,smp_2780,67,CVCL_0397,16,Resveratrol__5__uM,False,,Resveratrol,5.0,uM,811,1663736.0
plate14,1,smp_2780,67,CVCL_0399,17,Resveratrol__5__uM,False,,Resveratrol,5.0,uM,1433,2761374.0
plate14,1,smp_2780,67,CVCL_0428,18,Resveratrol__5__uM,False,,Resveratrol,5.0,uM,599,1011807.0
plate14,1,smp_2780,67,CVCL_0459,19,Resveratrol__5__uM,False,,Resveratrol,5.0,uM,2267,3241647.0
plate14,1,smp_2780,67,CVCL_0480,20,Resveratrol__5__uM,False,,Resveratrol,5.0,uM,1519,3449978.0
plate14,1,smp_2780,67,CVCL_0504,21,Resveratrol__5__uM,False,,Resveratrol,5.0,uM,1064,1366823.0
plate14,1,smp_2780,67,CVCL_0546,22,Resveratrol__5__uM,False,,Resveratrol,5.0,uM,2844,4410919.0
plate14,1,smp_2780,67,CVCL_1055,23,Resveratrol__5__uM,False,,Resveratrol,5.0,uM,847,2133806.0
plate14,1,smp_2780,67,CVCL_1056,24,Resveratrol__5__uM,False,,Resveratrol,5.0,uM,1168,2846000.0
plate14,1,smp_2780,67,CVCL_1094,25,Resveratrol__5__uM,False,,Resveratrol,5.0,uM,745,1022779.0
plate14,1,smp_2780,67,CVCL_1097,26,Resveratrol__5__uM,False,,Resveratrol,5.0,uM,966,1403825.0
plate14,1,smp_2780,67,CVCL_1098,27,Resveratrol__5__uM,False,,Resveratrol,5.0,uM,842,1192326.0
plate14,1,smp_2780,67,CVCL_1119,28,Resveratrol__5__uM,False,,Resveratrol,5.0,uM,1039,1953144.0
plate14,1,smp_2780,67,CVCL_1125,29,Resveratrol__5__uM,False,,Resveratrol,5.0,uM,187,216175.0
plate14,1,smp_2780,67,CVCL_1239,30,Resveratrol__5__uM,False,,Resveratrol,5.0,uM,403,589708.0
plate14,1,smp_2780,67,CVCL_1285,31,Resveratrol__5__uM,False,,Resveratrol,5.0,uM,1418,2401321.0
plate14,1,smp_2780,67,CVCL_1381,32,Resveratrol__5__uM,False,,Resveratrol,5.0,uM,862,1576034.0
plate14,1,smp_2780,67,CVCL_1478,33,Resveratrol__5__uM,False,,Resveratrol,5.0,uM,904,1916142.0
plate14,1,smp_2780,67,CVCL_1495,34,Resveratrol__5__uM,False,,Resveratrol,5.0,uM,762,1295499.0
plate14,1,smp_2780,67,CVCL_1517,35,Resveratrol__5__uM,False,,Resveratrol,5.0,uM,1370,3444578.0
plate14,1,smp_2780,67,CVCL_1531,36,Resveratrol__5__uM,False,,Resveratrol,5.0,uM,15,16953.0
plate14,1,smp_2780,67,CVCL_1547,37,Resveratrol__5__uM,False,,Resveratrol,5.0,uM,1034,1920964.0
plate14,1,smp_2780,67,CVCL_1550,38,Resveratrol__5__uM,False,,Resveratrol,5.0,uM,1007,2748451.0
plate14,1,smp_2780,67,CVCL_1571,39,Resveratrol__5__uM,False,,Resveratrol,5.0,uM,13,11706.0
plate14,1,smp_2780,67,CVCL_1577,40,Resveratrol__5__uM,False,,Resveratrol,5.0,uM,79,225146.0
plate14,1,smp_2780,67,CVCL_1635,41,Resveratrol__5__uM,False,,Resveratrol,5.0,uM,767,1408046.0
plate14,1,smp_2780,67,CVCL_1666,42,Resveratrol__5__uM,False,,Resveratrol,5.0,uM,598,800147.0
plate14,1,smp_2780,67,CVCL_1693,43,Resveratrol__5__uM,False,,Resveratrol,5.0,uM,630,828907.0
plate14,1,smp_2780,67,CVCL_1715,44,Resveratrol__5__uM,False,,Resveratrol,5.0,uM,101,148841.0
plate14,1,smp_2780,67,CVCL_1716,45,Resveratrol__5__uM,False,,Resveratrol,5.0,uM,113,140461.0
plate14,1,smp_2780,67,CVCL_1717,46,Resveratrol__5__uM,False,,Resveratrol,5.0,uM,1033,2171435.0
plate14,1,smp_2780,67,CVCL_1724,47,Resveratrol__5__uM,False,,Resveratrol,5.0,uM,517,832546.0
plate14,1,smp_2780,67,CVCL_1731,48,Resveratrol__5__uM,False,,Resveratrol,5.0,uM,774,1193517.0
plate14,1,smp_2780,67,CVCL_C466,49,Resveratrol__5__uM,False,,Resveratrol,5.0,uM,668,821447.0
plate14,1,smp_2747,68,CVCL_0023,0,Retinoic acid__5__uM,False,,Retinoic acid,5.0,uM,2265,5353302.0
plate14,1,smp_2747,68,CVCL_0028,1,Retinoic acid__5__uM,False,,Retinoic acid,5.0,uM,400,696800.0
plate14,1,smp_2747,68,CVCL_0069,2,Retinoic acid__5__uM,False,,Retinoic acid,5.0,uM,1092,2979925.0
plate14,1,smp_2747,68,CVCL_0099,3,Retinoic acid__5__uM,False,,Retinoic acid,5.0,uM,599,1233617.0
plate14,1,smp_2747,68,CVCL_0131,4,Retinoic acid__5__uM,False,,Retinoic acid,5.0,uM,2411,8324626.0
plate14,1,smp_2747,68,CVCL_0152,5,Retinoic acid__5__uM,False,,Retinoic acid,5.0,uM,2447,5206923.0
plate14,1,smp_2747,68,CVCL_0179,6,Retinoic acid__5__uM,False,,Retinoic acid,5.0,uM,1128,3699421.0
plate14,1,smp_2747,68,CVCL_0218,7,Retinoic acid__5__uM,False,,Retinoic acid,5.0,uM,1374,2851341.0
plate14,1,smp_2747,68,CVCL_0292,8,Retinoic acid__5__uM,False,,Retinoic acid,5.0,uM,1274,2132810.0
plate14,1,smp_2747,68,CVCL_0293,9,Retinoic acid__5__uM,False,,Retinoic acid,5.0,uM,2743,7970503.0
plate14,1,smp_2747,68,CVCL_0320,10,Retinoic acid__5__uM,False,,Retinoic acid,5.0,uM,1817,4913431.0
plate14,1,smp_2747,68,CVCL_0332,11,Retinoic acid__5__uM,False,,Retinoic acid,5.0,uM,1212,3828860.0
plate14,1,smp_2747,68,CVCL_0334,12,Retinoic acid__5__uM,False,,Retinoic acid,5.0,uM,967,2145192.0
plate14,1,smp_2747,68,CVCL_0359,13,Retinoic acid__5__uM,False,,Retinoic acid,5.0,uM,1827,5244401.0
plate14,1,smp_2747,68,CVCL_0366,14,Retinoic acid__5__uM,False,,Retinoic acid,5.0,uM,1473,5341342.0
plate14,1,smp_2747,68,CVCL_0371,15,Retinoic acid__5__uM,False,,Retinoic acid,5.0,uM,2056,5277247.0
plate14,1,smp_2747,68,CVCL_0397,16,Retinoic acid__5__uM,False,,Retinoic acid,5.0,uM,1665,5018180.0
plate14,1,smp_2747,68,CVCL_0399,17,Retinoic acid__5__uM,False,,Retinoic acid,5.0,uM,3203,8131546.0
plate14,1,smp_2747,68,CVCL_0428,18,Retinoic acid__5__uM,False,,Retinoic acid,5.0,uM,863,2221052.0
plate14,1,smp_2747,68,CVCL_0459,19,Retinoic acid__5__uM,False,,Retinoic acid,5.0,uM,4295,9627655.0
plate14,1,smp_2747,68,CVCL_0480,20,Retinoic acid__5__uM,False,,Retinoic acid,5.0,uM,2686,9325411.0
plate14,1,smp_2747,68,CVCL_0504,21,Retinoic acid__5__uM,False,,Retinoic acid,5.0,uM,1311,2497235.0
plate14,1,smp_2747,68,CVCL_0546,22,Retinoic acid__5__uM,False,,Retinoic acid,5.0,uM,4944,11261044.0
plate14,1,smp_2747,68,CVCL_1055,23,Retinoic acid__5__uM,False,,Retinoic acid,5.0,uM,946,3492867.0
plate14,1,smp_2747,68,CVCL_1056,24,Retinoic acid__5__uM,False,,Retinoic acid,5.0,uM,2177,8831046.0
plate14,1,smp_2747,68,CVCL_1094,25,Retinoic acid__5__uM,False,,Retinoic acid,5.0,uM,971,2023972.0
plate14,1,smp_2747,68,CVCL_1097,26,Retinoic acid__5__uM,False,,Retinoic acid,5.0,uM,1967,4883100.0
plate14,1,smp_2747,68,CVCL_1098,27,Retinoic acid__5__uM,False,,Retinoic acid,5.0,uM,1806,3589709.0
plate14,1,smp_2747,68,CVCL_1119,28,Retinoic acid__5__uM,False,,Retinoic acid,5.0,uM,1781,4949974.0
plate14,1,smp_2747,68,CVCL_1125,29,Retinoic acid__5__uM,False,,Retinoic acid,5.0,uM,353,602008.0
plate14,1,smp_2747,68,CVCL_1239,30,Retinoic acid__5__uM,False,,Retinoic acid,5.0,uM,688,1624443.0
plate14,1,smp_2747,68,CVCL_1285,31,Retinoic acid__5__uM,False,,Retinoic acid,5.0,uM,2529,6925964.0
plate14,1,smp_2747,68,CVCL_1381,32,Retinoic acid__5__uM,False,,Retinoic acid,5.0,uM,1478,4088762.0
plate14,1,smp_2747,68,CVCL_1478,33,Retinoic acid__5__uM,False,,Retinoic acid,5.0,uM,2010,5317495.0
plate14,1,smp_2747,68,CVCL_1495,34,Retinoic acid__5__uM,False,,Retinoic acid,5.0,uM,1388,4091598.0
plate14,1,smp_2747,68,CVCL_1517,35,Retinoic acid__5__uM,False,,Retinoic acid,5.0,uM,2125,8581772.0
plate14,1,smp_2747,68,CVCL_1531,36,Retinoic acid__5__uM,False,,Retinoic acid,5.0,uM,35,49718.0
plate14,1,smp_2747,68,CVCL_1547,37,Retinoic acid__5__uM,False,,Retinoic acid,5.0,uM,1671,4615911.0
plate14,1,smp_2747,68,CVCL_1550,38,Retinoic acid__5__uM,False,,Retinoic acid,5.0,uM,1791,7082375.0
plate14,1,smp_2747,68,CVCL_1571,39,Retinoic acid__5__uM,False,,Retinoic acid,5.0,uM,15,15833.0
plate14,1,smp_2747,68,CVCL_1577,40,Retinoic acid__5__uM,False,,Retinoic acid,5.0,uM,73,262735.0
plate14,1,smp_2747,68,CVCL_1635,41,Retinoic acid__5__uM,False,,Retinoic acid,5.0,uM,1418,3922508.0
plate14,1,smp_2747,68,CVCL_1666,42,Retinoic acid__5__uM,False,,Retinoic acid,5.0,uM,1246,2480156.0
plate14,1,smp_2747,68,CVCL_1693,43,Retinoic acid__5__uM,False,,Retinoic acid,5.0,uM,817,1485342.0
plate14,1,smp_2747,68,CVCL_1715,44,Retinoic acid__5__uM,False,,Retinoic acid,5.0,uM,149,325161.0
plate14,1,smp_2747,68,CVCL_1716,45,Retinoic acid__5__uM,False,,Retinoic acid,5.0,uM,200,400448.0
plate14,1,smp_2747,68,CVCL_1717,46,Retinoic acid__5__uM,False,,Retinoic acid,5.0,uM,1877,5594788.0
plate14,1,smp_2747,68,CVCL_1724,47,Retinoic acid__5__uM,False,,Retinoic acid,5.0,uM,1058,2466955.0
plate14,1,smp_2747,68,CVCL_1731,48,Retinoic acid__5__uM,False,,Retinoic acid,5.0,uM,1482,3855027.0
plate14,1,smp_2747,68,CVCL_C466,49,Retinoic acid__5__uM,False,,Retinoic acid,5.0,uM,1636,3055587.0
plate14,1,smp_2751,69,CVCL_0023,0,Riluzole hydrochloride__5__uM,False,,Riluzole hydrochloride,5.0,uM,2544,5175816.0
plate14,1,smp_2751,69,CVCL_0028,1,Riluzole hydrochloride__5__uM,False,,Riluzole hydrochloride,5.0,uM,368,565112.0
plate14,1,smp_2751,69,CVCL_0069,2,Riluzole hydrochloride__5__uM,False,,Riluzole hydrochloride,5.0,uM,985,2281131.0
plate14,1,smp_2751,69,CVCL_0099,3,Riluzole hydrochloride__5__uM,False,,Riluzole hydrochloride,5.0,uM,684,1327382.0
plate14,1,smp_2751,69,CVCL_0131,4,Riluzole hydrochloride__5__uM,False,,Riluzole hydrochloride,5.0,uM,2495,7182333.0
plate14,1,smp_2751,69,CVCL_0152,5,Riluzole hydrochloride__5__uM,False,,Riluzole hydrochloride,5.0,uM,2818,5019833.0
plate14,1,smp_2751,69,CVCL_0179,6,Riluzole hydrochloride__5__uM,False,,Riluzole hydrochloride,5.0,uM,1175,3697401.0
plate14,1,smp_2751,69,CVCL_0218,7,Riluzole hydrochloride__5__uM,False,,Riluzole hydrochloride,5.0,uM,1985,3701302.0
plate14,1,smp_2751,69,CVCL_0292,8,Riluzole hydrochloride__5__uM,False,,Riluzole hydrochloride,5.0,uM,1122,1622351.0
plate14,1,smp_2751,69,CVCL_0293,9,Riluzole hydrochloride__5__uM,False,,Riluzole hydrochloride,5.0,uM,3516,8496978.0
plate14,1,smp_2751,69,CVCL_0320,10,Riluzole hydrochloride__5__uM,False,,Riluzole hydrochloride,5.0,uM,2700,6340099.0
plate14,1,smp_2751,69,CVCL_0332,11,Riluzole hydrochloride__5__uM,False,,Riluzole hydrochloride,5.0,uM,1221,3453697.0
plate14,1,smp_2751,69,CVCL_0334,12,Riluzole hydrochloride__5__uM,False,,Riluzole hydrochloride,5.0,uM,1129,2200701.0
plate14,1,smp_2751,69,CVCL_0359,13,Riluzole hydrochloride__5__uM,False,,Riluzole hydrochloride,5.0,uM,1580,4145673.0
plate14,1,smp_2751,69,CVCL_0366,14,Riluzole hydrochloride__5__uM,False,,Riluzole hydrochloride,5.0,uM,1305,3896772.0
plate14,1,smp_2751,69,CVCL_0371,15,Riluzole hydrochloride__5__uM,False,,Riluzole hydrochloride,5.0,uM,2715,6123575.0
plate14,1,smp_2751,69,CVCL_0397,16,Riluzole hydrochloride__5__uM,False,,Riluzole hydrochloride,5.0,uM,2540,5916047.0
plate14,1,smp_2751,69,CVCL_0399,17,Riluzole hydrochloride__5__uM,False,,Riluzole hydrochloride,5.0,uM,4010,8354958.0
plate14,1,smp_2751,69,CVCL_0428,18,Riluzole hydrochloride__5__uM,False,,Riluzole hydrochloride,5.0,uM,645,1475680.0
plate14,1,smp_2751,69,CVCL_0459,19,Riluzole hydrochloride__5__uM,False,,Riluzole hydrochloride,5.0,uM,5280,10049970.0
plate14,1,smp_2751,69,CVCL_0480,20,Riluzole hydrochloride__5__uM,False,,Riluzole hydrochloride,5.0,uM,2728,8078598.0
plate14,1,smp_2751,69,CVCL_0504,21,Riluzole hydrochloride__5__uM,False,,Riluzole hydrochloride,5.0,uM,1452,2575418.0
plate14,1,smp_2751,69,CVCL_0546,22,Riluzole hydrochloride__5__uM,False,,Riluzole hydrochloride,5.0,uM,6330,12562851.0
plate14,1,smp_2751,69,CVCL_1055,23,Riluzole hydrochloride__5__uM,False,,Riluzole hydrochloride,5.0,uM,725,2387215.0
plate14,1,smp_2751,69,CVCL_1056,24,Riluzole hydrochloride__5__uM,False,,Riluzole hydrochloride,5.0,uM,1984,6862249.0
plate14,1,smp_2751,69,CVCL_1094,25,Riluzole hydrochloride__5__uM,False,,Riluzole hydrochloride,5.0,uM,1079,1979083.0
plate14,1,smp_2751,69,CVCL_1097,26,Riluzole hydrochloride__5__uM,False,,Riluzole hydrochloride,5.0,uM,2139,4071157.0
plate14,1,smp_2751,69,CVCL_1098,27,Riluzole hydrochloride__5__uM,False,,Riluzole hydrochloride,5.0,uM,1880,3155932.0
plate14,1,smp_2751,69,CVCL_1119,28,Riluzole hydrochloride__5__uM,False,,Riluzole hydrochloride,5.0,uM,2007,4986789.0
plate14,1,smp_2751,69,CVCL_1125,29,Riluzole hydrochloride__5__uM,False,,Riluzole hydrochloride,5.0,uM,441,644150.0
plate14,1,smp_2751,69,CVCL_1239,30,Riluzole hydrochloride__5__uM,False,,Riluzole hydrochloride,5.0,uM,1044,2113677.0
plate14,1,smp_2751,69,CVCL_1285,31,Riluzole hydrochloride__5__uM,False,,Riluzole hydrochloride,5.0,uM,3043,6874411.0
plate14,1,smp_2751,69,CVCL_1381,32,Riluzole hydrochloride__5__uM,False,,Riluzole hydrochloride,5.0,uM,1585,3765761.0
plate14,1,smp_2751,69,CVCL_1478,33,Riluzole hydrochloride__5__uM,False,,Riluzole hydrochloride,5.0,uM,2104,4891681.0
plate14,1,smp_2751,69,CVCL_1495,34,Riluzole hydrochloride__5__uM,False,,Riluzole hydrochloride,5.0,uM,1715,3893420.0
plate14,1,smp_2751,69,CVCL_1517,35,Riluzole hydrochloride__5__uM,False,,Riluzole hydrochloride,5.0,uM,2963,9904022.0
plate14,1,smp_2751,69,CVCL_1531,36,Riluzole hydrochloride__5__uM,False,,Riluzole hydrochloride,5.0,uM,28,36410.0
plate14,1,smp_2751,69,CVCL_1547,37,Riluzole hydrochloride__5__uM,False,,Riluzole hydrochloride,5.0,uM,1358,3168906.0
plate14,1,smp_2751,69,CVCL_1550,38,Riluzole hydrochloride__5__uM,False,,Riluzole hydrochloride,5.0,uM,1985,6890945.0
plate14,1,smp_2751,69,CVCL_1571,39,Riluzole hydrochloride__5__uM,False,,Riluzole hydrochloride,5.0,uM,17,18649.0
plate14,1,smp_2751,69,CVCL_1577,40,Riluzole hydrochloride__5__uM,False,,Riluzole hydrochloride,5.0,uM,61,203399.0
plate14,1,smp_2751,69,CVCL_1635,41,Riluzole hydrochloride__5__uM,False,,Riluzole hydrochloride,5.0,uM,1704,4116301.0
plate14,1,smp_2751,69,CVCL_1666,42,Riluzole hydrochloride__5__uM,False,,Riluzole hydrochloride,5.0,uM,1528,2717495.0
plate14,1,smp_2751,69,CVCL_1693,43,Riluzole hydrochloride__5__uM,False,,Riluzole hydrochloride,5.0,uM,854,1509687.0
plate14,1,smp_2751,69,CVCL_1715,44,Riluzole hydrochloride__5__uM,False,,Riluzole hydrochloride,5.0,uM,323,643508.0
plate14,1,smp_2751,69,CVCL_1716,45,Riluzole hydrochloride__5__uM,False,,Riluzole hydrochloride,5.0,uM,284,460778.0
plate14,1,smp_2751,69,CVCL_1717,46,Riluzole hydrochloride__5__uM,False,,Riluzole hydrochloride,5.0,uM,2154,5441284.0
plate14,1,smp_2751,69,CVCL_1724,47,Riluzole hydrochloride__5__uM,False,,Riluzole hydrochloride,5.0,uM,1258,2471367.0
plate14,1,smp_2751,69,CVCL_1731,48,Riluzole hydrochloride__5__uM,False,,Riluzole hydrochloride,5.0,uM,1879,3918075.0
plate14,1,smp_2751,69,CVCL_C466,49,Riluzole hydrochloride__5__uM,False,,Riluzole hydrochloride,5.0,uM,2233,3663569.0
plate14,1,smp_2811,70,CVCL_0023,0,Rimonabant__5__uM,False,,Rimonabant,5.0,uM,1694,4188229.0
plate14,1,smp_2811,70,CVCL_0028,1,Rimonabant__5__uM,False,,Rimonabant,5.0,uM,497,921928.0
plate14,1,smp_2811,70,CVCL_0069,2,Rimonabant__5__uM,False,,Rimonabant,5.0,uM,866,2424290.0
plate14,1,smp_2811,70,CVCL_0099,3,Rimonabant__5__uM,False,,Rimonabant,5.0,uM,510,1099731.0
plate14,1,smp_2811,70,CVCL_0131,4,Rimonabant__5__uM,False,,Rimonabant,5.0,uM,1788,6035641.0
plate14,1,smp_2811,70,CVCL_0152,5,Rimonabant__5__uM,False,,Rimonabant,5.0,uM,1658,3807796.0
plate14,1,smp_2811,70,CVCL_0179,6,Rimonabant__5__uM,False,,Rimonabant,5.0,uM,1040,3543309.0
plate14,1,smp_2811,70,CVCL_0218,7,Rimonabant__5__uM,False,,Rimonabant,5.0,uM,1026,2246232.0
plate14,1,smp_2811,70,CVCL_0292,8,Rimonabant__5__uM,False,,Rimonabant,5.0,uM,1018,1726416.0
plate14,1,smp_2811,70,CVCL_0293,9,Rimonabant__5__uM,False,,Rimonabant,5.0,uM,1924,5924258.0
plate14,1,smp_2811,70,CVCL_0320,10,Rimonabant__5__uM,False,,Rimonabant,5.0,uM,1576,4403858.0
plate14,1,smp_2811,70,CVCL_0332,11,Rimonabant__5__uM,False,,Rimonabant,5.0,uM,924,3136883.0
plate14,1,smp_2811,70,CVCL_0334,12,Rimonabant__5__uM,False,,Rimonabant,5.0,uM,701,1497688.0
plate14,1,smp_2811,70,CVCL_0359,13,Rimonabant__5__uM,False,,Rimonabant,5.0,uM,1524,4688955.0
plate14,1,smp_2811,70,CVCL_0366,14,Rimonabant__5__uM,False,,Rimonabant,5.0,uM,1214,4516548.0
plate14,1,smp_2811,70,CVCL_0371,15,Rimonabant__5__uM,False,,Rimonabant,5.0,uM,1559,4253665.0
plate14,1,smp_2811,70,CVCL_0397,16,Rimonabant__5__uM,False,,Rimonabant,5.0,uM,1339,4036198.0
plate14,1,smp_2811,70,CVCL_0399,17,Rimonabant__5__uM,False,,Rimonabant,5.0,uM,2408,6179793.0
plate14,1,smp_2811,70,CVCL_0428,18,Rimonabant__5__uM,False,,Rimonabant,5.0,uM,756,2173841.0
plate14,1,smp_2811,70,CVCL_0459,19,Rimonabant__5__uM,False,,Rimonabant,5.0,uM,3669,8380435.0
plate14,1,smp_2811,70,CVCL_0480,20,Rimonabant__5__uM,False,,Rimonabant,5.0,uM,1982,7324666.0
plate14,1,smp_2811,70,CVCL_0504,21,Rimonabant__5__uM,False,,Rimonabant,5.0,uM,1484,3027710.0
plate14,1,smp_2811,70,CVCL_0546,22,Rimonabant__5__uM,False,,Rimonabant,5.0,uM,4021,9370216.0
plate14,1,smp_2811,70,CVCL_1055,23,Rimonabant__5__uM,False,,Rimonabant,5.0,uM,831,3335226.0
plate14,1,smp_2811,70,CVCL_1056,24,Rimonabant__5__uM,False,,Rimonabant,5.0,uM,1618,6645660.0
plate14,1,smp_2811,70,CVCL_1094,25,Rimonabant__5__uM,False,,Rimonabant,5.0,uM,894,1965029.0
plate14,1,smp_2811,70,CVCL_1097,26,Rimonabant__5__uM,False,,Rimonabant,5.0,uM,1600,3871731.0
plate14,1,smp_2811,70,CVCL_1098,27,Rimonabant__5__uM,False,,Rimonabant,5.0,uM,1290,2883531.0
plate14,1,smp_2811,70,CVCL_1119,28,Rimonabant__5__uM,False,,Rimonabant,5.0,uM,1239,3682669.0
plate14,1,smp_2811,70,CVCL_1125,29,Rimonabant__5__uM,False,,Rimonabant,5.0,uM,253,441681.0
plate14,1,smp_2811,70,CVCL_1239,30,Rimonabant__5__uM,False,,Rimonabant,5.0,uM,598,1421151.0
plate14,1,smp_2811,70,CVCL_1285,31,Rimonabant__5__uM,False,,Rimonabant,5.0,uM,2105,5885884.0
plate14,1,smp_2811,70,CVCL_1381,32,Rimonabant__5__uM,False,,Rimonabant,5.0,uM,1255,3589407.0
plate14,1,smp_2811,70,CVCL_1478,33,Rimonabant__5__uM,False,,Rimonabant,5.0,uM,1339,3681149.0
plate14,1,smp_2811,70,CVCL_1495,34,Rimonabant__5__uM,False,,Rimonabant,5.0,uM,950,2742248.0
plate14,1,smp_2811,70,CVCL_1517,35,Rimonabant__5__uM,False,,Rimonabant,5.0,uM,1724,7304254.0
plate14,1,smp_2811,70,CVCL_1531,36,Rimonabant__5__uM,False,,Rimonabant,5.0,uM,19,23069.0
plate14,1,smp_2811,70,CVCL_1547,37,Rimonabant__5__uM,False,,Rimonabant,5.0,uM,1326,3914543.0
plate14,1,smp_2811,70,CVCL_1550,38,Rimonabant__5__uM,False,,Rimonabant,5.0,uM,1241,5069088.0
plate14,1,smp_2811,70,CVCL_1571,39,Rimonabant__5__uM,False,,Rimonabant,5.0,uM,11,11984.0
plate14,1,smp_2811,70,CVCL_1577,40,Rimonabant__5__uM,False,,Rimonabant,5.0,uM,79,335678.0
plate14,1,smp_2811,70,CVCL_1635,41,Rimonabant__5__uM,False,,Rimonabant,5.0,uM,988,3041352.0
plate14,1,smp_2811,70,CVCL_1666,42,Rimonabant__5__uM,False,,Rimonabant,5.0,uM,987,2005576.0
plate14,1,smp_2811,70,CVCL_1693,43,Rimonabant__5__uM,False,,Rimonabant,5.0,uM,916,1840882.0
plate14,1,smp_2811,70,CVCL_1715,44,Rimonabant__5__uM,False,,Rimonabant,5.0,uM,128,290801.0
plate14,1,smp_2811,70,CVCL_1716,45,Rimonabant__5__uM,False,,Rimonabant,5.0,uM,191,383351.0
plate14,1,smp_2811,70,CVCL_1717,46,Rimonabant__5__uM,False,,Rimonabant,5.0,uM,1377,4396225.0
plate14,1,smp_2811,70,CVCL_1724,47,Rimonabant__5__uM,False,,Rimonabant,5.0,uM,775,1909578.0
plate14,1,smp_2811,70,CVCL_1731,48,Rimonabant__5__uM,False,,Rimonabant,5.0,uM,1154,2926252.0
plate14,1,smp_2811,70,CVCL_C466,49,Rimonabant__5__uM,False,,Rimonabant,5.0,uM,1293,2510157.0
plate14,1,smp_2790,71,CVCL_0023,0,Ritonavir__5__uM,False,,Ritonavir,5.0,uM,1822,3432849.0
plate14,1,smp_2790,71,CVCL_0028,1,Ritonavir__5__uM,False,,Ritonavir,5.0,uM,458,655721.0
plate14,1,smp_2790,71,CVCL_0069,2,Ritonavir__5__uM,False,,Ritonavir,5.0,uM,929,1938452.0
plate14,1,smp_2790,71,CVCL_0099,3,Ritonavir__5__uM,False,,Ritonavir,5.0,uM,466,774065.0
plate14,1,smp_2790,71,CVCL_0131,4,Ritonavir__5__uM,False,,Ritonavir,5.0,uM,1936,4906876.0
plate14,1,smp_2790,71,CVCL_0152,5,Ritonavir__5__uM,False,,Ritonavir,5.0,uM,1780,3125295.0
plate14,1,smp_2790,71,CVCL_0179,6,Ritonavir__5__uM,False,,Ritonavir,5.0,uM,1076,2839551.0
plate14,1,smp_2790,71,CVCL_0218,7,Ritonavir__5__uM,False,,Ritonavir,5.0,uM,1025,1665075.0
plate14,1,smp_2790,71,CVCL_0292,8,Ritonavir__5__uM,False,,Ritonavir,5.0,uM,828,1109354.0
plate14,1,smp_2790,71,CVCL_0293,9,Ritonavir__5__uM,False,,Ritonavir,5.0,uM,2135,5514674.0
plate14,1,smp_2790,71,CVCL_0320,10,Ritonavir__5__uM,False,,Ritonavir,5.0,uM,1503,3246038.0
plate14,1,smp_2790,71,CVCL_0332,11,Ritonavir__5__uM,False,,Ritonavir,5.0,uM,1073,2753735.0
plate14,1,smp_2790,71,CVCL_0334,12,Ritonavir__5__uM,False,,Ritonavir,5.0,uM,747,1365455.0
plate14,1,smp_2790,71,CVCL_0359,13,Ritonavir__5__uM,False,,Ritonavir,5.0,uM,1670,3876674.0
plate14,1,smp_2790,71,CVCL_0366,14,Ritonavir__5__uM,False,,Ritonavir,5.0,uM,1494,4217369.0
plate14,1,smp_2790,71,CVCL_0371,15,Ritonavir__5__uM,False,,Ritonavir,5.0,uM,1513,3136651.0
plate14,1,smp_2790,71,CVCL_0397,16,Ritonavir__5__uM,False,,Ritonavir,5.0,uM,1406,3554445.0
plate14,1,smp_2790,71,CVCL_0399,17,Ritonavir__5__uM,False,,Ritonavir,5.0,uM,2467,5508833.0
plate14,1,smp_2790,71,CVCL_0428,18,Ritonavir__5__uM,False,,Ritonavir,5.0,uM,809,1636353.0
plate14,1,smp_2790,71,CVCL_0459,19,Ritonavir__5__uM,False,,Ritonavir,5.0,uM,3967,7057066.0
plate14,1,smp_2790,71,CVCL_0480,20,Ritonavir__5__uM,False,,Ritonavir,5.0,uM,2394,6889594.0
plate14,1,smp_2790,71,CVCL_0504,21,Ritonavir__5__uM,False,,Ritonavir,5.0,uM,1533,2391874.0
plate14,1,smp_2790,71,CVCL_0546,22,Ritonavir__5__uM,False,,Ritonavir,5.0,uM,3710,6765430.0
plate14,1,smp_2790,71,CVCL_1055,23,Ritonavir__5__uM,False,,Ritonavir,5.0,uM,875,2689399.0
plate14,1,smp_2790,71,CVCL_1056,24,Ritonavir__5__uM,False,,Ritonavir,5.0,uM,1881,5754794.0
plate14,1,smp_2790,71,CVCL_1094,25,Ritonavir__5__uM,False,,Ritonavir,5.0,uM,909,1523169.0
plate14,1,smp_2790,71,CVCL_1097,26,Ritonavir__5__uM,False,,Ritonavir,5.0,uM,1585,2934308.0
plate14,1,smp_2790,71,CVCL_1098,27,Ritonavir__5__uM,False,,Ritonavir,5.0,uM,1175,2002621.0
plate14,1,smp_2790,71,CVCL_1119,28,Ritonavir__5__uM,False,,Ritonavir,5.0,uM,1305,2962688.0
plate14,1,smp_2790,71,CVCL_1125,29,Ritonavir__5__uM,False,,Ritonavir,5.0,uM,340,451713.0
plate14,1,smp_2790,71,CVCL_1239,30,Ritonavir__5__uM,False,,Ritonavir,5.0,uM,652,1177501.0
plate14,1,smp_2790,71,CVCL_1285,31,Ritonavir__5__uM,False,,Ritonavir,5.0,uM,2412,4969119.0
plate14,1,smp_2790,71,CVCL_1381,32,Ritonavir__5__uM,False,,Ritonavir,5.0,uM,1385,2983379.0
plate14,1,smp_2790,71,CVCL_1478,33,Ritonavir__5__uM,False,,Ritonavir,5.0,uM,1506,3596286.0
plate14,1,smp_2790,71,CVCL_1495,34,Ritonavir__5__uM,False,,Ritonavir,5.0,uM,1292,2821957.0
plate14,1,smp_2790,71,CVCL_1517,35,Ritonavir__5__uM,False,,Ritonavir,5.0,uM,2071,6559391.0
plate14,1,smp_2790,71,CVCL_1531,36,Ritonavir__5__uM,False,,Ritonavir,5.0,uM,24,28279.0
plate14,1,smp_2790,71,CVCL_1547,37,Ritonavir__5__uM,False,,Ritonavir,5.0,uM,1580,3464663.0
plate14,1,smp_2790,71,CVCL_1550,38,Ritonavir__5__uM,False,,Ritonavir,5.0,uM,1385,4682062.0
plate14,1,smp_2790,71,CVCL_1571,39,Ritonavir__5__uM,False,,Ritonavir,5.0,uM,6,6346.0
plate14,1,smp_2790,71,CVCL_1577,40,Ritonavir__5__uM,False,,Ritonavir,5.0,uM,87,307168.0
plate14,1,smp_2790,71,CVCL_1635,41,Ritonavir__5__uM,False,,Ritonavir,5.0,uM,1118,2564159.0
plate14,1,smp_2790,71,CVCL_1666,42,Ritonavir__5__uM,False,,Ritonavir,5.0,uM,929,1472502.0
plate14,1,smp_2790,71,CVCL_1693,43,Ritonavir__5__uM,False,,Ritonavir,5.0,uM,736,1146815.0
plate14,1,smp_2790,71,CVCL_1715,44,Ritonavir__5__uM,False,,Ritonavir,5.0,uM,177,284547.0
plate14,1,smp_2790,71,CVCL_1716,45,Ritonavir__5__uM,False,,Ritonavir,5.0,uM,229,359635.0
plate14,1,smp_2790,71,CVCL_1717,46,Ritonavir__5__uM,False,,Ritonavir,5.0,uM,1376,3513471.0
plate14,1,smp_2790,71,CVCL_1724,47,Ritonavir__5__uM,False,,Ritonavir,5.0,uM,821,1603941.0
plate14,1,smp_2790,71,CVCL_1731,48,Ritonavir__5__uM,False,,Ritonavir,5.0,uM,1205,2391105.0
plate14,1,smp_2790,71,CVCL_C466,49,Ritonavir__5__uM,False,,Ritonavir,5.0,uM,1324,1976520.0
plate14,1,smp_2766,72,CVCL_0023,0,Ropivacaine (hydrochloride monohydrate)__5__uM,False,,Ropivacaine (hydrochloride monohydrate),5.0,uM,1766,3172085.0
plate14,1,smp_2766,72,CVCL_0028,1,Ropivacaine (hydrochloride monohydrate)__5__uM,False,,Ropivacaine (hydrochloride monohydrate),5.0,uM,359,468631.0
plate14,1,smp_2766,72,CVCL_0069,2,Ropivacaine (hydrochloride monohydrate)__5__uM,False,,Ropivacaine (hydrochloride monohydrate),5.0,uM,928,1894089.0
plate14,1,smp_2766,72,CVCL_0099,3,Ropivacaine (hydrochloride monohydrate)__5__uM,False,,Ropivacaine (hydrochloride monohydrate),5.0,uM,496,782652.0
plate14,1,smp_2766,72,CVCL_0131,4,Ropivacaine (hydrochloride monohydrate)__5__uM,False,,Ropivacaine (hydrochloride monohydrate),5.0,uM,1984,4903589.0
plate14,1,smp_2766,72,CVCL_0152,5,Ropivacaine (hydrochloride monohydrate)__5__uM,False,,Ropivacaine (hydrochloride monohydrate),5.0,uM,1479,2669204.0
plate14,1,smp_2766,72,CVCL_0179,6,Ropivacaine (hydrochloride monohydrate)__5__uM,False,,Ropivacaine (hydrochloride monohydrate),5.0,uM,1113,2806872.0
plate14,1,smp_2766,72,CVCL_0218,7,Ropivacaine (hydrochloride monohydrate)__5__uM,False,,Ropivacaine (hydrochloride monohydrate),5.0,uM,1035,1689484.0
plate14,1,smp_2766,72,CVCL_0292,8,Ropivacaine (hydrochloride monohydrate)__5__uM,False,,Ropivacaine (hydrochloride monohydrate),5.0,uM,811,1139669.0
plate14,1,smp_2766,72,CVCL_0293,9,Ropivacaine (hydrochloride monohydrate)__5__uM,False,,Ropivacaine (hydrochloride monohydrate),5.0,uM,1966,5410512.0
plate14,1,smp_2766,72,CVCL_0320,10,Ropivacaine (hydrochloride monohydrate)__5__uM,False,,Ropivacaine (hydrochloride monohydrate),5.0,uM,1581,3342671.0
plate14,1,smp_2766,72,CVCL_0332,11,Ropivacaine (hydrochloride monohydrate)__5__uM,False,,Ropivacaine (hydrochloride monohydrate),5.0,uM,1053,2666589.0
plate14,1,smp_2766,72,CVCL_0334,12,Ropivacaine (hydrochloride monohydrate)__5__uM,False,,Ropivacaine (hydrochloride monohydrate),5.0,uM,690,1193004.0
plate14,1,smp_2766,72,CVCL_0359,13,Ropivacaine (hydrochloride monohydrate)__5__uM,False,,Ropivacaine (hydrochloride monohydrate),5.0,uM,1676,3684295.0
plate14,1,smp_2766,72,CVCL_0366,14,Ropivacaine (hydrochloride monohydrate)__5__uM,False,,Ropivacaine (hydrochloride monohydrate),5.0,uM,1427,3836541.0
plate14,1,smp_2766,72,CVCL_0371,15,Ropivacaine (hydrochloride monohydrate)__5__uM,False,,Ropivacaine (hydrochloride monohydrate),5.0,uM,1594,3229491.0
plate14,1,smp_2766,72,CVCL_0397,16,Ropivacaine (hydrochloride monohydrate)__5__uM,False,,Ropivacaine (hydrochloride monohydrate),5.0,uM,1268,3454627.0
plate14,1,smp_2766,72,CVCL_0399,17,Ropivacaine (hydrochloride monohydrate)__5__uM,False,,Ropivacaine (hydrochloride monohydrate),5.0,uM,2434,5572864.0
plate14,1,smp_2766,72,CVCL_0428,18,Ropivacaine (hydrochloride monohydrate)__5__uM,False,,Ropivacaine (hydrochloride monohydrate),5.0,uM,804,1601946.0
plate14,1,smp_2766,72,CVCL_0459,19,Ropivacaine (hydrochloride monohydrate)__5__uM,False,,Ropivacaine (hydrochloride monohydrate),5.0,uM,3526,6000428.0
plate14,1,smp_2766,72,CVCL_0480,20,Ropivacaine (hydrochloride monohydrate)__5__uM,False,,Ropivacaine (hydrochloride monohydrate),5.0,uM,2186,5985854.0
plate14,1,smp_2766,72,CVCL_0504,21,Ropivacaine (hydrochloride monohydrate)__5__uM,False,,Ropivacaine (hydrochloride monohydrate),5.0,uM,1424,2125887.0
plate14,1,smp_2766,72,CVCL_0546,22,Ropivacaine (hydrochloride monohydrate)__5__uM,False,,Ropivacaine (hydrochloride monohydrate),5.0,uM,3729,6703079.0
plate14,1,smp_2766,72,CVCL_1055,23,Ropivacaine (hydrochloride monohydrate)__5__uM,False,,Ropivacaine (hydrochloride monohydrate),5.0,uM,1042,3115425.0
plate14,1,smp_2766,72,CVCL_1056,24,Ropivacaine (hydrochloride monohydrate)__5__uM,False,,Ropivacaine (hydrochloride monohydrate),5.0,uM,1811,5300433.0
plate14,1,smp_2766,72,CVCL_1094,25,Ropivacaine (hydrochloride monohydrate)__5__uM,False,,Ropivacaine (hydrochloride monohydrate),5.0,uM,922,1499785.0
plate14,1,smp_2766,72,CVCL_1097,26,Ropivacaine (hydrochloride monohydrate)__5__uM,False,,Ropivacaine (hydrochloride monohydrate),5.0,uM,1522,2715532.0
plate14,1,smp_2766,72,CVCL_1098,27,Ropivacaine (hydrochloride monohydrate)__5__uM,False,,Ropivacaine (hydrochloride monohydrate),5.0,uM,1032,1868939.0
plate14,1,smp_2766,72,CVCL_1119,28,Ropivacaine (hydrochloride monohydrate)__5__uM,False,,Ropivacaine (hydrochloride monohydrate),5.0,uM,1491,3320659.0
plate14,1,smp_2766,72,CVCL_1125,29,Ropivacaine (hydrochloride monohydrate)__5__uM,False,,Ropivacaine (hydrochloride monohydrate),5.0,uM,261,355402.0
plate14,1,smp_2766,72,CVCL_1239,30,Ropivacaine (hydrochloride monohydrate)__5__uM,False,,Ropivacaine (hydrochloride monohydrate),5.0,uM,598,999173.0
plate14,1,smp_2766,72,CVCL_1285,31,Ropivacaine (hydrochloride monohydrate)__5__uM,False,,Ropivacaine (hydrochloride monohydrate),5.0,uM,2019,4116782.0
plate14,1,smp_2766,72,CVCL_1381,32,Ropivacaine (hydrochloride monohydrate)__5__uM,False,,Ropivacaine (hydrochloride monohydrate),5.0,uM,1294,2748041.0
plate14,1,smp_2766,72,CVCL_1478,33,Ropivacaine (hydrochloride monohydrate)__5__uM,False,,Ropivacaine (hydrochloride monohydrate),5.0,uM,1488,3747303.0
plate14,1,smp_2766,72,CVCL_1495,34,Ropivacaine (hydrochloride monohydrate)__5__uM,False,,Ropivacaine (hydrochloride monohydrate),5.0,uM,1089,2302236.0
plate14,1,smp_2766,72,CVCL_1517,35,Ropivacaine (hydrochloride monohydrate)__5__uM,False,,Ropivacaine (hydrochloride monohydrate),5.0,uM,1905,5916288.0
plate14,1,smp_2766,72,CVCL_1531,36,Ropivacaine (hydrochloride monohydrate)__5__uM,False,,Ropivacaine (hydrochloride monohydrate),5.0,uM,14,16991.0
plate14,1,smp_2766,72,CVCL_1547,37,Ropivacaine (hydrochloride monohydrate)__5__uM,False,,Ropivacaine (hydrochloride monohydrate),5.0,uM,1512,3181070.0
plate14,1,smp_2766,72,CVCL_1550,38,Ropivacaine (hydrochloride monohydrate)__5__uM,False,,Ropivacaine (hydrochloride monohydrate),5.0,uM,1481,4840150.0
plate14,1,smp_2766,72,CVCL_1571,39,Ropivacaine (hydrochloride monohydrate)__5__uM,False,,Ropivacaine (hydrochloride monohydrate),5.0,uM,16,14486.0
plate14,1,smp_2766,72,CVCL_1577,40,Ropivacaine (hydrochloride monohydrate)__5__uM,False,,Ropivacaine (hydrochloride monohydrate),5.0,uM,88,313850.0
plate14,1,smp_2766,72,CVCL_1635,41,Ropivacaine (hydrochloride monohydrate)__5__uM,False,,Ropivacaine (hydrochloride monohydrate),5.0,uM,1092,2482923.0
plate14,1,smp_2766,72,CVCL_1666,42,Ropivacaine (hydrochloride monohydrate)__5__uM,False,,Ropivacaine (hydrochloride monohydrate),5.0,uM,894,1391342.0
plate14,1,smp_2766,72,CVCL_1693,43,Ropivacaine (hydrochloride monohydrate)__5__uM,False,,Ropivacaine (hydrochloride monohydrate),5.0,uM,681,1086129.0
plate14,1,smp_2766,72,CVCL_1715,44,Ropivacaine (hydrochloride monohydrate)__5__uM,False,,Ropivacaine (hydrochloride monohydrate),5.0,uM,135,210278.0
plate14,1,smp_2766,72,CVCL_1716,45,Ropivacaine (hydrochloride monohydrate)__5__uM,False,,Ropivacaine (hydrochloride monohydrate),5.0,uM,176,271843.0
plate14,1,smp_2766,72,CVCL_1717,46,Ropivacaine (hydrochloride monohydrate)__5__uM,False,,Ropivacaine (hydrochloride monohydrate),5.0,uM,1393,3559504.0
plate14,1,smp_2766,72,CVCL_1724,47,Ropivacaine (hydrochloride monohydrate)__5__uM,False,,Ropivacaine (hydrochloride monohydrate),5.0,uM,665,1313290.0
plate14,1,smp_2766,72,CVCL_1731,48,Ropivacaine (hydrochloride monohydrate)__5__uM,False,,Ropivacaine (hydrochloride monohydrate),5.0,uM,1114,2079740.0
plate14,1,smp_2766,72,CVCL_C466,49,Ropivacaine (hydrochloride monohydrate)__5__uM,False,,Ropivacaine (hydrochloride monohydrate),5.0,uM,1160,1669709.0
plate14,1,smp_2777,73,CVCL_0023,0,S-Adenosyl-L-methionine (disulfate tosylate)__5__uM,False,,S-Adenosyl-L-methionine (disulfate tosylate),5.0,uM,2061,4266469.0
plate14,1,smp_2777,73,CVCL_0028,1,S-Adenosyl-L-methionine (disulfate tosylate)__5__uM,False,,S-Adenosyl-L-methionine (disulfate tosylate),5.0,uM,357,550328.0
plate14,1,smp_2777,73,CVCL_0069,2,S-Adenosyl-L-methionine (disulfate tosylate)__5__uM,False,,S-Adenosyl-L-methionine (disulfate tosylate),5.0,uM,900,2158578.0
plate14,1,smp_2777,73,CVCL_0099,3,S-Adenosyl-L-methionine (disulfate tosylate)__5__uM,False,,S-Adenosyl-L-methionine (disulfate tosylate),5.0,uM,460,879483.0
plate14,1,smp_2777,73,CVCL_0131,4,S-Adenosyl-L-methionine (disulfate tosylate)__5__uM,False,,S-Adenosyl-L-methionine (disulfate tosylate),5.0,uM,2308,6505125.0
plate14,1,smp_2777,73,CVCL_0152,5,S-Adenosyl-L-methionine (disulfate tosylate)__5__uM,False,,S-Adenosyl-L-methionine (disulfate tosylate),5.0,uM,1923,3619447.0
plate14,1,smp_2777,73,CVCL_0179,6,S-Adenosyl-L-methionine (disulfate tosylate)__5__uM,False,,S-Adenosyl-L-methionine (disulfate tosylate),5.0,uM,1035,3074843.0
plate14,1,smp_2777,73,CVCL_0218,7,S-Adenosyl-L-methionine (disulfate tosylate)__5__uM,False,,S-Adenosyl-L-methionine (disulfate tosylate),5.0,uM,1363,2499764.0
plate14,1,smp_2777,73,CVCL_0292,8,S-Adenosyl-L-methionine (disulfate tosylate)__5__uM,False,,S-Adenosyl-L-methionine (disulfate tosylate),5.0,uM,910,1313790.0
plate14,1,smp_2777,73,CVCL_0293,9,S-Adenosyl-L-methionine (disulfate tosylate)__5__uM,False,,S-Adenosyl-L-methionine (disulfate tosylate),5.0,uM,2570,6607596.0
plate14,1,smp_2777,73,CVCL_0320,10,S-Adenosyl-L-methionine (disulfate tosylate)__5__uM,False,,S-Adenosyl-L-methionine (disulfate tosylate),5.0,uM,1914,4510928.0
plate14,1,smp_2777,73,CVCL_0332,11,S-Adenosyl-L-methionine (disulfate tosylate)__5__uM,False,,S-Adenosyl-L-methionine (disulfate tosylate),5.0,uM,1145,3135655.0
plate14,1,smp_2777,73,CVCL_0334,12,S-Adenosyl-L-methionine (disulfate tosylate)__5__uM,False,,S-Adenosyl-L-methionine (disulfate tosylate),5.0,uM,713,1450936.0
plate14,1,smp_2777,73,CVCL_0359,13,S-Adenosyl-L-methionine (disulfate tosylate)__5__uM,False,,S-Adenosyl-L-methionine (disulfate tosylate),5.0,uM,1665,4168950.0
plate14,1,smp_2777,73,CVCL_0366,14,S-Adenosyl-L-methionine (disulfate tosylate)__5__uM,False,,S-Adenosyl-L-methionine (disulfate tosylate),5.0,uM,1472,4422818.0
plate14,1,smp_2777,73,CVCL_0371,15,S-Adenosyl-L-methionine (disulfate tosylate)__5__uM,False,,S-Adenosyl-L-methionine (disulfate tosylate),5.0,uM,1964,4383781.0
plate14,1,smp_2777,73,CVCL_0397,16,S-Adenosyl-L-methionine (disulfate tosylate)__5__uM,False,,S-Adenosyl-L-methionine (disulfate tosylate),5.0,uM,1629,4265884.0
plate14,1,smp_2777,73,CVCL_0399,17,S-Adenosyl-L-methionine (disulfate tosylate)__5__uM,False,,S-Adenosyl-L-methionine (disulfate tosylate),5.0,uM,2782,6374913.0
plate14,1,smp_2777,73,CVCL_0428,18,S-Adenosyl-L-methionine (disulfate tosylate)__5__uM,False,,S-Adenosyl-L-methionine (disulfate tosylate),5.0,uM,871,1925219.0
plate14,1,smp_2777,73,CVCL_0459,19,S-Adenosyl-L-methionine (disulfate tosylate)__5__uM,False,,S-Adenosyl-L-methionine (disulfate tosylate),5.0,uM,4276,8100047.0
plate14,1,smp_2777,73,CVCL_0480,20,S-Adenosyl-L-methionine (disulfate tosylate)__5__uM,False,,S-Adenosyl-L-methionine (disulfate tosylate),5.0,uM,2585,7957518.0
plate14,1,smp_2777,73,CVCL_0504,21,S-Adenosyl-L-methionine (disulfate tosylate)__5__uM,False,,S-Adenosyl-L-methionine (disulfate tosylate),5.0,uM,1414,2436417.0
plate14,1,smp_2777,73,CVCL_0546,22,S-Adenosyl-L-methionine (disulfate tosylate)__5__uM,False,,S-Adenosyl-L-methionine (disulfate tosylate),5.0,uM,4853,9557117.0
plate14,1,smp_2777,73,CVCL_1055,23,S-Adenosyl-L-methionine (disulfate tosylate)__5__uM,False,,S-Adenosyl-L-methionine (disulfate tosylate),5.0,uM,885,2949452.0
plate14,1,smp_2777,73,CVCL_1056,24,S-Adenosyl-L-methionine (disulfate tosylate)__5__uM,False,,S-Adenosyl-L-methionine (disulfate tosylate),5.0,uM,1962,6479083.0
plate14,1,smp_2777,73,CVCL_1094,25,S-Adenosyl-L-methionine (disulfate tosylate)__5__uM,False,,S-Adenosyl-L-methionine (disulfate tosylate),5.0,uM,955,1740461.0
plate14,1,smp_2777,73,CVCL_1097,26,S-Adenosyl-L-methionine (disulfate tosylate)__5__uM,False,,S-Adenosyl-L-methionine (disulfate tosylate),5.0,uM,1928,3863406.0
plate14,1,smp_2777,73,CVCL_1098,27,S-Adenosyl-L-methionine (disulfate tosylate)__5__uM,False,,S-Adenosyl-L-methionine (disulfate tosylate),5.0,uM,1239,2396548.0
plate14,1,smp_2777,73,CVCL_1119,28,S-Adenosyl-L-methionine (disulfate tosylate)__5__uM,False,,S-Adenosyl-L-methionine (disulfate tosylate),5.0,uM,1594,4012809.0
plate14,1,smp_2777,73,CVCL_1125,29,S-Adenosyl-L-methionine (disulfate tosylate)__5__uM,False,,S-Adenosyl-L-methionine (disulfate tosylate),5.0,uM,328,491072.0
plate14,1,smp_2777,73,CVCL_1239,30,S-Adenosyl-L-methionine (disulfate tosylate)__5__uM,False,,S-Adenosyl-L-methionine (disulfate tosylate),5.0,uM,749,1514288.0
plate14,1,smp_2777,73,CVCL_1285,31,S-Adenosyl-L-methionine (disulfate tosylate)__5__uM,False,,S-Adenosyl-L-methionine (disulfate tosylate),5.0,uM,2689,5936022.0
plate14,1,smp_2777,73,CVCL_1381,32,S-Adenosyl-L-methionine (disulfate tosylate)__5__uM,False,,S-Adenosyl-L-methionine (disulfate tosylate),5.0,uM,1397,3238722.0
plate14,1,smp_2777,73,CVCL_1478,33,S-Adenosyl-L-methionine (disulfate tosylate)__5__uM,False,,S-Adenosyl-L-methionine (disulfate tosylate),5.0,uM,1895,4656662.0
plate14,1,smp_2777,73,CVCL_1495,34,S-Adenosyl-L-methionine (disulfate tosylate)__5__uM,False,,S-Adenosyl-L-methionine (disulfate tosylate),5.0,uM,1292,3125540.0
plate14,1,smp_2777,73,CVCL_1517,35,S-Adenosyl-L-methionine (disulfate tosylate)__5__uM,False,,S-Adenosyl-L-methionine (disulfate tosylate),5.0,uM,2290,7750212.0
plate14,1,smp_2777,73,CVCL_1531,36,S-Adenosyl-L-methionine (disulfate tosylate)__5__uM,False,,S-Adenosyl-L-methionine (disulfate tosylate),5.0,uM,33,44426.0
plate14,1,smp_2777,73,CVCL_1547,37,S-Adenosyl-L-methionine (disulfate tosylate)__5__uM,False,,S-Adenosyl-L-methionine (disulfate tosylate),5.0,uM,1475,3585547.0
plate14,1,smp_2777,73,CVCL_1550,38,S-Adenosyl-L-methionine (disulfate tosylate)__5__uM,False,,S-Adenosyl-L-methionine (disulfate tosylate),5.0,uM,1453,5201075.0
plate14,1,smp_2777,73,CVCL_1571,39,S-Adenosyl-L-methionine (disulfate tosylate)__5__uM,False,,S-Adenosyl-L-methionine (disulfate tosylate),5.0,uM,17,17733.0
plate14,1,smp_2777,73,CVCL_1577,40,S-Adenosyl-L-methionine (disulfate tosylate)__5__uM,False,,S-Adenosyl-L-methionine (disulfate tosylate),5.0,uM,74,301808.0
plate14,1,smp_2777,73,CVCL_1635,41,S-Adenosyl-L-methionine (disulfate tosylate)__5__uM,False,,S-Adenosyl-L-methionine (disulfate tosylate),5.0,uM,1186,2936155.0
plate14,1,smp_2777,73,CVCL_1666,42,S-Adenosyl-L-methionine (disulfate tosylate)__5__uM,False,,S-Adenosyl-L-methionine (disulfate tosylate),5.0,uM,1141,1920218.0
plate14,1,smp_2777,73,CVCL_1693,43,S-Adenosyl-L-methionine (disulfate tosylate)__5__uM,False,,S-Adenosyl-L-methionine (disulfate tosylate),5.0,uM,707,1213671.0
plate14,1,smp_2777,73,CVCL_1715,44,S-Adenosyl-L-methionine (disulfate tosylate)__5__uM,False,,S-Adenosyl-L-methionine (disulfate tosylate),5.0,uM,223,406749.0
plate14,1,smp_2777,73,CVCL_1716,45,S-Adenosyl-L-methionine (disulfate tosylate)__5__uM,False,,S-Adenosyl-L-methionine (disulfate tosylate),5.0,uM,242,388352.0
plate14,1,smp_2777,73,CVCL_1717,46,S-Adenosyl-L-methionine (disulfate tosylate)__5__uM,False,,S-Adenosyl-L-methionine (disulfate tosylate),5.0,uM,1621,4188187.0
plate14,1,smp_2777,73,CVCL_1724,47,S-Adenosyl-L-methionine (disulfate tosylate)__5__uM,False,,S-Adenosyl-L-methionine (disulfate tosylate),5.0,uM,974,2084344.0
plate14,1,smp_2777,73,CVCL_1731,48,S-Adenosyl-L-methionine (disulfate tosylate)__5__uM,False,,S-Adenosyl-L-methionine (disulfate tosylate),5.0,uM,1389,2912598.0
plate14,1,smp_2777,73,CVCL_C466,49,S-Adenosyl-L-methionine (disulfate tosylate)__5__uM,False,,S-Adenosyl-L-methionine (disulfate tosylate),5.0,uM,1550,2510497.0
plate14,1,smp_2767,74,CVCL_0023,0,Salicylic acid__5__uM,False,,Salicylic acid,5.0,uM,2352,5703491.0
plate14,1,smp_2767,74,CVCL_0028,1,Salicylic acid__5__uM,False,,Salicylic acid,5.0,uM,560,957702.0
plate14,1,smp_2767,74,CVCL_0069,2,Salicylic acid__5__uM,False,,Salicylic acid,5.0,uM,1097,3049534.0
plate14,1,smp_2767,74,CVCL_0099,3,Salicylic acid__5__uM,False,,Salicylic acid,5.0,uM,648,1468009.0
plate14,1,smp_2767,74,CVCL_0131,4,Salicylic acid__5__uM,False,,Salicylic acid,5.0,uM,2601,8853214.0
plate14,1,smp_2767,74,CVCL_0152,5,Salicylic acid__5__uM,False,,Salicylic acid,5.0,uM,2212,5027909.0
plate14,1,smp_2767,74,CVCL_0179,6,Salicylic acid__5__uM,False,,Salicylic acid,5.0,uM,1235,4341567.0
plate14,1,smp_2767,74,CVCL_0218,7,Salicylic acid__5__uM,False,,Salicylic acid,5.0,uM,1353,2969553.0
plate14,1,smp_2767,74,CVCL_0292,8,Salicylic acid__5__uM,False,,Salicylic acid,5.0,uM,1153,2002917.0
plate14,1,smp_2767,74,CVCL_0293,9,Salicylic acid__5__uM,False,,Salicylic acid,5.0,uM,2643,8292839.0
plate14,1,smp_2767,74,CVCL_0320,10,Salicylic acid__5__uM,False,,Salicylic acid,5.0,uM,1964,5524339.0
plate14,1,smp_2767,74,CVCL_0332,11,Salicylic acid__5__uM,False,,Salicylic acid,5.0,uM,1374,4579111.0
plate14,1,smp_2767,74,CVCL_0334,12,Salicylic acid__5__uM,False,,Salicylic acid,5.0,uM,957,2200556.0
plate14,1,smp_2767,74,CVCL_0359,13,Salicylic acid__5__uM,False,,Salicylic acid,5.0,uM,2172,6765621.0
plate14,1,smp_2767,74,CVCL_0366,14,Salicylic acid__5__uM,False,,Salicylic acid,5.0,uM,1773,6659955.0
plate14,1,smp_2767,74,CVCL_0371,15,Salicylic acid__5__uM,False,,Salicylic acid,5.0,uM,1881,5035644.0
plate14,1,smp_2767,74,CVCL_0397,16,Salicylic acid__5__uM,False,,Salicylic acid,5.0,uM,1725,5541147.0
plate14,1,smp_2767,74,CVCL_0399,17,Salicylic acid__5__uM,False,,Salicylic acid,5.0,uM,3214,8744852.0
plate14,1,smp_2767,74,CVCL_0428,18,Salicylic acid__5__uM,False,,Salicylic acid,5.0,uM,980,2725554.0
plate14,1,smp_2767,74,CVCL_0459,19,Salicylic acid__5__uM,False,,Salicylic acid,5.0,uM,4917,11682062.0
plate14,1,smp_2767,74,CVCL_0480,20,Salicylic acid__5__uM,False,,Salicylic acid,5.0,uM,2952,10917173.0
plate14,1,smp_2767,74,CVCL_0504,21,Salicylic acid__5__uM,False,,Salicylic acid,5.0,uM,1857,3699285.0
plate14,1,smp_2767,74,CVCL_0546,22,Salicylic acid__5__uM,False,,Salicylic acid,5.0,uM,4784,11259423.0
plate14,1,smp_2767,74,CVCL_1055,23,Salicylic acid__5__uM,False,,Salicylic acid,5.0,uM,1227,4990960.0
plate14,1,smp_2767,74,CVCL_1056,24,Salicylic acid__5__uM,False,,Salicylic acid,5.0,uM,2402,9496423.0
plate14,1,smp_2767,74,CVCL_1094,25,Salicylic acid__5__uM,False,,Salicylic acid,5.0,uM,1125,2525305.0
plate14,1,smp_2767,74,CVCL_1097,26,Salicylic acid__5__uM,False,,Salicylic acid,5.0,uM,2090,5150670.0
plate14,1,smp_2767,74,CVCL_1098,27,Salicylic acid__5__uM,False,,Salicylic acid,5.0,uM,1853,4124088.0
plate14,1,smp_2767,74,CVCL_1119,28,Salicylic acid__5__uM,False,,Salicylic acid,5.0,uM,1635,4825011.0
plate14,1,smp_2767,74,CVCL_1125,29,Salicylic acid__5__uM,False,,Salicylic acid,5.0,uM,415,708483.0
plate14,1,smp_2767,74,CVCL_1239,30,Salicylic acid__5__uM,False,,Salicylic acid,5.0,uM,855,2083707.0
plate14,1,smp_2767,74,CVCL_1285,31,Salicylic acid__5__uM,False,,Salicylic acid,5.0,uM,3092,8348406.0
plate14,1,smp_2767,74,CVCL_1381,32,Salicylic acid__5__uM,False,,Salicylic acid,5.0,uM,1755,4993136.0
plate14,1,smp_2767,74,CVCL_1478,33,Salicylic acid__5__uM,False,,Salicylic acid,5.0,uM,1711,4902889.0
plate14,1,smp_2767,74,CVCL_1495,34,Salicylic acid__5__uM,False,,Salicylic acid,5.0,uM,1506,4265768.0
plate14,1,smp_2767,74,CVCL_1517,35,Salicylic acid__5__uM,False,,Salicylic acid,5.0,uM,2464,10112388.0
plate14,1,smp_2767,74,CVCL_1531,36,Salicylic acid__5__uM,False,,Salicylic acid,5.0,uM,38,56325.0
plate14,1,smp_2767,74,CVCL_1547,37,Salicylic acid__5__uM,False,,Salicylic acid,5.0,uM,1834,5351498.0
plate14,1,smp_2767,74,CVCL_1550,38,Salicylic acid__5__uM,False,,Salicylic acid,5.0,uM,1619,6671116.0
plate14,1,smp_2767,74,CVCL_1571,39,Salicylic acid__5__uM,False,,Salicylic acid,5.0,uM,16,16957.0
plate14,1,smp_2767,74,CVCL_1577,40,Salicylic acid__5__uM,False,,Salicylic acid,5.0,uM,107,452443.0
plate14,1,smp_2767,74,CVCL_1635,41,Salicylic acid__5__uM,False,,Salicylic acid,5.0,uM,1327,3811102.0
plate14,1,smp_2767,74,CVCL_1666,42,Salicylic acid__5__uM,False,,Salicylic acid,5.0,uM,1232,2535439.0
plate14,1,smp_2767,74,CVCL_1693,43,Salicylic acid__5__uM,False,,Salicylic acid,5.0,uM,1057,2136856.0
plate14,1,smp_2767,74,CVCL_1715,44,Salicylic acid__5__uM,False,,Salicylic acid,5.0,uM,200,430261.0
plate14,1,smp_2767,74,CVCL_1716,45,Salicylic acid__5__uM,False,,Salicylic acid,5.0,uM,218,414063.0
plate14,1,smp_2767,74,CVCL_1717,46,Salicylic acid__5__uM,False,,Salicylic acid,5.0,uM,1708,5223826.0
plate14,1,smp_2767,74,CVCL_1724,47,Salicylic acid__5__uM,False,,Salicylic acid,5.0,uM,978,2511309.0
plate14,1,smp_2767,74,CVCL_1731,48,Salicylic acid__5__uM,False,,Salicylic acid,5.0,uM,1454,3703448.0
plate14,1,smp_2767,74,CVCL_C466,49,Salicylic acid__5__uM,False,,Salicylic acid,5.0,uM,1909,3695397.0
plate14,1,smp_2782,75,CVCL_0023,0,Saquinavir__5__uM,False,,Saquinavir,5.0,uM,1183,1789023.0
plate14,1,smp_2782,75,CVCL_0028,1,Saquinavir__5__uM,False,,Saquinavir,5.0,uM,241,298086.0
plate14,1,smp_2782,75,CVCL_0069,2,Saquinavir__5__uM,False,,Saquinavir,5.0,uM,585,1034703.0
plate14,1,smp_2782,75,CVCL_0099,3,Saquinavir__5__uM,False,,Saquinavir,5.0,uM,323,442140.0
plate14,1,smp_2782,75,CVCL_0131,4,Saquinavir__5__uM,False,,Saquinavir,5.0,uM,1283,2674189.0
plate14,1,smp_2782,75,CVCL_0152,5,Saquinavir__5__uM,False,,Saquinavir,5.0,uM,1031,1605936.0
plate14,1,smp_2782,75,CVCL_0179,6,Saquinavir__5__uM,False,,Saquinavir,5.0,uM,790,1704145.0
plate14,1,smp_2782,75,CVCL_0218,7,Saquinavir__5__uM,False,,Saquinavir,5.0,uM,854,1183826.0
plate14,1,smp_2782,75,CVCL_0292,8,Saquinavir__5__uM,False,,Saquinavir,5.0,uM,460,525552.0
plate14,1,smp_2782,75,CVCL_0293,9,Saquinavir__5__uM,False,,Saquinavir,5.0,uM,1531,3158802.0
plate14,1,smp_2782,75,CVCL_0320,10,Saquinavir__5__uM,False,,Saquinavir,5.0,uM,1130,2122954.0
plate14,1,smp_2782,75,CVCL_0332,11,Saquinavir__5__uM,False,,Saquinavir,5.0,uM,670,1377791.0
plate14,1,smp_2782,75,CVCL_0334,12,Saquinavir__5__uM,False,,Saquinavir,5.0,uM,494,768588.0
plate14,1,smp_2782,75,CVCL_0359,13,Saquinavir__5__uM,False,,Saquinavir,5.0,uM,1108,2108041.0
plate14,1,smp_2782,75,CVCL_0366,14,Saquinavir__5__uM,False,,Saquinavir,5.0,uM,879,2026052.0
plate14,1,smp_2782,75,CVCL_0371,15,Saquinavir__5__uM,False,,Saquinavir,5.0,uM,1134,1980797.0
plate14,1,smp_2782,75,CVCL_0397,16,Saquinavir__5__uM,False,,Saquinavir,5.0,uM,857,1914890.0
plate14,1,smp_2782,75,CVCL_0399,17,Saquinavir__5__uM,False,,Saquinavir,5.0,uM,1590,3012488.0
plate14,1,smp_2782,75,CVCL_0428,18,Saquinavir__5__uM,False,,Saquinavir,5.0,uM,483,800892.0
plate14,1,smp_2782,75,CVCL_0459,19,Saquinavir__5__uM,False,,Saquinavir,5.0,uM,2494,3658933.0
plate14,1,smp_2782,75,CVCL_0480,20,Saquinavir__5__uM,False,,Saquinavir,5.0,uM,1468,3384176.0
plate14,1,smp_2782,75,CVCL_0504,21,Saquinavir__5__uM,False,,Saquinavir,5.0,uM,872,1099041.0
plate14,1,smp_2782,75,CVCL_0546,22,Saquinavir__5__uM,False,,Saquinavir,5.0,uM,2725,4217540.0
plate14,1,smp_2782,75,CVCL_1055,23,Saquinavir__5__uM,False,,Saquinavir,5.0,uM,694,1687299.0
plate14,1,smp_2782,75,CVCL_1056,24,Saquinavir__5__uM,False,,Saquinavir,5.0,uM,1156,2882626.0
plate14,1,smp_2782,75,CVCL_1094,25,Saquinavir__5__uM,False,,Saquinavir,5.0,uM,619,842112.0
plate14,1,smp_2782,75,CVCL_1097,26,Saquinavir__5__uM,False,,Saquinavir,5.0,uM,1024,1585884.0
plate14,1,smp_2782,75,CVCL_1098,27,Saquinavir__5__uM,False,,Saquinavir,5.0,uM,926,1253784.0
plate14,1,smp_2782,75,CVCL_1119,28,Saquinavir__5__uM,False,,Saquinavir,5.0,uM,1056,2000035.0
plate14,1,smp_2782,75,CVCL_1125,29,Saquinavir__5__uM,False,,Saquinavir,5.0,uM,181,208193.0
plate14,1,smp_2782,75,CVCL_1239,30,Saquinavir__5__uM,False,,Saquinavir,5.0,uM,416,626898.0
plate14,1,smp_2782,75,CVCL_1285,31,Saquinavir__5__uM,False,,Saquinavir,5.0,uM,1321,2321533.0
plate14,1,smp_2782,75,CVCL_1381,32,Saquinavir__5__uM,False,,Saquinavir,5.0,uM,841,1510959.0
plate14,1,smp_2782,75,CVCL_1478,33,Saquinavir__5__uM,False,,Saquinavir,5.0,uM,1022,2039046.0
plate14,1,smp_2782,75,CVCL_1495,34,Saquinavir__5__uM,False,,Saquinavir,5.0,uM,694,1224848.0
plate14,1,smp_2782,75,CVCL_1517,35,Saquinavir__5__uM,False,,Saquinavir,5.0,uM,1413,3748930.0
plate14,1,smp_2782,75,CVCL_1531,36,Saquinavir__5__uM,False,,Saquinavir,5.0,uM,20,23903.0
plate14,1,smp_2782,75,CVCL_1547,37,Saquinavir__5__uM,False,,Saquinavir,5.0,uM,1014,1822866.0
plate14,1,smp_2782,75,CVCL_1550,38,Saquinavir__5__uM,False,,Saquinavir,5.0,uM,977,2633402.0
plate14,1,smp_2782,75,CVCL_1571,39,Saquinavir__5__uM,False,,Saquinavir,5.0,uM,17,16315.0
plate14,1,smp_2782,75,CVCL_1577,40,Saquinavir__5__uM,False,,Saquinavir,5.0,uM,64,169174.0
plate14,1,smp_2782,75,CVCL_1635,41,Saquinavir__5__uM,False,,Saquinavir,5.0,uM,771,1388447.0
plate14,1,smp_2782,75,CVCL_1666,42,Saquinavir__5__uM,False,,Saquinavir,5.0,uM,538,733445.0
plate14,1,smp_2782,75,CVCL_1693,43,Saquinavir__5__uM,False,,Saquinavir,5.0,uM,497,641628.0
plate14,1,smp_2782,75,CVCL_1715,44,Saquinavir__5__uM,False,,Saquinavir,5.0,uM,94,135582.0
plate14,1,smp_2782,75,CVCL_1716,45,Saquinavir__5__uM,False,,Saquinavir,5.0,uM,105,141439.0
plate14,1,smp_2782,75,CVCL_1717,46,Saquinavir__5__uM,False,,Saquinavir,5.0,uM,1057,2269896.0
plate14,1,smp_2782,75,CVCL_1724,47,Saquinavir__5__uM,False,,Saquinavir,5.0,uM,522,854652.0
plate14,1,smp_2782,75,CVCL_1731,48,Saquinavir__5__uM,False,,Saquinavir,5.0,uM,818,1393144.0
plate14,1,smp_2782,75,CVCL_C466,49,Saquinavir__5__uM,False,,Saquinavir,5.0,uM,712,894799.0
plate14,1,smp_2829,76,CVCL_0023,0,Selinexor__5__uM,False,,Selinexor,5.0,uM,244,670005.0
plate14,1,smp_2829,76,CVCL_0028,1,Selinexor__5__uM,False,,Selinexor,5.0,uM,89,160580.0
plate14,1,smp_2829,76,CVCL_0069,2,Selinexor__5__uM,False,,Selinexor,5.0,uM,94,214305.0
plate14,1,smp_2829,76,CVCL_0099,3,Selinexor__5__uM,False,,Selinexor,5.0,uM,96,175151.0
plate14,1,smp_2829,76,CVCL_0131,4,Selinexor__5__uM,False,,Selinexor,5.0,uM,216,767859.0
plate14,1,smp_2829,76,CVCL_0152,5,Selinexor__5__uM,False,,Selinexor,5.0,uM,394,800782.0
plate14,1,smp_2829,76,CVCL_0179,6,Selinexor__5__uM,False,,Selinexor,5.0,uM,254,901365.0
plate14,1,smp_2829,76,CVCL_0218,7,Selinexor__5__uM,False,,Selinexor,5.0,uM,283,582031.0
plate14,1,smp_2829,76,CVCL_0292,8,Selinexor__5__uM,False,,Selinexor,5.0,uM,292,490559.0
plate14,1,smp_2829,76,CVCL_0293,9,Selinexor__5__uM,False,,Selinexor,5.0,uM,544,1352751.0
plate14,1,smp_2829,76,CVCL_0320,10,Selinexor__5__uM,False,,Selinexor,5.0,uM,353,976226.0
plate14,1,smp_2829,76,CVCL_0332,11,Selinexor__5__uM,False,,Selinexor,5.0,uM,122,398602.0
plate14,1,smp_2829,76,CVCL_0334,12,Selinexor__5__uM,False,,Selinexor,5.0,uM,106,207475.0
plate14,1,smp_2829,76,CVCL_0359,13,Selinexor__5__uM,False,,Selinexor,5.0,uM,145,341124.0
plate14,1,smp_2829,76,CVCL_0366,14,Selinexor__5__uM,False,,Selinexor,5.0,uM,145,468505.0
plate14,1,smp_2829,76,CVCL_0371,15,Selinexor__5__uM,False,,Selinexor,5.0,uM,334,845280.0
plate14,1,smp_2829,76,CVCL_0397,16,Selinexor__5__uM,False,,Selinexor,5.0,uM,280,695103.0
plate14,1,smp_2829,76,CVCL_0399,17,Selinexor__5__uM,False,,Selinexor,5.0,uM,605,1289073.0
plate14,1,smp_2829,76,CVCL_0428,18,Selinexor__5__uM,False,,Selinexor,5.0,uM,108,298831.0
plate14,1,smp_2829,76,CVCL_0459,19,Selinexor__5__uM,False,,Selinexor,5.0,uM,723,1567555.0
plate14,1,smp_2829,76,CVCL_0480,20,Selinexor__5__uM,False,,Selinexor,5.0,uM,268,937018.0
plate14,1,smp_2829,76,CVCL_0504,21,Selinexor__5__uM,False,,Selinexor,5.0,uM,271,594652.0
plate14,1,smp_2829,76,CVCL_0546,22,Selinexor__5__uM,False,,Selinexor,5.0,uM,885,1973709.0
plate14,1,smp_2829,76,CVCL_1055,23,Selinexor__5__uM,False,,Selinexor,5.0,uM,88,329115.0
plate14,1,smp_2829,76,CVCL_1056,24,Selinexor__5__uM,False,,Selinexor,5.0,uM,150,508452.0
plate14,1,smp_2829,76,CVCL_1094,25,Selinexor__5__uM,False,,Selinexor,5.0,uM,312,669380.0
plate14,1,smp_2829,76,CVCL_1097,26,Selinexor__5__uM,False,,Selinexor,5.0,uM,218,462386.0
plate14,1,smp_2829,76,CVCL_1098,27,Selinexor__5__uM,False,,Selinexor,5.0,uM,393,794683.0
plate14,1,smp_2829,76,CVCL_1119,28,Selinexor__5__uM,False,,Selinexor,5.0,uM,177,479159.0
plate14,1,smp_2829,76,CVCL_1125,29,Selinexor__5__uM,False,,Selinexor,5.0,uM,38,67588.0
plate14,1,smp_2829,76,CVCL_1239,30,Selinexor__5__uM,False,,Selinexor,5.0,uM,100,246850.0
plate14,1,smp_2829,76,CVCL_1285,31,Selinexor__5__uM,False,,Selinexor,5.0,uM,275,689362.0
plate14,1,smp_2829,76,CVCL_1381,32,Selinexor__5__uM,False,,Selinexor,5.0,uM,174,501882.0
plate14,1,smp_2829,76,CVCL_1478,33,Selinexor__5__uM,False,,Selinexor,5.0,uM,253,606048.0
plate14,1,smp_2829,76,CVCL_1495,34,Selinexor__5__uM,False,,Selinexor,5.0,uM,146,417622.0
plate14,1,smp_2829,76,CVCL_1517,35,Selinexor__5__uM,False,,Selinexor,5.0,uM,219,859488.0
plate14,1,smp_2829,76,CVCL_1531,36,Selinexor__5__uM,False,,Selinexor,5.0,uM,3,3858.0
plate14,1,smp_2829,76,CVCL_1547,37,Selinexor__5__uM,False,,Selinexor,5.0,uM,208,553340.0
plate14,1,smp_2829,76,CVCL_1550,38,Selinexor__5__uM,False,,Selinexor,5.0,uM,143,474107.0
plate14,1,smp_2829,76,CVCL_1571,39,Selinexor__5__uM,False,,Selinexor,5.0,uM,6,6282.0
plate14,1,smp_2829,76,CVCL_1577,40,Selinexor__5__uM,False,,Selinexor,5.0,uM,15,53723.0
plate14,1,smp_2829,76,CVCL_1635,41,Selinexor__5__uM,False,,Selinexor,5.0,uM,162,385403.0
plate14,1,smp_2829,76,CVCL_1666,42,Selinexor__5__uM,False,,Selinexor,5.0,uM,184,350950.0
plate14,1,smp_2829,76,CVCL_1693,43,Selinexor__5__uM,False,,Selinexor,5.0,uM,288,550256.0
plate14,1,smp_2829,76,CVCL_1715,44,Selinexor__5__uM,False,,Selinexor,5.0,uM,24,46672.0
plate14,1,smp_2829,76,CVCL_1716,45,Selinexor__5__uM,False,,Selinexor,5.0,uM,34,68059.0
plate14,1,smp_2829,76,CVCL_1717,46,Selinexor__5__uM,False,,Selinexor,5.0,uM,300,811882.0
plate14,1,smp_2829,76,CVCL_1724,47,Selinexor__5__uM,False,,Selinexor,5.0,uM,242,494218.0
plate14,1,smp_2829,76,CVCL_1731,48,Selinexor__5__uM,False,,Selinexor,5.0,uM,200,491438.0
plate14,1,smp_2829,76,CVCL_C466,49,Selinexor__5__uM,False,,Selinexor,5.0,uM,324,633196.0
plate14,1,smp_2821,77,CVCL_0023,0,Sinomenine__5__uM,False,,Sinomenine,5.0,uM,1498,3062500.0
plate14,1,smp_2821,77,CVCL_0028,1,Sinomenine__5__uM,False,,Sinomenine,5.0,uM,378,567116.0
plate14,1,smp_2821,77,CVCL_0069,2,Sinomenine__5__uM,False,,Sinomenine,5.0,uM,770,1683505.0
plate14,1,smp_2821,77,CVCL_0099,3,Sinomenine__5__uM,False,,Sinomenine,5.0,uM,404,737848.0
plate14,1,smp_2821,77,CVCL_0131,4,Sinomenine__5__uM,False,,Sinomenine,5.0,uM,1637,4527610.0
plate14,1,smp_2821,77,CVCL_0152,5,Sinomenine__5__uM,False,,Sinomenine,5.0,uM,1511,2943090.0
plate14,1,smp_2821,77,CVCL_0179,6,Sinomenine__5__uM,False,,Sinomenine,5.0,uM,817,2198724.0
plate14,1,smp_2821,77,CVCL_0218,7,Sinomenine__5__uM,False,,Sinomenine,5.0,uM,818,1472182.0
plate14,1,smp_2821,77,CVCL_0292,8,Sinomenine__5__uM,False,,Sinomenine,5.0,uM,726,1039554.0
plate14,1,smp_2821,77,CVCL_0293,9,Sinomenine__5__uM,False,,Sinomenine,5.0,uM,1724,4660928.0
plate14,1,smp_2821,77,CVCL_0320,10,Sinomenine__5__uM,False,,Sinomenine,5.0,uM,1282,3059172.0
plate14,1,smp_2821,77,CVCL_0332,11,Sinomenine__5__uM,False,,Sinomenine,5.0,uM,938,2567564.0
plate14,1,smp_2821,77,CVCL_0334,12,Sinomenine__5__uM,False,,Sinomenine,5.0,uM,593,1135412.0
plate14,1,smp_2821,77,CVCL_0359,13,Sinomenine__5__uM,False,,Sinomenine,5.0,uM,1380,3431362.0
plate14,1,smp_2821,77,CVCL_0366,14,Sinomenine__5__uM,False,,Sinomenine,5.0,uM,1072,3334485.0
plate14,1,smp_2821,77,CVCL_0371,15,Sinomenine__5__uM,False,,Sinomenine,5.0,uM,1327,2931660.0
plate14,1,smp_2821,77,CVCL_0397,16,Sinomenine__5__uM,False,,Sinomenine,5.0,uM,1089,2885499.0
plate14,1,smp_2821,77,CVCL_0399,17,Sinomenine__5__uM,False,,Sinomenine,5.0,uM,1928,4364755.0
plate14,1,smp_2821,77,CVCL_0428,18,Sinomenine__5__uM,False,,Sinomenine,5.0,uM,641,1461052.0
plate14,1,smp_2821,77,CVCL_0459,19,Sinomenine__5__uM,False,,Sinomenine,5.0,uM,2898,5463552.0
plate14,1,smp_2821,77,CVCL_0480,20,Sinomenine__5__uM,False,,Sinomenine,5.0,uM,1791,5431124.0
plate14,1,smp_2821,77,CVCL_0504,21,Sinomenine__5__uM,False,,Sinomenine,5.0,uM,1245,2057482.0
plate14,1,smp_2821,77,CVCL_0546,22,Sinomenine__5__uM,False,,Sinomenine,5.0,uM,3161,6268977.0
plate14,1,smp_2821,77,CVCL_1055,23,Sinomenine__5__uM,False,,Sinomenine,5.0,uM,853,2782065.0
plate14,1,smp_2821,77,CVCL_1056,24,Sinomenine__5__uM,False,,Sinomenine,5.0,uM,1540,4995151.0
plate14,1,smp_2821,77,CVCL_1094,25,Sinomenine__5__uM,False,,Sinomenine,5.0,uM,789,1417695.0
plate14,1,smp_2821,77,CVCL_1097,26,Sinomenine__5__uM,False,,Sinomenine,5.0,uM,1266,2531588.0
plate14,1,smp_2821,77,CVCL_1098,27,Sinomenine__5__uM,False,,Sinomenine,5.0,uM,1065,2031179.0
plate14,1,smp_2821,77,CVCL_1119,28,Sinomenine__5__uM,False,,Sinomenine,5.0,uM,1240,3199134.0
plate14,1,smp_2821,77,CVCL_1125,29,Sinomenine__5__uM,False,,Sinomenine,5.0,uM,222,324036.0
plate14,1,smp_2821,77,CVCL_1239,30,Sinomenine__5__uM,False,,Sinomenine,5.0,uM,503,955178.0
plate14,1,smp_2821,77,CVCL_1285,31,Sinomenine__5__uM,False,,Sinomenine,5.0,uM,1700,3854375.0
plate14,1,smp_2821,77,CVCL_1381,32,Sinomenine__5__uM,False,,Sinomenine,5.0,uM,1079,2628658.0
plate14,1,smp_2821,77,CVCL_1478,33,Sinomenine__5__uM,False,,Sinomenine,5.0,uM,1232,3127485.0
plate14,1,smp_2821,77,CVCL_1495,34,Sinomenine__5__uM,False,,Sinomenine,5.0,uM,915,2132900.0
plate14,1,smp_2821,77,CVCL_1517,35,Sinomenine__5__uM,False,,Sinomenine,5.0,uM,1476,5018750.0
plate14,1,smp_2821,77,CVCL_1531,36,Sinomenine__5__uM,False,,Sinomenine,5.0,uM,18,26200.0
plate14,1,smp_2821,77,CVCL_1547,37,Sinomenine__5__uM,False,,Sinomenine,5.0,uM,1170,2764303.0
plate14,1,smp_2821,77,CVCL_1550,38,Sinomenine__5__uM,False,,Sinomenine,5.0,uM,1211,4269489.0
plate14,1,smp_2821,77,CVCL_1571,39,Sinomenine__5__uM,False,,Sinomenine,5.0,uM,10,11140.0
plate14,1,smp_2821,77,CVCL_1577,40,Sinomenine__5__uM,False,,Sinomenine,5.0,uM,63,215828.0
plate14,1,smp_2821,77,CVCL_1635,41,Sinomenine__5__uM,False,,Sinomenine,5.0,uM,979,2358328.0
plate14,1,smp_2821,77,CVCL_1666,42,Sinomenine__5__uM,False,,Sinomenine,5.0,uM,810,1389602.0
plate14,1,smp_2821,77,CVCL_1693,43,Sinomenine__5__uM,False,,Sinomenine,5.0,uM,671,1121392.0
plate14,1,smp_2821,77,CVCL_1715,44,Sinomenine__5__uM,False,,Sinomenine,5.0,uM,119,204259.0
plate14,1,smp_2821,77,CVCL_1716,45,Sinomenine__5__uM,False,,Sinomenine,5.0,uM,108,165751.0
plate14,1,smp_2821,77,CVCL_1717,46,Sinomenine__5__uM,False,,Sinomenine,5.0,uM,1198,3236790.0
plate14,1,smp_2821,77,CVCL_1724,47,Sinomenine__5__uM,False,,Sinomenine,5.0,uM,581,1164084.0
plate14,1,smp_2821,77,CVCL_1731,48,Sinomenine__5__uM,False,,Sinomenine,5.0,uM,937,1968019.0
plate14,1,smp_2821,77,CVCL_C466,49,Sinomenine__5__uM,False,,Sinomenine,5.0,uM,948,1489175.0
plate14,1,smp_2757,78,CVCL_0023,0,Sodium Salicylate__5__uM,False,,Sodium Salicylate,5.0,uM,2850,5755875.0
plate14,1,smp_2757,78,CVCL_0028,1,Sodium Salicylate__5__uM,False,,Sodium Salicylate,5.0,uM,709,1056196.0
plate14,1,smp_2757,78,CVCL_0069,2,Sodium Salicylate__5__uM,False,,Sodium Salicylate,5.0,uM,1577,3634207.0
plate14,1,smp_2757,78,CVCL_0099,3,Sodium Salicylate__5__uM,False,,Sodium Salicylate,5.0,uM,846,1524036.0
plate14,1,smp_2757,78,CVCL_0131,4,Sodium Salicylate__5__uM,False,,Sodium Salicylate,5.0,uM,3189,8691104.0
plate14,1,smp_2757,78,CVCL_0152,5,Sodium Salicylate__5__uM,False,,Sodium Salicylate,5.0,uM,2973,5617438.0
plate14,1,smp_2757,78,CVCL_0179,6,Sodium Salicylate__5__uM,False,,Sodium Salicylate,5.0,uM,1717,5051654.0
plate14,1,smp_2757,78,CVCL_0218,7,Sodium Salicylate__5__uM,False,,Sodium Salicylate,5.0,uM,1845,3159639.0
plate14,1,smp_2757,78,CVCL_0292,8,Sodium Salicylate__5__uM,False,,Sodium Salicylate,5.0,uM,1314,1941740.0
plate14,1,smp_2757,78,CVCL_0293,9,Sodium Salicylate__5__uM,False,,Sodium Salicylate,5.0,uM,3468,8991321.0
plate14,1,smp_2757,78,CVCL_0320,10,Sodium Salicylate__5__uM,False,,Sodium Salicylate,5.0,uM,2607,5909265.0
plate14,1,smp_2757,78,CVCL_0332,11,Sodium Salicylate__5__uM,False,,Sodium Salicylate,5.0,uM,1754,4764837.0
plate14,1,smp_2757,78,CVCL_0334,12,Sodium Salicylate__5__uM,False,,Sodium Salicylate,5.0,uM,1310,2614324.0
plate14,1,smp_2757,78,CVCL_0359,13,Sodium Salicylate__5__uM,False,,Sodium Salicylate,5.0,uM,2620,6642484.0
plate14,1,smp_2757,78,CVCL_0366,14,Sodium Salicylate__5__uM,False,,Sodium Salicylate,5.0,uM,2094,6269464.0
plate14,1,smp_2757,78,CVCL_0371,15,Sodium Salicylate__5__uM,False,,Sodium Salicylate,5.0,uM,2452,5403485.0
plate14,1,smp_2757,78,CVCL_0397,16,Sodium Salicylate__5__uM,False,,Sodium Salicylate,5.0,uM,2150,5435138.0
plate14,1,smp_2757,78,CVCL_0399,17,Sodium Salicylate__5__uM,False,,Sodium Salicylate,5.0,uM,3875,8738527.0
plate14,1,smp_2757,78,CVCL_0428,18,Sodium Salicylate__5__uM,False,,Sodium Salicylate,5.0,uM,1057,2264391.0
plate14,1,smp_2757,78,CVCL_0459,19,Sodium Salicylate__5__uM,False,,Sodium Salicylate,5.0,uM,5636,10541855.0
plate14,1,smp_2757,78,CVCL_0480,20,Sodium Salicylate__5__uM,False,,Sodium Salicylate,5.0,uM,3551,10753555.0
plate14,1,smp_2757,78,CVCL_0504,21,Sodium Salicylate__5__uM,False,,Sodium Salicylate,5.0,uM,2207,3689302.0
plate14,1,smp_2757,78,CVCL_0546,22,Sodium Salicylate__5__uM,False,,Sodium Salicylate,5.0,uM,6099,11783388.0
plate14,1,smp_2757,78,CVCL_1055,23,Sodium Salicylate__5__uM,False,,Sodium Salicylate,5.0,uM,1568,5253628.0
plate14,1,smp_2757,78,CVCL_1056,24,Sodium Salicylate__5__uM,False,,Sodium Salicylate,5.0,uM,2905,9716713.0
plate14,1,smp_2757,78,CVCL_1094,25,Sodium Salicylate__5__uM,False,,Sodium Salicylate,5.0,uM,1442,2689382.0
plate14,1,smp_2757,78,CVCL_1097,26,Sodium Salicylate__5__uM,False,,Sodium Salicylate,5.0,uM,2551,5078658.0
plate14,1,smp_2757,78,CVCL_1098,27,Sodium Salicylate__5__uM,False,,Sodium Salicylate,5.0,uM,2236,3882796.0
plate14,1,smp_2757,78,CVCL_1119,28,Sodium Salicylate__5__uM,False,,Sodium Salicylate,5.0,uM,2350,5770409.0
plate14,1,smp_2757,78,CVCL_1125,29,Sodium Salicylate__5__uM,False,,Sodium Salicylate,5.0,uM,450,646882.0
plate14,1,smp_2757,78,CVCL_1239,30,Sodium Salicylate__5__uM,False,,Sodium Salicylate,5.0,uM,965,1945653.0
plate14,1,smp_2757,78,CVCL_1285,31,Sodium Salicylate__5__uM,False,,Sodium Salicylate,5.0,uM,3450,7685687.0
plate14,1,smp_2757,78,CVCL_1381,32,Sodium Salicylate__5__uM,False,,Sodium Salicylate,5.0,uM,2240,5179770.0
plate14,1,smp_2757,78,CVCL_1478,33,Sodium Salicylate__5__uM,False,,Sodium Salicylate,5.0,uM,2337,5615005.0
plate14,1,smp_2757,78,CVCL_1495,34,Sodium Salicylate__5__uM,False,,Sodium Salicylate,5.0,uM,1892,4370633.0
plate14,1,smp_2757,78,CVCL_1517,35,Sodium Salicylate__5__uM,False,,Sodium Salicylate,5.0,uM,3263,10915566.0
plate14,1,smp_2757,78,CVCL_1531,36,Sodium Salicylate__5__uM,False,,Sodium Salicylate,5.0,uM,39,49260.0
plate14,1,smp_2757,78,CVCL_1547,37,Sodium Salicylate__5__uM,False,,Sodium Salicylate,5.0,uM,2260,5446847.0
plate14,1,smp_2757,78,CVCL_1550,38,Sodium Salicylate__5__uM,False,,Sodium Salicylate,5.0,uM,2359,8416524.0
plate14,1,smp_2757,78,CVCL_1571,39,Sodium Salicylate__5__uM,False,,Sodium Salicylate,5.0,uM,21,21048.0
plate14,1,smp_2757,78,CVCL_1577,40,Sodium Salicylate__5__uM,False,,Sodium Salicylate,5.0,uM,140,466544.0
plate14,1,smp_2757,78,CVCL_1635,41,Sodium Salicylate__5__uM,False,,Sodium Salicylate,5.0,uM,1872,4615162.0
plate14,1,smp_2757,78,CVCL_1666,42,Sodium Salicylate__5__uM,False,,Sodium Salicylate,5.0,uM,1689,3010144.0
plate14,1,smp_2757,78,CVCL_1693,43,Sodium Salicylate__5__uM,False,,Sodium Salicylate,5.0,uM,1298,2117941.0
plate14,1,smp_2757,78,CVCL_1715,44,Sodium Salicylate__5__uM,False,,Sodium Salicylate,5.0,uM,238,437198.0
plate14,1,smp_2757,78,CVCL_1716,45,Sodium Salicylate__5__uM,False,,Sodium Salicylate,5.0,uM,258,428016.0
plate14,1,smp_2757,78,CVCL_1717,46,Sodium Salicylate__5__uM,False,,Sodium Salicylate,5.0,uM,2329,6183268.0
plate14,1,smp_2757,78,CVCL_1724,47,Sodium Salicylate__5__uM,False,,Sodium Salicylate,5.0,uM,1161,2269817.0
plate14,1,smp_2757,78,CVCL_1731,48,Sodium Salicylate__5__uM,False,,Sodium Salicylate,5.0,uM,1891,3937264.0
plate14,1,smp_2757,78,CVCL_C466,49,Sodium Salicylate__5__uM,False,,Sodium Salicylate,5.0,uM,2214,3469470.0
plate14,1,smp_2793,79,CVCL_0023,0,Sulfisoxazole__5__uM,False,,Sulfisoxazole,5.0,uM,1715,3549220.0
plate14,1,smp_2793,79,CVCL_0028,1,Sulfisoxazole__5__uM,False,,Sulfisoxazole,5.0,uM,398,604775.0
plate14,1,smp_2793,79,CVCL_0069,2,Sulfisoxazole__5__uM,False,,Sulfisoxazole,5.0,uM,901,2120211.0
plate14,1,smp_2793,79,CVCL_0099,3,Sulfisoxazole__5__uM,False,,Sulfisoxazole,5.0,uM,478,873986.0
plate14,1,smp_2793,79,CVCL_0131,4,Sulfisoxazole__5__uM,False,,Sulfisoxazole,5.0,uM,1945,5517361.0
plate14,1,smp_2793,79,CVCL_0152,5,Sulfisoxazole__5__uM,False,,Sulfisoxazole,5.0,uM,1727,3329601.0
plate14,1,smp_2793,79,CVCL_0179,6,Sulfisoxazole__5__uM,False,,Sulfisoxazole,5.0,uM,1018,2900574.0
plate14,1,smp_2793,79,CVCL_0218,7,Sulfisoxazole__5__uM,False,,Sulfisoxazole,5.0,uM,1088,1999627.0
plate14,1,smp_2793,79,CVCL_0292,8,Sulfisoxazole__5__uM,False,,Sulfisoxazole,5.0,uM,824,1206160.0
plate14,1,smp_2793,79,CVCL_0293,9,Sulfisoxazole__5__uM,False,,Sulfisoxazole,5.0,uM,2244,6402722.0
plate14,1,smp_2793,79,CVCL_0320,10,Sulfisoxazole__5__uM,False,,Sulfisoxazole,5.0,uM,1571,3753703.0
plate14,1,smp_2793,79,CVCL_0332,11,Sulfisoxazole__5__uM,False,,Sulfisoxazole,5.0,uM,957,2716122.0
plate14,1,smp_2793,79,CVCL_0334,12,Sulfisoxazole__5__uM,False,,Sulfisoxazole,5.0,uM,649,1272330.0
plate14,1,smp_2793,79,CVCL_0359,13,Sulfisoxazole__5__uM,False,,Sulfisoxazole,5.0,uM,1506,3764672.0
plate14,1,smp_2793,79,CVCL_0366,14,Sulfisoxazole__5__uM,False,,Sulfisoxazole,5.0,uM,1246,3836078.0
plate14,1,smp_2793,79,CVCL_0371,15,Sulfisoxazole__5__uM,False,,Sulfisoxazole,5.0,uM,1565,3665703.0
plate14,1,smp_2793,79,CVCL_0397,16,Sulfisoxazole__5__uM,False,,Sulfisoxazole,5.0,uM,1324,3707819.0
plate14,1,smp_2793,79,CVCL_0399,17,Sulfisoxazole__5__uM,False,,Sulfisoxazole,5.0,uM,2617,6207322.0
plate14,1,smp_2793,79,CVCL_0428,18,Sulfisoxazole__5__uM,False,,Sulfisoxazole,5.0,uM,685,1470353.0
plate14,1,smp_2793,79,CVCL_0459,19,Sulfisoxazole__5__uM,False,,Sulfisoxazole,5.0,uM,3585,7083345.0
plate14,1,smp_2793,79,CVCL_0480,20,Sulfisoxazole__5__uM,False,,Sulfisoxazole,5.0,uM,2119,6550139.0
plate14,1,smp_2793,79,CVCL_0504,21,Sulfisoxazole__5__uM,False,,Sulfisoxazole,5.0,uM,1254,2100550.0
plate14,1,smp_2793,79,CVCL_0546,22,Sulfisoxazole__5__uM,False,,Sulfisoxazole,5.0,uM,3671,7248304.0
plate14,1,smp_2793,79,CVCL_1055,23,Sulfisoxazole__5__uM,False,,Sulfisoxazole,5.0,uM,967,3248453.0
plate14,1,smp_2793,79,CVCL_1056,24,Sulfisoxazole__5__uM,False,,Sulfisoxazole,5.0,uM,1700,5760382.0
plate14,1,smp_2793,79,CVCL_1094,25,Sulfisoxazole__5__uM,False,,Sulfisoxazole,5.0,uM,905,1686717.0
plate14,1,smp_2793,79,CVCL_1097,26,Sulfisoxazole__5__uM,False,,Sulfisoxazole,5.0,uM,1537,3199404.0
plate14,1,smp_2793,79,CVCL_1098,27,Sulfisoxazole__5__uM,False,,Sulfisoxazole,5.0,uM,1400,2609160.0
plate14,1,smp_2793,79,CVCL_1119,28,Sulfisoxazole__5__uM,False,,Sulfisoxazole,5.0,uM,1377,3404923.0
plate14,1,smp_2793,79,CVCL_1125,29,Sulfisoxazole__5__uM,False,,Sulfisoxazole,5.0,uM,249,381282.0
plate14,1,smp_2793,79,CVCL_1239,30,Sulfisoxazole__5__uM,False,,Sulfisoxazole,5.0,uM,576,1145536.0
plate14,1,smp_2793,79,CVCL_1285,31,Sulfisoxazole__5__uM,False,,Sulfisoxazole,5.0,uM,1936,4420817.0
plate14,1,smp_2793,79,CVCL_1381,32,Sulfisoxazole__5__uM,False,,Sulfisoxazole,5.0,uM,1254,3024465.0
plate14,1,smp_2793,79,CVCL_1478,33,Sulfisoxazole__5__uM,False,,Sulfisoxazole,5.0,uM,1483,3692717.0
plate14,1,smp_2793,79,CVCL_1495,34,Sulfisoxazole__5__uM,False,,Sulfisoxazole,5.0,uM,1144,2864352.0
plate14,1,smp_2793,79,CVCL_1517,35,Sulfisoxazole__5__uM,False,,Sulfisoxazole,5.0,uM,1880,6562706.0
plate14,1,smp_2793,79,CVCL_1531,36,Sulfisoxazole__5__uM,False,,Sulfisoxazole,5.0,uM,14,17333.0
plate14,1,smp_2793,79,CVCL_1547,37,Sulfisoxazole__5__uM,False,,Sulfisoxazole,5.0,uM,1417,3365596.0
plate14,1,smp_2793,79,CVCL_1550,38,Sulfisoxazole__5__uM,False,,Sulfisoxazole,5.0,uM,1354,4794958.0
plate14,1,smp_2793,79,CVCL_1571,39,Sulfisoxazole__5__uM,False,,Sulfisoxazole,5.0,uM,16,14587.0
plate14,1,smp_2793,79,CVCL_1577,40,Sulfisoxazole__5__uM,False,,Sulfisoxazole,5.0,uM,93,353556.0
plate14,1,smp_2793,79,CVCL_1635,41,Sulfisoxazole__5__uM,False,,Sulfisoxazole,5.0,uM,1091,2764495.0
plate14,1,smp_2793,79,CVCL_1666,42,Sulfisoxazole__5__uM,False,,Sulfisoxazole,5.0,uM,926,1690569.0
plate14,1,smp_2793,79,CVCL_1693,43,Sulfisoxazole__5__uM,False,,Sulfisoxazole,5.0,uM,746,1265358.0
plate14,1,smp_2793,79,CVCL_1715,44,Sulfisoxazole__5__uM,False,,Sulfisoxazole,5.0,uM,109,222451.0
plate14,1,smp_2793,79,CVCL_1716,45,Sulfisoxazole__5__uM,False,,Sulfisoxazole,5.0,uM,173,291298.0
plate14,1,smp_2793,79,CVCL_1717,46,Sulfisoxazole__5__uM,False,,Sulfisoxazole,5.0,uM,1414,3684622.0
plate14,1,smp_2793,79,CVCL_1724,47,Sulfisoxazole__5__uM,False,,Sulfisoxazole,5.0,uM,757,1596532.0
plate14,1,smp_2793,79,CVCL_1731,48,Sulfisoxazole__5__uM,False,,Sulfisoxazole,5.0,uM,1128,2347150.0
plate14,1,smp_2793,79,CVCL_C466,49,Sulfisoxazole__5__uM,False,,Sulfisoxazole,5.0,uM,1258,2053712.0
plate14,1,smp_2762,80,CVCL_0023,0,Temsirolimus__5__uM,False,,Temsirolimus,5.0,uM,2333,4705940.0
plate14,1,smp_2762,80,CVCL_0028,1,Temsirolimus__5__uM,False,,Temsirolimus,5.0,uM,451,646195.0
plate14,1,smp_2762,80,CVCL_0069,2,Temsirolimus__5__uM,False,,Temsirolimus,5.0,uM,1192,2556126.0
plate14,1,smp_2762,80,CVCL_0099,3,Temsirolimus__5__uM,False,,Temsirolimus,5.0,uM,587,1015563.0
plate14,1,smp_2762,80,CVCL_0131,4,Temsirolimus__5__uM,False,,Temsirolimus,5.0,uM,2591,6956104.0
plate14,1,smp_2762,80,CVCL_0152,5,Temsirolimus__5__uM,False,,Temsirolimus,5.0,uM,2143,4029309.0
plate14,1,smp_2762,80,CVCL_0179,6,Temsirolimus__5__uM,False,,Temsirolimus,5.0,uM,1300,3588806.0
plate14,1,smp_2762,80,CVCL_0218,7,Temsirolimus__5__uM,False,,Temsirolimus,5.0,uM,1385,2427815.0
plate14,1,smp_2762,80,CVCL_0292,8,Temsirolimus__5__uM,False,,Temsirolimus,5.0,uM,1133,1608738.0
plate14,1,smp_2762,80,CVCL_0293,9,Temsirolimus__5__uM,False,,Temsirolimus,5.0,uM,2790,7395828.0
plate14,1,smp_2762,80,CVCL_0320,10,Temsirolimus__5__uM,False,,Temsirolimus,5.0,uM,1984,4542727.0
plate14,1,smp_2762,80,CVCL_0332,11,Temsirolimus__5__uM,False,,Temsirolimus,5.0,uM,1333,3514260.0
plate14,1,smp_2762,80,CVCL_0334,12,Temsirolimus__5__uM,False,,Temsirolimus,5.0,uM,926,1668621.0
plate14,1,smp_2762,80,CVCL_0359,13,Temsirolimus__5__uM,False,,Temsirolimus,5.0,uM,1934,4552933.0
plate14,1,smp_2762,80,CVCL_0366,14,Temsirolimus__5__uM,False,,Temsirolimus,5.0,uM,1665,4939329.0
plate14,1,smp_2762,80,CVCL_0371,15,Temsirolimus__5__uM,False,,Temsirolimus,5.0,uM,2092,4504887.0
plate14,1,smp_2762,80,CVCL_0397,16,Temsirolimus__5__uM,False,,Temsirolimus,5.0,uM,1701,4278521.0
plate14,1,smp_2762,80,CVCL_0399,17,Temsirolimus__5__uM,False,,Temsirolimus,5.0,uM,3065,6889630.0
plate14,1,smp_2762,80,CVCL_0428,18,Temsirolimus__5__uM,False,,Temsirolimus,5.0,uM,945,1973946.0
plate14,1,smp_2762,80,CVCL_0459,19,Temsirolimus__5__uM,False,,Temsirolimus,5.0,uM,4851,8774780.0
plate14,1,smp_2762,80,CVCL_0480,20,Temsirolimus__5__uM,False,,Temsirolimus,5.0,uM,2976,8746904.0
plate14,1,smp_2762,80,CVCL_0504,21,Temsirolimus__5__uM,False,,Temsirolimus,5.0,uM,1629,2566366.0
plate14,1,smp_2762,80,CVCL_0546,22,Temsirolimus__5__uM,False,,Temsirolimus,5.0,uM,5217,9858421.0
plate14,1,smp_2762,80,CVCL_1055,23,Temsirolimus__5__uM,False,,Temsirolimus,5.0,uM,1260,3979541.0
plate14,1,smp_2762,80,CVCL_1056,24,Temsirolimus__5__uM,False,,Temsirolimus,5.0,uM,2262,7132958.0
plate14,1,smp_2762,80,CVCL_1094,25,Temsirolimus__5__uM,False,,Temsirolimus,5.0,uM,1093,1906459.0
plate14,1,smp_2762,80,CVCL_1097,26,Temsirolimus__5__uM,False,,Temsirolimus,5.0,uM,2022,3857488.0
plate14,1,smp_2762,80,CVCL_1098,27,Temsirolimus__5__uM,False,,Temsirolimus,5.0,uM,1820,3245018.0
plate14,1,smp_2762,80,CVCL_1119,28,Temsirolimus__5__uM,False,,Temsirolimus,5.0,uM,1710,3994318.0
plate14,1,smp_2762,80,CVCL_1125,29,Temsirolimus__5__uM,False,,Temsirolimus,5.0,uM,364,518543.0
plate14,1,smp_2762,80,CVCL_1239,30,Temsirolimus__5__uM,False,,Temsirolimus,5.0,uM,846,1589576.0
plate14,1,smp_2762,80,CVCL_1285,31,Temsirolimus__5__uM,False,,Temsirolimus,5.0,uM,2567,5578057.0
plate14,1,smp_2762,80,CVCL_1381,32,Temsirolimus__5__uM,False,,Temsirolimus,5.0,uM,1592,3536813.0
plate14,1,smp_2762,80,CVCL_1478,33,Temsirolimus__5__uM,False,,Temsirolimus,5.0,uM,2108,5103819.0
plate14,1,smp_2762,80,CVCL_1495,34,Temsirolimus__5__uM,False,,Temsirolimus,5.0,uM,1384,3164698.0
plate14,1,smp_2762,80,CVCL_1517,35,Temsirolimus__5__uM,False,,Temsirolimus,5.0,uM,2422,7838014.0
plate14,1,smp_2762,80,CVCL_1531,36,Temsirolimus__5__uM,False,,Temsirolimus,5.0,uM,31,46662.0
plate14,1,smp_2762,80,CVCL_1547,37,Temsirolimus__5__uM,False,,Temsirolimus,5.0,uM,1818,4062901.0
plate14,1,smp_2762,80,CVCL_1550,38,Temsirolimus__5__uM,False,,Temsirolimus,5.0,uM,1721,5902520.0
plate14,1,smp_2762,80,CVCL_1571,39,Temsirolimus__5__uM,False,,Temsirolimus,5.0,uM,19,19017.0
plate14,1,smp_2762,80,CVCL_1577,40,Temsirolimus__5__uM,False,,Temsirolimus,5.0,uM,111,375586.0
plate14,1,smp_2762,80,CVCL_1635,41,Temsirolimus__5__uM,False,,Temsirolimus,5.0,uM,1330,3045691.0
plate14,1,smp_2762,80,CVCL_1666,42,Temsirolimus__5__uM,False,,Temsirolimus,5.0,uM,1198,1980128.0
plate14,1,smp_2762,80,CVCL_1693,43,Temsirolimus__5__uM,False,,Temsirolimus,5.0,uM,1070,1734394.0
plate14,1,smp_2762,80,CVCL_1715,44,Temsirolimus__5__uM,False,,Temsirolimus,5.0,uM,177,316956.0
plate14,1,smp_2762,80,CVCL_1716,45,Temsirolimus__5__uM,False,,Temsirolimus,5.0,uM,244,383603.0
plate14,1,smp_2762,80,CVCL_1717,46,Temsirolimus__5__uM,False,,Temsirolimus,5.0,uM,1837,4747364.0
plate14,1,smp_2762,80,CVCL_1724,47,Temsirolimus__5__uM,False,,Temsirolimus,5.0,uM,1160,2337479.0
plate14,1,smp_2762,80,CVCL_1731,48,Temsirolimus__5__uM,False,,Temsirolimus,5.0,uM,1505,2943230.0
plate14,1,smp_2762,80,CVCL_C466,49,Temsirolimus__5__uM,False,,Temsirolimus,5.0,uM,1557,2460383.0
plate14,1,smp_2774,81,CVCL_0023,0,Terfenadine__5__uM,False,,Terfenadine,5.0,uM,1816,3541775.0
plate14,1,smp_2774,81,CVCL_0028,1,Terfenadine__5__uM,False,,Terfenadine,5.0,uM,354,521554.0
plate14,1,smp_2774,81,CVCL_0069,2,Terfenadine__5__uM,False,,Terfenadine,5.0,uM,981,2175226.0
plate14,1,smp_2774,81,CVCL_0099,3,Terfenadine__5__uM,False,,Terfenadine,5.0,uM,461,730797.0
plate14,1,smp_2774,81,CVCL_0131,4,Terfenadine__5__uM,False,,Terfenadine,5.0,uM,2156,5738410.0
plate14,1,smp_2774,81,CVCL_0152,5,Terfenadine__5__uM,False,,Terfenadine,5.0,uM,1738,3072502.0
plate14,1,smp_2774,81,CVCL_0179,6,Terfenadine__5__uM,False,,Terfenadine,5.0,uM,907,2315249.0
plate14,1,smp_2774,81,CVCL_0218,7,Terfenadine__5__uM,False,,Terfenadine,5.0,uM,1109,1843180.0
plate14,1,smp_2774,81,CVCL_0292,8,Terfenadine__5__uM,False,,Terfenadine,5.0,uM,960,1313179.0
plate14,1,smp_2774,81,CVCL_0293,9,Terfenadine__5__uM,False,,Terfenadine,5.0,uM,2322,5973563.0
plate14,1,smp_2774,81,CVCL_0320,10,Terfenadine__5__uM,False,,Terfenadine,5.0,uM,1570,3537597.0
plate14,1,smp_2774,81,CVCL_0332,11,Terfenadine__5__uM,False,,Terfenadine,5.0,uM,1106,2875795.0
plate14,1,smp_2774,81,CVCL_0334,12,Terfenadine__5__uM,False,,Terfenadine,5.0,uM,777,1374025.0
plate14,1,smp_2774,81,CVCL_0359,13,Terfenadine__5__uM,False,,Terfenadine,5.0,uM,1596,3590398.0
plate14,1,smp_2774,81,CVCL_0366,14,Terfenadine__5__uM,False,,Terfenadine,5.0,uM,1259,3562335.0
plate14,1,smp_2774,81,CVCL_0371,15,Terfenadine__5__uM,False,,Terfenadine,5.0,uM,1763,3669466.0
plate14,1,smp_2774,81,CVCL_0397,16,Terfenadine__5__uM,False,,Terfenadine,5.0,uM,1307,3353677.0
plate14,1,smp_2774,81,CVCL_0399,17,Terfenadine__5__uM,False,,Terfenadine,5.0,uM,2559,5609926.0
plate14,1,smp_2774,81,CVCL_0428,18,Terfenadine__5__uM,False,,Terfenadine,5.0,uM,803,1621387.0
plate14,1,smp_2774,81,CVCL_0459,19,Terfenadine__5__uM,False,,Terfenadine,5.0,uM,3783,6737341.0
plate14,1,smp_2774,81,CVCL_0480,20,Terfenadine__5__uM,False,,Terfenadine,5.0,uM,2229,6372775.0
plate14,1,smp_2774,81,CVCL_0504,21,Terfenadine__5__uM,False,,Terfenadine,5.0,uM,1403,2115075.0
plate14,1,smp_2774,81,CVCL_0546,22,Terfenadine__5__uM,False,,Terfenadine,5.0,uM,4258,7823930.0
plate14,1,smp_2774,81,CVCL_1055,23,Terfenadine__5__uM,False,,Terfenadine,5.0,uM,900,2618410.0
plate14,1,smp_2774,81,CVCL_1056,24,Terfenadine__5__uM,False,,Terfenadine,5.0,uM,1857,5761026.0
plate14,1,smp_2774,81,CVCL_1094,25,Terfenadine__5__uM,False,,Terfenadine,5.0,uM,885,1474720.0
plate14,1,smp_2774,81,CVCL_1097,26,Terfenadine__5__uM,False,,Terfenadine,5.0,uM,1611,3087140.0
plate14,1,smp_2774,81,CVCL_1098,27,Terfenadine__5__uM,False,,Terfenadine,5.0,uM,1360,2384106.0
plate14,1,smp_2774,81,CVCL_1119,28,Terfenadine__5__uM,False,,Terfenadine,5.0,uM,1468,3322984.0
plate14,1,smp_2774,81,CVCL_1125,29,Terfenadine__5__uM,False,,Terfenadine,5.0,uM,306,432659.0
plate14,1,smp_2774,81,CVCL_1239,30,Terfenadine__5__uM,False,,Terfenadine,5.0,uM,622,1129868.0
plate14,1,smp_2774,81,CVCL_1285,31,Terfenadine__5__uM,False,,Terfenadine,5.0,uM,2090,4332600.0
plate14,1,smp_2774,81,CVCL_1381,32,Terfenadine__5__uM,False,,Terfenadine,5.0,uM,1313,2950833.0
plate14,1,smp_2774,81,CVCL_1478,33,Terfenadine__5__uM,False,,Terfenadine,5.0,uM,1651,3905090.0
plate14,1,smp_2774,81,CVCL_1495,34,Terfenadine__5__uM,False,,Terfenadine,5.0,uM,1094,2614337.0
plate14,1,smp_2774,81,CVCL_1517,35,Terfenadine__5__uM,False,,Terfenadine,5.0,uM,1915,6244472.0
plate14,1,smp_2774,81,CVCL_1531,36,Terfenadine__5__uM,False,,Terfenadine,5.0,uM,20,25175.0
plate14,1,smp_2774,81,CVCL_1547,37,Terfenadine__5__uM,False,,Terfenadine,5.0,uM,1534,3413839.0
plate14,1,smp_2774,81,CVCL_1550,38,Terfenadine__5__uM,False,,Terfenadine,5.0,uM,1510,4783321.0
plate14,1,smp_2774,81,CVCL_1571,39,Terfenadine__5__uM,False,,Terfenadine,5.0,uM,12,11961.0
plate14,1,smp_2774,81,CVCL_1577,40,Terfenadine__5__uM,False,,Terfenadine,5.0,uM,87,338308.0
plate14,1,smp_2774,81,CVCL_1635,41,Terfenadine__5__uM,False,,Terfenadine,5.0,uM,1208,2685581.0
plate14,1,smp_2774,81,CVCL_1666,42,Terfenadine__5__uM,False,,Terfenadine,5.0,uM,1038,1744482.0
plate14,1,smp_2774,81,CVCL_1693,43,Terfenadine__5__uM,False,,Terfenadine,5.0,uM,692,1075062.0
plate14,1,smp_2774,81,CVCL_1715,44,Terfenadine__5__uM,False,,Terfenadine,5.0,uM,144,244281.0
plate14,1,smp_2774,81,CVCL_1716,45,Terfenadine__5__uM,False,,Terfenadine,5.0,uM,177,309339.0
plate14,1,smp_2774,81,CVCL_1717,46,Terfenadine__5__uM,False,,Terfenadine,5.0,uM,1637,4007595.0
plate14,1,smp_2774,81,CVCL_1724,47,Terfenadine__5__uM,False,,Terfenadine,5.0,uM,912,1795983.0
plate14,1,smp_2774,81,CVCL_1731,48,Terfenadine__5__uM,False,,Terfenadine,5.0,uM,1195,2412707.0
plate14,1,smp_2774,81,CVCL_C466,49,Terfenadine__5__uM,False,,Terfenadine,5.0,uM,1281,1959599.0
plate14,1,smp_2784,82,CVCL_0023,0,Thymol__5__uM,False,,Thymol,5.0,uM,1770,3123354.0
plate14,1,smp_2784,82,CVCL_0028,1,Thymol__5__uM,False,,Thymol,5.0,uM,354,459226.0
plate14,1,smp_2784,82,CVCL_0069,2,Thymol__5__uM,False,,Thymol,5.0,uM,882,1732411.0
plate14,1,smp_2784,82,CVCL_0099,3,Thymol__5__uM,False,,Thymol,5.0,uM,516,863399.0
plate14,1,smp_2784,82,CVCL_0131,4,Thymol__5__uM,False,,Thymol,5.0,uM,1912,4540770.0
plate14,1,smp_2784,82,CVCL_0152,5,Thymol__5__uM,False,,Thymol,5.0,uM,1832,3104767.0
plate14,1,smp_2784,82,CVCL_0179,6,Thymol__5__uM,False,,Thymol,5.0,uM,1175,2940154.0
plate14,1,smp_2784,82,CVCL_0218,7,Thymol__5__uM,False,,Thymol,5.0,uM,1409,2184126.0
plate14,1,smp_2784,82,CVCL_0292,8,Thymol__5__uM,False,,Thymol,5.0,uM,748,940430.0
plate14,1,smp_2784,82,CVCL_0293,9,Thymol__5__uM,False,,Thymol,5.0,uM,2489,5714205.0
plate14,1,smp_2784,82,CVCL_0320,10,Thymol__5__uM,False,,Thymol,5.0,uM,1733,3451441.0
plate14,1,smp_2784,82,CVCL_0332,11,Thymol__5__uM,False,,Thymol,5.0,uM,1014,2361129.0
plate14,1,smp_2784,82,CVCL_0334,12,Thymol__5__uM,False,,Thymol,5.0,uM,782,1279614.0
plate14,1,smp_2784,82,CVCL_0359,13,Thymol__5__uM,False,,Thymol,5.0,uM,1346,3023085.0
plate14,1,smp_2784,82,CVCL_0366,14,Thymol__5__uM,False,,Thymol,5.0,uM,1323,3468334.0
plate14,1,smp_2784,82,CVCL_0371,15,Thymol__5__uM,False,,Thymol,5.0,uM,1750,3367425.0
plate14,1,smp_2784,82,CVCL_0397,16,Thymol__5__uM,False,,Thymol,5.0,uM,1626,3559004.0
plate14,1,smp_2784,82,CVCL_0399,17,Thymol__5__uM,False,,Thymol,5.0,uM,2729,5508136.0
plate14,1,smp_2784,82,CVCL_0428,18,Thymol__5__uM,False,,Thymol,5.0,uM,638,1193451.0
plate14,1,smp_2784,82,CVCL_0459,19,Thymol__5__uM,False,,Thymol,5.0,uM,4000,6678615.0
plate14,1,smp_2784,82,CVCL_0480,20,Thymol__5__uM,False,,Thymol,5.0,uM,2312,6001334.0
plate14,1,smp_2784,82,CVCL_0504,21,Thymol__5__uM,False,,Thymol,5.0,uM,1141,1665216.0
plate14,1,smp_2784,82,CVCL_0546,22,Thymol__5__uM,False,,Thymol,5.0,uM,4039,6958018.0
plate14,1,smp_2784,82,CVCL_1055,23,Thymol__5__uM,False,,Thymol,5.0,uM,806,2317297.0
plate14,1,smp_2784,82,CVCL_1056,24,Thymol__5__uM,False,,Thymol,5.0,uM,1627,4716337.0
plate14,1,smp_2784,82,CVCL_1094,25,Thymol__5__uM,False,,Thymol,5.0,uM,790,1186216.0
plate14,1,smp_2784,82,CVCL_1097,26,Thymol__5__uM,False,,Thymol,5.0,uM,1638,2792438.0
plate14,1,smp_2784,82,CVCL_1098,27,Thymol__5__uM,False,,Thymol,5.0,uM,1282,1979774.0
plate14,1,smp_2784,82,CVCL_1119,28,Thymol__5__uM,False,,Thymol,5.0,uM,1443,2984145.0
plate14,1,smp_2784,82,CVCL_1125,29,Thymol__5__uM,False,,Thymol,5.0,uM,277,347043.0
plate14,1,smp_2784,82,CVCL_1239,30,Thymol__5__uM,False,,Thymol,5.0,uM,739,1283926.0
plate14,1,smp_2784,82,CVCL_1285,31,Thymol__5__uM,False,,Thymol,5.0,uM,2156,4284332.0
plate14,1,smp_2784,82,CVCL_1381,32,Thymol__5__uM,False,,Thymol,5.0,uM,1101,2236070.0
plate14,1,smp_2784,82,CVCL_1478,33,Thymol__5__uM,False,,Thymol,5.0,uM,2012,4521854.0
plate14,1,smp_2784,82,CVCL_1495,34,Thymol__5__uM,False,,Thymol,5.0,uM,1189,2395019.0
plate14,1,smp_2784,82,CVCL_1517,35,Thymol__5__uM,False,,Thymol,5.0,uM,2078,6019331.0
plate14,1,smp_2784,82,CVCL_1531,36,Thymol__5__uM,False,,Thymol,5.0,uM,26,35415.0
plate14,1,smp_2784,82,CVCL_1547,37,Thymol__5__uM,False,,Thymol,5.0,uM,1343,2605344.0
plate14,1,smp_2784,82,CVCL_1550,38,Thymol__5__uM,False,,Thymol,5.0,uM,1419,4313950.0
plate14,1,smp_2784,82,CVCL_1571,39,Thymol__5__uM,False,,Thymol,5.0,uM,14,13470.0
plate14,1,smp_2784,82,CVCL_1577,40,Thymol__5__uM,False,,Thymol,5.0,uM,70,213222.0
plate14,1,smp_2784,82,CVCL_1635,41,Thymol__5__uM,False,,Thymol,5.0,uM,1128,2370653.0
plate14,1,smp_2784,82,CVCL_1666,42,Thymol__5__uM,False,,Thymol,5.0,uM,872,1324192.0
plate14,1,smp_2784,82,CVCL_1693,43,Thymol__5__uM,False,,Thymol,5.0,uM,709,1061050.0
plate14,1,smp_2784,82,CVCL_1715,44,Thymol__5__uM,False,,Thymol,5.0,uM,271,428565.0
plate14,1,smp_2784,82,CVCL_1716,45,Thymol__5__uM,False,,Thymol,5.0,uM,173,245032.0
plate14,1,smp_2784,82,CVCL_1717,46,Thymol__5__uM,False,,Thymol,5.0,uM,1471,3438173.0
plate14,1,smp_2784,82,CVCL_1724,47,Thymol__5__uM,False,,Thymol,5.0,uM,910,1649122.0
plate14,1,smp_2784,82,CVCL_1731,48,Thymol__5__uM,False,,Thymol,5.0,uM,1209,2231543.0
plate14,1,smp_2784,82,CVCL_C466,49,Thymol__5__uM,False,,Thymol,5.0,uM,1288,1799062.0
plate14,1,smp_2783,83,CVCL_0023,0,Tofacitinib (citrate)__5__uM,False,,Tofacitinib (citrate),5.0,uM,2084,4581835.0
plate14,1,smp_2783,83,CVCL_0028,1,Tofacitinib (citrate)__5__uM,False,,Tofacitinib (citrate),5.0,uM,477,748114.0
plate14,1,smp_2783,83,CVCL_0069,2,Tofacitinib (citrate)__5__uM,False,,Tofacitinib (citrate),5.0,uM,1189,2965523.0
plate14,1,smp_2783,83,CVCL_0099,3,Tofacitinib (citrate)__5__uM,False,,Tofacitinib (citrate),5.0,uM,611,1191216.0
plate14,1,smp_2783,83,CVCL_0131,4,Tofacitinib (citrate)__5__uM,False,,Tofacitinib (citrate),5.0,uM,2365,7231035.0
plate14,1,smp_2783,83,CVCL_0152,5,Tofacitinib (citrate)__5__uM,False,,Tofacitinib (citrate),5.0,uM,2287,4803685.0
plate14,1,smp_2783,83,CVCL_0179,6,Tofacitinib (citrate)__5__uM,False,,Tofacitinib (citrate),5.0,uM,1211,3607236.0
plate14,1,smp_2783,83,CVCL_0218,7,Tofacitinib (citrate)__5__uM,False,,Tofacitinib (citrate),5.0,uM,1342,2609892.0
plate14,1,smp_2783,83,CVCL_0292,8,Tofacitinib (citrate)__5__uM,False,,Tofacitinib (citrate),5.0,uM,1222,1884549.0
plate14,1,smp_2783,83,CVCL_0293,9,Tofacitinib (citrate)__5__uM,False,,Tofacitinib (citrate),5.0,uM,2631,7526431.0
plate14,1,smp_2783,83,CVCL_0320,10,Tofacitinib (citrate)__5__uM,False,,Tofacitinib (citrate),5.0,uM,1822,4666910.0
plate14,1,smp_2783,83,CVCL_0332,11,Tofacitinib (citrate)__5__uM,False,,Tofacitinib (citrate),5.0,uM,1219,3754842.0
plate14,1,smp_2783,83,CVCL_0334,12,Tofacitinib (citrate)__5__uM,False,,Tofacitinib (citrate),5.0,uM,938,1858206.0
plate14,1,smp_2783,83,CVCL_0359,13,Tofacitinib (citrate)__5__uM,False,,Tofacitinib (citrate),5.0,uM,1891,5013339.0
plate14,1,smp_2783,83,CVCL_0366,14,Tofacitinib (citrate)__5__uM,False,,Tofacitinib (citrate),5.0,uM,1393,4683100.0
plate14,1,smp_2783,83,CVCL_0371,15,Tofacitinib (citrate)__5__uM,False,,Tofacitinib (citrate),5.0,uM,1883,4632669.0
plate14,1,smp_2783,83,CVCL_0397,16,Tofacitinib (citrate)__5__uM,False,,Tofacitinib (citrate),5.0,uM,1552,4454334.0
plate14,1,smp_2783,83,CVCL_0399,17,Tofacitinib (citrate)__5__uM,False,,Tofacitinib (citrate),5.0,uM,3025,7821440.0
plate14,1,smp_2783,83,CVCL_0428,18,Tofacitinib (citrate)__5__uM,False,,Tofacitinib (citrate),5.0,uM,964,2277528.0
plate14,1,smp_2783,83,CVCL_0459,19,Tofacitinib (citrate)__5__uM,False,,Tofacitinib (citrate),5.0,uM,4267,8639858.0
plate14,1,smp_2783,83,CVCL_0480,20,Tofacitinib (citrate)__5__uM,False,,Tofacitinib (citrate),5.0,uM,2537,8417990.0
plate14,1,smp_2783,83,CVCL_0504,21,Tofacitinib (citrate)__5__uM,False,,Tofacitinib (citrate),5.0,uM,1742,3060566.0
plate14,1,smp_2783,83,CVCL_0546,22,Tofacitinib (citrate)__5__uM,False,,Tofacitinib (citrate),5.0,uM,4842,10259802.0
plate14,1,smp_2783,83,CVCL_1055,23,Tofacitinib (citrate)__5__uM,False,,Tofacitinib (citrate),5.0,uM,1189,4272541.0
plate14,1,smp_2783,83,CVCL_1056,24,Tofacitinib (citrate)__5__uM,False,,Tofacitinib (citrate),5.0,uM,2014,7301409.0
plate14,1,smp_2783,83,CVCL_1094,25,Tofacitinib (citrate)__5__uM,False,,Tofacitinib (citrate),5.0,uM,1160,2254597.0
plate14,1,smp_2783,83,CVCL_1097,26,Tofacitinib (citrate)__5__uM,False,,Tofacitinib (citrate),5.0,uM,1995,4389421.0
plate14,1,smp_2783,83,CVCL_1098,27,Tofacitinib (citrate)__5__uM,False,,Tofacitinib (citrate),5.0,uM,1629,3260378.0
plate14,1,smp_2783,83,CVCL_1119,28,Tofacitinib (citrate)__5__uM,False,,Tofacitinib (citrate),5.0,uM,1759,4776947.0
plate14,1,smp_2783,83,CVCL_1125,29,Tofacitinib (citrate)__5__uM,False,,Tofacitinib (citrate),5.0,uM,334,524346.0
plate14,1,smp_2783,83,CVCL_1239,30,Tofacitinib (citrate)__5__uM,False,,Tofacitinib (citrate),5.0,uM,701,1500663.0
plate14,1,smp_2783,83,CVCL_1285,31,Tofacitinib (citrate)__5__uM,False,,Tofacitinib (citrate),5.0,uM,2432,6045023.0
plate14,1,smp_2783,83,CVCL_1381,32,Tofacitinib (citrate)__5__uM,False,,Tofacitinib (citrate),5.0,uM,1522,3802804.0
plate14,1,smp_2783,83,CVCL_1478,33,Tofacitinib (citrate)__5__uM,False,,Tofacitinib (citrate),5.0,uM,1875,5109651.0
plate14,1,smp_2783,83,CVCL_1495,34,Tofacitinib (citrate)__5__uM,False,,Tofacitinib (citrate),5.0,uM,1341,3483276.0
plate14,1,smp_2783,83,CVCL_1517,35,Tofacitinib (citrate)__5__uM,False,,Tofacitinib (citrate),5.0,uM,2081,7638016.0
plate14,1,smp_2783,83,CVCL_1531,36,Tofacitinib (citrate)__5__uM,False,,Tofacitinib (citrate),5.0,uM,36,50740.0
plate14,1,smp_2783,83,CVCL_1547,37,Tofacitinib (citrate)__5__uM,False,,Tofacitinib (citrate),5.0,uM,1735,4533590.0
plate14,1,smp_2783,83,CVCL_1550,38,Tofacitinib (citrate)__5__uM,False,,Tofacitinib (citrate),5.0,uM,1900,7262219.0
plate14,1,smp_2783,83,CVCL_1571,39,Tofacitinib (citrate)__5__uM,False,,Tofacitinib (citrate),5.0,uM,17,18859.0
plate14,1,smp_2783,83,CVCL_1577,40,Tofacitinib (citrate)__5__uM,False,,Tofacitinib (citrate),5.0,uM,129,521796.0
plate14,1,smp_2783,83,CVCL_1635,41,Tofacitinib (citrate)__5__uM,False,,Tofacitinib (citrate),5.0,uM,1432,3746878.0
plate14,1,smp_2783,83,CVCL_1666,42,Tofacitinib (citrate)__5__uM,False,,Tofacitinib (citrate),5.0,uM,1234,2230039.0
plate14,1,smp_2783,83,CVCL_1693,43,Tofacitinib (citrate)__5__uM,False,,Tofacitinib (citrate),5.0,uM,965,1656036.0
plate14,1,smp_2783,83,CVCL_1715,44,Tofacitinib (citrate)__5__uM,False,,Tofacitinib (citrate),5.0,uM,147,270637.0
plate14,1,smp_2783,83,CVCL_1716,45,Tofacitinib (citrate)__5__uM,False,,Tofacitinib (citrate),5.0,uM,199,347548.0
plate14,1,smp_2783,83,CVCL_1717,46,Tofacitinib (citrate)__5__uM,False,,Tofacitinib (citrate),5.0,uM,1763,4921861.0
plate14,1,smp_2783,83,CVCL_1724,47,Tofacitinib (citrate)__5__uM,False,,Tofacitinib (citrate),5.0,uM,976,2232780.0
plate14,1,smp_2783,83,CVCL_1731,48,Tofacitinib (citrate)__5__uM,False,,Tofacitinib (citrate),5.0,uM,1323,2979969.0
plate14,1,smp_2783,83,CVCL_C466,49,Tofacitinib (citrate)__5__uM,False,,Tofacitinib (citrate),5.0,uM,1453,2448422.0
plate14,1,smp_2769,84,CVCL_0023,0,Tofacitinib__5__uM,False,,Tofacitinib,5.0,uM,1596,2975420.0
plate14,1,smp_2769,84,CVCL_0028,1,Tofacitinib__5__uM,False,,Tofacitinib,5.0,uM,402,579300.0
plate14,1,smp_2769,84,CVCL_0069,2,Tofacitinib__5__uM,False,,Tofacitinib,5.0,uM,892,1925651.0
plate14,1,smp_2769,84,CVCL_0099,3,Tofacitinib__5__uM,False,,Tofacitinib,5.0,uM,471,786459.0
plate14,1,smp_2769,84,CVCL_0131,4,Tofacitinib__5__uM,False,,Tofacitinib,5.0,uM,1760,4718741.0
plate14,1,smp_2769,84,CVCL_0152,5,Tofacitinib__5__uM,False,,Tofacitinib,5.0,uM,1520,2807155.0
plate14,1,smp_2769,84,CVCL_0179,6,Tofacitinib__5__uM,False,,Tofacitinib,5.0,uM,1038,2911689.0
plate14,1,smp_2769,84,CVCL_0218,7,Tofacitinib__5__uM,False,,Tofacitinib,5.0,uM,1035,1711001.0
plate14,1,smp_2769,84,CVCL_0292,8,Tofacitinib__5__uM,False,,Tofacitinib,5.0,uM,672,942842.0
plate14,1,smp_2769,84,CVCL_0293,9,Tofacitinib__5__uM,False,,Tofacitinib,5.0,uM,2062,5592391.0
plate14,1,smp_2769,84,CVCL_0320,10,Tofacitinib__5__uM,False,,Tofacitinib,5.0,uM,1405,3093621.0
plate14,1,smp_2769,84,CVCL_0332,11,Tofacitinib__5__uM,False,,Tofacitinib,5.0,uM,908,2335346.0
plate14,1,smp_2769,84,CVCL_0334,12,Tofacitinib__5__uM,False,,Tofacitinib,5.0,uM,688,1252535.0
plate14,1,smp_2769,84,CVCL_0359,13,Tofacitinib__5__uM,False,,Tofacitinib,5.0,uM,1500,3547614.0
plate14,1,smp_2769,84,CVCL_0366,14,Tofacitinib__5__uM,False,,Tofacitinib,5.0,uM,1147,3244642.0
plate14,1,smp_2769,84,CVCL_0371,15,Tofacitinib__5__uM,False,,Tofacitinib,5.0,uM,1504,3168881.0
plate14,1,smp_2769,84,CVCL_0397,16,Tofacitinib__5__uM,False,,Tofacitinib,5.0,uM,1172,2948416.0
plate14,1,smp_2769,84,CVCL_0399,17,Tofacitinib__5__uM,False,,Tofacitinib,5.0,uM,2309,5258978.0
plate14,1,smp_2769,84,CVCL_0428,18,Tofacitinib__5__uM,False,,Tofacitinib,5.0,uM,599,1253152.0
plate14,1,smp_2769,84,CVCL_0459,19,Tofacitinib__5__uM,False,,Tofacitinib,5.0,uM,3121,5690369.0
plate14,1,smp_2769,84,CVCL_0480,20,Tofacitinib__5__uM,False,,Tofacitinib,5.0,uM,2067,6022374.0
plate14,1,smp_2769,84,CVCL_0504,21,Tofacitinib__5__uM,False,,Tofacitinib,5.0,uM,1230,1864470.0
plate14,1,smp_2769,84,CVCL_0546,22,Tofacitinib__5__uM,False,,Tofacitinib,5.0,uM,3527,6577636.0
plate14,1,smp_2769,84,CVCL_1055,23,Tofacitinib__5__uM,False,,Tofacitinib,5.0,uM,842,2691184.0
plate14,1,smp_2769,84,CVCL_1056,24,Tofacitinib__5__uM,False,,Tofacitinib,5.0,uM,1519,4741183.0
plate14,1,smp_2769,84,CVCL_1094,25,Tofacitinib__5__uM,False,,Tofacitinib,5.0,uM,851,1537706.0
plate14,1,smp_2769,84,CVCL_1097,26,Tofacitinib__5__uM,False,,Tofacitinib,5.0,uM,1422,2716343.0
plate14,1,smp_2769,84,CVCL_1098,27,Tofacitinib__5__uM,False,,Tofacitinib,5.0,uM,1264,2247888.0
plate14,1,smp_2769,84,CVCL_1119,28,Tofacitinib__5__uM,False,,Tofacitinib,5.0,uM,1483,3566882.0
plate14,1,smp_2769,84,CVCL_1125,29,Tofacitinib__5__uM,False,,Tofacitinib,5.0,uM,231,302421.0
plate14,1,smp_2769,84,CVCL_1239,30,Tofacitinib__5__uM,False,,Tofacitinib,5.0,uM,585,1079073.0
plate14,1,smp_2769,84,CVCL_1285,31,Tofacitinib__5__uM,False,,Tofacitinib,5.0,uM,1886,4086443.0
plate14,1,smp_2769,84,CVCL_1381,32,Tofacitinib__5__uM,False,,Tofacitinib,5.0,uM,1206,2701791.0
plate14,1,smp_2769,84,CVCL_1478,33,Tofacitinib__5__uM,False,,Tofacitinib,5.0,uM,1294,2954564.0
plate14,1,smp_2769,84,CVCL_1495,34,Tofacitinib__5__uM,False,,Tofacitinib,5.0,uM,1093,2421421.0
plate14,1,smp_2769,84,CVCL_1517,35,Tofacitinib__5__uM,False,,Tofacitinib,5.0,uM,1852,6091346.0
plate14,1,smp_2769,84,CVCL_1531,36,Tofacitinib__5__uM,False,,Tofacitinib,5.0,uM,26,31268.0
plate14,1,smp_2769,84,CVCL_1547,37,Tofacitinib__5__uM,False,,Tofacitinib,5.0,uM,1276,2808540.0
plate14,1,smp_2769,84,CVCL_1550,38,Tofacitinib__5__uM,False,,Tofacitinib,5.0,uM,1357,4474419.0
plate14,1,smp_2769,84,CVCL_1571,39,Tofacitinib__5__uM,False,,Tofacitinib,5.0,uM,12,11328.0
plate14,1,smp_2769,84,CVCL_1577,40,Tofacitinib__5__uM,False,,Tofacitinib,5.0,uM,71,252568.0
plate14,1,smp_2769,84,CVCL_1635,41,Tofacitinib__5__uM,False,,Tofacitinib,5.0,uM,1073,2326135.0
plate14,1,smp_2769,84,CVCL_1666,42,Tofacitinib__5__uM,False,,Tofacitinib,5.0,uM,865,1428468.0
plate14,1,smp_2769,84,CVCL_1693,43,Tofacitinib__5__uM,False,,Tofacitinib,5.0,uM,756,1185530.0
plate14,1,smp_2769,84,CVCL_1715,44,Tofacitinib__5__uM,False,,Tofacitinib,5.0,uM,118,202297.0
plate14,1,smp_2769,84,CVCL_1716,45,Tofacitinib__5__uM,False,,Tofacitinib,5.0,uM,156,246043.0
plate14,1,smp_2769,84,CVCL_1717,46,Tofacitinib__5__uM,False,,Tofacitinib,5.0,uM,1389,3505139.0
plate14,1,smp_2769,84,CVCL_1724,47,Tofacitinib__5__uM,False,,Tofacitinib,5.0,uM,663,1279681.0
plate14,1,smp_2769,84,CVCL_1731,48,Tofacitinib__5__uM,False,,Tofacitinib,5.0,uM,1027,2050586.0
plate14,1,smp_2769,84,CVCL_C466,49,Tofacitinib__5__uM,False,,Tofacitinib,5.0,uM,1104,1730069.0
plate14,1,smp_2773,85,CVCL_0023,0,Tolcapone__5__uM,False,,Tolcapone,5.0,uM,1892,3991869.0
plate14,1,smp_2773,85,CVCL_0028,1,Tolcapone__5__uM,False,,Tolcapone,5.0,uM,410,684121.0
plate14,1,smp_2773,85,CVCL_0069,2,Tolcapone__5__uM,False,,Tolcapone,5.0,uM,928,2202146.0
plate14,1,smp_2773,85,CVCL_0099,3,Tolcapone__5__uM,False,,Tolcapone,5.0,uM,508,933186.0
plate14,1,smp_2773,85,CVCL_0131,4,Tolcapone__5__uM,False,,Tolcapone,5.0,uM,2082,6240456.0
plate14,1,smp_2773,85,CVCL_0152,5,Tolcapone__5__uM,False,,Tolcapone,5.0,uM,2050,3884777.0
plate14,1,smp_2773,85,CVCL_0179,6,Tolcapone__5__uM,False,,Tolcapone,5.0,uM,1036,3032845.0
plate14,1,smp_2773,85,CVCL_0218,7,Tolcapone__5__uM,False,,Tolcapone,5.0,uM,1327,2568625.0
plate14,1,smp_2773,85,CVCL_0292,8,Tolcapone__5__uM,False,,Tolcapone,5.0,uM,991,1466274.0
plate14,1,smp_2773,85,CVCL_0293,9,Tolcapone__5__uM,False,,Tolcapone,5.0,uM,2434,6308672.0
plate14,1,smp_2773,85,CVCL_0320,10,Tolcapone__5__uM,False,,Tolcapone,5.0,uM,1799,4402825.0
plate14,1,smp_2773,85,CVCL_0332,11,Tolcapone__5__uM,False,,Tolcapone,5.0,uM,994,2795376.0
plate14,1,smp_2773,85,CVCL_0334,12,Tolcapone__5__uM,False,,Tolcapone,5.0,uM,867,1764455.0
plate14,1,smp_2773,85,CVCL_0359,13,Tolcapone__5__uM,False,,Tolcapone,5.0,uM,1548,4017416.0
plate14,1,smp_2773,85,CVCL_0366,14,Tolcapone__5__uM,False,,Tolcapone,5.0,uM,1325,4185621.0
plate14,1,smp_2773,85,CVCL_0371,15,Tolcapone__5__uM,False,,Tolcapone,5.0,uM,1773,3997272.0
plate14,1,smp_2773,85,CVCL_0397,16,Tolcapone__5__uM,False,,Tolcapone,5.0,uM,1698,4329106.0
plate14,1,smp_2773,85,CVCL_0399,17,Tolcapone__5__uM,False,,Tolcapone,5.0,uM,2823,6548143.0
plate14,1,smp_2773,85,CVCL_0428,18,Tolcapone__5__uM,False,,Tolcapone,5.0,uM,786,1897416.0
plate14,1,smp_2773,85,CVCL_0459,19,Tolcapone__5__uM,False,,Tolcapone,5.0,uM,4047,7999209.0
plate14,1,smp_2773,85,CVCL_0480,20,Tolcapone__5__uM,False,,Tolcapone,5.0,uM,2294,7252704.0
plate14,1,smp_2773,85,CVCL_0504,21,Tolcapone__5__uM,False,,Tolcapone,5.0,uM,1205,2095188.0
plate14,1,smp_2773,85,CVCL_0546,22,Tolcapone__5__uM,False,,Tolcapone,5.0,uM,4133,8397661.0
plate14,1,smp_2773,85,CVCL_1055,23,Tolcapone__5__uM,False,,Tolcapone,5.0,uM,782,2637667.0
plate14,1,smp_2773,85,CVCL_1056,24,Tolcapone__5__uM,False,,Tolcapone,5.0,uM,1811,6370524.0
plate14,1,smp_2773,85,CVCL_1094,25,Tolcapone__5__uM,False,,Tolcapone,5.0,uM,853,1621287.0
plate14,1,smp_2773,85,CVCL_1097,26,Tolcapone__5__uM,False,,Tolcapone,5.0,uM,1749,3692505.0
plate14,1,smp_2773,85,CVCL_1098,27,Tolcapone__5__uM,False,,Tolcapone,5.0,uM,1400,2555617.0
plate14,1,smp_2773,85,CVCL_1119,28,Tolcapone__5__uM,False,,Tolcapone,5.0,uM,1471,3725505.0
plate14,1,smp_2773,85,CVCL_1125,29,Tolcapone__5__uM,False,,Tolcapone,5.0,uM,249,366462.0
plate14,1,smp_2773,85,CVCL_1239,30,Tolcapone__5__uM,False,,Tolcapone,5.0,uM,728,1526660.0
plate14,1,smp_2773,85,CVCL_1285,31,Tolcapone__5__uM,False,,Tolcapone,5.0,uM,2403,5713603.0
plate14,1,smp_2773,85,CVCL_1381,32,Tolcapone__5__uM,False,,Tolcapone,5.0,uM,1233,3056269.0
plate14,1,smp_2773,85,CVCL_1478,33,Tolcapone__5__uM,False,,Tolcapone,5.0,uM,1904,4614227.0
plate14,1,smp_2773,85,CVCL_1495,34,Tolcapone__5__uM,False,,Tolcapone,5.0,uM,1207,3064176.0
plate14,1,smp_2773,85,CVCL_1517,35,Tolcapone__5__uM,False,,Tolcapone,5.0,uM,1982,6893471.0
plate14,1,smp_2773,85,CVCL_1531,36,Tolcapone__5__uM,False,,Tolcapone,5.0,uM,19,26529.0
plate14,1,smp_2773,85,CVCL_1547,37,Tolcapone__5__uM,False,,Tolcapone,5.0,uM,1311,3278877.0
plate14,1,smp_2773,85,CVCL_1550,38,Tolcapone__5__uM,False,,Tolcapone,5.0,uM,1453,5265432.0
plate14,1,smp_2773,85,CVCL_1571,39,Tolcapone__5__uM,False,,Tolcapone,5.0,uM,11,12209.0
plate14,1,smp_2773,85,CVCL_1577,40,Tolcapone__5__uM,False,,Tolcapone,5.0,uM,84,315086.0
plate14,1,smp_2773,85,CVCL_1635,41,Tolcapone__5__uM,False,,Tolcapone,5.0,uM,1171,2896225.0
plate14,1,smp_2773,85,CVCL_1666,42,Tolcapone__5__uM,False,,Tolcapone,5.0,uM,1042,1889244.0
plate14,1,smp_2773,85,CVCL_1693,43,Tolcapone__5__uM,False,,Tolcapone,5.0,uM,734,1254164.0
plate14,1,smp_2773,85,CVCL_1715,44,Tolcapone__5__uM,False,,Tolcapone,5.0,uM,189,366385.0
plate14,1,smp_2773,85,CVCL_1716,45,Tolcapone__5__uM,False,,Tolcapone,5.0,uM,211,370676.0
plate14,1,smp_2773,85,CVCL_1717,46,Tolcapone__5__uM,False,,Tolcapone,5.0,uM,1457,3912055.0
plate14,1,smp_2773,85,CVCL_1724,47,Tolcapone__5__uM,False,,Tolcapone,5.0,uM,859,1854310.0
plate14,1,smp_2773,85,CVCL_1731,48,Tolcapone__5__uM,False,,Tolcapone,5.0,uM,1310,2902622.0
plate14,1,smp_2773,85,CVCL_C466,49,Tolcapone__5__uM,False,,Tolcapone,5.0,uM,1533,2575992.0
plate14,1,smp_2809,86,CVCL_0023,0,Triamcinolone__5__uM,False,,Triamcinolone,5.0,uM,2108,4519396.0
plate14,1,smp_2809,86,CVCL_0028,1,Triamcinolone__5__uM,False,,Triamcinolone,5.0,uM,377,599884.0
plate14,1,smp_2809,86,CVCL_0069,2,Triamcinolone__5__uM,False,,Triamcinolone,5.0,uM,1106,2668153.0
plate14,1,smp_2809,86,CVCL_0099,3,Triamcinolone__5__uM,False,,Triamcinolone,5.0,uM,438,848904.0
plate14,1,smp_2809,86,CVCL_0131,4,Triamcinolone__5__uM,False,,Triamcinolone,5.0,uM,2241,6292095.0
plate14,1,smp_2809,86,CVCL_0152,5,Triamcinolone__5__uM,False,,Triamcinolone,5.0,uM,2092,4097316.0
plate14,1,smp_2809,86,CVCL_0179,6,Triamcinolone__5__uM,False,,Triamcinolone,5.0,uM,1070,3012438.0
plate14,1,smp_2809,86,CVCL_0218,7,Triamcinolone__5__uM,False,,Triamcinolone,5.0,uM,1266,2312093.0
plate14,1,smp_2809,86,CVCL_0292,8,Triamcinolone__5__uM,False,,Triamcinolone,5.0,uM,1224,1844100.0
plate14,1,smp_2809,86,CVCL_0293,9,Triamcinolone__5__uM,False,,Triamcinolone,5.0,uM,2570,6767101.0
plate14,1,smp_2809,86,CVCL_0320,10,Triamcinolone__5__uM,False,,Triamcinolone,5.0,uM,1805,4303834.0
plate14,1,smp_2809,86,CVCL_0332,11,Triamcinolone__5__uM,False,,Triamcinolone,5.0,uM,1093,3202482.0
plate14,1,smp_2809,86,CVCL_0334,12,Triamcinolone__5__uM,False,,Triamcinolone,5.0,uM,807,1550887.0
plate14,1,smp_2809,86,CVCL_0359,13,Triamcinolone__5__uM,False,,Triamcinolone,5.0,uM,1748,4451394.0
plate14,1,smp_2809,86,CVCL_0366,14,Triamcinolone__5__uM,False,,Triamcinolone,5.0,uM,1241,3820443.0
plate14,1,smp_2809,86,CVCL_0371,15,Triamcinolone__5__uM,False,,Triamcinolone,5.0,uM,1982,4679103.0
plate14,1,smp_2809,86,CVCL_0397,16,Triamcinolone__5__uM,False,,Triamcinolone,5.0,uM,1468,4198157.0
plate14,1,smp_2809,86,CVCL_0399,17,Triamcinolone__5__uM,False,,Triamcinolone,5.0,uM,2980,7045059.0
plate14,1,smp_2809,86,CVCL_0428,18,Triamcinolone__5__uM,False,,Triamcinolone,5.0,uM,773,1658374.0
plate14,1,smp_2809,86,CVCL_0459,19,Triamcinolone__5__uM,False,,Triamcinolone,5.0,uM,3799,7329850.0
plate14,1,smp_2809,86,CVCL_0480,20,Triamcinolone__5__uM,False,,Triamcinolone,5.0,uM,2296,7120294.0
plate14,1,smp_2809,86,CVCL_0504,21,Triamcinolone__5__uM,False,,Triamcinolone,5.0,uM,1341,2392618.0
plate14,1,smp_2809,86,CVCL_0546,22,Triamcinolone__5__uM,False,,Triamcinolone,5.0,uM,4526,9260275.0
plate14,1,smp_2809,86,CVCL_1055,23,Triamcinolone__5__uM,False,,Triamcinolone,5.0,uM,865,2891888.0
plate14,1,smp_2809,86,CVCL_1056,24,Triamcinolone__5__uM,False,,Triamcinolone,5.0,uM,2025,6963605.0
plate14,1,smp_2809,86,CVCL_1094,25,Triamcinolone__5__uM,False,,Triamcinolone,5.0,uM,1099,2052840.0
plate14,1,smp_2809,86,CVCL_1097,26,Triamcinolone__5__uM,False,,Triamcinolone,5.0,uM,1754,3829380.0
plate14,1,smp_2809,86,CVCL_1098,27,Triamcinolone__5__uM,False,,Triamcinolone,5.0,uM,1467,2747663.0
plate14,1,smp_2809,86,CVCL_1119,28,Triamcinolone__5__uM,False,,Triamcinolone,5.0,uM,1803,4621111.0
plate14,1,smp_2809,86,CVCL_1125,29,Triamcinolone__5__uM,False,,Triamcinolone,5.0,uM,235,366849.0
plate14,1,smp_2809,86,CVCL_1239,30,Triamcinolone__5__uM,False,,Triamcinolone,5.0,uM,642,1297285.0
plate14,1,smp_2809,86,CVCL_1285,31,Triamcinolone__5__uM,False,,Triamcinolone,5.0,uM,2226,5108569.0
plate14,1,smp_2809,86,CVCL_1381,32,Triamcinolone__5__uM,False,,Triamcinolone,5.0,uM,1490,3620331.0
plate14,1,smp_2809,86,CVCL_1478,33,Triamcinolone__5__uM,False,,Triamcinolone,5.0,uM,1885,4726089.0
plate14,1,smp_2809,86,CVCL_1495,34,Triamcinolone__5__uM,False,,Triamcinolone,5.0,uM,1268,3338227.0
plate14,1,smp_2809,86,CVCL_1517,35,Triamcinolone__5__uM,False,,Triamcinolone,5.0,uM,1768,6036159.0
plate14,1,smp_2809,86,CVCL_1531,36,Triamcinolone__5__uM,False,,Triamcinolone,5.0,uM,20,26743.0
plate14,1,smp_2809,86,CVCL_1547,37,Triamcinolone__5__uM,False,,Triamcinolone,5.0,uM,1584,3933451.0
plate14,1,smp_2809,86,CVCL_1550,38,Triamcinolone__5__uM,False,,Triamcinolone,5.0,uM,1718,6069056.0
plate14,1,smp_2809,86,CVCL_1571,39,Triamcinolone__5__uM,False,,Triamcinolone,5.0,uM,21,22801.0
plate14,1,smp_2809,86,CVCL_1577,40,Triamcinolone__5__uM,False,,Triamcinolone,5.0,uM,83,343528.0
plate14,1,smp_2809,86,CVCL_1635,41,Triamcinolone__5__uM,False,,Triamcinolone,5.0,uM,1418,3560789.0
plate14,1,smp_2809,86,CVCL_1666,42,Triamcinolone__5__uM,False,,Triamcinolone,5.0,uM,1255,2293709.0
plate14,1,smp_2809,86,CVCL_1693,43,Triamcinolone__5__uM,False,,Triamcinolone,5.0,uM,1032,1839680.0
plate14,1,smp_2809,86,CVCL_1715,44,Triamcinolone__5__uM,False,,Triamcinolone,5.0,uM,104,212392.0
plate14,1,smp_2809,86,CVCL_1716,45,Triamcinolone__5__uM,False,,Triamcinolone,5.0,uM,196,375391.0
plate14,1,smp_2809,86,CVCL_1717,46,Triamcinolone__5__uM,False,,Triamcinolone,5.0,uM,1729,4515994.0
plate14,1,smp_2809,86,CVCL_1724,47,Triamcinolone__5__uM,False,,Triamcinolone,5.0,uM,869,1825860.0
plate14,1,smp_2809,86,CVCL_1731,48,Triamcinolone__5__uM,False,,Triamcinolone,5.0,uM,1251,2699294.0
plate14,1,smp_2809,86,CVCL_C466,49,Triamcinolone__5__uM,False,,Triamcinolone,5.0,uM,1261,2107617.0
plate14,1,smp_2804,87,CVCL_0023,0,Triclosan__5__uM,False,,Triclosan,5.0,uM,2460,5145050.0
plate14,1,smp_2804,87,CVCL_0028,1,Triclosan__5__uM,False,,Triclosan,5.0,uM,579,896256.0
plate14,1,smp_2804,87,CVCL_0069,2,Triclosan__5__uM,False,,Triclosan,5.0,uM,1242,2824225.0
plate14,1,smp_2804,87,CVCL_0099,3,Triclosan__5__uM,False,,Triclosan,5.0,uM,823,1465446.0
plate14,1,smp_2804,87,CVCL_0131,4,Triclosan__5__uM,False,,Triclosan,5.0,uM,2722,7688394.0
plate14,1,smp_2804,87,CVCL_0152,5,Triclosan__5__uM,False,,Triclosan,5.0,uM,2452,4501735.0
plate14,1,smp_2804,87,CVCL_0179,6,Triclosan__5__uM,False,,Triclosan,5.0,uM,1481,4153451.0
plate14,1,smp_2804,87,CVCL_0218,7,Triclosan__5__uM,False,,Triclosan,5.0,uM,1513,2609701.0
plate14,1,smp_2804,87,CVCL_0292,8,Triclosan__5__uM,False,,Triclosan,5.0,uM,1141,1540417.0
plate14,1,smp_2804,87,CVCL_0293,9,Triclosan__5__uM,False,,Triclosan,5.0,uM,3166,7869748.0
plate14,1,smp_2804,87,CVCL_0320,10,Triclosan__5__uM,False,,Triclosan,5.0,uM,2210,5275122.0
plate14,1,smp_2804,87,CVCL_0332,11,Triclosan__5__uM,False,,Triclosan,5.0,uM,1556,4352781.0
plate14,1,smp_2804,87,CVCL_0334,12,Triclosan__5__uM,False,,Triclosan,5.0,uM,1055,1913266.0
plate14,1,smp_2804,87,CVCL_0359,13,Triclosan__5__uM,False,,Triclosan,5.0,uM,2299,5614102.0
plate14,1,smp_2804,87,CVCL_0366,14,Triclosan__5__uM,False,,Triclosan,5.0,uM,1850,5597865.0
plate14,1,smp_2804,87,CVCL_0371,15,Triclosan__5__uM,False,,Triclosan,5.0,uM,2214,4848598.0
plate14,1,smp_2804,87,CVCL_0397,16,Triclosan__5__uM,False,,Triclosan,5.0,uM,2101,5370861.0
plate14,1,smp_2804,87,CVCL_0399,17,Triclosan__5__uM,False,,Triclosan,5.0,uM,3639,8171319.0
plate14,1,smp_2804,87,CVCL_0428,18,Triclosan__5__uM,False,,Triclosan,5.0,uM,988,2097947.0
plate14,1,smp_2804,87,CVCL_0459,19,Triclosan__5__uM,False,,Triclosan,5.0,uM,4851,9323097.0
plate14,1,smp_2804,87,CVCL_0480,20,Triclosan__5__uM,False,,Triclosan,5.0,uM,2749,8026903.0
plate14,1,smp_2804,87,CVCL_0504,21,Triclosan__5__uM,False,,Triclosan,5.0,uM,1748,2988313.0
plate14,1,smp_2804,87,CVCL_0546,22,Triclosan__5__uM,False,,Triclosan,5.0,uM,4985,10118636.0
plate14,1,smp_2804,87,CVCL_1055,23,Triclosan__5__uM,False,,Triclosan,5.0,uM,1214,4056689.0
plate14,1,smp_2804,87,CVCL_1056,24,Triclosan__5__uM,False,,Triclosan,5.0,uM,2624,8475859.0
plate14,1,smp_2804,87,CVCL_1094,25,Triclosan__5__uM,False,,Triclosan,5.0,uM,1261,2298401.0
plate14,1,smp_2804,87,CVCL_1097,26,Triclosan__5__uM,False,,Triclosan,5.0,uM,1995,4036240.0
plate14,1,smp_2804,87,CVCL_1098,27,Triclosan__5__uM,False,,Triclosan,5.0,uM,1889,3332479.0
plate14,1,smp_2804,87,CVCL_1119,28,Triclosan__5__uM,False,,Triclosan,5.0,uM,1978,4651771.0
plate14,1,smp_2804,87,CVCL_1125,29,Triclosan__5__uM,False,,Triclosan,5.0,uM,387,538296.0
plate14,1,smp_2804,87,CVCL_1239,30,Triclosan__5__uM,False,,Triclosan,5.0,uM,862,1576672.0
plate14,1,smp_2804,87,CVCL_1285,31,Triclosan__5__uM,False,,Triclosan,5.0,uM,2982,6540447.0
plate14,1,smp_2804,87,CVCL_1381,32,Triclosan__5__uM,False,,Triclosan,5.0,uM,1714,4153890.0
plate14,1,smp_2804,87,CVCL_1478,33,Triclosan__5__uM,False,,Triclosan,5.0,uM,2014,4837417.0
plate14,1,smp_2804,87,CVCL_1495,34,Triclosan__5__uM,False,,Triclosan,5.0,uM,1658,3735170.0
plate14,1,smp_2804,87,CVCL_1517,35,Triclosan__5__uM,False,,Triclosan,5.0,uM,2786,8921330.0
plate14,1,smp_2804,87,CVCL_1531,36,Triclosan__5__uM,False,,Triclosan,5.0,uM,34,42939.0
plate14,1,smp_2804,87,CVCL_1547,37,Triclosan__5__uM,False,,Triclosan,5.0,uM,1882,4343376.0
plate14,1,smp_2804,87,CVCL_1550,38,Triclosan__5__uM,False,,Triclosan,5.0,uM,2094,6986572.0
plate14,1,smp_2804,87,CVCL_1571,39,Triclosan__5__uM,False,,Triclosan,5.0,uM,21,22371.0
plate14,1,smp_2804,87,CVCL_1577,40,Triclosan__5__uM,False,,Triclosan,5.0,uM,109,439509.0
plate14,1,smp_2804,87,CVCL_1635,41,Triclosan__5__uM,False,,Triclosan,5.0,uM,1584,3685321.0
plate14,1,smp_2804,87,CVCL_1666,42,Triclosan__5__uM,False,,Triclosan,5.0,uM,1338,2264233.0
plate14,1,smp_2804,87,CVCL_1693,43,Triclosan__5__uM,False,,Triclosan,5.0,uM,1078,1738558.0
plate14,1,smp_2804,87,CVCL_1715,44,Triclosan__5__uM,False,,Triclosan,5.0,uM,183,323395.0
plate14,1,smp_2804,87,CVCL_1716,45,Triclosan__5__uM,False,,Triclosan,5.0,uM,200,315895.0
plate14,1,smp_2804,87,CVCL_1717,46,Triclosan__5__uM,False,,Triclosan,5.0,uM,2078,5260892.0
plate14,1,smp_2804,87,CVCL_1724,47,Triclosan__5__uM,False,,Triclosan,5.0,uM,1037,2121201.0
plate14,1,smp_2804,87,CVCL_1731,48,Triclosan__5__uM,False,,Triclosan,5.0,uM,1622,3380027.0
plate14,1,smp_2804,87,CVCL_C466,49,Triclosan__5__uM,False,,Triclosan,5.0,uM,1621,2545063.0
plate14,1,smp_2745,88,CVCL_0023,0,Trifluridine__5__uM,False,,Trifluridine,5.0,uM,1485,2994459.0
plate14,1,smp_2745,88,CVCL_0028,1,Trifluridine__5__uM,False,,Trifluridine,5.0,uM,297,434261.0
plate14,1,smp_2745,88,CVCL_0069,2,Trifluridine__5__uM,False,,Trifluridine,5.0,uM,756,1656639.0
plate14,1,smp_2745,88,CVCL_0099,3,Trifluridine__5__uM,False,,Trifluridine,5.0,uM,451,784369.0
plate14,1,smp_2745,88,CVCL_0131,4,Trifluridine__5__uM,False,,Trifluridine,5.0,uM,1732,4713816.0
plate14,1,smp_2745,88,CVCL_0152,5,Trifluridine__5__uM,False,,Trifluridine,5.0,uM,1608,2785020.0
plate14,1,smp_2745,88,CVCL_0179,6,Trifluridine__5__uM,False,,Trifluridine,5.0,uM,936,2554942.0
plate14,1,smp_2745,88,CVCL_0218,7,Trifluridine__5__uM,False,,Trifluridine,5.0,uM,1064,1775850.0
plate14,1,smp_2745,88,CVCL_0292,8,Trifluridine__5__uM,False,,Trifluridine,5.0,uM,804,1082967.0
plate14,1,smp_2745,88,CVCL_0293,9,Trifluridine__5__uM,False,,Trifluridine,5.0,uM,2124,5091864.0
plate14,1,smp_2745,88,CVCL_0320,10,Trifluridine__5__uM,False,,Trifluridine,5.0,uM,1459,3315074.0
plate14,1,smp_2745,88,CVCL_0332,11,Trifluridine__5__uM,False,,Trifluridine,5.0,uM,811,2058252.0
plate14,1,smp_2745,88,CVCL_0334,12,Trifluridine__5__uM,False,,Trifluridine,5.0,uM,637,1196177.0
plate14,1,smp_2745,88,CVCL_0359,13,Trifluridine__5__uM,False,,Trifluridine,5.0,uM,1251,3045116.0
plate14,1,smp_2745,88,CVCL_0366,14,Trifluridine__5__uM,False,,Trifluridine,5.0,uM,1066,3113640.0
plate14,1,smp_2745,88,CVCL_0371,15,Trifluridine__5__uM,False,,Trifluridine,5.0,uM,1527,3244420.0
plate14,1,smp_2745,88,CVCL_0397,16,Trifluridine__5__uM,False,,Trifluridine,5.0,uM,1307,3173996.0
plate14,1,smp_2745,88,CVCL_0399,17,Trifluridine__5__uM,False,,Trifluridine,5.0,uM,2388,5046552.0
plate14,1,smp_2745,88,CVCL_0428,18,Trifluridine__5__uM,False,,Trifluridine,5.0,uM,585,1300975.0
plate14,1,smp_2745,88,CVCL_0459,19,Trifluridine__5__uM,False,,Trifluridine,5.0,uM,2986,5559499.0
plate14,1,smp_2745,88,CVCL_0480,20,Trifluridine__5__uM,False,,Trifluridine,5.0,uM,1842,5401857.0
plate14,1,smp_2745,88,CVCL_0504,21,Trifluridine__5__uM,False,,Trifluridine,5.0,uM,949,1619108.0
plate14,1,smp_2745,88,CVCL_0546,22,Trifluridine__5__uM,False,,Trifluridine,5.0,uM,3092,5970826.0
plate14,1,smp_2745,88,CVCL_1055,23,Trifluridine__5__uM,False,,Trifluridine,5.0,uM,621,1985346.0
plate14,1,smp_2745,88,CVCL_1056,24,Trifluridine__5__uM,False,,Trifluridine,5.0,uM,1545,4976887.0
plate14,1,smp_2745,88,CVCL_1094,25,Trifluridine__5__uM,False,,Trifluridine,5.0,uM,690,1253278.0
plate14,1,smp_2745,88,CVCL_1097,26,Trifluridine__5__uM,False,,Trifluridine,5.0,uM,1329,2608181.0
plate14,1,smp_2745,88,CVCL_1098,27,Trifluridine__5__uM,False,,Trifluridine,5.0,uM,1105,1739730.0
plate14,1,smp_2745,88,CVCL_1119,28,Trifluridine__5__uM,False,,Trifluridine,5.0,uM,1333,3143051.0
plate14,1,smp_2745,88,CVCL_1125,29,Trifluridine__5__uM,False,,Trifluridine,5.0,uM,201,281954.0
plate14,1,smp_2745,88,CVCL_1239,30,Trifluridine__5__uM,False,,Trifluridine,5.0,uM,508,956012.0
plate14,1,smp_2745,88,CVCL_1285,31,Trifluridine__5__uM,False,,Trifluridine,5.0,uM,1866,4036325.0
plate14,1,smp_2745,88,CVCL_1381,32,Trifluridine__5__uM,False,,Trifluridine,5.0,uM,914,2197573.0
plate14,1,smp_2745,88,CVCL_1478,33,Trifluridine__5__uM,False,,Trifluridine,5.0,uM,1273,2733583.0
plate14,1,smp_2745,88,CVCL_1495,34,Trifluridine__5__uM,False,,Trifluridine,5.0,uM,1039,2305502.0
plate14,1,smp_2745,88,CVCL_1517,35,Trifluridine__5__uM,False,,Trifluridine,5.0,uM,1800,5960072.0
plate14,1,smp_2745,88,CVCL_1531,36,Trifluridine__5__uM,False,,Trifluridine,5.0,uM,23,37953.0
plate14,1,smp_2745,88,CVCL_1547,37,Trifluridine__5__uM,False,,Trifluridine,5.0,uM,958,2256681.0
plate14,1,smp_2745,88,CVCL_1550,38,Trifluridine__5__uM,False,,Trifluridine,5.0,uM,1328,4295262.0
plate14,1,smp_2745,88,CVCL_1571,39,Trifluridine__5__uM,False,,Trifluridine,5.0,uM,13,13461.0
plate14,1,smp_2745,88,CVCL_1577,40,Trifluridine__5__uM,False,,Trifluridine,5.0,uM,53,199063.0
plate14,1,smp_2745,88,CVCL_1635,41,Trifluridine__5__uM,False,,Trifluridine,5.0,uM,980,2219578.0
plate14,1,smp_2745,88,CVCL_1666,42,Trifluridine__5__uM,False,,Trifluridine,5.0,uM,818,1350795.0
plate14,1,smp_2745,88,CVCL_1693,43,Trifluridine__5__uM,False,,Trifluridine,5.0,uM,603,983449.0
plate14,1,smp_2745,88,CVCL_1715,44,Trifluridine__5__uM,False,,Trifluridine,5.0,uM,128,213274.0
plate14,1,smp_2745,88,CVCL_1716,45,Trifluridine__5__uM,False,,Trifluridine,5.0,uM,126,202661.0
plate14,1,smp_2745,88,CVCL_1717,46,Trifluridine__5__uM,False,,Trifluridine,5.0,uM,1221,2871335.0
plate14,1,smp_2745,88,CVCL_1724,47,Trifluridine__5__uM,False,,Trifluridine,5.0,uM,641,1141870.0
plate14,1,smp_2745,88,CVCL_1731,48,Trifluridine__5__uM,False,,Trifluridine,5.0,uM,954,1951454.0
plate14,1,smp_2745,88,CVCL_C466,49,Trifluridine__5__uM,False,,Trifluridine,5.0,uM,1121,1723188.0
plate14,1,smp_2770,89,CVCL_0023,0,Trimetrexate__5__uM,False,,Trimetrexate,5.0,uM,1900,3346600.0
plate14,1,smp_2770,89,CVCL_0028,1,Trimetrexate__5__uM,False,,Trimetrexate,5.0,uM,332,429279.0
plate14,1,smp_2770,89,CVCL_0069,2,Trimetrexate__5__uM,False,,Trimetrexate,5.0,uM,892,1810127.0
plate14,1,smp_2770,89,CVCL_0099,3,Trimetrexate__5__uM,False,,Trimetrexate,5.0,uM,471,734151.0
plate14,1,smp_2770,89,CVCL_0131,4,Trimetrexate__5__uM,False,,Trimetrexate,5.0,uM,2076,5217095.0
plate14,1,smp_2770,89,CVCL_0152,5,Trimetrexate__5__uM,False,,Trimetrexate,5.0,uM,1796,2949294.0
plate14,1,smp_2770,89,CVCL_0179,6,Trimetrexate__5__uM,False,,Trimetrexate,5.0,uM,1095,2691515.0
plate14,1,smp_2770,89,CVCL_0218,7,Trimetrexate__5__uM,False,,Trimetrexate,5.0,uM,1174,1904491.0
plate14,1,smp_2770,89,CVCL_0292,8,Trimetrexate__5__uM,False,,Trimetrexate,5.0,uM,761,984623.0
plate14,1,smp_2770,89,CVCL_0293,9,Trimetrexate__5__uM,False,,Trimetrexate,5.0,uM,2296,5513469.0
plate14,1,smp_2770,89,CVCL_0320,10,Trimetrexate__5__uM,False,,Trimetrexate,5.0,uM,1567,3365085.0
plate14,1,smp_2770,89,CVCL_0332,11,Trimetrexate__5__uM,False,,Trimetrexate,5.0,uM,992,2306684.0
plate14,1,smp_2770,89,CVCL_0334,12,Trimetrexate__5__uM,False,,Trimetrexate,5.0,uM,750,1324362.0
plate14,1,smp_2770,89,CVCL_0359,13,Trimetrexate__5__uM,False,,Trimetrexate,5.0,uM,1507,3249910.0
plate14,1,smp_2770,89,CVCL_0366,14,Trimetrexate__5__uM,False,,Trimetrexate,5.0,uM,1243,3299462.0
plate14,1,smp_2770,89,CVCL_0371,15,Trimetrexate__5__uM,False,,Trimetrexate,5.0,uM,1667,3323362.0
plate14,1,smp_2770,89,CVCL_0397,16,Trimetrexate__5__uM,False,,Trimetrexate,5.0,uM,1343,3379021.0
plate14,1,smp_2770,89,CVCL_0399,17,Trimetrexate__5__uM,False,,Trimetrexate,5.0,uM,2744,5673524.0
plate14,1,smp_2770,89,CVCL_0428,18,Trimetrexate__5__uM,False,,Trimetrexate,5.0,uM,676,1218780.0
plate14,1,smp_2770,89,CVCL_0459,19,Trimetrexate__5__uM,False,,Trimetrexate,5.0,uM,3544,6061472.0
plate14,1,smp_2770,89,CVCL_0480,20,Trimetrexate__5__uM,False,,Trimetrexate,5.0,uM,2276,6053397.0
plate14,1,smp_2770,89,CVCL_0504,21,Trimetrexate__5__uM,False,,Trimetrexate,5.0,uM,1044,1505719.0
plate14,1,smp_2770,89,CVCL_0546,22,Trimetrexate__5__uM,False,,Trimetrexate,5.0,uM,3862,6845287.0
plate14,1,smp_2770,89,CVCL_1055,23,Trimetrexate__5__uM,False,,Trimetrexate,5.0,uM,934,2543392.0
plate14,1,smp_2770,89,CVCL_1056,24,Trimetrexate__5__uM,False,,Trimetrexate,5.0,uM,1881,5459405.0
plate14,1,smp_2770,89,CVCL_1094,25,Trimetrexate__5__uM,False,,Trimetrexate,5.0,uM,847,1401669.0
plate14,1,smp_2770,89,CVCL_1097,26,Trimetrexate__5__uM,False,,Trimetrexate,5.0,uM,1553,2911845.0
plate14,1,smp_2770,89,CVCL_1098,27,Trimetrexate__5__uM,False,,Trimetrexate,5.0,uM,1360,2121413.0
plate14,1,smp_2770,89,CVCL_1119,28,Trimetrexate__5__uM,False,,Trimetrexate,5.0,uM,1458,3158225.0
plate14,1,smp_2770,89,CVCL_1125,29,Trimetrexate__5__uM,False,,Trimetrexate,5.0,uM,256,331531.0
plate14,1,smp_2770,89,CVCL_1239,30,Trimetrexate__5__uM,False,,Trimetrexate,5.0,uM,635,1110733.0
plate14,1,smp_2770,89,CVCL_1285,31,Trimetrexate__5__uM,False,,Trimetrexate,5.0,uM,2076,4270232.0
plate14,1,smp_2770,89,CVCL_1381,32,Trimetrexate__5__uM,False,,Trimetrexate,5.0,uM,1211,2600045.0
plate14,1,smp_2770,89,CVCL_1478,33,Trimetrexate__5__uM,False,,Trimetrexate,5.0,uM,1608,3735620.0
plate14,1,smp_2770,89,CVCL_1495,34,Trimetrexate__5__uM,False,,Trimetrexate,5.0,uM,1134,2492468.0
plate14,1,smp_2770,89,CVCL_1517,35,Trimetrexate__5__uM,False,,Trimetrexate,5.0,uM,2012,6201614.0
plate14,1,smp_2770,89,CVCL_1531,36,Trimetrexate__5__uM,False,,Trimetrexate,5.0,uM,35,41986.0
plate14,1,smp_2770,89,CVCL_1547,37,Trimetrexate__5__uM,False,,Trimetrexate,5.0,uM,1443,3030358.0
plate14,1,smp_2770,89,CVCL_1550,38,Trimetrexate__5__uM,False,,Trimetrexate,5.0,uM,1429,4592814.0
plate14,1,smp_2770,89,CVCL_1571,39,Trimetrexate__5__uM,False,,Trimetrexate,5.0,uM,16,15274.0
plate14,1,smp_2770,89,CVCL_1577,40,Trimetrexate__5__uM,False,,Trimetrexate,5.0,uM,93,318635.0
plate14,1,smp_2770,89,CVCL_1635,41,Trimetrexate__5__uM,False,,Trimetrexate,5.0,uM,1197,2528217.0
plate14,1,smp_2770,89,CVCL_1666,42,Trimetrexate__5__uM,False,,Trimetrexate,5.0,uM,962,1469717.0
plate14,1,smp_2770,89,CVCL_1693,43,Trimetrexate__5__uM,False,,Trimetrexate,5.0,uM,621,899378.0
plate14,1,smp_2770,89,CVCL_1715,44,Trimetrexate__5__uM,False,,Trimetrexate,5.0,uM,113,176839.0
plate14,1,smp_2770,89,CVCL_1716,45,Trimetrexate__5__uM,False,,Trimetrexate,5.0,uM,157,247204.0
plate14,1,smp_2770,89,CVCL_1717,46,Trimetrexate__5__uM,False,,Trimetrexate,5.0,uM,1513,3664905.0
plate14,1,smp_2770,89,CVCL_1724,47,Trimetrexate__5__uM,False,,Trimetrexate,5.0,uM,866,1616465.0
plate14,1,smp_2770,89,CVCL_1731,48,Trimetrexate__5__uM,False,,Trimetrexate,5.0,uM,1094,2121617.0
plate14,1,smp_2770,89,CVCL_C466,49,Trimetrexate__5__uM,False,,Trimetrexate,5.0,uM,1256,1812480.0
plate14,1,smp_2805,90,CVCL_0023,0,Tucidinostat__5__uM,False,,Tucidinostat,5.0,uM,2266,5299242.0
plate14,1,smp_2805,90,CVCL_0028,1,Tucidinostat__5__uM,False,,Tucidinostat,5.0,uM,485,840712.0
plate14,1,smp_2805,90,CVCL_0069,2,Tucidinostat__5__uM,False,,Tucidinostat,5.0,uM,987,2548234.0
plate14,1,smp_2805,90,CVCL_0099,3,Tucidinostat__5__uM,False,,Tucidinostat,5.0,uM,665,1344004.0
plate14,1,smp_2805,90,CVCL_0131,4,Tucidinostat__5__uM,False,,Tucidinostat,5.0,uM,2313,7294148.0
plate14,1,smp_2805,90,CVCL_0152,5,Tucidinostat__5__uM,False,,Tucidinostat,5.0,uM,2420,5042472.0
plate14,1,smp_2805,90,CVCL_0179,6,Tucidinostat__5__uM,False,,Tucidinostat,5.0,uM,1345,4398330.0
plate14,1,smp_2805,90,CVCL_0218,7,Tucidinostat__5__uM,False,,Tucidinostat,5.0,uM,1298,2659485.0
plate14,1,smp_2805,90,CVCL_0292,8,Tucidinostat__5__uM,False,,Tucidinostat,5.0,uM,1103,1774121.0
plate14,1,smp_2805,90,CVCL_0293,9,Tucidinostat__5__uM,False,,Tucidinostat,5.0,uM,2691,7292491.0
plate14,1,smp_2805,90,CVCL_0320,10,Tucidinostat__5__uM,False,,Tucidinostat,5.0,uM,1957,5145383.0
plate14,1,smp_2805,90,CVCL_0332,11,Tucidinostat__5__uM,False,,Tucidinostat,5.0,uM,1268,4014938.0
plate14,1,smp_2805,90,CVCL_0334,12,Tucidinostat__5__uM,False,,Tucidinostat,5.0,uM,929,1969182.0
plate14,1,smp_2805,90,CVCL_0359,13,Tucidinostat__5__uM,False,,Tucidinostat,5.0,uM,1990,5878226.0
plate14,1,smp_2805,90,CVCL_0366,14,Tucidinostat__5__uM,False,,Tucidinostat,5.0,uM,1726,6048199.0
plate14,1,smp_2805,90,CVCL_0371,15,Tucidinostat__5__uM,False,,Tucidinostat,5.0,uM,1877,4530124.0
plate14,1,smp_2805,90,CVCL_0397,16,Tucidinostat__5__uM,False,,Tucidinostat,5.0,uM,1841,5085069.0
plate14,1,smp_2805,90,CVCL_0399,17,Tucidinostat__5__uM,False,,Tucidinostat,5.0,uM,3277,7861248.0
plate14,1,smp_2805,90,CVCL_0428,18,Tucidinostat__5__uM,False,,Tucidinostat,5.0,uM,722,1782905.0
plate14,1,smp_2805,90,CVCL_0459,19,Tucidinostat__5__uM,False,,Tucidinostat,5.0,uM,4631,9984735.0
plate14,1,smp_2805,90,CVCL_0480,20,Tucidinostat__5__uM,False,,Tucidinostat,5.0,uM,2584,9032552.0
plate14,1,smp_2805,90,CVCL_0504,21,Tucidinostat__5__uM,False,,Tucidinostat,5.0,uM,1587,2973324.0
plate14,1,smp_2805,90,CVCL_0546,22,Tucidinostat__5__uM,False,,Tucidinostat,5.0,uM,4626,9847648.0
plate14,1,smp_2805,90,CVCL_1055,23,Tucidinostat__5__uM,False,,Tucidinostat,5.0,uM,1098,4150585.0
plate14,1,smp_2805,90,CVCL_1056,24,Tucidinostat__5__uM,False,,Tucidinostat,5.0,uM,2204,8207956.0
plate14,1,smp_2805,90,CVCL_1094,25,Tucidinostat__5__uM,False,,Tucidinostat,5.0,uM,937,1966718.0
plate14,1,smp_2805,90,CVCL_1097,26,Tucidinostat__5__uM,False,,Tucidinostat,5.0,uM,2008,4524498.0
plate14,1,smp_2805,90,CVCL_1098,27,Tucidinostat__5__uM,False,,Tucidinostat,5.0,uM,1659,3329975.0
plate14,1,smp_2805,90,CVCL_1119,28,Tucidinostat__5__uM,False,,Tucidinostat,5.0,uM,1886,5172713.0
plate14,1,smp_2805,90,CVCL_1125,29,Tucidinostat__5__uM,False,,Tucidinostat,5.0,uM,336,544574.0
plate14,1,smp_2805,90,CVCL_1239,30,Tucidinostat__5__uM,False,,Tucidinostat,5.0,uM,769,1737420.0
plate14,1,smp_2805,90,CVCL_1285,31,Tucidinostat__5__uM,False,,Tucidinostat,5.0,uM,2459,6403384.0
plate14,1,smp_2805,90,CVCL_1381,32,Tucidinostat__5__uM,False,,Tucidinostat,5.0,uM,1645,4597664.0
plate14,1,smp_2805,90,CVCL_1478,33,Tucidinostat__5__uM,False,,Tucidinostat,5.0,uM,1862,4795701.0
plate14,1,smp_2805,90,CVCL_1495,34,Tucidinostat__5__uM,False,,Tucidinostat,5.0,uM,1522,4196685.0
plate14,1,smp_2805,90,CVCL_1517,35,Tucidinostat__5__uM,False,,Tucidinostat,5.0,uM,2519,10124367.0
plate14,1,smp_2805,90,CVCL_1531,36,Tucidinostat__5__uM,False,,Tucidinostat,5.0,uM,28,37904.0
plate14,1,smp_2805,90,CVCL_1547,37,Tucidinostat__5__uM,False,,Tucidinostat,5.0,uM,1649,4493883.0
plate14,1,smp_2805,90,CVCL_1550,38,Tucidinostat__5__uM,False,,Tucidinostat,5.0,uM,1724,6502688.0
plate14,1,smp_2805,90,CVCL_1571,39,Tucidinostat__5__uM,False,,Tucidinostat,5.0,uM,22,23586.0
plate14,1,smp_2805,90,CVCL_1577,40,Tucidinostat__5__uM,False,,Tucidinostat,5.0,uM,83,297822.0
plate14,1,smp_2805,90,CVCL_1635,41,Tucidinostat__5__uM,False,,Tucidinostat,5.0,uM,1272,3449864.0
plate14,1,smp_2805,90,CVCL_1666,42,Tucidinostat__5__uM,False,,Tucidinostat,5.0,uM,1161,2232407.0
plate14,1,smp_2805,90,CVCL_1693,43,Tucidinostat__5__uM,False,,Tucidinostat,5.0,uM,933,1730055.0
plate14,1,smp_2805,90,CVCL_1715,44,Tucidinostat__5__uM,False,,Tucidinostat,5.0,uM,163,361409.0
plate14,1,smp_2805,90,CVCL_1716,45,Tucidinostat__5__uM,False,,Tucidinostat,5.0,uM,214,382273.0
plate14,1,smp_2805,90,CVCL_1717,46,Tucidinostat__5__uM,False,,Tucidinostat,5.0,uM,1774,5217411.0
plate14,1,smp_2805,90,CVCL_1724,47,Tucidinostat__5__uM,False,,Tucidinostat,5.0,uM,984,2261778.0
plate14,1,smp_2805,90,CVCL_1731,48,Tucidinostat__5__uM,False,,Tucidinostat,5.0,uM,1445,3569007.0
plate14,1,smp_2805,90,CVCL_C466,49,Tucidinostat__5__uM,False,,Tucidinostat,5.0,uM,1770,3201741.0
plate14,1,smp_2787,91,CVCL_0023,0,Vilanterol__5__uM,False,,Vilanterol,5.0,uM,2080,3691398.0
plate14,1,smp_2787,91,CVCL_0028,1,Vilanterol__5__uM,False,,Vilanterol,5.0,uM,458,615022.0
plate14,1,smp_2787,91,CVCL_0069,2,Vilanterol__5__uM,False,,Vilanterol,5.0,uM,1077,2188246.0
plate14,1,smp_2787,91,CVCL_0099,3,Vilanterol__5__uM,False,,Vilanterol,5.0,uM,563,910663.0
plate14,1,smp_2787,91,CVCL_0131,4,Vilanterol__5__uM,False,,Vilanterol,5.0,uM,2323,5654649.0
plate14,1,smp_2787,91,CVCL_0152,5,Vilanterol__5__uM,False,,Vilanterol,5.0,uM,1995,3402541.0
plate14,1,smp_2787,91,CVCL_0179,6,Vilanterol__5__uM,False,,Vilanterol,5.0,uM,1019,2537661.0
plate14,1,smp_2787,91,CVCL_0218,7,Vilanterol__5__uM,False,,Vilanterol,5.0,uM,1194,1898940.0
plate14,1,smp_2787,91,CVCL_0292,8,Vilanterol__5__uM,False,,Vilanterol,5.0,uM,1029,1353935.0
plate14,1,smp_2787,91,CVCL_0293,9,Vilanterol__5__uM,False,,Vilanterol,5.0,uM,2678,6440358.0
plate14,1,smp_2787,91,CVCL_0320,10,Vilanterol__5__uM,False,,Vilanterol,5.0,uM,1879,3902346.0
plate14,1,smp_2787,91,CVCL_0332,11,Vilanterol__5__uM,False,,Vilanterol,5.0,uM,1200,2881540.0
plate14,1,smp_2787,91,CVCL_0334,12,Vilanterol__5__uM,False,,Vilanterol,5.0,uM,711,1212299.0
plate14,1,smp_2787,91,CVCL_0359,13,Vilanterol__5__uM,False,,Vilanterol,5.0,uM,1796,3843379.0
plate14,1,smp_2787,91,CVCL_0366,14,Vilanterol__5__uM,False,,Vilanterol,5.0,uM,1387,3616709.0
plate14,1,smp_2787,91,CVCL_0371,15,Vilanterol__5__uM,False,,Vilanterol,5.0,uM,1914,3789679.0
plate14,1,smp_2787,91,CVCL_0397,16,Vilanterol__5__uM,False,,Vilanterol,5.0,uM,1525,3647902.0
plate14,1,smp_2787,91,CVCL_0399,17,Vilanterol__5__uM,False,,Vilanterol,5.0,uM,2815,5964385.0
plate14,1,smp_2787,91,CVCL_0428,18,Vilanterol__5__uM,False,,Vilanterol,5.0,uM,809,1494412.0
plate14,1,smp_2787,91,CVCL_0459,19,Vilanterol__5__uM,False,,Vilanterol,5.0,uM,4235,7135442.0
plate14,1,smp_2787,91,CVCL_0480,20,Vilanterol__5__uM,False,,Vilanterol,5.0,uM,2397,6558929.0
plate14,1,smp_2787,91,CVCL_0504,21,Vilanterol__5__uM,False,,Vilanterol,5.0,uM,1604,2390812.0
plate14,1,smp_2787,91,CVCL_0546,22,Vilanterol__5__uM,False,,Vilanterol,5.0,uM,4881,8604730.0
plate14,1,smp_2787,91,CVCL_1055,23,Vilanterol__5__uM,False,,Vilanterol,5.0,uM,1053,2950570.0
plate14,1,smp_2787,91,CVCL_1056,24,Vilanterol__5__uM,False,,Vilanterol,5.0,uM,2042,5860740.0
plate14,1,smp_2787,91,CVCL_1094,25,Vilanterol__5__uM,False,,Vilanterol,5.0,uM,1159,1862276.0
plate14,1,smp_2787,91,CVCL_1097,26,Vilanterol__5__uM,False,,Vilanterol,5.0,uM,1819,3270414.0
plate14,1,smp_2787,91,CVCL_1098,27,Vilanterol__5__uM,False,,Vilanterol,5.0,uM,1529,2546495.0
plate14,1,smp_2787,91,CVCL_1119,28,Vilanterol__5__uM,False,,Vilanterol,5.0,uM,1635,3500670.0
plate14,1,smp_2787,91,CVCL_1125,29,Vilanterol__5__uM,False,,Vilanterol,5.0,uM,305,417173.0
plate14,1,smp_2787,91,CVCL_1239,30,Vilanterol__5__uM,False,,Vilanterol,5.0,uM,676,1156898.0
plate14,1,smp_2787,91,CVCL_1285,31,Vilanterol__5__uM,False,,Vilanterol,5.0,uM,2418,4716186.0
plate14,1,smp_2787,91,CVCL_1381,32,Vilanterol__5__uM,False,,Vilanterol,5.0,uM,1489,3139307.0
plate14,1,smp_2787,91,CVCL_1478,33,Vilanterol__5__uM,False,,Vilanterol,5.0,uM,1777,4202933.0
plate14,1,smp_2787,91,CVCL_1495,34,Vilanterol__5__uM,False,,Vilanterol,5.0,uM,1262,2649726.0
plate14,1,smp_2787,91,CVCL_1517,35,Vilanterol__5__uM,False,,Vilanterol,5.0,uM,2098,6234743.0
plate14,1,smp_2787,91,CVCL_1531,36,Vilanterol__5__uM,False,,Vilanterol,5.0,uM,33,43929.0
plate14,1,smp_2787,91,CVCL_1547,37,Vilanterol__5__uM,False,,Vilanterol,5.0,uM,1770,3649146.0
plate14,1,smp_2787,91,CVCL_1550,38,Vilanterol__5__uM,False,,Vilanterol,5.0,uM,1535,4731127.0
plate14,1,smp_2787,91,CVCL_1571,39,Vilanterol__5__uM,False,,Vilanterol,5.0,uM,23,19585.0
plate14,1,smp_2787,91,CVCL_1577,40,Vilanterol__5__uM,False,,Vilanterol,5.0,uM,100,324233.0
plate14,1,smp_2787,91,CVCL_1635,41,Vilanterol__5__uM,False,,Vilanterol,5.0,uM,1341,2847039.0
plate14,1,smp_2787,91,CVCL_1666,42,Vilanterol__5__uM,False,,Vilanterol,5.0,uM,1092,1618536.0
plate14,1,smp_2787,91,CVCL_1693,43,Vilanterol__5__uM,False,,Vilanterol,5.0,uM,911,1379710.0
plate14,1,smp_2787,91,CVCL_1715,44,Vilanterol__5__uM,False,,Vilanterol,5.0,uM,151,241493.0
plate14,1,smp_2787,91,CVCL_1716,45,Vilanterol__5__uM,False,,Vilanterol,5.0,uM,213,324802.0
plate14,1,smp_2787,91,CVCL_1717,46,Vilanterol__5__uM,False,,Vilanterol,5.0,uM,1668,3976792.0
plate14,1,smp_2787,91,CVCL_1724,47,Vilanterol__5__uM,False,,Vilanterol,5.0,uM,1002,1920069.0
plate14,1,smp_2787,91,CVCL_1731,48,Vilanterol__5__uM,False,,Vilanterol,5.0,uM,1357,2602569.0
plate14,1,smp_2787,91,CVCL_C466,49,Vilanterol__5__uM,False,,Vilanterol,5.0,uM,1286,1813968.0
plate14,1,smp_2749,92,CVCL_0023,0,Vinblastine (sulfate)__5__uM,False,,Vinblastine (sulfate),5.0,uM,1999,3959991.0
plate14,1,smp_2749,92,CVCL_0028,1,Vinblastine (sulfate)__5__uM,False,,Vinblastine (sulfate),5.0,uM,290,431010.0
plate14,1,smp_2749,92,CVCL_0069,2,Vinblastine (sulfate)__5__uM,False,,Vinblastine (sulfate),5.0,uM,966,2166819.0
plate14,1,smp_2749,92,CVCL_0099,3,Vinblastine (sulfate)__5__uM,False,,Vinblastine (sulfate),5.0,uM,462,777582.0
plate14,1,smp_2749,92,CVCL_0131,4,Vinblastine (sulfate)__5__uM,False,,Vinblastine (sulfate),5.0,uM,2207,5828907.0
plate14,1,smp_2749,92,CVCL_0152,5,Vinblastine (sulfate)__5__uM,False,,Vinblastine (sulfate),5.0,uM,2076,3514634.0
plate14,1,smp_2749,92,CVCL_0179,6,Vinblastine (sulfate)__5__uM,False,,Vinblastine (sulfate),5.0,uM,1061,2839007.0
plate14,1,smp_2749,92,CVCL_0218,7,Vinblastine (sulfate)__5__uM,False,,Vinblastine (sulfate),5.0,uM,1137,1972810.0
plate14,1,smp_2749,92,CVCL_0292,8,Vinblastine (sulfate)__5__uM,False,,Vinblastine (sulfate),5.0,uM,1151,1687006.0
plate14,1,smp_2749,92,CVCL_0293,9,Vinblastine (sulfate)__5__uM,False,,Vinblastine (sulfate),5.0,uM,2862,7005370.0
plate14,1,smp_2749,92,CVCL_0320,10,Vinblastine (sulfate)__5__uM,False,,Vinblastine (sulfate),5.0,uM,1621,3626835.0
plate14,1,smp_2749,92,CVCL_0332,11,Vinblastine (sulfate)__5__uM,False,,Vinblastine (sulfate),5.0,uM,1020,2512136.0
plate14,1,smp_2749,92,CVCL_0334,12,Vinblastine (sulfate)__5__uM,False,,Vinblastine (sulfate),5.0,uM,931,1710091.0
plate14,1,smp_2749,92,CVCL_0359,13,Vinblastine (sulfate)__5__uM,False,,Vinblastine (sulfate),5.0,uM,1524,3611137.0
plate14,1,smp_2749,92,CVCL_0366,14,Vinblastine (sulfate)__5__uM,False,,Vinblastine (sulfate),5.0,uM,1248,3499248.0
plate14,1,smp_2749,92,CVCL_0371,15,Vinblastine (sulfate)__5__uM,False,,Vinblastine (sulfate),5.0,uM,1955,4026397.0
plate14,1,smp_2749,92,CVCL_0397,16,Vinblastine (sulfate)__5__uM,False,,Vinblastine (sulfate),5.0,uM,1705,3926003.0
plate14,1,smp_2749,92,CVCL_0399,17,Vinblastine (sulfate)__5__uM,False,,Vinblastine (sulfate),5.0,uM,2968,6415169.0
plate14,1,smp_2749,92,CVCL_0428,18,Vinblastine (sulfate)__5__uM,False,,Vinblastine (sulfate),5.0,uM,927,1954299.0
plate14,1,smp_2749,92,CVCL_0459,19,Vinblastine (sulfate)__5__uM,False,,Vinblastine (sulfate),5.0,uM,3924,7233958.0
plate14,1,smp_2749,92,CVCL_0480,20,Vinblastine (sulfate)__5__uM,False,,Vinblastine (sulfate),5.0,uM,2706,7778439.0
plate14,1,smp_2749,92,CVCL_0504,21,Vinblastine (sulfate)__5__uM,False,,Vinblastine (sulfate),5.0,uM,1071,1654107.0
plate14,1,smp_2749,92,CVCL_0546,22,Vinblastine (sulfate)__5__uM,False,,Vinblastine (sulfate),5.0,uM,4303,8427612.0
plate14,1,smp_2749,92,CVCL_1055,23,Vinblastine (sulfate)__5__uM,False,,Vinblastine (sulfate),5.0,uM,967,2888588.0
plate14,1,smp_2749,92,CVCL_1056,24,Vinblastine (sulfate)__5__uM,False,,Vinblastine (sulfate),5.0,uM,2133,6847710.0
plate14,1,smp_2749,92,CVCL_1094,25,Vinblastine (sulfate)__5__uM,False,,Vinblastine (sulfate),5.0,uM,885,1519843.0
plate14,1,smp_2749,92,CVCL_1097,26,Vinblastine (sulfate)__5__uM,False,,Vinblastine (sulfate),5.0,uM,1826,3681367.0
plate14,1,smp_2749,92,CVCL_1098,27,Vinblastine (sulfate)__5__uM,False,,Vinblastine (sulfate),5.0,uM,1307,2105391.0
plate14,1,smp_2749,92,CVCL_1119,28,Vinblastine (sulfate)__5__uM,False,,Vinblastine (sulfate),5.0,uM,1649,3555426.0
plate14,1,smp_2749,92,CVCL_1125,29,Vinblastine (sulfate)__5__uM,False,,Vinblastine (sulfate),5.0,uM,274,390597.0
plate14,1,smp_2749,92,CVCL_1239,30,Vinblastine (sulfate)__5__uM,False,,Vinblastine (sulfate),5.0,uM,621,1159675.0
plate14,1,smp_2749,92,CVCL_1285,31,Vinblastine (sulfate)__5__uM,False,,Vinblastine (sulfate),5.0,uM,2443,5295928.0
plate14,1,smp_2749,92,CVCL_1381,32,Vinblastine (sulfate)__5__uM,False,,Vinblastine (sulfate),5.0,uM,1346,3099213.0
plate14,1,smp_2749,92,CVCL_1478,33,Vinblastine (sulfate)__5__uM,False,,Vinblastine (sulfate),5.0,uM,1896,4078721.0
plate14,1,smp_2749,92,CVCL_1495,34,Vinblastine (sulfate)__5__uM,False,,Vinblastine (sulfate),5.0,uM,1246,2877482.0
plate14,1,smp_2749,92,CVCL_1517,35,Vinblastine (sulfate)__5__uM,False,,Vinblastine (sulfate),5.0,uM,2291,7386450.0
plate14,1,smp_2749,92,CVCL_1531,36,Vinblastine (sulfate)__5__uM,False,,Vinblastine (sulfate),5.0,uM,36,43874.0
plate14,1,smp_2749,92,CVCL_1547,37,Vinblastine (sulfate)__5__uM,False,,Vinblastine (sulfate),5.0,uM,1423,3263132.0
plate14,1,smp_2749,92,CVCL_1550,38,Vinblastine (sulfate)__5__uM,False,,Vinblastine (sulfate),5.0,uM,2016,6785857.0
plate14,1,smp_2749,92,CVCL_1571,39,Vinblastine (sulfate)__5__uM,False,,Vinblastine (sulfate),5.0,uM,23,24128.0
plate14,1,smp_2749,92,CVCL_1577,40,Vinblastine (sulfate)__5__uM,False,,Vinblastine (sulfate),5.0,uM,96,333740.0
plate14,1,smp_2749,92,CVCL_1635,41,Vinblastine (sulfate)__5__uM,False,,Vinblastine (sulfate),5.0,uM,1403,3071115.0
plate14,1,smp_2749,92,CVCL_1666,42,Vinblastine (sulfate)__5__uM,False,,Vinblastine (sulfate),5.0,uM,1063,1756205.0
plate14,1,smp_2749,92,CVCL_1693,43,Vinblastine (sulfate)__5__uM,False,,Vinblastine (sulfate),5.0,uM,661,1005752.0
plate14,1,smp_2749,92,CVCL_1715,44,Vinblastine (sulfate)__5__uM,False,,Vinblastine (sulfate),5.0,uM,161,279322.0
plate14,1,smp_2749,92,CVCL_1716,45,Vinblastine (sulfate)__5__uM,False,,Vinblastine (sulfate),5.0,uM,170,265041.0
plate14,1,smp_2749,92,CVCL_1717,46,Vinblastine (sulfate)__5__uM,False,,Vinblastine (sulfate),5.0,uM,1691,4171268.0
plate14,1,smp_2749,92,CVCL_1724,47,Vinblastine (sulfate)__5__uM,False,,Vinblastine (sulfate),5.0,uM,970,1886108.0
plate14,1,smp_2749,92,CVCL_1731,48,Vinblastine (sulfate)__5__uM,False,,Vinblastine (sulfate),5.0,uM,1285,2668751.0
plate14,1,smp_2749,92,CVCL_C466,49,Vinblastine (sulfate)__5__uM,False,,Vinblastine (sulfate),5.0,uM,1302,2000983.0
plate14,1,smp_2837,93,CVCL_0023,0,DMSO_TF__0__uM,True,DMSO_TF__duplicate_1,DMSO_TF,0.0,uM,1128,2338865.0
plate14,1,smp_2837,93,CVCL_0028,1,DMSO_TF__0__uM,True,DMSO_TF__duplicate_1,DMSO_TF,0.0,uM,195,306916.0
plate14,1,smp_2837,93,CVCL_0069,2,DMSO_TF__0__uM,True,DMSO_TF__duplicate_1,DMSO_TF,0.0,uM,530,1255515.0
plate14,1,smp_2837,93,CVCL_0099,3,DMSO_TF__0__uM,True,DMSO_TF__duplicate_1,DMSO_TF,0.0,uM,276,549534.0
plate14,1,smp_2837,93,CVCL_0131,4,DMSO_TF__0__uM,True,DMSO_TF__duplicate_1,DMSO_TF,0.0,uM,1320,3838197.0
plate14,1,smp_2837,93,CVCL_0152,5,DMSO_TF__0__uM,True,DMSO_TF__duplicate_1,DMSO_TF,0.0,uM,975,1851611.0
plate14,1,smp_2837,93,CVCL_0179,6,DMSO_TF__0__uM,True,DMSO_TF__duplicate_1,DMSO_TF,0.0,uM,570,1679484.0
plate14,1,smp_2837,93,CVCL_0218,7,DMSO_TF__0__uM,True,DMSO_TF__duplicate_1,DMSO_TF,0.0,uM,549,1019649.0
plate14,1,smp_2837,93,CVCL_0292,8,DMSO_TF__0__uM,True,DMSO_TF__duplicate_1,DMSO_TF,0.0,uM,577,881560.0
plate14,1,smp_2837,93,CVCL_0293,9,DMSO_TF__0__uM,True,DMSO_TF__duplicate_1,DMSO_TF,0.0,uM,1459,3851918.0
plate14,1,smp_2837,93,CVCL_0320,10,DMSO_TF__0__uM,True,DMSO_TF__duplicate_1,DMSO_TF,0.0,uM,954,2273715.0
plate14,1,smp_2837,93,CVCL_0332,11,DMSO_TF__0__uM,True,DMSO_TF__duplicate_1,DMSO_TF,0.0,uM,686,1919123.0
plate14,1,smp_2837,93,CVCL_0334,12,DMSO_TF__0__uM,True,DMSO_TF__duplicate_1,DMSO_TF,0.0,uM,435,857028.0
plate14,1,smp_2837,93,CVCL_0359,13,DMSO_TF__0__uM,True,DMSO_TF__duplicate_1,DMSO_TF,0.0,uM,992,2544116.0
plate14,1,smp_2837,93,CVCL_0366,14,DMSO_TF__0__uM,True,DMSO_TF__duplicate_1,DMSO_TF,0.0,uM,903,2809775.0
plate14,1,smp_2837,93,CVCL_0371,15,DMSO_TF__0__uM,True,DMSO_TF__duplicate_1,DMSO_TF,0.0,uM,1110,2481157.0
plate14,1,smp_2837,93,CVCL_0397,16,DMSO_TF__0__uM,True,DMSO_TF__duplicate_1,DMSO_TF,0.0,uM,987,2679786.0
plate14,1,smp_2837,93,CVCL_0399,17,DMSO_TF__0__uM,True,DMSO_TF__duplicate_1,DMSO_TF,0.0,uM,1485,3394492.0
plate14,1,smp_2837,93,CVCL_0428,18,DMSO_TF__0__uM,True,DMSO_TF__duplicate_1,DMSO_TF,0.0,uM,478,1108425.0
plate14,1,smp_2837,93,CVCL_0459,19,DMSO_TF__0__uM,True,DMSO_TF__duplicate_1,DMSO_TF,0.0,uM,2497,4916768.0
plate14,1,smp_2837,93,CVCL_0480,20,DMSO_TF__0__uM,True,DMSO_TF__duplicate_1,DMSO_TF,0.0,uM,1379,4237650.0
plate14,1,smp_2837,93,CVCL_0504,21,DMSO_TF__0__uM,True,DMSO_TF__duplicate_1,DMSO_TF,0.0,uM,893,1532363.0
plate14,1,smp_2837,93,CVCL_0546,22,DMSO_TF__0__uM,True,DMSO_TF__duplicate_1,DMSO_TF,0.0,uM,2436,4733235.0
plate14,1,smp_2837,93,CVCL_1055,23,DMSO_TF__0__uM,True,DMSO_TF__duplicate_1,DMSO_TF,0.0,uM,544,1759502.0
plate14,1,smp_2837,93,CVCL_1056,24,DMSO_TF__0__uM,True,DMSO_TF__duplicate_1,DMSO_TF,0.0,uM,1176,4013396.0
plate14,1,smp_2837,93,CVCL_1094,25,DMSO_TF__0__uM,True,DMSO_TF__duplicate_1,DMSO_TF,0.0,uM,530,1025514.0
plate14,1,smp_2837,93,CVCL_1097,26,DMSO_TF__0__uM,True,DMSO_TF__duplicate_1,DMSO_TF,0.0,uM,1072,2314977.0
plate14,1,smp_2837,93,CVCL_1098,27,DMSO_TF__0__uM,True,DMSO_TF__duplicate_1,DMSO_TF,0.0,uM,731,1435695.0
plate14,1,smp_2837,93,CVCL_1119,28,DMSO_TF__0__uM,True,DMSO_TF__duplicate_1,DMSO_TF,0.0,uM,838,2002683.0
plate14,1,smp_2837,93,CVCL_1125,29,DMSO_TF__0__uM,True,DMSO_TF__duplicate_1,DMSO_TF,0.0,uM,140,219601.0
plate14,1,smp_2837,93,CVCL_1239,30,DMSO_TF__0__uM,True,DMSO_TF__duplicate_1,DMSO_TF,0.0,uM,405,807436.0
plate14,1,smp_2837,93,CVCL_1285,31,DMSO_TF__0__uM,True,DMSO_TF__duplicate_1,DMSO_TF,0.0,uM,1392,3147614.0
plate14,1,smp_2837,93,CVCL_1381,32,DMSO_TF__0__uM,True,DMSO_TF__duplicate_1,DMSO_TF,0.0,uM,739,1770962.0
plate14,1,smp_2837,93,CVCL_1478,33,DMSO_TF__0__uM,True,DMSO_TF__duplicate_1,DMSO_TF,0.0,uM,1026,2674956.0
plate14,1,smp_2837,93,CVCL_1495,34,DMSO_TF__0__uM,True,DMSO_TF__duplicate_1,DMSO_TF,0.0,uM,644,1619756.0
plate14,1,smp_2837,93,CVCL_1517,35,DMSO_TF__0__uM,True,DMSO_TF__duplicate_1,DMSO_TF,0.0,uM,1250,4538071.0
plate14,1,smp_2837,93,CVCL_1531,36,DMSO_TF__0__uM,True,DMSO_TF__duplicate_1,DMSO_TF,0.0,uM,16,30267.0
plate14,1,smp_2837,93,CVCL_1547,37,DMSO_TF__0__uM,True,DMSO_TF__duplicate_1,DMSO_TF,0.0,uM,930,2213065.0
plate14,1,smp_2837,93,CVCL_1550,38,DMSO_TF__0__uM,True,DMSO_TF__duplicate_1,DMSO_TF,0.0,uM,825,2955847.0
plate14,1,smp_2837,93,CVCL_1571,39,DMSO_TF__0__uM,True,DMSO_TF__duplicate_1,DMSO_TF,0.0,uM,8,7650.0
plate14,1,smp_2837,93,CVCL_1577,40,DMSO_TF__0__uM,True,DMSO_TF__duplicate_1,DMSO_TF,0.0,uM,52,198892.0
plate14,1,smp_2837,93,CVCL_1635,41,DMSO_TF__0__uM,True,DMSO_TF__duplicate_1,DMSO_TF,0.0,uM,628,1482089.0
plate14,1,smp_2837,93,CVCL_1666,42,DMSO_TF__0__uM,True,DMSO_TF__duplicate_1,DMSO_TF,0.0,uM,583,1037660.0
plate14,1,smp_2837,93,CVCL_1693,43,DMSO_TF__0__uM,True,DMSO_TF__duplicate_1,DMSO_TF,0.0,uM,417,730913.0
plate14,1,smp_2837,93,CVCL_1715,44,DMSO_TF__0__uM,True,DMSO_TF__duplicate_1,DMSO_TF,0.0,uM,122,214371.0
plate14,1,smp_2837,93,CVCL_1716,45,DMSO_TF__0__uM,True,DMSO_TF__duplicate_1,DMSO_TF,0.0,uM,130,200606.0
plate14,1,smp_2837,93,CVCL_1717,46,DMSO_TF__0__uM,True,DMSO_TF__duplicate_1,DMSO_TF,0.0,uM,910,2488755.0
plate14,1,smp_2837,93,CVCL_1724,47,DMSO_TF__0__uM,True,DMSO_TF__duplicate_1,DMSO_TF,0.0,uM,591,1298855.0
plate14,1,smp_2837,93,CVCL_1731,48,DMSO_TF__0__uM,True,DMSO_TF__duplicate_1,DMSO_TF,0.0,uM,741,1608770.0
plate14,1,smp_2837,93,CVCL_C466,49,DMSO_TF__0__uM,True,DMSO_TF__duplicate_1,DMSO_TF,0.0,uM,886,1492010.0
plate14,1,smp_2838,94,CVCL_0023,0,DMSO_TF__0__uM,True,DMSO_TF__duplicate_2,DMSO_TF,0.0,uM,1559,3156038.0
plate14,1,smp_2838,94,CVCL_0028,1,DMSO_TF__0__uM,True,DMSO_TF__duplicate_2,DMSO_TF,0.0,uM,336,541445.0
plate14,1,smp_2838,94,CVCL_0069,2,DMSO_TF__0__uM,True,DMSO_TF__duplicate_2,DMSO_TF,0.0,uM,722,1684329.0
plate14,1,smp_2838,94,CVCL_0099,3,DMSO_TF__0__uM,True,DMSO_TF__duplicate_2,DMSO_TF,0.0,uM,527,986402.0
plate14,1,smp_2838,94,CVCL_0131,4,DMSO_TF__0__uM,True,DMSO_TF__duplicate_2,DMSO_TF,0.0,uM,1692,4892044.0
plate14,1,smp_2838,94,CVCL_0152,5,DMSO_TF__0__uM,True,DMSO_TF__duplicate_2,DMSO_TF,0.0,uM,1499,2834951.0
plate14,1,smp_2838,94,CVCL_0179,6,DMSO_TF__0__uM,True,DMSO_TF__duplicate_2,DMSO_TF,0.0,uM,975,2907997.0
plate14,1,smp_2838,94,CVCL_0218,7,DMSO_TF__0__uM,True,DMSO_TF__duplicate_2,DMSO_TF,0.0,uM,856,1569696.0
plate14,1,smp_2838,94,CVCL_0292,8,DMSO_TF__0__uM,True,DMSO_TF__duplicate_2,DMSO_TF,0.0,uM,812,1214386.0
plate14,1,smp_2838,94,CVCL_0293,9,DMSO_TF__0__uM,True,DMSO_TF__duplicate_2,DMSO_TF,0.0,uM,1892,5225459.0
plate14,1,smp_2838,94,CVCL_0320,10,DMSO_TF__0__uM,True,DMSO_TF__duplicate_2,DMSO_TF,0.0,uM,1433,3602500.0
plate14,1,smp_2838,94,CVCL_0332,11,DMSO_TF__0__uM,True,DMSO_TF__duplicate_2,DMSO_TF,0.0,uM,825,2366617.0
plate14,1,smp_2838,94,CVCL_0334,12,DMSO_TF__0__uM,True,DMSO_TF__duplicate_2,DMSO_TF,0.0,uM,669,1305746.0
plate14,1,smp_2838,94,CVCL_0359,13,DMSO_TF__0__uM,True,DMSO_TF__duplicate_2,DMSO_TF,0.0,uM,1425,3659981.0
plate14,1,smp_2838,94,CVCL_0366,14,DMSO_TF__0__uM,True,DMSO_TF__duplicate_2,DMSO_TF,0.0,uM,1177,3573944.0
plate14,1,smp_2838,94,CVCL_0371,15,DMSO_TF__0__uM,True,DMSO_TF__duplicate_2,DMSO_TF,0.0,uM,1404,3270538.0
plate14,1,smp_2838,94,CVCL_0397,16,DMSO_TF__0__uM,True,DMSO_TF__duplicate_2,DMSO_TF,0.0,uM,1234,3404595.0
plate14,1,smp_2838,94,CVCL_0399,17,DMSO_TF__0__uM,True,DMSO_TF__duplicate_2,DMSO_TF,0.0,uM,2025,4900845.0
plate14,1,smp_2838,94,CVCL_0428,18,DMSO_TF__0__uM,True,DMSO_TF__duplicate_2,DMSO_TF,0.0,uM,618,1420990.0
plate14,1,smp_2838,94,CVCL_0459,19,DMSO_TF__0__uM,True,DMSO_TF__duplicate_2,DMSO_TF,0.0,uM,3218,6245488.0
plate14,1,smp_2838,94,CVCL_0480,20,DMSO_TF__0__uM,True,DMSO_TF__duplicate_2,DMSO_TF,0.0,uM,1974,6141979.0
plate14,1,smp_2838,94,CVCL_0504,21,DMSO_TF__0__uM,True,DMSO_TF__duplicate_2,DMSO_TF,0.0,uM,1270,2177744.0
plate14,1,smp_2838,94,CVCL_0546,22,DMSO_TF__0__uM,True,DMSO_TF__duplicate_2,DMSO_TF,0.0,uM,3477,6820252.0
plate14,1,smp_2838,94,CVCL_1055,23,DMSO_TF__0__uM,True,DMSO_TF__duplicate_2,DMSO_TF,0.0,uM,850,2841542.0
plate14,1,smp_2838,94,CVCL_1056,24,DMSO_TF__0__uM,True,DMSO_TF__duplicate_2,DMSO_TF,0.0,uM,1534,5415663.0
plate14,1,smp_2838,94,CVCL_1094,25,DMSO_TF__0__uM,True,DMSO_TF__duplicate_2,DMSO_TF,0.0,uM,776,1484974.0
plate14,1,smp_2838,94,CVCL_1097,26,DMSO_TF__0__uM,True,DMSO_TF__duplicate_2,DMSO_TF,0.0,uM,1529,3303819.0
plate14,1,smp_2838,94,CVCL_1098,27,DMSO_TF__0__uM,True,DMSO_TF__duplicate_2,DMSO_TF,0.0,uM,1283,2562873.0
plate14,1,smp_2838,94,CVCL_1119,28,DMSO_TF__0__uM,True,DMSO_TF__duplicate_2,DMSO_TF,0.0,uM,1062,2662052.0
plate14,1,smp_2838,94,CVCL_1125,29,DMSO_TF__0__uM,True,DMSO_TF__duplicate_2,DMSO_TF,0.0,uM,250,357095.0
plate14,1,smp_2838,94,CVCL_1239,30,DMSO_TF__0__uM,True,DMSO_TF__duplicate_2,DMSO_TF,0.0,uM,590,1172455.0
plate14,1,smp_2838,94,CVCL_1285,31,DMSO_TF__0__uM,True,DMSO_TF__duplicate_2,DMSO_TF,0.0,uM,1871,4262586.0
plate14,1,smp_2838,94,CVCL_1381,32,DMSO_TF__0__uM,True,DMSO_TF__duplicate_2,DMSO_TF,0.0,uM,1147,2797686.0
plate14,1,smp_2838,94,CVCL_1478,33,DMSO_TF__0__uM,True,DMSO_TF__duplicate_2,DMSO_TF,0.0,uM,1276,3153095.0
plate14,1,smp_2838,94,CVCL_1495,34,DMSO_TF__0__uM,True,DMSO_TF__duplicate_2,DMSO_TF,0.0,uM,938,2223218.0
plate14,1,smp_2838,94,CVCL_1517,35,DMSO_TF__0__uM,True,DMSO_TF__duplicate_2,DMSO_TF,0.0,uM,1661,6106461.0
plate14,1,smp_2838,94,CVCL_1531,36,DMSO_TF__0__uM,True,DMSO_TF__duplicate_2,DMSO_TF,0.0,uM,17,22536.0
plate14,1,smp_2838,94,CVCL_1547,37,DMSO_TF__0__uM,True,DMSO_TF__duplicate_2,DMSO_TF,0.0,uM,1274,2984503.0
plate14,1,smp_2838,94,CVCL_1550,38,DMSO_TF__0__uM,True,DMSO_TF__duplicate_2,DMSO_TF,0.0,uM,1035,3604330.0
plate14,1,smp_2838,94,CVCL_1571,39,DMSO_TF__0__uM,True,DMSO_TF__duplicate_2,DMSO_TF,0.0,uM,5,4962.0
plate14,1,smp_2838,94,CVCL_1577,40,DMSO_TF__0__uM,True,DMSO_TF__duplicate_2,DMSO_TF,0.0,uM,62,276041.0
plate14,1,smp_2838,94,CVCL_1635,41,DMSO_TF__0__uM,True,DMSO_TF__duplicate_2,DMSO_TF,0.0,uM,869,2158827.0
plate14,1,smp_2838,94,CVCL_1666,42,DMSO_TF__0__uM,True,DMSO_TF__duplicate_2,DMSO_TF,0.0,uM,802,1343442.0
plate14,1,smp_2838,94,CVCL_1693,43,DMSO_TF__0__uM,True,DMSO_TF__duplicate_2,DMSO_TF,0.0,uM,621,1048955.0
plate14,1,smp_2838,94,CVCL_1715,44,DMSO_TF__0__uM,True,DMSO_TF__duplicate_2,DMSO_TF,0.0,uM,132,248061.0
plate14,1,smp_2838,94,CVCL_1716,45,DMSO_TF__0__uM,True,DMSO_TF__duplicate_2,DMSO_TF,0.0,uM,131,225139.0
plate14,1,smp_2838,94,CVCL_1717,46,DMSO_TF__0__uM,True,DMSO_TF__duplicate_2,DMSO_TF,0.0,uM,1145,3153108.0
plate14,1,smp_2838,94,CVCL_1724,47,DMSO_TF__0__uM,True,DMSO_TF__duplicate_2,DMSO_TF,0.0,uM,751,1662068.0
plate14,1,smp_2838,94,CVCL_1731,48,DMSO_TF__0__uM,True,DMSO_TF__duplicate_2,DMSO_TF,0.0,uM,934,1981976.0
plate14,1,smp_2838,94,CVCL_C466,49,DMSO_TF__0__uM,True,DMSO_TF__duplicate_2,DMSO_TF,0.0,uM,1268,2070209.0
