space,program,n_measured_genes,weight_l2_norm,signed,selection_rule,compiled_weights_sha256
CollecTRI,ABL1,10,1.0,True,all official signed TF-target weights intersected with G_PRIMARY; L2 normalized,f5c4faa94fe03b2d088b72743da175380dfcf2edbfacd0077cc25eb19d2ca7e9
CollecTRI,ADNP,1,1.0,False,all official signed TF-target weights intersected with G_PRIMARY; L2 normalized,f5c4faa94fe03b2d088b72743da175380dfcf2edbfacd0077cc25eb19d2ca7e9
CollecTRI,AEBP1,4,1.0,False,all official signed TF-target weights intersected with G_PRIMARY; L2 normalized,f5c4faa94fe03b2d088b72743da175380dfcf2edbfacd0077cc25eb19d2ca7e9
CollecTRI,AHR,165,0.9999999999999999,True,all official signed TF-target weights intersected with G_PRIMARY; L2 normalized,f5c4faa94fe03b2d088b72743da175380dfcf2edbfacd0077cc25eb19d2ca7e9
CollecTRI,AHRR,5,0.9999999999999999,True,all official signed TF-target weights intersected with G_PRIMARY; L2 normalized,f5c4faa94fe03b2d088b72743da175380dfcf2edbfacd0077cc25eb19d2ca7e9
CollecTRI,AIP,6,1.0,True,all official signed TF-target weights intersected with G_PRIMARY; L2 normalized,f5c4faa94fe03b2d088b72743da175380dfcf2edbfacd0077cc25eb19d2ca7e9
CollecTRI,AIRE,18,1.0,True,all official signed TF-target weights intersected with G_PRIMARY; L2 normalized,f5c4faa94fe03b2d088b72743da175380dfcf2edbfacd0077cc25eb19d2ca7e9
CollecTRI,AKNA,1,1.0,False,all official signed TF-target weights intersected with G_PRIMARY; L2 normalized,f5c4faa94fe03b2d088b72743da175380dfcf2edbfacd0077cc25eb19d2ca7e9
CollecTRI,ALX1,3,1.0,False,all official signed TF-target weights intersected with G_PRIMARY; L2 normalized,f5c4faa94fe03b2d088b72743da175380dfcf2edbfacd0077cc25eb19d2ca7e9
CollecTRI,ALX4,1,1.0,True,all official signed TF-target weights intersected with G_PRIMARY; L2 normalized,f5c4faa94fe03b2d088b72743da175380dfcf2edbfacd0077cc25eb19d2ca7e9
CollecTRI,AP1,492,1.0,True,all official signed TF-target weights intersected with G_PRIMARY; L2 normalized,f5c4faa94fe03b2d088b72743da175380dfcf2edbfacd0077cc25eb19d2ca7e9
CollecTRI,APBB1,2,0.9999999999999999,True,all official signed TF-target weights intersected with G_PRIMARY; L2 normalized,f5c4faa94fe03b2d088b72743da175380dfcf2edbfacd0077cc25eb19d2ca7e9
CollecTRI,APEX1,39,1.0,False,all official signed TF-target weights intersected with G_PRIMARY; L2 normalized,f5c4faa94fe03b2d088b72743da175380dfcf2edbfacd0077cc25eb19d2ca7e9
CollecTRI,AR,453,1.0,True,all official signed TF-target weights intersected with G_PRIMARY; L2 normalized,f5c4faa94fe03b2d088b72743da175380dfcf2edbfacd0077cc25eb19d2ca7e9
CollecTRI,ARHGAP35,4,1.0,False,all official signed TF-target weights intersected with G_PRIMARY; L2 normalized,f5c4faa94fe03b2d088b72743da175380dfcf2edbfacd0077cc25eb19d2ca7e9
CollecTRI,ARID1A,8,0.9999999999999999,False,all official signed TF-target weights intersected with G_PRIMARY; L2 normalized,f5c4faa94fe03b2d088b72743da175380dfcf2edbfacd0077cc25eb19d2ca7e9
CollecTRI,ARID1B,5,0.9999999999999999,False,all official signed TF-target weights intersected with G_PRIMARY; L2 normalized,f5c4faa94fe03b2d088b72743da175380dfcf2edbfacd0077cc25eb19d2ca7e9
CollecTRI,ARID3A,7,0.9999999999999998,False,all official signed TF-target weights intersected with G_PRIMARY; L2 normalized,f5c4faa94fe03b2d088b72743da175380dfcf2edbfacd0077cc25eb19d2ca7e9
CollecTRI,ARID3B,6,1.0,False,all official signed TF-target weights intersected with G_PRIMARY; L2 normalized,f5c4faa94fe03b2d088b72743da175380dfcf2edbfacd0077cc25eb19d2ca7e9
CollecTRI,ARID4A,6,1.0,True,all official signed TF-target weights intersected with G_PRIMARY; L2 normalized,f5c4faa94fe03b2d088b72743da175380dfcf2edbfacd0077cc25eb19d2ca7e9
CollecTRI,ARID4B,12,1.0,True,all official signed TF-target weights intersected with G_PRIMARY; L2 normalized,f5c4faa94fe03b2d088b72743da175380dfcf2edbfacd0077cc25eb19d2ca7e9
CollecTRI,ARID5A,3,1.0,False,all official signed TF-target weights intersected with G_PRIMARY; L2 normalized,f5c4faa94fe03b2d088b72743da175380dfcf2edbfacd0077cc25eb19d2ca7e9
CollecTRI,ARID5B,7,0.9999999999999998,False,all official signed TF-target weights intersected with G_PRIMARY; L2 normalized,f5c4faa94fe03b2d088b72743da175380dfcf2edbfacd0077cc25eb19d2ca7e9
CollecTRI,ARNT,61,1.0,True,all official signed TF-target weights intersected with G_PRIMARY; L2 normalized,f5c4faa94fe03b2d088b72743da175380dfcf2edbfacd0077cc25eb19d2ca7e9
CollecTRI,ARNT2,3,1.0,False,all official signed TF-target weights intersected with G_PRIMARY; L2 normalized,f5c4faa94fe03b2d088b72743da175380dfcf2edbfacd0077cc25eb19d2ca7e9
CollecTRI,ARX,23,0.9999999999999999,True,all official signed TF-target weights intersected with G_PRIMARY; L2 normalized,f5c4faa94fe03b2d088b72743da175380dfcf2edbfacd0077cc25eb19d2ca7e9
CollecTRI,ASCL1,58,0.9999999999999999,True,all official signed TF-target weights intersected with G_PRIMARY; L2 normalized,f5c4faa94fe03b2d088b72743da175380dfcf2edbfacd0077cc25eb19d2ca7e9
CollecTRI,ASCL2,10,1.0,True,all official signed TF-target weights intersected with G_PRIMARY; L2 normalized,f5c4faa94fe03b2d088b72743da175380dfcf2edbfacd0077cc25eb19d2ca7e9
CollecTRI,ASCL4,2,0.9999999999999999,False,all official signed TF-target weights intersected with G_PRIMARY; L2 normalized,f5c4faa94fe03b2d088b72743da175380dfcf2edbfacd0077cc25eb19d2ca7e9
CollecTRI,ASH1L,4,1.0,True,all official signed TF-target weights intersected with G_PRIMARY; L2 normalized,f5c4faa94fe03b2d088b72743da175380dfcf2edbfacd0077cc25eb19d2ca7e9
CollecTRI,ASXL1,4,1.0,True,all official signed TF-target weights intersected with G_PRIMARY; L2 normalized,f5c4faa94fe03b2d088b72743da175380dfcf2edbfacd0077cc25eb19d2ca7e9
CollecTRI,ATF1,75,0.9999999999999999,True,all official signed TF-target weights intersected with G_PRIMARY; L2 normalized,f5c4faa94fe03b2d088b72743da175380dfcf2edbfacd0077cc25eb19d2ca7e9
CollecTRI,ATF2,105,1.0000000000000002,True,all official signed TF-target weights intersected with G_PRIMARY; L2 normalized,f5c4faa94fe03b2d088b72743da175380dfcf2edbfacd0077cc25eb19d2ca7e9
CollecTRI,ATF3,96,1.0,True,all official signed TF-target weights intersected with G_PRIMARY; L2 normalized,f5c4faa94fe03b2d088b72743da175380dfcf2edbfacd0077cc25eb19d2ca7e9
CollecTRI,ATF4,118,1.0000000000000002,True,all official signed TF-target weights intersected with G_PRIMARY; L2 normalized,f5c4faa94fe03b2d088b72743da175380dfcf2edbfacd0077cc25eb19d2ca7e9
CollecTRI,ATF5,27,1.0,True,all official signed TF-target weights intersected with G_PRIMARY; L2 normalized,f5c4faa94fe03b2d088b72743da175380dfcf2edbfacd0077cc25eb19d2ca7e9
CollecTRI,ATF6,51,1.0,True,all official signed TF-target weights intersected with G_PRIMARY; L2 normalized,f5c4faa94fe03b2d088b72743da175380dfcf2edbfacd0077cc25eb19d2ca7e9
CollecTRI,ATF6B,3,1.0,False,all official signed TF-target weights intersected with G_PRIMARY; L2 normalized,f5c4faa94fe03b2d088b72743da175380dfcf2edbfacd0077cc25eb19d2ca7e9
CollecTRI,ATF7,6,1.0,True,all official signed TF-target weights intersected with G_PRIMARY; L2 normalized,f5c4faa94fe03b2d088b72743da175380dfcf2edbfacd0077cc25eb19d2ca7e9
CollecTRI,ATOH1,9,1.0,True,all official signed TF-target weights intersected with G_PRIMARY; L2 normalized,f5c4faa94fe03b2d088b72743da175380dfcf2edbfacd0077cc25eb19d2ca7e9
CollecTRI,ATOH7,6,1.0,False,all official signed TF-target weights intersected with G_PRIMARY; L2 normalized,f5c4faa94fe03b2d088b72743da175380dfcf2edbfacd0077cc25eb19d2ca7e9
CollecTRI,ATOH8,3,1.0,False,all official signed TF-target weights intersected with G_PRIMARY; L2 normalized,f5c4faa94fe03b2d088b72743da175380dfcf2edbfacd0077cc25eb19d2ca7e9
CollecTRI,ATRX,3,1.0,True,all official signed TF-target weights intersected with G_PRIMARY; L2 normalized,f5c4faa94fe03b2d088b72743da175380dfcf2edbfacd0077cc25eb19d2ca7e9
CollecTRI,BACH1,14,0.9999999999999999,True,all official signed TF-target weights intersected with G_PRIMARY; L2 normalized,f5c4faa94fe03b2d088b72743da175380dfcf2edbfacd0077cc25eb19d2ca7e9
CollecTRI,BACH2,5,0.9999999999999999,True,all official signed TF-target weights intersected with G_PRIMARY; L2 normalized,f5c4faa94fe03b2d088b72743da175380dfcf2edbfacd0077cc25eb19d2ca7e9
CollecTRI,BARX1,8,0.9999999999999999,False,all official signed TF-target weights intersected with G_PRIMARY; L2 normalized,f5c4faa94fe03b2d088b72743da175380dfcf2edbfacd0077cc25eb19d2ca7e9
CollecTRI,BARX2,15,0.9999999999999999,False,all official signed TF-target weights intersected with G_PRIMARY; L2 normalized,f5c4faa94fe03b2d088b72743da175380dfcf2edbfacd0077cc25eb19d2ca7e9
CollecTRI,BATF,12,1.0,False,all official signed TF-target weights intersected with G_PRIMARY; L2 normalized,f5c4faa94fe03b2d088b72743da175380dfcf2edbfacd0077cc25eb19d2ca7e9
CollecTRI,BATF2,1,1.0,False,all official signed TF-target weights intersected with G_PRIMARY; L2 normalized,f5c4faa94fe03b2d088b72743da175380dfcf2edbfacd0077cc25eb19d2ca7e9
CollecTRI,BATF3,2,0.9999999999999999,True,all official signed TF-target weights intersected with G_PRIMARY; L2 normalized,f5c4faa94fe03b2d088b72743da175380dfcf2edbfacd0077cc25eb19d2ca7e9
CollecTRI,BBX,2,0.9999999999999999,False,all official signed TF-target weights intersected with G_PRIMARY; L2 normalized,f5c4faa94fe03b2d088b72743da175380dfcf2edbfacd0077cc25eb19d2ca7e9
CollecTRI,BCL11A,11,1.0,True,all official signed TF-target weights intersected with G_PRIMARY; L2 normalized,f5c4faa94fe03b2d088b72743da175380dfcf2edbfacd0077cc25eb19d2ca7e9
CollecTRI,BCL11B,22,0.9999999999999998,True,all official signed TF-target weights intersected with G_PRIMARY; L2 normalized,f5c4faa94fe03b2d088b72743da175380dfcf2edbfacd0077cc25eb19d2ca7e9
CollecTRI,BCL3,25,1.0,True,all official signed TF-target weights intersected with G_PRIMARY; L2 normalized,f5c4faa94fe03b2d088b72743da175380dfcf2edbfacd0077cc25eb19d2ca7e9
CollecTRI,BCL6,75,0.9999999999999999,True,all official signed TF-target weights intersected with G_PRIMARY; L2 normalized,f5c4faa94fe03b2d088b72743da175380dfcf2edbfacd0077cc25eb19d2ca7e9
CollecTRI,BCL6B,1,1.0,False,all official signed TF-target weights intersected with G_PRIMARY; L2 normalized,f5c4faa94fe03b2d088b72743da175380dfcf2edbfacd0077cc25eb19d2ca7e9
CollecTRI,BCLAF1,9,1.0,False,all official signed TF-target weights intersected with G_PRIMARY; L2 normalized,f5c4faa94fe03b2d088b72743da175380dfcf2edbfacd0077cc25eb19d2ca7e9
CollecTRI,BCOR,7,0.9999999999999998,True,all official signed TF-target weights intersected with G_PRIMARY; L2 normalized,f5c4faa94fe03b2d088b72743da175380dfcf2edbfacd0077cc25eb19d2ca7e9
CollecTRI,BHLHA15,15,0.9999999999999999,True,all official signed TF-target weights intersected with G_PRIMARY; L2 normalized,f5c4faa94fe03b2d088b72743da175380dfcf2edbfacd0077cc25eb19d2ca7e9
CollecTRI,BHLHE22,1,1.0,True,all official signed TF-target weights intersected with G_PRIMARY; L2 normalized,f5c4faa94fe03b2d088b72743da175380dfcf2edbfacd0077cc25eb19d2ca7e9
CollecTRI,BHLHE23,2,0.9999999999999999,False,all official signed TF-target weights intersected with G_PRIMARY; L2 normalized,f5c4faa94fe03b2d088b72743da175380dfcf2edbfacd0077cc25eb19d2ca7e9
CollecTRI,BHLHE40,37,0.9999999999999999,True,all official signed TF-target weights intersected with G_PRIMARY; L2 normalized,f5c4faa94fe03b2d088b72743da175380dfcf2edbfacd0077cc25eb19d2ca7e9
CollecTRI,BHLHE41,25,1.0,True,all official signed TF-target weights intersected with G_PRIMARY; L2 normalized,f5c4faa94fe03b2d088b72743da175380dfcf2edbfacd0077cc25eb19d2ca7e9
CollecTRI,BMAL1,55,1.0,True,all official signed TF-target weights intersected with G_PRIMARY; L2 normalized,f5c4faa94fe03b2d088b72743da175380dfcf2edbfacd0077cc25eb19d2ca7e9
CollecTRI,BMAL2,8,0.9999999999999999,False,all official signed TF-target weights intersected with G_PRIMARY; L2 normalized,f5c4faa94fe03b2d088b72743da175380dfcf2edbfacd0077cc25eb19d2ca7e9
CollecTRI,BPTF,4,1.0,False,all official signed TF-target weights intersected with G_PRIMARY; L2 normalized,f5c4faa94fe03b2d088b72743da175380dfcf2edbfacd0077cc25eb19d2ca7e9
CollecTRI,BRCA1,60,0.9999999999999998,True,all official signed TF-target weights intersected with G_PRIMARY; L2 normalized,f5c4faa94fe03b2d088b72743da175380dfcf2edbfacd0077cc25eb19d2ca7e9
CollecTRI,BRD4,11,1.0,False,all official signed TF-target weights intersected with G_PRIMARY; L2 normalized,f5c4faa94fe03b2d088b72743da175380dfcf2edbfacd0077cc25eb19d2ca7e9
CollecTRI,BRD7,3,1.0,True,all official signed TF-target weights intersected with G_PRIMARY; L2 normalized,f5c4faa94fe03b2d088b72743da175380dfcf2edbfacd0077cc25eb19d2ca7e9
CollecTRI,BSX,2,0.9999999999999999,False,all official signed TF-target weights intersected with G_PRIMARY; L2 normalized,f5c4faa94fe03b2d088b72743da175380dfcf2edbfacd0077cc25eb19d2ca7e9
CollecTRI,BTAF1,2,0.9999999999999999,True,all official signed TF-target weights intersected with G_PRIMARY; L2 normalized,f5c4faa94fe03b2d088b72743da175380dfcf2edbfacd0077cc25eb19d2ca7e9
CollecTRI,BTG2,6,1.0,True,all official signed TF-target weights intersected with G_PRIMARY; L2 normalized,f5c4faa94fe03b2d088b72743da175380dfcf2edbfacd0077cc25eb19d2ca7e9
CollecTRI,CAMTA1,3,1.0,False,all official signed TF-target weights intersected with G_PRIMARY; L2 normalized,f5c4faa94fe03b2d088b72743da175380dfcf2edbfacd0077cc25eb19d2ca7e9
CollecTRI,CARF,3,1.0,False,all official signed TF-target weights intersected with G_PRIMARY; L2 normalized,f5c4faa94fe03b2d088b72743da175380dfcf2edbfacd0077cc25eb19d2ca7e9
CollecTRI,CASZ1,4,1.0,False,all official signed TF-target weights intersected with G_PRIMARY; L2 normalized,f5c4faa94fe03b2d088b72743da175380dfcf2edbfacd0077cc25eb19d2ca7e9
CollecTRI,CBFA2T3,3,1.0,True,all official signed TF-target weights intersected with G_PRIMARY; L2 normalized,f5c4faa94fe03b2d088b72743da175380dfcf2edbfacd0077cc25eb19d2ca7e9
CollecTRI,CBFB,3,1.0,False,all official signed TF-target weights intersected with G_PRIMARY; L2 normalized,f5c4faa94fe03b2d088b72743da175380dfcf2edbfacd0077cc25eb19d2ca7e9
CollecTRI,CCDC62,1,1.0,False,all official signed TF-target weights intersected with G_PRIMARY; L2 normalized,f5c4faa94fe03b2d088b72743da175380dfcf2edbfacd0077cc25eb19d2ca7e9
CollecTRI,CCND1,1,1.0,False,all official signed TF-target weights intersected with G_PRIMARY; L2 normalized,f5c4faa94fe03b2d088b72743da175380dfcf2edbfacd0077cc25eb19d2ca7e9
CollecTRI,CDC5L,1,1.0,False,all official signed TF-target weights intersected with G_PRIMARY; L2 normalized,f5c4faa94fe03b2d088b72743da175380dfcf2edbfacd0077cc25eb19d2ca7e9
CollecTRI,CDX1,34,0.9999999999999999,True,all official signed TF-target weights intersected with G_PRIMARY; L2 normalized,f5c4faa94fe03b2d088b72743da175380dfcf2edbfacd0077cc25eb19d2ca7e9
CollecTRI,CDX2,62,0.9999999999999999,True,all official signed TF-target weights intersected with G_PRIMARY; L2 normalized,f5c4faa94fe03b2d088b72743da175380dfcf2edbfacd0077cc25eb19d2ca7e9
CollecTRI,CDX4,2,0.9999999999999999,False,all official signed TF-target weights intersected with G_PRIMARY; L2 normalized,f5c4faa94fe03b2d088b72743da175380dfcf2edbfacd0077cc25eb19d2ca7e9
CollecTRI,CEBPA,189,1.0,True,all official signed TF-target weights intersected with G_PRIMARY; L2 normalized,f5c4faa94fe03b2d088b72743da175380dfcf2edbfacd0077cc25eb19d2ca7e9
CollecTRI,CEBPB,373,0.9999999999999998,True,all official signed TF-target weights intersected with G_PRIMARY; L2 normalized,f5c4faa94fe03b2d088b72743da175380dfcf2edbfacd0077cc25eb19d2ca7e9
CollecTRI,CEBPD,77,1.0,True,all official signed TF-target weights intersected with G_PRIMARY; L2 normalized,f5c4faa94fe03b2d088b72743da175380dfcf2edbfacd0077cc25eb19d2ca7e9
CollecTRI,CEBPE,25,1.0,True,all official signed TF-target weights intersected with G_PRIMARY; L2 normalized,f5c4faa94fe03b2d088b72743da175380dfcf2edbfacd0077cc25eb19d2ca7e9
CollecTRI,CEBPG,160,0.9999999999999999,True,all official signed TF-target weights intersected with G_PRIMARY; L2 normalized,f5c4faa94fe03b2d088b72743da175380dfcf2edbfacd0077cc25eb19d2ca7e9
CollecTRI,CEBPZ,16,1.0,True,all official signed TF-target weights intersected with G_PRIMARY; L2 normalized,f5c4faa94fe03b2d088b72743da175380dfcf2edbfacd0077cc25eb19d2ca7e9
CollecTRI,CGGBP1,1,1.0,True,all official signed TF-target weights intersected with G_PRIMARY; L2 normalized,f5c4faa94fe03b2d088b72743da175380dfcf2edbfacd0077cc25eb19d2ca7e9
CollecTRI,CHD4,5,0.9999999999999999,True,all official signed TF-target weights intersected with G_PRIMARY; L2 normalized,f5c4faa94fe03b2d088b72743da175380dfcf2edbfacd0077cc25eb19d2ca7e9
CollecTRI,CIC,3,1.0,True,all official signed TF-target weights intersected with G_PRIMARY; L2 normalized,f5c4faa94fe03b2d088b72743da175380dfcf2edbfacd0077cc25eb19d2ca7e9
CollecTRI,CIITA,24,1.0,True,all official signed TF-target weights intersected with G_PRIMARY; L2 normalized,f5c4faa94fe03b2d088b72743da175380dfcf2edbfacd0077cc25eb19d2ca7e9
CollecTRI,CITED2,4,1.0,True,all official signed TF-target weights intersected with G_PRIMARY; L2 normalized,f5c4faa94fe03b2d088b72743da175380dfcf2edbfacd0077cc25eb19d2ca7e9
CollecTRI,CLOCK,60,0.9999999999999998,True,all official signed TF-target weights intersected with G_PRIMARY; L2 normalized,f5c4faa94fe03b2d088b72743da175380dfcf2edbfacd0077cc25eb19d2ca7e9
CollecTRI,CNOT4,1,1.0,False,all official signed TF-target weights intersected with G_PRIMARY; L2 normalized,f5c4faa94fe03b2d088b72743da175380dfcf2edbfacd0077cc25eb19d2ca7e9
CollecTRI,CNOT7,3,1.0,True,all official signed TF-target weights intersected with G_PRIMARY; L2 normalized,f5c4faa94fe03b2d088b72743da175380dfcf2edbfacd0077cc25eb19d2ca7e9
CollecTRI,COPS5,2,0.9999999999999999,True,all official signed TF-target weights intersected with G_PRIMARY; L2 normalized,f5c4faa94fe03b2d088b72743da175380dfcf2edbfacd0077cc25eb19d2ca7e9
CollecTRI,CREB1,400,1.0000000000000002,True,all official signed TF-target weights intersected with G_PRIMARY; L2 normalized,f5c4faa94fe03b2d088b72743da175380dfcf2edbfacd0077cc25eb19d2ca7e9
CollecTRI,CREB3,12,1.0,False,all official signed TF-target weights intersected with G_PRIMARY; L2 normalized,f5c4faa94fe03b2d088b72743da175380dfcf2edbfacd0077cc25eb19d2ca7e9
CollecTRI,CREB3L1,8,0.9999999999999999,True,all official signed TF-target weights intersected with G_PRIMARY; L2 normalized,f5c4faa94fe03b2d088b72743da175380dfcf2edbfacd0077cc25eb19d2ca7e9
CollecTRI,CREB3L2,2,0.9999999999999999,False,all official signed TF-target weights intersected with G_PRIMARY; L2 normalized,f5c4faa94fe03b2d088b72743da175380dfcf2edbfacd0077cc25eb19d2ca7e9
CollecTRI,CREB3L3,5,0.9999999999999999,False,all official signed TF-target weights intersected with G_PRIMARY; L2 normalized,f5c4faa94fe03b2d088b72743da175380dfcf2edbfacd0077cc25eb19d2ca7e9
CollecTRI,CREB3L4,3,1.0,False,all official signed TF-target weights intersected with G_PRIMARY; L2 normalized,f5c4faa94fe03b2d088b72743da175380dfcf2edbfacd0077cc25eb19d2ca7e9
CollecTRI,CREB5,12,1.0,True,all official signed TF-target weights intersected with G_PRIMARY; L2 normalized,f5c4faa94fe03b2d088b72743da175380dfcf2edbfacd0077cc25eb19d2ca7e9
CollecTRI,CREBBP,32,0.9999999999999999,True,all official signed TF-target weights intersected with G_PRIMARY; L2 normalized,f5c4faa94fe03b2d088b72743da175380dfcf2edbfacd0077cc25eb19d2ca7e9
CollecTRI,CREBL2,2,0.9999999999999999,False,all official signed TF-target weights intersected with G_PRIMARY; L2 normalized,f5c4faa94fe03b2d088b72743da175380dfcf2edbfacd0077cc25eb19d2ca7e9
CollecTRI,CREBRF,2,0.9999999999999999,False,all official signed TF-target weights intersected with G_PRIMARY; L2 normalized,f5c4faa94fe03b2d088b72743da175380dfcf2edbfacd0077cc25eb19d2ca7e9
CollecTRI,CREBZF,16,1.0,True,all official signed TF-target weights intersected with G_PRIMARY; L2 normalized,f5c4faa94fe03b2d088b72743da175380dfcf2edbfacd0077cc25eb19d2ca7e9
CollecTRI,CREG1,1,1.0,True,all official signed TF-target weights intersected with G_PRIMARY; L2 normalized,f5c4faa94fe03b2d088b72743da175380dfcf2edbfacd0077cc25eb19d2ca7e9
CollecTRI,CREM,67,1.0,True,all official signed TF-target weights intersected with G_PRIMARY; L2 normalized,f5c4faa94fe03b2d088b72743da175380dfcf2edbfacd0077cc25eb19d2ca7e9
CollecTRI,CRX,27,1.0,True,all official signed TF-target weights intersected with G_PRIMARY; L2 normalized,f5c4faa94fe03b2d088b72743da175380dfcf2edbfacd0077cc25eb19d2ca7e9
CollecTRI,CTBP1,9,1.0,True,all official signed TF-target weights intersected with G_PRIMARY; L2 normalized,f5c4faa94fe03b2d088b72743da175380dfcf2edbfacd0077cc25eb19d2ca7e9
CollecTRI,CTBP2,12,1.0,True,all official signed TF-target weights intersected with G_PRIMARY; L2 normalized,f5c4faa94fe03b2d088b72743da175380dfcf2edbfacd0077cc25eb19d2ca7e9
CollecTRI,CTCF,126,0.9999999999999999,True,all official signed TF-target weights intersected with G_PRIMARY; L2 normalized,f5c4faa94fe03b2d088b72743da175380dfcf2edbfacd0077cc25eb19d2ca7e9
CollecTRI,CTCFL,11,1.0,False,all official signed TF-target weights intersected with G_PRIMARY; L2 normalized,f5c4faa94fe03b2d088b72743da175380dfcf2edbfacd0077cc25eb19d2ca7e9
CollecTRI,CTNNB1,304,0.9999999999999999,True,all official signed TF-target weights intersected with G_PRIMARY; L2 normalized,f5c4faa94fe03b2d088b72743da175380dfcf2edbfacd0077cc25eb19d2ca7e9
CollecTRI,CUX1,98,0.9999999999999999,True,all official signed TF-target weights intersected with G_PRIMARY; L2 normalized,f5c4faa94fe03b2d088b72743da175380dfcf2edbfacd0077cc25eb19d2ca7e9
CollecTRI,CUX2,2,0.9999999999999999,True,all official signed TF-target weights intersected with G_PRIMARY; L2 normalized,f5c4faa94fe03b2d088b72743da175380dfcf2edbfacd0077cc25eb19d2ca7e9
CollecTRI,CXXC1,20,1.0,False,all official signed TF-target weights intersected with G_PRIMARY; L2 normalized,f5c4faa94fe03b2d088b72743da175380dfcf2edbfacd0077cc25eb19d2ca7e9
CollecTRI,DACH1,6,1.0,True,all official signed TF-target weights intersected with G_PRIMARY; L2 normalized,f5c4faa94fe03b2d088b72743da175380dfcf2edbfacd0077cc25eb19d2ca7e9
CollecTRI,DAXX,4,1.0,True,all official signed TF-target weights intersected with G_PRIMARY; L2 normalized,f5c4faa94fe03b2d088b72743da175380dfcf2edbfacd0077cc25eb19d2ca7e9
CollecTRI,DBP,26,1.0,False,all official signed TF-target weights intersected with G_PRIMARY; L2 normalized,f5c4faa94fe03b2d088b72743da175380dfcf2edbfacd0077cc25eb19d2ca7e9
CollecTRI,DDIT3,88,1.0,True,all official signed TF-target weights intersected with G_PRIMARY; L2 normalized,f5c4faa94fe03b2d088b72743da175380dfcf2edbfacd0077cc25eb19d2ca7e9
CollecTRI,DDX5,2,0.9999999999999999,False,all official signed TF-target weights intersected with G_PRIMARY; L2 normalized,f5c4faa94fe03b2d088b72743da175380dfcf2edbfacd0077cc25eb19d2ca7e9
CollecTRI,DEAF1,11,1.0,True,all official signed TF-target weights intersected with G_PRIMARY; L2 normalized,f5c4faa94fe03b2d088b72743da175380dfcf2edbfacd0077cc25eb19d2ca7e9
CollecTRI,DLX1,7,0.9999999999999998,True,all official signed TF-target weights intersected with G_PRIMARY; L2 normalized,f5c4faa94fe03b2d088b72743da175380dfcf2edbfacd0077cc25eb19d2ca7e9
CollecTRI,DLX2,17,1.0,True,all official signed TF-target weights intersected with G_PRIMARY; L2 normalized,f5c4faa94fe03b2d088b72743da175380dfcf2edbfacd0077cc25eb19d2ca7e9
CollecTRI,DLX3,15,0.9999999999999999,False,all official signed TF-target weights intersected with G_PRIMARY; L2 normalized,f5c4faa94fe03b2d088b72743da175380dfcf2edbfacd0077cc25eb19d2ca7e9
CollecTRI,DLX4,37,0.9999999999999999,True,all official signed TF-target weights intersected with G_PRIMARY; L2 normalized,f5c4faa94fe03b2d088b72743da175380dfcf2edbfacd0077cc25eb19d2ca7e9
CollecTRI,DLX5,29,0.9999999999999999,True,all official signed TF-target weights intersected with G_PRIMARY; L2 normalized,f5c4faa94fe03b2d088b72743da175380dfcf2edbfacd0077cc25eb19d2ca7e9
CollecTRI,DLX6,1,1.0,False,all official signed TF-target weights intersected with G_PRIMARY; L2 normalized,f5c4faa94fe03b2d088b72743da175380dfcf2edbfacd0077cc25eb19d2ca7e9
CollecTRI,DMAP1,5,0.9999999999999999,False,all official signed TF-target weights intersected with G_PRIMARY; L2 normalized,f5c4faa94fe03b2d088b72743da175380dfcf2edbfacd0077cc25eb19d2ca7e9
CollecTRI,DMBX1,2,0.9999999999999999,False,all official signed TF-target weights intersected with G_PRIMARY; L2 normalized,f5c4faa94fe03b2d088b72743da175380dfcf2edbfacd0077cc25eb19d2ca7e9
CollecTRI,DMRT1,5,0.9999999999999999,False,all official signed TF-target weights intersected with G_PRIMARY; L2 normalized,f5c4faa94fe03b2d088b72743da175380dfcf2edbfacd0077cc25eb19d2ca7e9
CollecTRI,DMRTA1,2,0.9999999999999999,False,all official signed TF-target weights intersected with G_PRIMARY; L2 normalized,f5c4faa94fe03b2d088b72743da175380dfcf2edbfacd0077cc25eb19d2ca7e9
CollecTRI,DMTF1,16,1.0,True,all official signed TF-target weights intersected with G_PRIMARY; L2 normalized,f5c4faa94fe03b2d088b72743da175380dfcf2edbfacd0077cc25eb19d2ca7e9
CollecTRI,DNAJC1,1,1.0,False,all official signed TF-target weights intersected with G_PRIMARY; L2 normalized,f5c4faa94fe03b2d088b72743da175380dfcf2edbfacd0077cc25eb19d2ca7e9
CollecTRI,DNAJC2,1,1.0,False,all official signed TF-target weights intersected with G_PRIMARY; L2 normalized,f5c4faa94fe03b2d088b72743da175380dfcf2edbfacd0077cc25eb19d2ca7e9
CollecTRI,DNMT1,157,1.0,True,all official signed TF-target weights intersected with G_PRIMARY; L2 normalized,f5c4faa94fe03b2d088b72743da175380dfcf2edbfacd0077cc25eb19d2ca7e9
CollecTRI,DNMT3A,52,1.0,True,all official signed TF-target weights intersected with G_PRIMARY; L2 normalized,f5c4faa94fe03b2d088b72743da175380dfcf2edbfacd0077cc25eb19d2ca7e9
CollecTRI,DNMT3B,65,1.0,True,all official signed TF-target weights intersected with G_PRIMARY; L2 normalized,f5c4faa94fe03b2d088b72743da175380dfcf2edbfacd0077cc25eb19d2ca7e9
CollecTRI,DNMT3L,3,1.0,True,all official signed TF-target weights intersected with G_PRIMARY; L2 normalized,f5c4faa94fe03b2d088b72743da175380dfcf2edbfacd0077cc25eb19d2ca7e9
CollecTRI,DOT1L,8,0.9999999999999999,True,all official signed TF-target weights intersected with G_PRIMARY; L2 normalized,f5c4faa94fe03b2d088b72743da175380dfcf2edbfacd0077cc25eb19d2ca7e9
CollecTRI,DPF3,1,1.0,False,all official signed TF-target weights intersected with G_PRIMARY; L2 normalized,f5c4faa94fe03b2d088b72743da175380dfcf2edbfacd0077cc25eb19d2ca7e9
CollecTRI,DR1,4,1.0,True,all official signed TF-target weights intersected with G_PRIMARY; L2 normalized,f5c4faa94fe03b2d088b72743da175380dfcf2edbfacd0077cc25eb19d2ca7e9
CollecTRI,DRAP1,1,1.0,False,all official signed TF-target weights intersected with G_PRIMARY; L2 normalized,f5c4faa94fe03b2d088b72743da175380dfcf2edbfacd0077cc25eb19d2ca7e9
CollecTRI,DRGX,1,1.0,False,all official signed TF-target weights intersected with G_PRIMARY; L2 normalized,f5c4faa94fe03b2d088b72743da175380dfcf2edbfacd0077cc25eb19d2ca7e9
CollecTRI,DTX1,1,1.0,False,all official signed TF-target weights intersected with G_PRIMARY; L2 normalized,f5c4faa94fe03b2d088b72743da175380dfcf2edbfacd0077cc25eb19d2ca7e9
CollecTRI,DUX4,3,1.0,False,all official signed TF-target weights intersected with G_PRIMARY; L2 normalized,f5c4faa94fe03b2d088b72743da175380dfcf2edbfacd0077cc25eb19d2ca7e9
CollecTRI,E2F1,308,1.0,True,all official signed TF-target weights intersected with G_PRIMARY; L2 normalized,f5c4faa94fe03b2d088b72743da175380dfcf2edbfacd0077cc25eb19d2ca7e9
CollecTRI,E2F2,50,1.0,True,all official signed TF-target weights intersected with G_PRIMARY; L2 normalized,f5c4faa94fe03b2d088b72743da175380dfcf2edbfacd0077cc25eb19d2ca7e9
CollecTRI,E2F3,68,0.9999999999999999,True,all official signed TF-target weights intersected with G_PRIMARY; L2 normalized,f5c4faa94fe03b2d088b72743da175380dfcf2edbfacd0077cc25eb19d2ca7e9
CollecTRI,E2F4,169,1.0,True,all official signed TF-target weights intersected with G_PRIMARY; L2 normalized,f5c4faa94fe03b2d088b72743da175380dfcf2edbfacd0077cc25eb19d2ca7e9
CollecTRI,E2F5,12,1.0,True,all official signed TF-target weights intersected with G_PRIMARY; L2 normalized,f5c4faa94fe03b2d088b72743da175380dfcf2edbfacd0077cc25eb19d2ca7e9
CollecTRI,E2F6,41,1.0,True,all official signed TF-target weights intersected with G_PRIMARY; L2 normalized,f5c4faa94fe03b2d088b72743da175380dfcf2edbfacd0077cc25eb19d2ca7e9
CollecTRI,E2F7,7,0.9999999999999998,True,all official signed TF-target weights intersected with G_PRIMARY; L2 normalized,f5c4faa94fe03b2d088b72743da175380dfcf2edbfacd0077cc25eb19d2ca7e9
CollecTRI,E2F8,3,1.0,True,all official signed TF-target weights intersected with G_PRIMARY; L2 normalized,f5c4faa94fe03b2d088b72743da175380dfcf2edbfacd0077cc25eb19d2ca7e9
CollecTRI,E4F1,10,1.0,True,all official signed TF-target weights intersected with G_PRIMARY; L2 normalized,f5c4faa94fe03b2d088b72743da175380dfcf2edbfacd0077cc25eb19d2ca7e9
CollecTRI,EBF1,29,0.9999999999999999,True,all official signed TF-target weights intersected with G_PRIMARY; L2 normalized,f5c4faa94fe03b2d088b72743da175380dfcf2edbfacd0077cc25eb19d2ca7e9
CollecTRI,EBF2,3,1.0,False,all official signed TF-target weights intersected with G_PRIMARY; L2 normalized,f5c4faa94fe03b2d088b72743da175380dfcf2edbfacd0077cc25eb19d2ca7e9
CollecTRI,EBF3,9,1.0,False,all official signed TF-target weights intersected with G_PRIMARY; L2 normalized,f5c4faa94fe03b2d088b72743da175380dfcf2edbfacd0077cc25eb19d2ca7e9
CollecTRI,EGR1,315,0.9999999999999999,True,all official signed TF-target weights intersected with G_PRIMARY; L2 normalized,f5c4faa94fe03b2d088b72743da175380dfcf2edbfacd0077cc25eb19d2ca7e9
CollecTRI,EGR2,66,0.9999999999999999,True,all official signed TF-target weights intersected with G_PRIMARY; L2 normalized,f5c4faa94fe03b2d088b72743da175380dfcf2edbfacd0077cc25eb19d2ca7e9
CollecTRI,EGR3,26,1.0,True,all official signed TF-target weights intersected with G_PRIMARY; L2 normalized,f5c4faa94fe03b2d088b72743da175380dfcf2edbfacd0077cc25eb19d2ca7e9
CollecTRI,EGR4,13,0.9999999999999999,True,all official signed TF-target weights intersected with G_PRIMARY; L2 normalized,f5c4faa94fe03b2d088b72743da175380dfcf2edbfacd0077cc25eb19d2ca7e9
CollecTRI,EHF,12,1.0,True,all official signed TF-target weights intersected with G_PRIMARY; L2 normalized,f5c4faa94fe03b2d088b72743da175380dfcf2edbfacd0077cc25eb19d2ca7e9
CollecTRI,EID1,1,1.0,False,all official signed TF-target weights intersected with G_PRIMARY; L2 normalized,f5c4faa94fe03b2d088b72743da175380dfcf2edbfacd0077cc25eb19d2ca7e9
CollecTRI,ELF1,67,1.0,True,all official signed TF-target weights intersected with G_PRIMARY; L2 normalized,f5c4faa94fe03b2d088b72743da175380dfcf2edbfacd0077cc25eb19d2ca7e9
CollecTRI,ELF2,10,1.0,False,all official signed TF-target weights intersected with G_PRIMARY; L2 normalized,f5c4faa94fe03b2d088b72743da175380dfcf2edbfacd0077cc25eb19d2ca7e9
CollecTRI,ELF3,25,1.0,True,all official signed TF-target weights intersected with G_PRIMARY; L2 normalized,f5c4faa94fe03b2d088b72743da175380dfcf2edbfacd0077cc25eb19d2ca7e9
CollecTRI,ELF4,37,0.9999999999999999,True,all official signed TF-target weights intersected with G_PRIMARY; L2 normalized,f5c4faa94fe03b2d088b72743da175380dfcf2edbfacd0077cc25eb19d2ca7e9
CollecTRI,ELF5,8,0.9999999999999999,True,all official signed TF-target weights intersected with G_PRIMARY; L2 normalized,f5c4faa94fe03b2d088b72743da175380dfcf2edbfacd0077cc25eb19d2ca7e9
CollecTRI,ELK1,56,1.0,True,all official signed TF-target weights intersected with G_PRIMARY; L2 normalized,f5c4faa94fe03b2d088b72743da175380dfcf2edbfacd0077cc25eb19d2ca7e9
CollecTRI,ELK3,22,0.9999999999999998,True,all official signed TF-target weights intersected with G_PRIMARY; L2 normalized,f5c4faa94fe03b2d088b72743da175380dfcf2edbfacd0077cc25eb19d2ca7e9
CollecTRI,ELK4,6,1.0,False,all official signed TF-target weights intersected with G_PRIMARY; L2 normalized,f5c4faa94fe03b2d088b72743da175380dfcf2edbfacd0077cc25eb19d2ca7e9
CollecTRI,EMX1,2,0.9999999999999999,False,all official signed TF-target weights intersected with G_PRIMARY; L2 normalized,f5c4faa94fe03b2d088b72743da175380dfcf2edbfacd0077cc25eb19d2ca7e9
CollecTRI,EMX2,8,0.9999999999999999,True,all official signed TF-target weights intersected with G_PRIMARY; L2 normalized,f5c4faa94fe03b2d088b72743da175380dfcf2edbfacd0077cc25eb19d2ca7e9
CollecTRI,EN1,10,1.0,True,all official signed TF-target weights intersected with G_PRIMARY; L2 normalized,f5c4faa94fe03b2d088b72743da175380dfcf2edbfacd0077cc25eb19d2ca7e9
CollecTRI,EN2,4,1.0,True,all official signed TF-target weights intersected with G_PRIMARY; L2 normalized,f5c4faa94fe03b2d088b72743da175380dfcf2edbfacd0077cc25eb19d2ca7e9
CollecTRI,ENO1,15,0.9999999999999999,True,all official signed TF-target weights intersected with G_PRIMARY; L2 normalized,f5c4faa94fe03b2d088b72743da175380dfcf2edbfacd0077cc25eb19d2ca7e9
CollecTRI,EOMES,18,1.0,True,all official signed TF-target weights intersected with G_PRIMARY; L2 normalized,f5c4faa94fe03b2d088b72743da175380dfcf2edbfacd0077cc25eb19d2ca7e9
CollecTRI,EP300,64,1.0,True,all official signed TF-target weights intersected with G_PRIMARY; L2 normalized,f5c4faa94fe03b2d088b72743da175380dfcf2edbfacd0077cc25eb19d2ca7e9
CollecTRI,EPAS1,85,0.9999999999999999,True,all official signed TF-target weights intersected with G_PRIMARY; L2 normalized,f5c4faa94fe03b2d088b72743da175380dfcf2edbfacd0077cc25eb19d2ca7e9
CollecTRI,ERF,16,1.0,True,all official signed TF-target weights intersected with G_PRIMARY; L2 normalized,f5c4faa94fe03b2d088b72743da175380dfcf2edbfacd0077cc25eb19d2ca7e9
CollecTRI,ERG,54,0.9999999999999999,True,all official signed TF-target weights intersected with G_PRIMARY; L2 normalized,f5c4faa94fe03b2d088b72743da175380dfcf2edbfacd0077cc25eb19d2ca7e9
CollecTRI,ESR1,548,0.9999999999999999,True,all official signed TF-target weights intersected with G_PRIMARY; L2 normalized,f5c4faa94fe03b2d088b72743da175380dfcf2edbfacd0077cc25eb19d2ca7e9
CollecTRI,ESR2,188,1.0,True,all official signed TF-target weights intersected with G_PRIMARY; L2 normalized,f5c4faa94fe03b2d088b72743da175380dfcf2edbfacd0077cc25eb19d2ca7e9
CollecTRI,ESRRA,38,0.9999999999999999,True,all official signed TF-target weights intersected with G_PRIMARY; L2 normalized,f5c4faa94fe03b2d088b72743da175380dfcf2edbfacd0077cc25eb19d2ca7e9
CollecTRI,ESRRB,10,1.0,True,all official signed TF-target weights intersected with G_PRIMARY; L2 normalized,f5c4faa94fe03b2d088b72743da175380dfcf2edbfacd0077cc25eb19d2ca7e9
CollecTRI,ESRRG,23,0.9999999999999999,True,all official signed TF-target weights intersected with G_PRIMARY; L2 normalized,f5c4faa94fe03b2d088b72743da175380dfcf2edbfacd0077cc25eb19d2ca7e9
CollecTRI,ESX1,1,1.0,True,all official signed TF-target weights intersected with G_PRIMARY; L2 normalized,f5c4faa94fe03b2d088b72743da175380dfcf2edbfacd0077cc25eb19d2ca7e9
CollecTRI,ETS1,209,0.9999999999999999,True,all official signed TF-target weights intersected with G_PRIMARY; L2 normalized,f5c4faa94fe03b2d088b72743da175380dfcf2edbfacd0077cc25eb19d2ca7e9
CollecTRI,ETS2,97,1.0000000000000002,True,all official signed TF-target weights intersected with G_PRIMARY; L2 normalized,f5c4faa94fe03b2d088b72743da175380dfcf2edbfacd0077cc25eb19d2ca7e9
CollecTRI,ETV1,20,1.0,True,all official signed TF-target weights intersected with G_PRIMARY; L2 normalized,f5c4faa94fe03b2d088b72743da175380dfcf2edbfacd0077cc25eb19d2ca7e9
CollecTRI,ETV2,9,1.0,False,all official signed TF-target weights intersected with G_PRIMARY; L2 normalized,f5c4faa94fe03b2d088b72743da175380dfcf2edbfacd0077cc25eb19d2ca7e9
CollecTRI,ETV3,12,1.0,True,all official signed TF-target weights intersected with G_PRIMARY; L2 normalized,f5c4faa94fe03b2d088b72743da175380dfcf2edbfacd0077cc25eb19d2ca7e9
CollecTRI,ETV4,65,1.0,True,all official signed TF-target weights intersected with G_PRIMARY; L2 normalized,f5c4faa94fe03b2d088b72743da175380dfcf2edbfacd0077cc25eb19d2ca7e9
CollecTRI,ETV5,16,1.0,True,all official signed TF-target weights intersected with G_PRIMARY; L2 normalized,f5c4faa94fe03b2d088b72743da175380dfcf2edbfacd0077cc25eb19d2ca7e9
CollecTRI,ETV6,22,0.9999999999999998,True,all official signed TF-target weights intersected with G_PRIMARY; L2 normalized,f5c4faa94fe03b2d088b72743da175380dfcf2edbfacd0077cc25eb19d2ca7e9
CollecTRI,ETV7,13,0.9999999999999999,True,all official signed TF-target weights intersected with G_PRIMARY; L2 normalized,f5c4faa94fe03b2d088b72743da175380dfcf2edbfacd0077cc25eb19d2ca7e9
CollecTRI,EVX1,2,0.9999999999999999,False,all official signed TF-target weights intersected with G_PRIMARY; L2 normalized,f5c4faa94fe03b2d088b72743da175380dfcf2edbfacd0077cc25eb19d2ca7e9
CollecTRI,EVX2,2,0.9999999999999999,False,all official signed TF-target weights intersected with G_PRIMARY; L2 normalized,f5c4faa94fe03b2d088b72743da175380dfcf2edbfacd0077cc25eb19d2ca7e9
CollecTRI,EWSR1,58,0.9999999999999999,True,all official signed TF-target weights intersected with G_PRIMARY; L2 normalized,f5c4faa94fe03b2d088b72743da175380dfcf2edbfacd0077cc25eb19d2ca7e9
CollecTRI,EZH2,136,1.0,True,all official signed TF-target weights intersected with G_PRIMARY; L2 normalized,f5c4faa94fe03b2d088b72743da175380dfcf2edbfacd0077cc25eb19d2ca7e9
CollecTRI,FAM170A,1,1.0,False,all official signed TF-target weights intersected with G_PRIMARY; L2 normalized,f5c4faa94fe03b2d088b72743da175380dfcf2edbfacd0077cc25eb19d2ca7e9
CollecTRI,FERD3L,1,1.0,False,all official signed TF-target weights intersected with G_PRIMARY; L2 normalized,f5c4faa94fe03b2d088b72743da175380dfcf2edbfacd0077cc25eb19d2ca7e9
CollecTRI,FEV,7,0.9999999999999998,True,all official signed TF-target weights intersected with G_PRIMARY; L2 normalized,f5c4faa94fe03b2d088b72743da175380dfcf2edbfacd0077cc25eb19d2ca7e9
CollecTRI,FEZF1,6,1.0,True,all official signed TF-target weights intersected with G_PRIMARY; L2 normalized,f5c4faa94fe03b2d088b72743da175380dfcf2edbfacd0077cc25eb19d2ca7e9
CollecTRI,FEZF2,8,0.9999999999999999,True,all official signed TF-target weights intersected with G_PRIMARY; L2 normalized,f5c4faa94fe03b2d088b72743da175380dfcf2edbfacd0077cc25eb19d2ca7e9
CollecTRI,FGF2,8,0.9999999999999999,True,all official signed TF-target weights intersected with G_PRIMARY; L2 normalized,f5c4faa94fe03b2d088b72743da175380dfcf2edbfacd0077cc25eb19d2ca7e9
CollecTRI,FHL2,6,1.0,True,all official signed TF-target weights intersected with G_PRIMARY; L2 normalized,f5c4faa94fe03b2d088b72743da175380dfcf2edbfacd0077cc25eb19d2ca7e9
CollecTRI,FIGLA,3,1.0,False,all official signed TF-target weights intersected with G_PRIMARY; L2 normalized,f5c4faa94fe03b2d088b72743da175380dfcf2edbfacd0077cc25eb19d2ca7e9
CollecTRI,FIZ1,1,1.0,False,all official signed TF-target weights intersected with G_PRIMARY; L2 normalized,f5c4faa94fe03b2d088b72743da175380dfcf2edbfacd0077cc25eb19d2ca7e9
CollecTRI,FLI1,83,1.0,True,all official signed TF-target weights intersected with G_PRIMARY; L2 normalized,f5c4faa94fe03b2d088b72743da175380dfcf2edbfacd0077cc25eb19d2ca7e9
CollecTRI,FLYWCH1,1,1.0,True,all official signed TF-target weights intersected with G_PRIMARY; L2 normalized,f5c4faa94fe03b2d088b72743da175380dfcf2edbfacd0077cc25eb19d2ca7e9
CollecTRI,FOS,279,0.9999999999999999,True,all official signed TF-target weights intersected with G_PRIMARY; L2 normalized,f5c4faa94fe03b2d088b72743da175380dfcf2edbfacd0077cc25eb19d2ca7e9
CollecTRI,FOSB,34,0.9999999999999999,True,all official signed TF-target weights intersected with G_PRIMARY; L2 normalized,f5c4faa94fe03b2d088b72743da175380dfcf2edbfacd0077cc25eb19d2ca7e9
CollecTRI,FOSL1,47,1.0,True,all official signed TF-target weights intersected with G_PRIMARY; L2 normalized,f5c4faa94fe03b2d088b72743da175380dfcf2edbfacd0077cc25eb19d2ca7e9
CollecTRI,FOSL2,33,1.0,True,all official signed TF-target weights intersected with G_PRIMARY; L2 normalized,f5c4faa94fe03b2d088b72743da175380dfcf2edbfacd0077cc25eb19d2ca7e9
CollecTRI,FOXA1,58,0.9999999999999999,True,all official signed TF-target weights intersected with G_PRIMARY; L2 normalized,f5c4faa94fe03b2d088b72743da175380dfcf2edbfacd0077cc25eb19d2ca7e9
CollecTRI,FOXA2,105,1.0000000000000002,True,all official signed TF-target weights intersected with G_PRIMARY; L2 normalized,f5c4faa94fe03b2d088b72743da175380dfcf2edbfacd0077cc25eb19d2ca7e9
CollecTRI,FOXA3,10,1.0,True,all official signed TF-target weights intersected with G_PRIMARY; L2 normalized,f5c4faa94fe03b2d088b72743da175380dfcf2edbfacd0077cc25eb19d2ca7e9
CollecTRI,FOXC1,19,0.9999999999999998,True,all official signed TF-target weights intersected with G_PRIMARY; L2 normalized,f5c4faa94fe03b2d088b72743da175380dfcf2edbfacd0077cc25eb19d2ca7e9
CollecTRI,FOXC2,17,1.0,False,all official signed TF-target weights intersected with G_PRIMARY; L2 normalized,f5c4faa94fe03b2d088b72743da175380dfcf2edbfacd0077cc25eb19d2ca7e9
CollecTRI,FOXD1,6,1.0,True,all official signed TF-target weights intersected with G_PRIMARY; L2 normalized,f5c4faa94fe03b2d088b72743da175380dfcf2edbfacd0077cc25eb19d2ca7e9
CollecTRI,FOXD2,4,1.0,False,all official signed TF-target weights intersected with G_PRIMARY; L2 normalized,f5c4faa94fe03b2d088b72743da175380dfcf2edbfacd0077cc25eb19d2ca7e9
CollecTRI,FOXD3,12,1.0,True,all official signed TF-target weights intersected with G_PRIMARY; L2 normalized,f5c4faa94fe03b2d088b72743da175380dfcf2edbfacd0077cc25eb19d2ca7e9
CollecTRI,FOXD4,2,0.9999999999999999,False,all official signed TF-target weights intersected with G_PRIMARY; L2 normalized,f5c4faa94fe03b2d088b72743da175380dfcf2edbfacd0077cc25eb19d2ca7e9
CollecTRI,FOXE1,8,0.9999999999999999,True,all official signed TF-target weights intersected with G_PRIMARY; L2 normalized,f5c4faa94fe03b2d088b72743da175380dfcf2edbfacd0077cc25eb19d2ca7e9
CollecTRI,FOXF1,6,1.0,False,all official signed TF-target weights intersected with G_PRIMARY; L2 normalized,f5c4faa94fe03b2d088b72743da175380dfcf2edbfacd0077cc25eb19d2ca7e9
CollecTRI,FOXF2,10,1.0,True,all official signed TF-target weights intersected with G_PRIMARY; L2 normalized,f5c4faa94fe03b2d088b72743da175380dfcf2edbfacd0077cc25eb19d2ca7e9
CollecTRI,FOXG1,16,1.0,True,all official signed TF-target weights intersected with G_PRIMARY; L2 normalized,f5c4faa94fe03b2d088b72743da175380dfcf2edbfacd0077cc25eb19d2ca7e9
CollecTRI,FOXH1,10,1.0,True,all official signed TF-target weights intersected with G_PRIMARY; L2 normalized,f5c4faa94fe03b2d088b72743da175380dfcf2edbfacd0077cc25eb19d2ca7e9
CollecTRI,FOXI1,10,1.0,False,all official signed TF-target weights intersected with G_PRIMARY; L2 normalized,f5c4faa94fe03b2d088b72743da175380dfcf2edbfacd0077cc25eb19d2ca7e9
CollecTRI,FOXI3,2,0.9999999999999999,False,all official signed TF-target weights intersected with G_PRIMARY; L2 normalized,f5c4faa94fe03b2d088b72743da175380dfcf2edbfacd0077cc25eb19d2ca7e9
CollecTRI,FOXJ1,18,1.0,False,all official signed TF-target weights intersected with G_PRIMARY; L2 normalized,f5c4faa94fe03b2d088b72743da175380dfcf2edbfacd0077cc25eb19d2ca7e9
CollecTRI,FOXJ2,1,1.0,False,all official signed TF-target weights intersected with G_PRIMARY; L2 normalized,f5c4faa94fe03b2d088b72743da175380dfcf2edbfacd0077cc25eb19d2ca7e9
CollecTRI,FOXJ3,2,0.9999999999999999,False,all official signed TF-target weights intersected with G_PRIMARY; L2 normalized,f5c4faa94fe03b2d088b72743da175380dfcf2edbfacd0077cc25eb19d2ca7e9
CollecTRI,FOXK1,3,1.0,True,all official signed TF-target weights intersected with G_PRIMARY; L2 normalized,f5c4faa94fe03b2d088b72743da175380dfcf2edbfacd0077cc25eb19d2ca7e9
CollecTRI,FOXK2,1,1.0,False,all official signed TF-target weights intersected with G_PRIMARY; L2 normalized,f5c4faa94fe03b2d088b72743da175380dfcf2edbfacd0077cc25eb19d2ca7e9
CollecTRI,FOXL1,2,0.9999999999999999,False,all official signed TF-target weights intersected with G_PRIMARY; L2 normalized,f5c4faa94fe03b2d088b72743da175380dfcf2edbfacd0077cc25eb19d2ca7e9
CollecTRI,FOXL2,20,1.0,True,all official signed TF-target weights intersected with G_PRIMARY; L2 normalized,f5c4faa94fe03b2d088b72743da175380dfcf2edbfacd0077cc25eb19d2ca7e9
CollecTRI,FOXM1,86,1.0,True,all official signed TF-target weights intersected with G_PRIMARY; L2 normalized,f5c4faa94fe03b2d088b72743da175380dfcf2edbfacd0077cc25eb19d2ca7e9
CollecTRI,FOXN1,44,1.0,True,all official signed TF-target weights intersected with G_PRIMARY; L2 normalized,f5c4faa94fe03b2d088b72743da175380dfcf2edbfacd0077cc25eb19d2ca7e9
CollecTRI,FOXN3,1,1.0,True,all official signed TF-target weights intersected with G_PRIMARY; L2 normalized,f5c4faa94fe03b2d088b72743da175380dfcf2edbfacd0077cc25eb19d2ca7e9
CollecTRI,FOXN4,5,0.9999999999999999,True,all official signed TF-target weights intersected with G_PRIMARY; L2 normalized,f5c4faa94fe03b2d088b72743da175380dfcf2edbfacd0077cc25eb19d2ca7e9
CollecTRI,FOXO1,246,0.9999999999999999,True,all official signed TF-target weights intersected with G_PRIMARY; L2 normalized,f5c4faa94fe03b2d088b72743da175380dfcf2edbfacd0077cc25eb19d2ca7e9
CollecTRI,FOXO3,186,1.0,True,all official signed TF-target weights intersected with G_PRIMARY; L2 normalized,f5c4faa94fe03b2d088b72743da175380dfcf2edbfacd0077cc25eb19d2ca7e9
CollecTRI,FOXO4,27,1.0,True,all official signed TF-target weights intersected with G_PRIMARY; L2 normalized,f5c4faa94fe03b2d088b72743da175380dfcf2edbfacd0077cc25eb19d2ca7e9
CollecTRI,FOXO6,4,1.0,True,all official signed TF-target weights intersected with G_PRIMARY; L2 normalized,f5c4faa94fe03b2d088b72743da175380dfcf2edbfacd0077cc25eb19d2ca7e9
CollecTRI,FOXP1,21,1.0,True,all official signed TF-target weights intersected with G_PRIMARY; L2 normalized,f5c4faa94fe03b2d088b72743da175380dfcf2edbfacd0077cc25eb19d2ca7e9
CollecTRI,FOXP2,9,1.0,True,all official signed TF-target weights intersected with G_PRIMARY; L2 normalized,f5c4faa94fe03b2d088b72743da175380dfcf2edbfacd0077cc25eb19d2ca7e9
CollecTRI,FOXP3,43,1.0,True,all official signed TF-target weights intersected with G_PRIMARY; L2 normalized,f5c4faa94fe03b2d088b72743da175380dfcf2edbfacd0077cc25eb19d2ca7e9
CollecTRI,FOXP4,3,1.0,True,all official signed TF-target weights intersected with G_PRIMARY; L2 normalized,f5c4faa94fe03b2d088b72743da175380dfcf2edbfacd0077cc25eb19d2ca7e9
CollecTRI,FOXQ1,17,1.0,True,all official signed TF-target weights intersected with G_PRIMARY; L2 normalized,f5c4faa94fe03b2d088b72743da175380dfcf2edbfacd0077cc25eb19d2ca7e9
CollecTRI,FOXS1,2,0.9999999999999999,True,all official signed TF-target weights intersected with G_PRIMARY; L2 normalized,f5c4faa94fe03b2d088b72743da175380dfcf2edbfacd0077cc25eb19d2ca7e9
CollecTRI,FUS,3,1.0,True,all official signed TF-target weights intersected with G_PRIMARY; L2 normalized,f5c4faa94fe03b2d088b72743da175380dfcf2edbfacd0077cc25eb19d2ca7e9
CollecTRI,GABPA,44,1.0,True,all official signed TF-target weights intersected with G_PRIMARY; L2 normalized,f5c4faa94fe03b2d088b72743da175380dfcf2edbfacd0077cc25eb19d2ca7e9
CollecTRI,GATA1,110,0.9999999999999999,True,all official signed TF-target weights intersected with G_PRIMARY; L2 normalized,f5c4faa94fe03b2d088b72743da175380dfcf2edbfacd0077cc25eb19d2ca7e9
CollecTRI,GATA2,82,0.9999999999999999,True,all official signed TF-target weights intersected with G_PRIMARY; L2 normalized,f5c4faa94fe03b2d088b72743da175380dfcf2edbfacd0077cc25eb19d2ca7e9
CollecTRI,GATA3,161,0.9999999999999999,True,all official signed TF-target weights intersected with G_PRIMARY; L2 normalized,f5c4faa94fe03b2d088b72743da175380dfcf2edbfacd0077cc25eb19d2ca7e9
CollecTRI,GATA4,111,1.0,True,all official signed TF-target weights intersected with G_PRIMARY; L2 normalized,f5c4faa94fe03b2d088b72743da175380dfcf2edbfacd0077cc25eb19d2ca7e9
CollecTRI,GATA5,25,1.0,False,all official signed TF-target weights intersected with G_PRIMARY; L2 normalized,f5c4faa94fe03b2d088b72743da175380dfcf2edbfacd0077cc25eb19d2ca7e9
CollecTRI,GATA6,73,1.0,True,all official signed TF-target weights intersected with G_PRIMARY; L2 normalized,f5c4faa94fe03b2d088b72743da175380dfcf2edbfacd0077cc25eb19d2ca7e9
CollecTRI,GATAD2B,1,1.0,False,all official signed TF-target weights intersected with G_PRIMARY; L2 normalized,f5c4faa94fe03b2d088b72743da175380dfcf2edbfacd0077cc25eb19d2ca7e9
CollecTRI,GBX2,7,0.9999999999999998,False,all official signed TF-target weights intersected with G_PRIMARY; L2 normalized,f5c4faa94fe03b2d088b72743da175380dfcf2edbfacd0077cc25eb19d2ca7e9
CollecTRI,GCM1,8,0.9999999999999999,False,all official signed TF-target weights intersected with G_PRIMARY; L2 normalized,f5c4faa94fe03b2d088b72743da175380dfcf2edbfacd0077cc25eb19d2ca7e9
CollecTRI,GCM2,1,1.0,False,all official signed TF-target weights intersected with G_PRIMARY; L2 normalized,f5c4faa94fe03b2d088b72743da175380dfcf2edbfacd0077cc25eb19d2ca7e9
CollecTRI,GFI1,49,0.9999999999999999,True,all official signed TF-target weights intersected with G_PRIMARY; L2 normalized,f5c4faa94fe03b2d088b72743da175380dfcf2edbfacd0077cc25eb19d2ca7e9
CollecTRI,GFI1B,12,1.0,True,all official signed TF-target weights intersected with G_PRIMARY; L2 normalized,f5c4faa94fe03b2d088b72743da175380dfcf2edbfacd0077cc25eb19d2ca7e9
CollecTRI,GLI1,165,0.9999999999999999,True,all official signed TF-target weights intersected with G_PRIMARY; L2 normalized,f5c4faa94fe03b2d088b72743da175380dfcf2edbfacd0077cc25eb19d2ca7e9
CollecTRI,GLI2,140,1.0,True,all official signed TF-target weights intersected with G_PRIMARY; L2 normalized,f5c4faa94fe03b2d088b72743da175380dfcf2edbfacd0077cc25eb19d2ca7e9
CollecTRI,GLI3,40,1.0,True,all official signed TF-target weights intersected with G_PRIMARY; L2 normalized,f5c4faa94fe03b2d088b72743da175380dfcf2edbfacd0077cc25eb19d2ca7e9
CollecTRI,GLIS1,1,1.0,False,all official signed TF-target weights intersected with G_PRIMARY; L2 normalized,f5c4faa94fe03b2d088b72743da175380dfcf2edbfacd0077cc25eb19d2ca7e9
CollecTRI,GLIS3,6,1.0,True,all official signed TF-target weights intersected with G_PRIMARY; L2 normalized,f5c4faa94fe03b2d088b72743da175380dfcf2edbfacd0077cc25eb19d2ca7e9
CollecTRI,GMEB1,1,1.0,False,all official signed TF-target weights intersected with G_PRIMARY; L2 normalized,f5c4faa94fe03b2d088b72743da175380dfcf2edbfacd0077cc25eb19d2ca7e9
CollecTRI,GRHL1,2,0.9999999999999999,True,all official signed TF-target weights intersected with G_PRIMARY; L2 normalized,f5c4faa94fe03b2d088b72743da175380dfcf2edbfacd0077cc25eb19d2ca7e9
CollecTRI,GRHL2,9,1.0,True,all official signed TF-target weights intersected with G_PRIMARY; L2 normalized,f5c4faa94fe03b2d088b72743da175380dfcf2edbfacd0077cc25eb19d2ca7e9
CollecTRI,GRHL3,25,1.0,False,all official signed TF-target weights intersected with G_PRIMARY; L2 normalized,f5c4faa94fe03b2d088b72743da175380dfcf2edbfacd0077cc25eb19d2ca7e9
CollecTRI,GSC,9,1.0,True,all official signed TF-target weights intersected with G_PRIMARY; L2 normalized,f5c4faa94fe03b2d088b72743da175380dfcf2edbfacd0077cc25eb19d2ca7e9
CollecTRI,GSX1,1,1.0,False,all official signed TF-target weights intersected with G_PRIMARY; L2 normalized,f5c4faa94fe03b2d088b72743da175380dfcf2edbfacd0077cc25eb19d2ca7e9
CollecTRI,GSX2,1,1.0,False,all official signed TF-target weights intersected with G_PRIMARY; L2 normalized,f5c4faa94fe03b2d088b72743da175380dfcf2edbfacd0077cc25eb19d2ca7e9
CollecTRI,GTF2A1,1,1.0,False,all official signed TF-target weights intersected with G_PRIMARY; L2 normalized,f5c4faa94fe03b2d088b72743da175380dfcf2edbfacd0077cc25eb19d2ca7e9
CollecTRI,GTF2B,1,1.0,False,all official signed TF-target weights intersected with G_PRIMARY; L2 normalized,f5c4faa94fe03b2d088b72743da175380dfcf2edbfacd0077cc25eb19d2ca7e9
CollecTRI,GTF2F1,1,1.0,False,all official signed TF-target weights intersected with G_PRIMARY; L2 normalized,f5c4faa94fe03b2d088b72743da175380dfcf2edbfacd0077cc25eb19d2ca7e9
CollecTRI,GTF2I,21,1.0,False,all official signed TF-target weights intersected with G_PRIMARY; L2 normalized,f5c4faa94fe03b2d088b72743da175380dfcf2edbfacd0077cc25eb19d2ca7e9
CollecTRI,GTF2IRD1,7,0.9999999999999998,False,all official signed TF-target weights intersected with G_PRIMARY; L2 normalized,f5c4faa94fe03b2d088b72743da175380dfcf2edbfacd0077cc25eb19d2ca7e9
CollecTRI,GTF3A,26,1.0,False,all official signed TF-target weights intersected with G_PRIMARY; L2 normalized,f5c4faa94fe03b2d088b72743da175380dfcf2edbfacd0077cc25eb19d2ca7e9
CollecTRI,GZF1,1,1.0,True,all official signed TF-target weights intersected with G_PRIMARY; L2 normalized,f5c4faa94fe03b2d088b72743da175380dfcf2edbfacd0077cc25eb19d2ca7e9
CollecTRI,HAND1,8,0.9999999999999999,True,all official signed TF-target weights intersected with G_PRIMARY; L2 normalized,f5c4faa94fe03b2d088b72743da175380dfcf2edbfacd0077cc25eb19d2ca7e9
CollecTRI,HAND2,29,0.9999999999999999,True,all official signed TF-target weights intersected with G_PRIMARY; L2 normalized,f5c4faa94fe03b2d088b72743da175380dfcf2edbfacd0077cc25eb19d2ca7e9
CollecTRI,HBP1,42,1.0,True,all official signed TF-target weights intersected with G_PRIMARY; L2 normalized,f5c4faa94fe03b2d088b72743da175380dfcf2edbfacd0077cc25eb19d2ca7e9
CollecTRI,HCFC1,8,0.9999999999999999,True,all official signed TF-target weights intersected with G_PRIMARY; L2 normalized,f5c4faa94fe03b2d088b72743da175380dfcf2edbfacd0077cc25eb19d2ca7e9
CollecTRI,HDAC1,78,0.9999999999999998,True,all official signed TF-target weights intersected with G_PRIMARY; L2 normalized,f5c4faa94fe03b2d088b72743da175380dfcf2edbfacd0077cc25eb19d2ca7e9
CollecTRI,HDAC3,24,1.0,True,all official signed TF-target weights intersected with G_PRIMARY; L2 normalized,f5c4faa94fe03b2d088b72743da175380dfcf2edbfacd0077cc25eb19d2ca7e9
CollecTRI,HDAC4,24,1.0,True,all official signed TF-target weights intersected with G_PRIMARY; L2 normalized,f5c4faa94fe03b2d088b72743da175380dfcf2edbfacd0077cc25eb19d2ca7e9
CollecTRI,HDAC5,9,1.0,True,all official signed TF-target weights intersected with G_PRIMARY; L2 normalized,f5c4faa94fe03b2d088b72743da175380dfcf2edbfacd0077cc25eb19d2ca7e9
CollecTRI,HDAC7,11,1.0,True,all official signed TF-target weights intersected with G_PRIMARY; L2 normalized,f5c4faa94fe03b2d088b72743da175380dfcf2edbfacd0077cc25eb19d2ca7e9
CollecTRI,HDAC9,18,1.0,True,all official signed TF-target weights intersected with G_PRIMARY; L2 normalized,f5c4faa94fe03b2d088b72743da175380dfcf2edbfacd0077cc25eb19d2ca7e9
CollecTRI,HDGF,6,1.0,True,all official signed TF-target weights intersected with G_PRIMARY; L2 normalized,f5c4faa94fe03b2d088b72743da175380dfcf2edbfacd0077cc25eb19d2ca7e9
CollecTRI,HES1,79,0.9999999999999998,True,all official signed TF-target weights intersected with G_PRIMARY; L2 normalized,f5c4faa94fe03b2d088b72743da175380dfcf2edbfacd0077cc25eb19d2ca7e9
CollecTRI,HES3,1,1.0,True,all official signed TF-target weights intersected with G_PRIMARY; L2 normalized,f5c4faa94fe03b2d088b72743da175380dfcf2edbfacd0077cc25eb19d2ca7e9
CollecTRI,HES4,2,0.9999999999999999,True,all official signed TF-target weights intersected with G_PRIMARY; L2 normalized,f5c4faa94fe03b2d088b72743da175380dfcf2edbfacd0077cc25eb19d2ca7e9
CollecTRI,HES5,3,1.0,True,all official signed TF-target weights intersected with G_PRIMARY; L2 normalized,f5c4faa94fe03b2d088b72743da175380dfcf2edbfacd0077cc25eb19d2ca7e9
CollecTRI,HES6,7,0.9999999999999998,True,all official signed TF-target weights intersected with G_PRIMARY; L2 normalized,f5c4faa94fe03b2d088b72743da175380dfcf2edbfacd0077cc25eb19d2ca7e9
CollecTRI,HES7,1,1.0,True,all official signed TF-target weights intersected with G_PRIMARY; L2 normalized,f5c4faa94fe03b2d088b72743da175380dfcf2edbfacd0077cc25eb19d2ca7e9
CollecTRI,HESX1,20,1.0,True,all official signed TF-target weights intersected with G_PRIMARY; L2 normalized,f5c4faa94fe03b2d088b72743da175380dfcf2edbfacd0077cc25eb19d2ca7e9
CollecTRI,HEY1,30,0.9999999999999999,True,all official signed TF-target weights intersected with G_PRIMARY; L2 normalized,f5c4faa94fe03b2d088b72743da175380dfcf2edbfacd0077cc25eb19d2ca7e9
CollecTRI,HEY2,17,1.0,True,all official signed TF-target weights intersected with G_PRIMARY; L2 normalized,f5c4faa94fe03b2d088b72743da175380dfcf2edbfacd0077cc25eb19d2ca7e9
CollecTRI,HEYL,5,0.9999999999999999,True,all official signed TF-target weights intersected with G_PRIMARY; L2 normalized,f5c4faa94fe03b2d088b72743da175380dfcf2edbfacd0077cc25eb19d2ca7e9
CollecTRI,HHEX,25,1.0,True,all official signed TF-target weights intersected with G_PRIMARY; L2 normalized,f5c4faa94fe03b2d088b72743da175380dfcf2edbfacd0077cc25eb19d2ca7e9
CollecTRI,HIC1,21,1.0,True,all official signed TF-target weights intersected with G_PRIMARY; L2 normalized,f5c4faa94fe03b2d088b72743da175380dfcf2edbfacd0077cc25eb19d2ca7e9
CollecTRI,HIF1A,415,1.0000000000000002,True,all official signed TF-target weights intersected with G_PRIMARY; L2 normalized,f5c4faa94fe03b2d088b72743da175380dfcf2edbfacd0077cc25eb19d2ca7e9
CollecTRI,HIF3A,6,1.0,True,all official signed TF-target weights intersected with G_PRIMARY; L2 normalized,f5c4faa94fe03b2d088b72743da175380dfcf2edbfacd0077cc25eb19d2ca7e9
CollecTRI,HINFP,10,1.0,True,all official signed TF-target weights intersected with G_PRIMARY; L2 normalized,f5c4faa94fe03b2d088b72743da175380dfcf2edbfacd0077cc25eb19d2ca7e9
CollecTRI,HIPK2,9,1.0,True,all official signed TF-target weights intersected with G_PRIMARY; L2 normalized,f5c4faa94fe03b2d088b72743da175380dfcf2edbfacd0077cc25eb19d2ca7e9
CollecTRI,HIRA,1,1.0,True,all official signed TF-target weights intersected with G_PRIMARY; L2 normalized,f5c4faa94fe03b2d088b72743da175380dfcf2edbfacd0077cc25eb19d2ca7e9
CollecTRI,HIVEP1,7,0.9999999999999998,True,all official signed TF-target weights intersected with G_PRIMARY; L2 normalized,f5c4faa94fe03b2d088b72743da175380dfcf2edbfacd0077cc25eb19d2ca7e9
CollecTRI,HIVEP2,10,1.0,True,all official signed TF-target weights intersected with G_PRIMARY; L2 normalized,f5c4faa94fe03b2d088b72743da175380dfcf2edbfacd0077cc25eb19d2ca7e9
CollecTRI,HIVEP3,4,1.0,False,all official signed TF-target weights intersected with G_PRIMARY; L2 normalized,f5c4faa94fe03b2d088b72743da175380dfcf2edbfacd0077cc25eb19d2ca7e9
CollecTRI,HLF,15,0.9999999999999999,True,all official signed TF-target weights intersected with G_PRIMARY; L2 normalized,f5c4faa94fe03b2d088b72743da175380dfcf2edbfacd0077cc25eb19d2ca7e9
CollecTRI,HLX,14,0.9999999999999999,True,all official signed TF-target weights intersected with G_PRIMARY; L2 normalized,f5c4faa94fe03b2d088b72743da175380dfcf2edbfacd0077cc25eb19d2ca7e9
CollecTRI,HMBOX1,2,0.9999999999999999,False,all official signed TF-target weights intersected with G_PRIMARY; L2 normalized,f5c4faa94fe03b2d088b72743da175380dfcf2edbfacd0077cc25eb19d2ca7e9
CollecTRI,HMG20B,1,1.0,False,all official signed TF-target weights intersected with G_PRIMARY; L2 normalized,f5c4faa94fe03b2d088b72743da175380dfcf2edbfacd0077cc25eb19d2ca7e9
CollecTRI,HMGA1,56,1.0,True,all official signed TF-target weights intersected with G_PRIMARY; L2 normalized,f5c4faa94fe03b2d088b72743da175380dfcf2edbfacd0077cc25eb19d2ca7e9
CollecTRI,HMGA2,37,0.9999999999999999,True,all official signed TF-target weights intersected with G_PRIMARY; L2 normalized,f5c4faa94fe03b2d088b72743da175380dfcf2edbfacd0077cc25eb19d2ca7e9
CollecTRI,HMGB1,4,1.0,False,all official signed TF-target weights intersected with G_PRIMARY; L2 normalized,f5c4faa94fe03b2d088b72743da175380dfcf2edbfacd0077cc25eb19d2ca7e9
CollecTRI,HMGB2,10,1.0,False,all official signed TF-target weights intersected with G_PRIMARY; L2 normalized,f5c4faa94fe03b2d088b72743da175380dfcf2edbfacd0077cc25eb19d2ca7e9
CollecTRI,HMGXB4,4,1.0,True,all official signed TF-target weights intersected with G_PRIMARY; L2 normalized,f5c4faa94fe03b2d088b72743da175380dfcf2edbfacd0077cc25eb19d2ca7e9
CollecTRI,HMX1,2,0.9999999999999999,False,all official signed TF-target weights intersected with G_PRIMARY; L2 normalized,f5c4faa94fe03b2d088b72743da175380dfcf2edbfacd0077cc25eb19d2ca7e9
CollecTRI,HMX2,1,1.0,False,all official signed TF-target weights intersected with G_PRIMARY; L2 normalized,f5c4faa94fe03b2d088b72743da175380dfcf2edbfacd0077cc25eb19d2ca7e9
CollecTRI,HMX3,1,1.0,False,all official signed TF-target weights intersected with G_PRIMARY; L2 normalized,f5c4faa94fe03b2d088b72743da175380dfcf2edbfacd0077cc25eb19d2ca7e9
CollecTRI,HNF1A,114,1.0,True,all official signed TF-target weights intersected with G_PRIMARY; L2 normalized,f5c4faa94fe03b2d088b72743da175380dfcf2edbfacd0077cc25eb19d2ca7e9
CollecTRI,HNF1B,51,1.0,False,all official signed TF-target weights intersected with G_PRIMARY; L2 normalized,f5c4faa94fe03b2d088b72743da175380dfcf2edbfacd0077cc25eb19d2ca7e9
CollecTRI,HNF4A,237,0.9999999999999997,True,all official signed TF-target weights intersected with G_PRIMARY; L2 normalized,f5c4faa94fe03b2d088b72743da175380dfcf2edbfacd0077cc25eb19d2ca7e9
CollecTRI,HNF4G,8,0.9999999999999999,False,all official signed TF-target weights intersected with G_PRIMARY; L2 normalized,f5c4faa94fe03b2d088b72743da175380dfcf2edbfacd0077cc25eb19d2ca7e9
CollecTRI,HOPX,7,0.9999999999999998,True,all official signed TF-target weights intersected with G_PRIMARY; L2 normalized,f5c4faa94fe03b2d088b72743da175380dfcf2edbfacd0077cc25eb19d2ca7e9
CollecTRI,HOXA1,23,0.9999999999999999,False,all official signed TF-target weights intersected with G_PRIMARY; L2 normalized,f5c4faa94fe03b2d088b72743da175380dfcf2edbfacd0077cc25eb19d2ca7e9
CollecTRI,HOXA10,45,1.0,True,all official signed TF-target weights intersected with G_PRIMARY; L2 normalized,f5c4faa94fe03b2d088b72743da175380dfcf2edbfacd0077cc25eb19d2ca7e9
CollecTRI,HOXA11,7,0.9999999999999998,True,all official signed TF-target weights intersected with G_PRIMARY; L2 normalized,f5c4faa94fe03b2d088b72743da175380dfcf2edbfacd0077cc25eb19d2ca7e9
CollecTRI,HOXA13,15,0.9999999999999999,True,all official signed TF-target weights intersected with G_PRIMARY; L2 normalized,f5c4faa94fe03b2d088b72743da175380dfcf2edbfacd0077cc25eb19d2ca7e9
CollecTRI,HOXA2,6,1.0,True,all official signed TF-target weights intersected with G_PRIMARY; L2 normalized,f5c4faa94fe03b2d088b72743da175380dfcf2edbfacd0077cc25eb19d2ca7e9
CollecTRI,HOXA3,2,0.9999999999999999,False,all official signed TF-target weights intersected with G_PRIMARY; L2 normalized,f5c4faa94fe03b2d088b72743da175380dfcf2edbfacd0077cc25eb19d2ca7e9
CollecTRI,HOXA4,4,1.0,False,all official signed TF-target weights intersected with G_PRIMARY; L2 normalized,f5c4faa94fe03b2d088b72743da175380dfcf2edbfacd0077cc25eb19d2ca7e9
CollecTRI,HOXA5,14,0.9999999999999999,True,all official signed TF-target weights intersected with G_PRIMARY; L2 normalized,f5c4faa94fe03b2d088b72743da175380dfcf2edbfacd0077cc25eb19d2ca7e9
CollecTRI,HOXA7,13,0.9999999999999999,True,all official signed TF-target weights intersected with G_PRIMARY; L2 normalized,f5c4faa94fe03b2d088b72743da175380dfcf2edbfacd0077cc25eb19d2ca7e9
CollecTRI,HOXA9,37,0.9999999999999999,True,all official signed TF-target weights intersected with G_PRIMARY; L2 normalized,f5c4faa94fe03b2d088b72743da175380dfcf2edbfacd0077cc25eb19d2ca7e9
CollecTRI,HOXB1,7,0.9999999999999998,True,all official signed TF-target weights intersected with G_PRIMARY; L2 normalized,f5c4faa94fe03b2d088b72743da175380dfcf2edbfacd0077cc25eb19d2ca7e9
CollecTRI,HOXB13,11,1.0,True,all official signed TF-target weights intersected with G_PRIMARY; L2 normalized,f5c4faa94fe03b2d088b72743da175380dfcf2edbfacd0077cc25eb19d2ca7e9
CollecTRI,HOXB2,8,0.9999999999999999,False,all official signed TF-target weights intersected with G_PRIMARY; L2 normalized,f5c4faa94fe03b2d088b72743da175380dfcf2edbfacd0077cc25eb19d2ca7e9
CollecTRI,HOXB3,6,1.0,False,all official signed TF-target weights intersected with G_PRIMARY; L2 normalized,f5c4faa94fe03b2d088b72743da175380dfcf2edbfacd0077cc25eb19d2ca7e9
CollecTRI,HOXB4,11,1.0,False,all official signed TF-target weights intersected with G_PRIMARY; L2 normalized,f5c4faa94fe03b2d088b72743da175380dfcf2edbfacd0077cc25eb19d2ca7e9
CollecTRI,HOXB5,5,0.9999999999999999,False,all official signed TF-target weights intersected with G_PRIMARY; L2 normalized,f5c4faa94fe03b2d088b72743da175380dfcf2edbfacd0077cc25eb19d2ca7e9
CollecTRI,HOXB6,3,1.0,False,all official signed TF-target weights intersected with G_PRIMARY; L2 normalized,f5c4faa94fe03b2d088b72743da175380dfcf2edbfacd0077cc25eb19d2ca7e9
CollecTRI,HOXB7,18,1.0,True,all official signed TF-target weights intersected with G_PRIMARY; L2 normalized,f5c4faa94fe03b2d088b72743da175380dfcf2edbfacd0077cc25eb19d2ca7e9
CollecTRI,HOXB8,3,1.0,True,all official signed TF-target weights intersected with G_PRIMARY; L2 normalized,f5c4faa94fe03b2d088b72743da175380dfcf2edbfacd0077cc25eb19d2ca7e9
CollecTRI,HOXB9,7,0.9999999999999998,False,all official signed TF-target weights intersected with G_PRIMARY; L2 normalized,f5c4faa94fe03b2d088b72743da175380dfcf2edbfacd0077cc25eb19d2ca7e9
CollecTRI,HOXC10,2,0.9999999999999999,True,all official signed TF-target weights intersected with G_PRIMARY; L2 normalized,f5c4faa94fe03b2d088b72743da175380dfcf2edbfacd0077cc25eb19d2ca7e9
CollecTRI,HOXC11,3,1.0,True,all official signed TF-target weights intersected with G_PRIMARY; L2 normalized,f5c4faa94fe03b2d088b72743da175380dfcf2edbfacd0077cc25eb19d2ca7e9
CollecTRI,HOXC13,4,1.0,True,all official signed TF-target weights intersected with G_PRIMARY; L2 normalized,f5c4faa94fe03b2d088b72743da175380dfcf2edbfacd0077cc25eb19d2ca7e9
CollecTRI,HOXC4,2,0.9999999999999999,False,all official signed TF-target weights intersected with G_PRIMARY; L2 normalized,f5c4faa94fe03b2d088b72743da175380dfcf2edbfacd0077cc25eb19d2ca7e9
CollecTRI,HOXC5,1,1.0,False,all official signed TF-target weights intersected with G_PRIMARY; L2 normalized,f5c4faa94fe03b2d088b72743da175380dfcf2edbfacd0077cc25eb19d2ca7e9
CollecTRI,HOXC6,11,1.0,True,all official signed TF-target weights intersected with G_PRIMARY; L2 normalized,f5c4faa94fe03b2d088b72743da175380dfcf2edbfacd0077cc25eb19d2ca7e9
CollecTRI,HOXC8,15,0.9999999999999999,True,all official signed TF-target weights intersected with G_PRIMARY; L2 normalized,f5c4faa94fe03b2d088b72743da175380dfcf2edbfacd0077cc25eb19d2ca7e9
CollecTRI,HOXC9,4,1.0,True,all official signed TF-target weights intersected with G_PRIMARY; L2 normalized,f5c4faa94fe03b2d088b72743da175380dfcf2edbfacd0077cc25eb19d2ca7e9
CollecTRI,HOXD1,7,0.9999999999999998,False,all official signed TF-target weights intersected with G_PRIMARY; L2 normalized,f5c4faa94fe03b2d088b72743da175380dfcf2edbfacd0077cc25eb19d2ca7e9
CollecTRI,HOXD10,4,1.0,False,all official signed TF-target weights intersected with G_PRIMARY; L2 normalized,f5c4faa94fe03b2d088b72743da175380dfcf2edbfacd0077cc25eb19d2ca7e9
CollecTRI,HOXD11,4,1.0,False,all official signed TF-target weights intersected with G_PRIMARY; L2 normalized,f5c4faa94fe03b2d088b72743da175380dfcf2edbfacd0077cc25eb19d2ca7e9
CollecTRI,HOXD12,1,1.0,False,all official signed TF-target weights intersected with G_PRIMARY; L2 normalized,f5c4faa94fe03b2d088b72743da175380dfcf2edbfacd0077cc25eb19d2ca7e9
CollecTRI,HOXD13,19,0.9999999999999998,True,all official signed TF-target weights intersected with G_PRIMARY; L2 normalized,f5c4faa94fe03b2d088b72743da175380dfcf2edbfacd0077cc25eb19d2ca7e9
CollecTRI,HOXD3,9,1.0,False,all official signed TF-target weights intersected with G_PRIMARY; L2 normalized,f5c4faa94fe03b2d088b72743da175380dfcf2edbfacd0077cc25eb19d2ca7e9
CollecTRI,HOXD4,5,0.9999999999999999,False,all official signed TF-target weights intersected with G_PRIMARY; L2 normalized,f5c4faa94fe03b2d088b72743da175380dfcf2edbfacd0077cc25eb19d2ca7e9
CollecTRI,HOXD8,5,0.9999999999999999,False,all official signed TF-target weights intersected with G_PRIMARY; L2 normalized,f5c4faa94fe03b2d088b72743da175380dfcf2edbfacd0077cc25eb19d2ca7e9
CollecTRI,HOXD9,3,1.0,False,all official signed TF-target weights intersected with G_PRIMARY; L2 normalized,f5c4faa94fe03b2d088b72743da175380dfcf2edbfacd0077cc25eb19d2ca7e9
CollecTRI,HR,83,1.0,True,all official signed TF-target weights intersected with G_PRIMARY; L2 normalized,f5c4faa94fe03b2d088b72743da175380dfcf2edbfacd0077cc25eb19d2ca7e9
CollecTRI,HSF1,89,1.0,True,all official signed TF-target weights intersected with G_PRIMARY; L2 normalized,f5c4faa94fe03b2d088b72743da175380dfcf2edbfacd0077cc25eb19d2ca7e9
CollecTRI,HSF2,25,1.0,True,all official signed TF-target weights intersected with G_PRIMARY; L2 normalized,f5c4faa94fe03b2d088b72743da175380dfcf2edbfacd0077cc25eb19d2ca7e9
CollecTRI,HSF4,9,1.0,True,all official signed TF-target weights intersected with G_PRIMARY; L2 normalized,f5c4faa94fe03b2d088b72743da175380dfcf2edbfacd0077cc25eb19d2ca7e9
CollecTRI,HTATIP2,17,1.0,True,all official signed TF-target weights intersected with G_PRIMARY; L2 normalized,f5c4faa94fe03b2d088b72743da175380dfcf2edbfacd0077cc25eb19d2ca7e9
CollecTRI,ID1,71,0.9999999999999998,True,all official signed TF-target weights intersected with G_PRIMARY; L2 normalized,f5c4faa94fe03b2d088b72743da175380dfcf2edbfacd0077cc25eb19d2ca7e9
CollecTRI,ID2,59,1.0,True,all official signed TF-target weights intersected with G_PRIMARY; L2 normalized,f5c4faa94fe03b2d088b72743da175380dfcf2edbfacd0077cc25eb19d2ca7e9
CollecTRI,ID3,33,1.0,True,all official signed TF-target weights intersected with G_PRIMARY; L2 normalized,f5c4faa94fe03b2d088b72743da175380dfcf2edbfacd0077cc25eb19d2ca7e9
CollecTRI,ID4,13,0.9999999999999999,True,all official signed TF-target weights intersected with G_PRIMARY; L2 normalized,f5c4faa94fe03b2d088b72743da175380dfcf2edbfacd0077cc25eb19d2ca7e9
CollecTRI,IKZF1,35,0.9999999999999999,True,all official signed TF-target weights intersected with G_PRIMARY; L2 normalized,f5c4faa94fe03b2d088b72743da175380dfcf2edbfacd0077cc25eb19d2ca7e9
CollecTRI,IKZF2,4,1.0,False,all official signed TF-target weights intersected with G_PRIMARY; L2 normalized,f5c4faa94fe03b2d088b72743da175380dfcf2edbfacd0077cc25eb19d2ca7e9
CollecTRI,IKZF3,3,1.0,True,all official signed TF-target weights intersected with G_PRIMARY; L2 normalized,f5c4faa94fe03b2d088b72743da175380dfcf2edbfacd0077cc25eb19d2ca7e9
CollecTRI,IKZF4,5,0.9999999999999999,False,all official signed TF-target weights intersected with G_PRIMARY; L2 normalized,f5c4faa94fe03b2d088b72743da175380dfcf2edbfacd0077cc25eb19d2ca7e9
CollecTRI,IKZF5,1,1.0,False,all official signed TF-target weights intersected with G_PRIMARY; L2 normalized,f5c4faa94fe03b2d088b72743da175380dfcf2edbfacd0077cc25eb19d2ca7e9
CollecTRI,ING4,15,0.9999999999999999,True,all official signed TF-target weights intersected with G_PRIMARY; L2 normalized,f5c4faa94fe03b2d088b72743da175380dfcf2edbfacd0077cc25eb19d2ca7e9
CollecTRI,INSM1,3,1.0,False,all official signed TF-target weights intersected with G_PRIMARY; L2 normalized,f5c4faa94fe03b2d088b72743da175380dfcf2edbfacd0077cc25eb19d2ca7e9
CollecTRI,IRF1,143,1.0,True,all official signed TF-target weights intersected with G_PRIMARY; L2 normalized,f5c4faa94fe03b2d088b72743da175380dfcf2edbfacd0077cc25eb19d2ca7e9
CollecTRI,IRF2,54,0.9999999999999999,True,all official signed TF-target weights intersected with G_PRIMARY; L2 normalized,f5c4faa94fe03b2d088b72743da175380dfcf2edbfacd0077cc25eb19d2ca7e9
CollecTRI,IRF2BPL,3,1.0,True,all official signed TF-target weights intersected with G_PRIMARY; L2 normalized,f5c4faa94fe03b2d088b72743da175380dfcf2edbfacd0077cc25eb19d2ca7e9
CollecTRI,IRF3,68,0.9999999999999999,True,all official signed TF-target weights intersected with G_PRIMARY; L2 normalized,f5c4faa94fe03b2d088b72743da175380dfcf2edbfacd0077cc25eb19d2ca7e9
CollecTRI,IRF4,45,1.0,True,all official signed TF-target weights intersected with G_PRIMARY; L2 normalized,f5c4faa94fe03b2d088b72743da175380dfcf2edbfacd0077cc25eb19d2ca7e9
CollecTRI,IRF5,21,1.0,True,all official signed TF-target weights intersected with G_PRIMARY; L2 normalized,f5c4faa94fe03b2d088b72743da175380dfcf2edbfacd0077cc25eb19d2ca7e9
CollecTRI,IRF6,15,0.9999999999999999,False,all official signed TF-target weights intersected with G_PRIMARY; L2 normalized,f5c4faa94fe03b2d088b72743da175380dfcf2edbfacd0077cc25eb19d2ca7e9
CollecTRI,IRF7,19,0.9999999999999998,True,all official signed TF-target weights intersected with G_PRIMARY; L2 normalized,f5c4faa94fe03b2d088b72743da175380dfcf2edbfacd0077cc25eb19d2ca7e9
CollecTRI,IRF8,56,1.0,True,all official signed TF-target weights intersected with G_PRIMARY; L2 normalized,f5c4faa94fe03b2d088b72743da175380dfcf2edbfacd0077cc25eb19d2ca7e9
CollecTRI,IRF9,21,1.0,True,all official signed TF-target weights intersected with G_PRIMARY; L2 normalized,f5c4faa94fe03b2d088b72743da175380dfcf2edbfacd0077cc25eb19d2ca7e9
CollecTRI,IRX1,19,0.9999999999999998,True,all official signed TF-target weights intersected with G_PRIMARY; L2 normalized,f5c4faa94fe03b2d088b72743da175380dfcf2edbfacd0077cc25eb19d2ca7e9
CollecTRI,IRX2,2,0.9999999999999999,True,all official signed TF-target weights intersected with G_PRIMARY; L2 normalized,f5c4faa94fe03b2d088b72743da175380dfcf2edbfacd0077cc25eb19d2ca7e9
CollecTRI,IRX3,2,0.9999999999999999,True,all official signed TF-target weights intersected with G_PRIMARY; L2 normalized,f5c4faa94fe03b2d088b72743da175380dfcf2edbfacd0077cc25eb19d2ca7e9
CollecTRI,IRX4,3,1.0,False,all official signed TF-target weights intersected with G_PRIMARY; L2 normalized,f5c4faa94fe03b2d088b72743da175380dfcf2edbfacd0077cc25eb19d2ca7e9
CollecTRI,IRX5,3,1.0,False,all official signed TF-target weights intersected with G_PRIMARY; L2 normalized,f5c4faa94fe03b2d088b72743da175380dfcf2edbfacd0077cc25eb19d2ca7e9
CollecTRI,ISL1,30,0.9999999999999999,True,all official signed TF-target weights intersected with G_PRIMARY; L2 normalized,f5c4faa94fe03b2d088b72743da175380dfcf2edbfacd0077cc25eb19d2ca7e9
CollecTRI,ISL2,1,1.0,True,all official signed TF-target weights intersected with G_PRIMARY; L2 normalized,f5c4faa94fe03b2d088b72743da175380dfcf2edbfacd0077cc25eb19d2ca7e9
CollecTRI,ISX,1,1.0,False,all official signed TF-target weights intersected with G_PRIMARY; L2 normalized,f5c4faa94fe03b2d088b72743da175380dfcf2edbfacd0077cc25eb19d2ca7e9
CollecTRI,JARID2,11,1.0,True,all official signed TF-target weights intersected with G_PRIMARY; L2 normalized,f5c4faa94fe03b2d088b72743da175380dfcf2edbfacd0077cc25eb19d2ca7e9
CollecTRI,JAZF1,1,1.0,True,all official signed TF-target weights intersected with G_PRIMARY; L2 normalized,f5c4faa94fe03b2d088b72743da175380dfcf2edbfacd0077cc25eb19d2ca7e9
CollecTRI,JDP2,32,0.9999999999999999,True,all official signed TF-target weights intersected with G_PRIMARY; L2 normalized,f5c4faa94fe03b2d088b72743da175380dfcf2edbfacd0077cc25eb19d2ca7e9
CollecTRI,JUN,575,1.0,True,all official signed TF-target weights intersected with G_PRIMARY; L2 normalized,f5c4faa94fe03b2d088b72743da175380dfcf2edbfacd0077cc25eb19d2ca7e9
CollecTRI,JUNB,86,1.0,True,all official signed TF-target weights intersected with G_PRIMARY; L2 normalized,f5c4faa94fe03b2d088b72743da175380dfcf2edbfacd0077cc25eb19d2ca7e9
CollecTRI,JUND,87,0.9999999999999999,True,all official signed TF-target weights intersected with G_PRIMARY; L2 normalized,f5c4faa94fe03b2d088b72743da175380dfcf2edbfacd0077cc25eb19d2ca7e9
CollecTRI,KAT2A,1,1.0,True,all official signed TF-target weights intersected with G_PRIMARY; L2 normalized,f5c4faa94fe03b2d088b72743da175380dfcf2edbfacd0077cc25eb19d2ca7e9
CollecTRI,KAT2B,14,0.9999999999999999,True,all official signed TF-target weights intersected with G_PRIMARY; L2 normalized,f5c4faa94fe03b2d088b72743da175380dfcf2edbfacd0077cc25eb19d2ca7e9
CollecTRI,KAT5,48,1.0,True,all official signed TF-target weights intersected with G_PRIMARY; L2 normalized,f5c4faa94fe03b2d088b72743da175380dfcf2edbfacd0077cc25eb19d2ca7e9
CollecTRI,KAT6A,11,1.0,False,all official signed TF-target weights intersected with G_PRIMARY; L2 normalized,f5c4faa94fe03b2d088b72743da175380dfcf2edbfacd0077cc25eb19d2ca7e9
CollecTRI,KAT6B,8,0.9999999999999999,False,all official signed TF-target weights intersected with G_PRIMARY; L2 normalized,f5c4faa94fe03b2d088b72743da175380dfcf2edbfacd0077cc25eb19d2ca7e9
CollecTRI,KAT7,74,1.0,False,all official signed TF-target weights intersected with G_PRIMARY; L2 normalized,f5c4faa94fe03b2d088b72743da175380dfcf2edbfacd0077cc25eb19d2ca7e9
CollecTRI,KAT8,4,1.0,False,all official signed TF-target weights intersected with G_PRIMARY; L2 normalized,f5c4faa94fe03b2d088b72743da175380dfcf2edbfacd0077cc25eb19d2ca7e9
CollecTRI,KCNIP3,13,0.9999999999999999,True,all official signed TF-target weights intersected with G_PRIMARY; L2 normalized,f5c4faa94fe03b2d088b72743da175380dfcf2edbfacd0077cc25eb19d2ca7e9
CollecTRI,KDM2A,9,1.0,True,all official signed TF-target weights intersected with G_PRIMARY; L2 normalized,f5c4faa94fe03b2d088b72743da175380dfcf2edbfacd0077cc25eb19d2ca7e9
CollecTRI,KDM2B,4,1.0,True,all official signed TF-target weights intersected with G_PRIMARY; L2 normalized,f5c4faa94fe03b2d088b72743da175380dfcf2edbfacd0077cc25eb19d2ca7e9
CollecTRI,KDM3B,1,1.0,False,all official signed TF-target weights intersected with G_PRIMARY; L2 normalized,f5c4faa94fe03b2d088b72743da175380dfcf2edbfacd0077cc25eb19d2ca7e9
CollecTRI,KDM5A,17,1.0,True,all official signed TF-target weights intersected with G_PRIMARY; L2 normalized,f5c4faa94fe03b2d088b72743da175380dfcf2edbfacd0077cc25eb19d2ca7e9
CollecTRI,KDM5B,34,0.9999999999999999,True,all official signed TF-target weights intersected with G_PRIMARY; L2 normalized,f5c4faa94fe03b2d088b72743da175380dfcf2edbfacd0077cc25eb19d2ca7e9
CollecTRI,KDM5C,12,1.0,True,all official signed TF-target weights intersected with G_PRIMARY; L2 normalized,f5c4faa94fe03b2d088b72743da175380dfcf2edbfacd0077cc25eb19d2ca7e9
CollecTRI,KDM5D,7,0.9999999999999998,False,all official signed TF-target weights intersected with G_PRIMARY; L2 normalized,f5c4faa94fe03b2d088b72743da175380dfcf2edbfacd0077cc25eb19d2ca7e9
CollecTRI,KLF1,20,1.0,False,all official signed TF-target weights intersected with G_PRIMARY; L2 normalized,f5c4faa94fe03b2d088b72743da175380dfcf2edbfacd0077cc25eb19d2ca7e9
CollecTRI,KLF10,27,1.0,True,all official signed TF-target weights intersected with G_PRIMARY; L2 normalized,f5c4faa94fe03b2d088b72743da175380dfcf2edbfacd0077cc25eb19d2ca7e9
CollecTRI,KLF11,22,0.9999999999999998,True,all official signed TF-target weights intersected with G_PRIMARY; L2 normalized,f5c4faa94fe03b2d088b72743da175380dfcf2edbfacd0077cc25eb19d2ca7e9
CollecTRI,KLF12,10,1.0,True,all official signed TF-target weights intersected with G_PRIMARY; L2 normalized,f5c4faa94fe03b2d088b72743da175380dfcf2edbfacd0077cc25eb19d2ca7e9
CollecTRI,KLF13,11,1.0,True,all official signed TF-target weights intersected with G_PRIMARY; L2 normalized,f5c4faa94fe03b2d088b72743da175380dfcf2edbfacd0077cc25eb19d2ca7e9
CollecTRI,KLF14,4,1.0,True,all official signed TF-target weights intersected with G_PRIMARY; L2 normalized,f5c4faa94fe03b2d088b72743da175380dfcf2edbfacd0077cc25eb19d2ca7e9
CollecTRI,KLF15,25,1.0,True,all official signed TF-target weights intersected with G_PRIMARY; L2 normalized,f5c4faa94fe03b2d088b72743da175380dfcf2edbfacd0077cc25eb19d2ca7e9
CollecTRI,KLF16,3,1.0,True,all official signed TF-target weights intersected with G_PRIMARY; L2 normalized,f5c4faa94fe03b2d088b72743da175380dfcf2edbfacd0077cc25eb19d2ca7e9
CollecTRI,KLF17,5,0.9999999999999999,True,all official signed TF-target weights intersected with G_PRIMARY; L2 normalized,f5c4faa94fe03b2d088b72743da175380dfcf2edbfacd0077cc25eb19d2ca7e9
CollecTRI,KLF2,52,1.0,True,all official signed TF-target weights intersected with G_PRIMARY; L2 normalized,f5c4faa94fe03b2d088b72743da175380dfcf2edbfacd0077cc25eb19d2ca7e9
CollecTRI,KLF3,11,1.0,True,all official signed TF-target weights intersected with G_PRIMARY; L2 normalized,f5c4faa94fe03b2d088b72743da175380dfcf2edbfacd0077cc25eb19d2ca7e9
CollecTRI,KLF4,113,1.0,True,all official signed TF-target weights intersected with G_PRIMARY; L2 normalized,f5c4faa94fe03b2d088b72743da175380dfcf2edbfacd0077cc25eb19d2ca7e9
CollecTRI,KLF5,69,0.9999999999999998,True,all official signed TF-target weights intersected with G_PRIMARY; L2 normalized,f5c4faa94fe03b2d088b72743da175380dfcf2edbfacd0077cc25eb19d2ca7e9
CollecTRI,KLF6,51,1.0,True,all official signed TF-target weights intersected with G_PRIMARY; L2 normalized,f5c4faa94fe03b2d088b72743da175380dfcf2edbfacd0077cc25eb19d2ca7e9
CollecTRI,KLF7,9,1.0,True,all official signed TF-target weights intersected with G_PRIMARY; L2 normalized,f5c4faa94fe03b2d088b72743da175380dfcf2edbfacd0077cc25eb19d2ca7e9
CollecTRI,KLF8,19,0.9999999999999998,True,all official signed TF-target weights intersected with G_PRIMARY; L2 normalized,f5c4faa94fe03b2d088b72743da175380dfcf2edbfacd0077cc25eb19d2ca7e9
CollecTRI,KLF9,24,1.0,True,all official signed TF-target weights intersected with G_PRIMARY; L2 normalized,f5c4faa94fe03b2d088b72743da175380dfcf2edbfacd0077cc25eb19d2ca7e9
CollecTRI,KMT2A,66,0.9999999999999999,False,all official signed TF-target weights intersected with G_PRIMARY; L2 normalized,f5c4faa94fe03b2d088b72743da175380dfcf2edbfacd0077cc25eb19d2ca7e9
CollecTRI,KMT2B,15,0.9999999999999999,False,all official signed TF-target weights intersected with G_PRIMARY; L2 normalized,f5c4faa94fe03b2d088b72743da175380dfcf2edbfacd0077cc25eb19d2ca7e9
CollecTRI,KMT2C,2,0.9999999999999999,False,all official signed TF-target weights intersected with G_PRIMARY; L2 normalized,f5c4faa94fe03b2d088b72743da175380dfcf2edbfacd0077cc25eb19d2ca7e9
CollecTRI,KMT2D,2,0.9999999999999999,False,all official signed TF-target weights intersected with G_PRIMARY; L2 normalized,f5c4faa94fe03b2d088b72743da175380dfcf2edbfacd0077cc25eb19d2ca7e9
CollecTRI,KMT2E,4,1.0,False,all official signed TF-target weights intersected with G_PRIMARY; L2 normalized,f5c4faa94fe03b2d088b72743da175380dfcf2edbfacd0077cc25eb19d2ca7e9
CollecTRI,L3MBTL1,3,1.0,True,all official signed TF-target weights intersected with G_PRIMARY; L2 normalized,f5c4faa94fe03b2d088b72743da175380dfcf2edbfacd0077cc25eb19d2ca7e9
CollecTRI,LBX1,2,0.9999999999999999,False,all official signed TF-target weights intersected with G_PRIMARY; L2 normalized,f5c4faa94fe03b2d088b72743da175380dfcf2edbfacd0077cc25eb19d2ca7e9
CollecTRI,LCOR,2,0.9999999999999999,False,all official signed TF-target weights intersected with G_PRIMARY; L2 normalized,f5c4faa94fe03b2d088b72743da175380dfcf2edbfacd0077cc25eb19d2ca7e9
CollecTRI,LDB1,3,1.0,True,all official signed TF-target weights intersected with G_PRIMARY; L2 normalized,f5c4faa94fe03b2d088b72743da175380dfcf2edbfacd0077cc25eb19d2ca7e9
CollecTRI,LEF1,98,0.9999999999999999,True,all official signed TF-target weights intersected with G_PRIMARY; L2 normalized,f5c4faa94fe03b2d088b72743da175380dfcf2edbfacd0077cc25eb19d2ca7e9
CollecTRI,LHX1,5,0.9999999999999999,False,all official signed TF-target weights intersected with G_PRIMARY; L2 normalized,f5c4faa94fe03b2d088b72743da175380dfcf2edbfacd0077cc25eb19d2ca7e9
CollecTRI,LHX2,29,0.9999999999999999,False,all official signed TF-target weights intersected with G_PRIMARY; L2 normalized,f5c4faa94fe03b2d088b72743da175380dfcf2edbfacd0077cc25eb19d2ca7e9
CollecTRI,LHX3,10,1.0,False,all official signed TF-target weights intersected with G_PRIMARY; L2 normalized,f5c4faa94fe03b2d088b72743da175380dfcf2edbfacd0077cc25eb19d2ca7e9
CollecTRI,LHX4,5,0.9999999999999999,False,all official signed TF-target weights intersected with G_PRIMARY; L2 normalized,f5c4faa94fe03b2d088b72743da175380dfcf2edbfacd0077cc25eb19d2ca7e9
CollecTRI,LHX5,1,1.0,False,all official signed TF-target weights intersected with G_PRIMARY; L2 normalized,f5c4faa94fe03b2d088b72743da175380dfcf2edbfacd0077cc25eb19d2ca7e9
CollecTRI,LHX6,2,0.9999999999999999,False,all official signed TF-target weights intersected with G_PRIMARY; L2 normalized,f5c4faa94fe03b2d088b72743da175380dfcf2edbfacd0077cc25eb19d2ca7e9
CollecTRI,LHX8,11,1.0,False,all official signed TF-target weights intersected with G_PRIMARY; L2 normalized,f5c4faa94fe03b2d088b72743da175380dfcf2edbfacd0077cc25eb19d2ca7e9
CollecTRI,LHX9,3,1.0,False,all official signed TF-target weights intersected with G_PRIMARY; L2 normalized,f5c4faa94fe03b2d088b72743da175380dfcf2edbfacd0077cc25eb19d2ca7e9
CollecTRI,LIMD1,1,1.0,True,all official signed TF-target weights intersected with G_PRIMARY; L2 normalized,f5c4faa94fe03b2d088b72743da175380dfcf2edbfacd0077cc25eb19d2ca7e9
CollecTRI,LIN28A,2,0.9999999999999999,False,all official signed TF-target weights intersected with G_PRIMARY; L2 normalized,f5c4faa94fe03b2d088b72743da175380dfcf2edbfacd0077cc25eb19d2ca7e9
CollecTRI,LITAF,25,1.0,True,all official signed TF-target weights intersected with G_PRIMARY; L2 normalized,f5c4faa94fe03b2d088b72743da175380dfcf2edbfacd0077cc25eb19d2ca7e9
CollecTRI,LMO1,1,1.0,False,all official signed TF-target weights intersected with G_PRIMARY; L2 normalized,f5c4faa94fe03b2d088b72743da175380dfcf2edbfacd0077cc25eb19d2ca7e9
CollecTRI,LMO2,26,1.0,True,all official signed TF-target weights intersected with G_PRIMARY; L2 normalized,f5c4faa94fe03b2d088b72743da175380dfcf2edbfacd0077cc25eb19d2ca7e9
CollecTRI,LMO3,2,0.9999999999999999,True,all official signed TF-target weights intersected with G_PRIMARY; L2 normalized,f5c4faa94fe03b2d088b72743da175380dfcf2edbfacd0077cc25eb19d2ca7e9
CollecTRI,LMO4,5,0.9999999999999999,True,all official signed TF-target weights intersected with G_PRIMARY; L2 normalized,f5c4faa94fe03b2d088b72743da175380dfcf2edbfacd0077cc25eb19d2ca7e9
CollecTRI,LMX1A,6,1.0,False,all official signed TF-target weights intersected with G_PRIMARY; L2 normalized,f5c4faa94fe03b2d088b72743da175380dfcf2edbfacd0077cc25eb19d2ca7e9
CollecTRI,LMX1B,21,1.0,True,all official signed TF-target weights intersected with G_PRIMARY; L2 normalized,f5c4faa94fe03b2d088b72743da175380dfcf2edbfacd0077cc25eb19d2ca7e9
CollecTRI,LRRFIP1,14,0.9999999999999999,True,all official signed TF-target weights intersected with G_PRIMARY; L2 normalized,f5c4faa94fe03b2d088b72743da175380dfcf2edbfacd0077cc25eb19d2ca7e9
CollecTRI,LYAR,1,1.0,True,all official signed TF-target weights intersected with G_PRIMARY; L2 normalized,f5c4faa94fe03b2d088b72743da175380dfcf2edbfacd0077cc25eb19d2ca7e9
CollecTRI,LYL1,12,1.0,True,all official signed TF-target weights intersected with G_PRIMARY; L2 normalized,f5c4faa94fe03b2d088b72743da175380dfcf2edbfacd0077cc25eb19d2ca7e9
CollecTRI,MAF,48,1.0,True,all official signed TF-target weights intersected with G_PRIMARY; L2 normalized,f5c4faa94fe03b2d088b72743da175380dfcf2edbfacd0077cc25eb19d2ca7e9
CollecTRI,MAFA,18,1.0,False,all official signed TF-target weights intersected with G_PRIMARY; L2 normalized,f5c4faa94fe03b2d088b72743da175380dfcf2edbfacd0077cc25eb19d2ca7e9
CollecTRI,MAFB,37,0.9999999999999999,True,all official signed TF-target weights intersected with G_PRIMARY; L2 normalized,f5c4faa94fe03b2d088b72743da175380dfcf2edbfacd0077cc25eb19d2ca7e9
CollecTRI,MAFF,4,1.0,True,all official signed TF-target weights intersected with G_PRIMARY; L2 normalized,f5c4faa94fe03b2d088b72743da175380dfcf2edbfacd0077cc25eb19d2ca7e9
CollecTRI,MAFG,9,1.0,True,all official signed TF-target weights intersected with G_PRIMARY; L2 normalized,f5c4faa94fe03b2d088b72743da175380dfcf2edbfacd0077cc25eb19d2ca7e9
CollecTRI,MAFK,18,1.0,True,all official signed TF-target weights intersected with G_PRIMARY; L2 normalized,f5c4faa94fe03b2d088b72743da175380dfcf2edbfacd0077cc25eb19d2ca7e9
CollecTRI,MAML1,5,0.9999999999999999,True,all official signed TF-target weights intersected with G_PRIMARY; L2 normalized,f5c4faa94fe03b2d088b72743da175380dfcf2edbfacd0077cc25eb19d2ca7e9
CollecTRI,MAML2,2,0.9999999999999999,False,all official signed TF-target weights intersected with G_PRIMARY; L2 normalized,f5c4faa94fe03b2d088b72743da175380dfcf2edbfacd0077cc25eb19d2ca7e9
CollecTRI,MAX,44,1.0,True,all official signed TF-target weights intersected with G_PRIMARY; L2 normalized,f5c4faa94fe03b2d088b72743da175380dfcf2edbfacd0077cc25eb19d2ca7e9
CollecTRI,MAZ,41,1.0,True,all official signed TF-target weights intersected with G_PRIMARY; L2 normalized,f5c4faa94fe03b2d088b72743da175380dfcf2edbfacd0077cc25eb19d2ca7e9
CollecTRI,MBD1,17,1.0,True,all official signed TF-target weights intersected with G_PRIMARY; L2 normalized,f5c4faa94fe03b2d088b72743da175380dfcf2edbfacd0077cc25eb19d2ca7e9
CollecTRI,MBD2,82,0.9999999999999999,True,all official signed TF-target weights intersected with G_PRIMARY; L2 normalized,f5c4faa94fe03b2d088b72743da175380dfcf2edbfacd0077cc25eb19d2ca7e9
CollecTRI,MBD3,1,1.0,True,all official signed TF-target weights intersected with G_PRIMARY; L2 normalized,f5c4faa94fe03b2d088b72743da175380dfcf2edbfacd0077cc25eb19d2ca7e9
CollecTRI,MECOM,19,0.9999999999999998,True,all official signed TF-target weights intersected with G_PRIMARY; L2 normalized,f5c4faa94fe03b2d088b72743da175380dfcf2edbfacd0077cc25eb19d2ca7e9
CollecTRI,MECP2,31,1.0,True,all official signed TF-target weights intersected with G_PRIMARY; L2 normalized,f5c4faa94fe03b2d088b72743da175380dfcf2edbfacd0077cc25eb19d2ca7e9
CollecTRI,MED1,13,0.9999999999999999,True,all official signed TF-target weights intersected with G_PRIMARY; L2 normalized,f5c4faa94fe03b2d088b72743da175380dfcf2edbfacd0077cc25eb19d2ca7e9
CollecTRI,MED12,1,1.0,False,all official signed TF-target weights intersected with G_PRIMARY; L2 normalized,f5c4faa94fe03b2d088b72743da175380dfcf2edbfacd0077cc25eb19d2ca7e9
CollecTRI,MED15,1,1.0,False,all official signed TF-target weights intersected with G_PRIMARY; L2 normalized,f5c4faa94fe03b2d088b72743da175380dfcf2edbfacd0077cc25eb19d2ca7e9
CollecTRI,MED23,2,0.9999999999999999,False,all official signed TF-target weights intersected with G_PRIMARY; L2 normalized,f5c4faa94fe03b2d088b72743da175380dfcf2edbfacd0077cc25eb19d2ca7e9
CollecTRI,MED26,1,1.0,False,all official signed TF-target weights intersected with G_PRIMARY; L2 normalized,f5c4faa94fe03b2d088b72743da175380dfcf2edbfacd0077cc25eb19d2ca7e9
CollecTRI,MEF2A,93,1.0,True,all official signed TF-target weights intersected with G_PRIMARY; L2 normalized,f5c4faa94fe03b2d088b72743da175380dfcf2edbfacd0077cc25eb19d2ca7e9
CollecTRI,MEF2B,6,1.0,False,all official signed TF-target weights intersected with G_PRIMARY; L2 normalized,f5c4faa94fe03b2d088b72743da175380dfcf2edbfacd0077cc25eb19d2ca7e9
CollecTRI,MEF2C,64,1.0,True,all official signed TF-target weights intersected with G_PRIMARY; L2 normalized,f5c4faa94fe03b2d088b72743da175380dfcf2edbfacd0077cc25eb19d2ca7e9
CollecTRI,MEF2D,22,0.9999999999999998,True,all official signed TF-target weights intersected with G_PRIMARY; L2 normalized,f5c4faa94fe03b2d088b72743da175380dfcf2edbfacd0077cc25eb19d2ca7e9
CollecTRI,MEIS1,20,1.0,True,all official signed TF-target weights intersected with G_PRIMARY; L2 normalized,f5c4faa94fe03b2d088b72743da175380dfcf2edbfacd0077cc25eb19d2ca7e9
CollecTRI,MEIS2,9,1.0,True,all official signed TF-target weights intersected with G_PRIMARY; L2 normalized,f5c4faa94fe03b2d088b72743da175380dfcf2edbfacd0077cc25eb19d2ca7e9
CollecTRI,MEIS3,4,1.0,True,all official signed TF-target weights intersected with G_PRIMARY; L2 normalized,f5c4faa94fe03b2d088b72743da175380dfcf2edbfacd0077cc25eb19d2ca7e9
CollecTRI,MEOX1,7,0.9999999999999998,True,all official signed TF-target weights intersected with G_PRIMARY; L2 normalized,f5c4faa94fe03b2d088b72743da175380dfcf2edbfacd0077cc25eb19d2ca7e9
CollecTRI,MEOX2,5,0.9999999999999999,True,all official signed TF-target weights intersected with G_PRIMARY; L2 normalized,f5c4faa94fe03b2d088b72743da175380dfcf2edbfacd0077cc25eb19d2ca7e9
CollecTRI,MESP1,1,1.0,False,all official signed TF-target weights intersected with G_PRIMARY; L2 normalized,f5c4faa94fe03b2d088b72743da175380dfcf2edbfacd0077cc25eb19d2ca7e9
CollecTRI,MESP2,5,0.9999999999999999,True,all official signed TF-target weights intersected with G_PRIMARY; L2 normalized,f5c4faa94fe03b2d088b72743da175380dfcf2edbfacd0077cc25eb19d2ca7e9
CollecTRI,MGA,1,1.0,False,all official signed TF-target weights intersected with G_PRIMARY; L2 normalized,f5c4faa94fe03b2d088b72743da175380dfcf2edbfacd0077cc25eb19d2ca7e9
CollecTRI,MID2,1,1.0,False,all official signed TF-target weights intersected with G_PRIMARY; L2 normalized,f5c4faa94fe03b2d088b72743da175380dfcf2edbfacd0077cc25eb19d2ca7e9
CollecTRI,MITF,99,0.9999999999999999,True,all official signed TF-target weights intersected with G_PRIMARY; L2 normalized,f5c4faa94fe03b2d088b72743da175380dfcf2edbfacd0077cc25eb19d2ca7e9
CollecTRI,MIXL1,3,1.0,False,all official signed TF-target weights intersected with G_PRIMARY; L2 normalized,f5c4faa94fe03b2d088b72743da175380dfcf2edbfacd0077cc25eb19d2ca7e9
CollecTRI,MKX,6,1.0,False,all official signed TF-target weights intersected with G_PRIMARY; L2 normalized,f5c4faa94fe03b2d088b72743da175380dfcf2edbfacd0077cc25eb19d2ca7e9
CollecTRI,MLX,5,0.9999999999999999,True,all official signed TF-target weights intersected with G_PRIMARY; L2 normalized,f5c4faa94fe03b2d088b72743da175380dfcf2edbfacd0077cc25eb19d2ca7e9
CollecTRI,MLXIP,5,0.9999999999999999,False,all official signed TF-target weights intersected with G_PRIMARY; L2 normalized,f5c4faa94fe03b2d088b72743da175380dfcf2edbfacd0077cc25eb19d2ca7e9
CollecTRI,MLXIPL,15,0.9999999999999999,True,all official signed TF-target weights intersected with G_PRIMARY; L2 normalized,f5c4faa94fe03b2d088b72743da175380dfcf2edbfacd0077cc25eb19d2ca7e9
CollecTRI,MNT,11,1.0,True,all official signed TF-target weights intersected with G_PRIMARY; L2 normalized,f5c4faa94fe03b2d088b72743da175380dfcf2edbfacd0077cc25eb19d2ca7e9
CollecTRI,MNX1,5,0.9999999999999999,False,all official signed TF-target weights intersected with G_PRIMARY; L2 normalized,f5c4faa94fe03b2d088b72743da175380dfcf2edbfacd0077cc25eb19d2ca7e9
CollecTRI,MRTFA,4,1.0,False,all official signed TF-target weights intersected with G_PRIMARY; L2 normalized,f5c4faa94fe03b2d088b72743da175380dfcf2edbfacd0077cc25eb19d2ca7e9
CollecTRI,MSC,24,1.0,True,all official signed TF-target weights intersected with G_PRIMARY; L2 normalized,f5c4faa94fe03b2d088b72743da175380dfcf2edbfacd0077cc25eb19d2ca7e9
CollecTRI,MSGN1,1,1.0,False,all official signed TF-target weights intersected with G_PRIMARY; L2 normalized,f5c4faa94fe03b2d088b72743da175380dfcf2edbfacd0077cc25eb19d2ca7e9
CollecTRI,MSX1,22,0.9999999999999998,True,all official signed TF-target weights intersected with G_PRIMARY; L2 normalized,f5c4faa94fe03b2d088b72743da175380dfcf2edbfacd0077cc25eb19d2ca7e9
CollecTRI,MSX2,36,1.0,True,all official signed TF-target weights intersected with G_PRIMARY; L2 normalized,f5c4faa94fe03b2d088b72743da175380dfcf2edbfacd0077cc25eb19d2ca7e9
CollecTRI,MTA1,49,0.9999999999999999,True,all official signed TF-target weights intersected with G_PRIMARY; L2 normalized,f5c4faa94fe03b2d088b72743da175380dfcf2edbfacd0077cc25eb19d2ca7e9
CollecTRI,MTA2,4,1.0,True,all official signed TF-target weights intersected with G_PRIMARY; L2 normalized,f5c4faa94fe03b2d088b72743da175380dfcf2edbfacd0077cc25eb19d2ca7e9
CollecTRI,MTA3,12,1.0,True,all official signed TF-target weights intersected with G_PRIMARY; L2 normalized,f5c4faa94fe03b2d088b72743da175380dfcf2edbfacd0077cc25eb19d2ca7e9
CollecTRI,MTF1,31,1.0,True,all official signed TF-target weights intersected with G_PRIMARY; L2 normalized,f5c4faa94fe03b2d088b72743da175380dfcf2edbfacd0077cc25eb19d2ca7e9
CollecTRI,MTF2,7,0.9999999999999998,True,all official signed TF-target weights intersected with G_PRIMARY; L2 normalized,f5c4faa94fe03b2d088b72743da175380dfcf2edbfacd0077cc25eb19d2ca7e9
CollecTRI,MUC1,3,1.0,True,all official signed TF-target weights intersected with G_PRIMARY; L2 normalized,f5c4faa94fe03b2d088b72743da175380dfcf2edbfacd0077cc25eb19d2ca7e9
CollecTRI,MXD1,24,1.0,True,all official signed TF-target weights intersected with G_PRIMARY; L2 normalized,f5c4faa94fe03b2d088b72743da175380dfcf2edbfacd0077cc25eb19d2ca7e9
CollecTRI,MXD4,2,0.9999999999999999,False,all official signed TF-target weights intersected with G_PRIMARY; L2 normalized,f5c4faa94fe03b2d088b72743da175380dfcf2edbfacd0077cc25eb19d2ca7e9
CollecTRI,MXI1,9,1.0,True,all official signed TF-target weights intersected with G_PRIMARY; L2 normalized,f5c4faa94fe03b2d088b72743da175380dfcf2edbfacd0077cc25eb19d2ca7e9
CollecTRI,MYB,157,1.0,True,all official signed TF-target weights intersected with G_PRIMARY; L2 normalized,f5c4faa94fe03b2d088b72743da175380dfcf2edbfacd0077cc25eb19d2ca7e9
CollecTRI,MYBL1,9,1.0,False,all official signed TF-target weights intersected with G_PRIMARY; L2 normalized,f5c4faa94fe03b2d088b72743da175380dfcf2edbfacd0077cc25eb19d2ca7e9
CollecTRI,MYBL2,49,0.9999999999999999,True,all official signed TF-target weights intersected with G_PRIMARY; L2 normalized,f5c4faa94fe03b2d088b72743da175380dfcf2edbfacd0077cc25eb19d2ca7e9
CollecTRI,MYC,830,0.9999999999999999,True,all official signed TF-target weights intersected with G_PRIMARY; L2 normalized,f5c4faa94fe03b2d088b72743da175380dfcf2edbfacd0077cc25eb19d2ca7e9
CollecTRI,MYCL,2,0.9999999999999999,True,all official signed TF-target weights intersected with G_PRIMARY; L2 normalized,f5c4faa94fe03b2d088b72743da175380dfcf2edbfacd0077cc25eb19d2ca7e9
CollecTRI,MYCN,133,1.0,True,all official signed TF-target weights intersected with G_PRIMARY; L2 normalized,f5c4faa94fe03b2d088b72743da175380dfcf2edbfacd0077cc25eb19d2ca7e9
CollecTRI,MYF5,19,0.9999999999999998,False,all official signed TF-target weights intersected with G_PRIMARY; L2 normalized,f5c4faa94fe03b2d088b72743da175380dfcf2edbfacd0077cc25eb19d2ca7e9
CollecTRI,MYF6,9,1.0,True,all official signed TF-target weights intersected with G_PRIMARY; L2 normalized,f5c4faa94fe03b2d088b72743da175380dfcf2edbfacd0077cc25eb19d2ca7e9
CollecTRI,MYOCD,9,1.0,False,all official signed TF-target weights intersected with G_PRIMARY; L2 normalized,f5c4faa94fe03b2d088b72743da175380dfcf2edbfacd0077cc25eb19d2ca7e9
CollecTRI,MYOD1,122,0.9999999999999999,True,all official signed TF-target weights intersected with G_PRIMARY; L2 normalized,f5c4faa94fe03b2d088b72743da175380dfcf2edbfacd0077cc25eb19d2ca7e9
CollecTRI,MYOG,50,1.0,True,all official signed TF-target weights intersected with G_PRIMARY; L2 normalized,f5c4faa94fe03b2d088b72743da175380dfcf2edbfacd0077cc25eb19d2ca7e9
CollecTRI,MYRF,8,0.9999999999999999,False,all official signed TF-target weights intersected with G_PRIMARY; L2 normalized,f5c4faa94fe03b2d088b72743da175380dfcf2edbfacd0077cc25eb19d2ca7e9
CollecTRI,MYT1,7,0.9999999999999998,True,all official signed TF-target weights intersected with G_PRIMARY; L2 normalized,f5c4faa94fe03b2d088b72743da175380dfcf2edbfacd0077cc25eb19d2ca7e9
CollecTRI,MYT1L,2,0.9999999999999999,True,all official signed TF-target weights intersected with G_PRIMARY; L2 normalized,f5c4faa94fe03b2d088b72743da175380dfcf2edbfacd0077cc25eb19d2ca7e9
CollecTRI,MZF1,21,1.0,True,all official signed TF-target weights intersected with G_PRIMARY; L2 normalized,f5c4faa94fe03b2d088b72743da175380dfcf2edbfacd0077cc25eb19d2ca7e9
CollecTRI,NAB1,1,1.0,False,all official signed TF-target weights intersected with G_PRIMARY; L2 normalized,f5c4faa94fe03b2d088b72743da175380dfcf2edbfacd0077cc25eb19d2ca7e9
CollecTRI,NAB2,7,0.9999999999999998,True,all official signed TF-target weights intersected with G_PRIMARY; L2 normalized,f5c4faa94fe03b2d088b72743da175380dfcf2edbfacd0077cc25eb19d2ca7e9
CollecTRI,NACC1,5,0.9999999999999999,False,all official signed TF-target weights intersected with G_PRIMARY; L2 normalized,f5c4faa94fe03b2d088b72743da175380dfcf2edbfacd0077cc25eb19d2ca7e9
CollecTRI,NACC2,1,1.0,True,all official signed TF-target weights intersected with G_PRIMARY; L2 normalized,f5c4faa94fe03b2d088b72743da175380dfcf2edbfacd0077cc25eb19d2ca7e9
CollecTRI,NANOG,50,1.0,True,all official signed TF-target weights intersected with G_PRIMARY; L2 normalized,f5c4faa94fe03b2d088b72743da175380dfcf2edbfacd0077cc25eb19d2ca7e9
CollecTRI,NANOGP8,4,1.0,True,all official signed TF-target weights intersected with G_PRIMARY; L2 normalized,f5c4faa94fe03b2d088b72743da175380dfcf2edbfacd0077cc25eb19d2ca7e9
CollecTRI,NCOA1,68,0.9999999999999999,False,all official signed TF-target weights intersected with G_PRIMARY; L2 normalized,f5c4faa94fe03b2d088b72743da175380dfcf2edbfacd0077cc25eb19d2ca7e9
CollecTRI,NCOA2,56,1.0,False,all official signed TF-target weights intersected with G_PRIMARY; L2 normalized,f5c4faa94fe03b2d088b72743da175380dfcf2edbfacd0077cc25eb19d2ca7e9
CollecTRI,NCOA3,67,1.0,True,all official signed TF-target weights intersected with G_PRIMARY; L2 normalized,f5c4faa94fe03b2d088b72743da175380dfcf2edbfacd0077cc25eb19d2ca7e9
CollecTRI,NCOA4,2,0.9999999999999999,False,all official signed TF-target weights intersected with G_PRIMARY; L2 normalized,f5c4faa94fe03b2d088b72743da175380dfcf2edbfacd0077cc25eb19d2ca7e9
CollecTRI,NCOA6,3,1.0,False,all official signed TF-target weights intersected with G_PRIMARY; L2 normalized,f5c4faa94fe03b2d088b72743da175380dfcf2edbfacd0077cc25eb19d2ca7e9
CollecTRI,NCOR1,76,1.0,True,all official signed TF-target weights intersected with G_PRIMARY; L2 normalized,f5c4faa94fe03b2d088b72743da175380dfcf2edbfacd0077cc25eb19d2ca7e9
CollecTRI,NCOR2,58,0.9999999999999999,True,all official signed TF-target weights intersected with G_PRIMARY; L2 normalized,f5c4faa94fe03b2d088b72743da175380dfcf2edbfacd0077cc25eb19d2ca7e9
CollecTRI,NDN,1,1.0,False,all official signed TF-target weights intersected with G_PRIMARY; L2 normalized,f5c4faa94fe03b2d088b72743da175380dfcf2edbfacd0077cc25eb19d2ca7e9
CollecTRI,NEUROD1,49,0.9999999999999999,True,all official signed TF-target weights intersected with G_PRIMARY; L2 normalized,f5c4faa94fe03b2d088b72743da175380dfcf2edbfacd0077cc25eb19d2ca7e9
CollecTRI,NEUROD2,8,0.9999999999999999,True,all official signed TF-target weights intersected with G_PRIMARY; L2 normalized,f5c4faa94fe03b2d088b72743da175380dfcf2edbfacd0077cc25eb19d2ca7e9
CollecTRI,NEUROD4,3,1.0,False,all official signed TF-target weights intersected with G_PRIMARY; L2 normalized,f5c4faa94fe03b2d088b72743da175380dfcf2edbfacd0077cc25eb19d2ca7e9
CollecTRI,NEUROD6,9,1.0,False,all official signed TF-target weights intersected with G_PRIMARY; L2 normalized,f5c4faa94fe03b2d088b72743da175380dfcf2edbfacd0077cc25eb19d2ca7e9
CollecTRI,NEUROG1,8,0.9999999999999999,True,all official signed TF-target weights intersected with G_PRIMARY; L2 normalized,f5c4faa94fe03b2d088b72743da175380dfcf2edbfacd0077cc25eb19d2ca7e9
CollecTRI,NEUROG2,20,1.0,True,all official signed TF-target weights intersected with G_PRIMARY; L2 normalized,f5c4faa94fe03b2d088b72743da175380dfcf2edbfacd0077cc25eb19d2ca7e9
CollecTRI,NEUROG3,20,1.0,True,all official signed TF-target weights intersected with G_PRIMARY; L2 normalized,f5c4faa94fe03b2d088b72743da175380dfcf2edbfacd0077cc25eb19d2ca7e9
CollecTRI,NFAT5,46,0.9999999999999999,True,all official signed TF-target weights intersected with G_PRIMARY; L2 normalized,f5c4faa94fe03b2d088b72743da175380dfcf2edbfacd0077cc25eb19d2ca7e9
CollecTRI,NFATC1,101,0.9999999999999999,True,all official signed TF-target weights intersected with G_PRIMARY; L2 normalized,f5c4faa94fe03b2d088b72743da175380dfcf2edbfacd0077cc25eb19d2ca7e9
CollecTRI,NFATC2,69,0.9999999999999998,True,all official signed TF-target weights intersected with G_PRIMARY; L2 normalized,f5c4faa94fe03b2d088b72743da175380dfcf2edbfacd0077cc25eb19d2ca7e9
CollecTRI,NFATC3,32,0.9999999999999999,True,all official signed TF-target weights intersected with G_PRIMARY; L2 normalized,f5c4faa94fe03b2d088b72743da175380dfcf2edbfacd0077cc25eb19d2ca7e9
CollecTRI,NFATC4,34,0.9999999999999999,True,all official signed TF-target weights intersected with G_PRIMARY; L2 normalized,f5c4faa94fe03b2d088b72743da175380dfcf2edbfacd0077cc25eb19d2ca7e9
CollecTRI,NFE2,15,0.9999999999999999,True,all official signed TF-target weights intersected with G_PRIMARY; L2 normalized,f5c4faa94fe03b2d088b72743da175380dfcf2edbfacd0077cc25eb19d2ca7e9
CollecTRI,NFE2L1,7,0.9999999999999998,False,all official signed TF-target weights intersected with G_PRIMARY; L2 normalized,f5c4faa94fe03b2d088b72743da175380dfcf2edbfacd0077cc25eb19d2ca7e9
CollecTRI,NFE2L2,187,1.0,True,all official signed TF-target weights intersected with G_PRIMARY; L2 normalized,f5c4faa94fe03b2d088b72743da175380dfcf2edbfacd0077cc25eb19d2ca7e9
CollecTRI,NFE2L3,6,1.0,True,all official signed TF-target weights intersected with G_PRIMARY; L2 normalized,f5c4faa94fe03b2d088b72743da175380dfcf2edbfacd0077cc25eb19d2ca7e9
CollecTRI,NFIA,52,1.0,True,all official signed TF-target weights intersected with G_PRIMARY; L2 normalized,f5c4faa94fe03b2d088b72743da175380dfcf2edbfacd0077cc25eb19d2ca7e9
CollecTRI,NFIB,21,1.0,True,all official signed TF-target weights intersected with G_PRIMARY; L2 normalized,f5c4faa94fe03b2d088b72743da175380dfcf2edbfacd0077cc25eb19d2ca7e9
CollecTRI,NFIC,68,0.9999999999999999,True,all official signed TF-target weights intersected with G_PRIMARY; L2 normalized,f5c4faa94fe03b2d088b72743da175380dfcf2edbfacd0077cc25eb19d2ca7e9
CollecTRI,NFIL3,27,1.0,True,all official signed TF-target weights intersected with G_PRIMARY; L2 normalized,f5c4faa94fe03b2d088b72743da175380dfcf2edbfacd0077cc25eb19d2ca7e9
CollecTRI,NFIX,26,1.0,True,all official signed TF-target weights intersected with G_PRIMARY; L2 normalized,f5c4faa94fe03b2d088b72743da175380dfcf2edbfacd0077cc25eb19d2ca7e9
CollecTRI,NFKB,695,0.9999999999999999,True,all official signed TF-target weights intersected with G_PRIMARY; L2 normalized,f5c4faa94fe03b2d088b72743da175380dfcf2edbfacd0077cc25eb19d2ca7e9
CollecTRI,NFKB1,375,1.0,True,all official signed TF-target weights intersected with G_PRIMARY; L2 normalized,f5c4faa94fe03b2d088b72743da175380dfcf2edbfacd0077cc25eb19d2ca7e9
CollecTRI,NFKB2,63,0.9999999999999997,True,all official signed TF-target weights intersected with G_PRIMARY; L2 normalized,f5c4faa94fe03b2d088b72743da175380dfcf2edbfacd0077cc25eb19d2ca7e9
CollecTRI,NFKBIB,19,0.9999999999999998,True,all official signed TF-target weights intersected with G_PRIMARY; L2 normalized,f5c4faa94fe03b2d088b72743da175380dfcf2edbfacd0077cc25eb19d2ca7e9
CollecTRI,NFKBIE,2,0.9999999999999999,True,all official signed TF-target weights intersected with G_PRIMARY; L2 normalized,f5c4faa94fe03b2d088b72743da175380dfcf2edbfacd0077cc25eb19d2ca7e9
CollecTRI,NFKBIZ,6,1.0,False,all official signed TF-target weights intersected with G_PRIMARY; L2 normalized,f5c4faa94fe03b2d088b72743da175380dfcf2edbfacd0077cc25eb19d2ca7e9
CollecTRI,NFX1,5,0.9999999999999999,True,all official signed TF-target weights intersected with G_PRIMARY; L2 normalized,f5c4faa94fe03b2d088b72743da175380dfcf2edbfacd0077cc25eb19d2ca7e9
CollecTRI,NFYA,84,0.9999999999999999,True,all official signed TF-target weights intersected with G_PRIMARY; L2 normalized,f5c4faa94fe03b2d088b72743da175380dfcf2edbfacd0077cc25eb19d2ca7e9
CollecTRI,NFYB,35,0.9999999999999999,True,all official signed TF-target weights intersected with G_PRIMARY; L2 normalized,f5c4faa94fe03b2d088b72743da175380dfcf2edbfacd0077cc25eb19d2ca7e9
CollecTRI,NFYC,21,1.0,True,all official signed TF-target weights intersected with G_PRIMARY; L2 normalized,f5c4faa94fe03b2d088b72743da175380dfcf2edbfacd0077cc25eb19d2ca7e9
CollecTRI,NHLH1,5,0.9999999999999999,False,all official signed TF-target weights intersected with G_PRIMARY; L2 normalized,f5c4faa94fe03b2d088b72743da175380dfcf2edbfacd0077cc25eb19d2ca7e9
CollecTRI,NHLH2,4,1.0,True,all official signed TF-target weights intersected with G_PRIMARY; L2 normalized,f5c4faa94fe03b2d088b72743da175380dfcf2edbfacd0077cc25eb19d2ca7e9
CollecTRI,NKRF,10,1.0,False,all official signed TF-target weights intersected with G_PRIMARY; L2 normalized,f5c4faa94fe03b2d088b72743da175380dfcf2edbfacd0077cc25eb19d2ca7e9
CollecTRI,NKX2-1,50,1.0,True,all official signed TF-target weights intersected with G_PRIMARY; L2 normalized,f5c4faa94fe03b2d088b72743da175380dfcf2edbfacd0077cc25eb19d2ca7e9
CollecTRI,NKX2-2,16,1.0,False,all official signed TF-target weights intersected with G_PRIMARY; L2 normalized,f5c4faa94fe03b2d088b72743da175380dfcf2edbfacd0077cc25eb19d2ca7e9
CollecTRI,NKX2-3,2,0.9999999999999999,False,all official signed TF-target weights intersected with G_PRIMARY; L2 normalized,f5c4faa94fe03b2d088b72743da175380dfcf2edbfacd0077cc25eb19d2ca7e9
CollecTRI,NKX2-5,65,1.0,True,all official signed TF-target weights intersected with G_PRIMARY; L2 normalized,f5c4faa94fe03b2d088b72743da175380dfcf2edbfacd0077cc25eb19d2ca7e9
CollecTRI,NKX2-6,2,0.9999999999999999,False,all official signed TF-target weights intersected with G_PRIMARY; L2 normalized,f5c4faa94fe03b2d088b72743da175380dfcf2edbfacd0077cc25eb19d2ca7e9
CollecTRI,NKX2-8,2,0.9999999999999999,False,all official signed TF-target weights intersected with G_PRIMARY; L2 normalized,f5c4faa94fe03b2d088b72743da175380dfcf2edbfacd0077cc25eb19d2ca7e9
CollecTRI,NKX3-1,64,1.0,True,all official signed TF-target weights intersected with G_PRIMARY; L2 normalized,f5c4faa94fe03b2d088b72743da175380dfcf2edbfacd0077cc25eb19d2ca7e9
CollecTRI,NKX3-2,7,0.9999999999999998,True,all official signed TF-target weights intersected with G_PRIMARY; L2 normalized,f5c4faa94fe03b2d088b72743da175380dfcf2edbfacd0077cc25eb19d2ca7e9
CollecTRI,NKX6-1,15,0.9999999999999999,True,all official signed TF-target weights intersected with G_PRIMARY; L2 normalized,f5c4faa94fe03b2d088b72743da175380dfcf2edbfacd0077cc25eb19d2ca7e9
CollecTRI,NKX6-2,3,1.0,False,all official signed TF-target weights intersected with G_PRIMARY; L2 normalized,f5c4faa94fe03b2d088b72743da175380dfcf2edbfacd0077cc25eb19d2ca7e9
CollecTRI,NKX6-3,4,1.0,False,all official signed TF-target weights intersected with G_PRIMARY; L2 normalized,f5c4faa94fe03b2d088b72743da175380dfcf2edbfacd0077cc25eb19d2ca7e9
CollecTRI,NME2,1,1.0,False,all official signed TF-target weights intersected with G_PRIMARY; L2 normalized,f5c4faa94fe03b2d088b72743da175380dfcf2edbfacd0077cc25eb19d2ca7e9
CollecTRI,NOBOX,3,1.0,False,all official signed TF-target weights intersected with G_PRIMARY; L2 normalized,f5c4faa94fe03b2d088b72743da175380dfcf2edbfacd0077cc25eb19d2ca7e9
CollecTRI,NONO,15,0.9999999999999999,True,all official signed TF-target weights intersected with G_PRIMARY; L2 normalized,f5c4faa94fe03b2d088b72743da175380dfcf2edbfacd0077cc25eb19d2ca7e9
CollecTRI,NOTCH1,64,1.0,True,all official signed TF-target weights intersected with G_PRIMARY; L2 normalized,f5c4faa94fe03b2d088b72743da175380dfcf2edbfacd0077cc25eb19d2ca7e9
CollecTRI,NOTO,9,1.0,False,all official signed TF-target weights intersected with G_PRIMARY; L2 normalized,f5c4faa94fe03b2d088b72743da175380dfcf2edbfacd0077cc25eb19d2ca7e9
CollecTRI,NPAS1,2,0.9999999999999999,True,all official signed TF-target weights intersected with G_PRIMARY; L2 normalized,f5c4faa94fe03b2d088b72743da175380dfcf2edbfacd0077cc25eb19d2ca7e9
CollecTRI,NPAS2,10,1.0,False,all official signed TF-target weights intersected with G_PRIMARY; L2 normalized,f5c4faa94fe03b2d088b72743da175380dfcf2edbfacd0077cc25eb19d2ca7e9
CollecTRI,NPAS3,1,1.0,False,all official signed TF-target weights intersected with G_PRIMARY; L2 normalized,f5c4faa94fe03b2d088b72743da175380dfcf2edbfacd0077cc25eb19d2ca7e9
CollecTRI,NPAS4,3,1.0,True,all official signed TF-target weights intersected with G_PRIMARY; L2 normalized,f5c4faa94fe03b2d088b72743da175380dfcf2edbfacd0077cc25eb19d2ca7e9
CollecTRI,NPM1,12,1.0,True,all official signed TF-target weights intersected with G_PRIMARY; L2 normalized,f5c4faa94fe03b2d088b72743da175380dfcf2edbfacd0077cc25eb19d2ca7e9
CollecTRI,NR0B1,42,1.0,True,all official signed TF-target weights intersected with G_PRIMARY; L2 normalized,f5c4faa94fe03b2d088b72743da175380dfcf2edbfacd0077cc25eb19d2ca7e9
CollecTRI,NR0B2,95,1.0000000000000002,True,all official signed TF-target weights intersected with G_PRIMARY; L2 normalized,f5c4faa94fe03b2d088b72743da175380dfcf2edbfacd0077cc25eb19d2ca7e9
CollecTRI,NR1D1,21,1.0,True,all official signed TF-target weights intersected with G_PRIMARY; L2 normalized,f5c4faa94fe03b2d088b72743da175380dfcf2edbfacd0077cc25eb19d2ca7e9
CollecTRI,NR1D2,5,0.9999999999999999,True,all official signed TF-target weights intersected with G_PRIMARY; L2 normalized,f5c4faa94fe03b2d088b72743da175380dfcf2edbfacd0077cc25eb19d2ca7e9
CollecTRI,NR1H2,41,1.0,True,all official signed TF-target weights intersected with G_PRIMARY; L2 normalized,f5c4faa94fe03b2d088b72743da175380dfcf2edbfacd0077cc25eb19d2ca7e9
CollecTRI,NR1H3,115,1.0,True,all official signed TF-target weights intersected with G_PRIMARY; L2 normalized,f5c4faa94fe03b2d088b72743da175380dfcf2edbfacd0077cc25eb19d2ca7e9
CollecTRI,NR1H4,109,0.9999999999999999,True,all official signed TF-target weights intersected with G_PRIMARY; L2 normalized,f5c4faa94fe03b2d088b72743da175380dfcf2edbfacd0077cc25eb19d2ca7e9
CollecTRI,NR1I2,208,0.9999999999999999,True,all official signed TF-target weights intersected with G_PRIMARY; L2 normalized,f5c4faa94fe03b2d088b72743da175380dfcf2edbfacd0077cc25eb19d2ca7e9
CollecTRI,NR1I3,49,0.9999999999999999,True,all official signed TF-target weights intersected with G_PRIMARY; L2 normalized,f5c4faa94fe03b2d088b72743da175380dfcf2edbfacd0077cc25eb19d2ca7e9
CollecTRI,NR2C1,14,0.9999999999999999,True,all official signed TF-target weights intersected with G_PRIMARY; L2 normalized,f5c4faa94fe03b2d088b72743da175380dfcf2edbfacd0077cc25eb19d2ca7e9
CollecTRI,NR2C2,50,1.0,True,all official signed TF-target weights intersected with G_PRIMARY; L2 normalized,f5c4faa94fe03b2d088b72743da175380dfcf2edbfacd0077cc25eb19d2ca7e9
CollecTRI,NR2E1,12,1.0,True,all official signed TF-target weights intersected with G_PRIMARY; L2 normalized,f5c4faa94fe03b2d088b72743da175380dfcf2edbfacd0077cc25eb19d2ca7e9
CollecTRI,NR2E3,8,0.9999999999999999,False,all official signed TF-target weights intersected with G_PRIMARY; L2 normalized,f5c4faa94fe03b2d088b72743da175380dfcf2edbfacd0077cc25eb19d2ca7e9
CollecTRI,NR2F1,52,1.0,True,all official signed TF-target weights intersected with G_PRIMARY; L2 normalized,f5c4faa94fe03b2d088b72743da175380dfcf2edbfacd0077cc25eb19d2ca7e9
CollecTRI,NR2F2,64,1.0,True,all official signed TF-target weights intersected with G_PRIMARY; L2 normalized,f5c4faa94fe03b2d088b72743da175380dfcf2edbfacd0077cc25eb19d2ca7e9
CollecTRI,NR2F6,10,1.0,True,all official signed TF-target weights intersected with G_PRIMARY; L2 normalized,f5c4faa94fe03b2d088b72743da175380dfcf2edbfacd0077cc25eb19d2ca7e9
CollecTRI,NR3C1,236,1.0000000000000002,True,all official signed TF-target weights intersected with G_PRIMARY; L2 normalized,f5c4faa94fe03b2d088b72743da175380dfcf2edbfacd0077cc25eb19d2ca7e9
CollecTRI,NR3C2,49,0.9999999999999999,True,all official signed TF-target weights intersected with G_PRIMARY; L2 normalized,f5c4faa94fe03b2d088b72743da175380dfcf2edbfacd0077cc25eb19d2ca7e9
CollecTRI,NR4A1,85,0.9999999999999999,True,all official signed TF-target weights intersected with G_PRIMARY; L2 normalized,f5c4faa94fe03b2d088b72743da175380dfcf2edbfacd0077cc25eb19d2ca7e9
CollecTRI,NR4A2,48,1.0,True,all official signed TF-target weights intersected with G_PRIMARY; L2 normalized,f5c4faa94fe03b2d088b72743da175380dfcf2edbfacd0077cc25eb19d2ca7e9
CollecTRI,NR4A3,33,1.0,True,all official signed TF-target weights intersected with G_PRIMARY; L2 normalized,f5c4faa94fe03b2d088b72743da175380dfcf2edbfacd0077cc25eb19d2ca7e9
CollecTRI,NR5A1,86,1.0,True,all official signed TF-target weights intersected with G_PRIMARY; L2 normalized,f5c4faa94fe03b2d088b72743da175380dfcf2edbfacd0077cc25eb19d2ca7e9
CollecTRI,NR5A2,51,1.0,True,all official signed TF-target weights intersected with G_PRIMARY; L2 normalized,f5c4faa94fe03b2d088b72743da175380dfcf2edbfacd0077cc25eb19d2ca7e9
CollecTRI,NR6A1,10,1.0,True,all official signed TF-target weights intersected with G_PRIMARY; L2 normalized,f5c4faa94fe03b2d088b72743da175380dfcf2edbfacd0077cc25eb19d2ca7e9
CollecTRI,NRF1,83,1.0,True,all official signed TF-target weights intersected with G_PRIMARY; L2 normalized,f5c4faa94fe03b2d088b72743da175380dfcf2edbfacd0077cc25eb19d2ca7e9
CollecTRI,NRG1,33,1.0,False,all official signed TF-target weights intersected with G_PRIMARY; L2 normalized,f5c4faa94fe03b2d088b72743da175380dfcf2edbfacd0077cc25eb19d2ca7e9
CollecTRI,NRIP1,3,1.0,True,all official signed TF-target weights intersected with G_PRIMARY; L2 normalized,f5c4faa94fe03b2d088b72743da175380dfcf2edbfacd0077cc25eb19d2ca7e9
CollecTRI,NRL,17,1.0,False,all official signed TF-target weights intersected with G_PRIMARY; L2 normalized,f5c4faa94fe03b2d088b72743da175380dfcf2edbfacd0077cc25eb19d2ca7e9
CollecTRI,NSD2,8,0.9999999999999999,False,all official signed TF-target weights intersected with G_PRIMARY; L2 normalized,f5c4faa94fe03b2d088b72743da175380dfcf2edbfacd0077cc25eb19d2ca7e9
CollecTRI,NUCKS1,1,1.0,False,all official signed TF-target weights intersected with G_PRIMARY; L2 normalized,f5c4faa94fe03b2d088b72743da175380dfcf2edbfacd0077cc25eb19d2ca7e9
CollecTRI,NUPR1,6,1.0,True,all official signed TF-target weights intersected with G_PRIMARY; L2 normalized,f5c4faa94fe03b2d088b72743da175380dfcf2edbfacd0077cc25eb19d2ca7e9
CollecTRI,OLIG1,5,0.9999999999999999,False,all official signed TF-target weights intersected with G_PRIMARY; L2 normalized,f5c4faa94fe03b2d088b72743da175380dfcf2edbfacd0077cc25eb19d2ca7e9
CollecTRI,OLIG2,16,1.0,True,all official signed TF-target weights intersected with G_PRIMARY; L2 normalized,f5c4faa94fe03b2d088b72743da175380dfcf2edbfacd0077cc25eb19d2ca7e9
CollecTRI,ONECUT1,28,0.9999999999999999,True,all official signed TF-target weights intersected with G_PRIMARY; L2 normalized,f5c4faa94fe03b2d088b72743da175380dfcf2edbfacd0077cc25eb19d2ca7e9
CollecTRI,ONECUT2,4,1.0,True,all official signed TF-target weights intersected with G_PRIMARY; L2 normalized,f5c4faa94fe03b2d088b72743da175380dfcf2edbfacd0077cc25eb19d2ca7e9
CollecTRI,ONECUT3,1,1.0,False,all official signed TF-target weights intersected with G_PRIMARY; L2 normalized,f5c4faa94fe03b2d088b72743da175380dfcf2edbfacd0077cc25eb19d2ca7e9
CollecTRI,OSR1,4,1.0,True,all official signed TF-target weights intersected with G_PRIMARY; L2 normalized,f5c4faa94fe03b2d088b72743da175380dfcf2edbfacd0077cc25eb19d2ca7e9
CollecTRI,OSR2,1,1.0,False,all official signed TF-target weights intersected with G_PRIMARY; L2 normalized,f5c4faa94fe03b2d088b72743da175380dfcf2edbfacd0077cc25eb19d2ca7e9
CollecTRI,OTP,1,1.0,False,all official signed TF-target weights intersected with G_PRIMARY; L2 normalized,f5c4faa94fe03b2d088b72743da175380dfcf2edbfacd0077cc25eb19d2ca7e9
CollecTRI,OTX1,2,0.9999999999999999,False,all official signed TF-target weights intersected with G_PRIMARY; L2 normalized,f5c4faa94fe03b2d088b72743da175380dfcf2edbfacd0077cc25eb19d2ca7e9
CollecTRI,OTX2,33,1.0,True,all official signed TF-target weights intersected with G_PRIMARY; L2 normalized,f5c4faa94fe03b2d088b72743da175380dfcf2edbfacd0077cc25eb19d2ca7e9
CollecTRI,OVOL1,10,1.0,True,all official signed TF-target weights intersected with G_PRIMARY; L2 normalized,f5c4faa94fe03b2d088b72743da175380dfcf2edbfacd0077cc25eb19d2ca7e9
CollecTRI,OVOL2,1,1.0,True,all official signed TF-target weights intersected with G_PRIMARY; L2 normalized,f5c4faa94fe03b2d088b72743da175380dfcf2edbfacd0077cc25eb19d2ca7e9
CollecTRI,PA2G4,4,1.0,True,all official signed TF-target weights intersected with G_PRIMARY; L2 normalized,f5c4faa94fe03b2d088b72743da175380dfcf2edbfacd0077cc25eb19d2ca7e9
CollecTRI,PARK7,7,0.9999999999999998,True,all official signed TF-target weights intersected with G_PRIMARY; L2 normalized,f5c4faa94fe03b2d088b72743da175380dfcf2edbfacd0077cc25eb19d2ca7e9
CollecTRI,PARP10,2,0.9999999999999999,True,all official signed TF-target weights intersected with G_PRIMARY; L2 normalized,f5c4faa94fe03b2d088b72743da175380dfcf2edbfacd0077cc25eb19d2ca7e9
CollecTRI,PARP14,1,1.0,True,all official signed TF-target weights intersected with G_PRIMARY; L2 normalized,f5c4faa94fe03b2d088b72743da175380dfcf2edbfacd0077cc25eb19d2ca7e9
CollecTRI,PARP9,1,1.0,True,all official signed TF-target weights intersected with G_PRIMARY; L2 normalized,f5c4faa94fe03b2d088b72743da175380dfcf2edbfacd0077cc25eb19d2ca7e9
CollecTRI,PASD1,1,1.0,True,all official signed TF-target weights intersected with G_PRIMARY; L2 normalized,f5c4faa94fe03b2d088b72743da175380dfcf2edbfacd0077cc25eb19d2ca7e9
CollecTRI,PATZ1,10,1.0,True,all official signed TF-target weights intersected with G_PRIMARY; L2 normalized,f5c4faa94fe03b2d088b72743da175380dfcf2edbfacd0077cc25eb19d2ca7e9
CollecTRI,PAWR,6,1.0,True,all official signed TF-target weights intersected with G_PRIMARY; L2 normalized,f5c4faa94fe03b2d088b72743da175380dfcf2edbfacd0077cc25eb19d2ca7e9
CollecTRI,PAX1,4,1.0,False,all official signed TF-target weights intersected with G_PRIMARY; L2 normalized,f5c4faa94fe03b2d088b72743da175380dfcf2edbfacd0077cc25eb19d2ca7e9
CollecTRI,PAX2,24,1.0,True,all official signed TF-target weights intersected with G_PRIMARY; L2 normalized,f5c4faa94fe03b2d088b72743da175380dfcf2edbfacd0077cc25eb19d2ca7e9
CollecTRI,PAX3,98,0.9999999999999999,True,all official signed TF-target weights intersected with G_PRIMARY; L2 normalized,f5c4faa94fe03b2d088b72743da175380dfcf2edbfacd0077cc25eb19d2ca7e9
CollecTRI,PAX4,5,0.9999999999999999,True,all official signed TF-target weights intersected with G_PRIMARY; L2 normalized,f5c4faa94fe03b2d088b72743da175380dfcf2edbfacd0077cc25eb19d2ca7e9
CollecTRI,PAX5,55,1.0,True,all official signed TF-target weights intersected with G_PRIMARY; L2 normalized,f5c4faa94fe03b2d088b72743da175380dfcf2edbfacd0077cc25eb19d2ca7e9
CollecTRI,PAX6,130,1.0,True,all official signed TF-target weights intersected with G_PRIMARY; L2 normalized,f5c4faa94fe03b2d088b72743da175380dfcf2edbfacd0077cc25eb19d2ca7e9
CollecTRI,PAX7,15,0.9999999999999999,False,all official signed TF-target weights intersected with G_PRIMARY; L2 normalized,f5c4faa94fe03b2d088b72743da175380dfcf2edbfacd0077cc25eb19d2ca7e9
CollecTRI,PAX8,29,0.9999999999999999,True,all official signed TF-target weights intersected with G_PRIMARY; L2 normalized,f5c4faa94fe03b2d088b72743da175380dfcf2edbfacd0077cc25eb19d2ca7e9
CollecTRI,PAX9,9,1.0,False,all official signed TF-target weights intersected with G_PRIMARY; L2 normalized,f5c4faa94fe03b2d088b72743da175380dfcf2edbfacd0077cc25eb19d2ca7e9
CollecTRI,PBRM1,9,1.0,False,all official signed TF-target weights intersected with G_PRIMARY; L2 normalized,f5c4faa94fe03b2d088b72743da175380dfcf2edbfacd0077cc25eb19d2ca7e9
CollecTRI,PBX1,48,1.0,True,all official signed TF-target weights intersected with G_PRIMARY; L2 normalized,f5c4faa94fe03b2d088b72743da175380dfcf2edbfacd0077cc25eb19d2ca7e9
CollecTRI,PBX2,8,0.9999999999999999,True,all official signed TF-target weights intersected with G_PRIMARY; L2 normalized,f5c4faa94fe03b2d088b72743da175380dfcf2edbfacd0077cc25eb19d2ca7e9
CollecTRI,PBX3,1,1.0,True,all official signed TF-target weights intersected with G_PRIMARY; L2 normalized,f5c4faa94fe03b2d088b72743da175380dfcf2edbfacd0077cc25eb19d2ca7e9
CollecTRI,PBX4,2,0.9999999999999999,True,all official signed TF-target weights intersected with G_PRIMARY; L2 normalized,f5c4faa94fe03b2d088b72743da175380dfcf2edbfacd0077cc25eb19d2ca7e9
CollecTRI,PCBD1,1,1.0,False,all official signed TF-target weights intersected with G_PRIMARY; L2 normalized,f5c4faa94fe03b2d088b72743da175380dfcf2edbfacd0077cc25eb19d2ca7e9
CollecTRI,PCGF2,3,1.0,True,all official signed TF-target weights intersected with G_PRIMARY; L2 normalized,f5c4faa94fe03b2d088b72743da175380dfcf2edbfacd0077cc25eb19d2ca7e9
CollecTRI,PDX1,70,0.9999999999999999,True,all official signed TF-target weights intersected with G_PRIMARY; L2 normalized,f5c4faa94fe03b2d088b72743da175380dfcf2edbfacd0077cc25eb19d2ca7e9
CollecTRI,PEG3,8,0.9999999999999999,False,all official signed TF-target weights intersected with G_PRIMARY; L2 normalized,f5c4faa94fe03b2d088b72743da175380dfcf2edbfacd0077cc25eb19d2ca7e9
CollecTRI,PER2,3,1.0,True,all official signed TF-target weights intersected with G_PRIMARY; L2 normalized,f5c4faa94fe03b2d088b72743da175380dfcf2edbfacd0077cc25eb19d2ca7e9
CollecTRI,PGR,115,1.0,True,all official signed TF-target weights intersected with G_PRIMARY; L2 normalized,f5c4faa94fe03b2d088b72743da175380dfcf2edbfacd0077cc25eb19d2ca7e9
CollecTRI,PHB1,2,0.9999999999999999,True,all official signed TF-target weights intersected with G_PRIMARY; L2 normalized,f5c4faa94fe03b2d088b72743da175380dfcf2edbfacd0077cc25eb19d2ca7e9
CollecTRI,PHF1,2,0.9999999999999999,True,all official signed TF-target weights intersected with G_PRIMARY; L2 normalized,f5c4faa94fe03b2d088b72743da175380dfcf2edbfacd0077cc25eb19d2ca7e9
CollecTRI,PHF20,8,0.9999999999999999,False,all official signed TF-target weights intersected with G_PRIMARY; L2 normalized,f5c4faa94fe03b2d088b72743da175380dfcf2edbfacd0077cc25eb19d2ca7e9
CollecTRI,PHF5A,4,1.0,False,all official signed TF-target weights intersected with G_PRIMARY; L2 normalized,f5c4faa94fe03b2d088b72743da175380dfcf2edbfacd0077cc25eb19d2ca7e9
CollecTRI,PHF8,2,0.9999999999999999,False,all official signed TF-target weights intersected with G_PRIMARY; L2 normalized,f5c4faa94fe03b2d088b72743da175380dfcf2edbfacd0077cc25eb19d2ca7e9
CollecTRI,PHOX2A,7,0.9999999999999998,False,all official signed TF-target weights intersected with G_PRIMARY; L2 normalized,f5c4faa94fe03b2d088b72743da175380dfcf2edbfacd0077cc25eb19d2ca7e9
CollecTRI,PHOX2B,9,1.0,True,all official signed TF-target weights intersected with G_PRIMARY; L2 normalized,f5c4faa94fe03b2d088b72743da175380dfcf2edbfacd0077cc25eb19d2ca7e9
CollecTRI,PIAS1,3,1.0,True,all official signed TF-target weights intersected with G_PRIMARY; L2 normalized,f5c4faa94fe03b2d088b72743da175380dfcf2edbfacd0077cc25eb19d2ca7e9
CollecTRI,PIAS2,4,1.0,True,all official signed TF-target weights intersected with G_PRIMARY; L2 normalized,f5c4faa94fe03b2d088b72743da175380dfcf2edbfacd0077cc25eb19d2ca7e9
CollecTRI,PIAS3,4,1.0,True,all official signed TF-target weights intersected with G_PRIMARY; L2 normalized,f5c4faa94fe03b2d088b72743da175380dfcf2edbfacd0077cc25eb19d2ca7e9
CollecTRI,PIAS4,2,0.9999999999999999,True,all official signed TF-target weights intersected with G_PRIMARY; L2 normalized,f5c4faa94fe03b2d088b72743da175380dfcf2edbfacd0077cc25eb19d2ca7e9
CollecTRI,PIN1,6,1.0,True,all official signed TF-target weights intersected with G_PRIMARY; L2 normalized,f5c4faa94fe03b2d088b72743da175380dfcf2edbfacd0077cc25eb19d2ca7e9
CollecTRI,PIR,1,1.0,False,all official signed TF-target weights intersected with G_PRIMARY; L2 normalized,f5c4faa94fe03b2d088b72743da175380dfcf2edbfacd0077cc25eb19d2ca7e9
CollecTRI,PITX1,27,1.0,True,all official signed TF-target weights intersected with G_PRIMARY; L2 normalized,f5c4faa94fe03b2d088b72743da175380dfcf2edbfacd0077cc25eb19d2ca7e9
CollecTRI,PITX2,112,0.9999999999999998,True,all official signed TF-target weights intersected with G_PRIMARY; L2 normalized,f5c4faa94fe03b2d088b72743da175380dfcf2edbfacd0077cc25eb19d2ca7e9
CollecTRI,PITX3,19,0.9999999999999998,True,all official signed TF-target weights intersected with G_PRIMARY; L2 normalized,f5c4faa94fe03b2d088b72743da175380dfcf2edbfacd0077cc25eb19d2ca7e9
CollecTRI,PKNOX1,14,0.9999999999999999,True,all official signed TF-target weights intersected with G_PRIMARY; L2 normalized,f5c4faa94fe03b2d088b72743da175380dfcf2edbfacd0077cc25eb19d2ca7e9
CollecTRI,PLAG1,8,0.9999999999999999,False,all official signed TF-target weights intersected with G_PRIMARY; L2 normalized,f5c4faa94fe03b2d088b72743da175380dfcf2edbfacd0077cc25eb19d2ca7e9
CollecTRI,PLAGL1,16,1.0,True,all official signed TF-target weights intersected with G_PRIMARY; L2 normalized,f5c4faa94fe03b2d088b72743da175380dfcf2edbfacd0077cc25eb19d2ca7e9
CollecTRI,PLAGL2,7,0.9999999999999998,False,all official signed TF-target weights intersected with G_PRIMARY; L2 normalized,f5c4faa94fe03b2d088b72743da175380dfcf2edbfacd0077cc25eb19d2ca7e9
CollecTRI,PLSCR1,1,1.0,False,all official signed TF-target weights intersected with G_PRIMARY; L2 normalized,f5c4faa94fe03b2d088b72743da175380dfcf2edbfacd0077cc25eb19d2ca7e9
CollecTRI,PML,19,0.9999999999999998,True,all official signed TF-target weights intersected with G_PRIMARY; L2 normalized,f5c4faa94fe03b2d088b72743da175380dfcf2edbfacd0077cc25eb19d2ca7e9
CollecTRI,POU1F1,41,1.0,False,all official signed TF-target weights intersected with G_PRIMARY; L2 normalized,f5c4faa94fe03b2d088b72743da175380dfcf2edbfacd0077cc25eb19d2ca7e9
CollecTRI,POU2AF1,3,1.0,False,all official signed TF-target weights intersected with G_PRIMARY; L2 normalized,f5c4faa94fe03b2d088b72743da175380dfcf2edbfacd0077cc25eb19d2ca7e9
CollecTRI,POU2F1,94,0.9999999999999999,True,all official signed TF-target weights intersected with G_PRIMARY; L2 normalized,f5c4faa94fe03b2d088b72743da175380dfcf2edbfacd0077cc25eb19d2ca7e9
CollecTRI,POU2F2,32,0.9999999999999999,False,all official signed TF-target weights intersected with G_PRIMARY; L2 normalized,f5c4faa94fe03b2d088b72743da175380dfcf2edbfacd0077cc25eb19d2ca7e9
CollecTRI,POU2F3,7,0.9999999999999998,True,all official signed TF-target weights intersected with G_PRIMARY; L2 normalized,f5c4faa94fe03b2d088b72743da175380dfcf2edbfacd0077cc25eb19d2ca7e9
CollecTRI,POU3F1,18,1.0,True,all official signed TF-target weights intersected with G_PRIMARY; L2 normalized,f5c4faa94fe03b2d088b72743da175380dfcf2edbfacd0077cc25eb19d2ca7e9
CollecTRI,POU3F2,24,1.0,True,all official signed TF-target weights intersected with G_PRIMARY; L2 normalized,f5c4faa94fe03b2d088b72743da175380dfcf2edbfacd0077cc25eb19d2ca7e9
CollecTRI,POU3F3,2,0.9999999999999999,False,all official signed TF-target weights intersected with G_PRIMARY; L2 normalized,f5c4faa94fe03b2d088b72743da175380dfcf2edbfacd0077cc25eb19d2ca7e9
CollecTRI,POU3F4,3,1.0,True,all official signed TF-target weights intersected with G_PRIMARY; L2 normalized,f5c4faa94fe03b2d088b72743da175380dfcf2edbfacd0077cc25eb19d2ca7e9
CollecTRI,POU4F1,25,1.0,True,all official signed TF-target weights intersected with G_PRIMARY; L2 normalized,f5c4faa94fe03b2d088b72743da175380dfcf2edbfacd0077cc25eb19d2ca7e9
CollecTRI,POU4F2,30,0.9999999999999999,True,all official signed TF-target weights intersected with G_PRIMARY; L2 normalized,f5c4faa94fe03b2d088b72743da175380dfcf2edbfacd0077cc25eb19d2ca7e9
CollecTRI,POU4F3,6,1.0,False,all official signed TF-target weights intersected with G_PRIMARY; L2 normalized,f5c4faa94fe03b2d088b72743da175380dfcf2edbfacd0077cc25eb19d2ca7e9
CollecTRI,POU5F1,80,0.9999999999999999,True,all official signed TF-target weights intersected with G_PRIMARY; L2 normalized,f5c4faa94fe03b2d088b72743da175380dfcf2edbfacd0077cc25eb19d2ca7e9
CollecTRI,POU6F2,4,1.0,False,all official signed TF-target weights intersected with G_PRIMARY; L2 normalized,f5c4faa94fe03b2d088b72743da175380dfcf2edbfacd0077cc25eb19d2ca7e9
CollecTRI,PPARA,229,0.9999999999999998,True,all official signed TF-target weights intersected with G_PRIMARY; L2 normalized,f5c4faa94fe03b2d088b72743da175380dfcf2edbfacd0077cc25eb19d2ca7e9
CollecTRI,PPARD,94,0.9999999999999999,True,all official signed TF-target weights intersected with G_PRIMARY; L2 normalized,f5c4faa94fe03b2d088b72743da175380dfcf2edbfacd0077cc25eb19d2ca7e9
CollecTRI,PPARG,312,0.9999999999999999,True,all official signed TF-target weights intersected with G_PRIMARY; L2 normalized,f5c4faa94fe03b2d088b72743da175380dfcf2edbfacd0077cc25eb19d2ca7e9
CollecTRI,PPARGC1A,26,1.0,True,all official signed TF-target weights intersected with G_PRIMARY; L2 normalized,f5c4faa94fe03b2d088b72743da175380dfcf2edbfacd0077cc25eb19d2ca7e9
CollecTRI,PPARGC1B,5,0.9999999999999999,False,all official signed TF-target weights intersected with G_PRIMARY; L2 normalized,f5c4faa94fe03b2d088b72743da175380dfcf2edbfacd0077cc25eb19d2ca7e9
CollecTRI,PPP1R13L,1,1.0,True,all official signed TF-target weights intersected with G_PRIMARY; L2 normalized,f5c4faa94fe03b2d088b72743da175380dfcf2edbfacd0077cc25eb19d2ca7e9
CollecTRI,PRDM1,57,1.0,True,all official signed TF-target weights intersected with G_PRIMARY; L2 normalized,f5c4faa94fe03b2d088b72743da175380dfcf2edbfacd0077cc25eb19d2ca7e9
CollecTRI,PRDM10,4,1.0,False,all official signed TF-target weights intersected with G_PRIMARY; L2 normalized,f5c4faa94fe03b2d088b72743da175380dfcf2edbfacd0077cc25eb19d2ca7e9
CollecTRI,PRDM14,1,1.0,False,all official signed TF-target weights intersected with G_PRIMARY; L2 normalized,f5c4faa94fe03b2d088b72743da175380dfcf2edbfacd0077cc25eb19d2ca7e9
CollecTRI,PRDM16,5,0.9999999999999999,False,all official signed TF-target weights intersected with G_PRIMARY; L2 normalized,f5c4faa94fe03b2d088b72743da175380dfcf2edbfacd0077cc25eb19d2ca7e9
CollecTRI,PRDM2,9,1.0,True,all official signed TF-target weights intersected with G_PRIMARY; L2 normalized,f5c4faa94fe03b2d088b72743da175380dfcf2edbfacd0077cc25eb19d2ca7e9
CollecTRI,PRDM4,8,0.9999999999999999,False,all official signed TF-target weights intersected with G_PRIMARY; L2 normalized,f5c4faa94fe03b2d088b72743da175380dfcf2edbfacd0077cc25eb19d2ca7e9
CollecTRI,PRDM5,4,1.0,False,all official signed TF-target weights intersected with G_PRIMARY; L2 normalized,f5c4faa94fe03b2d088b72743da175380dfcf2edbfacd0077cc25eb19d2ca7e9
CollecTRI,PREB,12,1.0,False,all official signed TF-target weights intersected with G_PRIMARY; L2 normalized,f5c4faa94fe03b2d088b72743da175380dfcf2edbfacd0077cc25eb19d2ca7e9
CollecTRI,PRMT5,1,1.0,False,all official signed TF-target weights intersected with G_PRIMARY; L2 normalized,f5c4faa94fe03b2d088b72743da175380dfcf2edbfacd0077cc25eb19d2ca7e9
CollecTRI,PROP1,7,0.9999999999999998,False,all official signed TF-target weights intersected with G_PRIMARY; L2 normalized,f5c4faa94fe03b2d088b72743da175380dfcf2edbfacd0077cc25eb19d2ca7e9
CollecTRI,PROX1,31,1.0,True,all official signed TF-target weights intersected with G_PRIMARY; L2 normalized,f5c4faa94fe03b2d088b72743da175380dfcf2edbfacd0077cc25eb19d2ca7e9
CollecTRI,PRRX1,6,1.0,False,all official signed TF-target weights intersected with G_PRIMARY; L2 normalized,f5c4faa94fe03b2d088b72743da175380dfcf2edbfacd0077cc25eb19d2ca7e9
CollecTRI,PRRX2,1,1.0,False,all official signed TF-target weights intersected with G_PRIMARY; L2 normalized,f5c4faa94fe03b2d088b72743da175380dfcf2edbfacd0077cc25eb19d2ca7e9
CollecTRI,PTF1A,7,0.9999999999999998,False,all official signed TF-target weights intersected with G_PRIMARY; L2 normalized,f5c4faa94fe03b2d088b72743da175380dfcf2edbfacd0077cc25eb19d2ca7e9
CollecTRI,PURA,17,1.0,True,all official signed TF-target weights intersected with G_PRIMARY; L2 normalized,f5c4faa94fe03b2d088b72743da175380dfcf2edbfacd0077cc25eb19d2ca7e9
CollecTRI,PURB,2,0.9999999999999999,True,all official signed TF-target weights intersected with G_PRIMARY; L2 normalized,f5c4faa94fe03b2d088b72743da175380dfcf2edbfacd0077cc25eb19d2ca7e9
CollecTRI,RARA,158,1.0,True,all official signed TF-target weights intersected with G_PRIMARY; L2 normalized,f5c4faa94fe03b2d088b72743da175380dfcf2edbfacd0077cc25eb19d2ca7e9
CollecTRI,RARB,48,1.0,True,all official signed TF-target weights intersected with G_PRIMARY; L2 normalized,f5c4faa94fe03b2d088b72743da175380dfcf2edbfacd0077cc25eb19d2ca7e9
CollecTRI,RARG,36,1.0,True,all official signed TF-target weights intersected with G_PRIMARY; L2 normalized,f5c4faa94fe03b2d088b72743da175380dfcf2edbfacd0077cc25eb19d2ca7e9
CollecTRI,RAX,3,1.0,False,all official signed TF-target weights intersected with G_PRIMARY; L2 normalized,f5c4faa94fe03b2d088b72743da175380dfcf2edbfacd0077cc25eb19d2ca7e9
CollecTRI,RB1,33,1.0,True,all official signed TF-target weights intersected with G_PRIMARY; L2 normalized,f5c4faa94fe03b2d088b72743da175380dfcf2edbfacd0077cc25eb19d2ca7e9
CollecTRI,RBAK,2,0.9999999999999999,False,all official signed TF-target weights intersected with G_PRIMARY; L2 normalized,f5c4faa94fe03b2d088b72743da175380dfcf2edbfacd0077cc25eb19d2ca7e9
CollecTRI,RBBP8,1,1.0,False,all official signed TF-target weights intersected with G_PRIMARY; L2 normalized,f5c4faa94fe03b2d088b72743da175380dfcf2edbfacd0077cc25eb19d2ca7e9
CollecTRI,RBCK1,2,0.9999999999999999,False,all official signed TF-target weights intersected with G_PRIMARY; L2 normalized,f5c4faa94fe03b2d088b72743da175380dfcf2edbfacd0077cc25eb19d2ca7e9
CollecTRI,RBFOX2,1,1.0,True,all official signed TF-target weights intersected with G_PRIMARY; L2 normalized,f5c4faa94fe03b2d088b72743da175380dfcf2edbfacd0077cc25eb19d2ca7e9
CollecTRI,RBPJ,131,1.0,True,all official signed TF-target weights intersected with G_PRIMARY; L2 normalized,f5c4faa94fe03b2d088b72743da175380dfcf2edbfacd0077cc25eb19d2ca7e9
CollecTRI,RBPJL,1,1.0,False,all official signed TF-target weights intersected with G_PRIMARY; L2 normalized,f5c4faa94fe03b2d088b72743da175380dfcf2edbfacd0077cc25eb19d2ca7e9
CollecTRI,RCOR1,2,0.9999999999999999,True,all official signed TF-target weights intersected with G_PRIMARY; L2 normalized,f5c4faa94fe03b2d088b72743da175380dfcf2edbfacd0077cc25eb19d2ca7e9
CollecTRI,RCOR2,16,1.0,True,all official signed TF-target weights intersected with G_PRIMARY; L2 normalized,f5c4faa94fe03b2d088b72743da175380dfcf2edbfacd0077cc25eb19d2ca7e9
CollecTRI,REL,95,1.0000000000000002,True,all official signed TF-target weights intersected with G_PRIMARY; L2 normalized,f5c4faa94fe03b2d088b72743da175380dfcf2edbfacd0077cc25eb19d2ca7e9
CollecTRI,RELA,490,1.0,True,all official signed TF-target weights intersected with G_PRIMARY; L2 normalized,f5c4faa94fe03b2d088b72743da175380dfcf2edbfacd0077cc25eb19d2ca7e9
CollecTRI,RELB,50,1.0,True,all official signed TF-target weights intersected with G_PRIMARY; L2 normalized,f5c4faa94fe03b2d088b72743da175380dfcf2edbfacd0077cc25eb19d2ca7e9
CollecTRI,RERE,3,1.0,False,all official signed TF-target weights intersected with G_PRIMARY; L2 normalized,f5c4faa94fe03b2d088b72743da175380dfcf2edbfacd0077cc25eb19d2ca7e9
CollecTRI,REST,61,1.0,True,all official signed TF-target weights intersected with G_PRIMARY; L2 normalized,f5c4faa94fe03b2d088b72743da175380dfcf2edbfacd0077cc25eb19d2ca7e9
CollecTRI,RFX1,21,1.0,True,all official signed TF-target weights intersected with G_PRIMARY; L2 normalized,f5c4faa94fe03b2d088b72743da175380dfcf2edbfacd0077cc25eb19d2ca7e9
CollecTRI,RFX2,4,1.0,False,all official signed TF-target weights intersected with G_PRIMARY; L2 normalized,f5c4faa94fe03b2d088b72743da175380dfcf2edbfacd0077cc25eb19d2ca7e9
CollecTRI,RFX3,5,0.9999999999999999,True,all official signed TF-target weights intersected with G_PRIMARY; L2 normalized,f5c4faa94fe03b2d088b72743da175380dfcf2edbfacd0077cc25eb19d2ca7e9
CollecTRI,RFX4,4,1.0,False,all official signed TF-target weights intersected with G_PRIMARY; L2 normalized,f5c4faa94fe03b2d088b72743da175380dfcf2edbfacd0077cc25eb19d2ca7e9
CollecTRI,RFX5,17,1.0,True,all official signed TF-target weights intersected with G_PRIMARY; L2 normalized,f5c4faa94fe03b2d088b72743da175380dfcf2edbfacd0077cc25eb19d2ca7e9
CollecTRI,RFX6,1,1.0,False,all official signed TF-target weights intersected with G_PRIMARY; L2 normalized,f5c4faa94fe03b2d088b72743da175380dfcf2edbfacd0077cc25eb19d2ca7e9
CollecTRI,RFXANK,11,1.0,False,all official signed TF-target weights intersected with G_PRIMARY; L2 normalized,f5c4faa94fe03b2d088b72743da175380dfcf2edbfacd0077cc25eb19d2ca7e9
CollecTRI,RFXAP,10,1.0,False,all official signed TF-target weights intersected with G_PRIMARY; L2 normalized,f5c4faa94fe03b2d088b72743da175380dfcf2edbfacd0077cc25eb19d2ca7e9
CollecTRI,RHOXF1,1,1.0,False,all official signed TF-target weights intersected with G_PRIMARY; L2 normalized,f5c4faa94fe03b2d088b72743da175380dfcf2edbfacd0077cc25eb19d2ca7e9
CollecTRI,RLF,3,1.0,False,all official signed TF-target weights intersected with G_PRIMARY; L2 normalized,f5c4faa94fe03b2d088b72743da175380dfcf2edbfacd0077cc25eb19d2ca7e9
CollecTRI,RNF14,1,1.0,False,all official signed TF-target weights intersected with G_PRIMARY; L2 normalized,f5c4faa94fe03b2d088b72743da175380dfcf2edbfacd0077cc25eb19d2ca7e9
CollecTRI,RORA,66,0.9999999999999999,True,all official signed TF-target weights intersected with G_PRIMARY; L2 normalized,f5c4faa94fe03b2d088b72743da175380dfcf2edbfacd0077cc25eb19d2ca7e9
CollecTRI,RORB,6,1.0,False,all official signed TF-target weights intersected with G_PRIMARY; L2 normalized,f5c4faa94fe03b2d088b72743da175380dfcf2edbfacd0077cc25eb19d2ca7e9
CollecTRI,RORC,13,0.9999999999999999,True,all official signed TF-target weights intersected with G_PRIMARY; L2 normalized,f5c4faa94fe03b2d088b72743da175380dfcf2edbfacd0077cc25eb19d2ca7e9
CollecTRI,RREB1,9,1.0,True,all official signed TF-target weights intersected with G_PRIMARY; L2 normalized,f5c4faa94fe03b2d088b72743da175380dfcf2edbfacd0077cc25eb19d2ca7e9
CollecTRI,RUNX1,170,0.9999999999999999,True,all official signed TF-target weights intersected with G_PRIMARY; L2 normalized,f5c4faa94fe03b2d088b72743da175380dfcf2edbfacd0077cc25eb19d2ca7e9
CollecTRI,RUNX2,108,1.0,True,all official signed TF-target weights intersected with G_PRIMARY; L2 normalized,f5c4faa94fe03b2d088b72743da175380dfcf2edbfacd0077cc25eb19d2ca7e9
CollecTRI,RUNX3,60,0.9999999999999998,True,all official signed TF-target weights intersected with G_PRIMARY; L2 normalized,f5c4faa94fe03b2d088b72743da175380dfcf2edbfacd0077cc25eb19d2ca7e9
CollecTRI,RUVBL1,1,1.0,True,all official signed TF-target weights intersected with G_PRIMARY; L2 normalized,f5c4faa94fe03b2d088b72743da175380dfcf2edbfacd0077cc25eb19d2ca7e9
CollecTRI,RXRA,90,1.0,True,all official signed TF-target weights intersected with G_PRIMARY; L2 normalized,f5c4faa94fe03b2d088b72743da175380dfcf2edbfacd0077cc25eb19d2ca7e9
CollecTRI,RXRB,11,1.0,True,all official signed TF-target weights intersected with G_PRIMARY; L2 normalized,f5c4faa94fe03b2d088b72743da175380dfcf2edbfacd0077cc25eb19d2ca7e9
CollecTRI,RXRG,6,1.0,False,all official signed TF-target weights intersected with G_PRIMARY; L2 normalized,f5c4faa94fe03b2d088b72743da175380dfcf2edbfacd0077cc25eb19d2ca7e9
CollecTRI,RYBP,1,1.0,False,all official signed TF-target weights intersected with G_PRIMARY; L2 normalized,f5c4faa94fe03b2d088b72743da175380dfcf2edbfacd0077cc25eb19d2ca7e9
CollecTRI,SALL1,6,1.0,False,all official signed TF-target weights intersected with G_PRIMARY; L2 normalized,f5c4faa94fe03b2d088b72743da175380dfcf2edbfacd0077cc25eb19d2ca7e9
CollecTRI,SALL2,6,1.0,False,all official signed TF-target weights intersected with G_PRIMARY; L2 normalized,f5c4faa94fe03b2d088b72743da175380dfcf2edbfacd0077cc25eb19d2ca7e9
CollecTRI,SALL3,7,0.9999999999999998,True,all official signed TF-target weights intersected with G_PRIMARY; L2 normalized,f5c4faa94fe03b2d088b72743da175380dfcf2edbfacd0077cc25eb19d2ca7e9
CollecTRI,SALL4,18,1.0,True,all official signed TF-target weights intersected with G_PRIMARY; L2 normalized,f5c4faa94fe03b2d088b72743da175380dfcf2edbfacd0077cc25eb19d2ca7e9
CollecTRI,SAP30,1,1.0,False,all official signed TF-target weights intersected with G_PRIMARY; L2 normalized,f5c4faa94fe03b2d088b72743da175380dfcf2edbfacd0077cc25eb19d2ca7e9
CollecTRI,SATB1,38,0.9999999999999999,True,all official signed TF-target weights intersected with G_PRIMARY; L2 normalized,f5c4faa94fe03b2d088b72743da175380dfcf2edbfacd0077cc25eb19d2ca7e9
CollecTRI,SATB2,26,1.0,True,all official signed TF-target weights intersected with G_PRIMARY; L2 normalized,f5c4faa94fe03b2d088b72743da175380dfcf2edbfacd0077cc25eb19d2ca7e9
CollecTRI,SCRT1,1,1.0,False,all official signed TF-target weights intersected with G_PRIMARY; L2 normalized,f5c4faa94fe03b2d088b72743da175380dfcf2edbfacd0077cc25eb19d2ca7e9
CollecTRI,SCX,11,1.0,False,all official signed TF-target weights intersected with G_PRIMARY; L2 normalized,f5c4faa94fe03b2d088b72743da175380dfcf2edbfacd0077cc25eb19d2ca7e9
CollecTRI,SETBP1,6,1.0,True,all official signed TF-target weights intersected with G_PRIMARY; L2 normalized,f5c4faa94fe03b2d088b72743da175380dfcf2edbfacd0077cc25eb19d2ca7e9
CollecTRI,SF1,7,0.9999999999999998,True,all official signed TF-target weights intersected with G_PRIMARY; L2 normalized,f5c4faa94fe03b2d088b72743da175380dfcf2edbfacd0077cc25eb19d2ca7e9
CollecTRI,SFPQ,26,1.0,True,all official signed TF-target weights intersected with G_PRIMARY; L2 normalized,f5c4faa94fe03b2d088b72743da175380dfcf2edbfacd0077cc25eb19d2ca7e9
CollecTRI,SHOX,3,1.0,False,all official signed TF-target weights intersected with G_PRIMARY; L2 normalized,f5c4faa94fe03b2d088b72743da175380dfcf2edbfacd0077cc25eb19d2ca7e9
CollecTRI,SHOX2,6,1.0,False,all official signed TF-target weights intersected with G_PRIMARY; L2 normalized,f5c4faa94fe03b2d088b72743da175380dfcf2edbfacd0077cc25eb19d2ca7e9
CollecTRI,SIM1,2,0.9999999999999999,True,all official signed TF-target weights intersected with G_PRIMARY; L2 normalized,f5c4faa94fe03b2d088b72743da175380dfcf2edbfacd0077cc25eb19d2ca7e9
CollecTRI,SIM2,10,1.0,True,all official signed TF-target weights intersected with G_PRIMARY; L2 normalized,f5c4faa94fe03b2d088b72743da175380dfcf2edbfacd0077cc25eb19d2ca7e9
CollecTRI,SIN3A,11,1.0,True,all official signed TF-target weights intersected with G_PRIMARY; L2 normalized,f5c4faa94fe03b2d088b72743da175380dfcf2edbfacd0077cc25eb19d2ca7e9
CollecTRI,SIN3B,3,1.0,False,all official signed TF-target weights intersected with G_PRIMARY; L2 normalized,f5c4faa94fe03b2d088b72743da175380dfcf2edbfacd0077cc25eb19d2ca7e9
CollecTRI,SIRT1,59,1.0,True,all official signed TF-target weights intersected with G_PRIMARY; L2 normalized,f5c4faa94fe03b2d088b72743da175380dfcf2edbfacd0077cc25eb19d2ca7e9
CollecTRI,SIRT6,2,0.9999999999999999,True,all official signed TF-target weights intersected with G_PRIMARY; L2 normalized,f5c4faa94fe03b2d088b72743da175380dfcf2edbfacd0077cc25eb19d2ca7e9
CollecTRI,SIX1,15,0.9999999999999999,True,all official signed TF-target weights intersected with G_PRIMARY; L2 normalized,f5c4faa94fe03b2d088b72743da175380dfcf2edbfacd0077cc25eb19d2ca7e9
CollecTRI,SIX2,2,0.9999999999999999,False,all official signed TF-target weights intersected with G_PRIMARY; L2 normalized,f5c4faa94fe03b2d088b72743da175380dfcf2edbfacd0077cc25eb19d2ca7e9
CollecTRI,SIX3,8,0.9999999999999999,True,all official signed TF-target weights intersected with G_PRIMARY; L2 normalized,f5c4faa94fe03b2d088b72743da175380dfcf2edbfacd0077cc25eb19d2ca7e9
CollecTRI,SIX4,6,1.0,True,all official signed TF-target weights intersected with G_PRIMARY; L2 normalized,f5c4faa94fe03b2d088b72743da175380dfcf2edbfacd0077cc25eb19d2ca7e9
CollecTRI,SIX5,1,1.0,False,all official signed TF-target weights intersected with G_PRIMARY; L2 normalized,f5c4faa94fe03b2d088b72743da175380dfcf2edbfacd0077cc25eb19d2ca7e9
CollecTRI,SKI,4,1.0,False,all official signed TF-target weights intersected with G_PRIMARY; L2 normalized,f5c4faa94fe03b2d088b72743da175380dfcf2edbfacd0077cc25eb19d2ca7e9
CollecTRI,SKIL,17,1.0,True,all official signed TF-target weights intersected with G_PRIMARY; L2 normalized,f5c4faa94fe03b2d088b72743da175380dfcf2edbfacd0077cc25eb19d2ca7e9
CollecTRI,SLC2A4RG,1,1.0,False,all official signed TF-target weights intersected with G_PRIMARY; L2 normalized,f5c4faa94fe03b2d088b72743da175380dfcf2edbfacd0077cc25eb19d2ca7e9
CollecTRI,SMAD1,64,1.0,True,all official signed TF-target weights intersected with G_PRIMARY; L2 normalized,f5c4faa94fe03b2d088b72743da175380dfcf2edbfacd0077cc25eb19d2ca7e9
CollecTRI,SMAD2,90,1.0,True,all official signed TF-target weights intersected with G_PRIMARY; L2 normalized,f5c4faa94fe03b2d088b72743da175380dfcf2edbfacd0077cc25eb19d2ca7e9
CollecTRI,SMAD3,156,0.9999999999999999,True,all official signed TF-target weights intersected with G_PRIMARY; L2 normalized,f5c4faa94fe03b2d088b72743da175380dfcf2edbfacd0077cc25eb19d2ca7e9
CollecTRI,SMAD4,121,1.0,True,all official signed TF-target weights intersected with G_PRIMARY; L2 normalized,f5c4faa94fe03b2d088b72743da175380dfcf2edbfacd0077cc25eb19d2ca7e9
CollecTRI,SMAD5,31,1.0,True,all official signed TF-target weights intersected with G_PRIMARY; L2 normalized,f5c4faa94fe03b2d088b72743da175380dfcf2edbfacd0077cc25eb19d2ca7e9
CollecTRI,SMAD6,22,0.9999999999999998,True,all official signed TF-target weights intersected with G_PRIMARY; L2 normalized,f5c4faa94fe03b2d088b72743da175380dfcf2edbfacd0077cc25eb19d2ca7e9
CollecTRI,SMAD7,62,0.9999999999999999,True,all official signed TF-target weights intersected with G_PRIMARY; L2 normalized,f5c4faa94fe03b2d088b72743da175380dfcf2edbfacd0077cc25eb19d2ca7e9
CollecTRI,SMAD9,5,0.9999999999999999,False,all official signed TF-target weights intersected with G_PRIMARY; L2 normalized,f5c4faa94fe03b2d088b72743da175380dfcf2edbfacd0077cc25eb19d2ca7e9
CollecTRI,SMARCA1,48,1.0,True,all official signed TF-target weights intersected with G_PRIMARY; L2 normalized,f5c4faa94fe03b2d088b72743da175380dfcf2edbfacd0077cc25eb19d2ca7e9
CollecTRI,SMARCA4,10,1.0,True,all official signed TF-target weights intersected with G_PRIMARY; L2 normalized,f5c4faa94fe03b2d088b72743da175380dfcf2edbfacd0077cc25eb19d2ca7e9
CollecTRI,SMARCA5,12,1.0,False,all official signed TF-target weights intersected with G_PRIMARY; L2 normalized,f5c4faa94fe03b2d088b72743da175380dfcf2edbfacd0077cc25eb19d2ca7e9
CollecTRI,SMARCB1,5,0.9999999999999999,True,all official signed TF-target weights intersected with G_PRIMARY; L2 normalized,f5c4faa94fe03b2d088b72743da175380dfcf2edbfacd0077cc25eb19d2ca7e9
CollecTRI,SMARCC1,7,0.9999999999999998,False,all official signed TF-target weights intersected with G_PRIMARY; L2 normalized,f5c4faa94fe03b2d088b72743da175380dfcf2edbfacd0077cc25eb19d2ca7e9
CollecTRI,SMARCD3,1,1.0,False,all official signed TF-target weights intersected with G_PRIMARY; L2 normalized,f5c4faa94fe03b2d088b72743da175380dfcf2edbfacd0077cc25eb19d2ca7e9
CollecTRI,SMARCE1,2,0.9999999999999999,False,all official signed TF-target weights intersected with G_PRIMARY; L2 normalized,f5c4faa94fe03b2d088b72743da175380dfcf2edbfacd0077cc25eb19d2ca7e9
CollecTRI,SNAI1,91,1.0,True,all official signed TF-target weights intersected with G_PRIMARY; L2 normalized,f5c4faa94fe03b2d088b72743da175380dfcf2edbfacd0077cc25eb19d2ca7e9
CollecTRI,SNAI2,48,1.0,True,all official signed TF-target weights intersected with G_PRIMARY; L2 normalized,f5c4faa94fe03b2d088b72743da175380dfcf2edbfacd0077cc25eb19d2ca7e9
CollecTRI,SND1,2,0.9999999999999999,False,all official signed TF-target weights intersected with G_PRIMARY; L2 normalized,f5c4faa94fe03b2d088b72743da175380dfcf2edbfacd0077cc25eb19d2ca7e9
CollecTRI,SNW1,4,1.0,False,all official signed TF-target weights intersected with G_PRIMARY; L2 normalized,f5c4faa94fe03b2d088b72743da175380dfcf2edbfacd0077cc25eb19d2ca7e9
CollecTRI,SOHLH1,4,1.0,False,all official signed TF-target weights intersected with G_PRIMARY; L2 normalized,f5c4faa94fe03b2d088b72743da175380dfcf2edbfacd0077cc25eb19d2ca7e9
CollecTRI,SOHLH2,2,0.9999999999999999,False,all official signed TF-target weights intersected with G_PRIMARY; L2 normalized,f5c4faa94fe03b2d088b72743da175380dfcf2edbfacd0077cc25eb19d2ca7e9
CollecTRI,SON,4,1.0,False,all official signed TF-target weights intersected with G_PRIMARY; L2 normalized,f5c4faa94fe03b2d088b72743da175380dfcf2edbfacd0077cc25eb19d2ca7e9
CollecTRI,SOX1,2,0.9999999999999999,True,all official signed TF-target weights intersected with G_PRIMARY; L2 normalized,f5c4faa94fe03b2d088b72743da175380dfcf2edbfacd0077cc25eb19d2ca7e9
CollecTRI,SOX10,33,1.0,True,all official signed TF-target weights intersected with G_PRIMARY; L2 normalized,f5c4faa94fe03b2d088b72743da175380dfcf2edbfacd0077cc25eb19d2ca7e9
CollecTRI,SOX11,12,1.0,True,all official signed TF-target weights intersected with G_PRIMARY; L2 normalized,f5c4faa94fe03b2d088b72743da175380dfcf2edbfacd0077cc25eb19d2ca7e9
CollecTRI,SOX14,1,1.0,False,all official signed TF-target weights intersected with G_PRIMARY; L2 normalized,f5c4faa94fe03b2d088b72743da175380dfcf2edbfacd0077cc25eb19d2ca7e9
CollecTRI,SOX15,1,1.0,False,all official signed TF-target weights intersected with G_PRIMARY; L2 normalized,f5c4faa94fe03b2d088b72743da175380dfcf2edbfacd0077cc25eb19d2ca7e9
CollecTRI,SOX17,37,0.9999999999999999,True,all official signed TF-target weights intersected with G_PRIMARY; L2 normalized,f5c4faa94fe03b2d088b72743da175380dfcf2edbfacd0077cc25eb19d2ca7e9
CollecTRI,SOX18,5,0.9999999999999999,False,all official signed TF-target weights intersected with G_PRIMARY; L2 normalized,f5c4faa94fe03b2d088b72743da175380dfcf2edbfacd0077cc25eb19d2ca7e9
CollecTRI,SOX2,68,0.9999999999999999,True,all official signed TF-target weights intersected with G_PRIMARY; L2 normalized,f5c4faa94fe03b2d088b72743da175380dfcf2edbfacd0077cc25eb19d2ca7e9
CollecTRI,SOX21,2,0.9999999999999999,False,all official signed TF-target weights intersected with G_PRIMARY; L2 normalized,f5c4faa94fe03b2d088b72743da175380dfcf2edbfacd0077cc25eb19d2ca7e9
CollecTRI,SOX3,6,1.0,True,all official signed TF-target weights intersected with G_PRIMARY; L2 normalized,f5c4faa94fe03b2d088b72743da175380dfcf2edbfacd0077cc25eb19d2ca7e9
CollecTRI,SOX4,23,0.9999999999999999,True,all official signed TF-target weights intersected with G_PRIMARY; L2 normalized,f5c4faa94fe03b2d088b72743da175380dfcf2edbfacd0077cc25eb19d2ca7e9
CollecTRI,SOX5,17,1.0,True,all official signed TF-target weights intersected with G_PRIMARY; L2 normalized,f5c4faa94fe03b2d088b72743da175380dfcf2edbfacd0077cc25eb19d2ca7e9
CollecTRI,SOX6,19,0.9999999999999998,True,all official signed TF-target weights intersected with G_PRIMARY; L2 normalized,f5c4faa94fe03b2d088b72743da175380dfcf2edbfacd0077cc25eb19d2ca7e9
CollecTRI,SOX7,5,0.9999999999999999,False,all official signed TF-target weights intersected with G_PRIMARY; L2 normalized,f5c4faa94fe03b2d088b72743da175380dfcf2edbfacd0077cc25eb19d2ca7e9
CollecTRI,SOX8,3,1.0,False,all official signed TF-target weights intersected with G_PRIMARY; L2 normalized,f5c4faa94fe03b2d088b72743da175380dfcf2edbfacd0077cc25eb19d2ca7e9
CollecTRI,SOX9,89,1.0,True,all official signed TF-target weights intersected with G_PRIMARY; L2 normalized,f5c4faa94fe03b2d088b72743da175380dfcf2edbfacd0077cc25eb19d2ca7e9
CollecTRI,SP1,1189,1.0,True,all official signed TF-target weights intersected with G_PRIMARY; L2 normalized,f5c4faa94fe03b2d088b72743da175380dfcf2edbfacd0077cc25eb19d2ca7e9
CollecTRI,SP100,3,1.0,True,all official signed TF-target weights intersected with G_PRIMARY; L2 normalized,f5c4faa94fe03b2d088b72743da175380dfcf2edbfacd0077cc25eb19d2ca7e9
CollecTRI,SP2,21,1.0,True,all official signed TF-target weights intersected with G_PRIMARY; L2 normalized,f5c4faa94fe03b2d088b72743da175380dfcf2edbfacd0077cc25eb19d2ca7e9
CollecTRI,SP3,393,0.9999999999999999,True,all official signed TF-target weights intersected with G_PRIMARY; L2 normalized,f5c4faa94fe03b2d088b72743da175380dfcf2edbfacd0077cc25eb19d2ca7e9
CollecTRI,SP4,46,0.9999999999999999,False,all official signed TF-target weights intersected with G_PRIMARY; L2 normalized,f5c4faa94fe03b2d088b72743da175380dfcf2edbfacd0077cc25eb19d2ca7e9
CollecTRI,SP5,1,1.0,True,all official signed TF-target weights intersected with G_PRIMARY; L2 normalized,f5c4faa94fe03b2d088b72743da175380dfcf2edbfacd0077cc25eb19d2ca7e9
CollecTRI,SP6,5,0.9999999999999999,True,all official signed TF-target weights intersected with G_PRIMARY; L2 normalized,f5c4faa94fe03b2d088b72743da175380dfcf2edbfacd0077cc25eb19d2ca7e9
CollecTRI,SP7,33,1.0,True,all official signed TF-target weights intersected with G_PRIMARY; L2 normalized,f5c4faa94fe03b2d088b72743da175380dfcf2edbfacd0077cc25eb19d2ca7e9
CollecTRI,SP8,2,0.9999999999999999,False,all official signed TF-target weights intersected with G_PRIMARY; L2 normalized,f5c4faa94fe03b2d088b72743da175380dfcf2edbfacd0077cc25eb19d2ca7e9
CollecTRI,SPDEF,17,1.0,True,all official signed TF-target weights intersected with G_PRIMARY; L2 normalized,f5c4faa94fe03b2d088b72743da175380dfcf2edbfacd0077cc25eb19d2ca7e9
CollecTRI,SPEN,2,0.9999999999999999,False,all official signed TF-target weights intersected with G_PRIMARY; L2 normalized,f5c4faa94fe03b2d088b72743da175380dfcf2edbfacd0077cc25eb19d2ca7e9
CollecTRI,SPI1,277,0.9999999999999999,True,all official signed TF-target weights intersected with G_PRIMARY; L2 normalized,f5c4faa94fe03b2d088b72743da175380dfcf2edbfacd0077cc25eb19d2ca7e9
CollecTRI,SPIB,15,0.9999999999999999,True,all official signed TF-target weights intersected with G_PRIMARY; L2 normalized,f5c4faa94fe03b2d088b72743da175380dfcf2edbfacd0077cc25eb19d2ca7e9
CollecTRI,SPIC,6,1.0,False,all official signed TF-target weights intersected with G_PRIMARY; L2 normalized,f5c4faa94fe03b2d088b72743da175380dfcf2edbfacd0077cc25eb19d2ca7e9
CollecTRI,SPZ1,2,0.9999999999999999,False,all official signed TF-target weights intersected with G_PRIMARY; L2 normalized,f5c4faa94fe03b2d088b72743da175380dfcf2edbfacd0077cc25eb19d2ca7e9
CollecTRI,SRCAP,1,1.0,False,all official signed TF-target weights intersected with G_PRIMARY; L2 normalized,f5c4faa94fe03b2d088b72743da175380dfcf2edbfacd0077cc25eb19d2ca7e9
CollecTRI,SREBF1,112,0.9999999999999998,True,all official signed TF-target weights intersected with G_PRIMARY; L2 normalized,f5c4faa94fe03b2d088b72743da175380dfcf2edbfacd0077cc25eb19d2ca7e9
CollecTRI,SREBF2,64,1.0,True,all official signed TF-target weights intersected with G_PRIMARY; L2 normalized,f5c4faa94fe03b2d088b72743da175380dfcf2edbfacd0077cc25eb19d2ca7e9
CollecTRI,SRF,91,1.0,True,all official signed TF-target weights intersected with G_PRIMARY; L2 normalized,f5c4faa94fe03b2d088b72743da175380dfcf2edbfacd0077cc25eb19d2ca7e9
CollecTRI,SRSF2,12,1.0,False,all official signed TF-target weights intersected with G_PRIMARY; L2 normalized,f5c4faa94fe03b2d088b72743da175380dfcf2edbfacd0077cc25eb19d2ca7e9
CollecTRI,SRY,35,0.9999999999999999,True,all official signed TF-target weights intersected with G_PRIMARY; L2 normalized,f5c4faa94fe03b2d088b72743da175380dfcf2edbfacd0077cc25eb19d2ca7e9
CollecTRI,SSRP1,123,1.0,False,all official signed TF-target weights intersected with G_PRIMARY; L2 normalized,f5c4faa94fe03b2d088b72743da175380dfcf2edbfacd0077cc25eb19d2ca7e9
CollecTRI,ST18,2,0.9999999999999999,False,all official signed TF-target weights intersected with G_PRIMARY; L2 normalized,f5c4faa94fe03b2d088b72743da175380dfcf2edbfacd0077cc25eb19d2ca7e9
CollecTRI,STAT1,267,1.0000000000000002,True,all official signed TF-target weights intersected with G_PRIMARY; L2 normalized,f5c4faa94fe03b2d088b72743da175380dfcf2edbfacd0077cc25eb19d2ca7e9
CollecTRI,STAT2,41,1.0,True,all official signed TF-target weights intersected with G_PRIMARY; L2 normalized,f5c4faa94fe03b2d088b72743da175380dfcf2edbfacd0077cc25eb19d2ca7e9
CollecTRI,STAT3,379,0.9999999999999999,True,all official signed TF-target weights intersected with G_PRIMARY; L2 normalized,f5c4faa94fe03b2d088b72743da175380dfcf2edbfacd0077cc25eb19d2ca7e9
CollecTRI,STAT4,25,1.0,True,all official signed TF-target weights intersected with G_PRIMARY; L2 normalized,f5c4faa94fe03b2d088b72743da175380dfcf2edbfacd0077cc25eb19d2ca7e9
CollecTRI,STAT5A,173,1.0,True,all official signed TF-target weights intersected with G_PRIMARY; L2 normalized,f5c4faa94fe03b2d088b72743da175380dfcf2edbfacd0077cc25eb19d2ca7e9
CollecTRI,STAT5B,86,1.0,True,all official signed TF-target weights intersected with G_PRIMARY; L2 normalized,f5c4faa94fe03b2d088b72743da175380dfcf2edbfacd0077cc25eb19d2ca7e9
CollecTRI,STAT6,97,1.0000000000000002,True,all official signed TF-target weights intersected with G_PRIMARY; L2 normalized,f5c4faa94fe03b2d088b72743da175380dfcf2edbfacd0077cc25eb19d2ca7e9
CollecTRI,STOX1,5,0.9999999999999999,True,all official signed TF-target weights intersected with G_PRIMARY; L2 normalized,f5c4faa94fe03b2d088b72743da175380dfcf2edbfacd0077cc25eb19d2ca7e9
CollecTRI,SUPT20H,4,1.0,False,all official signed TF-target weights intersected with G_PRIMARY; L2 normalized,f5c4faa94fe03b2d088b72743da175380dfcf2edbfacd0077cc25eb19d2ca7e9
CollecTRI,SUPT3H,1,1.0,False,all official signed TF-target weights intersected with G_PRIMARY; L2 normalized,f5c4faa94fe03b2d088b72743da175380dfcf2edbfacd0077cc25eb19d2ca7e9
CollecTRI,TADA2A,7,0.9999999999999998,False,all official signed TF-target weights intersected with G_PRIMARY; L2 normalized,f5c4faa94fe03b2d088b72743da175380dfcf2edbfacd0077cc25eb19d2ca7e9
CollecTRI,TAF1,40,1.0,True,all official signed TF-target weights intersected with G_PRIMARY; L2 normalized,f5c4faa94fe03b2d088b72743da175380dfcf2edbfacd0077cc25eb19d2ca7e9
CollecTRI,TAF12,1,1.0,False,all official signed TF-target weights intersected with G_PRIMARY; L2 normalized,f5c4faa94fe03b2d088b72743da175380dfcf2edbfacd0077cc25eb19d2ca7e9
CollecTRI,TAF4,2,0.9999999999999999,True,all official signed TF-target weights intersected with G_PRIMARY; L2 normalized,f5c4faa94fe03b2d088b72743da175380dfcf2edbfacd0077cc25eb19d2ca7e9
CollecTRI,TAF5,1,1.0,False,all official signed TF-target weights intersected with G_PRIMARY; L2 normalized,f5c4faa94fe03b2d088b72743da175380dfcf2edbfacd0077cc25eb19d2ca7e9
CollecTRI,TAL1,83,1.0,True,all official signed TF-target weights intersected with G_PRIMARY; L2 normalized,f5c4faa94fe03b2d088b72743da175380dfcf2edbfacd0077cc25eb19d2ca7e9
CollecTRI,TBL1X,1,1.0,False,all official signed TF-target weights intersected with G_PRIMARY; L2 normalized,f5c4faa94fe03b2d088b72743da175380dfcf2edbfacd0077cc25eb19d2ca7e9
CollecTRI,TBL1XR1,1,1.0,False,all official signed TF-target weights intersected with G_PRIMARY; L2 normalized,f5c4faa94fe03b2d088b72743da175380dfcf2edbfacd0077cc25eb19d2ca7e9
CollecTRI,TBP,141,1.0000000000000002,True,all official signed TF-target weights intersected with G_PRIMARY; L2 normalized,f5c4faa94fe03b2d088b72743da175380dfcf2edbfacd0077cc25eb19d2ca7e9
CollecTRI,TBPL1,38,0.9999999999999999,True,all official signed TF-target weights intersected with G_PRIMARY; L2 normalized,f5c4faa94fe03b2d088b72743da175380dfcf2edbfacd0077cc25eb19d2ca7e9
CollecTRI,TBPL2,8,0.9999999999999999,False,all official signed TF-target weights intersected with G_PRIMARY; L2 normalized,f5c4faa94fe03b2d088b72743da175380dfcf2edbfacd0077cc25eb19d2ca7e9
CollecTRI,TBR1,6,1.0,False,all official signed TF-target weights intersected with G_PRIMARY; L2 normalized,f5c4faa94fe03b2d088b72743da175380dfcf2edbfacd0077cc25eb19d2ca7e9
CollecTRI,TBX1,12,1.0,True,all official signed TF-target weights intersected with G_PRIMARY; L2 normalized,f5c4faa94fe03b2d088b72743da175380dfcf2edbfacd0077cc25eb19d2ca7e9
CollecTRI,TBX10,4,1.0,False,all official signed TF-target weights intersected with G_PRIMARY; L2 normalized,f5c4faa94fe03b2d088b72743da175380dfcf2edbfacd0077cc25eb19d2ca7e9
CollecTRI,TBX15,24,1.0,False,all official signed TF-target weights intersected with G_PRIMARY; L2 normalized,f5c4faa94fe03b2d088b72743da175380dfcf2edbfacd0077cc25eb19d2ca7e9
CollecTRI,TBX18,11,1.0,True,all official signed TF-target weights intersected with G_PRIMARY; L2 normalized,f5c4faa94fe03b2d088b72743da175380dfcf2edbfacd0077cc25eb19d2ca7e9
CollecTRI,TBX2,32,0.9999999999999999,True,all official signed TF-target weights intersected with G_PRIMARY; L2 normalized,f5c4faa94fe03b2d088b72743da175380dfcf2edbfacd0077cc25eb19d2ca7e9
CollecTRI,TBX20,7,0.9999999999999998,True,all official signed TF-target weights intersected with G_PRIMARY; L2 normalized,f5c4faa94fe03b2d088b72743da175380dfcf2edbfacd0077cc25eb19d2ca7e9
CollecTRI,TBX21,38,0.9999999999999999,True,all official signed TF-target weights intersected with G_PRIMARY; L2 normalized,f5c4faa94fe03b2d088b72743da175380dfcf2edbfacd0077cc25eb19d2ca7e9
CollecTRI,TBX22,1,1.0,True,all official signed TF-target weights intersected with G_PRIMARY; L2 normalized,f5c4faa94fe03b2d088b72743da175380dfcf2edbfacd0077cc25eb19d2ca7e9
CollecTRI,TBX3,19,0.9999999999999998,True,all official signed TF-target weights intersected with G_PRIMARY; L2 normalized,f5c4faa94fe03b2d088b72743da175380dfcf2edbfacd0077cc25eb19d2ca7e9
CollecTRI,TBX4,3,1.0,False,all official signed TF-target weights intersected with G_PRIMARY; L2 normalized,f5c4faa94fe03b2d088b72743da175380dfcf2edbfacd0077cc25eb19d2ca7e9
CollecTRI,TBX5,18,1.0,True,all official signed TF-target weights intersected with G_PRIMARY; L2 normalized,f5c4faa94fe03b2d088b72743da175380dfcf2edbfacd0077cc25eb19d2ca7e9
CollecTRI,TBX6,10,1.0,False,all official signed TF-target weights intersected with G_PRIMARY; L2 normalized,f5c4faa94fe03b2d088b72743da175380dfcf2edbfacd0077cc25eb19d2ca7e9
CollecTRI,TBXT,11,1.0,False,all official signed TF-target weights intersected with G_PRIMARY; L2 normalized,f5c4faa94fe03b2d088b72743da175380dfcf2edbfacd0077cc25eb19d2ca7e9
CollecTRI,TCF12,37,0.9999999999999999,True,all official signed TF-target weights intersected with G_PRIMARY; L2 normalized,f5c4faa94fe03b2d088b72743da175380dfcf2edbfacd0077cc25eb19d2ca7e9
CollecTRI,TCF15,5,0.9999999999999999,False,all official signed TF-target weights intersected with G_PRIMARY; L2 normalized,f5c4faa94fe03b2d088b72743da175380dfcf2edbfacd0077cc25eb19d2ca7e9
CollecTRI,TCF20,5,0.9999999999999999,False,all official signed TF-target weights intersected with G_PRIMARY; L2 normalized,f5c4faa94fe03b2d088b72743da175380dfcf2edbfacd0077cc25eb19d2ca7e9
CollecTRI,TCF21,13,0.9999999999999999,True,all official signed TF-target weights intersected with G_PRIMARY; L2 normalized,f5c4faa94fe03b2d088b72743da175380dfcf2edbfacd0077cc25eb19d2ca7e9
CollecTRI,TCF23,1,1.0,True,all official signed TF-target weights intersected with G_PRIMARY; L2 normalized,f5c4faa94fe03b2d088b72743da175380dfcf2edbfacd0077cc25eb19d2ca7e9
CollecTRI,TCF3,105,1.0000000000000002,True,all official signed TF-target weights intersected with G_PRIMARY; L2 normalized,f5c4faa94fe03b2d088b72743da175380dfcf2edbfacd0077cc25eb19d2ca7e9
CollecTRI,TCF4,54,0.9999999999999999,True,all official signed TF-target weights intersected with G_PRIMARY; L2 normalized,f5c4faa94fe03b2d088b72743da175380dfcf2edbfacd0077cc25eb19d2ca7e9
CollecTRI,TCF7,20,1.0,True,all official signed TF-target weights intersected with G_PRIMARY; L2 normalized,f5c4faa94fe03b2d088b72743da175380dfcf2edbfacd0077cc25eb19d2ca7e9
CollecTRI,TCF7L1,4,1.0,True,all official signed TF-target weights intersected with G_PRIMARY; L2 normalized,f5c4faa94fe03b2d088b72743da175380dfcf2edbfacd0077cc25eb19d2ca7e9
CollecTRI,TCF7L2,109,0.9999999999999999,True,all official signed TF-target weights intersected with G_PRIMARY; L2 normalized,f5c4faa94fe03b2d088b72743da175380dfcf2edbfacd0077cc25eb19d2ca7e9
CollecTRI,TCFL5,1,1.0,False,all official signed TF-target weights intersected with G_PRIMARY; L2 normalized,f5c4faa94fe03b2d088b72743da175380dfcf2edbfacd0077cc25eb19d2ca7e9
CollecTRI,TEAD1,19,0.9999999999999998,True,all official signed TF-target weights intersected with G_PRIMARY; L2 normalized,f5c4faa94fe03b2d088b72743da175380dfcf2edbfacd0077cc25eb19d2ca7e9
CollecTRI,TEAD2,6,1.0,False,all official signed TF-target weights intersected with G_PRIMARY; L2 normalized,f5c4faa94fe03b2d088b72743da175380dfcf2edbfacd0077cc25eb19d2ca7e9
CollecTRI,TEAD4,10,1.0,False,all official signed TF-target weights intersected with G_PRIMARY; L2 normalized,f5c4faa94fe03b2d088b72743da175380dfcf2edbfacd0077cc25eb19d2ca7e9
CollecTRI,TEF,14,0.9999999999999999,False,all official signed TF-target weights intersected with G_PRIMARY; L2 normalized,f5c4faa94fe03b2d088b72743da175380dfcf2edbfacd0077cc25eb19d2ca7e9
CollecTRI,TERF2,2,0.9999999999999999,True,all official signed TF-target weights intersected with G_PRIMARY; L2 normalized,f5c4faa94fe03b2d088b72743da175380dfcf2edbfacd0077cc25eb19d2ca7e9
CollecTRI,TET1,14,0.9999999999999999,False,all official signed TF-target weights intersected with G_PRIMARY; L2 normalized,f5c4faa94fe03b2d088b72743da175380dfcf2edbfacd0077cc25eb19d2ca7e9
CollecTRI,TET2,1,1.0,False,all official signed TF-target weights intersected with G_PRIMARY; L2 normalized,f5c4faa94fe03b2d088b72743da175380dfcf2edbfacd0077cc25eb19d2ca7e9
CollecTRI,TFAM,12,1.0,False,all official signed TF-target weights intersected with G_PRIMARY; L2 normalized,f5c4faa94fe03b2d088b72743da175380dfcf2edbfacd0077cc25eb19d2ca7e9
CollecTRI,TFAP2A,270,0.9999999999999999,True,all official signed TF-target weights intersected with G_PRIMARY; L2 normalized,f5c4faa94fe03b2d088b72743da175380dfcf2edbfacd0077cc25eb19d2ca7e9
CollecTRI,TFAP2B,21,1.0,True,all official signed TF-target weights intersected with G_PRIMARY; L2 normalized,f5c4faa94fe03b2d088b72743da175380dfcf2edbfacd0077cc25eb19d2ca7e9
CollecTRI,TFAP2C,31,1.0,True,all official signed TF-target weights intersected with G_PRIMARY; L2 normalized,f5c4faa94fe03b2d088b72743da175380dfcf2edbfacd0077cc25eb19d2ca7e9
CollecTRI,TFAP2D,7,0.9999999999999998,False,all official signed TF-target weights intersected with G_PRIMARY; L2 normalized,f5c4faa94fe03b2d088b72743da175380dfcf2edbfacd0077cc25eb19d2ca7e9
CollecTRI,TFAP2E,2,0.9999999999999999,False,all official signed TF-target weights intersected with G_PRIMARY; L2 normalized,f5c4faa94fe03b2d088b72743da175380dfcf2edbfacd0077cc25eb19d2ca7e9
CollecTRI,TFAP4,34,0.9999999999999999,True,all official signed TF-target weights intersected with G_PRIMARY; L2 normalized,f5c4faa94fe03b2d088b72743da175380dfcf2edbfacd0077cc25eb19d2ca7e9
CollecTRI,TFCP2,59,1.0,False,all official signed TF-target weights intersected with G_PRIMARY; L2 normalized,f5c4faa94fe03b2d088b72743da175380dfcf2edbfacd0077cc25eb19d2ca7e9
CollecTRI,TFCP2L1,3,1.0,False,all official signed TF-target weights intersected with G_PRIMARY; L2 normalized,f5c4faa94fe03b2d088b72743da175380dfcf2edbfacd0077cc25eb19d2ca7e9
CollecTRI,TFDP1,30,0.9999999999999999,True,all official signed TF-target weights intersected with G_PRIMARY; L2 normalized,f5c4faa94fe03b2d088b72743da175380dfcf2edbfacd0077cc25eb19d2ca7e9
CollecTRI,TFDP2,6,1.0,False,all official signed TF-target weights intersected with G_PRIMARY; L2 normalized,f5c4faa94fe03b2d088b72743da175380dfcf2edbfacd0077cc25eb19d2ca7e9
CollecTRI,TFDP3,5,0.9999999999999999,True,all official signed TF-target weights intersected with G_PRIMARY; L2 normalized,f5c4faa94fe03b2d088b72743da175380dfcf2edbfacd0077cc25eb19d2ca7e9
CollecTRI,TFE3,32,0.9999999999999999,True,all official signed TF-target weights intersected with G_PRIMARY; L2 normalized,f5c4faa94fe03b2d088b72743da175380dfcf2edbfacd0077cc25eb19d2ca7e9
CollecTRI,TFEB,6,1.0,False,all official signed TF-target weights intersected with G_PRIMARY; L2 normalized,f5c4faa94fe03b2d088b72743da175380dfcf2edbfacd0077cc25eb19d2ca7e9
CollecTRI,TFEC,4,1.0,False,all official signed TF-target weights intersected with G_PRIMARY; L2 normalized,f5c4faa94fe03b2d088b72743da175380dfcf2edbfacd0077cc25eb19d2ca7e9
CollecTRI,TGFB1I1,13,0.9999999999999999,False,all official signed TF-target weights intersected with G_PRIMARY; L2 normalized,f5c4faa94fe03b2d088b72743da175380dfcf2edbfacd0077cc25eb19d2ca7e9
CollecTRI,TGIF1,9,1.0,True,all official signed TF-target weights intersected with G_PRIMARY; L2 normalized,f5c4faa94fe03b2d088b72743da175380dfcf2edbfacd0077cc25eb19d2ca7e9
CollecTRI,THAP1,3,1.0,True,all official signed TF-target weights intersected with G_PRIMARY; L2 normalized,f5c4faa94fe03b2d088b72743da175380dfcf2edbfacd0077cc25eb19d2ca7e9
CollecTRI,THAP11,6,1.0,True,all official signed TF-target weights intersected with G_PRIMARY; L2 normalized,f5c4faa94fe03b2d088b72743da175380dfcf2edbfacd0077cc25eb19d2ca7e9
CollecTRI,THAP7,2,0.9999999999999999,False,all official signed TF-target weights intersected with G_PRIMARY; L2 normalized,f5c4faa94fe03b2d088b72743da175380dfcf2edbfacd0077cc25eb19d2ca7e9
CollecTRI,THAP9,1,1.0,False,all official signed TF-target weights intersected with G_PRIMARY; L2 normalized,f5c4faa94fe03b2d088b72743da175380dfcf2edbfacd0077cc25eb19d2ca7e9
CollecTRI,THRA,69,0.9999999999999998,True,all official signed TF-target weights intersected with G_PRIMARY; L2 normalized,f5c4faa94fe03b2d088b72743da175380dfcf2edbfacd0077cc25eb19d2ca7e9
CollecTRI,THRB,45,1.0,True,all official signed TF-target weights intersected with G_PRIMARY; L2 normalized,f5c4faa94fe03b2d088b72743da175380dfcf2edbfacd0077cc25eb19d2ca7e9
CollecTRI,TLE1,1,1.0,False,all official signed TF-target weights intersected with G_PRIMARY; L2 normalized,f5c4faa94fe03b2d088b72743da175380dfcf2edbfacd0077cc25eb19d2ca7e9
CollecTRI,TLE3,1,1.0,True,all official signed TF-target weights intersected with G_PRIMARY; L2 normalized,f5c4faa94fe03b2d088b72743da175380dfcf2edbfacd0077cc25eb19d2ca7e9
CollecTRI,TLE4,1,1.0,False,all official signed TF-target weights intersected with G_PRIMARY; L2 normalized,f5c4faa94fe03b2d088b72743da175380dfcf2edbfacd0077cc25eb19d2ca7e9
CollecTRI,TLE5,4,1.0,True,all official signed TF-target weights intersected with G_PRIMARY; L2 normalized,f5c4faa94fe03b2d088b72743da175380dfcf2edbfacd0077cc25eb19d2ca7e9
CollecTRI,TLX1,9,1.0,True,all official signed TF-target weights intersected with G_PRIMARY; L2 normalized,f5c4faa94fe03b2d088b72743da175380dfcf2edbfacd0077cc25eb19d2ca7e9
CollecTRI,TLX2,3,1.0,False,all official signed TF-target weights intersected with G_PRIMARY; L2 normalized,f5c4faa94fe03b2d088b72743da175380dfcf2edbfacd0077cc25eb19d2ca7e9
CollecTRI,TLX3,5,0.9999999999999999,False,all official signed TF-target weights intersected with G_PRIMARY; L2 normalized,f5c4faa94fe03b2d088b72743da175380dfcf2edbfacd0077cc25eb19d2ca7e9
CollecTRI,TOX,3,1.0,False,all official signed TF-target weights intersected with G_PRIMARY; L2 normalized,f5c4faa94fe03b2d088b72743da175380dfcf2edbfacd0077cc25eb19d2ca7e9
CollecTRI,TOX2,3,1.0,False,all official signed TF-target weights intersected with G_PRIMARY; L2 normalized,f5c4faa94fe03b2d088b72743da175380dfcf2edbfacd0077cc25eb19d2ca7e9
CollecTRI,TOX3,6,1.0,True,all official signed TF-target weights intersected with G_PRIMARY; L2 normalized,f5c4faa94fe03b2d088b72743da175380dfcf2edbfacd0077cc25eb19d2ca7e9
CollecTRI,TP53,913,1.0000000000000002,True,all official signed TF-target weights intersected with G_PRIMARY; L2 normalized,f5c4faa94fe03b2d088b72743da175380dfcf2edbfacd0077cc25eb19d2ca7e9
CollecTRI,TP53BP1,1,1.0,False,all official signed TF-target weights intersected with G_PRIMARY; L2 normalized,f5c4faa94fe03b2d088b72743da175380dfcf2edbfacd0077cc25eb19d2ca7e9
CollecTRI,TP63,191,0.9999999999999998,True,all official signed TF-target weights intersected with G_PRIMARY; L2 normalized,f5c4faa94fe03b2d088b72743da175380dfcf2edbfacd0077cc25eb19d2ca7e9
CollecTRI,TP73,119,0.9999999999999998,True,all official signed TF-target weights intersected with G_PRIMARY; L2 normalized,f5c4faa94fe03b2d088b72743da175380dfcf2edbfacd0077cc25eb19d2ca7e9
CollecTRI,TRERF1,7,0.9999999999999998,True,all official signed TF-target weights intersected with G_PRIMARY; L2 normalized,f5c4faa94fe03b2d088b72743da175380dfcf2edbfacd0077cc25eb19d2ca7e9
CollecTRI,TRIB3,2,0.9999999999999999,True,all official signed TF-target weights intersected with G_PRIMARY; L2 normalized,f5c4faa94fe03b2d088b72743da175380dfcf2edbfacd0077cc25eb19d2ca7e9
CollecTRI,TRIM14,1,1.0,False,all official signed TF-target weights intersected with G_PRIMARY; L2 normalized,f5c4faa94fe03b2d088b72743da175380dfcf2edbfacd0077cc25eb19d2ca7e9
CollecTRI,TRIM15,1,1.0,False,all official signed TF-target weights intersected with G_PRIMARY; L2 normalized,f5c4faa94fe03b2d088b72743da175380dfcf2edbfacd0077cc25eb19d2ca7e9
CollecTRI,TRIM21,1,1.0,False,all official signed TF-target weights intersected with G_PRIMARY; L2 normalized,f5c4faa94fe03b2d088b72743da175380dfcf2edbfacd0077cc25eb19d2ca7e9
CollecTRI,TRIM22,3,1.0,False,all official signed TF-target weights intersected with G_PRIMARY; L2 normalized,f5c4faa94fe03b2d088b72743da175380dfcf2edbfacd0077cc25eb19d2ca7e9
CollecTRI,TRIM24,1,1.0,True,all official signed TF-target weights intersected with G_PRIMARY; L2 normalized,f5c4faa94fe03b2d088b72743da175380dfcf2edbfacd0077cc25eb19d2ca7e9
CollecTRI,TRIM25,1,1.0,False,all official signed TF-target weights intersected with G_PRIMARY; L2 normalized,f5c4faa94fe03b2d088b72743da175380dfcf2edbfacd0077cc25eb19d2ca7e9
CollecTRI,TRIM27,1,1.0,False,all official signed TF-target weights intersected with G_PRIMARY; L2 normalized,f5c4faa94fe03b2d088b72743da175380dfcf2edbfacd0077cc25eb19d2ca7e9
CollecTRI,TRIM28,5,0.9999999999999999,True,all official signed TF-target weights intersected with G_PRIMARY; L2 normalized,f5c4faa94fe03b2d088b72743da175380dfcf2edbfacd0077cc25eb19d2ca7e9
CollecTRI,TRIM31,1,1.0,False,all official signed TF-target weights intersected with G_PRIMARY; L2 normalized,f5c4faa94fe03b2d088b72743da175380dfcf2edbfacd0077cc25eb19d2ca7e9
CollecTRI,TRIM5,1,1.0,False,all official signed TF-target weights intersected with G_PRIMARY; L2 normalized,f5c4faa94fe03b2d088b72743da175380dfcf2edbfacd0077cc25eb19d2ca7e9
CollecTRI,TRIM62,1,1.0,False,all official signed TF-target weights intersected with G_PRIMARY; L2 normalized,f5c4faa94fe03b2d088b72743da175380dfcf2edbfacd0077cc25eb19d2ca7e9
CollecTRI,TRIM8,1,1.0,False,all official signed TF-target weights intersected with G_PRIMARY; L2 normalized,f5c4faa94fe03b2d088b72743da175380dfcf2edbfacd0077cc25eb19d2ca7e9
CollecTRI,TRPS1,15,0.9999999999999999,True,all official signed TF-target weights intersected with G_PRIMARY; L2 normalized,f5c4faa94fe03b2d088b72743da175380dfcf2edbfacd0077cc25eb19d2ca7e9
CollecTRI,TRRAP,2,0.9999999999999999,True,all official signed TF-target weights intersected with G_PRIMARY; L2 normalized,f5c4faa94fe03b2d088b72743da175380dfcf2edbfacd0077cc25eb19d2ca7e9
CollecTRI,TSC22D1,7,0.9999999999999998,False,all official signed TF-target weights intersected with G_PRIMARY; L2 normalized,f5c4faa94fe03b2d088b72743da175380dfcf2edbfacd0077cc25eb19d2ca7e9
CollecTRI,TSG101,3,1.0,True,all official signed TF-target weights intersected with G_PRIMARY; L2 normalized,f5c4faa94fe03b2d088b72743da175380dfcf2edbfacd0077cc25eb19d2ca7e9
CollecTRI,TSHZ1,3,1.0,True,all official signed TF-target weights intersected with G_PRIMARY; L2 normalized,f5c4faa94fe03b2d088b72743da175380dfcf2edbfacd0077cc25eb19d2ca7e9
CollecTRI,TSHZ3,4,1.0,True,all official signed TF-target weights intersected with G_PRIMARY; L2 normalized,f5c4faa94fe03b2d088b72743da175380dfcf2edbfacd0077cc25eb19d2ca7e9
CollecTRI,TTF1,48,1.0,True,all official signed TF-target weights intersected with G_PRIMARY; L2 normalized,f5c4faa94fe03b2d088b72743da175380dfcf2edbfacd0077cc25eb19d2ca7e9
CollecTRI,TWIST1,74,1.0,True,all official signed TF-target weights intersected with G_PRIMARY; L2 normalized,f5c4faa94fe03b2d088b72743da175380dfcf2edbfacd0077cc25eb19d2ca7e9
CollecTRI,TWIST2,35,0.9999999999999999,True,all official signed TF-target weights intersected with G_PRIMARY; L2 normalized,f5c4faa94fe03b2d088b72743da175380dfcf2edbfacd0077cc25eb19d2ca7e9
CollecTRI,UBP1,2,0.9999999999999999,False,all official signed TF-target weights intersected with G_PRIMARY; L2 normalized,f5c4faa94fe03b2d088b72743da175380dfcf2edbfacd0077cc25eb19d2ca7e9
CollecTRI,UBTF,9,1.0,False,all official signed TF-target weights intersected with G_PRIMARY; L2 normalized,f5c4faa94fe03b2d088b72743da175380dfcf2edbfacd0077cc25eb19d2ca7e9
CollecTRI,UNCX,2,0.9999999999999999,False,all official signed TF-target weights intersected with G_PRIMARY; L2 normalized,f5c4faa94fe03b2d088b72743da175380dfcf2edbfacd0077cc25eb19d2ca7e9
CollecTRI,URI1,1,1.0,True,all official signed TF-target weights intersected with G_PRIMARY; L2 normalized,f5c4faa94fe03b2d088b72743da175380dfcf2edbfacd0077cc25eb19d2ca7e9
CollecTRI,USF1,187,1.0,True,all official signed TF-target weights intersected with G_PRIMARY; L2 normalized,f5c4faa94fe03b2d088b72743da175380dfcf2edbfacd0077cc25eb19d2ca7e9
CollecTRI,USF2,96,1.0,True,all official signed TF-target weights intersected with G_PRIMARY; L2 normalized,f5c4faa94fe03b2d088b72743da175380dfcf2edbfacd0077cc25eb19d2ca7e9
CollecTRI,UTF1,4,1.0,False,all official signed TF-target weights intersected with G_PRIMARY; L2 normalized,f5c4faa94fe03b2d088b72743da175380dfcf2edbfacd0077cc25eb19d2ca7e9
CollecTRI,VAX1,1,1.0,True,all official signed TF-target weights intersected with G_PRIMARY; L2 normalized,f5c4faa94fe03b2d088b72743da175380dfcf2edbfacd0077cc25eb19d2ca7e9
CollecTRI,VAX2,3,1.0,True,all official signed TF-target weights intersected with G_PRIMARY; L2 normalized,f5c4faa94fe03b2d088b72743da175380dfcf2edbfacd0077cc25eb19d2ca7e9
CollecTRI,VDR,122,0.9999999999999999,True,all official signed TF-target weights intersected with G_PRIMARY; L2 normalized,f5c4faa94fe03b2d088b72743da175380dfcf2edbfacd0077cc25eb19d2ca7e9
CollecTRI,VENTX,5,0.9999999999999999,False,all official signed TF-target weights intersected with G_PRIMARY; L2 normalized,f5c4faa94fe03b2d088b72743da175380dfcf2edbfacd0077cc25eb19d2ca7e9
CollecTRI,VEZF1,7,0.9999999999999998,True,all official signed TF-target weights intersected with G_PRIMARY; L2 normalized,f5c4faa94fe03b2d088b72743da175380dfcf2edbfacd0077cc25eb19d2ca7e9
CollecTRI,VHL,24,1.0,True,all official signed TF-target weights intersected with G_PRIMARY; L2 normalized,f5c4faa94fe03b2d088b72743da175380dfcf2edbfacd0077cc25eb19d2ca7e9
CollecTRI,VSX1,3,1.0,False,all official signed TF-target weights intersected with G_PRIMARY; L2 normalized,f5c4faa94fe03b2d088b72743da175380dfcf2edbfacd0077cc25eb19d2ca7e9
CollecTRI,VSX2,26,1.0,True,all official signed TF-target weights intersected with G_PRIMARY; L2 normalized,f5c4faa94fe03b2d088b72743da175380dfcf2edbfacd0077cc25eb19d2ca7e9
CollecTRI,WNT3A,3,1.0,True,all official signed TF-target weights intersected with G_PRIMARY; L2 normalized,f5c4faa94fe03b2d088b72743da175380dfcf2edbfacd0077cc25eb19d2ca7e9
CollecTRI,WT1,143,1.0,True,all official signed TF-target weights intersected with G_PRIMARY; L2 normalized,f5c4faa94fe03b2d088b72743da175380dfcf2edbfacd0077cc25eb19d2ca7e9
CollecTRI,WWTR1,9,1.0,True,all official signed TF-target weights intersected with G_PRIMARY; L2 normalized,f5c4faa94fe03b2d088b72743da175380dfcf2edbfacd0077cc25eb19d2ca7e9
CollecTRI,XBP1,52,1.0,True,all official signed TF-target weights intersected with G_PRIMARY; L2 normalized,f5c4faa94fe03b2d088b72743da175380dfcf2edbfacd0077cc25eb19d2ca7e9
CollecTRI,XPC,4,1.0,True,all official signed TF-target weights intersected with G_PRIMARY; L2 normalized,f5c4faa94fe03b2d088b72743da175380dfcf2edbfacd0077cc25eb19d2ca7e9
CollecTRI,YAP1,9,1.0,True,all official signed TF-target weights intersected with G_PRIMARY; L2 normalized,f5c4faa94fe03b2d088b72743da175380dfcf2edbfacd0077cc25eb19d2ca7e9
CollecTRI,YBX1,82,0.9999999999999999,True,all official signed TF-target weights intersected with G_PRIMARY; L2 normalized,f5c4faa94fe03b2d088b72743da175380dfcf2edbfacd0077cc25eb19d2ca7e9
CollecTRI,YBX3,24,1.0,True,all official signed TF-target weights intersected with G_PRIMARY; L2 normalized,f5c4faa94fe03b2d088b72743da175380dfcf2edbfacd0077cc25eb19d2ca7e9
CollecTRI,YY1,223,1.0,True,all official signed TF-target weights intersected with G_PRIMARY; L2 normalized,f5c4faa94fe03b2d088b72743da175380dfcf2edbfacd0077cc25eb19d2ca7e9
CollecTRI,YY2,3,1.0,False,all official signed TF-target weights intersected with G_PRIMARY; L2 normalized,f5c4faa94fe03b2d088b72743da175380dfcf2edbfacd0077cc25eb19d2ca7e9
CollecTRI,ZBED1,21,1.0,True,all official signed TF-target weights intersected with G_PRIMARY; L2 normalized,f5c4faa94fe03b2d088b72743da175380dfcf2edbfacd0077cc25eb19d2ca7e9
CollecTRI,ZBED6,2,0.9999999999999999,False,all official signed TF-target weights intersected with G_PRIMARY; L2 normalized,f5c4faa94fe03b2d088b72743da175380dfcf2edbfacd0077cc25eb19d2ca7e9
CollecTRI,ZBTB10,2,0.9999999999999999,False,all official signed TF-target weights intersected with G_PRIMARY; L2 normalized,f5c4faa94fe03b2d088b72743da175380dfcf2edbfacd0077cc25eb19d2ca7e9
CollecTRI,ZBTB12,2,0.9999999999999999,False,all official signed TF-target weights intersected with G_PRIMARY; L2 normalized,f5c4faa94fe03b2d088b72743da175380dfcf2edbfacd0077cc25eb19d2ca7e9
CollecTRI,ZBTB14,7,0.9999999999999998,True,all official signed TF-target weights intersected with G_PRIMARY; L2 normalized,f5c4faa94fe03b2d088b72743da175380dfcf2edbfacd0077cc25eb19d2ca7e9
CollecTRI,ZBTB16,44,1.0,True,all official signed TF-target weights intersected with G_PRIMARY; L2 normalized,f5c4faa94fe03b2d088b72743da175380dfcf2edbfacd0077cc25eb19d2ca7e9
CollecTRI,ZBTB17,41,1.0,True,all official signed TF-target weights intersected with G_PRIMARY; L2 normalized,f5c4faa94fe03b2d088b72743da175380dfcf2edbfacd0077cc25eb19d2ca7e9
CollecTRI,ZBTB18,8,0.9999999999999999,True,all official signed TF-target weights intersected with G_PRIMARY; L2 normalized,f5c4faa94fe03b2d088b72743da175380dfcf2edbfacd0077cc25eb19d2ca7e9
CollecTRI,ZBTB2,4,1.0,True,all official signed TF-target weights intersected with G_PRIMARY; L2 normalized,f5c4faa94fe03b2d088b72743da175380dfcf2edbfacd0077cc25eb19d2ca7e9
CollecTRI,ZBTB20,3,1.0,True,all official signed TF-target weights intersected with G_PRIMARY; L2 normalized,f5c4faa94fe03b2d088b72743da175380dfcf2edbfacd0077cc25eb19d2ca7e9
CollecTRI,ZBTB22,1,1.0,False,all official signed TF-target weights intersected with G_PRIMARY; L2 normalized,f5c4faa94fe03b2d088b72743da175380dfcf2edbfacd0077cc25eb19d2ca7e9
CollecTRI,ZBTB32,5,0.9999999999999999,True,all official signed TF-target weights intersected with G_PRIMARY; L2 normalized,f5c4faa94fe03b2d088b72743da175380dfcf2edbfacd0077cc25eb19d2ca7e9
CollecTRI,ZBTB33,11,1.0,True,all official signed TF-target weights intersected with G_PRIMARY; L2 normalized,f5c4faa94fe03b2d088b72743da175380dfcf2edbfacd0077cc25eb19d2ca7e9
CollecTRI,ZBTB38,2,0.9999999999999999,False,all official signed TF-target weights intersected with G_PRIMARY; L2 normalized,f5c4faa94fe03b2d088b72743da175380dfcf2edbfacd0077cc25eb19d2ca7e9
CollecTRI,ZBTB4,14,0.9999999999999999,True,all official signed TF-target weights intersected with G_PRIMARY; L2 normalized,f5c4faa94fe03b2d088b72743da175380dfcf2edbfacd0077cc25eb19d2ca7e9
CollecTRI,ZBTB44,1,1.0,False,all official signed TF-target weights intersected with G_PRIMARY; L2 normalized,f5c4faa94fe03b2d088b72743da175380dfcf2edbfacd0077cc25eb19d2ca7e9
CollecTRI,ZBTB48,1,1.0,False,all official signed TF-target weights intersected with G_PRIMARY; L2 normalized,f5c4faa94fe03b2d088b72743da175380dfcf2edbfacd0077cc25eb19d2ca7e9
CollecTRI,ZBTB5,1,1.0,True,all official signed TF-target weights intersected with G_PRIMARY; L2 normalized,f5c4faa94fe03b2d088b72743da175380dfcf2edbfacd0077cc25eb19d2ca7e9
CollecTRI,ZBTB7A,35,0.9999999999999999,True,all official signed TF-target weights intersected with G_PRIMARY; L2 normalized,f5c4faa94fe03b2d088b72743da175380dfcf2edbfacd0077cc25eb19d2ca7e9
CollecTRI,ZBTB7B,14,0.9999999999999999,True,all official signed TF-target weights intersected with G_PRIMARY; L2 normalized,f5c4faa94fe03b2d088b72743da175380dfcf2edbfacd0077cc25eb19d2ca7e9
CollecTRI,ZBTB7C,2,0.9999999999999999,True,all official signed TF-target weights intersected with G_PRIMARY; L2 normalized,f5c4faa94fe03b2d088b72743da175380dfcf2edbfacd0077cc25eb19d2ca7e9
CollecTRI,ZBTB8A,1,1.0,True,all official signed TF-target weights intersected with G_PRIMARY; L2 normalized,f5c4faa94fe03b2d088b72743da175380dfcf2edbfacd0077cc25eb19d2ca7e9
CollecTRI,ZBTB8B,1,1.0,True,all official signed TF-target weights intersected with G_PRIMARY; L2 normalized,f5c4faa94fe03b2d088b72743da175380dfcf2edbfacd0077cc25eb19d2ca7e9
CollecTRI,ZC3H8,1,1.0,True,all official signed TF-target weights intersected with G_PRIMARY; L2 normalized,f5c4faa94fe03b2d088b72743da175380dfcf2edbfacd0077cc25eb19d2ca7e9
CollecTRI,ZEB1,59,1.0,True,all official signed TF-target weights intersected with G_PRIMARY; L2 normalized,f5c4faa94fe03b2d088b72743da175380dfcf2edbfacd0077cc25eb19d2ca7e9
CollecTRI,ZEB2,28,0.9999999999999999,True,all official signed TF-target weights intersected with G_PRIMARY; L2 normalized,f5c4faa94fe03b2d088b72743da175380dfcf2edbfacd0077cc25eb19d2ca7e9
CollecTRI,ZFHX2,2,0.9999999999999999,False,all official signed TF-target weights intersected with G_PRIMARY; L2 normalized,f5c4faa94fe03b2d088b72743da175380dfcf2edbfacd0077cc25eb19d2ca7e9
CollecTRI,ZFHX3,9,1.0,True,all official signed TF-target weights intersected with G_PRIMARY; L2 normalized,f5c4faa94fe03b2d088b72743da175380dfcf2edbfacd0077cc25eb19d2ca7e9
CollecTRI,ZFHX4,1,1.0,False,all official signed TF-target weights intersected with G_PRIMARY; L2 normalized,f5c4faa94fe03b2d088b72743da175380dfcf2edbfacd0077cc25eb19d2ca7e9
CollecTRI,ZFP1,1,1.0,False,all official signed TF-target weights intersected with G_PRIMARY; L2 normalized,f5c4faa94fe03b2d088b72743da175380dfcf2edbfacd0077cc25eb19d2ca7e9
CollecTRI,ZFP42,13,0.9999999999999999,True,all official signed TF-target weights intersected with G_PRIMARY; L2 normalized,f5c4faa94fe03b2d088b72743da175380dfcf2edbfacd0077cc25eb19d2ca7e9
CollecTRI,ZFP57,1,1.0,False,all official signed TF-target weights intersected with G_PRIMARY; L2 normalized,f5c4faa94fe03b2d088b72743da175380dfcf2edbfacd0077cc25eb19d2ca7e9
CollecTRI,ZFP64,5,0.9999999999999999,True,all official signed TF-target weights intersected with G_PRIMARY; L2 normalized,f5c4faa94fe03b2d088b72743da175380dfcf2edbfacd0077cc25eb19d2ca7e9
CollecTRI,ZFP90,1,1.0,False,all official signed TF-target weights intersected with G_PRIMARY; L2 normalized,f5c4faa94fe03b2d088b72743da175380dfcf2edbfacd0077cc25eb19d2ca7e9
CollecTRI,ZFPM1,12,1.0,True,all official signed TF-target weights intersected with G_PRIMARY; L2 normalized,f5c4faa94fe03b2d088b72743da175380dfcf2edbfacd0077cc25eb19d2ca7e9
CollecTRI,ZFPM2,10,1.0,True,all official signed TF-target weights intersected with G_PRIMARY; L2 normalized,f5c4faa94fe03b2d088b72743da175380dfcf2edbfacd0077cc25eb19d2ca7e9
CollecTRI,ZFX,5,0.9999999999999999,True,all official signed TF-target weights intersected with G_PRIMARY; L2 normalized,f5c4faa94fe03b2d088b72743da175380dfcf2edbfacd0077cc25eb19d2ca7e9
CollecTRI,ZGLP1,19,0.9999999999999998,False,all official signed TF-target weights intersected with G_PRIMARY; L2 normalized,f5c4faa94fe03b2d088b72743da175380dfcf2edbfacd0077cc25eb19d2ca7e9
CollecTRI,ZGPAT,9,1.0,True,all official signed TF-target weights intersected with G_PRIMARY; L2 normalized,f5c4faa94fe03b2d088b72743da175380dfcf2edbfacd0077cc25eb19d2ca7e9
CollecTRI,ZHX1,1,1.0,False,all official signed TF-target weights intersected with G_PRIMARY; L2 normalized,f5c4faa94fe03b2d088b72743da175380dfcf2edbfacd0077cc25eb19d2ca7e9
CollecTRI,ZHX2,11,1.0,True,all official signed TF-target weights intersected with G_PRIMARY; L2 normalized,f5c4faa94fe03b2d088b72743da175380dfcf2edbfacd0077cc25eb19d2ca7e9
CollecTRI,ZHX3,3,1.0,True,all official signed TF-target weights intersected with G_PRIMARY; L2 normalized,f5c4faa94fe03b2d088b72743da175380dfcf2edbfacd0077cc25eb19d2ca7e9
CollecTRI,ZIC1,13,0.9999999999999999,False,all official signed TF-target weights intersected with G_PRIMARY; L2 normalized,f5c4faa94fe03b2d088b72743da175380dfcf2edbfacd0077cc25eb19d2ca7e9
CollecTRI,ZIC2,7,0.9999999999999998,True,all official signed TF-target weights intersected with G_PRIMARY; L2 normalized,f5c4faa94fe03b2d088b72743da175380dfcf2edbfacd0077cc25eb19d2ca7e9
CollecTRI,ZIC3,2,0.9999999999999999,False,all official signed TF-target weights intersected with G_PRIMARY; L2 normalized,f5c4faa94fe03b2d088b72743da175380dfcf2edbfacd0077cc25eb19d2ca7e9
CollecTRI,ZIK1,1,1.0,False,all official signed TF-target weights intersected with G_PRIMARY; L2 normalized,f5c4faa94fe03b2d088b72743da175380dfcf2edbfacd0077cc25eb19d2ca7e9
CollecTRI,ZKSCAN3,3,1.0,False,all official signed TF-target weights intersected with G_PRIMARY; L2 normalized,f5c4faa94fe03b2d088b72743da175380dfcf2edbfacd0077cc25eb19d2ca7e9
CollecTRI,ZKSCAN4,2,0.9999999999999999,True,all official signed TF-target weights intersected with G_PRIMARY; L2 normalized,f5c4faa94fe03b2d088b72743da175380dfcf2edbfacd0077cc25eb19d2ca7e9
CollecTRI,ZKSCAN7,12,1.0,False,all official signed TF-target weights intersected with G_PRIMARY; L2 normalized,f5c4faa94fe03b2d088b72743da175380dfcf2edbfacd0077cc25eb19d2ca7e9
CollecTRI,ZMIZ1,2,0.9999999999999999,False,all official signed TF-target weights intersected with G_PRIMARY; L2 normalized,f5c4faa94fe03b2d088b72743da175380dfcf2edbfacd0077cc25eb19d2ca7e9
CollecTRI,ZMYND11,1,1.0,False,all official signed TF-target weights intersected with G_PRIMARY; L2 normalized,f5c4faa94fe03b2d088b72743da175380dfcf2edbfacd0077cc25eb19d2ca7e9
CollecTRI,ZMYND8,8,0.9999999999999999,True,all official signed TF-target weights intersected with G_PRIMARY; L2 normalized,f5c4faa94fe03b2d088b72743da175380dfcf2edbfacd0077cc25eb19d2ca7e9
CollecTRI,ZNF134,1,1.0,False,all official signed TF-target weights intersected with G_PRIMARY; L2 normalized,f5c4faa94fe03b2d088b72743da175380dfcf2edbfacd0077cc25eb19d2ca7e9
CollecTRI,ZNF135,2,0.9999999999999999,False,all official signed TF-target weights intersected with G_PRIMARY; L2 normalized,f5c4faa94fe03b2d088b72743da175380dfcf2edbfacd0077cc25eb19d2ca7e9
CollecTRI,ZNF143,26,1.0,True,all official signed TF-target weights intersected with G_PRIMARY; L2 normalized,f5c4faa94fe03b2d088b72743da175380dfcf2edbfacd0077cc25eb19d2ca7e9
CollecTRI,ZNF148,28,0.9999999999999999,True,all official signed TF-target weights intersected with G_PRIMARY; L2 normalized,f5c4faa94fe03b2d088b72743da175380dfcf2edbfacd0077cc25eb19d2ca7e9
CollecTRI,ZNF16,2,0.9999999999999999,False,all official signed TF-target weights intersected with G_PRIMARY; L2 normalized,f5c4faa94fe03b2d088b72743da175380dfcf2edbfacd0077cc25eb19d2ca7e9
CollecTRI,ZNF160,6,1.0,True,all official signed TF-target weights intersected with G_PRIMARY; L2 normalized,f5c4faa94fe03b2d088b72743da175380dfcf2edbfacd0077cc25eb19d2ca7e9
CollecTRI,ZNF165,3,1.0,True,all official signed TF-target weights intersected with G_PRIMARY; L2 normalized,f5c4faa94fe03b2d088b72743da175380dfcf2edbfacd0077cc25eb19d2ca7e9
CollecTRI,ZNF174,2,0.9999999999999999,True,all official signed TF-target weights intersected with G_PRIMARY; L2 normalized,f5c4faa94fe03b2d088b72743da175380dfcf2edbfacd0077cc25eb19d2ca7e9
CollecTRI,ZNF175,1,1.0,False,all official signed TF-target weights intersected with G_PRIMARY; L2 normalized,f5c4faa94fe03b2d088b72743da175380dfcf2edbfacd0077cc25eb19d2ca7e9
CollecTRI,ZNF184,1,1.0,False,all official signed TF-target weights intersected with G_PRIMARY; L2 normalized,f5c4faa94fe03b2d088b72743da175380dfcf2edbfacd0077cc25eb19d2ca7e9
CollecTRI,ZNF189,1,1.0,False,all official signed TF-target weights intersected with G_PRIMARY; L2 normalized,f5c4faa94fe03b2d088b72743da175380dfcf2edbfacd0077cc25eb19d2ca7e9
CollecTRI,ZNF195,1,1.0,False,all official signed TF-target weights intersected with G_PRIMARY; L2 normalized,f5c4faa94fe03b2d088b72743da175380dfcf2edbfacd0077cc25eb19d2ca7e9
CollecTRI,ZNF2,1,1.0,False,all official signed TF-target weights intersected with G_PRIMARY; L2 normalized,f5c4faa94fe03b2d088b72743da175380dfcf2edbfacd0077cc25eb19d2ca7e9
CollecTRI,ZNF20,2,0.9999999999999999,False,all official signed TF-target weights intersected with G_PRIMARY; L2 normalized,f5c4faa94fe03b2d088b72743da175380dfcf2edbfacd0077cc25eb19d2ca7e9
CollecTRI,ZNF202,7,0.9999999999999998,True,all official signed TF-target weights intersected with G_PRIMARY; L2 normalized,f5c4faa94fe03b2d088b72743da175380dfcf2edbfacd0077cc25eb19d2ca7e9
CollecTRI,ZNF205,2,0.9999999999999999,True,all official signed TF-target weights intersected with G_PRIMARY; L2 normalized,f5c4faa94fe03b2d088b72743da175380dfcf2edbfacd0077cc25eb19d2ca7e9
CollecTRI,ZNF217,5,0.9999999999999999,True,all official signed TF-target weights intersected with G_PRIMARY; L2 normalized,f5c4faa94fe03b2d088b72743da175380dfcf2edbfacd0077cc25eb19d2ca7e9
CollecTRI,ZNF219,4,1.0,False,all official signed TF-target weights intersected with G_PRIMARY; L2 normalized,f5c4faa94fe03b2d088b72743da175380dfcf2edbfacd0077cc25eb19d2ca7e9
CollecTRI,ZNF224,3,1.0,True,all official signed TF-target weights intersected with G_PRIMARY; L2 normalized,f5c4faa94fe03b2d088b72743da175380dfcf2edbfacd0077cc25eb19d2ca7e9
CollecTRI,ZNF230,1,1.0,False,all official signed TF-target weights intersected with G_PRIMARY; L2 normalized,f5c4faa94fe03b2d088b72743da175380dfcf2edbfacd0077cc25eb19d2ca7e9
CollecTRI,ZNF236,10,1.0,False,all official signed TF-target weights intersected with G_PRIMARY; L2 normalized,f5c4faa94fe03b2d088b72743da175380dfcf2edbfacd0077cc25eb19d2ca7e9
CollecTRI,ZNF239,1,1.0,False,all official signed TF-target weights intersected with G_PRIMARY; L2 normalized,f5c4faa94fe03b2d088b72743da175380dfcf2edbfacd0077cc25eb19d2ca7e9
CollecTRI,ZNF24,5,0.9999999999999999,True,all official signed TF-target weights intersected with G_PRIMARY; L2 normalized,f5c4faa94fe03b2d088b72743da175380dfcf2edbfacd0077cc25eb19d2ca7e9
CollecTRI,ZNF250,3,1.0,False,all official signed TF-target weights intersected with G_PRIMARY; L2 normalized,f5c4faa94fe03b2d088b72743da175380dfcf2edbfacd0077cc25eb19d2ca7e9
CollecTRI,ZNF256,2,0.9999999999999999,False,all official signed TF-target weights intersected with G_PRIMARY; L2 normalized,f5c4faa94fe03b2d088b72743da175380dfcf2edbfacd0077cc25eb19d2ca7e9
CollecTRI,ZNF260,2,0.9999999999999999,False,all official signed TF-target weights intersected with G_PRIMARY; L2 normalized,f5c4faa94fe03b2d088b72743da175380dfcf2edbfacd0077cc25eb19d2ca7e9
CollecTRI,ZNF263,9,1.0,True,all official signed TF-target weights intersected with G_PRIMARY; L2 normalized,f5c4faa94fe03b2d088b72743da175380dfcf2edbfacd0077cc25eb19d2ca7e9
CollecTRI,ZNF266,2,0.9999999999999999,False,all official signed TF-target weights intersected with G_PRIMARY; L2 normalized,f5c4faa94fe03b2d088b72743da175380dfcf2edbfacd0077cc25eb19d2ca7e9
CollecTRI,ZNF267,1,1.0,True,all official signed TF-target weights intersected with G_PRIMARY; L2 normalized,f5c4faa94fe03b2d088b72743da175380dfcf2edbfacd0077cc25eb19d2ca7e9
CollecTRI,ZNF268,2,0.9999999999999999,False,all official signed TF-target weights intersected with G_PRIMARY; L2 normalized,f5c4faa94fe03b2d088b72743da175380dfcf2edbfacd0077cc25eb19d2ca7e9
CollecTRI,ZNF274,4,1.0,False,all official signed TF-target weights intersected with G_PRIMARY; L2 normalized,f5c4faa94fe03b2d088b72743da175380dfcf2edbfacd0077cc25eb19d2ca7e9
CollecTRI,ZNF277,2,0.9999999999999999,False,all official signed TF-target weights intersected with G_PRIMARY; L2 normalized,f5c4faa94fe03b2d088b72743da175380dfcf2edbfacd0077cc25eb19d2ca7e9
CollecTRI,ZNF281,3,1.0,False,all official signed TF-target weights intersected with G_PRIMARY; L2 normalized,f5c4faa94fe03b2d088b72743da175380dfcf2edbfacd0077cc25eb19d2ca7e9
CollecTRI,ZNF287,1,1.0,False,all official signed TF-target weights intersected with G_PRIMARY; L2 normalized,f5c4faa94fe03b2d088b72743da175380dfcf2edbfacd0077cc25eb19d2ca7e9
CollecTRI,ZNF296,1,1.0,False,all official signed TF-target weights intersected with G_PRIMARY; L2 normalized,f5c4faa94fe03b2d088b72743da175380dfcf2edbfacd0077cc25eb19d2ca7e9
CollecTRI,ZNF300,8,0.9999999999999999,True,all official signed TF-target weights intersected with G_PRIMARY; L2 normalized,f5c4faa94fe03b2d088b72743da175380dfcf2edbfacd0077cc25eb19d2ca7e9
CollecTRI,ZNF304,2,0.9999999999999999,True,all official signed TF-target weights intersected with G_PRIMARY; L2 normalized,f5c4faa94fe03b2d088b72743da175380dfcf2edbfacd0077cc25eb19d2ca7e9
CollecTRI,ZNF316,4,1.0,False,all official signed TF-target weights intersected with G_PRIMARY; L2 normalized,f5c4faa94fe03b2d088b72743da175380dfcf2edbfacd0077cc25eb19d2ca7e9
CollecTRI,ZNF32,2,0.9999999999999999,False,all official signed TF-target weights intersected with G_PRIMARY; L2 normalized,f5c4faa94fe03b2d088b72743da175380dfcf2edbfacd0077cc25eb19d2ca7e9
CollecTRI,ZNF322,1,1.0,False,all official signed TF-target weights intersected with G_PRIMARY; L2 normalized,f5c4faa94fe03b2d088b72743da175380dfcf2edbfacd0077cc25eb19d2ca7e9
CollecTRI,ZNF331,17,1.0,True,all official signed TF-target weights intersected with G_PRIMARY; L2 normalized,f5c4faa94fe03b2d088b72743da175380dfcf2edbfacd0077cc25eb19d2ca7e9
CollecTRI,ZNF335,6,1.0,False,all official signed TF-target weights intersected with G_PRIMARY; L2 normalized,f5c4faa94fe03b2d088b72743da175380dfcf2edbfacd0077cc25eb19d2ca7e9
CollecTRI,ZNF350,10,1.0,True,all official signed TF-target weights intersected with G_PRIMARY; L2 normalized,f5c4faa94fe03b2d088b72743da175380dfcf2edbfacd0077cc25eb19d2ca7e9
CollecTRI,ZNF354C,25,1.0,False,all official signed TF-target weights intersected with G_PRIMARY; L2 normalized,f5c4faa94fe03b2d088b72743da175380dfcf2edbfacd0077cc25eb19d2ca7e9
CollecTRI,ZNF362,16,1.0,False,all official signed TF-target weights intersected with G_PRIMARY; L2 normalized,f5c4faa94fe03b2d088b72743da175380dfcf2edbfacd0077cc25eb19d2ca7e9
CollecTRI,ZNF382,11,1.0,True,all official signed TF-target weights intersected with G_PRIMARY; L2 normalized,f5c4faa94fe03b2d088b72743da175380dfcf2edbfacd0077cc25eb19d2ca7e9
CollecTRI,ZNF383,1,1.0,True,all official signed TF-target weights intersected with G_PRIMARY; L2 normalized,f5c4faa94fe03b2d088b72743da175380dfcf2edbfacd0077cc25eb19d2ca7e9
CollecTRI,ZNF384,19,0.9999999999999998,True,all official signed TF-target weights intersected with G_PRIMARY; L2 normalized,f5c4faa94fe03b2d088b72743da175380dfcf2edbfacd0077cc25eb19d2ca7e9
CollecTRI,ZNF395,6,1.0,False,all official signed TF-target weights intersected with G_PRIMARY; L2 normalized,f5c4faa94fe03b2d088b72743da175380dfcf2edbfacd0077cc25eb19d2ca7e9
CollecTRI,ZNF398,3,1.0,False,all official signed TF-target weights intersected with G_PRIMARY; L2 normalized,f5c4faa94fe03b2d088b72743da175380dfcf2edbfacd0077cc25eb19d2ca7e9
CollecTRI,ZNF410,5,0.9999999999999999,True,all official signed TF-target weights intersected with G_PRIMARY; L2 normalized,f5c4faa94fe03b2d088b72743da175380dfcf2edbfacd0077cc25eb19d2ca7e9
CollecTRI,ZNF417,1,1.0,False,all official signed TF-target weights intersected with G_PRIMARY; L2 normalized,f5c4faa94fe03b2d088b72743da175380dfcf2edbfacd0077cc25eb19d2ca7e9
CollecTRI,ZNF419,1,1.0,False,all official signed TF-target weights intersected with G_PRIMARY; L2 normalized,f5c4faa94fe03b2d088b72743da175380dfcf2edbfacd0077cc25eb19d2ca7e9
CollecTRI,ZNF423,5,0.9999999999999999,False,all official signed TF-target weights intersected with G_PRIMARY; L2 normalized,f5c4faa94fe03b2d088b72743da175380dfcf2edbfacd0077cc25eb19d2ca7e9
CollecTRI,ZNF431,1,1.0,False,all official signed TF-target weights intersected with G_PRIMARY; L2 normalized,f5c4faa94fe03b2d088b72743da175380dfcf2edbfacd0077cc25eb19d2ca7e9
CollecTRI,ZNF436,6,1.0,False,all official signed TF-target weights intersected with G_PRIMARY; L2 normalized,f5c4faa94fe03b2d088b72743da175380dfcf2edbfacd0077cc25eb19d2ca7e9
CollecTRI,ZNF444,1,1.0,False,all official signed TF-target weights intersected with G_PRIMARY; L2 normalized,f5c4faa94fe03b2d088b72743da175380dfcf2edbfacd0077cc25eb19d2ca7e9
CollecTRI,ZNF451,3,1.0,True,all official signed TF-target weights intersected with G_PRIMARY; L2 normalized,f5c4faa94fe03b2d088b72743da175380dfcf2edbfacd0077cc25eb19d2ca7e9
CollecTRI,ZNF461,3,1.0,True,all official signed TF-target weights intersected with G_PRIMARY; L2 normalized,f5c4faa94fe03b2d088b72743da175380dfcf2edbfacd0077cc25eb19d2ca7e9
CollecTRI,ZNF492,1,1.0,False,all official signed TF-target weights intersected with G_PRIMARY; L2 normalized,f5c4faa94fe03b2d088b72743da175380dfcf2edbfacd0077cc25eb19d2ca7e9
CollecTRI,ZNF503,3,1.0,True,all official signed TF-target weights intersected with G_PRIMARY; L2 normalized,f5c4faa94fe03b2d088b72743da175380dfcf2edbfacd0077cc25eb19d2ca7e9
CollecTRI,ZNF512B,1,1.0,False,all official signed TF-target weights intersected with G_PRIMARY; L2 normalized,f5c4faa94fe03b2d088b72743da175380dfcf2edbfacd0077cc25eb19d2ca7e9
CollecTRI,ZNF521,3,1.0,True,all official signed TF-target weights intersected with G_PRIMARY; L2 normalized,f5c4faa94fe03b2d088b72743da175380dfcf2edbfacd0077cc25eb19d2ca7e9
CollecTRI,ZNF569,1,1.0,False,all official signed TF-target weights intersected with G_PRIMARY; L2 normalized,f5c4faa94fe03b2d088b72743da175380dfcf2edbfacd0077cc25eb19d2ca7e9
CollecTRI,ZNF571,1,1.0,False,all official signed TF-target weights intersected with G_PRIMARY; L2 normalized,f5c4faa94fe03b2d088b72743da175380dfcf2edbfacd0077cc25eb19d2ca7e9
CollecTRI,ZNF652,1,1.0,False,all official signed TF-target weights intersected with G_PRIMARY; L2 normalized,f5c4faa94fe03b2d088b72743da175380dfcf2edbfacd0077cc25eb19d2ca7e9
CollecTRI,ZNF653,1,1.0,False,all official signed TF-target weights intersected with G_PRIMARY; L2 normalized,f5c4faa94fe03b2d088b72743da175380dfcf2edbfacd0077cc25eb19d2ca7e9
CollecTRI,ZNF667,2,0.9999999999999999,False,all official signed TF-target weights intersected with G_PRIMARY; L2 normalized,f5c4faa94fe03b2d088b72743da175380dfcf2edbfacd0077cc25eb19d2ca7e9
CollecTRI,ZNF671,1,1.0,False,all official signed TF-target weights intersected with G_PRIMARY; L2 normalized,f5c4faa94fe03b2d088b72743da175380dfcf2edbfacd0077cc25eb19d2ca7e9
CollecTRI,ZNF692,1,1.0,True,all official signed TF-target weights intersected with G_PRIMARY; L2 normalized,f5c4faa94fe03b2d088b72743da175380dfcf2edbfacd0077cc25eb19d2ca7e9
CollecTRI,ZNF699,48,1.0,False,all official signed TF-target weights intersected with G_PRIMARY; L2 normalized,f5c4faa94fe03b2d088b72743da175380dfcf2edbfacd0077cc25eb19d2ca7e9
CollecTRI,ZNF711,1,1.0,False,all official signed TF-target weights intersected with G_PRIMARY; L2 normalized,f5c4faa94fe03b2d088b72743da175380dfcf2edbfacd0077cc25eb19d2ca7e9
CollecTRI,ZNF746,2,0.9999999999999999,True,all official signed TF-target weights intersected with G_PRIMARY; L2 normalized,f5c4faa94fe03b2d088b72743da175380dfcf2edbfacd0077cc25eb19d2ca7e9
CollecTRI,ZNF750,1,1.0,True,all official signed TF-target weights intersected with G_PRIMARY; L2 normalized,f5c4faa94fe03b2d088b72743da175380dfcf2edbfacd0077cc25eb19d2ca7e9
CollecTRI,ZNF76,6,1.0,True,all official signed TF-target weights intersected with G_PRIMARY; L2 normalized,f5c4faa94fe03b2d088b72743da175380dfcf2edbfacd0077cc25eb19d2ca7e9
CollecTRI,ZNF77,2,0.9999999999999999,False,all official signed TF-target weights intersected with G_PRIMARY; L2 normalized,f5c4faa94fe03b2d088b72743da175380dfcf2edbfacd0077cc25eb19d2ca7e9
CollecTRI,ZNF79,1,1.0,False,all official signed TF-target weights intersected with G_PRIMARY; L2 normalized,f5c4faa94fe03b2d088b72743da175380dfcf2edbfacd0077cc25eb19d2ca7e9
CollecTRI,ZNF8,2,0.9999999999999999,True,all official signed TF-target weights intersected with G_PRIMARY; L2 normalized,f5c4faa94fe03b2d088b72743da175380dfcf2edbfacd0077cc25eb19d2ca7e9
CollecTRI,ZNF804A,10,1.0,True,all official signed TF-target weights intersected with G_PRIMARY; L2 normalized,f5c4faa94fe03b2d088b72743da175380dfcf2edbfacd0077cc25eb19d2ca7e9
CollecTRI,ZNF85,1,1.0,False,all official signed TF-target weights intersected with G_PRIMARY; L2 normalized,f5c4faa94fe03b2d088b72743da175380dfcf2edbfacd0077cc25eb19d2ca7e9
CollecTRI,ZNF91,37,0.9999999999999999,True,all official signed TF-target weights intersected with G_PRIMARY; L2 normalized,f5c4faa94fe03b2d088b72743da175380dfcf2edbfacd0077cc25eb19d2ca7e9
CollecTRI,ZSCAN10,1,1.0,False,all official signed TF-target weights intersected with G_PRIMARY; L2 normalized,f5c4faa94fe03b2d088b72743da175380dfcf2edbfacd0077cc25eb19d2ca7e9
CollecTRI,ZSCAN18,1,1.0,False,all official signed TF-target weights intersected with G_PRIMARY; L2 normalized,f5c4faa94fe03b2d088b72743da175380dfcf2edbfacd0077cc25eb19d2ca7e9
CollecTRI,ZSCAN21,1,1.0,False,all official signed TF-target weights intersected with G_PRIMARY; L2 normalized,f5c4faa94fe03b2d088b72743da175380dfcf2edbfacd0077cc25eb19d2ca7e9
CollecTRI,ZSCAN26,1,1.0,True,all official signed TF-target weights intersected with G_PRIMARY; L2 normalized,f5c4faa94fe03b2d088b72743da175380dfcf2edbfacd0077cc25eb19d2ca7e9
CollecTRI,ZSCAN9,1,1.0,False,all official signed TF-target weights intersected with G_PRIMARY; L2 normalized,f5c4faa94fe03b2d088b72743da175380dfcf2edbfacd0077cc25eb19d2ca7e9
CollecTRI,ZXDA,2,0.9999999999999999,False,all official signed TF-target weights intersected with G_PRIMARY; L2 normalized,f5c4faa94fe03b2d088b72743da175380dfcf2edbfacd0077cc25eb19d2ca7e9
CollecTRI,ZXDC,6,1.0,False,all official signed TF-target weights intersected with G_PRIMARY; L2 normalized,f5c4faa94fe03b2d088b72743da175380dfcf2edbfacd0077cc25eb19d2ca7e9
PROGENy,Androgen,8694,0.9999999999999999,True,all official human weights intersected with G_PRIMARY; L2 normalized,f5c4faa94fe03b2d088b72743da175380dfcf2edbfacd0077cc25eb19d2ca7e9
PROGENy,EGFR,16083,0.9999999999999999,True,all official human weights intersected with G_PRIMARY; L2 normalized,f5c4faa94fe03b2d088b72743da175380dfcf2edbfacd0077cc25eb19d2ca7e9
PROGENy,Estrogen,8694,1.0,True,all official human weights intersected with G_PRIMARY; L2 normalized,f5c4faa94fe03b2d088b72743da175380dfcf2edbfacd0077cc25eb19d2ca7e9
PROGENy,Hypoxia,16083,0.9999999999999999,True,all official human weights intersected with G_PRIMARY; L2 normalized,f5c4faa94fe03b2d088b72743da175380dfcf2edbfacd0077cc25eb19d2ca7e9
PROGENy,JAK-STAT,16083,1.0,True,all official human weights intersected with G_PRIMARY; L2 normalized,f5c4faa94fe03b2d088b72743da175380dfcf2edbfacd0077cc25eb19d2ca7e9
PROGENy,MAPK,16083,1.0,True,all official human weights intersected with G_PRIMARY; L2 normalized,f5c4faa94fe03b2d088b72743da175380dfcf2edbfacd0077cc25eb19d2ca7e9
PROGENy,NFkB,16083,1.0,True,all official human weights intersected with G_PRIMARY; L2 normalized,f5c4faa94fe03b2d088b72743da175380dfcf2edbfacd0077cc25eb19d2ca7e9
PROGENy,PI3K,15932,0.9999999999999999,True,all official human weights intersected with G_PRIMARY; L2 normalized,f5c4faa94fe03b2d088b72743da175380dfcf2edbfacd0077cc25eb19d2ca7e9
PROGENy,TGFb,16079,1.0,True,all official human weights intersected with G_PRIMARY; L2 normalized,f5c4faa94fe03b2d088b72743da175380dfcf2edbfacd0077cc25eb19d2ca7e9
PROGENy,TNFa,16083,1.0,True,all official human weights intersected with G_PRIMARY; L2 normalized,f5c4faa94fe03b2d088b72743da175380dfcf2edbfacd0077cc25eb19d2ca7e9
PROGENy,Trail,15548,1.0,True,all official human weights intersected with G_PRIMARY; L2 normalized,f5c4faa94fe03b2d088b72743da175380dfcf2edbfacd0077cc25eb19d2ca7e9
PROGENy,VEGF,16080,0.9999999999999999,True,all official human weights intersected with G_PRIMARY; L2 normalized,f5c4faa94fe03b2d088b72743da175380dfcf2edbfacd0077cc25eb19d2ca7e9
PROGENy,WNT,8694,1.0,True,all official human weights intersected with G_PRIMARY; L2 normalized,f5c4faa94fe03b2d088b72743da175380dfcf2edbfacd0077cc25eb19d2ca7e9
PROGENy,p53,16083,1.0,True,all official human weights intersected with G_PRIMARY; L2 normalized,f5c4faa94fe03b2d088b72743da175380dfcf2edbfacd0077cc25eb19d2ca7e9
Reactome,ABC transporter disorders,65,1.0,False,official human pathways with 10-300 G_PRIMARY genes; equal weights/sqrt(size),f5c4faa94fe03b2d088b72743da175380dfcf2edbfacd0077cc25eb19d2ca7e9
Reactome,ABC transporters in lipid homeostasis,18,1.0,False,official human pathways with 10-300 G_PRIMARY genes; equal weights/sqrt(size),f5c4faa94fe03b2d088b72743da175380dfcf2edbfacd0077cc25eb19d2ca7e9
Reactome,ABC-family protein mediated transport,90,1.0,False,official human pathways with 10-300 G_PRIMARY genes; equal weights/sqrt(size),f5c4faa94fe03b2d088b72743da175380dfcf2edbfacd0077cc25eb19d2ca7e9
Reactome,ADORA2B mediated anti-inflammatory cytokines production,38,0.9999999999999999,False,official human pathways with 10-300 G_PRIMARY genes; equal weights/sqrt(size),f5c4faa94fe03b2d088b72743da175380dfcf2edbfacd0077cc25eb19d2ca7e9
Reactome,ADP signalling through P2Y purinoceptor 1,21,1.0,False,official human pathways with 10-300 G_PRIMARY genes; equal weights/sqrt(size),f5c4faa94fe03b2d088b72743da175380dfcf2edbfacd0077cc25eb19d2ca7e9
Reactome,ADP signalling through P2Y purinoceptor 12,18,1.0,False,official human pathways with 10-300 G_PRIMARY genes; equal weights/sqrt(size),f5c4faa94fe03b2d088b72743da175380dfcf2edbfacd0077cc25eb19d2ca7e9
Reactome,AKT phosphorylates targets in the cytosol,14,0.9999999999999999,False,official human pathways with 10-300 G_PRIMARY genes; equal weights/sqrt(size),f5c4faa94fe03b2d088b72743da175380dfcf2edbfacd0077cc25eb19d2ca7e9
Reactome,AKT phosphorylates targets in the nucleus,10,1.0,False,official human pathways with 10-300 G_PRIMARY genes; equal weights/sqrt(size),f5c4faa94fe03b2d088b72743da175380dfcf2edbfacd0077cc25eb19d2ca7e9
Reactome,ALK mutants bind TKIs,12,1.0,False,official human pathways with 10-300 G_PRIMARY genes; equal weights/sqrt(size),f5c4faa94fe03b2d088b72743da175380dfcf2edbfacd0077cc25eb19d2ca7e9
Reactome,AMPK-induced ERAD and lysosome mediated degradation of PD-L1(CD274),54,0.9999999999999999,False,official human pathways with 10-300 G_PRIMARY genes; equal weights/sqrt(size),f5c4faa94fe03b2d088b72743da175380dfcf2edbfacd0077cc25eb19d2ca7e9
Reactome,APC truncation mutants have impaired AXIN binding,14,0.9999999999999999,False,official human pathways with 10-300 G_PRIMARY genes; equal weights/sqrt(size),f5c4faa94fe03b2d088b72743da175380dfcf2edbfacd0077cc25eb19d2ca7e9
Reactome,APC-Cdc20 mediated degradation of Nek2A,26,1.0,False,official human pathways with 10-300 G_PRIMARY genes; equal weights/sqrt(size),f5c4faa94fe03b2d088b72743da175380dfcf2edbfacd0077cc25eb19d2ca7e9
Reactome,APC/C-mediated degradation of cell cycle proteins,75,0.9999999999999999,False,official human pathways with 10-300 G_PRIMARY genes; equal weights/sqrt(size),f5c4faa94fe03b2d088b72743da175380dfcf2edbfacd0077cc25eb19d2ca7e9
Reactome,APC/C:Cdc20 mediated degradation of Cyclin B,24,1.0,False,official human pathways with 10-300 G_PRIMARY genes; equal weights/sqrt(size),f5c4faa94fe03b2d088b72743da175380dfcf2edbfacd0077cc25eb19d2ca7e9
Reactome,APC/C:Cdc20 mediated degradation of Securin,55,1.0,False,official human pathways with 10-300 G_PRIMARY genes; equal weights/sqrt(size),f5c4faa94fe03b2d088b72743da175380dfcf2edbfacd0077cc25eb19d2ca7e9
Reactome,APC/C:Cdc20 mediated degradation of mitotic proteins,63,0.9999999999999997,False,official human pathways with 10-300 G_PRIMARY genes; equal weights/sqrt(size),f5c4faa94fe03b2d088b72743da175380dfcf2edbfacd0077cc25eb19d2ca7e9
Reactome,APC/C:Cdh1 mediated degradation of Cdc20 and other APC/C:Cdh1 targeted proteins in late mitosis/early G1,61,1.0,False,official human pathways with 10-300 G_PRIMARY genes; equal weights/sqrt(size),f5c4faa94fe03b2d088b72743da175380dfcf2edbfacd0077cc25eb19d2ca7e9
Reactome,APC:Cdc20 mediated degradation of cell cycle proteins prior to satisfation of the cell cycle checkpoint,61,1.0,False,official human pathways with 10-300 G_PRIMARY genes; equal weights/sqrt(size),f5c4faa94fe03b2d088b72743da175380dfcf2edbfacd0077cc25eb19d2ca7e9
Reactome,ATF4 activates genes in response to endoplasmic reticulum  stress,27,1.0,False,official human pathways with 10-300 G_PRIMARY genes; equal weights/sqrt(size),f5c4faa94fe03b2d088b72743da175380dfcf2edbfacd0077cc25eb19d2ca7e9
Reactome,ATF6 (ATF6-alpha) activates chaperone genes,10,1.0,False,official human pathways with 10-300 G_PRIMARY genes; equal weights/sqrt(size),f5c4faa94fe03b2d088b72743da175380dfcf2edbfacd0077cc25eb19d2ca7e9
Reactome,ATF6 (ATF6-alpha) activates chaperones,12,1.0,False,official human pathways with 10-300 G_PRIMARY genes; equal weights/sqrt(size),f5c4faa94fe03b2d088b72743da175380dfcf2edbfacd0077cc25eb19d2ca7e9
Reactome,ATP-dependent chromatin remodelers,150,1.0000000000000002,False,official human pathways with 10-300 G_PRIMARY genes; equal weights/sqrt(size),f5c4faa94fe03b2d088b72743da175380dfcf2edbfacd0077cc25eb19d2ca7e9
Reactome,AUF1 (hnRNP D0) binds and destabilizes mRNA,42,1.0,False,official human pathways with 10-300 G_PRIMARY genes; equal weights/sqrt(size),f5c4faa94fe03b2d088b72743da175380dfcf2edbfacd0077cc25eb19d2ca7e9
Reactome,AURKA Activation by TPX2,71,0.9999999999999998,False,official human pathways with 10-300 G_PRIMARY genes; equal weights/sqrt(size),f5c4faa94fe03b2d088b72743da175380dfcf2edbfacd0077cc25eb19d2ca7e9
Reactome,AXIN missense mutants destabilize the destruction complex,14,0.9999999999999999,False,official human pathways with 10-300 G_PRIMARY genes; equal weights/sqrt(size),f5c4faa94fe03b2d088b72743da175380dfcf2edbfacd0077cc25eb19d2ca7e9
Reactome,Aberrant regulation of mitotic G1/S transition in cancer due to RB1 defects,17,1.0,False,official human pathways with 10-300 G_PRIMARY genes; equal weights/sqrt(size),f5c4faa94fe03b2d088b72743da175380dfcf2edbfacd0077cc25eb19d2ca7e9
Reactome,Aberrant regulation of mitotic cell cycle due to RB1 defects,36,1.0,False,official human pathways with 10-300 G_PRIMARY genes; equal weights/sqrt(size),f5c4faa94fe03b2d088b72743da175380dfcf2edbfacd0077cc25eb19d2ca7e9
Reactome,Aberrant regulation of mitotic exit in cancer due to RB1 defects,20,1.0,False,official human pathways with 10-300 G_PRIMARY genes; equal weights/sqrt(size),f5c4faa94fe03b2d088b72743da175380dfcf2edbfacd0077cc25eb19d2ca7e9
Reactome,Abortive elongation of HIV-1 transcript in the absence of Tat,23,0.9999999999999999,False,official human pathways with 10-300 G_PRIMARY genes; equal weights/sqrt(size),f5c4faa94fe03b2d088b72743da175380dfcf2edbfacd0077cc25eb19d2ca7e9
Reactome,Acetylcholine Neurotransmitter Release Cycle,14,0.9999999999999999,False,official human pathways with 10-300 G_PRIMARY genes; equal weights/sqrt(size),f5c4faa94fe03b2d088b72743da175380dfcf2edbfacd0077cc25eb19d2ca7e9
Reactome,Acetylcholine regulates insulin secretion,10,1.0,False,official human pathways with 10-300 G_PRIMARY genes; equal weights/sqrt(size),f5c4faa94fe03b2d088b72743da175380dfcf2edbfacd0077cc25eb19d2ca7e9
Reactome,Activated NOTCH1 Transmits Signal to the Nucleus,30,0.9999999999999999,False,official human pathways with 10-300 G_PRIMARY genes; equal weights/sqrt(size),f5c4faa94fe03b2d088b72743da175380dfcf2edbfacd0077cc25eb19d2ca7e9
Reactome,Activated NTRK2 signals through FRS2 and FRS3,11,1.0,False,official human pathways with 10-300 G_PRIMARY genes; equal weights/sqrt(size),f5c4faa94fe03b2d088b72743da175380dfcf2edbfacd0077cc25eb19d2ca7e9
Reactome,Activated PKN1 stimulates transcription of AR (androgen receptor) regulated genes KLK2 and KLK3,29,0.9999999999999999,False,official human pathways with 10-300 G_PRIMARY genes; equal weights/sqrt(size),f5c4faa94fe03b2d088b72743da175380dfcf2edbfacd0077cc25eb19d2ca7e9
Reactome,Activated point mutants of FGFR2,12,1.0,False,official human pathways with 10-300 G_PRIMARY genes; equal weights/sqrt(size),f5c4faa94fe03b2d088b72743da175380dfcf2edbfacd0077cc25eb19d2ca7e9
Reactome,Activation of AMPK downstream of NMDARs,25,1.0,False,official human pathways with 10-300 G_PRIMARY genes; equal weights/sqrt(size),f5c4faa94fe03b2d088b72743da175380dfcf2edbfacd0077cc25eb19d2ca7e9
Reactome,Activation of APC/C and APC/C:Cdc20 mediated degradation of mitotic proteins,64,1.0,False,official human pathways with 10-300 G_PRIMARY genes; equal weights/sqrt(size),f5c4faa94fe03b2d088b72743da175380dfcf2edbfacd0077cc25eb19d2ca7e9
Reactome,Activation of ATR in response to replication stress,37,0.9999999999999999,False,official human pathways with 10-300 G_PRIMARY genes; equal weights/sqrt(size),f5c4faa94fe03b2d088b72743da175380dfcf2edbfacd0077cc25eb19d2ca7e9
Reactome,Activation of BAD and translocation to mitochondria,15,0.9999999999999999,False,official human pathways with 10-300 G_PRIMARY genes; equal weights/sqrt(size),f5c4faa94fe03b2d088b72743da175380dfcf2edbfacd0077cc25eb19d2ca7e9
Reactome,Activation of BH3-only proteins,30,0.9999999999999999,False,official human pathways with 10-300 G_PRIMARY genes; equal weights/sqrt(size),f5c4faa94fe03b2d088b72743da175380dfcf2edbfacd0077cc25eb19d2ca7e9
Reactome,Activation of Ca-permeable Kainate Receptor,10,1.0,False,official human pathways with 10-300 G_PRIMARY genes; equal weights/sqrt(size),f5c4faa94fe03b2d088b72743da175380dfcf2edbfacd0077cc25eb19d2ca7e9
Reactome,Activation of G protein gated Potassium channels,24,1.0,False,official human pathways with 10-300 G_PRIMARY genes; equal weights/sqrt(size),f5c4faa94fe03b2d088b72743da175380dfcf2edbfacd0077cc25eb19d2ca7e9
Reactome,Activation of GABAB receptors,38,0.9999999999999999,False,official human pathways with 10-300 G_PRIMARY genes; equal weights/sqrt(size),f5c4faa94fe03b2d088b72743da175380dfcf2edbfacd0077cc25eb19d2ca7e9
Reactome,Activation of HOX genes during differentiation,85,0.9999999999999999,False,official human pathways with 10-300 G_PRIMARY genes; equal weights/sqrt(size),f5c4faa94fe03b2d088b72743da175380dfcf2edbfacd0077cc25eb19d2ca7e9
Reactome,"Activation of IRF3, IRF7 mediated by TBK1, IKKε (IKBKE)",18,1.0,False,official human pathways with 10-300 G_PRIMARY genes; equal weights/sqrt(size),f5c4faa94fe03b2d088b72743da175380dfcf2edbfacd0077cc25eb19d2ca7e9
Reactome,Activation of Matrix Metalloproteinases,27,1.0,False,official human pathways with 10-300 G_PRIMARY genes; equal weights/sqrt(size),f5c4faa94fe03b2d088b72743da175380dfcf2edbfacd0077cc25eb19d2ca7e9
Reactome,Activation of NF-kappaB in B cells,54,0.9999999999999999,False,official human pathways with 10-300 G_PRIMARY genes; equal weights/sqrt(size),f5c4faa94fe03b2d088b72743da175380dfcf2edbfacd0077cc25eb19d2ca7e9
Reactome,Activation of NMDA receptors and postsynaptic events,89,1.0,False,official human pathways with 10-300 G_PRIMARY genes; equal weights/sqrt(size),f5c4faa94fe03b2d088b72743da175380dfcf2edbfacd0077cc25eb19d2ca7e9
Reactome,Activation of RAC1,13,0.9999999999999999,False,official human pathways with 10-300 G_PRIMARY genes; equal weights/sqrt(size),f5c4faa94fe03b2d088b72743da175380dfcf2edbfacd0077cc25eb19d2ca7e9
Reactome,Activation of SMO,17,1.0,False,official human pathways with 10-300 G_PRIMARY genes; equal weights/sqrt(size),f5c4faa94fe03b2d088b72743da175380dfcf2edbfacd0077cc25eb19d2ca7e9
Reactome,Activation of STAT3 by cadherin engagement,75,0.9999999999999999,False,official human pathways with 10-300 G_PRIMARY genes; equal weights/sqrt(size),f5c4faa94fe03b2d088b72743da175380dfcf2edbfacd0077cc25eb19d2ca7e9
Reactome,Activation of anterior HOX genes in hindbrain development during early embryogenesis,85,0.9999999999999999,False,official human pathways with 10-300 G_PRIMARY genes; equal weights/sqrt(size),f5c4faa94fe03b2d088b72743da175380dfcf2edbfacd0077cc25eb19d2ca7e9
Reactome,Activation of gene expression by SREBF (SREBP),42,1.0,False,official human pathways with 10-300 G_PRIMARY genes; equal weights/sqrt(size),f5c4faa94fe03b2d088b72743da175380dfcf2edbfacd0077cc25eb19d2ca7e9
Reactome,Activation of kainate receptors upon glutamate binding,26,1.0,False,official human pathways with 10-300 G_PRIMARY genes; equal weights/sqrt(size),f5c4faa94fe03b2d088b72743da175380dfcf2edbfacd0077cc25eb19d2ca7e9
Reactome,Activation of the AP-1 family of transcription factors,10,1.0,False,official human pathways with 10-300 G_PRIMARY genes; equal weights/sqrt(size),f5c4faa94fe03b2d088b72743da175380dfcf2edbfacd0077cc25eb19d2ca7e9
Reactome,Activation of the TFAP2 (AP-2) family of transcription factors,10,1.0,False,official human pathways with 10-300 G_PRIMARY genes; equal weights/sqrt(size),f5c4faa94fe03b2d088b72743da175380dfcf2edbfacd0077cc25eb19d2ca7e9
Reactome,"Activation of the mRNA upon binding of the cap-binding complex and eIFs, and subsequent binding to 43S",59,1.0,False,official human pathways with 10-300 G_PRIMARY genes; equal weights/sqrt(size),f5c4faa94fe03b2d088b72743da175380dfcf2edbfacd0077cc25eb19d2ca7e9
Reactome,Activation of the pre-replicative complex,33,1.0,False,official human pathways with 10-300 G_PRIMARY genes; equal weights/sqrt(size),f5c4faa94fe03b2d088b72743da175380dfcf2edbfacd0077cc25eb19d2ca7e9
Reactome,Acyl chain remodelling of PC,22,0.9999999999999998,False,official human pathways with 10-300 G_PRIMARY genes; equal weights/sqrt(size),f5c4faa94fe03b2d088b72743da175380dfcf2edbfacd0077cc25eb19d2ca7e9
Reactome,Acyl chain remodelling of PE,23,0.9999999999999999,False,official human pathways with 10-300 G_PRIMARY genes; equal weights/sqrt(size),f5c4faa94fe03b2d088b72743da175380dfcf2edbfacd0077cc25eb19d2ca7e9
Reactome,Acyl chain remodelling of PG,13,0.9999999999999999,False,official human pathways with 10-300 G_PRIMARY genes; equal weights/sqrt(size),f5c4faa94fe03b2d088b72743da175380dfcf2edbfacd0077cc25eb19d2ca7e9
Reactome,Acyl chain remodelling of PI,13,0.9999999999999999,False,official human pathways with 10-300 G_PRIMARY genes; equal weights/sqrt(size),f5c4faa94fe03b2d088b72743da175380dfcf2edbfacd0077cc25eb19d2ca7e9
Reactome,Acyl chain remodelling of PS,18,1.0,False,official human pathways with 10-300 G_PRIMARY genes; equal weights/sqrt(size),f5c4faa94fe03b2d088b72743da175380dfcf2edbfacd0077cc25eb19d2ca7e9
Reactome,Adenylate cyclase activating pathway,10,1.0,False,official human pathways with 10-300 G_PRIMARY genes; equal weights/sqrt(size),f5c4faa94fe03b2d088b72743da175380dfcf2edbfacd0077cc25eb19d2ca7e9
Reactome,Adenylate cyclase inhibitory pathway,14,0.9999999999999999,False,official human pathways with 10-300 G_PRIMARY genes; equal weights/sqrt(size),f5c4faa94fe03b2d088b72743da175380dfcf2edbfacd0077cc25eb19d2ca7e9
Reactome,Adherens junctions interactions,225,1.0,False,official human pathways with 10-300 G_PRIMARY genes; equal weights/sqrt(size),f5c4faa94fe03b2d088b72743da175380dfcf2edbfacd0077cc25eb19d2ca7e9
Reactome,Adipogenesis,102,1.0,False,official human pathways with 10-300 G_PRIMARY genes; equal weights/sqrt(size),f5c4faa94fe03b2d088b72743da175380dfcf2edbfacd0077cc25eb19d2ca7e9
Reactome,"Adrenaline,noradrenaline inhibits insulin secretion",23,0.9999999999999999,False,official human pathways with 10-300 G_PRIMARY genes; equal weights/sqrt(size),f5c4faa94fe03b2d088b72743da175380dfcf2edbfacd0077cc25eb19d2ca7e9
Reactome,Advanced glycosylation endproduct receptor signaling,11,1.0,False,official human pathways with 10-300 G_PRIMARY genes; equal weights/sqrt(size),f5c4faa94fe03b2d088b72743da175380dfcf2edbfacd0077cc25eb19d2ca7e9
Reactome,Aerobic respiration and respiratory electron transport,249,1.0,False,official human pathways with 10-300 G_PRIMARY genes; equal weights/sqrt(size),f5c4faa94fe03b2d088b72743da175380dfcf2edbfacd0077cc25eb19d2ca7e9
Reactome,Affinity selection of immunoglobulins,264,0.9999999999999999,False,official human pathways with 10-300 G_PRIMARY genes; equal weights/sqrt(size),f5c4faa94fe03b2d088b72743da175380dfcf2edbfacd0077cc25eb19d2ca7e9
Reactome,Aflatoxin activation and detoxification,13,0.9999999999999999,False,official human pathways with 10-300 G_PRIMARY genes; equal weights/sqrt(size),f5c4faa94fe03b2d088b72743da175380dfcf2edbfacd0077cc25eb19d2ca7e9
Reactome,Aggrephagy,40,1.0,False,official human pathways with 10-300 G_PRIMARY genes; equal weights/sqrt(size),f5c4faa94fe03b2d088b72743da175380dfcf2edbfacd0077cc25eb19d2ca7e9
Reactome,Alpha-protein kinase 1 signaling pathway,11,1.0,False,official human pathways with 10-300 G_PRIMARY genes; equal weights/sqrt(size),f5c4faa94fe03b2d088b72743da175380dfcf2edbfacd0077cc25eb19d2ca7e9
Reactome,Amine ligand-binding receptors,27,1.0,False,official human pathways with 10-300 G_PRIMARY genes; equal weights/sqrt(size),f5c4faa94fe03b2d088b72743da175380dfcf2edbfacd0077cc25eb19d2ca7e9
Reactome,Amino acid transport across the plasma membrane,28,0.9999999999999999,False,official human pathways with 10-300 G_PRIMARY genes; equal weights/sqrt(size),f5c4faa94fe03b2d088b72743da175380dfcf2edbfacd0077cc25eb19d2ca7e9
Reactome,Amino acids regulate mTORC1,53,1.0,False,official human pathways with 10-300 G_PRIMARY genes; equal weights/sqrt(size),f5c4faa94fe03b2d088b72743da175380dfcf2edbfacd0077cc25eb19d2ca7e9
Reactome,Amplification  of signal from unattached  kinetochores via a MAD2  inhibitory signal,93,1.0,False,official human pathways with 10-300 G_PRIMARY genes; equal weights/sqrt(size),f5c4faa94fe03b2d088b72743da175380dfcf2edbfacd0077cc25eb19d2ca7e9
Reactome,Amplification and propagation of coagulation cascade,16,1.0,False,official human pathways with 10-300 G_PRIMARY genes; equal weights/sqrt(size),f5c4faa94fe03b2d088b72743da175380dfcf2edbfacd0077cc25eb19d2ca7e9
Reactome,Amplification of signal from the kinetochores,93,1.0,False,official human pathways with 10-300 G_PRIMARY genes; equal weights/sqrt(size),f5c4faa94fe03b2d088b72743da175380dfcf2edbfacd0077cc25eb19d2ca7e9
Reactome,Amyloid fiber formation,66,0.9999999999999999,False,official human pathways with 10-300 G_PRIMARY genes; equal weights/sqrt(size),f5c4faa94fe03b2d088b72743da175380dfcf2edbfacd0077cc25eb19d2ca7e9
Reactome,Anchoring fibril formation,15,0.9999999999999999,False,official human pathways with 10-300 G_PRIMARY genes; equal weights/sqrt(size),f5c4faa94fe03b2d088b72743da175380dfcf2edbfacd0077cc25eb19d2ca7e9
Reactome,Anchoring of the basal body to the plasma membrane,96,1.0,False,official human pathways with 10-300 G_PRIMARY genes; equal weights/sqrt(size),f5c4faa94fe03b2d088b72743da175380dfcf2edbfacd0077cc25eb19d2ca7e9
Reactome,Anti-inflammatory response favouring Leishmania parasite infection,65,1.0,False,official human pathways with 10-300 G_PRIMARY genes; equal weights/sqrt(size),f5c4faa94fe03b2d088b72743da175380dfcf2edbfacd0077cc25eb19d2ca7e9
Reactome,"Antigen Presentation: Folding, assembly and peptide loading of class I MHC",30,0.9999999999999999,False,official human pathways with 10-300 G_PRIMARY genes; equal weights/sqrt(size),f5c4faa94fe03b2d088b72743da175380dfcf2edbfacd0077cc25eb19d2ca7e9
Reactome,Antigen activates B Cell Receptor (BCR) leading to generation of second messengers,28,0.9999999999999999,False,official human pathways with 10-300 G_PRIMARY genes; equal weights/sqrt(size),f5c4faa94fe03b2d088b72743da175380dfcf2edbfacd0077cc25eb19d2ca7e9
Reactome,Antigen processing-Cross presentation,95,1.0000000000000002,False,official human pathways with 10-300 G_PRIMARY genes; equal weights/sqrt(size),f5c4faa94fe03b2d088b72743da175380dfcf2edbfacd0077cc25eb19d2ca7e9
Reactome,"Antigen processing: Ub, ATP-independent proteasomal degradation",19,0.9999999999999998,False,official human pathways with 10-300 G_PRIMARY genes; equal weights/sqrt(size),f5c4faa94fe03b2d088b72743da175380dfcf2edbfacd0077cc25eb19d2ca7e9
Reactome,Antigen processing: Ubiquitination & Proteasome degradation,288,1.0,False,official human pathways with 10-300 G_PRIMARY genes; equal weights/sqrt(size),f5c4faa94fe03b2d088b72743da175380dfcf2edbfacd0077cc25eb19d2ca7e9
Reactome,Antimicrobial mechanism of IFN-stimulated genes,215,0.9999999999999999,False,official human pathways with 10-300 G_PRIMARY genes; equal weights/sqrt(size),f5c4faa94fe03b2d088b72743da175380dfcf2edbfacd0077cc25eb19d2ca7e9
Reactome,Antimicrobial peptides,29,0.9999999999999999,False,official human pathways with 10-300 G_PRIMARY genes; equal weights/sqrt(size),f5c4faa94fe03b2d088b72743da175380dfcf2edbfacd0077cc25eb19d2ca7e9
Reactome,Apoptosis,163,1.0,False,official human pathways with 10-300 G_PRIMARY genes; equal weights/sqrt(size),f5c4faa94fe03b2d088b72743da175380dfcf2edbfacd0077cc25eb19d2ca7e9
Reactome,Apoptosis induced DNA fragmentation,13,0.9999999999999999,False,official human pathways with 10-300 G_PRIMARY genes; equal weights/sqrt(size),f5c4faa94fe03b2d088b72743da175380dfcf2edbfacd0077cc25eb19d2ca7e9
Reactome,Apoptotic cleavage of cell adhesion  proteins,10,1.0,False,official human pathways with 10-300 G_PRIMARY genes; equal weights/sqrt(size),f5c4faa94fe03b2d088b72743da175380dfcf2edbfacd0077cc25eb19d2ca7e9
Reactome,Apoptotic cleavage of cellular proteins,37,0.9999999999999999,False,official human pathways with 10-300 G_PRIMARY genes; equal weights/sqrt(size),f5c4faa94fe03b2d088b72743da175380dfcf2edbfacd0077cc25eb19d2ca7e9
Reactome,Apoptotic execution phase,51,1.0,False,official human pathways with 10-300 G_PRIMARY genes; equal weights/sqrt(size),f5c4faa94fe03b2d088b72743da175380dfcf2edbfacd0077cc25eb19d2ca7e9
Reactome,Apoptotic factor-mediated response,20,1.0,False,official human pathways with 10-300 G_PRIMARY genes; equal weights/sqrt(size),f5c4faa94fe03b2d088b72743da175380dfcf2edbfacd0077cc25eb19d2ca7e9
Reactome,Aquaporin-mediated transport,37,0.9999999999999999,False,official human pathways with 10-300 G_PRIMARY genes; equal weights/sqrt(size),f5c4faa94fe03b2d088b72743da175380dfcf2edbfacd0077cc25eb19d2ca7e9
Reactome,Arachidonate metabolism,48,1.0,False,official human pathways with 10-300 G_PRIMARY genes; equal weights/sqrt(size),f5c4faa94fe03b2d088b72743da175380dfcf2edbfacd0077cc25eb19d2ca7e9
Reactome,Aspartate and asparagine metabolism,10,1.0,False,official human pathways with 10-300 G_PRIMARY genes; equal weights/sqrt(size),f5c4faa94fe03b2d088b72743da175380dfcf2edbfacd0077cc25eb19d2ca7e9
Reactome,Aspirin ADME,23,0.9999999999999999,False,official human pathways with 10-300 G_PRIMARY genes; equal weights/sqrt(size),f5c4faa94fe03b2d088b72743da175380dfcf2edbfacd0077cc25eb19d2ca7e9
Reactome,Assembly Of The HIV Virion,16,1.0,False,official human pathways with 10-300 G_PRIMARY genes; equal weights/sqrt(size),f5c4faa94fe03b2d088b72743da175380dfcf2edbfacd0077cc25eb19d2ca7e9
Reactome,Assembly and cell surface presentation of NMDA receptors,41,1.0,False,official human pathways with 10-300 G_PRIMARY genes; equal weights/sqrt(size),f5c4faa94fe03b2d088b72743da175380dfcf2edbfacd0077cc25eb19d2ca7e9
Reactome,Assembly of active LPL and LIPC lipase complexes,13,0.9999999999999999,False,official human pathways with 10-300 G_PRIMARY genes; equal weights/sqrt(size),f5c4faa94fe03b2d088b72743da175380dfcf2edbfacd0077cc25eb19d2ca7e9
Reactome,Assembly of collagen fibrils and other multimeric structures,59,1.0,False,official human pathways with 10-300 G_PRIMARY genes; equal weights/sqrt(size),f5c4faa94fe03b2d088b72743da175380dfcf2edbfacd0077cc25eb19d2ca7e9
Reactome,Assembly of the 9+0 primary cilium,189,1.0,False,official human pathways with 10-300 G_PRIMARY genes; equal weights/sqrt(size),f5c4faa94fe03b2d088b72743da175380dfcf2edbfacd0077cc25eb19d2ca7e9
Reactome,Assembly of the 9+2 motile cilia,27,1.0,False,official human pathways with 10-300 G_PRIMARY genes; equal weights/sqrt(size),f5c4faa94fe03b2d088b72743da175380dfcf2edbfacd0077cc25eb19d2ca7e9
Reactome,Assembly of the ORC complex at the origin of replication,32,0.9999999999999999,False,official human pathways with 10-300 G_PRIMARY genes; equal weights/sqrt(size),f5c4faa94fe03b2d088b72743da175380dfcf2edbfacd0077cc25eb19d2ca7e9
Reactome,Assembly of the pre-replicative complex,96,1.0,False,official human pathways with 10-300 G_PRIMARY genes; equal weights/sqrt(size),f5c4faa94fe03b2d088b72743da175380dfcf2edbfacd0077cc25eb19d2ca7e9
Reactome,Association of TriC/CCT with target proteins during biosynthesis,38,0.9999999999999999,False,official human pathways with 10-300 G_PRIMARY genes; equal weights/sqrt(size),f5c4faa94fe03b2d088b72743da175380dfcf2edbfacd0077cc25eb19d2ca7e9
Reactome,Asymmetric localization of PCP proteins,51,1.0,False,official human pathways with 10-300 G_PRIMARY genes; equal weights/sqrt(size),f5c4faa94fe03b2d088b72743da175380dfcf2edbfacd0077cc25eb19d2ca7e9
Reactome,Attachment and Entry_9694614,19,0.9999999999999998,False,official human pathways with 10-300 G_PRIMARY genes; equal weights/sqrt(size),f5c4faa94fe03b2d088b72743da175380dfcf2edbfacd0077cc25eb19d2ca7e9
Reactome,Attachment of bacteria to epithelial cells,23,0.9999999999999999,False,official human pathways with 10-300 G_PRIMARY genes; equal weights/sqrt(size),f5c4faa94fe03b2d088b72743da175380dfcf2edbfacd0077cc25eb19d2ca7e9
Reactome,Attenuation phase,25,1.0,False,official human pathways with 10-300 G_PRIMARY genes; equal weights/sqrt(size),f5c4faa94fe03b2d088b72743da175380dfcf2edbfacd0077cc25eb19d2ca7e9
Reactome,Autodegradation of Cdh1 by Cdh1:APC/C,54,0.9999999999999999,False,official human pathways with 10-300 G_PRIMARY genes; equal weights/sqrt(size),f5c4faa94fe03b2d088b72743da175380dfcf2edbfacd0077cc25eb19d2ca7e9
Reactome,Autodegradation of the E3 ubiquitin ligase COP1,39,1.0,False,official human pathways with 10-300 G_PRIMARY genes; equal weights/sqrt(size),f5c4faa94fe03b2d088b72743da175380dfcf2edbfacd0077cc25eb19d2ca7e9
Reactome,Autophagy,150,1.0000000000000002,False,official human pathways with 10-300 G_PRIMARY genes; equal weights/sqrt(size),f5c4faa94fe03b2d088b72743da175380dfcf2edbfacd0077cc25eb19d2ca7e9
Reactome,Azathioprine ADME,21,1.0,False,official human pathways with 10-300 G_PRIMARY genes; equal weights/sqrt(size),f5c4faa94fe03b2d088b72743da175380dfcf2edbfacd0077cc25eb19d2ca7e9
Reactome,B-WICH complex positively regulates rRNA expression,54,0.9999999999999999,False,official human pathways with 10-300 G_PRIMARY genes; equal weights/sqrt(size),f5c4faa94fe03b2d088b72743da175380dfcf2edbfacd0077cc25eb19d2ca7e9
Reactome,BBSome-mediated cargo-targeting to cilium,21,1.0,False,official human pathways with 10-300 G_PRIMARY genes; equal weights/sqrt(size),f5c4faa94fe03b2d088b72743da175380dfcf2edbfacd0077cc25eb19d2ca7e9
Reactome,"BMAL1:CLOCK,NPAS2 activates circadian expression",25,1.0,False,official human pathways with 10-300 G_PRIMARY genes; equal weights/sqrt(size),f5c4faa94fe03b2d088b72743da175380dfcf2edbfacd0077cc25eb19d2ca7e9
Reactome,Bacterial Infection Pathways,100,1.0000000000000002,False,official human pathways with 10-300 G_PRIMARY genes; equal weights/sqrt(size),f5c4faa94fe03b2d088b72743da175380dfcf2edbfacd0077cc25eb19d2ca7e9
Reactome,Base Excision Repair,66,0.9999999999999999,False,official human pathways with 10-300 G_PRIMARY genes; equal weights/sqrt(size),f5c4faa94fe03b2d088b72743da175380dfcf2edbfacd0077cc25eb19d2ca7e9
Reactome,"Base-Excision Repair, AP Site Formation",38,0.9999999999999999,False,official human pathways with 10-300 G_PRIMARY genes; equal weights/sqrt(size),f5c4faa94fe03b2d088b72743da175380dfcf2edbfacd0077cc25eb19d2ca7e9
Reactome,Basigin interactions,22,0.9999999999999998,False,official human pathways with 10-300 G_PRIMARY genes; equal weights/sqrt(size),f5c4faa94fe03b2d088b72743da175380dfcf2edbfacd0077cc25eb19d2ca7e9
Reactome,Beta-catenin independent WNT signaling,128,0.9999999999999999,False,official human pathways with 10-300 G_PRIMARY genes; equal weights/sqrt(size),f5c4faa94fe03b2d088b72743da175380dfcf2edbfacd0077cc25eb19d2ca7e9
Reactome,Beta-catenin phosphorylation cascade,17,1.0,False,official human pathways with 10-300 G_PRIMARY genes; equal weights/sqrt(size),f5c4faa94fe03b2d088b72743da175380dfcf2edbfacd0077cc25eb19d2ca7e9
Reactome,Beta-oxidation of very long chain fatty acids,11,1.0,False,official human pathways with 10-300 G_PRIMARY genes; equal weights/sqrt(size),f5c4faa94fe03b2d088b72743da175380dfcf2edbfacd0077cc25eb19d2ca7e9
Reactome,Bicarbonate transporters,10,1.0,False,official human pathways with 10-300 G_PRIMARY genes; equal weights/sqrt(size),f5c4faa94fe03b2d088b72743da175380dfcf2edbfacd0077cc25eb19d2ca7e9
Reactome,Bile acid and bile salt metabolism,40,1.0,False,official human pathways with 10-300 G_PRIMARY genes; equal weights/sqrt(size),f5c4faa94fe03b2d088b72743da175380dfcf2edbfacd0077cc25eb19d2ca7e9
Reactome,Binding and Uptake of Ligands by Scavenger Receptors,38,0.9999999999999999,False,official human pathways with 10-300 G_PRIMARY genes; equal weights/sqrt(size),f5c4faa94fe03b2d088b72743da175380dfcf2edbfacd0077cc25eb19d2ca7e9
Reactome,Biofilm formation,23,0.9999999999999999,False,official human pathways with 10-300 G_PRIMARY genes; equal weights/sqrt(size),f5c4faa94fe03b2d088b72743da175380dfcf2edbfacd0077cc25eb19d2ca7e9
Reactome,Biological oxidations,160,0.9999999999999999,False,official human pathways with 10-300 G_PRIMARY genes; equal weights/sqrt(size),f5c4faa94fe03b2d088b72743da175380dfcf2edbfacd0077cc25eb19d2ca7e9
Reactome,Biosynthesis of DHA-derived SPMs,13,0.9999999999999999,False,official human pathways with 10-300 G_PRIMARY genes; equal weights/sqrt(size),f5c4faa94fe03b2d088b72743da175380dfcf2edbfacd0077cc25eb19d2ca7e9
Reactome,Biosynthesis of specialized proresolving mediators (SPMs),15,0.9999999999999999,False,official human pathways with 10-300 G_PRIMARY genes; equal weights/sqrt(size),f5c4faa94fe03b2d088b72743da175380dfcf2edbfacd0077cc25eb19d2ca7e9
Reactome,"Biosynthesis of the N-glycan precursor (dolichol lipid-linked oligosaccharide, LLO) and transfer to a nascent protein",78,0.9999999999999998,False,official human pathways with 10-300 G_PRIMARY genes; equal weights/sqrt(size),f5c4faa94fe03b2d088b72743da175380dfcf2edbfacd0077cc25eb19d2ca7e9
Reactome,Biotin transport and metabolism,11,1.0,False,official human pathways with 10-300 G_PRIMARY genes; equal weights/sqrt(size),f5c4faa94fe03b2d088b72743da175380dfcf2edbfacd0077cc25eb19d2ca7e9
Reactome,Blood group systems biosynthesis,19,0.9999999999999998,False,official human pathways with 10-300 G_PRIMARY genes; equal weights/sqrt(size),f5c4faa94fe03b2d088b72743da175380dfcf2edbfacd0077cc25eb19d2ca7e9
Reactome,Branched-chain amino acid catabolism,23,0.9999999999999999,False,official human pathways with 10-300 G_PRIMARY genes; equal weights/sqrt(size),f5c4faa94fe03b2d088b72743da175380dfcf2edbfacd0077cc25eb19d2ca7e9
Reactome,Budding and maturation of HIV virion,28,0.9999999999999999,False,official human pathways with 10-300 G_PRIMARY genes; equal weights/sqrt(size),f5c4faa94fe03b2d088b72743da175380dfcf2edbfacd0077cc25eb19d2ca7e9
Reactome,Butyrate Response Factor 1 (BRF1) binds and destabilizes mRNA,17,1.0,False,official human pathways with 10-300 G_PRIMARY genes; equal weights/sqrt(size),f5c4faa94fe03b2d088b72743da175380dfcf2edbfacd0077cc25eb19d2ca7e9
Reactome,C-type lectin receptors (CLRs),119,0.9999999999999998,False,official human pathways with 10-300 G_PRIMARY genes; equal weights/sqrt(size),f5c4faa94fe03b2d088b72743da175380dfcf2edbfacd0077cc25eb19d2ca7e9
Reactome,CASP8 activity is inhibited,10,1.0,False,official human pathways with 10-300 G_PRIMARY genes; equal weights/sqrt(size),f5c4faa94fe03b2d088b72743da175380dfcf2edbfacd0077cc25eb19d2ca7e9
Reactome,CD209 (DC-SIGN) signaling,19,0.9999999999999998,False,official human pathways with 10-300 G_PRIMARY genes; equal weights/sqrt(size),f5c4faa94fe03b2d088b72743da175380dfcf2edbfacd0077cc25eb19d2ca7e9
Reactome,CD28 dependent PI3K/Akt signaling,24,1.0,False,official human pathways with 10-300 G_PRIMARY genes; equal weights/sqrt(size),f5c4faa94fe03b2d088b72743da175380dfcf2edbfacd0077cc25eb19d2ca7e9
Reactome,CDC42 GTPase cycle,152,1.0,False,official human pathways with 10-300 G_PRIMARY genes; equal weights/sqrt(size),f5c4faa94fe03b2d088b72743da175380dfcf2edbfacd0077cc25eb19d2ca7e9
Reactome,CDK-mediated phosphorylation and removal of Cdc6,60,0.9999999999999998,False,official human pathways with 10-300 G_PRIMARY genes; equal weights/sqrt(size),f5c4faa94fe03b2d088b72743da175380dfcf2edbfacd0077cc25eb19d2ca7e9
Reactome,CHD chromatin remodelers,119,0.9999999999999998,False,official human pathways with 10-300 G_PRIMARY genes; equal weights/sqrt(size),f5c4faa94fe03b2d088b72743da175380dfcf2edbfacd0077cc25eb19d2ca7e9
Reactome,CHD1 and CHD2 subfamily,64,1.0,False,official human pathways with 10-300 G_PRIMARY genes; equal weights/sqrt(size),f5c4faa94fe03b2d088b72743da175380dfcf2edbfacd0077cc25eb19d2ca7e9
Reactome,"CHD3, CHD4, CHD5 subfamily",61,1.0,False,official human pathways with 10-300 G_PRIMARY genes; equal weights/sqrt(size),f5c4faa94fe03b2d088b72743da175380dfcf2edbfacd0077cc25eb19d2ca7e9
Reactome,"CHD6, CHD7, CHD8, CHD9 subfamily",40,1.0,False,official human pathways with 10-300 G_PRIMARY genes; equal weights/sqrt(size),f5c4faa94fe03b2d088b72743da175380dfcf2edbfacd0077cc25eb19d2ca7e9
Reactome,CLEC7A (Dectin-1) induces NFAT activation,11,1.0,False,official human pathways with 10-300 G_PRIMARY genes; equal weights/sqrt(size),f5c4faa94fe03b2d088b72743da175380dfcf2edbfacd0077cc25eb19d2ca7e9
Reactome,CLEC7A (Dectin-1) signaling,86,1.0,False,official human pathways with 10-300 G_PRIMARY genes; equal weights/sqrt(size),f5c4faa94fe03b2d088b72743da175380dfcf2edbfacd0077cc25eb19d2ca7e9
Reactome,COPI-dependent Golgi-to-ER retrograde traffic,96,1.0,False,official human pathways with 10-300 G_PRIMARY genes; equal weights/sqrt(size),f5c4faa94fe03b2d088b72743da175380dfcf2edbfacd0077cc25eb19d2ca7e9
Reactome,COPI-independent Golgi-to-ER retrograde traffic,49,0.9999999999999999,False,official human pathways with 10-300 G_PRIMARY genes; equal weights/sqrt(size),f5c4faa94fe03b2d088b72743da175380dfcf2edbfacd0077cc25eb19d2ca7e9
Reactome,COPI-mediated anterograde transport,96,1.0,False,official human pathways with 10-300 G_PRIMARY genes; equal weights/sqrt(size),f5c4faa94fe03b2d088b72743da175380dfcf2edbfacd0077cc25eb19d2ca7e9
Reactome,COPII-mediated vesicle transport,69,0.9999999999999998,False,official human pathways with 10-300 G_PRIMARY genes; equal weights/sqrt(size),f5c4faa94fe03b2d088b72743da175380dfcf2edbfacd0077cc25eb19d2ca7e9
Reactome,CREB1 phosphorylation through NMDA receptor-mediated activation of RAS signaling,28,0.9999999999999999,False,official human pathways with 10-300 G_PRIMARY genes; equal weights/sqrt(size),f5c4faa94fe03b2d088b72743da175380dfcf2edbfacd0077cc25eb19d2ca7e9
Reactome,CREB1 phosphorylation through the activation of Adenylate Cyclase,11,1.0,False,official human pathways with 10-300 G_PRIMARY genes; equal weights/sqrt(size),f5c4faa94fe03b2d088b72743da175380dfcf2edbfacd0077cc25eb19d2ca7e9
Reactome,CRMPs in Sema3A signaling,16,1.0,False,official human pathways with 10-300 G_PRIMARY genes; equal weights/sqrt(size),f5c4faa94fe03b2d088b72743da175380dfcf2edbfacd0077cc25eb19d2ca7e9
Reactome,CS-GAG biosynthesis,21,1.0,False,official human pathways with 10-300 G_PRIMARY genes; equal weights/sqrt(size),f5c4faa94fe03b2d088b72743da175380dfcf2edbfacd0077cc25eb19d2ca7e9
Reactome,CS/DS degradation,20,1.0,False,official human pathways with 10-300 G_PRIMARY genes; equal weights/sqrt(size),f5c4faa94fe03b2d088b72743da175380dfcf2edbfacd0077cc25eb19d2ca7e9
Reactome,CTNNB1 S33 mutants aren't phosphorylated,15,0.9999999999999999,False,official human pathways with 10-300 G_PRIMARY genes; equal weights/sqrt(size),f5c4faa94fe03b2d088b72743da175380dfcf2edbfacd0077cc25eb19d2ca7e9
Reactome,CTNNB1 S37 mutants aren't phosphorylated,15,0.9999999999999999,False,official human pathways with 10-300 G_PRIMARY genes; equal weights/sqrt(size),f5c4faa94fe03b2d088b72743da175380dfcf2edbfacd0077cc25eb19d2ca7e9
Reactome,CTNNB1 S45 mutants aren't phosphorylated,15,0.9999999999999999,False,official human pathways with 10-300 G_PRIMARY genes; equal weights/sqrt(size),f5c4faa94fe03b2d088b72743da175380dfcf2edbfacd0077cc25eb19d2ca7e9
Reactome,CTNNB1 T41 mutants aren't phosphorylated,15,0.9999999999999999,False,official human pathways with 10-300 G_PRIMARY genes; equal weights/sqrt(size),f5c4faa94fe03b2d088b72743da175380dfcf2edbfacd0077cc25eb19d2ca7e9
Reactome,Ca-dependent events,36,1.0,False,official human pathways with 10-300 G_PRIMARY genes; equal weights/sqrt(size),f5c4faa94fe03b2d088b72743da175380dfcf2edbfacd0077cc25eb19d2ca7e9
Reactome,Ca2+ pathway,58,0.9999999999999999,False,official human pathways with 10-300 G_PRIMARY genes; equal weights/sqrt(size),f5c4faa94fe03b2d088b72743da175380dfcf2edbfacd0077cc25eb19d2ca7e9
Reactome,CaM pathway,34,0.9999999999999999,False,official human pathways with 10-300 G_PRIMARY genes; equal weights/sqrt(size),f5c4faa94fe03b2d088b72743da175380dfcf2edbfacd0077cc25eb19d2ca7e9
Reactome,CaMK IV-mediated phosphorylation of CREB,10,1.0,False,official human pathways with 10-300 G_PRIMARY genes; equal weights/sqrt(size),f5c4faa94fe03b2d088b72743da175380dfcf2edbfacd0077cc25eb19d2ca7e9
Reactome,Calmodulin induced events,34,0.9999999999999999,False,official human pathways with 10-300 G_PRIMARY genes; equal weights/sqrt(size),f5c4faa94fe03b2d088b72743da175380dfcf2edbfacd0077cc25eb19d2ca7e9
Reactome,Calnexin/calreticulin cycle,26,1.0,False,official human pathways with 10-300 G_PRIMARY genes; equal weights/sqrt(size),f5c4faa94fe03b2d088b72743da175380dfcf2edbfacd0077cc25eb19d2ca7e9
Reactome,Cap-dependent Translation Initiation,118,1.0000000000000002,False,official human pathways with 10-300 G_PRIMARY genes; equal weights/sqrt(size),f5c4faa94fe03b2d088b72743da175380dfcf2edbfacd0077cc25eb19d2ca7e9
Reactome,Carboxyterminal post-translational modifications of tubulin,41,1.0,False,official human pathways with 10-300 G_PRIMARY genes; equal weights/sqrt(size),f5c4faa94fe03b2d088b72743da175380dfcf2edbfacd0077cc25eb19d2ca7e9
Reactome,Cardiac conduction,114,1.0,False,official human pathways with 10-300 G_PRIMARY genes; equal weights/sqrt(size),f5c4faa94fe03b2d088b72743da175380dfcf2edbfacd0077cc25eb19d2ca7e9
Reactome,Cardiogenesis,24,1.0,False,official human pathways with 10-300 G_PRIMARY genes; equal weights/sqrt(size),f5c4faa94fe03b2d088b72743da175380dfcf2edbfacd0077cc25eb19d2ca7e9
Reactome,Cargo concentration in the ER,33,1.0,False,official human pathways with 10-300 G_PRIMARY genes; equal weights/sqrt(size),f5c4faa94fe03b2d088b72743da175380dfcf2edbfacd0077cc25eb19d2ca7e9
Reactome,Cargo recognition for clathrin-mediated endocytosis,101,0.9999999999999999,False,official human pathways with 10-300 G_PRIMARY genes; equal weights/sqrt(size),f5c4faa94fe03b2d088b72743da175380dfcf2edbfacd0077cc25eb19d2ca7e9
Reactome,Cargo trafficking to the periciliary membrane,64,1.0,False,official human pathways with 10-300 G_PRIMARY genes; equal weights/sqrt(size),f5c4faa94fe03b2d088b72743da175380dfcf2edbfacd0077cc25eb19d2ca7e9
Reactome,Carnitine shuttle,13,0.9999999999999999,False,official human pathways with 10-300 G_PRIMARY genes; equal weights/sqrt(size),f5c4faa94fe03b2d088b72743da175380dfcf2edbfacd0077cc25eb19d2ca7e9
Reactome,Caspase activation via Death Receptors in the presence of ligand,15,0.9999999999999999,False,official human pathways with 10-300 G_PRIMARY genes; equal weights/sqrt(size),f5c4faa94fe03b2d088b72743da175380dfcf2edbfacd0077cc25eb19d2ca7e9
Reactome,Caspase activation via Dependence Receptors in the absence of ligand,10,1.0,False,official human pathways with 10-300 G_PRIMARY genes; equal weights/sqrt(size),f5c4faa94fe03b2d088b72743da175380dfcf2edbfacd0077cc25eb19d2ca7e9
Reactome,Caspase activation via extrinsic apoptotic signalling pathway,25,1.0,False,official human pathways with 10-300 G_PRIMARY genes; equal weights/sqrt(size),f5c4faa94fe03b2d088b72743da175380dfcf2edbfacd0077cc25eb19d2ca7e9
Reactome,Caspase-mediated cleavage of cytoskeletal proteins,12,1.0,False,official human pathways with 10-300 G_PRIMARY genes; equal weights/sqrt(size),f5c4faa94fe03b2d088b72743da175380dfcf2edbfacd0077cc25eb19d2ca7e9
Reactome,Cdc20:Phospho-APC/C mediated degradation of Cyclin A,60,0.9999999999999998,False,official human pathways with 10-300 G_PRIMARY genes; equal weights/sqrt(size),f5c4faa94fe03b2d088b72743da175380dfcf2edbfacd0077cc25eb19d2ca7e9
Reactome,Cell Cycle Checkpoints,269,0.9999999999999999,False,official human pathways with 10-300 G_PRIMARY genes; equal weights/sqrt(size),f5c4faa94fe03b2d088b72743da175380dfcf2edbfacd0077cc25eb19d2ca7e9
Reactome,"Cell death signalling via NRAGE, NRIF and NADE",75,0.9999999999999999,False,official human pathways with 10-300 G_PRIMARY genes; equal weights/sqrt(size),f5c4faa94fe03b2d088b72743da175380dfcf2edbfacd0077cc25eb19d2ca7e9
Reactome,Cell junction organization,279,0.9999999999999999,False,official human pathways with 10-300 G_PRIMARY genes; equal weights/sqrt(size),f5c4faa94fe03b2d088b72743da175380dfcf2edbfacd0077cc25eb19d2ca7e9
Reactome,Cell recruitment (pro-inflammatory response),24,1.0,False,official human pathways with 10-300 G_PRIMARY genes; equal weights/sqrt(size),f5c4faa94fe03b2d088b72743da175380dfcf2edbfacd0077cc25eb19d2ca7e9
Reactome,Cell surface interactions at the vascular wall,107,1.0,False,official human pathways with 10-300 G_PRIMARY genes; equal weights/sqrt(size),f5c4faa94fe03b2d088b72743da175380dfcf2edbfacd0077cc25eb19d2ca7e9
Reactome,Cell-cell junction organization,252,0.9999999999999999,False,official human pathways with 10-300 G_PRIMARY genes; equal weights/sqrt(size),f5c4faa94fe03b2d088b72743da175380dfcf2edbfacd0077cc25eb19d2ca7e9
Reactome,Cell-extracellular matrix interactions,18,1.0,False,official human pathways with 10-300 G_PRIMARY genes; equal weights/sqrt(size),f5c4faa94fe03b2d088b72743da175380dfcf2edbfacd0077cc25eb19d2ca7e9
Reactome,Cellular Senescence,157,1.0,False,official human pathways with 10-300 G_PRIMARY genes; equal weights/sqrt(size),f5c4faa94fe03b2d088b72743da175380dfcf2edbfacd0077cc25eb19d2ca7e9
Reactome,Cellular hexose transport,18,1.0,False,official human pathways with 10-300 G_PRIMARY genes; equal weights/sqrt(size),f5c4faa94fe03b2d088b72743da175380dfcf2edbfacd0077cc25eb19d2ca7e9
Reactome,Cellular response to chemical stress,185,0.9999999999999999,False,official human pathways with 10-300 G_PRIMARY genes; equal weights/sqrt(size),f5c4faa94fe03b2d088b72743da175380dfcf2edbfacd0077cc25eb19d2ca7e9
Reactome,Cellular response to heat stress,97,1.0000000000000002,False,official human pathways with 10-300 G_PRIMARY genes; equal weights/sqrt(size),f5c4faa94fe03b2d088b72743da175380dfcf2edbfacd0077cc25eb19d2ca7e9
Reactome,Cellular response to hypoxia,61,1.0,False,official human pathways with 10-300 G_PRIMARY genes; equal weights/sqrt(size),f5c4faa94fe03b2d088b72743da175380dfcf2edbfacd0077cc25eb19d2ca7e9
Reactome,Cellular response to starvation,153,0.9999999999999999,False,official human pathways with 10-300 G_PRIMARY genes; equal weights/sqrt(size),f5c4faa94fe03b2d088b72743da175380dfcf2edbfacd0077cc25eb19d2ca7e9
Reactome,Cellular responses to mechanical stimuli,96,1.0,False,official human pathways with 10-300 G_PRIMARY genes; equal weights/sqrt(size),f5c4faa94fe03b2d088b72743da175380dfcf2edbfacd0077cc25eb19d2ca7e9
Reactome,Centrosome maturation,80,0.9999999999999999,False,official human pathways with 10-300 G_PRIMARY genes; equal weights/sqrt(size),f5c4faa94fe03b2d088b72743da175380dfcf2edbfacd0077cc25eb19d2ca7e9
Reactome,ChAHP complex assembly,27,1.0,False,official human pathways with 10-300 G_PRIMARY genes; equal weights/sqrt(size),f5c4faa94fe03b2d088b72743da175380dfcf2edbfacd0077cc25eb19d2ca7e9
Reactome,Chaperone Mediated Autophagy,19,0.9999999999999998,False,official human pathways with 10-300 G_PRIMARY genes; equal weights/sqrt(size),f5c4faa94fe03b2d088b72743da175380dfcf2edbfacd0077cc25eb19d2ca7e9
Reactome,Chaperonin-mediated protein folding,84,0.9999999999999999,False,official human pathways with 10-300 G_PRIMARY genes; equal weights/sqrt(size),f5c4faa94fe03b2d088b72743da175380dfcf2edbfacd0077cc25eb19d2ca7e9
Reactome,Chemokine receptors bind chemokines,32,0.9999999999999999,False,official human pathways with 10-300 G_PRIMARY genes; equal weights/sqrt(size),f5c4faa94fe03b2d088b72743da175380dfcf2edbfacd0077cc25eb19d2ca7e9
Reactome,Chk1/Chk2(Cds1) mediated inactivation of Cyclin B:Cdk1 complex,15,0.9999999999999999,False,official human pathways with 10-300 G_PRIMARY genes; equal weights/sqrt(size),f5c4faa94fe03b2d088b72743da175380dfcf2edbfacd0077cc25eb19d2ca7e9
Reactome,Cholesterol biosynthesis,27,1.0,False,official human pathways with 10-300 G_PRIMARY genes; equal weights/sqrt(size),f5c4faa94fe03b2d088b72743da175380dfcf2edbfacd0077cc25eb19d2ca7e9
Reactome,Cholesterol biosynthesis via desmosterol (Bloch pathway),10,1.0,False,official human pathways with 10-300 G_PRIMARY genes; equal weights/sqrt(size),f5c4faa94fe03b2d088b72743da175380dfcf2edbfacd0077cc25eb19d2ca7e9
Reactome,Chondroitin sulfate/dermatan sulfate metabolism,37,0.9999999999999999,False,official human pathways with 10-300 G_PRIMARY genes; equal weights/sqrt(size),f5c4faa94fe03b2d088b72743da175380dfcf2edbfacd0077cc25eb19d2ca7e9
Reactome,Chromatin modifications during the maternal to zygotic transition (MZT),32,0.9999999999999999,False,official human pathways with 10-300 G_PRIMARY genes; equal weights/sqrt(size),f5c4faa94fe03b2d088b72743da175380dfcf2edbfacd0077cc25eb19d2ca7e9
Reactome,Chromatin modifying enzymes,231,0.9999999999999999,False,official human pathways with 10-300 G_PRIMARY genes; equal weights/sqrt(size),f5c4faa94fe03b2d088b72743da175380dfcf2edbfacd0077cc25eb19d2ca7e9
Reactome,Chromosome Maintenance,114,1.0,False,official human pathways with 10-300 G_PRIMARY genes; equal weights/sqrt(size),f5c4faa94fe03b2d088b72743da175380dfcf2edbfacd0077cc25eb19d2ca7e9
Reactome,Cilium Assembly,216,1.0,False,official human pathways with 10-300 G_PRIMARY genes; equal weights/sqrt(size),f5c4faa94fe03b2d088b72743da175380dfcf2edbfacd0077cc25eb19d2ca7e9
Reactome,Circadian clock,111,1.0,False,official human pathways with 10-300 G_PRIMARY genes; equal weights/sqrt(size),f5c4faa94fe03b2d088b72743da175380dfcf2edbfacd0077cc25eb19d2ca7e9
Reactome,Citric acid cycle (TCA cycle),33,1.0,False,official human pathways with 10-300 G_PRIMARY genes; equal weights/sqrt(size),f5c4faa94fe03b2d088b72743da175380dfcf2edbfacd0077cc25eb19d2ca7e9
Reactome,Class A/1 (Rhodopsin-like receptors),201,0.9999999999999999,False,official human pathways with 10-300 G_PRIMARY genes; equal weights/sqrt(size),f5c4faa94fe03b2d088b72743da175380dfcf2edbfacd0077cc25eb19d2ca7e9
Reactome,Class B/2 (Secretin family receptors),71,0.9999999999999998,False,official human pathways with 10-300 G_PRIMARY genes; equal weights/sqrt(size),f5c4faa94fe03b2d088b72743da175380dfcf2edbfacd0077cc25eb19d2ca7e9
Reactome,Class C/3 (Metabotropic glutamate/pheromone receptors),25,1.0,False,official human pathways with 10-300 G_PRIMARY genes; equal weights/sqrt(size),f5c4faa94fe03b2d088b72743da175380dfcf2edbfacd0077cc25eb19d2ca7e9
Reactome,Class I peroxisomal membrane protein import,20,1.0,False,official human pathways with 10-300 G_PRIMARY genes; equal weights/sqrt(size),f5c4faa94fe03b2d088b72743da175380dfcf2edbfacd0077cc25eb19d2ca7e9
Reactome,Clathrin-mediated endocytosis,141,1.0000000000000002,False,official human pathways with 10-300 G_PRIMARY genes; equal weights/sqrt(size),f5c4faa94fe03b2d088b72743da175380dfcf2edbfacd0077cc25eb19d2ca7e9
Reactome,Cleavage of the damaged purine,31,1.0,False,official human pathways with 10-300 G_PRIMARY genes; equal weights/sqrt(size),f5c4faa94fe03b2d088b72743da175380dfcf2edbfacd0077cc25eb19d2ca7e9
Reactome,Cleavage of the damaged pyrimidine,36,1.0,False,official human pathways with 10-300 G_PRIMARY genes; equal weights/sqrt(size),f5c4faa94fe03b2d088b72743da175380dfcf2edbfacd0077cc25eb19d2ca7e9
Reactome,Co-inhibition by CTLA4,18,1.0,False,official human pathways with 10-300 G_PRIMARY genes; equal weights/sqrt(size),f5c4faa94fe03b2d088b72743da175380dfcf2edbfacd0077cc25eb19d2ca7e9
Reactome,Co-inhibition by PD-1,168,1.0,False,official human pathways with 10-300 G_PRIMARY genes; equal weights/sqrt(size),f5c4faa94fe03b2d088b72743da175380dfcf2edbfacd0077cc25eb19d2ca7e9
Reactome,Co-stimulation by CD28,44,1.0,False,official human pathways with 10-300 G_PRIMARY genes; equal weights/sqrt(size),f5c4faa94fe03b2d088b72743da175380dfcf2edbfacd0077cc25eb19d2ca7e9
Reactome,Co-stimulation by ICOS,10,1.0,False,official human pathways with 10-300 G_PRIMARY genes; equal weights/sqrt(size),f5c4faa94fe03b2d088b72743da175380dfcf2edbfacd0077cc25eb19d2ca7e9
Reactome,Coagulation pathway,51,1.0,False,official human pathways with 10-300 G_PRIMARY genes; equal weights/sqrt(size),f5c4faa94fe03b2d088b72743da175380dfcf2edbfacd0077cc25eb19d2ca7e9
Reactome,"Cobalamin (Cbl, vitamin B12) transport and metabolism",20,1.0,False,official human pathways with 10-300 G_PRIMARY genes; equal weights/sqrt(size),f5c4faa94fe03b2d088b72743da175380dfcf2edbfacd0077cc25eb19d2ca7e9
Reactome,Cohesin Loading onto Chromatin,10,1.0,False,official human pathways with 10-300 G_PRIMARY genes; equal weights/sqrt(size),f5c4faa94fe03b2d088b72743da175380dfcf2edbfacd0077cc25eb19d2ca7e9
Reactome,Collagen biosynthesis and modifying enzymes,65,1.0,False,official human pathways with 10-300 G_PRIMARY genes; equal weights/sqrt(size),f5c4faa94fe03b2d088b72743da175380dfcf2edbfacd0077cc25eb19d2ca7e9
Reactome,Collagen chain trimerization,42,1.0,False,official human pathways with 10-300 G_PRIMARY genes; equal weights/sqrt(size),f5c4faa94fe03b2d088b72743da175380dfcf2edbfacd0077cc25eb19d2ca7e9
Reactome,Collagen degradation,60,0.9999999999999998,False,official human pathways with 10-300 G_PRIMARY genes; equal weights/sqrt(size),f5c4faa94fe03b2d088b72743da175380dfcf2edbfacd0077cc25eb19d2ca7e9
Reactome,Collagen formation,88,1.0,False,official human pathways with 10-300 G_PRIMARY genes; equal weights/sqrt(size),f5c4faa94fe03b2d088b72743da175380dfcf2edbfacd0077cc25eb19d2ca7e9
Reactome,Competing endogenous RNAs (ceRNAs) regulate PTEN translation,11,1.0,False,official human pathways with 10-300 G_PRIMARY genes; equal weights/sqrt(size),f5c4faa94fe03b2d088b72743da175380dfcf2edbfacd0077cc25eb19d2ca7e9
Reactome,Complement cascade,38,0.9999999999999999,False,official human pathways with 10-300 G_PRIMARY genes; equal weights/sqrt(size),f5c4faa94fe03b2d088b72743da175380dfcf2edbfacd0077cc25eb19d2ca7e9
Reactome,Complex I biogenesis,68,0.9999999999999999,False,official human pathways with 10-300 G_PRIMARY genes; equal weights/sqrt(size),f5c4faa94fe03b2d088b72743da175380dfcf2edbfacd0077cc25eb19d2ca7e9
Reactome,Complex III assembly,24,1.0,False,official human pathways with 10-300 G_PRIMARY genes; equal weights/sqrt(size),f5c4faa94fe03b2d088b72743da175380dfcf2edbfacd0077cc25eb19d2ca7e9
Reactome,Complex IV assembly,43,1.0,False,official human pathways with 10-300 G_PRIMARY genes; equal weights/sqrt(size),f5c4faa94fe03b2d088b72743da175380dfcf2edbfacd0077cc25eb19d2ca7e9
Reactome,Condensation of Prometaphase Chromosomes,11,1.0,False,official human pathways with 10-300 G_PRIMARY genes; equal weights/sqrt(size),f5c4faa94fe03b2d088b72743da175380dfcf2edbfacd0077cc25eb19d2ca7e9
Reactome,Condensation of Prophase Chromosomes,36,1.0,False,official human pathways with 10-300 G_PRIMARY genes; equal weights/sqrt(size),f5c4faa94fe03b2d088b72743da175380dfcf2edbfacd0077cc25eb19d2ca7e9
Reactome,Constitutive Signaling by AKT1 E17K in Cancer,26,1.0,False,official human pathways with 10-300 G_PRIMARY genes; equal weights/sqrt(size),f5c4faa94fe03b2d088b72743da175380dfcf2edbfacd0077cc25eb19d2ca7e9
Reactome,Constitutive Signaling by Aberrant PI3K in Cancer,74,1.0,False,official human pathways with 10-300 G_PRIMARY genes; equal weights/sqrt(size),f5c4faa94fe03b2d088b72743da175380dfcf2edbfacd0077cc25eb19d2ca7e9
Reactome,Constitutive Signaling by EGFRvIII,15,0.9999999999999999,False,official human pathways with 10-300 G_PRIMARY genes; equal weights/sqrt(size),f5c4faa94fe03b2d088b72743da175380dfcf2edbfacd0077cc25eb19d2ca7e9
Reactome,Constitutive Signaling by Ligand-Responsive EGFR Cancer Variants,19,0.9999999999999998,False,official human pathways with 10-300 G_PRIMARY genes; equal weights/sqrt(size),f5c4faa94fe03b2d088b72743da175380dfcf2edbfacd0077cc25eb19d2ca7e9
Reactome,Constitutive Signaling by NOTCH1 HD Domain Mutants,15,0.9999999999999999,False,official human pathways with 10-300 G_PRIMARY genes; equal weights/sqrt(size),f5c4faa94fe03b2d088b72743da175380dfcf2edbfacd0077cc25eb19d2ca7e9
Reactome,Constitutive Signaling by NOTCH1 HD+PEST Domain Mutants,58,0.9999999999999999,False,official human pathways with 10-300 G_PRIMARY genes; equal weights/sqrt(size),f5c4faa94fe03b2d088b72743da175380dfcf2edbfacd0077cc25eb19d2ca7e9
Reactome,Constitutive Signaling by NOTCH1 PEST Domain Mutants,58,0.9999999999999999,False,official human pathways with 10-300 G_PRIMARY genes; equal weights/sqrt(size),f5c4faa94fe03b2d088b72743da175380dfcf2edbfacd0077cc25eb19d2ca7e9
Reactome,Constitutive Signaling by Overexpressed ERBB2,11,1.0,False,official human pathways with 10-300 G_PRIMARY genes; equal weights/sqrt(size),f5c4faa94fe03b2d088b72743da175380dfcf2edbfacd0077cc25eb19d2ca7e9
Reactome,Conversion from APC/C:Cdc20 to APC/C:Cdh1 in late anaphase,20,1.0,False,official human pathways with 10-300 G_PRIMARY genes; equal weights/sqrt(size),f5c4faa94fe03b2d088b72743da175380dfcf2edbfacd0077cc25eb19d2ca7e9
Reactome,Cooperation of PDCL (PhLP1) and TRiC/CCT in G-protein beta folding,34,0.9999999999999999,False,official human pathways with 10-300 G_PRIMARY genes; equal weights/sqrt(size),f5c4faa94fe03b2d088b72743da175380dfcf2edbfacd0077cc25eb19d2ca7e9
Reactome,Cooperation of Prefoldin and TriC/CCT  in actin and tubulin folding,30,0.9999999999999999,False,official human pathways with 10-300 G_PRIMARY genes; equal weights/sqrt(size),f5c4faa94fe03b2d088b72743da175380dfcf2edbfacd0077cc25eb19d2ca7e9
Reactome,Creatine metabolism,10,1.0,False,official human pathways with 10-300 G_PRIMARY genes; equal weights/sqrt(size),f5c4faa94fe03b2d088b72743da175380dfcf2edbfacd0077cc25eb19d2ca7e9
Reactome,Cristae formation,33,1.0,False,official human pathways with 10-300 G_PRIMARY genes; equal weights/sqrt(size),f5c4faa94fe03b2d088b72743da175380dfcf2edbfacd0077cc25eb19d2ca7e9
Reactome,Cross-presentation of soluble exogenous antigens (endosomes),39,1.0,False,official human pathways with 10-300 G_PRIMARY genes; equal weights/sqrt(size),f5c4faa94fe03b2d088b72743da175380dfcf2edbfacd0077cc25eb19d2ca7e9
Reactome,Crosslinking of collagen fibrils,18,1.0,False,official human pathways with 10-300 G_PRIMARY genes; equal weights/sqrt(size),f5c4faa94fe03b2d088b72743da175380dfcf2edbfacd0077cc25eb19d2ca7e9
Reactome,Cyclin A/B1/B2 associated events during G2/M transition,32,0.9999999999999999,False,official human pathways with 10-300 G_PRIMARY genes; equal weights/sqrt(size),f5c4faa94fe03b2d088b72743da175380dfcf2edbfacd0077cc25eb19d2ca7e9
Reactome,Cyclin A:Cdk2-associated events at S phase entry,75,0.9999999999999999,False,official human pathways with 10-300 G_PRIMARY genes; equal weights/sqrt(size),f5c4faa94fe03b2d088b72743da175380dfcf2edbfacd0077cc25eb19d2ca7e9
Reactome,Cyclin D associated events in G1,47,1.0,False,official human pathways with 10-300 G_PRIMARY genes; equal weights/sqrt(size),f5c4faa94fe03b2d088b72743da175380dfcf2edbfacd0077cc25eb19d2ca7e9
Reactome,Cyclin E associated events during G1/S transition,73,1.0,False,official human pathways with 10-300 G_PRIMARY genes; equal weights/sqrt(size),f5c4faa94fe03b2d088b72743da175380dfcf2edbfacd0077cc25eb19d2ca7e9
Reactome,Cytochrome P450 - arranged by substrate type,46,0.9999999999999999,False,official human pathways with 10-300 G_PRIMARY genes; equal weights/sqrt(size),f5c4faa94fe03b2d088b72743da175380dfcf2edbfacd0077cc25eb19d2ca7e9
Reactome,Cytochrome c-mediated apoptotic response,13,0.9999999999999999,False,official human pathways with 10-300 G_PRIMARY genes; equal weights/sqrt(size),f5c4faa94fe03b2d088b72743da175380dfcf2edbfacd0077cc25eb19d2ca7e9
Reactome,Cytoprotection by HMOX1,52,1.0,False,official human pathways with 10-300 G_PRIMARY genes; equal weights/sqrt(size),f5c4faa94fe03b2d088b72743da175380dfcf2edbfacd0077cc25eb19d2ca7e9
Reactome,Cytosolic iron-sulfur cluster assembly,13,0.9999999999999999,False,official human pathways with 10-300 G_PRIMARY genes; equal weights/sqrt(size),f5c4faa94fe03b2d088b72743da175380dfcf2edbfacd0077cc25eb19d2ca7e9
Reactome,Cytosolic sensors of pathogen-associated DNA,63,0.9999999999999997,False,official human pathways with 10-300 G_PRIMARY genes; equal weights/sqrt(size),f5c4faa94fe03b2d088b72743da175380dfcf2edbfacd0077cc25eb19d2ca7e9
Reactome,Cytosolic sulfonation of small molecules,15,0.9999999999999999,False,official human pathways with 10-300 G_PRIMARY genes; equal weights/sqrt(size),f5c4faa94fe03b2d088b72743da175380dfcf2edbfacd0077cc25eb19d2ca7e9
Reactome,Cytosolic tRNA aminoacylation,24,1.0,False,official human pathways with 10-300 G_PRIMARY genes; equal weights/sqrt(size),f5c4faa94fe03b2d088b72743da175380dfcf2edbfacd0077cc25eb19d2ca7e9
Reactome,DAG and IP3 signaling,40,1.0,False,official human pathways with 10-300 G_PRIMARY genes; equal weights/sqrt(size),f5c4faa94fe03b2d088b72743da175380dfcf2edbfacd0077cc25eb19d2ca7e9
Reactome,DAG1 glycosylations,18,1.0,False,official human pathways with 10-300 G_PRIMARY genes; equal weights/sqrt(size),f5c4faa94fe03b2d088b72743da175380dfcf2edbfacd0077cc25eb19d2ca7e9
Reactome,DAP12 interactions,32,0.9999999999999999,False,official human pathways with 10-300 G_PRIMARY genes; equal weights/sqrt(size),f5c4faa94fe03b2d088b72743da175380dfcf2edbfacd0077cc25eb19d2ca7e9
Reactome,DAP12 signaling,27,1.0,False,official human pathways with 10-300 G_PRIMARY genes; equal weights/sqrt(size),f5c4faa94fe03b2d088b72743da175380dfcf2edbfacd0077cc25eb19d2ca7e9
Reactome,DARPP-32 events,23,0.9999999999999999,False,official human pathways with 10-300 G_PRIMARY genes; equal weights/sqrt(size),f5c4faa94fe03b2d088b72743da175380dfcf2edbfacd0077cc25eb19d2ca7e9
Reactome,DCC mediated attractive signaling,14,0.9999999999999999,False,official human pathways with 10-300 G_PRIMARY genes; equal weights/sqrt(size),f5c4faa94fe03b2d088b72743da175380dfcf2edbfacd0077cc25eb19d2ca7e9
Reactome,DDX58/IFIH1-mediated induction of interferon-alpha/beta,67,1.0,False,official human pathways with 10-300 G_PRIMARY genes; equal weights/sqrt(size),f5c4faa94fe03b2d088b72743da175380dfcf2edbfacd0077cc25eb19d2ca7e9
Reactome,DNA Damage Bypass,48,1.0,False,official human pathways with 10-300 G_PRIMARY genes; equal weights/sqrt(size),f5c4faa94fe03b2d088b72743da175380dfcf2edbfacd0077cc25eb19d2ca7e9
Reactome,DNA Damage Recognition in GG-NER,38,0.9999999999999999,False,official human pathways with 10-300 G_PRIMARY genes; equal weights/sqrt(size),f5c4faa94fe03b2d088b72743da175380dfcf2edbfacd0077cc25eb19d2ca7e9
Reactome,DNA Damage/Telomere Stress Induced Senescence,55,1.0,False,official human pathways with 10-300 G_PRIMARY genes; equal weights/sqrt(size),f5c4faa94fe03b2d088b72743da175380dfcf2edbfacd0077cc25eb19d2ca7e9
Reactome,DNA Double Strand Break Response,96,1.0,False,official human pathways with 10-300 G_PRIMARY genes; equal weights/sqrt(size),f5c4faa94fe03b2d088b72743da175380dfcf2edbfacd0077cc25eb19d2ca7e9
Reactome,DNA Double-Strand Break Repair,185,0.9999999999999999,False,official human pathways with 10-300 G_PRIMARY genes; equal weights/sqrt(size),f5c4faa94fe03b2d088b72743da175380dfcf2edbfacd0077cc25eb19d2ca7e9
Reactome,DNA Replication,148,1.0,False,official human pathways with 10-300 G_PRIMARY genes; equal weights/sqrt(size),f5c4faa94fe03b2d088b72743da175380dfcf2edbfacd0077cc25eb19d2ca7e9
Reactome,DNA Replication Pre-Initiation,113,1.0,False,official human pathways with 10-300 G_PRIMARY genes; equal weights/sqrt(size),f5c4faa94fe03b2d088b72743da175380dfcf2edbfacd0077cc25eb19d2ca7e9
Reactome,DNA methylation,27,1.0,False,official human pathways with 10-300 G_PRIMARY genes; equal weights/sqrt(size),f5c4faa94fe03b2d088b72743da175380dfcf2edbfacd0077cc25eb19d2ca7e9
Reactome,DNA strand elongation,32,0.9999999999999999,False,official human pathways with 10-300 G_PRIMARY genes; equal weights/sqrt(size),f5c4faa94fe03b2d088b72743da175380dfcf2edbfacd0077cc25eb19d2ca7e9
Reactome,DS-GAG biosynthesis,12,1.0,False,official human pathways with 10-300 G_PRIMARY genes; equal weights/sqrt(size),f5c4faa94fe03b2d088b72743da175380dfcf2edbfacd0077cc25eb19d2ca7e9
Reactome,Deactivation of the beta-catenin transactivating complex,41,1.0,False,official human pathways with 10-300 G_PRIMARY genes; equal weights/sqrt(size),f5c4faa94fe03b2d088b72743da175380dfcf2edbfacd0077cc25eb19d2ca7e9
Reactome,Deadenylation of mRNA,25,1.0,False,official human pathways with 10-300 G_PRIMARY genes; equal weights/sqrt(size),f5c4faa94fe03b2d088b72743da175380dfcf2edbfacd0077cc25eb19d2ca7e9
Reactome,Deadenylation-dependent mRNA decay,56,1.0,False,official human pathways with 10-300 G_PRIMARY genes; equal weights/sqrt(size),f5c4faa94fe03b2d088b72743da175380dfcf2edbfacd0077cc25eb19d2ca7e9
Reactome,Death Receptor Signaling,152,1.0,False,official human pathways with 10-300 G_PRIMARY genes; equal weights/sqrt(size),f5c4faa94fe03b2d088b72743da175380dfcf2edbfacd0077cc25eb19d2ca7e9
Reactome,Dectin-1 mediated noncanonical NF-kB signaling,49,0.9999999999999999,False,official human pathways with 10-300 G_PRIMARY genes; equal weights/sqrt(size),f5c4faa94fe03b2d088b72743da175380dfcf2edbfacd0077cc25eb19d2ca7e9
Reactome,Dectin-2 family,21,1.0,False,official human pathways with 10-300 G_PRIMARY genes; equal weights/sqrt(size),f5c4faa94fe03b2d088b72743da175380dfcf2edbfacd0077cc25eb19d2ca7e9
Reactome,Defective B3GALT6 causes EDSP2 and SEMDJL1,20,1.0,False,official human pathways with 10-300 G_PRIMARY genes; equal weights/sqrt(size),f5c4faa94fe03b2d088b72743da175380dfcf2edbfacd0077cc25eb19d2ca7e9
Reactome,Defective B3GALTL causes PpS,37,0.9999999999999999,False,official human pathways with 10-300 G_PRIMARY genes; equal weights/sqrt(size),f5c4faa94fe03b2d088b72743da175380dfcf2edbfacd0077cc25eb19d2ca7e9
Reactome,Defective B3GAT3 causes JDSSDHD,20,1.0,False,official human pathways with 10-300 G_PRIMARY genes; equal weights/sqrt(size),f5c4faa94fe03b2d088b72743da175380dfcf2edbfacd0077cc25eb19d2ca7e9
Reactome,"Defective B4GALT7 causes EDS, progeroid type",20,1.0,False,official human pathways with 10-300 G_PRIMARY genes; equal weights/sqrt(size),f5c4faa94fe03b2d088b72743da175380dfcf2edbfacd0077cc25eb19d2ca7e9
Reactome,Defective C1GALT1C1 causes TNPS,17,1.0,False,official human pathways with 10-300 G_PRIMARY genes; equal weights/sqrt(size),f5c4faa94fe03b2d088b72743da175380dfcf2edbfacd0077cc25eb19d2ca7e9
Reactome,Defective CFTR causes cystic fibrosis,48,1.0,False,official human pathways with 10-300 G_PRIMARY genes; equal weights/sqrt(size),f5c4faa94fe03b2d088b72743da175380dfcf2edbfacd0077cc25eb19d2ca7e9
Reactome,"Defective EXT1 causes exostoses 1, TRPS2 and CHDS",14,0.9999999999999999,False,official human pathways with 10-300 G_PRIMARY genes; equal weights/sqrt(size),f5c4faa94fe03b2d088b72743da175380dfcf2edbfacd0077cc25eb19d2ca7e9
Reactome,Defective EXT2 causes exostoses 2,14,0.9999999999999999,False,official human pathways with 10-300 G_PRIMARY genes; equal weights/sqrt(size),f5c4faa94fe03b2d088b72743da175380dfcf2edbfacd0077cc25eb19d2ca7e9
Reactome,Defective GALNT12 causes CRCS1,16,1.0,False,official human pathways with 10-300 G_PRIMARY genes; equal weights/sqrt(size),f5c4faa94fe03b2d088b72743da175380dfcf2edbfacd0077cc25eb19d2ca7e9
Reactome,Defective GALNT3 causes HFTC,16,1.0,False,official human pathways with 10-300 G_PRIMARY genes; equal weights/sqrt(size),f5c4faa94fe03b2d088b72743da175380dfcf2edbfacd0077cc25eb19d2ca7e9
Reactome,Defective HDR through Homologous Recombination Repair (HRR) due to PALB2 loss of BRCA1 binding function,25,1.0,False,official human pathways with 10-300 G_PRIMARY genes; equal weights/sqrt(size),f5c4faa94fe03b2d088b72743da175380dfcf2edbfacd0077cc25eb19d2ca7e9
Reactome,Defective HDR through Homologous Recombination Repair (HRR) due to PALB2 loss of BRCA2/RAD51/RAD51C binding function,25,1.0,False,official human pathways with 10-300 G_PRIMARY genes; equal weights/sqrt(size),f5c4faa94fe03b2d088b72743da175380dfcf2edbfacd0077cc25eb19d2ca7e9
Reactome,Defective Intrinsic Pathway for Apoptosis,23,0.9999999999999999,False,official human pathways with 10-300 G_PRIMARY genes; equal weights/sqrt(size),f5c4faa94fe03b2d088b72743da175380dfcf2edbfacd0077cc25eb19d2ca7e9
Reactome,Defective TPR may confer susceptibility towards thyroid papillary carcinoma (TPC),31,1.0,False,official human pathways with 10-300 G_PRIMARY genes; equal weights/sqrt(size),f5c4faa94fe03b2d088b72743da175380dfcf2edbfacd0077cc25eb19d2ca7e9
Reactome,"Defective binding of RB1 mutants to E2F1,(E2F2, E2F3)",17,1.0,False,official human pathways with 10-300 G_PRIMARY genes; equal weights/sqrt(size),f5c4faa94fe03b2d088b72743da175380dfcf2edbfacd0077cc25eb19d2ca7e9
Reactome,Defective homologous recombination repair (HRR) due to BRCA1 loss of function,25,1.0,False,official human pathways with 10-300 G_PRIMARY genes; equal weights/sqrt(size),f5c4faa94fe03b2d088b72743da175380dfcf2edbfacd0077cc25eb19d2ca7e9
Reactome,Defective homologous recombination repair (HRR) due to BRCA2 loss of function,41,1.0,False,official human pathways with 10-300 G_PRIMARY genes; equal weights/sqrt(size),f5c4faa94fe03b2d088b72743da175380dfcf2edbfacd0077cc25eb19d2ca7e9
Reactome,Defective homologous recombination repair (HRR) due to PALB2 loss of function,25,1.0,False,official human pathways with 10-300 G_PRIMARY genes; equal weights/sqrt(size),f5c4faa94fe03b2d088b72743da175380dfcf2edbfacd0077cc25eb19d2ca7e9
Reactome,Defective pyroptosis,36,1.0,False,official human pathways with 10-300 G_PRIMARY genes; equal weights/sqrt(size),f5c4faa94fe03b2d088b72743da175380dfcf2edbfacd0077cc25eb19d2ca7e9
Reactome,Defects in cobalamin (B12) metabolism,13,0.9999999999999999,False,official human pathways with 10-300 G_PRIMARY genes; equal weights/sqrt(size),f5c4faa94fe03b2d088b72743da175380dfcf2edbfacd0077cc25eb19d2ca7e9
Reactome,Defects in vitamin and cofactor metabolism,21,1.0,False,official human pathways with 10-300 G_PRIMARY genes; equal weights/sqrt(size),f5c4faa94fe03b2d088b72743da175380dfcf2edbfacd0077cc25eb19d2ca7e9
Reactome,Defects of Coagulation cascade,19,0.9999999999999998,False,official human pathways with 10-300 G_PRIMARY genes; equal weights/sqrt(size),f5c4faa94fe03b2d088b72743da175380dfcf2edbfacd0077cc25eb19d2ca7e9
Reactome,Degradation of AXIN,42,1.0,False,official human pathways with 10-300 G_PRIMARY genes; equal weights/sqrt(size),f5c4faa94fe03b2d088b72743da175380dfcf2edbfacd0077cc25eb19d2ca7e9
Reactome,Degradation of CDH1,54,0.9999999999999999,False,official human pathways with 10-300 G_PRIMARY genes; equal weights/sqrt(size),f5c4faa94fe03b2d088b72743da175380dfcf2edbfacd0077cc25eb19d2ca7e9
Reactome,Degradation of CRY and PER proteins,49,0.9999999999999999,False,official human pathways with 10-300 G_PRIMARY genes; equal weights/sqrt(size),f5c4faa94fe03b2d088b72743da175380dfcf2edbfacd0077cc25eb19d2ca7e9
Reactome,Degradation of DVL,44,1.0,False,official human pathways with 10-300 G_PRIMARY genes; equal weights/sqrt(size),f5c4faa94fe03b2d088b72743da175380dfcf2edbfacd0077cc25eb19d2ca7e9
Reactome,Degradation of GLI1 by the proteasome,46,0.9999999999999999,False,official human pathways with 10-300 G_PRIMARY genes; equal weights/sqrt(size),f5c4faa94fe03b2d088b72743da175380dfcf2edbfacd0077cc25eb19d2ca7e9
Reactome,Degradation of GLI2 by the proteasome,46,0.9999999999999999,False,official human pathways with 10-300 G_PRIMARY genes; equal weights/sqrt(size),f5c4faa94fe03b2d088b72743da175380dfcf2edbfacd0077cc25eb19d2ca7e9
Reactome,Degradation of beta-catenin by the destruction complex,72,1.0,False,official human pathways with 10-300 G_PRIMARY genes; equal weights/sqrt(size),f5c4faa94fe03b2d088b72743da175380dfcf2edbfacd0077cc25eb19d2ca7e9
Reactome,Degradation of cysteine and homocysteine,15,0.9999999999999999,False,official human pathways with 10-300 G_PRIMARY genes; equal weights/sqrt(size),f5c4faa94fe03b2d088b72743da175380dfcf2edbfacd0077cc25eb19d2ca7e9
Reactome,Degradation of the extracellular matrix,127,1.0,False,official human pathways with 10-300 G_PRIMARY genes; equal weights/sqrt(size),f5c4faa94fe03b2d088b72743da175380dfcf2edbfacd0077cc25eb19d2ca7e9
Reactome,Dengue Virus Attachment and Entry,43,1.0,False,official human pathways with 10-300 G_PRIMARY genes; equal weights/sqrt(size),f5c4faa94fe03b2d088b72743da175380dfcf2edbfacd0077cc25eb19d2ca7e9
Reactome,Dengue Virus Genome Translation and Replication,82,0.9999999999999999,False,official human pathways with 10-300 G_PRIMARY genes; equal weights/sqrt(size),f5c4faa94fe03b2d088b72743da175380dfcf2edbfacd0077cc25eb19d2ca7e9
Reactome,Dengue Virus-Host Interactions,247,0.9999999999999998,False,official human pathways with 10-300 G_PRIMARY genes; equal weights/sqrt(size),f5c4faa94fe03b2d088b72743da175380dfcf2edbfacd0077cc25eb19d2ca7e9
Reactome,Dengue virus activates/modulates innate and adaptive immune responses,26,1.0,False,official human pathways with 10-300 G_PRIMARY genes; equal weights/sqrt(size),f5c4faa94fe03b2d088b72743da175380dfcf2edbfacd0077cc25eb19d2ca7e9
Reactome,Dengue virus modulates apoptosis,16,1.0,False,official human pathways with 10-300 G_PRIMARY genes; equal weights/sqrt(size),f5c4faa94fe03b2d088b72743da175380dfcf2edbfacd0077cc25eb19d2ca7e9
Reactome,Depolymerization of the Nuclear Lamina,15,0.9999999999999999,False,official human pathways with 10-300 G_PRIMARY genes; equal weights/sqrt(size),f5c4faa94fe03b2d088b72743da175380dfcf2edbfacd0077cc25eb19d2ca7e9
Reactome,Deposition of new CENPA-containing nucleosomes at the centromere,49,0.9999999999999999,False,official human pathways with 10-300 G_PRIMARY genes; equal weights/sqrt(size),f5c4faa94fe03b2d088b72743da175380dfcf2edbfacd0077cc25eb19d2ca7e9
Reactome,Depurination,31,1.0,False,official human pathways with 10-300 G_PRIMARY genes; equal weights/sqrt(size),f5c4faa94fe03b2d088b72743da175380dfcf2edbfacd0077cc25eb19d2ca7e9
Reactome,Depyrimidination,36,1.0,False,official human pathways with 10-300 G_PRIMARY genes; equal weights/sqrt(size),f5c4faa94fe03b2d088b72743da175380dfcf2edbfacd0077cc25eb19d2ca7e9
Reactome,Deregulated CDK5 triggers multiple neurodegenerative pathways in Alzheimer's disease models,20,1.0,False,official human pathways with 10-300 G_PRIMARY genes; equal weights/sqrt(size),f5c4faa94fe03b2d088b72743da175380dfcf2edbfacd0077cc25eb19d2ca7e9
Reactome,Detoxification of Reactive Oxygen Species,34,0.9999999999999999,False,official human pathways with 10-300 G_PRIMARY genes; equal weights/sqrt(size),f5c4faa94fe03b2d088b72743da175380dfcf2edbfacd0077cc25eb19d2ca7e9
Reactome,Deubiquitination,247,0.9999999999999998,False,official human pathways with 10-300 G_PRIMARY genes; equal weights/sqrt(size),f5c4faa94fe03b2d088b72743da175380dfcf2edbfacd0077cc25eb19d2ca7e9
Reactome,Developmental Cell Lineages,30,0.9999999999999999,False,official human pathways with 10-300 G_PRIMARY genes; equal weights/sqrt(size),f5c4faa94fe03b2d088b72743da175380dfcf2edbfacd0077cc25eb19d2ca7e9
Reactome,Developmental Cell Lineages of the Exocrine Pancreas,27,1.0,False,official human pathways with 10-300 G_PRIMARY genes; equal weights/sqrt(size),f5c4faa94fe03b2d088b72743da175380dfcf2edbfacd0077cc25eb19d2ca7e9
Reactome,Developmental Lineage of Pancreatic Ductal Cells,23,0.9999999999999999,False,official human pathways with 10-300 G_PRIMARY genes; equal weights/sqrt(size),f5c4faa94fe03b2d088b72743da175380dfcf2edbfacd0077cc25eb19d2ca7e9
Reactome,Developmental Lineage of Pancreatic Endocrine Mid Progenitor Cells,24,1.0,False,official human pathways with 10-300 G_PRIMARY genes; equal weights/sqrt(size),f5c4faa94fe03b2d088b72743da175380dfcf2edbfacd0077cc25eb19d2ca7e9
Reactome,Differentiation of T cells,85,0.9999999999999999,False,official human pathways with 10-300 G_PRIMARY genes; equal weights/sqrt(size),f5c4faa94fe03b2d088b72743da175380dfcf2edbfacd0077cc25eb19d2ca7e9
Reactome,Differentiation of naive CD4+ T cells to T helper 1 cells (Th1 cells),10,1.0,False,official human pathways with 10-300 G_PRIMARY genes; equal weights/sqrt(size),f5c4faa94fe03b2d088b72743da175380dfcf2edbfacd0077cc25eb19d2ca7e9
Reactome,Differentiation of naive CD4+ T cells to T helper 2 cells (Th2 cells),76,1.0,False,official human pathways with 10-300 G_PRIMARY genes; equal weights/sqrt(size),f5c4faa94fe03b2d088b72743da175380dfcf2edbfacd0077cc25eb19d2ca7e9
Reactome,Digestion and absorption,13,0.9999999999999999,False,official human pathways with 10-300 G_PRIMARY genes; equal weights/sqrt(size),f5c4faa94fe03b2d088b72743da175380dfcf2edbfacd0077cc25eb19d2ca7e9
Reactome,Dimerization of procaspase-8,10,1.0,False,official human pathways with 10-300 G_PRIMARY genes; equal weights/sqrt(size),f5c4faa94fe03b2d088b72743da175380dfcf2edbfacd0077cc25eb19d2ca7e9
Reactome,Disassembly of the destruction complex and recruitment of AXIN to the membrane,28,0.9999999999999999,False,official human pathways with 10-300 G_PRIMARY genes; equal weights/sqrt(size),f5c4faa94fe03b2d088b72743da175380dfcf2edbfacd0077cc25eb19d2ca7e9
Reactome,Diseases associated with N-glycosylation of proteins,20,1.0,False,official human pathways with 10-300 G_PRIMARY genes; equal weights/sqrt(size),f5c4faa94fe03b2d088b72743da175380dfcf2edbfacd0077cc25eb19d2ca7e9
Reactome,Diseases associated with O-glycosylation of proteins,67,1.0,False,official human pathways with 10-300 G_PRIMARY genes; equal weights/sqrt(size),f5c4faa94fe03b2d088b72743da175380dfcf2edbfacd0077cc25eb19d2ca7e9
Reactome,Diseases associated with glycosaminoglycan metabolism,38,0.9999999999999999,False,official human pathways with 10-300 G_PRIMARY genes; equal weights/sqrt(size),f5c4faa94fe03b2d088b72743da175380dfcf2edbfacd0077cc25eb19d2ca7e9
Reactome,Diseases associated with glycosylation precursor biosynthesis,16,1.0,False,official human pathways with 10-300 G_PRIMARY genes; equal weights/sqrt(size),f5c4faa94fe03b2d088b72743da175380dfcf2edbfacd0077cc25eb19d2ca7e9
Reactome,Diseases associated with the TLR signaling cascade,31,1.0,False,official human pathways with 10-300 G_PRIMARY genes; equal weights/sqrt(size),f5c4faa94fe03b2d088b72743da175380dfcf2edbfacd0077cc25eb19d2ca7e9
Reactome,Diseases associated with visual transduction,10,1.0,False,official human pathways with 10-300 G_PRIMARY genes; equal weights/sqrt(size),f5c4faa94fe03b2d088b72743da175380dfcf2edbfacd0077cc25eb19d2ca7e9
Reactome,Diseases of DNA Double-Strand Break Repair,41,1.0,False,official human pathways with 10-300 G_PRIMARY genes; equal weights/sqrt(size),f5c4faa94fe03b2d088b72743da175380dfcf2edbfacd0077cc25eb19d2ca7e9
Reactome,Diseases of DNA repair,51,1.0,False,official human pathways with 10-300 G_PRIMARY genes; equal weights/sqrt(size),f5c4faa94fe03b2d088b72743da175380dfcf2edbfacd0077cc25eb19d2ca7e9
Reactome,Diseases of Immune System,36,1.0,False,official human pathways with 10-300 G_PRIMARY genes; equal weights/sqrt(size),f5c4faa94fe03b2d088b72743da175380dfcf2edbfacd0077cc25eb19d2ca7e9
Reactome,Diseases of branched-chain amino acid catabolism,13,0.9999999999999999,False,official human pathways with 10-300 G_PRIMARY genes; equal weights/sqrt(size),f5c4faa94fe03b2d088b72743da175380dfcf2edbfacd0077cc25eb19d2ca7e9
Reactome,Diseases of carbohydrate metabolism,31,1.0,False,official human pathways with 10-300 G_PRIMARY genes; equal weights/sqrt(size),f5c4faa94fe03b2d088b72743da175380dfcf2edbfacd0077cc25eb19d2ca7e9
Reactome,Diseases of glycosylation,140,1.0,False,official human pathways with 10-300 G_PRIMARY genes; equal weights/sqrt(size),f5c4faa94fe03b2d088b72743da175380dfcf2edbfacd0077cc25eb19d2ca7e9
Reactome,Diseases of hemostasis,22,0.9999999999999998,False,official human pathways with 10-300 G_PRIMARY genes; equal weights/sqrt(size),f5c4faa94fe03b2d088b72743da175380dfcf2edbfacd0077cc25eb19d2ca7e9
Reactome,Diseases of metabolism,247,0.9999999999999998,False,official human pathways with 10-300 G_PRIMARY genes; equal weights/sqrt(size),f5c4faa94fe03b2d088b72743da175380dfcf2edbfacd0077cc25eb19d2ca7e9
Reactome,Diseases of mitotic cell cycle,38,0.9999999999999999,False,official human pathways with 10-300 G_PRIMARY genes; equal weights/sqrt(size),f5c4faa94fe03b2d088b72743da175380dfcf2edbfacd0077cc25eb19d2ca7e9
Reactome,Diseases of programmed cell death,66,0.9999999999999999,False,official human pathways with 10-300 G_PRIMARY genes; equal weights/sqrt(size),f5c4faa94fe03b2d088b72743da175380dfcf2edbfacd0077cc25eb19d2ca7e9
Reactome,Diseases of the neuronal system,10,1.0,False,official human pathways with 10-300 G_PRIMARY genes; equal weights/sqrt(size),f5c4faa94fe03b2d088b72743da175380dfcf2edbfacd0077cc25eb19d2ca7e9
Reactome,Disorders of Developmental Biology,18,1.0,False,official human pathways with 10-300 G_PRIMARY genes; equal weights/sqrt(size),f5c4faa94fe03b2d088b72743da175380dfcf2edbfacd0077cc25eb19d2ca7e9
Reactome,Disorders of Nervous System Development,13,0.9999999999999999,False,official human pathways with 10-300 G_PRIMARY genes; equal weights/sqrt(size),f5c4faa94fe03b2d088b72743da175380dfcf2edbfacd0077cc25eb19d2ca7e9
Reactome,Disorders of transmembrane transporters,147,1.0,False,official human pathways with 10-300 G_PRIMARY genes; equal weights/sqrt(size),f5c4faa94fe03b2d088b72743da175380dfcf2edbfacd0077cc25eb19d2ca7e9
Reactome,Dissolution of Fibrin Clot,11,1.0,False,official human pathways with 10-300 G_PRIMARY genes; equal weights/sqrt(size),f5c4faa94fe03b2d088b72743da175380dfcf2edbfacd0077cc25eb19d2ca7e9
Reactome,Dopamine Neurotransmitter Release Cycle,23,0.9999999999999999,False,official human pathways with 10-300 G_PRIMARY genes; equal weights/sqrt(size),f5c4faa94fe03b2d088b72743da175380dfcf2edbfacd0077cc25eb19d2ca7e9
Reactome,Downregulation of ERBB2 signaling,29,0.9999999999999999,False,official human pathways with 10-300 G_PRIMARY genes; equal weights/sqrt(size),f5c4faa94fe03b2d088b72743da175380dfcf2edbfacd0077cc25eb19d2ca7e9
Reactome,Downregulation of ERBB2:ERBB3 signaling,13,0.9999999999999999,False,official human pathways with 10-300 G_PRIMARY genes; equal weights/sqrt(size),f5c4faa94fe03b2d088b72743da175380dfcf2edbfacd0077cc25eb19d2ca7e9
Reactome,Downregulation of SMAD2/3:SMAD4 transcriptional activity,30,0.9999999999999999,False,official human pathways with 10-300 G_PRIMARY genes; equal weights/sqrt(size),f5c4faa94fe03b2d088b72743da175380dfcf2edbfacd0077cc25eb19d2ca7e9
Reactome,Downregulation of TGF-beta receptor signaling,26,1.0,False,official human pathways with 10-300 G_PRIMARY genes; equal weights/sqrt(size),f5c4faa94fe03b2d088b72743da175380dfcf2edbfacd0077cc25eb19d2ca7e9
Reactome,Downstream TCR signaling,75,0.9999999999999999,False,official human pathways with 10-300 G_PRIMARY genes; equal weights/sqrt(size),f5c4faa94fe03b2d088b72743da175380dfcf2edbfacd0077cc25eb19d2ca7e9
Reactome,Downstream signal transduction,29,0.9999999999999999,False,official human pathways with 10-300 G_PRIMARY genes; equal weights/sqrt(size),f5c4faa94fe03b2d088b72743da175380dfcf2edbfacd0077cc25eb19d2ca7e9
Reactome,Downstream signaling events of B Cell Receptor (BCR),68,0.9999999999999999,False,official human pathways with 10-300 G_PRIMARY genes; equal weights/sqrt(size),f5c4faa94fe03b2d088b72743da175380dfcf2edbfacd0077cc25eb19d2ca7e9
Reactome,Downstream signaling of activated FGFR1,26,1.0,False,official human pathways with 10-300 G_PRIMARY genes; equal weights/sqrt(size),f5c4faa94fe03b2d088b72743da175380dfcf2edbfacd0077cc25eb19d2ca7e9
Reactome,Downstream signaling of activated FGFR2,25,1.0,False,official human pathways with 10-300 G_PRIMARY genes; equal weights/sqrt(size),f5c4faa94fe03b2d088b72743da175380dfcf2edbfacd0077cc25eb19d2ca7e9
Reactome,Downstream signaling of activated FGFR3,22,0.9999999999999998,False,official human pathways with 10-300 G_PRIMARY genes; equal weights/sqrt(size),f5c4faa94fe03b2d088b72743da175380dfcf2edbfacd0077cc25eb19d2ca7e9
Reactome,Downstream signaling of activated FGFR4,23,0.9999999999999999,False,official human pathways with 10-300 G_PRIMARY genes; equal weights/sqrt(size),f5c4faa94fe03b2d088b72743da175380dfcf2edbfacd0077cc25eb19d2ca7e9
Reactome,Drug ADME,77,1.0,False,official human pathways with 10-300 G_PRIMARY genes; equal weights/sqrt(size),f5c4faa94fe03b2d088b72743da175380dfcf2edbfacd0077cc25eb19d2ca7e9
Reactome,Dual Incision in GG-NER,41,1.0,False,official human pathways with 10-300 G_PRIMARY genes; equal weights/sqrt(size),f5c4faa94fe03b2d088b72743da175380dfcf2edbfacd0077cc25eb19d2ca7e9
Reactome,Dual incision in TC-NER,63,0.9999999999999997,False,official human pathways with 10-300 G_PRIMARY genes; equal weights/sqrt(size),f5c4faa94fe03b2d088b72743da175380dfcf2edbfacd0077cc25eb19d2ca7e9
Reactome,E2F mediated regulation of DNA replication,22,0.9999999999999998,False,official human pathways with 10-300 G_PRIMARY genes; equal weights/sqrt(size),f5c4faa94fe03b2d088b72743da175380dfcf2edbfacd0077cc25eb19d2ca7e9
Reactome,E3 ubiquitin ligases ubiquitinate target proteins,55,1.0,False,official human pathways with 10-300 G_PRIMARY genes; equal weights/sqrt(size),f5c4faa94fe03b2d088b72743da175380dfcf2edbfacd0077cc25eb19d2ca7e9
Reactome,ECM proteoglycans,70,0.9999999999999999,False,official human pathways with 10-300 G_PRIMARY genes; equal weights/sqrt(size),f5c4faa94fe03b2d088b72743da175380dfcf2edbfacd0077cc25eb19d2ca7e9
Reactome,EGFR downregulation,31,1.0,False,official human pathways with 10-300 G_PRIMARY genes; equal weights/sqrt(size),f5c4faa94fe03b2d088b72743da175380dfcf2edbfacd0077cc25eb19d2ca7e9
Reactome,EGR2 and SOX10-mediated initiation of Schwann cell myelination,28,0.9999999999999999,False,official human pathways with 10-300 G_PRIMARY genes; equal weights/sqrt(size),f5c4faa94fe03b2d088b72743da175380dfcf2edbfacd0077cc25eb19d2ca7e9
Reactome,EML4 and NUDC in mitotic spindle formation,113,1.0,False,official human pathways with 10-300 G_PRIMARY genes; equal weights/sqrt(size),f5c4faa94fe03b2d088b72743da175380dfcf2edbfacd0077cc25eb19d2ca7e9
Reactome,EPH-Ephrin signaling,92,1.0000000000000002,False,official human pathways with 10-300 G_PRIMARY genes; equal weights/sqrt(size),f5c4faa94fe03b2d088b72743da175380dfcf2edbfacd0077cc25eb19d2ca7e9
Reactome,EPH-ephrin mediated repulsion of cells,51,1.0,False,official human pathways with 10-300 G_PRIMARY genes; equal weights/sqrt(size),f5c4faa94fe03b2d088b72743da175380dfcf2edbfacd0077cc25eb19d2ca7e9
Reactome,EPHA-mediated growth cone collapse,29,0.9999999999999999,False,official human pathways with 10-300 G_PRIMARY genes; equal weights/sqrt(size),f5c4faa94fe03b2d088b72743da175380dfcf2edbfacd0077cc25eb19d2ca7e9
Reactome,EPHB-mediated forward signaling,42,1.0,False,official human pathways with 10-300 G_PRIMARY genes; equal weights/sqrt(size),f5c4faa94fe03b2d088b72743da175380dfcf2edbfacd0077cc25eb19d2ca7e9
Reactome,ER Quality Control Compartment (ERQC),21,1.0,False,official human pathways with 10-300 G_PRIMARY genes; equal weights/sqrt(size),f5c4faa94fe03b2d088b72743da175380dfcf2edbfacd0077cc25eb19d2ca7e9
Reactome,ER to Golgi Anterograde Transport,150,1.0000000000000002,False,official human pathways with 10-300 G_PRIMARY genes; equal weights/sqrt(size),f5c4faa94fe03b2d088b72743da175380dfcf2edbfacd0077cc25eb19d2ca7e9
Reactome,ER-Phagosome pathway,83,1.0,False,official human pathways with 10-300 G_PRIMARY genes; equal weights/sqrt(size),f5c4faa94fe03b2d088b72743da175380dfcf2edbfacd0077cc25eb19d2ca7e9
Reactome,ERBB2 Activates PTK6 Signaling,13,0.9999999999999999,False,official human pathways with 10-300 G_PRIMARY genes; equal weights/sqrt(size),f5c4faa94fe03b2d088b72743da175380dfcf2edbfacd0077cc25eb19d2ca7e9
Reactome,ERBB2 Regulates Cell Motility,15,0.9999999999999999,False,official human pathways with 10-300 G_PRIMARY genes; equal weights/sqrt(size),f5c4faa94fe03b2d088b72743da175380dfcf2edbfacd0077cc25eb19d2ca7e9
Reactome,ERCC6 (CSB) and EHMT2 (G9a) positively regulate rRNA expression,39,1.0,False,official human pathways with 10-300 G_PRIMARY genes; equal weights/sqrt(size),f5c4faa94fe03b2d088b72743da175380dfcf2edbfacd0077cc25eb19d2ca7e9
Reactome,ERK/MAPK targets,22,0.9999999999999998,False,official human pathways with 10-300 G_PRIMARY genes; equal weights/sqrt(size),f5c4faa94fe03b2d088b72743da175380dfcf2edbfacd0077cc25eb19d2ca7e9
Reactome,ERKs are inactivated,13,0.9999999999999999,False,official human pathways with 10-300 G_PRIMARY genes; equal weights/sqrt(size),f5c4faa94fe03b2d088b72743da175380dfcf2edbfacd0077cc25eb19d2ca7e9
Reactome,ESR-mediated signaling,180,1.0,False,official human pathways with 10-300 G_PRIMARY genes; equal weights/sqrt(size),f5c4faa94fe03b2d088b72743da175380dfcf2edbfacd0077cc25eb19d2ca7e9
Reactome,Early Phase of HIV Life Cycle,13,0.9999999999999999,False,official human pathways with 10-300 G_PRIMARY genes; equal weights/sqrt(size),f5c4faa94fe03b2d088b72743da175380dfcf2edbfacd0077cc25eb19d2ca7e9
Reactome,Early SARS-CoV-2 Infection Events,37,0.9999999999999999,False,official human pathways with 10-300 G_PRIMARY genes; equal weights/sqrt(size),f5c4faa94fe03b2d088b72743da175380dfcf2edbfacd0077cc25eb19d2ca7e9
Reactome,Effects of PIP2 hydrolysis,26,1.0,False,official human pathways with 10-300 G_PRIMARY genes; equal weights/sqrt(size),f5c4faa94fe03b2d088b72743da175380dfcf2edbfacd0077cc25eb19d2ca7e9
Reactome,Eicosanoid ligand-binding receptors,11,1.0,False,official human pathways with 10-300 G_PRIMARY genes; equal weights/sqrt(size),f5c4faa94fe03b2d088b72743da175380dfcf2edbfacd0077cc25eb19d2ca7e9
Reactome,Elastic fibre formation,43,1.0,False,official human pathways with 10-300 G_PRIMARY genes; equal weights/sqrt(size),f5c4faa94fe03b2d088b72743da175380dfcf2edbfacd0077cc25eb19d2ca7e9
Reactome,Elevation of cytosolic Ca2+ levels,14,0.9999999999999999,False,official human pathways with 10-300 G_PRIMARY genes; equal weights/sqrt(size),f5c4faa94fe03b2d088b72743da175380dfcf2edbfacd0077cc25eb19d2ca7e9
Reactome,Endogenous sterols,20,1.0,False,official human pathways with 10-300 G_PRIMARY genes; equal weights/sqrt(size),f5c4faa94fe03b2d088b72743da175380dfcf2edbfacd0077cc25eb19d2ca7e9
Reactome,Endosomal Sorting Complex Required For Transport (ESCRT),31,1.0,False,official human pathways with 10-300 G_PRIMARY genes; equal weights/sqrt(size),f5c4faa94fe03b2d088b72743da175380dfcf2edbfacd0077cc25eb19d2ca7e9
Reactome,Endosomal/Vacuolar pathway,12,1.0,False,official human pathways with 10-300 G_PRIMARY genes; equal weights/sqrt(size),f5c4faa94fe03b2d088b72743da175380dfcf2edbfacd0077cc25eb19d2ca7e9
Reactome,Energy dependent regulation of mTOR by LKB1-AMPK,28,0.9999999999999999,False,official human pathways with 10-300 G_PRIMARY genes; equal weights/sqrt(size),f5c4faa94fe03b2d088b72743da175380dfcf2edbfacd0077cc25eb19d2ca7e9
Reactome,Enterobacterial factors antagonize host defense,13,0.9999999999999999,False,official human pathways with 10-300 G_PRIMARY genes; equal weights/sqrt(size),f5c4faa94fe03b2d088b72743da175380dfcf2edbfacd0077cc25eb19d2ca7e9
Reactome,Ephrin signaling,19,0.9999999999999998,False,official human pathways with 10-300 G_PRIMARY genes; equal weights/sqrt(size),f5c4faa94fe03b2d088b72743da175380dfcf2edbfacd0077cc25eb19d2ca7e9
Reactome,Epigenetic regulation by WDR5-containing histone modifying complexes,126,0.9999999999999999,False,official human pathways with 10-300 G_PRIMARY genes; equal weights/sqrt(size),f5c4faa94fe03b2d088b72743da175380dfcf2edbfacd0077cc25eb19d2ca7e9
Reactome,Epigenetic regulation of adipogenesis genes by MLL3 and MLL4 complexes,94,0.9999999999999999,False,official human pathways with 10-300 G_PRIMARY genes; equal weights/sqrt(size),f5c4faa94fe03b2d088b72743da175380dfcf2edbfacd0077cc25eb19d2ca7e9
Reactome,Epigenetic regulation of gene expression,277,0.9999999999999999,False,official human pathways with 10-300 G_PRIMARY genes; equal weights/sqrt(size),f5c4faa94fe03b2d088b72743da175380dfcf2edbfacd0077cc25eb19d2ca7e9
Reactome,Epigenetic regulation of gene expression by MLL3 and MLL4 complexes,94,0.9999999999999999,False,official human pathways with 10-300 G_PRIMARY genes; equal weights/sqrt(size),f5c4faa94fe03b2d088b72743da175380dfcf2edbfacd0077cc25eb19d2ca7e9
Reactome,Erythropoietin activates Phosphoinositide-3-kinase (PI3K),11,1.0,False,official human pathways with 10-300 G_PRIMARY genes; equal weights/sqrt(size),f5c4faa94fe03b2d088b72743da175380dfcf2edbfacd0077cc25eb19d2ca7e9
Reactome,Erythropoietin activates RAS,13,0.9999999999999999,False,official human pathways with 10-300 G_PRIMARY genes; equal weights/sqrt(size),f5c4faa94fe03b2d088b72743da175380dfcf2edbfacd0077cc25eb19d2ca7e9
Reactome,Establishment of Sister Chromatid Cohesion,11,1.0,False,official human pathways with 10-300 G_PRIMARY genes; equal weights/sqrt(size),f5c4faa94fe03b2d088b72743da175380dfcf2edbfacd0077cc25eb19d2ca7e9
Reactome,Estrogen-dependent gene expression,113,1.0,False,official human pathways with 10-300 G_PRIMARY genes; equal weights/sqrt(size),f5c4faa94fe03b2d088b72743da175380dfcf2edbfacd0077cc25eb19d2ca7e9
Reactome,Estrogen-dependent nuclear events downstream of ESR-membrane signaling,24,1.0,False,official human pathways with 10-300 G_PRIMARY genes; equal weights/sqrt(size),f5c4faa94fe03b2d088b72743da175380dfcf2edbfacd0077cc25eb19d2ca7e9
Reactome,Eukaryotic Translation Elongation,93,1.0,False,official human pathways with 10-300 G_PRIMARY genes; equal weights/sqrt(size),f5c4faa94fe03b2d088b72743da175380dfcf2edbfacd0077cc25eb19d2ca7e9
Reactome,Eukaryotic Translation Initiation,118,1.0000000000000002,False,official human pathways with 10-300 G_PRIMARY genes; equal weights/sqrt(size),f5c4faa94fe03b2d088b72743da175380dfcf2edbfacd0077cc25eb19d2ca7e9
Reactome,Eukaryotic Translation Termination,91,1.0,False,official human pathways with 10-300 G_PRIMARY genes; equal weights/sqrt(size),f5c4faa94fe03b2d088b72743da175380dfcf2edbfacd0077cc25eb19d2ca7e9
Reactome,Evasion by RSV of host interferon responses,22,0.9999999999999998,False,official human pathways with 10-300 G_PRIMARY genes; equal weights/sqrt(size),f5c4faa94fe03b2d088b72743da175380dfcf2edbfacd0077cc25eb19d2ca7e9
Reactome,Export of Viral Ribonucleoproteins from Nucleus,33,1.0,False,official human pathways with 10-300 G_PRIMARY genes; equal weights/sqrt(size),f5c4faa94fe03b2d088b72743da175380dfcf2edbfacd0077cc25eb19d2ca7e9
Reactome,Expression and translocation of olfactory receptors,25,1.0,False,official human pathways with 10-300 G_PRIMARY genes; equal weights/sqrt(size),f5c4faa94fe03b2d088b72743da175380dfcf2edbfacd0077cc25eb19d2ca7e9
Reactome,"Expression of BMAL (ARNTL), CLOCK, and NPAS2",35,0.9999999999999999,False,official human pathways with 10-300 G_PRIMARY genes; equal weights/sqrt(size),f5c4faa94fe03b2d088b72743da175380dfcf2edbfacd0077cc25eb19d2ca7e9
Reactome,Extension of Telomeres,51,1.0,False,official human pathways with 10-300 G_PRIMARY genes; equal weights/sqrt(size),f5c4faa94fe03b2d088b72743da175380dfcf2edbfacd0077cc25eb19d2ca7e9
Reactome,Extra-nuclear estrogen signaling,71,0.9999999999999998,False,official human pathways with 10-300 G_PRIMARY genes; equal weights/sqrt(size),f5c4faa94fe03b2d088b72743da175380dfcf2edbfacd0077cc25eb19d2ca7e9
Reactome,FASTK family proteins regulate processing and stability of mitochondrial RNAs,19,0.9999999999999998,False,official human pathways with 10-300 G_PRIMARY genes; equal weights/sqrt(size),f5c4faa94fe03b2d088b72743da175380dfcf2edbfacd0077cc25eb19d2ca7e9
Reactome,FBXL7 down-regulates AURKA during mitotic entry and in early mitosis,42,1.0,False,official human pathways with 10-300 G_PRIMARY genes; equal weights/sqrt(size),f5c4faa94fe03b2d088b72743da175380dfcf2edbfacd0077cc25eb19d2ca7e9
Reactome,FCERI mediated Ca+2 mobilization,29,0.9999999999999999,False,official human pathways with 10-300 G_PRIMARY genes; equal weights/sqrt(size),f5c4faa94fe03b2d088b72743da175380dfcf2edbfacd0077cc25eb19d2ca7e9
Reactome,FCERI mediated MAPK activation,30,0.9999999999999999,False,official human pathways with 10-300 G_PRIMARY genes; equal weights/sqrt(size),f5c4faa94fe03b2d088b72743da175380dfcf2edbfacd0077cc25eb19d2ca7e9
Reactome,FCERI mediated NF-kB activation,66,0.9999999999999999,False,official human pathways with 10-300 G_PRIMARY genes; equal weights/sqrt(size),f5c4faa94fe03b2d088b72743da175380dfcf2edbfacd0077cc25eb19d2ca7e9
Reactome,FCGR3A-mediated IL10 synthesis,34,0.9999999999999999,False,official human pathways with 10-300 G_PRIMARY genes; equal weights/sqrt(size),f5c4faa94fe03b2d088b72743da175380dfcf2edbfacd0077cc25eb19d2ca7e9
Reactome,FCGR3A-mediated phagocytosis,56,1.0,False,official human pathways with 10-300 G_PRIMARY genes; equal weights/sqrt(size),f5c4faa94fe03b2d088b72743da175380dfcf2edbfacd0077cc25eb19d2ca7e9
Reactome,FGFR1 ligand binding and activation,13,0.9999999999999999,False,official human pathways with 10-300 G_PRIMARY genes; equal weights/sqrt(size),f5c4faa94fe03b2d088b72743da175380dfcf2edbfacd0077cc25eb19d2ca7e9
Reactome,FGFR1 mutant receptor activation,28,0.9999999999999999,False,official human pathways with 10-300 G_PRIMARY genes; equal weights/sqrt(size),f5c4faa94fe03b2d088b72743da175380dfcf2edbfacd0077cc25eb19d2ca7e9
Reactome,FGFR1c ligand binding and activation,11,1.0,False,official human pathways with 10-300 G_PRIMARY genes; equal weights/sqrt(size),f5c4faa94fe03b2d088b72743da175380dfcf2edbfacd0077cc25eb19d2ca7e9
Reactome,FGFR2 alternative splicing,26,1.0,False,official human pathways with 10-300 G_PRIMARY genes; equal weights/sqrt(size),f5c4faa94fe03b2d088b72743da175380dfcf2edbfacd0077cc25eb19d2ca7e9
Reactome,FGFR2 ligand binding and activation,14,0.9999999999999999,False,official human pathways with 10-300 G_PRIMARY genes; equal weights/sqrt(size),f5c4faa94fe03b2d088b72743da175380dfcf2edbfacd0077cc25eb19d2ca7e9
Reactome,FGFR2 mutant receptor activation,28,0.9999999999999999,False,official human pathways with 10-300 G_PRIMARY genes; equal weights/sqrt(size),f5c4faa94fe03b2d088b72743da175380dfcf2edbfacd0077cc25eb19d2ca7e9
Reactome,FGFR3 ligand binding and activation,10,1.0,False,official human pathways with 10-300 G_PRIMARY genes; equal weights/sqrt(size),f5c4faa94fe03b2d088b72743da175380dfcf2edbfacd0077cc25eb19d2ca7e9
Reactome,FGFR3c ligand binding and activation,10,1.0,False,official human pathways with 10-300 G_PRIMARY genes; equal weights/sqrt(size),f5c4faa94fe03b2d088b72743da175380dfcf2edbfacd0077cc25eb19d2ca7e9
Reactome,FGFR4 ligand binding and activation,10,1.0,False,official human pathways with 10-300 G_PRIMARY genes; equal weights/sqrt(size),f5c4faa94fe03b2d088b72743da175380dfcf2edbfacd0077cc25eb19d2ca7e9
Reactome,FGFRL1 modulation of FGFR1 signaling,10,1.0,False,official human pathways with 10-300 G_PRIMARY genes; equal weights/sqrt(size),f5c4faa94fe03b2d088b72743da175380dfcf2edbfacd0077cc25eb19d2ca7e9
Reactome,FLT3 Signaling,38,0.9999999999999999,False,official human pathways with 10-300 G_PRIMARY genes; equal weights/sqrt(size),f5c4faa94fe03b2d088b72743da175380dfcf2edbfacd0077cc25eb19d2ca7e9
Reactome,FLT3 signaling in disease,28,0.9999999999999999,False,official human pathways with 10-300 G_PRIMARY genes; equal weights/sqrt(size),f5c4faa94fe03b2d088b72743da175380dfcf2edbfacd0077cc25eb19d2ca7e9
Reactome,FOXO-mediated transcription,57,1.0,False,official human pathways with 10-300 G_PRIMARY genes; equal weights/sqrt(size),f5c4faa94fe03b2d088b72743da175380dfcf2edbfacd0077cc25eb19d2ca7e9
Reactome,FOXO-mediated transcription of cell cycle genes,17,1.0,False,official human pathways with 10-300 G_PRIMARY genes; equal weights/sqrt(size),f5c4faa94fe03b2d088b72743da175380dfcf2edbfacd0077cc25eb19d2ca7e9
Reactome,FOXO-mediated transcription of cell death genes,15,0.9999999999999999,False,official human pathways with 10-300 G_PRIMARY genes; equal weights/sqrt(size),f5c4faa94fe03b2d088b72743da175380dfcf2edbfacd0077cc25eb19d2ca7e9
Reactome,"FOXO-mediated transcription of oxidative stress, metabolic and neuronal genes",22,0.9999999999999998,False,official human pathways with 10-300 G_PRIMARY genes; equal weights/sqrt(size),f5c4faa94fe03b2d088b72743da175380dfcf2edbfacd0077cc25eb19d2ca7e9
Reactome,FRS-mediated FGFR1 signaling,18,1.0,False,official human pathways with 10-300 G_PRIMARY genes; equal weights/sqrt(size),f5c4faa94fe03b2d088b72743da175380dfcf2edbfacd0077cc25eb19d2ca7e9
Reactome,FRS-mediated FGFR2 signaling,20,1.0,False,official human pathways with 10-300 G_PRIMARY genes; equal weights/sqrt(size),f5c4faa94fe03b2d088b72743da175380dfcf2edbfacd0077cc25eb19d2ca7e9
Reactome,FRS-mediated FGFR3 signaling,17,1.0,False,official human pathways with 10-300 G_PRIMARY genes; equal weights/sqrt(size),f5c4faa94fe03b2d088b72743da175380dfcf2edbfacd0077cc25eb19d2ca7e9
Reactome,FRS-mediated FGFR4 signaling,18,1.0,False,official human pathways with 10-300 G_PRIMARY genes; equal weights/sqrt(size),f5c4faa94fe03b2d088b72743da175380dfcf2edbfacd0077cc25eb19d2ca7e9
Reactome,FXIIa activates plasma kallikrein-kinin system,29,0.9999999999999999,False,official human pathways with 10-300 G_PRIMARY genes; equal weights/sqrt(size),f5c4faa94fe03b2d088b72743da175380dfcf2edbfacd0077cc25eb19d2ca7e9
Reactome,Factors involved in megakaryocyte development and platelet production,135,0.9999999999999999,False,official human pathways with 10-300 G_PRIMARY genes; equal weights/sqrt(size),f5c4faa94fe03b2d088b72743da175380dfcf2edbfacd0077cc25eb19d2ca7e9
Reactome,Fanconi Anemia Pathway,37,0.9999999999999999,False,official human pathways with 10-300 G_PRIMARY genes; equal weights/sqrt(size),f5c4faa94fe03b2d088b72743da175380dfcf2edbfacd0077cc25eb19d2ca7e9
Reactome,Fatty acid metabolism,160,0.9999999999999999,False,official human pathways with 10-300 G_PRIMARY genes; equal weights/sqrt(size),f5c4faa94fe03b2d088b72743da175380dfcf2edbfacd0077cc25eb19d2ca7e9
Reactome,Fatty acyl-CoA biosynthesis,36,1.0,False,official human pathways with 10-300 G_PRIMARY genes; equal weights/sqrt(size),f5c4faa94fe03b2d088b72743da175380dfcf2edbfacd0077cc25eb19d2ca7e9
Reactome,Fc epsilon receptor (FCERI) signaling,116,1.0,False,official human pathways with 10-300 G_PRIMARY genes; equal weights/sqrt(size),f5c4faa94fe03b2d088b72743da175380dfcf2edbfacd0077cc25eb19d2ca7e9
Reactome,Fcgamma receptor (FCGR) dependent phagocytosis,82,0.9999999999999999,False,official human pathways with 10-300 G_PRIMARY genes; equal weights/sqrt(size),f5c4faa94fe03b2d088b72743da175380dfcf2edbfacd0077cc25eb19d2ca7e9
Reactome,Fertilization,19,0.9999999999999998,False,official human pathways with 10-300 G_PRIMARY genes; equal weights/sqrt(size),f5c4faa94fe03b2d088b72743da175380dfcf2edbfacd0077cc25eb19d2ca7e9
Reactome,Fibrin formation,13,0.9999999999999999,False,official human pathways with 10-300 G_PRIMARY genes; equal weights/sqrt(size),f5c4faa94fe03b2d088b72743da175380dfcf2edbfacd0077cc25eb19d2ca7e9
Reactome,Fibronectin matrix formation,18,1.0,False,official human pathways with 10-300 G_PRIMARY genes; equal weights/sqrt(size),f5c4faa94fe03b2d088b72743da175380dfcf2edbfacd0077cc25eb19d2ca7e9
Reactome,Folding of actin by CCT/TriC,10,1.0,False,official human pathways with 10-300 G_PRIMARY genes; equal weights/sqrt(size),f5c4faa94fe03b2d088b72743da175380dfcf2edbfacd0077cc25eb19d2ca7e9
Reactome,Formation of ATP by chemiosmotic coupling,20,1.0,False,official human pathways with 10-300 G_PRIMARY genes; equal weights/sqrt(size),f5c4faa94fe03b2d088b72743da175380dfcf2edbfacd0077cc25eb19d2ca7e9
Reactome,Formation of HIV elongation complex in the absence of HIV Tat,44,1.0,False,official human pathways with 10-300 G_PRIMARY genes; equal weights/sqrt(size),f5c4faa94fe03b2d088b72743da175380dfcf2edbfacd0077cc25eb19d2ca7e9
Reactome,Formation of HIV-1 elongation complex containing HIV-1 Tat,42,1.0,False,official human pathways with 10-300 G_PRIMARY genes; equal weights/sqrt(size),f5c4faa94fe03b2d088b72743da175380dfcf2edbfacd0077cc25eb19d2ca7e9
Reactome,Formation of Incision Complex in GG-NER,43,1.0,False,official human pathways with 10-300 G_PRIMARY genes; equal weights/sqrt(size),f5c4faa94fe03b2d088b72743da175380dfcf2edbfacd0077cc25eb19d2ca7e9
Reactome,Formation of RNA Pol II elongation complex,57,1.0,False,official human pathways with 10-300 G_PRIMARY genes; equal weights/sqrt(size),f5c4faa94fe03b2d088b72743da175380dfcf2edbfacd0077cc25eb19d2ca7e9
Reactome,Formation of Senescence-Associated Heterochromatin Foci (SAHF),17,1.0,False,official human pathways with 10-300 G_PRIMARY genes; equal weights/sqrt(size),f5c4faa94fe03b2d088b72743da175380dfcf2edbfacd0077cc25eb19d2ca7e9
Reactome,Formation of TC-NER Pre-Incision Complex,51,1.0,False,official human pathways with 10-300 G_PRIMARY genes; equal weights/sqrt(size),f5c4faa94fe03b2d088b72743da175380dfcf2edbfacd0077cc25eb19d2ca7e9
Reactome,Formation of WDR5-containing histone-modifying complexes,42,1.0,False,official human pathways with 10-300 G_PRIMARY genes; equal weights/sqrt(size),f5c4faa94fe03b2d088b72743da175380dfcf2edbfacd0077cc25eb19d2ca7e9
Reactome,Formation of a pool of free 40S subunits,100,1.0000000000000002,False,official human pathways with 10-300 G_PRIMARY genes; equal weights/sqrt(size),f5c4faa94fe03b2d088b72743da175380dfcf2edbfacd0077cc25eb19d2ca7e9
Reactome,Formation of annular gap junctions,11,1.0,False,official human pathways with 10-300 G_PRIMARY genes; equal weights/sqrt(size),f5c4faa94fe03b2d088b72743da175380dfcf2edbfacd0077cc25eb19d2ca7e9
Reactome,Formation of apoptosome,11,1.0,False,official human pathways with 10-300 G_PRIMARY genes; equal weights/sqrt(size),f5c4faa94fe03b2d088b72743da175380dfcf2edbfacd0077cc25eb19d2ca7e9
Reactome,Formation of axial mesoderm,12,1.0,False,official human pathways with 10-300 G_PRIMARY genes; equal weights/sqrt(size),f5c4faa94fe03b2d088b72743da175380dfcf2edbfacd0077cc25eb19d2ca7e9
Reactome,Formation of definitive endoderm,13,0.9999999999999999,False,official human pathways with 10-300 G_PRIMARY genes; equal weights/sqrt(size),f5c4faa94fe03b2d088b72743da175380dfcf2edbfacd0077cc25eb19d2ca7e9
Reactome,Formation of neuronal progenitor and neuronal BAF (npBAF and nBAF),25,1.0,False,official human pathways with 10-300 G_PRIMARY genes; equal weights/sqrt(size),f5c4faa94fe03b2d088b72743da175380dfcf2edbfacd0077cc25eb19d2ca7e9
Reactome,Formation of paraxial mesoderm,57,1.0,False,official human pathways with 10-300 G_PRIMARY genes; equal weights/sqrt(size),f5c4faa94fe03b2d088b72743da175380dfcf2edbfacd0077cc25eb19d2ca7e9
Reactome,Formation of the Early Elongation Complex,33,1.0,False,official human pathways with 10-300 G_PRIMARY genes; equal weights/sqrt(size),f5c4faa94fe03b2d088b72743da175380dfcf2edbfacd0077cc25eb19d2ca7e9
Reactome,Formation of the HIV-1 Early Elongation Complex,33,1.0,False,official human pathways with 10-300 G_PRIMARY genes; equal weights/sqrt(size),f5c4faa94fe03b2d088b72743da175380dfcf2edbfacd0077cc25eb19d2ca7e9
Reactome,Formation of the beta-catenin:TCF transactivating complex,56,1.0,False,official human pathways with 10-300 G_PRIMARY genes; equal weights/sqrt(size),f5c4faa94fe03b2d088b72743da175380dfcf2edbfacd0077cc25eb19d2ca7e9
Reactome,Formation of the canonical BAF (cBAF) complex,18,1.0,False,official human pathways with 10-300 G_PRIMARY genes; equal weights/sqrt(size),f5c4faa94fe03b2d088b72743da175380dfcf2edbfacd0077cc25eb19d2ca7e9
Reactome,Formation of the cornified envelope,59,1.0,False,official human pathways with 10-300 G_PRIMARY genes; equal weights/sqrt(size),f5c4faa94fe03b2d088b72743da175380dfcf2edbfacd0077cc25eb19d2ca7e9
Reactome,Formation of the dystrophin-glycoprotein complex (DGC),35,0.9999999999999999,False,official human pathways with 10-300 G_PRIMARY genes; equal weights/sqrt(size),f5c4faa94fe03b2d088b72743da175380dfcf2edbfacd0077cc25eb19d2ca7e9
Reactome,Formation of the embryonic stem cell BAF (esBAF) complex,19,0.9999999999999998,False,official human pathways with 10-300 G_PRIMARY genes; equal weights/sqrt(size),f5c4faa94fe03b2d088b72743da175380dfcf2edbfacd0077cc25eb19d2ca7e9
Reactome,Formation of the nephric duct,18,1.0,False,official human pathways with 10-300 G_PRIMARY genes; equal weights/sqrt(size),f5c4faa94fe03b2d088b72743da175380dfcf2edbfacd0077cc25eb19d2ca7e9
Reactome,Formation of the non-canonical BAF (ncBAF) complex,17,1.0,False,official human pathways with 10-300 G_PRIMARY genes; equal weights/sqrt(size),f5c4faa94fe03b2d088b72743da175380dfcf2edbfacd0077cc25eb19d2ca7e9
Reactome,Formation of the polybromo-BAF (pBAF) complex,18,1.0,False,official human pathways with 10-300 G_PRIMARY genes; equal weights/sqrt(size),f5c4faa94fe03b2d088b72743da175380dfcf2edbfacd0077cc25eb19d2ca7e9
Reactome,"Formation of the ternary complex, and subsequently, the 43S complex",51,1.0,False,official human pathways with 10-300 G_PRIMARY genes; equal weights/sqrt(size),f5c4faa94fe03b2d088b72743da175380dfcf2edbfacd0077cc25eb19d2ca7e9
Reactome,Formation of the ureteric bud,21,1.0,False,official human pathways with 10-300 G_PRIMARY genes; equal weights/sqrt(size),f5c4faa94fe03b2d088b72743da175380dfcf2edbfacd0077cc25eb19d2ca7e9
Reactome,Formation of tubulin folding intermediates by CCT/TriC,23,0.9999999999999999,False,official human pathways with 10-300 G_PRIMARY genes; equal weights/sqrt(size),f5c4faa94fe03b2d088b72743da175380dfcf2edbfacd0077cc25eb19d2ca7e9
Reactome,Free fatty acids regulate insulin secretion,10,1.0,False,official human pathways with 10-300 G_PRIMARY genes; equal weights/sqrt(size),f5c4faa94fe03b2d088b72743da175380dfcf2edbfacd0077cc25eb19d2ca7e9
Reactome,Frs2-mediated activation,12,1.0,False,official human pathways with 10-300 G_PRIMARY genes; equal weights/sqrt(size),f5c4faa94fe03b2d088b72743da175380dfcf2edbfacd0077cc25eb19d2ca7e9
Reactome,G alpha (12/13) signalling events,75,0.9999999999999999,False,official human pathways with 10-300 G_PRIMARY genes; equal weights/sqrt(size),f5c4faa94fe03b2d088b72743da175380dfcf2edbfacd0077cc25eb19d2ca7e9
Reactome,G alpha (i) signalling events,223,1.0,False,official human pathways with 10-300 G_PRIMARY genes; equal weights/sqrt(size),f5c4faa94fe03b2d088b72743da175380dfcf2edbfacd0077cc25eb19d2ca7e9
Reactome,G alpha (q) signalling events,169,1.0,False,official human pathways with 10-300 G_PRIMARY genes; equal weights/sqrt(size),f5c4faa94fe03b2d088b72743da175380dfcf2edbfacd0077cc25eb19d2ca7e9
Reactome,G alpha (s) signalling events,108,1.0,False,official human pathways with 10-300 G_PRIMARY genes; equal weights/sqrt(size),f5c4faa94fe03b2d088b72743da175380dfcf2edbfacd0077cc25eb19d2ca7e9
Reactome,G alpha (z) signalling events,43,1.0,False,official human pathways with 10-300 G_PRIMARY genes; equal weights/sqrt(size),f5c4faa94fe03b2d088b72743da175380dfcf2edbfacd0077cc25eb19d2ca7e9
Reactome,G beta:gamma signalling through BTK,14,0.9999999999999999,False,official human pathways with 10-300 G_PRIMARY genes; equal weights/sqrt(size),f5c4faa94fe03b2d088b72743da175380dfcf2edbfacd0077cc25eb19d2ca7e9
Reactome,G beta:gamma signalling through CDC42,16,1.0,False,official human pathways with 10-300 G_PRIMARY genes; equal weights/sqrt(size),f5c4faa94fe03b2d088b72743da175380dfcf2edbfacd0077cc25eb19d2ca7e9
Reactome,G beta:gamma signalling through PI3Kgamma,21,1.0,False,official human pathways with 10-300 G_PRIMARY genes; equal weights/sqrt(size),f5c4faa94fe03b2d088b72743da175380dfcf2edbfacd0077cc25eb19d2ca7e9
Reactome,G beta:gamma signalling through PLC beta,16,1.0,False,official human pathways with 10-300 G_PRIMARY genes; equal weights/sqrt(size),f5c4faa94fe03b2d088b72743da175380dfcf2edbfacd0077cc25eb19d2ca7e9
Reactome,G protein gated Potassium channels,24,1.0,False,official human pathways with 10-300 G_PRIMARY genes; equal weights/sqrt(size),f5c4faa94fe03b2d088b72743da175380dfcf2edbfacd0077cc25eb19d2ca7e9
Reactome,G-protein activation,18,1.0,False,official human pathways with 10-300 G_PRIMARY genes; equal weights/sqrt(size),f5c4faa94fe03b2d088b72743da175380dfcf2edbfacd0077cc25eb19d2ca7e9
Reactome,G-protein beta:gamma signalling,28,0.9999999999999999,False,official human pathways with 10-300 G_PRIMARY genes; equal weights/sqrt(size),f5c4faa94fe03b2d088b72743da175380dfcf2edbfacd0077cc25eb19d2ca7e9
Reactome,G-protein mediated events,53,1.0,False,official human pathways with 10-300 G_PRIMARY genes; equal weights/sqrt(size),f5c4faa94fe03b2d088b72743da175380dfcf2edbfacd0077cc25eb19d2ca7e9
Reactome,G0 and Early G1,27,1.0,False,official human pathways with 10-300 G_PRIMARY genes; equal weights/sqrt(size),f5c4faa94fe03b2d088b72743da175380dfcf2edbfacd0077cc25eb19d2ca7e9
Reactome,G1 Phase,47,1.0,False,official human pathways with 10-300 G_PRIMARY genes; equal weights/sqrt(size),f5c4faa94fe03b2d088b72743da175380dfcf2edbfacd0077cc25eb19d2ca7e9
Reactome,G1/S DNA Damage Checkpoints,67,1.0,False,official human pathways with 10-300 G_PRIMARY genes; equal weights/sqrt(size),f5c4faa94fe03b2d088b72743da175380dfcf2edbfacd0077cc25eb19d2ca7e9
Reactome,G1/S Transition,121,1.0,False,official human pathways with 10-300 G_PRIMARY genes; equal weights/sqrt(size),f5c4faa94fe03b2d088b72743da175380dfcf2edbfacd0077cc25eb19d2ca7e9
Reactome,G1/S-Specific Transcription,29,0.9999999999999999,False,official human pathways with 10-300 G_PRIMARY genes; equal weights/sqrt(size),f5c4faa94fe03b2d088b72743da175380dfcf2edbfacd0077cc25eb19d2ca7e9
Reactome,G2/M Checkpoints,136,1.0,False,official human pathways with 10-300 G_PRIMARY genes; equal weights/sqrt(size),f5c4faa94fe03b2d088b72743da175380dfcf2edbfacd0077cc25eb19d2ca7e9
Reactome,G2/M DNA damage checkpoint,76,1.0,False,official human pathways with 10-300 G_PRIMARY genes; equal weights/sqrt(size),f5c4faa94fe03b2d088b72743da175380dfcf2edbfacd0077cc25eb19d2ca7e9
Reactome,G2/M Transition,187,1.0,False,official human pathways with 10-300 G_PRIMARY genes; equal weights/sqrt(size),f5c4faa94fe03b2d088b72743da175380dfcf2edbfacd0077cc25eb19d2ca7e9
Reactome,GAB1 signalosome,17,1.0,False,official human pathways with 10-300 G_PRIMARY genes; equal weights/sqrt(size),f5c4faa94fe03b2d088b72743da175380dfcf2edbfacd0077cc25eb19d2ca7e9
Reactome,GABA B receptor activation,38,0.9999999999999999,False,official human pathways with 10-300 G_PRIMARY genes; equal weights/sqrt(size),f5c4faa94fe03b2d088b72743da175380dfcf2edbfacd0077cc25eb19d2ca7e9
Reactome,GABA receptor activation,53,1.0,False,official human pathways with 10-300 G_PRIMARY genes; equal weights/sqrt(size),f5c4faa94fe03b2d088b72743da175380dfcf2edbfacd0077cc25eb19d2ca7e9
Reactome,"GABA synthesis, release, reuptake and degradation",17,1.0,False,official human pathways with 10-300 G_PRIMARY genes; equal weights/sqrt(size),f5c4faa94fe03b2d088b72743da175380dfcf2edbfacd0077cc25eb19d2ca7e9
Reactome,GBP-mediated host defense,14,0.9999999999999999,False,official human pathways with 10-300 G_PRIMARY genes; equal weights/sqrt(size),f5c4faa94fe03b2d088b72743da175380dfcf2edbfacd0077cc25eb19d2ca7e9
Reactome,GLI3 is processed to GLI3R by the proteasome,46,0.9999999999999999,False,official human pathways with 10-300 G_PRIMARY genes; equal weights/sqrt(size),f5c4faa94fe03b2d088b72743da175380dfcf2edbfacd0077cc25eb19d2ca7e9
Reactome,GP1b-IX-V activation signalling,11,1.0,False,official human pathways with 10-300 G_PRIMARY genes; equal weights/sqrt(size),f5c4faa94fe03b2d088b72743da175380dfcf2edbfacd0077cc25eb19d2ca7e9
Reactome,GPCR ligand binding,297,0.9999999999999999,False,official human pathways with 10-300 G_PRIMARY genes; equal weights/sqrt(size),f5c4faa94fe03b2d088b72743da175380dfcf2edbfacd0077cc25eb19d2ca7e9
Reactome,GPER1 signaling,40,1.0,False,official human pathways with 10-300 G_PRIMARY genes; equal weights/sqrt(size),f5c4faa94fe03b2d088b72743da175380dfcf2edbfacd0077cc25eb19d2ca7e9
Reactome,GPVI-mediated activation cascade,34,0.9999999999999999,False,official human pathways with 10-300 G_PRIMARY genes; equal weights/sqrt(size),f5c4faa94fe03b2d088b72743da175380dfcf2edbfacd0077cc25eb19d2ca7e9
Reactome,GRB2 events in EGFR signaling,13,0.9999999999999999,False,official human pathways with 10-300 G_PRIMARY genes; equal weights/sqrt(size),f5c4faa94fe03b2d088b72743da175380dfcf2edbfacd0077cc25eb19d2ca7e9
Reactome,GRB2 events in ERBB2 signaling,16,1.0,False,official human pathways with 10-300 G_PRIMARY genes; equal weights/sqrt(size),f5c4faa94fe03b2d088b72743da175380dfcf2edbfacd0077cc25eb19d2ca7e9
Reactome,GRB2:SOS provides linkage to MAPK signaling for Integrins,15,0.9999999999999999,False,official human pathways with 10-300 G_PRIMARY genes; equal weights/sqrt(size),f5c4faa94fe03b2d088b72743da175380dfcf2edbfacd0077cc25eb19d2ca7e9
Reactome,GSK3B and BTRC:CUL1-mediated-degradation of NFE2L2,42,1.0,False,official human pathways with 10-300 G_PRIMARY genes; equal weights/sqrt(size),f5c4faa94fe03b2d088b72743da175380dfcf2edbfacd0077cc25eb19d2ca7e9
Reactome,GSK3B-mediated proteasomal degradation of PD-L1(CD274),44,1.0,False,official human pathways with 10-300 G_PRIMARY genes; equal weights/sqrt(size),f5c4faa94fe03b2d088b72743da175380dfcf2edbfacd0077cc25eb19d2ca7e9
Reactome,GTP hydrolysis and joining of the 60S ribosomal subunit,111,1.0,False,official human pathways with 10-300 G_PRIMARY genes; equal weights/sqrt(size),f5c4faa94fe03b2d088b72743da175380dfcf2edbfacd0077cc25eb19d2ca7e9
Reactome,"Gamma carboxylation, hypusinylation, hydroxylation, and arylsulfatase activation",58,0.9999999999999999,False,official human pathways with 10-300 G_PRIMARY genes; equal weights/sqrt(size),f5c4faa94fe03b2d088b72743da175380dfcf2edbfacd0077cc25eb19d2ca7e9
Reactome,"Gamma-carboxylation, transport, and amino-terminal cleavage of proteins",10,1.0,False,official human pathways with 10-300 G_PRIMARY genes; equal weights/sqrt(size),f5c4faa94fe03b2d088b72743da175380dfcf2edbfacd0077cc25eb19d2ca7e9
Reactome,Gap junction assembly,28,0.9999999999999999,False,official human pathways with 10-300 G_PRIMARY genes; equal weights/sqrt(size),f5c4faa94fe03b2d088b72743da175380dfcf2edbfacd0077cc25eb19d2ca7e9
Reactome,Gap junction degradation,12,1.0,False,official human pathways with 10-300 G_PRIMARY genes; equal weights/sqrt(size),f5c4faa94fe03b2d088b72743da175380dfcf2edbfacd0077cc25eb19d2ca7e9
Reactome,Gap junction trafficking,39,1.0,False,official human pathways with 10-300 G_PRIMARY genes; equal weights/sqrt(size),f5c4faa94fe03b2d088b72743da175380dfcf2edbfacd0077cc25eb19d2ca7e9
Reactome,Gap junction trafficking and regulation,41,1.0,False,official human pathways with 10-300 G_PRIMARY genes; equal weights/sqrt(size),f5c4faa94fe03b2d088b72743da175380dfcf2edbfacd0077cc25eb19d2ca7e9
Reactome,Gap-filling DNA repair synthesis and ligation in GG-NER,25,1.0,False,official human pathways with 10-300 G_PRIMARY genes; equal weights/sqrt(size),f5c4faa94fe03b2d088b72743da175380dfcf2edbfacd0077cc25eb19d2ca7e9
Reactome,Gap-filling DNA repair synthesis and ligation in TC-NER,62,0.9999999999999999,False,official human pathways with 10-300 G_PRIMARY genes; equal weights/sqrt(size),f5c4faa94fe03b2d088b72743da175380dfcf2edbfacd0077cc25eb19d2ca7e9
Reactome,Gastrin-CREB signalling pathway via PKC and MAPK,16,1.0,False,official human pathways with 10-300 G_PRIMARY genes; equal weights/sqrt(size),f5c4faa94fe03b2d088b72743da175380dfcf2edbfacd0077cc25eb19d2ca7e9
Reactome,Gastrulation,105,1.0000000000000002,False,official human pathways with 10-300 G_PRIMARY genes; equal weights/sqrt(size),f5c4faa94fe03b2d088b72743da175380dfcf2edbfacd0077cc25eb19d2ca7e9
Reactome,Gene Silencing by RNA,69,0.9999999999999998,False,official human pathways with 10-300 G_PRIMARY genes; equal weights/sqrt(size),f5c4faa94fe03b2d088b72743da175380dfcf2edbfacd0077cc25eb19d2ca7e9
Reactome,Gene and protein expression by JAK-STAT signaling after Interleukin-12 stimulation,34,0.9999999999999999,False,official human pathways with 10-300 G_PRIMARY genes; equal weights/sqrt(size),f5c4faa94fe03b2d088b72743da175380dfcf2edbfacd0077cc25eb19d2ca7e9
Reactome,Generation of second messenger molecules,26,1.0,False,official human pathways with 10-300 G_PRIMARY genes; equal weights/sqrt(size),f5c4faa94fe03b2d088b72743da175380dfcf2edbfacd0077cc25eb19d2ca7e9
Reactome,Germ layer formation at gastrulation,13,0.9999999999999999,False,official human pathways with 10-300 G_PRIMARY genes; equal weights/sqrt(size),f5c4faa94fe03b2d088b72743da175380dfcf2edbfacd0077cc25eb19d2ca7e9
Reactome,Global Genome Nucleotide Excision Repair (GG-NER),84,0.9999999999999999,False,official human pathways with 10-300 G_PRIMARY genes; equal weights/sqrt(size),f5c4faa94fe03b2d088b72743da175380dfcf2edbfacd0077cc25eb19d2ca7e9
Reactome,Glucagon signaling in metabolic regulation,29,0.9999999999999999,False,official human pathways with 10-300 G_PRIMARY genes; equal weights/sqrt(size),f5c4faa94fe03b2d088b72743da175380dfcf2edbfacd0077cc25eb19d2ca7e9
Reactome,Glucagon-like Peptide-1 (GLP1) regulates insulin secretion,35,0.9999999999999999,False,official human pathways with 10-300 G_PRIMARY genes; equal weights/sqrt(size),f5c4faa94fe03b2d088b72743da175380dfcf2edbfacd0077cc25eb19d2ca7e9
Reactome,Glucagon-type ligand receptors,23,0.9999999999999999,False,official human pathways with 10-300 G_PRIMARY genes; equal weights/sqrt(size),f5c4faa94fe03b2d088b72743da175380dfcf2edbfacd0077cc25eb19d2ca7e9
Reactome,Gluconeogenesis,21,1.0,False,official human pathways with 10-300 G_PRIMARY genes; equal weights/sqrt(size),f5c4faa94fe03b2d088b72743da175380dfcf2edbfacd0077cc25eb19d2ca7e9
Reactome,Glucose metabolism,77,1.0,False,official human pathways with 10-300 G_PRIMARY genes; equal weights/sqrt(size),f5c4faa94fe03b2d088b72743da175380dfcf2edbfacd0077cc25eb19d2ca7e9
Reactome,Glucuronidation,13,0.9999999999999999,False,official human pathways with 10-300 G_PRIMARY genes; equal weights/sqrt(size),f5c4faa94fe03b2d088b72743da175380dfcf2edbfacd0077cc25eb19d2ca7e9
Reactome,Glutamate Neurotransmitter Release Cycle,23,0.9999999999999999,False,official human pathways with 10-300 G_PRIMARY genes; equal weights/sqrt(size),f5c4faa94fe03b2d088b72743da175380dfcf2edbfacd0077cc25eb19d2ca7e9
Reactome,Glutamate and glutamine metabolism,14,0.9999999999999999,False,official human pathways with 10-300 G_PRIMARY genes; equal weights/sqrt(size),f5c4faa94fe03b2d088b72743da175380dfcf2edbfacd0077cc25eb19d2ca7e9
Reactome,"Glutamate binding, activation of AMPA receptors and synaptic plasticity",31,1.0,False,official human pathways with 10-300 G_PRIMARY genes; equal weights/sqrt(size),f5c4faa94fe03b2d088b72743da175380dfcf2edbfacd0077cc25eb19d2ca7e9
Reactome,Glutathione conjugation,30,0.9999999999999999,False,official human pathways with 10-300 G_PRIMARY genes; equal weights/sqrt(size),f5c4faa94fe03b2d088b72743da175380dfcf2edbfacd0077cc25eb19d2ca7e9
Reactome,Glutathione synthesis and recycling,11,1.0,False,official human pathways with 10-300 G_PRIMARY genes; equal weights/sqrt(size),f5c4faa94fe03b2d088b72743da175380dfcf2edbfacd0077cc25eb19d2ca7e9
Reactome,Glycerophospholipid biosynthesis,116,1.0,False,official human pathways with 10-300 G_PRIMARY genes; equal weights/sqrt(size),f5c4faa94fe03b2d088b72743da175380dfcf2edbfacd0077cc25eb19d2ca7e9
Reactome,Glycogen breakdown (glycogenolysis),15,0.9999999999999999,False,official human pathways with 10-300 G_PRIMARY genes; equal weights/sqrt(size),f5c4faa94fe03b2d088b72743da175380dfcf2edbfacd0077cc25eb19d2ca7e9
Reactome,Glycogen metabolism,26,1.0,False,official human pathways with 10-300 G_PRIMARY genes; equal weights/sqrt(size),f5c4faa94fe03b2d088b72743da175380dfcf2edbfacd0077cc25eb19d2ca7e9
Reactome,Glycogen storage diseases,15,0.9999999999999999,False,official human pathways with 10-300 G_PRIMARY genes; equal weights/sqrt(size),f5c4faa94fe03b2d088b72743da175380dfcf2edbfacd0077cc25eb19d2ca7e9
Reactome,Glycogen synthesis,14,0.9999999999999999,False,official human pathways with 10-300 G_PRIMARY genes; equal weights/sqrt(size),f5c4faa94fe03b2d088b72743da175380dfcf2edbfacd0077cc25eb19d2ca7e9
Reactome,Glycolysis,68,0.9999999999999999,False,official human pathways with 10-300 G_PRIMARY genes; equal weights/sqrt(size),f5c4faa94fe03b2d088b72743da175380dfcf2edbfacd0077cc25eb19d2ca7e9
Reactome,Glycosaminoglycan metabolism,130,1.0,False,official human pathways with 10-300 G_PRIMARY genes; equal weights/sqrt(size),f5c4faa94fe03b2d088b72743da175380dfcf2edbfacd0077cc25eb19d2ca7e9
Reactome,Glycosaminoglycan-protein linkage region biosynthesis,29,0.9999999999999999,False,official human pathways with 10-300 G_PRIMARY genes; equal weights/sqrt(size),f5c4faa94fe03b2d088b72743da175380dfcf2edbfacd0077cc25eb19d2ca7e9
Reactome,Glycosphingolipid biosynthesis,19,0.9999999999999998,False,official human pathways with 10-300 G_PRIMARY genes; equal weights/sqrt(size),f5c4faa94fe03b2d088b72743da175380dfcf2edbfacd0077cc25eb19d2ca7e9
Reactome,Glycosphingolipid catabolism,35,0.9999999999999999,False,official human pathways with 10-300 G_PRIMARY genes; equal weights/sqrt(size),f5c4faa94fe03b2d088b72743da175380dfcf2edbfacd0077cc25eb19d2ca7e9
Reactome,Glycosphingolipid metabolism,54,0.9999999999999999,False,official human pathways with 10-300 G_PRIMARY genes; equal weights/sqrt(size),f5c4faa94fe03b2d088b72743da175380dfcf2edbfacd0077cc25eb19d2ca7e9
Reactome,Glyoxylate metabolism and glycine degradation,14,0.9999999999999999,False,official human pathways with 10-300 G_PRIMARY genes; equal weights/sqrt(size),f5c4faa94fe03b2d088b72743da175380dfcf2edbfacd0077cc25eb19d2ca7e9
Reactome,Golgi Associated Vesicle Biogenesis,56,1.0,False,official human pathways with 10-300 G_PRIMARY genes; equal weights/sqrt(size),f5c4faa94fe03b2d088b72743da175380dfcf2edbfacd0077cc25eb19d2ca7e9
Reactome,Golgi Cisternae Pericentriolar Stack Reorganization,14,0.9999999999999999,False,official human pathways with 10-300 G_PRIMARY genes; equal weights/sqrt(size),f5c4faa94fe03b2d088b72743da175380dfcf2edbfacd0077cc25eb19d2ca7e9
Reactome,Golgi-to-ER retrograde transport,129,1.0,False,official human pathways with 10-300 G_PRIMARY genes; equal weights/sqrt(size),f5c4faa94fe03b2d088b72743da175380dfcf2edbfacd0077cc25eb19d2ca7e9
Reactome,Growth hormone receptor signaling,20,1.0,False,official human pathways with 10-300 G_PRIMARY genes; equal weights/sqrt(size),f5c4faa94fe03b2d088b72743da175380dfcf2edbfacd0077cc25eb19d2ca7e9
Reactome,HATs acetylate histones,104,0.9999999999999999,False,official human pathways with 10-300 G_PRIMARY genes; equal weights/sqrt(size),f5c4faa94fe03b2d088b72743da175380dfcf2edbfacd0077cc25eb19d2ca7e9
Reactome,HCMV Early Events,100,1.0000000000000002,False,official human pathways with 10-300 G_PRIMARY genes; equal weights/sqrt(size),f5c4faa94fe03b2d088b72743da175380dfcf2edbfacd0077cc25eb19d2ca7e9
Reactome,HCMV Infection,124,1.0000000000000002,False,official human pathways with 10-300 G_PRIMARY genes; equal weights/sqrt(size),f5c4faa94fe03b2d088b72743da175380dfcf2edbfacd0077cc25eb19d2ca7e9
Reactome,HCMV Late Events,80,0.9999999999999999,False,official human pathways with 10-300 G_PRIMARY genes; equal weights/sqrt(size),f5c4faa94fe03b2d088b72743da175380dfcf2edbfacd0077cc25eb19d2ca7e9
Reactome,HDACs deacetylate histones,56,1.0,False,official human pathways with 10-300 G_PRIMARY genes; equal weights/sqrt(size),f5c4faa94fe03b2d088b72743da175380dfcf2edbfacd0077cc25eb19d2ca7e9
Reactome,HDMs demethylate histones,25,1.0,False,official human pathways with 10-300 G_PRIMARY genes; equal weights/sqrt(size),f5c4faa94fe03b2d088b72743da175380dfcf2edbfacd0077cc25eb19d2ca7e9
Reactome,HDR through Homologous Recombination (HRR),67,1.0,False,official human pathways with 10-300 G_PRIMARY genes; equal weights/sqrt(size),f5c4faa94fe03b2d088b72743da175380dfcf2edbfacd0077cc25eb19d2ca7e9
Reactome,HDR through Homologous Recombination (HRR) or Single Strand Annealing (SSA),112,0.9999999999999998,False,official human pathways with 10-300 G_PRIMARY genes; equal weights/sqrt(size),f5c4faa94fe03b2d088b72743da175380dfcf2edbfacd0077cc25eb19d2ca7e9
Reactome,HDR through MMEJ (alt-NHEJ),12,1.0,False,official human pathways with 10-300 G_PRIMARY genes; equal weights/sqrt(size),f5c4faa94fe03b2d088b72743da175380dfcf2edbfacd0077cc25eb19d2ca7e9
Reactome,HDR through Single Strand Annealing (SSA),38,0.9999999999999999,False,official human pathways with 10-300 G_PRIMARY genes; equal weights/sqrt(size),f5c4faa94fe03b2d088b72743da175380dfcf2edbfacd0077cc25eb19d2ca7e9
Reactome,HIV Infection,214,1.0,False,official human pathways with 10-300 G_PRIMARY genes; equal weights/sqrt(size),f5c4faa94fe03b2d088b72743da175380dfcf2edbfacd0077cc25eb19d2ca7e9
Reactome,HIV Life Cycle,147,1.0,False,official human pathways with 10-300 G_PRIMARY genes; equal weights/sqrt(size),f5c4faa94fe03b2d088b72743da175380dfcf2edbfacd0077cc25eb19d2ca7e9
Reactome,HIV Transcription Elongation,42,1.0,False,official human pathways with 10-300 G_PRIMARY genes; equal weights/sqrt(size),f5c4faa94fe03b2d088b72743da175380dfcf2edbfacd0077cc25eb19d2ca7e9
Reactome,HIV Transcription Initiation,47,1.0,False,official human pathways with 10-300 G_PRIMARY genes; equal weights/sqrt(size),f5c4faa94fe03b2d088b72743da175380dfcf2edbfacd0077cc25eb19d2ca7e9
Reactome,HIV elongation arrest and recovery,32,0.9999999999999999,False,official human pathways with 10-300 G_PRIMARY genes; equal weights/sqrt(size),f5c4faa94fe03b2d088b72743da175380dfcf2edbfacd0077cc25eb19d2ca7e9
Reactome,HS-GAG biosynthesis,32,0.9999999999999999,False,official human pathways with 10-300 G_PRIMARY genes; equal weights/sqrt(size),f5c4faa94fe03b2d088b72743da175380dfcf2edbfacd0077cc25eb19d2ca7e9
Reactome,HS-GAG degradation,20,1.0,False,official human pathways with 10-300 G_PRIMARY genes; equal weights/sqrt(size),f5c4faa94fe03b2d088b72743da175380dfcf2edbfacd0077cc25eb19d2ca7e9
Reactome,HSF1 activation,28,0.9999999999999999,False,official human pathways with 10-300 G_PRIMARY genes; equal weights/sqrt(size),f5c4faa94fe03b2d088b72743da175380dfcf2edbfacd0077cc25eb19d2ca7e9
Reactome,HSF1-dependent transactivation,35,0.9999999999999999,False,official human pathways with 10-300 G_PRIMARY genes; equal weights/sqrt(size),f5c4faa94fe03b2d088b72743da175380dfcf2edbfacd0077cc25eb19d2ca7e9
Reactome,HSP90 chaperone cycle for steroid hormone receptors (SHR) in the presence of ligand,53,1.0,False,official human pathways with 10-300 G_PRIMARY genes; equal weights/sqrt(size),f5c4faa94fe03b2d088b72743da175380dfcf2edbfacd0077cc25eb19d2ca7e9
Reactome,Hedgehog 'off' state,97,1.0000000000000002,False,official human pathways with 10-300 G_PRIMARY genes; equal weights/sqrt(size),f5c4faa94fe03b2d088b72743da175380dfcf2edbfacd0077cc25eb19d2ca7e9
Reactome,Hedgehog 'on' state,72,1.0,False,official human pathways with 10-300 G_PRIMARY genes; equal weights/sqrt(size),f5c4faa94fe03b2d088b72743da175380dfcf2edbfacd0077cc25eb19d2ca7e9
Reactome,Hedgehog ligand biogenesis,52,1.0,False,official human pathways with 10-300 G_PRIMARY genes; equal weights/sqrt(size),f5c4faa94fe03b2d088b72743da175380dfcf2edbfacd0077cc25eb19d2ca7e9
Reactome,Heme biosynthesis,13,0.9999999999999999,False,official human pathways with 10-300 G_PRIMARY genes; equal weights/sqrt(size),f5c4faa94fe03b2d088b72743da175380dfcf2edbfacd0077cc25eb19d2ca7e9
Reactome,Heme degradation,14,0.9999999999999999,False,official human pathways with 10-300 G_PRIMARY genes; equal weights/sqrt(size),f5c4faa94fe03b2d088b72743da175380dfcf2edbfacd0077cc25eb19d2ca7e9
Reactome,Heme signaling,44,1.0,False,official human pathways with 10-300 G_PRIMARY genes; equal weights/sqrt(size),f5c4faa94fe03b2d088b72743da175380dfcf2edbfacd0077cc25eb19d2ca7e9
Reactome,Heparan sulfate/heparin (HS-GAG) metabolism,40,1.0,False,official human pathways with 10-300 G_PRIMARY genes; equal weights/sqrt(size),f5c4faa94fe03b2d088b72743da175380dfcf2edbfacd0077cc25eb19d2ca7e9
Reactome,Hh mutants abrogate ligand secretion,46,0.9999999999999999,False,official human pathways with 10-300 G_PRIMARY genes; equal weights/sqrt(size),f5c4faa94fe03b2d088b72743da175380dfcf2edbfacd0077cc25eb19d2ca7e9
Reactome,Hh mutants are degraded by ERAD,43,1.0,False,official human pathways with 10-300 G_PRIMARY genes; equal weights/sqrt(size),f5c4faa94fe03b2d088b72743da175380dfcf2edbfacd0077cc25eb19d2ca7e9
Reactome,High laminar flow shear stress activates signaling by PIEZO1 and PECAM1:CDH5:KDR in endothelial cells,62,0.9999999999999999,False,official human pathways with 10-300 G_PRIMARY genes; equal weights/sqrt(size),f5c4faa94fe03b2d088b72743da175380dfcf2edbfacd0077cc25eb19d2ca7e9
Reactome,Homologous DNA Pairing and Strand Exchange,43,1.0,False,official human pathways with 10-300 G_PRIMARY genes; equal weights/sqrt(size),f5c4faa94fe03b2d088b72743da175380dfcf2edbfacd0077cc25eb19d2ca7e9
Reactome,Homology Directed Repair,118,1.0000000000000002,False,official human pathways with 10-300 G_PRIMARY genes; equal weights/sqrt(size),f5c4faa94fe03b2d088b72743da175380dfcf2edbfacd0077cc25eb19d2ca7e9
Reactome,Host Interactions of HIV factors,116,1.0,False,official human pathways with 10-300 G_PRIMARY genes; equal weights/sqrt(size),f5c4faa94fe03b2d088b72743da175380dfcf2edbfacd0077cc25eb19d2ca7e9
Reactome,HuR (ELAVL1) binds and stabilizes mRNA,10,1.0,False,official human pathways with 10-300 G_PRIMARY genes; equal weights/sqrt(size),f5c4faa94fe03b2d088b72743da175380dfcf2edbfacd0077cc25eb19d2ca7e9
Reactome,Hyaluronan degradation,15,0.9999999999999999,False,official human pathways with 10-300 G_PRIMARY genes; equal weights/sqrt(size),f5c4faa94fe03b2d088b72743da175380dfcf2edbfacd0077cc25eb19d2ca7e9
Reactome,Hyaluronan metabolism,18,1.0,False,official human pathways with 10-300 G_PRIMARY genes; equal weights/sqrt(size),f5c4faa94fe03b2d088b72743da175380dfcf2edbfacd0077cc25eb19d2ca7e9
Reactome,IFIT antiviral response,59,1.0,False,official human pathways with 10-300 G_PRIMARY genes; equal weights/sqrt(size),f5c4faa94fe03b2d088b72743da175380dfcf2edbfacd0077cc25eb19d2ca7e9
Reactome,IGF1R signaling cascade,45,1.0,False,official human pathways with 10-300 G_PRIMARY genes; equal weights/sqrt(size),f5c4faa94fe03b2d088b72743da175380dfcf2edbfacd0077cc25eb19d2ca7e9
Reactome,IKK complex recruitment mediated by RIP1,23,0.9999999999999999,False,official human pathways with 10-300 G_PRIMARY genes; equal weights/sqrt(size),f5c4faa94fe03b2d088b72743da175380dfcf2edbfacd0077cc25eb19d2ca7e9
Reactome,IL-6-type cytokine receptor ligand interactions,16,1.0,False,official human pathways with 10-300 G_PRIMARY genes; equal weights/sqrt(size),f5c4faa94fe03b2d088b72743da175380dfcf2edbfacd0077cc25eb19d2ca7e9
Reactome,IP3 and IP4 transport between cytosol and nucleus,30,0.9999999999999999,False,official human pathways with 10-300 G_PRIMARY genes; equal weights/sqrt(size),f5c4faa94fe03b2d088b72743da175380dfcf2edbfacd0077cc25eb19d2ca7e9
Reactome,IP6 and IP7 transport between cytosol and nucleus,30,0.9999999999999999,False,official human pathways with 10-300 G_PRIMARY genes; equal weights/sqrt(size),f5c4faa94fe03b2d088b72743da175380dfcf2edbfacd0077cc25eb19d2ca7e9
Reactome,IPs transport between nucleus and cytosol,30,0.9999999999999999,False,official human pathways with 10-300 G_PRIMARY genes; equal weights/sqrt(size),f5c4faa94fe03b2d088b72743da175380dfcf2edbfacd0077cc25eb19d2ca7e9
Reactome,IRAK1 recruits IKK complex,14,0.9999999999999999,False,official human pathways with 10-300 G_PRIMARY genes; equal weights/sqrt(size),f5c4faa94fe03b2d088b72743da175380dfcf2edbfacd0077cc25eb19d2ca7e9
Reactome,IRAK1 recruits IKK complex upon TLR7/8 or 9 stimulation,14,0.9999999999999999,False,official human pathways with 10-300 G_PRIMARY genes; equal weights/sqrt(size),f5c4faa94fe03b2d088b72743da175380dfcf2edbfacd0077cc25eb19d2ca7e9
Reactome,IRAK2 mediated activation of TAK1 complex,10,1.0,False,official human pathways with 10-300 G_PRIMARY genes; equal weights/sqrt(size),f5c4faa94fe03b2d088b72743da175380dfcf2edbfacd0077cc25eb19d2ca7e9
Reactome,IRAK2 mediated activation of TAK1 complex upon TLR7/8 or 9 stimulation,15,0.9999999999999999,False,official human pathways with 10-300 G_PRIMARY genes; equal weights/sqrt(size),f5c4faa94fe03b2d088b72743da175380dfcf2edbfacd0077cc25eb19d2ca7e9
Reactome,IRAK4 deficiency (TLR2/4),18,1.0,False,official human pathways with 10-300 G_PRIMARY genes; equal weights/sqrt(size),f5c4faa94fe03b2d088b72743da175380dfcf2edbfacd0077cc25eb19d2ca7e9
Reactome,IRE1alpha activates chaperones,49,0.9999999999999999,False,official human pathways with 10-300 G_PRIMARY genes; equal weights/sqrt(size),f5c4faa94fe03b2d088b72743da175380dfcf2edbfacd0077cc25eb19d2ca7e9
Reactome,IRF3-mediated induction of type I IFN,12,1.0,False,official human pathways with 10-300 G_PRIMARY genes; equal weights/sqrt(size),f5c4faa94fe03b2d088b72743da175380dfcf2edbfacd0077cc25eb19d2ca7e9
Reactome,IRS-mediated signalling,41,1.0,False,official human pathways with 10-300 G_PRIMARY genes; equal weights/sqrt(size),f5c4faa94fe03b2d088b72743da175380dfcf2edbfacd0077cc25eb19d2ca7e9
Reactome,IRS-related events triggered by IGF1R,44,1.0,False,official human pathways with 10-300 G_PRIMARY genes; equal weights/sqrt(size),f5c4faa94fe03b2d088b72743da175380dfcf2edbfacd0077cc25eb19d2ca7e9
Reactome,ISG15 antiviral mechanism,74,1.0,False,official human pathways with 10-300 G_PRIMARY genes; equal weights/sqrt(size),f5c4faa94fe03b2d088b72743da175380dfcf2edbfacd0077cc25eb19d2ca7e9
Reactome,Immunoglobulin maturation,264,0.9999999999999999,False,official human pathways with 10-300 G_PRIMARY genes; equal weights/sqrt(size),f5c4faa94fe03b2d088b72743da175380dfcf2edbfacd0077cc25eb19d2ca7e9
Reactome,Immunoregulatory interactions between a Lymphoid and a non-Lymphoid cell,76,1.0,False,official human pathways with 10-300 G_PRIMARY genes; equal weights/sqrt(size),f5c4faa94fe03b2d088b72743da175380dfcf2edbfacd0077cc25eb19d2ca7e9
Reactome,Impaired BRCA2 binding to PALB2,24,1.0,False,official human pathways with 10-300 G_PRIMARY genes; equal weights/sqrt(size),f5c4faa94fe03b2d088b72743da175380dfcf2edbfacd0077cc25eb19d2ca7e9
Reactome,Impaired BRCA2 binding to RAD51,35,0.9999999999999999,False,official human pathways with 10-300 G_PRIMARY genes; equal weights/sqrt(size),f5c4faa94fe03b2d088b72743da175380dfcf2edbfacd0077cc25eb19d2ca7e9
Reactome,Inactivation of APC/C via direct inhibition of the APC/C complex,21,1.0,False,official human pathways with 10-300 G_PRIMARY genes; equal weights/sqrt(size),f5c4faa94fe03b2d088b72743da175380dfcf2edbfacd0077cc25eb19d2ca7e9
Reactome,Inactivation of CSF3 (G-CSF) signaling,24,1.0,False,official human pathways with 10-300 G_PRIMARY genes; equal weights/sqrt(size),f5c4faa94fe03b2d088b72743da175380dfcf2edbfacd0077cc25eb19d2ca7e9
Reactome,"Inactivation, recovery and regulation of the phototransduction cascade",28,0.9999999999999999,False,official human pathways with 10-300 G_PRIMARY genes; equal weights/sqrt(size),f5c4faa94fe03b2d088b72743da175380dfcf2edbfacd0077cc25eb19d2ca7e9
Reactome,"Incretin synthesis, secretion, and inactivation",19,0.9999999999999998,False,official human pathways with 10-300 G_PRIMARY genes; equal weights/sqrt(size),f5c4faa94fe03b2d088b72743da175380dfcf2edbfacd0077cc25eb19d2ca7e9
Reactome,Induction of Cell-Cell Fusion,13,0.9999999999999999,False,official human pathways with 10-300 G_PRIMARY genes; equal weights/sqrt(size),f5c4faa94fe03b2d088b72743da175380dfcf2edbfacd0077cc25eb19d2ca7e9
Reactome,Infection with Enterobacteria,36,1.0,False,official human pathways with 10-300 G_PRIMARY genes; equal weights/sqrt(size),f5c4faa94fe03b2d088b72743da175380dfcf2edbfacd0077cc25eb19d2ca7e9
Reactome,Infection with Mycobacterium tuberculosis,26,1.0,False,official human pathways with 10-300 G_PRIMARY genes; equal weights/sqrt(size),f5c4faa94fe03b2d088b72743da175380dfcf2edbfacd0077cc25eb19d2ca7e9
Reactome,Inflammasomes,21,1.0,False,official human pathways with 10-300 G_PRIMARY genes; equal weights/sqrt(size),f5c4faa94fe03b2d088b72743da175380dfcf2edbfacd0077cc25eb19d2ca7e9
Reactome,Influenza Infection,157,1.0,False,official human pathways with 10-300 G_PRIMARY genes; equal weights/sqrt(size),f5c4faa94fe03b2d088b72743da175380dfcf2edbfacd0077cc25eb19d2ca7e9
Reactome,Influenza Viral RNA Transcription and Replication,135,0.9999999999999999,False,official human pathways with 10-300 G_PRIMARY genes; equal weights/sqrt(size),f5c4faa94fe03b2d088b72743da175380dfcf2edbfacd0077cc25eb19d2ca7e9
Reactome,Inhibition  of voltage gated Ca2+ channels via Gbeta/gamma subunits,24,1.0,False,official human pathways with 10-300 G_PRIMARY genes; equal weights/sqrt(size),f5c4faa94fe03b2d088b72743da175380dfcf2edbfacd0077cc25eb19d2ca7e9
Reactome,Inhibition of DNA recombination at telomere,42,1.0,False,official human pathways with 10-300 G_PRIMARY genes; equal weights/sqrt(size),f5c4faa94fe03b2d088b72743da175380dfcf2edbfacd0077cc25eb19d2ca7e9
Reactome,Inhibition of replication initiation of damaged DNA by RB1/E2F1,13,0.9999999999999999,False,official human pathways with 10-300 G_PRIMARY genes; equal weights/sqrt(size),f5c4faa94fe03b2d088b72743da175380dfcf2edbfacd0077cc25eb19d2ca7e9
Reactome,Inhibition of the proteolytic activity of APC/C required for the onset of anaphase by mitotic spindle checkpoint components,21,1.0,False,official human pathways with 10-300 G_PRIMARY genes; equal weights/sqrt(size),f5c4faa94fe03b2d088b72743da175380dfcf2edbfacd0077cc25eb19d2ca7e9
Reactome,Initial triggering of complement,13,0.9999999999999999,False,official human pathways with 10-300 G_PRIMARY genes; equal weights/sqrt(size),f5c4faa94fe03b2d088b72743da175380dfcf2edbfacd0077cc25eb19d2ca7e9
Reactome,Initiation of Nuclear Envelope (NE) Reformation,19,0.9999999999999998,False,official human pathways with 10-300 G_PRIMARY genes; equal weights/sqrt(size),f5c4faa94fe03b2d088b72743da175380dfcf2edbfacd0077cc25eb19d2ca7e9
Reactome,Initiation of coagulation cascade,22,0.9999999999999998,False,official human pathways with 10-300 G_PRIMARY genes; equal weights/sqrt(size),f5c4faa94fe03b2d088b72743da175380dfcf2edbfacd0077cc25eb19d2ca7e9
Reactome,InlB-mediated entry of Listeria monocytogenes into host cell,15,0.9999999999999999,False,official human pathways with 10-300 G_PRIMARY genes; equal weights/sqrt(size),f5c4faa94fe03b2d088b72743da175380dfcf2edbfacd0077cc25eb19d2ca7e9
Reactome,Inositol phosphate metabolism,75,0.9999999999999999,False,official human pathways with 10-300 G_PRIMARY genes; equal weights/sqrt(size),f5c4faa94fe03b2d088b72743da175380dfcf2edbfacd0077cc25eb19d2ca7e9
Reactome,Insertion of tail-anchored proteins into the endoplasmic reticulum membrane,22,0.9999999999999998,False,official human pathways with 10-300 G_PRIMARY genes; equal weights/sqrt(size),f5c4faa94fe03b2d088b72743da175380dfcf2edbfacd0077cc25eb19d2ca7e9
Reactome,Insulin processing,24,1.0,False,official human pathways with 10-300 G_PRIMARY genes; equal weights/sqrt(size),f5c4faa94fe03b2d088b72743da175380dfcf2edbfacd0077cc25eb19d2ca7e9
Reactome,Insulin receptor recycling,28,0.9999999999999999,False,official human pathways with 10-300 G_PRIMARY genes; equal weights/sqrt(size),f5c4faa94fe03b2d088b72743da175380dfcf2edbfacd0077cc25eb19d2ca7e9
Reactome,Insulin receptor signalling cascade,46,0.9999999999999999,False,official human pathways with 10-300 G_PRIMARY genes; equal weights/sqrt(size),f5c4faa94fe03b2d088b72743da175380dfcf2edbfacd0077cc25eb19d2ca7e9
Reactome,Integration of energy metabolism,97,1.0000000000000002,False,official human pathways with 10-300 G_PRIMARY genes; equal weights/sqrt(size),f5c4faa94fe03b2d088b72743da175380dfcf2edbfacd0077cc25eb19d2ca7e9
Reactome,Integrin cell surface interactions,82,0.9999999999999999,False,official human pathways with 10-300 G_PRIMARY genes; equal weights/sqrt(size),f5c4faa94fe03b2d088b72743da175380dfcf2edbfacd0077cc25eb19d2ca7e9
Reactome,Integrin signaling,27,1.0,False,official human pathways with 10-300 G_PRIMARY genes; equal weights/sqrt(size),f5c4faa94fe03b2d088b72743da175380dfcf2edbfacd0077cc25eb19d2ca7e9
Reactome,Interaction between L1 and Ankyrins,29,0.9999999999999999,False,official human pathways with 10-300 G_PRIMARY genes; equal weights/sqrt(size),f5c4faa94fe03b2d088b72743da175380dfcf2edbfacd0077cc25eb19d2ca7e9
Reactome,Interaction of NuRD complexes with transcription factors,52,1.0,False,official human pathways with 10-300 G_PRIMARY genes; equal weights/sqrt(size),f5c4faa94fe03b2d088b72743da175380dfcf2edbfacd0077cc25eb19d2ca7e9
Reactome,Interactions of Rev with host cellular proteins,37,0.9999999999999999,False,official human pathways with 10-300 G_PRIMARY genes; equal weights/sqrt(size),f5c4faa94fe03b2d088b72743da175380dfcf2edbfacd0077cc25eb19d2ca7e9
Reactome,Interactions of Vpr with host cellular proteins,37,0.9999999999999999,False,official human pathways with 10-300 G_PRIMARY genes; equal weights/sqrt(size),f5c4faa94fe03b2d088b72743da175380dfcf2edbfacd0077cc25eb19d2ca7e9
Reactome,Interconversion of nucleotide di- and triphosphates,30,0.9999999999999999,False,official human pathways with 10-300 G_PRIMARY genes; equal weights/sqrt(size),f5c4faa94fe03b2d088b72743da175380dfcf2edbfacd0077cc25eb19d2ca7e9
Reactome,Interferon alpha/beta signaling,65,1.0,False,official human pathways with 10-300 G_PRIMARY genes; equal weights/sqrt(size),f5c4faa94fe03b2d088b72743da175380dfcf2edbfacd0077cc25eb19d2ca7e9
Reactome,Interferon gamma signaling,87,0.9999999999999999,False,official human pathways with 10-300 G_PRIMARY genes; equal weights/sqrt(size),f5c4faa94fe03b2d088b72743da175380dfcf2edbfacd0077cc25eb19d2ca7e9
Reactome,Interleukin receptor SHC signaling,24,1.0,False,official human pathways with 10-300 G_PRIMARY genes; equal weights/sqrt(size),f5c4faa94fe03b2d088b72743da175380dfcf2edbfacd0077cc25eb19d2ca7e9
Reactome,Interleukin-1 family signaling,132,1.0,False,official human pathways with 10-300 G_PRIMARY genes; equal weights/sqrt(size),f5c4faa94fe03b2d088b72743da175380dfcf2edbfacd0077cc25eb19d2ca7e9
Reactome,Interleukin-1 signaling,99,0.9999999999999999,False,official human pathways with 10-300 G_PRIMARY genes; equal weights/sqrt(size),f5c4faa94fe03b2d088b72743da175380dfcf2edbfacd0077cc25eb19d2ca7e9
Reactome,Interleukin-10 signaling,37,0.9999999999999999,False,official human pathways with 10-300 G_PRIMARY genes; equal weights/sqrt(size),f5c4faa94fe03b2d088b72743da175380dfcf2edbfacd0077cc25eb19d2ca7e9
Reactome,Interleukin-12 family signaling,51,1.0,False,official human pathways with 10-300 G_PRIMARY genes; equal weights/sqrt(size),f5c4faa94fe03b2d088b72743da175380dfcf2edbfacd0077cc25eb19d2ca7e9
Reactome,Interleukin-12 signaling,42,1.0,False,official human pathways with 10-300 G_PRIMARY genes; equal weights/sqrt(size),f5c4faa94fe03b2d088b72743da175380dfcf2edbfacd0077cc25eb19d2ca7e9
Reactome,Interleukin-15 signaling,14,0.9999999999999999,False,official human pathways with 10-300 G_PRIMARY genes; equal weights/sqrt(size),f5c4faa94fe03b2d088b72743da175380dfcf2edbfacd0077cc25eb19d2ca7e9
Reactome,Interleukin-17 signaling,67,1.0,False,official human pathways with 10-300 G_PRIMARY genes; equal weights/sqrt(size),f5c4faa94fe03b2d088b72743da175380dfcf2edbfacd0077cc25eb19d2ca7e9
Reactome,Interleukin-2 family signaling,39,1.0,False,official human pathways with 10-300 G_PRIMARY genes; equal weights/sqrt(size),f5c4faa94fe03b2d088b72743da175380dfcf2edbfacd0077cc25eb19d2ca7e9
Reactome,Interleukin-2 signaling,11,1.0,False,official human pathways with 10-300 G_PRIMARY genes; equal weights/sqrt(size),f5c4faa94fe03b2d088b72743da175380dfcf2edbfacd0077cc25eb19d2ca7e9
Reactome,Interleukin-20 family signaling,22,0.9999999999999998,False,official human pathways with 10-300 G_PRIMARY genes; equal weights/sqrt(size),f5c4faa94fe03b2d088b72743da175380dfcf2edbfacd0077cc25eb19d2ca7e9
Reactome,Interleukin-27 signaling,10,1.0,False,official human pathways with 10-300 G_PRIMARY genes; equal weights/sqrt(size),f5c4faa94fe03b2d088b72743da175380dfcf2edbfacd0077cc25eb19d2ca7e9
Reactome,"Interleukin-3, Interleukin-5 and GM-CSF signaling",45,1.0,False,official human pathways with 10-300 G_PRIMARY genes; equal weights/sqrt(size),f5c4faa94fe03b2d088b72743da175380dfcf2edbfacd0077cc25eb19d2ca7e9
Reactome,Interleukin-35 Signalling,12,1.0,False,official human pathways with 10-300 G_PRIMARY genes; equal weights/sqrt(size),f5c4faa94fe03b2d088b72743da175380dfcf2edbfacd0077cc25eb19d2ca7e9
Reactome,Interleukin-37 signaling,21,1.0,False,official human pathways with 10-300 G_PRIMARY genes; equal weights/sqrt(size),f5c4faa94fe03b2d088b72743da175380dfcf2edbfacd0077cc25eb19d2ca7e9
Reactome,Interleukin-4 and Interleukin-13 signaling,99,0.9999999999999999,False,official human pathways with 10-300 G_PRIMARY genes; equal weights/sqrt(size),f5c4faa94fe03b2d088b72743da175380dfcf2edbfacd0077cc25eb19d2ca7e9
Reactome,Interleukin-6 family signaling,23,0.9999999999999999,False,official human pathways with 10-300 G_PRIMARY genes; equal weights/sqrt(size),f5c4faa94fe03b2d088b72743da175380dfcf2edbfacd0077cc25eb19d2ca7e9
Reactome,Interleukin-6 signaling,11,1.0,False,official human pathways with 10-300 G_PRIMARY genes; equal weights/sqrt(size),f5c4faa94fe03b2d088b72743da175380dfcf2edbfacd0077cc25eb19d2ca7e9
Reactome,Interleukin-7 signaling,23,0.9999999999999999,False,official human pathways with 10-300 G_PRIMARY genes; equal weights/sqrt(size),f5c4faa94fe03b2d088b72743da175380dfcf2edbfacd0077cc25eb19d2ca7e9
Reactome,Intra-Golgi and retrograde Golgi-to-ER traffic,196,0.9999999999999999,False,official human pathways with 10-300 G_PRIMARY genes; equal weights/sqrt(size),f5c4faa94fe03b2d088b72743da175380dfcf2edbfacd0077cc25eb19d2ca7e9
Reactome,Intra-Golgi traffic,42,1.0,False,official human pathways with 10-300 G_PRIMARY genes; equal weights/sqrt(size),f5c4faa94fe03b2d088b72743da175380dfcf2edbfacd0077cc25eb19d2ca7e9
Reactome,Intracellular signaling by second messengers,291,1.0,False,official human pathways with 10-300 G_PRIMARY genes; equal weights/sqrt(size),f5c4faa94fe03b2d088b72743da175380dfcf2edbfacd0077cc25eb19d2ca7e9
Reactome,Intraflagellar transport,48,1.0,False,official human pathways with 10-300 G_PRIMARY genes; equal weights/sqrt(size),f5c4faa94fe03b2d088b72743da175380dfcf2edbfacd0077cc25eb19d2ca7e9
Reactome,Intrinsic Pathway for Apoptosis,54,0.9999999999999999,False,official human pathways with 10-300 G_PRIMARY genes; equal weights/sqrt(size),f5c4faa94fe03b2d088b72743da175380dfcf2edbfacd0077cc25eb19d2ca7e9
Reactome,Inwardly rectifying K+ channels,30,0.9999999999999999,False,official human pathways with 10-300 G_PRIMARY genes; equal weights/sqrt(size),f5c4faa94fe03b2d088b72743da175380dfcf2edbfacd0077cc25eb19d2ca7e9
Reactome,Ion channel transport,162,0.9999999999999999,False,official human pathways with 10-300 G_PRIMARY genes; equal weights/sqrt(size),f5c4faa94fe03b2d088b72743da175380dfcf2edbfacd0077cc25eb19d2ca7e9
Reactome,Ion homeostasis,46,0.9999999999999999,False,official human pathways with 10-300 G_PRIMARY genes; equal weights/sqrt(size),f5c4faa94fe03b2d088b72743da175380dfcf2edbfacd0077cc25eb19d2ca7e9
Reactome,Ion transport by P-type ATPases,46,0.9999999999999999,False,official human pathways with 10-300 G_PRIMARY genes; equal weights/sqrt(size),f5c4faa94fe03b2d088b72743da175380dfcf2edbfacd0077cc25eb19d2ca7e9
Reactome,Ionotropic activity of kainate receptors,10,1.0,False,official human pathways with 10-300 G_PRIMARY genes; equal weights/sqrt(size),f5c4faa94fe03b2d088b72743da175380dfcf2edbfacd0077cc25eb19d2ca7e9
Reactome,Iron uptake and transport,57,1.0,False,official human pathways with 10-300 G_PRIMARY genes; equal weights/sqrt(size),f5c4faa94fe03b2d088b72743da175380dfcf2edbfacd0077cc25eb19d2ca7e9
Reactome,JNK (c-Jun kinases) phosphorylation and  activation mediated by activated human TAK1,22,0.9999999999999998,False,official human pathways with 10-300 G_PRIMARY genes; equal weights/sqrt(size),f5c4faa94fe03b2d088b72743da175380dfcf2edbfacd0077cc25eb19d2ca7e9
Reactome,Josephin domain DUBs,11,1.0,False,official human pathways with 10-300 G_PRIMARY genes; equal weights/sqrt(size),f5c4faa94fe03b2d088b72743da175380dfcf2edbfacd0077cc25eb19d2ca7e9
Reactome,KEAP1-NFE2L2 pathway,111,1.0,False,official human pathways with 10-300 G_PRIMARY genes; equal weights/sqrt(size),f5c4faa94fe03b2d088b72743da175380dfcf2edbfacd0077cc25eb19d2ca7e9
Reactome,KSRP (KHSRP) binds and destabilizes mRNA,17,1.0,False,official human pathways with 10-300 G_PRIMARY genes; equal weights/sqrt(size),f5c4faa94fe03b2d088b72743da175380dfcf2edbfacd0077cc25eb19d2ca7e9
Reactome,Keratan sulfate biosynthesis,26,1.0,False,official human pathways with 10-300 G_PRIMARY genes; equal weights/sqrt(size),f5c4faa94fe03b2d088b72743da175380dfcf2edbfacd0077cc25eb19d2ca7e9
Reactome,Keratan sulfate degradation,12,1.0,False,official human pathways with 10-300 G_PRIMARY genes; equal weights/sqrt(size),f5c4faa94fe03b2d088b72743da175380dfcf2edbfacd0077cc25eb19d2ca7e9
Reactome,Keratan sulfate/keratin metabolism,34,0.9999999999999999,False,official human pathways with 10-300 G_PRIMARY genes; equal weights/sqrt(size),f5c4faa94fe03b2d088b72743da175380dfcf2edbfacd0077cc25eb19d2ca7e9
Reactome,Keratinization,60,0.9999999999999998,False,official human pathways with 10-300 G_PRIMARY genes; equal weights/sqrt(size),f5c4faa94fe03b2d088b72743da175380dfcf2edbfacd0077cc25eb19d2ca7e9
Reactome,Kidney development,44,1.0,False,official human pathways with 10-300 G_PRIMARY genes; equal weights/sqrt(size),f5c4faa94fe03b2d088b72743da175380dfcf2edbfacd0077cc25eb19d2ca7e9
Reactome,Killing mechanisms,12,1.0,False,official human pathways with 10-300 G_PRIMARY genes; equal weights/sqrt(size),f5c4faa94fe03b2d088b72743da175380dfcf2edbfacd0077cc25eb19d2ca7e9
Reactome,Kinesins,57,1.0,False,official human pathways with 10-300 G_PRIMARY genes; equal weights/sqrt(size),f5c4faa94fe03b2d088b72743da175380dfcf2edbfacd0077cc25eb19d2ca7e9
Reactome,L13a-mediated translational silencing of Ceruloplasmin expression,110,0.9999999999999999,False,official human pathways with 10-300 G_PRIMARY genes; equal weights/sqrt(size),f5c4faa94fe03b2d088b72743da175380dfcf2edbfacd0077cc25eb19d2ca7e9
Reactome,L1CAM interactions,114,1.0,False,official human pathways with 10-300 G_PRIMARY genes; equal weights/sqrt(size),f5c4faa94fe03b2d088b72743da175380dfcf2edbfacd0077cc25eb19d2ca7e9
Reactome,LDL clearance,19,0.9999999999999998,False,official human pathways with 10-300 G_PRIMARY genes; equal weights/sqrt(size),f5c4faa94fe03b2d088b72743da175380dfcf2edbfacd0077cc25eb19d2ca7e9
Reactome,LGI-ADAM interactions,13,0.9999999999999999,False,official human pathways with 10-300 G_PRIMARY genes; equal weights/sqrt(size),f5c4faa94fe03b2d088b72743da175380dfcf2edbfacd0077cc25eb19d2ca7e9
Reactome,Lagging Strand Synthesis,20,1.0,False,official human pathways with 10-300 G_PRIMARY genes; equal weights/sqrt(size),f5c4faa94fe03b2d088b72743da175380dfcf2edbfacd0077cc25eb19d2ca7e9
Reactome,Laminin interactions,30,0.9999999999999999,False,official human pathways with 10-300 G_PRIMARY genes; equal weights/sqrt(size),f5c4faa94fe03b2d088b72743da175380dfcf2edbfacd0077cc25eb19d2ca7e9
Reactome,Lanosterol biosynthesis,14,0.9999999999999999,False,official human pathways with 10-300 G_PRIMARY genes; equal weights/sqrt(size),f5c4faa94fe03b2d088b72743da175380dfcf2edbfacd0077cc25eb19d2ca7e9
Reactome,Late Phase of HIV Life Cycle,135,0.9999999999999999,False,official human pathways with 10-300 G_PRIMARY genes; equal weights/sqrt(size),f5c4faa94fe03b2d088b72743da175380dfcf2edbfacd0077cc25eb19d2ca7e9
Reactome,Late SARS-CoV-2 Infection Events,74,1.0,False,official human pathways with 10-300 G_PRIMARY genes; equal weights/sqrt(size),f5c4faa94fe03b2d088b72743da175380dfcf2edbfacd0077cc25eb19d2ca7e9
Reactome,Late endosomal microautophagy,32,0.9999999999999999,False,official human pathways with 10-300 G_PRIMARY genes; equal weights/sqrt(size),f5c4faa94fe03b2d088b72743da175380dfcf2edbfacd0077cc25eb19d2ca7e9
Reactome,Leading Strand Synthesis,14,0.9999999999999999,False,official human pathways with 10-300 G_PRIMARY genes; equal weights/sqrt(size),f5c4faa94fe03b2d088b72743da175380dfcf2edbfacd0077cc25eb19d2ca7e9
Reactome,Leishmania infection,147,1.0,False,official human pathways with 10-300 G_PRIMARY genes; equal weights/sqrt(size),f5c4faa94fe03b2d088b72743da175380dfcf2edbfacd0077cc25eb19d2ca7e9
Reactome,Leishmania parasite growth and survival,65,1.0,False,official human pathways with 10-300 G_PRIMARY genes; equal weights/sqrt(size),f5c4faa94fe03b2d088b72743da175380dfcf2edbfacd0077cc25eb19d2ca7e9
Reactome,Leishmania phagocytosis,56,1.0,False,official human pathways with 10-300 G_PRIMARY genes; equal weights/sqrt(size),f5c4faa94fe03b2d088b72743da175380dfcf2edbfacd0077cc25eb19d2ca7e9
Reactome,Lewis blood group biosynthesis,15,0.9999999999999999,False,official human pathways with 10-300 G_PRIMARY genes; equal weights/sqrt(size),f5c4faa94fe03b2d088b72743da175380dfcf2edbfacd0077cc25eb19d2ca7e9
Reactome,Listeria monocytogenes entry into host cells,20,1.0,False,official human pathways with 10-300 G_PRIMARY genes; equal weights/sqrt(size),f5c4faa94fe03b2d088b72743da175380dfcf2edbfacd0077cc25eb19d2ca7e9
Reactome,Long-term potentiation,23,0.9999999999999999,False,official human pathways with 10-300 G_PRIMARY genes; equal weights/sqrt(size),f5c4faa94fe03b2d088b72743da175380dfcf2edbfacd0077cc25eb19d2ca7e9
Reactome,Loss of Nlp from mitotic centrosomes,68,0.9999999999999999,False,official human pathways with 10-300 G_PRIMARY genes; equal weights/sqrt(size),f5c4faa94fe03b2d088b72743da175380dfcf2edbfacd0077cc25eb19d2ca7e9
Reactome,Loss of function of MECP2 in Rett syndrome,13,0.9999999999999999,False,official human pathways with 10-300 G_PRIMARY genes; equal weights/sqrt(size),f5c4faa94fe03b2d088b72743da175380dfcf2edbfacd0077cc25eb19d2ca7e9
Reactome,Loss of proteins required for interphase microtubule organization from the centrosome,68,0.9999999999999999,False,official human pathways with 10-300 G_PRIMARY genes; equal weights/sqrt(size),f5c4faa94fe03b2d088b72743da175380dfcf2edbfacd0077cc25eb19d2ca7e9
Reactome,Lysine catabolism,12,1.0,False,official human pathways with 10-300 G_PRIMARY genes; equal weights/sqrt(size),f5c4faa94fe03b2d088b72743da175380dfcf2edbfacd0077cc25eb19d2ca7e9
Reactome,Lysosome Vesicle Biogenesis,34,0.9999999999999999,False,official human pathways with 10-300 G_PRIMARY genes; equal weights/sqrt(size),f5c4faa94fe03b2d088b72743da175380dfcf2edbfacd0077cc25eb19d2ca7e9
Reactome,Lysosphingolipid and LPA receptors,14,0.9999999999999999,False,official human pathways with 10-300 G_PRIMARY genes; equal weights/sqrt(size),f5c4faa94fe03b2d088b72743da175380dfcf2edbfacd0077cc25eb19d2ca7e9
Reactome,M-decay: degradation of maternal mRNAs by maternally stored factors,42,1.0,False,official human pathways with 10-300 G_PRIMARY genes; equal weights/sqrt(size),f5c4faa94fe03b2d088b72743da175380dfcf2edbfacd0077cc25eb19d2ca7e9
Reactome,MAP kinase activation,63,0.9999999999999997,False,official human pathways with 10-300 G_PRIMARY genes; equal weights/sqrt(size),f5c4faa94fe03b2d088b72743da175380dfcf2edbfacd0077cc25eb19d2ca7e9
Reactome,MAP2K and MAPK activation,40,1.0,False,official human pathways with 10-300 G_PRIMARY genes; equal weights/sqrt(size),f5c4faa94fe03b2d088b72743da175380dfcf2edbfacd0077cc25eb19d2ca7e9
Reactome,MAP3K8 (TPL2)-dependent MAPK1/3 activation,16,1.0,False,official human pathways with 10-300 G_PRIMARY genes; equal weights/sqrt(size),f5c4faa94fe03b2d088b72743da175380dfcf2edbfacd0077cc25eb19d2ca7e9
Reactome,MAPK family signaling cascades,297,0.9999999999999999,False,official human pathways with 10-300 G_PRIMARY genes; equal weights/sqrt(size),f5c4faa94fe03b2d088b72743da175380dfcf2edbfacd0077cc25eb19d2ca7e9
Reactome,MAPK targets/ Nuclear events mediated by MAP kinases,31,1.0,False,official human pathways with 10-300 G_PRIMARY genes; equal weights/sqrt(size),f5c4faa94fe03b2d088b72743da175380dfcf2edbfacd0077cc25eb19d2ca7e9
Reactome,MAPK1/MAPK3 signaling,258,1.0,False,official human pathways with 10-300 G_PRIMARY genes; equal weights/sqrt(size),f5c4faa94fe03b2d088b72743da175380dfcf2edbfacd0077cc25eb19d2ca7e9
Reactome,MAPK3 (ERK1) activation,10,1.0,False,official human pathways with 10-300 G_PRIMARY genes; equal weights/sqrt(size),f5c4faa94fe03b2d088b72743da175380dfcf2edbfacd0077cc25eb19d2ca7e9
Reactome,MAPK6/MAPK4 signaling,76,1.0,False,official human pathways with 10-300 G_PRIMARY genes; equal weights/sqrt(size),f5c4faa94fe03b2d088b72743da175380dfcf2edbfacd0077cc25eb19d2ca7e9
Reactome,MASTL Facilitates Mitotic Progression,10,1.0,False,official human pathways with 10-300 G_PRIMARY genes; equal weights/sqrt(size),f5c4faa94fe03b2d088b72743da175380dfcf2edbfacd0077cc25eb19d2ca7e9
Reactome,MECP2 regulates neuronal receptors and channels,17,1.0,False,official human pathways with 10-300 G_PRIMARY genes; equal weights/sqrt(size),f5c4faa94fe03b2d088b72743da175380dfcf2edbfacd0077cc25eb19d2ca7e9
Reactome,MET activates PTK2 signaling,29,0.9999999999999999,False,official human pathways with 10-300 G_PRIMARY genes; equal weights/sqrt(size),f5c4faa94fe03b2d088b72743da175380dfcf2edbfacd0077cc25eb19d2ca7e9
Reactome,MET activates RAP1 and RAC1,11,1.0,False,official human pathways with 10-300 G_PRIMARY genes; equal weights/sqrt(size),f5c4faa94fe03b2d088b72743da175380dfcf2edbfacd0077cc25eb19d2ca7e9
Reactome,MET activates RAS signaling,11,1.0,False,official human pathways with 10-300 G_PRIMARY genes; equal weights/sqrt(size),f5c4faa94fe03b2d088b72743da175380dfcf2edbfacd0077cc25eb19d2ca7e9
Reactome,MET promotes cell motility,40,1.0,False,official human pathways with 10-300 G_PRIMARY genes; equal weights/sqrt(size),f5c4faa94fe03b2d088b72743da175380dfcf2edbfacd0077cc25eb19d2ca7e9
Reactome,MET receptor recycling,10,1.0,False,official human pathways with 10-300 G_PRIMARY genes; equal weights/sqrt(size),f5c4faa94fe03b2d088b72743da175380dfcf2edbfacd0077cc25eb19d2ca7e9
Reactome,MHC class II antigen presentation,113,1.0,False,official human pathways with 10-300 G_PRIMARY genes; equal weights/sqrt(size),f5c4faa94fe03b2d088b72743da175380dfcf2edbfacd0077cc25eb19d2ca7e9
Reactome,MITF-M-dependent gene expression,108,1.0,False,official human pathways with 10-300 G_PRIMARY genes; equal weights/sqrt(size),f5c4faa94fe03b2d088b72743da175380dfcf2edbfacd0077cc25eb19d2ca7e9
Reactome,MITF-M-regulated melanocyte development,153,0.9999999999999999,False,official human pathways with 10-300 G_PRIMARY genes; equal weights/sqrt(size),f5c4faa94fe03b2d088b72743da175380dfcf2edbfacd0077cc25eb19d2ca7e9
Reactome,MLL4 and MLL3 complexes regulate expression of PPARG target genes in adipogenesis and hepatic steatosis,94,0.9999999999999999,False,official human pathways with 10-300 G_PRIMARY genes; equal weights/sqrt(size),f5c4faa94fe03b2d088b72743da175380dfcf2edbfacd0077cc25eb19d2ca7e9
Reactome,MTOR signalling,50,1.0,False,official human pathways with 10-300 G_PRIMARY genes; equal weights/sqrt(size),f5c4faa94fe03b2d088b72743da175380dfcf2edbfacd0077cc25eb19d2ca7e9
Reactome,Macroautophagy,137,0.9999999999999999,False,official human pathways with 10-300 G_PRIMARY genes; equal weights/sqrt(size),f5c4faa94fe03b2d088b72743da175380dfcf2edbfacd0077cc25eb19d2ca7e9
Reactome,Major pathway of rRNA processing in the nucleolus and cytosol,181,1.0,False,official human pathways with 10-300 G_PRIMARY genes; equal weights/sqrt(size),f5c4faa94fe03b2d088b72743da175380dfcf2edbfacd0077cc25eb19d2ca7e9
Reactome,Maternal to zygotic transition (MZT),86,1.0,False,official human pathways with 10-300 G_PRIMARY genes; equal weights/sqrt(size),f5c4faa94fe03b2d088b72743da175380dfcf2edbfacd0077cc25eb19d2ca7e9
Reactome,Matriglycan biosynthesis on DAG1,12,1.0,False,official human pathways with 10-300 G_PRIMARY genes; equal weights/sqrt(size),f5c4faa94fe03b2d088b72743da175380dfcf2edbfacd0077cc25eb19d2ca7e9
Reactome,Maturation of DENV proteins,52,1.0,False,official human pathways with 10-300 G_PRIMARY genes; equal weights/sqrt(size),f5c4faa94fe03b2d088b72743da175380dfcf2edbfacd0077cc25eb19d2ca7e9
Reactome,Maturation of TCA enzymes and regulation of TCA cycle,20,1.0,False,official human pathways with 10-300 G_PRIMARY genes; equal weights/sqrt(size),f5c4faa94fe03b2d088b72743da175380dfcf2edbfacd0077cc25eb19d2ca7e9
Reactome,Maturation of hRSV A proteins,14,0.9999999999999999,False,official human pathways with 10-300 G_PRIMARY genes; equal weights/sqrt(size),f5c4faa94fe03b2d088b72743da175380dfcf2edbfacd0077cc25eb19d2ca7e9
Reactome,Maturation of nucleoprotein_9683610,11,1.0,False,official human pathways with 10-300 G_PRIMARY genes; equal weights/sqrt(size),f5c4faa94fe03b2d088b72743da175380dfcf2edbfacd0077cc25eb19d2ca7e9
Reactome,Maturation of nucleoprotein_9694631,15,0.9999999999999999,False,official human pathways with 10-300 G_PRIMARY genes; equal weights/sqrt(size),f5c4faa94fe03b2d088b72743da175380dfcf2edbfacd0077cc25eb19d2ca7e9
Reactome,Maturation of spike protein_9694548,41,1.0,False,official human pathways with 10-300 G_PRIMARY genes; equal weights/sqrt(size),f5c4faa94fe03b2d088b72743da175380dfcf2edbfacd0077cc25eb19d2ca7e9
Reactome,Mechanical load activates signaling by PIEZO1 and integrins in osteocytes,17,1.0,False,official human pathways with 10-300 G_PRIMARY genes; equal weights/sqrt(size),f5c4faa94fe03b2d088b72743da175380dfcf2edbfacd0077cc25eb19d2ca7e9
Reactome,Meiosis,79,0.9999999999999998,False,official human pathways with 10-300 G_PRIMARY genes; equal weights/sqrt(size),f5c4faa94fe03b2d088b72743da175380dfcf2edbfacd0077cc25eb19d2ca7e9
Reactome,Meiotic recombination,49,0.9999999999999999,False,official human pathways with 10-300 G_PRIMARY genes; equal weights/sqrt(size),f5c4faa94fe03b2d088b72743da175380dfcf2edbfacd0077cc25eb19d2ca7e9
Reactome,Meiotic synapsis,52,1.0,False,official human pathways with 10-300 G_PRIMARY genes; equal weights/sqrt(size),f5c4faa94fe03b2d088b72743da175380dfcf2edbfacd0077cc25eb19d2ca7e9
Reactome,Membrane binding and targetting of GAG proteins,14,0.9999999999999999,False,official human pathways with 10-300 G_PRIMARY genes; equal weights/sqrt(size),f5c4faa94fe03b2d088b72743da175380dfcf2edbfacd0077cc25eb19d2ca7e9
Reactome,Metabolic disorders of biological oxidation enzymes,28,0.9999999999999999,False,official human pathways with 10-300 G_PRIMARY genes; equal weights/sqrt(size),f5c4faa94fe03b2d088b72743da175380dfcf2edbfacd0077cc25eb19d2ca7e9
Reactome,Metabolism of Angiotensinogen to Angiotensins,13,0.9999999999999999,False,official human pathways with 10-300 G_PRIMARY genes; equal weights/sqrt(size),f5c4faa94fe03b2d088b72743da175380dfcf2edbfacd0077cc25eb19d2ca7e9
Reactome,Metabolism of amine-derived hormones,19,0.9999999999999998,False,official human pathways with 10-300 G_PRIMARY genes; equal weights/sqrt(size),f5c4faa94fe03b2d088b72743da175380dfcf2edbfacd0077cc25eb19d2ca7e9
Reactome,Metabolism of carbohydrates and carbohydrate derivatives,281,0.9999999999999999,False,official human pathways with 10-300 G_PRIMARY genes; equal weights/sqrt(size),f5c4faa94fe03b2d088b72743da175380dfcf2edbfacd0077cc25eb19d2ca7e9
Reactome,Metabolism of cofactors,25,1.0,False,official human pathways with 10-300 G_PRIMARY genes; equal weights/sqrt(size),f5c4faa94fe03b2d088b72743da175380dfcf2edbfacd0077cc25eb19d2ca7e9
Reactome,Metabolism of fat-soluble vitamins,42,1.0,False,official human pathways with 10-300 G_PRIMARY genes; equal weights/sqrt(size),f5c4faa94fe03b2d088b72743da175380dfcf2edbfacd0077cc25eb19d2ca7e9
Reactome,Metabolism of folate and pterines,16,1.0,False,official human pathways with 10-300 G_PRIMARY genes; equal weights/sqrt(size),f5c4faa94fe03b2d088b72743da175380dfcf2edbfacd0077cc25eb19d2ca7e9
Reactome,Metabolism of nitric oxide: NOS3 activation and regulation,17,1.0,False,official human pathways with 10-300 G_PRIMARY genes; equal weights/sqrt(size),f5c4faa94fe03b2d088b72743da175380dfcf2edbfacd0077cc25eb19d2ca7e9
Reactome,Metabolism of non-coding RNA,53,1.0,False,official human pathways with 10-300 G_PRIMARY genes; equal weights/sqrt(size),f5c4faa94fe03b2d088b72743da175380dfcf2edbfacd0077cc25eb19d2ca7e9
Reactome,Metabolism of nucleotides,94,0.9999999999999999,False,official human pathways with 10-300 G_PRIMARY genes; equal weights/sqrt(size),f5c4faa94fe03b2d088b72743da175380dfcf2edbfacd0077cc25eb19d2ca7e9
Reactome,Metabolism of polyamines,46,0.9999999999999999,False,official human pathways with 10-300 G_PRIMARY genes; equal weights/sqrt(size),f5c4faa94fe03b2d088b72743da175380dfcf2edbfacd0077cc25eb19d2ca7e9
Reactome,Metabolism of porphyrins,25,1.0,False,official human pathways with 10-300 G_PRIMARY genes; equal weights/sqrt(size),f5c4faa94fe03b2d088b72743da175380dfcf2edbfacd0077cc25eb19d2ca7e9
Reactome,Metabolism of steroid hormones,27,1.0,False,official human pathways with 10-300 G_PRIMARY genes; equal weights/sqrt(size),f5c4faa94fe03b2d088b72743da175380dfcf2edbfacd0077cc25eb19d2ca7e9
Reactome,Metabolism of steroids,140,1.0,False,official human pathways with 10-300 G_PRIMARY genes; equal weights/sqrt(size),f5c4faa94fe03b2d088b72743da175380dfcf2edbfacd0077cc25eb19d2ca7e9
Reactome,Metabolism of vitamins and cofactors,186,1.0,False,official human pathways with 10-300 G_PRIMARY genes; equal weights/sqrt(size),f5c4faa94fe03b2d088b72743da175380dfcf2edbfacd0077cc25eb19d2ca7e9
Reactome,Metabolism of water-soluble vitamins and cofactors,121,1.0,False,official human pathways with 10-300 G_PRIMARY genes; equal weights/sqrt(size),f5c4faa94fe03b2d088b72743da175380dfcf2edbfacd0077cc25eb19d2ca7e9
Reactome,Metal ion SLC transporters,41,1.0,False,official human pathways with 10-300 G_PRIMARY genes; equal weights/sqrt(size),f5c4faa94fe03b2d088b72743da175380dfcf2edbfacd0077cc25eb19d2ca7e9
Reactome,Metalloprotease DUBs,29,0.9999999999999999,False,official human pathways with 10-300 G_PRIMARY genes; equal weights/sqrt(size),f5c4faa94fe03b2d088b72743da175380dfcf2edbfacd0077cc25eb19d2ca7e9
Reactome,Methylation,12,1.0,False,official human pathways with 10-300 G_PRIMARY genes; equal weights/sqrt(size),f5c4faa94fe03b2d088b72743da175380dfcf2edbfacd0077cc25eb19d2ca7e9
Reactome,MicroRNA (miRNA) biogenesis,24,1.0,False,official human pathways with 10-300 G_PRIMARY genes; equal weights/sqrt(size),f5c4faa94fe03b2d088b72743da175380dfcf2edbfacd0077cc25eb19d2ca7e9
Reactome,Microtubule-dependent trafficking of connexons from Golgi to the plasma membrane,17,1.0,False,official human pathways with 10-300 G_PRIMARY genes; equal weights/sqrt(size),f5c4faa94fe03b2d088b72743da175380dfcf2edbfacd0077cc25eb19d2ca7e9
Reactome,Miscellaneous transport and binding events,25,1.0,False,official human pathways with 10-300 G_PRIMARY genes; equal weights/sqrt(size),f5c4faa94fe03b2d088b72743da175380dfcf2edbfacd0077cc25eb19d2ca7e9
Reactome,Mismatch Repair,15,0.9999999999999999,False,official human pathways with 10-300 G_PRIMARY genes; equal weights/sqrt(size),f5c4faa94fe03b2d088b72743da175380dfcf2edbfacd0077cc25eb19d2ca7e9
Reactome,Mismatch repair (MMR) directed by MSH2:MSH3 (MutSbeta),14,0.9999999999999999,False,official human pathways with 10-300 G_PRIMARY genes; equal weights/sqrt(size),f5c4faa94fe03b2d088b72743da175380dfcf2edbfacd0077cc25eb19d2ca7e9
Reactome,Mismatch repair (MMR) directed by MSH2:MSH6 (MutSalpha),14,0.9999999999999999,False,official human pathways with 10-300 G_PRIMARY genes; equal weights/sqrt(size),f5c4faa94fe03b2d088b72743da175380dfcf2edbfacd0077cc25eb19d2ca7e9
Reactome,Mitochondrial Fatty Acid Beta-Oxidation,36,1.0,False,official human pathways with 10-300 G_PRIMARY genes; equal weights/sqrt(size),f5c4faa94fe03b2d088b72743da175380dfcf2edbfacd0077cc25eb19d2ca7e9
Reactome,Mitochondrial RNA degradation,25,1.0,False,official human pathways with 10-300 G_PRIMARY genes; equal weights/sqrt(size),f5c4faa94fe03b2d088b72743da175380dfcf2edbfacd0077cc25eb19d2ca7e9
Reactome,Mitochondrial biogenesis,94,0.9999999999999999,False,official human pathways with 10-300 G_PRIMARY genes; equal weights/sqrt(size),f5c4faa94fe03b2d088b72743da175380dfcf2edbfacd0077cc25eb19d2ca7e9
Reactome,Mitochondrial calcium ion transport,23,0.9999999999999999,False,official human pathways with 10-300 G_PRIMARY genes; equal weights/sqrt(size),f5c4faa94fe03b2d088b72743da175380dfcf2edbfacd0077cc25eb19d2ca7e9
Reactome,Mitochondrial iron-sulfur cluster biogenesis,13,0.9999999999999999,False,official human pathways with 10-300 G_PRIMARY genes; equal weights/sqrt(size),f5c4faa94fe03b2d088b72743da175380dfcf2edbfacd0077cc25eb19d2ca7e9
Reactome,Mitochondrial mRNA modification,24,1.0,False,official human pathways with 10-300 G_PRIMARY genes; equal weights/sqrt(size),f5c4faa94fe03b2d088b72743da175380dfcf2edbfacd0077cc25eb19d2ca7e9
Reactome,Mitochondrial protein degradation,96,1.0,False,official human pathways with 10-300 G_PRIMARY genes; equal weights/sqrt(size),f5c4faa94fe03b2d088b72743da175380dfcf2edbfacd0077cc25eb19d2ca7e9
Reactome,Mitochondrial protein import,63,0.9999999999999997,False,official human pathways with 10-300 G_PRIMARY genes; equal weights/sqrt(size),f5c4faa94fe03b2d088b72743da175380dfcf2edbfacd0077cc25eb19d2ca7e9
Reactome,Mitochondrial ribosome-associated quality control,93,1.0,False,official human pathways with 10-300 G_PRIMARY genes; equal weights/sqrt(size),f5c4faa94fe03b2d088b72743da175380dfcf2edbfacd0077cc25eb19d2ca7e9
Reactome,Mitochondrial tRNA aminoacylation,21,1.0,False,official human pathways with 10-300 G_PRIMARY genes; equal weights/sqrt(size),f5c4faa94fe03b2d088b72743da175380dfcf2edbfacd0077cc25eb19d2ca7e9
Reactome,Mitochondrial translation,116,1.0,False,official human pathways with 10-300 G_PRIMARY genes; equal weights/sqrt(size),f5c4faa94fe03b2d088b72743da175380dfcf2edbfacd0077cc25eb19d2ca7e9
Reactome,Mitochondrial translation elongation,102,1.0,False,official human pathways with 10-300 G_PRIMARY genes; equal weights/sqrt(size),f5c4faa94fe03b2d088b72743da175380dfcf2edbfacd0077cc25eb19d2ca7e9
Reactome,Mitochondrial translation initiation,102,1.0,False,official human pathways with 10-300 G_PRIMARY genes; equal weights/sqrt(size),f5c4faa94fe03b2d088b72743da175380dfcf2edbfacd0077cc25eb19d2ca7e9
Reactome,Mitochondrial translation termination,103,0.9999999999999999,False,official human pathways with 10-300 G_PRIMARY genes; equal weights/sqrt(size),f5c4faa94fe03b2d088b72743da175380dfcf2edbfacd0077cc25eb19d2ca7e9
Reactome,Mitochondrial unfolded protein response (UPRmt),17,1.0,False,official human pathways with 10-300 G_PRIMARY genes; equal weights/sqrt(size),f5c4faa94fe03b2d088b72743da175380dfcf2edbfacd0077cc25eb19d2ca7e9
Reactome,Mitophagy,38,0.9999999999999999,False,official human pathways with 10-300 G_PRIMARY genes; equal weights/sqrt(size),f5c4faa94fe03b2d088b72743da175380dfcf2edbfacd0077cc25eb19d2ca7e9
Reactome,Mitotic Anaphase,218,1.0,False,official human pathways with 10-300 G_PRIMARY genes; equal weights/sqrt(size),f5c4faa94fe03b2d088b72743da175380dfcf2edbfacd0077cc25eb19d2ca7e9
Reactome,Mitotic G1 phase and G1/S transition,139,0.9999999999999998,False,official human pathways with 10-300 G_PRIMARY genes; equal weights/sqrt(size),f5c4faa94fe03b2d088b72743da175380dfcf2edbfacd0077cc25eb19d2ca7e9
Reactome,Mitotic G2-G2/M phases,189,1.0,False,official human pathways with 10-300 G_PRIMARY genes; equal weights/sqrt(size),f5c4faa94fe03b2d088b72743da175380dfcf2edbfacd0077cc25eb19d2ca7e9
Reactome,Mitotic Metaphase and Anaphase,219,0.9999999999999999,False,official human pathways with 10-300 G_PRIMARY genes; equal weights/sqrt(size),f5c4faa94fe03b2d088b72743da175380dfcf2edbfacd0077cc25eb19d2ca7e9
Reactome,Mitotic Prometaphase,198,1.0000000000000002,False,official human pathways with 10-300 G_PRIMARY genes; equal weights/sqrt(size),f5c4faa94fe03b2d088b72743da175380dfcf2edbfacd0077cc25eb19d2ca7e9
Reactome,Mitotic Prophase,105,1.0000000000000002,False,official human pathways with 10-300 G_PRIMARY genes; equal weights/sqrt(size),f5c4faa94fe03b2d088b72743da175380dfcf2edbfacd0077cc25eb19d2ca7e9
Reactome,Mitotic Spindle Checkpoint,110,0.9999999999999999,False,official human pathways with 10-300 G_PRIMARY genes; equal weights/sqrt(size),f5c4faa94fe03b2d088b72743da175380dfcf2edbfacd0077cc25eb19d2ca7e9
Reactome,Mitotic Telophase/Cytokinesis,13,0.9999999999999999,False,official human pathways with 10-300 G_PRIMARY genes; equal weights/sqrt(size),f5c4faa94fe03b2d088b72743da175380dfcf2edbfacd0077cc25eb19d2ca7e9
Reactome,Modulation of host responses by IFN-stimulated genes,19,0.9999999999999998,False,official human pathways with 10-300 G_PRIMARY genes; equal weights/sqrt(size),f5c4faa94fe03b2d088b72743da175380dfcf2edbfacd0077cc25eb19d2ca7e9
Reactome,Molecules associated with elastic fibres,36,1.0,False,official human pathways with 10-300 G_PRIMARY genes; equal weights/sqrt(size),f5c4faa94fe03b2d088b72743da175380dfcf2edbfacd0077cc25eb19d2ca7e9
Reactome,Mucopolysaccharidoses,11,1.0,False,official human pathways with 10-300 G_PRIMARY genes; equal weights/sqrt(size),f5c4faa94fe03b2d088b72743da175380dfcf2edbfacd0077cc25eb19d2ca7e9
Reactome,Muscle contraction,177,1.0000000000000002,False,official human pathways with 10-300 G_PRIMARY genes; equal weights/sqrt(size),f5c4faa94fe03b2d088b72743da175380dfcf2edbfacd0077cc25eb19d2ca7e9
Reactome,MyD88 cascade initiated on plasma membrane,94,0.9999999999999999,False,official human pathways with 10-300 G_PRIMARY genes; equal weights/sqrt(size),f5c4faa94fe03b2d088b72743da175380dfcf2edbfacd0077cc25eb19d2ca7e9
Reactome,MyD88 deficiency (TLR2/4),17,1.0,False,official human pathways with 10-300 G_PRIMARY genes; equal weights/sqrt(size),f5c4faa94fe03b2d088b72743da175380dfcf2edbfacd0077cc25eb19d2ca7e9
Reactome,MyD88 dependent cascade initiated on endosome,98,0.9999999999999999,False,official human pathways with 10-300 G_PRIMARY genes; equal weights/sqrt(size),f5c4faa94fe03b2d088b72743da175380dfcf2edbfacd0077cc25eb19d2ca7e9
Reactome,MyD88-independent TLR4 cascade,107,1.0,False,official human pathways with 10-300 G_PRIMARY genes; equal weights/sqrt(size),f5c4faa94fe03b2d088b72743da175380dfcf2edbfacd0077cc25eb19d2ca7e9
Reactome,MyD88:MAL(TIRAP) cascade initiated on plasma membrane,110,0.9999999999999999,False,official human pathways with 10-300 G_PRIMARY genes; equal weights/sqrt(size),f5c4faa94fe03b2d088b72743da175380dfcf2edbfacd0077cc25eb19d2ca7e9
Reactome,Myogenesis,24,1.0,False,official human pathways with 10-300 G_PRIMARY genes; equal weights/sqrt(size),f5c4faa94fe03b2d088b72743da175380dfcf2edbfacd0077cc25eb19d2ca7e9
Reactome,N-Glycan antennae elongation,14,0.9999999999999999,False,official human pathways with 10-300 G_PRIMARY genes; equal weights/sqrt(size),f5c4faa94fe03b2d088b72743da175380dfcf2edbfacd0077cc25eb19d2ca7e9
Reactome,N-glycan antennae elongation in the medial/trans-Golgi,24,1.0,False,official human pathways with 10-300 G_PRIMARY genes; equal weights/sqrt(size),f5c4faa94fe03b2d088b72743da175380dfcf2edbfacd0077cc25eb19d2ca7e9
Reactome,N-glycan trimming in the ER and Calnexin/Calreticulin cycle,35,0.9999999999999999,False,official human pathways with 10-300 G_PRIMARY genes; equal weights/sqrt(size),f5c4faa94fe03b2d088b72743da175380dfcf2edbfacd0077cc25eb19d2ca7e9
Reactome,NCAM signaling for neurite out-growth,58,0.9999999999999999,False,official human pathways with 10-300 G_PRIMARY genes; equal weights/sqrt(size),f5c4faa94fe03b2d088b72743da175380dfcf2edbfacd0077cc25eb19d2ca7e9
Reactome,NCAM1 interactions,38,0.9999999999999999,False,official human pathways with 10-300 G_PRIMARY genes; equal weights/sqrt(size),f5c4faa94fe03b2d088b72743da175380dfcf2edbfacd0077cc25eb19d2ca7e9
Reactome,NEP/NS2 Interacts with the Cellular Export Machinery,32,0.9999999999999999,False,official human pathways with 10-300 G_PRIMARY genes; equal weights/sqrt(size),f5c4faa94fe03b2d088b72743da175380dfcf2edbfacd0077cc25eb19d2ca7e9
Reactome,NF-kB activation through FADD/RIP-1 pathway mediated by caspase-8 and -10,13,0.9999999999999999,False,official human pathways with 10-300 G_PRIMARY genes; equal weights/sqrt(size),f5c4faa94fe03b2d088b72743da175380dfcf2edbfacd0077cc25eb19d2ca7e9
Reactome,NF-kB is activated and signals survival,13,0.9999999999999999,False,official human pathways with 10-300 G_PRIMARY genes; equal weights/sqrt(size),f5c4faa94fe03b2d088b72743da175380dfcf2edbfacd0077cc25eb19d2ca7e9
Reactome,NFE2L2 regulating anti-oxidant/detoxification enzymes,18,1.0,False,official human pathways with 10-300 G_PRIMARY genes; equal weights/sqrt(size),f5c4faa94fe03b2d088b72743da175380dfcf2edbfacd0077cc25eb19d2ca7e9
Reactome,NFE2L2 regulating tumorigenic genes,11,1.0,False,official human pathways with 10-300 G_PRIMARY genes; equal weights/sqrt(size),f5c4faa94fe03b2d088b72743da175380dfcf2edbfacd0077cc25eb19d2ca7e9
Reactome,NGF-stimulated transcription,39,1.0,False,official human pathways with 10-300 G_PRIMARY genes; equal weights/sqrt(size),f5c4faa94fe03b2d088b72743da175380dfcf2edbfacd0077cc25eb19d2ca7e9
Reactome,NIK-->noncanonical NF-kB signaling,46,0.9999999999999999,False,official human pathways with 10-300 G_PRIMARY genes; equal weights/sqrt(size),f5c4faa94fe03b2d088b72743da175380dfcf2edbfacd0077cc25eb19d2ca7e9
Reactome,NOD1/2 Signaling Pathway,36,1.0,False,official human pathways with 10-300 G_PRIMARY genes; equal weights/sqrt(size),f5c4faa94fe03b2d088b72743da175380dfcf2edbfacd0077cc25eb19d2ca7e9
Reactome,NOTCH1 Intracellular Domain Regulates Transcription,48,1.0,False,official human pathways with 10-300 G_PRIMARY genes; equal weights/sqrt(size),f5c4faa94fe03b2d088b72743da175380dfcf2edbfacd0077cc25eb19d2ca7e9
Reactome,NOTCH2 Activation and Transmission of Signal to the Nucleus,25,1.0,False,official human pathways with 10-300 G_PRIMARY genes; equal weights/sqrt(size),f5c4faa94fe03b2d088b72743da175380dfcf2edbfacd0077cc25eb19d2ca7e9
Reactome,NOTCH2 intracellular domain regulates transcription,10,1.0,False,official human pathways with 10-300 G_PRIMARY genes; equal weights/sqrt(size),f5c4faa94fe03b2d088b72743da175380dfcf2edbfacd0077cc25eb19d2ca7e9
Reactome,NOTCH3 Activation and Transmission of Signal to the Nucleus,25,1.0,False,official human pathways with 10-300 G_PRIMARY genes; equal weights/sqrt(size),f5c4faa94fe03b2d088b72743da175380dfcf2edbfacd0077cc25eb19d2ca7e9
Reactome,NOTCH3 Intracellular Domain Regulates Transcription,22,0.9999999999999998,False,official human pathways with 10-300 G_PRIMARY genes; equal weights/sqrt(size),f5c4faa94fe03b2d088b72743da175380dfcf2edbfacd0077cc25eb19d2ca7e9
Reactome,NOTCH4 Activation and Transmission of Signal to the Nucleus,11,1.0,False,official human pathways with 10-300 G_PRIMARY genes; equal weights/sqrt(size),f5c4faa94fe03b2d088b72743da175380dfcf2edbfacd0077cc25eb19d2ca7e9
Reactome,NOTCH4 Intracellular Domain Regulates Transcription,20,1.0,False,official human pathways with 10-300 G_PRIMARY genes; equal weights/sqrt(size),f5c4faa94fe03b2d088b72743da175380dfcf2edbfacd0077cc25eb19d2ca7e9
Reactome,NPAS4 regulates expression of target genes,20,1.0,False,official human pathways with 10-300 G_PRIMARY genes; equal weights/sqrt(size),f5c4faa94fe03b2d088b72743da175380dfcf2edbfacd0077cc25eb19d2ca7e9
Reactome,NR1H2 and NR1H3-mediated signaling,45,1.0,False,official human pathways with 10-300 G_PRIMARY genes; equal weights/sqrt(size),f5c4faa94fe03b2d088b72743da175380dfcf2edbfacd0077cc25eb19d2ca7e9
Reactome,NR1H3 & NR1H2 regulate gene expression linked to cholesterol transport and efflux,36,1.0,False,official human pathways with 10-300 G_PRIMARY genes; equal weights/sqrt(size),f5c4faa94fe03b2d088b72743da175380dfcf2edbfacd0077cc25eb19d2ca7e9
Reactome,NRAGE signals death through JNK,58,0.9999999999999999,False,official human pathways with 10-300 G_PRIMARY genes; equal weights/sqrt(size),f5c4faa94fe03b2d088b72743da175380dfcf2edbfacd0077cc25eb19d2ca7e9
Reactome,NRIF signals cell death from the nucleus,16,1.0,False,official human pathways with 10-300 G_PRIMARY genes; equal weights/sqrt(size),f5c4faa94fe03b2d088b72743da175380dfcf2edbfacd0077cc25eb19d2ca7e9
Reactome,NS1 Mediated Effects on Host Pathways,43,1.0,False,official human pathways with 10-300 G_PRIMARY genes; equal weights/sqrt(size),f5c4faa94fe03b2d088b72743da175380dfcf2edbfacd0077cc25eb19d2ca7e9
Reactome,Neddylation,228,1.0,False,official human pathways with 10-300 G_PRIMARY genes; equal weights/sqrt(size),f5c4faa94fe03b2d088b72743da175380dfcf2edbfacd0077cc25eb19d2ca7e9
Reactome,Nef mediated downregulation of MHC class I complex cell surface expression,10,1.0,False,official human pathways with 10-300 G_PRIMARY genes; equal weights/sqrt(size),f5c4faa94fe03b2d088b72743da175380dfcf2edbfacd0077cc25eb19d2ca7e9
Reactome,Nef-mediates down modulation of cell surface receptors by recruiting them to clathrin adapters,19,0.9999999999999998,False,official human pathways with 10-300 G_PRIMARY genes; equal weights/sqrt(size),f5c4faa94fe03b2d088b72743da175380dfcf2edbfacd0077cc25eb19d2ca7e9
Reactome,Negative Regulation of CDH1 Gene Transcription,58,0.9999999999999999,False,official human pathways with 10-300 G_PRIMARY genes; equal weights/sqrt(size),f5c4faa94fe03b2d088b72743da175380dfcf2edbfacd0077cc25eb19d2ca7e9
Reactome,Negative Regulation of DNA Double Strand Break Response,43,1.0,False,official human pathways with 10-300 G_PRIMARY genes; equal weights/sqrt(size),f5c4faa94fe03b2d088b72743da175380dfcf2edbfacd0077cc25eb19d2ca7e9
Reactome,Negative epigenetic regulation of rRNA expression,72,1.0,False,official human pathways with 10-300 G_PRIMARY genes; equal weights/sqrt(size),f5c4faa94fe03b2d088b72743da175380dfcf2edbfacd0077cc25eb19d2ca7e9
Reactome,Negative regulation of FGFR1 signaling,28,0.9999999999999999,False,official human pathways with 10-300 G_PRIMARY genes; equal weights/sqrt(size),f5c4faa94fe03b2d088b72743da175380dfcf2edbfacd0077cc25eb19d2ca7e9
Reactome,Negative regulation of FGFR2 signaling,29,0.9999999999999999,False,official human pathways with 10-300 G_PRIMARY genes; equal weights/sqrt(size),f5c4faa94fe03b2d088b72743da175380dfcf2edbfacd0077cc25eb19d2ca7e9
Reactome,Negative regulation of FGFR3 signaling,26,1.0,False,official human pathways with 10-300 G_PRIMARY genes; equal weights/sqrt(size),f5c4faa94fe03b2d088b72743da175380dfcf2edbfacd0077cc25eb19d2ca7e9
Reactome,Negative regulation of FGFR4 signaling,27,1.0,False,official human pathways with 10-300 G_PRIMARY genes; equal weights/sqrt(size),f5c4faa94fe03b2d088b72743da175380dfcf2edbfacd0077cc25eb19d2ca7e9
Reactome,Negative regulation of FLT3,15,0.9999999999999999,False,official human pathways with 10-300 G_PRIMARY genes; equal weights/sqrt(size),f5c4faa94fe03b2d088b72743da175380dfcf2edbfacd0077cc25eb19d2ca7e9
Reactome,Negative regulation of MAPK pathway,43,1.0,False,official human pathways with 10-300 G_PRIMARY genes; equal weights/sqrt(size),f5c4faa94fe03b2d088b72743da175380dfcf2edbfacd0077cc25eb19d2ca7e9
Reactome,Negative regulation of MET activity,21,1.0,False,official human pathways with 10-300 G_PRIMARY genes; equal weights/sqrt(size),f5c4faa94fe03b2d088b72743da175380dfcf2edbfacd0077cc25eb19d2ca7e9
Reactome,Negative regulation of NMDA receptor-mediated neuronal transmission,21,1.0,False,official human pathways with 10-300 G_PRIMARY genes; equal weights/sqrt(size),f5c4faa94fe03b2d088b72743da175380dfcf2edbfacd0077cc25eb19d2ca7e9
Reactome,Negative regulation of NOTCH4 signaling,44,1.0,False,official human pathways with 10-300 G_PRIMARY genes; equal weights/sqrt(size),f5c4faa94fe03b2d088b72743da175380dfcf2edbfacd0077cc25eb19d2ca7e9
Reactome,Negative regulation of TCF-dependent signaling by WNT ligand antagonists,11,1.0,False,official human pathways with 10-300 G_PRIMARY genes; equal weights/sqrt(size),f5c4faa94fe03b2d088b72743da175380dfcf2edbfacd0077cc25eb19d2ca7e9
Reactome,Negative regulation of the PI3K/AKT network,108,1.0,False,official human pathways with 10-300 G_PRIMARY genes; equal weights/sqrt(size),f5c4faa94fe03b2d088b72743da175380dfcf2edbfacd0077cc25eb19d2ca7e9
Reactome,Negative regulators of DDX58/IFIH1 signaling,35,0.9999999999999999,False,official human pathways with 10-300 G_PRIMARY genes; equal weights/sqrt(size),f5c4faa94fe03b2d088b72743da175380dfcf2edbfacd0077cc25eb19d2ca7e9
Reactome,Nephrin family interactions,22,0.9999999999999998,False,official human pathways with 10-300 G_PRIMARY genes; equal weights/sqrt(size),f5c4faa94fe03b2d088b72743da175380dfcf2edbfacd0077cc25eb19d2ca7e9
Reactome,Nephron development,11,1.0,False,official human pathways with 10-300 G_PRIMARY genes; equal weights/sqrt(size),f5c4faa94fe03b2d088b72743da175380dfcf2edbfacd0077cc25eb19d2ca7e9
Reactome,Netrin-1 signaling,44,1.0,False,official human pathways with 10-300 G_PRIMARY genes; equal weights/sqrt(size),f5c4faa94fe03b2d088b72743da175380dfcf2edbfacd0077cc25eb19d2ca7e9
Reactome,Neurexins and neuroligins,56,1.0,False,official human pathways with 10-300 G_PRIMARY genes; equal weights/sqrt(size),f5c4faa94fe03b2d088b72743da175380dfcf2edbfacd0077cc25eb19d2ca7e9
Reactome,Neurodegenerative Diseases,20,1.0,False,official human pathways with 10-300 G_PRIMARY genes; equal weights/sqrt(size),f5c4faa94fe03b2d088b72743da175380dfcf2edbfacd0077cc25eb19d2ca7e9
Reactome,Neurotoxicity of clostridium toxins,10,1.0,False,official human pathways with 10-300 G_PRIMARY genes; equal weights/sqrt(size),f5c4faa94fe03b2d088b72743da175380dfcf2edbfacd0077cc25eb19d2ca7e9
Reactome,Neurotransmitter clearance,10,1.0,False,official human pathways with 10-300 G_PRIMARY genes; equal weights/sqrt(size),f5c4faa94fe03b2d088b72743da175380dfcf2edbfacd0077cc25eb19d2ca7e9
Reactome,Neurotransmitter receptors and postsynaptic signal transmission,183,1.0,False,official human pathways with 10-300 G_PRIMARY genes; equal weights/sqrt(size),f5c4faa94fe03b2d088b72743da175380dfcf2edbfacd0077cc25eb19d2ca7e9
Reactome,Neurotransmitter release cycle,45,1.0,False,official human pathways with 10-300 G_PRIMARY genes; equal weights/sqrt(size),f5c4faa94fe03b2d088b72743da175380dfcf2edbfacd0077cc25eb19d2ca7e9
Reactome,Nicotinate metabolism,28,0.9999999999999999,False,official human pathways with 10-300 G_PRIMARY genes; equal weights/sqrt(size),f5c4faa94fe03b2d088b72743da175380dfcf2edbfacd0077cc25eb19d2ca7e9
Reactome,Nitric oxide stimulates guanylate cyclase,22,0.9999999999999998,False,official human pathways with 10-300 G_PRIMARY genes; equal weights/sqrt(size),f5c4faa94fe03b2d088b72743da175380dfcf2edbfacd0077cc25eb19d2ca7e9
Reactome,NoRC negatively regulates rRNA expression,69,0.9999999999999998,False,official human pathways with 10-300 G_PRIMARY genes; equal weights/sqrt(size),f5c4faa94fe03b2d088b72743da175380dfcf2edbfacd0077cc25eb19d2ca7e9
Reactome,Non-canonical inflammasome activation,14,0.9999999999999999,False,official human pathways with 10-300 G_PRIMARY genes; equal weights/sqrt(size),f5c4faa94fe03b2d088b72743da175380dfcf2edbfacd0077cc25eb19d2ca7e9
Reactome,Non-integrin membrane-ECM interactions,78,0.9999999999999998,False,official human pathways with 10-300 G_PRIMARY genes; equal weights/sqrt(size),f5c4faa94fe03b2d088b72743da175380dfcf2edbfacd0077cc25eb19d2ca7e9
Reactome,Nonhomologous End-Joining (NHEJ),48,1.0,False,official human pathways with 10-300 G_PRIMARY genes; equal weights/sqrt(size),f5c4faa94fe03b2d088b72743da175380dfcf2edbfacd0077cc25eb19d2ca7e9
Reactome,Nonsense Mediated Decay (NMD) enhanced by the Exon Junction Complex (EJC),114,1.0,False,official human pathways with 10-300 G_PRIMARY genes; equal weights/sqrt(size),f5c4faa94fe03b2d088b72743da175380dfcf2edbfacd0077cc25eb19d2ca7e9
Reactome,Nonsense Mediated Decay (NMD) independent of the Exon Junction Complex (EJC),94,0.9999999999999999,False,official human pathways with 10-300 G_PRIMARY genes; equal weights/sqrt(size),f5c4faa94fe03b2d088b72743da175380dfcf2edbfacd0077cc25eb19d2ca7e9
Reactome,Nonsense-Mediated Decay (NMD),114,1.0,False,official human pathways with 10-300 G_PRIMARY genes; equal weights/sqrt(size),f5c4faa94fe03b2d088b72743da175380dfcf2edbfacd0077cc25eb19d2ca7e9
Reactome,Norepinephrine Neurotransmitter Release Cycle,18,1.0,False,official human pathways with 10-300 G_PRIMARY genes; equal weights/sqrt(size),f5c4faa94fe03b2d088b72743da175380dfcf2edbfacd0077cc25eb19d2ca7e9
Reactome,Notch-HLH transcription pathway,28,0.9999999999999999,False,official human pathways with 10-300 G_PRIMARY genes; equal weights/sqrt(size),f5c4faa94fe03b2d088b72743da175380dfcf2edbfacd0077cc25eb19d2ca7e9
Reactome,NuRD complex assembly,57,1.0,False,official human pathways with 10-300 G_PRIMARY genes; equal weights/sqrt(size),f5c4faa94fe03b2d088b72743da175380dfcf2edbfacd0077cc25eb19d2ca7e9
Reactome,Nuclear Envelope (NE) Reassembly,73,1.0,False,official human pathways with 10-300 G_PRIMARY genes; equal weights/sqrt(size),f5c4faa94fe03b2d088b72743da175380dfcf2edbfacd0077cc25eb19d2ca7e9
Reactome,Nuclear Envelope Breakdown,53,1.0,False,official human pathways with 10-300 G_PRIMARY genes; equal weights/sqrt(size),f5c4faa94fe03b2d088b72743da175380dfcf2edbfacd0077cc25eb19d2ca7e9
Reactome,Nuclear Events (kinase and transcription factor activation),61,1.0,False,official human pathways with 10-300 G_PRIMARY genes; equal weights/sqrt(size),f5c4faa94fe03b2d088b72743da175380dfcf2edbfacd0077cc25eb19d2ca7e9
Reactome,Nuclear Pore Complex (NPC) Disassembly,36,1.0,False,official human pathways with 10-300 G_PRIMARY genes; equal weights/sqrt(size),f5c4faa94fe03b2d088b72743da175380dfcf2edbfacd0077cc25eb19d2ca7e9
Reactome,Nuclear RNA decay,35,0.9999999999999999,False,official human pathways with 10-300 G_PRIMARY genes; equal weights/sqrt(size),f5c4faa94fe03b2d088b72743da175380dfcf2edbfacd0077cc25eb19d2ca7e9
Reactome,Nuclear Receptor transcription pathway,49,0.9999999999999999,False,official human pathways with 10-300 G_PRIMARY genes; equal weights/sqrt(size),f5c4faa94fe03b2d088b72743da175380dfcf2edbfacd0077cc25eb19d2ca7e9
Reactome,Nuclear events mediated by NFE2L2,85,0.9999999999999999,False,official human pathways with 10-300 G_PRIMARY genes; equal weights/sqrt(size),f5c4faa94fe03b2d088b72743da175380dfcf2edbfacd0077cc25eb19d2ca7e9
Reactome,Nuclear events stimulated by ALK signaling in cancer,31,1.0,False,official human pathways with 10-300 G_PRIMARY genes; equal weights/sqrt(size),f5c4faa94fe03b2d088b72743da175380dfcf2edbfacd0077cc25eb19d2ca7e9
Reactome,Nuclear import of Rev protein,34,0.9999999999999999,False,official human pathways with 10-300 G_PRIMARY genes; equal weights/sqrt(size),f5c4faa94fe03b2d088b72743da175380dfcf2edbfacd0077cc25eb19d2ca7e9
Reactome,Nuclear signaling by ERBB4,29,0.9999999999999999,False,official human pathways with 10-300 G_PRIMARY genes; equal weights/sqrt(size),f5c4faa94fe03b2d088b72743da175380dfcf2edbfacd0077cc25eb19d2ca7e9
Reactome,Nucleosome assembly,49,0.9999999999999999,False,official human pathways with 10-300 G_PRIMARY genes; equal weights/sqrt(size),f5c4faa94fe03b2d088b72743da175380dfcf2edbfacd0077cc25eb19d2ca7e9
Reactome,Nucleotide Excision Repair,108,1.0,False,official human pathways with 10-300 G_PRIMARY genes; equal weights/sqrt(size),f5c4faa94fe03b2d088b72743da175380dfcf2edbfacd0077cc25eb19d2ca7e9
Reactome,Nucleotide biosynthesis,14,0.9999999999999999,False,official human pathways with 10-300 G_PRIMARY genes; equal weights/sqrt(size),f5c4faa94fe03b2d088b72743da175380dfcf2edbfacd0077cc25eb19d2ca7e9
Reactome,Nucleotide catabolism,32,0.9999999999999999,False,official human pathways with 10-300 G_PRIMARY genes; equal weights/sqrt(size),f5c4faa94fe03b2d088b72743da175380dfcf2edbfacd0077cc25eb19d2ca7e9
Reactome,Nucleotide salvage,22,0.9999999999999998,False,official human pathways with 10-300 G_PRIMARY genes; equal weights/sqrt(size),f5c4faa94fe03b2d088b72743da175380dfcf2edbfacd0077cc25eb19d2ca7e9
Reactome,"Nucleotide-binding domain, leucine rich repeat containing receptor (NLR) signaling pathways",56,1.0,False,official human pathways with 10-300 G_PRIMARY genes; equal weights/sqrt(size),f5c4faa94fe03b2d088b72743da175380dfcf2edbfacd0077cc25eb19d2ca7e9
Reactome,Nucleotide-like (purinergic) receptors,12,1.0,False,official human pathways with 10-300 G_PRIMARY genes; equal weights/sqrt(size),f5c4faa94fe03b2d088b72743da175380dfcf2edbfacd0077cc25eb19d2ca7e9
Reactome,O-glycosylation of TSR domain-containing proteins,38,0.9999999999999999,False,official human pathways with 10-300 G_PRIMARY genes; equal weights/sqrt(size),f5c4faa94fe03b2d088b72743da175380dfcf2edbfacd0077cc25eb19d2ca7e9
Reactome,O-linked glycosylation,118,1.0000000000000002,False,official human pathways with 10-300 G_PRIMARY genes; equal weights/sqrt(size),f5c4faa94fe03b2d088b72743da175380dfcf2edbfacd0077cc25eb19d2ca7e9
Reactome,O-linked glycosylation of mucins,59,1.0,False,official human pathways with 10-300 G_PRIMARY genes; equal weights/sqrt(size),f5c4faa94fe03b2d088b72743da175380dfcf2edbfacd0077cc25eb19d2ca7e9
Reactome,Olfactory Signaling Pathway,31,1.0,False,official human pathways with 10-300 G_PRIMARY genes; equal weights/sqrt(size),f5c4faa94fe03b2d088b72743da175380dfcf2edbfacd0077cc25eb19d2ca7e9
Reactome,Oncogene Induced Senescence,33,1.0,False,official human pathways with 10-300 G_PRIMARY genes; equal weights/sqrt(size),f5c4faa94fe03b2d088b72743da175380dfcf2edbfacd0077cc25eb19d2ca7e9
Reactome,Oncogenic MAPK signaling,82,0.9999999999999999,False,official human pathways with 10-300 G_PRIMARY genes; equal weights/sqrt(size),f5c4faa94fe03b2d088b72743da175380dfcf2edbfacd0077cc25eb19d2ca7e9
Reactome,Opioid Signalling,83,1.0,False,official human pathways with 10-300 G_PRIMARY genes; equal weights/sqrt(size),f5c4faa94fe03b2d088b72743da175380dfcf2edbfacd0077cc25eb19d2ca7e9
Reactome,Orc1 removal from chromatin,58,0.9999999999999999,False,official human pathways with 10-300 G_PRIMARY genes; equal weights/sqrt(size),f5c4faa94fe03b2d088b72743da175380dfcf2edbfacd0077cc25eb19d2ca7e9
Reactome,Organic anion transport by SLCO transporters,10,1.0,False,official human pathways with 10-300 G_PRIMARY genes; equal weights/sqrt(size),f5c4faa94fe03b2d088b72743da175380dfcf2edbfacd0077cc25eb19d2ca7e9
Reactome,Other interleukin signaling,23,0.9999999999999999,False,official human pathways with 10-300 G_PRIMARY genes; equal weights/sqrt(size),f5c4faa94fe03b2d088b72743da175380dfcf2edbfacd0077cc25eb19d2ca7e9
Reactome,Other semaphorin interactions,17,1.0,False,official human pathways with 10-300 G_PRIMARY genes; equal weights/sqrt(size),f5c4faa94fe03b2d088b72743da175380dfcf2edbfacd0077cc25eb19d2ca7e9
Reactome,Ovarian tumor domain proteases,39,1.0,False,official human pathways with 10-300 G_PRIMARY genes; equal weights/sqrt(size),f5c4faa94fe03b2d088b72743da175380dfcf2edbfacd0077cc25eb19d2ca7e9
Reactome,Oxidative Stress Induced Senescence,87,0.9999999999999999,False,official human pathways with 10-300 G_PRIMARY genes; equal weights/sqrt(size),f5c4faa94fe03b2d088b72743da175380dfcf2edbfacd0077cc25eb19d2ca7e9
Reactome,Oxygen-dependent proline hydroxylation of Hypoxia-inducible Factor Alpha,53,1.0,False,official human pathways with 10-300 G_PRIMARY genes; equal weights/sqrt(size),f5c4faa94fe03b2d088b72743da175380dfcf2edbfacd0077cc25eb19d2ca7e9
Reactome,PCNA-Dependent Long Patch Base Excision Repair,21,1.0,False,official human pathways with 10-300 G_PRIMARY genes; equal weights/sqrt(size),f5c4faa94fe03b2d088b72743da175380dfcf2edbfacd0077cc25eb19d2ca7e9
Reactome,PCP/CE pathway,78,0.9999999999999998,False,official human pathways with 10-300 G_PRIMARY genes; equal weights/sqrt(size),f5c4faa94fe03b2d088b72743da175380dfcf2edbfacd0077cc25eb19d2ca7e9
Reactome,PD-L1(CD274) glycosylation and translocation to plasma membrane,20,1.0,False,official human pathways with 10-300 G_PRIMARY genes; equal weights/sqrt(size),f5c4faa94fe03b2d088b72743da175380dfcf2edbfacd0077cc25eb19d2ca7e9
Reactome,PECAM1 interactions,12,1.0,False,official human pathways with 10-300 G_PRIMARY genes; equal weights/sqrt(size),f5c4faa94fe03b2d088b72743da175380dfcf2edbfacd0077cc25eb19d2ca7e9
Reactome,PELO:HBS1L and ABCE1 dissociate a ribosome on a non-stop mRNA,89,1.0,False,official human pathways with 10-300 G_PRIMARY genes; equal weights/sqrt(size),f5c4faa94fe03b2d088b72743da175380dfcf2edbfacd0077cc25eb19d2ca7e9
Reactome,PERK regulates gene expression,32,0.9999999999999999,False,official human pathways with 10-300 G_PRIMARY genes; equal weights/sqrt(size),f5c4faa94fe03b2d088b72743da175380dfcf2edbfacd0077cc25eb19d2ca7e9
Reactome,PI Metabolism,83,1.0,False,official human pathways with 10-300 G_PRIMARY genes; equal weights/sqrt(size),f5c4faa94fe03b2d088b72743da175380dfcf2edbfacd0077cc25eb19d2ca7e9
Reactome,PI-3K cascade:FGFR1,16,1.0,False,official human pathways with 10-300 G_PRIMARY genes; equal weights/sqrt(size),f5c4faa94fe03b2d088b72743da175380dfcf2edbfacd0077cc25eb19d2ca7e9
Reactome,PI-3K cascade:FGFR2,18,1.0,False,official human pathways with 10-300 G_PRIMARY genes; equal weights/sqrt(size),f5c4faa94fe03b2d088b72743da175380dfcf2edbfacd0077cc25eb19d2ca7e9
Reactome,PI-3K cascade:FGFR3,15,0.9999999999999999,False,official human pathways with 10-300 G_PRIMARY genes; equal weights/sqrt(size),f5c4faa94fe03b2d088b72743da175380dfcf2edbfacd0077cc25eb19d2ca7e9
Reactome,PI-3K cascade:FGFR4,16,1.0,False,official human pathways with 10-300 G_PRIMARY genes; equal weights/sqrt(size),f5c4faa94fe03b2d088b72743da175380dfcf2edbfacd0077cc25eb19d2ca7e9
Reactome,PI3K Cascade,37,0.9999999999999999,False,official human pathways with 10-300 G_PRIMARY genes; equal weights/sqrt(size),f5c4faa94fe03b2d088b72743da175380dfcf2edbfacd0077cc25eb19d2ca7e9
Reactome,PI3K events in ERBB2 signaling,16,1.0,False,official human pathways with 10-300 G_PRIMARY genes; equal weights/sqrt(size),f5c4faa94fe03b2d088b72743da175380dfcf2edbfacd0077cc25eb19d2ca7e9
Reactome,PI3K events in ERBB4 signaling,10,1.0,False,official human pathways with 10-300 G_PRIMARY genes; equal weights/sqrt(size),f5c4faa94fe03b2d088b72743da175380dfcf2edbfacd0077cc25eb19d2ca7e9
Reactome,PI3K/AKT Signaling in Cancer,101,0.9999999999999999,False,official human pathways with 10-300 G_PRIMARY genes; equal weights/sqrt(size),f5c4faa94fe03b2d088b72743da175380dfcf2edbfacd0077cc25eb19d2ca7e9
Reactome,"PI5P, PP2A and IER3 Regulate PI3K/AKT Signaling",101,0.9999999999999999,False,official human pathways with 10-300 G_PRIMARY genes; equal weights/sqrt(size),f5c4faa94fe03b2d088b72743da175380dfcf2edbfacd0077cc25eb19d2ca7e9
Reactome,PINK1-PRKN Mediated Mitophagy,31,1.0,False,official human pathways with 10-300 G_PRIMARY genes; equal weights/sqrt(size),f5c4faa94fe03b2d088b72743da175380dfcf2edbfacd0077cc25eb19d2ca7e9
Reactome,PIP3 activates AKT signaling,252,0.9999999999999999,False,official human pathways with 10-300 G_PRIMARY genes; equal weights/sqrt(size),f5c4faa94fe03b2d088b72743da175380dfcf2edbfacd0077cc25eb19d2ca7e9
Reactome,PIWI-interacting RNA (piRNA) biogenesis,26,1.0,False,official human pathways with 10-300 G_PRIMARY genes; equal weights/sqrt(size),f5c4faa94fe03b2d088b72743da175380dfcf2edbfacd0077cc25eb19d2ca7e9
Reactome,PKA activation,17,1.0,False,official human pathways with 10-300 G_PRIMARY genes; equal weights/sqrt(size),f5c4faa94fe03b2d088b72743da175380dfcf2edbfacd0077cc25eb19d2ca7e9
Reactome,PKA activation in glucagon signalling,16,1.0,False,official human pathways with 10-300 G_PRIMARY genes; equal weights/sqrt(size),f5c4faa94fe03b2d088b72743da175380dfcf2edbfacd0077cc25eb19d2ca7e9
Reactome,PKA-mediated phosphorylation of CREB,19,0.9999999999999998,False,official human pathways with 10-300 G_PRIMARY genes; equal weights/sqrt(size),f5c4faa94fe03b2d088b72743da175380dfcf2edbfacd0077cc25eb19d2ca7e9
Reactome,PKMTs methylate histone lysines,45,1.0,False,official human pathways with 10-300 G_PRIMARY genes; equal weights/sqrt(size),f5c4faa94fe03b2d088b72743da175380dfcf2edbfacd0077cc25eb19d2ca7e9
Reactome,PKR-mediated signaling,73,1.0,False,official human pathways with 10-300 G_PRIMARY genes; equal weights/sqrt(size),f5c4faa94fe03b2d088b72743da175380dfcf2edbfacd0077cc25eb19d2ca7e9
Reactome,PLC beta mediated events,48,1.0,False,official human pathways with 10-300 G_PRIMARY genes; equal weights/sqrt(size),f5c4faa94fe03b2d088b72743da175380dfcf2edbfacd0077cc25eb19d2ca7e9
Reactome,"POU5F1 (OCT4), SOX2, NANOG activate genes related to proliferation",10,1.0,False,official human pathways with 10-300 G_PRIMARY genes; equal weights/sqrt(size),f5c4faa94fe03b2d088b72743da175380dfcf2edbfacd0077cc25eb19d2ca7e9
Reactome,PPARA activates gene expression,112,0.9999999999999998,False,official human pathways with 10-300 G_PRIMARY genes; equal weights/sqrt(size),f5c4faa94fe03b2d088b72743da175380dfcf2edbfacd0077cc25eb19d2ca7e9
Reactome,PRC2 methylates histones and DNA,38,0.9999999999999999,False,official human pathways with 10-300 G_PRIMARY genes; equal weights/sqrt(size),f5c4faa94fe03b2d088b72743da175380dfcf2edbfacd0077cc25eb19d2ca7e9
Reactome,PTEN Regulation,128,0.9999999999999999,False,official human pathways with 10-300 G_PRIMARY genes; equal weights/sqrt(size),f5c4faa94fe03b2d088b72743da175380dfcf2edbfacd0077cc25eb19d2ca7e9
Reactome,"PTK6 Regulates RHO GTPases, RAS GTPase and MAP kinases",14,0.9999999999999999,False,official human pathways with 10-300 G_PRIMARY genes; equal weights/sqrt(size),f5c4faa94fe03b2d088b72743da175380dfcf2edbfacd0077cc25eb19d2ca7e9
Reactome,Packaging Of Telomere Ends,27,1.0,False,official human pathways with 10-300 G_PRIMARY genes; equal weights/sqrt(size),f5c4faa94fe03b2d088b72743da175380dfcf2edbfacd0077cc25eb19d2ca7e9
Reactome,Paracetamol ADME,22,0.9999999999999998,False,official human pathways with 10-300 G_PRIMARY genes; equal weights/sqrt(size),f5c4faa94fe03b2d088b72743da175380dfcf2edbfacd0077cc25eb19d2ca7e9
Reactome,Paradoxical activation of RAF signaling by kinase inactive BRAF,45,1.0,False,official human pathways with 10-300 G_PRIMARY genes; equal weights/sqrt(size),f5c4faa94fe03b2d088b72743da175380dfcf2edbfacd0077cc25eb19d2ca7e9
Reactome,Parasite infection,56,1.0,False,official human pathways with 10-300 G_PRIMARY genes; equal weights/sqrt(size),f5c4faa94fe03b2d088b72743da175380dfcf2edbfacd0077cc25eb19d2ca7e9
Reactome,Parasitic Infection Pathways,147,1.0,False,official human pathways with 10-300 G_PRIMARY genes; equal weights/sqrt(size),f5c4faa94fe03b2d088b72743da175380dfcf2edbfacd0077cc25eb19d2ca7e9
Reactome,Pausing and recovery of HIV elongation,32,0.9999999999999999,False,official human pathways with 10-300 G_PRIMARY genes; equal weights/sqrt(size),f5c4faa94fe03b2d088b72743da175380dfcf2edbfacd0077cc25eb19d2ca7e9
Reactome,Pausing and recovery of Tat-mediated HIV elongation,30,0.9999999999999999,False,official human pathways with 10-300 G_PRIMARY genes; equal weights/sqrt(size),f5c4faa94fe03b2d088b72743da175380dfcf2edbfacd0077cc25eb19d2ca7e9
Reactome,Pentose phosphate pathway,13,0.9999999999999999,False,official human pathways with 10-300 G_PRIMARY genes; equal weights/sqrt(size),f5c4faa94fe03b2d088b72743da175380dfcf2edbfacd0077cc25eb19d2ca7e9
Reactome,Peptide chain elongation,88,1.0,False,official human pathways with 10-300 G_PRIMARY genes; equal weights/sqrt(size),f5c4faa94fe03b2d088b72743da175380dfcf2edbfacd0077cc25eb19d2ca7e9
Reactome,Peptide hormone metabolism,69,0.9999999999999998,False,official human pathways with 10-300 G_PRIMARY genes; equal weights/sqrt(size),f5c4faa94fe03b2d088b72743da175380dfcf2edbfacd0077cc25eb19d2ca7e9
Reactome,Peptide ligand-binding receptors,110,0.9999999999999999,False,official human pathways with 10-300 G_PRIMARY genes; equal weights/sqrt(size),f5c4faa94fe03b2d088b72743da175380dfcf2edbfacd0077cc25eb19d2ca7e9
Reactome,Peroxisomal lipid metabolism,27,1.0,False,official human pathways with 10-300 G_PRIMARY genes; equal weights/sqrt(size),f5c4faa94fe03b2d088b72743da175380dfcf2edbfacd0077cc25eb19d2ca7e9
Reactome,Peroxisomal protein import,60,0.9999999999999998,False,official human pathways with 10-300 G_PRIMARY genes; equal weights/sqrt(size),f5c4faa94fe03b2d088b72743da175380dfcf2edbfacd0077cc25eb19d2ca7e9
Reactome,Pervasive developmental disorders,13,0.9999999999999999,False,official human pathways with 10-300 G_PRIMARY genes; equal weights/sqrt(size),f5c4faa94fe03b2d088b72743da175380dfcf2edbfacd0077cc25eb19d2ca7e9
Reactome,Pexophagy,11,1.0,False,official human pathways with 10-300 G_PRIMARY genes; equal weights/sqrt(size),f5c4faa94fe03b2d088b72743da175380dfcf2edbfacd0077cc25eb19d2ca7e9
Reactome,Phase 0 - rapid depolarisation,31,1.0,False,official human pathways with 10-300 G_PRIMARY genes; equal weights/sqrt(size),f5c4faa94fe03b2d088b72743da175380dfcf2edbfacd0077cc25eb19d2ca7e9
Reactome,Phase 2 - plateau phase,15,0.9999999999999999,False,official human pathways with 10-300 G_PRIMARY genes; equal weights/sqrt(size),f5c4faa94fe03b2d088b72743da175380dfcf2edbfacd0077cc25eb19d2ca7e9
Reactome,Phase 4 - resting membrane potential,16,1.0,False,official human pathways with 10-300 G_PRIMARY genes; equal weights/sqrt(size),f5c4faa94fe03b2d088b72743da175380dfcf2edbfacd0077cc25eb19d2ca7e9
Reactome,Phase I - Functionalization of compounds,78,0.9999999999999998,False,official human pathways with 10-300 G_PRIMARY genes; equal weights/sqrt(size),f5c4faa94fe03b2d088b72743da175380dfcf2edbfacd0077cc25eb19d2ca7e9
Reactome,Phase II - Conjugation of compounds,76,1.0,False,official human pathways with 10-300 G_PRIMARY genes; equal weights/sqrt(size),f5c4faa94fe03b2d088b72743da175380dfcf2edbfacd0077cc25eb19d2ca7e9
Reactome,Phenylalanine and tyrosine metabolism,10,1.0,False,official human pathways with 10-300 G_PRIMARY genes; equal weights/sqrt(size),f5c4faa94fe03b2d088b72743da175380dfcf2edbfacd0077cc25eb19d2ca7e9
Reactome,Phospholipase C-mediated cascade: FGFR1,11,1.0,False,official human pathways with 10-300 G_PRIMARY genes; equal weights/sqrt(size),f5c4faa94fe03b2d088b72743da175380dfcf2edbfacd0077cc25eb19d2ca7e9
Reactome,Phospholipase C-mediated cascade; FGFR2,13,0.9999999999999999,False,official human pathways with 10-300 G_PRIMARY genes; equal weights/sqrt(size),f5c4faa94fe03b2d088b72743da175380dfcf2edbfacd0077cc25eb19d2ca7e9
Reactome,Phospholipase C-mediated cascade; FGFR3,10,1.0,False,official human pathways with 10-300 G_PRIMARY genes; equal weights/sqrt(size),f5c4faa94fe03b2d088b72743da175380dfcf2edbfacd0077cc25eb19d2ca7e9
Reactome,Phospholipase C-mediated cascade; FGFR4,11,1.0,False,official human pathways with 10-300 G_PRIMARY genes; equal weights/sqrt(size),f5c4faa94fe03b2d088b72743da175380dfcf2edbfacd0077cc25eb19d2ca7e9
Reactome,Phospholipid metabolism,198,1.0000000000000002,False,official human pathways with 10-300 G_PRIMARY genes; equal weights/sqrt(size),f5c4faa94fe03b2d088b72743da175380dfcf2edbfacd0077cc25eb19d2ca7e9
Reactome,Phosphorylated BMAL1:CLOCK (ARNTL:CLOCK) activates expression of core clock genes,22,0.9999999999999998,False,official human pathways with 10-300 G_PRIMARY genes; equal weights/sqrt(size),f5c4faa94fe03b2d088b72743da175380dfcf2edbfacd0077cc25eb19d2ca7e9
Reactome,Phosphorylation and nuclear translocation of the CRY:PER:kinase complex,14,0.9999999999999999,False,official human pathways with 10-300 G_PRIMARY genes; equal weights/sqrt(size),f5c4faa94fe03b2d088b72743da175380dfcf2edbfacd0077cc25eb19d2ca7e9
Reactome,Phosphorylation of CD3 and TCR zeta chains,14,0.9999999999999999,False,official human pathways with 10-300 G_PRIMARY genes; equal weights/sqrt(size),f5c4faa94fe03b2d088b72743da175380dfcf2edbfacd0077cc25eb19d2ca7e9
Reactome,"Phosphorylation of CLOCK, acetylation of BMAL1 (ARNTL) at target gene promoters",11,1.0,False,official human pathways with 10-300 G_PRIMARY genes; equal weights/sqrt(size),f5c4faa94fe03b2d088b72743da175380dfcf2edbfacd0077cc25eb19d2ca7e9
Reactome,Phosphorylation of the APC/C,20,1.0,False,official human pathways with 10-300 G_PRIMARY genes; equal weights/sqrt(size),f5c4faa94fe03b2d088b72743da175380dfcf2edbfacd0077cc25eb19d2ca7e9
Reactome,Physiological factors,11,1.0,False,official human pathways with 10-300 G_PRIMARY genes; equal weights/sqrt(size),f5c4faa94fe03b2d088b72743da175380dfcf2edbfacd0077cc25eb19d2ca7e9
Reactome,Plasma lipoprotein assembly,15,0.9999999999999999,False,official human pathways with 10-300 G_PRIMARY genes; equal weights/sqrt(size),f5c4faa94fe03b2d088b72743da175380dfcf2edbfacd0077cc25eb19d2ca7e9
Reactome,"Plasma lipoprotein assembly, remodeling, and clearance",64,1.0,False,official human pathways with 10-300 G_PRIMARY genes; equal weights/sqrt(size),f5c4faa94fe03b2d088b72743da175380dfcf2edbfacd0077cc25eb19d2ca7e9
Reactome,Plasma lipoprotein clearance,35,0.9999999999999999,False,official human pathways with 10-300 G_PRIMARY genes; equal weights/sqrt(size),f5c4faa94fe03b2d088b72743da175380dfcf2edbfacd0077cc25eb19d2ca7e9
Reactome,Plasma lipoprotein remodeling,26,1.0,False,official human pathways with 10-300 G_PRIMARY genes; equal weights/sqrt(size),f5c4faa94fe03b2d088b72743da175380dfcf2edbfacd0077cc25eb19d2ca7e9
Reactome,Platelet Adhesion to exposed collagen,15,0.9999999999999999,False,official human pathways with 10-300 G_PRIMARY genes; equal weights/sqrt(size),f5c4faa94fe03b2d088b72743da175380dfcf2edbfacd0077cc25eb19d2ca7e9
Reactome,Platelet Aggregation (Plug Formation),36,1.0,False,official human pathways with 10-300 G_PRIMARY genes; equal weights/sqrt(size),f5c4faa94fe03b2d088b72743da175380dfcf2edbfacd0077cc25eb19d2ca7e9
Reactome,"Platelet activation, signaling and aggregation",237,0.9999999999999997,False,official human pathways with 10-300 G_PRIMARY genes; equal weights/sqrt(size),f5c4faa94fe03b2d088b72743da175380dfcf2edbfacd0077cc25eb19d2ca7e9
Reactome,Platelet calcium homeostasis,25,1.0,False,official human pathways with 10-300 G_PRIMARY genes; equal weights/sqrt(size),f5c4faa94fe03b2d088b72743da175380dfcf2edbfacd0077cc25eb19d2ca7e9
Reactome,Platelet degranulation,112,0.9999999999999998,False,official human pathways with 10-300 G_PRIMARY genes; equal weights/sqrt(size),f5c4faa94fe03b2d088b72743da175380dfcf2edbfacd0077cc25eb19d2ca7e9
Reactome,Platelet homeostasis,78,0.9999999999999998,False,official human pathways with 10-300 G_PRIMARY genes; equal weights/sqrt(size),f5c4faa94fe03b2d088b72743da175380dfcf2edbfacd0077cc25eb19d2ca7e9
Reactome,Platelet sensitization by LDL,16,1.0,False,official human pathways with 10-300 G_PRIMARY genes; equal weights/sqrt(size),f5c4faa94fe03b2d088b72743da175380dfcf2edbfacd0077cc25eb19d2ca7e9
Reactome,Polo-like kinase mediated events,16,1.0,False,official human pathways with 10-300 G_PRIMARY genes; equal weights/sqrt(size),f5c4faa94fe03b2d088b72743da175380dfcf2edbfacd0077cc25eb19d2ca7e9
Reactome,Polymerase switching,14,0.9999999999999999,False,official human pathways with 10-300 G_PRIMARY genes; equal weights/sqrt(size),f5c4faa94fe03b2d088b72743da175380dfcf2edbfacd0077cc25eb19d2ca7e9
Reactome,Polymerase switching on the C-strand of the telomere,26,1.0,False,official human pathways with 10-300 G_PRIMARY genes; equal weights/sqrt(size),f5c4faa94fe03b2d088b72743da175380dfcf2edbfacd0077cc25eb19d2ca7e9
Reactome,Positive Regulation of CDH1 Gene Transcription,12,1.0,False,official human pathways with 10-300 G_PRIMARY genes; equal weights/sqrt(size),f5c4faa94fe03b2d088b72743da175380dfcf2edbfacd0077cc25eb19d2ca7e9
Reactome,Positive epigenetic regulation of rRNA expression,69,0.9999999999999998,False,official human pathways with 10-300 G_PRIMARY genes; equal weights/sqrt(size),f5c4faa94fe03b2d088b72743da175380dfcf2edbfacd0077cc25eb19d2ca7e9
Reactome,Post NMDA receptor activation events,76,1.0,False,official human pathways with 10-300 G_PRIMARY genes; equal weights/sqrt(size),f5c4faa94fe03b2d088b72743da175380dfcf2edbfacd0077cc25eb19d2ca7e9
Reactome,Post-chaperonin tubulin folding pathway,20,1.0,False,official human pathways with 10-300 G_PRIMARY genes; equal weights/sqrt(size),f5c4faa94fe03b2d088b72743da175380dfcf2edbfacd0077cc25eb19d2ca7e9
Reactome,Post-translational modification: synthesis of GPI-anchored proteins,72,1.0,False,official human pathways with 10-300 G_PRIMARY genes; equal weights/sqrt(size),f5c4faa94fe03b2d088b72743da175380dfcf2edbfacd0077cc25eb19d2ca7e9
Reactome,Post-translational protein phosphorylation,92,1.0000000000000002,False,official human pathways with 10-300 G_PRIMARY genes; equal weights/sqrt(size),f5c4faa94fe03b2d088b72743da175380dfcf2edbfacd0077cc25eb19d2ca7e9
Reactome,Postmitotic nuclear pore complex (NPC) reformation,27,1.0,False,official human pathways with 10-300 G_PRIMARY genes; equal weights/sqrt(size),f5c4faa94fe03b2d088b72743da175380dfcf2edbfacd0077cc25eb19d2ca7e9
Reactome,Potassium Channels,83,1.0,False,official human pathways with 10-300 G_PRIMARY genes; equal weights/sqrt(size),f5c4faa94fe03b2d088b72743da175380dfcf2edbfacd0077cc25eb19d2ca7e9
Reactome,Potential therapeutics for SARS,90,1.0,False,official human pathways with 10-300 G_PRIMARY genes; equal weights/sqrt(size),f5c4faa94fe03b2d088b72743da175380dfcf2edbfacd0077cc25eb19d2ca7e9
Reactome,Pre-NOTCH Expression and Processing,77,1.0,False,official human pathways with 10-300 G_PRIMARY genes; equal weights/sqrt(size),f5c4faa94fe03b2d088b72743da175380dfcf2edbfacd0077cc25eb19d2ca7e9
Reactome,Pre-NOTCH Processing in Golgi,18,1.0,False,official human pathways with 10-300 G_PRIMARY genes; equal weights/sqrt(size),f5c4faa94fe03b2d088b72743da175380dfcf2edbfacd0077cc25eb19d2ca7e9
Reactome,Pre-NOTCH Transcription and Translation,61,1.0,False,official human pathways with 10-300 G_PRIMARY genes; equal weights/sqrt(size),f5c4faa94fe03b2d088b72743da175380dfcf2edbfacd0077cc25eb19d2ca7e9
Reactome,Prefoldin mediated transfer of substrate  to CCT/TriC,26,1.0,False,official human pathways with 10-300 G_PRIMARY genes; equal weights/sqrt(size),f5c4faa94fe03b2d088b72743da175380dfcf2edbfacd0077cc25eb19d2ca7e9
Reactome,Pregnenolone biosynthesis,11,1.0,False,official human pathways with 10-300 G_PRIMARY genes; equal weights/sqrt(size),f5c4faa94fe03b2d088b72743da175380dfcf2edbfacd0077cc25eb19d2ca7e9
Reactome,Presynaptic depolarization and calcium channel opening,12,1.0,False,official human pathways with 10-300 G_PRIMARY genes; equal weights/sqrt(size),f5c4faa94fe03b2d088b72743da175380dfcf2edbfacd0077cc25eb19d2ca7e9
Reactome,Presynaptic function of Kainate receptors,17,1.0,False,official human pathways with 10-300 G_PRIMARY genes; equal weights/sqrt(size),f5c4faa94fe03b2d088b72743da175380dfcf2edbfacd0077cc25eb19d2ca7e9
Reactome,Presynaptic phase of homologous DNA pairing and strand exchange,40,1.0,False,official human pathways with 10-300 G_PRIMARY genes; equal weights/sqrt(size),f5c4faa94fe03b2d088b72743da175380dfcf2edbfacd0077cc25eb19d2ca7e9
Reactome,Processing and activation of SUMO,10,1.0,False,official human pathways with 10-300 G_PRIMARY genes; equal weights/sqrt(size),f5c4faa94fe03b2d088b72743da175380dfcf2edbfacd0077cc25eb19d2ca7e9
Reactome,Processing of Capped Intron-Containing Pre-mRNA,291,1.0,False,official human pathways with 10-300 G_PRIMARY genes; equal weights/sqrt(size),f5c4faa94fe03b2d088b72743da175380dfcf2edbfacd0077cc25eb19d2ca7e9
Reactome,Processing of Capped Intronless Pre-mRNA,29,0.9999999999999999,False,official human pathways with 10-300 G_PRIMARY genes; equal weights/sqrt(size),f5c4faa94fe03b2d088b72743da175380dfcf2edbfacd0077cc25eb19d2ca7e9
Reactome,Processing of DNA double-strand break ends,77,1.0,False,official human pathways with 10-300 G_PRIMARY genes; equal weights/sqrt(size),f5c4faa94fe03b2d088b72743da175380dfcf2edbfacd0077cc25eb19d2ca7e9
Reactome,Processing of Intronless Pre-mRNAs,20,1.0,False,official human pathways with 10-300 G_PRIMARY genes; equal weights/sqrt(size),f5c4faa94fe03b2d088b72743da175380dfcf2edbfacd0077cc25eb19d2ca7e9
Reactome,Processing of SMDT1,16,1.0,False,official human pathways with 10-300 G_PRIMARY genes; equal weights/sqrt(size),f5c4faa94fe03b2d088b72743da175380dfcf2edbfacd0077cc25eb19d2ca7e9
Reactome,Processing of antigen in germinal center B cells,82,0.9999999999999999,False,official human pathways with 10-300 G_PRIMARY genes; equal weights/sqrt(size),f5c4faa94fe03b2d088b72743da175380dfcf2edbfacd0077cc25eb19d2ca7e9
Reactome,Processive synthesis on the C-strand of the telomere,19,0.9999999999999998,False,official human pathways with 10-300 G_PRIMARY genes; equal weights/sqrt(size),f5c4faa94fe03b2d088b72743da175380dfcf2edbfacd0077cc25eb19d2ca7e9
Reactome,Processive synthesis on the lagging strand,15,0.9999999999999999,False,official human pathways with 10-300 G_PRIMARY genes; equal weights/sqrt(size),f5c4faa94fe03b2d088b72743da175380dfcf2edbfacd0077cc25eb19d2ca7e9
Reactome,Programmed Cell Death,195,1.0000000000000002,False,official human pathways with 10-300 G_PRIMARY genes; equal weights/sqrt(size),f5c4faa94fe03b2d088b72743da175380dfcf2edbfacd0077cc25eb19d2ca7e9
Reactome,Prolactin receptor signaling,11,1.0,False,official human pathways with 10-300 G_PRIMARY genes; equal weights/sqrt(size),f5c4faa94fe03b2d088b72743da175380dfcf2edbfacd0077cc25eb19d2ca7e9
Reactome,Prolonged ERK activation events,14,0.9999999999999999,False,official human pathways with 10-300 G_PRIMARY genes; equal weights/sqrt(size),f5c4faa94fe03b2d088b72743da175380dfcf2edbfacd0077cc25eb19d2ca7e9
Reactome,Prostacyclin signalling through prostacyclin receptor,15,0.9999999999999999,False,official human pathways with 10-300 G_PRIMARY genes; equal weights/sqrt(size),f5c4faa94fe03b2d088b72743da175380dfcf2edbfacd0077cc25eb19d2ca7e9
Reactome,Proteasome assembly,51,1.0,False,official human pathways with 10-300 G_PRIMARY genes; equal weights/sqrt(size),f5c4faa94fe03b2d088b72743da175380dfcf2edbfacd0077cc25eb19d2ca7e9
Reactome,Protein folding,90,1.0,False,official human pathways with 10-300 G_PRIMARY genes; equal weights/sqrt(size),f5c4faa94fe03b2d088b72743da175380dfcf2edbfacd0077cc25eb19d2ca7e9
Reactome,Protein hydroxylation,19,0.9999999999999998,False,official human pathways with 10-300 G_PRIMARY genes; equal weights/sqrt(size),f5c4faa94fe03b2d088b72743da175380dfcf2edbfacd0077cc25eb19d2ca7e9
Reactome,Protein lipoylation,10,1.0,False,official human pathways with 10-300 G_PRIMARY genes; equal weights/sqrt(size),f5c4faa94fe03b2d088b72743da175380dfcf2edbfacd0077cc25eb19d2ca7e9
Reactome,Protein localization,159,1.0,False,official human pathways with 10-300 G_PRIMARY genes; equal weights/sqrt(size),f5c4faa94fe03b2d088b72743da175380dfcf2edbfacd0077cc25eb19d2ca7e9
Reactome,Protein methylation,17,1.0,False,official human pathways with 10-300 G_PRIMARY genes; equal weights/sqrt(size),f5c4faa94fe03b2d088b72743da175380dfcf2edbfacd0077cc25eb19d2ca7e9
Reactome,Protein ubiquitination,75,0.9999999999999999,False,official human pathways with 10-300 G_PRIMARY genes; equal weights/sqrt(size),f5c4faa94fe03b2d088b72743da175380dfcf2edbfacd0077cc25eb19d2ca7e9
Reactome,Protein-protein interactions at synapses,86,1.0,False,official human pathways with 10-300 G_PRIMARY genes; equal weights/sqrt(size),f5c4faa94fe03b2d088b72743da175380dfcf2edbfacd0077cc25eb19d2ca7e9
Reactome,Purine catabolism,15,0.9999999999999999,False,official human pathways with 10-300 G_PRIMARY genes; equal weights/sqrt(size),f5c4faa94fe03b2d088b72743da175380dfcf2edbfacd0077cc25eb19d2ca7e9
Reactome,Purine ribonucleoside monophosphate biosynthesis,11,1.0,False,official human pathways with 10-300 G_PRIMARY genes; equal weights/sqrt(size),f5c4faa94fe03b2d088b72743da175380dfcf2edbfacd0077cc25eb19d2ca7e9
Reactome,Purine salvage,12,1.0,False,official human pathways with 10-300 G_PRIMARY genes; equal weights/sqrt(size),f5c4faa94fe03b2d088b72743da175380dfcf2edbfacd0077cc25eb19d2ca7e9
Reactome,Purinergic signaling in leishmaniasis infection,24,1.0,False,official human pathways with 10-300 G_PRIMARY genes; equal weights/sqrt(size),f5c4faa94fe03b2d088b72743da175380dfcf2edbfacd0077cc25eb19d2ca7e9
Reactome,Pyrimidine catabolism,10,1.0,False,official human pathways with 10-300 G_PRIMARY genes; equal weights/sqrt(size),f5c4faa94fe03b2d088b72743da175380dfcf2edbfacd0077cc25eb19d2ca7e9
Reactome,Pyrimidine salvage,11,1.0,False,official human pathways with 10-300 G_PRIMARY genes; equal weights/sqrt(size),f5c4faa94fe03b2d088b72743da175380dfcf2edbfacd0077cc25eb19d2ca7e9
Reactome,Pyroptosis,26,1.0,False,official human pathways with 10-300 G_PRIMARY genes; equal weights/sqrt(size),f5c4faa94fe03b2d088b72743da175380dfcf2edbfacd0077cc25eb19d2ca7e9
Reactome,Pyruvate metabolism,46,0.9999999999999999,False,official human pathways with 10-300 G_PRIMARY genes; equal weights/sqrt(size),f5c4faa94fe03b2d088b72743da175380dfcf2edbfacd0077cc25eb19d2ca7e9
Reactome,RA biosynthesis pathway,18,1.0,False,official human pathways with 10-300 G_PRIMARY genes; equal weights/sqrt(size),f5c4faa94fe03b2d088b72743da175380dfcf2edbfacd0077cc25eb19d2ca7e9
Reactome,RAB GEFs exchange GTP for GDP on RABs,90,1.0,False,official human pathways with 10-300 G_PRIMARY genes; equal weights/sqrt(size),f5c4faa94fe03b2d088b72743da175380dfcf2edbfacd0077cc25eb19d2ca7e9
Reactome,RAB geranylgeranylation,64,1.0,False,official human pathways with 10-300 G_PRIMARY genes; equal weights/sqrt(size),f5c4faa94fe03b2d088b72743da175380dfcf2edbfacd0077cc25eb19d2ca7e9
Reactome,RAC1 GTPase cycle,180,1.0,False,official human pathways with 10-300 G_PRIMARY genes; equal weights/sqrt(size),f5c4faa94fe03b2d088b72743da175380dfcf2edbfacd0077cc25eb19d2ca7e9
Reactome,RAC2 GTPase cycle,87,0.9999999999999999,False,official human pathways with 10-300 G_PRIMARY genes; equal weights/sqrt(size),f5c4faa94fe03b2d088b72743da175380dfcf2edbfacd0077cc25eb19d2ca7e9
Reactome,RAC3 GTPase cycle,91,1.0,False,official human pathways with 10-300 G_PRIMARY genes; equal weights/sqrt(size),f5c4faa94fe03b2d088b72743da175380dfcf2edbfacd0077cc25eb19d2ca7e9
Reactome,RAF activation,34,0.9999999999999999,False,official human pathways with 10-300 G_PRIMARY genes; equal weights/sqrt(size),f5c4faa94fe03b2d088b72743da175380dfcf2edbfacd0077cc25eb19d2ca7e9
Reactome,RAF-independent MAPK1/3 activation,23,0.9999999999999999,False,official human pathways with 10-300 G_PRIMARY genes; equal weights/sqrt(size),f5c4faa94fe03b2d088b72743da175380dfcf2edbfacd0077cc25eb19d2ca7e9
Reactome,RAF/MAP kinase cascade,252,0.9999999999999999,False,official human pathways with 10-300 G_PRIMARY genes; equal weights/sqrt(size),f5c4faa94fe03b2d088b72743da175380dfcf2edbfacd0077cc25eb19d2ca7e9
Reactome,RAS processing,23,0.9999999999999999,False,official human pathways with 10-300 G_PRIMARY genes; equal weights/sqrt(size),f5c4faa94fe03b2d088b72743da175380dfcf2edbfacd0077cc25eb19d2ca7e9
Reactome,RET signaling,38,0.9999999999999999,False,official human pathways with 10-300 G_PRIMARY genes; equal weights/sqrt(size),f5c4faa94fe03b2d088b72743da175380dfcf2edbfacd0077cc25eb19d2ca7e9
Reactome,RHO GTPase Effectors,279,0.9999999999999999,False,official human pathways with 10-300 G_PRIMARY genes; equal weights/sqrt(size),f5c4faa94fe03b2d088b72743da175380dfcf2edbfacd0077cc25eb19d2ca7e9
Reactome,RHO GTPases Activate Formins,136,1.0,False,official human pathways with 10-300 G_PRIMARY genes; equal weights/sqrt(size),f5c4faa94fe03b2d088b72743da175380dfcf2edbfacd0077cc25eb19d2ca7e9
Reactome,RHO GTPases Activate NADPH Oxidases,22,0.9999999999999998,False,official human pathways with 10-300 G_PRIMARY genes; equal weights/sqrt(size),f5c4faa94fe03b2d088b72743da175380dfcf2edbfacd0077cc25eb19d2ca7e9
Reactome,RHO GTPases Activate ROCKs,19,0.9999999999999998,False,official human pathways with 10-300 G_PRIMARY genes; equal weights/sqrt(size),f5c4faa94fe03b2d088b72743da175380dfcf2edbfacd0077cc25eb19d2ca7e9
Reactome,RHO GTPases Activate WASPs and WAVEs,36,1.0,False,official human pathways with 10-300 G_PRIMARY genes; equal weights/sqrt(size),f5c4faa94fe03b2d088b72743da175380dfcf2edbfacd0077cc25eb19d2ca7e9
Reactome,RHO GTPases activate CIT,19,0.9999999999999998,False,official human pathways with 10-300 G_PRIMARY genes; equal weights/sqrt(size),f5c4faa94fe03b2d088b72743da175380dfcf2edbfacd0077cc25eb19d2ca7e9
Reactome,RHO GTPases activate IQGAPs,29,0.9999999999999999,False,official human pathways with 10-300 G_PRIMARY genes; equal weights/sqrt(size),f5c4faa94fe03b2d088b72743da175380dfcf2edbfacd0077cc25eb19d2ca7e9
Reactome,RHO GTPases activate KTN1,11,1.0,False,official human pathways with 10-300 G_PRIMARY genes; equal weights/sqrt(size),f5c4faa94fe03b2d088b72743da175380dfcf2edbfacd0077cc25eb19d2ca7e9
Reactome,RHO GTPases activate PAKs,21,1.0,False,official human pathways with 10-300 G_PRIMARY genes; equal weights/sqrt(size),f5c4faa94fe03b2d088b72743da175380dfcf2edbfacd0077cc25eb19d2ca7e9
Reactome,RHO GTPases activate PKNs,56,1.0,False,official human pathways with 10-300 G_PRIMARY genes; equal weights/sqrt(size),f5c4faa94fe03b2d088b72743da175380dfcf2edbfacd0077cc25eb19d2ca7e9
Reactome,RHOA GTPase cycle,145,1.0,False,official human pathways with 10-300 G_PRIMARY genes; equal weights/sqrt(size),f5c4faa94fe03b2d088b72743da175380dfcf2edbfacd0077cc25eb19d2ca7e9
Reactome,RHOB GTPase cycle,69,0.9999999999999998,False,official human pathways with 10-300 G_PRIMARY genes; equal weights/sqrt(size),f5c4faa94fe03b2d088b72743da175380dfcf2edbfacd0077cc25eb19d2ca7e9
Reactome,RHOBTB GTPase Cycle,35,0.9999999999999999,False,official human pathways with 10-300 G_PRIMARY genes; equal weights/sqrt(size),f5c4faa94fe03b2d088b72743da175380dfcf2edbfacd0077cc25eb19d2ca7e9
Reactome,RHOBTB1 GTPase cycle,23,0.9999999999999999,False,official human pathways with 10-300 G_PRIMARY genes; equal weights/sqrt(size),f5c4faa94fe03b2d088b72743da175380dfcf2edbfacd0077cc25eb19d2ca7e9
Reactome,RHOBTB2 GTPase cycle,23,0.9999999999999999,False,official human pathways with 10-300 G_PRIMARY genes; equal weights/sqrt(size),f5c4faa94fe03b2d088b72743da175380dfcf2edbfacd0077cc25eb19d2ca7e9
Reactome,RHOBTB3 ATPase cycle,10,1.0,False,official human pathways with 10-300 G_PRIMARY genes; equal weights/sqrt(size),f5c4faa94fe03b2d088b72743da175380dfcf2edbfacd0077cc25eb19d2ca7e9
Reactome,RHOC GTPase cycle,74,1.0,False,official human pathways with 10-300 G_PRIMARY genes; equal weights/sqrt(size),f5c4faa94fe03b2d088b72743da175380dfcf2edbfacd0077cc25eb19d2ca7e9
Reactome,RHOD GTPase cycle,52,1.0,False,official human pathways with 10-300 G_PRIMARY genes; equal weights/sqrt(size),f5c4faa94fe03b2d088b72743da175380dfcf2edbfacd0077cc25eb19d2ca7e9
Reactome,RHOF GTPase cycle,42,1.0,False,official human pathways with 10-300 G_PRIMARY genes; equal weights/sqrt(size),f5c4faa94fe03b2d088b72743da175380dfcf2edbfacd0077cc25eb19d2ca7e9
Reactome,RHOG GTPase cycle,74,1.0,False,official human pathways with 10-300 G_PRIMARY genes; equal weights/sqrt(size),f5c4faa94fe03b2d088b72743da175380dfcf2edbfacd0077cc25eb19d2ca7e9
Reactome,RHOH GTPase cycle,37,0.9999999999999999,False,official human pathways with 10-300 G_PRIMARY genes; equal weights/sqrt(size),f5c4faa94fe03b2d088b72743da175380dfcf2edbfacd0077cc25eb19d2ca7e9
Reactome,RHOJ GTPase cycle,55,1.0,False,official human pathways with 10-300 G_PRIMARY genes; equal weights/sqrt(size),f5c4faa94fe03b2d088b72743da175380dfcf2edbfacd0077cc25eb19d2ca7e9
Reactome,RHOQ GTPase cycle,59,1.0,False,official human pathways with 10-300 G_PRIMARY genes; equal weights/sqrt(size),f5c4faa94fe03b2d088b72743da175380dfcf2edbfacd0077cc25eb19d2ca7e9
Reactome,RHOU GTPase cycle,40,1.0,False,official human pathways with 10-300 G_PRIMARY genes; equal weights/sqrt(size),f5c4faa94fe03b2d088b72743da175380dfcf2edbfacd0077cc25eb19d2ca7e9
Reactome,RHOV GTPase cycle,37,0.9999999999999999,False,official human pathways with 10-300 G_PRIMARY genes; equal weights/sqrt(size),f5c4faa94fe03b2d088b72743da175380dfcf2edbfacd0077cc25eb19d2ca7e9
Reactome,RIP-mediated NFkB activation via ZBP1,17,1.0,False,official human pathways with 10-300 G_PRIMARY genes; equal weights/sqrt(size),f5c4faa94fe03b2d088b72743da175380dfcf2edbfacd0077cc25eb19d2ca7e9
Reactome,RIPK1-mediated regulated necrosis,31,1.0,False,official human pathways with 10-300 G_PRIMARY genes; equal weights/sqrt(size),f5c4faa94fe03b2d088b72743da175380dfcf2edbfacd0077cc25eb19d2ca7e9
Reactome,RMTs methylate histone arginines,44,1.0,False,official human pathways with 10-300 G_PRIMARY genes; equal weights/sqrt(size),f5c4faa94fe03b2d088b72743da175380dfcf2edbfacd0077cc25eb19d2ca7e9
Reactome,RNA Pol II CTD phosphorylation and interaction with CE,28,0.9999999999999999,False,official human pathways with 10-300 G_PRIMARY genes; equal weights/sqrt(size),f5c4faa94fe03b2d088b72743da175380dfcf2edbfacd0077cc25eb19d2ca7e9
Reactome,RNA Pol II CTD phosphorylation and interaction with CE during HIV infection,27,1.0,False,official human pathways with 10-300 G_PRIMARY genes; equal weights/sqrt(size),f5c4faa94fe03b2d088b72743da175380dfcf2edbfacd0077cc25eb19d2ca7e9
Reactome,RNA Polymerase I Promoter Escape,55,1.0,False,official human pathways with 10-300 G_PRIMARY genes; equal weights/sqrt(size),f5c4faa94fe03b2d088b72743da175380dfcf2edbfacd0077cc25eb19d2ca7e9
Reactome,RNA Polymerase I Promoter Opening,27,1.0,False,official human pathways with 10-300 G_PRIMARY genes; equal weights/sqrt(size),f5c4faa94fe03b2d088b72743da175380dfcf2edbfacd0077cc25eb19d2ca7e9
Reactome,RNA Polymerase I Transcription,75,0.9999999999999999,False,official human pathways with 10-300 G_PRIMARY genes; equal weights/sqrt(size),f5c4faa94fe03b2d088b72743da175380dfcf2edbfacd0077cc25eb19d2ca7e9
Reactome,RNA Polymerase I Transcription Initiation,47,1.0,False,official human pathways with 10-300 G_PRIMARY genes; equal weights/sqrt(size),f5c4faa94fe03b2d088b72743da175380dfcf2edbfacd0077cc25eb19d2ca7e9
Reactome,RNA Polymerase I Transcription Termination,31,1.0,False,official human pathways with 10-300 G_PRIMARY genes; equal weights/sqrt(size),f5c4faa94fe03b2d088b72743da175380dfcf2edbfacd0077cc25eb19d2ca7e9
Reactome,RNA Polymerase II HIV Promoter Escape,47,1.0,False,official human pathways with 10-300 G_PRIMARY genes; equal weights/sqrt(size),f5c4faa94fe03b2d088b72743da175380dfcf2edbfacd0077cc25eb19d2ca7e9
Reactome,RNA Polymerase II Pre-transcription Events,80,0.9999999999999999,False,official human pathways with 10-300 G_PRIMARY genes; equal weights/sqrt(size),f5c4faa94fe03b2d088b72743da175380dfcf2edbfacd0077cc25eb19d2ca7e9
Reactome,RNA Polymerase II Promoter Escape,47,1.0,False,official human pathways with 10-300 G_PRIMARY genes; equal weights/sqrt(size),f5c4faa94fe03b2d088b72743da175380dfcf2edbfacd0077cc25eb19d2ca7e9
Reactome,RNA Polymerase II Transcription Elongation,57,1.0,False,official human pathways with 10-300 G_PRIMARY genes; equal weights/sqrt(size),f5c4faa94fe03b2d088b72743da175380dfcf2edbfacd0077cc25eb19d2ca7e9
Reactome,RNA Polymerase II Transcription Initiation,47,1.0,False,official human pathways with 10-300 G_PRIMARY genes; equal weights/sqrt(size),f5c4faa94fe03b2d088b72743da175380dfcf2edbfacd0077cc25eb19d2ca7e9
Reactome,RNA Polymerase II Transcription Initiation And Promoter Clearance,47,1.0,False,official human pathways with 10-300 G_PRIMARY genes; equal weights/sqrt(size),f5c4faa94fe03b2d088b72743da175380dfcf2edbfacd0077cc25eb19d2ca7e9
Reactome,RNA Polymerase II Transcription Pre-Initiation And Promoter Opening,47,1.0,False,official human pathways with 10-300 G_PRIMARY genes; equal weights/sqrt(size),f5c4faa94fe03b2d088b72743da175380dfcf2edbfacd0077cc25eb19d2ca7e9
Reactome,RNA Polymerase II Transcription Termination,29,0.9999999999999999,False,official human pathways with 10-300 G_PRIMARY genes; equal weights/sqrt(size),f5c4faa94fe03b2d088b72743da175380dfcf2edbfacd0077cc25eb19d2ca7e9
Reactome,RNA Polymerase III Abortive And Retractive Initiation,41,1.0,False,official human pathways with 10-300 G_PRIMARY genes; equal weights/sqrt(size),f5c4faa94fe03b2d088b72743da175380dfcf2edbfacd0077cc25eb19d2ca7e9
Reactome,RNA Polymerase III Chain Elongation,18,1.0,False,official human pathways with 10-300 G_PRIMARY genes; equal weights/sqrt(size),f5c4faa94fe03b2d088b72743da175380dfcf2edbfacd0077cc25eb19d2ca7e9
Reactome,RNA Polymerase III Transcription,41,1.0,False,official human pathways with 10-300 G_PRIMARY genes; equal weights/sqrt(size),f5c4faa94fe03b2d088b72743da175380dfcf2edbfacd0077cc25eb19d2ca7e9
Reactome,RNA Polymerase III Transcription Initiation,36,1.0,False,official human pathways with 10-300 G_PRIMARY genes; equal weights/sqrt(size),f5c4faa94fe03b2d088b72743da175380dfcf2edbfacd0077cc25eb19d2ca7e9
Reactome,RNA Polymerase III Transcription Initiation From Type 1 Promoter,28,0.9999999999999999,False,official human pathways with 10-300 G_PRIMARY genes; equal weights/sqrt(size),f5c4faa94fe03b2d088b72743da175380dfcf2edbfacd0077cc25eb19d2ca7e9
Reactome,RNA Polymerase III Transcription Initiation From Type 2 Promoter,27,1.0,False,official human pathways with 10-300 G_PRIMARY genes; equal weights/sqrt(size),f5c4faa94fe03b2d088b72743da175380dfcf2edbfacd0077cc25eb19d2ca7e9
Reactome,RNA Polymerase III Transcription Initiation From Type 3 Promoter,28,0.9999999999999999,False,official human pathways with 10-300 G_PRIMARY genes; equal weights/sqrt(size),f5c4faa94fe03b2d088b72743da175380dfcf2edbfacd0077cc25eb19d2ca7e9
Reactome,RNA Polymerase III Transcription Termination,23,0.9999999999999999,False,official human pathways with 10-300 G_PRIMARY genes; equal weights/sqrt(size),f5c4faa94fe03b2d088b72743da175380dfcf2edbfacd0077cc25eb19d2ca7e9
Reactome,RNA polymerase II transcribes snRNA genes,76,1.0,False,official human pathways with 10-300 G_PRIMARY genes; equal weights/sqrt(size),f5c4faa94fe03b2d088b72743da175380dfcf2edbfacd0077cc25eb19d2ca7e9
Reactome,RND1 GTPase cycle,41,1.0,False,official human pathways with 10-300 G_PRIMARY genes; equal weights/sqrt(size),f5c4faa94fe03b2d088b72743da175380dfcf2edbfacd0077cc25eb19d2ca7e9
Reactome,RND2 GTPase cycle,42,1.0,False,official human pathways with 10-300 G_PRIMARY genes; equal weights/sqrt(size),f5c4faa94fe03b2d088b72743da175380dfcf2edbfacd0077cc25eb19d2ca7e9
Reactome,RND3 GTPase cycle,41,1.0,False,official human pathways with 10-300 G_PRIMARY genes; equal weights/sqrt(size),f5c4faa94fe03b2d088b72743da175380dfcf2edbfacd0077cc25eb19d2ca7e9
Reactome,"RORA,B,C and NR1D1 (REV-ERBA) regulate gene expression",25,1.0,False,official human pathways with 10-300 G_PRIMARY genes; equal weights/sqrt(size),f5c4faa94fe03b2d088b72743da175380dfcf2edbfacd0077cc25eb19d2ca7e9
Reactome,ROS and RNS production in phagocytes,33,1.0,False,official human pathways with 10-300 G_PRIMARY genes; equal weights/sqrt(size),f5c4faa94fe03b2d088b72743da175380dfcf2edbfacd0077cc25eb19d2ca7e9
Reactome,RSV-host interactions,81,1.0,False,official human pathways with 10-300 G_PRIMARY genes; equal weights/sqrt(size),f5c4faa94fe03b2d088b72743da175380dfcf2edbfacd0077cc25eb19d2ca7e9
Reactome,RUNX1 interacts with co-factors whose precise effect on RUNX1 targets is not known,37,0.9999999999999999,False,official human pathways with 10-300 G_PRIMARY genes; equal weights/sqrt(size),f5c4faa94fe03b2d088b72743da175380dfcf2edbfacd0077cc25eb19d2ca7e9
Reactome,RUNX1 regulates genes involved in megakaryocyte differentiation and platelet function,57,1.0,False,official human pathways with 10-300 G_PRIMARY genes; equal weights/sqrt(size),f5c4faa94fe03b2d088b72743da175380dfcf2edbfacd0077cc25eb19d2ca7e9
Reactome,RUNX1 regulates transcription of genes involved in differentiation of HSCs,78,0.9999999999999998,False,official human pathways with 10-300 G_PRIMARY genes; equal weights/sqrt(size),f5c4faa94fe03b2d088b72743da175380dfcf2edbfacd0077cc25eb19d2ca7e9
Reactome,RUNX2 regulates bone development,29,0.9999999999999999,False,official human pathways with 10-300 G_PRIMARY genes; equal weights/sqrt(size),f5c4faa94fe03b2d088b72743da175380dfcf2edbfacd0077cc25eb19d2ca7e9
Reactome,RUNX2 regulates osteoblast differentiation,22,0.9999999999999998,False,official human pathways with 10-300 G_PRIMARY genes; equal weights/sqrt(size),f5c4faa94fe03b2d088b72743da175380dfcf2edbfacd0077cc25eb19d2ca7e9
Reactome,RUNX3 regulates NOTCH signaling,14,0.9999999999999999,False,official human pathways with 10-300 G_PRIMARY genes; equal weights/sqrt(size),f5c4faa94fe03b2d088b72743da175380dfcf2edbfacd0077cc25eb19d2ca7e9
Reactome,RUNX3 regulates p14-ARF,10,1.0,False,official human pathways with 10-300 G_PRIMARY genes; equal weights/sqrt(size),f5c4faa94fe03b2d088b72743da175380dfcf2edbfacd0077cc25eb19d2ca7e9
Reactome,Rab regulation of trafficking,121,1.0,False,official human pathways with 10-300 G_PRIMARY genes; equal weights/sqrt(size),f5c4faa94fe03b2d088b72743da175380dfcf2edbfacd0077cc25eb19d2ca7e9
Reactome,Rap1 signalling,15,0.9999999999999999,False,official human pathways with 10-300 G_PRIMARY genes; equal weights/sqrt(size),f5c4faa94fe03b2d088b72743da175380dfcf2edbfacd0077cc25eb19d2ca7e9
Reactome,Ras activation upon Ca2+ influx through NMDA receptor,20,1.0,False,official human pathways with 10-300 G_PRIMARY genes; equal weights/sqrt(size),f5c4faa94fe03b2d088b72743da175380dfcf2edbfacd0077cc25eb19d2ca7e9
Reactome,Receptor Mediated Mitophagy,11,1.0,False,official human pathways with 10-300 G_PRIMARY genes; equal weights/sqrt(size),f5c4faa94fe03b2d088b72743da175380dfcf2edbfacd0077cc25eb19d2ca7e9
Reactome,Receptor-type tyrosine-protein phosphatases,19,0.9999999999999998,False,official human pathways with 10-300 G_PRIMARY genes; equal weights/sqrt(size),f5c4faa94fe03b2d088b72743da175380dfcf2edbfacd0077cc25eb19d2ca7e9
Reactome,Recognition and association of DNA glycosylase with site containing an affected purine,31,1.0,False,official human pathways with 10-300 G_PRIMARY genes; equal weights/sqrt(size),f5c4faa94fe03b2d088b72743da175380dfcf2edbfacd0077cc25eb19d2ca7e9
Reactome,Recognition and association of DNA glycosylase with site containing an affected pyrimidine,36,1.0,False,official human pathways with 10-300 G_PRIMARY genes; equal weights/sqrt(size),f5c4faa94fe03b2d088b72743da175380dfcf2edbfacd0077cc25eb19d2ca7e9
Reactome,Recognition of DNA damage by PCNA-containing replication complex,30,0.9999999999999999,False,official human pathways with 10-300 G_PRIMARY genes; equal weights/sqrt(size),f5c4faa94fe03b2d088b72743da175380dfcf2edbfacd0077cc25eb19d2ca7e9
Reactome,Recruitment and ATM-mediated phosphorylation of repair and signaling proteins at DNA double strand breaks,58,0.9999999999999999,False,official human pathways with 10-300 G_PRIMARY genes; equal weights/sqrt(size),f5c4faa94fe03b2d088b72743da175380dfcf2edbfacd0077cc25eb19d2ca7e9
Reactome,Recruitment of NuMA to mitotic centrosomes,91,1.0,False,official human pathways with 10-300 G_PRIMARY genes; equal weights/sqrt(size),f5c4faa94fe03b2d088b72743da175380dfcf2edbfacd0077cc25eb19d2ca7e9
Reactome,Recruitment of mitotic centrosome proteins and complexes,80,0.9999999999999999,False,official human pathways with 10-300 G_PRIMARY genes; equal weights/sqrt(size),f5c4faa94fe03b2d088b72743da175380dfcf2edbfacd0077cc25eb19d2ca7e9
Reactome,Recycling of bile acids and salts,16,1.0,False,official human pathways with 10-300 G_PRIMARY genes; equal weights/sqrt(size),f5c4faa94fe03b2d088b72743da175380dfcf2edbfacd0077cc25eb19d2ca7e9
Reactome,Recycling pathway of L1,45,1.0,False,official human pathways with 10-300 G_PRIMARY genes; equal weights/sqrt(size),f5c4faa94fe03b2d088b72743da175380dfcf2edbfacd0077cc25eb19d2ca7e9
Reactome,Reduction of cytosolic Ca++ levels,11,1.0,False,official human pathways with 10-300 G_PRIMARY genes; equal weights/sqrt(size),f5c4faa94fe03b2d088b72743da175380dfcf2edbfacd0077cc25eb19d2ca7e9
Reactome,Regulated Necrosis,57,1.0,False,official human pathways with 10-300 G_PRIMARY genes; equal weights/sqrt(size),f5c4faa94fe03b2d088b72743da175380dfcf2edbfacd0077cc25eb19d2ca7e9
Reactome,Regulated proteolysis of p75NTR,11,1.0,False,official human pathways with 10-300 G_PRIMARY genes; equal weights/sqrt(size),f5c4faa94fe03b2d088b72743da175380dfcf2edbfacd0077cc25eb19d2ca7e9
Reactome,Regulation by c-FLIP,10,1.0,False,official human pathways with 10-300 G_PRIMARY genes; equal weights/sqrt(size),f5c4faa94fe03b2d088b72743da175380dfcf2edbfacd0077cc25eb19d2ca7e9
Reactome,Regulation of APC/C activators between G1/S and early anaphase,68,0.9999999999999999,False,official human pathways with 10-300 G_PRIMARY genes; equal weights/sqrt(size),f5c4faa94fe03b2d088b72743da175380dfcf2edbfacd0077cc25eb19d2ca7e9
Reactome,Regulation of Apoptosis,40,1.0,False,official human pathways with 10-300 G_PRIMARY genes; equal weights/sqrt(size),f5c4faa94fe03b2d088b72743da175380dfcf2edbfacd0077cc25eb19d2ca7e9
Reactome,Regulation of BACH1 activity,11,1.0,False,official human pathways with 10-300 G_PRIMARY genes; equal weights/sqrt(size),f5c4faa94fe03b2d088b72743da175380dfcf2edbfacd0077cc25eb19d2ca7e9
Reactome,Regulation of CDH1 Expression and Function,166,0.9999999999999999,False,official human pathways with 10-300 G_PRIMARY genes; equal weights/sqrt(size),f5c4faa94fe03b2d088b72743da175380dfcf2edbfacd0077cc25eb19d2ca7e9
Reactome,Regulation of CDH1 Function,60,0.9999999999999998,False,official human pathways with 10-300 G_PRIMARY genes; equal weights/sqrt(size),f5c4faa94fe03b2d088b72743da175380dfcf2edbfacd0077cc25eb19d2ca7e9
Reactome,Regulation of CDH1 Gene Transcription,68,0.9999999999999999,False,official human pathways with 10-300 G_PRIMARY genes; equal weights/sqrt(size),f5c4faa94fe03b2d088b72743da175380dfcf2edbfacd0077cc25eb19d2ca7e9
Reactome,Regulation of CDH1 mRNA translation by microRNAs,11,1.0,False,official human pathways with 10-300 G_PRIMARY genes; equal weights/sqrt(size),f5c4faa94fe03b2d088b72743da175380dfcf2edbfacd0077cc25eb19d2ca7e9
Reactome,Regulation of CDH1 posttranslational processing and trafficking to plasma membrane,32,0.9999999999999999,False,official human pathways with 10-300 G_PRIMARY genes; equal weights/sqrt(size),f5c4faa94fe03b2d088b72743da175380dfcf2edbfacd0077cc25eb19d2ca7e9
Reactome,Regulation of CDH11 Expression and Function,26,1.0,False,official human pathways with 10-300 G_PRIMARY genes; equal weights/sqrt(size),f5c4faa94fe03b2d088b72743da175380dfcf2edbfacd0077cc25eb19d2ca7e9
Reactome,Regulation of CDH11 function,10,1.0,False,official human pathways with 10-300 G_PRIMARY genes; equal weights/sqrt(size),f5c4faa94fe03b2d088b72743da175380dfcf2edbfacd0077cc25eb19d2ca7e9
Reactome,Regulation of Complement cascade,31,1.0,False,official human pathways with 10-300 G_PRIMARY genes; equal weights/sqrt(size),f5c4faa94fe03b2d088b72743da175380dfcf2edbfacd0077cc25eb19d2ca7e9
Reactome,Regulation of Expression and Function of Type I Classical Cadherins,166,0.9999999999999999,False,official human pathways with 10-300 G_PRIMARY genes; equal weights/sqrt(size),f5c4faa94fe03b2d088b72743da175380dfcf2edbfacd0077cc25eb19d2ca7e9
Reactome,Regulation of Expression and Function of Type II Classical Cadherins,29,0.9999999999999999,False,official human pathways with 10-300 G_PRIMARY genes; equal weights/sqrt(size),f5c4faa94fe03b2d088b72743da175380dfcf2edbfacd0077cc25eb19d2ca7e9
Reactome,Regulation of FOXO transcriptional activity by acetylation,10,1.0,False,official human pathways with 10-300 G_PRIMARY genes; equal weights/sqrt(size),f5c4faa94fe03b2d088b72743da175380dfcf2edbfacd0077cc25eb19d2ca7e9
Reactome,Regulation of FZD by ubiquitination,20,1.0,False,official human pathways with 10-300 G_PRIMARY genes; equal weights/sqrt(size),f5c4faa94fe03b2d088b72743da175380dfcf2edbfacd0077cc25eb19d2ca7e9
Reactome,Regulation of Glucokinase by Glucokinase Regulatory Protein,31,1.0,False,official human pathways with 10-300 G_PRIMARY genes; equal weights/sqrt(size),f5c4faa94fe03b2d088b72743da175380dfcf2edbfacd0077cc25eb19d2ca7e9
Reactome,Regulation of HSF1-mediated heat shock response,78,0.9999999999999998,False,official human pathways with 10-300 G_PRIMARY genes; equal weights/sqrt(size),f5c4faa94fe03b2d088b72743da175380dfcf2edbfacd0077cc25eb19d2ca7e9
Reactome,Regulation of Homotypic Cell-Cell Adhesion,180,1.0,False,official human pathways with 10-300 G_PRIMARY genes; equal weights/sqrt(size),f5c4faa94fe03b2d088b72743da175380dfcf2edbfacd0077cc25eb19d2ca7e9
Reactome,Regulation of IFNA/IFNB signaling,13,0.9999999999999999,False,official human pathways with 10-300 G_PRIMARY genes; equal weights/sqrt(size),f5c4faa94fe03b2d088b72743da175380dfcf2edbfacd0077cc25eb19d2ca7e9
Reactome,Regulation of IFNG signaling,13,0.9999999999999999,False,official human pathways with 10-300 G_PRIMARY genes; equal weights/sqrt(size),f5c4faa94fe03b2d088b72743da175380dfcf2edbfacd0077cc25eb19d2ca7e9
Reactome,Regulation of Insulin-like Growth Factor (IGF) transport and uptake by Insulin-like Growth Factor Binding Proteins (IGFBPs),103,0.9999999999999999,False,official human pathways with 10-300 G_PRIMARY genes; equal weights/sqrt(size),f5c4faa94fe03b2d088b72743da175380dfcf2edbfacd0077cc25eb19d2ca7e9
Reactome,Regulation of KIT signaling,16,1.0,False,official human pathways with 10-300 G_PRIMARY genes; equal weights/sqrt(size),f5c4faa94fe03b2d088b72743da175380dfcf2edbfacd0077cc25eb19d2ca7e9
Reactome,Regulation of MECP2 expression and activity,31,1.0,False,official human pathways with 10-300 G_PRIMARY genes; equal weights/sqrt(size),f5c4faa94fe03b2d088b72743da175380dfcf2edbfacd0077cc25eb19d2ca7e9
Reactome,Regulation of MITF-M-dependent genes involved in apoptosis,18,1.0,False,official human pathways with 10-300 G_PRIMARY genes; equal weights/sqrt(size),f5c4faa94fe03b2d088b72743da175380dfcf2edbfacd0077cc25eb19d2ca7e9
Reactome,Regulation of MITF-M-dependent genes involved in cell cycle and proliferation,18,1.0,False,official human pathways with 10-300 G_PRIMARY genes; equal weights/sqrt(size),f5c4faa94fe03b2d088b72743da175380dfcf2edbfacd0077cc25eb19d2ca7e9
Reactome,"Regulation of MITF-M-dependent genes involved in extracellular matrix, focal adhesion and epithelial-to-mesenchymal transition",12,1.0,False,official human pathways with 10-300 G_PRIMARY genes; equal weights/sqrt(size),f5c4faa94fe03b2d088b72743da175380dfcf2edbfacd0077cc25eb19d2ca7e9
Reactome,Regulation of MITF-M-dependent genes involved in lysosome biogenesis and autophagy,17,1.0,False,official human pathways with 10-300 G_PRIMARY genes; equal weights/sqrt(size),f5c4faa94fe03b2d088b72743da175380dfcf2edbfacd0077cc25eb19d2ca7e9
Reactome,Regulation of MITF-M-dependent genes involved in pigmentation,42,1.0,False,official human pathways with 10-300 G_PRIMARY genes; equal weights/sqrt(size),f5c4faa94fe03b2d088b72743da175380dfcf2edbfacd0077cc25eb19d2ca7e9
Reactome,Regulation of NF-kappa B signaling,18,1.0,False,official human pathways with 10-300 G_PRIMARY genes; equal weights/sqrt(size),f5c4faa94fe03b2d088b72743da175380dfcf2edbfacd0077cc25eb19d2ca7e9
Reactome,Regulation of NPAS4 gene expression,12,1.0,False,official human pathways with 10-300 G_PRIMARY genes; equal weights/sqrt(size),f5c4faa94fe03b2d088b72743da175380dfcf2edbfacd0077cc25eb19d2ca7e9
Reactome,Regulation of PD-L1(CD274) Post-translational modification,84,0.9999999999999999,False,official human pathways with 10-300 G_PRIMARY genes; equal weights/sqrt(size),f5c4faa94fe03b2d088b72743da175380dfcf2edbfacd0077cc25eb19d2ca7e9
Reactome,Regulation of PD-L1(CD274) expression,156,0.9999999999999999,False,official human pathways with 10-300 G_PRIMARY genes; equal weights/sqrt(size),f5c4faa94fe03b2d088b72743da175380dfcf2edbfacd0077cc25eb19d2ca7e9
Reactome,Regulation of PD-L1(CD274) transcription,65,1.0,False,official human pathways with 10-300 G_PRIMARY genes; equal weights/sqrt(size),f5c4faa94fe03b2d088b72743da175380dfcf2edbfacd0077cc25eb19d2ca7e9
Reactome,Regulation of PLK1 Activity at G2/M Transition,86,1.0,False,official human pathways with 10-300 G_PRIMARY genes; equal weights/sqrt(size),f5c4faa94fe03b2d088b72743da175380dfcf2edbfacd0077cc25eb19d2ca7e9
Reactome,Regulation of PTEN gene transcription,60,0.9999999999999998,False,official human pathways with 10-300 G_PRIMARY genes; equal weights/sqrt(size),f5c4faa94fe03b2d088b72743da175380dfcf2edbfacd0077cc25eb19d2ca7e9
Reactome,Regulation of PTEN mRNA translation,12,1.0,False,official human pathways with 10-300 G_PRIMARY genes; equal weights/sqrt(size),f5c4faa94fe03b2d088b72743da175380dfcf2edbfacd0077cc25eb19d2ca7e9
Reactome,Regulation of PTEN stability and activity,56,1.0,False,official human pathways with 10-300 G_PRIMARY genes; equal weights/sqrt(size),f5c4faa94fe03b2d088b72743da175380dfcf2edbfacd0077cc25eb19d2ca7e9
Reactome,Regulation of RAS by GAPs,54,0.9999999999999999,False,official human pathways with 10-300 G_PRIMARY genes; equal weights/sqrt(size),f5c4faa94fe03b2d088b72743da175380dfcf2edbfacd0077cc25eb19d2ca7e9
Reactome,Regulation of RUNX1 Expression and Activity,18,1.0,False,official human pathways with 10-300 G_PRIMARY genes; equal weights/sqrt(size),f5c4faa94fe03b2d088b72743da175380dfcf2edbfacd0077cc25eb19d2ca7e9
Reactome,Regulation of RUNX2 expression and activity,57,1.0,False,official human pathways with 10-300 G_PRIMARY genes; equal weights/sqrt(size),f5c4faa94fe03b2d088b72743da175380dfcf2edbfacd0077cc25eb19d2ca7e9
Reactome,Regulation of RUNX3 expression and activity,45,1.0,False,official human pathways with 10-300 G_PRIMARY genes; equal weights/sqrt(size),f5c4faa94fe03b2d088b72743da175380dfcf2edbfacd0077cc25eb19d2ca7e9
Reactome,Regulation of T cell activation by CD28 family,214,1.0,False,official human pathways with 10-300 G_PRIMARY genes; equal weights/sqrt(size),f5c4faa94fe03b2d088b72743da175380dfcf2edbfacd0077cc25eb19d2ca7e9
Reactome,"Regulation of TBK1, IKKε (IKBKE)-mediated activation of IRF3, IRF7",14,0.9999999999999999,False,official human pathways with 10-300 G_PRIMARY genes; equal weights/sqrt(size),f5c4faa94fe03b2d088b72743da175380dfcf2edbfacd0077cc25eb19d2ca7e9
Reactome,"Regulation of TBK1, IKKε-mediated activation of IRF3, IRF7 upon TLR3 ligation",11,1.0,False,official human pathways with 10-300 G_PRIMARY genes; equal weights/sqrt(size),f5c4faa94fe03b2d088b72743da175380dfcf2edbfacd0077cc25eb19d2ca7e9
Reactome,Regulation of TLR by endogenous ligand,19,0.9999999999999998,False,official human pathways with 10-300 G_PRIMARY genes; equal weights/sqrt(size),f5c4faa94fe03b2d088b72743da175380dfcf2edbfacd0077cc25eb19d2ca7e9
Reactome,Regulation of TNFR1 signaling,48,1.0,False,official human pathways with 10-300 G_PRIMARY genes; equal weights/sqrt(size),f5c4faa94fe03b2d088b72743da175380dfcf2edbfacd0077cc25eb19d2ca7e9
Reactome,Regulation of TP53 Activity,158,1.0,False,official human pathways with 10-300 G_PRIMARY genes; equal weights/sqrt(size),f5c4faa94fe03b2d088b72743da175380dfcf2edbfacd0077cc25eb19d2ca7e9
Reactome,Regulation of TP53 Activity through Acetylation,30,0.9999999999999999,False,official human pathways with 10-300 G_PRIMARY genes; equal weights/sqrt(size),f5c4faa94fe03b2d088b72743da175380dfcf2edbfacd0077cc25eb19d2ca7e9
Reactome,Regulation of TP53 Activity through Association with Co-factors,13,0.9999999999999999,False,official human pathways with 10-300 G_PRIMARY genes; equal weights/sqrt(size),f5c4faa94fe03b2d088b72743da175380dfcf2edbfacd0077cc25eb19d2ca7e9
Reactome,Regulation of TP53 Activity through Methylation,19,0.9999999999999998,False,official human pathways with 10-300 G_PRIMARY genes; equal weights/sqrt(size),f5c4faa94fe03b2d088b72743da175380dfcf2edbfacd0077cc25eb19d2ca7e9
Reactome,Regulation of TP53 Activity through Phosphorylation,91,1.0,False,official human pathways with 10-300 G_PRIMARY genes; equal weights/sqrt(size),f5c4faa94fe03b2d088b72743da175380dfcf2edbfacd0077cc25eb19d2ca7e9
Reactome,Regulation of TP53 Degradation,36,1.0,False,official human pathways with 10-300 G_PRIMARY genes; equal weights/sqrt(size),f5c4faa94fe03b2d088b72743da175380dfcf2edbfacd0077cc25eb19d2ca7e9
Reactome,Regulation of TP53 Expression and Degradation,37,0.9999999999999999,False,official human pathways with 10-300 G_PRIMARY genes; equal weights/sqrt(size),f5c4faa94fe03b2d088b72743da175380dfcf2edbfacd0077cc25eb19d2ca7e9
Reactome,Regulation of actin dynamics for phagocytic cup formation,58,0.9999999999999999,False,official human pathways with 10-300 G_PRIMARY genes; equal weights/sqrt(size),f5c4faa94fe03b2d088b72743da175380dfcf2edbfacd0077cc25eb19d2ca7e9
Reactome,Regulation of activated PAK-2p34 by proteasome mediated degradation,37,0.9999999999999999,False,official human pathways with 10-300 G_PRIMARY genes; equal weights/sqrt(size),f5c4faa94fe03b2d088b72743da175380dfcf2edbfacd0077cc25eb19d2ca7e9
Reactome,Regulation of beta-cell development,34,0.9999999999999999,False,official human pathways with 10-300 G_PRIMARY genes; equal weights/sqrt(size),f5c4faa94fe03b2d088b72743da175380dfcf2edbfacd0077cc25eb19d2ca7e9
Reactome,Regulation of cholesterol biosynthesis by SREBP (SREBF),55,1.0,False,official human pathways with 10-300 G_PRIMARY genes; equal weights/sqrt(size),f5c4faa94fe03b2d088b72743da175380dfcf2edbfacd0077cc25eb19d2ca7e9
Reactome,Regulation of clotting cascade,44,1.0,False,official human pathways with 10-300 G_PRIMARY genes; equal weights/sqrt(size),f5c4faa94fe03b2d088b72743da175380dfcf2edbfacd0077cc25eb19d2ca7e9
Reactome,Regulation of commissural axon pathfinding by SLIT and ROBO,10,1.0,False,official human pathways with 10-300 G_PRIMARY genes; equal weights/sqrt(size),f5c4faa94fe03b2d088b72743da175380dfcf2edbfacd0077cc25eb19d2ca7e9
Reactome,Regulation of endogenous retroelements,104,0.9999999999999999,False,official human pathways with 10-300 G_PRIMARY genes; equal weights/sqrt(size),f5c4faa94fe03b2d088b72743da175380dfcf2edbfacd0077cc25eb19d2ca7e9
Reactome,Regulation of endogenous retroelements by KRAB-ZFP proteins,71,0.9999999999999998,False,official human pathways with 10-300 G_PRIMARY genes; equal weights/sqrt(size),f5c4faa94fe03b2d088b72743da175380dfcf2edbfacd0077cc25eb19d2ca7e9
Reactome,Regulation of endogenous retroelements by Piwi-interacting RNAs (piRNAs),59,1.0,False,official human pathways with 10-300 G_PRIMARY genes; equal weights/sqrt(size),f5c4faa94fe03b2d088b72743da175380dfcf2edbfacd0077cc25eb19d2ca7e9
Reactome,Regulation of endogenous retroelements by the Human Silencing Hub (HUSH) complex,34,0.9999999999999999,False,official human pathways with 10-300 G_PRIMARY genes; equal weights/sqrt(size),f5c4faa94fe03b2d088b72743da175380dfcf2edbfacd0077cc25eb19d2ca7e9
Reactome,Regulation of expression of SLITs and ROBOs,157,1.0,False,official human pathways with 10-300 G_PRIMARY genes; equal weights/sqrt(size),f5c4faa94fe03b2d088b72743da175380dfcf2edbfacd0077cc25eb19d2ca7e9
Reactome,Regulation of gene expression by Hypoxia-inducible Factor,10,1.0,False,official human pathways with 10-300 G_PRIMARY genes; equal weights/sqrt(size),f5c4faa94fe03b2d088b72743da175380dfcf2edbfacd0077cc25eb19d2ca7e9
Reactome,Regulation of gene expression in beta cells,17,1.0,False,official human pathways with 10-300 G_PRIMARY genes; equal weights/sqrt(size),f5c4faa94fe03b2d088b72743da175380dfcf2edbfacd0077cc25eb19d2ca7e9
Reactome,Regulation of gene expression in late stage (branching morphogenesis) pancreatic bud precursor cells,15,0.9999999999999999,False,official human pathways with 10-300 G_PRIMARY genes; equal weights/sqrt(size),f5c4faa94fe03b2d088b72743da175380dfcf2edbfacd0077cc25eb19d2ca7e9
Reactome,"Regulation of glycolysis by fructose 2,6-bisphosphate metabolism",11,1.0,False,official human pathways with 10-300 G_PRIMARY genes; equal weights/sqrt(size),f5c4faa94fe03b2d088b72743da175380dfcf2edbfacd0077cc25eb19d2ca7e9
Reactome,Regulation of innate immune responses to cytosolic DNA,14,0.9999999999999999,False,official human pathways with 10-300 G_PRIMARY genes; equal weights/sqrt(size),f5c4faa94fe03b2d088b72743da175380dfcf2edbfacd0077cc25eb19d2ca7e9
Reactome,Regulation of insulin secretion,68,0.9999999999999999,False,official human pathways with 10-300 G_PRIMARY genes; equal weights/sqrt(size),f5c4faa94fe03b2d088b72743da175380dfcf2edbfacd0077cc25eb19d2ca7e9
Reactome,Regulation of lipid metabolism by PPARalpha,114,1.0,False,official human pathways with 10-300 G_PRIMARY genes; equal weights/sqrt(size),f5c4faa94fe03b2d088b72743da175380dfcf2edbfacd0077cc25eb19d2ca7e9
Reactome,Regulation of localization of FOXO transcription factors,12,1.0,False,official human pathways with 10-300 G_PRIMARY genes; equal weights/sqrt(size),f5c4faa94fe03b2d088b72743da175380dfcf2edbfacd0077cc25eb19d2ca7e9
Reactome,Regulation of mRNA stability by proteins that bind AU-rich elements,76,1.0,False,official human pathways with 10-300 G_PRIMARY genes; equal weights/sqrt(size),f5c4faa94fe03b2d088b72743da175380dfcf2edbfacd0077cc25eb19d2ca7e9
Reactome,Regulation of mitotic cell cycle,75,0.9999999999999999,False,official human pathways with 10-300 G_PRIMARY genes; equal weights/sqrt(size),f5c4faa94fe03b2d088b72743da175380dfcf2edbfacd0077cc25eb19d2ca7e9
Reactome,Regulation of necroptotic cell death,31,1.0,False,official human pathways with 10-300 G_PRIMARY genes; equal weights/sqrt(size),f5c4faa94fe03b2d088b72743da175380dfcf2edbfacd0077cc25eb19d2ca7e9
Reactome,Regulation of ornithine decarboxylase (ODC),38,0.9999999999999999,False,official human pathways with 10-300 G_PRIMARY genes; equal weights/sqrt(size),f5c4faa94fe03b2d088b72743da175380dfcf2edbfacd0077cc25eb19d2ca7e9
Reactome,Regulation of pyruvate dehydrogenase (PDH) complex,14,0.9999999999999999,False,official human pathways with 10-300 G_PRIMARY genes; equal weights/sqrt(size),f5c4faa94fe03b2d088b72743da175380dfcf2edbfacd0077cc25eb19d2ca7e9
Reactome,Regulation of pyruvate metabolism,32,0.9999999999999999,False,official human pathways with 10-300 G_PRIMARY genes; equal weights/sqrt(size),f5c4faa94fe03b2d088b72743da175380dfcf2edbfacd0077cc25eb19d2ca7e9
Reactome,Regulation of signaling by CBL,22,0.9999999999999998,False,official human pathways with 10-300 G_PRIMARY genes; equal weights/sqrt(size),f5c4faa94fe03b2d088b72743da175380dfcf2edbfacd0077cc25eb19d2ca7e9
Reactome,Regulation of the apoptosome activity,11,1.0,False,official human pathways with 10-300 G_PRIMARY genes; equal weights/sqrt(size),f5c4faa94fe03b2d088b72743da175380dfcf2edbfacd0077cc25eb19d2ca7e9
Reactome,Removal of the Flap Intermediate,14,0.9999999999999999,False,official human pathways with 10-300 G_PRIMARY genes; equal weights/sqrt(size),f5c4faa94fe03b2d088b72743da175380dfcf2edbfacd0077cc25eb19d2ca7e9
Reactome,Removal of the Flap Intermediate from the C-strand,17,1.0,False,official human pathways with 10-300 G_PRIMARY genes; equal weights/sqrt(size),f5c4faa94fe03b2d088b72743da175380dfcf2edbfacd0077cc25eb19d2ca7e9
Reactome,Replacement of protamines by nucleosomes in the male pronucleus,19,0.9999999999999998,False,official human pathways with 10-300 G_PRIMARY genes; equal weights/sqrt(size),f5c4faa94fe03b2d088b72743da175380dfcf2edbfacd0077cc25eb19d2ca7e9
Reactome,Repression of WNT target genes,14,0.9999999999999999,False,official human pathways with 10-300 G_PRIMARY genes; equal weights/sqrt(size),f5c4faa94fe03b2d088b72743da175380dfcf2edbfacd0077cc25eb19d2ca7e9
Reactome,Reproduction,108,1.0,False,official human pathways with 10-300 G_PRIMARY genes; equal weights/sqrt(size),f5c4faa94fe03b2d088b72743da175380dfcf2edbfacd0077cc25eb19d2ca7e9
Reactome,Resolution of AP sites via the multiple-nucleotide patch replacement pathway,25,1.0,False,official human pathways with 10-300 G_PRIMARY genes; equal weights/sqrt(size),f5c4faa94fe03b2d088b72743da175380dfcf2edbfacd0077cc25eb19d2ca7e9
Reactome,Resolution of Abasic Sites (AP sites),38,0.9999999999999999,False,official human pathways with 10-300 G_PRIMARY genes; equal weights/sqrt(size),f5c4faa94fe03b2d088b72743da175380dfcf2edbfacd0077cc25eb19d2ca7e9
Reactome,Resolution of D-Loop Structures,34,0.9999999999999999,False,official human pathways with 10-300 G_PRIMARY genes; equal weights/sqrt(size),f5c4faa94fe03b2d088b72743da175380dfcf2edbfacd0077cc25eb19d2ca7e9
Reactome,Resolution of D-loop Structures through Holliday Junction Intermediates,33,1.0,False,official human pathways with 10-300 G_PRIMARY genes; equal weights/sqrt(size),f5c4faa94fe03b2d088b72743da175380dfcf2edbfacd0077cc25eb19d2ca7e9
Reactome,Resolution of D-loop Structures through Synthesis-Dependent Strand Annealing (SDSA),27,1.0,False,official human pathways with 10-300 G_PRIMARY genes; equal weights/sqrt(size),f5c4faa94fe03b2d088b72743da175380dfcf2edbfacd0077cc25eb19d2ca7e9
Reactome,Resolution of Sister Chromatid Cohesion,122,0.9999999999999999,False,official human pathways with 10-300 G_PRIMARY genes; equal weights/sqrt(size),f5c4faa94fe03b2d088b72743da175380dfcf2edbfacd0077cc25eb19d2ca7e9
Reactome,Respiratory Syncytial Virus Infection Pathway,104,0.9999999999999999,False,official human pathways with 10-300 G_PRIMARY genes; equal weights/sqrt(size),f5c4faa94fe03b2d088b72743da175380dfcf2edbfacd0077cc25eb19d2ca7e9
Reactome,Respiratory electron transport,152,1.0,False,official human pathways with 10-300 G_PRIMARY genes; equal weights/sqrt(size),f5c4faa94fe03b2d088b72743da175380dfcf2edbfacd0077cc25eb19d2ca7e9
Reactome,Respiratory syncytial virus (RSV) attachment and entry,22,0.9999999999999998,False,official human pathways with 10-300 G_PRIMARY genes; equal weights/sqrt(size),f5c4faa94fe03b2d088b72743da175380dfcf2edbfacd0077cc25eb19d2ca7e9
Reactome,"Respiratory syncytial virus (RSV) genome replication, transcription and translation",17,1.0,False,official human pathways with 10-300 G_PRIMARY genes; equal weights/sqrt(size),f5c4faa94fe03b2d088b72743da175380dfcf2edbfacd0077cc25eb19d2ca7e9
Reactome,Response of EIF2AK1 (HRI) to heme deficiency,15,0.9999999999999999,False,official human pathways with 10-300 G_PRIMARY genes; equal weights/sqrt(size),f5c4faa94fe03b2d088b72743da175380dfcf2edbfacd0077cc25eb19d2ca7e9
Reactome,Response of EIF2AK4 (GCN2) to amino acid deficiency,100,1.0000000000000002,False,official human pathways with 10-300 G_PRIMARY genes; equal weights/sqrt(size),f5c4faa94fe03b2d088b72743da175380dfcf2edbfacd0077cc25eb19d2ca7e9
Reactome,Response of Mtb to phagocytosis,22,0.9999999999999998,False,official human pathways with 10-300 G_PRIMARY genes; equal weights/sqrt(size),f5c4faa94fe03b2d088b72743da175380dfcf2edbfacd0077cc25eb19d2ca7e9
Reactome,Response of endothelial cells to shear stress,86,1.0,False,official human pathways with 10-300 G_PRIMARY genes; equal weights/sqrt(size),f5c4faa94fe03b2d088b72743da175380dfcf2edbfacd0077cc25eb19d2ca7e9
Reactome,Response to elevated platelet cytosolic Ca2+,117,0.9999999999999998,False,official human pathways with 10-300 G_PRIMARY genes; equal weights/sqrt(size),f5c4faa94fe03b2d088b72743da175380dfcf2edbfacd0077cc25eb19d2ca7e9
Reactome,Response to metal ions,12,1.0,False,official human pathways with 10-300 G_PRIMARY genes; equal weights/sqrt(size),f5c4faa94fe03b2d088b72743da175380dfcf2edbfacd0077cc25eb19d2ca7e9
Reactome,Retinoid cycle disease events,10,1.0,False,official human pathways with 10-300 G_PRIMARY genes; equal weights/sqrt(size),f5c4faa94fe03b2d088b72743da175380dfcf2edbfacd0077cc25eb19d2ca7e9
Reactome,Retinoid metabolism and transport,38,0.9999999999999999,False,official human pathways with 10-300 G_PRIMARY genes; equal weights/sqrt(size),f5c4faa94fe03b2d088b72743da175380dfcf2edbfacd0077cc25eb19d2ca7e9
Reactome,Retrograde neurotrophin signalling,14,0.9999999999999999,False,official human pathways with 10-300 G_PRIMARY genes; equal weights/sqrt(size),f5c4faa94fe03b2d088b72743da175380dfcf2edbfacd0077cc25eb19d2ca7e9
Reactome,Retrograde transport at the Trans-Golgi-Network,49,0.9999999999999999,False,official human pathways with 10-300 G_PRIMARY genes; equal weights/sqrt(size),f5c4faa94fe03b2d088b72743da175380dfcf2edbfacd0077cc25eb19d2ca7e9
Reactome,Rev-mediated nuclear export of HIV RNA,35,0.9999999999999999,False,official human pathways with 10-300 G_PRIMARY genes; equal weights/sqrt(size),f5c4faa94fe03b2d088b72743da175380dfcf2edbfacd0077cc25eb19d2ca7e9
Reactome,Reversible hydration of carbon dioxide,10,1.0,False,official human pathways with 10-300 G_PRIMARY genes; equal weights/sqrt(size),f5c4faa94fe03b2d088b72743da175380dfcf2edbfacd0077cc25eb19d2ca7e9
Reactome,Ribavirin ADME,11,1.0,False,official human pathways with 10-300 G_PRIMARY genes; equal weights/sqrt(size),f5c4faa94fe03b2d088b72743da175380dfcf2edbfacd0077cc25eb19d2ca7e9
Reactome,Ribosomal scanning and start codon recognition,58,0.9999999999999999,False,official human pathways with 10-300 G_PRIMARY genes; equal weights/sqrt(size),f5c4faa94fe03b2d088b72743da175380dfcf2edbfacd0077cc25eb19d2ca7e9
Reactome,Ribosome Quality Control (RQC) complex extracts and degrades nascent peptide,102,1.0,False,official human pathways with 10-300 G_PRIMARY genes; equal weights/sqrt(size),f5c4faa94fe03b2d088b72743da175380dfcf2edbfacd0077cc25eb19d2ca7e9
Reactome,Ribosome-associated quality control,143,1.0,False,official human pathways with 10-300 G_PRIMARY genes; equal weights/sqrt(size),f5c4faa94fe03b2d088b72743da175380dfcf2edbfacd0077cc25eb19d2ca7e9
Reactome,Role of LAT2/NTAL/LAB on calcium mobilization,14,0.9999999999999999,False,official human pathways with 10-300 G_PRIMARY genes; equal weights/sqrt(size),f5c4faa94fe03b2d088b72743da175380dfcf2edbfacd0077cc25eb19d2ca7e9
Reactome,Role of phospholipids in phagocytosis,23,0.9999999999999999,False,official human pathways with 10-300 G_PRIMARY genes; equal weights/sqrt(size),f5c4faa94fe03b2d088b72743da175380dfcf2edbfacd0077cc25eb19d2ca7e9
Reactome,Role of second messengers in netrin-1 signaling,10,1.0,False,official human pathways with 10-300 G_PRIMARY genes; equal weights/sqrt(size),f5c4faa94fe03b2d088b72743da175380dfcf2edbfacd0077cc25eb19d2ca7e9
Reactome,S Phase,150,1.0000000000000002,False,official human pathways with 10-300 G_PRIMARY genes; equal weights/sqrt(size),f5c4faa94fe03b2d088b72743da175380dfcf2edbfacd0077cc25eb19d2ca7e9
Reactome,SARS-CoV-1 Infection,144,1.0,False,official human pathways with 10-300 G_PRIMARY genes; equal weights/sqrt(size),f5c4faa94fe03b2d088b72743da175380dfcf2edbfacd0077cc25eb19d2ca7e9
Reactome,SARS-CoV-1 activates/modulates innate immune responses,43,1.0,False,official human pathways with 10-300 G_PRIMARY genes; equal weights/sqrt(size),f5c4faa94fe03b2d088b72743da175380dfcf2edbfacd0077cc25eb19d2ca7e9
Reactome,SARS-CoV-1 modulates host translation machinery,36,1.0,False,official human pathways with 10-300 G_PRIMARY genes; equal weights/sqrt(size),f5c4faa94fe03b2d088b72743da175380dfcf2edbfacd0077cc25eb19d2ca7e9
Reactome,SARS-CoV-1 targets host intracellular signalling and regulatory pathways,16,1.0,False,official human pathways with 10-300 G_PRIMARY genes; equal weights/sqrt(size),f5c4faa94fe03b2d088b72743da175380dfcf2edbfacd0077cc25eb19d2ca7e9
Reactome,SARS-CoV-1-host interactions,99,0.9999999999999999,False,official human pathways with 10-300 G_PRIMARY genes; equal weights/sqrt(size),f5c4faa94fe03b2d088b72743da175380dfcf2edbfacd0077cc25eb19d2ca7e9
Reactome,SARS-CoV-2 Infection,284,0.9999999999999999,False,official human pathways with 10-300 G_PRIMARY genes; equal weights/sqrt(size),f5c4faa94fe03b2d088b72743da175380dfcf2edbfacd0077cc25eb19d2ca7e9
Reactome,SARS-CoV-2 activates/modulates innate and adaptive immune responses,109,0.9999999999999999,False,official human pathways with 10-300 G_PRIMARY genes; equal weights/sqrt(size),f5c4faa94fe03b2d088b72743da175380dfcf2edbfacd0077cc25eb19d2ca7e9
Reactome,SARS-CoV-2 modulates autophagy,11,1.0,False,official human pathways with 10-300 G_PRIMARY genes; equal weights/sqrt(size),f5c4faa94fe03b2d088b72743da175380dfcf2edbfacd0077cc25eb19d2ca7e9
Reactome,SARS-CoV-2 modulates host translation machinery,49,0.9999999999999999,False,official human pathways with 10-300 G_PRIMARY genes; equal weights/sqrt(size),f5c4faa94fe03b2d088b72743da175380dfcf2edbfacd0077cc25eb19d2ca7e9
Reactome,SARS-CoV-2 targets host intracellular signalling and regulatory pathways,12,1.0,False,official human pathways with 10-300 G_PRIMARY genes; equal weights/sqrt(size),f5c4faa94fe03b2d088b72743da175380dfcf2edbfacd0077cc25eb19d2ca7e9
Reactome,SARS-CoV-2-host interactions,185,0.9999999999999999,False,official human pathways with 10-300 G_PRIMARY genes; equal weights/sqrt(size),f5c4faa94fe03b2d088b72743da175380dfcf2edbfacd0077cc25eb19d2ca7e9
Reactome,SCF(Skp2)-mediated degradation of p27/p21,50,1.0,False,official human pathways with 10-300 G_PRIMARY genes; equal weights/sqrt(size),f5c4faa94fe03b2d088b72743da175380dfcf2edbfacd0077cc25eb19d2ca7e9
Reactome,SCF-beta-TrCP mediated degradation of Emi1,42,1.0,False,official human pathways with 10-300 G_PRIMARY genes; equal weights/sqrt(size),f5c4faa94fe03b2d088b72743da175380dfcf2edbfacd0077cc25eb19d2ca7e9
Reactome,SEMA3A-Plexin repulsion signaling by inhibiting Integrin adhesion,14,0.9999999999999999,False,official human pathways with 10-300 G_PRIMARY genes; equal weights/sqrt(size),f5c4faa94fe03b2d088b72743da175380dfcf2edbfacd0077cc25eb19d2ca7e9
Reactome,SHC-mediated cascade:FGFR1,16,1.0,False,official human pathways with 10-300 G_PRIMARY genes; equal weights/sqrt(size),f5c4faa94fe03b2d088b72743da175380dfcf2edbfacd0077cc25eb19d2ca7e9
Reactome,SHC-mediated cascade:FGFR2,18,1.0,False,official human pathways with 10-300 G_PRIMARY genes; equal weights/sqrt(size),f5c4faa94fe03b2d088b72743da175380dfcf2edbfacd0077cc25eb19d2ca7e9
Reactome,SHC-mediated cascade:FGFR3,15,0.9999999999999999,False,official human pathways with 10-300 G_PRIMARY genes; equal weights/sqrt(size),f5c4faa94fe03b2d088b72743da175380dfcf2edbfacd0077cc25eb19d2ca7e9
Reactome,SHC-mediated cascade:FGFR4,16,1.0,False,official human pathways with 10-300 G_PRIMARY genes; equal weights/sqrt(size),f5c4faa94fe03b2d088b72743da175380dfcf2edbfacd0077cc25eb19d2ca7e9
Reactome,SHC1 events in EGFR signaling,14,0.9999999999999999,False,official human pathways with 10-300 G_PRIMARY genes; equal weights/sqrt(size),f5c4faa94fe03b2d088b72743da175380dfcf2edbfacd0077cc25eb19d2ca7e9
Reactome,SHC1 events in ERBB2 signaling,22,0.9999999999999998,False,official human pathways with 10-300 G_PRIMARY genes; equal weights/sqrt(size),f5c4faa94fe03b2d088b72743da175380dfcf2edbfacd0077cc25eb19d2ca7e9
Reactome,SHC1 events in ERBB4 signaling,14,0.9999999999999999,False,official human pathways with 10-300 G_PRIMARY genes; equal weights/sqrt(size),f5c4faa94fe03b2d088b72743da175380dfcf2edbfacd0077cc25eb19d2ca7e9
Reactome,SIRT1 negatively regulates rRNA expression,31,1.0,False,official human pathways with 10-300 G_PRIMARY genes; equal weights/sqrt(size),f5c4faa94fe03b2d088b72743da175380dfcf2edbfacd0077cc25eb19d2ca7e9
Reactome,SLBP Dependent Processing of Replication-Dependent Histone Pre-mRNAs,11,1.0,False,official human pathways with 10-300 G_PRIMARY genes; equal weights/sqrt(size),f5c4faa94fe03b2d088b72743da175380dfcf2edbfacd0077cc25eb19d2ca7e9
Reactome,SLBP independent Processing of Histone Pre-mRNAs,10,1.0,False,official human pathways with 10-300 G_PRIMARY genes; equal weights/sqrt(size),f5c4faa94fe03b2d088b72743da175380dfcf2edbfacd0077cc25eb19d2ca7e9
Reactome,SLC transporter disorders,82,0.9999999999999999,False,official human pathways with 10-300 G_PRIMARY genes; equal weights/sqrt(size),f5c4faa94fe03b2d088b72743da175380dfcf2edbfacd0077cc25eb19d2ca7e9
Reactome,SLC-mediated transmembrane transport,207,1.0,False,official human pathways with 10-300 G_PRIMARY genes; equal weights/sqrt(size),f5c4faa94fe03b2d088b72743da175380dfcf2edbfacd0077cc25eb19d2ca7e9
Reactome,SLC-mediated transport of amino acids,32,0.9999999999999999,False,official human pathways with 10-300 G_PRIMARY genes; equal weights/sqrt(size),f5c4faa94fe03b2d088b72743da175380dfcf2edbfacd0077cc25eb19d2ca7e9
Reactome,SLC-mediated transport of inorganic anions,29,0.9999999999999999,False,official human pathways with 10-300 G_PRIMARY genes; equal weights/sqrt(size),f5c4faa94fe03b2d088b72743da175380dfcf2edbfacd0077cc25eb19d2ca7e9
Reactome,SLC-mediated transport of neurotransmitters,16,1.0,False,official human pathways with 10-300 G_PRIMARY genes; equal weights/sqrt(size),f5c4faa94fe03b2d088b72743da175380dfcf2edbfacd0077cc25eb19d2ca7e9
Reactome,SLC-mediated transport of organic anions,27,1.0,False,official human pathways with 10-300 G_PRIMARY genes; equal weights/sqrt(size),f5c4faa94fe03b2d088b72743da175380dfcf2edbfacd0077cc25eb19d2ca7e9
Reactome,SLC-mediated transport of organic cations,13,0.9999999999999999,False,official human pathways with 10-300 G_PRIMARY genes; equal weights/sqrt(size),f5c4faa94fe03b2d088b72743da175380dfcf2edbfacd0077cc25eb19d2ca7e9
Reactome,SMAD2/SMAD3:SMAD4 heterotrimer regulates transcription,36,1.0,False,official human pathways with 10-300 G_PRIMARY genes; equal weights/sqrt(size),f5c4faa94fe03b2d088b72743da175380dfcf2edbfacd0077cc25eb19d2ca7e9
Reactome,SPOP-mediated proteasomal degradation of PD-L1(CD274),46,0.9999999999999999,False,official human pathways with 10-300 G_PRIMARY genes; equal weights/sqrt(size),f5c4faa94fe03b2d088b72743da175380dfcf2edbfacd0077cc25eb19d2ca7e9
Reactome,"SRC activates STAT3 in a quantitative manner, through Cadherin-11 (CDH11), RAC1 and gp130 (IL6ST)",23,0.9999999999999999,False,official human pathways with 10-300 G_PRIMARY genes; equal weights/sqrt(size),f5c4faa94fe03b2d088b72743da175380dfcf2edbfacd0077cc25eb19d2ca7e9
Reactome,SRP-dependent cotranslational protein targeting to membrane,109,0.9999999999999999,False,official human pathways with 10-300 G_PRIMARY genes; equal weights/sqrt(size),f5c4faa94fe03b2d088b72743da175380dfcf2edbfacd0077cc25eb19d2ca7e9
Reactome,STAT3 nuclear events downstream of ALK signaling,11,1.0,False,official human pathways with 10-300 G_PRIMARY genes; equal weights/sqrt(size),f5c4faa94fe03b2d088b72743da175380dfcf2edbfacd0077cc25eb19d2ca7e9
Reactome,STAT5 activation downstream of FLT3 ITD mutants,10,1.0,False,official human pathways with 10-300 G_PRIMARY genes; equal weights/sqrt(size),f5c4faa94fe03b2d088b72743da175380dfcf2edbfacd0077cc25eb19d2ca7e9
Reactome,STING mediated induction of host immune responses,15,0.9999999999999999,False,official human pathways with 10-300 G_PRIMARY genes; equal weights/sqrt(size),f5c4faa94fe03b2d088b72743da175380dfcf2edbfacd0077cc25eb19d2ca7e9
Reactome,SUMO E3 ligases SUMOylate target proteins,169,1.0,False,official human pathways with 10-300 G_PRIMARY genes; equal weights/sqrt(size),f5c4faa94fe03b2d088b72743da175380dfcf2edbfacd0077cc25eb19d2ca7e9
Reactome,SUMOylation,175,0.9999999999999998,False,official human pathways with 10-300 G_PRIMARY genes; equal weights/sqrt(size),f5c4faa94fe03b2d088b72743da175380dfcf2edbfacd0077cc25eb19d2ca7e9
Reactome,SUMOylation of DNA damage response and repair proteins,77,1.0,False,official human pathways with 10-300 G_PRIMARY genes; equal weights/sqrt(size),f5c4faa94fe03b2d088b72743da175380dfcf2edbfacd0077cc25eb19d2ca7e9
Reactome,SUMOylation of DNA methylation proteins,16,1.0,False,official human pathways with 10-300 G_PRIMARY genes; equal weights/sqrt(size),f5c4faa94fe03b2d088b72743da175380dfcf2edbfacd0077cc25eb19d2ca7e9
Reactome,SUMOylation of DNA replication proteins,46,0.9999999999999999,False,official human pathways with 10-300 G_PRIMARY genes; equal weights/sqrt(size),f5c4faa94fe03b2d088b72743da175380dfcf2edbfacd0077cc25eb19d2ca7e9
Reactome,SUMOylation of RNA binding proteins,47,1.0,False,official human pathways with 10-300 G_PRIMARY genes; equal weights/sqrt(size),f5c4faa94fe03b2d088b72743da175380dfcf2edbfacd0077cc25eb19d2ca7e9
Reactome,SUMOylation of SUMOylation proteins,35,0.9999999999999999,False,official human pathways with 10-300 G_PRIMARY genes; equal weights/sqrt(size),f5c4faa94fe03b2d088b72743da175380dfcf2edbfacd0077cc25eb19d2ca7e9
Reactome,SUMOylation of chromatin organization proteins,58,0.9999999999999999,False,official human pathways with 10-300 G_PRIMARY genes; equal weights/sqrt(size),f5c4faa94fe03b2d088b72743da175380dfcf2edbfacd0077cc25eb19d2ca7e9
Reactome,SUMOylation of immune response proteins,12,1.0,False,official human pathways with 10-300 G_PRIMARY genes; equal weights/sqrt(size),f5c4faa94fe03b2d088b72743da175380dfcf2edbfacd0077cc25eb19d2ca7e9
Reactome,SUMOylation of intracellular receptors,30,0.9999999999999999,False,official human pathways with 10-300 G_PRIMARY genes; equal weights/sqrt(size),f5c4faa94fe03b2d088b72743da175380dfcf2edbfacd0077cc25eb19d2ca7e9
Reactome,SUMOylation of transcription cofactors,44,1.0,False,official human pathways with 10-300 G_PRIMARY genes; equal weights/sqrt(size),f5c4faa94fe03b2d088b72743da175380dfcf2edbfacd0077cc25eb19d2ca7e9
Reactome,SUMOylation of transcription factors,19,0.9999999999999998,False,official human pathways with 10-300 G_PRIMARY genes; equal weights/sqrt(size),f5c4faa94fe03b2d088b72743da175380dfcf2edbfacd0077cc25eb19d2ca7e9
Reactome,SUMOylation of ubiquitinylation proteins,39,1.0,False,official human pathways with 10-300 G_PRIMARY genes; equal weights/sqrt(size),f5c4faa94fe03b2d088b72743da175380dfcf2edbfacd0077cc25eb19d2ca7e9
Reactome,SWI/SNF chromatin remodelers,32,0.9999999999999999,False,official human pathways with 10-300 G_PRIMARY genes; equal weights/sqrt(size),f5c4faa94fe03b2d088b72743da175380dfcf2edbfacd0077cc25eb19d2ca7e9
Reactome,Scavenging by Class A Receptors,18,1.0,False,official human pathways with 10-300 G_PRIMARY genes; equal weights/sqrt(size),f5c4faa94fe03b2d088b72743da175380dfcf2edbfacd0077cc25eb19d2ca7e9
Reactome,Scavenging by Class B Receptors,10,1.0,False,official human pathways with 10-300 G_PRIMARY genes; equal weights/sqrt(size),f5c4faa94fe03b2d088b72743da175380dfcf2edbfacd0077cc25eb19d2ca7e9
Reactome,Sealing of the nuclear envelope (NE) by ESCRT-III,29,0.9999999999999999,False,official human pathways with 10-300 G_PRIMARY genes; equal weights/sqrt(size),f5c4faa94fe03b2d088b72743da175380dfcf2edbfacd0077cc25eb19d2ca7e9
Reactome,Selective autophagy,84,0.9999999999999999,False,official human pathways with 10-300 G_PRIMARY genes; equal weights/sqrt(size),f5c4faa94fe03b2d088b72743da175380dfcf2edbfacd0077cc25eb19d2ca7e9
Reactome,Selenoamino acid metabolism,116,1.0,False,official human pathways with 10-300 G_PRIMARY genes; equal weights/sqrt(size),f5c4faa94fe03b2d088b72743da175380dfcf2edbfacd0077cc25eb19d2ca7e9
Reactome,Selenocysteine synthesis,92,1.0000000000000002,False,official human pathways with 10-300 G_PRIMARY genes; equal weights/sqrt(size),f5c4faa94fe03b2d088b72743da175380dfcf2edbfacd0077cc25eb19d2ca7e9
Reactome,Sema3A PAK dependent Axon repulsion,16,1.0,False,official human pathways with 10-300 G_PRIMARY genes; equal weights/sqrt(size),f5c4faa94fe03b2d088b72743da175380dfcf2edbfacd0077cc25eb19d2ca7e9
Reactome,Sema4D in semaphorin signaling,24,1.0,False,official human pathways with 10-300 G_PRIMARY genes; equal weights/sqrt(size),f5c4faa94fe03b2d088b72743da175380dfcf2edbfacd0077cc25eb19d2ca7e9
Reactome,Sema4D induced cell migration and growth-cone collapse,20,1.0,False,official human pathways with 10-300 G_PRIMARY genes; equal weights/sqrt(size),f5c4faa94fe03b2d088b72743da175380dfcf2edbfacd0077cc25eb19d2ca7e9
Reactome,Semaphorin interactions,62,0.9999999999999999,False,official human pathways with 10-300 G_PRIMARY genes; equal weights/sqrt(size),f5c4faa94fe03b2d088b72743da175380dfcf2edbfacd0077cc25eb19d2ca7e9
Reactome,Senescence-Associated Secretory Phenotype (SASP),74,1.0,False,official human pathways with 10-300 G_PRIMARY genes; equal weights/sqrt(size),f5c4faa94fe03b2d088b72743da175380dfcf2edbfacd0077cc25eb19d2ca7e9
Reactome,Sensory Perception,212,1.0,False,official human pathways with 10-300 G_PRIMARY genes; equal weights/sqrt(size),f5c4faa94fe03b2d088b72743da175380dfcf2edbfacd0077cc25eb19d2ca7e9
Reactome,"Sensory perception of sweet, bitter, and umami (glutamate) taste",28,0.9999999999999999,False,official human pathways with 10-300 G_PRIMARY genes; equal weights/sqrt(size),f5c4faa94fe03b2d088b72743da175380dfcf2edbfacd0077cc25eb19d2ca7e9
Reactome,Sensory perception of taste,33,1.0,False,official human pathways with 10-300 G_PRIMARY genes; equal weights/sqrt(size),f5c4faa94fe03b2d088b72743da175380dfcf2edbfacd0077cc25eb19d2ca7e9
Reactome,Sensory processing of sound,71,0.9999999999999998,False,official human pathways with 10-300 G_PRIMARY genes; equal weights/sqrt(size),f5c4faa94fe03b2d088b72743da175380dfcf2edbfacd0077cc25eb19d2ca7e9
Reactome,Sensory processing of sound by inner hair cells of the cochlea,64,1.0,False,official human pathways with 10-300 G_PRIMARY genes; equal weights/sqrt(size),f5c4faa94fe03b2d088b72743da175380dfcf2edbfacd0077cc25eb19d2ca7e9
Reactome,Sensory processing of sound by outer hair cells of the cochlea,51,1.0,False,official human pathways with 10-300 G_PRIMARY genes; equal weights/sqrt(size),f5c4faa94fe03b2d088b72743da175380dfcf2edbfacd0077cc25eb19d2ca7e9
Reactome,Separation of Sister Chromatids,174,1.0000000000000002,False,official human pathways with 10-300 G_PRIMARY genes; equal weights/sqrt(size),f5c4faa94fe03b2d088b72743da175380dfcf2edbfacd0077cc25eb19d2ca7e9
Reactome,Serine metabolism,11,1.0,False,official human pathways with 10-300 G_PRIMARY genes; equal weights/sqrt(size),f5c4faa94fe03b2d088b72743da175380dfcf2edbfacd0077cc25eb19d2ca7e9
Reactome,Serotonin Neurotransmitter Release Cycle,18,1.0,False,official human pathways with 10-300 G_PRIMARY genes; equal weights/sqrt(size),f5c4faa94fe03b2d088b72743da175380dfcf2edbfacd0077cc25eb19d2ca7e9
Reactome,Sialic acid metabolism,31,1.0,False,official human pathways with 10-300 G_PRIMARY genes; equal weights/sqrt(size),f5c4faa94fe03b2d088b72743da175380dfcf2edbfacd0077cc25eb19d2ca7e9
Reactome,Signal amplification,29,0.9999999999999999,False,official human pathways with 10-300 G_PRIMARY genes; equal weights/sqrt(size),f5c4faa94fe03b2d088b72743da175380dfcf2edbfacd0077cc25eb19d2ca7e9
Reactome,Signal regulatory protein family interactions,12,1.0,False,official human pathways with 10-300 G_PRIMARY genes; equal weights/sqrt(size),f5c4faa94fe03b2d088b72743da175380dfcf2edbfacd0077cc25eb19d2ca7e9
Reactome,Signal transduction by L1,21,1.0,False,official human pathways with 10-300 G_PRIMARY genes; equal weights/sqrt(size),f5c4faa94fe03b2d088b72743da175380dfcf2edbfacd0077cc25eb19d2ca7e9
Reactome,Signaling by ALK,30,0.9999999999999999,False,official human pathways with 10-300 G_PRIMARY genes; equal weights/sqrt(size),f5c4faa94fe03b2d088b72743da175380dfcf2edbfacd0077cc25eb19d2ca7e9
Reactome,Signaling by ALK fusions and activated point mutants,88,1.0,False,official human pathways with 10-300 G_PRIMARY genes; equal weights/sqrt(size),f5c4faa94fe03b2d088b72743da175380dfcf2edbfacd0077cc25eb19d2ca7e9
Reactome,Signaling by ALK in cancer,88,1.0,False,official human pathways with 10-300 G_PRIMARY genes; equal weights/sqrt(size),f5c4faa94fe03b2d088b72743da175380dfcf2edbfacd0077cc25eb19d2ca7e9
Reactome,Signaling by AMER1 mutants,14,0.9999999999999999,False,official human pathways with 10-300 G_PRIMARY genes; equal weights/sqrt(size),f5c4faa94fe03b2d088b72743da175380dfcf2edbfacd0077cc25eb19d2ca7e9
Reactome,Signaling by APC mutants,14,0.9999999999999999,False,official human pathways with 10-300 G_PRIMARY genes; equal weights/sqrt(size),f5c4faa94fe03b2d088b72743da175380dfcf2edbfacd0077cc25eb19d2ca7e9
Reactome,Signaling by AXIN mutants,14,0.9999999999999999,False,official human pathways with 10-300 G_PRIMARY genes; equal weights/sqrt(size),f5c4faa94fe03b2d088b72743da175380dfcf2edbfacd0077cc25eb19d2ca7e9
Reactome,Signaling by Activin,16,1.0,False,official human pathways with 10-300 G_PRIMARY genes; equal weights/sqrt(size),f5c4faa94fe03b2d088b72743da175380dfcf2edbfacd0077cc25eb19d2ca7e9
Reactome,Signaling by BMP,28,0.9999999999999999,False,official human pathways with 10-300 G_PRIMARY genes; equal weights/sqrt(size),f5c4faa94fe03b2d088b72743da175380dfcf2edbfacd0077cc25eb19d2ca7e9
Reactome,Signaling by BRAF and RAF1 fusions,65,1.0,False,official human pathways with 10-300 G_PRIMARY genes; equal weights/sqrt(size),f5c4faa94fe03b2d088b72743da175380dfcf2edbfacd0077cc25eb19d2ca7e9
Reactome,Signaling by CSF1 (M-CSF) in myeloid cells,31,1.0,False,official human pathways with 10-300 G_PRIMARY genes; equal weights/sqrt(size),f5c4faa94fe03b2d088b72743da175380dfcf2edbfacd0077cc25eb19d2ca7e9
Reactome,Signaling by CSF3 (G-CSF),29,0.9999999999999999,False,official human pathways with 10-300 G_PRIMARY genes; equal weights/sqrt(size),f5c4faa94fe03b2d088b72743da175380dfcf2edbfacd0077cc25eb19d2ca7e9
Reactome,Signaling by CTNNB1 phospho-site mutants,15,0.9999999999999999,False,official human pathways with 10-300 G_PRIMARY genes; equal weights/sqrt(size),f5c4faa94fe03b2d088b72743da175380dfcf2edbfacd0077cc25eb19d2ca7e9
Reactome,Signaling by EGFR,53,1.0,False,official human pathways with 10-300 G_PRIMARY genes; equal weights/sqrt(size),f5c4faa94fe03b2d088b72743da175380dfcf2edbfacd0077cc25eb19d2ca7e9
Reactome,Signaling by EGFR in Cancer,25,1.0,False,official human pathways with 10-300 G_PRIMARY genes; equal weights/sqrt(size),f5c4faa94fe03b2d088b72743da175380dfcf2edbfacd0077cc25eb19d2ca7e9
Reactome,Signaling by EGFRvIII in Cancer,15,0.9999999999999999,False,official human pathways with 10-300 G_PRIMARY genes; equal weights/sqrt(size),f5c4faa94fe03b2d088b72743da175380dfcf2edbfacd0077cc25eb19d2ca7e9
Reactome,Signaling by ERBB2,50,1.0,False,official human pathways with 10-300 G_PRIMARY genes; equal weights/sqrt(size),f5c4faa94fe03b2d088b72743da175380dfcf2edbfacd0077cc25eb19d2ca7e9
Reactome,Signaling by ERBB2 ECD mutants,16,1.0,False,official human pathways with 10-300 G_PRIMARY genes; equal weights/sqrt(size),f5c4faa94fe03b2d088b72743da175380dfcf2edbfacd0077cc25eb19d2ca7e9
Reactome,Signaling by ERBB2 KD Mutants,25,1.0,False,official human pathways with 10-300 G_PRIMARY genes; equal weights/sqrt(size),f5c4faa94fe03b2d088b72743da175380dfcf2edbfacd0077cc25eb19d2ca7e9
Reactome,Signaling by ERBB2 TMD/JMD mutants,22,0.9999999999999998,False,official human pathways with 10-300 G_PRIMARY genes; equal weights/sqrt(size),f5c4faa94fe03b2d088b72743da175380dfcf2edbfacd0077cc25eb19d2ca7e9
Reactome,Signaling by ERBB2 in Cancer,26,1.0,False,official human pathways with 10-300 G_PRIMARY genes; equal weights/sqrt(size),f5c4faa94fe03b2d088b72743da175380dfcf2edbfacd0077cc25eb19d2ca7e9
Reactome,Signaling by ERBB4,55,1.0,False,official human pathways with 10-300 G_PRIMARY genes; equal weights/sqrt(size),f5c4faa94fe03b2d088b72743da175380dfcf2edbfacd0077cc25eb19d2ca7e9
Reactome,Signaling by Erythropoietin,24,1.0,False,official human pathways with 10-300 G_PRIMARY genes; equal weights/sqrt(size),f5c4faa94fe03b2d088b72743da175380dfcf2edbfacd0077cc25eb19d2ca7e9
Reactome,Signaling by FGFR,82,0.9999999999999999,False,official human pathways with 10-300 G_PRIMARY genes; equal weights/sqrt(size),f5c4faa94fe03b2d088b72743da175380dfcf2edbfacd0077cc25eb19d2ca7e9
Reactome,Signaling by FGFR in disease,58,0.9999999999999999,False,official human pathways with 10-300 G_PRIMARY genes; equal weights/sqrt(size),f5c4faa94fe03b2d088b72743da175380dfcf2edbfacd0077cc25eb19d2ca7e9
Reactome,Signaling by FGFR1,47,1.0,False,official human pathways with 10-300 G_PRIMARY genes; equal weights/sqrt(size),f5c4faa94fe03b2d088b72743da175380dfcf2edbfacd0077cc25eb19d2ca7e9
Reactome,Signaling by FGFR1 in disease,35,0.9999999999999999,False,official human pathways with 10-300 G_PRIMARY genes; equal weights/sqrt(size),f5c4faa94fe03b2d088b72743da175380dfcf2edbfacd0077cc25eb19d2ca7e9
Reactome,Signaling by FGFR2,67,1.0,False,official human pathways with 10-300 G_PRIMARY genes; equal weights/sqrt(size),f5c4faa94fe03b2d088b72743da175380dfcf2edbfacd0077cc25eb19d2ca7e9
Reactome,Signaling by FGFR2 IIIa TM,19,0.9999999999999998,False,official human pathways with 10-300 G_PRIMARY genes; equal weights/sqrt(size),f5c4faa94fe03b2d088b72743da175380dfcf2edbfacd0077cc25eb19d2ca7e9
Reactome,Signaling by FGFR2 in disease,38,0.9999999999999999,False,official human pathways with 10-300 G_PRIMARY genes; equal weights/sqrt(size),f5c4faa94fe03b2d088b72743da175380dfcf2edbfacd0077cc25eb19d2ca7e9
Reactome,Signaling by FGFR3,37,0.9999999999999999,False,official human pathways with 10-300 G_PRIMARY genes; equal weights/sqrt(size),f5c4faa94fe03b2d088b72743da175380dfcf2edbfacd0077cc25eb19d2ca7e9
Reactome,Signaling by FGFR3 in disease,19,0.9999999999999998,False,official human pathways with 10-300 G_PRIMARY genes; equal weights/sqrt(size),f5c4faa94fe03b2d088b72743da175380dfcf2edbfacd0077cc25eb19d2ca7e9
Reactome,Signaling by FGFR4,37,0.9999999999999999,False,official human pathways with 10-300 G_PRIMARY genes; equal weights/sqrt(size),f5c4faa94fe03b2d088b72743da175380dfcf2edbfacd0077cc25eb19d2ca7e9
Reactome,Signaling by FGFR4 in disease,11,1.0,False,official human pathways with 10-300 G_PRIMARY genes; equal weights/sqrt(size),f5c4faa94fe03b2d088b72743da175380dfcf2edbfacd0077cc25eb19d2ca7e9
Reactome,Signaling by FLT3 ITD and TKD mutants,16,1.0,False,official human pathways with 10-300 G_PRIMARY genes; equal weights/sqrt(size),f5c4faa94fe03b2d088b72743da175380dfcf2edbfacd0077cc25eb19d2ca7e9
Reactome,Signaling by FLT3 fusion proteins,19,0.9999999999999998,False,official human pathways with 10-300 G_PRIMARY genes; equal weights/sqrt(size),f5c4faa94fe03b2d088b72743da175380dfcf2edbfacd0077cc25eb19d2ca7e9
Reactome,Signaling by GSK3beta mutants,15,0.9999999999999999,False,official human pathways with 10-300 G_PRIMARY genes; equal weights/sqrt(size),f5c4faa94fe03b2d088b72743da175380dfcf2edbfacd0077cc25eb19d2ca7e9
Reactome,Signaling by Hedgehog,133,1.0,False,official human pathways with 10-300 G_PRIMARY genes; equal weights/sqrt(size),f5c4faa94fe03b2d088b72743da175380dfcf2edbfacd0077cc25eb19d2ca7e9
Reactome,Signaling by Hippo,20,1.0,False,official human pathways with 10-300 G_PRIMARY genes; equal weights/sqrt(size),f5c4faa94fe03b2d088b72743da175380dfcf2edbfacd0077cc25eb19d2ca7e9
Reactome,Signaling by Insulin receptor,73,1.0,False,official human pathways with 10-300 G_PRIMARY genes; equal weights/sqrt(size),f5c4faa94fe03b2d088b72743da175380dfcf2edbfacd0077cc25eb19d2ca7e9
Reactome,Signaling by KIT in disease,20,1.0,False,official human pathways with 10-300 G_PRIMARY genes; equal weights/sqrt(size),f5c4faa94fe03b2d088b72743da175380dfcf2edbfacd0077cc25eb19d2ca7e9
Reactome,Signaling by LTK,12,1.0,False,official human pathways with 10-300 G_PRIMARY genes; equal weights/sqrt(size),f5c4faa94fe03b2d088b72743da175380dfcf2edbfacd0077cc25eb19d2ca7e9
Reactome,Signaling by Leptin,10,1.0,False,official human pathways with 10-300 G_PRIMARY genes; equal weights/sqrt(size),f5c4faa94fe03b2d088b72743da175380dfcf2edbfacd0077cc25eb19d2ca7e9
Reactome,Signaling by Ligand-Responsive EGFR Variants in Cancer,19,0.9999999999999998,False,official human pathways with 10-300 G_PRIMARY genes; equal weights/sqrt(size),f5c4faa94fe03b2d088b72743da175380dfcf2edbfacd0077cc25eb19d2ca7e9
Reactome,Signaling by MET,78,0.9999999999999998,False,official human pathways with 10-300 G_PRIMARY genes; equal weights/sqrt(size),f5c4faa94fe03b2d088b72743da175380dfcf2edbfacd0077cc25eb19d2ca7e9
Reactome,Signaling by NODAL,16,1.0,False,official human pathways with 10-300 G_PRIMARY genes; equal weights/sqrt(size),f5c4faa94fe03b2d088b72743da175380dfcf2edbfacd0077cc25eb19d2ca7e9
Reactome,Signaling by NOTCH,188,1.0,False,official human pathways with 10-300 G_PRIMARY genes; equal weights/sqrt(size),f5c4faa94fe03b2d088b72743da175380dfcf2edbfacd0077cc25eb19d2ca7e9
Reactome,Signaling by NOTCH1,73,1.0,False,official human pathways with 10-300 G_PRIMARY genes; equal weights/sqrt(size),f5c4faa94fe03b2d088b72743da175380dfcf2edbfacd0077cc25eb19d2ca7e9
Reactome,Signaling by NOTCH1 HD Domain Mutants in Cancer,15,0.9999999999999999,False,official human pathways with 10-300 G_PRIMARY genes; equal weights/sqrt(size),f5c4faa94fe03b2d088b72743da175380dfcf2edbfacd0077cc25eb19d2ca7e9
Reactome,Signaling by NOTCH1 HD+PEST Domain Mutants in Cancer,58,0.9999999999999999,False,official human pathways with 10-300 G_PRIMARY genes; equal weights/sqrt(size),f5c4faa94fe03b2d088b72743da175380dfcf2edbfacd0077cc25eb19d2ca7e9
Reactome,Signaling by NOTCH1 PEST Domain Mutants in Cancer,58,0.9999999999999999,False,official human pathways with 10-300 G_PRIMARY genes; equal weights/sqrt(size),f5c4faa94fe03b2d088b72743da175380dfcf2edbfacd0077cc25eb19d2ca7e9
Reactome,Signaling by NOTCH1 in Cancer,58,0.9999999999999999,False,official human pathways with 10-300 G_PRIMARY genes; equal weights/sqrt(size),f5c4faa94fe03b2d088b72743da175380dfcf2edbfacd0077cc25eb19d2ca7e9
Reactome,Signaling by NOTCH2,34,0.9999999999999999,False,official human pathways with 10-300 G_PRIMARY genes; equal weights/sqrt(size),f5c4faa94fe03b2d088b72743da175380dfcf2edbfacd0077cc25eb19d2ca7e9
Reactome,Signaling by NOTCH3,46,0.9999999999999999,False,official human pathways with 10-300 G_PRIMARY genes; equal weights/sqrt(size),f5c4faa94fe03b2d088b72743da175380dfcf2edbfacd0077cc25eb19d2ca7e9
Reactome,Signaling by NOTCH4,72,1.0,False,official human pathways with 10-300 G_PRIMARY genes; equal weights/sqrt(size),f5c4faa94fe03b2d088b72743da175380dfcf2edbfacd0077cc25eb19d2ca7e9
Reactome,Signaling by NTRK1 (TRKA),113,1.0,False,official human pathways with 10-300 G_PRIMARY genes; equal weights/sqrt(size),f5c4faa94fe03b2d088b72743da175380dfcf2edbfacd0077cc25eb19d2ca7e9
Reactome,Signaling by NTRK2 (TRKB),25,1.0,False,official human pathways with 10-300 G_PRIMARY genes; equal weights/sqrt(size),f5c4faa94fe03b2d088b72743da175380dfcf2edbfacd0077cc25eb19d2ca7e9
Reactome,Signaling by NTRK3 (TRKC),17,1.0,False,official human pathways with 10-300 G_PRIMARY genes; equal weights/sqrt(size),f5c4faa94fe03b2d088b72743da175380dfcf2edbfacd0077cc25eb19d2ca7e9
Reactome,Signaling by NTRKs,132,1.0,False,official human pathways with 10-300 G_PRIMARY genes; equal weights/sqrt(size),f5c4faa94fe03b2d088b72743da175380dfcf2edbfacd0077cc25eb19d2ca7e9
Reactome,Signaling by Non-Receptor Tyrosine Kinases,55,1.0,False,official human pathways with 10-300 G_PRIMARY genes; equal weights/sqrt(size),f5c4faa94fe03b2d088b72743da175380dfcf2edbfacd0077cc25eb19d2ca7e9
Reactome,Signaling by Nuclear Receptors,246,0.9999999999999999,False,official human pathways with 10-300 G_PRIMARY genes; equal weights/sqrt(size),f5c4faa94fe03b2d088b72743da175380dfcf2edbfacd0077cc25eb19d2ca7e9
Reactome,Signaling by PDGF,55,1.0,False,official human pathways with 10-300 G_PRIMARY genes; equal weights/sqrt(size),f5c4faa94fe03b2d088b72743da175380dfcf2edbfacd0077cc25eb19d2ca7e9
Reactome,Signaling by PDGFR in disease,20,1.0,False,official human pathways with 10-300 G_PRIMARY genes; equal weights/sqrt(size),f5c4faa94fe03b2d088b72743da175380dfcf2edbfacd0077cc25eb19d2ca7e9
Reactome,Signaling by PDGFRA extracellular domain mutants,12,1.0,False,official human pathways with 10-300 G_PRIMARY genes; equal weights/sqrt(size),f5c4faa94fe03b2d088b72743da175380dfcf2edbfacd0077cc25eb19d2ca7e9
Reactome,"Signaling by PDGFRA transmembrane, juxtamembrane and kinase domain mutants",12,1.0,False,official human pathways with 10-300 G_PRIMARY genes; equal weights/sqrt(size),f5c4faa94fe03b2d088b72743da175380dfcf2edbfacd0077cc25eb19d2ca7e9
Reactome,Signaling by PTK6,55,1.0,False,official human pathways with 10-300 G_PRIMARY genes; equal weights/sqrt(size),f5c4faa94fe03b2d088b72743da175380dfcf2edbfacd0077cc25eb19d2ca7e9
Reactome,Signaling by RAF1 mutants,41,1.0,False,official human pathways with 10-300 G_PRIMARY genes; equal weights/sqrt(size),f5c4faa94fe03b2d088b72743da175380dfcf2edbfacd0077cc25eb19d2ca7e9
Reactome,Signaling by RAS mutants,45,1.0,False,official human pathways with 10-300 G_PRIMARY genes; equal weights/sqrt(size),f5c4faa94fe03b2d088b72743da175380dfcf2edbfacd0077cc25eb19d2ca7e9
Reactome,Signaling by ROBO receptors,202,0.9999999999999998,False,official human pathways with 10-300 G_PRIMARY genes; equal weights/sqrt(size),f5c4faa94fe03b2d088b72743da175380dfcf2edbfacd0077cc25eb19d2ca7e9
Reactome,Signaling by Retinoic Acid,35,0.9999999999999999,False,official human pathways with 10-300 G_PRIMARY genes; equal weights/sqrt(size),f5c4faa94fe03b2d088b72743da175380dfcf2edbfacd0077cc25eb19d2ca7e9
Reactome,Signaling by SCF-KIT,42,1.0,False,official human pathways with 10-300 G_PRIMARY genes; equal weights/sqrt(size),f5c4faa94fe03b2d088b72743da175380dfcf2edbfacd0077cc25eb19d2ca7e9
Reactome,Signaling by TGF-beta Receptor Complex,93,1.0,False,official human pathways with 10-300 G_PRIMARY genes; equal weights/sqrt(size),f5c4faa94fe03b2d088b72743da175380dfcf2edbfacd0077cc25eb19d2ca7e9
Reactome,Signaling by TGFB family members,149,1.0000000000000002,False,official human pathways with 10-300 G_PRIMARY genes; equal weights/sqrt(size),f5c4faa94fe03b2d088b72743da175380dfcf2edbfacd0077cc25eb19d2ca7e9
Reactome,Signaling by TGFBR3,42,1.0,False,official human pathways with 10-300 G_PRIMARY genes; equal weights/sqrt(size),f5c4faa94fe03b2d088b72743da175380dfcf2edbfacd0077cc25eb19d2ca7e9
Reactome,Signaling by Type 1 Insulin-like Growth Factor 1 Receptor (IGF1R),46,0.9999999999999999,False,official human pathways with 10-300 G_PRIMARY genes; equal weights/sqrt(size),f5c4faa94fe03b2d088b72743da175380dfcf2edbfacd0077cc25eb19d2ca7e9
Reactome,Signaling by VEGF,104,0.9999999999999999,False,official human pathways with 10-300 G_PRIMARY genes; equal weights/sqrt(size),f5c4faa94fe03b2d088b72743da175380dfcf2edbfacd0077cc25eb19d2ca7e9
Reactome,Signaling by WNT,265,1.0,False,official human pathways with 10-300 G_PRIMARY genes; equal weights/sqrt(size),f5c4faa94fe03b2d088b72743da175380dfcf2edbfacd0077cc25eb19d2ca7e9
Reactome,Signaling by WNT in cancer,33,1.0,False,official human pathways with 10-300 G_PRIMARY genes; equal weights/sqrt(size),f5c4faa94fe03b2d088b72743da175380dfcf2edbfacd0077cc25eb19d2ca7e9
Reactome,Signaling by cytosolic FGFR1 fusion mutants,18,1.0,False,official human pathways with 10-300 G_PRIMARY genes; equal weights/sqrt(size),f5c4faa94fe03b2d088b72743da175380dfcf2edbfacd0077cc25eb19d2ca7e9
Reactome,Signaling by high-kinase activity BRAF mutants,36,1.0,False,official human pathways with 10-300 G_PRIMARY genes; equal weights/sqrt(size),f5c4faa94fe03b2d088b72743da175380dfcf2edbfacd0077cc25eb19d2ca7e9
Reactome,Signaling by moderate kinase activity BRAF mutants,45,1.0,False,official human pathways with 10-300 G_PRIMARY genes; equal weights/sqrt(size),f5c4faa94fe03b2d088b72743da175380dfcf2edbfacd0077cc25eb19d2ca7e9
Reactome,"Signaling by phosphorylated juxtamembrane, extracellular and kinase domain KIT mutants",20,1.0,False,official human pathways with 10-300 G_PRIMARY genes; equal weights/sqrt(size),f5c4faa94fe03b2d088b72743da175380dfcf2edbfacd0077cc25eb19d2ca7e9
Reactome,Signaling by the B Cell Receptor (BCR),95,1.0000000000000002,False,official human pathways with 10-300 G_PRIMARY genes; equal weights/sqrt(size),f5c4faa94fe03b2d088b72743da175380dfcf2edbfacd0077cc25eb19d2ca7e9
Reactome,Signaling downstream of RAS mutants,45,1.0,False,official human pathways with 10-300 G_PRIMARY genes; equal weights/sqrt(size),f5c4faa94fe03b2d088b72743da175380dfcf2edbfacd0077cc25eb19d2ca7e9
Reactome,Signalling to ERKs,34,0.9999999999999999,False,official human pathways with 10-300 G_PRIMARY genes; equal weights/sqrt(size),f5c4faa94fe03b2d088b72743da175380dfcf2edbfacd0077cc25eb19d2ca7e9
Reactome,Signalling to RAS,20,1.0,False,official human pathways with 10-300 G_PRIMARY genes; equal weights/sqrt(size),f5c4faa94fe03b2d088b72743da175380dfcf2edbfacd0077cc25eb19d2ca7e9
Reactome,Smooth Muscle Contraction,41,1.0,False,official human pathways with 10-300 G_PRIMARY genes; equal weights/sqrt(size),f5c4faa94fe03b2d088b72743da175380dfcf2edbfacd0077cc25eb19d2ca7e9
Reactome,Sodium/Calcium exchangers,11,1.0,False,official human pathways with 10-300 G_PRIMARY genes; equal weights/sqrt(size),f5c4faa94fe03b2d088b72743da175380dfcf2edbfacd0077cc25eb19d2ca7e9
Reactome,Somatic hypermutation of immunoglobulin genes,163,1.0,False,official human pathways with 10-300 G_PRIMARY genes; equal weights/sqrt(size),f5c4faa94fe03b2d088b72743da175380dfcf2edbfacd0077cc25eb19d2ca7e9
Reactome,Somatic hypermutation of immunoglobulin genes by error-prone base excision repair (BER),19,0.9999999999999998,False,official human pathways with 10-300 G_PRIMARY genes; equal weights/sqrt(size),f5c4faa94fe03b2d088b72743da175380dfcf2edbfacd0077cc25eb19d2ca7e9
Reactome,Somatic hypermutation of immunoglobulin genes by error-prone mismatch repair (MMR),22,0.9999999999999998,False,official human pathways with 10-300 G_PRIMARY genes; equal weights/sqrt(size),f5c4faa94fe03b2d088b72743da175380dfcf2edbfacd0077cc25eb19d2ca7e9
Reactome,Somitogenesis,43,1.0,False,official human pathways with 10-300 G_PRIMARY genes; equal weights/sqrt(size),f5c4faa94fe03b2d088b72743da175380dfcf2edbfacd0077cc25eb19d2ca7e9
Reactome,Specification of primordial germ cells,10,1.0,False,official human pathways with 10-300 G_PRIMARY genes; equal weights/sqrt(size),f5c4faa94fe03b2d088b72743da175380dfcf2edbfacd0077cc25eb19d2ca7e9
Reactome,Specification of the neural plate border,14,0.9999999999999999,False,official human pathways with 10-300 G_PRIMARY genes; equal weights/sqrt(size),f5c4faa94fe03b2d088b72743da175380dfcf2edbfacd0077cc25eb19d2ca7e9
Reactome,Sphingolipid catabolism,11,1.0,False,official human pathways with 10-300 G_PRIMARY genes; equal weights/sqrt(size),f5c4faa94fe03b2d088b72743da175380dfcf2edbfacd0077cc25eb19d2ca7e9
Reactome,Sphingolipid de novo biosynthesis,37,0.9999999999999999,False,official human pathways with 10-300 G_PRIMARY genes; equal weights/sqrt(size),f5c4faa94fe03b2d088b72743da175380dfcf2edbfacd0077cc25eb19d2ca7e9
Reactome,Sphingolipid metabolism,102,1.0,False,official human pathways with 10-300 G_PRIMARY genes; equal weights/sqrt(size),f5c4faa94fe03b2d088b72743da175380dfcf2edbfacd0077cc25eb19d2ca7e9
Reactome,Spry regulation of FGF signaling,16,1.0,False,official human pathways with 10-300 G_PRIMARY genes; equal weights/sqrt(size),f5c4faa94fe03b2d088b72743da175380dfcf2edbfacd0077cc25eb19d2ca7e9
Reactome,Stabilization of p53,44,1.0,False,official human pathways with 10-300 G_PRIMARY genes; equal weights/sqrt(size),f5c4faa94fe03b2d088b72743da175380dfcf2edbfacd0077cc25eb19d2ca7e9
Reactome,Stimuli-sensing channels,95,1.0000000000000002,False,official human pathways with 10-300 G_PRIMARY genes; equal weights/sqrt(size),f5c4faa94fe03b2d088b72743da175380dfcf2edbfacd0077cc25eb19d2ca7e9
Reactome,Strand-asynchronous mitochondrial DNA replication,10,1.0,False,official human pathways with 10-300 G_PRIMARY genes; equal weights/sqrt(size),f5c4faa94fe03b2d088b72743da175380dfcf2edbfacd0077cc25eb19d2ca7e9
Reactome,Striated Muscle Contraction,28,0.9999999999999999,False,official human pathways with 10-300 G_PRIMARY genes; equal weights/sqrt(size),f5c4faa94fe03b2d088b72743da175380dfcf2edbfacd0077cc25eb19d2ca7e9
Reactome,Sulfur amino acid metabolism,28,0.9999999999999999,False,official human pathways with 10-300 G_PRIMARY genes; equal weights/sqrt(size),f5c4faa94fe03b2d088b72743da175380dfcf2edbfacd0077cc25eb19d2ca7e9
Reactome,Suppression of phagosomal maturation,13,0.9999999999999999,False,official human pathways with 10-300 G_PRIMARY genes; equal weights/sqrt(size),f5c4faa94fe03b2d088b72743da175380dfcf2edbfacd0077cc25eb19d2ca7e9
Reactome,Surfactant metabolism,19,0.9999999999999998,False,official human pathways with 10-300 G_PRIMARY genes; equal weights/sqrt(size),f5c4faa94fe03b2d088b72743da175380dfcf2edbfacd0077cc25eb19d2ca7e9
Reactome,Switching of origins to a post-replicative state,79,0.9999999999999998,False,official human pathways with 10-300 G_PRIMARY genes; equal weights/sqrt(size),f5c4faa94fe03b2d088b72743da175380dfcf2edbfacd0077cc25eb19d2ca7e9
Reactome,Synaptic adhesion-like molecules,21,1.0,False,official human pathways with 10-300 G_PRIMARY genes; equal weights/sqrt(size),f5c4faa94fe03b2d088b72743da175380dfcf2edbfacd0077cc25eb19d2ca7e9
Reactome,Syndecan interactions,27,1.0,False,official human pathways with 10-300 G_PRIMARY genes; equal weights/sqrt(size),f5c4faa94fe03b2d088b72743da175380dfcf2edbfacd0077cc25eb19d2ca7e9
Reactome,"Synthesis And Processing Of GAG, GAGPOL Polyproteins",14,0.9999999999999999,False,official human pathways with 10-300 G_PRIMARY genes; equal weights/sqrt(size),f5c4faa94fe03b2d088b72743da175380dfcf2edbfacd0077cc25eb19d2ca7e9
Reactome,Synthesis of DNA,108,1.0,False,official human pathways with 10-300 G_PRIMARY genes; equal weights/sqrt(size),f5c4faa94fe03b2d088b72743da175380dfcf2edbfacd0077cc25eb19d2ca7e9
Reactome,"Synthesis of IP2, IP, and Ins in the cytosol",13,0.9999999999999999,False,official human pathways with 10-300 G_PRIMARY genes; equal weights/sqrt(size),f5c4faa94fe03b2d088b72743da175380dfcf2edbfacd0077cc25eb19d2ca7e9
Reactome,Synthesis of IP3 and IP4 in the cytosol,26,1.0,False,official human pathways with 10-300 G_PRIMARY genes; equal weights/sqrt(size),f5c4faa94fe03b2d088b72743da175380dfcf2edbfacd0077cc25eb19d2ca7e9
Reactome,Synthesis of Leukotrienes (LT) and Eoxins (EX),14,0.9999999999999999,False,official human pathways with 10-300 G_PRIMARY genes; equal weights/sqrt(size),f5c4faa94fe03b2d088b72743da175380dfcf2edbfacd0077cc25eb19d2ca7e9
Reactome,Synthesis of PA,33,1.0,False,official human pathways with 10-300 G_PRIMARY genes; equal weights/sqrt(size),f5c4faa94fe03b2d088b72743da175380dfcf2edbfacd0077cc25eb19d2ca7e9
Reactome,Synthesis of PC,26,1.0,False,official human pathways with 10-300 G_PRIMARY genes; equal weights/sqrt(size),f5c4faa94fe03b2d088b72743da175380dfcf2edbfacd0077cc25eb19d2ca7e9
Reactome,Synthesis of PE,11,1.0,False,official human pathways with 10-300 G_PRIMARY genes; equal weights/sqrt(size),f5c4faa94fe03b2d088b72743da175380dfcf2edbfacd0077cc25eb19d2ca7e9
Reactome,Synthesis of PIPs at the Golgi membrane,18,1.0,False,official human pathways with 10-300 G_PRIMARY genes; equal weights/sqrt(size),f5c4faa94fe03b2d088b72743da175380dfcf2edbfacd0077cc25eb19d2ca7e9
Reactome,Synthesis of PIPs at the early endosome membrane,16,1.0,False,official human pathways with 10-300 G_PRIMARY genes; equal weights/sqrt(size),f5c4faa94fe03b2d088b72743da175380dfcf2edbfacd0077cc25eb19d2ca7e9
Reactome,Synthesis of PIPs at the late endosome membrane,11,1.0,False,official human pathways with 10-300 G_PRIMARY genes; equal weights/sqrt(size),f5c4faa94fe03b2d088b72743da175380dfcf2edbfacd0077cc25eb19d2ca7e9
Reactome,Synthesis of PIPs at the plasma membrane,53,1.0,False,official human pathways with 10-300 G_PRIMARY genes; equal weights/sqrt(size),f5c4faa94fe03b2d088b72743da175380dfcf2edbfacd0077cc25eb19d2ca7e9
Reactome,Synthesis of Prostaglandins (PG) and Thromboxanes (TX),14,0.9999999999999999,False,official human pathways with 10-300 G_PRIMARY genes; equal weights/sqrt(size),f5c4faa94fe03b2d088b72743da175380dfcf2edbfacd0077cc25eb19d2ca7e9
Reactome,Synthesis of active ubiquitin: roles of E1 and E2 enzymes,30,0.9999999999999999,False,official human pathways with 10-300 G_PRIMARY genes; equal weights/sqrt(size),f5c4faa94fe03b2d088b72743da175380dfcf2edbfacd0077cc25eb19d2ca7e9
Reactome,Synthesis of bile acids and bile salts,31,1.0,False,official human pathways with 10-300 G_PRIMARY genes; equal weights/sqrt(size),f5c4faa94fe03b2d088b72743da175380dfcf2edbfacd0077cc25eb19d2ca7e9
Reactome,Synthesis of bile acids and bile salts via 24-hydroxycholesterol,12,1.0,False,official human pathways with 10-300 G_PRIMARY genes; equal weights/sqrt(size),f5c4faa94fe03b2d088b72743da175380dfcf2edbfacd0077cc25eb19d2ca7e9
Reactome,Synthesis of bile acids and bile salts via 27-hydroxycholesterol,11,1.0,False,official human pathways with 10-300 G_PRIMARY genes; equal weights/sqrt(size),f5c4faa94fe03b2d088b72743da175380dfcf2edbfacd0077cc25eb19d2ca7e9
Reactome,Synthesis of bile acids and bile salts via 7alpha-hydroxycholesterol,20,1.0,False,official human pathways with 10-300 G_PRIMARY genes; equal weights/sqrt(size),f5c4faa94fe03b2d088b72743da175380dfcf2edbfacd0077cc25eb19d2ca7e9
Reactome,Synthesis of glycosylphosphatidylinositol (GPI),17,1.0,False,official human pathways with 10-300 G_PRIMARY genes; equal weights/sqrt(size),f5c4faa94fe03b2d088b72743da175380dfcf2edbfacd0077cc25eb19d2ca7e9
Reactome,Synthesis of substrates in N-glycan biosythesis,63,0.9999999999999997,False,official human pathways with 10-300 G_PRIMARY genes; equal weights/sqrt(size),f5c4faa94fe03b2d088b72743da175380dfcf2edbfacd0077cc25eb19d2ca7e9
Reactome,Synthesis of very long-chain fatty acyl-CoAs,23,0.9999999999999999,False,official human pathways with 10-300 G_PRIMARY genes; equal weights/sqrt(size),f5c4faa94fe03b2d088b72743da175380dfcf2edbfacd0077cc25eb19d2ca7e9
Reactome,"Synthesis, secretion, and deacylation of Ghrelin",15,0.9999999999999999,False,official human pathways with 10-300 G_PRIMARY genes; equal weights/sqrt(size),f5c4faa94fe03b2d088b72743da175380dfcf2edbfacd0077cc25eb19d2ca7e9
Reactome,"Synthesis, secretion, and inactivation of Glucagon-like Peptide-1 (GLP-1)",16,1.0,False,official human pathways with 10-300 G_PRIMARY genes; equal weights/sqrt(size),f5c4faa94fe03b2d088b72743da175380dfcf2edbfacd0077cc25eb19d2ca7e9
Reactome,"Synthesis, secretion, and inactivation of Glucose-dependent Insulinotropic Polypeptide (GIP)",11,1.0,False,official human pathways with 10-300 G_PRIMARY genes; equal weights/sqrt(size),f5c4faa94fe03b2d088b72743da175380dfcf2edbfacd0077cc25eb19d2ca7e9
Reactome,TAK1-dependent IKK and NF-kappa-B activation,42,1.0,False,official human pathways with 10-300 G_PRIMARY genes; equal weights/sqrt(size),f5c4faa94fe03b2d088b72743da175380dfcf2edbfacd0077cc25eb19d2ca7e9
Reactome,TBC/RABGAPs,43,1.0,False,official human pathways with 10-300 G_PRIMARY genes; equal weights/sqrt(size),f5c4faa94fe03b2d088b72743da175380dfcf2edbfacd0077cc25eb19d2ca7e9
Reactome,TCF dependent signaling in response to WNT,174,1.0000000000000002,False,official human pathways with 10-300 G_PRIMARY genes; equal weights/sqrt(size),f5c4faa94fe03b2d088b72743da175380dfcf2edbfacd0077cc25eb19d2ca7e9
Reactome,TCR signaling,97,1.0000000000000002,False,official human pathways with 10-300 G_PRIMARY genes; equal weights/sqrt(size),f5c4faa94fe03b2d088b72743da175380dfcf2edbfacd0077cc25eb19d2ca7e9
Reactome,TFAP2 (AP-2) family regulates transcription of growth factors and their receptors,11,1.0,False,official human pathways with 10-300 G_PRIMARY genes; equal weights/sqrt(size),f5c4faa94fe03b2d088b72743da175380dfcf2edbfacd0077cc25eb19d2ca7e9
Reactome,TGF-beta receptor signaling activates SMADs,47,1.0,False,official human pathways with 10-300 G_PRIMARY genes; equal weights/sqrt(size),f5c4faa94fe03b2d088b72743da175380dfcf2edbfacd0077cc25eb19d2ca7e9
Reactome,TGF-beta receptor signaling in EMT (epithelial to mesenchymal transition),16,1.0,False,official human pathways with 10-300 G_PRIMARY genes; equal weights/sqrt(size),f5c4faa94fe03b2d088b72743da175380dfcf2edbfacd0077cc25eb19d2ca7e9
Reactome,TGFBR3 PTM regulation,11,1.0,False,official human pathways with 10-300 G_PRIMARY genes; equal weights/sqrt(size),f5c4faa94fe03b2d088b72743da175380dfcf2edbfacd0077cc25eb19d2ca7e9
Reactome,TGFBR3 expression,21,1.0,False,official human pathways with 10-300 G_PRIMARY genes; equal weights/sqrt(size),f5c4faa94fe03b2d088b72743da175380dfcf2edbfacd0077cc25eb19d2ca7e9
Reactome,"TICAM1, RIP1-mediated IKK complex recruitment",19,0.9999999999999998,False,official human pathways with 10-300 G_PRIMARY genes; equal weights/sqrt(size),f5c4faa94fe03b2d088b72743da175380dfcf2edbfacd0077cc25eb19d2ca7e9
Reactome,"TICAM1,TRAF6-dependent induction of TAK1 complex",11,1.0,False,official human pathways with 10-300 G_PRIMARY genes; equal weights/sqrt(size),f5c4faa94fe03b2d088b72743da175380dfcf2edbfacd0077cc25eb19d2ca7e9
Reactome,TICAM1-dependent activation of IRF3/IRF7,13,0.9999999999999999,False,official human pathways with 10-300 G_PRIMARY genes; equal weights/sqrt(size),f5c4faa94fe03b2d088b72743da175380dfcf2edbfacd0077cc25eb19d2ca7e9
Reactome,TNF receptor superfamily (TNFSF) members mediating non-canonical NF-kB pathway,16,1.0,False,official human pathways with 10-300 G_PRIMARY genes; equal weights/sqrt(size),f5c4faa94fe03b2d088b72743da175380dfcf2edbfacd0077cc25eb19d2ca7e9
Reactome,TNF signaling,57,1.0,False,official human pathways with 10-300 G_PRIMARY genes; equal weights/sqrt(size),f5c4faa94fe03b2d088b72743da175380dfcf2edbfacd0077cc25eb19d2ca7e9
Reactome,TNFR1-induced NF-kappa-B signaling pathway,33,1.0,False,official human pathways with 10-300 G_PRIMARY genes; equal weights/sqrt(size),f5c4faa94fe03b2d088b72743da175380dfcf2edbfacd0077cc25eb19d2ca7e9
Reactome,TNFR1-induced proapoptotic signaling,25,1.0,False,official human pathways with 10-300 G_PRIMARY genes; equal weights/sqrt(size),f5c4faa94fe03b2d088b72743da175380dfcf2edbfacd0077cc25eb19d2ca7e9
Reactome,TNFR2 non-canonical NF-kB pathway,83,1.0,False,official human pathways with 10-300 G_PRIMARY genes; equal weights/sqrt(size),f5c4faa94fe03b2d088b72743da175380dfcf2edbfacd0077cc25eb19d2ca7e9
Reactome,TNFs bind their physiological receptors,25,1.0,False,official human pathways with 10-300 G_PRIMARY genes; equal weights/sqrt(size),f5c4faa94fe03b2d088b72743da175380dfcf2edbfacd0077cc25eb19d2ca7e9
Reactome,TP53 Regulates Metabolic Genes,78,0.9999999999999998,False,official human pathways with 10-300 G_PRIMARY genes; equal weights/sqrt(size),f5c4faa94fe03b2d088b72743da175380dfcf2edbfacd0077cc25eb19d2ca7e9
Reactome,TP53 Regulates Transcription of Caspase Activators and Caspases,12,1.0,False,official human pathways with 10-300 G_PRIMARY genes; equal weights/sqrt(size),f5c4faa94fe03b2d088b72743da175380dfcf2edbfacd0077cc25eb19d2ca7e9
Reactome,TP53 Regulates Transcription of Cell Cycle Genes,48,1.0,False,official human pathways with 10-300 G_PRIMARY genes; equal weights/sqrt(size),f5c4faa94fe03b2d088b72743da175380dfcf2edbfacd0077cc25eb19d2ca7e9
Reactome,TP53 Regulates Transcription of Cell Death Genes,44,1.0,False,official human pathways with 10-300 G_PRIMARY genes; equal weights/sqrt(size),f5c4faa94fe03b2d088b72743da175380dfcf2edbfacd0077cc25eb19d2ca7e9
Reactome,TP53 Regulates Transcription of DNA Repair Genes,61,1.0,False,official human pathways with 10-300 G_PRIMARY genes; equal weights/sqrt(size),f5c4faa94fe03b2d088b72743da175380dfcf2edbfacd0077cc25eb19d2ca7e9
Reactome,TP53 Regulates Transcription of Death Receptors and Ligands,12,1.0,False,official human pathways with 10-300 G_PRIMARY genes; equal weights/sqrt(size),f5c4faa94fe03b2d088b72743da175380dfcf2edbfacd0077cc25eb19d2ca7e9
Reactome,TP53 Regulates Transcription of Genes Involved in Cytochrome C Release,20,1.0,False,official human pathways with 10-300 G_PRIMARY genes; equal weights/sqrt(size),f5c4faa94fe03b2d088b72743da175380dfcf2edbfacd0077cc25eb19d2ca7e9
Reactome,TP53 Regulates Transcription of Genes Involved in G1 Cell Cycle Arrest,14,0.9999999999999999,False,official human pathways with 10-300 G_PRIMARY genes; equal weights/sqrt(size),f5c4faa94fe03b2d088b72743da175380dfcf2edbfacd0077cc25eb19d2ca7e9
Reactome,TP53 Regulates Transcription of Genes Involved in G2 Cell Cycle Arrest,18,1.0,False,official human pathways with 10-300 G_PRIMARY genes; equal weights/sqrt(size),f5c4faa94fe03b2d088b72743da175380dfcf2edbfacd0077cc25eb19d2ca7e9
Reactome,TP53 regulates transcription of additional cell cycle genes whose exact role in the p53 pathway remain uncertain,20,1.0,False,official human pathways with 10-300 G_PRIMARY genes; equal weights/sqrt(size),f5c4faa94fe03b2d088b72743da175380dfcf2edbfacd0077cc25eb19d2ca7e9
Reactome,TP53 regulates transcription of several additional cell death genes whose specific roles in p53-dependent apoptosis remain uncertain,14,0.9999999999999999,False,official human pathways with 10-300 G_PRIMARY genes; equal weights/sqrt(size),f5c4faa94fe03b2d088b72743da175380dfcf2edbfacd0077cc25eb19d2ca7e9
Reactome,TRAF3-dependent IRF activation pathway,15,0.9999999999999999,False,official human pathways with 10-300 G_PRIMARY genes; equal weights/sqrt(size),f5c4faa94fe03b2d088b72743da175380dfcf2edbfacd0077cc25eb19d2ca7e9
Reactome,TRAF6 mediated IRF7 activation,17,1.0,False,official human pathways with 10-300 G_PRIMARY genes; equal weights/sqrt(size),f5c4faa94fe03b2d088b72743da175380dfcf2edbfacd0077cc25eb19d2ca7e9
Reactome,TRAF6 mediated IRF7 activation in TLR7/8 or 9 signaling,11,1.0,False,official human pathways with 10-300 G_PRIMARY genes; equal weights/sqrt(size),f5c4faa94fe03b2d088b72743da175380dfcf2edbfacd0077cc25eb19d2ca7e9
Reactome,TRAF6 mediated NF-kB activation,23,0.9999999999999999,False,official human pathways with 10-300 G_PRIMARY genes; equal weights/sqrt(size),f5c4faa94fe03b2d088b72743da175380dfcf2edbfacd0077cc25eb19d2ca7e9
Reactome,TRAF6 mediated induction of NFkB and MAP kinases upon TLR7/8 or 9 activation,97,1.0000000000000002,False,official human pathways with 10-300 G_PRIMARY genes; equal weights/sqrt(size),f5c4faa94fe03b2d088b72743da175380dfcf2edbfacd0077cc25eb19d2ca7e9
Reactome,TRAF6-mediated induction of TAK1 complex within TLR4 complex,16,1.0,False,official human pathways with 10-300 G_PRIMARY genes; equal weights/sqrt(size),f5c4faa94fe03b2d088b72743da175380dfcf2edbfacd0077cc25eb19d2ca7e9
Reactome,TRIF (TICAM1)-mediated TLR4 signaling,107,1.0,False,official human pathways with 10-300 G_PRIMARY genes; equal weights/sqrt(size),f5c4faa94fe03b2d088b72743da175380dfcf2edbfacd0077cc25eb19d2ca7e9
Reactome,TRP channels,28,0.9999999999999999,False,official human pathways with 10-300 G_PRIMARY genes; equal weights/sqrt(size),f5c4faa94fe03b2d088b72743da175380dfcf2edbfacd0077cc25eb19d2ca7e9
Reactome,Tat-mediated HIV elongation arrest and recovery,30,0.9999999999999999,False,official human pathways with 10-300 G_PRIMARY genes; equal weights/sqrt(size),f5c4faa94fe03b2d088b72743da175380dfcf2edbfacd0077cc25eb19d2ca7e9
Reactome,Tat-mediated elongation of the HIV-1 transcript,42,1.0,False,official human pathways with 10-300 G_PRIMARY genes; equal weights/sqrt(size),f5c4faa94fe03b2d088b72743da175380dfcf2edbfacd0077cc25eb19d2ca7e9
Reactome,Telomere C-strand (Lagging Strand) Synthesis,34,0.9999999999999999,False,official human pathways with 10-300 G_PRIMARY genes; equal weights/sqrt(size),f5c4faa94fe03b2d088b72743da175380dfcf2edbfacd0077cc25eb19d2ca7e9
Reactome,Telomere C-strand synthesis initiation,13,0.9999999999999999,False,official human pathways with 10-300 G_PRIMARY genes; equal weights/sqrt(size),f5c4faa94fe03b2d088b72743da175380dfcf2edbfacd0077cc25eb19d2ca7e9
Reactome,Telomere Extension By Telomerase,23,0.9999999999999999,False,official human pathways with 10-300 G_PRIMARY genes; equal weights/sqrt(size),f5c4faa94fe03b2d088b72743da175380dfcf2edbfacd0077cc25eb19d2ca7e9
Reactome,Telomere Maintenance,87,0.9999999999999999,False,official human pathways with 10-300 G_PRIMARY genes; equal weights/sqrt(size),f5c4faa94fe03b2d088b72743da175380dfcf2edbfacd0077cc25eb19d2ca7e9
Reactome,Termination of O-glycan biosynthesis,23,0.9999999999999999,False,official human pathways with 10-300 G_PRIMARY genes; equal weights/sqrt(size),f5c4faa94fe03b2d088b72743da175380dfcf2edbfacd0077cc25eb19d2ca7e9
Reactome,Termination of translesion DNA synthesis,32,0.9999999999999999,False,official human pathways with 10-300 G_PRIMARY genes; equal weights/sqrt(size),f5c4faa94fe03b2d088b72743da175380dfcf2edbfacd0077cc25eb19d2ca7e9
Reactome,"Tetrahydrobiopterin (BH4) synthesis, recycling, salvage and regulation",10,1.0,False,official human pathways with 10-300 G_PRIMARY genes; equal weights/sqrt(size),f5c4faa94fe03b2d088b72743da175380dfcf2edbfacd0077cc25eb19d2ca7e9
Reactome,The CRY:PER:kinase complex represses transactivation by the BMAL:CLOCK (ARNTL:CLOCK) complex,14,0.9999999999999999,False,official human pathways with 10-300 G_PRIMARY genes; equal weights/sqrt(size),f5c4faa94fe03b2d088b72743da175380dfcf2edbfacd0077cc25eb19d2ca7e9
Reactome,The NLRP3 inflammasome,16,1.0,False,official human pathways with 10-300 G_PRIMARY genes; equal weights/sqrt(size),f5c4faa94fe03b2d088b72743da175380dfcf2edbfacd0077cc25eb19d2ca7e9
Reactome,The activation of arylsulfatases,11,1.0,False,official human pathways with 10-300 G_PRIMARY genes; equal weights/sqrt(size),f5c4faa94fe03b2d088b72743da175380dfcf2edbfacd0077cc25eb19d2ca7e9
Reactome,The canonical retinoid cycle in rods (twilight vision),17,1.0,False,official human pathways with 10-300 G_PRIMARY genes; equal weights/sqrt(size),f5c4faa94fe03b2d088b72743da175380dfcf2edbfacd0077cc25eb19d2ca7e9
Reactome,The phototransduction cascade,29,0.9999999999999999,False,official human pathways with 10-300 G_PRIMARY genes; equal weights/sqrt(size),f5c4faa94fe03b2d088b72743da175380dfcf2edbfacd0077cc25eb19d2ca7e9
Reactome,The role of GTSE1 in G2/M progression after G2 checkpoint,63,0.9999999999999997,False,official human pathways with 10-300 G_PRIMARY genes; equal weights/sqrt(size),f5c4faa94fe03b2d088b72743da175380dfcf2edbfacd0077cc25eb19d2ca7e9
Reactome,The role of Nef in HIV-1 replication and disease pathogenesis,26,1.0,False,official human pathways with 10-300 G_PRIMARY genes; equal weights/sqrt(size),f5c4faa94fe03b2d088b72743da175380dfcf2edbfacd0077cc25eb19d2ca7e9
Reactome,Thrombin signalling through proteinase activated receptors (PARs),28,0.9999999999999999,False,official human pathways with 10-300 G_PRIMARY genes; equal weights/sqrt(size),f5c4faa94fe03b2d088b72743da175380dfcf2edbfacd0077cc25eb19d2ca7e9
Reactome,Thromboxane signalling through TP receptor,20,1.0,False,official human pathways with 10-300 G_PRIMARY genes; equal weights/sqrt(size),f5c4faa94fe03b2d088b72743da175380dfcf2edbfacd0077cc25eb19d2ca7e9
Reactome,Thyroxine biosynthesis,13,0.9999999999999999,False,official human pathways with 10-300 G_PRIMARY genes; equal weights/sqrt(size),f5c4faa94fe03b2d088b72743da175380dfcf2edbfacd0077cc25eb19d2ca7e9
Reactome,Tie2 Signaling,16,1.0,False,official human pathways with 10-300 G_PRIMARY genes; equal weights/sqrt(size),f5c4faa94fe03b2d088b72743da175380dfcf2edbfacd0077cc25eb19d2ca7e9
Reactome,Tight junction interactions,25,1.0,False,official human pathways with 10-300 G_PRIMARY genes; equal weights/sqrt(size),f5c4faa94fe03b2d088b72743da175380dfcf2edbfacd0077cc25eb19d2ca7e9
Reactome,Toll Like Receptor 10 (TLR10) Cascade,94,0.9999999999999999,False,official human pathways with 10-300 G_PRIMARY genes; equal weights/sqrt(size),f5c4faa94fe03b2d088b72743da175380dfcf2edbfacd0077cc25eb19d2ca7e9
Reactome,Toll Like Receptor 2 (TLR2) Cascade,111,1.0,False,official human pathways with 10-300 G_PRIMARY genes; equal weights/sqrt(size),f5c4faa94fe03b2d088b72743da175380dfcf2edbfacd0077cc25eb19d2ca7e9
Reactome,Toll Like Receptor 3 (TLR3) Cascade,103,0.9999999999999999,False,official human pathways with 10-300 G_PRIMARY genes; equal weights/sqrt(size),f5c4faa94fe03b2d088b72743da175380dfcf2edbfacd0077cc25eb19d2ca7e9
Reactome,Toll Like Receptor 4 (TLR4) Cascade,139,0.9999999999999998,False,official human pathways with 10-300 G_PRIMARY genes; equal weights/sqrt(size),f5c4faa94fe03b2d088b72743da175380dfcf2edbfacd0077cc25eb19d2ca7e9
Reactome,Toll Like Receptor 5 (TLR5) Cascade,94,0.9999999999999999,False,official human pathways with 10-300 G_PRIMARY genes; equal weights/sqrt(size),f5c4faa94fe03b2d088b72743da175380dfcf2edbfacd0077cc25eb19d2ca7e9
Reactome,Toll Like Receptor 7/8 (TLR7/8) Cascade,100,1.0000000000000002,False,official human pathways with 10-300 G_PRIMARY genes; equal weights/sqrt(size),f5c4faa94fe03b2d088b72743da175380dfcf2edbfacd0077cc25eb19d2ca7e9
Reactome,Toll Like Receptor 9 (TLR9) Cascade,104,0.9999999999999999,False,official human pathways with 10-300 G_PRIMARY genes; equal weights/sqrt(size),f5c4faa94fe03b2d088b72743da175380dfcf2edbfacd0077cc25eb19d2ca7e9
Reactome,Toll Like Receptor TLR1:TLR2 Cascade,111,1.0,False,official human pathways with 10-300 G_PRIMARY genes; equal weights/sqrt(size),f5c4faa94fe03b2d088b72743da175380dfcf2edbfacd0077cc25eb19d2ca7e9
Reactome,Toll Like Receptor TLR6:TLR2 Cascade,110,0.9999999999999999,False,official human pathways with 10-300 G_PRIMARY genes; equal weights/sqrt(size),f5c4faa94fe03b2d088b72743da175380dfcf2edbfacd0077cc25eb19d2ca7e9
Reactome,Toll-like Receptor Cascades,160,0.9999999999999999,False,official human pathways with 10-300 G_PRIMARY genes; equal weights/sqrt(size),f5c4faa94fe03b2d088b72743da175380dfcf2edbfacd0077cc25eb19d2ca7e9
Reactome,Trafficking and processing of endosomal TLR,10,1.0,False,official human pathways with 10-300 G_PRIMARY genes; equal weights/sqrt(size),f5c4faa94fe03b2d088b72743da175380dfcf2edbfacd0077cc25eb19d2ca7e9
Reactome,Trafficking of AMPA receptors,31,1.0,False,official human pathways with 10-300 G_PRIMARY genes; equal weights/sqrt(size),f5c4faa94fe03b2d088b72743da175380dfcf2edbfacd0077cc25eb19d2ca7e9
Reactome,Trafficking of GluR2-containing AMPA receptors,17,1.0,False,official human pathways with 10-300 G_PRIMARY genes; equal weights/sqrt(size),f5c4faa94fe03b2d088b72743da175380dfcf2edbfacd0077cc25eb19d2ca7e9
Reactome,Transcription of E2F targets under negative control by DREAM complex,19,0.9999999999999998,False,official human pathways with 10-300 G_PRIMARY genes; equal weights/sqrt(size),f5c4faa94fe03b2d088b72743da175380dfcf2edbfacd0077cc25eb19d2ca7e9
Reactome,Transcription of E2F targets under negative control by p107 (RBL1) and p130 (RBL2) in complex with HDAC1,16,1.0,False,official human pathways with 10-300 G_PRIMARY genes; equal weights/sqrt(size),f5c4faa94fe03b2d088b72743da175380dfcf2edbfacd0077cc25eb19d2ca7e9
Reactome,Transcription of the HIV genome,69,0.9999999999999998,False,official human pathways with 10-300 G_PRIMARY genes; equal weights/sqrt(size),f5c4faa94fe03b2d088b72743da175380dfcf2edbfacd0077cc25eb19d2ca7e9
Reactome,Transcription-Coupled Nucleotide Excision Repair (TC-NER),76,1.0,False,official human pathways with 10-300 G_PRIMARY genes; equal weights/sqrt(size),f5c4faa94fe03b2d088b72743da175380dfcf2edbfacd0077cc25eb19d2ca7e9
Reactome,Transcriptional Regulation by E2F6,34,0.9999999999999999,False,official human pathways with 10-300 G_PRIMARY genes; equal weights/sqrt(size),f5c4faa94fe03b2d088b72743da175380dfcf2edbfacd0077cc25eb19d2ca7e9
Reactome,Transcriptional Regulation by MECP2,56,1.0,False,official human pathways with 10-300 G_PRIMARY genes; equal weights/sqrt(size),f5c4faa94fe03b2d088b72743da175380dfcf2edbfacd0077cc25eb19d2ca7e9
Reactome,Transcriptional Regulation by NPAS4,32,0.9999999999999999,False,official human pathways with 10-300 G_PRIMARY genes; equal weights/sqrt(size),f5c4faa94fe03b2d088b72743da175380dfcf2edbfacd0077cc25eb19d2ca7e9
Reactome,Transcriptional Regulation by VENTX,38,0.9999999999999999,False,official human pathways with 10-300 G_PRIMARY genes; equal weights/sqrt(size),f5c4faa94fe03b2d088b72743da175380dfcf2edbfacd0077cc25eb19d2ca7e9
Reactome,Transcriptional activation of mitochondrial biogenesis,54,0.9999999999999999,False,official human pathways with 10-300 G_PRIMARY genes; equal weights/sqrt(size),f5c4faa94fe03b2d088b72743da175380dfcf2edbfacd0077cc25eb19d2ca7e9
Reactome,Transcriptional activity of SMAD2/SMAD3:SMAD4 heterotrimer,50,1.0,False,official human pathways with 10-300 G_PRIMARY genes; equal weights/sqrt(size),f5c4faa94fe03b2d088b72743da175380dfcf2edbfacd0077cc25eb19d2ca7e9
Reactome,Transcriptional and post-translational regulation of MITF-M expression and activity,56,1.0,False,official human pathways with 10-300 G_PRIMARY genes; equal weights/sqrt(size),f5c4faa94fe03b2d088b72743da175380dfcf2edbfacd0077cc25eb19d2ca7e9
Reactome,Transcriptional regulation by RUNX1,179,1.0,False,official human pathways with 10-300 G_PRIMARY genes; equal weights/sqrt(size),f5c4faa94fe03b2d088b72743da175380dfcf2edbfacd0077cc25eb19d2ca7e9
Reactome,Transcriptional regulation by RUNX2,102,1.0,False,official human pathways with 10-300 G_PRIMARY genes; equal weights/sqrt(size),f5c4faa94fe03b2d088b72743da175380dfcf2edbfacd0077cc25eb19d2ca7e9
Reactome,Transcriptional regulation by RUNX3,86,1.0,False,official human pathways with 10-300 G_PRIMARY genes; equal weights/sqrt(size),f5c4faa94fe03b2d088b72743da175380dfcf2edbfacd0077cc25eb19d2ca7e9
Reactome,Transcriptional regulation by small RNAs,40,1.0,False,official human pathways with 10-300 G_PRIMARY genes; equal weights/sqrt(size),f5c4faa94fe03b2d088b72743da175380dfcf2edbfacd0077cc25eb19d2ca7e9
Reactome,Transcriptional regulation by the AP-2 (TFAP2) family of transcription factors,33,1.0,False,official human pathways with 10-300 G_PRIMARY genes; equal weights/sqrt(size),f5c4faa94fe03b2d088b72743da175380dfcf2edbfacd0077cc25eb19d2ca7e9
Reactome,Transcriptional regulation of brown and beige adipocyte differentiation,27,1.0,False,official human pathways with 10-300 G_PRIMARY genes; equal weights/sqrt(size),f5c4faa94fe03b2d088b72743da175380dfcf2edbfacd0077cc25eb19d2ca7e9
Reactome,Transcriptional regulation of brown and beige adipocyte differentiation by EBF2,27,1.0,False,official human pathways with 10-300 G_PRIMARY genes; equal weights/sqrt(size),f5c4faa94fe03b2d088b72743da175380dfcf2edbfacd0077cc25eb19d2ca7e9
Reactome,Transcriptional regulation of granulopoiesis,50,1.0,False,official human pathways with 10-300 G_PRIMARY genes; equal weights/sqrt(size),f5c4faa94fe03b2d088b72743da175380dfcf2edbfacd0077cc25eb19d2ca7e9
Reactome,Transcriptional regulation of multiciliogenesis,27,1.0,False,official human pathways with 10-300 G_PRIMARY genes; equal weights/sqrt(size),f5c4faa94fe03b2d088b72743da175380dfcf2edbfacd0077cc25eb19d2ca7e9
Reactome,Transcriptional regulation of pluripotent stem cells,25,1.0,False,official human pathways with 10-300 G_PRIMARY genes; equal weights/sqrt(size),f5c4faa94fe03b2d088b72743da175380dfcf2edbfacd0077cc25eb19d2ca7e9
Reactome,Transcriptional regulation of testis differentiation,12,1.0,False,official human pathways with 10-300 G_PRIMARY genes; equal weights/sqrt(size),f5c4faa94fe03b2d088b72743da175380dfcf2edbfacd0077cc25eb19d2ca7e9
Reactome,Transcriptional regulation of white adipocyte differentiation,80,0.9999999999999999,False,official human pathways with 10-300 G_PRIMARY genes; equal weights/sqrt(size),f5c4faa94fe03b2d088b72743da175380dfcf2edbfacd0077cc25eb19d2ca7e9
Reactome,Transferrin endocytosis and recycling,30,0.9999999999999999,False,official human pathways with 10-300 G_PRIMARY genes; equal weights/sqrt(size),f5c4faa94fe03b2d088b72743da175380dfcf2edbfacd0077cc25eb19d2ca7e9
Reactome,Translation initiation complex formation,58,0.9999999999999999,False,official human pathways with 10-300 G_PRIMARY genes; equal weights/sqrt(size),f5c4faa94fe03b2d088b72743da175380dfcf2edbfacd0077cc25eb19d2ca7e9
Reactome,Translation of Replicase and Assembly of the Replication Transcription Complex_9679504,13,0.9999999999999999,False,official human pathways with 10-300 G_PRIMARY genes; equal weights/sqrt(size),f5c4faa94fe03b2d088b72743da175380dfcf2edbfacd0077cc25eb19d2ca7e9
Reactome,Translation of Replicase and Assembly of the Replication Transcription Complex_9694676,14,0.9999999999999999,False,official human pathways with 10-300 G_PRIMARY genes; equal weights/sqrt(size),f5c4faa94fe03b2d088b72743da175380dfcf2edbfacd0077cc25eb19d2ca7e9
Reactome,Translation of Structural Proteins_9683701,29,0.9999999999999999,False,official human pathways with 10-300 G_PRIMARY genes; equal weights/sqrt(size),f5c4faa94fe03b2d088b72743da175380dfcf2edbfacd0077cc25eb19d2ca7e9
Reactome,Translation of Structural Proteins_9694635,61,1.0,False,official human pathways with 10-300 G_PRIMARY genes; equal weights/sqrt(size),f5c4faa94fe03b2d088b72743da175380dfcf2edbfacd0077cc25eb19d2ca7e9
Reactome,Translesion Synthesis by POLH,19,0.9999999999999998,False,official human pathways with 10-300 G_PRIMARY genes; equal weights/sqrt(size),f5c4faa94fe03b2d088b72743da175380dfcf2edbfacd0077cc25eb19d2ca7e9
Reactome,Translesion synthesis by POLI,17,1.0,False,official human pathways with 10-300 G_PRIMARY genes; equal weights/sqrt(size),f5c4faa94fe03b2d088b72743da175380dfcf2edbfacd0077cc25eb19d2ca7e9
Reactome,Translesion synthesis by POLK,17,1.0,False,official human pathways with 10-300 G_PRIMARY genes; equal weights/sqrt(size),f5c4faa94fe03b2d088b72743da175380dfcf2edbfacd0077cc25eb19d2ca7e9
Reactome,Translesion synthesis by REV1,16,1.0,False,official human pathways with 10-300 G_PRIMARY genes; equal weights/sqrt(size),f5c4faa94fe03b2d088b72743da175380dfcf2edbfacd0077cc25eb19d2ca7e9
Reactome,Translesion synthesis by Y family DNA polymerases bypasses lesions on DNA template,39,1.0,False,official human pathways with 10-300 G_PRIMARY genes; equal weights/sqrt(size),f5c4faa94fe03b2d088b72743da175380dfcf2edbfacd0077cc25eb19d2ca7e9
Reactome,Translocation of SLC2A4 (GLUT4) to the plasma membrane,68,0.9999999999999999,False,official human pathways with 10-300 G_PRIMARY genes; equal weights/sqrt(size),f5c4faa94fe03b2d088b72743da175380dfcf2edbfacd0077cc25eb19d2ca7e9
Reactome,Translocation of ZAP-70 to Immunological synapse,11,1.0,False,official human pathways with 10-300 G_PRIMARY genes; equal weights/sqrt(size),f5c4faa94fe03b2d088b72743da175380dfcf2edbfacd0077cc25eb19d2ca7e9
Reactome,Transmission across Chemical Synapses,242,1.0,False,official human pathways with 10-300 G_PRIMARY genes; equal weights/sqrt(size),f5c4faa94fe03b2d088b72743da175380dfcf2edbfacd0077cc25eb19d2ca7e9
Reactome,Transport of Mature Transcript to Cytoplasm,81,1.0,False,official human pathways with 10-300 G_PRIMARY genes; equal weights/sqrt(size),f5c4faa94fe03b2d088b72743da175380dfcf2edbfacd0077cc25eb19d2ca7e9
Reactome,Transport of Mature mRNA Derived from an Intronless Transcript,42,1.0,False,official human pathways with 10-300 G_PRIMARY genes; equal weights/sqrt(size),f5c4faa94fe03b2d088b72743da175380dfcf2edbfacd0077cc25eb19d2ca7e9
Reactome,Transport of Mature mRNA derived from an Intron-Containing Transcript,72,1.0,False,official human pathways with 10-300 G_PRIMARY genes; equal weights/sqrt(size),f5c4faa94fe03b2d088b72743da175380dfcf2edbfacd0077cc25eb19d2ca7e9
Reactome,Transport of Mature mRNAs Derived from Intronless Transcripts,43,1.0,False,official human pathways with 10-300 G_PRIMARY genes; equal weights/sqrt(size),f5c4faa94fe03b2d088b72743da175380dfcf2edbfacd0077cc25eb19d2ca7e9
Reactome,Transport of Ribonucleoproteins into the Host Nucleus,32,0.9999999999999999,False,official human pathways with 10-300 G_PRIMARY genes; equal weights/sqrt(size),f5c4faa94fe03b2d088b72743da175380dfcf2edbfacd0077cc25eb19d2ca7e9
Reactome,Transport of connexons to the plasma membrane,18,1.0,False,official human pathways with 10-300 G_PRIMARY genes; equal weights/sqrt(size),f5c4faa94fe03b2d088b72743da175380dfcf2edbfacd0077cc25eb19d2ca7e9
Reactome,Transport of nucleosides and free purine and pyrimidine bases across the plasma membrane,12,1.0,False,official human pathways with 10-300 G_PRIMARY genes; equal weights/sqrt(size),f5c4faa94fe03b2d088b72743da175380dfcf2edbfacd0077cc25eb19d2ca7e9
Reactome,Transport of the SLBP Dependant Mature mRNA,36,1.0,False,official human pathways with 10-300 G_PRIMARY genes; equal weights/sqrt(size),f5c4faa94fe03b2d088b72743da175380dfcf2edbfacd0077cc25eb19d2ca7e9
Reactome,Transport of the SLBP independent Mature mRNA,35,0.9999999999999999,False,official human pathways with 10-300 G_PRIMARY genes; equal weights/sqrt(size),f5c4faa94fe03b2d088b72743da175380dfcf2edbfacd0077cc25eb19d2ca7e9
Reactome,"Transport of vitamins, nucleosides, and related molecules",29,0.9999999999999999,False,official human pathways with 10-300 G_PRIMARY genes; equal weights/sqrt(size),f5c4faa94fe03b2d088b72743da175380dfcf2edbfacd0077cc25eb19d2ca7e9
Reactome,Transport to the Golgi and subsequent modification,179,1.0,False,official human pathways with 10-300 G_PRIMARY genes; equal weights/sqrt(size),f5c4faa94fe03b2d088b72743da175380dfcf2edbfacd0077cc25eb19d2ca7e9
Reactome,Triglyceride biosynthesis,10,1.0,False,official human pathways with 10-300 G_PRIMARY genes; equal weights/sqrt(size),f5c4faa94fe03b2d088b72743da175380dfcf2edbfacd0077cc25eb19d2ca7e9
Reactome,Triglyceride catabolism,18,1.0,False,official human pathways with 10-300 G_PRIMARY genes; equal weights/sqrt(size),f5c4faa94fe03b2d088b72743da175380dfcf2edbfacd0077cc25eb19d2ca7e9
Reactome,Triglyceride metabolism,28,0.9999999999999999,False,official human pathways with 10-300 G_PRIMARY genes; equal weights/sqrt(size),f5c4faa94fe03b2d088b72743da175380dfcf2edbfacd0077cc25eb19d2ca7e9
Reactome,"Tristetraprolin (TTP, ZFP36) binds and destabilizes mRNA",17,1.0,False,official human pathways with 10-300 G_PRIMARY genes; equal weights/sqrt(size),f5c4faa94fe03b2d088b72743da175380dfcf2edbfacd0077cc25eb19d2ca7e9
Reactome,Truncations of AMER1 destabilize the destruction complex,14,0.9999999999999999,False,official human pathways with 10-300 G_PRIMARY genes; equal weights/sqrt(size),f5c4faa94fe03b2d088b72743da175380dfcf2edbfacd0077cc25eb19d2ca7e9
Reactome,Tryptophan catabolism,14,0.9999999999999999,False,official human pathways with 10-300 G_PRIMARY genes; equal weights/sqrt(size),f5c4faa94fe03b2d088b72743da175380dfcf2edbfacd0077cc25eb19d2ca7e9
Reactome,"Turbulent (oscillatory, disturbed) flow shear stress activates signaling by PIEZO1 and integrins in endothelial cells",30,0.9999999999999999,False,official human pathways with 10-300 G_PRIMARY genes; equal weights/sqrt(size),f5c4faa94fe03b2d088b72743da175380dfcf2edbfacd0077cc25eb19d2ca7e9
Reactome,Type I hemidesmosome assembly,11,1.0,False,official human pathways with 10-300 G_PRIMARY genes; equal weights/sqrt(size),f5c4faa94fe03b2d088b72743da175380dfcf2edbfacd0077cc25eb19d2ca7e9
Reactome,UCH proteinases,80,0.9999999999999999,False,official human pathways with 10-300 G_PRIMARY genes; equal weights/sqrt(size),f5c4faa94fe03b2d088b72743da175380dfcf2edbfacd0077cc25eb19d2ca7e9
Reactome,Ub-specific processing proteases,170,0.9999999999999999,False,official human pathways with 10-300 G_PRIMARY genes; equal weights/sqrt(size),f5c4faa94fe03b2d088b72743da175380dfcf2edbfacd0077cc25eb19d2ca7e9
Reactome,Ubiquinol biosynthesis,13,0.9999999999999999,False,official human pathways with 10-300 G_PRIMARY genes; equal weights/sqrt(size),f5c4faa94fe03b2d088b72743da175380dfcf2edbfacd0077cc25eb19d2ca7e9
Reactome,Ubiquitin-Mediated Degradation of Phosphorylated Cdc25A,51,1.0,False,official human pathways with 10-300 G_PRIMARY genes; equal weights/sqrt(size),f5c4faa94fe03b2d088b72743da175380dfcf2edbfacd0077cc25eb19d2ca7e9
Reactome,Ubiquitin-dependent degradation of Cyclin D,39,1.0,False,official human pathways with 10-300 G_PRIMARY genes; equal weights/sqrt(size),f5c4faa94fe03b2d088b72743da175380dfcf2edbfacd0077cc25eb19d2ca7e9
Reactome,"Unblocking of NMDA receptors, glutamate binding and activation",21,1.0,False,official human pathways with 10-300 G_PRIMARY genes; equal weights/sqrt(size),f5c4faa94fe03b2d088b72743da175380dfcf2edbfacd0077cc25eb19d2ca7e9
Reactome,Unfolded Protein Response (UPR),92,1.0000000000000002,False,official human pathways with 10-300 G_PRIMARY genes; equal weights/sqrt(size),f5c4faa94fe03b2d088b72743da175380dfcf2edbfacd0077cc25eb19d2ca7e9
Reactome,Unwinding of DNA,12,1.0,False,official human pathways with 10-300 G_PRIMARY genes; equal weights/sqrt(size),f5c4faa94fe03b2d088b72743da175380dfcf2edbfacd0077cc25eb19d2ca7e9
Reactome,Uptake and actions of bacterial toxins,28,0.9999999999999999,False,official human pathways with 10-300 G_PRIMARY genes; equal weights/sqrt(size),f5c4faa94fe03b2d088b72743da175380dfcf2edbfacd0077cc25eb19d2ca7e9
Reactome,Uptake and function of anthrax toxins,11,1.0,False,official human pathways with 10-300 G_PRIMARY genes; equal weights/sqrt(size),f5c4faa94fe03b2d088b72743da175380dfcf2edbfacd0077cc25eb19d2ca7e9
Reactome,Urea cycle,10,1.0,False,official human pathways with 10-300 G_PRIMARY genes; equal weights/sqrt(size),f5c4faa94fe03b2d088b72743da175380dfcf2edbfacd0077cc25eb19d2ca7e9
Reactome,VEGFA-VEGFR2 Pathway,95,1.0000000000000002,False,official human pathways with 10-300 G_PRIMARY genes; equal weights/sqrt(size),f5c4faa94fe03b2d088b72743da175380dfcf2edbfacd0077cc25eb19d2ca7e9
Reactome,VEGFR2 mediated cell proliferation,19,0.9999999999999998,False,official human pathways with 10-300 G_PRIMARY genes; equal weights/sqrt(size),f5c4faa94fe03b2d088b72743da175380dfcf2edbfacd0077cc25eb19d2ca7e9
Reactome,VEGFR2 mediated vascular permeability,27,1.0,False,official human pathways with 10-300 G_PRIMARY genes; equal weights/sqrt(size),f5c4faa94fe03b2d088b72743da175380dfcf2edbfacd0077cc25eb19d2ca7e9
Reactome,VLDLR internalisation and degradation,16,1.0,False,official human pathways with 10-300 G_PRIMARY genes; equal weights/sqrt(size),f5c4faa94fe03b2d088b72743da175380dfcf2edbfacd0077cc25eb19d2ca7e9
Reactome,Vasopressin regulates renal water homeostasis via Aquaporins,34,0.9999999999999999,False,official human pathways with 10-300 G_PRIMARY genes; equal weights/sqrt(size),f5c4faa94fe03b2d088b72743da175380dfcf2edbfacd0077cc25eb19d2ca7e9
Reactome,Vif-mediated degradation of APOBEC3G,41,1.0,False,official human pathways with 10-300 G_PRIMARY genes; equal weights/sqrt(size),f5c4faa94fe03b2d088b72743da175380dfcf2edbfacd0077cc25eb19d2ca7e9
Reactome,Viral Messenger RNA Synthesis,44,1.0,False,official human pathways with 10-300 G_PRIMARY genes; equal weights/sqrt(size),f5c4faa94fe03b2d088b72743da175380dfcf2edbfacd0077cc25eb19d2ca7e9
Reactome,Viral mRNA Translation,88,1.0,False,official human pathways with 10-300 G_PRIMARY genes; equal weights/sqrt(size),f5c4faa94fe03b2d088b72743da175380dfcf2edbfacd0077cc25eb19d2ca7e9
Reactome,Visual phototransduction,81,1.0,False,official human pathways with 10-300 G_PRIMARY genes; equal weights/sqrt(size),f5c4faa94fe03b2d088b72743da175380dfcf2edbfacd0077cc25eb19d2ca7e9
Reactome,Vitamin B5 (pantothenate) metabolism,20,1.0,False,official human pathways with 10-300 G_PRIMARY genes; equal weights/sqrt(size),f5c4faa94fe03b2d088b72743da175380dfcf2edbfacd0077cc25eb19d2ca7e9
Reactome,Vitamin D (calciferol) metabolism,11,1.0,False,official human pathways with 10-300 G_PRIMARY genes; equal weights/sqrt(size),f5c4faa94fe03b2d088b72743da175380dfcf2edbfacd0077cc25eb19d2ca7e9
Reactome,Voltage gated Potassium channels,32,0.9999999999999999,False,official human pathways with 10-300 G_PRIMARY genes; equal weights/sqrt(size),f5c4faa94fe03b2d088b72743da175380dfcf2edbfacd0077cc25eb19d2ca7e9
Reactome,Vpr-mediated nuclear import of PICs,34,0.9999999999999999,False,official human pathways with 10-300 G_PRIMARY genes; equal weights/sqrt(size),f5c4faa94fe03b2d088b72743da175380dfcf2edbfacd0077cc25eb19d2ca7e9
Reactome,Vpu mediated degradation of CD4,39,1.0,False,official human pathways with 10-300 G_PRIMARY genes; equal weights/sqrt(size),f5c4faa94fe03b2d088b72743da175380dfcf2edbfacd0077cc25eb19d2ca7e9
Reactome,VxPx cargo-targeting to cilium,19,0.9999999999999998,False,official human pathways with 10-300 G_PRIMARY genes; equal weights/sqrt(size),f5c4faa94fe03b2d088b72743da175380dfcf2edbfacd0077cc25eb19d2ca7e9
Reactome,WNT ligand biogenesis and trafficking,21,1.0,False,official human pathways with 10-300 G_PRIMARY genes; equal weights/sqrt(size),f5c4faa94fe03b2d088b72743da175380dfcf2edbfacd0077cc25eb19d2ca7e9
Reactome,WNT5:FZD7-mediated leishmania damping,12,1.0,False,official human pathways with 10-300 G_PRIMARY genes; equal weights/sqrt(size),f5c4faa94fe03b2d088b72743da175380dfcf2edbfacd0077cc25eb19d2ca7e9
Reactome,"WNT5A-dependent internalization of FZD2, FZD5 and ROR2",13,0.9999999999999999,False,official human pathways with 10-300 G_PRIMARY genes; equal weights/sqrt(size),f5c4faa94fe03b2d088b72743da175380dfcf2edbfacd0077cc25eb19d2ca7e9
Reactome,WNT5A-dependent internalization of FZD4,15,0.9999999999999999,False,official human pathways with 10-300 G_PRIMARY genes; equal weights/sqrt(size),f5c4faa94fe03b2d088b72743da175380dfcf2edbfacd0077cc25eb19d2ca7e9
Reactome,XBP1(S) activates chaperone genes,47,1.0,False,official human pathways with 10-300 G_PRIMARY genes; equal weights/sqrt(size),f5c4faa94fe03b2d088b72743da175380dfcf2edbfacd0077cc25eb19d2ca7e9
Reactome,Xenobiotics,16,1.0,False,official human pathways with 10-300 G_PRIMARY genes; equal weights/sqrt(size),f5c4faa94fe03b2d088b72743da175380dfcf2edbfacd0077cc25eb19d2ca7e9
Reactome,YAP1- and WWTR1 (TAZ)-stimulated gene expression,13,0.9999999999999999,False,official human pathways with 10-300 G_PRIMARY genes; equal weights/sqrt(size),f5c4faa94fe03b2d088b72743da175380dfcf2edbfacd0077cc25eb19d2ca7e9
Reactome,Z-decay: degradation of maternal mRNAs by zygotically expressed factors,12,1.0,False,official human pathways with 10-300 G_PRIMARY genes; equal weights/sqrt(size),f5c4faa94fe03b2d088b72743da175380dfcf2edbfacd0077cc25eb19d2ca7e9
Reactome,ZBP1(DAI) mediated induction of type I IFNs,21,1.0,False,official human pathways with 10-300 G_PRIMARY genes; equal weights/sqrt(size),f5c4faa94fe03b2d088b72743da175380dfcf2edbfacd0077cc25eb19d2ca7e9
Reactome,ZNF598 and the Ribosome-associated Quality Trigger (RQT) complex dissociate a ribosome stalled on a no-go mRNA,95,1.0000000000000002,False,official human pathways with 10-300 G_PRIMARY genes; equal weights/sqrt(size),f5c4faa94fe03b2d088b72743da175380dfcf2edbfacd0077cc25eb19d2ca7e9
Reactome,Zinc transporters,13,0.9999999999999999,False,official human pathways with 10-300 G_PRIMARY genes; equal weights/sqrt(size),f5c4faa94fe03b2d088b72743da175380dfcf2edbfacd0077cc25eb19d2ca7e9
Reactome,activated TAK1 mediates p38 MAPK activation,23,0.9999999999999999,False,official human pathways with 10-300 G_PRIMARY genes; equal weights/sqrt(size),f5c4faa94fe03b2d088b72743da175380dfcf2edbfacd0077cc25eb19d2ca7e9
Reactome,alpha-linolenic (omega3) and linoleic (omega6) acid metabolism,13,0.9999999999999999,False,official human pathways with 10-300 G_PRIMARY genes; equal weights/sqrt(size),f5c4faa94fe03b2d088b72743da175380dfcf2edbfacd0077cc25eb19d2ca7e9
Reactome,alpha-linolenic acid (ALA) metabolism,13,0.9999999999999999,False,official human pathways with 10-300 G_PRIMARY genes; equal weights/sqrt(size),f5c4faa94fe03b2d088b72743da175380dfcf2edbfacd0077cc25eb19d2ca7e9
Reactome,cGMP effects,15,0.9999999999999999,False,official human pathways with 10-300 G_PRIMARY genes; equal weights/sqrt(size),f5c4faa94fe03b2d088b72743da175380dfcf2edbfacd0077cc25eb19d2ca7e9
Reactome,eNOS activation,13,0.9999999999999999,False,official human pathways with 10-300 G_PRIMARY genes; equal weights/sqrt(size),f5c4faa94fe03b2d088b72743da175380dfcf2edbfacd0077cc25eb19d2ca7e9
Reactome,mRNA 3'-end processing,151,1.0,False,official human pathways with 10-300 G_PRIMARY genes; equal weights/sqrt(size),f5c4faa94fe03b2d088b72743da175380dfcf2edbfacd0077cc25eb19d2ca7e9
Reactome,mRNA Capping,30,0.9999999999999999,False,official human pathways with 10-300 G_PRIMARY genes; equal weights/sqrt(size),f5c4faa94fe03b2d088b72743da175380dfcf2edbfacd0077cc25eb19d2ca7e9
Reactome,mRNA Polyadenylation,127,1.0,False,official human pathways with 10-300 G_PRIMARY genes; equal weights/sqrt(size),f5c4faa94fe03b2d088b72743da175380dfcf2edbfacd0077cc25eb19d2ca7e9
Reactome,mRNA Splicing,212,1.0,False,official human pathways with 10-300 G_PRIMARY genes; equal weights/sqrt(size),f5c4faa94fe03b2d088b72743da175380dfcf2edbfacd0077cc25eb19d2ca7e9
Reactome,mRNA Splicing - Major Pathway,203,1.0,False,official human pathways with 10-300 G_PRIMARY genes; equal weights/sqrt(size),f5c4faa94fe03b2d088b72743da175380dfcf2edbfacd0077cc25eb19d2ca7e9
Reactome,mRNA Splicing - Minor Pathway,51,1.0,False,official human pathways with 10-300 G_PRIMARY genes; equal weights/sqrt(size),f5c4faa94fe03b2d088b72743da175380dfcf2edbfacd0077cc25eb19d2ca7e9
Reactome,mRNA decay by 3' to 5' exoribonuclease,16,1.0,False,official human pathways with 10-300 G_PRIMARY genes; equal weights/sqrt(size),f5c4faa94fe03b2d088b72743da175380dfcf2edbfacd0077cc25eb19d2ca7e9
Reactome,mRNA decay by 5' to 3' exoribonuclease,15,0.9999999999999999,False,official human pathways with 10-300 G_PRIMARY genes; equal weights/sqrt(size),f5c4faa94fe03b2d088b72743da175380dfcf2edbfacd0077cc25eb19d2ca7e9
Reactome,mTORC1-mediated signalling,23,0.9999999999999999,False,official human pathways with 10-300 G_PRIMARY genes; equal weights/sqrt(size),f5c4faa94fe03b2d088b72743da175380dfcf2edbfacd0077cc25eb19d2ca7e9
Reactome,mitochondrial fatty acid beta-oxidation of saturated fatty acids,11,1.0,False,official human pathways with 10-300 G_PRIMARY genes; equal weights/sqrt(size),f5c4faa94fe03b2d088b72743da175380dfcf2edbfacd0077cc25eb19d2ca7e9
Reactome,p130Cas linkage to MAPK signaling for integrins,15,0.9999999999999999,False,official human pathways with 10-300 G_PRIMARY genes; equal weights/sqrt(size),f5c4faa94fe03b2d088b72743da175380dfcf2edbfacd0077cc25eb19d2ca7e9
Reactome,p38MAPK events,13,0.9999999999999999,False,official human pathways with 10-300 G_PRIMARY genes; equal weights/sqrt(size),f5c4faa94fe03b2d088b72743da175380dfcf2edbfacd0077cc25eb19d2ca7e9
Reactome,p53-Dependent G1 DNA Damage Response,53,1.0,False,official human pathways with 10-300 G_PRIMARY genes; equal weights/sqrt(size),f5c4faa94fe03b2d088b72743da175380dfcf2edbfacd0077cc25eb19d2ca7e9
Reactome,p53-Dependent G1/S DNA damage checkpoint,53,1.0,False,official human pathways with 10-300 G_PRIMARY genes; equal weights/sqrt(size),f5c4faa94fe03b2d088b72743da175380dfcf2edbfacd0077cc25eb19d2ca7e9
Reactome,p53-Independent G1/S DNA Damage Checkpoint,51,1.0,False,official human pathways with 10-300 G_PRIMARY genes; equal weights/sqrt(size),f5c4faa94fe03b2d088b72743da175380dfcf2edbfacd0077cc25eb19d2ca7e9
Reactome,p75 NTR receptor-mediated signalling,96,1.0,False,official human pathways with 10-300 G_PRIMARY genes; equal weights/sqrt(size),f5c4faa94fe03b2d088b72743da175380dfcf2edbfacd0077cc25eb19d2ca7e9
Reactome,p75NTR recruits signalling complexes,13,0.9999999999999999,False,official human pathways with 10-300 G_PRIMARY genes; equal weights/sqrt(size),f5c4faa94fe03b2d088b72743da175380dfcf2edbfacd0077cc25eb19d2ca7e9
Reactome,p75NTR signals via NF-kB,16,1.0,False,official human pathways with 10-300 G_PRIMARY genes; equal weights/sqrt(size),f5c4faa94fe03b2d088b72743da175380dfcf2edbfacd0077cc25eb19d2ca7e9
Reactome,rRNA modification in the mitochondrion,15,0.9999999999999999,False,official human pathways with 10-300 G_PRIMARY genes; equal weights/sqrt(size),f5c4faa94fe03b2d088b72743da175380dfcf2edbfacd0077cc25eb19d2ca7e9
Reactome,rRNA modification in the nucleus and cytosol,60,0.9999999999999998,False,official human pathways with 10-300 G_PRIMARY genes; equal weights/sqrt(size),f5c4faa94fe03b2d088b72743da175380dfcf2edbfacd0077cc25eb19d2ca7e9
Reactome,rRNA processing,225,1.0,False,official human pathways with 10-300 G_PRIMARY genes; equal weights/sqrt(size),f5c4faa94fe03b2d088b72743da175380dfcf2edbfacd0077cc25eb19d2ca7e9
Reactome,rRNA processing in the mitochondrion,34,0.9999999999999999,False,official human pathways with 10-300 G_PRIMARY genes; equal weights/sqrt(size),f5c4faa94fe03b2d088b72743da175380dfcf2edbfacd0077cc25eb19d2ca7e9
Reactome,rRNA processing in the nucleus and cytosol,191,0.9999999999999998,False,official human pathways with 10-300 G_PRIMARY genes; equal weights/sqrt(size),f5c4faa94fe03b2d088b72743da175380dfcf2edbfacd0077cc25eb19d2ca7e9
Reactome,snRNP Assembly,53,1.0,False,official human pathways with 10-300 G_PRIMARY genes; equal weights/sqrt(size),f5c4faa94fe03b2d088b72743da175380dfcf2edbfacd0077cc25eb19d2ca7e9
Reactome,tRNA Aminoacylation,42,1.0,False,official human pathways with 10-300 G_PRIMARY genes; equal weights/sqrt(size),f5c4faa94fe03b2d088b72743da175380dfcf2edbfacd0077cc25eb19d2ca7e9
Reactome,tRNA modification in the mitochondrion,11,1.0,False,official human pathways with 10-300 G_PRIMARY genes; equal weights/sqrt(size),f5c4faa94fe03b2d088b72743da175380dfcf2edbfacd0077cc25eb19d2ca7e9
Reactome,tRNA modification in the nucleus and cytosol,43,1.0,False,official human pathways with 10-300 G_PRIMARY genes; equal weights/sqrt(size),f5c4faa94fe03b2d088b72743da175380dfcf2edbfacd0077cc25eb19d2ca7e9
Reactome,tRNA processing,128,0.9999999999999999,False,official human pathways with 10-300 G_PRIMARY genes; equal weights/sqrt(size),f5c4faa94fe03b2d088b72743da175380dfcf2edbfacd0077cc25eb19d2ca7e9
Reactome,tRNA processing in the mitochondrion,23,0.9999999999999999,False,official human pathways with 10-300 G_PRIMARY genes; equal weights/sqrt(size),f5c4faa94fe03b2d088b72743da175380dfcf2edbfacd0077cc25eb19d2ca7e9
Reactome,tRNA processing in the nucleus,58,0.9999999999999999,False,official human pathways with 10-300 G_PRIMARY genes; equal weights/sqrt(size),f5c4faa94fe03b2d088b72743da175380dfcf2edbfacd0077cc25eb19d2ca7e9
Reactome,trans-Golgi Network Vesicle Budding,71,0.9999999999999998,False,official human pathways with 10-300 G_PRIMARY genes; equal weights/sqrt(size),f5c4faa94fe03b2d088b72743da175380dfcf2edbfacd0077cc25eb19d2ca7e9
