pseudobulk_id,guide_id,donor_id,culture_condition,10xrun_id,n_cells,total_counts
CD4i_R2_D1_Stim48hr_NTC-001,NTC-001,CE0008162,Stim48hr,CD4i_R2,34.0,495227.0
CD4i_R2_D1_Stim48hr_NTC-003,NTC-003,CE0008162,Stim48hr,CD4i_R2,61.0,942815.0
CD4i_R2_D1_Stim48hr_NTC-004,NTC-004,CE0008162,Stim48hr,CD4i_R2,24.0,284041.0
CD4i_R2_D1_Stim48hr_NTC-005,NTC-005,CE0008162,Stim48hr,CD4i_R2,26.0,309604.0
CD4i_R2_D1_Stim48hr_NTC-006,NTC-006,CE0008162,Stim48hr,CD4i_R2,53.0,822639.0
CD4i_R2_D1_Stim48hr_NTC-007,NTC-007,CE0008162,Stim48hr,CD4i_R2,25.0,360459.0
CD4i_R2_D1_Stim48hr_NTC-008,NTC-008,CE0008162,Stim48hr,CD4i_R2,163.0,2331816.0
CD4i_R2_D1_Stim48hr_NTC-009,NTC-009,CE0008162,Stim48hr,CD4i_R2,166.0,2565527.0
CD4i_R2_D1_Stim48hr_NTC-010,NTC-010,CE0008162,Stim48hr,CD4i_R2,111.0,1494601.0
CD4i_R2_D1_Stim48hr_NTC-011,NTC-011,CE0008162,Stim48hr,CD4i_R2,6.0,115925.0
CD4i_R2_D1_Stim48hr_NTC-013,NTC-013,CE0008162,Stim48hr,CD4i_R2,90.0,1331728.0
CD4i_R2_D1_Stim48hr_NTC-015,NTC-015,CE0008162,Stim48hr,CD4i_R2,40.0,662911.0
CD4i_R2_D1_Stim48hr_NTC-016,NTC-016,CE0008162,Stim48hr,CD4i_R2,26.0,287231.0
CD4i_R2_D1_Stim48hr_NTC-017,NTC-017,CE0008162,Stim48hr,CD4i_R2,7.0,92251.0
CD4i_R2_D1_Stim48hr_NTC-018,NTC-018,CE0008162,Stim48hr,CD4i_R2,35.0,458533.0
CD4i_R2_D1_Stim48hr_NTC-019,NTC-019,CE0008162,Stim48hr,CD4i_R2,115.0,1861984.0
CD4i_R2_D1_Stim48hr_NTC-020,NTC-020,CE0008162,Stim48hr,CD4i_R2,32.0,475079.0
CD4i_R2_D1_Stim48hr_NTC-021,NTC-021,CE0008162,Stim48hr,CD4i_R2,45.0,726434.0
CD4i_R2_D1_Stim48hr_NTC-022,NTC-022,CE0008162,Stim48hr,CD4i_R2,12.0,159442.0
CD4i_R2_D1_Stim48hr_NTC-023,NTC-023,CE0008162,Stim48hr,CD4i_R2,52.0,694989.0
CD4i_R2_D1_Stim48hr_NTC-024,NTC-024,CE0008162,Stim48hr,CD4i_R2,92.0,1306099.0
CD4i_R2_D1_Stim48hr_NTC-026,NTC-026,CE0008162,Stim48hr,CD4i_R2,117.0,1851440.0
CD4i_R2_D1_Stim48hr_NTC-027,NTC-027,CE0008162,Stim48hr,CD4i_R2,126.0,1723176.0
CD4i_R2_D1_Stim48hr_NTC-028,NTC-028,CE0008162,Stim48hr,CD4i_R2,93.0,1544452.0
CD4i_R2_D1_Stim48hr_NTC-029,NTC-029,CE0008162,Stim48hr,CD4i_R2,60.0,833445.0
CD4i_R2_D1_Stim48hr_NTC-030,NTC-030,CE0008162,Stim48hr,CD4i_R2,155.0,2116195.0
CD4i_R2_D1_Stim48hr_NTC-031,NTC-031,CE0008162,Stim48hr,CD4i_R2,15.0,264920.0
CD4i_R2_D1_Stim48hr_NTC-032,NTC-032,CE0008162,Stim48hr,CD4i_R2,45.0,590310.0
CD4i_R2_D1_Stim48hr_NTC-033,NTC-033,CE0008162,Stim48hr,CD4i_R2,23.0,349376.0
CD4i_R2_D1_Stim48hr_NTC-034,NTC-034,CE0008162,Stim48hr,CD4i_R2,18.0,225952.0
CD4i_R2_D1_Stim48hr_NTC-035,NTC-035,CE0008162,Stim48hr,CD4i_R2,64.0,1017214.0
CD4i_R2_D1_Stim48hr_NTC-037,NTC-037,CE0008162,Stim48hr,CD4i_R2,85.0,1122881.0
CD4i_R2_D1_Stim48hr_NTC-038,NTC-038,CE0008162,Stim48hr,CD4i_R2,108.0,1495372.0
CD4i_R2_D1_Stim48hr_NTC-039,NTC-039,CE0008162,Stim48hr,CD4i_R2,98.0,1329980.0
CD4i_R2_D1_Stim48hr_NTC-040,NTC-040,CE0008162,Stim48hr,CD4i_R2,212.0,2959235.0
CD4i_R2_D1_Stim48hr_NTC-041,NTC-041,CE0008162,Stim48hr,CD4i_R2,71.0,1141079.0
CD4i_R2_D1_Stim48hr_NTC-042,NTC-042,CE0008162,Stim48hr,CD4i_R2,11.0,159084.0
CD4i_R2_D1_Stim48hr_NTC-043,NTC-043,CE0008162,Stim48hr,CD4i_R2,100.0,1282340.0
CD4i_R2_D1_Stim48hr_NTC-044,NTC-044,CE0008162,Stim48hr,CD4i_R2,87.0,1312976.0
CD4i_R2_D1_Stim48hr_NTC-045,NTC-045,CE0008162,Stim48hr,CD4i_R2,20.0,282058.0
CD4i_R2_D1_Stim48hr_NTC-046,NTC-046,CE0008162,Stim48hr,CD4i_R2,72.0,1015617.0
CD4i_R2_D1_Stim48hr_NTC-047,NTC-047,CE0008162,Stim48hr,CD4i_R2,170.0,2423208.0
CD4i_R2_D1_Stim48hr_NTC-048,NTC-048,CE0008162,Stim48hr,CD4i_R2,70.0,1191090.0
CD4i_R2_D1_Stim48hr_NTC-049,NTC-049,CE0008162,Stim48hr,CD4i_R2,18.0,250129.0
CD4i_R2_D1_Stim48hr_NTC-050,NTC-050,CE0008162,Stim48hr,CD4i_R2,179.0,2456669.0
CD4i_R2_D1_Stim48hr_NTC-051,NTC-051,CE0008162,Stim48hr,CD4i_R2,37.0,551333.0
CD4i_R2_D1_Stim48hr_NTC-052,NTC-052,CE0008162,Stim48hr,CD4i_R2,165.0,2477778.0
CD4i_R2_D1_Stim48hr_NTC-053,NTC-053,CE0008162,Stim48hr,CD4i_R2,56.0,1011753.0
CD4i_R2_D1_Stim48hr_NTC-055,NTC-055,CE0008162,Stim48hr,CD4i_R2,106.0,1465122.0
CD4i_R2_D1_Stim48hr_NTC-056,NTC-056,CE0008162,Stim48hr,CD4i_R2,219.0,3445625.0
CD4i_R2_D1_Stim48hr_NTC-057,NTC-057,CE0008162,Stim48hr,CD4i_R2,20.0,284985.0
CD4i_R2_D1_Stim48hr_NTC-058,NTC-058,CE0008162,Stim48hr,CD4i_R2,32.0,546722.0
CD4i_R2_D1_Stim48hr_NTC-059,NTC-059,CE0008162,Stim48hr,CD4i_R2,102.0,1658275.0
CD4i_R2_D1_Stim48hr_NTC-060,NTC-060,CE0008162,Stim48hr,CD4i_R2,37.0,466673.0
CD4i_R2_D1_Stim48hr_NTC-061,NTC-061,CE0008162,Stim48hr,CD4i_R2,31.0,359132.0
CD4i_R2_D1_Stim48hr_NTC-062,NTC-062,CE0008162,Stim48hr,CD4i_R2,29.0,464079.0
CD4i_R2_D1_Stim48hr_NTC-063,NTC-063,CE0008162,Stim48hr,CD4i_R2,43.0,720864.0
CD4i_R2_D1_Stim48hr_NTC-064,NTC-064,CE0008162,Stim48hr,CD4i_R2,134.0,2109728.0
CD4i_R2_D1_Stim48hr_NTC-066,NTC-066,CE0008162,Stim48hr,CD4i_R2,28.0,325809.0
CD4i_R2_D1_Stim48hr_NTC-067,NTC-067,CE0008162,Stim48hr,CD4i_R2,14.0,275419.0
CD4i_R2_D1_Stim48hr_NTC-068,NTC-068,CE0008162,Stim48hr,CD4i_R2,85.0,1310697.0
CD4i_R2_D1_Stim48hr_NTC-069,NTC-069,CE0008162,Stim48hr,CD4i_R2,43.0,583669.0
CD4i_R2_D1_Stim48hr_NTC-070,NTC-070,CE0008162,Stim48hr,CD4i_R2,5.0,63054.0
CD4i_R2_D1_Stim48hr_NTC-071,NTC-071,CE0008162,Stim48hr,CD4i_R2,59.0,773116.0
CD4i_R2_D1_Stim48hr_NTC-072,NTC-072,CE0008162,Stim48hr,CD4i_R2,31.0,446609.0
CD4i_R2_D1_Stim48hr_NTC-073,NTC-073,CE0008162,Stim48hr,CD4i_R2,142.0,2298869.0
CD4i_R2_D1_Stim48hr_NTC-074,NTC-074,CE0008162,Stim48hr,CD4i_R2,30.0,337709.0
CD4i_R2_D1_Stim48hr_NTC-075,NTC-075,CE0008162,Stim48hr,CD4i_R2,22.0,273705.0
CD4i_R2_D1_Stim48hr_NTC-076,NTC-076,CE0008162,Stim48hr,CD4i_R2,37.0,457714.0
CD4i_R2_D1_Stim48hr_NTC-077,NTC-077,CE0008162,Stim48hr,CD4i_R2,152.0,1993686.0
CD4i_R2_D1_Stim48hr_NTC-078,NTC-078,CE0008162,Stim48hr,CD4i_R2,11.0,140773.0
CD4i_R2_D1_Stim48hr_NTC-079,NTC-079,CE0008162,Stim48hr,CD4i_R2,70.0,1037884.0
CD4i_R2_D1_Stim48hr_NTC-080,NTC-080,CE0008162,Stim48hr,CD4i_R2,105.0,1525114.0
CD4i_R2_D1_Stim48hr_NTC-081,NTC-081,CE0008162,Stim48hr,CD4i_R2,59.0,852686.0
CD4i_R2_D1_Stim48hr_NTC-082,NTC-082,CE0008162,Stim48hr,CD4i_R2,37.0,472973.0
CD4i_R2_D1_Stim48hr_NTC-083,NTC-083,CE0008162,Stim48hr,CD4i_R2,149.0,2328787.0
CD4i_R2_D1_Stim48hr_NTC-084,NTC-084,CE0008162,Stim48hr,CD4i_R2,57.0,693580.0
CD4i_R2_D1_Stim48hr_NTC-086,NTC-086,CE0008162,Stim48hr,CD4i_R2,65.0,862174.0
CD4i_R2_D1_Stim48hr_NTC-087,NTC-087,CE0008162,Stim48hr,CD4i_R2,152.0,2212239.0
CD4i_R2_D1_Stim48hr_NTC-088,NTC-088,CE0008162,Stim48hr,CD4i_R2,22.0,406625.0
CD4i_R2_D1_Stim48hr_NTC-089,NTC-089,CE0008162,Stim48hr,CD4i_R2,77.0,1208438.0
CD4i_R2_D1_Stim48hr_NTC-090,NTC-090,CE0008162,Stim48hr,CD4i_R2,232.0,3681449.0
CD4i_R2_D1_Stim48hr_NTC-091,NTC-091,CE0008162,Stim48hr,CD4i_R2,21.0,294371.0
CD4i_R2_D1_Stim48hr_NTC-092,NTC-092,CE0008162,Stim48hr,CD4i_R2,133.0,2100302.0
CD4i_R2_D1_Stim48hr_NTC-093,NTC-093,CE0008162,Stim48hr,CD4i_R2,37.0,548710.0
CD4i_R2_D1_Stim48hr_NTC-094,NTC-094,CE0008162,Stim48hr,CD4i_R2,5.0,88267.0
CD4i_R2_D1_Stim48hr_NTC-095,NTC-095,CE0008162,Stim48hr,CD4i_R2,24.0,321530.0
CD4i_R2_D1_Stim48hr_NTC-096,NTC-096,CE0008162,Stim48hr,CD4i_R2,85.0,1339487.0
CD4i_R2_D1_Stim48hr_NTC-097,NTC-097,CE0008162,Stim48hr,CD4i_R2,101.0,1306855.0
CD4i_R2_D1_Stim48hr_NTC-098,NTC-098,CE0008162,Stim48hr,CD4i_R2,129.0,1980014.0
CD4i_R2_D1_Stim48hr_NTC-099,NTC-099,CE0008162,Stim48hr,CD4i_R2,10.0,139226.0
CD4i_R2_D1_Stim48hr_NTC-100,NTC-100,CE0008162,Stim48hr,CD4i_R2,106.0,1595030.0
CD4i_R2_D1_Stim48hr_NTC-101,NTC-101,CE0008162,Stim48hr,CD4i_R2,16.0,294132.0
CD4i_R2_D1_Stim48hr_NTC-102,NTC-102,CE0008162,Stim48hr,CD4i_R2,31.0,407997.0
CD4i_R2_D1_Stim48hr_NTC-103,NTC-103,CE0008162,Stim48hr,CD4i_R2,154.0,2306247.0
CD4i_R2_D1_Stim48hr_NTC-104,NTC-104,CE0008162,Stim48hr,CD4i_R2,64.0,778785.0
CD4i_R2_D1_Stim48hr_NTC-105,NTC-105,CE0008162,Stim48hr,CD4i_R2,39.0,467592.0
CD4i_R2_D1_Stim48hr_NTC-106,NTC-106,CE0008162,Stim48hr,CD4i_R2,23.0,439657.0
CD4i_R2_D1_Stim48hr_NTC-107,NTC-107,CE0008162,Stim48hr,CD4i_R2,106.0,1363866.0
CD4i_R2_D1_Stim48hr_NTC-108,NTC-108,CE0008162,Stim48hr,CD4i_R2,35.0,566773.0
CD4i_R2_D1_Stim48hr_NTC-109,NTC-109,CE0008162,Stim48hr,CD4i_R2,6.0,85999.0
CD4i_R2_D1_Stim48hr_NTC-110,NTC-110,CE0008162,Stim48hr,CD4i_R2,22.0,357353.0
CD4i_R2_D1_Stim48hr_NTC-111,NTC-111,CE0008162,Stim48hr,CD4i_R2,57.0,690256.0
CD4i_R2_D1_Stim48hr_NTC-112,NTC-112,CE0008162,Stim48hr,CD4i_R2,46.0,799342.0
CD4i_R2_D1_Stim48hr_NTC-113,NTC-113,CE0008162,Stim48hr,CD4i_R2,31.0,424587.0
CD4i_R2_D1_Stim48hr_NTC-114,NTC-114,CE0008162,Stim48hr,CD4i_R2,75.0,1099940.0
CD4i_R2_D1_Stim48hr_NTC-115,NTC-115,CE0008162,Stim48hr,CD4i_R2,34.0,410778.0
CD4i_R2_D1_Stim48hr_NTC-117,NTC-117,CE0008162,Stim48hr,CD4i_R2,14.0,236256.0
CD4i_R2_D1_Stim48hr_NTC-118,NTC-118,CE0008162,Stim48hr,CD4i_R2,151.0,2060388.0
CD4i_R2_D1_Stim48hr_NTC-119,NTC-119,CE0008162,Stim48hr,CD4i_R2,12.0,202720.0
CD4i_R2_D1_Stim48hr_NTC-120,NTC-120,CE0008162,Stim48hr,CD4i_R2,5.0,61622.0
CD4i_R2_D1_Stim48hr_NTC-121,NTC-121,CE0008162,Stim48hr,CD4i_R2,60.0,1107918.0
CD4i_R2_D1_Stim48hr_NTC-122,NTC-122,CE0008162,Stim48hr,CD4i_R2,6.0,145325.0
CD4i_R2_D1_Stim48hr_NTC-123,NTC-123,CE0008162,Stim48hr,CD4i_R2,140.0,1902298.0
CD4i_R2_D1_Stim48hr_NTC-124,NTC-124,CE0008162,Stim48hr,CD4i_R2,34.0,562865.0
CD4i_R2_D1_Stim48hr_NTC-125,NTC-125,CE0008162,Stim48hr,CD4i_R2,44.0,758151.0
CD4i_R2_D1_Stim48hr_NTC-126,NTC-126,CE0008162,Stim48hr,CD4i_R2,101.0,1546451.0
CD4i_R2_D1_Stim48hr_NTC-127,NTC-127,CE0008162,Stim48hr,CD4i_R2,5.0,77330.0
CD4i_R2_D1_Stim48hr_NTC-128,NTC-128,CE0008162,Stim48hr,CD4i_R2,11.0,237666.0
CD4i_R2_D1_Stim48hr_NTC-129,NTC-129,CE0008162,Stim48hr,CD4i_R2,65.0,945675.0
CD4i_R2_D1_Stim48hr_NTC-130,NTC-130,CE0008162,Stim48hr,CD4i_R2,119.0,1665389.0
CD4i_R2_D1_Stim48hr_NTC-131,NTC-131,CE0008162,Stim48hr,CD4i_R2,112.0,1528510.0
CD4i_R2_D1_Stim48hr_NTC-132,NTC-132,CE0008162,Stim48hr,CD4i_R2,18.0,271938.0
CD4i_R2_D1_Stim48hr_NTC-133,NTC-133,CE0008162,Stim48hr,CD4i_R2,268.0,3871576.0
CD4i_R2_D1_Stim48hr_NTC-134,NTC-134,CE0008162,Stim48hr,CD4i_R2,43.0,609052.0
CD4i_R2_D1_Stim48hr_NTC-136,NTC-136,CE0008162,Stim48hr,CD4i_R2,43.0,639253.0
CD4i_R2_D1_Stim48hr_NTC-137,NTC-137,CE0008162,Stim48hr,CD4i_R2,39.0,604969.0
CD4i_R2_D1_Stim48hr_NTC-138,NTC-138,CE0008162,Stim48hr,CD4i_R2,38.0,590711.0
CD4i_R2_D1_Stim48hr_NTC-139,NTC-139,CE0008162,Stim48hr,CD4i_R2,130.0,2299036.0
CD4i_R2_D1_Stim48hr_NTC-140,NTC-140,CE0008162,Stim48hr,CD4i_R2,70.0,973837.0
CD4i_R2_D1_Stim48hr_NTC-141,NTC-141,CE0008162,Stim48hr,CD4i_R2,54.0,736510.0
CD4i_R2_D1_Stim48hr_NTC-142,NTC-142,CE0008162,Stim48hr,CD4i_R2,143.0,2515368.0
CD4i_R2_D1_Stim48hr_NTC-143,NTC-143,CE0008162,Stim48hr,CD4i_R2,76.0,991981.0
CD4i_R2_D1_Stim48hr_NTC-144,NTC-144,CE0008162,Stim48hr,CD4i_R2,32.0,551448.0
CD4i_R2_D1_Stim48hr_NTC-145,NTC-145,CE0008162,Stim48hr,CD4i_R2,5.0,57560.0
CD4i_R2_D1_Stim48hr_NTC-146,NTC-146,CE0008162,Stim48hr,CD4i_R2,44.0,666860.0
CD4i_R2_D1_Stim48hr_NTC-147,NTC-147,CE0008162,Stim48hr,CD4i_R2,41.0,645058.0
CD4i_R2_D1_Stim48hr_NTC-148,NTC-148,CE0008162,Stim48hr,CD4i_R2,60.0,853977.0
CD4i_R2_D1_Stim48hr_NTC-149,NTC-149,CE0008162,Stim48hr,CD4i_R2,178.0,2907513.0
CD4i_R2_D1_Stim48hr_NTC-151,NTC-151,CE0008162,Stim48hr,CD4i_R2,22.0,360632.0
CD4i_R2_D1_Stim48hr_NTC-152,NTC-152,CE0008162,Stim48hr,CD4i_R2,67.0,1050270.0
CD4i_R2_D1_Stim48hr_NTC-153,NTC-153,CE0008162,Stim48hr,CD4i_R2,26.0,390757.0
CD4i_R2_D1_Stim48hr_NTC-154,NTC-154,CE0008162,Stim48hr,CD4i_R2,21.0,350005.0
CD4i_R2_D1_Stim48hr_NTC-155,NTC-155,CE0008162,Stim48hr,CD4i_R2,74.0,1200217.0
CD4i_R2_D1_Stim48hr_NTC-156,NTC-156,CE0008162,Stim48hr,CD4i_R2,92.0,1420793.0
CD4i_R2_D1_Stim48hr_NTC-157,NTC-157,CE0008162,Stim48hr,CD4i_R2,49.0,819687.0
CD4i_R2_D1_Stim48hr_NTC-158,NTC-158,CE0008162,Stim48hr,CD4i_R2,83.0,1234666.0
CD4i_R2_D1_Stim48hr_NTC-159,NTC-159,CE0008162,Stim48hr,CD4i_R2,68.0,904033.0
CD4i_R2_D1_Stim48hr_NTC-160,NTC-160,CE0008162,Stim48hr,CD4i_R2,208.0,3302020.0
CD4i_R2_D1_Stim48hr_NTC-161,NTC-161,CE0008162,Stim48hr,CD4i_R2,29.0,372968.0
CD4i_R2_D1_Stim48hr_NTC-163,NTC-163,CE0008162,Stim48hr,CD4i_R2,179.0,2974344.0
CD4i_R2_D1_Stim48hr_NTC-164,NTC-164,CE0008162,Stim48hr,CD4i_R2,15.0,219170.0
CD4i_R2_D1_Stim48hr_NTC-165,NTC-165,CE0008162,Stim48hr,CD4i_R2,27.0,496852.0
CD4i_R2_D1_Stim48hr_NTC-166,NTC-166,CE0008162,Stim48hr,CD4i_R2,23.0,298245.0
CD4i_R2_D1_Stim48hr_NTC-167,NTC-167,CE0008162,Stim48hr,CD4i_R2,32.0,372197.0
CD4i_R2_D1_Stim48hr_NTC-168,NTC-168,CE0008162,Stim48hr,CD4i_R2,105.0,1482781.0
CD4i_R2_D1_Stim48hr_NTC-169,NTC-169,CE0008162,Stim48hr,CD4i_R2,107.0,1532714.0
CD4i_R2_D1_Stim48hr_NTC-170,NTC-170,CE0008162,Stim48hr,CD4i_R2,42.0,528341.0
CD4i_R2_D1_Stim48hr_NTC-171,NTC-171,CE0008162,Stim48hr,CD4i_R2,71.0,1076332.0
CD4i_R2_D1_Stim48hr_NTC-172,NTC-172,CE0008162,Stim48hr,CD4i_R2,30.0,407480.0
CD4i_R2_D1_Stim48hr_NTC-173,NTC-173,CE0008162,Stim48hr,CD4i_R2,39.0,567191.0
CD4i_R2_D1_Stim48hr_NTC-174,NTC-174,CE0008162,Stim48hr,CD4i_R2,110.0,1631701.0
CD4i_R2_D1_Stim48hr_NTC-175,NTC-175,CE0008162,Stim48hr,CD4i_R2,21.0,368216.0
CD4i_R2_D1_Stim48hr_NTC-176,NTC-176,CE0008162,Stim48hr,CD4i_R2,35.0,523442.0
CD4i_R2_D1_Stim48hr_NTC-177,NTC-177,CE0008162,Stim48hr,CD4i_R2,66.0,877147.0
CD4i_R2_D1_Stim48hr_NTC-178,NTC-178,CE0008162,Stim48hr,CD4i_R2,48.0,682944.0
CD4i_R2_D1_Stim48hr_NTC-179,NTC-179,CE0008162,Stim48hr,CD4i_R2,52.0,695723.0
CD4i_R2_D1_Stim48hr_NTC-180,NTC-180,CE0008162,Stim48hr,CD4i_R2,25.0,381360.0
CD4i_R2_D1_Stim48hr_NTC-181,NTC-181,CE0008162,Stim48hr,CD4i_R2,40.0,564328.0
CD4i_R2_D1_Stim48hr_NTC-182,NTC-182,CE0008162,Stim48hr,CD4i_R2,31.0,375612.0
CD4i_R2_D1_Stim48hr_NTC-183,NTC-183,CE0008162,Stim48hr,CD4i_R2,90.0,1346296.0
CD4i_R2_D1_Stim48hr_NTC-184,NTC-184,CE0008162,Stim48hr,CD4i_R2,52.0,778935.0
CD4i_R2_D1_Stim48hr_NTC-185,NTC-185,CE0008162,Stim48hr,CD4i_R2,71.0,955969.0
CD4i_R2_D1_Stim48hr_NTC-186,NTC-186,CE0008162,Stim48hr,CD4i_R2,40.0,471721.0
CD4i_R2_D1_Stim48hr_NTC-188,NTC-188,CE0008162,Stim48hr,CD4i_R2,263.0,3533265.0
CD4i_R2_D1_Stim48hr_NTC-189,NTC-189,CE0008162,Stim48hr,CD4i_R2,9.0,125703.0
CD4i_R2_D1_Stim48hr_NTC-190,NTC-190,CE0008162,Stim48hr,CD4i_R2,12.0,174697.0
CD4i_R2_D1_Stim48hr_NTC-192,NTC-192,CE0008162,Stim48hr,CD4i_R2,28.0,394441.0
CD4i_R2_D1_Stim48hr_NTC-193,NTC-193,CE0008162,Stim48hr,CD4i_R2,18.0,311198.0
CD4i_R2_D1_Stim48hr_NTC-194,NTC-194,CE0008162,Stim48hr,CD4i_R2,99.0,1265317.0
CD4i_R2_D1_Stim48hr_NTC-195,NTC-195,CE0008162,Stim48hr,CD4i_R2,73.0,1317579.0
CD4i_R2_D1_Stim48hr_NTC-196,NTC-196,CE0008162,Stim48hr,CD4i_R2,149.0,2185250.0
CD4i_R2_D1_Stim48hr_NTC-197,NTC-197,CE0008162,Stim48hr,CD4i_R2,178.0,2710094.0
CD4i_R2_D1_Stim48hr_NTC-200,NTC-200,CE0008162,Stim48hr,CD4i_R2,15.0,249070.0
CD4i_R2_D1_Stim48hr_NTC-201,NTC-201,CE0008162,Stim48hr,CD4i_R2,43.0,581889.0
CD4i_R2_D1_Stim48hr_NTC-202,NTC-202,CE0008162,Stim48hr,CD4i_R2,260.0,4039040.0
CD4i_R2_D1_Stim48hr_NTC-203,NTC-203,CE0008162,Stim48hr,CD4i_R2,64.0,1064710.0
CD4i_R2_D1_Stim48hr_NTC-204,NTC-204,CE0008162,Stim48hr,CD4i_R2,16.0,226570.0
CD4i_R2_D1_Stim48hr_NTC-205,NTC-205,CE0008162,Stim48hr,CD4i_R2,13.0,197380.0
CD4i_R2_D1_Stim48hr_NTC-206,NTC-206,CE0008162,Stim48hr,CD4i_R2,102.0,1554116.0
CD4i_R2_D1_Stim48hr_NTC-207,NTC-207,CE0008162,Stim48hr,CD4i_R2,182.0,2589835.0
CD4i_R2_D1_Stim48hr_NTC-208,NTC-208,CE0008162,Stim48hr,CD4i_R2,56.0,880855.0
CD4i_R2_D1_Stim48hr_NTC-209,NTC-209,CE0008162,Stim48hr,CD4i_R2,184.0,2890901.0
CD4i_R2_D1_Stim48hr_NTC-210,NTC-210,CE0008162,Stim48hr,CD4i_R2,90.0,1373907.0
CD4i_R2_D1_Stim48hr_NTC-211,NTC-211,CE0008162,Stim48hr,CD4i_R2,86.0,1286118.0
CD4i_R2_D1_Stim48hr_NTC-212,NTC-212,CE0008162,Stim48hr,CD4i_R2,10.0,74089.0
CD4i_R2_D1_Stim48hr_NTC-213,NTC-213,CE0008162,Stim48hr,CD4i_R2,58.0,854400.0
CD4i_R2_D1_Stim48hr_NTC-214,NTC-214,CE0008162,Stim48hr,CD4i_R2,118.0,1703566.0
CD4i_R2_D1_Stim48hr_NTC-215,NTC-215,CE0008162,Stim48hr,CD4i_R2,93.0,1386485.0
CD4i_R2_D1_Stim48hr_NTC-216,NTC-216,CE0008162,Stim48hr,CD4i_R2,10.0,151639.0
CD4i_R2_D1_Stim48hr_NTC-217,NTC-217,CE0008162,Stim48hr,CD4i_R2,86.0,1202179.0
CD4i_R2_D1_Stim48hr_NTC-219,NTC-219,CE0008162,Stim48hr,CD4i_R2,230.0,3423441.0
CD4i_R2_D1_Stim48hr_NTC-220,NTC-220,CE0008162,Stim48hr,CD4i_R2,59.0,797747.0
CD4i_R2_D1_Stim48hr_NTC-221,NTC-221,CE0008162,Stim48hr,CD4i_R2,135.0,2069631.0
CD4i_R2_D1_Stim48hr_NTC-222,NTC-222,CE0008162,Stim48hr,CD4i_R2,60.0,819775.0
CD4i_R2_D1_Stim48hr_NTC-224,NTC-224,CE0008162,Stim48hr,CD4i_R2,50.0,739643.0
CD4i_R2_D1_Stim48hr_NTC-225,NTC-225,CE0008162,Stim48hr,CD4i_R2,107.0,1679677.0
CD4i_R2_D1_Stim48hr_NTC-226,NTC-226,CE0008162,Stim48hr,CD4i_R2,77.0,1395954.0
CD4i_R2_D1_Stim48hr_NTC-227,NTC-227,CE0008162,Stim48hr,CD4i_R2,75.0,1315037.0
CD4i_R2_D1_Stim48hr_NTC-228,NTC-228,CE0008162,Stim48hr,CD4i_R2,43.0,589303.0
CD4i_R2_D1_Stim48hr_NTC-229,NTC-229,CE0008162,Stim48hr,CD4i_R2,365.0,5227916.0
CD4i_R2_D1_Stim48hr_NTC-231,NTC-231,CE0008162,Stim48hr,CD4i_R2,186.0,2644248.0
CD4i_R2_D1_Stim48hr_NTC-232,NTC-232,CE0008162,Stim48hr,CD4i_R2,10.0,119534.0
CD4i_R2_D1_Stim48hr_NTC-233,NTC-233,CE0008162,Stim48hr,CD4i_R2,14.0,232580.0
CD4i_R2_D1_Stim48hr_NTC-234,NTC-234,CE0008162,Stim48hr,CD4i_R2,10.0,107805.0
CD4i_R2_D1_Stim48hr_NTC-235,NTC-235,CE0008162,Stim48hr,CD4i_R2,25.0,463309.0
CD4i_R2_D1_Stim48hr_NTC-236,NTC-236,CE0008162,Stim48hr,CD4i_R2,163.0,2186065.0
CD4i_R2_D1_Stim48hr_NTC-237,NTC-237,CE0008162,Stim48hr,CD4i_R2,58.0,840825.0
CD4i_R2_D1_Stim48hr_NTC-238,NTC-238,CE0008162,Stim48hr,CD4i_R2,66.0,957218.0
CD4i_R2_D1_Stim48hr_NTC-239,NTC-239,CE0008162,Stim48hr,CD4i_R2,54.0,807852.0
CD4i_R2_D1_Stim48hr_NTC-240,NTC-240,CE0008162,Stim48hr,CD4i_R2,55.0,948057.0
CD4i_R2_D1_Stim48hr_NTC-241,NTC-241,CE0008162,Stim48hr,CD4i_R2,44.0,576252.0
CD4i_R2_D1_Stim48hr_NTC-242,NTC-242,CE0008162,Stim48hr,CD4i_R2,39.0,528491.0
CD4i_R2_D1_Stim48hr_NTC-243,NTC-243,CE0008162,Stim48hr,CD4i_R2,83.0,1268789.0
CD4i_R2_D1_Stim48hr_NTC-244,NTC-244,CE0008162,Stim48hr,CD4i_R2,144.0,2250344.0
CD4i_R2_D1_Stim48hr_NTC-245,NTC-245,CE0008162,Stim48hr,CD4i_R2,59.0,734800.0
CD4i_R2_D1_Stim48hr_NTC-246,NTC-246,CE0008162,Stim48hr,CD4i_R2,93.0,1350692.0
CD4i_R2_D1_Stim48hr_NTC-247,NTC-247,CE0008162,Stim48hr,CD4i_R2,28.0,431529.0
CD4i_R2_D1_Stim48hr_NTC-248,NTC-248,CE0008162,Stim48hr,CD4i_R2,47.0,731214.0
CD4i_R2_D1_Stim48hr_NTC-249,NTC-249,CE0008162,Stim48hr,CD4i_R2,46.0,656352.0
CD4i_R2_D1_Stim48hr_NTC-250,NTC-250,CE0008162,Stim48hr,CD4i_R2,100.0,1410577.0
CD4i_R2_D1_Stim48hr_NTC-251,NTC-251,CE0008162,Stim48hr,CD4i_R2,47.0,714328.0
CD4i_R2_D1_Stim48hr_NTC-252,NTC-252,CE0008162,Stim48hr,CD4i_R2,161.0,2336286.0
CD4i_R2_D1_Stim48hr_NTC-253,NTC-253,CE0008162,Stim48hr,CD4i_R2,57.0,812711.0
CD4i_R2_D1_Stim48hr_NTC-254,NTC-254,CE0008162,Stim48hr,CD4i_R2,72.0,1049504.0
CD4i_R2_D1_Stim48hr_NTC-256,NTC-256,CE0008162,Stim48hr,CD4i_R2,65.0,965785.0
CD4i_R2_D1_Stim48hr_NTC-257,NTC-257,CE0008162,Stim48hr,CD4i_R2,157.0,2256748.0
CD4i_R2_D1_Stim48hr_NTC-258,NTC-258,CE0008162,Stim48hr,CD4i_R2,25.0,280063.0
CD4i_R2_D1_Stim48hr_NTC-260,NTC-260,CE0008162,Stim48hr,CD4i_R2,92.0,1446399.0
CD4i_R2_D1_Stim48hr_NTC-261,NTC-261,CE0008162,Stim48hr,CD4i_R2,20.0,358207.0
CD4i_R2_D1_Stim48hr_NTC-262,NTC-262,CE0008162,Stim48hr,CD4i_R2,44.0,627924.0
CD4i_R2_D1_Stim48hr_NTC-263,NTC-263,CE0008162,Stim48hr,CD4i_R2,14.0,165218.0
CD4i_R2_D1_Stim48hr_NTC-264,NTC-264,CE0008162,Stim48hr,CD4i_R2,218.0,3128368.0
CD4i_R2_D1_Stim48hr_NTC-265,NTC-265,CE0008162,Stim48hr,CD4i_R2,77.0,1324633.0
CD4i_R2_D1_Stim48hr_NTC-268,NTC-268,CE0008162,Stim48hr,CD4i_R2,37.0,648925.0
CD4i_R2_D1_Stim48hr_NTC-269,NTC-269,CE0008162,Stim48hr,CD4i_R2,44.0,641946.0
CD4i_R2_D1_Stim48hr_NTC-270,NTC-270,CE0008162,Stim48hr,CD4i_R2,69.0,970599.0
CD4i_R2_D1_Stim48hr_NTC-271,NTC-271,CE0008162,Stim48hr,CD4i_R2,173.0,2641219.0
CD4i_R2_D1_Stim48hr_NTC-272,NTC-272,CE0008162,Stim48hr,CD4i_R2,126.0,1734005.0
CD4i_R2_D1_Stim48hr_NTC-273,NTC-273,CE0008162,Stim48hr,CD4i_R2,15.0,141176.0
CD4i_R2_D1_Stim48hr_NTC-274,NTC-274,CE0008162,Stim48hr,CD4i_R2,24.0,343035.0
CD4i_R2_D1_Stim48hr_NTC-275,NTC-275,CE0008162,Stim48hr,CD4i_R2,77.0,1062761.0
CD4i_R2_D1_Stim48hr_NTC-276,NTC-276,CE0008162,Stim48hr,CD4i_R2,29.0,435340.0
CD4i_R2_D1_Stim48hr_NTC-277,NTC-277,CE0008162,Stim48hr,CD4i_R2,56.0,698435.0
CD4i_R2_D1_Stim48hr_NTC-278,NTC-278,CE0008162,Stim48hr,CD4i_R2,59.0,689407.0
CD4i_R2_D1_Stim48hr_NTC-279,NTC-279,CE0008162,Stim48hr,CD4i_R2,95.0,1572889.0
CD4i_R2_D1_Stim48hr_NTC-280,NTC-280,CE0008162,Stim48hr,CD4i_R2,115.0,1649461.0
CD4i_R2_D1_Stim48hr_NTC-281,NTC-281,CE0008162,Stim48hr,CD4i_R2,124.0,1614172.0
CD4i_R2_D1_Stim48hr_NTC-282,NTC-282,CE0008162,Stim48hr,CD4i_R2,248.0,3483649.0
CD4i_R2_D1_Stim48hr_NTC-283,NTC-283,CE0008162,Stim48hr,CD4i_R2,35.0,444358.0
CD4i_R2_D1_Stim48hr_NTC-285,NTC-285,CE0008162,Stim48hr,CD4i_R2,130.0,1792650.0
CD4i_R2_D1_Stim48hr_NTC-286,NTC-286,CE0008162,Stim48hr,CD4i_R2,18.0,247550.0
CD4i_R2_D1_Stim48hr_NTC-287,NTC-287,CE0008162,Stim48hr,CD4i_R2,49.0,639479.0
CD4i_R2_D1_Stim48hr_NTC-288,NTC-288,CE0008162,Stim48hr,CD4i_R2,52.0,866135.0
CD4i_R2_D1_Stim48hr_NTC-289,NTC-289,CE0008162,Stim48hr,CD4i_R2,54.0,745742.0
CD4i_R2_D1_Stim48hr_NTC-290,NTC-290,CE0008162,Stim48hr,CD4i_R2,21.0,353402.0
CD4i_R2_D1_Stim48hr_NTC-291,NTC-291,CE0008162,Stim48hr,CD4i_R2,337.0,4838092.0
CD4i_R2_D1_Stim48hr_NTC-292,NTC-292,CE0008162,Stim48hr,CD4i_R2,41.0,686743.0
CD4i_R2_D1_Stim48hr_NTC-293,NTC-293,CE0008162,Stim48hr,CD4i_R2,56.0,692144.0
CD4i_R2_D1_Stim48hr_NTC-294,NTC-294,CE0008162,Stim48hr,CD4i_R2,9.0,127458.0
CD4i_R2_D1_Stim48hr_NTC-295,NTC-295,CE0008162,Stim48hr,CD4i_R2,38.0,642238.0
CD4i_R2_D1_Stim48hr_NTC-296,NTC-296,CE0008162,Stim48hr,CD4i_R2,176.0,2604989.0
CD4i_R2_D1_Stim48hr_NTC-297,NTC-297,CE0008162,Stim48hr,CD4i_R2,27.0,361194.0
CD4i_R2_D1_Stim48hr_NTC-298,NTC-298,CE0008162,Stim48hr,CD4i_R2,62.0,944377.0
CD4i_R2_D1_Stim48hr_NTC-299,NTC-299,CE0008162,Stim48hr,CD4i_R2,118.0,1561590.0
CD4i_R2_D1_Stim48hr_NTC-300,NTC-300,CE0008162,Stim48hr,CD4i_R2,46.0,637353.0
CD4i_R2_D1_Stim48hr_NTC-301,NTC-301,CE0008162,Stim48hr,CD4i_R2,23.0,307305.0
CD4i_R2_D1_Stim48hr_NTC-302,NTC-302,CE0008162,Stim48hr,CD4i_R2,88.0,1211317.0
CD4i_R2_D1_Stim48hr_NTC-303,NTC-303,CE0008162,Stim48hr,CD4i_R2,130.0,1799685.0
CD4i_R2_D1_Stim48hr_NTC-304,NTC-304,CE0008162,Stim48hr,CD4i_R2,79.0,1121680.0
CD4i_R2_D1_Stim48hr_NTC-305,NTC-305,CE0008162,Stim48hr,CD4i_R2,38.0,621489.0
CD4i_R2_D1_Stim48hr_NTC-306,NTC-306,CE0008162,Stim48hr,CD4i_R2,49.0,740061.0
CD4i_R2_D1_Stim48hr_NTC-307,NTC-307,CE0008162,Stim48hr,CD4i_R2,108.0,1623339.0
CD4i_R2_D1_Stim48hr_NTC-308,NTC-308,CE0008162,Stim48hr,CD4i_R2,18.0,352015.0
CD4i_R2_D1_Stim48hr_NTC-309,NTC-309,CE0008162,Stim48hr,CD4i_R2,131.0,1746420.0
CD4i_R2_D1_Stim48hr_NTC-310,NTC-310,CE0008162,Stim48hr,CD4i_R2,36.0,535182.0
CD4i_R2_D1_Stim48hr_NTC-311,NTC-311,CE0008162,Stim48hr,CD4i_R2,94.0,1606258.0
CD4i_R2_D1_Stim48hr_NTC-312,NTC-312,CE0008162,Stim48hr,CD4i_R2,65.0,924056.0
CD4i_R2_D1_Stim48hr_NTC-313,NTC-313,CE0008162,Stim48hr,CD4i_R2,22.0,371880.0
CD4i_R2_D1_Stim48hr_NTC-314,NTC-314,CE0008162,Stim48hr,CD4i_R2,262.0,4055489.0
CD4i_R2_D1_Stim48hr_NTC-315,NTC-315,CE0008162,Stim48hr,CD4i_R2,117.0,1604296.0
CD4i_R2_D1_Stim48hr_NTC-316,NTC-316,CE0008162,Stim48hr,CD4i_R2,161.0,2655184.0
CD4i_R2_D1_Stim48hr_NTC-317,NTC-317,CE0008162,Stim48hr,CD4i_R2,61.0,1077219.0
CD4i_R2_D1_Stim48hr_NTC-318,NTC-318,CE0008162,Stim48hr,CD4i_R2,18.0,219883.0
CD4i_R2_D1_Stim48hr_NTC-319,NTC-319,CE0008162,Stim48hr,CD4i_R2,47.0,802686.0
CD4i_R2_D1_Stim48hr_NTC-320,NTC-320,CE0008162,Stim48hr,CD4i_R2,25.0,335699.0
CD4i_R2_D1_Stim48hr_NTC-321,NTC-321,CE0008162,Stim48hr,CD4i_R2,32.0,361198.0
CD4i_R2_D1_Stim48hr_NTC-322,NTC-322,CE0008162,Stim48hr,CD4i_R2,42.0,577248.0
CD4i_R2_D1_Stim48hr_NTC-323,NTC-323,CE0008162,Stim48hr,CD4i_R2,304.0,4538643.0
CD4i_R2_D1_Stim48hr_NTC-324,NTC-324,CE0008162,Stim48hr,CD4i_R2,39.0,653937.0
CD4i_R2_D1_Stim48hr_NTC-325,NTC-325,CE0008162,Stim48hr,CD4i_R2,13.0,205269.0
CD4i_R2_D1_Stim48hr_NTC-326,NTC-326,CE0008162,Stim48hr,CD4i_R2,124.0,1856040.0
CD4i_R2_D1_Stim48hr_NTC-327,NTC-327,CE0008162,Stim48hr,CD4i_R2,34.0,390530.0
CD4i_R2_D1_Stim48hr_NTC-329,NTC-329,CE0008162,Stim48hr,CD4i_R2,15.0,235179.0
CD4i_R2_D1_Stim48hr_NTC-331,NTC-331,CE0008162,Stim48hr,CD4i_R2,36.0,473546.0
CD4i_R2_D1_Stim48hr_NTC-332,NTC-332,CE0008162,Stim48hr,CD4i_R2,34.0,557069.0
CD4i_R2_D1_Stim48hr_NTC-333,NTC-333,CE0008162,Stim48hr,CD4i_R2,61.0,902659.0
CD4i_R2_D1_Stim48hr_NTC-334,NTC-334,CE0008162,Stim48hr,CD4i_R2,135.0,2095744.0
CD4i_R2_D1_Stim48hr_NTC-335,NTC-335,CE0008162,Stim48hr,CD4i_R2,6.0,91262.0
CD4i_R2_D1_Stim48hr_NTC-336,NTC-336,CE0008162,Stim48hr,CD4i_R2,18.0,264501.0
CD4i_R2_D1_Stim48hr_NTC-337,NTC-337,CE0008162,Stim48hr,CD4i_R2,17.0,269388.0
CD4i_R2_D1_Stim48hr_NTC-338,NTC-338,CE0008162,Stim48hr,CD4i_R2,45.0,609213.0
CD4i_R2_D1_Stim48hr_NTC-339,NTC-339,CE0008162,Stim48hr,CD4i_R2,49.0,808211.0
CD4i_R2_D1_Stim48hr_NTC-340,NTC-340,CE0008162,Stim48hr,CD4i_R2,151.0,2042647.0
CD4i_R2_D1_Stim48hr_NTC-341,NTC-341,CE0008162,Stim48hr,CD4i_R2,206.0,2793599.0
CD4i_R2_D1_Stim48hr_NTC-342,NTC-342,CE0008162,Stim48hr,CD4i_R2,45.0,657320.0
CD4i_R2_D1_Stim48hr_NTC-343,NTC-343,CE0008162,Stim48hr,CD4i_R2,48.0,823585.0
CD4i_R2_D1_Stim48hr_NTC-344,NTC-344,CE0008162,Stim48hr,CD4i_R2,145.0,2099090.0
CD4i_R2_D1_Stim48hr_NTC-345,NTC-345,CE0008162,Stim48hr,CD4i_R2,132.0,1773123.0
CD4i_R2_D1_Stim48hr_NTC-346,NTC-346,CE0008162,Stim48hr,CD4i_R2,62.0,957564.0
CD4i_R2_D1_Stim48hr_NTC-347,NTC-347,CE0008162,Stim48hr,CD4i_R2,111.0,1378277.0
CD4i_R2_D1_Stim48hr_NTC-348,NTC-348,CE0008162,Stim48hr,CD4i_R2,67.0,998710.0
CD4i_R2_D1_Stim48hr_NTC-349,NTC-349,CE0008162,Stim48hr,CD4i_R2,11.0,207472.0
CD4i_R2_D1_Stim48hr_NTC-350,NTC-350,CE0008162,Stim48hr,CD4i_R2,28.0,531866.0
CD4i_R2_D1_Stim48hr_NTC-351,NTC-351,CE0008162,Stim48hr,CD4i_R2,102.0,1409824.0
CD4i_R2_D1_Stim48hr_NTC-352,NTC-352,CE0008162,Stim48hr,CD4i_R2,16.0,174615.0
CD4i_R2_D1_Stim48hr_NTC-353,NTC-353,CE0008162,Stim48hr,CD4i_R2,31.0,419175.0
CD4i_R2_D1_Stim48hr_NTC-354,NTC-354,CE0008162,Stim48hr,CD4i_R2,42.0,524899.0
CD4i_R2_D1_Stim48hr_NTC-355,NTC-355,CE0008162,Stim48hr,CD4i_R2,156.0,2115730.0
CD4i_R2_D1_Stim48hr_NTC-356,NTC-356,CE0008162,Stim48hr,CD4i_R2,95.0,1407185.0
CD4i_R2_D1_Stim48hr_NTC-357,NTC-357,CE0008162,Stim48hr,CD4i_R2,248.0,3734615.0
CD4i_R2_D1_Stim48hr_NTC-358,NTC-358,CE0008162,Stim48hr,CD4i_R2,26.0,420556.0
CD4i_R2_D1_Stim48hr_NTC-359,NTC-359,CE0008162,Stim48hr,CD4i_R2,38.0,489387.0
CD4i_R2_D1_Stim48hr_NTC-360,NTC-360,CE0008162,Stim48hr,CD4i_R2,26.0,421293.0
CD4i_R2_D1_Stim48hr_NTC-361,NTC-361,CE0008162,Stim48hr,CD4i_R2,31.0,403489.0
CD4i_R2_D1_Stim48hr_NTC-362,NTC-362,CE0008162,Stim48hr,CD4i_R2,63.0,853222.0
CD4i_R2_D1_Stim48hr_NTC-363,NTC-363,CE0008162,Stim48hr,CD4i_R2,183.0,2723002.0
CD4i_R2_D1_Stim48hr_NTC-364,NTC-364,CE0008162,Stim48hr,CD4i_R2,14.0,297191.0
CD4i_R2_D1_Stim48hr_NTC-365,NTC-365,CE0008162,Stim48hr,CD4i_R2,65.0,1016409.0
CD4i_R2_D1_Stim48hr_NTC-366,NTC-366,CE0008162,Stim48hr,CD4i_R2,76.0,1093607.0
CD4i_R2_D1_Stim48hr_NTC-367,NTC-367,CE0008162,Stim48hr,CD4i_R2,95.0,1596984.0
CD4i_R2_D1_Stim48hr_NTC-368,NTC-368,CE0008162,Stim48hr,CD4i_R2,47.0,649306.0
CD4i_R2_D1_Stim48hr_NTC-369,NTC-369,CE0008162,Stim48hr,CD4i_R2,100.0,1508726.0
CD4i_R2_D1_Stim48hr_NTC-370,NTC-370,CE0008162,Stim48hr,CD4i_R2,138.0,2241447.0
CD4i_R2_D1_Stim48hr_NTC-371,NTC-371,CE0008162,Stim48hr,CD4i_R2,33.0,484980.0
CD4i_R2_D1_Stim48hr_NTC-372,NTC-372,CE0008162,Stim48hr,CD4i_R2,64.0,979092.0
CD4i_R2_D1_Stim48hr_NTC-373,NTC-373,CE0008162,Stim48hr,CD4i_R2,22.0,362247.0
CD4i_R2_D1_Stim48hr_NTC-374,NTC-374,CE0008162,Stim48hr,CD4i_R2,75.0,981077.0
CD4i_R2_D1_Stim48hr_NTC-375,NTC-375,CE0008162,Stim48hr,CD4i_R2,53.0,742608.0
CD4i_R2_D1_Stim48hr_NTC-376,NTC-376,CE0008162,Stim48hr,CD4i_R2,9.0,122558.0
CD4i_R2_D1_Stim48hr_NTC-377,NTC-377,CE0008162,Stim48hr,CD4i_R2,69.0,814324.0
CD4i_R2_D1_Stim48hr_NTC-378,NTC-378,CE0008162,Stim48hr,CD4i_R2,16.0,248653.0
CD4i_R2_D1_Stim48hr_NTC-379,NTC-379,CE0008162,Stim48hr,CD4i_R2,78.0,956862.0
CD4i_R2_D1_Stim48hr_NTC-380,NTC-380,CE0008162,Stim48hr,CD4i_R2,14.0,210237.0
CD4i_R2_D1_Stim48hr_NTC-381,NTC-381,CE0008162,Stim48hr,CD4i_R2,9.0,134770.0
CD4i_R2_D1_Stim48hr_NTC-382,NTC-382,CE0008162,Stim48hr,CD4i_R2,77.0,998441.0
CD4i_R2_D1_Stim48hr_NTC-383,NTC-383,CE0008162,Stim48hr,CD4i_R2,5.0,70621.0
CD4i_R2_D1_Stim48hr_NTC-384,NTC-384,CE0008162,Stim48hr,CD4i_R2,12.0,128297.0
CD4i_R2_D1_Stim48hr_NTC-386,NTC-386,CE0008162,Stim48hr,CD4i_R2,105.0,1357638.0
CD4i_R2_D1_Stim48hr_NTC-387,NTC-387,CE0008162,Stim48hr,CD4i_R2,269.0,3687612.0
CD4i_R2_D1_Stim48hr_NTC-388,NTC-388,CE0008162,Stim48hr,CD4i_R2,24.0,430380.0
CD4i_R2_D1_Stim48hr_NTC-389,NTC-389,CE0008162,Stim48hr,CD4i_R2,37.0,551155.0
CD4i_R2_D1_Stim48hr_NTC-390,NTC-390,CE0008162,Stim48hr,CD4i_R2,24.0,436854.0
CD4i_R2_D1_Stim48hr_NTC-391,NTC-391,CE0008162,Stim48hr,CD4i_R2,7.0,78625.0
CD4i_R2_D1_Stim48hr_NTC-392,NTC-392,CE0008162,Stim48hr,CD4i_R2,91.0,1316870.0
CD4i_R2_D1_Stim48hr_NTC-393,NTC-393,CE0008162,Stim48hr,CD4i_R2,38.0,582789.0
CD4i_R2_D1_Stim48hr_NTC-394,NTC-394,CE0008162,Stim48hr,CD4i_R2,58.0,872207.0
CD4i_R2_D1_Stim48hr_NTC-396,NTC-396,CE0008162,Stim48hr,CD4i_R2,30.0,503801.0
CD4i_R2_D1_Stim48hr_NTC-397,NTC-397,CE0008162,Stim48hr,CD4i_R2,59.0,962689.0
CD4i_R2_D1_Stim48hr_NTC-398,NTC-398,CE0008162,Stim48hr,CD4i_R2,34.0,445485.0
CD4i_R2_D1_Stim48hr_NTC-399,NTC-399,CE0008162,Stim48hr,CD4i_R2,20.0,382322.0
CD4i_R2_D1_Stim48hr_NTC-400,NTC-400,CE0008162,Stim48hr,CD4i_R2,58.0,992996.0
CD4i_R2_D1_Stim48hr_NTC-401,NTC-401,CE0008162,Stim48hr,CD4i_R2,103.0,1379992.0
CD4i_R2_D1_Stim48hr_NTC-402,NTC-402,CE0008162,Stim48hr,CD4i_R2,69.0,1008173.0
CD4i_R2_D1_Stim48hr_NTC-403,NTC-403,CE0008162,Stim48hr,CD4i_R2,176.0,2606644.0
CD4i_R2_D1_Stim48hr_NTC-404,NTC-404,CE0008162,Stim48hr,CD4i_R2,15.0,228140.0
CD4i_R2_D1_Stim48hr_NTC-405,NTC-405,CE0008162,Stim48hr,CD4i_R2,106.0,1451372.0
CD4i_R2_D1_Stim48hr_NTC-406,NTC-406,CE0008162,Stim48hr,CD4i_R2,52.0,901008.0
CD4i_R2_D1_Stim48hr_NTC-407,NTC-407,CE0008162,Stim48hr,CD4i_R2,28.0,360841.0
CD4i_R2_D1_Stim48hr_NTC-408,NTC-408,CE0008162,Stim48hr,CD4i_R2,142.0,2273920.0
CD4i_R2_D1_Stim48hr_NTC-409,NTC-409,CE0008162,Stim48hr,CD4i_R2,34.0,554745.0
CD4i_R2_D1_Stim48hr_NTC-410,NTC-410,CE0008162,Stim48hr,CD4i_R2,21.0,300171.0
CD4i_R2_D1_Stim48hr_NTC-411,NTC-411,CE0008162,Stim48hr,CD4i_R2,26.0,467500.0
CD4i_R2_D1_Stim48hr_NTC-412,NTC-412,CE0008162,Stim48hr,CD4i_R2,49.0,652251.0
CD4i_R2_D1_Stim48hr_NTC-413,NTC-413,CE0008162,Stim48hr,CD4i_R2,25.0,377620.0
CD4i_R2_D1_Stim48hr_NTC-414,NTC-414,CE0008162,Stim48hr,CD4i_R2,161.0,2393560.0
CD4i_R2_D1_Stim48hr_NTC-415,NTC-415,CE0008162,Stim48hr,CD4i_R2,54.0,818922.0
CD4i_R2_D1_Stim48hr_NTC-416,NTC-416,CE0008162,Stim48hr,CD4i_R2,20.0,282319.0
CD4i_R2_D1_Stim48hr_NTC-417,NTC-417,CE0008162,Stim48hr,CD4i_R2,60.0,932102.0
CD4i_R2_D1_Stim48hr_NTC-418,NTC-418,CE0008162,Stim48hr,CD4i_R2,52.0,651967.0
CD4i_R2_D1_Stim48hr_NTC-419,NTC-419,CE0008162,Stim48hr,CD4i_R2,5.0,84517.0
CD4i_R2_D1_Stim48hr_NTC-420,NTC-420,CE0008162,Stim48hr,CD4i_R2,112.0,1627885.0
CD4i_R2_D1_Stim48hr_NTC-421,NTC-421,CE0008162,Stim48hr,CD4i_R2,10.0,78432.0
CD4i_R2_D1_Stim48hr_NTC-422,NTC-422,CE0008162,Stim48hr,CD4i_R2,22.0,562420.0
CD4i_R2_D1_Stim48hr_NTC-423,NTC-423,CE0008162,Stim48hr,CD4i_R2,63.0,812743.0
CD4i_R2_D1_Stim48hr_NTC-424,NTC-424,CE0008162,Stim48hr,CD4i_R2,71.0,933137.0
CD4i_R2_D1_Stim48hr_NTC-425,NTC-425,CE0008162,Stim48hr,CD4i_R2,236.0,3207068.0
CD4i_R2_D1_Stim48hr_NTC-426,NTC-426,CE0008162,Stim48hr,CD4i_R2,46.0,785582.0
CD4i_R2_D1_Stim48hr_NTC-427,NTC-427,CE0008162,Stim48hr,CD4i_R2,19.0,238575.0
CD4i_R2_D1_Stim48hr_NTC-428,NTC-428,CE0008162,Stim48hr,CD4i_R2,59.0,908921.0
CD4i_R2_D1_Stim48hr_NTC-429,NTC-429,CE0008162,Stim48hr,CD4i_R2,21.0,327762.0
CD4i_R2_D1_Stim48hr_NTC-430,NTC-430,CE0008162,Stim48hr,CD4i_R2,121.0,1856012.0
CD4i_R2_D1_Stim48hr_NTC-431,NTC-431,CE0008162,Stim48hr,CD4i_R2,64.0,906256.0
CD4i_R2_D1_Stim48hr_NTC-432,NTC-432,CE0008162,Stim48hr,CD4i_R2,93.0,1268359.0
CD4i_R2_D1_Stim48hr_NTC-433,NTC-433,CE0008162,Stim48hr,CD4i_R2,24.0,266700.0
CD4i_R2_D1_Stim48hr_NTC-434,NTC-434,CE0008162,Stim48hr,CD4i_R2,11.0,120672.0
CD4i_R2_D1_Stim48hr_NTC-435,NTC-435,CE0008162,Stim48hr,CD4i_R2,45.0,673260.0
CD4i_R2_D1_Stim48hr_NTC-436,NTC-436,CE0008162,Stim48hr,CD4i_R2,332.0,5369514.0
CD4i_R2_D1_Stim48hr_NTC-437,NTC-437,CE0008162,Stim48hr,CD4i_R2,37.0,514271.0
CD4i_R2_D1_Stim48hr_NTC-438,NTC-438,CE0008162,Stim48hr,CD4i_R2,7.0,133344.0
CD4i_R2_D1_Stim48hr_NTC-439,NTC-439,CE0008162,Stim48hr,CD4i_R2,6.0,85443.0
CD4i_R2_D1_Stim48hr_NTC-440,NTC-440,CE0008162,Stim48hr,CD4i_R2,18.0,279301.0
CD4i_R2_D1_Stim48hr_NTC-441,NTC-441,CE0008162,Stim48hr,CD4i_R2,184.0,2821701.0
CD4i_R2_D1_Stim48hr_NTC-442,NTC-442,CE0008162,Stim48hr,CD4i_R2,41.0,603226.0
CD4i_R2_D1_Stim48hr_NTC-443,NTC-443,CE0008162,Stim48hr,CD4i_R2,81.0,1289031.0
CD4i_R2_D1_Stim48hr_NTC-444,NTC-444,CE0008162,Stim48hr,CD4i_R2,120.0,1638475.0
CD4i_R2_D1_Stim48hr_NTC-445,NTC-445,CE0008162,Stim48hr,CD4i_R2,91.0,1126865.0
CD4i_R2_D1_Stim48hr_NTC-446,NTC-446,CE0008162,Stim48hr,CD4i_R2,122.0,1576837.0
CD4i_R2_D1_Stim48hr_NTC-447,NTC-447,CE0008162,Stim48hr,CD4i_R2,34.0,446554.0
CD4i_R2_D1_Stim48hr_NTC-448,NTC-448,CE0008162,Stim48hr,CD4i_R2,17.0,192691.0
CD4i_R2_D1_Stim48hr_NTC-449,NTC-449,CE0008162,Stim48hr,CD4i_R2,61.0,765282.0
CD4i_R2_D1_Stim48hr_NTC-450,NTC-450,CE0008162,Stim48hr,CD4i_R2,67.0,1355056.0
CD4i_R2_D1_Stim48hr_NTC-452,NTC-452,CE0008162,Stim48hr,CD4i_R2,26.0,408532.0
CD4i_R2_D1_Stim48hr_NTC-453,NTC-453,CE0008162,Stim48hr,CD4i_R2,54.0,772841.0
CD4i_R2_D1_Stim48hr_NTC-454,NTC-454,CE0008162,Stim48hr,CD4i_R2,28.0,417418.0
CD4i_R2_D1_Stim48hr_NTC-455,NTC-455,CE0008162,Stim48hr,CD4i_R2,13.0,134124.0
CD4i_R2_D1_Stim48hr_NTC-456,NTC-456,CE0008162,Stim48hr,CD4i_R2,35.0,339224.0
CD4i_R2_D1_Stim48hr_NTC-457,NTC-457,CE0008162,Stim48hr,CD4i_R2,69.0,922609.0
CD4i_R2_D1_Stim48hr_NTC-458,NTC-458,CE0008162,Stim48hr,CD4i_R2,73.0,1076056.0
CD4i_R2_D1_Stim48hr_NTC-459,NTC-459,CE0008162,Stim48hr,CD4i_R2,41.0,718178.0
CD4i_R2_D1_Stim48hr_NTC-460,NTC-460,CE0008162,Stim48hr,CD4i_R2,186.0,2777220.0
CD4i_R2_D1_Stim48hr_NTC-461,NTC-461,CE0008162,Stim48hr,CD4i_R2,246.0,3689045.0
CD4i_R2_D1_Stim48hr_NTC-462,NTC-462,CE0008162,Stim48hr,CD4i_R2,147.0,2378436.0
CD4i_R2_D1_Stim48hr_NTC-463,NTC-463,CE0008162,Stim48hr,CD4i_R2,149.0,2042491.0
CD4i_R2_D1_Stim48hr_NTC-464,NTC-464,CE0008162,Stim48hr,CD4i_R2,9.0,139227.0
CD4i_R2_D1_Stim48hr_NTC-465,NTC-465,CE0008162,Stim48hr,CD4i_R2,92.0,1362318.0
CD4i_R2_D1_Stim48hr_NTC-466,NTC-466,CE0008162,Stim48hr,CD4i_R2,129.0,1673733.0
CD4i_R2_D1_Stim48hr_NTC-467,NTC-467,CE0008162,Stim48hr,CD4i_R2,97.0,1262997.0
CD4i_R2_D1_Stim48hr_NTC-468,NTC-468,CE0008162,Stim48hr,CD4i_R2,175.0,2619842.0
CD4i_R2_D1_Stim48hr_NTC-469,NTC-469,CE0008162,Stim48hr,CD4i_R2,20.0,178505.0
CD4i_R2_D1_Stim48hr_NTC-470,NTC-470,CE0008162,Stim48hr,CD4i_R2,16.0,209407.0
CD4i_R2_D1_Stim48hr_NTC-471,NTC-471,CE0008162,Stim48hr,CD4i_R2,181.0,2745157.0
CD4i_R2_D1_Stim48hr_NTC-473,NTC-473,CE0008162,Stim48hr,CD4i_R2,95.0,1476503.0
CD4i_R2_D1_Stim48hr_NTC-474,NTC-474,CE0008162,Stim48hr,CD4i_R2,26.0,358585.0
CD4i_R2_D1_Stim48hr_NTC-475,NTC-475,CE0008162,Stim48hr,CD4i_R2,64.0,869983.0
CD4i_R2_D1_Stim48hr_NTC-476,NTC-476,CE0008162,Stim48hr,CD4i_R2,19.0,306425.0
CD4i_R2_D1_Stim48hr_NTC-477,NTC-477,CE0008162,Stim48hr,CD4i_R2,75.0,1133433.0
CD4i_R2_D1_Stim48hr_NTC-478,NTC-478,CE0008162,Stim48hr,CD4i_R2,85.0,1224882.0
CD4i_R2_D1_Stim48hr_NTC-479,NTC-479,CE0008162,Stim48hr,CD4i_R2,159.0,2445381.0
CD4i_R2_D1_Stim48hr_NTC-482,NTC-482,CE0008162,Stim48hr,CD4i_R2,49.0,730309.0
CD4i_R2_D1_Stim48hr_NTC-483,NTC-483,CE0008162,Stim48hr,CD4i_R2,27.0,378985.0
CD4i_R2_D1_Stim48hr_NTC-484,NTC-484,CE0008162,Stim48hr,CD4i_R2,51.0,607888.0
CD4i_R2_D1_Stim48hr_NTC-485,NTC-485,CE0008162,Stim48hr,CD4i_R2,294.0,3726612.0
CD4i_R2_D1_Stim48hr_NTC-486,NTC-486,CE0008162,Stim48hr,CD4i_R2,74.0,1149016.0
CD4i_R2_D1_Stim48hr_NTC-488,NTC-488,CE0008162,Stim48hr,CD4i_R2,72.0,907329.0
CD4i_R2_D1_Stim48hr_NTC-489,NTC-489,CE0008162,Stim48hr,CD4i_R2,212.0,3269662.0
CD4i_R2_D1_Stim48hr_NTC-490,NTC-490,CE0008162,Stim48hr,CD4i_R2,9.0,145051.0
CD4i_R2_D1_Stim48hr_NTC-491,NTC-491,CE0008162,Stim48hr,CD4i_R2,9.0,157584.0
CD4i_R2_D1_Stim48hr_NTC-492,NTC-492,CE0008162,Stim48hr,CD4i_R2,45.0,646064.0
CD4i_R2_D1_Stim48hr_NTC-493,NTC-493,CE0008162,Stim48hr,CD4i_R2,74.0,966899.0
CD4i_R2_D1_Stim48hr_NTC-495,NTC-495,CE0008162,Stim48hr,CD4i_R2,109.0,1660916.0
CD4i_R2_D1_Stim48hr_NTC-496,NTC-496,CE0008162,Stim48hr,CD4i_R2,76.0,1289371.0
CD4i_R2_D1_Stim48hr_NTC-497,NTC-497,CE0008162,Stim48hr,CD4i_R2,62.0,721674.0
CD4i_R2_D1_Stim48hr_NTC-498,NTC-498,CE0008162,Stim48hr,CD4i_R2,323.0,4265816.0
CD4i_R2_D1_Stim48hr_NTC-499,NTC-499,CE0008162,Stim48hr,CD4i_R2,139.0,2179816.0
CD4i_R2_D1_Stim48hr_NTC-500,NTC-500,CE0008162,Stim48hr,CD4i_R2,22.0,287795.0
CD4i_R2_D1_Stim48hr_NTC-501,NTC-501,CE0008162,Stim48hr,CD4i_R2,6.0,89802.0
CD4i_R2_D1_Stim48hr_NTC-502,NTC-502,CE0008162,Stim48hr,CD4i_R2,48.0,552582.0
CD4i_R2_D1_Stim48hr_NTC-503,NTC-503,CE0008162,Stim48hr,CD4i_R2,75.0,1071043.0
CD4i_R2_D1_Stim48hr_NTC-504,NTC-504,CE0008162,Stim48hr,CD4i_R2,94.0,1386899.0
CD4i_R2_D1_Stim48hr_NTC-505,NTC-505,CE0008162,Stim48hr,CD4i_R2,44.0,735417.0
CD4i_R2_D1_Stim48hr_NTC-506,NTC-506,CE0008162,Stim48hr,CD4i_R2,175.0,2808659.0
CD4i_R2_D1_Stim48hr_NTC-507,NTC-507,CE0008162,Stim48hr,CD4i_R2,111.0,1679795.0
CD4i_R2_D1_Stim48hr_NTC-508,NTC-508,CE0008162,Stim48hr,CD4i_R2,38.0,603887.0
CD4i_R2_D1_Stim48hr_NTC-509,NTC-509,CE0008162,Stim48hr,CD4i_R2,66.0,830868.0
CD4i_R2_D1_Stim48hr_NTC-510,NTC-510,CE0008162,Stim48hr,CD4i_R2,10.0,140464.0
CD4i_R2_D1_Stim48hr_NTC-511,NTC-511,CE0008162,Stim48hr,CD4i_R2,77.0,1398809.0
CD4i_R2_D1_Stim48hr_NTC-512,NTC-512,CE0008162,Stim48hr,CD4i_R2,121.0,1756956.0
CD4i_R2_D1_Stim48hr_NTC-513,NTC-513,CE0008162,Stim48hr,CD4i_R2,98.0,1201363.0
CD4i_R2_D1_Stim48hr_NTC-514,NTC-514,CE0008162,Stim48hr,CD4i_R2,31.0,421920.0
CD4i_R2_D1_Stim48hr_NTC-515,NTC-515,CE0008162,Stim48hr,CD4i_R2,45.0,745640.0
CD4i_R2_D1_Stim48hr_NTC-516,NTC-516,CE0008162,Stim48hr,CD4i_R2,7.0,134140.0
CD4i_R2_D1_Stim48hr_NTC-517,NTC-517,CE0008162,Stim48hr,CD4i_R2,114.0,1914295.0
CD4i_R2_D1_Stim48hr_NTC-518,NTC-518,CE0008162,Stim48hr,CD4i_R2,41.0,681535.0
CD4i_R2_D1_Stim48hr_NTC-519,NTC-519,CE0008162,Stim48hr,CD4i_R2,27.0,357052.0
CD4i_R2_D1_Stim48hr_NTC-520,NTC-520,CE0008162,Stim48hr,CD4i_R2,68.0,1131426.0
CD4i_R2_D1_Stim48hr_NTC-521,NTC-521,CE0008162,Stim48hr,CD4i_R2,114.0,1633709.0
CD4i_R2_D1_Stim48hr_NTC-522,NTC-522,CE0008162,Stim48hr,CD4i_R2,38.0,583941.0
CD4i_R2_D1_Stim48hr_NTC-523,NTC-523,CE0008162,Stim48hr,CD4i_R2,110.0,1681986.0
CD4i_R2_D1_Stim48hr_NTC-524,NTC-524,CE0008162,Stim48hr,CD4i_R2,41.0,516272.0
CD4i_R2_D1_Stim48hr_NTC-525,NTC-525,CE0008162,Stim48hr,CD4i_R2,59.0,620135.0
CD4i_R2_D1_Stim48hr_NTC-526,NTC-526,CE0008162,Stim48hr,CD4i_R2,74.0,1131608.0
CD4i_R2_D1_Stim48hr_NTC-527,NTC-527,CE0008162,Stim48hr,CD4i_R2,30.0,379963.0
CD4i_R2_D1_Stim48hr_NTC-528,NTC-528,CE0008162,Stim48hr,CD4i_R2,120.0,1864958.0
CD4i_R2_D1_Stim48hr_NTC-529,NTC-529,CE0008162,Stim48hr,CD4i_R2,81.0,1170673.0
CD4i_R2_D1_Stim48hr_NTC-530,NTC-530,CE0008162,Stim48hr,CD4i_R2,119.0,1666161.0
CD4i_R2_D1_Stim48hr_NTC-531,NTC-531,CE0008162,Stim48hr,CD4i_R2,24.0,342672.0
CD4i_R2_D1_Stim48hr_NTC-532,NTC-532,CE0008162,Stim48hr,CD4i_R2,65.0,905251.0
CD4i_R2_D1_Stim48hr_NTC-533,NTC-533,CE0008162,Stim48hr,CD4i_R2,56.0,949491.0
CD4i_R2_D1_Stim48hr_NTC-534,NTC-534,CE0008162,Stim48hr,CD4i_R2,8.0,70921.0
CD4i_R2_D1_Stim48hr_NTC-535,NTC-535,CE0008162,Stim48hr,CD4i_R2,38.0,430604.0
CD4i_R2_D1_Stim48hr_NTC-536,NTC-536,CE0008162,Stim48hr,CD4i_R2,37.0,432022.0
CD4i_R2_D1_Stim48hr_NTC-537,NTC-537,CE0008162,Stim48hr,CD4i_R2,64.0,897850.0
CD4i_R2_D1_Stim48hr_NTC-538,NTC-538,CE0008162,Stim48hr,CD4i_R2,157.0,2167400.0
CD4i_R2_D1_Stim48hr_NTC-539,NTC-539,CE0008162,Stim48hr,CD4i_R2,128.0,1492859.0
CD4i_R2_D1_Stim48hr_NTC-540,NTC-540,CE0008162,Stim48hr,CD4i_R2,31.0,418814.0
CD4i_R2_D1_Stim48hr_NTC-541,NTC-541,CE0008162,Stim48hr,CD4i_R2,73.0,1170409.0
CD4i_R2_D1_Stim48hr_NTC-542,NTC-542,CE0008162,Stim48hr,CD4i_R2,238.0,3773323.0
CD4i_R2_D1_Stim48hr_NTC-543,NTC-543,CE0008162,Stim48hr,CD4i_R2,7.0,64440.0
CD4i_R2_D1_Stim48hr_NTC-544,NTC-544,CE0008162,Stim48hr,CD4i_R2,26.0,311549.0
CD4i_R2_D1_Stim48hr_NTC-545,NTC-545,CE0008162,Stim48hr,CD4i_R2,152.0,2014876.0
CD4i_R2_D1_Stim48hr_NTC-546,NTC-546,CE0008162,Stim48hr,CD4i_R2,108.0,1415407.0
CD4i_R2_D1_Stim48hr_NTC-547,NTC-547,CE0008162,Stim48hr,CD4i_R2,52.0,754332.0
CD4i_R2_D1_Stim48hr_NTC-548,NTC-548,CE0008162,Stim48hr,CD4i_R2,76.0,1138789.0
CD4i_R2_D1_Stim48hr_NTC-549,NTC-549,CE0008162,Stim48hr,CD4i_R2,219.0,3303826.0
CD4i_R2_D1_Stim48hr_NTC-550,NTC-550,CE0008162,Stim48hr,CD4i_R2,114.0,1804991.0
CD4i_R2_D1_Stim48hr_NTC-551,NTC-551,CE0008162,Stim48hr,CD4i_R2,60.0,836578.0
CD4i_R2_D1_Stim48hr_NTC-552,NTC-552,CE0008162,Stim48hr,CD4i_R2,52.0,760330.0
CD4i_R2_D1_Stim48hr_NTC-553,NTC-553,CE0008162,Stim48hr,CD4i_R2,66.0,881022.0
CD4i_R2_D1_Stim48hr_NTC-554,NTC-554,CE0008162,Stim48hr,CD4i_R2,227.0,3313062.0
CD4i_R2_D1_Stim48hr_NTC-555,NTC-555,CE0008162,Stim48hr,CD4i_R2,55.0,783817.0
CD4i_R2_D1_Stim48hr_NTC-556,NTC-556,CE0008162,Stim48hr,CD4i_R2,23.0,442480.0
CD4i_R2_D1_Stim48hr_NTC-557,NTC-557,CE0008162,Stim48hr,CD4i_R2,65.0,900742.0
CD4i_R2_D1_Stim48hr_NTC-558,NTC-558,CE0008162,Stim48hr,CD4i_R2,15.0,246114.0
CD4i_R2_D1_Stim48hr_NTC-559,NTC-559,CE0008162,Stim48hr,CD4i_R2,18.0,236749.0
CD4i_R2_D1_Stim48hr_NTC-560,NTC-560,CE0008162,Stim48hr,CD4i_R2,72.0,954541.0
CD4i_R2_D1_Stim48hr_NTC-561,NTC-561,CE0008162,Stim48hr,CD4i_R2,73.0,1011637.0
CD4i_R2_D1_Stim48hr_NTC-562,NTC-562,CE0008162,Stim48hr,CD4i_R2,12.0,211137.0
CD4i_R2_D1_Stim48hr_NTC-563,NTC-563,CE0008162,Stim48hr,CD4i_R2,143.0,2157012.0
CD4i_R2_D1_Stim48hr_NTC-564,NTC-564,CE0008162,Stim48hr,CD4i_R2,67.0,951421.0
CD4i_R2_D1_Stim48hr_NTC-565,NTC-565,CE0008162,Stim48hr,CD4i_R2,96.0,1360748.0
CD4i_R2_D1_Stim48hr_NTC-566,NTC-566,CE0008162,Stim48hr,CD4i_R2,59.0,777415.0
CD4i_R2_D1_Stim48hr_NTC-567,NTC-567,CE0008162,Stim48hr,CD4i_R2,121.0,1830029.0
CD4i_R2_D1_Stim48hr_NTC-568,NTC-568,CE0008162,Stim48hr,CD4i_R2,20.0,287976.0
CD4i_R2_D1_Stim48hr_NTC-569,NTC-569,CE0008162,Stim48hr,CD4i_R2,10.0,173249.0
CD4i_R2_D1_Stim48hr_NTC-570,NTC-570,CE0008162,Stim48hr,CD4i_R2,16.0,268458.0
CD4i_R2_D1_Stim48hr_NTC-571,NTC-571,CE0008162,Stim48hr,CD4i_R2,36.0,380113.0
CD4i_R2_D1_Stim48hr_NTC-572,NTC-572,CE0008162,Stim48hr,CD4i_R2,24.0,334427.0
CD4i_R2_D1_Stim48hr_NTC-573,NTC-573,CE0008162,Stim48hr,CD4i_R2,159.0,2022219.0
CD4i_R2_D1_Stim48hr_NTC-574,NTC-574,CE0008162,Stim48hr,CD4i_R2,279.0,4548332.0
CD4i_R2_D1_Stim48hr_NTC-575,NTC-575,CE0008162,Stim48hr,CD4i_R2,49.0,707239.0
CD4i_R2_D1_Stim48hr_NTC-576,NTC-576,CE0008162,Stim48hr,CD4i_R2,6.0,90621.0
CD4i_R2_D1_Stim48hr_NTC-577,NTC-577,CE0008162,Stim48hr,CD4i_R2,121.0,1681695.0
CD4i_R2_D1_Stim48hr_NTC-578,NTC-578,CE0008162,Stim48hr,CD4i_R2,173.0,2731004.0
CD4i_R2_D1_Stim48hr_NTC-579,NTC-579,CE0008162,Stim48hr,CD4i_R2,37.0,594051.0
CD4i_R2_D1_Stim48hr_NTC-580,NTC-580,CE0008162,Stim48hr,CD4i_R2,48.0,615068.0
CD4i_R2_D1_Stim48hr_NTC-581,NTC-581,CE0008162,Stim48hr,CD4i_R2,276.0,4227842.0
CD4i_R2_D1_Stim48hr_NTC-582,NTC-582,CE0008162,Stim48hr,CD4i_R2,109.0,1692222.0
CD4i_R2_D1_Stim48hr_NTC-583,NTC-583,CE0008162,Stim48hr,CD4i_R2,51.0,776782.0
CD4i_R2_D1_Stim48hr_NTC-584,NTC-584,CE0008162,Stim48hr,CD4i_R2,341.0,4755505.0
CD4i_R2_D1_Stim48hr_NTC-585,NTC-585,CE0008162,Stim48hr,CD4i_R2,16.0,245301.0
CD4i_R2_D1_Stim48hr_NTC-586,NTC-586,CE0008162,Stim48hr,CD4i_R2,59.0,953729.0
CD4i_R2_D1_Stim48hr_NTC-587,NTC-587,CE0008162,Stim48hr,CD4i_R2,153.0,2267752.0
CD4i_R2_D1_Stim48hr_NTC-588,NTC-588,CE0008162,Stim48hr,CD4i_R2,126.0,1875846.0
CD4i_R2_D1_Stim48hr_NTC-589,NTC-589,CE0008162,Stim48hr,CD4i_R2,58.0,819233.0
CD4i_R2_D1_Stim48hr_NTC-590,NTC-590,CE0008162,Stim48hr,CD4i_R2,44.0,659420.0
CD4i_R2_D1_Stim48hr_NTC-591,NTC-591,CE0008162,Stim48hr,CD4i_R2,24.0,360366.0
CD4i_R2_D1_Stim48hr_NTC-592,NTC-592,CE0008162,Stim48hr,CD4i_R2,15.0,162551.0
CD4i_R2_D1_Stim48hr_NTC-593,NTC-593,CE0008162,Stim48hr,CD4i_R2,147.0,2018444.0
CD4i_R2_D1_Stim48hr_NTC-594,NTC-594,CE0008162,Stim48hr,CD4i_R2,29.0,403008.0
CD4i_R2_D1_Stim48hr_NTC-595,NTC-595,CE0008162,Stim48hr,CD4i_R2,49.0,563293.0
CD4i_R2_D1_Stim48hr_NTC-596,NTC-596,CE0008162,Stim48hr,CD4i_R2,49.0,809520.0
CD4i_R2_D1_Stim48hr_NTC-597,NTC-597,CE0008162,Stim48hr,CD4i_R2,66.0,793979.0
CD4i_R2_D1_Stim48hr_NTC-598,NTC-598,CE0008162,Stim48hr,CD4i_R2,68.0,1157448.0
CD4i_R2_D1_Stim48hr_NTC-599,NTC-599,CE0008162,Stim48hr,CD4i_R2,48.0,645039.0
CD4i_R2_D1_Stim48hr_NTC-601,NTC-601,CE0008162,Stim48hr,CD4i_R2,91.0,1334631.0
CD4i_R2_D1_Stim48hr_NTC-602,NTC-602,CE0008162,Stim48hr,CD4i_R2,68.0,1267459.0
CD4i_R2_D1_Stim48hr_NTC-603,NTC-603,CE0008162,Stim48hr,CD4i_R2,77.0,1271258.0
CD4i_R2_D1_Stim48hr_NTC-604,NTC-604,CE0008162,Stim48hr,CD4i_R2,31.0,457970.0
CD4i_R2_D1_Stim48hr_NTC-605,NTC-605,CE0008162,Stim48hr,CD4i_R2,144.0,2079730.0
CD4i_R2_D1_Stim48hr_NTC-606,NTC-606,CE0008162,Stim48hr,CD4i_R2,116.0,1734300.0
CD4i_R2_D1_Stim48hr_NTC-607,NTC-607,CE0008162,Stim48hr,CD4i_R2,24.0,388331.0
CD4i_R2_D1_Stim48hr_NTC-608,NTC-608,CE0008162,Stim48hr,CD4i_R2,68.0,1146369.0
CD4i_R2_D1_Stim48hr_NTC-609,NTC-609,CE0008162,Stim48hr,CD4i_R2,23.0,375203.0
CD4i_R2_D1_Stim48hr_NTC-610,NTC-610,CE0008162,Stim48hr,CD4i_R2,162.0,2041290.0
CD4i_R2_D1_Stim48hr_NTC-611,NTC-611,CE0008162,Stim48hr,CD4i_R2,98.0,1541384.0
CD4i_R2_D1_Stim48hr_NTC-612,NTC-612,CE0008162,Stim48hr,CD4i_R2,91.0,1536484.0
CD4i_R2_D1_Stim48hr_NTC-613,NTC-613,CE0008162,Stim48hr,CD4i_R2,31.0,493517.0
CD4i_R2_D1_Stim48hr_NTC-614,NTC-614,CE0008162,Stim48hr,CD4i_R2,54.0,755584.0
CD4i_R2_D1_Stim48hr_NTC-615,NTC-615,CE0008162,Stim48hr,CD4i_R2,61.0,1028193.0
CD4i_R2_D1_Stim48hr_NTC-616,NTC-616,CE0008162,Stim48hr,CD4i_R2,106.0,1631147.0
CD4i_R2_D1_Stim48hr_NTC-617,NTC-617,CE0008162,Stim48hr,CD4i_R2,27.0,433130.0
CD4i_R2_D1_Stim48hr_NTC-618,NTC-618,CE0008162,Stim48hr,CD4i_R2,89.0,1362008.0
CD4i_R2_D1_Stim48hr_NTC-619,NTC-619,CE0008162,Stim48hr,CD4i_R2,148.0,2134046.0
CD4i_R2_D1_Stim48hr_NTC-620,NTC-620,CE0008162,Stim48hr,CD4i_R2,48.0,635608.0
CD4i_R2_D1_Stim48hr_NTC-621,NTC-621,CE0008162,Stim48hr,CD4i_R2,36.0,573555.0
CD4i_R2_D1_Stim48hr_NTC-622,NTC-622,CE0008162,Stim48hr,CD4i_R2,151.0,1944395.0
CD4i_R2_D1_Stim48hr_NTC-623,NTC-623,CE0008162,Stim48hr,CD4i_R2,258.0,3787013.0
CD4i_R2_D1_Stim48hr_NTC-624,NTC-624,CE0008162,Stim48hr,CD4i_R2,48.0,702827.0
CD4i_R2_D1_Stim48hr_NTC-625,NTC-625,CE0008162,Stim48hr,CD4i_R2,237.0,3223383.0
CD4i_R2_D1_Stim48hr_NTC-626,NTC-626,CE0008162,Stim48hr,CD4i_R2,125.0,1778365.0
CD4i_R2_D1_Stim48hr_NTC-627,NTC-627,CE0008162,Stim48hr,CD4i_R2,47.0,668309.0
CD4i_R2_D1_Stim48hr_NTC-628,NTC-628,CE0008162,Stim48hr,CD4i_R2,12.0,171410.0
CD4i_R2_D1_Stim48hr_NTC-629,NTC-629,CE0008162,Stim48hr,CD4i_R2,298.0,5036506.0
CD4i_R2_D1_Stim48hr_NTC-630,NTC-630,CE0008162,Stim48hr,CD4i_R2,68.0,1080411.0
CD4i_R2_D1_Stim48hr_NTC-631,NTC-631,CE0008162,Stim48hr,CD4i_R2,31.0,460361.0
CD4i_R2_D1_Stim48hr_NTC-632,NTC-632,CE0008162,Stim48hr,CD4i_R2,78.0,879028.0
CD4i_R2_D1_Stim48hr_NTC-633,NTC-633,CE0008162,Stim48hr,CD4i_R2,111.0,1534523.0
CD4i_R2_D1_Stim48hr_NTC-634,NTC-634,CE0008162,Stim48hr,CD4i_R2,199.0,2741061.0
CD4i_R2_D1_Stim48hr_NTC-635,NTC-635,CE0008162,Stim48hr,CD4i_R2,77.0,1199640.0
CD4i_R2_D1_Stim48hr_NTC-636,NTC-636,CE0008162,Stim48hr,CD4i_R2,13.0,198805.0
CD4i_R2_D1_Stim48hr_NTC-637,NTC-637,CE0008162,Stim48hr,CD4i_R2,49.0,719889.0
CD4i_R2_D1_Stim48hr_NTC-638,NTC-638,CE0008162,Stim48hr,CD4i_R2,229.0,3189324.0
CD4i_R2_D1_Stim48hr_NTC-639,NTC-639,CE0008162,Stim48hr,CD4i_R2,61.0,916939.0
CD4i_R2_D1_Stim48hr_NTC-640,NTC-640,CE0008162,Stim48hr,CD4i_R2,106.0,1423841.0
CD4i_R2_D1_Stim48hr_NTC-641,NTC-641,CE0008162,Stim48hr,CD4i_R2,149.0,1945252.0
CD4i_R2_D1_Stim48hr_NTC-642,NTC-642,CE0008162,Stim48hr,CD4i_R2,120.0,1535192.0
CD4i_R2_D1_Stim48hr_NTC-643,NTC-643,CE0008162,Stim48hr,CD4i_R2,35.0,559358.0
CD4i_R2_D1_Stim48hr_NTC-644,NTC-644,CE0008162,Stim48hr,CD4i_R2,88.0,1279568.0
CD4i_R2_D1_Stim48hr_NTC-646,NTC-646,CE0008162,Stim48hr,CD4i_R2,28.0,441485.0
CD4i_R2_D1_Stim48hr_NTC-647,NTC-647,CE0008162,Stim48hr,CD4i_R2,6.0,75334.0
CD4i_R2_D1_Stim48hr_NTC-648,NTC-648,CE0008162,Stim48hr,CD4i_R2,10.0,133164.0
CD4i_R2_D1_Stim48hr_NTC-649,NTC-649,CE0008162,Stim48hr,CD4i_R2,32.0,466732.0
CD4i_R2_D1_Stim48hr_NTC-650,NTC-650,CE0008162,Stim48hr,CD4i_R2,77.0,942246.0
CD4i_R2_D1_Stim48hr_NTC-651,NTC-651,CE0008162,Stim48hr,CD4i_R2,11.0,180189.0
CD4i_R2_D1_Stim48hr_NTC-652,NTC-652,CE0008162,Stim48hr,CD4i_R2,61.0,865871.0
CD4i_R2_D1_Stim48hr_NTC-653,NTC-653,CE0008162,Stim48hr,CD4i_R2,35.0,469529.0
CD4i_R2_D1_Stim48hr_NTC-654,NTC-654,CE0008162,Stim48hr,CD4i_R2,148.0,1861005.0
CD4i_R2_D1_Stim48hr_NTC-655,NTC-655,CE0008162,Stim48hr,CD4i_R2,31.0,480511.0
CD4i_R2_D1_Stim48hr_NTC-656,NTC-656,CE0008162,Stim48hr,CD4i_R2,20.0,380995.0
CD4i_R2_D1_Stim48hr_NTC-657,NTC-657,CE0008162,Stim48hr,CD4i_R2,5.0,73101.0
CD4i_R2_D1_Stim48hr_NTC-658,NTC-658,CE0008162,Stim48hr,CD4i_R2,32.0,447295.0
CD4i_R2_D1_Stim48hr_NTC-659,NTC-659,CE0008162,Stim48hr,CD4i_R2,22.0,355616.0
CD4i_R2_D1_Stim48hr_NTC-660,NTC-660,CE0008162,Stim48hr,CD4i_R2,11.0,193870.0
CD4i_R2_D1_Stim48hr_NTC-661,NTC-661,CE0008162,Stim48hr,CD4i_R2,31.0,454523.0
CD4i_R2_D1_Stim48hr_NTC-663,NTC-663,CE0008162,Stim48hr,CD4i_R2,70.0,984881.0
CD4i_R2_D1_Stim48hr_NTC-664,NTC-664,CE0008162,Stim48hr,CD4i_R2,13.0,150459.0
CD4i_R2_D1_Stim48hr_NTC-665,NTC-665,CE0008162,Stim48hr,CD4i_R2,66.0,951210.0
CD4i_R2_D1_Stim48hr_NTC-666,NTC-666,CE0008162,Stim48hr,CD4i_R2,92.0,1410508.0
CD4i_R2_D1_Stim48hr_NTC-667,NTC-667,CE0008162,Stim48hr,CD4i_R2,138.0,1695298.0
CD4i_R2_D1_Stim48hr_NTC-668,NTC-668,CE0008162,Stim48hr,CD4i_R2,42.0,631289.0
CD4i_R2_D1_Stim48hr_NTC-669,NTC-669,CE0008162,Stim48hr,CD4i_R2,24.0,349211.0
CD4i_R2_D1_Stim48hr_NTC-671,NTC-671,CE0008162,Stim48hr,CD4i_R2,19.0,335141.0
CD4i_R2_D1_Stim48hr_NTC-672,NTC-672,CE0008162,Stim48hr,CD4i_R2,49.0,645494.0
CD4i_R2_D1_Stim48hr_NTC-673,NTC-673,CE0008162,Stim48hr,CD4i_R2,104.0,1799508.0
CD4i_R2_D1_Stim48hr_NTC-674,NTC-674,CE0008162,Stim48hr,CD4i_R2,40.0,563514.0
CD4i_R2_D1_Stim48hr_NTC-676,NTC-676,CE0008162,Stim48hr,CD4i_R2,197.0,2951067.0
CD4i_R2_D1_Stim48hr_NTC-677,NTC-677,CE0008162,Stim48hr,CD4i_R2,53.0,700244.0
CD4i_R2_D1_Stim48hr_NTC-678,NTC-678,CE0008162,Stim48hr,CD4i_R2,25.0,380518.0
CD4i_R2_D1_Stim48hr_NTC-679,NTC-679,CE0008162,Stim48hr,CD4i_R2,164.0,2424345.0
CD4i_R2_D1_Stim48hr_NTC-680,NTC-680,CE0008162,Stim48hr,CD4i_R2,78.0,1179903.0
CD4i_R2_D1_Stim48hr_NTC-681,NTC-681,CE0008162,Stim48hr,CD4i_R2,5.0,98674.0
CD4i_R2_D1_Stim48hr_NTC-682,NTC-682,CE0008162,Stim48hr,CD4i_R2,59.0,1061284.0
CD4i_R2_D1_Stim48hr_NTC-683,NTC-683,CE0008162,Stim48hr,CD4i_R2,32.0,485983.0
CD4i_R2_D1_Stim48hr_NTC-684,NTC-684,CE0008162,Stim48hr,CD4i_R2,241.0,3764255.0
CD4i_R2_D1_Stim48hr_NTC-685,NTC-685,CE0008162,Stim48hr,CD4i_R2,17.0,378921.0
CD4i_R2_D1_Stim48hr_NTC-686,NTC-686,CE0008162,Stim48hr,CD4i_R2,14.0,200852.0
CD4i_R2_D1_Stim48hr_NTC-687,NTC-687,CE0008162,Stim48hr,CD4i_R2,51.0,648629.0
CD4i_R2_D1_Stim48hr_NTC-688,NTC-688,CE0008162,Stim48hr,CD4i_R2,18.0,259034.0
CD4i_R2_D1_Stim48hr_NTC-689,NTC-689,CE0008162,Stim48hr,CD4i_R2,90.0,1532280.0
CD4i_R2_D1_Stim48hr_NTC-690,NTC-690,CE0008162,Stim48hr,CD4i_R2,55.0,844537.0
CD4i_R2_D1_Stim48hr_NTC-691,NTC-691,CE0008162,Stim48hr,CD4i_R2,39.0,713857.0
CD4i_R2_D1_Stim48hr_NTC-692,NTC-692,CE0008162,Stim48hr,CD4i_R2,143.0,1859127.0
CD4i_R2_D1_Stim48hr_NTC-693,NTC-693,CE0008162,Stim48hr,CD4i_R2,79.0,1181556.0
CD4i_R2_D1_Stim48hr_NTC-694,NTC-694,CE0008162,Stim48hr,CD4i_R2,38.0,540206.0
CD4i_R2_D1_Stim48hr_NTC-695,NTC-695,CE0008162,Stim48hr,CD4i_R2,110.0,1565375.0
CD4i_R2_D1_Stim48hr_NTC-696,NTC-696,CE0008162,Stim48hr,CD4i_R2,240.0,3387565.0
CD4i_R2_D1_Stim48hr_NTC-697,NTC-697,CE0008162,Stim48hr,CD4i_R2,10.0,166898.0
CD4i_R2_D1_Stim48hr_NTC-698,NTC-698,CE0008162,Stim48hr,CD4i_R2,59.0,696148.0
CD4i_R2_D1_Stim48hr_NTC-699,NTC-699,CE0008162,Stim48hr,CD4i_R2,127.0,1933293.0
CD4i_R2_D1_Stim48hr_NTC-700,NTC-700,CE0008162,Stim48hr,CD4i_R2,16.0,228675.0
CD4i_R2_D1_Stim48hr_NTC-701,NTC-701,CE0008162,Stim48hr,CD4i_R2,200.0,2252423.0
CD4i_R2_D1_Stim48hr_NTC-702,NTC-702,CE0008162,Stim48hr,CD4i_R2,34.0,516862.0
CD4i_R2_D1_Stim48hr_NTC-703,NTC-703,CE0008162,Stim48hr,CD4i_R2,120.0,1676702.0
CD4i_R2_D1_Stim48hr_NTC-704,NTC-704,CE0008162,Stim48hr,CD4i_R2,92.0,1267292.0
CD4i_R2_D1_Stim48hr_NTC-706,NTC-706,CE0008162,Stim48hr,CD4i_R2,64.0,861457.0
CD4i_R2_D1_Stim48hr_NTC-707,NTC-707,CE0008162,Stim48hr,CD4i_R2,54.0,979840.0
CD4i_R2_D1_Stim48hr_NTC-708,NTC-708,CE0008162,Stim48hr,CD4i_R2,85.0,1285461.0
CD4i_R2_D1_Stim48hr_NTC-709,NTC-709,CE0008162,Stim48hr,CD4i_R2,109.0,1507386.0
CD4i_R2_D1_Stim48hr_NTC-711,NTC-711,CE0008162,Stim48hr,CD4i_R2,92.0,1273181.0
CD4i_R2_D1_Stim48hr_NTC-712,NTC-712,CE0008162,Stim48hr,CD4i_R2,30.0,433545.0
CD4i_R2_D1_Stim48hr_NTC-713,NTC-713,CE0008162,Stim48hr,CD4i_R2,118.0,1607160.0
CD4i_R2_D1_Stim48hr_NTC-714,NTC-714,CE0008162,Stim48hr,CD4i_R2,27.0,402126.0
CD4i_R2_D1_Stim48hr_NTC-715,NTC-715,CE0008162,Stim48hr,CD4i_R2,132.0,2124878.0
CD4i_R2_D1_Stim48hr_NTC-716,NTC-716,CE0008162,Stim48hr,CD4i_R2,90.0,1305048.0
CD4i_R2_D1_Stim48hr_NTC-717,NTC-717,CE0008162,Stim48hr,CD4i_R2,64.0,863096.0
CD4i_R2_D1_Stim48hr_NTC-718,NTC-718,CE0008162,Stim48hr,CD4i_R2,138.0,1997851.0
CD4i_R2_D1_Stim48hr_NTC-719,NTC-719,CE0008162,Stim48hr,CD4i_R2,47.0,723862.0
CD4i_R2_D1_Stim48hr_NTC-720,NTC-720,CE0008162,Stim48hr,CD4i_R2,158.0,2143268.0
CD4i_R2_D1_Stim48hr_NTC-721,NTC-721,CE0008162,Stim48hr,CD4i_R2,109.0,1652869.0
CD4i_R2_D1_Stim48hr_NTC-722,NTC-722,CE0008162,Stim48hr,CD4i_R2,83.0,1311071.0
CD4i_R2_D1_Stim48hr_NTC-723,NTC-723,CE0008162,Stim48hr,CD4i_R2,179.0,2602736.0
CD4i_R2_D1_Stim48hr_NTC-724,NTC-724,CE0008162,Stim48hr,CD4i_R2,84.0,1381014.0
CD4i_R2_D1_Stim48hr_NTC-725,NTC-725,CE0008162,Stim48hr,CD4i_R2,173.0,2643895.0
CD4i_R2_D1_Stim48hr_NTC-726,NTC-726,CE0008162,Stim48hr,CD4i_R2,7.0,118548.0
CD4i_R2_D1_Stim48hr_NTC-727,NTC-727,CE0008162,Stim48hr,CD4i_R2,75.0,1189538.0
CD4i_R2_D1_Stim48hr_NTC-728,NTC-728,CE0008162,Stim48hr,CD4i_R2,58.0,899150.0
CD4i_R2_D1_Stim48hr_NTC-729,NTC-729,CE0008162,Stim48hr,CD4i_R2,20.0,270198.0
CD4i_R2_D1_Stim48hr_NTC-730,NTC-730,CE0008162,Stim48hr,CD4i_R2,38.0,538440.0
CD4i_R2_D1_Stim48hr_NTC-731,NTC-731,CE0008162,Stim48hr,CD4i_R2,88.0,1137873.0
CD4i_R2_D1_Stim48hr_NTC-732,NTC-732,CE0008162,Stim48hr,CD4i_R2,138.0,1910586.0
CD4i_R2_D1_Stim48hr_NTC-733,NTC-733,CE0008162,Stim48hr,CD4i_R2,21.0,285492.0
CD4i_R2_D1_Stim48hr_NTC-734,NTC-734,CE0008162,Stim48hr,CD4i_R2,193.0,3220758.0
CD4i_R2_D1_Stim48hr_NTC-735,NTC-735,CE0008162,Stim48hr,CD4i_R2,22.0,298192.0
CD4i_R2_D1_Stim48hr_NTC-736,NTC-736,CE0008162,Stim48hr,CD4i_R2,119.0,1953646.0
CD4i_R2_D1_Stim48hr_NTC-737,NTC-737,CE0008162,Stim48hr,CD4i_R2,61.0,1008010.0
CD4i_R2_D1_Stim48hr_NTC-738,NTC-738,CE0008162,Stim48hr,CD4i_R2,79.0,1176668.0
CD4i_R2_D1_Stim48hr_NTC-739,NTC-739,CE0008162,Stim48hr,CD4i_R2,56.0,915306.0
CD4i_R2_D1_Stim48hr_NTC-741,NTC-741,CE0008162,Stim48hr,CD4i_R2,52.0,817894.0
CD4i_R2_D1_Stim48hr_NTC-742,NTC-742,CE0008162,Stim48hr,CD4i_R2,7.0,150832.0
CD4i_R2_D1_Stim48hr_NTC-743,NTC-743,CE0008162,Stim48hr,CD4i_R2,113.0,1372180.0
CD4i_R2_D1_Stim48hr_NTC-744,NTC-744,CE0008162,Stim48hr,CD4i_R2,111.0,1471095.0
CD4i_R2_D1_Stim48hr_NTC-746,NTC-746,CE0008162,Stim48hr,CD4i_R2,58.0,876188.0
CD4i_R2_D1_Stim48hr_NTC-747,NTC-747,CE0008162,Stim48hr,CD4i_R2,157.0,2439348.0
CD4i_R2_D1_Stim48hr_NTC-748,NTC-748,CE0008162,Stim48hr,CD4i_R2,96.0,1449287.0
CD4i_R2_D1_Stim48hr_NTC-749,NTC-749,CE0008162,Stim48hr,CD4i_R2,75.0,920778.0
CD4i_R2_D1_Stim48hr_NTC-750,NTC-750,CE0008162,Stim48hr,CD4i_R2,189.0,2537300.0
CD4i_R2_D1_Stim48hr_NTC-751,NTC-751,CE0008162,Stim48hr,CD4i_R2,41.0,549256.0
CD4i_R2_D1_Stim48hr_NTC-752,NTC-752,CE0008162,Stim48hr,CD4i_R2,141.0,1952385.0
CD4i_R2_D1_Stim48hr_NTC-753,NTC-753,CE0008162,Stim48hr,CD4i_R2,103.0,1425567.0
CD4i_R2_D1_Stim48hr_NTC-754,NTC-754,CE0008162,Stim48hr,CD4i_R2,57.0,794244.0
CD4i_R2_D1_Stim48hr_NTC-755,NTC-755,CE0008162,Stim48hr,CD4i_R2,62.0,933322.0
CD4i_R2_D1_Stim48hr_NTC-756,NTC-756,CE0008162,Stim48hr,CD4i_R2,69.0,1020035.0
CD4i_R2_D1_Stim48hr_NTC-757,NTC-757,CE0008162,Stim48hr,CD4i_R2,30.0,413235.0
CD4i_R2_D1_Stim48hr_NTC-758,NTC-758,CE0008162,Stim48hr,CD4i_R2,44.0,699730.0
CD4i_R2_D1_Stim48hr_NTC-759,NTC-759,CE0008162,Stim48hr,CD4i_R2,232.0,3340995.0
CD4i_R2_D1_Stim48hr_NTC-760,NTC-760,CE0008162,Stim48hr,CD4i_R2,139.0,1987868.0
CD4i_R2_D1_Stim48hr_NTC-761,NTC-761,CE0008162,Stim48hr,CD4i_R2,52.0,800278.0
CD4i_R2_D1_Stim48hr_NTC-762,NTC-762,CE0008162,Stim48hr,CD4i_R2,55.0,868491.0
CD4i_R2_D1_Stim48hr_NTC-763,NTC-763,CE0008162,Stim48hr,CD4i_R2,71.0,989350.0
CD4i_R2_D1_Stim48hr_NTC-764,NTC-764,CE0008162,Stim48hr,CD4i_R2,116.0,1842039.0
CD4i_R2_D1_Stim48hr_NTC-765,NTC-765,CE0008162,Stim48hr,CD4i_R2,72.0,883445.0
CD4i_R2_D1_Stim48hr_NTC-766,NTC-766,CE0008162,Stim48hr,CD4i_R2,56.0,824380.0
CD4i_R2_D1_Stim48hr_NTC-767,NTC-767,CE0008162,Stim48hr,CD4i_R2,27.0,496958.0
CD4i_R2_D1_Stim48hr_NTC-768,NTC-768,CE0008162,Stim48hr,CD4i_R2,38.0,531867.0
CD4i_R2_D1_Stim48hr_NTC-769,NTC-769,CE0008162,Stim48hr,CD4i_R2,74.0,1151439.0
CD4i_R2_D1_Stim48hr_NTC-770,NTC-770,CE0008162,Stim48hr,CD4i_R2,18.0,267587.0
CD4i_R2_D1_Stim48hr_NTC-771,NTC-771,CE0008162,Stim48hr,CD4i_R2,160.0,2447097.0
CD4i_R2_D1_Stim48hr_NTC-772,NTC-772,CE0008162,Stim48hr,CD4i_R2,15.0,173279.0
CD4i_R2_D1_Stim48hr_NTC-773,NTC-773,CE0008162,Stim48hr,CD4i_R2,89.0,1345634.0
CD4i_R2_D1_Stim48hr_NTC-774,NTC-774,CE0008162,Stim48hr,CD4i_R2,109.0,1576225.0
CD4i_R2_D1_Stim48hr_NTC-775,NTC-775,CE0008162,Stim48hr,CD4i_R2,78.0,1061291.0
CD4i_R2_D1_Stim48hr_NTC-776,NTC-776,CE0008162,Stim48hr,CD4i_R2,27.0,360495.0
CD4i_R2_D1_Stim48hr_NTC-777,NTC-777,CE0008162,Stim48hr,CD4i_R2,68.0,904237.0
CD4i_R2_D1_Stim48hr_NTC-778,NTC-778,CE0008162,Stim48hr,CD4i_R2,21.0,313774.0
CD4i_R2_D1_Stim48hr_NTC-779,NTC-779,CE0008162,Stim48hr,CD4i_R2,142.0,2209326.0
CD4i_R2_D1_Stim48hr_NTC-780,NTC-780,CE0008162,Stim48hr,CD4i_R2,22.0,335604.0
CD4i_R2_D1_Stim48hr_NTC-781,NTC-781,CE0008162,Stim48hr,CD4i_R2,47.0,457865.0
CD4i_R2_D1_Stim48hr_NTC-782,NTC-782,CE0008162,Stim48hr,CD4i_R2,88.0,1338746.0
CD4i_R2_D1_Stim48hr_NTC-783,NTC-783,CE0008162,Stim48hr,CD4i_R2,116.0,1716466.0
CD4i_R2_D1_Stim48hr_NTC-784,NTC-784,CE0008162,Stim48hr,CD4i_R2,62.0,961376.0
CD4i_R2_D1_Stim48hr_NTC-785,NTC-785,CE0008162,Stim48hr,CD4i_R2,101.0,1207712.0
CD4i_R2_D1_Stim48hr_NTC-786,NTC-786,CE0008162,Stim48hr,CD4i_R2,25.0,352909.0
CD4i_R2_D1_Stim48hr_NTC-787,NTC-787,CE0008162,Stim48hr,CD4i_R2,34.0,553930.0
CD4i_R2_D1_Stim48hr_NTC-788,NTC-788,CE0008162,Stim48hr,CD4i_R2,80.0,1314910.0
CD4i_R2_D1_Stim48hr_NTC-789,NTC-789,CE0008162,Stim48hr,CD4i_R2,144.0,2066341.0
CD4i_R2_D1_Stim48hr_NTC-790,NTC-790,CE0008162,Stim48hr,CD4i_R2,14.0,203718.0
CD4i_R2_D1_Stim48hr_NTC-791,NTC-791,CE0008162,Stim48hr,CD4i_R2,110.0,1553520.0
CD4i_R2_D1_Stim48hr_NTC-792,NTC-792,CE0008162,Stim48hr,CD4i_R2,40.0,556399.0
CD4i_R2_D1_Stim48hr_NTC-793,NTC-793,CE0008162,Stim48hr,CD4i_R2,21.0,265045.0
CD4i_R2_D1_Stim48hr_NTC-794,NTC-794,CE0008162,Stim48hr,CD4i_R2,32.0,471419.0
CD4i_R2_D1_Stim48hr_NTC-795,NTC-795,CE0008162,Stim48hr,CD4i_R2,61.0,822386.0
CD4i_R2_D1_Stim48hr_NTC-796,NTC-796,CE0008162,Stim48hr,CD4i_R2,236.0,3964119.0
CD4i_R2_D1_Stim48hr_NTC-797,NTC-797,CE0008162,Stim48hr,CD4i_R2,41.0,551525.0
CD4i_R2_D1_Stim48hr_NTC-798,NTC-798,CE0008162,Stim48hr,CD4i_R2,91.0,1567954.0
CD4i_R2_D1_Stim48hr_NTC-799,NTC-799,CE0008162,Stim48hr,CD4i_R2,41.0,558734.0
CD4i_R2_D1_Stim48hr_NTC-801,NTC-801,CE0008162,Stim48hr,CD4i_R2,192.0,2595494.0
CD4i_R2_D1_Stim48hr_NTC-802,NTC-802,CE0008162,Stim48hr,CD4i_R2,13.0,183915.0
CD4i_R2_D1_Stim48hr_NTC-803,NTC-803,CE0008162,Stim48hr,CD4i_R2,363.0,5001327.0
CD4i_R2_D1_Stim48hr_NTC-804,NTC-804,CE0008162,Stim48hr,CD4i_R2,29.0,388837.0
CD4i_R2_D1_Stim48hr_NTC-805,NTC-805,CE0008162,Stim48hr,CD4i_R2,18.0,186032.0
CD4i_R2_D1_Stim48hr_NTC-806,NTC-806,CE0008162,Stim48hr,CD4i_R2,46.0,639916.0
CD4i_R2_D1_Stim48hr_NTC-807,NTC-807,CE0008162,Stim48hr,CD4i_R2,115.0,1600394.0
CD4i_R2_D1_Stim48hr_NTC-808,NTC-808,CE0008162,Stim48hr,CD4i_R2,113.0,1619176.0
CD4i_R2_D1_Stim48hr_NTC-809,NTC-809,CE0008162,Stim48hr,CD4i_R2,116.0,1724968.0
CD4i_R2_D1_Stim48hr_NTC-810,NTC-810,CE0008162,Stim48hr,CD4i_R2,115.0,1560027.0
CD4i_R2_D1_Stim48hr_NTC-811,NTC-811,CE0008162,Stim48hr,CD4i_R2,86.0,1107216.0
CD4i_R2_D1_Stim48hr_NTC-812,NTC-812,CE0008162,Stim48hr,CD4i_R2,70.0,982699.0
CD4i_R2_D1_Stim48hr_NTC-813,NTC-813,CE0008162,Stim48hr,CD4i_R2,98.0,1558407.0
CD4i_R2_D1_Stim48hr_NTC-814,NTC-814,CE0008162,Stim48hr,CD4i_R2,83.0,1124731.0
CD4i_R2_D1_Stim48hr_NTC-815,NTC-815,CE0008162,Stim48hr,CD4i_R2,68.0,958502.0
CD4i_R2_D1_Stim48hr_NTC-816,NTC-816,CE0008162,Stim48hr,CD4i_R2,60.0,742246.0
CD4i_R2_D1_Stim48hr_NTC-817,NTC-817,CE0008162,Stim48hr,CD4i_R2,51.0,704248.0
CD4i_R2_D1_Stim48hr_NTC-819,NTC-819,CE0008162,Stim48hr,CD4i_R2,15.0,178511.0
CD4i_R2_D1_Stim48hr_NTC-820,NTC-820,CE0008162,Stim48hr,CD4i_R2,65.0,1046503.0
CD4i_R2_D1_Stim48hr_NTC-821,NTC-821,CE0008162,Stim48hr,CD4i_R2,50.0,794689.0
CD4i_R2_D1_Stim48hr_NTC-822,NTC-822,CE0008162,Stim48hr,CD4i_R2,116.0,1696232.0
CD4i_R2_D1_Stim48hr_NTC-823,NTC-823,CE0008162,Stim48hr,CD4i_R2,188.0,2628333.0
CD4i_R2_D1_Stim48hr_NTC-824,NTC-824,CE0008162,Stim48hr,CD4i_R2,24.0,204748.0
CD4i_R2_D1_Stim48hr_NTC-825,NTC-825,CE0008162,Stim48hr,CD4i_R2,266.0,3921066.0
CD4i_R2_D1_Stim48hr_NTC-826,NTC-826,CE0008162,Stim48hr,CD4i_R2,103.0,1527414.0
CD4i_R2_D1_Stim48hr_NTC-827,NTC-827,CE0008162,Stim48hr,CD4i_R2,298.0,4353709.0
CD4i_R2_D1_Stim48hr_NTC-828,NTC-828,CE0008162,Stim48hr,CD4i_R2,73.0,970068.0
CD4i_R2_D1_Stim48hr_NTC-829,NTC-829,CE0008162,Stim48hr,CD4i_R2,59.0,977427.0
CD4i_R2_D1_Stim48hr_NTC-830,NTC-830,CE0008162,Stim48hr,CD4i_R2,33.0,472288.0
CD4i_R2_D1_Stim48hr_NTC-831,NTC-831,CE0008162,Stim48hr,CD4i_R2,18.0,302286.0
CD4i_R2_D1_Stim48hr_NTC-832,NTC-832,CE0008162,Stim48hr,CD4i_R2,117.0,1487409.0
CD4i_R2_D1_Stim48hr_NTC-833,NTC-833,CE0008162,Stim48hr,CD4i_R2,11.0,120850.0
CD4i_R2_D1_Stim48hr_NTC-834,NTC-834,CE0008162,Stim48hr,CD4i_R2,68.0,1019842.0
CD4i_R2_D1_Stim48hr_NTC-835,NTC-835,CE0008162,Stim48hr,CD4i_R2,6.0,62876.0
CD4i_R2_D1_Stim48hr_NTC-836,NTC-836,CE0008162,Stim48hr,CD4i_R2,5.0,67778.0
CD4i_R2_D1_Stim48hr_NTC-837,NTC-837,CE0008162,Stim48hr,CD4i_R2,44.0,665849.0
CD4i_R2_D1_Stim48hr_NTC-838,NTC-838,CE0008162,Stim48hr,CD4i_R2,40.0,542605.0
CD4i_R2_D1_Stim48hr_NTC-839,NTC-839,CE0008162,Stim48hr,CD4i_R2,50.0,655973.0
CD4i_R2_D1_Stim48hr_NTC-840,NTC-840,CE0008162,Stim48hr,CD4i_R2,36.0,532530.0
CD4i_R2_D1_Stim48hr_NTC-841,NTC-841,CE0008162,Stim48hr,CD4i_R2,34.0,412766.0
CD4i_R2_D1_Stim48hr_NTC-842,NTC-842,CE0008162,Stim48hr,CD4i_R2,37.0,565870.0
CD4i_R2_D1_Stim48hr_NTC-843,NTC-843,CE0008162,Stim48hr,CD4i_R2,56.0,679718.0
CD4i_R2_D1_Stim48hr_NTC-844,NTC-844,CE0008162,Stim48hr,CD4i_R2,28.0,399503.0
CD4i_R2_D1_Stim48hr_NTC-845,NTC-845,CE0008162,Stim48hr,CD4i_R2,117.0,1666412.0
CD4i_R2_D1_Stim48hr_NTC-846,NTC-846,CE0008162,Stim48hr,CD4i_R2,143.0,2115356.0
CD4i_R2_D1_Stim48hr_NTC-847,NTC-847,CE0008162,Stim48hr,CD4i_R2,20.0,299396.0
CD4i_R2_D1_Stim48hr_NTC-848,NTC-848,CE0008162,Stim48hr,CD4i_R2,27.0,428108.0
CD4i_R2_D1_Stim48hr_NTC-849,NTC-849,CE0008162,Stim48hr,CD4i_R2,98.0,1317511.0
CD4i_R2_D1_Stim48hr_NTC-850,NTC-850,CE0008162,Stim48hr,CD4i_R2,198.0,2814658.0
CD4i_R2_D1_Stim48hr_NTC-851,NTC-851,CE0008162,Stim48hr,CD4i_R2,89.0,1245726.0
CD4i_R2_D1_Stim48hr_NTC-852,NTC-852,CE0008162,Stim48hr,CD4i_R2,350.0,3647413.0
CD4i_R2_D1_Stim48hr_NTC-853,NTC-853,CE0008162,Stim48hr,CD4i_R2,7.0,86334.0
CD4i_R2_D1_Stim48hr_NTC-854,NTC-854,CE0008162,Stim48hr,CD4i_R2,60.0,785290.0
CD4i_R2_D1_Stim48hr_NTC-855,NTC-855,CE0008162,Stim48hr,CD4i_R2,46.0,686615.0
CD4i_R2_D1_Stim48hr_NTC-856,NTC-856,CE0008162,Stim48hr,CD4i_R2,41.0,601397.0
CD4i_R2_D1_Stim48hr_NTC-857,NTC-857,CE0008162,Stim48hr,CD4i_R2,33.0,481356.0
CD4i_R2_D1_Stim48hr_NTC-858,NTC-858,CE0008162,Stim48hr,CD4i_R2,146.0,1979126.0
CD4i_R2_D1_Stim48hr_NTC-859,NTC-859,CE0008162,Stim48hr,CD4i_R2,235.0,3624949.0
CD4i_R2_D1_Stim48hr_NTC-860,NTC-860,CE0008162,Stim48hr,CD4i_R2,29.0,421239.0
CD4i_R2_D1_Stim48hr_NTC-861,NTC-861,CE0008162,Stim48hr,CD4i_R2,78.0,1134508.0
CD4i_R2_D1_Stim48hr_NTC-862,NTC-862,CE0008162,Stim48hr,CD4i_R2,91.0,1295819.0
CD4i_R2_D1_Stim48hr_NTC-863,NTC-863,CE0008162,Stim48hr,CD4i_R2,25.0,358461.0
CD4i_R2_D1_Stim48hr_NTC-864,NTC-864,CE0008162,Stim48hr,CD4i_R2,99.0,1330726.0
CD4i_R2_D1_Stim48hr_NTC-865,NTC-865,CE0008162,Stim48hr,CD4i_R2,31.0,475136.0
CD4i_R2_D1_Stim48hr_NTC-866,NTC-866,CE0008162,Stim48hr,CD4i_R2,72.0,1218195.0
CD4i_R2_D1_Stim48hr_NTC-867,NTC-867,CE0008162,Stim48hr,CD4i_R2,140.0,1938078.0
CD4i_R2_D1_Stim48hr_NTC-868,NTC-868,CE0008162,Stim48hr,CD4i_R2,132.0,2009248.0
CD4i_R2_D1_Stim48hr_NTC-869,NTC-869,CE0008162,Stim48hr,CD4i_R2,221.0,2944026.0
CD4i_R2_D1_Stim48hr_NTC-870,NTC-870,CE0008162,Stim48hr,CD4i_R2,109.0,1670899.0
CD4i_R2_D1_Stim48hr_NTC-871,NTC-871,CE0008162,Stim48hr,CD4i_R2,108.0,1735452.0
CD4i_R2_D1_Stim48hr_NTC-872,NTC-872,CE0008162,Stim48hr,CD4i_R2,21.0,356745.0
CD4i_R2_D1_Stim48hr_NTC-873,NTC-873,CE0008162,Stim48hr,CD4i_R2,43.0,774938.0
CD4i_R2_D1_Stim48hr_NTC-874,NTC-874,CE0008162,Stim48hr,CD4i_R2,109.0,1558227.0
CD4i_R2_D1_Stim48hr_NTC-875,NTC-875,CE0008162,Stim48hr,CD4i_R2,118.0,1781513.0
CD4i_R2_D1_Stim48hr_NTC-876,NTC-876,CE0008162,Stim48hr,CD4i_R2,26.0,405914.0
CD4i_R2_D1_Stim48hr_NTC-877,NTC-877,CE0008162,Stim48hr,CD4i_R2,90.0,1316703.0
CD4i_R2_D1_Stim48hr_NTC-878,NTC-878,CE0008162,Stim48hr,CD4i_R2,193.0,3084706.0
CD4i_R2_D1_Stim48hr_NTC-879,NTC-879,CE0008162,Stim48hr,CD4i_R2,72.0,903282.0
CD4i_R2_D1_Stim48hr_NTC-880,NTC-880,CE0008162,Stim48hr,CD4i_R2,75.0,1183281.0
CD4i_R2_D1_Stim48hr_NTC-881,NTC-881,CE0008162,Stim48hr,CD4i_R2,58.0,986443.0
CD4i_R2_D1_Stim48hr_NTC-882,NTC-882,CE0008162,Stim48hr,CD4i_R2,91.0,1166190.0
CD4i_R2_D1_Stim48hr_NTC-883,NTC-883,CE0008162,Stim48hr,CD4i_R2,12.0,171667.0
CD4i_R2_D1_Stim48hr_NTC-884,NTC-884,CE0008162,Stim48hr,CD4i_R2,53.0,635111.0
CD4i_R2_D1_Stim48hr_NTC-885,NTC-885,CE0008162,Stim48hr,CD4i_R2,40.0,540651.0
CD4i_R2_D1_Stim48hr_NTC-886,NTC-886,CE0008162,Stim48hr,CD4i_R2,43.0,587709.0
CD4i_R2_D1_Stim48hr_NTC-887,NTC-887,CE0008162,Stim48hr,CD4i_R2,31.0,448727.0
CD4i_R2_D1_Stim48hr_NTC-888,NTC-888,CE0008162,Stim48hr,CD4i_R2,97.0,1434975.0
CD4i_R2_D1_Stim48hr_NTC-889,NTC-889,CE0008162,Stim48hr,CD4i_R2,35.0,521572.0
CD4i_R2_D1_Stim48hr_NTC-890,NTC-890,CE0008162,Stim48hr,CD4i_R2,36.0,518812.0
CD4i_R2_D1_Stim48hr_NTC-891,NTC-891,CE0008162,Stim48hr,CD4i_R2,29.0,491632.0
CD4i_R2_D1_Stim48hr_NTC-892,NTC-892,CE0008162,Stim48hr,CD4i_R2,248.0,3653582.0
CD4i_R2_D1_Stim48hr_NTC-893,NTC-893,CE0008162,Stim48hr,CD4i_R2,112.0,1688462.0
CD4i_R2_D1_Stim48hr_NTC-894,NTC-894,CE0008162,Stim48hr,CD4i_R2,160.0,2596916.0
CD4i_R2_D1_Stim48hr_NTC-895,NTC-895,CE0008162,Stim48hr,CD4i_R2,75.0,1065038.0
CD4i_R2_D1_Stim48hr_NTC-896,NTC-896,CE0008162,Stim48hr,CD4i_R2,86.0,1463618.0
CD4i_R2_D1_Stim48hr_NTC-897,NTC-897,CE0008162,Stim48hr,CD4i_R2,193.0,2782530.0
CD4i_R2_D1_Stim48hr_NTC-898,NTC-898,CE0008162,Stim48hr,CD4i_R2,31.0,534467.0
CD4i_R2_D1_Stim48hr_NTC-899,NTC-899,CE0008162,Stim48hr,CD4i_R2,84.0,1370200.0
CD4i_R2_D1_Stim48hr_NTC-900,NTC-900,CE0008162,Stim48hr,CD4i_R2,76.0,1275605.0
CD4i_R2_D1_Stim48hr_NTC-901,NTC-901,CE0008162,Stim48hr,CD4i_R2,96.0,1403774.0
CD4i_R2_D1_Stim48hr_NTC-902,NTC-902,CE0008162,Stim48hr,CD4i_R2,185.0,2659877.0
CD4i_R2_D1_Stim48hr_NTC-903,NTC-903,CE0008162,Stim48hr,CD4i_R2,59.0,850973.0
CD4i_R2_D1_Stim48hr_NTC-904,NTC-904,CE0008162,Stim48hr,CD4i_R2,117.0,1731030.0
CD4i_R2_D1_Stim48hr_NTC-905,NTC-905,CE0008162,Stim48hr,CD4i_R2,104.0,1318858.0
CD4i_R2_D1_Stim48hr_NTC-906,NTC-906,CE0008162,Stim48hr,CD4i_R2,18.0,216130.0
CD4i_R2_D1_Stim48hr_NTC-907,NTC-907,CE0008162,Stim48hr,CD4i_R2,122.0,1826705.0
CD4i_R2_D1_Stim48hr_NTC-908,NTC-908,CE0008162,Stim48hr,CD4i_R2,38.0,612249.0
CD4i_R2_D1_Stim48hr_NTC-909,NTC-909,CE0008162,Stim48hr,CD4i_R2,230.0,3381645.0
CD4i_R2_D1_Stim48hr_NTC-910,NTC-910,CE0008162,Stim48hr,CD4i_R2,64.0,1008525.0
CD4i_R2_D1_Stim48hr_NTC-911,NTC-911,CE0008162,Stim48hr,CD4i_R2,83.0,1329155.0
CD4i_R2_D1_Stim48hr_NTC-912,NTC-912,CE0008162,Stim48hr,CD4i_R2,235.0,3181269.0
CD4i_R2_D1_Stim48hr_NTC-913,NTC-913,CE0008162,Stim48hr,CD4i_R2,18.0,306388.0
CD4i_R2_D1_Stim48hr_NTC-914,NTC-914,CE0008162,Stim48hr,CD4i_R2,36.0,510422.0
CD4i_R2_D1_Stim48hr_NTC-915,NTC-915,CE0008162,Stim48hr,CD4i_R2,56.0,789102.0
CD4i_R2_D1_Stim48hr_NTC-916,NTC-916,CE0008162,Stim48hr,CD4i_R2,69.0,863161.0
CD4i_R2_D1_Stim48hr_NTC-917,NTC-917,CE0008162,Stim48hr,CD4i_R2,94.0,1461062.0
CD4i_R2_D1_Stim48hr_NTC-918,NTC-918,CE0008162,Stim48hr,CD4i_R2,66.0,982254.0
CD4i_R2_D1_Stim48hr_NTC-919,NTC-919,CE0008162,Stim48hr,CD4i_R2,149.0,2192606.0
CD4i_R2_D1_Stim48hr_NTC-920,NTC-920,CE0008162,Stim48hr,CD4i_R2,211.0,3194096.0
CD4i_R2_D1_Stim48hr_NTC-921,NTC-921,CE0008162,Stim48hr,CD4i_R2,149.0,2340578.0
CD4i_R2_D1_Stim48hr_NTC-922,NTC-922,CE0008162,Stim48hr,CD4i_R2,36.0,565370.0
CD4i_R2_D1_Stim48hr_NTC-923,NTC-923,CE0008162,Stim48hr,CD4i_R2,59.0,844630.0
CD4i_R2_D1_Stim48hr_NTC-924,NTC-924,CE0008162,Stim48hr,CD4i_R2,99.0,1421131.0
CD4i_R2_D1_Stim48hr_NTC-925,NTC-925,CE0008162,Stim48hr,CD4i_R2,94.0,1294387.0
CD4i_R2_D1_Stim48hr_NTC-926,NTC-926,CE0008162,Stim48hr,CD4i_R2,39.0,556646.0
CD4i_R2_D1_Stim48hr_NTC-927,NTC-927,CE0008162,Stim48hr,CD4i_R2,59.0,1017094.0
CD4i_R2_D1_Stim48hr_NTC-928,NTC-928,CE0008162,Stim48hr,CD4i_R2,110.0,1564320.0
CD4i_R2_D1_Stim48hr_NTC-929,NTC-929,CE0008162,Stim48hr,CD4i_R2,37.0,476662.0
CD4i_R2_D1_Stim48hr_NTC-930,NTC-930,CE0008162,Stim48hr,CD4i_R2,49.0,772974.0
CD4i_R2_D1_Stim48hr_NTC-931,NTC-931,CE0008162,Stim48hr,CD4i_R2,13.0,161428.0
CD4i_R2_D1_Stim48hr_NTC-932,NTC-932,CE0008162,Stim48hr,CD4i_R2,65.0,963847.0
CD4i_R2_D1_Stim48hr_NTC-934,NTC-934,CE0008162,Stim48hr,CD4i_R2,335.0,4440794.0
CD4i_R2_D1_Stim48hr_NTC-935,NTC-935,CE0008162,Stim48hr,CD4i_R2,18.0,240054.0
CD4i_R2_D1_Stim48hr_NTC-936,NTC-936,CE0008162,Stim48hr,CD4i_R2,10.0,88240.0
CD4i_R2_D1_Stim48hr_NTC-937,NTC-937,CE0008162,Stim48hr,CD4i_R2,300.0,4401661.0
CD4i_R2_D1_Stim48hr_NTC-938,NTC-938,CE0008162,Stim48hr,CD4i_R2,221.0,3701305.0
CD4i_R2_D1_Stim48hr_NTC-939,NTC-939,CE0008162,Stim48hr,CD4i_R2,112.0,1541450.0
CD4i_R2_D1_Stim48hr_NTC-940,NTC-940,CE0008162,Stim48hr,CD4i_R2,26.0,354430.0
CD4i_R2_D1_Stim48hr_NTC-941,NTC-941,CE0008162,Stim48hr,CD4i_R2,81.0,1104469.0
CD4i_R2_D1_Stim48hr_NTC-942,NTC-942,CE0008162,Stim48hr,CD4i_R2,72.0,888168.0
CD4i_R2_D1_Stim48hr_NTC-943,NTC-943,CE0008162,Stim48hr,CD4i_R2,105.0,1443229.0
CD4i_R2_D1_Stim48hr_NTC-944,NTC-944,CE0008162,Stim48hr,CD4i_R2,48.0,835360.0
CD4i_R2_D1_Stim48hr_NTC-945,NTC-945,CE0008162,Stim48hr,CD4i_R2,411.0,5434636.0
CD4i_R2_D1_Stim48hr_NTC-946,NTC-946,CE0008162,Stim48hr,CD4i_R2,66.0,1011456.0
CD4i_R2_D1_Stim48hr_NTC-947,NTC-947,CE0008162,Stim48hr,CD4i_R2,131.0,1930401.0
CD4i_R2_D1_Stim48hr_NTC-948,NTC-948,CE0008162,Stim48hr,CD4i_R2,53.0,898903.0
CD4i_R2_D1_Stim48hr_NTC-949,NTC-949,CE0008162,Stim48hr,CD4i_R2,62.0,915483.0
CD4i_R2_D1_Stim48hr_NTC-950,NTC-950,CE0008162,Stim48hr,CD4i_R2,12.0,135387.0
CD4i_R2_D1_Stim48hr_NTC-951,NTC-951,CE0008162,Stim48hr,CD4i_R2,113.0,1718534.0
CD4i_R2_D1_Stim48hr_NTC-952,NTC-952,CE0008162,Stim48hr,CD4i_R2,9.0,117030.0
CD4i_R2_D1_Stim48hr_NTC-953,NTC-953,CE0008162,Stim48hr,CD4i_R2,12.0,160333.0
CD4i_R2_D1_Stim48hr_NTC-954,NTC-954,CE0008162,Stim48hr,CD4i_R2,131.0,1944130.0
CD4i_R2_D1_Stim48hr_NTC-955,NTC-955,CE0008162,Stim48hr,CD4i_R2,6.0,100870.0
CD4i_R2_D1_Stim48hr_NTC-956,NTC-956,CE0008162,Stim48hr,CD4i_R2,154.0,2041716.0
CD4i_R2_D1_Stim48hr_NTC-957,NTC-957,CE0008162,Stim48hr,CD4i_R2,99.0,1436786.0
CD4i_R2_D1_Stim48hr_NTC-958,NTC-958,CE0008162,Stim48hr,CD4i_R2,35.0,480194.0
CD4i_R2_D1_Stim48hr_NTC-959,NTC-959,CE0008162,Stim48hr,CD4i_R2,13.0,236352.0
CD4i_R2_D1_Stim48hr_NTC-960,NTC-960,CE0008162,Stim48hr,CD4i_R2,125.0,1929230.0
CD4i_R2_D1_Stim48hr_NTC-961,NTC-961,CE0008162,Stim48hr,CD4i_R2,152.0,1864527.0
CD4i_R2_D1_Stim48hr_NTC-962,NTC-962,CE0008162,Stim48hr,CD4i_R2,268.0,3901391.0
CD4i_R2_D1_Stim48hr_NTC-964,NTC-964,CE0008162,Stim48hr,CD4i_R2,44.0,596676.0
CD4i_R2_D1_Stim48hr_NTC-965,NTC-965,CE0008162,Stim48hr,CD4i_R2,15.0,234456.0
CD4i_R2_D1_Stim48hr_NTC-966,NTC-966,CE0008162,Stim48hr,CD4i_R2,95.0,1497415.0
CD4i_R2_D1_Stim48hr_NTC-967,NTC-967,CE0008162,Stim48hr,CD4i_R2,96.0,1449563.0
CD4i_R2_D1_Stim48hr_NTC-968,NTC-968,CE0008162,Stim48hr,CD4i_R2,115.0,1645967.0
CD4i_R2_D1_Stim48hr_NTC-969,NTC-969,CE0008162,Stim48hr,CD4i_R2,169.0,2307113.0
CD4i_R2_D1_Stim48hr_NTC-970,NTC-970,CE0008162,Stim48hr,CD4i_R2,195.0,3215192.0
CD4i_R2_D1_Stim48hr_NTC-971,NTC-971,CE0008162,Stim48hr,CD4i_R2,76.0,1122673.0
CD4i_R2_D1_Stim48hr_NTC-972,NTC-972,CE0008162,Stim48hr,CD4i_R2,177.0,2769922.0
CD4i_R2_D1_Stim48hr_NTC-973,NTC-973,CE0008162,Stim48hr,CD4i_R2,70.0,1009662.0
CD4i_R2_D1_Stim48hr_NTC-974,NTC-974,CE0008162,Stim48hr,CD4i_R2,6.0,57578.0
CD4i_R2_D1_Stim48hr_NTC-975,NTC-975,CE0008162,Stim48hr,CD4i_R2,45.0,734783.0
CD4i_R2_D1_Stim48hr_NTC-977,NTC-977,CE0008162,Stim48hr,CD4i_R2,40.0,499785.0
CD4i_R2_D1_Stim48hr_NTC-978,NTC-978,CE0008162,Stim48hr,CD4i_R2,174.0,2523960.0
CD4i_R2_D1_Stim48hr_NTC-979,NTC-979,CE0008162,Stim48hr,CD4i_R2,22.0,346834.0
CD4i_R2_D1_Stim48hr_NTC-980,NTC-980,CE0008162,Stim48hr,CD4i_R2,94.0,1401459.0
CD4i_R2_D1_Stim48hr_NTC-981,NTC-981,CE0008162,Stim48hr,CD4i_R2,61.0,972272.0
CD4i_R2_D1_Stim48hr_NTC-982,NTC-982,CE0008162,Stim48hr,CD4i_R2,47.0,782646.0
CD4i_R2_D1_Stim48hr_NTC-983,NTC-983,CE0008162,Stim48hr,CD4i_R2,11.0,220196.0
CD4i_R2_D1_Stim48hr_NTC-984,NTC-984,CE0008162,Stim48hr,CD4i_R2,121.0,1760876.0
CD4i_R2_D1_Stim48hr_NTC-985,NTC-985,CE0008162,Stim48hr,CD4i_R2,14.0,154496.0
CD4i_R2_D1_Stim48hr_NTC-986,NTC-986,CE0008162,Stim48hr,CD4i_R2,46.0,524535.0
CD4i_R2_D1_Stim48hr_NTC-987,NTC-987,CE0008162,Stim48hr,CD4i_R2,20.0,362340.0
CD4i_R2_D1_Stim48hr_NTC-988,NTC-988,CE0008162,Stim48hr,CD4i_R2,83.0,1060623.0
CD4i_R2_D1_Stim48hr_NTC-989,NTC-989,CE0008162,Stim48hr,CD4i_R2,36.0,464193.0
CD4i_R2_D1_Stim48hr_NTC-990,NTC-990,CE0008162,Stim48hr,CD4i_R2,120.0,1888447.0
CD4i_R2_D1_Stim48hr_NTC-991,NTC-991,CE0008162,Stim48hr,CD4i_R2,85.0,1196269.0
CD4i_R2_D1_Stim48hr_NTC-992,NTC-992,CE0008162,Stim48hr,CD4i_R2,53.0,746116.0
CD4i_R2_D4_Stim8hr_NTC-001,NTC-001,CE0006864,Stim8hr,CD4i_R2,58.0,683849.0
CD4i_R2_D4_Stim8hr_NTC-002,NTC-002,CE0006864,Stim8hr,CD4i_R2,74.0,698956.0
CD4i_R2_D4_Stim8hr_NTC-003,NTC-003,CE0006864,Stim8hr,CD4i_R2,38.0,377285.0
CD4i_R2_D4_Stim8hr_NTC-004,NTC-004,CE0006864,Stim8hr,CD4i_R2,22.0,278813.0
CD4i_R2_D4_Stim8hr_NTC-005,NTC-005,CE0006864,Stim8hr,CD4i_R2,60.0,559169.0
CD4i_R2_D4_Stim8hr_NTC-006,NTC-006,CE0006864,Stim8hr,CD4i_R2,134.0,1670509.0
CD4i_R2_D4_Stim8hr_NTC-007,NTC-007,CE0006864,Stim8hr,CD4i_R2,29.0,346972.0
CD4i_R2_D4_Stim8hr_NTC-008,NTC-008,CE0006864,Stim8hr,CD4i_R2,56.0,581827.0
CD4i_R2_D4_Stim8hr_NTC-009,NTC-009,CE0006864,Stim8hr,CD4i_R2,46.0,491699.0
CD4i_R2_D4_Stim8hr_NTC-010,NTC-010,CE0006864,Stim8hr,CD4i_R2,44.0,415006.0
CD4i_R2_D4_Stim8hr_NTC-011,NTC-011,CE0006864,Stim8hr,CD4i_R2,113.0,1375938.0
CD4i_R2_D4_Stim8hr_NTC-012,NTC-012,CE0006864,Stim8hr,CD4i_R2,68.0,897411.0
CD4i_R2_D4_Stim8hr_NTC-013,NTC-013,CE0006864,Stim8hr,CD4i_R2,32.0,306212.0
CD4i_R2_D4_Stim8hr_NTC-014,NTC-014,CE0006864,Stim8hr,CD4i_R2,41.0,439359.0
CD4i_R2_D4_Stim8hr_NTC-015,NTC-015,CE0006864,Stim8hr,CD4i_R2,25.0,232035.0
CD4i_R2_D4_Stim8hr_NTC-016,NTC-016,CE0006864,Stim8hr,CD4i_R2,39.0,351534.0
CD4i_R2_D4_Stim8hr_NTC-017,NTC-017,CE0006864,Stim8hr,CD4i_R2,33.0,316729.0
CD4i_R2_D4_Stim8hr_NTC-018,NTC-018,CE0006864,Stim8hr,CD4i_R2,94.0,1238717.0
CD4i_R2_D4_Stim8hr_NTC-019,NTC-019,CE0006864,Stim8hr,CD4i_R2,79.0,820588.0
CD4i_R2_D4_Stim8hr_NTC-020,NTC-020,CE0006864,Stim8hr,CD4i_R2,138.0,1652688.0
CD4i_R2_D4_Stim8hr_NTC-021,NTC-021,CE0006864,Stim8hr,CD4i_R2,55.0,527120.0
CD4i_R2_D4_Stim8hr_NTC-022,NTC-022,CE0006864,Stim8hr,CD4i_R2,14.0,183215.0
CD4i_R2_D4_Stim8hr_NTC-023,NTC-023,CE0006864,Stim8hr,CD4i_R2,106.0,1229423.0
CD4i_R2_D4_Stim8hr_NTC-024,NTC-024,CE0006864,Stim8hr,CD4i_R2,30.0,447027.0
CD4i_R2_D4_Stim8hr_NTC-025,NTC-025,CE0006864,Stim8hr,CD4i_R2,112.0,1143171.0
CD4i_R2_D4_Stim8hr_NTC-026,NTC-026,CE0006864,Stim8hr,CD4i_R2,142.0,1397554.0
CD4i_R2_D4_Stim8hr_NTC-027,NTC-027,CE0006864,Stim8hr,CD4i_R2,200.0,2162990.0
CD4i_R2_D4_Stim8hr_NTC-028,NTC-028,CE0006864,Stim8hr,CD4i_R2,171.0,1985177.0
CD4i_R2_D4_Stim8hr_NTC-029,NTC-029,CE0006864,Stim8hr,CD4i_R2,98.0,1262942.0
CD4i_R2_D4_Stim8hr_NTC-030,NTC-030,CE0006864,Stim8hr,CD4i_R2,128.0,1409981.0
CD4i_R2_D4_Stim8hr_NTC-031,NTC-031,CE0006864,Stim8hr,CD4i_R2,67.0,841473.0
CD4i_R2_D4_Stim8hr_NTC-032,NTC-032,CE0006864,Stim8hr,CD4i_R2,64.0,654110.0
CD4i_R2_D4_Stim8hr_NTC-033,NTC-033,CE0006864,Stim8hr,CD4i_R2,59.0,629959.0
CD4i_R2_D4_Stim8hr_NTC-034,NTC-034,CE0006864,Stim8hr,CD4i_R2,32.0,342070.0
CD4i_R2_D4_Stim8hr_NTC-035,NTC-035,CE0006864,Stim8hr,CD4i_R2,72.0,820753.0
CD4i_R2_D4_Stim8hr_NTC-036,NTC-036,CE0006864,Stim8hr,CD4i_R2,30.0,282792.0
CD4i_R2_D4_Stim8hr_NTC-037,NTC-037,CE0006864,Stim8hr,CD4i_R2,61.0,755940.0
CD4i_R2_D4_Stim8hr_NTC-038,NTC-038,CE0006864,Stim8hr,CD4i_R2,59.0,668753.0
CD4i_R2_D4_Stim8hr_NTC-039,NTC-039,CE0006864,Stim8hr,CD4i_R2,70.0,690474.0
CD4i_R2_D4_Stim8hr_NTC-040,NTC-040,CE0006864,Stim8hr,CD4i_R2,120.0,1350144.0
CD4i_R2_D4_Stim8hr_NTC-041,NTC-041,CE0006864,Stim8hr,CD4i_R2,76.0,782284.0
CD4i_R2_D4_Stim8hr_NTC-042,NTC-042,CE0006864,Stim8hr,CD4i_R2,160.0,1950712.0
CD4i_R2_D4_Stim8hr_NTC-043,NTC-043,CE0006864,Stim8hr,CD4i_R2,88.0,1206332.0
CD4i_R2_D4_Stim8hr_NTC-044,NTC-044,CE0006864,Stim8hr,CD4i_R2,31.0,379208.0
CD4i_R2_D4_Stim8hr_NTC-045,NTC-045,CE0006864,Stim8hr,CD4i_R2,96.0,917651.0
CD4i_R2_D4_Stim8hr_NTC-046,NTC-046,CE0006864,Stim8hr,CD4i_R2,36.0,310667.0
CD4i_R2_D4_Stim8hr_NTC-047,NTC-047,CE0006864,Stim8hr,CD4i_R2,38.0,406086.0
CD4i_R2_D4_Stim8hr_NTC-048,NTC-048,CE0006864,Stim8hr,CD4i_R2,57.0,768987.0
CD4i_R2_D4_Stim8hr_NTC-049,NTC-049,CE0006864,Stim8hr,CD4i_R2,63.0,796751.0
CD4i_R2_D4_Stim8hr_NTC-050,NTC-050,CE0006864,Stim8hr,CD4i_R2,86.0,1059587.0
CD4i_R2_D4_Stim8hr_NTC-051,NTC-051,CE0006864,Stim8hr,CD4i_R2,44.0,566154.0
CD4i_R2_D4_Stim8hr_NTC-052,NTC-052,CE0006864,Stim8hr,CD4i_R2,66.0,596330.0
CD4i_R2_D4_Stim8hr_NTC-054,NTC-054,CE0006864,Stim8hr,CD4i_R2,73.0,685577.0
CD4i_R2_D4_Stim8hr_NTC-055,NTC-055,CE0006864,Stim8hr,CD4i_R2,121.0,1069183.0
CD4i_R2_D4_Stim8hr_NTC-056,NTC-056,CE0006864,Stim8hr,CD4i_R2,57.0,559482.0
CD4i_R2_D4_Stim8hr_NTC-057,NTC-057,CE0006864,Stim8hr,CD4i_R2,103.0,1052694.0
CD4i_R2_D4_Stim8hr_NTC-058,NTC-058,CE0006864,Stim8hr,CD4i_R2,203.0,2252398.0
CD4i_R2_D4_Stim8hr_NTC-059,NTC-059,CE0006864,Stim8hr,CD4i_R2,36.0,364605.0
CD4i_R2_D4_Stim8hr_NTC-060,NTC-060,CE0006864,Stim8hr,CD4i_R2,75.0,811940.0
CD4i_R2_D4_Stim8hr_NTC-061,NTC-061,CE0006864,Stim8hr,CD4i_R2,32.0,300081.0
CD4i_R2_D4_Stim8hr_NTC-062,NTC-062,CE0006864,Stim8hr,CD4i_R2,73.0,794703.0
CD4i_R2_D4_Stim8hr_NTC-063,NTC-063,CE0006864,Stim8hr,CD4i_R2,17.0,195127.0
CD4i_R2_D4_Stim8hr_NTC-064,NTC-064,CE0006864,Stim8hr,CD4i_R2,114.0,1128186.0
CD4i_R2_D4_Stim8hr_NTC-066,NTC-066,CE0006864,Stim8hr,CD4i_R2,88.0,982658.0
CD4i_R2_D4_Stim8hr_NTC-067,NTC-067,CE0006864,Stim8hr,CD4i_R2,94.0,1306724.0
CD4i_R2_D4_Stim8hr_NTC-068,NTC-068,CE0006864,Stim8hr,CD4i_R2,32.0,408426.0
CD4i_R2_D4_Stim8hr_NTC-069,NTC-069,CE0006864,Stim8hr,CD4i_R2,41.0,402299.0
CD4i_R2_D4_Stim8hr_NTC-070,NTC-070,CE0006864,Stim8hr,CD4i_R2,30.0,280157.0
CD4i_R2_D4_Stim8hr_NTC-071,NTC-071,CE0006864,Stim8hr,CD4i_R2,167.0,1927969.0
CD4i_R2_D4_Stim8hr_NTC-072,NTC-072,CE0006864,Stim8hr,CD4i_R2,10.0,83444.0
CD4i_R2_D4_Stim8hr_NTC-073,NTC-073,CE0006864,Stim8hr,CD4i_R2,110.0,1218775.0
CD4i_R2_D4_Stim8hr_NTC-074,NTC-074,CE0006864,Stim8hr,CD4i_R2,145.0,1627911.0
CD4i_R2_D4_Stim8hr_NTC-075,NTC-075,CE0006864,Stim8hr,CD4i_R2,26.0,331412.0
CD4i_R2_D4_Stim8hr_NTC-076,NTC-076,CE0006864,Stim8hr,CD4i_R2,25.0,278883.0
CD4i_R2_D4_Stim8hr_NTC-077,NTC-077,CE0006864,Stim8hr,CD4i_R2,56.0,671553.0
CD4i_R2_D4_Stim8hr_NTC-078,NTC-078,CE0006864,Stim8hr,CD4i_R2,82.0,938088.0
CD4i_R2_D4_Stim8hr_NTC-079,NTC-079,CE0006864,Stim8hr,CD4i_R2,57.0,553784.0
CD4i_R2_D4_Stim8hr_NTC-080,NTC-080,CE0006864,Stim8hr,CD4i_R2,49.0,566830.0
CD4i_R2_D4_Stim8hr_NTC-081,NTC-081,CE0006864,Stim8hr,CD4i_R2,35.0,354776.0
CD4i_R2_D4_Stim8hr_NTC-082,NTC-082,CE0006864,Stim8hr,CD4i_R2,29.0,370690.0
CD4i_R2_D4_Stim8hr_NTC-083,NTC-083,CE0006864,Stim8hr,CD4i_R2,149.0,1635159.0
CD4i_R2_D4_Stim8hr_NTC-084,NTC-084,CE0006864,Stim8hr,CD4i_R2,61.0,641190.0
CD4i_R2_D4_Stim8hr_NTC-086,NTC-086,CE0006864,Stim8hr,CD4i_R2,9.0,89975.0
CD4i_R2_D4_Stim8hr_NTC-087,NTC-087,CE0006864,Stim8hr,CD4i_R2,18.0,205940.0
CD4i_R2_D4_Stim8hr_NTC-088,NTC-088,CE0006864,Stim8hr,CD4i_R2,56.0,757767.0
CD4i_R2_D4_Stim8hr_NTC-089,NTC-089,CE0006864,Stim8hr,CD4i_R2,77.0,849183.0
CD4i_R2_D4_Stim8hr_NTC-090,NTC-090,CE0006864,Stim8hr,CD4i_R2,136.0,1371240.0
CD4i_R2_D4_Stim8hr_NTC-091,NTC-091,CE0006864,Stim8hr,CD4i_R2,55.0,593423.0
CD4i_R2_D4_Stim8hr_NTC-092,NTC-092,CE0006864,Stim8hr,CD4i_R2,114.0,1157364.0
CD4i_R2_D4_Stim8hr_NTC-093,NTC-093,CE0006864,Stim8hr,CD4i_R2,121.0,1410766.0
CD4i_R2_D4_Stim8hr_NTC-094,NTC-094,CE0006864,Stim8hr,CD4i_R2,62.0,651404.0
CD4i_R2_D4_Stim8hr_NTC-095,NTC-095,CE0006864,Stim8hr,CD4i_R2,49.0,482469.0
CD4i_R2_D4_Stim8hr_NTC-096,NTC-096,CE0006864,Stim8hr,CD4i_R2,67.0,869302.0
CD4i_R2_D4_Stim8hr_NTC-097,NTC-097,CE0006864,Stim8hr,CD4i_R2,75.0,817600.0
CD4i_R2_D4_Stim8hr_NTC-098,NTC-098,CE0006864,Stim8hr,CD4i_R2,47.0,583072.0
CD4i_R2_D4_Stim8hr_NTC-099,NTC-099,CE0006864,Stim8hr,CD4i_R2,80.0,962620.0
CD4i_R2_D4_Stim8hr_NTC-100,NTC-100,CE0006864,Stim8hr,CD4i_R2,35.0,432022.0
CD4i_R2_D4_Stim8hr_NTC-101,NTC-101,CE0006864,Stim8hr,CD4i_R2,71.0,791615.0
CD4i_R2_D4_Stim8hr_NTC-102,NTC-102,CE0006864,Stim8hr,CD4i_R2,119.0,1272636.0
CD4i_R2_D4_Stim8hr_NTC-103,NTC-103,CE0006864,Stim8hr,CD4i_R2,46.0,474315.0
CD4i_R2_D4_Stim8hr_NTC-104,NTC-104,CE0006864,Stim8hr,CD4i_R2,18.0,185104.0
CD4i_R2_D4_Stim8hr_NTC-105,NTC-105,CE0006864,Stim8hr,CD4i_R2,45.0,444735.0
CD4i_R2_D4_Stim8hr_NTC-106,NTC-106,CE0006864,Stim8hr,CD4i_R2,209.0,2290235.0
CD4i_R2_D4_Stim8hr_NTC-107,NTC-107,CE0006864,Stim8hr,CD4i_R2,15.0,118217.0
CD4i_R2_D4_Stim8hr_NTC-108,NTC-108,CE0006864,Stim8hr,CD4i_R2,117.0,1442154.0
CD4i_R2_D4_Stim8hr_NTC-109,NTC-109,CE0006864,Stim8hr,CD4i_R2,22.0,308120.0
CD4i_R2_D4_Stim8hr_NTC-110,NTC-110,CE0006864,Stim8hr,CD4i_R2,74.0,839298.0
CD4i_R2_D4_Stim8hr_NTC-111,NTC-111,CE0006864,Stim8hr,CD4i_R2,71.0,897014.0
CD4i_R2_D4_Stim8hr_NTC-112,NTC-112,CE0006864,Stim8hr,CD4i_R2,56.0,594774.0
CD4i_R2_D4_Stim8hr_NTC-113,NTC-113,CE0006864,Stim8hr,CD4i_R2,95.0,870308.0
CD4i_R2_D4_Stim8hr_NTC-114,NTC-114,CE0006864,Stim8hr,CD4i_R2,23.0,261853.0
CD4i_R2_D4_Stim8hr_NTC-115,NTC-115,CE0006864,Stim8hr,CD4i_R2,191.0,2252559.0
CD4i_R2_D4_Stim8hr_NTC-116,NTC-116,CE0006864,Stim8hr,CD4i_R2,34.0,391411.0
CD4i_R2_D4_Stim8hr_NTC-117,NTC-117,CE0006864,Stim8hr,CD4i_R2,47.0,473348.0
CD4i_R2_D4_Stim8hr_NTC-118,NTC-118,CE0006864,Stim8hr,CD4i_R2,39.0,345950.0
CD4i_R2_D4_Stim8hr_NTC-119,NTC-119,CE0006864,Stim8hr,CD4i_R2,26.0,289868.0
CD4i_R2_D4_Stim8hr_NTC-120,NTC-120,CE0006864,Stim8hr,CD4i_R2,85.0,840994.0
CD4i_R2_D4_Stim8hr_NTC-121,NTC-121,CE0006864,Stim8hr,CD4i_R2,41.0,628097.0
CD4i_R2_D4_Stim8hr_NTC-122,NTC-122,CE0006864,Stim8hr,CD4i_R2,48.0,498734.0
CD4i_R2_D4_Stim8hr_NTC-123,NTC-123,CE0006864,Stim8hr,CD4i_R2,63.0,716023.0
CD4i_R2_D4_Stim8hr_NTC-124,NTC-124,CE0006864,Stim8hr,CD4i_R2,23.0,407430.0
CD4i_R2_D4_Stim8hr_NTC-125,NTC-125,CE0006864,Stim8hr,CD4i_R2,37.0,406033.0
CD4i_R2_D4_Stim8hr_NTC-126,NTC-126,CE0006864,Stim8hr,CD4i_R2,122.0,1347538.0
CD4i_R2_D4_Stim8hr_NTC-127,NTC-127,CE0006864,Stim8hr,CD4i_R2,75.0,823309.0
CD4i_R2_D4_Stim8hr_NTC-128,NTC-128,CE0006864,Stim8hr,CD4i_R2,48.0,476024.0
CD4i_R2_D4_Stim8hr_NTC-129,NTC-129,CE0006864,Stim8hr,CD4i_R2,116.0,1127502.0
CD4i_R2_D4_Stim8hr_NTC-130,NTC-130,CE0006864,Stim8hr,CD4i_R2,179.0,2001060.0
CD4i_R2_D4_Stim8hr_NTC-131,NTC-131,CE0006864,Stim8hr,CD4i_R2,54.0,521755.0
CD4i_R2_D4_Stim8hr_NTC-132,NTC-132,CE0006864,Stim8hr,CD4i_R2,33.0,342574.0
CD4i_R2_D4_Stim8hr_NTC-133,NTC-133,CE0006864,Stim8hr,CD4i_R2,86.0,931718.0
CD4i_R2_D4_Stim8hr_NTC-134,NTC-134,CE0006864,Stim8hr,CD4i_R2,70.0,778581.0
CD4i_R2_D4_Stim8hr_NTC-135,NTC-135,CE0006864,Stim8hr,CD4i_R2,137.0,1638035.0
CD4i_R2_D4_Stim8hr_NTC-136,NTC-136,CE0006864,Stim8hr,CD4i_R2,83.0,931139.0
CD4i_R2_D4_Stim8hr_NTC-137,NTC-137,CE0006864,Stim8hr,CD4i_R2,68.0,736263.0
CD4i_R2_D4_Stim8hr_NTC-138,NTC-138,CE0006864,Stim8hr,CD4i_R2,43.0,474031.0
CD4i_R2_D4_Stim8hr_NTC-139,NTC-139,CE0006864,Stim8hr,CD4i_R2,122.0,1474924.0
CD4i_R2_D4_Stim8hr_NTC-140,NTC-140,CE0006864,Stim8hr,CD4i_R2,71.0,720126.0
CD4i_R2_D4_Stim8hr_NTC-141,NTC-141,CE0006864,Stim8hr,CD4i_R2,266.0,2545923.0
CD4i_R2_D4_Stim8hr_NTC-142,NTC-142,CE0006864,Stim8hr,CD4i_R2,40.0,508756.0
CD4i_R2_D4_Stim8hr_NTC-143,NTC-143,CE0006864,Stim8hr,CD4i_R2,58.0,634410.0
CD4i_R2_D4_Stim8hr_NTC-144,NTC-144,CE0006864,Stim8hr,CD4i_R2,84.0,1093130.0
CD4i_R2_D4_Stim8hr_NTC-145,NTC-145,CE0006864,Stim8hr,CD4i_R2,14.0,151967.0
CD4i_R2_D4_Stim8hr_NTC-146,NTC-146,CE0006864,Stim8hr,CD4i_R2,37.0,462263.0
CD4i_R2_D4_Stim8hr_NTC-147,NTC-147,CE0006864,Stim8hr,CD4i_R2,29.0,282814.0
CD4i_R2_D4_Stim8hr_NTC-148,NTC-148,CE0006864,Stim8hr,CD4i_R2,68.0,946329.0
CD4i_R2_D4_Stim8hr_NTC-149,NTC-149,CE0006864,Stim8hr,CD4i_R2,247.0,2733685.0
CD4i_R2_D4_Stim8hr_NTC-150,NTC-150,CE0006864,Stim8hr,CD4i_R2,64.0,642456.0
CD4i_R2_D4_Stim8hr_NTC-151,NTC-151,CE0006864,Stim8hr,CD4i_R2,115.0,1250216.0
CD4i_R2_D4_Stim8hr_NTC-152,NTC-152,CE0006864,Stim8hr,CD4i_R2,114.0,1209894.0
CD4i_R2_D4_Stim8hr_NTC-153,NTC-153,CE0006864,Stim8hr,CD4i_R2,157.0,1688992.0
CD4i_R2_D4_Stim8hr_NTC-154,NTC-154,CE0006864,Stim8hr,CD4i_R2,61.0,798483.0
CD4i_R2_D4_Stim8hr_NTC-155,NTC-155,CE0006864,Stim8hr,CD4i_R2,81.0,884827.0
CD4i_R2_D4_Stim8hr_NTC-156,NTC-156,CE0006864,Stim8hr,CD4i_R2,21.0,216240.0
CD4i_R2_D4_Stim8hr_NTC-157,NTC-157,CE0006864,Stim8hr,CD4i_R2,32.0,352677.0
CD4i_R2_D4_Stim8hr_NTC-158,NTC-158,CE0006864,Stim8hr,CD4i_R2,56.0,555876.0
CD4i_R2_D4_Stim8hr_NTC-159,NTC-159,CE0006864,Stim8hr,CD4i_R2,32.0,235142.0
CD4i_R2_D4_Stim8hr_NTC-160,NTC-160,CE0006864,Stim8hr,CD4i_R2,76.0,792348.0
CD4i_R2_D4_Stim8hr_NTC-161,NTC-161,CE0006864,Stim8hr,CD4i_R2,198.0,2117720.0
CD4i_R2_D4_Stim8hr_NTC-162,NTC-162,CE0006864,Stim8hr,CD4i_R2,21.0,163959.0
CD4i_R2_D4_Stim8hr_NTC-163,NTC-163,CE0006864,Stim8hr,CD4i_R2,59.0,682808.0
CD4i_R2_D4_Stim8hr_NTC-164,NTC-164,CE0006864,Stim8hr,CD4i_R2,76.0,881058.0
CD4i_R2_D4_Stim8hr_NTC-165,NTC-165,CE0006864,Stim8hr,CD4i_R2,12.0,132421.0
CD4i_R2_D4_Stim8hr_NTC-166,NTC-166,CE0006864,Stim8hr,CD4i_R2,306.0,4682592.0
CD4i_R2_D4_Stim8hr_NTC-167,NTC-167,CE0006864,Stim8hr,CD4i_R2,60.0,675402.0
CD4i_R2_D4_Stim8hr_NTC-168,NTC-168,CE0006864,Stim8hr,CD4i_R2,9.0,102773.0
CD4i_R2_D4_Stim8hr_NTC-169,NTC-169,CE0006864,Stim8hr,CD4i_R2,60.0,788317.0
CD4i_R2_D4_Stim8hr_NTC-170,NTC-170,CE0006864,Stim8hr,CD4i_R2,116.0,1271630.0
CD4i_R2_D4_Stim8hr_NTC-171,NTC-171,CE0006864,Stim8hr,CD4i_R2,31.0,378354.0
CD4i_R2_D4_Stim8hr_NTC-172,NTC-172,CE0006864,Stim8hr,CD4i_R2,26.0,254468.0
CD4i_R2_D4_Stim8hr_NTC-173,NTC-173,CE0006864,Stim8hr,CD4i_R2,51.0,579023.0
CD4i_R2_D4_Stim8hr_NTC-174,NTC-174,CE0006864,Stim8hr,CD4i_R2,74.0,852540.0
CD4i_R2_D4_Stim8hr_NTC-175,NTC-175,CE0006864,Stim8hr,CD4i_R2,108.0,1063773.0
CD4i_R2_D4_Stim8hr_NTC-176,NTC-176,CE0006864,Stim8hr,CD4i_R2,60.0,711942.0
CD4i_R2_D4_Stim8hr_NTC-177,NTC-177,CE0006864,Stim8hr,CD4i_R2,21.0,227845.0
CD4i_R2_D4_Stim8hr_NTC-178,NTC-178,CE0006864,Stim8hr,CD4i_R2,31.0,428157.0
CD4i_R2_D4_Stim8hr_NTC-179,NTC-179,CE0006864,Stim8hr,CD4i_R2,58.0,714672.0
CD4i_R2_D4_Stim8hr_NTC-180,NTC-180,CE0006864,Stim8hr,CD4i_R2,48.0,521650.0
CD4i_R2_D4_Stim8hr_NTC-181,NTC-181,CE0006864,Stim8hr,CD4i_R2,49.0,575218.0
CD4i_R2_D4_Stim8hr_NTC-182,NTC-182,CE0006864,Stim8hr,CD4i_R2,131.0,1506855.0
CD4i_R2_D4_Stim8hr_NTC-183,NTC-183,CE0006864,Stim8hr,CD4i_R2,41.0,458823.0
CD4i_R2_D4_Stim8hr_NTC-184,NTC-184,CE0006864,Stim8hr,CD4i_R2,98.0,1180684.0
CD4i_R2_D4_Stim8hr_NTC-185,NTC-185,CE0006864,Stim8hr,CD4i_R2,28.0,260052.0
CD4i_R2_D4_Stim8hr_NTC-186,NTC-186,CE0006864,Stim8hr,CD4i_R2,110.0,1108062.0
CD4i_R2_D4_Stim8hr_NTC-188,NTC-188,CE0006864,Stim8hr,CD4i_R2,48.0,461850.0
CD4i_R2_D4_Stim8hr_NTC-189,NTC-189,CE0006864,Stim8hr,CD4i_R2,34.0,321265.0
CD4i_R2_D4_Stim8hr_NTC-190,NTC-190,CE0006864,Stim8hr,CD4i_R2,63.0,499850.0
CD4i_R2_D4_Stim8hr_NTC-191,NTC-191,CE0006864,Stim8hr,CD4i_R2,99.0,1097747.0
CD4i_R2_D4_Stim8hr_NTC-192,NTC-192,CE0006864,Stim8hr,CD4i_R2,100.0,993737.0
CD4i_R2_D4_Stim8hr_NTC-193,NTC-193,CE0006864,Stim8hr,CD4i_R2,112.0,1262870.0
CD4i_R2_D4_Stim8hr_NTC-194,NTC-194,CE0006864,Stim8hr,CD4i_R2,30.0,263668.0
CD4i_R2_D4_Stim8hr_NTC-195,NTC-195,CE0006864,Stim8hr,CD4i_R2,181.0,2006800.0
CD4i_R2_D4_Stim8hr_NTC-196,NTC-196,CE0006864,Stim8hr,CD4i_R2,202.0,2258187.0
CD4i_R2_D4_Stim8hr_NTC-197,NTC-197,CE0006864,Stim8hr,CD4i_R2,129.0,1153995.0
CD4i_R2_D4_Stim8hr_NTC-198,NTC-198,CE0006864,Stim8hr,CD4i_R2,12.0,157326.0
CD4i_R2_D4_Stim8hr_NTC-199,NTC-199,CE0006864,Stim8hr,CD4i_R2,16.0,195751.0
CD4i_R2_D4_Stim8hr_NTC-200,NTC-200,CE0006864,Stim8hr,CD4i_R2,89.0,969102.0
CD4i_R2_D4_Stim8hr_NTC-201,NTC-201,CE0006864,Stim8hr,CD4i_R2,84.0,923333.0
CD4i_R2_D4_Stim8hr_NTC-202,NTC-202,CE0006864,Stim8hr,CD4i_R2,151.0,1627251.0
CD4i_R2_D4_Stim8hr_NTC-203,NTC-203,CE0006864,Stim8hr,CD4i_R2,102.0,1259768.0
CD4i_R2_D4_Stim8hr_NTC-204,NTC-204,CE0006864,Stim8hr,CD4i_R2,12.0,136705.0
CD4i_R2_D4_Stim8hr_NTC-205,NTC-205,CE0006864,Stim8hr,CD4i_R2,29.0,288811.0
CD4i_R2_D4_Stim8hr_NTC-206,NTC-206,CE0006864,Stim8hr,CD4i_R2,54.0,609460.0
CD4i_R2_D4_Stim8hr_NTC-207,NTC-207,CE0006864,Stim8hr,CD4i_R2,24.0,232933.0
CD4i_R2_D4_Stim8hr_NTC-208,NTC-208,CE0006864,Stim8hr,CD4i_R2,58.0,589242.0
CD4i_R2_D4_Stim8hr_NTC-209,NTC-209,CE0006864,Stim8hr,CD4i_R2,56.0,615120.0
CD4i_R2_D4_Stim8hr_NTC-210,NTC-210,CE0006864,Stim8hr,CD4i_R2,42.0,480151.0
CD4i_R2_D4_Stim8hr_NTC-211,NTC-211,CE0006864,Stim8hr,CD4i_R2,91.0,1157732.0
CD4i_R2_D4_Stim8hr_NTC-212,NTC-212,CE0006864,Stim8hr,CD4i_R2,71.0,880420.0
CD4i_R2_D4_Stim8hr_NTC-213,NTC-213,CE0006864,Stim8hr,CD4i_R2,80.0,828196.0
CD4i_R2_D4_Stim8hr_NTC-214,NTC-214,CE0006864,Stim8hr,CD4i_R2,44.0,502133.0
CD4i_R2_D4_Stim8hr_NTC-215,NTC-215,CE0006864,Stim8hr,CD4i_R2,32.0,336851.0
CD4i_R2_D4_Stim8hr_NTC-216,NTC-216,CE0006864,Stim8hr,CD4i_R2,28.0,305527.0
CD4i_R2_D4_Stim8hr_NTC-217,NTC-217,CE0006864,Stim8hr,CD4i_R2,53.0,608507.0
CD4i_R2_D4_Stim8hr_NTC-218,NTC-218,CE0006864,Stim8hr,CD4i_R2,8.0,89135.0
CD4i_R2_D4_Stim8hr_NTC-219,NTC-219,CE0006864,Stim8hr,CD4i_R2,100.0,960848.0
CD4i_R2_D4_Stim8hr_NTC-220,NTC-220,CE0006864,Stim8hr,CD4i_R2,73.0,820990.0
CD4i_R2_D4_Stim8hr_NTC-221,NTC-221,CE0006864,Stim8hr,CD4i_R2,18.0,227910.0
CD4i_R2_D4_Stim8hr_NTC-222,NTC-222,CE0006864,Stim8hr,CD4i_R2,75.0,675324.0
CD4i_R2_D4_Stim8hr_NTC-224,NTC-224,CE0006864,Stim8hr,CD4i_R2,45.0,537729.0
CD4i_R2_D4_Stim8hr_NTC-225,NTC-225,CE0006864,Stim8hr,CD4i_R2,50.0,554005.0
CD4i_R2_D4_Stim8hr_NTC-226,NTC-226,CE0006864,Stim8hr,CD4i_R2,118.0,1337932.0
CD4i_R2_D4_Stim8hr_NTC-227,NTC-227,CE0006864,Stim8hr,CD4i_R2,46.0,451071.0
CD4i_R2_D4_Stim8hr_NTC-228,NTC-228,CE0006864,Stim8hr,CD4i_R2,116.0,1400935.0
CD4i_R2_D4_Stim8hr_NTC-229,NTC-229,CE0006864,Stim8hr,CD4i_R2,65.0,731024.0
CD4i_R2_D4_Stim8hr_NTC-230,NTC-230,CE0006864,Stim8hr,CD4i_R2,38.0,456917.0
CD4i_R2_D4_Stim8hr_NTC-231,NTC-231,CE0006864,Stim8hr,CD4i_R2,19.0,156174.0
CD4i_R2_D4_Stim8hr_NTC-232,NTC-232,CE0006864,Stim8hr,CD4i_R2,74.0,860664.0
CD4i_R2_D4_Stim8hr_NTC-233,NTC-233,CE0006864,Stim8hr,CD4i_R2,110.0,1133985.0
CD4i_R2_D4_Stim8hr_NTC-234,NTC-234,CE0006864,Stim8hr,CD4i_R2,34.0,383461.0
CD4i_R2_D4_Stim8hr_NTC-235,NTC-235,CE0006864,Stim8hr,CD4i_R2,85.0,1003334.0
CD4i_R2_D4_Stim8hr_NTC-236,NTC-236,CE0006864,Stim8hr,CD4i_R2,20.0,130357.0
CD4i_R2_D4_Stim8hr_NTC-237,NTC-237,CE0006864,Stim8hr,CD4i_R2,64.0,724912.0
CD4i_R2_D4_Stim8hr_NTC-238,NTC-238,CE0006864,Stim8hr,CD4i_R2,47.0,553562.0
CD4i_R2_D4_Stim8hr_NTC-239,NTC-239,CE0006864,Stim8hr,CD4i_R2,89.0,1217646.0
CD4i_R2_D4_Stim8hr_NTC-240,NTC-240,CE0006864,Stim8hr,CD4i_R2,50.0,521203.0
CD4i_R2_D4_Stim8hr_NTC-241,NTC-241,CE0006864,Stim8hr,CD4i_R2,92.0,1074905.0
CD4i_R2_D4_Stim8hr_NTC-242,NTC-242,CE0006864,Stim8hr,CD4i_R2,92.0,970835.0
CD4i_R2_D4_Stim8hr_NTC-243,NTC-243,CE0006864,Stim8hr,CD4i_R2,57.0,540962.0
CD4i_R2_D4_Stim8hr_NTC-244,NTC-244,CE0006864,Stim8hr,CD4i_R2,98.0,995481.0
CD4i_R2_D4_Stim8hr_NTC-245,NTC-245,CE0006864,Stim8hr,CD4i_R2,107.0,1151502.0
CD4i_R2_D4_Stim8hr_NTC-246,NTC-246,CE0006864,Stim8hr,CD4i_R2,258.0,2565922.0
CD4i_R2_D4_Stim8hr_NTC-247,NTC-247,CE0006864,Stim8hr,CD4i_R2,24.0,283090.0
CD4i_R2_D4_Stim8hr_NTC-248,NTC-248,CE0006864,Stim8hr,CD4i_R2,86.0,816999.0
CD4i_R2_D4_Stim8hr_NTC-249,NTC-249,CE0006864,Stim8hr,CD4i_R2,113.0,1289015.0
CD4i_R2_D4_Stim8hr_NTC-250,NTC-250,CE0006864,Stim8hr,CD4i_R2,44.0,422459.0
CD4i_R2_D4_Stim8hr_NTC-251,NTC-251,CE0006864,Stim8hr,CD4i_R2,84.0,685243.0
CD4i_R2_D4_Stim8hr_NTC-252,NTC-252,CE0006864,Stim8hr,CD4i_R2,91.0,1126207.0
CD4i_R2_D4_Stim8hr_NTC-253,NTC-253,CE0006864,Stim8hr,CD4i_R2,19.0,190063.0
CD4i_R2_D4_Stim8hr_NTC-254,NTC-254,CE0006864,Stim8hr,CD4i_R2,59.0,755946.0
CD4i_R2_D4_Stim8hr_NTC-256,NTC-256,CE0006864,Stim8hr,CD4i_R2,50.0,558146.0
CD4i_R2_D4_Stim8hr_NTC-257,NTC-257,CE0006864,Stim8hr,CD4i_R2,112.0,1392092.0
CD4i_R2_D4_Stim8hr_NTC-258,NTC-258,CE0006864,Stim8hr,CD4i_R2,54.0,569962.0
CD4i_R2_D4_Stim8hr_NTC-259,NTC-259,CE0006864,Stim8hr,CD4i_R2,7.0,66775.0
CD4i_R2_D4_Stim8hr_NTC-260,NTC-260,CE0006864,Stim8hr,CD4i_R2,162.0,1683726.0
CD4i_R2_D4_Stim8hr_NTC-261,NTC-261,CE0006864,Stim8hr,CD4i_R2,31.0,288485.0
CD4i_R2_D4_Stim8hr_NTC-262,NTC-262,CE0006864,Stim8hr,CD4i_R2,104.0,1232627.0
CD4i_R2_D4_Stim8hr_NTC-263,NTC-263,CE0006864,Stim8hr,CD4i_R2,115.0,1121396.0
CD4i_R2_D4_Stim8hr_NTC-264,NTC-264,CE0006864,Stim8hr,CD4i_R2,75.0,662930.0
CD4i_R2_D4_Stim8hr_NTC-265,NTC-265,CE0006864,Stim8hr,CD4i_R2,79.0,921529.0
CD4i_R2_D4_Stim8hr_NTC-266,NTC-266,CE0006864,Stim8hr,CD4i_R2,58.0,572060.0
CD4i_R2_D4_Stim8hr_NTC-267,NTC-267,CE0006864,Stim8hr,CD4i_R2,34.0,373299.0
CD4i_R2_D4_Stim8hr_NTC-268,NTC-268,CE0006864,Stim8hr,CD4i_R2,120.0,1325206.0
CD4i_R2_D4_Stim8hr_NTC-269,NTC-269,CE0006864,Stim8hr,CD4i_R2,72.0,874128.0
CD4i_R2_D4_Stim8hr_NTC-270,NTC-270,CE0006864,Stim8hr,CD4i_R2,112.0,1039984.0
CD4i_R2_D4_Stim8hr_NTC-271,NTC-271,CE0006864,Stim8hr,CD4i_R2,50.0,492487.0
CD4i_R2_D4_Stim8hr_NTC-272,NTC-272,CE0006864,Stim8hr,CD4i_R2,25.0,269589.0
CD4i_R2_D4_Stim8hr_NTC-273,NTC-273,CE0006864,Stim8hr,CD4i_R2,62.0,562173.0
CD4i_R2_D4_Stim8hr_NTC-274,NTC-274,CE0006864,Stim8hr,CD4i_R2,56.0,524707.0
CD4i_R2_D4_Stim8hr_NTC-275,NTC-275,CE0006864,Stim8hr,CD4i_R2,161.0,1748075.0
CD4i_R2_D4_Stim8hr_NTC-276,NTC-276,CE0006864,Stim8hr,CD4i_R2,200.0,2231549.0
CD4i_R2_D4_Stim8hr_NTC-277,NTC-277,CE0006864,Stim8hr,CD4i_R2,37.0,364115.0
CD4i_R2_D4_Stim8hr_NTC-278,NTC-278,CE0006864,Stim8hr,CD4i_R2,131.0,1562422.0
CD4i_R2_D4_Stim8hr_NTC-279,NTC-279,CE0006864,Stim8hr,CD4i_R2,178.0,1919883.0
CD4i_R2_D4_Stim8hr_NTC-280,NTC-280,CE0006864,Stim8hr,CD4i_R2,73.0,736175.0
CD4i_R2_D4_Stim8hr_NTC-281,NTC-281,CE0006864,Stim8hr,CD4i_R2,191.0,1814932.0
CD4i_R2_D4_Stim8hr_NTC-282,NTC-282,CE0006864,Stim8hr,CD4i_R2,82.0,897468.0
CD4i_R2_D4_Stim8hr_NTC-283,NTC-283,CE0006864,Stim8hr,CD4i_R2,73.0,845633.0
CD4i_R2_D4_Stim8hr_NTC-285,NTC-285,CE0006864,Stim8hr,CD4i_R2,48.0,513300.0
CD4i_R2_D4_Stim8hr_NTC-286,NTC-286,CE0006864,Stim8hr,CD4i_R2,53.0,586401.0
CD4i_R2_D4_Stim8hr_NTC-287,NTC-287,CE0006864,Stim8hr,CD4i_R2,82.0,940766.0
CD4i_R2_D4_Stim8hr_NTC-288,NTC-288,CE0006864,Stim8hr,CD4i_R2,122.0,1525245.0
CD4i_R2_D4_Stim8hr_NTC-289,NTC-289,CE0006864,Stim8hr,CD4i_R2,19.0,200123.0
CD4i_R2_D4_Stim8hr_NTC-290,NTC-290,CE0006864,Stim8hr,CD4i_R2,34.0,345858.0
CD4i_R2_D4_Stim8hr_NTC-291,NTC-291,CE0006864,Stim8hr,CD4i_R2,189.0,1795575.0
CD4i_R2_D4_Stim8hr_NTC-292,NTC-292,CE0006864,Stim8hr,CD4i_R2,158.0,1501357.0
CD4i_R2_D4_Stim8hr_NTC-293,NTC-293,CE0006864,Stim8hr,CD4i_R2,89.0,940522.0
CD4i_R2_D4_Stim8hr_NTC-294,NTC-294,CE0006864,Stim8hr,CD4i_R2,80.0,922881.0
CD4i_R2_D4_Stim8hr_NTC-295,NTC-295,CE0006864,Stim8hr,CD4i_R2,82.0,901664.0
CD4i_R2_D4_Stim8hr_NTC-296,NTC-296,CE0006864,Stim8hr,CD4i_R2,89.0,1051126.0
CD4i_R2_D4_Stim8hr_NTC-297,NTC-297,CE0006864,Stim8hr,CD4i_R2,47.0,500635.0
CD4i_R2_D4_Stim8hr_NTC-298,NTC-298,CE0006864,Stim8hr,CD4i_R2,127.0,1336579.0
CD4i_R2_D4_Stim8hr_NTC-299,NTC-299,CE0006864,Stim8hr,CD4i_R2,100.0,1081216.0
CD4i_R2_D4_Stim8hr_NTC-300,NTC-300,CE0006864,Stim8hr,CD4i_R2,42.0,449860.0
CD4i_R2_D4_Stim8hr_NTC-301,NTC-301,CE0006864,Stim8hr,CD4i_R2,84.0,969240.0
CD4i_R2_D4_Stim8hr_NTC-302,NTC-302,CE0006864,Stim8hr,CD4i_R2,153.0,1705835.0
CD4i_R2_D4_Stim8hr_NTC-303,NTC-303,CE0006864,Stim8hr,CD4i_R2,81.0,741715.0
CD4i_R2_D4_Stim8hr_NTC-304,NTC-304,CE0006864,Stim8hr,CD4i_R2,95.0,940557.0
CD4i_R2_D4_Stim8hr_NTC-305,NTC-305,CE0006864,Stim8hr,CD4i_R2,78.0,659192.0
CD4i_R2_D4_Stim8hr_NTC-306,NTC-306,CE0006864,Stim8hr,CD4i_R2,31.0,268559.0
CD4i_R2_D4_Stim8hr_NTC-307,NTC-307,CE0006864,Stim8hr,CD4i_R2,19.0,229493.0
CD4i_R2_D4_Stim8hr_NTC-309,NTC-309,CE0006864,Stim8hr,CD4i_R2,32.0,320185.0
CD4i_R2_D4_Stim8hr_NTC-310,NTC-310,CE0006864,Stim8hr,CD4i_R2,118.0,1219126.0
CD4i_R2_D4_Stim8hr_NTC-311,NTC-311,CE0006864,Stim8hr,CD4i_R2,39.0,358577.0
CD4i_R2_D4_Stim8hr_NTC-312,NTC-312,CE0006864,Stim8hr,CD4i_R2,57.0,718562.0
CD4i_R2_D4_Stim8hr_NTC-313,NTC-313,CE0006864,Stim8hr,CD4i_R2,38.0,360428.0
CD4i_R2_D4_Stim8hr_NTC-314,NTC-314,CE0006864,Stim8hr,CD4i_R2,70.0,755713.0
CD4i_R2_D4_Stim8hr_NTC-315,NTC-315,CE0006864,Stim8hr,CD4i_R2,63.0,586911.0
CD4i_R2_D4_Stim8hr_NTC-316,NTC-316,CE0006864,Stim8hr,CD4i_R2,77.0,773061.0
CD4i_R2_D4_Stim8hr_NTC-317,NTC-317,CE0006864,Stim8hr,CD4i_R2,120.0,1137100.0
CD4i_R2_D4_Stim8hr_NTC-318,NTC-318,CE0006864,Stim8hr,CD4i_R2,59.0,491595.0
CD4i_R2_D4_Stim8hr_NTC-319,NTC-319,CE0006864,Stim8hr,CD4i_R2,48.0,576034.0
CD4i_R2_D4_Stim8hr_NTC-320,NTC-320,CE0006864,Stim8hr,CD4i_R2,52.0,497120.0
CD4i_R2_D4_Stim8hr_NTC-321,NTC-321,CE0006864,Stim8hr,CD4i_R2,37.0,350528.0
CD4i_R2_D4_Stim8hr_NTC-322,NTC-322,CE0006864,Stim8hr,CD4i_R2,136.0,1575120.0
CD4i_R2_D4_Stim8hr_NTC-323,NTC-323,CE0006864,Stim8hr,CD4i_R2,53.0,543139.0
CD4i_R2_D4_Stim8hr_NTC-324,NTC-324,CE0006864,Stim8hr,CD4i_R2,40.0,365514.0
CD4i_R2_D4_Stim8hr_NTC-325,NTC-325,CE0006864,Stim8hr,CD4i_R2,60.0,630282.0
CD4i_R2_D4_Stim8hr_NTC-326,NTC-326,CE0006864,Stim8hr,CD4i_R2,82.0,811381.0
CD4i_R2_D4_Stim8hr_NTC-327,NTC-327,CE0006864,Stim8hr,CD4i_R2,94.0,1132206.0
CD4i_R2_D4_Stim8hr_NTC-328,NTC-328,CE0006864,Stim8hr,CD4i_R2,53.0,812057.0
CD4i_R2_D4_Stim8hr_NTC-329,NTC-329,CE0006864,Stim8hr,CD4i_R2,95.0,1138914.0
CD4i_R2_D4_Stim8hr_NTC-331,NTC-331,CE0006864,Stim8hr,CD4i_R2,61.0,679414.0
CD4i_R2_D4_Stim8hr_NTC-332,NTC-332,CE0006864,Stim8hr,CD4i_R2,139.0,1444180.0
CD4i_R2_D4_Stim8hr_NTC-333,NTC-333,CE0006864,Stim8hr,CD4i_R2,12.0,158358.0
CD4i_R2_D4_Stim8hr_NTC-334,NTC-334,CE0006864,Stim8hr,CD4i_R2,81.0,736733.0
CD4i_R2_D4_Stim8hr_NTC-335,NTC-335,CE0006864,Stim8hr,CD4i_R2,18.0,241465.0
CD4i_R2_D4_Stim8hr_NTC-336,NTC-336,CE0006864,Stim8hr,CD4i_R2,41.0,476096.0
CD4i_R2_D4_Stim8hr_NTC-337,NTC-337,CE0006864,Stim8hr,CD4i_R2,62.0,679894.0
CD4i_R2_D4_Stim8hr_NTC-338,NTC-338,CE0006864,Stim8hr,CD4i_R2,163.0,1625192.0
CD4i_R2_D4_Stim8hr_NTC-339,NTC-339,CE0006864,Stim8hr,CD4i_R2,45.0,421110.0
CD4i_R2_D4_Stim8hr_NTC-340,NTC-340,CE0006864,Stim8hr,CD4i_R2,79.0,850879.0
CD4i_R2_D4_Stim8hr_NTC-341,NTC-341,CE0006864,Stim8hr,CD4i_R2,41.0,388361.0
CD4i_R2_D4_Stim8hr_NTC-342,NTC-342,CE0006864,Stim8hr,CD4i_R2,75.0,615884.0
CD4i_R2_D4_Stim8hr_NTC-343,NTC-343,CE0006864,Stim8hr,CD4i_R2,92.0,913092.0
CD4i_R2_D4_Stim8hr_NTC-344,NTC-344,CE0006864,Stim8hr,CD4i_R2,63.0,734140.0
CD4i_R2_D4_Stim8hr_NTC-345,NTC-345,CE0006864,Stim8hr,CD4i_R2,23.0,302307.0
CD4i_R2_D4_Stim8hr_NTC-346,NTC-346,CE0006864,Stim8hr,CD4i_R2,101.0,1118719.0
CD4i_R2_D4_Stim8hr_NTC-347,NTC-347,CE0006864,Stim8hr,CD4i_R2,106.0,1034641.0
CD4i_R2_D4_Stim8hr_NTC-348,NTC-348,CE0006864,Stim8hr,CD4i_R2,112.0,1508518.0
CD4i_R2_D4_Stim8hr_NTC-349,NTC-349,CE0006864,Stim8hr,CD4i_R2,107.0,1103549.0
CD4i_R2_D4_Stim8hr_NTC-350,NTC-350,CE0006864,Stim8hr,CD4i_R2,34.0,348235.0
CD4i_R2_D4_Stim8hr_NTC-351,NTC-351,CE0006864,Stim8hr,CD4i_R2,122.0,1291668.0
CD4i_R2_D4_Stim8hr_NTC-352,NTC-352,CE0006864,Stim8hr,CD4i_R2,84.0,863012.0
CD4i_R2_D4_Stim8hr_NTC-353,NTC-353,CE0006864,Stim8hr,CD4i_R2,79.0,1005943.0
CD4i_R2_D4_Stim8hr_NTC-354,NTC-354,CE0006864,Stim8hr,CD4i_R2,77.0,803489.0
CD4i_R2_D4_Stim8hr_NTC-355,NTC-355,CE0006864,Stim8hr,CD4i_R2,135.0,1435964.0
CD4i_R2_D4_Stim8hr_NTC-356,NTC-356,CE0006864,Stim8hr,CD4i_R2,62.0,752497.0
CD4i_R2_D4_Stim8hr_NTC-357,NTC-357,CE0006864,Stim8hr,CD4i_R2,54.0,652962.0
CD4i_R2_D4_Stim8hr_NTC-358,NTC-358,CE0006864,Stim8hr,CD4i_R2,69.0,784172.0
CD4i_R2_D4_Stim8hr_NTC-359,NTC-359,CE0006864,Stim8hr,CD4i_R2,53.0,506587.0
CD4i_R2_D4_Stim8hr_NTC-360,NTC-360,CE0006864,Stim8hr,CD4i_R2,90.0,994926.0
CD4i_R2_D4_Stim8hr_NTC-361,NTC-361,CE0006864,Stim8hr,CD4i_R2,44.0,446214.0
CD4i_R2_D4_Stim8hr_NTC-362,NTC-362,CE0006864,Stim8hr,CD4i_R2,46.0,561708.0
CD4i_R2_D4_Stim8hr_NTC-363,NTC-363,CE0006864,Stim8hr,CD4i_R2,133.0,1370884.0
CD4i_R2_D4_Stim8hr_NTC-365,NTC-365,CE0006864,Stim8hr,CD4i_R2,43.0,438384.0
CD4i_R2_D4_Stim8hr_NTC-366,NTC-366,CE0006864,Stim8hr,CD4i_R2,186.0,2222126.0
CD4i_R2_D4_Stim8hr_NTC-367,NTC-367,CE0006864,Stim8hr,CD4i_R2,172.0,2229598.0
CD4i_R2_D4_Stim8hr_NTC-368,NTC-368,CE0006864,Stim8hr,CD4i_R2,35.0,396452.0
CD4i_R2_D4_Stim8hr_NTC-369,NTC-369,CE0006864,Stim8hr,CD4i_R2,140.0,1693337.0
CD4i_R2_D4_Stim8hr_NTC-370,NTC-370,CE0006864,Stim8hr,CD4i_R2,77.0,781083.0
CD4i_R2_D4_Stim8hr_NTC-371,NTC-371,CE0006864,Stim8hr,CD4i_R2,41.0,450809.0
CD4i_R2_D4_Stim8hr_NTC-372,NTC-372,CE0006864,Stim8hr,CD4i_R2,112.0,1498604.0
CD4i_R2_D4_Stim8hr_NTC-373,NTC-373,CE0006864,Stim8hr,CD4i_R2,60.0,586365.0
CD4i_R2_D4_Stim8hr_NTC-374,NTC-374,CE0006864,Stim8hr,CD4i_R2,73.0,627653.0
CD4i_R2_D4_Stim8hr_NTC-375,NTC-375,CE0006864,Stim8hr,CD4i_R2,26.0,238396.0
CD4i_R2_D4_Stim8hr_NTC-376,NTC-376,CE0006864,Stim8hr,CD4i_R2,138.0,1378978.0
CD4i_R2_D4_Stim8hr_NTC-377,NTC-377,CE0006864,Stim8hr,CD4i_R2,145.0,1543476.0
CD4i_R2_D4_Stim8hr_NTC-378,NTC-378,CE0006864,Stim8hr,CD4i_R2,154.0,1637016.0
CD4i_R2_D4_Stim8hr_NTC-379,NTC-379,CE0006864,Stim8hr,CD4i_R2,32.0,319848.0
CD4i_R2_D4_Stim8hr_NTC-380,NTC-380,CE0006864,Stim8hr,CD4i_R2,130.0,1416779.0
CD4i_R2_D4_Stim8hr_NTC-381,NTC-381,CE0006864,Stim8hr,CD4i_R2,93.0,816842.0
CD4i_R2_D4_Stim8hr_NTC-382,NTC-382,CE0006864,Stim8hr,CD4i_R2,87.0,1023421.0
CD4i_R2_D4_Stim8hr_NTC-383,NTC-383,CE0006864,Stim8hr,CD4i_R2,41.0,376911.0
CD4i_R2_D4_Stim8hr_NTC-384,NTC-384,CE0006864,Stim8hr,CD4i_R2,38.0,456693.0
CD4i_R2_D4_Stim8hr_NTC-386,NTC-386,CE0006864,Stim8hr,CD4i_R2,36.0,362276.0
CD4i_R2_D4_Stim8hr_NTC-387,NTC-387,CE0006864,Stim8hr,CD4i_R2,81.0,882265.0
CD4i_R2_D4_Stim8hr_NTC-388,NTC-388,CE0006864,Stim8hr,CD4i_R2,144.0,1424531.0
CD4i_R2_D4_Stim8hr_NTC-389,NTC-389,CE0006864,Stim8hr,CD4i_R2,89.0,967868.0
CD4i_R2_D4_Stim8hr_NTC-390,NTC-390,CE0006864,Stim8hr,CD4i_R2,55.0,690650.0
CD4i_R2_D4_Stim8hr_NTC-391,NTC-391,CE0006864,Stim8hr,CD4i_R2,74.0,748724.0
CD4i_R2_D4_Stim8hr_NTC-392,NTC-392,CE0006864,Stim8hr,CD4i_R2,29.0,341413.0
CD4i_R2_D4_Stim8hr_NTC-393,NTC-393,CE0006864,Stim8hr,CD4i_R2,85.0,981313.0
CD4i_R2_D4_Stim8hr_NTC-394,NTC-394,CE0006864,Stim8hr,CD4i_R2,21.0,324970.0
CD4i_R2_D4_Stim8hr_NTC-395,NTC-395,CE0006864,Stim8hr,CD4i_R2,33.0,468869.0
CD4i_R2_D4_Stim8hr_NTC-396,NTC-396,CE0006864,Stim8hr,CD4i_R2,25.0,197903.0
CD4i_R2_D4_Stim8hr_NTC-397,NTC-397,CE0006864,Stim8hr,CD4i_R2,71.0,707304.0
CD4i_R2_D4_Stim8hr_NTC-398,NTC-398,CE0006864,Stim8hr,CD4i_R2,20.0,174521.0
CD4i_R2_D4_Stim8hr_NTC-399,NTC-399,CE0006864,Stim8hr,CD4i_R2,83.0,869824.0
CD4i_R2_D4_Stim8hr_NTC-401,NTC-401,CE0006864,Stim8hr,CD4i_R2,40.0,341841.0
CD4i_R2_D4_Stim8hr_NTC-402,NTC-402,CE0006864,Stim8hr,CD4i_R2,91.0,905667.0
CD4i_R2_D4_Stim8hr_NTC-403,NTC-403,CE0006864,Stim8hr,CD4i_R2,55.0,550252.0
CD4i_R2_D4_Stim8hr_NTC-404,NTC-404,CE0006864,Stim8hr,CD4i_R2,81.0,832701.0
CD4i_R2_D4_Stim8hr_NTC-405,NTC-405,CE0006864,Stim8hr,CD4i_R2,65.0,632732.0
CD4i_R2_D4_Stim8hr_NTC-406,NTC-406,CE0006864,Stim8hr,CD4i_R2,37.0,319286.0
CD4i_R2_D4_Stim8hr_NTC-407,NTC-407,CE0006864,Stim8hr,CD4i_R2,36.0,493658.0
CD4i_R2_D4_Stim8hr_NTC-408,NTC-408,CE0006864,Stim8hr,CD4i_R2,53.0,582134.0
CD4i_R2_D4_Stim8hr_NTC-409,NTC-409,CE0006864,Stim8hr,CD4i_R2,123.0,1162861.0
CD4i_R2_D4_Stim8hr_NTC-410,NTC-410,CE0006864,Stim8hr,CD4i_R2,104.0,1043358.0
CD4i_R2_D4_Stim8hr_NTC-411,NTC-411,CE0006864,Stim8hr,CD4i_R2,125.0,1434364.0
CD4i_R2_D4_Stim8hr_NTC-412,NTC-412,CE0006864,Stim8hr,CD4i_R2,138.0,1612887.0
CD4i_R2_D4_Stim8hr_NTC-413,NTC-413,CE0006864,Stim8hr,CD4i_R2,138.0,1409688.0
CD4i_R2_D4_Stim8hr_NTC-414,NTC-414,CE0006864,Stim8hr,CD4i_R2,54.0,457273.0
CD4i_R2_D4_Stim8hr_NTC-415,NTC-415,CE0006864,Stim8hr,CD4i_R2,101.0,1051143.0
CD4i_R2_D4_Stim8hr_NTC-416,NTC-416,CE0006864,Stim8hr,CD4i_R2,85.0,881803.0
CD4i_R2_D4_Stim8hr_NTC-417,NTC-417,CE0006864,Stim8hr,CD4i_R2,27.0,254483.0
CD4i_R2_D4_Stim8hr_NTC-418,NTC-418,CE0006864,Stim8hr,CD4i_R2,59.0,653549.0
CD4i_R2_D4_Stim8hr_NTC-419,NTC-419,CE0006864,Stim8hr,CD4i_R2,64.0,621177.0
CD4i_R2_D4_Stim8hr_NTC-420,NTC-420,CE0006864,Stim8hr,CD4i_R2,57.0,692877.0
CD4i_R2_D4_Stim8hr_NTC-421,NTC-421,CE0006864,Stim8hr,CD4i_R2,64.0,628097.0
CD4i_R2_D4_Stim8hr_NTC-422,NTC-422,CE0006864,Stim8hr,CD4i_R2,135.0,1604918.0
CD4i_R2_D4_Stim8hr_NTC-423,NTC-423,CE0006864,Stim8hr,CD4i_R2,61.0,530450.0
CD4i_R2_D4_Stim8hr_NTC-424,NTC-424,CE0006864,Stim8hr,CD4i_R2,16.0,129001.0
CD4i_R2_D4_Stim8hr_NTC-425,NTC-425,CE0006864,Stim8hr,CD4i_R2,335.0,3821352.0
CD4i_R2_D4_Stim8hr_NTC-426,NTC-426,CE0006864,Stim8hr,CD4i_R2,94.0,1104831.0
CD4i_R2_D4_Stim8hr_NTC-427,NTC-427,CE0006864,Stim8hr,CD4i_R2,78.0,826289.0
CD4i_R2_D4_Stim8hr_NTC-428,NTC-428,CE0006864,Stim8hr,CD4i_R2,25.0,305426.0
CD4i_R2_D4_Stim8hr_NTC-429,NTC-429,CE0006864,Stim8hr,CD4i_R2,41.0,428752.0
CD4i_R2_D4_Stim8hr_NTC-430,NTC-430,CE0006864,Stim8hr,CD4i_R2,97.0,1029156.0
CD4i_R2_D4_Stim8hr_NTC-431,NTC-431,CE0006864,Stim8hr,CD4i_R2,144.0,1729488.0
CD4i_R2_D4_Stim8hr_NTC-432,NTC-432,CE0006864,Stim8hr,CD4i_R2,38.0,376748.0
CD4i_R2_D4_Stim8hr_NTC-433,NTC-433,CE0006864,Stim8hr,CD4i_R2,81.0,820093.0
CD4i_R2_D4_Stim8hr_NTC-434,NTC-434,CE0006864,Stim8hr,CD4i_R2,104.0,1165897.0
CD4i_R2_D4_Stim8hr_NTC-435,NTC-435,CE0006864,Stim8hr,CD4i_R2,59.0,670052.0
CD4i_R2_D4_Stim8hr_NTC-436,NTC-436,CE0006864,Stim8hr,CD4i_R2,72.0,943323.0
CD4i_R2_D4_Stim8hr_NTC-437,NTC-437,CE0006864,Stim8hr,CD4i_R2,103.0,1009783.0
CD4i_R2_D4_Stim8hr_NTC-438,NTC-438,CE0006864,Stim8hr,CD4i_R2,59.0,566336.0
CD4i_R2_D4_Stim8hr_NTC-439,NTC-439,CE0006864,Stim8hr,CD4i_R2,24.0,231621.0
CD4i_R2_D4_Stim8hr_NTC-441,NTC-441,CE0006864,Stim8hr,CD4i_R2,53.0,555956.0
CD4i_R2_D4_Stim8hr_NTC-442,NTC-442,CE0006864,Stim8hr,CD4i_R2,40.0,364745.0
CD4i_R2_D4_Stim8hr_NTC-443,NTC-443,CE0006864,Stim8hr,CD4i_R2,91.0,838609.0
CD4i_R2_D4_Stim8hr_NTC-444,NTC-444,CE0006864,Stim8hr,CD4i_R2,57.0,597004.0
CD4i_R2_D4_Stim8hr_NTC-445,NTC-445,CE0006864,Stim8hr,CD4i_R2,35.0,388740.0
CD4i_R2_D4_Stim8hr_NTC-446,NTC-446,CE0006864,Stim8hr,CD4i_R2,95.0,1074184.0
CD4i_R2_D4_Stim8hr_NTC-447,NTC-447,CE0006864,Stim8hr,CD4i_R2,25.0,250435.0
CD4i_R2_D4_Stim8hr_NTC-448,NTC-448,CE0006864,Stim8hr,CD4i_R2,42.0,489073.0
CD4i_R2_D4_Stim8hr_NTC-449,NTC-449,CE0006864,Stim8hr,CD4i_R2,104.0,1118551.0
CD4i_R2_D4_Stim8hr_NTC-450,NTC-450,CE0006864,Stim8hr,CD4i_R2,46.0,638562.0
CD4i_R2_D4_Stim8hr_NTC-451,NTC-451,CE0006864,Stim8hr,CD4i_R2,40.0,344520.0
CD4i_R2_D4_Stim8hr_NTC-452,NTC-452,CE0006864,Stim8hr,CD4i_R2,113.0,1083993.0
CD4i_R2_D4_Stim8hr_NTC-453,NTC-453,CE0006864,Stim8hr,CD4i_R2,26.0,286485.0
CD4i_R2_D4_Stim8hr_NTC-454,NTC-454,CE0006864,Stim8hr,CD4i_R2,77.0,802038.0
CD4i_R2_D4_Stim8hr_NTC-455,NTC-455,CE0006864,Stim8hr,CD4i_R2,35.0,361688.0
CD4i_R2_D4_Stim8hr_NTC-456,NTC-456,CE0006864,Stim8hr,CD4i_R2,34.0,361835.0
CD4i_R2_D4_Stim8hr_NTC-457,NTC-457,CE0006864,Stim8hr,CD4i_R2,92.0,1003897.0
CD4i_R2_D4_Stim8hr_NTC-458,NTC-458,CE0006864,Stim8hr,CD4i_R2,65.0,674499.0
CD4i_R2_D4_Stim8hr_NTC-459,NTC-459,CE0006864,Stim8hr,CD4i_R2,151.0,1640722.0
CD4i_R2_D4_Stim8hr_NTC-460,NTC-460,CE0006864,Stim8hr,CD4i_R2,96.0,1091405.0
CD4i_R2_D4_Stim8hr_NTC-461,NTC-461,CE0006864,Stim8hr,CD4i_R2,63.0,741640.0
CD4i_R2_D4_Stim8hr_NTC-462,NTC-462,CE0006864,Stim8hr,CD4i_R2,99.0,995178.0
CD4i_R2_D4_Stim8hr_NTC-463,NTC-463,CE0006864,Stim8hr,CD4i_R2,73.0,830618.0
CD4i_R2_D4_Stim8hr_NTC-464,NTC-464,CE0006864,Stim8hr,CD4i_R2,61.0,707140.0
CD4i_R2_D4_Stim8hr_NTC-465,NTC-465,CE0006864,Stim8hr,CD4i_R2,109.0,1295658.0
CD4i_R2_D4_Stim8hr_NTC-466,NTC-466,CE0006864,Stim8hr,CD4i_R2,50.0,583113.0
CD4i_R2_D4_Stim8hr_NTC-467,NTC-467,CE0006864,Stim8hr,CD4i_R2,63.0,655488.0
CD4i_R2_D4_Stim8hr_NTC-468,NTC-468,CE0006864,Stim8hr,CD4i_R2,88.0,1190182.0
CD4i_R2_D4_Stim8hr_NTC-469,NTC-469,CE0006864,Stim8hr,CD4i_R2,99.0,1292151.0
CD4i_R2_D4_Stim8hr_NTC-470,NTC-470,CE0006864,Stim8hr,CD4i_R2,192.0,2601799.0
CD4i_R2_D4_Stim8hr_NTC-471,NTC-471,CE0006864,Stim8hr,CD4i_R2,122.0,1357057.0
CD4i_R2_D4_Stim8hr_NTC-473,NTC-473,CE0006864,Stim8hr,CD4i_R2,27.0,289449.0
CD4i_R2_D4_Stim8hr_NTC-474,NTC-474,CE0006864,Stim8hr,CD4i_R2,99.0,1063714.0
CD4i_R2_D4_Stim8hr_NTC-475,NTC-475,CE0006864,Stim8hr,CD4i_R2,25.0,180895.0
CD4i_R2_D4_Stim8hr_NTC-476,NTC-476,CE0006864,Stim8hr,CD4i_R2,53.0,587111.0
CD4i_R2_D4_Stim8hr_NTC-477,NTC-477,CE0006864,Stim8hr,CD4i_R2,28.0,339904.0
CD4i_R2_D4_Stim8hr_NTC-478,NTC-478,CE0006864,Stim8hr,CD4i_R2,37.0,309322.0
CD4i_R2_D4_Stim8hr_NTC-479,NTC-479,CE0006864,Stim8hr,CD4i_R2,184.0,2032066.0
CD4i_R2_D4_Stim8hr_NTC-480,NTC-480,CE0006864,Stim8hr,CD4i_R2,6.0,69937.0
CD4i_R2_D4_Stim8hr_NTC-481,NTC-481,CE0006864,Stim8hr,CD4i_R2,60.0,582987.0
CD4i_R2_D4_Stim8hr_NTC-482,NTC-482,CE0006864,Stim8hr,CD4i_R2,157.0,1901467.0
CD4i_R2_D4_Stim8hr_NTC-483,NTC-483,CE0006864,Stim8hr,CD4i_R2,109.0,1100608.0
CD4i_R2_D4_Stim8hr_NTC-484,NTC-484,CE0006864,Stim8hr,CD4i_R2,74.0,745950.0
CD4i_R2_D4_Stim8hr_NTC-485,NTC-485,CE0006864,Stim8hr,CD4i_R2,134.0,1299618.0
CD4i_R2_D4_Stim8hr_NTC-486,NTC-486,CE0006864,Stim8hr,CD4i_R2,31.0,364248.0
CD4i_R2_D4_Stim8hr_NTC-487,NTC-487,CE0006864,Stim8hr,CD4i_R2,71.0,759998.0
CD4i_R2_D4_Stim8hr_NTC-488,NTC-488,CE0006864,Stim8hr,CD4i_R2,124.0,1570409.0
CD4i_R2_D4_Stim8hr_NTC-489,NTC-489,CE0006864,Stim8hr,CD4i_R2,96.0,825352.0
CD4i_R2_D4_Stim8hr_NTC-490,NTC-490,CE0006864,Stim8hr,CD4i_R2,104.0,1090906.0
CD4i_R2_D4_Stim8hr_NTC-491,NTC-491,CE0006864,Stim8hr,CD4i_R2,70.0,731506.0
CD4i_R2_D4_Stim8hr_NTC-492,NTC-492,CE0006864,Stim8hr,CD4i_R2,158.0,1624405.0
CD4i_R2_D4_Stim8hr_NTC-493,NTC-493,CE0006864,Stim8hr,CD4i_R2,153.0,1461549.0
CD4i_R2_D4_Stim8hr_NTC-494,NTC-494,CE0006864,Stim8hr,CD4i_R2,96.0,582270.0
CD4i_R2_D4_Stim8hr_NTC-495,NTC-495,CE0006864,Stim8hr,CD4i_R2,84.0,942238.0
CD4i_R2_D4_Stim8hr_NTC-496,NTC-496,CE0006864,Stim8hr,CD4i_R2,69.0,762179.0
CD4i_R2_D4_Stim8hr_NTC-497,NTC-497,CE0006864,Stim8hr,CD4i_R2,22.0,228418.0
CD4i_R2_D4_Stim8hr_NTC-498,NTC-498,CE0006864,Stim8hr,CD4i_R2,23.0,215197.0
CD4i_R2_D4_Stim8hr_NTC-499,NTC-499,CE0006864,Stim8hr,CD4i_R2,95.0,960991.0
CD4i_R2_D4_Stim8hr_NTC-500,NTC-500,CE0006864,Stim8hr,CD4i_R2,40.0,430005.0
CD4i_R2_D4_Stim8hr_NTC-501,NTC-501,CE0006864,Stim8hr,CD4i_R2,6.0,100603.0
CD4i_R2_D4_Stim8hr_NTC-502,NTC-502,CE0006864,Stim8hr,CD4i_R2,146.0,1531150.0
CD4i_R2_D4_Stim8hr_NTC-503,NTC-503,CE0006864,Stim8hr,CD4i_R2,37.0,420913.0
CD4i_R2_D4_Stim8hr_NTC-504,NTC-504,CE0006864,Stim8hr,CD4i_R2,82.0,872255.0
CD4i_R2_D4_Stim8hr_NTC-505,NTC-505,CE0006864,Stim8hr,CD4i_R2,43.0,461095.0
CD4i_R2_D4_Stim8hr_NTC-506,NTC-506,CE0006864,Stim8hr,CD4i_R2,133.0,1552551.0
CD4i_R2_D4_Stim8hr_NTC-507,NTC-507,CE0006864,Stim8hr,CD4i_R2,40.0,390647.0
CD4i_R2_D4_Stim8hr_NTC-508,NTC-508,CE0006864,Stim8hr,CD4i_R2,173.0,1677043.0
CD4i_R2_D4_Stim8hr_NTC-509,NTC-509,CE0006864,Stim8hr,CD4i_R2,107.0,1274155.0
CD4i_R2_D4_Stim8hr_NTC-510,NTC-510,CE0006864,Stim8hr,CD4i_R2,107.0,1341097.0
CD4i_R2_D4_Stim8hr_NTC-511,NTC-511,CE0006864,Stim8hr,CD4i_R2,82.0,847071.0
CD4i_R2_D4_Stim8hr_NTC-512,NTC-512,CE0006864,Stim8hr,CD4i_R2,49.0,513222.0
CD4i_R2_D4_Stim8hr_NTC-513,NTC-513,CE0006864,Stim8hr,CD4i_R2,65.0,685136.0
CD4i_R2_D4_Stim8hr_NTC-514,NTC-514,CE0006864,Stim8hr,CD4i_R2,38.0,350185.0
CD4i_R2_D4_Stim8hr_NTC-515,NTC-515,CE0006864,Stim8hr,CD4i_R2,33.0,373180.0
CD4i_R2_D4_Stim8hr_NTC-516,NTC-516,CE0006864,Stim8hr,CD4i_R2,95.0,931047.0
CD4i_R2_D4_Stim8hr_NTC-517,NTC-517,CE0006864,Stim8hr,CD4i_R2,143.0,1270386.0
CD4i_R2_D4_Stim8hr_NTC-518,NTC-518,CE0006864,Stim8hr,CD4i_R2,59.0,705905.0
CD4i_R2_D4_Stim8hr_NTC-519,NTC-519,CE0006864,Stim8hr,CD4i_R2,37.0,395889.0
CD4i_R2_D4_Stim8hr_NTC-520,NTC-520,CE0006864,Stim8hr,CD4i_R2,87.0,1146755.0
CD4i_R2_D4_Stim8hr_NTC-521,NTC-521,CE0006864,Stim8hr,CD4i_R2,73.0,923965.0
CD4i_R2_D4_Stim8hr_NTC-522,NTC-522,CE0006864,Stim8hr,CD4i_R2,43.0,431497.0
CD4i_R2_D4_Stim8hr_NTC-523,NTC-523,CE0006864,Stim8hr,CD4i_R2,142.0,1504678.0
CD4i_R2_D4_Stim8hr_NTC-524,NTC-524,CE0006864,Stim8hr,CD4i_R2,79.0,968058.0
CD4i_R2_D4_Stim8hr_NTC-525,NTC-525,CE0006864,Stim8hr,CD4i_R2,102.0,1147764.0
CD4i_R2_D4_Stim8hr_NTC-526,NTC-526,CE0006864,Stim8hr,CD4i_R2,163.0,1508348.0
CD4i_R2_D4_Stim8hr_NTC-527,NTC-527,CE0006864,Stim8hr,CD4i_R2,117.0,1187935.0
CD4i_R2_D4_Stim8hr_NTC-528,NTC-528,CE0006864,Stim8hr,CD4i_R2,19.0,174845.0
CD4i_R2_D4_Stim8hr_NTC-529,NTC-529,CE0006864,Stim8hr,CD4i_R2,50.0,490808.0
CD4i_R2_D4_Stim8hr_NTC-530,NTC-530,CE0006864,Stim8hr,CD4i_R2,37.0,397880.0
CD4i_R2_D4_Stim8hr_NTC-531,NTC-531,CE0006864,Stim8hr,CD4i_R2,75.0,884288.0
CD4i_R2_D4_Stim8hr_NTC-532,NTC-532,CE0006864,Stim8hr,CD4i_R2,19.0,160193.0
CD4i_R2_D4_Stim8hr_NTC-533,NTC-533,CE0006864,Stim8hr,CD4i_R2,40.0,461368.0
CD4i_R2_D4_Stim8hr_NTC-534,NTC-534,CE0006864,Stim8hr,CD4i_R2,48.0,627242.0
CD4i_R2_D4_Stim8hr_NTC-535,NTC-535,CE0006864,Stim8hr,CD4i_R2,27.0,333263.0
CD4i_R2_D4_Stim8hr_NTC-536,NTC-536,CE0006864,Stim8hr,CD4i_R2,26.0,275185.0
CD4i_R2_D4_Stim8hr_NTC-537,NTC-537,CE0006864,Stim8hr,CD4i_R2,101.0,975576.0
CD4i_R2_D4_Stim8hr_NTC-538,NTC-538,CE0006864,Stim8hr,CD4i_R2,163.0,1750870.0
CD4i_R2_D4_Stim8hr_NTC-539,NTC-539,CE0006864,Stim8hr,CD4i_R2,109.0,1468608.0
CD4i_R2_D4_Stim8hr_NTC-540,NTC-540,CE0006864,Stim8hr,CD4i_R2,68.0,836202.0
CD4i_R2_D4_Stim8hr_NTC-541,NTC-541,CE0006864,Stim8hr,CD4i_R2,48.0,640775.0
CD4i_R2_D4_Stim8hr_NTC-542,NTC-542,CE0006864,Stim8hr,CD4i_R2,69.0,746156.0
CD4i_R2_D4_Stim8hr_NTC-543,NTC-543,CE0006864,Stim8hr,CD4i_R2,152.0,1497273.0
CD4i_R2_D4_Stim8hr_NTC-544,NTC-544,CE0006864,Stim8hr,CD4i_R2,198.0,2174041.0
CD4i_R2_D4_Stim8hr_NTC-545,NTC-545,CE0006864,Stim8hr,CD4i_R2,26.0,271255.0
CD4i_R2_D4_Stim8hr_NTC-546,NTC-546,CE0006864,Stim8hr,CD4i_R2,37.0,322101.0
CD4i_R2_D4_Stim8hr_NTC-547,NTC-547,CE0006864,Stim8hr,CD4i_R2,60.0,498385.0
CD4i_R2_D4_Stim8hr_NTC-548,NTC-548,CE0006864,Stim8hr,CD4i_R2,46.0,575718.0
CD4i_R2_D4_Stim8hr_NTC-549,NTC-549,CE0006864,Stim8hr,CD4i_R2,180.0,2055019.0
CD4i_R2_D4_Stim8hr_NTC-550,NTC-550,CE0006864,Stim8hr,CD4i_R2,81.0,980945.0
CD4i_R2_D4_Stim8hr_NTC-551,NTC-551,CE0006864,Stim8hr,CD4i_R2,105.0,1000897.0
CD4i_R2_D4_Stim8hr_NTC-552,NTC-552,CE0006864,Stim8hr,CD4i_R2,35.0,453047.0
CD4i_R2_D4_Stim8hr_NTC-553,NTC-553,CE0006864,Stim8hr,CD4i_R2,177.0,2111715.0
CD4i_R2_D4_Stim8hr_NTC-554,NTC-554,CE0006864,Stim8hr,CD4i_R2,25.0,275757.0
CD4i_R2_D4_Stim8hr_NTC-555,NTC-555,CE0006864,Stim8hr,CD4i_R2,169.0,1937632.0
CD4i_R2_D4_Stim8hr_NTC-556,NTC-556,CE0006864,Stim8hr,CD4i_R2,48.0,628086.0
CD4i_R2_D4_Stim8hr_NTC-557,NTC-557,CE0006864,Stim8hr,CD4i_R2,59.0,586660.0
CD4i_R2_D4_Stim8hr_NTC-558,NTC-558,CE0006864,Stim8hr,CD4i_R2,42.0,509385.0
CD4i_R2_D4_Stim8hr_NTC-559,NTC-559,CE0006864,Stim8hr,CD4i_R2,25.0,376272.0
CD4i_R2_D4_Stim8hr_NTC-560,NTC-560,CE0006864,Stim8hr,CD4i_R2,110.0,1220091.0
CD4i_R2_D4_Stim8hr_NTC-561,NTC-561,CE0006864,Stim8hr,CD4i_R2,44.0,413183.0
CD4i_R2_D4_Stim8hr_NTC-562,NTC-562,CE0006864,Stim8hr,CD4i_R2,89.0,1110964.0
CD4i_R2_D4_Stim8hr_NTC-563,NTC-563,CE0006864,Stim8hr,CD4i_R2,53.0,693272.0
CD4i_R2_D4_Stim8hr_NTC-564,NTC-564,CE0006864,Stim8hr,CD4i_R2,80.0,853254.0
CD4i_R2_D4_Stim8hr_NTC-565,NTC-565,CE0006864,Stim8hr,CD4i_R2,101.0,1250202.0
CD4i_R2_D4_Stim8hr_NTC-566,NTC-566,CE0006864,Stim8hr,CD4i_R2,137.0,1404650.0
CD4i_R2_D4_Stim8hr_NTC-567,NTC-567,CE0006864,Stim8hr,CD4i_R2,54.0,496731.0
CD4i_R2_D4_Stim8hr_NTC-568,NTC-568,CE0006864,Stim8hr,CD4i_R2,78.0,930565.0
CD4i_R2_D4_Stim8hr_NTC-569,NTC-569,CE0006864,Stim8hr,CD4i_R2,80.0,941085.0
CD4i_R2_D4_Stim8hr_NTC-570,NTC-570,CE0006864,Stim8hr,CD4i_R2,86.0,811591.0
CD4i_R2_D4_Stim8hr_NTC-571,NTC-571,CE0006864,Stim8hr,CD4i_R2,69.0,837620.0
CD4i_R2_D4_Stim8hr_NTC-572,NTC-572,CE0006864,Stim8hr,CD4i_R2,43.0,407331.0
CD4i_R2_D4_Stim8hr_NTC-573,NTC-573,CE0006864,Stim8hr,CD4i_R2,90.0,911908.0
CD4i_R2_D4_Stim8hr_NTC-574,NTC-574,CE0006864,Stim8hr,CD4i_R2,111.0,1169270.0
CD4i_R2_D4_Stim8hr_NTC-575,NTC-575,CE0006864,Stim8hr,CD4i_R2,50.0,452567.0
CD4i_R2_D4_Stim8hr_NTC-576,NTC-576,CE0006864,Stim8hr,CD4i_R2,53.0,565922.0
CD4i_R2_D4_Stim8hr_NTC-577,NTC-577,CE0006864,Stim8hr,CD4i_R2,70.0,832475.0
CD4i_R2_D4_Stim8hr_NTC-578,NTC-578,CE0006864,Stim8hr,CD4i_R2,15.0,172772.0
CD4i_R2_D4_Stim8hr_NTC-579,NTC-579,CE0006864,Stim8hr,CD4i_R2,64.0,751950.0
CD4i_R2_D4_Stim8hr_NTC-580,NTC-580,CE0006864,Stim8hr,CD4i_R2,74.0,708356.0
CD4i_R2_D4_Stim8hr_NTC-581,NTC-581,CE0006864,Stim8hr,CD4i_R2,62.0,731080.0
CD4i_R2_D4_Stim8hr_NTC-582,NTC-582,CE0006864,Stim8hr,CD4i_R2,92.0,1068606.0
CD4i_R2_D4_Stim8hr_NTC-583,NTC-583,CE0006864,Stim8hr,CD4i_R2,163.0,1737029.0
CD4i_R2_D4_Stim8hr_NTC-584,NTC-584,CE0006864,Stim8hr,CD4i_R2,209.0,2198420.0
CD4i_R2_D4_Stim8hr_NTC-585,NTC-585,CE0006864,Stim8hr,CD4i_R2,103.0,898686.0
CD4i_R2_D4_Stim8hr_NTC-586,NTC-586,CE0006864,Stim8hr,CD4i_R2,114.0,1308399.0
CD4i_R2_D4_Stim8hr_NTC-587,NTC-587,CE0006864,Stim8hr,CD4i_R2,32.0,378860.0
CD4i_R2_D4_Stim8hr_NTC-588,NTC-588,CE0006864,Stim8hr,CD4i_R2,93.0,958164.0
CD4i_R2_D4_Stim8hr_NTC-589,NTC-589,CE0006864,Stim8hr,CD4i_R2,144.0,1256576.0
CD4i_R2_D4_Stim8hr_NTC-590,NTC-590,CE0006864,Stim8hr,CD4i_R2,35.0,340894.0
CD4i_R2_D4_Stim8hr_NTC-591,NTC-591,CE0006864,Stim8hr,CD4i_R2,55.0,550322.0
CD4i_R2_D4_Stim8hr_NTC-592,NTC-592,CE0006864,Stim8hr,CD4i_R2,82.0,1057107.0
CD4i_R2_D4_Stim8hr_NTC-593,NTC-593,CE0006864,Stim8hr,CD4i_R2,41.0,405432.0
CD4i_R2_D4_Stim8hr_NTC-594,NTC-594,CE0006864,Stim8hr,CD4i_R2,159.0,1506716.0
CD4i_R2_D4_Stim8hr_NTC-595,NTC-595,CE0006864,Stim8hr,CD4i_R2,77.0,892311.0
CD4i_R2_D4_Stim8hr_NTC-596,NTC-596,CE0006864,Stim8hr,CD4i_R2,68.0,828556.0
CD4i_R2_D4_Stim8hr_NTC-597,NTC-597,CE0006864,Stim8hr,CD4i_R2,38.0,469116.0
CD4i_R2_D4_Stim8hr_NTC-598,NTC-598,CE0006864,Stim8hr,CD4i_R2,65.0,643171.0
CD4i_R2_D4_Stim8hr_NTC-599,NTC-599,CE0006864,Stim8hr,CD4i_R2,31.0,252721.0
CD4i_R2_D4_Stim8hr_NTC-600,NTC-600,CE0006864,Stim8hr,CD4i_R2,15.0,207764.0
CD4i_R2_D4_Stim8hr_NTC-601,NTC-601,CE0006864,Stim8hr,CD4i_R2,39.0,421233.0
CD4i_R2_D4_Stim8hr_NTC-602,NTC-602,CE0006864,Stim8hr,CD4i_R2,6.0,61168.0
CD4i_R2_D4_Stim8hr_NTC-603,NTC-603,CE0006864,Stim8hr,CD4i_R2,26.0,287545.0
CD4i_R2_D4_Stim8hr_NTC-604,NTC-604,CE0006864,Stim8hr,CD4i_R2,562.0,7739472.0
CD4i_R2_D4_Stim8hr_NTC-605,NTC-605,CE0006864,Stim8hr,CD4i_R2,51.0,474483.0
CD4i_R2_D4_Stim8hr_NTC-606,NTC-606,CE0006864,Stim8hr,CD4i_R2,57.0,590559.0
CD4i_R2_D4_Stim8hr_NTC-607,NTC-607,CE0006864,Stim8hr,CD4i_R2,122.0,1448014.0
CD4i_R2_D4_Stim8hr_NTC-608,NTC-608,CE0006864,Stim8hr,CD4i_R2,48.0,591896.0
CD4i_R2_D4_Stim8hr_NTC-609,NTC-609,CE0006864,Stim8hr,CD4i_R2,17.0,167386.0
CD4i_R2_D4_Stim8hr_NTC-610,NTC-610,CE0006864,Stim8hr,CD4i_R2,76.0,798819.0
CD4i_R2_D4_Stim8hr_NTC-611,NTC-611,CE0006864,Stim8hr,CD4i_R2,83.0,971617.0
CD4i_R2_D4_Stim8hr_NTC-612,NTC-612,CE0006864,Stim8hr,CD4i_R2,28.0,346679.0
CD4i_R2_D4_Stim8hr_NTC-613,NTC-613,CE0006864,Stim8hr,CD4i_R2,101.0,1071832.0
CD4i_R2_D4_Stim8hr_NTC-614,NTC-614,CE0006864,Stim8hr,CD4i_R2,99.0,956577.0
CD4i_R2_D4_Stim8hr_NTC-615,NTC-615,CE0006864,Stim8hr,CD4i_R2,58.0,662931.0
CD4i_R2_D4_Stim8hr_NTC-616,NTC-616,CE0006864,Stim8hr,CD4i_R2,84.0,963953.0
CD4i_R2_D4_Stim8hr_NTC-617,NTC-617,CE0006864,Stim8hr,CD4i_R2,77.0,890404.0
CD4i_R2_D4_Stim8hr_NTC-618,NTC-618,CE0006864,Stim8hr,CD4i_R2,41.0,394222.0
CD4i_R2_D4_Stim8hr_NTC-619,NTC-619,CE0006864,Stim8hr,CD4i_R2,60.0,650908.0
CD4i_R2_D4_Stim8hr_NTC-620,NTC-620,CE0006864,Stim8hr,CD4i_R2,123.0,1132969.0
CD4i_R2_D4_Stim8hr_NTC-621,NTC-621,CE0006864,Stim8hr,CD4i_R2,31.0,303288.0
CD4i_R2_D4_Stim8hr_NTC-622,NTC-622,CE0006864,Stim8hr,CD4i_R2,43.0,437890.0
CD4i_R2_D4_Stim8hr_NTC-623,NTC-623,CE0006864,Stim8hr,CD4i_R2,134.0,1440236.0
CD4i_R2_D4_Stim8hr_NTC-624,NTC-624,CE0006864,Stim8hr,CD4i_R2,45.0,450772.0
CD4i_R2_D4_Stim8hr_NTC-625,NTC-625,CE0006864,Stim8hr,CD4i_R2,84.0,821434.0
CD4i_R2_D4_Stim8hr_NTC-626,NTC-626,CE0006864,Stim8hr,CD4i_R2,133.0,1505924.0
CD4i_R2_D4_Stim8hr_NTC-627,NTC-627,CE0006864,Stim8hr,CD4i_R2,127.0,1653206.0
CD4i_R2_D4_Stim8hr_NTC-628,NTC-628,CE0006864,Stim8hr,CD4i_R2,51.0,631081.0
CD4i_R2_D4_Stim8hr_NTC-629,NTC-629,CE0006864,Stim8hr,CD4i_R2,49.0,609889.0
CD4i_R2_D4_Stim8hr_NTC-630,NTC-630,CE0006864,Stim8hr,CD4i_R2,119.0,1329842.0
CD4i_R2_D4_Stim8hr_NTC-631,NTC-631,CE0006864,Stim8hr,CD4i_R2,95.0,946943.0
CD4i_R2_D4_Stim8hr_NTC-632,NTC-632,CE0006864,Stim8hr,CD4i_R2,32.0,332486.0
CD4i_R2_D4_Stim8hr_NTC-633,NTC-633,CE0006864,Stim8hr,CD4i_R2,60.0,635037.0
CD4i_R2_D4_Stim8hr_NTC-634,NTC-634,CE0006864,Stim8hr,CD4i_R2,39.0,396819.0
CD4i_R2_D4_Stim8hr_NTC-635,NTC-635,CE0006864,Stim8hr,CD4i_R2,26.0,271900.0
CD4i_R2_D4_Stim8hr_NTC-636,NTC-636,CE0006864,Stim8hr,CD4i_R2,41.0,466295.0
CD4i_R2_D4_Stim8hr_NTC-637,NTC-637,CE0006864,Stim8hr,CD4i_R2,139.0,1432067.0
CD4i_R2_D4_Stim8hr_NTC-638,NTC-638,CE0006864,Stim8hr,CD4i_R2,58.0,622086.0
CD4i_R2_D4_Stim8hr_NTC-639,NTC-639,CE0006864,Stim8hr,CD4i_R2,158.0,1769012.0
CD4i_R2_D4_Stim8hr_NTC-640,NTC-640,CE0006864,Stim8hr,CD4i_R2,53.0,524991.0
CD4i_R2_D4_Stim8hr_NTC-641,NTC-641,CE0006864,Stim8hr,CD4i_R2,73.0,830339.0
CD4i_R2_D4_Stim8hr_NTC-642,NTC-642,CE0006864,Stim8hr,CD4i_R2,71.0,678925.0
CD4i_R2_D4_Stim8hr_NTC-643,NTC-643,CE0006864,Stim8hr,CD4i_R2,22.0,286174.0
CD4i_R2_D4_Stim8hr_NTC-644,NTC-644,CE0006864,Stim8hr,CD4i_R2,209.0,2854170.0
CD4i_R2_D4_Stim8hr_NTC-645,NTC-645,CE0006864,Stim8hr,CD4i_R2,10.0,176290.0
CD4i_R2_D4_Stim8hr_NTC-646,NTC-646,CE0006864,Stim8hr,CD4i_R2,56.0,594171.0
CD4i_R2_D4_Stim8hr_NTC-647,NTC-647,CE0006864,Stim8hr,CD4i_R2,51.0,700937.0
CD4i_R2_D4_Stim8hr_NTC-648,NTC-648,CE0006864,Stim8hr,CD4i_R2,89.0,968456.0
CD4i_R2_D4_Stim8hr_NTC-649,NTC-649,CE0006864,Stim8hr,CD4i_R2,40.0,395993.0
CD4i_R2_D4_Stim8hr_NTC-650,NTC-650,CE0006864,Stim8hr,CD4i_R2,147.0,1754705.0
CD4i_R2_D4_Stim8hr_NTC-651,NTC-651,CE0006864,Stim8hr,CD4i_R2,120.0,1412080.0
CD4i_R2_D4_Stim8hr_NTC-652,NTC-652,CE0006864,Stim8hr,CD4i_R2,170.0,1674540.0
CD4i_R2_D4_Stim8hr_NTC-653,NTC-653,CE0006864,Stim8hr,CD4i_R2,198.0,2242369.0
CD4i_R2_D4_Stim8hr_NTC-654,NTC-654,CE0006864,Stim8hr,CD4i_R2,119.0,1136506.0
CD4i_R2_D4_Stim8hr_NTC-655,NTC-655,CE0006864,Stim8hr,CD4i_R2,93.0,1025468.0
CD4i_R2_D4_Stim8hr_NTC-656,NTC-656,CE0006864,Stim8hr,CD4i_R2,35.0,340025.0
CD4i_R2_D4_Stim8hr_NTC-657,NTC-657,CE0006864,Stim8hr,CD4i_R2,116.0,1267209.0
CD4i_R2_D4_Stim8hr_NTC-658,NTC-658,CE0006864,Stim8hr,CD4i_R2,210.0,2266971.0
CD4i_R2_D4_Stim8hr_NTC-660,NTC-660,CE0006864,Stim8hr,CD4i_R2,5.0,29740.0
CD4i_R2_D4_Stim8hr_NTC-661,NTC-661,CE0006864,Stim8hr,CD4i_R2,65.0,542849.0
CD4i_R2_D4_Stim8hr_NTC-662,NTC-662,CE0006864,Stim8hr,CD4i_R2,5.0,35088.0
CD4i_R2_D4_Stim8hr_NTC-663,NTC-663,CE0006864,Stim8hr,CD4i_R2,91.0,971384.0
CD4i_R2_D4_Stim8hr_NTC-664,NTC-664,CE0006864,Stim8hr,CD4i_R2,41.0,477754.0
CD4i_R2_D4_Stim8hr_NTC-665,NTC-665,CE0006864,Stim8hr,CD4i_R2,76.0,823060.0
CD4i_R2_D4_Stim8hr_NTC-666,NTC-666,CE0006864,Stim8hr,CD4i_R2,145.0,1606788.0
CD4i_R2_D4_Stim8hr_NTC-667,NTC-667,CE0006864,Stim8hr,CD4i_R2,54.0,658088.0
CD4i_R2_D4_Stim8hr_NTC-668,NTC-668,CE0006864,Stim8hr,CD4i_R2,165.0,1900443.0
CD4i_R2_D4_Stim8hr_NTC-669,NTC-669,CE0006864,Stim8hr,CD4i_R2,154.0,1572870.0
CD4i_R2_D4_Stim8hr_NTC-671,NTC-671,CE0006864,Stim8hr,CD4i_R2,210.0,2541717.0
CD4i_R2_D4_Stim8hr_NTC-672,NTC-672,CE0006864,Stim8hr,CD4i_R2,114.0,1450803.0
CD4i_R2_D4_Stim8hr_NTC-673,NTC-673,CE0006864,Stim8hr,CD4i_R2,45.0,569782.0
CD4i_R2_D4_Stim8hr_NTC-674,NTC-674,CE0006864,Stim8hr,CD4i_R2,272.0,2017325.0
CD4i_R2_D4_Stim8hr_NTC-676,NTC-676,CE0006864,Stim8hr,CD4i_R2,66.0,779163.0
CD4i_R2_D4_Stim8hr_NTC-677,NTC-677,CE0006864,Stim8hr,CD4i_R2,117.0,1302677.0
CD4i_R2_D4_Stim8hr_NTC-678,NTC-678,CE0006864,Stim8hr,CD4i_R2,70.0,667412.0
CD4i_R2_D4_Stim8hr_NTC-679,NTC-679,CE0006864,Stim8hr,CD4i_R2,79.0,946215.0
CD4i_R2_D4_Stim8hr_NTC-680,NTC-680,CE0006864,Stim8hr,CD4i_R2,60.0,905795.0
CD4i_R2_D4_Stim8hr_NTC-681,NTC-681,CE0006864,Stim8hr,CD4i_R2,55.0,565840.0
CD4i_R2_D4_Stim8hr_NTC-682,NTC-682,CE0006864,Stim8hr,CD4i_R2,16.0,186066.0
CD4i_R2_D4_Stim8hr_NTC-683,NTC-683,CE0006864,Stim8hr,CD4i_R2,163.0,1606674.0
CD4i_R2_D4_Stim8hr_NTC-684,NTC-684,CE0006864,Stim8hr,CD4i_R2,199.0,2226272.0
CD4i_R2_D4_Stim8hr_NTC-685,NTC-685,CE0006864,Stim8hr,CD4i_R2,117.0,1600621.0
CD4i_R2_D4_Stim8hr_NTC-686,NTC-686,CE0006864,Stim8hr,CD4i_R2,24.0,213307.0
CD4i_R2_D4_Stim8hr_NTC-687,NTC-687,CE0006864,Stim8hr,CD4i_R2,55.0,475219.0
CD4i_R2_D4_Stim8hr_NTC-688,NTC-688,CE0006864,Stim8hr,CD4i_R2,77.0,843915.0
CD4i_R2_D4_Stim8hr_NTC-689,NTC-689,CE0006864,Stim8hr,CD4i_R2,41.0,550174.0
CD4i_R2_D4_Stim8hr_NTC-690,NTC-690,CE0006864,Stim8hr,CD4i_R2,68.0,797577.0
CD4i_R2_D4_Stim8hr_NTC-691,NTC-691,CE0006864,Stim8hr,CD4i_R2,21.0,220606.0
CD4i_R2_D4_Stim8hr_NTC-692,NTC-692,CE0006864,Stim8hr,CD4i_R2,77.0,849000.0
CD4i_R2_D4_Stim8hr_NTC-693,NTC-693,CE0006864,Stim8hr,CD4i_R2,91.0,838756.0
CD4i_R2_D4_Stim8hr_NTC-694,NTC-694,CE0006864,Stim8hr,CD4i_R2,44.0,510569.0
CD4i_R2_D4_Stim8hr_NTC-695,NTC-695,CE0006864,Stim8hr,CD4i_R2,51.0,556652.0
CD4i_R2_D4_Stim8hr_NTC-696,NTC-696,CE0006864,Stim8hr,CD4i_R2,86.0,952376.0
CD4i_R2_D4_Stim8hr_NTC-697,NTC-697,CE0006864,Stim8hr,CD4i_R2,38.0,372293.0
CD4i_R2_D4_Stim8hr_NTC-698,NTC-698,CE0006864,Stim8hr,CD4i_R2,89.0,764064.0
CD4i_R2_D4_Stim8hr_NTC-699,NTC-699,CE0006864,Stim8hr,CD4i_R2,61.0,661169.0
CD4i_R2_D4_Stim8hr_NTC-700,NTC-700,CE0006864,Stim8hr,CD4i_R2,97.0,1117812.0
CD4i_R2_D4_Stim8hr_NTC-701,NTC-701,CE0006864,Stim8hr,CD4i_R2,154.0,1621502.0
CD4i_R2_D4_Stim8hr_NTC-702,NTC-702,CE0006864,Stim8hr,CD4i_R2,60.0,648185.0
CD4i_R2_D4_Stim8hr_NTC-703,NTC-703,CE0006864,Stim8hr,CD4i_R2,94.0,1168192.0
CD4i_R2_D4_Stim8hr_NTC-704,NTC-704,CE0006864,Stim8hr,CD4i_R2,69.0,681870.0
CD4i_R2_D4_Stim8hr_NTC-705,NTC-705,CE0006864,Stim8hr,CD4i_R2,67.0,665561.0
CD4i_R2_D4_Stim8hr_NTC-706,NTC-706,CE0006864,Stim8hr,CD4i_R2,32.0,354101.0
CD4i_R2_D4_Stim8hr_NTC-707,NTC-707,CE0006864,Stim8hr,CD4i_R2,16.0,174983.0
CD4i_R2_D4_Stim8hr_NTC-708,NTC-708,CE0006864,Stim8hr,CD4i_R2,72.0,698076.0
CD4i_R2_D4_Stim8hr_NTC-709,NTC-709,CE0006864,Stim8hr,CD4i_R2,97.0,1063862.0
CD4i_R2_D4_Stim8hr_NTC-710,NTC-710,CE0006864,Stim8hr,CD4i_R2,20.0,235225.0
CD4i_R2_D4_Stim8hr_NTC-711,NTC-711,CE0006864,Stim8hr,CD4i_R2,57.0,528750.0
CD4i_R2_D4_Stim8hr_NTC-712,NTC-712,CE0006864,Stim8hr,CD4i_R2,42.0,515385.0
CD4i_R2_D4_Stim8hr_NTC-713,NTC-713,CE0006864,Stim8hr,CD4i_R2,46.0,551702.0
CD4i_R2_D4_Stim8hr_NTC-714,NTC-714,CE0006864,Stim8hr,CD4i_R2,17.0,262300.0
CD4i_R2_D4_Stim8hr_NTC-715,NTC-715,CE0006864,Stim8hr,CD4i_R2,81.0,958960.0
CD4i_R2_D4_Stim8hr_NTC-716,NTC-716,CE0006864,Stim8hr,CD4i_R2,53.0,590874.0
CD4i_R2_D4_Stim8hr_NTC-717,NTC-717,CE0006864,Stim8hr,CD4i_R2,154.0,1371562.0
CD4i_R2_D4_Stim8hr_NTC-718,NTC-718,CE0006864,Stim8hr,CD4i_R2,81.0,855594.0
CD4i_R2_D4_Stim8hr_NTC-719,NTC-719,CE0006864,Stim8hr,CD4i_R2,76.0,761361.0
CD4i_R2_D4_Stim8hr_NTC-720,NTC-720,CE0006864,Stim8hr,CD4i_R2,125.0,1319447.0
CD4i_R2_D4_Stim8hr_NTC-721,NTC-721,CE0006864,Stim8hr,CD4i_R2,51.0,436226.0
CD4i_R2_D4_Stim8hr_NTC-722,NTC-722,CE0006864,Stim8hr,CD4i_R2,166.0,1819610.0
CD4i_R2_D4_Stim8hr_NTC-723,NTC-723,CE0006864,Stim8hr,CD4i_R2,120.0,1317032.0
CD4i_R2_D4_Stim8hr_NTC-724,NTC-724,CE0006864,Stim8hr,CD4i_R2,15.0,137095.0
CD4i_R2_D4_Stim8hr_NTC-725,NTC-725,CE0006864,Stim8hr,CD4i_R2,105.0,1125191.0
CD4i_R2_D4_Stim8hr_NTC-726,NTC-726,CE0006864,Stim8hr,CD4i_R2,37.0,485423.0
CD4i_R2_D4_Stim8hr_NTC-727,NTC-727,CE0006864,Stim8hr,CD4i_R2,54.0,625827.0
CD4i_R2_D4_Stim8hr_NTC-728,NTC-728,CE0006864,Stim8hr,CD4i_R2,115.0,1256438.0
CD4i_R2_D4_Stim8hr_NTC-729,NTC-729,CE0006864,Stim8hr,CD4i_R2,88.0,1063678.0
CD4i_R2_D4_Stim8hr_NTC-730,NTC-730,CE0006864,Stim8hr,CD4i_R2,122.0,1473215.0
CD4i_R2_D4_Stim8hr_NTC-731,NTC-731,CE0006864,Stim8hr,CD4i_R2,58.0,735165.0
CD4i_R2_D4_Stim8hr_NTC-732,NTC-732,CE0006864,Stim8hr,CD4i_R2,67.0,816162.0
CD4i_R2_D4_Stim8hr_NTC-733,NTC-733,CE0006864,Stim8hr,CD4i_R2,40.0,404447.0
CD4i_R2_D4_Stim8hr_NTC-734,NTC-734,CE0006864,Stim8hr,CD4i_R2,130.0,1341946.0
CD4i_R2_D4_Stim8hr_NTC-735,NTC-735,CE0006864,Stim8hr,CD4i_R2,123.0,1305508.0
CD4i_R2_D4_Stim8hr_NTC-736,NTC-736,CE0006864,Stim8hr,CD4i_R2,24.0,298503.0
CD4i_R2_D4_Stim8hr_NTC-737,NTC-737,CE0006864,Stim8hr,CD4i_R2,48.0,469698.0
CD4i_R2_D4_Stim8hr_NTC-738,NTC-738,CE0006864,Stim8hr,CD4i_R2,34.0,380187.0
CD4i_R2_D4_Stim8hr_NTC-739,NTC-739,CE0006864,Stim8hr,CD4i_R2,118.0,1252952.0
CD4i_R2_D4_Stim8hr_NTC-740,NTC-740,CE0006864,Stim8hr,CD4i_R2,59.0,656767.0
CD4i_R2_D4_Stim8hr_NTC-741,NTC-741,CE0006864,Stim8hr,CD4i_R2,36.0,364479.0
CD4i_R2_D4_Stim8hr_NTC-742,NTC-742,CE0006864,Stim8hr,CD4i_R2,6.0,45344.0
CD4i_R2_D4_Stim8hr_NTC-743,NTC-743,CE0006864,Stim8hr,CD4i_R2,125.0,1752683.0
CD4i_R2_D4_Stim8hr_NTC-744,NTC-744,CE0006864,Stim8hr,CD4i_R2,67.0,747784.0
CD4i_R2_D4_Stim8hr_NTC-745,NTC-745,CE0006864,Stim8hr,CD4i_R2,120.0,1312049.0
CD4i_R2_D4_Stim8hr_NTC-746,NTC-746,CE0006864,Stim8hr,CD4i_R2,86.0,850397.0
CD4i_R2_D4_Stim8hr_NTC-747,NTC-747,CE0006864,Stim8hr,CD4i_R2,62.0,574743.0
CD4i_R2_D4_Stim8hr_NTC-748,NTC-748,CE0006864,Stim8hr,CD4i_R2,123.0,1215560.0
CD4i_R2_D4_Stim8hr_NTC-749,NTC-749,CE0006864,Stim8hr,CD4i_R2,49.0,677469.0
CD4i_R2_D4_Stim8hr_NTC-750,NTC-750,CE0006864,Stim8hr,CD4i_R2,44.0,405026.0
CD4i_R2_D4_Stim8hr_NTC-751,NTC-751,CE0006864,Stim8hr,CD4i_R2,120.0,1225440.0
CD4i_R2_D4_Stim8hr_NTC-752,NTC-752,CE0006864,Stim8hr,CD4i_R2,114.0,1157254.0
CD4i_R2_D4_Stim8hr_NTC-753,NTC-753,CE0006864,Stim8hr,CD4i_R2,53.0,557471.0
CD4i_R2_D4_Stim8hr_NTC-754,NTC-754,CE0006864,Stim8hr,CD4i_R2,46.0,453336.0
CD4i_R2_D4_Stim8hr_NTC-755,NTC-755,CE0006864,Stim8hr,CD4i_R2,23.0,248388.0
CD4i_R2_D4_Stim8hr_NTC-756,NTC-756,CE0006864,Stim8hr,CD4i_R2,123.0,942574.0
CD4i_R2_D4_Stim8hr_NTC-757,NTC-757,CE0006864,Stim8hr,CD4i_R2,57.0,564053.0
CD4i_R2_D4_Stim8hr_NTC-758,NTC-758,CE0006864,Stim8hr,CD4i_R2,218.0,1982961.0
CD4i_R2_D4_Stim8hr_NTC-759,NTC-759,CE0006864,Stim8hr,CD4i_R2,99.0,1146164.0
CD4i_R2_D4_Stim8hr_NTC-760,NTC-760,CE0006864,Stim8hr,CD4i_R2,76.0,1139589.0
CD4i_R2_D4_Stim8hr_NTC-761,NTC-761,CE0006864,Stim8hr,CD4i_R2,118.0,1188018.0
CD4i_R2_D4_Stim8hr_NTC-762,NTC-762,CE0006864,Stim8hr,CD4i_R2,47.0,412678.0
CD4i_R2_D4_Stim8hr_NTC-763,NTC-763,CE0006864,Stim8hr,CD4i_R2,134.0,1333330.0
CD4i_R2_D4_Stim8hr_NTC-764,NTC-764,CE0006864,Stim8hr,CD4i_R2,68.0,715857.0
CD4i_R2_D4_Stim8hr_NTC-765,NTC-765,CE0006864,Stim8hr,CD4i_R2,50.0,511060.0
CD4i_R2_D4_Stim8hr_NTC-766,NTC-766,CE0006864,Stim8hr,CD4i_R2,236.0,2189619.0
CD4i_R2_D4_Stim8hr_NTC-767,NTC-767,CE0006864,Stim8hr,CD4i_R2,33.0,387750.0
CD4i_R2_D4_Stim8hr_NTC-768,NTC-768,CE0006864,Stim8hr,CD4i_R2,15.0,169436.0
CD4i_R2_D4_Stim8hr_NTC-769,NTC-769,CE0006864,Stim8hr,CD4i_R2,98.0,1036583.0
CD4i_R2_D4_Stim8hr_NTC-770,NTC-770,CE0006864,Stim8hr,CD4i_R2,93.0,1052509.0
CD4i_R2_D4_Stim8hr_NTC-771,NTC-771,CE0006864,Stim8hr,CD4i_R2,32.0,309887.0
CD4i_R2_D4_Stim8hr_NTC-772,NTC-772,CE0006864,Stim8hr,CD4i_R2,10.0,127745.0
CD4i_R2_D4_Stim8hr_NTC-773,NTC-773,CE0006864,Stim8hr,CD4i_R2,46.0,452888.0
CD4i_R2_D4_Stim8hr_NTC-774,NTC-774,CE0006864,Stim8hr,CD4i_R2,135.0,1737174.0
CD4i_R2_D4_Stim8hr_NTC-775,NTC-775,CE0006864,Stim8hr,CD4i_R2,65.0,856424.0
CD4i_R2_D4_Stim8hr_NTC-776,NTC-776,CE0006864,Stim8hr,CD4i_R2,43.0,470652.0
CD4i_R2_D4_Stim8hr_NTC-777,NTC-777,CE0006864,Stim8hr,CD4i_R2,124.0,1167683.0
CD4i_R2_D4_Stim8hr_NTC-778,NTC-778,CE0006864,Stim8hr,CD4i_R2,32.0,335331.0
CD4i_R2_D4_Stim8hr_NTC-779,NTC-779,CE0006864,Stim8hr,CD4i_R2,57.0,607887.0
CD4i_R2_D4_Stim8hr_NTC-780,NTC-780,CE0006864,Stim8hr,CD4i_R2,72.0,873870.0
CD4i_R2_D4_Stim8hr_NTC-781,NTC-781,CE0006864,Stim8hr,CD4i_R2,75.0,859511.0
CD4i_R2_D4_Stim8hr_NTC-782,NTC-782,CE0006864,Stim8hr,CD4i_R2,102.0,1114692.0
CD4i_R2_D4_Stim8hr_NTC-783,NTC-783,CE0006864,Stim8hr,CD4i_R2,66.0,598765.0
CD4i_R2_D4_Stim8hr_NTC-784,NTC-784,CE0006864,Stim8hr,CD4i_R2,136.0,1407590.0
CD4i_R2_D4_Stim8hr_NTC-785,NTC-785,CE0006864,Stim8hr,CD4i_R2,70.0,812748.0
CD4i_R2_D4_Stim8hr_NTC-786,NTC-786,CE0006864,Stim8hr,CD4i_R2,41.0,388185.0
CD4i_R2_D4_Stim8hr_NTC-787,NTC-787,CE0006864,Stim8hr,CD4i_R2,69.0,699821.0
CD4i_R2_D4_Stim8hr_NTC-788,NTC-788,CE0006864,Stim8hr,CD4i_R2,71.0,850735.0
CD4i_R2_D4_Stim8hr_NTC-789,NTC-789,CE0006864,Stim8hr,CD4i_R2,78.0,835294.0
CD4i_R2_D4_Stim8hr_NTC-790,NTC-790,CE0006864,Stim8hr,CD4i_R2,67.0,784160.0
CD4i_R2_D4_Stim8hr_NTC-791,NTC-791,CE0006864,Stim8hr,CD4i_R2,161.0,1571135.0
CD4i_R2_D4_Stim8hr_NTC-792,NTC-792,CE0006864,Stim8hr,CD4i_R2,73.0,792583.0
CD4i_R2_D4_Stim8hr_NTC-793,NTC-793,CE0006864,Stim8hr,CD4i_R2,102.0,1086715.0
CD4i_R2_D4_Stim8hr_NTC-794,NTC-794,CE0006864,Stim8hr,CD4i_R2,346.0,3258173.0
CD4i_R2_D4_Stim8hr_NTC-795,NTC-795,CE0006864,Stim8hr,CD4i_R2,125.0,1283016.0
CD4i_R2_D4_Stim8hr_NTC-796,NTC-796,CE0006864,Stim8hr,CD4i_R2,71.0,736789.0
CD4i_R2_D4_Stim8hr_NTC-797,NTC-797,CE0006864,Stim8hr,CD4i_R2,113.0,1041110.0
CD4i_R2_D4_Stim8hr_NTC-798,NTC-798,CE0006864,Stim8hr,CD4i_R2,172.0,1648711.0
CD4i_R2_D4_Stim8hr_NTC-799,NTC-799,CE0006864,Stim8hr,CD4i_R2,40.0,346964.0
CD4i_R2_D4_Stim8hr_NTC-800,NTC-800,CE0006864,Stim8hr,CD4i_R2,11.0,89892.0
CD4i_R2_D4_Stim8hr_NTC-801,NTC-801,CE0006864,Stim8hr,CD4i_R2,39.0,466465.0
CD4i_R2_D4_Stim8hr_NTC-802,NTC-802,CE0006864,Stim8hr,CD4i_R2,141.0,1470924.0
CD4i_R2_D4_Stim8hr_NTC-803,NTC-803,CE0006864,Stim8hr,CD4i_R2,163.0,1712235.0
CD4i_R2_D4_Stim8hr_NTC-804,NTC-804,CE0006864,Stim8hr,CD4i_R2,72.0,782893.0
CD4i_R2_D4_Stim8hr_NTC-805,NTC-805,CE0006864,Stim8hr,CD4i_R2,84.0,752193.0
CD4i_R2_D4_Stim8hr_NTC-806,NTC-806,CE0006864,Stim8hr,CD4i_R2,64.0,654410.0
CD4i_R2_D4_Stim8hr_NTC-807,NTC-807,CE0006864,Stim8hr,CD4i_R2,215.0,2193069.0
CD4i_R2_D4_Stim8hr_NTC-808,NTC-808,CE0006864,Stim8hr,CD4i_R2,37.0,403786.0
CD4i_R2_D4_Stim8hr_NTC-809,NTC-809,CE0006864,Stim8hr,CD4i_R2,141.0,1413421.0
CD4i_R2_D4_Stim8hr_NTC-810,NTC-810,CE0006864,Stim8hr,CD4i_R2,45.0,512022.0
CD4i_R2_D4_Stim8hr_NTC-811,NTC-811,CE0006864,Stim8hr,CD4i_R2,91.0,933788.0
CD4i_R2_D4_Stim8hr_NTC-812,NTC-812,CE0006864,Stim8hr,CD4i_R2,75.0,833209.0
CD4i_R2_D4_Stim8hr_NTC-813,NTC-813,CE0006864,Stim8hr,CD4i_R2,76.0,823258.0
CD4i_R2_D4_Stim8hr_NTC-814,NTC-814,CE0006864,Stim8hr,CD4i_R2,133.0,1465721.0
CD4i_R2_D4_Stim8hr_NTC-815,NTC-815,CE0006864,Stim8hr,CD4i_R2,120.0,1241929.0
CD4i_R2_D4_Stim8hr_NTC-816,NTC-816,CE0006864,Stim8hr,CD4i_R2,82.0,751708.0
CD4i_R2_D4_Stim8hr_NTC-817,NTC-817,CE0006864,Stim8hr,CD4i_R2,199.0,2246018.0
CD4i_R2_D4_Stim8hr_NTC-818,NTC-818,CE0006864,Stim8hr,CD4i_R2,95.0,1121869.0
CD4i_R2_D4_Stim8hr_NTC-819,NTC-819,CE0006864,Stim8hr,CD4i_R2,68.0,736999.0
CD4i_R2_D4_Stim8hr_NTC-820,NTC-820,CE0006864,Stim8hr,CD4i_R2,243.0,2296304.0
CD4i_R2_D4_Stim8hr_NTC-821,NTC-821,CE0006864,Stim8hr,CD4i_R2,98.0,1119363.0
CD4i_R2_D4_Stim8hr_NTC-822,NTC-822,CE0006864,Stim8hr,CD4i_R2,62.0,623094.0
CD4i_R2_D4_Stim8hr_NTC-823,NTC-823,CE0006864,Stim8hr,CD4i_R2,67.0,740580.0
CD4i_R2_D4_Stim8hr_NTC-824,NTC-824,CE0006864,Stim8hr,CD4i_R2,64.0,805605.0
CD4i_R2_D4_Stim8hr_NTC-825,NTC-825,CE0006864,Stim8hr,CD4i_R2,145.0,1651925.0
CD4i_R2_D4_Stim8hr_NTC-826,NTC-826,CE0006864,Stim8hr,CD4i_R2,84.0,886500.0
CD4i_R2_D4_Stim8hr_NTC-827,NTC-827,CE0006864,Stim8hr,CD4i_R2,52.0,536812.0
CD4i_R2_D4_Stim8hr_NTC-828,NTC-828,CE0006864,Stim8hr,CD4i_R2,90.0,923111.0
CD4i_R2_D4_Stim8hr_NTC-829,NTC-829,CE0006864,Stim8hr,CD4i_R2,106.0,1213343.0
CD4i_R2_D4_Stim8hr_NTC-830,NTC-830,CE0006864,Stim8hr,CD4i_R2,95.0,1000584.0
CD4i_R2_D4_Stim8hr_NTC-831,NTC-831,CE0006864,Stim8hr,CD4i_R2,30.0,375337.0
CD4i_R2_D4_Stim8hr_NTC-832,NTC-832,CE0006864,Stim8hr,CD4i_R2,136.0,1529745.0
CD4i_R2_D4_Stim8hr_NTC-833,NTC-833,CE0006864,Stim8hr,CD4i_R2,52.0,602722.0
CD4i_R2_D4_Stim8hr_NTC-834,NTC-834,CE0006864,Stim8hr,CD4i_R2,70.0,945354.0
CD4i_R2_D4_Stim8hr_NTC-835,NTC-835,CE0006864,Stim8hr,CD4i_R2,22.0,274273.0
CD4i_R2_D4_Stim8hr_NTC-836,NTC-836,CE0006864,Stim8hr,CD4i_R2,13.0,126181.0
CD4i_R2_D4_Stim8hr_NTC-837,NTC-837,CE0006864,Stim8hr,CD4i_R2,36.0,402272.0
CD4i_R2_D4_Stim8hr_NTC-838,NTC-838,CE0006864,Stim8hr,CD4i_R2,78.0,931612.0
CD4i_R2_D4_Stim8hr_NTC-839,NTC-839,CE0006864,Stim8hr,CD4i_R2,60.0,736042.0
CD4i_R2_D4_Stim8hr_NTC-840,NTC-840,CE0006864,Stim8hr,CD4i_R2,64.0,657224.0
CD4i_R2_D4_Stim8hr_NTC-841,NTC-841,CE0006864,Stim8hr,CD4i_R2,97.0,823818.0
CD4i_R2_D4_Stim8hr_NTC-842,NTC-842,CE0006864,Stim8hr,CD4i_R2,73.0,607726.0
CD4i_R2_D4_Stim8hr_NTC-843,NTC-843,CE0006864,Stim8hr,CD4i_R2,59.0,609198.0
CD4i_R2_D4_Stim8hr_NTC-844,NTC-844,CE0006864,Stim8hr,CD4i_R2,125.0,1300418.0
CD4i_R2_D4_Stim8hr_NTC-845,NTC-845,CE0006864,Stim8hr,CD4i_R2,237.0,2119241.0
CD4i_R2_D4_Stim8hr_NTC-846,NTC-846,CE0006864,Stim8hr,CD4i_R2,69.0,846712.0
CD4i_R2_D4_Stim8hr_NTC-847,NTC-847,CE0006864,Stim8hr,CD4i_R2,71.0,801563.0
CD4i_R2_D4_Stim8hr_NTC-848,NTC-848,CE0006864,Stim8hr,CD4i_R2,15.0,122228.0
CD4i_R2_D4_Stim8hr_NTC-849,NTC-849,CE0006864,Stim8hr,CD4i_R2,78.0,1005903.0
CD4i_R2_D4_Stim8hr_NTC-850,NTC-850,CE0006864,Stim8hr,CD4i_R2,96.0,1141008.0
CD4i_R2_D4_Stim8hr_NTC-851,NTC-851,CE0006864,Stim8hr,CD4i_R2,55.0,668983.0
CD4i_R2_D4_Stim8hr_NTC-852,NTC-852,CE0006864,Stim8hr,CD4i_R2,235.0,2790269.0
CD4i_R2_D4_Stim8hr_NTC-853,NTC-853,CE0006864,Stim8hr,CD4i_R2,36.0,399867.0
CD4i_R2_D4_Stim8hr_NTC-854,NTC-854,CE0006864,Stim8hr,CD4i_R2,60.0,608442.0
CD4i_R2_D4_Stim8hr_NTC-855,NTC-855,CE0006864,Stim8hr,CD4i_R2,34.0,439747.0
CD4i_R2_D4_Stim8hr_NTC-856,NTC-856,CE0006864,Stim8hr,CD4i_R2,74.0,807630.0
CD4i_R2_D4_Stim8hr_NTC-857,NTC-857,CE0006864,Stim8hr,CD4i_R2,136.0,1480388.0
CD4i_R2_D4_Stim8hr_NTC-858,NTC-858,CE0006864,Stim8hr,CD4i_R2,81.0,901322.0
CD4i_R2_D4_Stim8hr_NTC-859,NTC-859,CE0006864,Stim8hr,CD4i_R2,95.0,982647.0
CD4i_R2_D4_Stim8hr_NTC-860,NTC-860,CE0006864,Stim8hr,CD4i_R2,98.0,1061874.0
CD4i_R2_D4_Stim8hr_NTC-861,NTC-861,CE0006864,Stim8hr,CD4i_R2,70.0,684719.0
CD4i_R2_D4_Stim8hr_NTC-862,NTC-862,CE0006864,Stim8hr,CD4i_R2,77.0,883040.0
CD4i_R2_D4_Stim8hr_NTC-863,NTC-863,CE0006864,Stim8hr,CD4i_R2,18.0,240250.0
CD4i_R2_D4_Stim8hr_NTC-864,NTC-864,CE0006864,Stim8hr,CD4i_R2,25.0,306606.0
CD4i_R2_D4_Stim8hr_NTC-865,NTC-865,CE0006864,Stim8hr,CD4i_R2,182.0,1557272.0
CD4i_R2_D4_Stim8hr_NTC-866,NTC-866,CE0006864,Stim8hr,CD4i_R2,52.0,458125.0
CD4i_R2_D4_Stim8hr_NTC-867,NTC-867,CE0006864,Stim8hr,CD4i_R2,186.0,1915591.0
CD4i_R2_D4_Stim8hr_NTC-868,NTC-868,CE0006864,Stim8hr,CD4i_R2,83.0,900409.0
CD4i_R2_D4_Stim8hr_NTC-869,NTC-869,CE0006864,Stim8hr,CD4i_R2,36.0,446384.0
CD4i_R2_D4_Stim8hr_NTC-870,NTC-870,CE0006864,Stim8hr,CD4i_R2,97.0,1020401.0
CD4i_R2_D4_Stim8hr_NTC-871,NTC-871,CE0006864,Stim8hr,CD4i_R2,54.0,528619.0
CD4i_R2_D4_Stim8hr_NTC-872,NTC-872,CE0006864,Stim8hr,CD4i_R2,21.0,255763.0
CD4i_R2_D4_Stim8hr_NTC-873,NTC-873,CE0006864,Stim8hr,CD4i_R2,78.0,931276.0
CD4i_R2_D4_Stim8hr_NTC-874,NTC-874,CE0006864,Stim8hr,CD4i_R2,132.0,1431435.0
CD4i_R2_D4_Stim8hr_NTC-875,NTC-875,CE0006864,Stim8hr,CD4i_R2,54.0,661864.0
CD4i_R2_D4_Stim8hr_NTC-876,NTC-876,CE0006864,Stim8hr,CD4i_R2,99.0,1042340.0
CD4i_R2_D4_Stim8hr_NTC-877,NTC-877,CE0006864,Stim8hr,CD4i_R2,179.0,1913387.0
CD4i_R2_D4_Stim8hr_NTC-878,NTC-878,CE0006864,Stim8hr,CD4i_R2,108.0,1242399.0
CD4i_R2_D4_Stim8hr_NTC-879,NTC-879,CE0006864,Stim8hr,CD4i_R2,117.0,1370405.0
CD4i_R2_D4_Stim8hr_NTC-880,NTC-880,CE0006864,Stim8hr,CD4i_R2,67.0,598460.0
CD4i_R2_D4_Stim8hr_NTC-881,NTC-881,CE0006864,Stim8hr,CD4i_R2,183.0,2057411.0
CD4i_R2_D4_Stim8hr_NTC-882,NTC-882,CE0006864,Stim8hr,CD4i_R2,76.0,889485.0
CD4i_R2_D4_Stim8hr_NTC-883,NTC-883,CE0006864,Stim8hr,CD4i_R2,49.0,473124.0
CD4i_R2_D4_Stim8hr_NTC-884,NTC-884,CE0006864,Stim8hr,CD4i_R2,105.0,1041790.0
CD4i_R2_D4_Stim8hr_NTC-885,NTC-885,CE0006864,Stim8hr,CD4i_R2,101.0,1129347.0
CD4i_R2_D4_Stim8hr_NTC-886,NTC-886,CE0006864,Stim8hr,CD4i_R2,55.0,534234.0
CD4i_R2_D4_Stim8hr_NTC-887,NTC-887,CE0006864,Stim8hr,CD4i_R2,76.0,649852.0
CD4i_R2_D4_Stim8hr_NTC-888,NTC-888,CE0006864,Stim8hr,CD4i_R2,32.0,373858.0
CD4i_R2_D4_Stim8hr_NTC-889,NTC-889,CE0006864,Stim8hr,CD4i_R2,48.0,457896.0
CD4i_R2_D4_Stim8hr_NTC-890,NTC-890,CE0006864,Stim8hr,CD4i_R2,83.0,980474.0
CD4i_R2_D4_Stim8hr_NTC-891,NTC-891,CE0006864,Stim8hr,CD4i_R2,15.0,150413.0
CD4i_R2_D4_Stim8hr_NTC-892,NTC-892,CE0006864,Stim8hr,CD4i_R2,110.0,1064607.0
CD4i_R2_D4_Stim8hr_NTC-893,NTC-893,CE0006864,Stim8hr,CD4i_R2,144.0,2026410.0
CD4i_R2_D4_Stim8hr_NTC-894,NTC-894,CE0006864,Stim8hr,CD4i_R2,53.0,704867.0
CD4i_R2_D4_Stim8hr_NTC-895,NTC-895,CE0006864,Stim8hr,CD4i_R2,47.0,462765.0
CD4i_R2_D4_Stim8hr_NTC-896,NTC-896,CE0006864,Stim8hr,CD4i_R2,51.0,596621.0
CD4i_R2_D4_Stim8hr_NTC-897,NTC-897,CE0006864,Stim8hr,CD4i_R2,30.0,290080.0
CD4i_R2_D4_Stim8hr_NTC-898,NTC-898,CE0006864,Stim8hr,CD4i_R2,90.0,1186950.0
CD4i_R2_D4_Stim8hr_NTC-899,NTC-899,CE0006864,Stim8hr,CD4i_R2,31.0,297926.0
CD4i_R2_D4_Stim8hr_NTC-900,NTC-900,CE0006864,Stim8hr,CD4i_R2,14.0,139153.0
CD4i_R2_D4_Stim8hr_NTC-901,NTC-901,CE0006864,Stim8hr,CD4i_R2,55.0,485275.0
CD4i_R2_D4_Stim8hr_NTC-902,NTC-902,CE0006864,Stim8hr,CD4i_R2,72.0,756386.0
CD4i_R2_D4_Stim8hr_NTC-903,NTC-903,CE0006864,Stim8hr,CD4i_R2,15.0,159938.0
CD4i_R2_D4_Stim8hr_NTC-904,NTC-904,CE0006864,Stim8hr,CD4i_R2,85.0,977124.0
CD4i_R2_D4_Stim8hr_NTC-905,NTC-905,CE0006864,Stim8hr,CD4i_R2,160.0,1785107.0
CD4i_R2_D4_Stim8hr_NTC-906,NTC-906,CE0006864,Stim8hr,CD4i_R2,124.0,1287028.0
CD4i_R2_D4_Stim8hr_NTC-907,NTC-907,CE0006864,Stim8hr,CD4i_R2,128.0,1444820.0
CD4i_R2_D4_Stim8hr_NTC-908,NTC-908,CE0006864,Stim8hr,CD4i_R2,52.0,627783.0
CD4i_R2_D4_Stim8hr_NTC-909,NTC-909,CE0006864,Stim8hr,CD4i_R2,84.0,872595.0
CD4i_R2_D4_Stim8hr_NTC-910,NTC-910,CE0006864,Stim8hr,CD4i_R2,107.0,1109945.0
CD4i_R2_D4_Stim8hr_NTC-911,NTC-911,CE0006864,Stim8hr,CD4i_R2,50.0,547813.0
CD4i_R2_D4_Stim8hr_NTC-912,NTC-912,CE0006864,Stim8hr,CD4i_R2,78.0,982994.0
CD4i_R2_D4_Stim8hr_NTC-914,NTC-914,CE0006864,Stim8hr,CD4i_R2,90.0,1029252.0
CD4i_R2_D4_Stim8hr_NTC-915,NTC-915,CE0006864,Stim8hr,CD4i_R2,59.0,660224.0
CD4i_R2_D4_Stim8hr_NTC-916,NTC-916,CE0006864,Stim8hr,CD4i_R2,262.0,3367623.0
CD4i_R2_D4_Stim8hr_NTC-917,NTC-917,CE0006864,Stim8hr,CD4i_R2,86.0,844165.0
CD4i_R2_D4_Stim8hr_NTC-918,NTC-918,CE0006864,Stim8hr,CD4i_R2,41.0,415214.0
CD4i_R2_D4_Stim8hr_NTC-919,NTC-919,CE0006864,Stim8hr,CD4i_R2,36.0,309308.0
CD4i_R2_D4_Stim8hr_NTC-920,NTC-920,CE0006864,Stim8hr,CD4i_R2,41.0,435813.0
CD4i_R2_D4_Stim8hr_NTC-921,NTC-921,CE0006864,Stim8hr,CD4i_R2,61.0,639326.0
CD4i_R2_D4_Stim8hr_NTC-922,NTC-922,CE0006864,Stim8hr,CD4i_R2,60.0,627133.0
CD4i_R2_D4_Stim8hr_NTC-923,NTC-923,CE0006864,Stim8hr,CD4i_R2,60.0,623766.0
CD4i_R2_D4_Stim8hr_NTC-924,NTC-924,CE0006864,Stim8hr,CD4i_R2,35.0,370451.0
CD4i_R2_D4_Stim8hr_NTC-925,NTC-925,CE0006864,Stim8hr,CD4i_R2,132.0,1299328.0
CD4i_R2_D4_Stim8hr_NTC-926,NTC-926,CE0006864,Stim8hr,CD4i_R2,53.0,486513.0
CD4i_R2_D4_Stim8hr_NTC-927,NTC-927,CE0006864,Stim8hr,CD4i_R2,89.0,1039987.0
CD4i_R2_D4_Stim8hr_NTC-928,NTC-928,CE0006864,Stim8hr,CD4i_R2,138.0,1380229.0
CD4i_R2_D4_Stim8hr_NTC-930,NTC-930,CE0006864,Stim8hr,CD4i_R2,23.0,285471.0
CD4i_R2_D4_Stim8hr_NTC-931,NTC-931,CE0006864,Stim8hr,CD4i_R2,120.0,1322975.0
CD4i_R2_D4_Stim8hr_NTC-932,NTC-932,CE0006864,Stim8hr,CD4i_R2,76.0,727420.0
CD4i_R2_D4_Stim8hr_NTC-934,NTC-934,CE0006864,Stim8hr,CD4i_R2,56.0,517162.0
CD4i_R2_D4_Stim8hr_NTC-935,NTC-935,CE0006864,Stim8hr,CD4i_R2,65.0,707035.0
CD4i_R2_D4_Stim8hr_NTC-936,NTC-936,CE0006864,Stim8hr,CD4i_R2,146.0,1723575.0
CD4i_R2_D4_Stim8hr_NTC-937,NTC-937,CE0006864,Stim8hr,CD4i_R2,87.0,942092.0
CD4i_R2_D4_Stim8hr_NTC-938,NTC-938,CE0006864,Stim8hr,CD4i_R2,36.0,368396.0
CD4i_R2_D4_Stim8hr_NTC-939,NTC-939,CE0006864,Stim8hr,CD4i_R2,59.0,522422.0
CD4i_R2_D4_Stim8hr_NTC-940,NTC-940,CE0006864,Stim8hr,CD4i_R2,91.0,990522.0
CD4i_R2_D4_Stim8hr_NTC-941,NTC-941,CE0006864,Stim8hr,CD4i_R2,100.0,1006133.0
CD4i_R2_D4_Stim8hr_NTC-942,NTC-942,CE0006864,Stim8hr,CD4i_R2,181.0,2293779.0
CD4i_R2_D4_Stim8hr_NTC-943,NTC-943,CE0006864,Stim8hr,CD4i_R2,20.0,220132.0
CD4i_R2_D4_Stim8hr_NTC-944,NTC-944,CE0006864,Stim8hr,CD4i_R2,64.0,709492.0
CD4i_R2_D4_Stim8hr_NTC-945,NTC-945,CE0006864,Stim8hr,CD4i_R2,72.0,691037.0
CD4i_R2_D4_Stim8hr_NTC-946,NTC-946,CE0006864,Stim8hr,CD4i_R2,177.0,2074310.0
CD4i_R2_D4_Stim8hr_NTC-947,NTC-947,CE0006864,Stim8hr,CD4i_R2,90.0,987513.0
CD4i_R2_D4_Stim8hr_NTC-948,NTC-948,CE0006864,Stim8hr,CD4i_R2,32.0,310585.0
CD4i_R2_D4_Stim8hr_NTC-949,NTC-949,CE0006864,Stim8hr,CD4i_R2,51.0,504963.0
CD4i_R2_D4_Stim8hr_NTC-950,NTC-950,CE0006864,Stim8hr,CD4i_R2,89.0,1084227.0
CD4i_R2_D4_Stim8hr_NTC-951,NTC-951,CE0006864,Stim8hr,CD4i_R2,71.0,627917.0
CD4i_R2_D4_Stim8hr_NTC-952,NTC-952,CE0006864,Stim8hr,CD4i_R2,83.0,857502.0
CD4i_R2_D4_Stim8hr_NTC-953,NTC-953,CE0006864,Stim8hr,CD4i_R2,26.0,266562.0
CD4i_R2_D4_Stim8hr_NTC-954,NTC-954,CE0006864,Stim8hr,CD4i_R2,62.0,624627.0
CD4i_R2_D4_Stim8hr_NTC-955,NTC-955,CE0006864,Stim8hr,CD4i_R2,146.0,1645862.0
CD4i_R2_D4_Stim8hr_NTC-956,NTC-956,CE0006864,Stim8hr,CD4i_R2,130.0,1398234.0
CD4i_R2_D4_Stim8hr_NTC-957,NTC-957,CE0006864,Stim8hr,CD4i_R2,70.0,821126.0
CD4i_R2_D4_Stim8hr_NTC-958,NTC-958,CE0006864,Stim8hr,CD4i_R2,34.0,340010.0
CD4i_R2_D4_Stim8hr_NTC-959,NTC-959,CE0006864,Stim8hr,CD4i_R2,134.0,1461803.0
CD4i_R2_D4_Stim8hr_NTC-960,NTC-960,CE0006864,Stim8hr,CD4i_R2,108.0,1335520.0
CD4i_R2_D4_Stim8hr_NTC-961,NTC-961,CE0006864,Stim8hr,CD4i_R2,76.0,866118.0
CD4i_R2_D4_Stim8hr_NTC-962,NTC-962,CE0006864,Stim8hr,CD4i_R2,42.0,363479.0
CD4i_R2_D4_Stim8hr_NTC-963,NTC-963,CE0006864,Stim8hr,CD4i_R2,70.0,609591.0
CD4i_R2_D4_Stim8hr_NTC-964,NTC-964,CE0006864,Stim8hr,CD4i_R2,74.0,645240.0
CD4i_R2_D4_Stim8hr_NTC-965,NTC-965,CE0006864,Stim8hr,CD4i_R2,64.0,889063.0
CD4i_R2_D4_Stim8hr_NTC-966,NTC-966,CE0006864,Stim8hr,CD4i_R2,72.0,703052.0
CD4i_R2_D4_Stim8hr_NTC-967,NTC-967,CE0006864,Stim8hr,CD4i_R2,68.0,677482.0
CD4i_R2_D4_Stim8hr_NTC-968,NTC-968,CE0006864,Stim8hr,CD4i_R2,92.0,1195664.0
CD4i_R2_D4_Stim8hr_NTC-969,NTC-969,CE0006864,Stim8hr,CD4i_R2,72.0,769122.0
CD4i_R2_D4_Stim8hr_NTC-970,NTC-970,CE0006864,Stim8hr,CD4i_R2,84.0,769906.0
CD4i_R2_D4_Stim8hr_NTC-971,NTC-971,CE0006864,Stim8hr,CD4i_R2,137.0,1680188.0
CD4i_R2_D4_Stim8hr_NTC-972,NTC-972,CE0006864,Stim8hr,CD4i_R2,40.0,470461.0
CD4i_R2_D4_Stim8hr_NTC-973,NTC-973,CE0006864,Stim8hr,CD4i_R2,75.0,668438.0
CD4i_R2_D4_Stim8hr_NTC-974,NTC-974,CE0006864,Stim8hr,CD4i_R2,73.0,773963.0
CD4i_R2_D4_Stim8hr_NTC-975,NTC-975,CE0006864,Stim8hr,CD4i_R2,105.0,1118552.0
CD4i_R2_D4_Stim8hr_NTC-976,NTC-976,CE0006864,Stim8hr,CD4i_R2,76.0,897431.0
CD4i_R2_D4_Stim8hr_NTC-977,NTC-977,CE0006864,Stim8hr,CD4i_R2,92.0,931434.0
CD4i_R2_D4_Stim8hr_NTC-978,NTC-978,CE0006864,Stim8hr,CD4i_R2,32.0,372366.0
CD4i_R2_D4_Stim8hr_NTC-979,NTC-979,CE0006864,Stim8hr,CD4i_R2,65.0,639464.0
CD4i_R2_D4_Stim8hr_NTC-980,NTC-980,CE0006864,Stim8hr,CD4i_R2,22.0,201951.0
CD4i_R2_D4_Stim8hr_NTC-981,NTC-981,CE0006864,Stim8hr,CD4i_R2,184.0,1757295.0
CD4i_R2_D4_Stim8hr_NTC-982,NTC-982,CE0006864,Stim8hr,CD4i_R2,97.0,1215251.0
CD4i_R2_D4_Stim8hr_NTC-983,NTC-983,CE0006864,Stim8hr,CD4i_R2,30.0,403878.0
CD4i_R2_D4_Stim8hr_NTC-984,NTC-984,CE0006864,Stim8hr,CD4i_R2,60.0,703191.0
CD4i_R2_D4_Stim8hr_NTC-985,NTC-985,CE0006864,Stim8hr,CD4i_R2,139.0,1427924.0
CD4i_R2_D4_Stim8hr_NTC-986,NTC-986,CE0006864,Stim8hr,CD4i_R2,39.0,388423.0
CD4i_R2_D4_Stim8hr_NTC-987,NTC-987,CE0006864,Stim8hr,CD4i_R2,46.0,416013.0
CD4i_R2_D4_Stim8hr_NTC-988,NTC-988,CE0006864,Stim8hr,CD4i_R2,78.0,986578.0
CD4i_R2_D4_Stim8hr_NTC-989,NTC-989,CE0006864,Stim8hr,CD4i_R2,87.0,1011416.0
CD4i_R2_D4_Stim8hr_NTC-990,NTC-990,CE0006864,Stim8hr,CD4i_R2,155.0,1821366.0
CD4i_R2_D4_Stim8hr_NTC-991,NTC-991,CE0006864,Stim8hr,CD4i_R2,65.0,756976.0
CD4i_R2_D4_Stim8hr_NTC-992,NTC-992,CE0006864,Stim8hr,CD4i_R2,54.0,644050.0
CD4i_R2_D4_Stim48hr_NTC-001,NTC-001,CE0006864,Stim48hr,CD4i_R2,47.0,661555.0
CD4i_R2_D4_Stim48hr_NTC-002,NTC-002,CE0006864,Stim48hr,CD4i_R2,65.0,952976.0
CD4i_R2_D4_Stim48hr_NTC-003,NTC-003,CE0006864,Stim48hr,CD4i_R2,40.0,492871.0
CD4i_R2_D4_Stim48hr_NTC-004,NTC-004,CE0006864,Stim48hr,CD4i_R2,25.0,337350.0
CD4i_R2_D4_Stim48hr_NTC-005,NTC-005,CE0006864,Stim48hr,CD4i_R2,64.0,746774.0
CD4i_R2_D4_Stim48hr_NTC-006,NTC-006,CE0006864,Stim48hr,CD4i_R2,151.0,2318425.0
CD4i_R2_D4_Stim48hr_NTC-007,NTC-007,CE0006864,Stim48hr,CD4i_R2,37.0,421514.0
CD4i_R2_D4_Stim48hr_NTC-008,NTC-008,CE0006864,Stim48hr,CD4i_R2,63.0,832452.0
CD4i_R2_D4_Stim48hr_NTC-009,NTC-009,CE0006864,Stim48hr,CD4i_R2,61.0,752231.0
CD4i_R2_D4_Stim48hr_NTC-010,NTC-010,CE0006864,Stim48hr,CD4i_R2,53.0,707833.0
CD4i_R2_D4_Stim48hr_NTC-011,NTC-011,CE0006864,Stim48hr,CD4i_R2,159.0,2224423.0
CD4i_R2_D4_Stim48hr_NTC-012,NTC-012,CE0006864,Stim48hr,CD4i_R2,71.0,1024635.0
CD4i_R2_D4_Stim48hr_NTC-013,NTC-013,CE0006864,Stim48hr,CD4i_R2,36.0,434727.0
CD4i_R2_D4_Stim48hr_NTC-014,NTC-014,CE0006864,Stim48hr,CD4i_R2,56.0,764268.0
CD4i_R2_D4_Stim48hr_NTC-015,NTC-015,CE0006864,Stim48hr,CD4i_R2,35.0,480731.0
CD4i_R2_D4_Stim48hr_NTC-016,NTC-016,CE0006864,Stim48hr,CD4i_R2,45.0,647146.0
CD4i_R2_D4_Stim48hr_NTC-017,NTC-017,CE0006864,Stim48hr,CD4i_R2,43.0,743095.0
CD4i_R2_D4_Stim48hr_NTC-018,NTC-018,CE0006864,Stim48hr,CD4i_R2,120.0,1769994.0
CD4i_R2_D4_Stim48hr_NTC-019,NTC-019,CE0006864,Stim48hr,CD4i_R2,92.0,1147703.0
CD4i_R2_D4_Stim48hr_NTC-020,NTC-020,CE0006864,Stim48hr,CD4i_R2,182.0,2638123.0
CD4i_R2_D4_Stim48hr_NTC-021,NTC-021,CE0006864,Stim48hr,CD4i_R2,57.0,825891.0
CD4i_R2_D4_Stim48hr_NTC-022,NTC-022,CE0006864,Stim48hr,CD4i_R2,9.0,138021.0
CD4i_R2_D4_Stim48hr_NTC-023,NTC-023,CE0006864,Stim48hr,CD4i_R2,108.0,1395796.0
CD4i_R2_D4_Stim48hr_NTC-024,NTC-024,CE0006864,Stim48hr,CD4i_R2,34.0,488799.0
CD4i_R2_D4_Stim48hr_NTC-025,NTC-025,CE0006864,Stim48hr,CD4i_R2,117.0,1436981.0
CD4i_R2_D4_Stim48hr_NTC-026,NTC-026,CE0006864,Stim48hr,CD4i_R2,127.0,1614803.0
CD4i_R2_D4_Stim48hr_NTC-027,NTC-027,CE0006864,Stim48hr,CD4i_R2,192.0,2445897.0
CD4i_R2_D4_Stim48hr_NTC-028,NTC-028,CE0006864,Stim48hr,CD4i_R2,252.0,3615854.0
CD4i_R2_D4_Stim48hr_NTC-029,NTC-029,CE0006864,Stim48hr,CD4i_R2,92.0,1152224.0
CD4i_R2_D4_Stim48hr_NTC-030,NTC-030,CE0006864,Stim48hr,CD4i_R2,143.0,1949767.0
CD4i_R2_D4_Stim48hr_NTC-031,NTC-031,CE0006864,Stim48hr,CD4i_R2,71.0,923437.0
CD4i_R2_D4_Stim48hr_NTC-032,NTC-032,CE0006864,Stim48hr,CD4i_R2,77.0,1099134.0
CD4i_R2_D4_Stim48hr_NTC-033,NTC-033,CE0006864,Stim48hr,CD4i_R2,74.0,1126413.0
CD4i_R2_D4_Stim48hr_NTC-034,NTC-034,CE0006864,Stim48hr,CD4i_R2,39.0,625845.0
CD4i_R2_D4_Stim48hr_NTC-035,NTC-035,CE0006864,Stim48hr,CD4i_R2,81.0,1025023.0
CD4i_R2_D4_Stim48hr_NTC-036,NTC-036,CE0006864,Stim48hr,CD4i_R2,39.0,498678.0
CD4i_R2_D4_Stim48hr_NTC-037,NTC-037,CE0006864,Stim48hr,CD4i_R2,55.0,774134.0
CD4i_R2_D4_Stim48hr_NTC-038,NTC-038,CE0006864,Stim48hr,CD4i_R2,48.0,627780.0
CD4i_R2_D4_Stim48hr_NTC-039,NTC-039,CE0006864,Stim48hr,CD4i_R2,67.0,916254.0
CD4i_R2_D4_Stim48hr_NTC-040,NTC-040,CE0006864,Stim48hr,CD4i_R2,145.0,1997462.0
CD4i_R2_D4_Stim48hr_NTC-041,NTC-041,CE0006864,Stim48hr,CD4i_R2,87.0,1279388.0
CD4i_R2_D4_Stim48hr_NTC-042,NTC-042,CE0006864,Stim48hr,CD4i_R2,202.0,2566862.0
CD4i_R2_D4_Stim48hr_NTC-043,NTC-043,CE0006864,Stim48hr,CD4i_R2,47.0,659456.0
CD4i_R2_D4_Stim48hr_NTC-044,NTC-044,CE0006864,Stim48hr,CD4i_R2,39.0,562472.0
CD4i_R2_D4_Stim48hr_NTC-045,NTC-045,CE0006864,Stim48hr,CD4i_R2,119.0,1827644.0
CD4i_R2_D4_Stim48hr_NTC-046,NTC-046,CE0006864,Stim48hr,CD4i_R2,41.0,487273.0
CD4i_R2_D4_Stim48hr_NTC-047,NTC-047,CE0006864,Stim48hr,CD4i_R2,34.0,387070.0
CD4i_R2_D4_Stim48hr_NTC-048,NTC-048,CE0006864,Stim48hr,CD4i_R2,63.0,946787.0
CD4i_R2_D4_Stim48hr_NTC-049,NTC-049,CE0006864,Stim48hr,CD4i_R2,94.0,1270529.0
CD4i_R2_D4_Stim48hr_NTC-050,NTC-050,CE0006864,Stim48hr,CD4i_R2,116.0,1508011.0
CD4i_R2_D4_Stim48hr_NTC-051,NTC-051,CE0006864,Stim48hr,CD4i_R2,58.0,960866.0
CD4i_R2_D4_Stim48hr_NTC-052,NTC-052,CE0006864,Stim48hr,CD4i_R2,53.0,681574.0
CD4i_R2_D4_Stim48hr_NTC-054,NTC-054,CE0006864,Stim48hr,CD4i_R2,72.0,849504.0
CD4i_R2_D4_Stim48hr_NTC-055,NTC-055,CE0006864,Stim48hr,CD4i_R2,113.0,1535661.0
CD4i_R2_D4_Stim48hr_NTC-056,NTC-056,CE0006864,Stim48hr,CD4i_R2,67.0,980589.0
CD4i_R2_D4_Stim48hr_NTC-057,NTC-057,CE0006864,Stim48hr,CD4i_R2,135.0,1781475.0
CD4i_R2_D4_Stim48hr_NTC-058,NTC-058,CE0006864,Stim48hr,CD4i_R2,159.0,2288246.0
CD4i_R2_D4_Stim48hr_NTC-059,NTC-059,CE0006864,Stim48hr,CD4i_R2,36.0,504000.0
CD4i_R2_D4_Stim48hr_NTC-060,NTC-060,CE0006864,Stim48hr,CD4i_R2,70.0,888175.0
CD4i_R2_D4_Stim48hr_NTC-061,NTC-061,CE0006864,Stim48hr,CD4i_R2,32.0,382742.0
CD4i_R2_D4_Stim48hr_NTC-062,NTC-062,CE0006864,Stim48hr,CD4i_R2,58.0,714784.0
CD4i_R2_D4_Stim48hr_NTC-063,NTC-063,CE0006864,Stim48hr,CD4i_R2,54.0,719776.0
CD4i_R2_D4_Stim48hr_NTC-064,NTC-064,CE0006864,Stim48hr,CD4i_R2,152.0,2059901.0
CD4i_R2_D4_Stim48hr_NTC-066,NTC-066,CE0006864,Stim48hr,CD4i_R2,87.0,1271700.0
CD4i_R2_D4_Stim48hr_NTC-067,NTC-067,CE0006864,Stim48hr,CD4i_R2,102.0,1375441.0
CD4i_R2_D4_Stim48hr_NTC-068,NTC-068,CE0006864,Stim48hr,CD4i_R2,52.0,679286.0
CD4i_R2_D4_Stim48hr_NTC-069,NTC-069,CE0006864,Stim48hr,CD4i_R2,56.0,798321.0
CD4i_R2_D4_Stim48hr_NTC-070,NTC-070,CE0006864,Stim48hr,CD4i_R2,28.0,325455.0
CD4i_R2_D4_Stim48hr_NTC-071,NTC-071,CE0006864,Stim48hr,CD4i_R2,206.0,3069271.0
CD4i_R2_D4_Stim48hr_NTC-072,NTC-072,CE0006864,Stim48hr,CD4i_R2,15.0,224313.0
CD4i_R2_D4_Stim48hr_NTC-073,NTC-073,CE0006864,Stim48hr,CD4i_R2,121.0,1632352.0
CD4i_R2_D4_Stim48hr_NTC-074,NTC-074,CE0006864,Stim48hr,CD4i_R2,151.0,2030283.0
CD4i_R2_D4_Stim48hr_NTC-075,NTC-075,CE0006864,Stim48hr,CD4i_R2,43.0,580287.0
CD4i_R2_D4_Stim48hr_NTC-076,NTC-076,CE0006864,Stim48hr,CD4i_R2,26.0,311622.0
CD4i_R2_D4_Stim48hr_NTC-077,NTC-077,CE0006864,Stim48hr,CD4i_R2,69.0,940504.0
CD4i_R2_D4_Stim48hr_NTC-078,NTC-078,CE0006864,Stim48hr,CD4i_R2,105.0,1520951.0
CD4i_R2_D4_Stim48hr_NTC-079,NTC-079,CE0006864,Stim48hr,CD4i_R2,58.0,808427.0
CD4i_R2_D4_Stim48hr_NTC-080,NTC-080,CE0006864,Stim48hr,CD4i_R2,47.0,618936.0
CD4i_R2_D4_Stim48hr_NTC-081,NTC-081,CE0006864,Stim48hr,CD4i_R2,19.0,235437.0
CD4i_R2_D4_Stim48hr_NTC-082,NTC-082,CE0006864,Stim48hr,CD4i_R2,35.0,636682.0
CD4i_R2_D4_Stim48hr_NTC-083,NTC-083,CE0006864,Stim48hr,CD4i_R2,133.0,1939651.0
CD4i_R2_D4_Stim48hr_NTC-084,NTC-084,CE0006864,Stim48hr,CD4i_R2,88.0,1234107.0
CD4i_R2_D4_Stim48hr_NTC-086,NTC-086,CE0006864,Stim48hr,CD4i_R2,19.0,322367.0
CD4i_R2_D4_Stim48hr_NTC-087,NTC-087,CE0006864,Stim48hr,CD4i_R2,19.0,292166.0
CD4i_R2_D4_Stim48hr_NTC-088,NTC-088,CE0006864,Stim48hr,CD4i_R2,70.0,935977.0
CD4i_R2_D4_Stim48hr_NTC-089,NTC-089,CE0006864,Stim48hr,CD4i_R2,81.0,1083583.0
CD4i_R2_D4_Stim48hr_NTC-090,NTC-090,CE0006864,Stim48hr,CD4i_R2,168.0,2264299.0
CD4i_R2_D4_Stim48hr_NTC-091,NTC-091,CE0006864,Stim48hr,CD4i_R2,63.0,818363.0
CD4i_R2_D4_Stim48hr_NTC-092,NTC-092,CE0006864,Stim48hr,CD4i_R2,130.0,1664787.0
CD4i_R2_D4_Stim48hr_NTC-093,NTC-093,CE0006864,Stim48hr,CD4i_R2,126.0,1898630.0
CD4i_R2_D4_Stim48hr_NTC-094,NTC-094,CE0006864,Stim48hr,CD4i_R2,71.0,934341.0
CD4i_R2_D4_Stim48hr_NTC-095,NTC-095,CE0006864,Stim48hr,CD4i_R2,38.0,522306.0
CD4i_R2_D4_Stim48hr_NTC-096,NTC-096,CE0006864,Stim48hr,CD4i_R2,81.0,1242926.0
CD4i_R2_D4_Stim48hr_NTC-097,NTC-097,CE0006864,Stim48hr,CD4i_R2,64.0,863680.0
CD4i_R2_D4_Stim48hr_NTC-098,NTC-098,CE0006864,Stim48hr,CD4i_R2,54.0,784512.0
CD4i_R2_D4_Stim48hr_NTC-099,NTC-099,CE0006864,Stim48hr,CD4i_R2,93.0,1289591.0
CD4i_R2_D4_Stim48hr_NTC-100,NTC-100,CE0006864,Stim48hr,CD4i_R2,42.0,589952.0
CD4i_R2_D4_Stim48hr_NTC-101,NTC-101,CE0006864,Stim48hr,CD4i_R2,77.0,1197986.0
CD4i_R2_D4_Stim48hr_NTC-102,NTC-102,CE0006864,Stim48hr,CD4i_R2,147.0,1948256.0
CD4i_R2_D4_Stim48hr_NTC-103,NTC-103,CE0006864,Stim48hr,CD4i_R2,62.0,759887.0
CD4i_R2_D4_Stim48hr_NTC-104,NTC-104,CE0006864,Stim48hr,CD4i_R2,25.0,359919.0
CD4i_R2_D4_Stim48hr_NTC-105,NTC-105,CE0006864,Stim48hr,CD4i_R2,62.0,769274.0
CD4i_R2_D4_Stim48hr_NTC-106,NTC-106,CE0006864,Stim48hr,CD4i_R2,185.0,2506917.0
CD4i_R2_D4_Stim48hr_NTC-107,NTC-107,CE0006864,Stim48hr,CD4i_R2,11.0,143330.0
CD4i_R2_D4_Stim48hr_NTC-108,NTC-108,CE0006864,Stim48hr,CD4i_R2,150.0,2213270.0
CD4i_R2_D4_Stim48hr_NTC-109,NTC-109,CE0006864,Stim48hr,CD4i_R2,10.0,148270.0
CD4i_R2_D4_Stim48hr_NTC-110,NTC-110,CE0006864,Stim48hr,CD4i_R2,72.0,923983.0
CD4i_R2_D4_Stim48hr_NTC-111,NTC-111,CE0006864,Stim48hr,CD4i_R2,77.0,938580.0
CD4i_R2_D4_Stim48hr_NTC-112,NTC-112,CE0006864,Stim48hr,CD4i_R2,39.0,517837.0
CD4i_R2_D4_Stim48hr_NTC-113,NTC-113,CE0006864,Stim48hr,CD4i_R2,83.0,921719.0
CD4i_R2_D4_Stim48hr_NTC-114,NTC-114,CE0006864,Stim48hr,CD4i_R2,40.0,483265.0
CD4i_R2_D4_Stim48hr_NTC-115,NTC-115,CE0006864,Stim48hr,CD4i_R2,221.0,2940264.0
CD4i_R2_D4_Stim48hr_NTC-116,NTC-116,CE0006864,Stim48hr,CD4i_R2,58.0,918230.0
CD4i_R2_D4_Stim48hr_NTC-117,NTC-117,CE0006864,Stim48hr,CD4i_R2,48.0,667799.0
CD4i_R2_D4_Stim48hr_NTC-118,NTC-118,CE0006864,Stim48hr,CD4i_R2,31.0,456680.0
CD4i_R2_D4_Stim48hr_NTC-119,NTC-119,CE0006864,Stim48hr,CD4i_R2,47.0,667984.0
CD4i_R2_D4_Stim48hr_NTC-120,NTC-120,CE0006864,Stim48hr,CD4i_R2,69.0,987329.0
CD4i_R2_D4_Stim48hr_NTC-121,NTC-121,CE0006864,Stim48hr,CD4i_R2,21.0,280952.0
CD4i_R2_D4_Stim48hr_NTC-122,NTC-122,CE0006864,Stim48hr,CD4i_R2,56.0,727323.0
CD4i_R2_D4_Stim48hr_NTC-123,NTC-123,CE0006864,Stim48hr,CD4i_R2,67.0,957092.0
CD4i_R2_D4_Stim48hr_NTC-124,NTC-124,CE0006864,Stim48hr,CD4i_R2,37.0,581336.0
CD4i_R2_D4_Stim48hr_NTC-125,NTC-125,CE0006864,Stim48hr,CD4i_R2,46.0,581913.0
CD4i_R2_D4_Stim48hr_NTC-126,NTC-126,CE0006864,Stim48hr,CD4i_R2,121.0,2030424.0
CD4i_R2_D4_Stim48hr_NTC-127,NTC-127,CE0006864,Stim48hr,CD4i_R2,98.0,1267180.0
CD4i_R2_D4_Stim48hr_NTC-128,NTC-128,CE0006864,Stim48hr,CD4i_R2,32.0,389154.0
CD4i_R2_D4_Stim48hr_NTC-129,NTC-129,CE0006864,Stim48hr,CD4i_R2,141.0,1842547.0
CD4i_R2_D4_Stim48hr_NTC-130,NTC-130,CE0006864,Stim48hr,CD4i_R2,220.0,3067650.0
CD4i_R2_D4_Stim48hr_NTC-131,NTC-131,CE0006864,Stim48hr,CD4i_R2,61.0,828758.0
CD4i_R2_D4_Stim48hr_NTC-132,NTC-132,CE0006864,Stim48hr,CD4i_R2,26.0,293138.0
CD4i_R2_D4_Stim48hr_NTC-133,NTC-133,CE0006864,Stim48hr,CD4i_R2,82.0,1085585.0
CD4i_R2_D4_Stim48hr_NTC-134,NTC-134,CE0006864,Stim48hr,CD4i_R2,84.0,1131606.0
CD4i_R2_D4_Stim48hr_NTC-135,NTC-135,CE0006864,Stim48hr,CD4i_R2,61.0,881717.0
CD4i_R2_D4_Stim48hr_NTC-136,NTC-136,CE0006864,Stim48hr,CD4i_R2,96.0,1497303.0
CD4i_R2_D4_Stim48hr_NTC-137,NTC-137,CE0006864,Stim48hr,CD4i_R2,67.0,858296.0
CD4i_R2_D4_Stim48hr_NTC-138,NTC-138,CE0006864,Stim48hr,CD4i_R2,66.0,860754.0
CD4i_R2_D4_Stim48hr_NTC-139,NTC-139,CE0006864,Stim48hr,CD4i_R2,141.0,2051239.0
CD4i_R2_D4_Stim48hr_NTC-140,NTC-140,CE0006864,Stim48hr,CD4i_R2,71.0,825902.0
CD4i_R2_D4_Stim48hr_NTC-141,NTC-141,CE0006864,Stim48hr,CD4i_R2,271.0,3758741.0
CD4i_R2_D4_Stim48hr_NTC-142,NTC-142,CE0006864,Stim48hr,CD4i_R2,55.0,784600.0
CD4i_R2_D4_Stim48hr_NTC-143,NTC-143,CE0006864,Stim48hr,CD4i_R2,47.0,627234.0
CD4i_R2_D4_Stim48hr_NTC-144,NTC-144,CE0006864,Stim48hr,CD4i_R2,74.0,1094700.0
CD4i_R2_D4_Stim48hr_NTC-145,NTC-145,CE0006864,Stim48hr,CD4i_R2,5.0,72577.0
CD4i_R2_D4_Stim48hr_NTC-146,NTC-146,CE0006864,Stim48hr,CD4i_R2,49.0,597402.0
CD4i_R2_D4_Stim48hr_NTC-147,NTC-147,CE0006864,Stim48hr,CD4i_R2,32.0,425576.0
CD4i_R2_D4_Stim48hr_NTC-148,NTC-148,CE0006864,Stim48hr,CD4i_R2,85.0,1176800.0
CD4i_R2_D4_Stim48hr_NTC-149,NTC-149,CE0006864,Stim48hr,CD4i_R2,277.0,3696500.0
CD4i_R2_D4_Stim48hr_NTC-150,NTC-150,CE0006864,Stim48hr,CD4i_R2,58.0,825678.0
CD4i_R2_D4_Stim48hr_NTC-151,NTC-151,CE0006864,Stim48hr,CD4i_R2,107.0,1535839.0
CD4i_R2_D4_Stim48hr_NTC-152,NTC-152,CE0006864,Stim48hr,CD4i_R2,148.0,2063174.0
CD4i_R2_D4_Stim48hr_NTC-153,NTC-153,CE0006864,Stim48hr,CD4i_R2,143.0,1867965.0
CD4i_R2_D4_Stim48hr_NTC-154,NTC-154,CE0006864,Stim48hr,CD4i_R2,76.0,1014602.0
CD4i_R2_D4_Stim48hr_NTC-155,NTC-155,CE0006864,Stim48hr,CD4i_R2,73.0,889499.0
CD4i_R2_D4_Stim48hr_NTC-156,NTC-156,CE0006864,Stim48hr,CD4i_R2,44.0,665243.0
CD4i_R2_D4_Stim48hr_NTC-157,NTC-157,CE0006864,Stim48hr,CD4i_R2,36.0,533205.0
CD4i_R2_D4_Stim48hr_NTC-158,NTC-158,CE0006864,Stim48hr,CD4i_R2,67.0,981371.0
CD4i_R2_D4_Stim48hr_NTC-159,NTC-159,CE0006864,Stim48hr,CD4i_R2,41.0,505028.0
CD4i_R2_D4_Stim48hr_NTC-160,NTC-160,CE0006864,Stim48hr,CD4i_R2,85.0,1052768.0
CD4i_R2_D4_Stim48hr_NTC-161,NTC-161,CE0006864,Stim48hr,CD4i_R2,216.0,2763652.0
CD4i_R2_D4_Stim48hr_NTC-162,NTC-162,CE0006864,Stim48hr,CD4i_R2,38.0,589797.0
CD4i_R2_D4_Stim48hr_NTC-163,NTC-163,CE0006864,Stim48hr,CD4i_R2,120.0,1790685.0
CD4i_R2_D4_Stim48hr_NTC-164,NTC-164,CE0006864,Stim48hr,CD4i_R2,98.0,1446343.0
CD4i_R2_D4_Stim48hr_NTC-165,NTC-165,CE0006864,Stim48hr,CD4i_R2,13.0,138055.0
CD4i_R2_D4_Stim48hr_NTC-166,NTC-166,CE0006864,Stim48hr,CD4i_R2,480.0,7262032.0
CD4i_R2_D4_Stim48hr_NTC-167,NTC-167,CE0006864,Stim48hr,CD4i_R2,57.0,713424.0
CD4i_R2_D4_Stim48hr_NTC-168,NTC-168,CE0006864,Stim48hr,CD4i_R2,20.0,264327.0
CD4i_R2_D4_Stim48hr_NTC-169,NTC-169,CE0006864,Stim48hr,CD4i_R2,71.0,1108030.0
CD4i_R2_D4_Stim48hr_NTC-170,NTC-170,CE0006864,Stim48hr,CD4i_R2,95.0,1380735.0
CD4i_R2_D4_Stim48hr_NTC-171,NTC-171,CE0006864,Stim48hr,CD4i_R2,25.0,315844.0
CD4i_R2_D4_Stim48hr_NTC-172,NTC-172,CE0006864,Stim48hr,CD4i_R2,18.0,247376.0
CD4i_R2_D4_Stim48hr_NTC-173,NTC-173,CE0006864,Stim48hr,CD4i_R2,97.0,1384864.0
CD4i_R2_D4_Stim48hr_NTC-174,NTC-174,CE0006864,Stim48hr,CD4i_R2,98.0,1407362.0
CD4i_R2_D4_Stim48hr_NTC-175,NTC-175,CE0006864,Stim48hr,CD4i_R2,117.0,1520200.0
CD4i_R2_D4_Stim48hr_NTC-176,NTC-176,CE0006864,Stim48hr,CD4i_R2,54.0,769854.0
CD4i_R2_D4_Stim48hr_NTC-177,NTC-177,CE0006864,Stim48hr,CD4i_R2,15.0,173369.0
CD4i_R2_D4_Stim48hr_NTC-178,NTC-178,CE0006864,Stim48hr,CD4i_R2,27.0,355949.0
CD4i_R2_D4_Stim48hr_NTC-179,NTC-179,CE0006864,Stim48hr,CD4i_R2,55.0,753668.0
CD4i_R2_D4_Stim48hr_NTC-180,NTC-180,CE0006864,Stim48hr,CD4i_R2,41.0,520155.0
CD4i_R2_D4_Stim48hr_NTC-181,NTC-181,CE0006864,Stim48hr,CD4i_R2,60.0,853795.0
CD4i_R2_D4_Stim48hr_NTC-182,NTC-182,CE0006864,Stim48hr,CD4i_R2,209.0,3135282.0
CD4i_R2_D4_Stim48hr_NTC-183,NTC-183,CE0006864,Stim48hr,CD4i_R2,41.0,555606.0
CD4i_R2_D4_Stim48hr_NTC-184,NTC-184,CE0006864,Stim48hr,CD4i_R2,108.0,1381706.0
CD4i_R2_D4_Stim48hr_NTC-185,NTC-185,CE0006864,Stim48hr,CD4i_R2,52.0,653316.0
CD4i_R2_D4_Stim48hr_NTC-186,NTC-186,CE0006864,Stim48hr,CD4i_R2,110.0,1429903.0
CD4i_R2_D4_Stim48hr_NTC-188,NTC-188,CE0006864,Stim48hr,CD4i_R2,60.0,762787.0
CD4i_R2_D4_Stim48hr_NTC-189,NTC-189,CE0006864,Stim48hr,CD4i_R2,29.0,366564.0
CD4i_R2_D4_Stim48hr_NTC-190,NTC-190,CE0006864,Stim48hr,CD4i_R2,29.0,400175.0
CD4i_R2_D4_Stim48hr_NTC-191,NTC-191,CE0006864,Stim48hr,CD4i_R2,102.0,1255390.0
CD4i_R2_D4_Stim48hr_NTC-192,NTC-192,CE0006864,Stim48hr,CD4i_R2,130.0,1941333.0
CD4i_R2_D4_Stim48hr_NTC-193,NTC-193,CE0006864,Stim48hr,CD4i_R2,104.0,1308784.0
CD4i_R2_D4_Stim48hr_NTC-194,NTC-194,CE0006864,Stim48hr,CD4i_R2,20.0,277213.0
CD4i_R2_D4_Stim48hr_NTC-195,NTC-195,CE0006864,Stim48hr,CD4i_R2,171.0,2373164.0
CD4i_R2_D4_Stim48hr_NTC-196,NTC-196,CE0006864,Stim48hr,CD4i_R2,188.0,2851636.0
CD4i_R2_D4_Stim48hr_NTC-197,NTC-197,CE0006864,Stim48hr,CD4i_R2,113.0,1493253.0
CD4i_R2_D4_Stim48hr_NTC-198,NTC-198,CE0006864,Stim48hr,CD4i_R2,14.0,165172.0
CD4i_R2_D4_Stim48hr_NTC-199,NTC-199,CE0006864,Stim48hr,CD4i_R2,42.0,718153.0
CD4i_R2_D4_Stim48hr_NTC-200,NTC-200,CE0006864,Stim48hr,CD4i_R2,72.0,1120191.0
CD4i_R2_D4_Stim48hr_NTC-201,NTC-201,CE0006864,Stim48hr,CD4i_R2,105.0,1353163.0
CD4i_R2_D4_Stim48hr_NTC-202,NTC-202,CE0006864,Stim48hr,CD4i_R2,178.0,2383415.0
CD4i_R2_D4_Stim48hr_NTC-203,NTC-203,CE0006864,Stim48hr,CD4i_R2,111.0,1563138.0
CD4i_R2_D4_Stim48hr_NTC-204,NTC-204,CE0006864,Stim48hr,CD4i_R2,13.0,216788.0
CD4i_R2_D4_Stim48hr_NTC-205,NTC-205,CE0006864,Stim48hr,CD4i_R2,23.0,325818.0
CD4i_R2_D4_Stim48hr_NTC-206,NTC-206,CE0006864,Stim48hr,CD4i_R2,80.0,1145328.0
CD4i_R2_D4_Stim48hr_NTC-207,NTC-207,CE0006864,Stim48hr,CD4i_R2,32.0,581561.0
CD4i_R2_D4_Stim48hr_NTC-208,NTC-208,CE0006864,Stim48hr,CD4i_R2,38.0,555162.0
CD4i_R2_D4_Stim48hr_NTC-209,NTC-209,CE0006864,Stim48hr,CD4i_R2,67.0,802960.0
CD4i_R2_D4_Stim48hr_NTC-210,NTC-210,CE0006864,Stim48hr,CD4i_R2,42.0,656098.0
CD4i_R2_D4_Stim48hr_NTC-211,NTC-211,CE0006864,Stim48hr,CD4i_R2,98.0,1410015.0
CD4i_R2_D4_Stim48hr_NTC-212,NTC-212,CE0006864,Stim48hr,CD4i_R2,64.0,840036.0
CD4i_R2_D4_Stim48hr_NTC-213,NTC-213,CE0006864,Stim48hr,CD4i_R2,69.0,823958.0
CD4i_R2_D4_Stim48hr_NTC-214,NTC-214,CE0006864,Stim48hr,CD4i_R2,33.0,395867.0
CD4i_R2_D4_Stim48hr_NTC-215,NTC-215,CE0006864,Stim48hr,CD4i_R2,35.0,362995.0
CD4i_R2_D4_Stim48hr_NTC-216,NTC-216,CE0006864,Stim48hr,CD4i_R2,42.0,676849.0
CD4i_R2_D4_Stim48hr_NTC-217,NTC-217,CE0006864,Stim48hr,CD4i_R2,51.0,787231.0
CD4i_R2_D4_Stim48hr_NTC-219,NTC-219,CE0006864,Stim48hr,CD4i_R2,130.0,1878827.0
CD4i_R2_D4_Stim48hr_NTC-220,NTC-220,CE0006864,Stim48hr,CD4i_R2,82.0,1095865.0
CD4i_R2_D4_Stim48hr_NTC-221,NTC-221,CE0006864,Stim48hr,CD4i_R2,30.0,383632.0
CD4i_R2_D4_Stim48hr_NTC-222,NTC-222,CE0006864,Stim48hr,CD4i_R2,73.0,939104.0
CD4i_R2_D4_Stim48hr_NTC-224,NTC-224,CE0006864,Stim48hr,CD4i_R2,63.0,865456.0
CD4i_R2_D4_Stim48hr_NTC-225,NTC-225,CE0006864,Stim48hr,CD4i_R2,33.0,484611.0
CD4i_R2_D4_Stim48hr_NTC-226,NTC-226,CE0006864,Stim48hr,CD4i_R2,138.0,1945087.0
CD4i_R2_D4_Stim48hr_NTC-227,NTC-227,CE0006864,Stim48hr,CD4i_R2,69.0,975910.0
CD4i_R2_D4_Stim48hr_NTC-228,NTC-228,CE0006864,Stim48hr,CD4i_R2,133.0,1894712.0
CD4i_R2_D4_Stim48hr_NTC-229,NTC-229,CE0006864,Stim48hr,CD4i_R2,80.0,1139788.0
CD4i_R2_D4_Stim48hr_NTC-230,NTC-230,CE0006864,Stim48hr,CD4i_R2,49.0,614480.0
CD4i_R2_D4_Stim48hr_NTC-231,NTC-231,CE0006864,Stim48hr,CD4i_R2,25.0,313315.0
CD4i_R2_D4_Stim48hr_NTC-232,NTC-232,CE0006864,Stim48hr,CD4i_R2,89.0,1279033.0
CD4i_R2_D4_Stim48hr_NTC-233,NTC-233,CE0006864,Stim48hr,CD4i_R2,149.0,2126554.0
CD4i_R2_D4_Stim48hr_NTC-234,NTC-234,CE0006864,Stim48hr,CD4i_R2,37.0,476760.0
CD4i_R2_D4_Stim48hr_NTC-235,NTC-235,CE0006864,Stim48hr,CD4i_R2,92.0,1398330.0
CD4i_R2_D4_Stim48hr_NTC-236,NTC-236,CE0006864,Stim48hr,CD4i_R2,31.0,402613.0
CD4i_R2_D4_Stim48hr_NTC-237,NTC-237,CE0006864,Stim48hr,CD4i_R2,68.0,851811.0
CD4i_R2_D4_Stim48hr_NTC-238,NTC-238,CE0006864,Stim48hr,CD4i_R2,57.0,671315.0
CD4i_R2_D4_Stim48hr_NTC-239,NTC-239,CE0006864,Stim48hr,CD4i_R2,142.0,2098390.0
CD4i_R2_D4_Stim48hr_NTC-240,NTC-240,CE0006864,Stim48hr,CD4i_R2,48.0,667417.0
CD4i_R2_D4_Stim48hr_NTC-241,NTC-241,CE0006864,Stim48hr,CD4i_R2,120.0,1726619.0
CD4i_R2_D4_Stim48hr_NTC-242,NTC-242,CE0006864,Stim48hr,CD4i_R2,89.0,1247547.0
CD4i_R2_D4_Stim48hr_NTC-243,NTC-243,CE0006864,Stim48hr,CD4i_R2,81.0,1164994.0
CD4i_R2_D4_Stim48hr_NTC-244,NTC-244,CE0006864,Stim48hr,CD4i_R2,131.0,1729481.0
CD4i_R2_D4_Stim48hr_NTC-245,NTC-245,CE0006864,Stim48hr,CD4i_R2,117.0,1709241.0
CD4i_R2_D4_Stim48hr_NTC-246,NTC-246,CE0006864,Stim48hr,CD4i_R2,249.0,3097829.0
CD4i_R2_D4_Stim48hr_NTC-247,NTC-247,CE0006864,Stim48hr,CD4i_R2,24.0,341445.0
CD4i_R2_D4_Stim48hr_NTC-248,NTC-248,CE0006864,Stim48hr,CD4i_R2,100.0,1314891.0
CD4i_R2_D4_Stim48hr_NTC-249,NTC-249,CE0006864,Stim48hr,CD4i_R2,117.0,1594196.0
CD4i_R2_D4_Stim48hr_NTC-250,NTC-250,CE0006864,Stim48hr,CD4i_R2,36.0,492662.0
CD4i_R2_D4_Stim48hr_NTC-251,NTC-251,CE0006864,Stim48hr,CD4i_R2,81.0,1067358.0
CD4i_R2_D4_Stim48hr_NTC-252,NTC-252,CE0006864,Stim48hr,CD4i_R2,112.0,1547506.0
CD4i_R2_D4_Stim48hr_NTC-253,NTC-253,CE0006864,Stim48hr,CD4i_R2,21.0,274123.0
CD4i_R2_D4_Stim48hr_NTC-254,NTC-254,CE0006864,Stim48hr,CD4i_R2,77.0,1039448.0
CD4i_R2_D4_Stim48hr_NTC-256,NTC-256,CE0006864,Stim48hr,CD4i_R2,47.0,626845.0
CD4i_R2_D4_Stim48hr_NTC-257,NTC-257,CE0006864,Stim48hr,CD4i_R2,165.0,2595382.0
CD4i_R2_D4_Stim48hr_NTC-258,NTC-258,CE0006864,Stim48hr,CD4i_R2,72.0,1127115.0
CD4i_R2_D4_Stim48hr_NTC-259,NTC-259,CE0006864,Stim48hr,CD4i_R2,8.0,108566.0
CD4i_R2_D4_Stim48hr_NTC-260,NTC-260,CE0006864,Stim48hr,CD4i_R2,142.0,2066746.0
CD4i_R2_D4_Stim48hr_NTC-261,NTC-261,CE0006864,Stim48hr,CD4i_R2,26.0,363945.0
CD4i_R2_D4_Stim48hr_NTC-262,NTC-262,CE0006864,Stim48hr,CD4i_R2,142.0,2021838.0
CD4i_R2_D4_Stim48hr_NTC-263,NTC-263,CE0006864,Stim48hr,CD4i_R2,124.0,1593097.0
CD4i_R2_D4_Stim48hr_NTC-264,NTC-264,CE0006864,Stim48hr,CD4i_R2,58.0,751000.0
CD4i_R2_D4_Stim48hr_NTC-265,NTC-265,CE0006864,Stim48hr,CD4i_R2,111.0,1580487.0
CD4i_R2_D4_Stim48hr_NTC-266,NTC-266,CE0006864,Stim48hr,CD4i_R2,60.0,799186.0
CD4i_R2_D4_Stim48hr_NTC-267,NTC-267,CE0006864,Stim48hr,CD4i_R2,47.0,584953.0
CD4i_R2_D4_Stim48hr_NTC-268,NTC-268,CE0006864,Stim48hr,CD4i_R2,139.0,2075421.0
CD4i_R2_D4_Stim48hr_NTC-269,NTC-269,CE0006864,Stim48hr,CD4i_R2,71.0,992165.0
CD4i_R2_D4_Stim48hr_NTC-270,NTC-270,CE0006864,Stim48hr,CD4i_R2,111.0,1509966.0
CD4i_R2_D4_Stim48hr_NTC-271,NTC-271,CE0006864,Stim48hr,CD4i_R2,70.0,1040091.0
CD4i_R2_D4_Stim48hr_NTC-272,NTC-272,CE0006864,Stim48hr,CD4i_R2,32.0,412226.0
CD4i_R2_D4_Stim48hr_NTC-273,NTC-273,CE0006864,Stim48hr,CD4i_R2,41.0,523515.0
CD4i_R2_D4_Stim48hr_NTC-274,NTC-274,CE0006864,Stim48hr,CD4i_R2,74.0,1041804.0
CD4i_R2_D4_Stim48hr_NTC-275,NTC-275,CE0006864,Stim48hr,CD4i_R2,183.0,2594584.0
CD4i_R2_D4_Stim48hr_NTC-276,NTC-276,CE0006864,Stim48hr,CD4i_R2,189.0,2524365.0
CD4i_R2_D4_Stim48hr_NTC-277,NTC-277,CE0006864,Stim48hr,CD4i_R2,29.0,373036.0
CD4i_R2_D4_Stim48hr_NTC-278,NTC-278,CE0006864,Stim48hr,CD4i_R2,168.0,2218493.0
CD4i_R2_D4_Stim48hr_NTC-279,NTC-279,CE0006864,Stim48hr,CD4i_R2,193.0,2818708.0
CD4i_R2_D4_Stim48hr_NTC-280,NTC-280,CE0006864,Stim48hr,CD4i_R2,76.0,968378.0
CD4i_R2_D4_Stim48hr_NTC-281,NTC-281,CE0006864,Stim48hr,CD4i_R2,202.0,2803534.0
CD4i_R2_D4_Stim48hr_NTC-282,NTC-282,CE0006864,Stim48hr,CD4i_R2,83.0,1048080.0
CD4i_R2_D4_Stim48hr_NTC-283,NTC-283,CE0006864,Stim48hr,CD4i_R2,91.0,1130389.0
CD4i_R2_D4_Stim48hr_NTC-285,NTC-285,CE0006864,Stim48hr,CD4i_R2,60.0,996015.0
CD4i_R2_D4_Stim48hr_NTC-286,NTC-286,CE0006864,Stim48hr,CD4i_R2,54.0,636876.0
CD4i_R2_D4_Stim48hr_NTC-287,NTC-287,CE0006864,Stim48hr,CD4i_R2,70.0,788119.0
CD4i_R2_D4_Stim48hr_NTC-288,NTC-288,CE0006864,Stim48hr,CD4i_R2,121.0,1590722.0
CD4i_R2_D4_Stim48hr_NTC-289,NTC-289,CE0006864,Stim48hr,CD4i_R2,8.0,116070.0
CD4i_R2_D4_Stim48hr_NTC-290,NTC-290,CE0006864,Stim48hr,CD4i_R2,49.0,624055.0
CD4i_R2_D4_Stim48hr_NTC-291,NTC-291,CE0006864,Stim48hr,CD4i_R2,225.0,2972877.0
CD4i_R2_D4_Stim48hr_NTC-292,NTC-292,CE0006864,Stim48hr,CD4i_R2,120.0,1494100.0
CD4i_R2_D4_Stim48hr_NTC-293,NTC-293,CE0006864,Stim48hr,CD4i_R2,67.0,861724.0
CD4i_R2_D4_Stim48hr_NTC-294,NTC-294,CE0006864,Stim48hr,CD4i_R2,88.0,1188276.0
CD4i_R2_D4_Stim48hr_NTC-295,NTC-295,CE0006864,Stim48hr,CD4i_R2,90.0,1362303.0
CD4i_R2_D4_Stim48hr_NTC-296,NTC-296,CE0006864,Stim48hr,CD4i_R2,128.0,1916626.0
CD4i_R2_D4_Stim48hr_NTC-297,NTC-297,CE0006864,Stim48hr,CD4i_R2,46.0,563231.0
CD4i_R2_D4_Stim48hr_NTC-298,NTC-298,CE0006864,Stim48hr,CD4i_R2,120.0,1584822.0
CD4i_R2_D4_Stim48hr_NTC-299,NTC-299,CE0006864,Stim48hr,CD4i_R2,100.0,1131870.0
CD4i_R2_D4_Stim48hr_NTC-300,NTC-300,CE0006864,Stim48hr,CD4i_R2,44.0,545200.0
CD4i_R2_D4_Stim48hr_NTC-301,NTC-301,CE0006864,Stim48hr,CD4i_R2,126.0,1635864.0
CD4i_R2_D4_Stim48hr_NTC-302,NTC-302,CE0006864,Stim48hr,CD4i_R2,139.0,2051597.0
CD4i_R2_D4_Stim48hr_NTC-303,NTC-303,CE0006864,Stim48hr,CD4i_R2,101.0,1467468.0
CD4i_R2_D4_Stim48hr_NTC-304,NTC-304,CE0006864,Stim48hr,CD4i_R2,114.0,1513692.0
CD4i_R2_D4_Stim48hr_NTC-305,NTC-305,CE0006864,Stim48hr,CD4i_R2,111.0,1630365.0
CD4i_R2_D4_Stim48hr_NTC-306,NTC-306,CE0006864,Stim48hr,CD4i_R2,24.0,347727.0
CD4i_R2_D4_Stim48hr_NTC-307,NTC-307,CE0006864,Stim48hr,CD4i_R2,15.0,163812.0
CD4i_R2_D4_Stim48hr_NTC-309,NTC-309,CE0006864,Stim48hr,CD4i_R2,29.0,432212.0
CD4i_R2_D4_Stim48hr_NTC-310,NTC-310,CE0006864,Stim48hr,CD4i_R2,140.0,1807882.0
CD4i_R2_D4_Stim48hr_NTC-311,NTC-311,CE0006864,Stim48hr,CD4i_R2,43.0,629819.0
CD4i_R2_D4_Stim48hr_NTC-312,NTC-312,CE0006864,Stim48hr,CD4i_R2,61.0,806607.0
CD4i_R2_D4_Stim48hr_NTC-313,NTC-313,CE0006864,Stim48hr,CD4i_R2,27.0,431907.0
CD4i_R2_D4_Stim48hr_NTC-314,NTC-314,CE0006864,Stim48hr,CD4i_R2,60.0,832294.0
CD4i_R2_D4_Stim48hr_NTC-315,NTC-315,CE0006864,Stim48hr,CD4i_R2,76.0,1107834.0
CD4i_R2_D4_Stim48hr_NTC-316,NTC-316,CE0006864,Stim48hr,CD4i_R2,76.0,1084260.0
CD4i_R2_D4_Stim48hr_NTC-317,NTC-317,CE0006864,Stim48hr,CD4i_R2,107.0,1397795.0
CD4i_R2_D4_Stim48hr_NTC-318,NTC-318,CE0006864,Stim48hr,CD4i_R2,50.0,606388.0
CD4i_R2_D4_Stim48hr_NTC-319,NTC-319,CE0006864,Stim48hr,CD4i_R2,75.0,1119345.0
CD4i_R2_D4_Stim48hr_NTC-320,NTC-320,CE0006864,Stim48hr,CD4i_R2,60.0,790685.0
CD4i_R2_D4_Stim48hr_NTC-321,NTC-321,CE0006864,Stim48hr,CD4i_R2,38.0,454138.0
CD4i_R2_D4_Stim48hr_NTC-322,NTC-322,CE0006864,Stim48hr,CD4i_R2,95.0,1234127.0
CD4i_R2_D4_Stim48hr_NTC-323,NTC-323,CE0006864,Stim48hr,CD4i_R2,56.0,703713.0
CD4i_R2_D4_Stim48hr_NTC-324,NTC-324,CE0006864,Stim48hr,CD4i_R2,42.0,534673.0
CD4i_R2_D4_Stim48hr_NTC-325,NTC-325,CE0006864,Stim48hr,CD4i_R2,41.0,503746.0
CD4i_R2_D4_Stim48hr_NTC-326,NTC-326,CE0006864,Stim48hr,CD4i_R2,59.0,740687.0
CD4i_R2_D4_Stim48hr_NTC-327,NTC-327,CE0006864,Stim48hr,CD4i_R2,72.0,1071387.0
CD4i_R2_D4_Stim48hr_NTC-328,NTC-328,CE0006864,Stim48hr,CD4i_R2,48.0,602171.0
CD4i_R2_D4_Stim48hr_NTC-329,NTC-329,CE0006864,Stim48hr,CD4i_R2,114.0,1571161.0
CD4i_R2_D4_Stim48hr_NTC-331,NTC-331,CE0006864,Stim48hr,CD4i_R2,57.0,850861.0
CD4i_R2_D4_Stim48hr_NTC-332,NTC-332,CE0006864,Stim48hr,CD4i_R2,131.0,1780337.0
CD4i_R2_D4_Stim48hr_NTC-333,NTC-333,CE0006864,Stim48hr,CD4i_R2,19.0,281276.0
CD4i_R2_D4_Stim48hr_NTC-334,NTC-334,CE0006864,Stim48hr,CD4i_R2,80.0,989033.0
CD4i_R2_D4_Stim48hr_NTC-335,NTC-335,CE0006864,Stim48hr,CD4i_R2,5.0,94341.0
CD4i_R2_D4_Stim48hr_NTC-336,NTC-336,CE0006864,Stim48hr,CD4i_R2,44.0,648037.0
CD4i_R2_D4_Stim48hr_NTC-337,NTC-337,CE0006864,Stim48hr,CD4i_R2,72.0,1139755.0
CD4i_R2_D4_Stim48hr_NTC-338,NTC-338,CE0006864,Stim48hr,CD4i_R2,204.0,3019980.0
CD4i_R2_D4_Stim48hr_NTC-339,NTC-339,CE0006864,Stim48hr,CD4i_R2,42.0,558370.0
CD4i_R2_D4_Stim48hr_NTC-340,NTC-340,CE0006864,Stim48hr,CD4i_R2,113.0,1749427.0
CD4i_R2_D4_Stim48hr_NTC-341,NTC-341,CE0006864,Stim48hr,CD4i_R2,50.0,646097.0
CD4i_R2_D4_Stim48hr_NTC-342,NTC-342,CE0006864,Stim48hr,CD4i_R2,59.0,728848.0
CD4i_R2_D4_Stim48hr_NTC-343,NTC-343,CE0006864,Stim48hr,CD4i_R2,65.0,818620.0
CD4i_R2_D4_Stim48hr_NTC-344,NTC-344,CE0006864,Stim48hr,CD4i_R2,76.0,1072940.0
CD4i_R2_D4_Stim48hr_NTC-345,NTC-345,CE0006864,Stim48hr,CD4i_R2,24.0,312344.0
CD4i_R2_D4_Stim48hr_NTC-346,NTC-346,CE0006864,Stim48hr,CD4i_R2,132.0,1844310.0
CD4i_R2_D4_Stim48hr_NTC-347,NTC-347,CE0006864,Stim48hr,CD4i_R2,97.0,1271762.0
CD4i_R2_D4_Stim48hr_NTC-348,NTC-348,CE0006864,Stim48hr,CD4i_R2,145.0,2178051.0
CD4i_R2_D4_Stim48hr_NTC-349,NTC-349,CE0006864,Stim48hr,CD4i_R2,124.0,1622278.0
CD4i_R2_D4_Stim48hr_NTC-350,NTC-350,CE0006864,Stim48hr,CD4i_R2,15.0,228886.0
CD4i_R2_D4_Stim48hr_NTC-351,NTC-351,CE0006864,Stim48hr,CD4i_R2,133.0,1834420.0
CD4i_R2_D4_Stim48hr_NTC-352,NTC-352,CE0006864,Stim48hr,CD4i_R2,124.0,1711225.0
CD4i_R2_D4_Stim48hr_NTC-353,NTC-353,CE0006864,Stim48hr,CD4i_R2,87.0,1213464.0
CD4i_R2_D4_Stim48hr_NTC-354,NTC-354,CE0006864,Stim48hr,CD4i_R2,56.0,711517.0
CD4i_R2_D4_Stim48hr_NTC-355,NTC-355,CE0006864,Stim48hr,CD4i_R2,123.0,1655664.0
CD4i_R2_D4_Stim48hr_NTC-356,NTC-356,CE0006864,Stim48hr,CD4i_R2,65.0,1006027.0
CD4i_R2_D4_Stim48hr_NTC-357,NTC-357,CE0006864,Stim48hr,CD4i_R2,62.0,857663.0
CD4i_R2_D4_Stim48hr_NTC-358,NTC-358,CE0006864,Stim48hr,CD4i_R2,61.0,704916.0
CD4i_R2_D4_Stim48hr_NTC-359,NTC-359,CE0006864,Stim48hr,CD4i_R2,60.0,915782.0
CD4i_R2_D4_Stim48hr_NTC-360,NTC-360,CE0006864,Stim48hr,CD4i_R2,108.0,1374534.0
CD4i_R2_D4_Stim48hr_NTC-361,NTC-361,CE0006864,Stim48hr,CD4i_R2,57.0,767694.0
CD4i_R2_D4_Stim48hr_NTC-362,NTC-362,CE0006864,Stim48hr,CD4i_R2,43.0,562447.0
CD4i_R2_D4_Stim48hr_NTC-363,NTC-363,CE0006864,Stim48hr,CD4i_R2,143.0,2023196.0
CD4i_R2_D4_Stim48hr_NTC-365,NTC-365,CE0006864,Stim48hr,CD4i_R2,44.0,456352.0
CD4i_R2_D4_Stim48hr_NTC-366,NTC-366,CE0006864,Stim48hr,CD4i_R2,198.0,2476449.0
CD4i_R2_D4_Stim48hr_NTC-367,NTC-367,CE0006864,Stim48hr,CD4i_R2,138.0,1769711.0
CD4i_R2_D4_Stim48hr_NTC-368,NTC-368,CE0006864,Stim48hr,CD4i_R2,55.0,871535.0
CD4i_R2_D4_Stim48hr_NTC-369,NTC-369,CE0006864,Stim48hr,CD4i_R2,161.0,2238685.0
CD4i_R2_D4_Stim48hr_NTC-370,NTC-370,CE0006864,Stim48hr,CD4i_R2,89.0,1218324.0
CD4i_R2_D4_Stim48hr_NTC-371,NTC-371,CE0006864,Stim48hr,CD4i_R2,50.0,631877.0
CD4i_R2_D4_Stim48hr_NTC-372,NTC-372,CE0006864,Stim48hr,CD4i_R2,180.0,2034087.0
CD4i_R2_D4_Stim48hr_NTC-373,NTC-373,CE0006864,Stim48hr,CD4i_R2,72.0,987314.0
CD4i_R2_D4_Stim48hr_NTC-374,NTC-374,CE0006864,Stim48hr,CD4i_R2,83.0,1209512.0
CD4i_R2_D4_Stim48hr_NTC-375,NTC-375,CE0006864,Stim48hr,CD4i_R2,26.0,425361.0
CD4i_R2_D4_Stim48hr_NTC-376,NTC-376,CE0006864,Stim48hr,CD4i_R2,117.0,1700057.0
CD4i_R2_D4_Stim48hr_NTC-377,NTC-377,CE0006864,Stim48hr,CD4i_R2,178.0,2961970.0
CD4i_R2_D4_Stim48hr_NTC-378,NTC-378,CE0006864,Stim48hr,CD4i_R2,153.0,1968159.0
CD4i_R2_D4_Stim48hr_NTC-379,NTC-379,CE0006864,Stim48hr,CD4i_R2,48.0,702456.0
CD4i_R2_D4_Stim48hr_NTC-380,NTC-380,CE0006864,Stim48hr,CD4i_R2,133.0,1671143.0
CD4i_R2_D4_Stim48hr_NTC-381,NTC-381,CE0006864,Stim48hr,CD4i_R2,101.0,1324258.0
CD4i_R2_D4_Stim48hr_NTC-382,NTC-382,CE0006864,Stim48hr,CD4i_R2,136.0,2098855.0
CD4i_R2_D4_Stim48hr_NTC-383,NTC-383,CE0006864,Stim48hr,CD4i_R2,31.0,463207.0
CD4i_R2_D4_Stim48hr_NTC-384,NTC-384,CE0006864,Stim48hr,CD4i_R2,59.0,752542.0
CD4i_R2_D4_Stim48hr_NTC-386,NTC-386,CE0006864,Stim48hr,CD4i_R2,33.0,520947.0
CD4i_R2_D4_Stim48hr_NTC-387,NTC-387,CE0006864,Stim48hr,CD4i_R2,127.0,1917877.0
CD4i_R2_D4_Stim48hr_NTC-388,NTC-388,CE0006864,Stim48hr,CD4i_R2,145.0,2000738.0
CD4i_R2_D4_Stim48hr_NTC-389,NTC-389,CE0006864,Stim48hr,CD4i_R2,90.0,1294430.0
CD4i_R2_D4_Stim48hr_NTC-390,NTC-390,CE0006864,Stim48hr,CD4i_R2,69.0,929687.0
CD4i_R2_D4_Stim48hr_NTC-391,NTC-391,CE0006864,Stim48hr,CD4i_R2,92.0,1282755.0
CD4i_R2_D4_Stim48hr_NTC-392,NTC-392,CE0006864,Stim48hr,CD4i_R2,13.0,178398.0
CD4i_R2_D4_Stim48hr_NTC-393,NTC-393,CE0006864,Stim48hr,CD4i_R2,80.0,1020424.0
CD4i_R2_D4_Stim48hr_NTC-394,NTC-394,CE0006864,Stim48hr,CD4i_R2,22.0,337397.0
CD4i_R2_D4_Stim48hr_NTC-395,NTC-395,CE0006864,Stim48hr,CD4i_R2,42.0,761485.0
CD4i_R2_D4_Stim48hr_NTC-396,NTC-396,CE0006864,Stim48hr,CD4i_R2,11.0,192381.0
CD4i_R2_D4_Stim48hr_NTC-397,NTC-397,CE0006864,Stim48hr,CD4i_R2,65.0,1066560.0
CD4i_R2_D4_Stim48hr_NTC-398,NTC-398,CE0006864,Stim48hr,CD4i_R2,29.0,416295.0
CD4i_R2_D4_Stim48hr_NTC-399,NTC-399,CE0006864,Stim48hr,CD4i_R2,85.0,1103549.0
CD4i_R2_D4_Stim48hr_NTC-401,NTC-401,CE0006864,Stim48hr,CD4i_R2,61.0,934099.0
CD4i_R2_D4_Stim48hr_NTC-402,NTC-402,CE0006864,Stim48hr,CD4i_R2,102.0,1415405.0
CD4i_R2_D4_Stim48hr_NTC-403,NTC-403,CE0006864,Stim48hr,CD4i_R2,79.0,1141332.0
CD4i_R2_D4_Stim48hr_NTC-404,NTC-404,CE0006864,Stim48hr,CD4i_R2,104.0,1492407.0
CD4i_R2_D4_Stim48hr_NTC-405,NTC-405,CE0006864,Stim48hr,CD4i_R2,56.0,767739.0
CD4i_R2_D4_Stim48hr_NTC-406,NTC-406,CE0006864,Stim48hr,CD4i_R2,47.0,604343.0
CD4i_R2_D4_Stim48hr_NTC-407,NTC-407,CE0006864,Stim48hr,CD4i_R2,36.0,451972.0
CD4i_R2_D4_Stim48hr_NTC-408,NTC-408,CE0006864,Stim48hr,CD4i_R2,70.0,964529.0
CD4i_R2_D4_Stim48hr_NTC-409,NTC-409,CE0006864,Stim48hr,CD4i_R2,96.0,1450056.0
CD4i_R2_D4_Stim48hr_NTC-410,NTC-410,CE0006864,Stim48hr,CD4i_R2,149.0,2205079.0
CD4i_R2_D4_Stim48hr_NTC-411,NTC-411,CE0006864,Stim48hr,CD4i_R2,125.0,1830914.0
CD4i_R2_D4_Stim48hr_NTC-412,NTC-412,CE0006864,Stim48hr,CD4i_R2,163.0,2193747.0
CD4i_R2_D4_Stim48hr_NTC-413,NTC-413,CE0006864,Stim48hr,CD4i_R2,158.0,2334144.0
CD4i_R2_D4_Stim48hr_NTC-414,NTC-414,CE0006864,Stim48hr,CD4i_R2,47.0,536284.0
CD4i_R2_D4_Stim48hr_NTC-415,NTC-415,CE0006864,Stim48hr,CD4i_R2,84.0,1072488.0
CD4i_R2_D4_Stim48hr_NTC-416,NTC-416,CE0006864,Stim48hr,CD4i_R2,71.0,972964.0
CD4i_R2_D4_Stim48hr_NTC-417,NTC-417,CE0006864,Stim48hr,CD4i_R2,20.0,333622.0
CD4i_R2_D4_Stim48hr_NTC-418,NTC-418,CE0006864,Stim48hr,CD4i_R2,62.0,908206.0
CD4i_R2_D4_Stim48hr_NTC-419,NTC-419,CE0006864,Stim48hr,CD4i_R2,70.0,1002154.0
CD4i_R2_D4_Stim48hr_NTC-420,NTC-420,CE0006864,Stim48hr,CD4i_R2,42.0,643141.0
CD4i_R2_D4_Stim48hr_NTC-421,NTC-421,CE0006864,Stim48hr,CD4i_R2,55.0,667205.0
CD4i_R2_D4_Stim48hr_NTC-422,NTC-422,CE0006864,Stim48hr,CD4i_R2,174.0,2475758.0
CD4i_R2_D4_Stim48hr_NTC-423,NTC-423,CE0006864,Stim48hr,CD4i_R2,58.0,951670.0
CD4i_R2_D4_Stim48hr_NTC-424,NTC-424,CE0006864,Stim48hr,CD4i_R2,18.0,227198.0
CD4i_R2_D4_Stim48hr_NTC-425,NTC-425,CE0006864,Stim48hr,CD4i_R2,236.0,3251397.0
CD4i_R2_D4_Stim48hr_NTC-426,NTC-426,CE0006864,Stim48hr,CD4i_R2,92.0,1152102.0
CD4i_R2_D4_Stim48hr_NTC-427,NTC-427,CE0006864,Stim48hr,CD4i_R2,94.0,1138435.0
CD4i_R2_D4_Stim48hr_NTC-428,NTC-428,CE0006864,Stim48hr,CD4i_R2,26.0,395396.0
CD4i_R2_D4_Stim48hr_NTC-429,NTC-429,CE0006864,Stim48hr,CD4i_R2,67.0,861638.0
CD4i_R2_D4_Stim48hr_NTC-430,NTC-430,CE0006864,Stim48hr,CD4i_R2,57.0,717650.0
CD4i_R2_D4_Stim48hr_NTC-431,NTC-431,CE0006864,Stim48hr,CD4i_R2,133.0,1677185.0
CD4i_R2_D4_Stim48hr_NTC-432,NTC-432,CE0006864,Stim48hr,CD4i_R2,39.0,504562.0
CD4i_R2_D4_Stim48hr_NTC-433,NTC-433,CE0006864,Stim48hr,CD4i_R2,80.0,1202469.0
CD4i_R2_D4_Stim48hr_NTC-434,NTC-434,CE0006864,Stim48hr,CD4i_R2,117.0,1518129.0
CD4i_R2_D4_Stim48hr_NTC-435,NTC-435,CE0006864,Stim48hr,CD4i_R2,76.0,1087219.0
CD4i_R2_D4_Stim48hr_NTC-436,NTC-436,CE0006864,Stim48hr,CD4i_R2,71.0,1044731.0
CD4i_R2_D4_Stim48hr_NTC-437,NTC-437,CE0006864,Stim48hr,CD4i_R2,123.0,1606550.0
CD4i_R2_D4_Stim48hr_NTC-438,NTC-438,CE0006864,Stim48hr,CD4i_R2,69.0,827762.0
CD4i_R2_D4_Stim48hr_NTC-439,NTC-439,CE0006864,Stim48hr,CD4i_R2,43.0,596651.0
CD4i_R2_D4_Stim48hr_NTC-441,NTC-441,CE0006864,Stim48hr,CD4i_R2,64.0,966312.0
CD4i_R2_D4_Stim48hr_NTC-442,NTC-442,CE0006864,Stim48hr,CD4i_R2,28.0,325203.0
CD4i_R2_D4_Stim48hr_NTC-443,NTC-443,CE0006864,Stim48hr,CD4i_R2,83.0,1162731.0
CD4i_R2_D4_Stim48hr_NTC-444,NTC-444,CE0006864,Stim48hr,CD4i_R2,41.0,510420.0
CD4i_R2_D4_Stim48hr_NTC-445,NTC-445,CE0006864,Stim48hr,CD4i_R2,57.0,677583.0
CD4i_R2_D4_Stim48hr_NTC-446,NTC-446,CE0006864,Stim48hr,CD4i_R2,106.0,1411221.0
CD4i_R2_D4_Stim48hr_NTC-447,NTC-447,CE0006864,Stim48hr,CD4i_R2,32.0,444906.0
CD4i_R2_D4_Stim48hr_NTC-448,NTC-448,CE0006864,Stim48hr,CD4i_R2,44.0,598813.0
CD4i_R2_D4_Stim48hr_NTC-449,NTC-449,CE0006864,Stim48hr,CD4i_R2,123.0,1385948.0
CD4i_R2_D4_Stim48hr_NTC-450,NTC-450,CE0006864,Stim48hr,CD4i_R2,32.0,517072.0
CD4i_R2_D4_Stim48hr_NTC-451,NTC-451,CE0006864,Stim48hr,CD4i_R2,56.0,705517.0
CD4i_R2_D4_Stim48hr_NTC-452,NTC-452,CE0006864,Stim48hr,CD4i_R2,96.0,1158519.0
CD4i_R2_D4_Stim48hr_NTC-453,NTC-453,CE0006864,Stim48hr,CD4i_R2,23.0,328702.0
CD4i_R2_D4_Stim48hr_NTC-454,NTC-454,CE0006864,Stim48hr,CD4i_R2,113.0,1413839.0
CD4i_R2_D4_Stim48hr_NTC-455,NTC-455,CE0006864,Stim48hr,CD4i_R2,31.0,405220.0
CD4i_R2_D4_Stim48hr_NTC-456,NTC-456,CE0006864,Stim48hr,CD4i_R2,58.0,801545.0
CD4i_R2_D4_Stim48hr_NTC-457,NTC-457,CE0006864,Stim48hr,CD4i_R2,110.0,1581428.0
CD4i_R2_D4_Stim48hr_NTC-458,NTC-458,CE0006864,Stim48hr,CD4i_R2,89.0,1307598.0
CD4i_R2_D4_Stim48hr_NTC-459,NTC-459,CE0006864,Stim48hr,CD4i_R2,176.0,2409165.0
CD4i_R2_D4_Stim48hr_NTC-460,NTC-460,CE0006864,Stim48hr,CD4i_R2,94.0,1153103.0
CD4i_R2_D4_Stim48hr_NTC-461,NTC-461,CE0006864,Stim48hr,CD4i_R2,116.0,1799211.0
CD4i_R2_D4_Stim48hr_NTC-462,NTC-462,CE0006864,Stim48hr,CD4i_R2,122.0,1634424.0
CD4i_R2_D4_Stim48hr_NTC-463,NTC-463,CE0006864,Stim48hr,CD4i_R2,114.0,1649603.0
CD4i_R2_D4_Stim48hr_NTC-464,NTC-464,CE0006864,Stim48hr,CD4i_R2,97.0,1290663.0
CD4i_R2_D4_Stim48hr_NTC-465,NTC-465,CE0006864,Stim48hr,CD4i_R2,133.0,1803490.0
CD4i_R2_D4_Stim48hr_NTC-466,NTC-466,CE0006864,Stim48hr,CD4i_R2,54.0,721704.0
CD4i_R2_D4_Stim48hr_NTC-467,NTC-467,CE0006864,Stim48hr,CD4i_R2,94.0,1164011.0
CD4i_R2_D4_Stim48hr_NTC-468,NTC-468,CE0006864,Stim48hr,CD4i_R2,112.0,1655824.0
CD4i_R2_D4_Stim48hr_NTC-469,NTC-469,CE0006864,Stim48hr,CD4i_R2,117.0,1709496.0
CD4i_R2_D4_Stim48hr_NTC-470,NTC-470,CE0006864,Stim48hr,CD4i_R2,157.0,1956747.0
CD4i_R2_D4_Stim48hr_NTC-471,NTC-471,CE0006864,Stim48hr,CD4i_R2,136.0,1871549.0
CD4i_R2_D4_Stim48hr_NTC-473,NTC-473,CE0006864,Stim48hr,CD4i_R2,31.0,375740.0
CD4i_R2_D4_Stim48hr_NTC-474,NTC-474,CE0006864,Stim48hr,CD4i_R2,66.0,1013980.0
CD4i_R2_D4_Stim48hr_NTC-475,NTC-475,CE0006864,Stim48hr,CD4i_R2,15.0,220894.0
CD4i_R2_D4_Stim48hr_NTC-476,NTC-476,CE0006864,Stim48hr,CD4i_R2,93.0,1192695.0
CD4i_R2_D4_Stim48hr_NTC-477,NTC-477,CE0006864,Stim48hr,CD4i_R2,41.0,584049.0
CD4i_R2_D4_Stim48hr_NTC-478,NTC-478,CE0006864,Stim48hr,CD4i_R2,34.0,473930.0
CD4i_R2_D4_Stim48hr_NTC-479,NTC-479,CE0006864,Stim48hr,CD4i_R2,137.0,1912403.0
CD4i_R2_D4_Stim48hr_NTC-481,NTC-481,CE0006864,Stim48hr,CD4i_R2,37.0,436832.0
CD4i_R2_D4_Stim48hr_NTC-482,NTC-482,CE0006864,Stim48hr,CD4i_R2,222.0,3037262.0
CD4i_R2_D4_Stim48hr_NTC-483,NTC-483,CE0006864,Stim48hr,CD4i_R2,96.0,1325655.0
CD4i_R2_D4_Stim48hr_NTC-484,NTC-484,CE0006864,Stim48hr,CD4i_R2,58.0,726110.0
CD4i_R2_D4_Stim48hr_NTC-485,NTC-485,CE0006864,Stim48hr,CD4i_R2,132.0,1690215.0
CD4i_R2_D4_Stim48hr_NTC-486,NTC-486,CE0006864,Stim48hr,CD4i_R2,48.0,591123.0
CD4i_R2_D4_Stim48hr_NTC-487,NTC-487,CE0006864,Stim48hr,CD4i_R2,64.0,862365.0
CD4i_R2_D4_Stim48hr_NTC-488,NTC-488,CE0006864,Stim48hr,CD4i_R2,175.0,2790105.0
CD4i_R2_D4_Stim48hr_NTC-489,NTC-489,CE0006864,Stim48hr,CD4i_R2,121.0,1674400.0
CD4i_R2_D4_Stim48hr_NTC-490,NTC-490,CE0006864,Stim48hr,CD4i_R2,127.0,1984160.0
CD4i_R2_D4_Stim48hr_NTC-491,NTC-491,CE0006864,Stim48hr,CD4i_R2,60.0,1010723.0
CD4i_R2_D4_Stim48hr_NTC-492,NTC-492,CE0006864,Stim48hr,CD4i_R2,148.0,1947524.0
CD4i_R2_D4_Stim48hr_NTC-493,NTC-493,CE0006864,Stim48hr,CD4i_R2,145.0,1977832.0
CD4i_R2_D4_Stim48hr_NTC-494,NTC-494,CE0006864,Stim48hr,CD4i_R2,33.0,251622.0
CD4i_R2_D4_Stim48hr_NTC-495,NTC-495,CE0006864,Stim48hr,CD4i_R2,95.0,1310086.0
CD4i_R2_D4_Stim48hr_NTC-496,NTC-496,CE0006864,Stim48hr,CD4i_R2,60.0,872993.0
CD4i_R2_D4_Stim48hr_NTC-497,NTC-497,CE0006864,Stim48hr,CD4i_R2,37.0,466397.0
CD4i_R2_D4_Stim48hr_NTC-498,NTC-498,CE0006864,Stim48hr,CD4i_R2,38.0,544867.0
CD4i_R2_D4_Stim48hr_NTC-499,NTC-499,CE0006864,Stim48hr,CD4i_R2,89.0,1190224.0
CD4i_R2_D4_Stim48hr_NTC-500,NTC-500,CE0006864,Stim48hr,CD4i_R2,38.0,578400.0
CD4i_R2_D4_Stim48hr_NTC-501,NTC-501,CE0006864,Stim48hr,CD4i_R2,7.0,83055.0
CD4i_R2_D4_Stim48hr_NTC-502,NTC-502,CE0006864,Stim48hr,CD4i_R2,168.0,2405101.0
CD4i_R2_D4_Stim48hr_NTC-503,NTC-503,CE0006864,Stim48hr,CD4i_R2,42.0,571066.0
CD4i_R2_D4_Stim48hr_NTC-504,NTC-504,CE0006864,Stim48hr,CD4i_R2,90.0,1012961.0
CD4i_R2_D4_Stim48hr_NTC-505,NTC-505,CE0006864,Stim48hr,CD4i_R2,37.0,454385.0
CD4i_R2_D4_Stim48hr_NTC-506,NTC-506,CE0006864,Stim48hr,CD4i_R2,135.0,1636880.0
CD4i_R2_D4_Stim48hr_NTC-507,NTC-507,CE0006864,Stim48hr,CD4i_R2,50.0,676891.0
CD4i_R2_D4_Stim48hr_NTC-508,NTC-508,CE0006864,Stim48hr,CD4i_R2,165.0,2212499.0
CD4i_R2_D4_Stim48hr_NTC-509,NTC-509,CE0006864,Stim48hr,CD4i_R2,82.0,1117360.0
CD4i_R2_D4_Stim48hr_NTC-510,NTC-510,CE0006864,Stim48hr,CD4i_R2,112.0,1823739.0
CD4i_R2_D4_Stim48hr_NTC-511,NTC-511,CE0006864,Stim48hr,CD4i_R2,107.0,1539783.0
CD4i_R2_D4_Stim48hr_NTC-512,NTC-512,CE0006864,Stim48hr,CD4i_R2,47.0,594788.0
CD4i_R2_D4_Stim48hr_NTC-513,NTC-513,CE0006864,Stim48hr,CD4i_R2,108.0,1514906.0
CD4i_R2_D4_Stim48hr_NTC-514,NTC-514,CE0006864,Stim48hr,CD4i_R2,31.0,440704.0
CD4i_R2_D4_Stim48hr_NTC-515,NTC-515,CE0006864,Stim48hr,CD4i_R2,54.0,804515.0
CD4i_R2_D4_Stim48hr_NTC-516,NTC-516,CE0006864,Stim48hr,CD4i_R2,86.0,1214551.0
CD4i_R2_D4_Stim48hr_NTC-517,NTC-517,CE0006864,Stim48hr,CD4i_R2,136.0,1910867.0
CD4i_R2_D4_Stim48hr_NTC-518,NTC-518,CE0006864,Stim48hr,CD4i_R2,77.0,1136755.0
CD4i_R2_D4_Stim48hr_NTC-519,NTC-519,CE0006864,Stim48hr,CD4i_R2,68.0,939898.0
CD4i_R2_D4_Stim48hr_NTC-520,NTC-520,CE0006864,Stim48hr,CD4i_R2,65.0,677562.0
CD4i_R2_D4_Stim48hr_NTC-521,NTC-521,CE0006864,Stim48hr,CD4i_R2,77.0,862251.0
CD4i_R2_D4_Stim48hr_NTC-522,NTC-522,CE0006864,Stim48hr,CD4i_R2,54.0,699423.0
CD4i_R2_D4_Stim48hr_NTC-523,NTC-523,CE0006864,Stim48hr,CD4i_R2,119.0,1658145.0
CD4i_R2_D4_Stim48hr_NTC-524,NTC-524,CE0006864,Stim48hr,CD4i_R2,119.0,1729186.0
CD4i_R2_D4_Stim48hr_NTC-525,NTC-525,CE0006864,Stim48hr,CD4i_R2,95.0,1268610.0
CD4i_R2_D4_Stim48hr_NTC-526,NTC-526,CE0006864,Stim48hr,CD4i_R2,133.0,1727175.0
CD4i_R2_D4_Stim48hr_NTC-527,NTC-527,CE0006864,Stim48hr,CD4i_R2,112.0,1553584.0
CD4i_R2_D4_Stim48hr_NTC-528,NTC-528,CE0006864,Stim48hr,CD4i_R2,14.0,223110.0
CD4i_R2_D4_Stim48hr_NTC-529,NTC-529,CE0006864,Stim48hr,CD4i_R2,35.0,394370.0
CD4i_R2_D4_Stim48hr_NTC-530,NTC-530,CE0006864,Stim48hr,CD4i_R2,45.0,630782.0
CD4i_R2_D4_Stim48hr_NTC-531,NTC-531,CE0006864,Stim48hr,CD4i_R2,68.0,933487.0
CD4i_R2_D4_Stim48hr_NTC-532,NTC-532,CE0006864,Stim48hr,CD4i_R2,26.0,384886.0
CD4i_R2_D4_Stim48hr_NTC-533,NTC-533,CE0006864,Stim48hr,CD4i_R2,38.0,446224.0
CD4i_R2_D4_Stim48hr_NTC-534,NTC-534,CE0006864,Stim48hr,CD4i_R2,49.0,652129.0
CD4i_R2_D4_Stim48hr_NTC-535,NTC-535,CE0006864,Stim48hr,CD4i_R2,25.0,308448.0
CD4i_R2_D4_Stim48hr_NTC-536,NTC-536,CE0006864,Stim48hr,CD4i_R2,18.0,273752.0
CD4i_R2_D4_Stim48hr_NTC-537,NTC-537,CE0006864,Stim48hr,CD4i_R2,120.0,1479404.0
CD4i_R2_D4_Stim48hr_NTC-538,NTC-538,CE0006864,Stim48hr,CD4i_R2,172.0,2365483.0
CD4i_R2_D4_Stim48hr_NTC-539,NTC-539,CE0006864,Stim48hr,CD4i_R2,135.0,1852454.0
CD4i_R2_D4_Stim48hr_NTC-540,NTC-540,CE0006864,Stim48hr,CD4i_R2,68.0,924285.0
CD4i_R2_D4_Stim48hr_NTC-541,NTC-541,CE0006864,Stim48hr,CD4i_R2,54.0,806347.0
CD4i_R2_D4_Stim48hr_NTC-542,NTC-542,CE0006864,Stim48hr,CD4i_R2,78.0,1063977.0
CD4i_R2_D4_Stim48hr_NTC-543,NTC-543,CE0006864,Stim48hr,CD4i_R2,148.0,2102930.0
CD4i_R2_D4_Stim48hr_NTC-544,NTC-544,CE0006864,Stim48hr,CD4i_R2,203.0,2975948.0
CD4i_R2_D4_Stim48hr_NTC-545,NTC-545,CE0006864,Stim48hr,CD4i_R2,45.0,693900.0
CD4i_R2_D4_Stim48hr_NTC-546,NTC-546,CE0006864,Stim48hr,CD4i_R2,36.0,526725.0
CD4i_R2_D4_Stim48hr_NTC-547,NTC-547,CE0006864,Stim48hr,CD4i_R2,63.0,877972.0
CD4i_R2_D4_Stim48hr_NTC-548,NTC-548,CE0006864,Stim48hr,CD4i_R2,36.0,465233.0
CD4i_R2_D4_Stim48hr_NTC-549,NTC-549,CE0006864,Stim48hr,CD4i_R2,166.0,2095271.0
CD4i_R2_D4_Stim48hr_NTC-550,NTC-550,CE0006864,Stim48hr,CD4i_R2,98.0,1319212.0
CD4i_R2_D4_Stim48hr_NTC-551,NTC-551,CE0006864,Stim48hr,CD4i_R2,80.0,1113504.0
CD4i_R2_D4_Stim48hr_NTC-552,NTC-552,CE0006864,Stim48hr,CD4i_R2,22.0,250666.0
CD4i_R2_D4_Stim48hr_NTC-553,NTC-553,CE0006864,Stim48hr,CD4i_R2,203.0,2947126.0
CD4i_R2_D4_Stim48hr_NTC-554,NTC-554,CE0006864,Stim48hr,CD4i_R2,46.0,749413.0
CD4i_R2_D4_Stim48hr_NTC-555,NTC-555,CE0006864,Stim48hr,CD4i_R2,232.0,3225789.0
CD4i_R2_D4_Stim48hr_NTC-556,NTC-556,CE0006864,Stim48hr,CD4i_R2,62.0,747376.0
CD4i_R2_D4_Stim48hr_NTC-557,NTC-557,CE0006864,Stim48hr,CD4i_R2,49.0,802493.0
CD4i_R2_D4_Stim48hr_NTC-558,NTC-558,CE0006864,Stim48hr,CD4i_R2,50.0,648535.0
CD4i_R2_D4_Stim48hr_NTC-559,NTC-559,CE0006864,Stim48hr,CD4i_R2,55.0,879601.0
CD4i_R2_D4_Stim48hr_NTC-560,NTC-560,CE0006864,Stim48hr,CD4i_R2,120.0,1613541.0
CD4i_R2_D4_Stim48hr_NTC-561,NTC-561,CE0006864,Stim48hr,CD4i_R2,60.0,728825.0
CD4i_R2_D4_Stim48hr_NTC-562,NTC-562,CE0006864,Stim48hr,CD4i_R2,67.0,808525.0
CD4i_R2_D4_Stim48hr_NTC-563,NTC-563,CE0006864,Stim48hr,CD4i_R2,71.0,871246.0
CD4i_R2_D4_Stim48hr_NTC-564,NTC-564,CE0006864,Stim48hr,CD4i_R2,77.0,993395.0
CD4i_R2_D4_Stim48hr_NTC-565,NTC-565,CE0006864,Stim48hr,CD4i_R2,72.0,950507.0
CD4i_R2_D4_Stim48hr_NTC-566,NTC-566,CE0006864,Stim48hr,CD4i_R2,133.0,1499886.0
CD4i_R2_D4_Stim48hr_NTC-567,NTC-567,CE0006864,Stim48hr,CD4i_R2,40.0,547022.0
CD4i_R2_D4_Stim48hr_NTC-568,NTC-568,CE0006864,Stim48hr,CD4i_R2,104.0,1464418.0
CD4i_R2_D4_Stim48hr_NTC-569,NTC-569,CE0006864,Stim48hr,CD4i_R2,81.0,997718.0
CD4i_R2_D4_Stim48hr_NTC-570,NTC-570,CE0006864,Stim48hr,CD4i_R2,84.0,1090203.0
CD4i_R2_D4_Stim48hr_NTC-571,NTC-571,CE0006864,Stim48hr,CD4i_R2,73.0,998775.0
CD4i_R2_D4_Stim48hr_NTC-572,NTC-572,CE0006864,Stim48hr,CD4i_R2,40.0,558393.0
CD4i_R2_D4_Stim48hr_NTC-573,NTC-573,CE0006864,Stim48hr,CD4i_R2,80.0,1220802.0
CD4i_R2_D4_Stim48hr_NTC-574,NTC-574,CE0006864,Stim48hr,CD4i_R2,120.0,1602133.0
CD4i_R2_D4_Stim48hr_NTC-575,NTC-575,CE0006864,Stim48hr,CD4i_R2,42.0,556271.0
CD4i_R2_D4_Stim48hr_NTC-576,NTC-576,CE0006864,Stim48hr,CD4i_R2,35.0,540480.0
CD4i_R2_D4_Stim48hr_NTC-577,NTC-577,CE0006864,Stim48hr,CD4i_R2,74.0,1103166.0
CD4i_R2_D4_Stim48hr_NTC-578,NTC-578,CE0006864,Stim48hr,CD4i_R2,27.0,471174.0
CD4i_R2_D4_Stim48hr_NTC-579,NTC-579,CE0006864,Stim48hr,CD4i_R2,105.0,1415570.0
CD4i_R2_D4_Stim48hr_NTC-580,NTC-580,CE0006864,Stim48hr,CD4i_R2,76.0,1074778.0
CD4i_R2_D4_Stim48hr_NTC-581,NTC-581,CE0006864,Stim48hr,CD4i_R2,63.0,952526.0
CD4i_R2_D4_Stim48hr_NTC-582,NTC-582,CE0006864,Stim48hr,CD4i_R2,83.0,1210621.0
CD4i_R2_D4_Stim48hr_NTC-583,NTC-583,CE0006864,Stim48hr,CD4i_R2,184.0,2525249.0
CD4i_R2_D4_Stim48hr_NTC-584,NTC-584,CE0006864,Stim48hr,CD4i_R2,222.0,2916285.0
CD4i_R2_D4_Stim48hr_NTC-585,NTC-585,CE0006864,Stim48hr,CD4i_R2,86.0,1090618.0
CD4i_R2_D4_Stim48hr_NTC-586,NTC-586,CE0006864,Stim48hr,CD4i_R2,122.0,1712076.0
CD4i_R2_D4_Stim48hr_NTC-587,NTC-587,CE0006864,Stim48hr,CD4i_R2,38.0,477315.0
CD4i_R2_D4_Stim48hr_NTC-588,NTC-588,CE0006864,Stim48hr,CD4i_R2,109.0,1495304.0
CD4i_R2_D4_Stim48hr_NTC-589,NTC-589,CE0006864,Stim48hr,CD4i_R2,107.0,1266215.0
CD4i_R2_D4_Stim48hr_NTC-590,NTC-590,CE0006864,Stim48hr,CD4i_R2,53.0,752634.0
CD4i_R2_D4_Stim48hr_NTC-591,NTC-591,CE0006864,Stim48hr,CD4i_R2,56.0,772175.0
CD4i_R2_D4_Stim48hr_NTC-592,NTC-592,CE0006864,Stim48hr,CD4i_R2,108.0,1636306.0
CD4i_R2_D4_Stim48hr_NTC-593,NTC-593,CE0006864,Stim48hr,CD4i_R2,67.0,975120.0
CD4i_R2_D4_Stim48hr_NTC-594,NTC-594,CE0006864,Stim48hr,CD4i_R2,205.0,2536534.0
CD4i_R2_D4_Stim48hr_NTC-595,NTC-595,CE0006864,Stim48hr,CD4i_R2,100.0,1231836.0
CD4i_R2_D4_Stim48hr_NTC-596,NTC-596,CE0006864,Stim48hr,CD4i_R2,87.0,1267024.0
CD4i_R2_D4_Stim48hr_NTC-597,NTC-597,CE0006864,Stim48hr,CD4i_R2,30.0,453766.0
CD4i_R2_D4_Stim48hr_NTC-598,NTC-598,CE0006864,Stim48hr,CD4i_R2,74.0,1032074.0
CD4i_R2_D4_Stim48hr_NTC-599,NTC-599,CE0006864,Stim48hr,CD4i_R2,30.0,361880.0
CD4i_R2_D4_Stim48hr_NTC-600,NTC-600,CE0006864,Stim48hr,CD4i_R2,14.0,183970.0
CD4i_R2_D4_Stim48hr_NTC-601,NTC-601,CE0006864,Stim48hr,CD4i_R2,33.0,402638.0
CD4i_R2_D4_Stim48hr_NTC-602,NTC-602,CE0006864,Stim48hr,CD4i_R2,5.0,68718.0
CD4i_R2_D4_Stim48hr_NTC-603,NTC-603,CE0006864,Stim48hr,CD4i_R2,29.0,404343.0
CD4i_R2_D4_Stim48hr_NTC-604,NTC-604,CE0006864,Stim48hr,CD4i_R2,505.0,4935150.0
CD4i_R2_D4_Stim48hr_NTC-605,NTC-605,CE0006864,Stim48hr,CD4i_R2,72.0,872490.0
CD4i_R2_D4_Stim48hr_NTC-606,NTC-606,CE0006864,Stim48hr,CD4i_R2,60.0,905747.0
CD4i_R2_D4_Stim48hr_NTC-607,NTC-607,CE0006864,Stim48hr,CD4i_R2,159.0,2211395.0
CD4i_R2_D4_Stim48hr_NTC-608,NTC-608,CE0006864,Stim48hr,CD4i_R2,52.0,776348.0
CD4i_R2_D4_Stim48hr_NTC-609,NTC-609,CE0006864,Stim48hr,CD4i_R2,29.0,395091.0
CD4i_R2_D4_Stim48hr_NTC-610,NTC-610,CE0006864,Stim48hr,CD4i_R2,86.0,1225007.0
CD4i_R2_D4_Stim48hr_NTC-611,NTC-611,CE0006864,Stim48hr,CD4i_R2,81.0,1245773.0
CD4i_R2_D4_Stim48hr_NTC-612,NTC-612,CE0006864,Stim48hr,CD4i_R2,107.0,1600236.0
CD4i_R2_D4_Stim48hr_NTC-613,NTC-613,CE0006864,Stim48hr,CD4i_R2,105.0,1575370.0
CD4i_R2_D4_Stim48hr_NTC-614,NTC-614,CE0006864,Stim48hr,CD4i_R2,92.0,1171464.0
CD4i_R2_D4_Stim48hr_NTC-615,NTC-615,CE0006864,Stim48hr,CD4i_R2,78.0,1103970.0
CD4i_R2_D4_Stim48hr_NTC-616,NTC-616,CE0006864,Stim48hr,CD4i_R2,105.0,1456247.0
CD4i_R2_D4_Stim48hr_NTC-617,NTC-617,CE0006864,Stim48hr,CD4i_R2,69.0,856693.0
CD4i_R2_D4_Stim48hr_NTC-618,NTC-618,CE0006864,Stim48hr,CD4i_R2,47.0,642554.0
CD4i_R2_D4_Stim48hr_NTC-619,NTC-619,CE0006864,Stim48hr,CD4i_R2,70.0,1064347.0
CD4i_R2_D4_Stim48hr_NTC-620,NTC-620,CE0006864,Stim48hr,CD4i_R2,143.0,1778413.0
CD4i_R2_D4_Stim48hr_NTC-621,NTC-621,CE0006864,Stim48hr,CD4i_R2,21.0,262453.0
CD4i_R2_D4_Stim48hr_NTC-622,NTC-622,CE0006864,Stim48hr,CD4i_R2,48.0,643487.0
CD4i_R2_D4_Stim48hr_NTC-623,NTC-623,CE0006864,Stim48hr,CD4i_R2,127.0,1582964.0
CD4i_R2_D4_Stim48hr_NTC-624,NTC-624,CE0006864,Stim48hr,CD4i_R2,51.0,699456.0
CD4i_R2_D4_Stim48hr_NTC-625,NTC-625,CE0006864,Stim48hr,CD4i_R2,80.0,1082063.0
CD4i_R2_D4_Stim48hr_NTC-626,NTC-626,CE0006864,Stim48hr,CD4i_R2,123.0,1607893.0
CD4i_R2_D4_Stim48hr_NTC-627,NTC-627,CE0006864,Stim48hr,CD4i_R2,197.0,3141671.0
CD4i_R2_D4_Stim48hr_NTC-628,NTC-628,CE0006864,Stim48hr,CD4i_R2,34.0,345888.0
CD4i_R2_D4_Stim48hr_NTC-629,NTC-629,CE0006864,Stim48hr,CD4i_R2,45.0,739233.0
CD4i_R2_D4_Stim48hr_NTC-630,NTC-630,CE0006864,Stim48hr,CD4i_R2,148.0,2050661.0
CD4i_R2_D4_Stim48hr_NTC-631,NTC-631,CE0006864,Stim48hr,CD4i_R2,78.0,952659.0
CD4i_R2_D4_Stim48hr_NTC-632,NTC-632,CE0006864,Stim48hr,CD4i_R2,62.0,774971.0
CD4i_R2_D4_Stim48hr_NTC-633,NTC-633,CE0006864,Stim48hr,CD4i_R2,46.0,517204.0
CD4i_R2_D4_Stim48hr_NTC-634,NTC-634,CE0006864,Stim48hr,CD4i_R2,45.0,628573.0
CD4i_R2_D4_Stim48hr_NTC-635,NTC-635,CE0006864,Stim48hr,CD4i_R2,28.0,349809.0
CD4i_R2_D4_Stim48hr_NTC-636,NTC-636,CE0006864,Stim48hr,CD4i_R2,46.0,626587.0
CD4i_R2_D4_Stim48hr_NTC-637,NTC-637,CE0006864,Stim48hr,CD4i_R2,141.0,1734322.0
CD4i_R2_D4_Stim48hr_NTC-638,NTC-638,CE0006864,Stim48hr,CD4i_R2,67.0,882298.0
CD4i_R2_D4_Stim48hr_NTC-639,NTC-639,CE0006864,Stim48hr,CD4i_R2,189.0,2579272.0
CD4i_R2_D4_Stim48hr_NTC-640,NTC-640,CE0006864,Stim48hr,CD4i_R2,73.0,853118.0
CD4i_R2_D4_Stim48hr_NTC-641,NTC-641,CE0006864,Stim48hr,CD4i_R2,105.0,1528397.0
CD4i_R2_D4_Stim48hr_NTC-642,NTC-642,CE0006864,Stim48hr,CD4i_R2,85.0,1084091.0
CD4i_R2_D4_Stim48hr_NTC-643,NTC-643,CE0006864,Stim48hr,CD4i_R2,24.0,350568.0
CD4i_R2_D4_Stim48hr_NTC-644,NTC-644,CE0006864,Stim48hr,CD4i_R2,265.0,3762095.0
CD4i_R2_D4_Stim48hr_NTC-645,NTC-645,CE0006864,Stim48hr,CD4i_R2,20.0,303076.0
CD4i_R2_D4_Stim48hr_NTC-646,NTC-646,CE0006864,Stim48hr,CD4i_R2,55.0,673360.0
CD4i_R2_D4_Stim48hr_NTC-647,NTC-647,CE0006864,Stim48hr,CD4i_R2,36.0,503325.0
CD4i_R2_D4_Stim48hr_NTC-648,NTC-648,CE0006864,Stim48hr,CD4i_R2,121.0,1655128.0
CD4i_R2_D4_Stim48hr_NTC-649,NTC-649,CE0006864,Stim48hr,CD4i_R2,35.0,481156.0
CD4i_R2_D4_Stim48hr_NTC-650,NTC-650,CE0006864,Stim48hr,CD4i_R2,175.0,2439328.0
CD4i_R2_D4_Stim48hr_NTC-651,NTC-651,CE0006864,Stim48hr,CD4i_R2,144.0,1982297.0
CD4i_R2_D4_Stim48hr_NTC-652,NTC-652,CE0006864,Stim48hr,CD4i_R2,169.0,2246539.0
CD4i_R2_D4_Stim48hr_NTC-653,NTC-653,CE0006864,Stim48hr,CD4i_R2,204.0,2932662.0
CD4i_R2_D4_Stim48hr_NTC-654,NTC-654,CE0006864,Stim48hr,CD4i_R2,70.0,831606.0
CD4i_R2_D4_Stim48hr_NTC-655,NTC-655,CE0006864,Stim48hr,CD4i_R2,94.0,1320644.0
CD4i_R2_D4_Stim48hr_NTC-656,NTC-656,CE0006864,Stim48hr,CD4i_R2,34.0,463967.0
CD4i_R2_D4_Stim48hr_NTC-657,NTC-657,CE0006864,Stim48hr,CD4i_R2,147.0,2215208.0
CD4i_R2_D4_Stim48hr_NTC-658,NTC-658,CE0006864,Stim48hr,CD4i_R2,254.0,3728712.0
CD4i_R2_D4_Stim48hr_NTC-660,NTC-660,CE0006864,Stim48hr,CD4i_R2,11.0,105917.0
CD4i_R2_D4_Stim48hr_NTC-661,NTC-661,CE0006864,Stim48hr,CD4i_R2,95.0,1296547.0
CD4i_R2_D4_Stim48hr_NTC-663,NTC-663,CE0006864,Stim48hr,CD4i_R2,86.0,1165449.0
CD4i_R2_D4_Stim48hr_NTC-664,NTC-664,CE0006864,Stim48hr,CD4i_R2,73.0,991120.0
CD4i_R2_D4_Stim48hr_NTC-665,NTC-665,CE0006864,Stim48hr,CD4i_R2,88.0,1322687.0
CD4i_R2_D4_Stim48hr_NTC-666,NTC-666,CE0006864,Stim48hr,CD4i_R2,164.0,2272495.0
CD4i_R2_D4_Stim48hr_NTC-667,NTC-667,CE0006864,Stim48hr,CD4i_R2,78.0,992570.0
CD4i_R2_D4_Stim48hr_NTC-668,NTC-668,CE0006864,Stim48hr,CD4i_R2,190.0,2674648.0
CD4i_R2_D4_Stim48hr_NTC-669,NTC-669,CE0006864,Stim48hr,CD4i_R2,139.0,2024239.0
CD4i_R2_D4_Stim48hr_NTC-671,NTC-671,CE0006864,Stim48hr,CD4i_R2,241.0,3349851.0
CD4i_R2_D4_Stim48hr_NTC-672,NTC-672,CE0006864,Stim48hr,CD4i_R2,145.0,1878136.0
CD4i_R2_D4_Stim48hr_NTC-673,NTC-673,CE0006864,Stim48hr,CD4i_R2,41.0,541917.0
CD4i_R2_D4_Stim48hr_NTC-674,NTC-674,CE0006864,Stim48hr,CD4i_R2,118.0,1279952.0
CD4i_R2_D4_Stim48hr_NTC-676,NTC-676,CE0006864,Stim48hr,CD4i_R2,73.0,923098.0
CD4i_R2_D4_Stim48hr_NTC-677,NTC-677,CE0006864,Stim48hr,CD4i_R2,104.0,1298173.0
CD4i_R2_D4_Stim48hr_NTC-678,NTC-678,CE0006864,Stim48hr,CD4i_R2,69.0,819339.0
CD4i_R2_D4_Stim48hr_NTC-679,NTC-679,CE0006864,Stim48hr,CD4i_R2,83.0,1193371.0
CD4i_R2_D4_Stim48hr_NTC-680,NTC-680,CE0006864,Stim48hr,CD4i_R2,91.0,1463562.0
CD4i_R2_D4_Stim48hr_NTC-681,NTC-681,CE0006864,Stim48hr,CD4i_R2,74.0,948874.0
CD4i_R2_D4_Stim48hr_NTC-682,NTC-682,CE0006864,Stim48hr,CD4i_R2,27.0,462243.0
CD4i_R2_D4_Stim48hr_NTC-683,NTC-683,CE0006864,Stim48hr,CD4i_R2,207.0,3058262.0
CD4i_R2_D4_Stim48hr_NTC-684,NTC-684,CE0006864,Stim48hr,CD4i_R2,192.0,2677745.0
CD4i_R2_D4_Stim48hr_NTC-685,NTC-685,CE0006864,Stim48hr,CD4i_R2,163.0,2170356.0
CD4i_R2_D4_Stim48hr_NTC-686,NTC-686,CE0006864,Stim48hr,CD4i_R2,19.0,263387.0
CD4i_R2_D4_Stim48hr_NTC-687,NTC-687,CE0006864,Stim48hr,CD4i_R2,48.0,622892.0
CD4i_R2_D4_Stim48hr_NTC-688,NTC-688,CE0006864,Stim48hr,CD4i_R2,99.0,1204728.0
CD4i_R2_D4_Stim48hr_NTC-689,NTC-689,CE0006864,Stim48hr,CD4i_R2,53.0,745716.0
CD4i_R2_D4_Stim48hr_NTC-690,NTC-690,CE0006864,Stim48hr,CD4i_R2,83.0,1313358.0
CD4i_R2_D4_Stim48hr_NTC-691,NTC-691,CE0006864,Stim48hr,CD4i_R2,34.0,388436.0
CD4i_R2_D4_Stim48hr_NTC-692,NTC-692,CE0006864,Stim48hr,CD4i_R2,100.0,1326668.0
CD4i_R2_D4_Stim48hr_NTC-693,NTC-693,CE0006864,Stim48hr,CD4i_R2,82.0,1087180.0
CD4i_R2_D4_Stim48hr_NTC-694,NTC-694,CE0006864,Stim48hr,CD4i_R2,53.0,795135.0
CD4i_R2_D4_Stim48hr_NTC-695,NTC-695,CE0006864,Stim48hr,CD4i_R2,51.0,603878.0
CD4i_R2_D4_Stim48hr_NTC-696,NTC-696,CE0006864,Stim48hr,CD4i_R2,69.0,834142.0
CD4i_R2_D4_Stim48hr_NTC-697,NTC-697,CE0006864,Stim48hr,CD4i_R2,59.0,787067.0
CD4i_R2_D4_Stim48hr_NTC-698,NTC-698,CE0006864,Stim48hr,CD4i_R2,103.0,1315295.0
CD4i_R2_D4_Stim48hr_NTC-699,NTC-699,CE0006864,Stim48hr,CD4i_R2,76.0,994467.0
CD4i_R2_D4_Stim48hr_NTC-700,NTC-700,CE0006864,Stim48hr,CD4i_R2,114.0,1654213.0
CD4i_R2_D4_Stim48hr_NTC-701,NTC-701,CE0006864,Stim48hr,CD4i_R2,194.0,2186027.0
CD4i_R2_D4_Stim48hr_NTC-702,NTC-702,CE0006864,Stim48hr,CD4i_R2,76.0,1022889.0
CD4i_R2_D4_Stim48hr_NTC-703,NTC-703,CE0006864,Stim48hr,CD4i_R2,145.0,2118886.0
CD4i_R2_D4_Stim48hr_NTC-704,NTC-704,CE0006864,Stim48hr,CD4i_R2,81.0,1046206.0
CD4i_R2_D4_Stim48hr_NTC-705,NTC-705,CE0006864,Stim48hr,CD4i_R2,74.0,1067894.0
CD4i_R2_D4_Stim48hr_NTC-706,NTC-706,CE0006864,Stim48hr,CD4i_R2,37.0,466443.0
CD4i_R2_D4_Stim48hr_NTC-707,NTC-707,CE0006864,Stim48hr,CD4i_R2,9.0,115492.0
CD4i_R2_D4_Stim48hr_NTC-708,NTC-708,CE0006864,Stim48hr,CD4i_R2,51.0,655012.0
CD4i_R2_D4_Stim48hr_NTC-709,NTC-709,CE0006864,Stim48hr,CD4i_R2,115.0,1573734.0
CD4i_R2_D4_Stim48hr_NTC-710,NTC-710,CE0006864,Stim48hr,CD4i_R2,42.0,525419.0
CD4i_R2_D4_Stim48hr_NTC-711,NTC-711,CE0006864,Stim48hr,CD4i_R2,63.0,775737.0
CD4i_R2_D4_Stim48hr_NTC-712,NTC-712,CE0006864,Stim48hr,CD4i_R2,43.0,538721.0
CD4i_R2_D4_Stim48hr_NTC-713,NTC-713,CE0006864,Stim48hr,CD4i_R2,81.0,1145550.0
CD4i_R2_D4_Stim48hr_NTC-714,NTC-714,CE0006864,Stim48hr,CD4i_R2,15.0,182157.0
CD4i_R2_D4_Stim48hr_NTC-715,NTC-715,CE0006864,Stim48hr,CD4i_R2,80.0,1035349.0
CD4i_R2_D4_Stim48hr_NTC-716,NTC-716,CE0006864,Stim48hr,CD4i_R2,45.0,626768.0
CD4i_R2_D4_Stim48hr_NTC-717,NTC-717,CE0006864,Stim48hr,CD4i_R2,163.0,2206766.0
CD4i_R2_D4_Stim48hr_NTC-718,NTC-718,CE0006864,Stim48hr,CD4i_R2,85.0,1018627.0
CD4i_R2_D4_Stim48hr_NTC-719,NTC-719,CE0006864,Stim48hr,CD4i_R2,70.0,838980.0
CD4i_R2_D4_Stim48hr_NTC-720,NTC-720,CE0006864,Stim48hr,CD4i_R2,140.0,1993246.0
CD4i_R2_D4_Stim48hr_NTC-721,NTC-721,CE0006864,Stim48hr,CD4i_R2,46.0,690430.0
CD4i_R2_D4_Stim48hr_NTC-722,NTC-722,CE0006864,Stim48hr,CD4i_R2,198.0,2752830.0
CD4i_R2_D4_Stim48hr_NTC-723,NTC-723,CE0006864,Stim48hr,CD4i_R2,122.0,1695231.0
CD4i_R2_D4_Stim48hr_NTC-724,NTC-724,CE0006864,Stim48hr,CD4i_R2,21.0,244646.0
CD4i_R2_D4_Stim48hr_NTC-725,NTC-725,CE0006864,Stim48hr,CD4i_R2,132.0,1809827.0
CD4i_R2_D4_Stim48hr_NTC-726,NTC-726,CE0006864,Stim48hr,CD4i_R2,53.0,912783.0
CD4i_R2_D4_Stim48hr_NTC-727,NTC-727,CE0006864,Stim48hr,CD4i_R2,61.0,746525.0
CD4i_R2_D4_Stim48hr_NTC-728,NTC-728,CE0006864,Stim48hr,CD4i_R2,118.0,1668192.0
CD4i_R2_D4_Stim48hr_NTC-729,NTC-729,CE0006864,Stim48hr,CD4i_R2,88.0,1260968.0
CD4i_R2_D4_Stim48hr_NTC-730,NTC-730,CE0006864,Stim48hr,CD4i_R2,121.0,1775071.0
CD4i_R2_D4_Stim48hr_NTC-731,NTC-731,CE0006864,Stim48hr,CD4i_R2,56.0,736260.0
CD4i_R2_D4_Stim48hr_NTC-732,NTC-732,CE0006864,Stim48hr,CD4i_R2,66.0,1002231.0
CD4i_R2_D4_Stim48hr_NTC-733,NTC-733,CE0006864,Stim48hr,CD4i_R2,36.0,491677.0
CD4i_R2_D4_Stim48hr_NTC-734,NTC-734,CE0006864,Stim48hr,CD4i_R2,164.0,2324199.0
CD4i_R2_D4_Stim48hr_NTC-735,NTC-735,CE0006864,Stim48hr,CD4i_R2,116.0,1710606.0
CD4i_R2_D4_Stim48hr_NTC-736,NTC-736,CE0006864,Stim48hr,CD4i_R2,30.0,446183.0
CD4i_R2_D4_Stim48hr_NTC-737,NTC-737,CE0006864,Stim48hr,CD4i_R2,43.0,544914.0
CD4i_R2_D4_Stim48hr_NTC-738,NTC-738,CE0006864,Stim48hr,CD4i_R2,39.0,537199.0
CD4i_R2_D4_Stim48hr_NTC-739,NTC-739,CE0006864,Stim48hr,CD4i_R2,142.0,2124412.0
CD4i_R2_D4_Stim48hr_NTC-740,NTC-740,CE0006864,Stim48hr,CD4i_R2,107.0,1446812.0
CD4i_R2_D4_Stim48hr_NTC-741,NTC-741,CE0006864,Stim48hr,CD4i_R2,36.0,439616.0
CD4i_R2_D4_Stim48hr_NTC-742,NTC-742,CE0006864,Stim48hr,CD4i_R2,8.0,94414.0
CD4i_R2_D4_Stim48hr_NTC-743,NTC-743,CE0006864,Stim48hr,CD4i_R2,178.0,2662331.0
CD4i_R2_D4_Stim48hr_NTC-744,NTC-744,CE0006864,Stim48hr,CD4i_R2,52.0,780342.0
CD4i_R2_D4_Stim48hr_NTC-745,NTC-745,CE0006864,Stim48hr,CD4i_R2,138.0,2075434.0
CD4i_R2_D4_Stim48hr_NTC-746,NTC-746,CE0006864,Stim48hr,CD4i_R2,108.0,1425447.0
CD4i_R2_D4_Stim48hr_NTC-747,NTC-747,CE0006864,Stim48hr,CD4i_R2,63.0,894368.0
CD4i_R2_D4_Stim48hr_NTC-748,NTC-748,CE0006864,Stim48hr,CD4i_R2,106.0,1505721.0
CD4i_R2_D4_Stim48hr_NTC-749,NTC-749,CE0006864,Stim48hr,CD4i_R2,45.0,523673.0
CD4i_R2_D4_Stim48hr_NTC-750,NTC-750,CE0006864,Stim48hr,CD4i_R2,63.0,932572.0
CD4i_R2_D4_Stim48hr_NTC-751,NTC-751,CE0006864,Stim48hr,CD4i_R2,143.0,2174008.0
CD4i_R2_D4_Stim48hr_NTC-752,NTC-752,CE0006864,Stim48hr,CD4i_R2,105.0,1437933.0
CD4i_R2_D4_Stim48hr_NTC-753,NTC-753,CE0006864,Stim48hr,CD4i_R2,56.0,921236.0
CD4i_R2_D4_Stim48hr_NTC-754,NTC-754,CE0006864,Stim48hr,CD4i_R2,62.0,866895.0
CD4i_R2_D4_Stim48hr_NTC-755,NTC-755,CE0006864,Stim48hr,CD4i_R2,42.0,642092.0
CD4i_R2_D4_Stim48hr_NTC-756,NTC-756,CE0006864,Stim48hr,CD4i_R2,78.0,729142.0
CD4i_R2_D4_Stim48hr_NTC-757,NTC-757,CE0006864,Stim48hr,CD4i_R2,40.0,585770.0
CD4i_R2_D4_Stim48hr_NTC-758,NTC-758,CE0006864,Stim48hr,CD4i_R2,174.0,2080702.0
CD4i_R2_D4_Stim48hr_NTC-759,NTC-759,CE0006864,Stim48hr,CD4i_R2,147.0,2190112.0
CD4i_R2_D4_Stim48hr_NTC-760,NTC-760,CE0006864,Stim48hr,CD4i_R2,111.0,1573536.0
CD4i_R2_D4_Stim48hr_NTC-761,NTC-761,CE0006864,Stim48hr,CD4i_R2,117.0,1481977.0
CD4i_R2_D4_Stim48hr_NTC-762,NTC-762,CE0006864,Stim48hr,CD4i_R2,70.0,864740.0
CD4i_R2_D4_Stim48hr_NTC-763,NTC-763,CE0006864,Stim48hr,CD4i_R2,134.0,1817076.0
CD4i_R2_D4_Stim48hr_NTC-764,NTC-764,CE0006864,Stim48hr,CD4i_R2,62.0,826619.0
CD4i_R2_D4_Stim48hr_NTC-765,NTC-765,CE0006864,Stim48hr,CD4i_R2,53.0,688863.0
CD4i_R2_D4_Stim48hr_NTC-766,NTC-766,CE0006864,Stim48hr,CD4i_R2,244.0,3384181.0
CD4i_R2_D4_Stim48hr_NTC-767,NTC-767,CE0006864,Stim48hr,CD4i_R2,17.0,234255.0
CD4i_R2_D4_Stim48hr_NTC-768,NTC-768,CE0006864,Stim48hr,CD4i_R2,31.0,368509.0
CD4i_R2_D4_Stim48hr_NTC-769,NTC-769,CE0006864,Stim48hr,CD4i_R2,97.0,1341527.0
CD4i_R2_D4_Stim48hr_NTC-770,NTC-770,CE0006864,Stim48hr,CD4i_R2,106.0,1363492.0
CD4i_R2_D4_Stim48hr_NTC-771,NTC-771,CE0006864,Stim48hr,CD4i_R2,24.0,290081.0
CD4i_R2_D4_Stim48hr_NTC-772,NTC-772,CE0006864,Stim48hr,CD4i_R2,23.0,271996.0
CD4i_R2_D4_Stim48hr_NTC-773,NTC-773,CE0006864,Stim48hr,CD4i_R2,78.0,1088567.0
CD4i_R2_D4_Stim48hr_NTC-774,NTC-774,CE0006864,Stim48hr,CD4i_R2,169.0,2209943.0
CD4i_R2_D4_Stim48hr_NTC-775,NTC-775,CE0006864,Stim48hr,CD4i_R2,82.0,1255627.0
CD4i_R2_D4_Stim48hr_NTC-776,NTC-776,CE0006864,Stim48hr,CD4i_R2,75.0,1043709.0
CD4i_R2_D4_Stim48hr_NTC-777,NTC-777,CE0006864,Stim48hr,CD4i_R2,103.0,1429183.0
CD4i_R2_D4_Stim48hr_NTC-778,NTC-778,CE0006864,Stim48hr,CD4i_R2,38.0,481479.0
CD4i_R2_D4_Stim48hr_NTC-779,NTC-779,CE0006864,Stim48hr,CD4i_R2,56.0,682647.0
CD4i_R2_D4_Stim48hr_NTC-780,NTC-780,CE0006864,Stim48hr,CD4i_R2,80.0,1113376.0
CD4i_R2_D4_Stim48hr_NTC-781,NTC-781,CE0006864,Stim48hr,CD4i_R2,63.0,772803.0
CD4i_R2_D4_Stim48hr_NTC-782,NTC-782,CE0006864,Stim48hr,CD4i_R2,107.0,1391964.0
CD4i_R2_D4_Stim48hr_NTC-783,NTC-783,CE0006864,Stim48hr,CD4i_R2,80.0,968993.0
CD4i_R2_D4_Stim48hr_NTC-784,NTC-784,CE0006864,Stim48hr,CD4i_R2,143.0,1995798.0
CD4i_R2_D4_Stim48hr_NTC-785,NTC-785,CE0006864,Stim48hr,CD4i_R2,51.0,698349.0
CD4i_R2_D4_Stim48hr_NTC-786,NTC-786,CE0006864,Stim48hr,CD4i_R2,37.0,543450.0
CD4i_R2_D4_Stim48hr_NTC-787,NTC-787,CE0006864,Stim48hr,CD4i_R2,74.0,964651.0
CD4i_R2_D4_Stim48hr_NTC-788,NTC-788,CE0006864,Stim48hr,CD4i_R2,83.0,1174087.0
CD4i_R2_D4_Stim48hr_NTC-789,NTC-789,CE0006864,Stim48hr,CD4i_R2,65.0,890525.0
CD4i_R2_D4_Stim48hr_NTC-790,NTC-790,CE0006864,Stim48hr,CD4i_R2,86.0,1265335.0
CD4i_R2_D4_Stim48hr_NTC-791,NTC-791,CE0006864,Stim48hr,CD4i_R2,171.0,2202724.0
CD4i_R2_D4_Stim48hr_NTC-792,NTC-792,CE0006864,Stim48hr,CD4i_R2,83.0,1171997.0
CD4i_R2_D4_Stim48hr_NTC-793,NTC-793,CE0006864,Stim48hr,CD4i_R2,108.0,1439553.0
CD4i_R2_D4_Stim48hr_NTC-794,NTC-794,CE0006864,Stim48hr,CD4i_R2,283.0,3455824.0
CD4i_R2_D4_Stim48hr_NTC-795,NTC-795,CE0006864,Stim48hr,CD4i_R2,128.0,1645262.0
CD4i_R2_D4_Stim48hr_NTC-796,NTC-796,CE0006864,Stim48hr,CD4i_R2,81.0,1021677.0
CD4i_R2_D4_Stim48hr_NTC-797,NTC-797,CE0006864,Stim48hr,CD4i_R2,74.0,874365.0
CD4i_R2_D4_Stim48hr_NTC-798,NTC-798,CE0006864,Stim48hr,CD4i_R2,169.0,2400916.0
CD4i_R2_D4_Stim48hr_NTC-799,NTC-799,CE0006864,Stim48hr,CD4i_R2,44.0,571164.0
CD4i_R2_D4_Stim48hr_NTC-800,NTC-800,CE0006864,Stim48hr,CD4i_R2,12.0,129948.0
CD4i_R2_D4_Stim48hr_NTC-801,NTC-801,CE0006864,Stim48hr,CD4i_R2,30.0,444511.0
CD4i_R2_D4_Stim48hr_NTC-802,NTC-802,CE0006864,Stim48hr,CD4i_R2,141.0,2053979.0
CD4i_R2_D4_Stim48hr_NTC-803,NTC-803,CE0006864,Stim48hr,CD4i_R2,133.0,1827629.0
CD4i_R2_D4_Stim48hr_NTC-804,NTC-804,CE0006864,Stim48hr,CD4i_R2,82.0,1229322.0
CD4i_R2_D4_Stim48hr_NTC-805,NTC-805,CE0006864,Stim48hr,CD4i_R2,66.0,913418.0
CD4i_R2_D4_Stim48hr_NTC-806,NTC-806,CE0006864,Stim48hr,CD4i_R2,74.0,1052555.0
CD4i_R2_D4_Stim48hr_NTC-807,NTC-807,CE0006864,Stim48hr,CD4i_R2,201.0,2537627.0
CD4i_R2_D4_Stim48hr_NTC-808,NTC-808,CE0006864,Stim48hr,CD4i_R2,47.0,572172.0
CD4i_R2_D4_Stim48hr_NTC-809,NTC-809,CE0006864,Stim48hr,CD4i_R2,134.0,1724207.0
CD4i_R2_D4_Stim48hr_NTC-810,NTC-810,CE0006864,Stim48hr,CD4i_R2,51.0,640664.0
CD4i_R2_D4_Stim48hr_NTC-811,NTC-811,CE0006864,Stim48hr,CD4i_R2,109.0,1509813.0
CD4i_R2_D4_Stim48hr_NTC-812,NTC-812,CE0006864,Stim48hr,CD4i_R2,79.0,1042342.0
CD4i_R2_D4_Stim48hr_NTC-813,NTC-813,CE0006864,Stim48hr,CD4i_R2,82.0,1158979.0
CD4i_R2_D4_Stim48hr_NTC-814,NTC-814,CE0006864,Stim48hr,CD4i_R2,140.0,1862054.0
CD4i_R2_D4_Stim48hr_NTC-815,NTC-815,CE0006864,Stim48hr,CD4i_R2,109.0,1537047.0
CD4i_R2_D4_Stim48hr_NTC-816,NTC-816,CE0006864,Stim48hr,CD4i_R2,81.0,890057.0
CD4i_R2_D4_Stim48hr_NTC-817,NTC-817,CE0006864,Stim48hr,CD4i_R2,233.0,2965529.0
CD4i_R2_D4_Stim48hr_NTC-818,NTC-818,CE0006864,Stim48hr,CD4i_R2,102.0,1446211.0
CD4i_R2_D4_Stim48hr_NTC-819,NTC-819,CE0006864,Stim48hr,CD4i_R2,60.0,777332.0
CD4i_R2_D4_Stim48hr_NTC-820,NTC-820,CE0006864,Stim48hr,CD4i_R2,279.0,3611451.0
CD4i_R2_D4_Stim48hr_NTC-821,NTC-821,CE0006864,Stim48hr,CD4i_R2,79.0,915578.0
CD4i_R2_D4_Stim48hr_NTC-822,NTC-822,CE0006864,Stim48hr,CD4i_R2,62.0,933403.0
CD4i_R2_D4_Stim48hr_NTC-823,NTC-823,CE0006864,Stim48hr,CD4i_R2,89.0,1359677.0
CD4i_R2_D4_Stim48hr_NTC-824,NTC-824,CE0006864,Stim48hr,CD4i_R2,66.0,916836.0
CD4i_R2_D4_Stim48hr_NTC-825,NTC-825,CE0006864,Stim48hr,CD4i_R2,124.0,1833824.0
CD4i_R2_D4_Stim48hr_NTC-826,NTC-826,CE0006864,Stim48hr,CD4i_R2,77.0,1175120.0
CD4i_R2_D4_Stim48hr_NTC-827,NTC-827,CE0006864,Stim48hr,CD4i_R2,58.0,837315.0
CD4i_R2_D4_Stim48hr_NTC-828,NTC-828,CE0006864,Stim48hr,CD4i_R2,76.0,948543.0
CD4i_R2_D4_Stim48hr_NTC-829,NTC-829,CE0006864,Stim48hr,CD4i_R2,124.0,1666208.0
CD4i_R2_D4_Stim48hr_NTC-830,NTC-830,CE0006864,Stim48hr,CD4i_R2,106.0,1419594.0
CD4i_R2_D4_Stim48hr_NTC-831,NTC-831,CE0006864,Stim48hr,CD4i_R2,60.0,795589.0
CD4i_R2_D4_Stim48hr_NTC-832,NTC-832,CE0006864,Stim48hr,CD4i_R2,135.0,1921079.0
CD4i_R2_D4_Stim48hr_NTC-833,NTC-833,CE0006864,Stim48hr,CD4i_R2,55.0,901158.0
CD4i_R2_D4_Stim48hr_NTC-834,NTC-834,CE0006864,Stim48hr,CD4i_R2,74.0,962661.0
CD4i_R2_D4_Stim48hr_NTC-835,NTC-835,CE0006864,Stim48hr,CD4i_R2,17.0,240558.0
CD4i_R2_D4_Stim48hr_NTC-836,NTC-836,CE0006864,Stim48hr,CD4i_R2,13.0,199348.0
CD4i_R2_D4_Stim48hr_NTC-837,NTC-837,CE0006864,Stim48hr,CD4i_R2,55.0,856615.0
CD4i_R2_D4_Stim48hr_NTC-838,NTC-838,CE0006864,Stim48hr,CD4i_R2,115.0,1885145.0
CD4i_R2_D4_Stim48hr_NTC-839,NTC-839,CE0006864,Stim48hr,CD4i_R2,63.0,861684.0
CD4i_R2_D4_Stim48hr_NTC-840,NTC-840,CE0006864,Stim48hr,CD4i_R2,43.0,533108.0
CD4i_R2_D4_Stim48hr_NTC-841,NTC-841,CE0006864,Stim48hr,CD4i_R2,54.0,669459.0
CD4i_R2_D4_Stim48hr_NTC-842,NTC-842,CE0006864,Stim48hr,CD4i_R2,61.0,712263.0
CD4i_R2_D4_Stim48hr_NTC-843,NTC-843,CE0006864,Stim48hr,CD4i_R2,53.0,662645.0
CD4i_R2_D4_Stim48hr_NTC-844,NTC-844,CE0006864,Stim48hr,CD4i_R2,156.0,2022494.0
CD4i_R2_D4_Stim48hr_NTC-845,NTC-845,CE0006864,Stim48hr,CD4i_R2,220.0,2729916.0
CD4i_R2_D4_Stim48hr_NTC-846,NTC-846,CE0006864,Stim48hr,CD4i_R2,76.0,988507.0
CD4i_R2_D4_Stim48hr_NTC-847,NTC-847,CE0006864,Stim48hr,CD4i_R2,97.0,1263788.0
CD4i_R2_D4_Stim48hr_NTC-848,NTC-848,CE0006864,Stim48hr,CD4i_R2,11.0,134192.0
CD4i_R2_D4_Stim48hr_NTC-849,NTC-849,CE0006864,Stim48hr,CD4i_R2,94.0,1290720.0
CD4i_R2_D4_Stim48hr_NTC-850,NTC-850,CE0006864,Stim48hr,CD4i_R2,91.0,1212162.0
CD4i_R2_D4_Stim48hr_NTC-851,NTC-851,CE0006864,Stim48hr,CD4i_R2,64.0,776248.0
CD4i_R2_D4_Stim48hr_NTC-852,NTC-852,CE0006864,Stim48hr,CD4i_R2,259.0,3597688.0
CD4i_R2_D4_Stim48hr_NTC-853,NTC-853,CE0006864,Stim48hr,CD4i_R2,60.0,834662.0
CD4i_R2_D4_Stim48hr_NTC-854,NTC-854,CE0006864,Stim48hr,CD4i_R2,75.0,1087202.0
CD4i_R2_D4_Stim48hr_NTC-855,NTC-855,CE0006864,Stim48hr,CD4i_R2,35.0,647521.0
CD4i_R2_D4_Stim48hr_NTC-856,NTC-856,CE0006864,Stim48hr,CD4i_R2,79.0,1200324.0
CD4i_R2_D4_Stim48hr_NTC-857,NTC-857,CE0006864,Stim48hr,CD4i_R2,162.0,2233663.0
CD4i_R2_D4_Stim48hr_NTC-858,NTC-858,CE0006864,Stim48hr,CD4i_R2,95.0,1312035.0
CD4i_R2_D4_Stim48hr_NTC-859,NTC-859,CE0006864,Stim48hr,CD4i_R2,98.0,1338916.0
CD4i_R2_D4_Stim48hr_NTC-860,NTC-860,CE0006864,Stim48hr,CD4i_R2,129.0,1832657.0
CD4i_R2_D4_Stim48hr_NTC-861,NTC-861,CE0006864,Stim48hr,CD4i_R2,66.0,817968.0
CD4i_R2_D4_Stim48hr_NTC-862,NTC-862,CE0006864,Stim48hr,CD4i_R2,78.0,987161.0
CD4i_R2_D4_Stim48hr_NTC-863,NTC-863,CE0006864,Stim48hr,CD4i_R2,29.0,383023.0
CD4i_R2_D4_Stim48hr_NTC-864,NTC-864,CE0006864,Stim48hr,CD4i_R2,17.0,241173.0
CD4i_R2_D4_Stim48hr_NTC-865,NTC-865,CE0006864,Stim48hr,CD4i_R2,168.0,1953132.0
CD4i_R2_D4_Stim48hr_NTC-866,NTC-866,CE0006864,Stim48hr,CD4i_R2,45.0,545146.0
CD4i_R2_D4_Stim48hr_NTC-867,NTC-867,CE0006864,Stim48hr,CD4i_R2,154.0,2006914.0
CD4i_R2_D4_Stim48hr_NTC-868,NTC-868,CE0006864,Stim48hr,CD4i_R2,67.0,1118798.0
CD4i_R2_D4_Stim48hr_NTC-869,NTC-869,CE0006864,Stim48hr,CD4i_R2,46.0,656060.0
CD4i_R2_D4_Stim48hr_NTC-870,NTC-870,CE0006864,Stim48hr,CD4i_R2,79.0,1073971.0
CD4i_R2_D4_Stim48hr_NTC-871,NTC-871,CE0006864,Stim48hr,CD4i_R2,68.0,799931.0
CD4i_R2_D4_Stim48hr_NTC-872,NTC-872,CE0006864,Stim48hr,CD4i_R2,25.0,388566.0
CD4i_R2_D4_Stim48hr_NTC-873,NTC-873,CE0006864,Stim48hr,CD4i_R2,101.0,1370912.0
CD4i_R2_D4_Stim48hr_NTC-874,NTC-874,CE0006864,Stim48hr,CD4i_R2,129.0,1519940.0
CD4i_R2_D4_Stim48hr_NTC-875,NTC-875,CE0006864,Stim48hr,CD4i_R2,65.0,941327.0
CD4i_R2_D4_Stim48hr_NTC-876,NTC-876,CE0006864,Stim48hr,CD4i_R2,77.0,1122536.0
CD4i_R2_D4_Stim48hr_NTC-877,NTC-877,CE0006864,Stim48hr,CD4i_R2,194.0,2752857.0
CD4i_R2_D4_Stim48hr_NTC-878,NTC-878,CE0006864,Stim48hr,CD4i_R2,98.0,1238059.0
CD4i_R2_D4_Stim48hr_NTC-879,NTC-879,CE0006864,Stim48hr,CD4i_R2,125.0,1882612.0
CD4i_R2_D4_Stim48hr_NTC-880,NTC-880,CE0006864,Stim48hr,CD4i_R2,79.0,1106251.0
CD4i_R2_D4_Stim48hr_NTC-881,NTC-881,CE0006864,Stim48hr,CD4i_R2,253.0,3438702.0
CD4i_R2_D4_Stim48hr_NTC-882,NTC-882,CE0006864,Stim48hr,CD4i_R2,69.0,976609.0
CD4i_R2_D4_Stim48hr_NTC-883,NTC-883,CE0006864,Stim48hr,CD4i_R2,68.0,916381.0
CD4i_R2_D4_Stim48hr_NTC-884,NTC-884,CE0006864,Stim48hr,CD4i_R2,137.0,1981827.0
CD4i_R2_D4_Stim48hr_NTC-885,NTC-885,CE0006864,Stim48hr,CD4i_R2,125.0,1597987.0
CD4i_R2_D4_Stim48hr_NTC-886,NTC-886,CE0006864,Stim48hr,CD4i_R2,53.0,708668.0
CD4i_R2_D4_Stim48hr_NTC-887,NTC-887,CE0006864,Stim48hr,CD4i_R2,73.0,956246.0
CD4i_R2_D4_Stim48hr_NTC-888,NTC-888,CE0006864,Stim48hr,CD4i_R2,23.0,284493.0
CD4i_R2_D4_Stim48hr_NTC-889,NTC-889,CE0006864,Stim48hr,CD4i_R2,29.0,410363.0
CD4i_R2_D4_Stim48hr_NTC-890,NTC-890,CE0006864,Stim48hr,CD4i_R2,85.0,1272245.0
CD4i_R2_D4_Stim48hr_NTC-891,NTC-891,CE0006864,Stim48hr,CD4i_R2,12.0,158267.0
CD4i_R2_D4_Stim48hr_NTC-892,NTC-892,CE0006864,Stim48hr,CD4i_R2,137.0,1941970.0
CD4i_R2_D4_Stim48hr_NTC-893,NTC-893,CE0006864,Stim48hr,CD4i_R2,174.0,2570315.0
CD4i_R2_D4_Stim48hr_NTC-894,NTC-894,CE0006864,Stim48hr,CD4i_R2,62.0,850092.0
CD4i_R2_D4_Stim48hr_NTC-895,NTC-895,CE0006864,Stim48hr,CD4i_R2,29.0,366726.0
CD4i_R2_D4_Stim48hr_NTC-896,NTC-896,CE0006864,Stim48hr,CD4i_R2,53.0,700283.0
CD4i_R2_D4_Stim48hr_NTC-897,NTC-897,CE0006864,Stim48hr,CD4i_R2,24.0,292082.0
CD4i_R2_D4_Stim48hr_NTC-898,NTC-898,CE0006864,Stim48hr,CD4i_R2,101.0,1428224.0
CD4i_R2_D4_Stim48hr_NTC-899,NTC-899,CE0006864,Stim48hr,CD4i_R2,31.0,467948.0
CD4i_R2_D4_Stim48hr_NTC-900,NTC-900,CE0006864,Stim48hr,CD4i_R2,8.0,93217.0
CD4i_R2_D4_Stim48hr_NTC-901,NTC-901,CE0006864,Stim48hr,CD4i_R2,65.0,1032176.0
CD4i_R2_D4_Stim48hr_NTC-902,NTC-902,CE0006864,Stim48hr,CD4i_R2,90.0,1194776.0
CD4i_R2_D4_Stim48hr_NTC-903,NTC-903,CE0006864,Stim48hr,CD4i_R2,24.0,336615.0
CD4i_R2_D4_Stim48hr_NTC-904,NTC-904,CE0006864,Stim48hr,CD4i_R2,78.0,1075121.0
CD4i_R2_D4_Stim48hr_NTC-905,NTC-905,CE0006864,Stim48hr,CD4i_R2,189.0,2769832.0
CD4i_R2_D4_Stim48hr_NTC-906,NTC-906,CE0006864,Stim48hr,CD4i_R2,126.0,1696873.0
CD4i_R2_D4_Stim48hr_NTC-907,NTC-907,CE0006864,Stim48hr,CD4i_R2,159.0,2320538.0
CD4i_R2_D4_Stim48hr_NTC-908,NTC-908,CE0006864,Stim48hr,CD4i_R2,65.0,859041.0
CD4i_R2_D4_Stim48hr_NTC-909,NTC-909,CE0006864,Stim48hr,CD4i_R2,78.0,1089875.0
CD4i_R2_D4_Stim48hr_NTC-910,NTC-910,CE0006864,Stim48hr,CD4i_R2,86.0,1000438.0
CD4i_R2_D4_Stim48hr_NTC-911,NTC-911,CE0006864,Stim48hr,CD4i_R2,78.0,1026389.0
CD4i_R2_D4_Stim48hr_NTC-912,NTC-912,CE0006864,Stim48hr,CD4i_R2,112.0,1563187.0
CD4i_R2_D4_Stim48hr_NTC-914,NTC-914,CE0006864,Stim48hr,CD4i_R2,123.0,1566356.0
CD4i_R2_D4_Stim48hr_NTC-915,NTC-915,CE0006864,Stim48hr,CD4i_R2,58.0,788126.0
CD4i_R2_D4_Stim48hr_NTC-916,NTC-916,CE0006864,Stim48hr,CD4i_R2,327.0,4743548.0
CD4i_R2_D4_Stim48hr_NTC-917,NTC-917,CE0006864,Stim48hr,CD4i_R2,116.0,1767419.0
CD4i_R2_D4_Stim48hr_NTC-918,NTC-918,CE0006864,Stim48hr,CD4i_R2,46.0,623093.0
CD4i_R2_D4_Stim48hr_NTC-919,NTC-919,CE0006864,Stim48hr,CD4i_R2,32.0,418402.0
CD4i_R2_D4_Stim48hr_NTC-920,NTC-920,CE0006864,Stim48hr,CD4i_R2,57.0,766973.0
CD4i_R2_D4_Stim48hr_NTC-921,NTC-921,CE0006864,Stim48hr,CD4i_R2,86.0,1164836.0
CD4i_R2_D4_Stim48hr_NTC-922,NTC-922,CE0006864,Stim48hr,CD4i_R2,86.0,1215210.0
CD4i_R2_D4_Stim48hr_NTC-923,NTC-923,CE0006864,Stim48hr,CD4i_R2,87.0,1130682.0
CD4i_R2_D4_Stim48hr_NTC-924,NTC-924,CE0006864,Stim48hr,CD4i_R2,45.0,610665.0
CD4i_R2_D4_Stim48hr_NTC-925,NTC-925,CE0006864,Stim48hr,CD4i_R2,133.0,1611307.0
CD4i_R2_D4_Stim48hr_NTC-926,NTC-926,CE0006864,Stim48hr,CD4i_R2,59.0,807394.0
CD4i_R2_D4_Stim48hr_NTC-927,NTC-927,CE0006864,Stim48hr,CD4i_R2,102.0,1237330.0
CD4i_R2_D4_Stim48hr_NTC-928,NTC-928,CE0006864,Stim48hr,CD4i_R2,193.0,2657860.0
CD4i_R2_D4_Stim48hr_NTC-929,NTC-929,CE0006864,Stim48hr,CD4i_R2,8.0,130180.0
CD4i_R2_D4_Stim48hr_NTC-930,NTC-930,CE0006864,Stim48hr,CD4i_R2,59.0,838191.0
CD4i_R2_D4_Stim48hr_NTC-931,NTC-931,CE0006864,Stim48hr,CD4i_R2,121.0,1773789.0
CD4i_R2_D4_Stim48hr_NTC-932,NTC-932,CE0006864,Stim48hr,CD4i_R2,66.0,775824.0
CD4i_R2_D4_Stim48hr_NTC-934,NTC-934,CE0006864,Stim48hr,CD4i_R2,65.0,917406.0
CD4i_R2_D4_Stim48hr_NTC-935,NTC-935,CE0006864,Stim48hr,CD4i_R2,53.0,665914.0
CD4i_R2_D4_Stim48hr_NTC-936,NTC-936,CE0006864,Stim48hr,CD4i_R2,143.0,2063908.0
CD4i_R2_D4_Stim48hr_NTC-937,NTC-937,CE0006864,Stim48hr,CD4i_R2,98.0,1321347.0
CD4i_R2_D4_Stim48hr_NTC-938,NTC-938,CE0006864,Stim48hr,CD4i_R2,50.0,778480.0
CD4i_R2_D4_Stim48hr_NTC-939,NTC-939,CE0006864,Stim48hr,CD4i_R2,47.0,570449.0
CD4i_R2_D4_Stim48hr_NTC-940,NTC-940,CE0006864,Stim48hr,CD4i_R2,110.0,1576248.0
CD4i_R2_D4_Stim48hr_NTC-941,NTC-941,CE0006864,Stim48hr,CD4i_R2,95.0,1287035.0
CD4i_R2_D4_Stim48hr_NTC-942,NTC-942,CE0006864,Stim48hr,CD4i_R2,141.0,2138993.0
CD4i_R2_D4_Stim48hr_NTC-943,NTC-943,CE0006864,Stim48hr,CD4i_R2,55.0,764646.0
CD4i_R2_D4_Stim48hr_NTC-944,NTC-944,CE0006864,Stim48hr,CD4i_R2,55.0,802556.0
CD4i_R2_D4_Stim48hr_NTC-945,NTC-945,CE0006864,Stim48hr,CD4i_R2,60.0,726996.0
CD4i_R2_D4_Stim48hr_NTC-946,NTC-946,CE0006864,Stim48hr,CD4i_R2,200.0,2623613.0
CD4i_R2_D4_Stim48hr_NTC-947,NTC-947,CE0006864,Stim48hr,CD4i_R2,80.0,1030792.0
CD4i_R2_D4_Stim48hr_NTC-948,NTC-948,CE0006864,Stim48hr,CD4i_R2,14.0,186726.0
CD4i_R2_D4_Stim48hr_NTC-949,NTC-949,CE0006864,Stim48hr,CD4i_R2,55.0,735288.0
CD4i_R2_D4_Stim48hr_NTC-950,NTC-950,CE0006864,Stim48hr,CD4i_R2,96.0,1467111.0
CD4i_R2_D4_Stim48hr_NTC-951,NTC-951,CE0006864,Stim48hr,CD4i_R2,76.0,1039324.0
CD4i_R2_D4_Stim48hr_NTC-952,NTC-952,CE0006864,Stim48hr,CD4i_R2,57.0,691770.0
CD4i_R2_D4_Stim48hr_NTC-953,NTC-953,CE0006864,Stim48hr,CD4i_R2,46.0,590612.0
CD4i_R2_D4_Stim48hr_NTC-954,NTC-954,CE0006864,Stim48hr,CD4i_R2,65.0,874161.0
CD4i_R2_D4_Stim48hr_NTC-955,NTC-955,CE0006864,Stim48hr,CD4i_R2,169.0,2231243.0
CD4i_R2_D4_Stim48hr_NTC-956,NTC-956,CE0006864,Stim48hr,CD4i_R2,127.0,1672240.0
CD4i_R2_D4_Stim48hr_NTC-957,NTC-957,CE0006864,Stim48hr,CD4i_R2,86.0,1100891.0
CD4i_R2_D4_Stim48hr_NTC-958,NTC-958,CE0006864,Stim48hr,CD4i_R2,49.0,721452.0
CD4i_R2_D4_Stim48hr_NTC-959,NTC-959,CE0006864,Stim48hr,CD4i_R2,180.0,2514987.0
CD4i_R2_D4_Stim48hr_NTC-960,NTC-960,CE0006864,Stim48hr,CD4i_R2,140.0,2101864.0
CD4i_R2_D4_Stim48hr_NTC-961,NTC-961,CE0006864,Stim48hr,CD4i_R2,80.0,949884.0
CD4i_R2_D4_Stim48hr_NTC-962,NTC-962,CE0006864,Stim48hr,CD4i_R2,49.0,738962.0
CD4i_R2_D4_Stim48hr_NTC-963,NTC-963,CE0006864,Stim48hr,CD4i_R2,45.0,627762.0
CD4i_R2_D4_Stim48hr_NTC-964,NTC-964,CE0006864,Stim48hr,CD4i_R2,78.0,1100094.0
CD4i_R2_D4_Stim48hr_NTC-965,NTC-965,CE0006864,Stim48hr,CD4i_R2,85.0,1221800.0
CD4i_R2_D4_Stim48hr_NTC-966,NTC-966,CE0006864,Stim48hr,CD4i_R2,78.0,1060723.0
CD4i_R2_D4_Stim48hr_NTC-967,NTC-967,CE0006864,Stim48hr,CD4i_R2,60.0,830011.0
CD4i_R2_D4_Stim48hr_NTC-968,NTC-968,CE0006864,Stim48hr,CD4i_R2,145.0,1889177.0
CD4i_R2_D4_Stim48hr_NTC-969,NTC-969,CE0006864,Stim48hr,CD4i_R2,91.0,1171087.0
CD4i_R2_D4_Stim48hr_NTC-970,NTC-970,CE0006864,Stim48hr,CD4i_R2,67.0,876067.0
CD4i_R2_D4_Stim48hr_NTC-971,NTC-971,CE0006864,Stim48hr,CD4i_R2,167.0,2337986.0
CD4i_R2_D4_Stim48hr_NTC-972,NTC-972,CE0006864,Stim48hr,CD4i_R2,64.0,752494.0
CD4i_R2_D4_Stim48hr_NTC-973,NTC-973,CE0006864,Stim48hr,CD4i_R2,77.0,1068084.0
CD4i_R2_D4_Stim48hr_NTC-974,NTC-974,CE0006864,Stim48hr,CD4i_R2,91.0,1224307.0
CD4i_R2_D4_Stim48hr_NTC-975,NTC-975,CE0006864,Stim48hr,CD4i_R2,111.0,1638448.0
CD4i_R2_D4_Stim48hr_NTC-976,NTC-976,CE0006864,Stim48hr,CD4i_R2,107.0,1353236.0
CD4i_R2_D4_Stim48hr_NTC-977,NTC-977,CE0006864,Stim48hr,CD4i_R2,95.0,1253592.0
CD4i_R2_D4_Stim48hr_NTC-978,NTC-978,CE0006864,Stim48hr,CD4i_R2,45.0,551138.0
CD4i_R2_D4_Stim48hr_NTC-979,NTC-979,CE0006864,Stim48hr,CD4i_R2,61.0,800322.0
CD4i_R2_D4_Stim48hr_NTC-980,NTC-980,CE0006864,Stim48hr,CD4i_R2,23.0,327310.0
CD4i_R2_D4_Stim48hr_NTC-981,NTC-981,CE0006864,Stim48hr,CD4i_R2,180.0,2250324.0
CD4i_R2_D4_Stim48hr_NTC-982,NTC-982,CE0006864,Stim48hr,CD4i_R2,112.0,1969377.0
CD4i_R2_D4_Stim48hr_NTC-983,NTC-983,CE0006864,Stim48hr,CD4i_R2,16.0,256710.0
CD4i_R2_D4_Stim48hr_NTC-984,NTC-984,CE0006864,Stim48hr,CD4i_R2,91.0,1071549.0
CD4i_R2_D4_Stim48hr_NTC-985,NTC-985,CE0006864,Stim48hr,CD4i_R2,157.0,2001342.0
CD4i_R2_D4_Stim48hr_NTC-986,NTC-986,CE0006864,Stim48hr,CD4i_R2,42.0,502522.0
CD4i_R2_D4_Stim48hr_NTC-987,NTC-987,CE0006864,Stim48hr,CD4i_R2,72.0,964711.0
CD4i_R2_D4_Stim48hr_NTC-988,NTC-988,CE0006864,Stim48hr,CD4i_R2,92.0,1298846.0
CD4i_R2_D4_Stim48hr_NTC-989,NTC-989,CE0006864,Stim48hr,CD4i_R2,120.0,1386827.0
CD4i_R2_D4_Stim48hr_NTC-990,NTC-990,CE0006864,Stim48hr,CD4i_R2,166.0,2377179.0
CD4i_R2_D4_Stim48hr_NTC-991,NTC-991,CE0006864,Stim48hr,CD4i_R2,79.0,1115580.0
CD4i_R2_D4_Stim48hr_NTC-992,NTC-992,CE0006864,Stim48hr,CD4i_R2,54.0,786486.0
CD4i_R1_D1_Stim8hr_NTC-001,NTC-001,CE0008162,Stim8hr,CD4i_R1,28.0,327212.0
CD4i_R1_D1_Stim8hr_NTC-002,NTC-002,CE0008162,Stim8hr,CD4i_R1,21.0,229268.0
CD4i_R1_D1_Stim8hr_NTC-003,NTC-003,CE0008162,Stim8hr,CD4i_R1,51.0,706915.0
CD4i_R1_D1_Stim8hr_NTC-004,NTC-004,CE0008162,Stim8hr,CD4i_R1,32.0,396105.0
CD4i_R1_D1_Stim8hr_NTC-005,NTC-005,CE0008162,Stim8hr,CD4i_R1,18.0,259706.0
CD4i_R1_D1_Stim8hr_NTC-006,NTC-006,CE0008162,Stim8hr,CD4i_R1,50.0,795051.0
CD4i_R1_D1_Stim8hr_NTC-007,NTC-007,CE0008162,Stim8hr,CD4i_R1,16.0,204094.0
CD4i_R1_D1_Stim8hr_NTC-008,NTC-008,CE0008162,Stim8hr,CD4i_R1,158.0,1968206.0
CD4i_R1_D1_Stim8hr_NTC-009,NTC-009,CE0008162,Stim8hr,CD4i_R1,232.0,2521010.0
CD4i_R1_D1_Stim8hr_NTC-010,NTC-010,CE0008162,Stim8hr,CD4i_R1,103.0,1169800.0
CD4i_R1_D1_Stim8hr_NTC-012,NTC-012,CE0008162,Stim8hr,CD4i_R1,6.0,51939.0
CD4i_R1_D1_Stim8hr_NTC-013,NTC-013,CE0008162,Stim8hr,CD4i_R1,71.0,858883.0
CD4i_R1_D1_Stim8hr_NTC-015,NTC-015,CE0008162,Stim8hr,CD4i_R1,16.0,285562.0
CD4i_R1_D1_Stim8hr_NTC-016,NTC-016,CE0008162,Stim8hr,CD4i_R1,28.0,371904.0
CD4i_R1_D1_Stim8hr_NTC-017,NTC-017,CE0008162,Stim8hr,CD4i_R1,5.0,92893.0
CD4i_R1_D1_Stim8hr_NTC-018,NTC-018,CE0008162,Stim8hr,CD4i_R1,21.0,297273.0
CD4i_R1_D1_Stim8hr_NTC-019,NTC-019,CE0008162,Stim8hr,CD4i_R1,96.0,1305718.0
CD4i_R1_D1_Stim8hr_NTC-020,NTC-020,CE0008162,Stim8hr,CD4i_R1,36.0,402822.0
CD4i_R1_D1_Stim8hr_NTC-021,NTC-021,CE0008162,Stim8hr,CD4i_R1,61.0,735279.0
CD4i_R1_D1_Stim8hr_NTC-022,NTC-022,CE0008162,Stim8hr,CD4i_R1,9.0,80232.0
CD4i_R1_D1_Stim8hr_NTC-023,NTC-023,CE0008162,Stim8hr,CD4i_R1,50.0,674658.0
CD4i_R1_D1_Stim8hr_NTC-024,NTC-024,CE0008162,Stim8hr,CD4i_R1,92.0,1013702.0
CD4i_R1_D1_Stim8hr_NTC-025,NTC-025,CE0008162,Stim8hr,CD4i_R1,10.0,131917.0
CD4i_R1_D1_Stim8hr_NTC-026,NTC-026,CE0008162,Stim8hr,CD4i_R1,108.0,1353046.0
CD4i_R1_D1_Stim8hr_NTC-027,NTC-027,CE0008162,Stim8hr,CD4i_R1,141.0,1748973.0
CD4i_R1_D1_Stim8hr_NTC-028,NTC-028,CE0008162,Stim8hr,CD4i_R1,102.0,1487095.0
CD4i_R1_D1_Stim8hr_NTC-029,NTC-029,CE0008162,Stim8hr,CD4i_R1,68.0,765780.0
CD4i_R1_D1_Stim8hr_NTC-030,NTC-030,CE0008162,Stim8hr,CD4i_R1,140.0,1671094.0
CD4i_R1_D1_Stim8hr_NTC-031,NTC-031,CE0008162,Stim8hr,CD4i_R1,9.0,137262.0
CD4i_R1_D1_Stim8hr_NTC-032,NTC-032,CE0008162,Stim8hr,CD4i_R1,49.0,634587.0
CD4i_R1_D1_Stim8hr_NTC-033,NTC-033,CE0008162,Stim8hr,CD4i_R1,16.0,163392.0
CD4i_R1_D1_Stim8hr_NTC-034,NTC-034,CE0008162,Stim8hr,CD4i_R1,19.0,228260.0
CD4i_R1_D1_Stim8hr_NTC-035,NTC-035,CE0008162,Stim8hr,CD4i_R1,59.0,715847.0
CD4i_R1_D1_Stim8hr_NTC-037,NTC-037,CE0008162,Stim8hr,CD4i_R1,69.0,877710.0
CD4i_R1_D1_Stim8hr_NTC-038,NTC-038,CE0008162,Stim8hr,CD4i_R1,126.0,1597004.0
CD4i_R1_D1_Stim8hr_NTC-039,NTC-039,CE0008162,Stim8hr,CD4i_R1,116.0,1234065.0
CD4i_R1_D1_Stim8hr_NTC-040,NTC-040,CE0008162,Stim8hr,CD4i_R1,228.0,2913877.0
CD4i_R1_D1_Stim8hr_NTC-041,NTC-041,CE0008162,Stim8hr,CD4i_R1,73.0,1024898.0
CD4i_R1_D1_Stim8hr_NTC-042,NTC-042,CE0008162,Stim8hr,CD4i_R1,12.0,153956.0
CD4i_R1_D1_Stim8hr_NTC-043,NTC-043,CE0008162,Stim8hr,CD4i_R1,83.0,906826.0
CD4i_R1_D1_Stim8hr_NTC-044,NTC-044,CE0008162,Stim8hr,CD4i_R1,83.0,1182969.0
CD4i_R1_D1_Stim8hr_NTC-045,NTC-045,CE0008162,Stim8hr,CD4i_R1,6.0,74053.0
CD4i_R1_D1_Stim8hr_NTC-046,NTC-046,CE0008162,Stim8hr,CD4i_R1,51.0,859831.0
CD4i_R1_D1_Stim8hr_NTC-047,NTC-047,CE0008162,Stim8hr,CD4i_R1,207.0,2548794.0
CD4i_R1_D1_Stim8hr_NTC-048,NTC-048,CE0008162,Stim8hr,CD4i_R1,26.0,355442.0
CD4i_R1_D1_Stim8hr_NTC-050,NTC-050,CE0008162,Stim8hr,CD4i_R1,158.0,1936383.0
CD4i_R1_D1_Stim8hr_NTC-051,NTC-051,CE0008162,Stim8hr,CD4i_R1,43.0,512161.0
CD4i_R1_D1_Stim8hr_NTC-052,NTC-052,CE0008162,Stim8hr,CD4i_R1,181.0,2088067.0
CD4i_R1_D1_Stim8hr_NTC-053,NTC-053,CE0008162,Stim8hr,CD4i_R1,14.0,182609.0
CD4i_R1_D1_Stim8hr_NTC-055,NTC-055,CE0008162,Stim8hr,CD4i_R1,116.0,1331461.0
CD4i_R1_D1_Stim8hr_NTC-056,NTC-056,CE0008162,Stim8hr,CD4i_R1,215.0,2396592.0
CD4i_R1_D1_Stim8hr_NTC-057,NTC-057,CE0008162,Stim8hr,CD4i_R1,12.0,185525.0
CD4i_R1_D1_Stim8hr_NTC-058,NTC-058,CE0008162,Stim8hr,CD4i_R1,22.0,281549.0
CD4i_R1_D1_Stim8hr_NTC-059,NTC-059,CE0008162,Stim8hr,CD4i_R1,87.0,1126337.0
CD4i_R1_D1_Stim8hr_NTC-060,NTC-060,CE0008162,Stim8hr,CD4i_R1,35.0,422331.0
CD4i_R1_D1_Stim8hr_NTC-061,NTC-061,CE0008162,Stim8hr,CD4i_R1,30.0,336385.0
CD4i_R1_D1_Stim8hr_NTC-062,NTC-062,CE0008162,Stim8hr,CD4i_R1,26.0,255816.0
CD4i_R1_D1_Stim8hr_NTC-063,NTC-063,CE0008162,Stim8hr,CD4i_R1,31.0,413054.0
CD4i_R1_D1_Stim8hr_NTC-064,NTC-064,CE0008162,Stim8hr,CD4i_R1,158.0,2155070.0
CD4i_R1_D1_Stim8hr_NTC-066,NTC-066,CE0008162,Stim8hr,CD4i_R1,36.0,413743.0
CD4i_R1_D1_Stim8hr_NTC-067,NTC-067,CE0008162,Stim8hr,CD4i_R1,11.0,160881.0
CD4i_R1_D1_Stim8hr_NTC-068,NTC-068,CE0008162,Stim8hr,CD4i_R1,82.0,953689.0
CD4i_R1_D1_Stim8hr_NTC-069,NTC-069,CE0008162,Stim8hr,CD4i_R1,43.0,581662.0
CD4i_R1_D1_Stim8hr_NTC-070,NTC-070,CE0008162,Stim8hr,CD4i_R1,5.0,81383.0
CD4i_R1_D1_Stim8hr_NTC-071,NTC-071,CE0008162,Stim8hr,CD4i_R1,62.0,557658.0
CD4i_R1_D1_Stim8hr_NTC-072,NTC-072,CE0008162,Stim8hr,CD4i_R1,25.0,277296.0
CD4i_R1_D1_Stim8hr_NTC-073,NTC-073,CE0008162,Stim8hr,CD4i_R1,128.0,1810550.0
CD4i_R1_D1_Stim8hr_NTC-074,NTC-074,CE0008162,Stim8hr,CD4i_R1,49.0,446823.0
CD4i_R1_D1_Stim8hr_NTC-075,NTC-075,CE0008162,Stim8hr,CD4i_R1,12.0,179471.0
CD4i_R1_D1_Stim8hr_NTC-076,NTC-076,CE0008162,Stim8hr,CD4i_R1,41.0,381117.0
CD4i_R1_D1_Stim8hr_NTC-077,NTC-077,CE0008162,Stim8hr,CD4i_R1,143.0,1797537.0
CD4i_R1_D1_Stim8hr_NTC-078,NTC-078,CE0008162,Stim8hr,CD4i_R1,11.0,164429.0
CD4i_R1_D1_Stim8hr_NTC-079,NTC-079,CE0008162,Stim8hr,CD4i_R1,42.0,592130.0
CD4i_R1_D1_Stim8hr_NTC-080,NTC-080,CE0008162,Stim8hr,CD4i_R1,84.0,1064957.0
CD4i_R1_D1_Stim8hr_NTC-081,NTC-081,CE0008162,Stim8hr,CD4i_R1,59.0,806673.0
CD4i_R1_D1_Stim8hr_NTC-082,NTC-082,CE0008162,Stim8hr,CD4i_R1,55.0,665513.0
CD4i_R1_D1_Stim8hr_NTC-083,NTC-083,CE0008162,Stim8hr,CD4i_R1,156.0,1926298.0
CD4i_R1_D1_Stim8hr_NTC-084,NTC-084,CE0008162,Stim8hr,CD4i_R1,50.0,631263.0
CD4i_R1_D1_Stim8hr_NTC-086,NTC-086,CE0008162,Stim8hr,CD4i_R1,25.0,337431.0
CD4i_R1_D1_Stim8hr_NTC-087,NTC-087,CE0008162,Stim8hr,CD4i_R1,108.0,1441962.0
CD4i_R1_D1_Stim8hr_NTC-088,NTC-088,CE0008162,Stim8hr,CD4i_R1,19.0,244010.0
CD4i_R1_D1_Stim8hr_NTC-089,NTC-089,CE0008162,Stim8hr,CD4i_R1,91.0,1074671.0
CD4i_R1_D1_Stim8hr_NTC-090,NTC-090,CE0008162,Stim8hr,CD4i_R1,187.0,2403206.0
CD4i_R1_D1_Stim8hr_NTC-091,NTC-091,CE0008162,Stim8hr,CD4i_R1,30.0,304542.0
CD4i_R1_D1_Stim8hr_NTC-092,NTC-092,CE0008162,Stim8hr,CD4i_R1,109.0,1466098.0
CD4i_R1_D1_Stim8hr_NTC-093,NTC-093,CE0008162,Stim8hr,CD4i_R1,42.0,514032.0
CD4i_R1_D1_Stim8hr_NTC-094,NTC-094,CE0008162,Stim8hr,CD4i_R1,5.0,91055.0
CD4i_R1_D1_Stim8hr_NTC-095,NTC-095,CE0008162,Stim8hr,CD4i_R1,29.0,394796.0
CD4i_R1_D1_Stim8hr_NTC-096,NTC-096,CE0008162,Stim8hr,CD4i_R1,87.0,1091456.0
CD4i_R1_D1_Stim8hr_NTC-097,NTC-097,CE0008162,Stim8hr,CD4i_R1,72.0,847113.0
CD4i_R1_D1_Stim8hr_NTC-098,NTC-098,CE0008162,Stim8hr,CD4i_R1,127.0,1757333.0
CD4i_R1_D1_Stim8hr_NTC-099,NTC-099,CE0008162,Stim8hr,CD4i_R1,7.0,87547.0
CD4i_R1_D1_Stim8hr_NTC-100,NTC-100,CE0008162,Stim8hr,CD4i_R1,81.0,1083206.0
CD4i_R1_D1_Stim8hr_NTC-101,NTC-101,CE0008162,Stim8hr,CD4i_R1,19.0,219073.0
CD4i_R1_D1_Stim8hr_NTC-102,NTC-102,CE0008162,Stim8hr,CD4i_R1,31.0,332684.0
CD4i_R1_D1_Stim8hr_NTC-103,NTC-103,CE0008162,Stim8hr,CD4i_R1,129.0,1656591.0
CD4i_R1_D1_Stim8hr_NTC-104,NTC-104,CE0008162,Stim8hr,CD4i_R1,81.0,1136810.0
CD4i_R1_D1_Stim8hr_NTC-105,NTC-105,CE0008162,Stim8hr,CD4i_R1,53.0,672088.0
CD4i_R1_D1_Stim8hr_NTC-106,NTC-106,CE0008162,Stim8hr,CD4i_R1,16.0,204029.0
CD4i_R1_D1_Stim8hr_NTC-107,NTC-107,CE0008162,Stim8hr,CD4i_R1,116.0,1488069.0
CD4i_R1_D1_Stim8hr_NTC-108,NTC-108,CE0008162,Stim8hr,CD4i_R1,30.0,451496.0
CD4i_R1_D1_Stim8hr_NTC-109,NTC-109,CE0008162,Stim8hr,CD4i_R1,7.0,90680.0
CD4i_R1_D1_Stim8hr_NTC-110,NTC-110,CE0008162,Stim8hr,CD4i_R1,17.0,246179.0
CD4i_R1_D1_Stim8hr_NTC-111,NTC-111,CE0008162,Stim8hr,CD4i_R1,62.0,651298.0
CD4i_R1_D1_Stim8hr_NTC-112,NTC-112,CE0008162,Stim8hr,CD4i_R1,49.0,605809.0
CD4i_R1_D1_Stim8hr_NTC-113,NTC-113,CE0008162,Stim8hr,CD4i_R1,34.0,568946.0
CD4i_R1_D1_Stim8hr_NTC-114,NTC-114,CE0008162,Stim8hr,CD4i_R1,83.0,1004102.0
CD4i_R1_D1_Stim8hr_NTC-115,NTC-115,CE0008162,Stim8hr,CD4i_R1,50.0,588748.0
CD4i_R1_D1_Stim8hr_NTC-117,NTC-117,CE0008162,Stim8hr,CD4i_R1,6.0,60863.0
CD4i_R1_D1_Stim8hr_NTC-118,NTC-118,CE0008162,Stim8hr,CD4i_R1,181.0,2218920.0
CD4i_R1_D1_Stim8hr_NTC-119,NTC-119,CE0008162,Stim8hr,CD4i_R1,12.0,225060.0
CD4i_R1_D1_Stim8hr_NTC-120,NTC-120,CE0008162,Stim8hr,CD4i_R1,6.0,46948.0
CD4i_R1_D1_Stim8hr_NTC-121,NTC-121,CE0008162,Stim8hr,CD4i_R1,13.0,221783.0
CD4i_R1_D1_Stim8hr_NTC-122,NTC-122,CE0008162,Stim8hr,CD4i_R1,8.0,144163.0
CD4i_R1_D1_Stim8hr_NTC-123,NTC-123,CE0008162,Stim8hr,CD4i_R1,106.0,1282115.0
CD4i_R1_D1_Stim8hr_NTC-124,NTC-124,CE0008162,Stim8hr,CD4i_R1,29.0,302874.0
CD4i_R1_D1_Stim8hr_NTC-125,NTC-125,CE0008162,Stim8hr,CD4i_R1,11.0,167102.0
CD4i_R1_D1_Stim8hr_NTC-126,NTC-126,CE0008162,Stim8hr,CD4i_R1,45.0,767229.0
CD4i_R1_D1_Stim8hr_NTC-129,NTC-129,CE0008162,Stim8hr,CD4i_R1,64.0,768234.0
CD4i_R1_D1_Stim8hr_NTC-130,NTC-130,CE0008162,Stim8hr,CD4i_R1,103.0,1315682.0
CD4i_R1_D1_Stim8hr_NTC-131,NTC-131,CE0008162,Stim8hr,CD4i_R1,126.0,1528370.0
CD4i_R1_D1_Stim8hr_NTC-132,NTC-132,CE0008162,Stim8hr,CD4i_R1,15.0,302260.0
CD4i_R1_D1_Stim8hr_NTC-133,NTC-133,CE0008162,Stim8hr,CD4i_R1,244.0,3291379.0
CD4i_R1_D1_Stim8hr_NTC-134,NTC-134,CE0008162,Stim8hr,CD4i_R1,35.0,455386.0
CD4i_R1_D1_Stim8hr_NTC-136,NTC-136,CE0008162,Stim8hr,CD4i_R1,62.0,641441.0
CD4i_R1_D1_Stim8hr_NTC-137,NTC-137,CE0008162,Stim8hr,CD4i_R1,42.0,450789.0
CD4i_R1_D1_Stim8hr_NTC-138,NTC-138,CE0008162,Stim8hr,CD4i_R1,18.0,258734.0
CD4i_R1_D1_Stim8hr_NTC-139,NTC-139,CE0008162,Stim8hr,CD4i_R1,137.0,1917568.0
CD4i_R1_D1_Stim8hr_NTC-140,NTC-140,CE0008162,Stim8hr,CD4i_R1,105.0,1060390.0
CD4i_R1_D1_Stim8hr_NTC-141,NTC-141,CE0008162,Stim8hr,CD4i_R1,56.0,728362.0
CD4i_R1_D1_Stim8hr_NTC-142,NTC-142,CE0008162,Stim8hr,CD4i_R1,102.0,1375941.0
CD4i_R1_D1_Stim8hr_NTC-143,NTC-143,CE0008162,Stim8hr,CD4i_R1,78.0,887539.0
CD4i_R1_D1_Stim8hr_NTC-144,NTC-144,CE0008162,Stim8hr,CD4i_R1,31.0,385408.0
CD4i_R1_D1_Stim8hr_NTC-146,NTC-146,CE0008162,Stim8hr,CD4i_R1,39.0,453715.0
CD4i_R1_D1_Stim8hr_NTC-147,NTC-147,CE0008162,Stim8hr,CD4i_R1,21.0,264944.0
CD4i_R1_D1_Stim8hr_NTC-148,NTC-148,CE0008162,Stim8hr,CD4i_R1,50.0,619004.0
CD4i_R1_D1_Stim8hr_NTC-149,NTC-149,CE0008162,Stim8hr,CD4i_R1,158.0,2305048.0
CD4i_R1_D1_Stim8hr_NTC-150,NTC-150,CE0008162,Stim8hr,CD4i_R1,5.0,58474.0
CD4i_R1_D1_Stim8hr_NTC-151,NTC-151,CE0008162,Stim8hr,CD4i_R1,22.0,296752.0
CD4i_R1_D1_Stim8hr_NTC-152,NTC-152,CE0008162,Stim8hr,CD4i_R1,68.0,797390.0
CD4i_R1_D1_Stim8hr_NTC-153,NTC-153,CE0008162,Stim8hr,CD4i_R1,11.0,146471.0
CD4i_R1_D1_Stim8hr_NTC-154,NTC-154,CE0008162,Stim8hr,CD4i_R1,23.0,379809.0
CD4i_R1_D1_Stim8hr_NTC-155,NTC-155,CE0008162,Stim8hr,CD4i_R1,112.0,1472550.0
CD4i_R1_D1_Stim8hr_NTC-156,NTC-156,CE0008162,Stim8hr,CD4i_R1,56.0,715228.0
CD4i_R1_D1_Stim8hr_NTC-157,NTC-157,CE0008162,Stim8hr,CD4i_R1,31.0,383872.0
CD4i_R1_D1_Stim8hr_NTC-158,NTC-158,CE0008162,Stim8hr,CD4i_R1,70.0,840521.0
CD4i_R1_D1_Stim8hr_NTC-159,NTC-159,CE0008162,Stim8hr,CD4i_R1,59.0,775133.0
CD4i_R1_D1_Stim8hr_NTC-160,NTC-160,CE0008162,Stim8hr,CD4i_R1,213.0,2773487.0
CD4i_R1_D1_Stim8hr_NTC-161,NTC-161,CE0008162,Stim8hr,CD4i_R1,26.0,293818.0
CD4i_R1_D1_Stim8hr_NTC-163,NTC-163,CE0008162,Stim8hr,CD4i_R1,116.0,1673047.0
CD4i_R1_D1_Stim8hr_NTC-164,NTC-164,CE0008162,Stim8hr,CD4i_R1,13.0,148215.0
CD4i_R1_D1_Stim8hr_NTC-165,NTC-165,CE0008162,Stim8hr,CD4i_R1,20.0,284596.0
CD4i_R1_D1_Stim8hr_NTC-166,NTC-166,CE0008162,Stim8hr,CD4i_R1,30.0,421389.0
CD4i_R1_D1_Stim8hr_NTC-167,NTC-167,CE0008162,Stim8hr,CD4i_R1,40.0,496401.0
CD4i_R1_D1_Stim8hr_NTC-168,NTC-168,CE0008162,Stim8hr,CD4i_R1,72.0,893035.0
CD4i_R1_D1_Stim8hr_NTC-169,NTC-169,CE0008162,Stim8hr,CD4i_R1,93.0,1074196.0
CD4i_R1_D1_Stim8hr_NTC-170,NTC-170,CE0008162,Stim8hr,CD4i_R1,74.0,976150.0
CD4i_R1_D1_Stim8hr_NTC-171,NTC-171,CE0008162,Stim8hr,CD4i_R1,46.0,633693.0
CD4i_R1_D1_Stim8hr_NTC-172,NTC-172,CE0008162,Stim8hr,CD4i_R1,16.0,171509.0
CD4i_R1_D1_Stim8hr_NTC-173,NTC-173,CE0008162,Stim8hr,CD4i_R1,49.0,529684.0
CD4i_R1_D1_Stim8hr_NTC-174,NTC-174,CE0008162,Stim8hr,CD4i_R1,142.0,1596197.0
CD4i_R1_D1_Stim8hr_NTC-175,NTC-175,CE0008162,Stim8hr,CD4i_R1,11.0,95235.0
CD4i_R1_D1_Stim8hr_NTC-176,NTC-176,CE0008162,Stim8hr,CD4i_R1,42.0,538610.0
CD4i_R1_D1_Stim8hr_NTC-177,NTC-177,CE0008162,Stim8hr,CD4i_R1,58.0,656906.0
CD4i_R1_D1_Stim8hr_NTC-178,NTC-178,CE0008162,Stim8hr,CD4i_R1,34.0,465126.0
CD4i_R1_D1_Stim8hr_NTC-179,NTC-179,CE0008162,Stim8hr,CD4i_R1,47.0,581572.0
CD4i_R1_D1_Stim8hr_NTC-180,NTC-180,CE0008162,Stim8hr,CD4i_R1,30.0,383991.0
CD4i_R1_D1_Stim8hr_NTC-181,NTC-181,CE0008162,Stim8hr,CD4i_R1,43.0,624511.0
CD4i_R1_D1_Stim8hr_NTC-182,NTC-182,CE0008162,Stim8hr,CD4i_R1,23.0,312751.0
CD4i_R1_D1_Stim8hr_NTC-183,NTC-183,CE0008162,Stim8hr,CD4i_R1,71.0,924839.0
CD4i_R1_D1_Stim8hr_NTC-184,NTC-184,CE0008162,Stim8hr,CD4i_R1,60.0,832052.0
CD4i_R1_D1_Stim8hr_NTC-185,NTC-185,CE0008162,Stim8hr,CD4i_R1,72.0,894845.0
CD4i_R1_D1_Stim8hr_NTC-186,NTC-186,CE0008162,Stim8hr,CD4i_R1,42.0,479651.0
CD4i_R1_D1_Stim8hr_NTC-188,NTC-188,CE0008162,Stim8hr,CD4i_R1,278.0,3356771.0
CD4i_R1_D1_Stim8hr_NTC-189,NTC-189,CE0008162,Stim8hr,CD4i_R1,25.0,295700.0
CD4i_R1_D1_Stim8hr_NTC-190,NTC-190,CE0008162,Stim8hr,CD4i_R1,20.0,233587.0
CD4i_R1_D1_Stim8hr_NTC-192,NTC-192,CE0008162,Stim8hr,CD4i_R1,42.0,561672.0
CD4i_R1_D1_Stim8hr_NTC-193,NTC-193,CE0008162,Stim8hr,CD4i_R1,28.0,330784.0
CD4i_R1_D1_Stim8hr_NTC-194,NTC-194,CE0008162,Stim8hr,CD4i_R1,46.0,663621.0
CD4i_R1_D1_Stim8hr_NTC-195,NTC-195,CE0008162,Stim8hr,CD4i_R1,68.0,901781.0
CD4i_R1_D1_Stim8hr_NTC-196,NTC-196,CE0008162,Stim8hr,CD4i_R1,173.0,2042373.0
CD4i_R1_D1_Stim8hr_NTC-197,NTC-197,CE0008162,Stim8hr,CD4i_R1,158.0,2094845.0
CD4i_R1_D1_Stim8hr_NTC-200,NTC-200,CE0008162,Stim8hr,CD4i_R1,9.0,116704.0
CD4i_R1_D1_Stim8hr_NTC-201,NTC-201,CE0008162,Stim8hr,CD4i_R1,60.0,749305.0
CD4i_R1_D1_Stim8hr_NTC-202,NTC-202,CE0008162,Stim8hr,CD4i_R1,229.0,3121279.0
CD4i_R1_D1_Stim8hr_NTC-203,NTC-203,CE0008162,Stim8hr,CD4i_R1,51.0,677518.0
CD4i_R1_D1_Stim8hr_NTC-204,NTC-204,CE0008162,Stim8hr,CD4i_R1,8.0,87030.0
CD4i_R1_D1_Stim8hr_NTC-205,NTC-205,CE0008162,Stim8hr,CD4i_R1,14.0,191452.0
CD4i_R1_D1_Stim8hr_NTC-206,NTC-206,CE0008162,Stim8hr,CD4i_R1,74.0,903450.0
CD4i_R1_D1_Stim8hr_NTC-207,NTC-207,CE0008162,Stim8hr,CD4i_R1,165.0,1965474.0
CD4i_R1_D1_Stim8hr_NTC-208,NTC-208,CE0008162,Stim8hr,CD4i_R1,63.0,817151.0
CD4i_R1_D1_Stim8hr_NTC-209,NTC-209,CE0008162,Stim8hr,CD4i_R1,143.0,1988757.0
CD4i_R1_D1_Stim8hr_NTC-210,NTC-210,CE0008162,Stim8hr,CD4i_R1,103.0,1362691.0
CD4i_R1_D1_Stim8hr_NTC-211,NTC-211,CE0008162,Stim8hr,CD4i_R1,64.0,812699.0
CD4i_R1_D1_Stim8hr_NTC-212,NTC-212,CE0008162,Stim8hr,CD4i_R1,7.0,118700.0
CD4i_R1_D1_Stim8hr_NTC-213,NTC-213,CE0008162,Stim8hr,CD4i_R1,72.0,795473.0
CD4i_R1_D1_Stim8hr_NTC-214,NTC-214,CE0008162,Stim8hr,CD4i_R1,150.0,1971645.0
CD4i_R1_D1_Stim8hr_NTC-215,NTC-215,CE0008162,Stim8hr,CD4i_R1,65.0,784948.0
CD4i_R1_D1_Stim8hr_NTC-216,NTC-216,CE0008162,Stim8hr,CD4i_R1,12.0,144083.0
CD4i_R1_D1_Stim8hr_NTC-217,NTC-217,CE0008162,Stim8hr,CD4i_R1,111.0,1215828.0
CD4i_R1_D1_Stim8hr_NTC-219,NTC-219,CE0008162,Stim8hr,CD4i_R1,256.0,3176823.0
CD4i_R1_D1_Stim8hr_NTC-220,NTC-220,CE0008162,Stim8hr,CD4i_R1,82.0,1031903.0
CD4i_R1_D1_Stim8hr_NTC-221,NTC-221,CE0008162,Stim8hr,CD4i_R1,123.0,1872405.0
CD4i_R1_D1_Stim8hr_NTC-222,NTC-222,CE0008162,Stim8hr,CD4i_R1,36.0,459284.0
CD4i_R1_D1_Stim8hr_NTC-224,NTC-224,CE0008162,Stim8hr,CD4i_R1,41.0,539062.0
CD4i_R1_D1_Stim8hr_NTC-225,NTC-225,CE0008162,Stim8hr,CD4i_R1,88.0,1131707.0
CD4i_R1_D1_Stim8hr_NTC-226,NTC-226,CE0008162,Stim8hr,CD4i_R1,62.0,915592.0
CD4i_R1_D1_Stim8hr_NTC-227,NTC-227,CE0008162,Stim8hr,CD4i_R1,54.0,735848.0
CD4i_R1_D1_Stim8hr_NTC-228,NTC-228,CE0008162,Stim8hr,CD4i_R1,49.0,742711.0
CD4i_R1_D1_Stim8hr_NTC-229,NTC-229,CE0008162,Stim8hr,CD4i_R1,345.0,3720378.0
CD4i_R1_D1_Stim8hr_NTC-231,NTC-231,CE0008162,Stim8hr,CD4i_R1,233.0,2691213.0
CD4i_R1_D1_Stim8hr_NTC-233,NTC-233,CE0008162,Stim8hr,CD4i_R1,16.0,192773.0
CD4i_R1_D1_Stim8hr_NTC-234,NTC-234,CE0008162,Stim8hr,CD4i_R1,14.0,144629.0
CD4i_R1_D1_Stim8hr_NTC-235,NTC-235,CE0008162,Stim8hr,CD4i_R1,29.0,416200.0
CD4i_R1_D1_Stim8hr_NTC-236,NTC-236,CE0008162,Stim8hr,CD4i_R1,169.0,1999319.0
CD4i_R1_D1_Stim8hr_NTC-237,NTC-237,CE0008162,Stim8hr,CD4i_R1,90.0,1295315.0
CD4i_R1_D1_Stim8hr_NTC-238,NTC-238,CE0008162,Stim8hr,CD4i_R1,46.0,547356.0
CD4i_R1_D1_Stim8hr_NTC-239,NTC-239,CE0008162,Stim8hr,CD4i_R1,41.0,547606.0
CD4i_R1_D1_Stim8hr_NTC-240,NTC-240,CE0008162,Stim8hr,CD4i_R1,55.0,769873.0
CD4i_R1_D1_Stim8hr_NTC-241,NTC-241,CE0008162,Stim8hr,CD4i_R1,86.0,996697.0
CD4i_R1_D1_Stim8hr_NTC-242,NTC-242,CE0008162,Stim8hr,CD4i_R1,37.0,547515.0
CD4i_R1_D1_Stim8hr_NTC-243,NTC-243,CE0008162,Stim8hr,CD4i_R1,84.0,1082333.0
CD4i_R1_D1_Stim8hr_NTC-244,NTC-244,CE0008162,Stim8hr,CD4i_R1,165.0,2041567.0
CD4i_R1_D1_Stim8hr_NTC-245,NTC-245,CE0008162,Stim8hr,CD4i_R1,56.0,640972.0
CD4i_R1_D1_Stim8hr_NTC-246,NTC-246,CE0008162,Stim8hr,CD4i_R1,95.0,1127760.0
CD4i_R1_D1_Stim8hr_NTC-247,NTC-247,CE0008162,Stim8hr,CD4i_R1,38.0,424813.0
CD4i_R1_D1_Stim8hr_NTC-248,NTC-248,CE0008162,Stim8hr,CD4i_R1,50.0,534974.0
CD4i_R1_D1_Stim8hr_NTC-249,NTC-249,CE0008162,Stim8hr,CD4i_R1,29.0,420218.0
CD4i_R1_D1_Stim8hr_NTC-250,NTC-250,CE0008162,Stim8hr,CD4i_R1,92.0,1136771.0
CD4i_R1_D1_Stim8hr_NTC-251,NTC-251,CE0008162,Stim8hr,CD4i_R1,53.0,736003.0
CD4i_R1_D1_Stim8hr_NTC-252,NTC-252,CE0008162,Stim8hr,CD4i_R1,174.0,2134503.0
CD4i_R1_D1_Stim8hr_NTC-253,NTC-253,CE0008162,Stim8hr,CD4i_R1,52.0,574687.0
CD4i_R1_D1_Stim8hr_NTC-254,NTC-254,CE0008162,Stim8hr,CD4i_R1,31.0,445492.0
CD4i_R1_D1_Stim8hr_NTC-256,NTC-256,CE0008162,Stim8hr,CD4i_R1,38.0,475077.0
CD4i_R1_D1_Stim8hr_NTC-257,NTC-257,CE0008162,Stim8hr,CD4i_R1,131.0,1676737.0
CD4i_R1_D1_Stim8hr_NTC-258,NTC-258,CE0008162,Stim8hr,CD4i_R1,26.0,346410.0
CD4i_R1_D1_Stim8hr_NTC-260,NTC-260,CE0008162,Stim8hr,CD4i_R1,131.0,1567168.0
CD4i_R1_D1_Stim8hr_NTC-261,NTC-261,CE0008162,Stim8hr,CD4i_R1,16.0,185495.0
CD4i_R1_D1_Stim8hr_NTC-262,NTC-262,CE0008162,Stim8hr,CD4i_R1,44.0,553902.0
CD4i_R1_D1_Stim8hr_NTC-263,NTC-263,CE0008162,Stim8hr,CD4i_R1,18.0,278578.0
CD4i_R1_D1_Stim8hr_NTC-264,NTC-264,CE0008162,Stim8hr,CD4i_R1,210.0,2526422.0
CD4i_R1_D1_Stim8hr_NTC-265,NTC-265,CE0008162,Stim8hr,CD4i_R1,77.0,1070587.0
CD4i_R1_D1_Stim8hr_NTC-267,NTC-267,CE0008162,Stim8hr,CD4i_R1,6.0,90423.0
CD4i_R1_D1_Stim8hr_NTC-268,NTC-268,CE0008162,Stim8hr,CD4i_R1,42.0,526031.0
CD4i_R1_D1_Stim8hr_NTC-269,NTC-269,CE0008162,Stim8hr,CD4i_R1,10.0,172039.0
CD4i_R1_D1_Stim8hr_NTC-270,NTC-270,CE0008162,Stim8hr,CD4i_R1,55.0,748428.0
CD4i_R1_D1_Stim8hr_NTC-271,NTC-271,CE0008162,Stim8hr,CD4i_R1,151.0,1948614.0
CD4i_R1_D1_Stim8hr_NTC-272,NTC-272,CE0008162,Stim8hr,CD4i_R1,99.0,1298155.0
CD4i_R1_D1_Stim8hr_NTC-273,NTC-273,CE0008162,Stim8hr,CD4i_R1,12.0,104419.0
CD4i_R1_D1_Stim8hr_NTC-274,NTC-274,CE0008162,Stim8hr,CD4i_R1,30.0,345047.0
CD4i_R1_D1_Stim8hr_NTC-275,NTC-275,CE0008162,Stim8hr,CD4i_R1,118.0,1423578.0
CD4i_R1_D1_Stim8hr_NTC-276,NTC-276,CE0008162,Stim8hr,CD4i_R1,23.0,225699.0
CD4i_R1_D1_Stim8hr_NTC-277,NTC-277,CE0008162,Stim8hr,CD4i_R1,60.0,706538.0
CD4i_R1_D1_Stim8hr_NTC-278,NTC-278,CE0008162,Stim8hr,CD4i_R1,74.0,868072.0
CD4i_R1_D1_Stim8hr_NTC-279,NTC-279,CE0008162,Stim8hr,CD4i_R1,119.0,1572768.0
CD4i_R1_D1_Stim8hr_NTC-280,NTC-280,CE0008162,Stim8hr,CD4i_R1,118.0,1358982.0
CD4i_R1_D1_Stim8hr_NTC-281,NTC-281,CE0008162,Stim8hr,CD4i_R1,164.0,1678032.0
CD4i_R1_D1_Stim8hr_NTC-282,NTC-282,CE0008162,Stim8hr,CD4i_R1,219.0,2835338.0
CD4i_R1_D1_Stim8hr_NTC-283,NTC-283,CE0008162,Stim8hr,CD4i_R1,23.0,268853.0
CD4i_R1_D1_Stim8hr_NTC-285,NTC-285,CE0008162,Stim8hr,CD4i_R1,108.0,1255203.0
CD4i_R1_D1_Stim8hr_NTC-286,NTC-286,CE0008162,Stim8hr,CD4i_R1,32.0,508327.0
CD4i_R1_D1_Stim8hr_NTC-287,NTC-287,CE0008162,Stim8hr,CD4i_R1,45.0,527956.0
CD4i_R1_D1_Stim8hr_NTC-288,NTC-288,CE0008162,Stim8hr,CD4i_R1,40.0,470124.0
CD4i_R1_D1_Stim8hr_NTC-289,NTC-289,CE0008162,Stim8hr,CD4i_R1,49.0,651668.0
CD4i_R1_D1_Stim8hr_NTC-290,NTC-290,CE0008162,Stim8hr,CD4i_R1,6.0,66425.0
CD4i_R1_D1_Stim8hr_NTC-291,NTC-291,CE0008162,Stim8hr,CD4i_R1,298.0,3560398.0
CD4i_R1_D1_Stim8hr_NTC-292,NTC-292,CE0008162,Stim8hr,CD4i_R1,47.0,614369.0
CD4i_R1_D1_Stim8hr_NTC-293,NTC-293,CE0008162,Stim8hr,CD4i_R1,59.0,906076.0
CD4i_R1_D1_Stim8hr_NTC-294,NTC-294,CE0008162,Stim8hr,CD4i_R1,10.0,104825.0
CD4i_R1_D1_Stim8hr_NTC-295,NTC-295,CE0008162,Stim8hr,CD4i_R1,26.0,400088.0
CD4i_R1_D1_Stim8hr_NTC-296,NTC-296,CE0008162,Stim8hr,CD4i_R1,222.0,2923476.0
CD4i_R1_D1_Stim8hr_NTC-297,NTC-297,CE0008162,Stim8hr,CD4i_R1,30.0,397510.0
CD4i_R1_D1_Stim8hr_NTC-298,NTC-298,CE0008162,Stim8hr,CD4i_R1,81.0,877132.0
CD4i_R1_D1_Stim8hr_NTC-299,NTC-299,CE0008162,Stim8hr,CD4i_R1,132.0,1637972.0
CD4i_R1_D1_Stim8hr_NTC-300,NTC-300,CE0008162,Stim8hr,CD4i_R1,53.0,671313.0
CD4i_R1_D1_Stim8hr_NTC-301,NTC-301,CE0008162,Stim8hr,CD4i_R1,23.0,298697.0
CD4i_R1_D1_Stim8hr_NTC-302,NTC-302,CE0008162,Stim8hr,CD4i_R1,69.0,863523.0
CD4i_R1_D1_Stim8hr_NTC-303,NTC-303,CE0008162,Stim8hr,CD4i_R1,129.0,1631059.0
CD4i_R1_D1_Stim8hr_NTC-304,NTC-304,CE0008162,Stim8hr,CD4i_R1,73.0,1006867.0
CD4i_R1_D1_Stim8hr_NTC-305,NTC-305,CE0008162,Stim8hr,CD4i_R1,64.0,727497.0
CD4i_R1_D1_Stim8hr_NTC-306,NTC-306,CE0008162,Stim8hr,CD4i_R1,65.0,761236.0
CD4i_R1_D1_Stim8hr_NTC-307,NTC-307,CE0008162,Stim8hr,CD4i_R1,107.0,1299696.0
CD4i_R1_D1_Stim8hr_NTC-309,NTC-309,CE0008162,Stim8hr,CD4i_R1,127.0,1507827.0
CD4i_R1_D1_Stim8hr_NTC-310,NTC-310,CE0008162,Stim8hr,CD4i_R1,35.0,429947.0
CD4i_R1_D1_Stim8hr_NTC-311,NTC-311,CE0008162,Stim8hr,CD4i_R1,83.0,1158632.0
CD4i_R1_D1_Stim8hr_NTC-312,NTC-312,CE0008162,Stim8hr,CD4i_R1,78.0,931788.0
CD4i_R1_D1_Stim8hr_NTC-313,NTC-313,CE0008162,Stim8hr,CD4i_R1,17.0,191608.0
CD4i_R1_D1_Stim8hr_NTC-314,NTC-314,CE0008162,Stim8hr,CD4i_R1,180.0,2174816.0
CD4i_R1_D1_Stim8hr_NTC-315,NTC-315,CE0008162,Stim8hr,CD4i_R1,112.0,1459476.0
CD4i_R1_D1_Stim8hr_NTC-316,NTC-316,CE0008162,Stim8hr,CD4i_R1,147.0,1744577.0
CD4i_R1_D1_Stim8hr_NTC-317,NTC-317,CE0008162,Stim8hr,CD4i_R1,45.0,632520.0
CD4i_R1_D1_Stim8hr_NTC-318,NTC-318,CE0008162,Stim8hr,CD4i_R1,16.0,216942.0
CD4i_R1_D1_Stim8hr_NTC-319,NTC-319,CE0008162,Stim8hr,CD4i_R1,51.0,866569.0
CD4i_R1_D1_Stim8hr_NTC-320,NTC-320,CE0008162,Stim8hr,CD4i_R1,34.0,423496.0
CD4i_R1_D1_Stim8hr_NTC-321,NTC-321,CE0008162,Stim8hr,CD4i_R1,35.0,351158.0
CD4i_R1_D1_Stim8hr_NTC-322,NTC-322,CE0008162,Stim8hr,CD4i_R1,33.0,363772.0
CD4i_R1_D1_Stim8hr_NTC-323,NTC-323,CE0008162,Stim8hr,CD4i_R1,238.0,3274255.0
CD4i_R1_D1_Stim8hr_NTC-324,NTC-324,CE0008162,Stim8hr,CD4i_R1,37.0,516858.0
CD4i_R1_D1_Stim8hr_NTC-325,NTC-325,CE0008162,Stim8hr,CD4i_R1,20.0,184787.0
CD4i_R1_D1_Stim8hr_NTC-326,NTC-326,CE0008162,Stim8hr,CD4i_R1,96.0,1276375.0
CD4i_R1_D1_Stim8hr_NTC-327,NTC-327,CE0008162,Stim8hr,CD4i_R1,22.0,304106.0
CD4i_R1_D1_Stim8hr_NTC-328,NTC-328,CE0008162,Stim8hr,CD4i_R1,7.0,75108.0
CD4i_R1_D1_Stim8hr_NTC-329,NTC-329,CE0008162,Stim8hr,CD4i_R1,10.0,146652.0
CD4i_R1_D1_Stim8hr_NTC-331,NTC-331,CE0008162,Stim8hr,CD4i_R1,46.0,587082.0
CD4i_R1_D1_Stim8hr_NTC-332,NTC-332,CE0008162,Stim8hr,CD4i_R1,41.0,471924.0
CD4i_R1_D1_Stim8hr_NTC-333,NTC-333,CE0008162,Stim8hr,CD4i_R1,45.0,556431.0
CD4i_R1_D1_Stim8hr_NTC-334,NTC-334,CE0008162,Stim8hr,CD4i_R1,109.0,1495869.0
CD4i_R1_D1_Stim8hr_NTC-336,NTC-336,CE0008162,Stim8hr,CD4i_R1,38.0,573660.0
CD4i_R1_D1_Stim8hr_NTC-337,NTC-337,CE0008162,Stim8hr,CD4i_R1,23.0,270425.0
CD4i_R1_D1_Stim8hr_NTC-338,NTC-338,CE0008162,Stim8hr,CD4i_R1,49.0,595296.0
CD4i_R1_D1_Stim8hr_NTC-339,NTC-339,CE0008162,Stim8hr,CD4i_R1,64.0,814708.0
CD4i_R1_D1_Stim8hr_NTC-340,NTC-340,CE0008162,Stim8hr,CD4i_R1,185.0,2243676.0
CD4i_R1_D1_Stim8hr_NTC-341,NTC-341,CE0008162,Stim8hr,CD4i_R1,129.0,1441992.0
CD4i_R1_D1_Stim8hr_NTC-342,NTC-342,CE0008162,Stim8hr,CD4i_R1,40.0,498223.0
CD4i_R1_D1_Stim8hr_NTC-343,NTC-343,CE0008162,Stim8hr,CD4i_R1,29.0,298179.0
CD4i_R1_D1_Stim8hr_NTC-344,NTC-344,CE0008162,Stim8hr,CD4i_R1,143.0,1996011.0
CD4i_R1_D1_Stim8hr_NTC-345,NTC-345,CE0008162,Stim8hr,CD4i_R1,130.0,1636597.0
CD4i_R1_D1_Stim8hr_NTC-346,NTC-346,CE0008162,Stim8hr,CD4i_R1,37.0,525148.0
CD4i_R1_D1_Stim8hr_NTC-347,NTC-347,CE0008162,Stim8hr,CD4i_R1,130.0,1423807.0
CD4i_R1_D1_Stim8hr_NTC-348,NTC-348,CE0008162,Stim8hr,CD4i_R1,90.0,1104287.0
CD4i_R1_D1_Stim8hr_NTC-349,NTC-349,CE0008162,Stim8hr,CD4i_R1,12.0,202634.0
CD4i_R1_D1_Stim8hr_NTC-350,NTC-350,CE0008162,Stim8hr,CD4i_R1,5.0,69986.0
CD4i_R1_D1_Stim8hr_NTC-351,NTC-351,CE0008162,Stim8hr,CD4i_R1,91.0,1010398.0
CD4i_R1_D1_Stim8hr_NTC-352,NTC-352,CE0008162,Stim8hr,CD4i_R1,25.0,217781.0
CD4i_R1_D1_Stim8hr_NTC-353,NTC-353,CE0008162,Stim8hr,CD4i_R1,36.0,349808.0
CD4i_R1_D1_Stim8hr_NTC-354,NTC-354,CE0008162,Stim8hr,CD4i_R1,43.0,729732.0
CD4i_R1_D1_Stim8hr_NTC-355,NTC-355,CE0008162,Stim8hr,CD4i_R1,171.0,1867417.0
CD4i_R1_D1_Stim8hr_NTC-356,NTC-356,CE0008162,Stim8hr,CD4i_R1,113.0,1193530.0
CD4i_R1_D1_Stim8hr_NTC-357,NTC-357,CE0008162,Stim8hr,CD4i_R1,233.0,2801961.0
CD4i_R1_D1_Stim8hr_NTC-358,NTC-358,CE0008162,Stim8hr,CD4i_R1,34.0,476526.0
CD4i_R1_D1_Stim8hr_NTC-359,NTC-359,CE0008162,Stim8hr,CD4i_R1,60.0,512698.0
CD4i_R1_D1_Stim8hr_NTC-360,NTC-360,CE0008162,Stim8hr,CD4i_R1,31.0,423830.0
CD4i_R1_D1_Stim8hr_NTC-361,NTC-361,CE0008162,Stim8hr,CD4i_R1,29.0,357122.0
CD4i_R1_D1_Stim8hr_NTC-362,NTC-362,CE0008162,Stim8hr,CD4i_R1,71.0,907436.0
CD4i_R1_D1_Stim8hr_NTC-363,NTC-363,CE0008162,Stim8hr,CD4i_R1,199.0,2586623.0
CD4i_R1_D1_Stim8hr_NTC-364,NTC-364,CE0008162,Stim8hr,CD4i_R1,9.0,157574.0
CD4i_R1_D1_Stim8hr_NTC-365,NTC-365,CE0008162,Stim8hr,CD4i_R1,45.0,544743.0
CD4i_R1_D1_Stim8hr_NTC-366,NTC-366,CE0008162,Stim8hr,CD4i_R1,77.0,1033907.0
CD4i_R1_D1_Stim8hr_NTC-367,NTC-367,CE0008162,Stim8hr,CD4i_R1,87.0,1173404.0
CD4i_R1_D1_Stim8hr_NTC-368,NTC-368,CE0008162,Stim8hr,CD4i_R1,42.0,541644.0
CD4i_R1_D1_Stim8hr_NTC-369,NTC-369,CE0008162,Stim8hr,CD4i_R1,81.0,1007381.0
CD4i_R1_D1_Stim8hr_NTC-370,NTC-370,CE0008162,Stim8hr,CD4i_R1,126.0,1566002.0
CD4i_R1_D1_Stim8hr_NTC-371,NTC-371,CE0008162,Stim8hr,CD4i_R1,52.0,679244.0
CD4i_R1_D1_Stim8hr_NTC-372,NTC-372,CE0008162,Stim8hr,CD4i_R1,52.0,727011.0
CD4i_R1_D1_Stim8hr_NTC-373,NTC-373,CE0008162,Stim8hr,CD4i_R1,23.0,282287.0
CD4i_R1_D1_Stim8hr_NTC-374,NTC-374,CE0008162,Stim8hr,CD4i_R1,83.0,1114232.0
CD4i_R1_D1_Stim8hr_NTC-375,NTC-375,CE0008162,Stim8hr,CD4i_R1,54.0,606108.0
CD4i_R1_D1_Stim8hr_NTC-376,NTC-376,CE0008162,Stim8hr,CD4i_R1,9.0,98612.0
CD4i_R1_D1_Stim8hr_NTC-377,NTC-377,CE0008162,Stim8hr,CD4i_R1,63.0,855109.0
CD4i_R1_D1_Stim8hr_NTC-378,NTC-378,CE0008162,Stim8hr,CD4i_R1,19.0,222401.0
CD4i_R1_D1_Stim8hr_NTC-379,NTC-379,CE0008162,Stim8hr,CD4i_R1,58.0,735566.0
CD4i_R1_D1_Stim8hr_NTC-380,NTC-380,CE0008162,Stim8hr,CD4i_R1,16.0,215219.0
CD4i_R1_D1_Stim8hr_NTC-381,NTC-381,CE0008162,Stim8hr,CD4i_R1,14.0,170458.0
CD4i_R1_D1_Stim8hr_NTC-382,NTC-382,CE0008162,Stim8hr,CD4i_R1,79.0,924078.0
CD4i_R1_D1_Stim8hr_NTC-383,NTC-383,CE0008162,Stim8hr,CD4i_R1,5.0,48075.0
CD4i_R1_D1_Stim8hr_NTC-384,NTC-384,CE0008162,Stim8hr,CD4i_R1,17.0,165254.0
CD4i_R1_D1_Stim8hr_NTC-386,NTC-386,CE0008162,Stim8hr,CD4i_R1,81.0,927692.0
CD4i_R1_D1_Stim8hr_NTC-387,NTC-387,CE0008162,Stim8hr,CD4i_R1,203.0,2906357.0
CD4i_R1_D1_Stim8hr_NTC-388,NTC-388,CE0008162,Stim8hr,CD4i_R1,10.0,161222.0
CD4i_R1_D1_Stim8hr_NTC-389,NTC-389,CE0008162,Stim8hr,CD4i_R1,32.0,374658.0
CD4i_R1_D1_Stim8hr_NTC-390,NTC-390,CE0008162,Stim8hr,CD4i_R1,27.0,285595.0
CD4i_R1_D1_Stim8hr_NTC-392,NTC-392,CE0008162,Stim8hr,CD4i_R1,95.0,1264681.0
CD4i_R1_D1_Stim8hr_NTC-393,NTC-393,CE0008162,Stim8hr,CD4i_R1,38.0,496129.0
CD4i_R1_D1_Stim8hr_NTC-394,NTC-394,CE0008162,Stim8hr,CD4i_R1,43.0,607346.0
CD4i_R1_D1_Stim8hr_NTC-395,NTC-395,CE0008162,Stim8hr,CD4i_R1,8.0,104667.0
CD4i_R1_D1_Stim8hr_NTC-396,NTC-396,CE0008162,Stim8hr,CD4i_R1,40.0,452640.0
CD4i_R1_D1_Stim8hr_NTC-397,NTC-397,CE0008162,Stim8hr,CD4i_R1,44.0,647511.0
CD4i_R1_D1_Stim8hr_NTC-398,NTC-398,CE0008162,Stim8hr,CD4i_R1,45.0,476746.0
CD4i_R1_D1_Stim8hr_NTC-399,NTC-399,CE0008162,Stim8hr,CD4i_R1,23.0,253057.0
CD4i_R1_D1_Stim8hr_NTC-400,NTC-400,CE0008162,Stim8hr,CD4i_R1,71.0,936452.0
CD4i_R1_D1_Stim8hr_NTC-401,NTC-401,CE0008162,Stim8hr,CD4i_R1,106.0,1256658.0
CD4i_R1_D1_Stim8hr_NTC-402,NTC-402,CE0008162,Stim8hr,CD4i_R1,76.0,777467.0
CD4i_R1_D1_Stim8hr_NTC-403,NTC-403,CE0008162,Stim8hr,CD4i_R1,160.0,1957123.0
CD4i_R1_D1_Stim8hr_NTC-404,NTC-404,CE0008162,Stim8hr,CD4i_R1,10.0,170574.0
CD4i_R1_D1_Stim8hr_NTC-405,NTC-405,CE0008162,Stim8hr,CD4i_R1,120.0,1461832.0
CD4i_R1_D1_Stim8hr_NTC-406,NTC-406,CE0008162,Stim8hr,CD4i_R1,52.0,704458.0
CD4i_R1_D1_Stim8hr_NTC-407,NTC-407,CE0008162,Stim8hr,CD4i_R1,23.0,249689.0
CD4i_R1_D1_Stim8hr_NTC-408,NTC-408,CE0008162,Stim8hr,CD4i_R1,138.0,1512771.0
CD4i_R1_D1_Stim8hr_NTC-409,NTC-409,CE0008162,Stim8hr,CD4i_R1,71.0,853778.0
CD4i_R1_D1_Stim8hr_NTC-410,NTC-410,CE0008162,Stim8hr,CD4i_R1,26.0,317503.0
CD4i_R1_D1_Stim8hr_NTC-411,NTC-411,CE0008162,Stim8hr,CD4i_R1,31.0,474480.0
CD4i_R1_D1_Stim8hr_NTC-412,NTC-412,CE0008162,Stim8hr,CD4i_R1,42.0,667457.0
CD4i_R1_D1_Stim8hr_NTC-413,NTC-413,CE0008162,Stim8hr,CD4i_R1,22.0,188171.0
CD4i_R1_D1_Stim8hr_NTC-414,NTC-414,CE0008162,Stim8hr,CD4i_R1,113.0,1537275.0
CD4i_R1_D1_Stim8hr_NTC-415,NTC-415,CE0008162,Stim8hr,CD4i_R1,57.0,689396.0
CD4i_R1_D1_Stim8hr_NTC-416,NTC-416,CE0008162,Stim8hr,CD4i_R1,9.0,136588.0
CD4i_R1_D1_Stim8hr_NTC-417,NTC-417,CE0008162,Stim8hr,CD4i_R1,90.0,1175929.0
CD4i_R1_D1_Stim8hr_NTC-418,NTC-418,CE0008162,Stim8hr,CD4i_R1,75.0,924873.0
CD4i_R1_D1_Stim8hr_NTC-419,NTC-419,CE0008162,Stim8hr,CD4i_R1,8.0,88269.0
CD4i_R1_D1_Stim8hr_NTC-420,NTC-420,CE0008162,Stim8hr,CD4i_R1,101.0,1372777.0
CD4i_R1_D1_Stim8hr_NTC-421,NTC-421,CE0008162,Stim8hr,CD4i_R1,17.0,205547.0
CD4i_R1_D1_Stim8hr_NTC-422,NTC-422,CE0008162,Stim8hr,CD4i_R1,15.0,232263.0
CD4i_R1_D1_Stim8hr_NTC-423,NTC-423,CE0008162,Stim8hr,CD4i_R1,57.0,713628.0
CD4i_R1_D1_Stim8hr_NTC-424,NTC-424,CE0008162,Stim8hr,CD4i_R1,76.0,934776.0
CD4i_R1_D1_Stim8hr_NTC-425,NTC-425,CE0008162,Stim8hr,CD4i_R1,247.0,2986945.0
CD4i_R1_D1_Stim8hr_NTC-426,NTC-426,CE0008162,Stim8hr,CD4i_R1,34.0,477795.0
CD4i_R1_D1_Stim8hr_NTC-427,NTC-427,CE0008162,Stim8hr,CD4i_R1,40.0,439806.0
CD4i_R1_D1_Stim8hr_NTC-428,NTC-428,CE0008162,Stim8hr,CD4i_R1,55.0,756677.0
CD4i_R1_D1_Stim8hr_NTC-429,NTC-429,CE0008162,Stim8hr,CD4i_R1,14.0,113016.0
CD4i_R1_D1_Stim8hr_NTC-430,NTC-430,CE0008162,Stim8hr,CD4i_R1,128.0,1795309.0
CD4i_R1_D1_Stim8hr_NTC-431,NTC-431,CE0008162,Stim8hr,CD4i_R1,56.0,717261.0
CD4i_R1_D1_Stim8hr_NTC-432,NTC-432,CE0008162,Stim8hr,CD4i_R1,91.0,1364913.0
CD4i_R1_D1_Stim8hr_NTC-433,NTC-433,CE0008162,Stim8hr,CD4i_R1,21.0,231755.0
CD4i_R1_D1_Stim8hr_NTC-434,NTC-434,CE0008162,Stim8hr,CD4i_R1,7.0,102600.0
CD4i_R1_D1_Stim8hr_NTC-435,NTC-435,CE0008162,Stim8hr,CD4i_R1,32.0,374941.0
CD4i_R1_D1_Stim8hr_NTC-436,NTC-436,CE0008162,Stim8hr,CD4i_R1,224.0,3210257.0
CD4i_R1_D1_Stim8hr_NTC-437,NTC-437,CE0008162,Stim8hr,CD4i_R1,43.0,493217.0
CD4i_R1_D1_Stim8hr_NTC-438,NTC-438,CE0008162,Stim8hr,CD4i_R1,13.0,148808.0
CD4i_R1_D1_Stim8hr_NTC-439,NTC-439,CE0008162,Stim8hr,CD4i_R1,5.0,41147.0
CD4i_R1_D1_Stim8hr_NTC-440,NTC-440,CE0008162,Stim8hr,CD4i_R1,25.0,269577.0
CD4i_R1_D1_Stim8hr_NTC-441,NTC-441,CE0008162,Stim8hr,CD4i_R1,176.0,2276616.0
CD4i_R1_D1_Stim8hr_NTC-442,NTC-442,CE0008162,Stim8hr,CD4i_R1,35.0,395719.0
CD4i_R1_D1_Stim8hr_NTC-443,NTC-443,CE0008162,Stim8hr,CD4i_R1,85.0,1097969.0
CD4i_R1_D1_Stim8hr_NTC-444,NTC-444,CE0008162,Stim8hr,CD4i_R1,103.0,1403557.0
CD4i_R1_D1_Stim8hr_NTC-445,NTC-445,CE0008162,Stim8hr,CD4i_R1,72.0,777084.0
CD4i_R1_D1_Stim8hr_NTC-446,NTC-446,CE0008162,Stim8hr,CD4i_R1,110.0,1475316.0
CD4i_R1_D1_Stim8hr_NTC-447,NTC-447,CE0008162,Stim8hr,CD4i_R1,36.0,342384.0
CD4i_R1_D1_Stim8hr_NTC-448,NTC-448,CE0008162,Stim8hr,CD4i_R1,6.0,79773.0
CD4i_R1_D1_Stim8hr_NTC-449,NTC-449,CE0008162,Stim8hr,CD4i_R1,59.0,839337.0
CD4i_R1_D1_Stim8hr_NTC-450,NTC-450,CE0008162,Stim8hr,CD4i_R1,8.0,165444.0
CD4i_R1_D1_Stim8hr_NTC-452,NTC-452,CE0008162,Stim8hr,CD4i_R1,26.0,308353.0
CD4i_R1_D1_Stim8hr_NTC-453,NTC-453,CE0008162,Stim8hr,CD4i_R1,74.0,850124.0
CD4i_R1_D1_Stim8hr_NTC-454,NTC-454,CE0008162,Stim8hr,CD4i_R1,22.0,328270.0
CD4i_R1_D1_Stim8hr_NTC-455,NTC-455,CE0008162,Stim8hr,CD4i_R1,16.0,139065.0
CD4i_R1_D1_Stim8hr_NTC-456,NTC-456,CE0008162,Stim8hr,CD4i_R1,35.0,453943.0
CD4i_R1_D1_Stim8hr_NTC-457,NTC-457,CE0008162,Stim8hr,CD4i_R1,68.0,805053.0
CD4i_R1_D1_Stim8hr_NTC-458,NTC-458,CE0008162,Stim8hr,CD4i_R1,63.0,701868.0
CD4i_R1_D1_Stim8hr_NTC-459,NTC-459,CE0008162,Stim8hr,CD4i_R1,33.0,410782.0
CD4i_R1_D1_Stim8hr_NTC-460,NTC-460,CE0008162,Stim8hr,CD4i_R1,163.0,2160891.0
CD4i_R1_D1_Stim8hr_NTC-461,NTC-461,CE0008162,Stim8hr,CD4i_R1,199.0,2681340.0
CD4i_R1_D1_Stim8hr_NTC-462,NTC-462,CE0008162,Stim8hr,CD4i_R1,154.0,1820384.0
CD4i_R1_D1_Stim8hr_NTC-463,NTC-463,CE0008162,Stim8hr,CD4i_R1,100.0,1388689.0
CD4i_R1_D1_Stim8hr_NTC-464,NTC-464,CE0008162,Stim8hr,CD4i_R1,11.0,138212.0
CD4i_R1_D1_Stim8hr_NTC-465,NTC-465,CE0008162,Stim8hr,CD4i_R1,81.0,975236.0
CD4i_R1_D1_Stim8hr_NTC-466,NTC-466,CE0008162,Stim8hr,CD4i_R1,144.0,1685786.0
CD4i_R1_D1_Stim8hr_NTC-467,NTC-467,CE0008162,Stim8hr,CD4i_R1,83.0,968662.0
CD4i_R1_D1_Stim8hr_NTC-468,NTC-468,CE0008162,Stim8hr,CD4i_R1,144.0,2155635.0
CD4i_R1_D1_Stim8hr_NTC-469,NTC-469,CE0008162,Stim8hr,CD4i_R1,30.0,357955.0
CD4i_R1_D1_Stim8hr_NTC-470,NTC-470,CE0008162,Stim8hr,CD4i_R1,21.0,219372.0
CD4i_R1_D1_Stim8hr_NTC-471,NTC-471,CE0008162,Stim8hr,CD4i_R1,169.0,1991424.0
CD4i_R1_D1_Stim8hr_NTC-473,NTC-473,CE0008162,Stim8hr,CD4i_R1,65.0,913319.0
CD4i_R1_D1_Stim8hr_NTC-474,NTC-474,CE0008162,Stim8hr,CD4i_R1,19.0,221311.0
CD4i_R1_D1_Stim8hr_NTC-475,NTC-475,CE0008162,Stim8hr,CD4i_R1,69.0,827825.0
CD4i_R1_D1_Stim8hr_NTC-476,NTC-476,CE0008162,Stim8hr,CD4i_R1,16.0,174159.0
CD4i_R1_D1_Stim8hr_NTC-477,NTC-477,CE0008162,Stim8hr,CD4i_R1,77.0,1090769.0
CD4i_R1_D1_Stim8hr_NTC-478,NTC-478,CE0008162,Stim8hr,CD4i_R1,85.0,1281983.0
CD4i_R1_D1_Stim8hr_NTC-479,NTC-479,CE0008162,Stim8hr,CD4i_R1,166.0,2181180.0
CD4i_R1_D1_Stim8hr_NTC-482,NTC-482,CE0008162,Stim8hr,CD4i_R1,50.0,598837.0
CD4i_R1_D1_Stim8hr_NTC-483,NTC-483,CE0008162,Stim8hr,CD4i_R1,17.0,194759.0
CD4i_R1_D1_Stim8hr_NTC-484,NTC-484,CE0008162,Stim8hr,CD4i_R1,62.0,575963.0
CD4i_R1_D1_Stim8hr_NTC-485,NTC-485,CE0008162,Stim8hr,CD4i_R1,239.0,3142758.0
CD4i_R1_D1_Stim8hr_NTC-486,NTC-486,CE0008162,Stim8hr,CD4i_R1,27.0,466862.0
CD4i_R1_D1_Stim8hr_NTC-488,NTC-488,CE0008162,Stim8hr,CD4i_R1,74.0,939350.0
CD4i_R1_D1_Stim8hr_NTC-489,NTC-489,CE0008162,Stim8hr,CD4i_R1,173.0,2168300.0
CD4i_R1_D1_Stim8hr_NTC-491,NTC-491,CE0008162,Stim8hr,CD4i_R1,18.0,263575.0
CD4i_R1_D1_Stim8hr_NTC-492,NTC-492,CE0008162,Stim8hr,CD4i_R1,19.0,230724.0
CD4i_R1_D1_Stim8hr_NTC-493,NTC-493,CE0008162,Stim8hr,CD4i_R1,81.0,925058.0
CD4i_R1_D1_Stim8hr_NTC-495,NTC-495,CE0008162,Stim8hr,CD4i_R1,73.0,946440.0
CD4i_R1_D1_Stim8hr_NTC-496,NTC-496,CE0008162,Stim8hr,CD4i_R1,72.0,828490.0
CD4i_R1_D1_Stim8hr_NTC-497,NTC-497,CE0008162,Stim8hr,CD4i_R1,43.0,658850.0
CD4i_R1_D1_Stim8hr_NTC-498,NTC-498,CE0008162,Stim8hr,CD4i_R1,249.0,3382844.0
CD4i_R1_D1_Stim8hr_NTC-499,NTC-499,CE0008162,Stim8hr,CD4i_R1,126.0,1624235.0
CD4i_R1_D1_Stim8hr_NTC-500,NTC-500,CE0008162,Stim8hr,CD4i_R1,20.0,225396.0
CD4i_R1_D1_Stim8hr_NTC-502,NTC-502,CE0008162,Stim8hr,CD4i_R1,54.0,536259.0
CD4i_R1_D1_Stim8hr_NTC-503,NTC-503,CE0008162,Stim8hr,CD4i_R1,81.0,1081679.0
CD4i_R1_D1_Stim8hr_NTC-504,NTC-504,CE0008162,Stim8hr,CD4i_R1,61.0,925613.0
CD4i_R1_D1_Stim8hr_NTC-505,NTC-505,CE0008162,Stim8hr,CD4i_R1,21.0,249554.0
CD4i_R1_D1_Stim8hr_NTC-506,NTC-506,CE0008162,Stim8hr,CD4i_R1,158.0,2292792.0
CD4i_R1_D1_Stim8hr_NTC-507,NTC-507,CE0008162,Stim8hr,CD4i_R1,110.0,1280318.0
CD4i_R1_D1_Stim8hr_NTC-508,NTC-508,CE0008162,Stim8hr,CD4i_R1,35.0,459992.0
CD4i_R1_D1_Stim8hr_NTC-509,NTC-509,CE0008162,Stim8hr,CD4i_R1,52.0,651862.0
CD4i_R1_D1_Stim8hr_NTC-511,NTC-511,CE0008162,Stim8hr,CD4i_R1,78.0,1061133.0
CD4i_R1_D1_Stim8hr_NTC-512,NTC-512,CE0008162,Stim8hr,CD4i_R1,131.0,1672241.0
CD4i_R1_D1_Stim8hr_NTC-513,NTC-513,CE0008162,Stim8hr,CD4i_R1,130.0,1444309.0
CD4i_R1_D1_Stim8hr_NTC-514,NTC-514,CE0008162,Stim8hr,CD4i_R1,25.0,282742.0
CD4i_R1_D1_Stim8hr_NTC-515,NTC-515,CE0008162,Stim8hr,CD4i_R1,33.0,410173.0
CD4i_R1_D1_Stim8hr_NTC-516,NTC-516,CE0008162,Stim8hr,CD4i_R1,9.0,149689.0
CD4i_R1_D1_Stim8hr_NTC-517,NTC-517,CE0008162,Stim8hr,CD4i_R1,106.0,1301446.0
CD4i_R1_D1_Stim8hr_NTC-518,NTC-518,CE0008162,Stim8hr,CD4i_R1,17.0,250973.0
CD4i_R1_D1_Stim8hr_NTC-519,NTC-519,CE0008162,Stim8hr,CD4i_R1,26.0,303849.0
CD4i_R1_D1_Stim8hr_NTC-520,NTC-520,CE0008162,Stim8hr,CD4i_R1,64.0,951628.0
CD4i_R1_D1_Stim8hr_NTC-521,NTC-521,CE0008162,Stim8hr,CD4i_R1,94.0,1206748.0
CD4i_R1_D1_Stim8hr_NTC-522,NTC-522,CE0008162,Stim8hr,CD4i_R1,40.0,548626.0
CD4i_R1_D1_Stim8hr_NTC-523,NTC-523,CE0008162,Stim8hr,CD4i_R1,108.0,1400095.0
CD4i_R1_D1_Stim8hr_NTC-524,NTC-524,CE0008162,Stim8hr,CD4i_R1,29.0,343623.0
CD4i_R1_D1_Stim8hr_NTC-525,NTC-525,CE0008162,Stim8hr,CD4i_R1,51.0,539156.0
CD4i_R1_D1_Stim8hr_NTC-526,NTC-526,CE0008162,Stim8hr,CD4i_R1,70.0,993128.0
CD4i_R1_D1_Stim8hr_NTC-527,NTC-527,CE0008162,Stim8hr,CD4i_R1,54.0,628358.0
CD4i_R1_D1_Stim8hr_NTC-528,NTC-528,CE0008162,Stim8hr,CD4i_R1,119.0,1510053.0
CD4i_R1_D1_Stim8hr_NTC-529,NTC-529,CE0008162,Stim8hr,CD4i_R1,37.0,500871.0
CD4i_R1_D1_Stim8hr_NTC-530,NTC-530,CE0008162,Stim8hr,CD4i_R1,127.0,1659809.0
CD4i_R1_D1_Stim8hr_NTC-531,NTC-531,CE0008162,Stim8hr,CD4i_R1,21.0,231353.0
CD4i_R1_D1_Stim8hr_NTC-532,NTC-532,CE0008162,Stim8hr,CD4i_R1,109.0,1225914.0
CD4i_R1_D1_Stim8hr_NTC-533,NTC-533,CE0008162,Stim8hr,CD4i_R1,35.0,506407.0
CD4i_R1_D1_Stim8hr_NTC-535,NTC-535,CE0008162,Stim8hr,CD4i_R1,41.0,467749.0
CD4i_R1_D1_Stim8hr_NTC-536,NTC-536,CE0008162,Stim8hr,CD4i_R1,54.0,636711.0
CD4i_R1_D1_Stim8hr_NTC-537,NTC-537,CE0008162,Stim8hr,CD4i_R1,52.0,626052.0
CD4i_R1_D1_Stim8hr_NTC-538,NTC-538,CE0008162,Stim8hr,CD4i_R1,163.0,2162307.0
CD4i_R1_D1_Stim8hr_NTC-539,NTC-539,CE0008162,Stim8hr,CD4i_R1,135.0,1450131.0
CD4i_R1_D1_Stim8hr_NTC-540,NTC-540,CE0008162,Stim8hr,CD4i_R1,39.0,463693.0
CD4i_R1_D1_Stim8hr_NTC-541,NTC-541,CE0008162,Stim8hr,CD4i_R1,26.0,303265.0
CD4i_R1_D1_Stim8hr_NTC-542,NTC-542,CE0008162,Stim8hr,CD4i_R1,217.0,2771030.0
CD4i_R1_D1_Stim8hr_NTC-543,NTC-543,CE0008162,Stim8hr,CD4i_R1,9.0,153134.0
CD4i_R1_D1_Stim8hr_NTC-544,NTC-544,CE0008162,Stim8hr,CD4i_R1,26.0,349136.0
CD4i_R1_D1_Stim8hr_NTC-545,NTC-545,CE0008162,Stim8hr,CD4i_R1,196.0,2516801.0
CD4i_R1_D1_Stim8hr_NTC-546,NTC-546,CE0008162,Stim8hr,CD4i_R1,95.0,1050808.0
CD4i_R1_D1_Stim8hr_NTC-547,NTC-547,CE0008162,Stim8hr,CD4i_R1,47.0,523044.0
CD4i_R1_D1_Stim8hr_NTC-548,NTC-548,CE0008162,Stim8hr,CD4i_R1,68.0,816730.0
CD4i_R1_D1_Stim8hr_NTC-549,NTC-549,CE0008162,Stim8hr,CD4i_R1,215.0,2513103.0
CD4i_R1_D1_Stim8hr_NTC-550,NTC-550,CE0008162,Stim8hr,CD4i_R1,105.0,1225993.0
CD4i_R1_D1_Stim8hr_NTC-551,NTC-551,CE0008162,Stim8hr,CD4i_R1,74.0,892768.0
CD4i_R1_D1_Stim8hr_NTC-552,NTC-552,CE0008162,Stim8hr,CD4i_R1,52.0,741224.0
CD4i_R1_D1_Stim8hr_NTC-553,NTC-553,CE0008162,Stim8hr,CD4i_R1,86.0,1022455.0
CD4i_R1_D1_Stim8hr_NTC-554,NTC-554,CE0008162,Stim8hr,CD4i_R1,118.0,1639652.0
CD4i_R1_D1_Stim8hr_NTC-555,NTC-555,CE0008162,Stim8hr,CD4i_R1,47.0,590544.0
CD4i_R1_D1_Stim8hr_NTC-557,NTC-557,CE0008162,Stim8hr,CD4i_R1,38.0,463771.0
CD4i_R1_D1_Stim8hr_NTC-558,NTC-558,CE0008162,Stim8hr,CD4i_R1,23.0,269753.0
CD4i_R1_D1_Stim8hr_NTC-559,NTC-559,CE0008162,Stim8hr,CD4i_R1,19.0,265653.0
CD4i_R1_D1_Stim8hr_NTC-560,NTC-560,CE0008162,Stim8hr,CD4i_R1,69.0,767314.0
CD4i_R1_D1_Stim8hr_NTC-561,NTC-561,CE0008162,Stim8hr,CD4i_R1,62.0,699956.0
CD4i_R1_D1_Stim8hr_NTC-562,NTC-562,CE0008162,Stim8hr,CD4i_R1,32.0,349523.0
CD4i_R1_D1_Stim8hr_NTC-563,NTC-563,CE0008162,Stim8hr,CD4i_R1,107.0,1432283.0
CD4i_R1_D1_Stim8hr_NTC-564,NTC-564,CE0008162,Stim8hr,CD4i_R1,70.0,1023800.0
CD4i_R1_D1_Stim8hr_NTC-565,NTC-565,CE0008162,Stim8hr,CD4i_R1,95.0,1239636.0
CD4i_R1_D1_Stim8hr_NTC-566,NTC-566,CE0008162,Stim8hr,CD4i_R1,56.0,693289.0
CD4i_R1_D1_Stim8hr_NTC-567,NTC-567,CE0008162,Stim8hr,CD4i_R1,139.0,1708897.0
CD4i_R1_D1_Stim8hr_NTC-568,NTC-568,CE0008162,Stim8hr,CD4i_R1,10.0,115718.0
CD4i_R1_D1_Stim8hr_NTC-569,NTC-569,CE0008162,Stim8hr,CD4i_R1,11.0,145110.0
CD4i_R1_D1_Stim8hr_NTC-570,NTC-570,CE0008162,Stim8hr,CD4i_R1,5.0,61197.0
CD4i_R1_D1_Stim8hr_NTC-571,NTC-571,CE0008162,Stim8hr,CD4i_R1,28.0,346891.0
CD4i_R1_D1_Stim8hr_NTC-572,NTC-572,CE0008162,Stim8hr,CD4i_R1,32.0,347870.0
CD4i_R1_D1_Stim8hr_NTC-573,NTC-573,CE0008162,Stim8hr,CD4i_R1,164.0,2217299.0
CD4i_R1_D1_Stim8hr_NTC-574,NTC-574,CE0008162,Stim8hr,CD4i_R1,266.0,3541848.0
CD4i_R1_D1_Stim8hr_NTC-575,NTC-575,CE0008162,Stim8hr,CD4i_R1,28.0,378232.0
CD4i_R1_D1_Stim8hr_NTC-576,NTC-576,CE0008162,Stim8hr,CD4i_R1,8.0,101093.0
CD4i_R1_D1_Stim8hr_NTC-577,NTC-577,CE0008162,Stim8hr,CD4i_R1,113.0,1320093.0
CD4i_R1_D1_Stim8hr_NTC-578,NTC-578,CE0008162,Stim8hr,CD4i_R1,88.0,1251662.0
CD4i_R1_D1_Stim8hr_NTC-579,NTC-579,CE0008162,Stim8hr,CD4i_R1,29.0,448472.0
CD4i_R1_D1_Stim8hr_NTC-580,NTC-580,CE0008162,Stim8hr,CD4i_R1,49.0,627767.0
CD4i_R1_D1_Stim8hr_NTC-581,NTC-581,CE0008162,Stim8hr,CD4i_R1,273.0,3354627.0
CD4i_R1_D1_Stim8hr_NTC-582,NTC-582,CE0008162,Stim8hr,CD4i_R1,140.0,1484404.0
CD4i_R1_D1_Stim8hr_NTC-583,NTC-583,CE0008162,Stim8hr,CD4i_R1,60.0,711100.0
CD4i_R1_D1_Stim8hr_NTC-584,NTC-584,CE0008162,Stim8hr,CD4i_R1,370.0,4413874.0
CD4i_R1_D1_Stim8hr_NTC-585,NTC-585,CE0008162,Stim8hr,CD4i_R1,12.0,115106.0
CD4i_R1_D1_Stim8hr_NTC-586,NTC-586,CE0008162,Stim8hr,CD4i_R1,62.0,811273.0
CD4i_R1_D1_Stim8hr_NTC-587,NTC-587,CE0008162,Stim8hr,CD4i_R1,51.0,690389.0
CD4i_R1_D1_Stim8hr_NTC-588,NTC-588,CE0008162,Stim8hr,CD4i_R1,108.0,1148461.0
CD4i_R1_D1_Stim8hr_NTC-589,NTC-589,CE0008162,Stim8hr,CD4i_R1,38.0,487174.0
CD4i_R1_D1_Stim8hr_NTC-590,NTC-590,CE0008162,Stim8hr,CD4i_R1,26.0,311435.0
CD4i_R1_D1_Stim8hr_NTC-591,NTC-591,CE0008162,Stim8hr,CD4i_R1,12.0,94732.0
CD4i_R1_D1_Stim8hr_NTC-592,NTC-592,CE0008162,Stim8hr,CD4i_R1,25.0,319632.0
CD4i_R1_D1_Stim8hr_NTC-593,NTC-593,CE0008162,Stim8hr,CD4i_R1,160.0,1757527.0
CD4i_R1_D1_Stim8hr_NTC-594,NTC-594,CE0008162,Stim8hr,CD4i_R1,36.0,483044.0
CD4i_R1_D1_Stim8hr_NTC-595,NTC-595,CE0008162,Stim8hr,CD4i_R1,45.0,489562.0
CD4i_R1_D1_Stim8hr_NTC-596,NTC-596,CE0008162,Stim8hr,CD4i_R1,36.0,587529.0
CD4i_R1_D1_Stim8hr_NTC-597,NTC-597,CE0008162,Stim8hr,CD4i_R1,49.0,655758.0
CD4i_R1_D1_Stim8hr_NTC-598,NTC-598,CE0008162,Stim8hr,CD4i_R1,73.0,868885.0
CD4i_R1_D1_Stim8hr_NTC-599,NTC-599,CE0008162,Stim8hr,CD4i_R1,45.0,637404.0
CD4i_R1_D1_Stim8hr_NTC-601,NTC-601,CE0008162,Stim8hr,CD4i_R1,85.0,1067146.0
CD4i_R1_D1_Stim8hr_NTC-602,NTC-602,CE0008162,Stim8hr,CD4i_R1,67.0,850674.0
CD4i_R1_D1_Stim8hr_NTC-603,NTC-603,CE0008162,Stim8hr,CD4i_R1,49.0,684292.0
CD4i_R1_D1_Stim8hr_NTC-604,NTC-604,CE0008162,Stim8hr,CD4i_R1,49.0,665588.0
CD4i_R1_D1_Stim8hr_NTC-605,NTC-605,CE0008162,Stim8hr,CD4i_R1,110.0,1251347.0
CD4i_R1_D1_Stim8hr_NTC-606,NTC-606,CE0008162,Stim8hr,CD4i_R1,67.0,1055620.0
CD4i_R1_D1_Stim8hr_NTC-607,NTC-607,CE0008162,Stim8hr,CD4i_R1,19.0,276867.0
CD4i_R1_D1_Stim8hr_NTC-608,NTC-608,CE0008162,Stim8hr,CD4i_R1,38.0,526948.0
CD4i_R1_D1_Stim8hr_NTC-609,NTC-609,CE0008162,Stim8hr,CD4i_R1,26.0,395814.0
CD4i_R1_D1_Stim8hr_NTC-610,NTC-610,CE0008162,Stim8hr,CD4i_R1,160.0,2019663.0
CD4i_R1_D1_Stim8hr_NTC-611,NTC-611,CE0008162,Stim8hr,CD4i_R1,54.0,766919.0
CD4i_R1_D1_Stim8hr_NTC-612,NTC-612,CE0008162,Stim8hr,CD4i_R1,44.0,594139.0
CD4i_R1_D1_Stim8hr_NTC-613,NTC-613,CE0008162,Stim8hr,CD4i_R1,27.0,266549.0
CD4i_R1_D1_Stim8hr_NTC-614,NTC-614,CE0008162,Stim8hr,CD4i_R1,50.0,630310.0
CD4i_R1_D1_Stim8hr_NTC-615,NTC-615,CE0008162,Stim8hr,CD4i_R1,43.0,641042.0
CD4i_R1_D1_Stim8hr_NTC-616,NTC-616,CE0008162,Stim8hr,CD4i_R1,90.0,1088598.0
CD4i_R1_D1_Stim8hr_NTC-617,NTC-617,CE0008162,Stim8hr,CD4i_R1,36.0,615495.0
CD4i_R1_D1_Stim8hr_NTC-618,NTC-618,CE0008162,Stim8hr,CD4i_R1,83.0,1093438.0
CD4i_R1_D1_Stim8hr_NTC-619,NTC-619,CE0008162,Stim8hr,CD4i_R1,126.0,1479647.0
CD4i_R1_D1_Stim8hr_NTC-620,NTC-620,CE0008162,Stim8hr,CD4i_R1,63.0,843884.0
CD4i_R1_D1_Stim8hr_NTC-621,NTC-621,CE0008162,Stim8hr,CD4i_R1,28.0,397273.0
CD4i_R1_D1_Stim8hr_NTC-622,NTC-622,CE0008162,Stim8hr,CD4i_R1,111.0,1460092.0
CD4i_R1_D1_Stim8hr_NTC-623,NTC-623,CE0008162,Stim8hr,CD4i_R1,241.0,2624637.0
CD4i_R1_D1_Stim8hr_NTC-624,NTC-624,CE0008162,Stim8hr,CD4i_R1,31.0,326795.0
CD4i_R1_D1_Stim8hr_NTC-625,NTC-625,CE0008162,Stim8hr,CD4i_R1,178.0,2344012.0
CD4i_R1_D1_Stim8hr_NTC-626,NTC-626,CE0008162,Stim8hr,CD4i_R1,66.0,793270.0
CD4i_R1_D1_Stim8hr_NTC-627,NTC-627,CE0008162,Stim8hr,CD4i_R1,42.0,520592.0
CD4i_R1_D1_Stim8hr_NTC-629,NTC-629,CE0008162,Stim8hr,CD4i_R1,308.0,4373840.0
CD4i_R1_D1_Stim8hr_NTC-630,NTC-630,CE0008162,Stim8hr,CD4i_R1,78.0,986819.0
CD4i_R1_D1_Stim8hr_NTC-631,NTC-631,CE0008162,Stim8hr,CD4i_R1,59.0,680784.0
CD4i_R1_D1_Stim8hr_NTC-632,NTC-632,CE0008162,Stim8hr,CD4i_R1,64.0,726261.0
CD4i_R1_D1_Stim8hr_NTC-633,NTC-633,CE0008162,Stim8hr,CD4i_R1,153.0,1850920.0
CD4i_R1_D1_Stim8hr_NTC-634,NTC-634,CE0008162,Stim8hr,CD4i_R1,226.0,2698454.0
CD4i_R1_D1_Stim8hr_NTC-635,NTC-635,CE0008162,Stim8hr,CD4i_R1,79.0,1080772.0
CD4i_R1_D1_Stim8hr_NTC-636,NTC-636,CE0008162,Stim8hr,CD4i_R1,9.0,103341.0
CD4i_R1_D1_Stim8hr_NTC-637,NTC-637,CE0008162,Stim8hr,CD4i_R1,73.0,869683.0
CD4i_R1_D1_Stim8hr_NTC-638,NTC-638,CE0008162,Stim8hr,CD4i_R1,206.0,2893177.0
CD4i_R1_D1_Stim8hr_NTC-639,NTC-639,CE0008162,Stim8hr,CD4i_R1,48.0,684396.0
CD4i_R1_D1_Stim8hr_NTC-640,NTC-640,CE0008162,Stim8hr,CD4i_R1,97.0,1319244.0
CD4i_R1_D1_Stim8hr_NTC-641,NTC-641,CE0008162,Stim8hr,CD4i_R1,177.0,1934106.0
CD4i_R1_D1_Stim8hr_NTC-642,NTC-642,CE0008162,Stim8hr,CD4i_R1,147.0,1667654.0
CD4i_R1_D1_Stim8hr_NTC-643,NTC-643,CE0008162,Stim8hr,CD4i_R1,43.0,526628.0
CD4i_R1_D1_Stim8hr_NTC-644,NTC-644,CE0008162,Stim8hr,CD4i_R1,58.0,842191.0
CD4i_R1_D1_Stim8hr_NTC-646,NTC-646,CE0008162,Stim8hr,CD4i_R1,33.0,376379.0
CD4i_R1_D1_Stim8hr_NTC-647,NTC-647,CE0008162,Stim8hr,CD4i_R1,7.0,91694.0
CD4i_R1_D1_Stim8hr_NTC-649,NTC-649,CE0008162,Stim8hr,CD4i_R1,28.0,364821.0
CD4i_R1_D1_Stim8hr_NTC-650,NTC-650,CE0008162,Stim8hr,CD4i_R1,90.0,986022.0
CD4i_R1_D1_Stim8hr_NTC-651,NTC-651,CE0008162,Stim8hr,CD4i_R1,13.0,167940.0
CD4i_R1_D1_Stim8hr_NTC-652,NTC-652,CE0008162,Stim8hr,CD4i_R1,61.0,724942.0
CD4i_R1_D1_Stim8hr_NTC-653,NTC-653,CE0008162,Stim8hr,CD4i_R1,21.0,193856.0
CD4i_R1_D1_Stim8hr_NTC-654,NTC-654,CE0008162,Stim8hr,CD4i_R1,137.0,1586620.0
CD4i_R1_D1_Stim8hr_NTC-655,NTC-655,CE0008162,Stim8hr,CD4i_R1,33.0,353079.0
CD4i_R1_D1_Stim8hr_NTC-656,NTC-656,CE0008162,Stim8hr,CD4i_R1,15.0,179052.0
CD4i_R1_D1_Stim8hr_NTC-657,NTC-657,CE0008162,Stim8hr,CD4i_R1,9.0,95555.0
CD4i_R1_D1_Stim8hr_NTC-658,NTC-658,CE0008162,Stim8hr,CD4i_R1,40.0,429516.0
CD4i_R1_D1_Stim8hr_NTC-659,NTC-659,CE0008162,Stim8hr,CD4i_R1,11.0,174872.0
CD4i_R1_D1_Stim8hr_NTC-660,NTC-660,CE0008162,Stim8hr,CD4i_R1,12.0,151309.0
CD4i_R1_D1_Stim8hr_NTC-661,NTC-661,CE0008162,Stim8hr,CD4i_R1,28.0,281885.0
CD4i_R1_D1_Stim8hr_NTC-663,NTC-663,CE0008162,Stim8hr,CD4i_R1,81.0,907953.0
CD4i_R1_D1_Stim8hr_NTC-664,NTC-664,CE0008162,Stim8hr,CD4i_R1,18.0,242841.0
CD4i_R1_D1_Stim8hr_NTC-665,NTC-665,CE0008162,Stim8hr,CD4i_R1,61.0,737080.0
CD4i_R1_D1_Stim8hr_NTC-666,NTC-666,CE0008162,Stim8hr,CD4i_R1,77.0,897974.0
CD4i_R1_D1_Stim8hr_NTC-667,NTC-667,CE0008162,Stim8hr,CD4i_R1,192.0,1970167.0
CD4i_R1_D1_Stim8hr_NTC-668,NTC-668,CE0008162,Stim8hr,CD4i_R1,41.0,479872.0
CD4i_R1_D1_Stim8hr_NTC-669,NTC-669,CE0008162,Stim8hr,CD4i_R1,26.0,302802.0
CD4i_R1_D1_Stim8hr_NTC-671,NTC-671,CE0008162,Stim8hr,CD4i_R1,15.0,184633.0
CD4i_R1_D1_Stim8hr_NTC-672,NTC-672,CE0008162,Stim8hr,CD4i_R1,43.0,559796.0
CD4i_R1_D1_Stim8hr_NTC-673,NTC-673,CE0008162,Stim8hr,CD4i_R1,103.0,1489570.0
CD4i_R1_D1_Stim8hr_NTC-674,NTC-674,CE0008162,Stim8hr,CD4i_R1,42.0,586969.0
CD4i_R1_D1_Stim8hr_NTC-676,NTC-676,CE0008162,Stim8hr,CD4i_R1,167.0,2054412.0
CD4i_R1_D1_Stim8hr_NTC-677,NTC-677,CE0008162,Stim8hr,CD4i_R1,49.0,595692.0
CD4i_R1_D1_Stim8hr_NTC-678,NTC-678,CE0008162,Stim8hr,CD4i_R1,28.0,322843.0
CD4i_R1_D1_Stim8hr_NTC-679,NTC-679,CE0008162,Stim8hr,CD4i_R1,120.0,1653819.0
CD4i_R1_D1_Stim8hr_NTC-680,NTC-680,CE0008162,Stim8hr,CD4i_R1,52.0,812577.0
CD4i_R1_D1_Stim8hr_NTC-681,NTC-681,CE0008162,Stim8hr,CD4i_R1,9.0,109320.0
CD4i_R1_D1_Stim8hr_NTC-682,NTC-682,CE0008162,Stim8hr,CD4i_R1,36.0,426914.0
CD4i_R1_D1_Stim8hr_NTC-683,NTC-683,CE0008162,Stim8hr,CD4i_R1,41.0,452996.0
CD4i_R1_D1_Stim8hr_NTC-684,NTC-684,CE0008162,Stim8hr,CD4i_R1,194.0,2430325.0
CD4i_R1_D1_Stim8hr_NTC-686,NTC-686,CE0008162,Stim8hr,CD4i_R1,9.0,89763.0
CD4i_R1_D1_Stim8hr_NTC-687,NTC-687,CE0008162,Stim8hr,CD4i_R1,66.0,619776.0
CD4i_R1_D1_Stim8hr_NTC-688,NTC-688,CE0008162,Stim8hr,CD4i_R1,9.0,122120.0
CD4i_R1_D1_Stim8hr_NTC-689,NTC-689,CE0008162,Stim8hr,CD4i_R1,98.0,1393306.0
CD4i_R1_D1_Stim8hr_NTC-690,NTC-690,CE0008162,Stim8hr,CD4i_R1,52.0,748846.0
CD4i_R1_D1_Stim8hr_NTC-691,NTC-691,CE0008162,Stim8hr,CD4i_R1,19.0,249684.0
CD4i_R1_D1_Stim8hr_NTC-692,NTC-692,CE0008162,Stim8hr,CD4i_R1,155.0,1893968.0
CD4i_R1_D1_Stim8hr_NTC-693,NTC-693,CE0008162,Stim8hr,CD4i_R1,68.0,897654.0
CD4i_R1_D1_Stim8hr_NTC-694,NTC-694,CE0008162,Stim8hr,CD4i_R1,15.0,239623.0
CD4i_R1_D1_Stim8hr_NTC-695,NTC-695,CE0008162,Stim8hr,CD4i_R1,100.0,1010862.0
CD4i_R1_D1_Stim8hr_NTC-696,NTC-696,CE0008162,Stim8hr,CD4i_R1,301.0,3286903.0
CD4i_R1_D1_Stim8hr_NTC-698,NTC-698,CE0008162,Stim8hr,CD4i_R1,63.0,684063.0
CD4i_R1_D1_Stim8hr_NTC-699,NTC-699,CE0008162,Stim8hr,CD4i_R1,99.0,1340880.0
CD4i_R1_D1_Stim8hr_NTC-700,NTC-700,CE0008162,Stim8hr,CD4i_R1,17.0,263213.0
CD4i_R1_D1_Stim8hr_NTC-701,NTC-701,CE0008162,Stim8hr,CD4i_R1,145.0,1909761.0
CD4i_R1_D1_Stim8hr_NTC-702,NTC-702,CE0008162,Stim8hr,CD4i_R1,25.0,263418.0
CD4i_R1_D1_Stim8hr_NTC-703,NTC-703,CE0008162,Stim8hr,CD4i_R1,88.0,1379732.0
CD4i_R1_D1_Stim8hr_NTC-704,NTC-704,CE0008162,Stim8hr,CD4i_R1,99.0,1268395.0
CD4i_R1_D1_Stim8hr_NTC-705,NTC-705,CE0008162,Stim8hr,CD4i_R1,12.0,124138.0
CD4i_R1_D1_Stim8hr_NTC-706,NTC-706,CE0008162,Stim8hr,CD4i_R1,54.0,757086.0
CD4i_R1_D1_Stim8hr_NTC-707,NTC-707,CE0008162,Stim8hr,CD4i_R1,8.0,102833.0
CD4i_R1_D1_Stim8hr_NTC-708,NTC-708,CE0008162,Stim8hr,CD4i_R1,79.0,1025027.0
CD4i_R1_D1_Stim8hr_NTC-709,NTC-709,CE0008162,Stim8hr,CD4i_R1,138.0,1760275.0
CD4i_R1_D1_Stim8hr_NTC-711,NTC-711,CE0008162,Stim8hr,CD4i_R1,127.0,1597463.0
CD4i_R1_D1_Stim8hr_NTC-712,NTC-712,CE0008162,Stim8hr,CD4i_R1,17.0,251746.0
CD4i_R1_D1_Stim8hr_NTC-713,NTC-713,CE0008162,Stim8hr,CD4i_R1,156.0,1838904.0
CD4i_R1_D1_Stim8hr_NTC-714,NTC-714,CE0008162,Stim8hr,CD4i_R1,24.0,291067.0
CD4i_R1_D1_Stim8hr_NTC-715,NTC-715,CE0008162,Stim8hr,CD4i_R1,106.0,1441040.0
CD4i_R1_D1_Stim8hr_NTC-716,NTC-716,CE0008162,Stim8hr,CD4i_R1,91.0,1094040.0
CD4i_R1_D1_Stim8hr_NTC-717,NTC-717,CE0008162,Stim8hr,CD4i_R1,70.0,749039.0
CD4i_R1_D1_Stim8hr_NTC-718,NTC-718,CE0008162,Stim8hr,CD4i_R1,108.0,1332196.0
CD4i_R1_D1_Stim8hr_NTC-719,NTC-719,CE0008162,Stim8hr,CD4i_R1,37.0,467240.0
CD4i_R1_D1_Stim8hr_NTC-720,NTC-720,CE0008162,Stim8hr,CD4i_R1,186.0,2249641.0
CD4i_R1_D1_Stim8hr_NTC-721,NTC-721,CE0008162,Stim8hr,CD4i_R1,147.0,1744960.0
CD4i_R1_D1_Stim8hr_NTC-722,NTC-722,CE0008162,Stim8hr,CD4i_R1,65.0,938018.0
CD4i_R1_D1_Stim8hr_NTC-723,NTC-723,CE0008162,Stim8hr,CD4i_R1,142.0,1784686.0
CD4i_R1_D1_Stim8hr_NTC-724,NTC-724,CE0008162,Stim8hr,CD4i_R1,54.0,646203.0
CD4i_R1_D1_Stim8hr_NTC-725,NTC-725,CE0008162,Stim8hr,CD4i_R1,136.0,1709689.0
CD4i_R1_D1_Stim8hr_NTC-727,NTC-727,CE0008162,Stim8hr,CD4i_R1,77.0,777087.0
CD4i_R1_D1_Stim8hr_NTC-728,NTC-728,CE0008162,Stim8hr,CD4i_R1,34.0,504904.0
CD4i_R1_D1_Stim8hr_NTC-729,NTC-729,CE0008162,Stim8hr,CD4i_R1,17.0,248038.0
CD4i_R1_D1_Stim8hr_NTC-730,NTC-730,CE0008162,Stim8hr,CD4i_R1,53.0,744228.0
CD4i_R1_D1_Stim8hr_NTC-731,NTC-731,CE0008162,Stim8hr,CD4i_R1,69.0,852134.0
CD4i_R1_D1_Stim8hr_NTC-732,NTC-732,CE0008162,Stim8hr,CD4i_R1,106.0,1491022.0
CD4i_R1_D1_Stim8hr_NTC-733,NTC-733,CE0008162,Stim8hr,CD4i_R1,18.0,253730.0
CD4i_R1_D1_Stim8hr_NTC-734,NTC-734,CE0008162,Stim8hr,CD4i_R1,171.0,2493175.0
CD4i_R1_D1_Stim8hr_NTC-735,NTC-735,CE0008162,Stim8hr,CD4i_R1,20.0,260280.0
CD4i_R1_D1_Stim8hr_NTC-736,NTC-736,CE0008162,Stim8hr,CD4i_R1,99.0,1350591.0
CD4i_R1_D1_Stim8hr_NTC-737,NTC-737,CE0008162,Stim8hr,CD4i_R1,61.0,790592.0
CD4i_R1_D1_Stim8hr_NTC-738,NTC-738,CE0008162,Stim8hr,CD4i_R1,75.0,872255.0
CD4i_R1_D1_Stim8hr_NTC-739,NTC-739,CE0008162,Stim8hr,CD4i_R1,63.0,664553.0
CD4i_R1_D1_Stim8hr_NTC-741,NTC-741,CE0008162,Stim8hr,CD4i_R1,43.0,520523.0
CD4i_R1_D1_Stim8hr_NTC-742,NTC-742,CE0008162,Stim8hr,CD4i_R1,15.0,163487.0
CD4i_R1_D1_Stim8hr_NTC-743,NTC-743,CE0008162,Stim8hr,CD4i_R1,105.0,1302918.0
CD4i_R1_D1_Stim8hr_NTC-744,NTC-744,CE0008162,Stim8hr,CD4i_R1,132.0,1527316.0
CD4i_R1_D1_Stim8hr_NTC-746,NTC-746,CE0008162,Stim8hr,CD4i_R1,53.0,760511.0
CD4i_R1_D1_Stim8hr_NTC-747,NTC-747,CE0008162,Stim8hr,CD4i_R1,146.0,1819386.0
CD4i_R1_D1_Stim8hr_NTC-748,NTC-748,CE0008162,Stim8hr,CD4i_R1,86.0,1000419.0
CD4i_R1_D1_Stim8hr_NTC-749,NTC-749,CE0008162,Stim8hr,CD4i_R1,95.0,1243641.0
CD4i_R1_D1_Stim8hr_NTC-750,NTC-750,CE0008162,Stim8hr,CD4i_R1,174.0,2155909.0
CD4i_R1_D1_Stim8hr_NTC-751,NTC-751,CE0008162,Stim8hr,CD4i_R1,42.0,508340.0
CD4i_R1_D1_Stim8hr_NTC-752,NTC-752,CE0008162,Stim8hr,CD4i_R1,135.0,1660151.0
CD4i_R1_D1_Stim8hr_NTC-753,NTC-753,CE0008162,Stim8hr,CD4i_R1,109.0,1338345.0
CD4i_R1_D1_Stim8hr_NTC-754,NTC-754,CE0008162,Stim8hr,CD4i_R1,73.0,956704.0
CD4i_R1_D1_Stim8hr_NTC-755,NTC-755,CE0008162,Stim8hr,CD4i_R1,35.0,437029.0
CD4i_R1_D1_Stim8hr_NTC-756,NTC-756,CE0008162,Stim8hr,CD4i_R1,67.0,822081.0
CD4i_R1_D1_Stim8hr_NTC-757,NTC-757,CE0008162,Stim8hr,CD4i_R1,30.0,426851.0
CD4i_R1_D1_Stim8hr_NTC-758,NTC-758,CE0008162,Stim8hr,CD4i_R1,40.0,503743.0
CD4i_R1_D1_Stim8hr_NTC-759,NTC-759,CE0008162,Stim8hr,CD4i_R1,170.0,2538170.0
CD4i_R1_D1_Stim8hr_NTC-760,NTC-760,CE0008162,Stim8hr,CD4i_R1,157.0,1984904.0
CD4i_R1_D1_Stim8hr_NTC-761,NTC-761,CE0008162,Stim8hr,CD4i_R1,53.0,799947.0
CD4i_R1_D1_Stim8hr_NTC-762,NTC-762,CE0008162,Stim8hr,CD4i_R1,41.0,528284.0
CD4i_R1_D1_Stim8hr_NTC-763,NTC-763,CE0008162,Stim8hr,CD4i_R1,34.0,458835.0
CD4i_R1_D1_Stim8hr_NTC-764,NTC-764,CE0008162,Stim8hr,CD4i_R1,114.0,1456299.0
CD4i_R1_D1_Stim8hr_NTC-765,NTC-765,CE0008162,Stim8hr,CD4i_R1,86.0,943699.0
CD4i_R1_D1_Stim8hr_NTC-766,NTC-766,CE0008162,Stim8hr,CD4i_R1,35.0,480401.0
CD4i_R1_D1_Stim8hr_NTC-767,NTC-767,CE0008162,Stim8hr,CD4i_R1,17.0,189403.0
CD4i_R1_D1_Stim8hr_NTC-768,NTC-768,CE0008162,Stim8hr,CD4i_R1,43.0,512024.0
CD4i_R1_D1_Stim8hr_NTC-769,NTC-769,CE0008162,Stim8hr,CD4i_R1,60.0,766026.0
CD4i_R1_D1_Stim8hr_NTC-770,NTC-770,CE0008162,Stim8hr,CD4i_R1,20.0,306533.0
CD4i_R1_D1_Stim8hr_NTC-771,NTC-771,CE0008162,Stim8hr,CD4i_R1,149.0,1869433.0
CD4i_R1_D1_Stim8hr_NTC-772,NTC-772,CE0008162,Stim8hr,CD4i_R1,28.0,282541.0
CD4i_R1_D1_Stim8hr_NTC-773,NTC-773,CE0008162,Stim8hr,CD4i_R1,92.0,1286800.0
CD4i_R1_D1_Stim8hr_NTC-774,NTC-774,CE0008162,Stim8hr,CD4i_R1,140.0,1743606.0
CD4i_R1_D1_Stim8hr_NTC-775,NTC-775,CE0008162,Stim8hr,CD4i_R1,77.0,978449.0
CD4i_R1_D1_Stim8hr_NTC-776,NTC-776,CE0008162,Stim8hr,CD4i_R1,31.0,428306.0
CD4i_R1_D1_Stim8hr_NTC-777,NTC-777,CE0008162,Stim8hr,CD4i_R1,58.0,690893.0
CD4i_R1_D1_Stim8hr_NTC-778,NTC-778,CE0008162,Stim8hr,CD4i_R1,16.0,191135.0
CD4i_R1_D1_Stim8hr_NTC-779,NTC-779,CE0008162,Stim8hr,CD4i_R1,115.0,1699390.0
CD4i_R1_D1_Stim8hr_NTC-780,NTC-780,CE0008162,Stim8hr,CD4i_R1,25.0,338176.0
CD4i_R1_D1_Stim8hr_NTC-781,NTC-781,CE0008162,Stim8hr,CD4i_R1,45.0,574969.0
CD4i_R1_D1_Stim8hr_NTC-782,NTC-782,CE0008162,Stim8hr,CD4i_R1,75.0,1001892.0
CD4i_R1_D1_Stim8hr_NTC-783,NTC-783,CE0008162,Stim8hr,CD4i_R1,97.0,1225239.0
CD4i_R1_D1_Stim8hr_NTC-784,NTC-784,CE0008162,Stim8hr,CD4i_R1,80.0,976026.0
CD4i_R1_D1_Stim8hr_NTC-785,NTC-785,CE0008162,Stim8hr,CD4i_R1,103.0,1206398.0
CD4i_R1_D1_Stim8hr_NTC-786,NTC-786,CE0008162,Stim8hr,CD4i_R1,23.0,349479.0
CD4i_R1_D1_Stim8hr_NTC-787,NTC-787,CE0008162,Stim8hr,CD4i_R1,32.0,502726.0
CD4i_R1_D1_Stim8hr_NTC-788,NTC-788,CE0008162,Stim8hr,CD4i_R1,110.0,1159672.0
CD4i_R1_D1_Stim8hr_NTC-789,NTC-789,CE0008162,Stim8hr,CD4i_R1,158.0,1887880.0
CD4i_R1_D1_Stim8hr_NTC-790,NTC-790,CE0008162,Stim8hr,CD4i_R1,19.0,199203.0
CD4i_R1_D1_Stim8hr_NTC-791,NTC-791,CE0008162,Stim8hr,CD4i_R1,87.0,1147064.0
CD4i_R1_D1_Stim8hr_NTC-792,NTC-792,CE0008162,Stim8hr,CD4i_R1,33.0,378647.0
CD4i_R1_D1_Stim8hr_NTC-793,NTC-793,CE0008162,Stim8hr,CD4i_R1,27.0,314201.0
CD4i_R1_D1_Stim8hr_NTC-794,NTC-794,CE0008162,Stim8hr,CD4i_R1,13.0,272431.0
CD4i_R1_D1_Stim8hr_NTC-795,NTC-795,CE0008162,Stim8hr,CD4i_R1,51.0,532210.0
CD4i_R1_D1_Stim8hr_NTC-796,NTC-796,CE0008162,Stim8hr,CD4i_R1,188.0,2584712.0
CD4i_R1_D1_Stim8hr_NTC-797,NTC-797,CE0008162,Stim8hr,CD4i_R1,58.0,637832.0
CD4i_R1_D1_Stim8hr_NTC-798,NTC-798,CE0008162,Stim8hr,CD4i_R1,79.0,937821.0
CD4i_R1_D1_Stim8hr_NTC-799,NTC-799,CE0008162,Stim8hr,CD4i_R1,34.0,523571.0
CD4i_R1_D1_Stim8hr_NTC-800,NTC-800,CE0008162,Stim8hr,CD4i_R1,5.0,80615.0
CD4i_R1_D1_Stim8hr_NTC-801,NTC-801,CE0008162,Stim8hr,CD4i_R1,175.0,2112601.0
CD4i_R1_D1_Stim8hr_NTC-802,NTC-802,CE0008162,Stim8hr,CD4i_R1,18.0,175192.0
CD4i_R1_D1_Stim8hr_NTC-803,NTC-803,CE0008162,Stim8hr,CD4i_R1,360.0,4944255.0
CD4i_R1_D1_Stim8hr_NTC-804,NTC-804,CE0008162,Stim8hr,CD4i_R1,21.0,284978.0
CD4i_R1_D1_Stim8hr_NTC-805,NTC-805,CE0008162,Stim8hr,CD4i_R1,21.0,286056.0
CD4i_R1_D1_Stim8hr_NTC-806,NTC-806,CE0008162,Stim8hr,CD4i_R1,55.0,606829.0
CD4i_R1_D1_Stim8hr_NTC-807,NTC-807,CE0008162,Stim8hr,CD4i_R1,110.0,1249848.0
CD4i_R1_D1_Stim8hr_NTC-808,NTC-808,CE0008162,Stim8hr,CD4i_R1,112.0,1337509.0
CD4i_R1_D1_Stim8hr_NTC-809,NTC-809,CE0008162,Stim8hr,CD4i_R1,123.0,1537588.0
CD4i_R1_D1_Stim8hr_NTC-810,NTC-810,CE0008162,Stim8hr,CD4i_R1,157.0,1733635.0
CD4i_R1_D1_Stim8hr_NTC-811,NTC-811,CE0008162,Stim8hr,CD4i_R1,124.0,1453743.0
CD4i_R1_D1_Stim8hr_NTC-812,NTC-812,CE0008162,Stim8hr,CD4i_R1,66.0,822749.0
CD4i_R1_D1_Stim8hr_NTC-813,NTC-813,CE0008162,Stim8hr,CD4i_R1,82.0,1009165.0
CD4i_R1_D1_Stim8hr_NTC-814,NTC-814,CE0008162,Stim8hr,CD4i_R1,79.0,1174439.0
CD4i_R1_D1_Stim8hr_NTC-815,NTC-815,CE0008162,Stim8hr,CD4i_R1,84.0,1024830.0
CD4i_R1_D1_Stim8hr_NTC-816,NTC-816,CE0008162,Stim8hr,CD4i_R1,117.0,1397056.0
CD4i_R1_D1_Stim8hr_NTC-817,NTC-817,CE0008162,Stim8hr,CD4i_R1,38.0,501011.0
CD4i_R1_D1_Stim8hr_NTC-819,NTC-819,CE0008162,Stim8hr,CD4i_R1,13.0,175123.0
CD4i_R1_D1_Stim8hr_NTC-820,NTC-820,CE0008162,Stim8hr,CD4i_R1,45.0,679574.0
CD4i_R1_D1_Stim8hr_NTC-821,NTC-821,CE0008162,Stim8hr,CD4i_R1,33.0,445495.0
CD4i_R1_D1_Stim8hr_NTC-822,NTC-822,CE0008162,Stim8hr,CD4i_R1,95.0,1346898.0
CD4i_R1_D1_Stim8hr_NTC-823,NTC-823,CE0008162,Stim8hr,CD4i_R1,169.0,2078410.0
CD4i_R1_D1_Stim8hr_NTC-824,NTC-824,CE0008162,Stim8hr,CD4i_R1,24.0,259497.0
CD4i_R1_D1_Stim8hr_NTC-825,NTC-825,CE0008162,Stim8hr,CD4i_R1,252.0,2904218.0
CD4i_R1_D1_Stim8hr_NTC-826,NTC-826,CE0008162,Stim8hr,CD4i_R1,126.0,1741345.0
CD4i_R1_D1_Stim8hr_NTC-827,NTC-827,CE0008162,Stim8hr,CD4i_R1,217.0,2782929.0
CD4i_R1_D1_Stim8hr_NTC-828,NTC-828,CE0008162,Stim8hr,CD4i_R1,84.0,980072.0
CD4i_R1_D1_Stim8hr_NTC-829,NTC-829,CE0008162,Stim8hr,CD4i_R1,52.0,623404.0
CD4i_R1_D1_Stim8hr_NTC-830,NTC-830,CE0008162,Stim8hr,CD4i_R1,19.0,213198.0
CD4i_R1_D1_Stim8hr_NTC-831,NTC-831,CE0008162,Stim8hr,CD4i_R1,33.0,405845.0
CD4i_R1_D1_Stim8hr_NTC-832,NTC-832,CE0008162,Stim8hr,CD4i_R1,139.0,1832707.0
CD4i_R1_D1_Stim8hr_NTC-833,NTC-833,CE0008162,Stim8hr,CD4i_R1,13.0,194243.0
CD4i_R1_D1_Stim8hr_NTC-834,NTC-834,CE0008162,Stim8hr,CD4i_R1,56.0,776894.0
CD4i_R1_D1_Stim8hr_NTC-835,NTC-835,CE0008162,Stim8hr,CD4i_R1,12.0,122414.0
CD4i_R1_D1_Stim8hr_NTC-837,NTC-837,CE0008162,Stim8hr,CD4i_R1,36.0,500652.0
CD4i_R1_D1_Stim8hr_NTC-838,NTC-838,CE0008162,Stim8hr,CD4i_R1,34.0,472651.0
CD4i_R1_D1_Stim8hr_NTC-839,NTC-839,CE0008162,Stim8hr,CD4i_R1,65.0,798240.0
CD4i_R1_D1_Stim8hr_NTC-840,NTC-840,CE0008162,Stim8hr,CD4i_R1,35.0,396038.0
CD4i_R1_D1_Stim8hr_NTC-841,NTC-841,CE0008162,Stim8hr,CD4i_R1,43.0,462993.0
CD4i_R1_D1_Stim8hr_NTC-842,NTC-842,CE0008162,Stim8hr,CD4i_R1,80.0,969798.0
CD4i_R1_D1_Stim8hr_NTC-843,NTC-843,CE0008162,Stim8hr,CD4i_R1,58.0,633380.0
CD4i_R1_D1_Stim8hr_NTC-844,NTC-844,CE0008162,Stim8hr,CD4i_R1,31.0,344696.0
CD4i_R1_D1_Stim8hr_NTC-845,NTC-845,CE0008162,Stim8hr,CD4i_R1,129.0,1714414.0
CD4i_R1_D1_Stim8hr_NTC-846,NTC-846,CE0008162,Stim8hr,CD4i_R1,131.0,1815628.0
CD4i_R1_D1_Stim8hr_NTC-847,NTC-847,CE0008162,Stim8hr,CD4i_R1,23.0,271375.0
CD4i_R1_D1_Stim8hr_NTC-848,NTC-848,CE0008162,Stim8hr,CD4i_R1,37.0,472821.0
CD4i_R1_D1_Stim8hr_NTC-849,NTC-849,CE0008162,Stim8hr,CD4i_R1,117.0,1319744.0
CD4i_R1_D1_Stim8hr_NTC-850,NTC-850,CE0008162,Stim8hr,CD4i_R1,177.0,2333484.0
CD4i_R1_D1_Stim8hr_NTC-851,NTC-851,CE0008162,Stim8hr,CD4i_R1,57.0,833039.0
CD4i_R1_D1_Stim8hr_NTC-852,NTC-852,CE0008162,Stim8hr,CD4i_R1,408.0,3766854.0
CD4i_R1_D1_Stim8hr_NTC-853,NTC-853,CE0008162,Stim8hr,CD4i_R1,14.0,167752.0
CD4i_R1_D1_Stim8hr_NTC-854,NTC-854,CE0008162,Stim8hr,CD4i_R1,74.0,973423.0
CD4i_R1_D1_Stim8hr_NTC-855,NTC-855,CE0008162,Stim8hr,CD4i_R1,34.0,622814.0
CD4i_R1_D1_Stim8hr_NTC-856,NTC-856,CE0008162,Stim8hr,CD4i_R1,44.0,563157.0
CD4i_R1_D1_Stim8hr_NTC-857,NTC-857,CE0008162,Stim8hr,CD4i_R1,31.0,377545.0
CD4i_R1_D1_Stim8hr_NTC-858,NTC-858,CE0008162,Stim8hr,CD4i_R1,146.0,1524348.0
CD4i_R1_D1_Stim8hr_NTC-859,NTC-859,CE0008162,Stim8hr,CD4i_R1,163.0,2039935.0
CD4i_R1_D1_Stim8hr_NTC-860,NTC-860,CE0008162,Stim8hr,CD4i_R1,44.0,511276.0
CD4i_R1_D1_Stim8hr_NTC-861,NTC-861,CE0008162,Stim8hr,CD4i_R1,105.0,1313621.0
CD4i_R1_D1_Stim8hr_NTC-862,NTC-862,CE0008162,Stim8hr,CD4i_R1,99.0,1337886.0
CD4i_R1_D1_Stim8hr_NTC-863,NTC-863,CE0008162,Stim8hr,CD4i_R1,31.0,311478.0
CD4i_R1_D1_Stim8hr_NTC-864,NTC-864,CE0008162,Stim8hr,CD4i_R1,85.0,998874.0
CD4i_R1_D1_Stim8hr_NTC-865,NTC-865,CE0008162,Stim8hr,CD4i_R1,42.0,568528.0
CD4i_R1_D1_Stim8hr_NTC-866,NTC-866,CE0008162,Stim8hr,CD4i_R1,83.0,1060764.0
CD4i_R1_D1_Stim8hr_NTC-867,NTC-867,CE0008162,Stim8hr,CD4i_R1,107.0,1077600.0
CD4i_R1_D1_Stim8hr_NTC-868,NTC-868,CE0008162,Stim8hr,CD4i_R1,101.0,1354404.0
CD4i_R1_D1_Stim8hr_NTC-869,NTC-869,CE0008162,Stim8hr,CD4i_R1,237.0,2620370.0
CD4i_R1_D1_Stim8hr_NTC-870,NTC-870,CE0008162,Stim8hr,CD4i_R1,128.0,1611640.0
CD4i_R1_D1_Stim8hr_NTC-871,NTC-871,CE0008162,Stim8hr,CD4i_R1,95.0,1152912.0
CD4i_R1_D1_Stim8hr_NTC-872,NTC-872,CE0008162,Stim8hr,CD4i_R1,17.0,261051.0
CD4i_R1_D1_Stim8hr_NTC-873,NTC-873,CE0008162,Stim8hr,CD4i_R1,50.0,626440.0
CD4i_R1_D1_Stim8hr_NTC-874,NTC-874,CE0008162,Stim8hr,CD4i_R1,113.0,1380275.0
CD4i_R1_D1_Stim8hr_NTC-875,NTC-875,CE0008162,Stim8hr,CD4i_R1,122.0,1496068.0
CD4i_R1_D1_Stim8hr_NTC-876,NTC-876,CE0008162,Stim8hr,CD4i_R1,24.0,345516.0
CD4i_R1_D1_Stim8hr_NTC-877,NTC-877,CE0008162,Stim8hr,CD4i_R1,73.0,761727.0
CD4i_R1_D1_Stim8hr_NTC-878,NTC-878,CE0008162,Stim8hr,CD4i_R1,179.0,2095187.0
CD4i_R1_D1_Stim8hr_NTC-879,NTC-879,CE0008162,Stim8hr,CD4i_R1,83.0,934687.0
CD4i_R1_D1_Stim8hr_NTC-880,NTC-880,CE0008162,Stim8hr,CD4i_R1,51.0,538105.0
CD4i_R1_D1_Stim8hr_NTC-881,NTC-881,CE0008162,Stim8hr,CD4i_R1,42.0,639686.0
CD4i_R1_D1_Stim8hr_NTC-882,NTC-882,CE0008162,Stim8hr,CD4i_R1,119.0,1194263.0
CD4i_R1_D1_Stim8hr_NTC-883,NTC-883,CE0008162,Stim8hr,CD4i_R1,24.0,242710.0
CD4i_R1_D1_Stim8hr_NTC-884,NTC-884,CE0008162,Stim8hr,CD4i_R1,89.0,1050302.0
CD4i_R1_D1_Stim8hr_NTC-885,NTC-885,CE0008162,Stim8hr,CD4i_R1,35.0,458256.0
CD4i_R1_D1_Stim8hr_NTC-886,NTC-886,CE0008162,Stim8hr,CD4i_R1,48.0,683803.0
CD4i_R1_D1_Stim8hr_NTC-887,NTC-887,CE0008162,Stim8hr,CD4i_R1,28.0,357518.0
CD4i_R1_D1_Stim8hr_NTC-888,NTC-888,CE0008162,Stim8hr,CD4i_R1,91.0,1085541.0
CD4i_R1_D1_Stim8hr_NTC-889,NTC-889,CE0008162,Stim8hr,CD4i_R1,32.0,366768.0
CD4i_R1_D1_Stim8hr_NTC-890,NTC-890,CE0008162,Stim8hr,CD4i_R1,48.0,532818.0
CD4i_R1_D1_Stim8hr_NTC-891,NTC-891,CE0008162,Stim8hr,CD4i_R1,24.0,358783.0
CD4i_R1_D1_Stim8hr_NTC-892,NTC-892,CE0008162,Stim8hr,CD4i_R1,255.0,3409872.0
CD4i_R1_D1_Stim8hr_NTC-893,NTC-893,CE0008162,Stim8hr,CD4i_R1,101.0,1411749.0
CD4i_R1_D1_Stim8hr_NTC-894,NTC-894,CE0008162,Stim8hr,CD4i_R1,156.0,1993148.0
CD4i_R1_D1_Stim8hr_NTC-895,NTC-895,CE0008162,Stim8hr,CD4i_R1,89.0,1252518.0
CD4i_R1_D1_Stim8hr_NTC-896,NTC-896,CE0008162,Stim8hr,CD4i_R1,67.0,1121110.0
CD4i_R1_D1_Stim8hr_NTC-897,NTC-897,CE0008162,Stim8hr,CD4i_R1,117.0,1643633.0
CD4i_R1_D1_Stim8hr_NTC-898,NTC-898,CE0008162,Stim8hr,CD4i_R1,59.0,812840.0
CD4i_R1_D1_Stim8hr_NTC-899,NTC-899,CE0008162,Stim8hr,CD4i_R1,81.0,1095763.0
CD4i_R1_D1_Stim8hr_NTC-900,NTC-900,CE0008162,Stim8hr,CD4i_R1,76.0,1113558.0
CD4i_R1_D1_Stim8hr_NTC-901,NTC-901,CE0008162,Stim8hr,CD4i_R1,78.0,1062732.0
CD4i_R1_D1_Stim8hr_NTC-902,NTC-902,CE0008162,Stim8hr,CD4i_R1,107.0,1186990.0
CD4i_R1_D1_Stim8hr_NTC-903,NTC-903,CE0008162,Stim8hr,CD4i_R1,92.0,1263451.0
CD4i_R1_D1_Stim8hr_NTC-904,NTC-904,CE0008162,Stim8hr,CD4i_R1,120.0,1685082.0
CD4i_R1_D1_Stim8hr_NTC-905,NTC-905,CE0008162,Stim8hr,CD4i_R1,89.0,1068418.0
CD4i_R1_D1_Stim8hr_NTC-906,NTC-906,CE0008162,Stim8hr,CD4i_R1,24.0,250241.0
CD4i_R1_D1_Stim8hr_NTC-907,NTC-907,CE0008162,Stim8hr,CD4i_R1,114.0,1389352.0
CD4i_R1_D1_Stim8hr_NTC-908,NTC-908,CE0008162,Stim8hr,CD4i_R1,27.0,344539.0
CD4i_R1_D1_Stim8hr_NTC-909,NTC-909,CE0008162,Stim8hr,CD4i_R1,209.0,2341253.0
CD4i_R1_D1_Stim8hr_NTC-910,NTC-910,CE0008162,Stim8hr,CD4i_R1,55.0,673706.0
CD4i_R1_D1_Stim8hr_NTC-911,NTC-911,CE0008162,Stim8hr,CD4i_R1,82.0,1019028.0
CD4i_R1_D1_Stim8hr_NTC-912,NTC-912,CE0008162,Stim8hr,CD4i_R1,262.0,3368737.0
CD4i_R1_D1_Stim8hr_NTC-913,NTC-913,CE0008162,Stim8hr,CD4i_R1,16.0,227285.0
CD4i_R1_D1_Stim8hr_NTC-914,NTC-914,CE0008162,Stim8hr,CD4i_R1,44.0,615550.0
CD4i_R1_D1_Stim8hr_NTC-915,NTC-915,CE0008162,Stim8hr,CD4i_R1,43.0,568819.0
CD4i_R1_D1_Stim8hr_NTC-916,NTC-916,CE0008162,Stim8hr,CD4i_R1,173.0,1747853.0
CD4i_R1_D1_Stim8hr_NTC-917,NTC-917,CE0008162,Stim8hr,CD4i_R1,88.0,1102639.0
CD4i_R1_D1_Stim8hr_NTC-918,NTC-918,CE0008162,Stim8hr,CD4i_R1,58.0,666194.0
CD4i_R1_D1_Stim8hr_NTC-919,NTC-919,CE0008162,Stim8hr,CD4i_R1,111.0,1289883.0
CD4i_R1_D1_Stim8hr_NTC-920,NTC-920,CE0008162,Stim8hr,CD4i_R1,163.0,2008649.0
CD4i_R1_D1_Stim8hr_NTC-921,NTC-921,CE0008162,Stim8hr,CD4i_R1,134.0,1705161.0
CD4i_R1_D1_Stim8hr_NTC-922,NTC-922,CE0008162,Stim8hr,CD4i_R1,33.0,411166.0
CD4i_R1_D1_Stim8hr_NTC-923,NTC-923,CE0008162,Stim8hr,CD4i_R1,62.0,746084.0
CD4i_R1_D1_Stim8hr_NTC-924,NTC-924,CE0008162,Stim8hr,CD4i_R1,91.0,1095044.0
CD4i_R1_D1_Stim8hr_NTC-925,NTC-925,CE0008162,Stim8hr,CD4i_R1,123.0,1696664.0
CD4i_R1_D1_Stim8hr_NTC-926,NTC-926,CE0008162,Stim8hr,CD4i_R1,66.0,802462.0
CD4i_R1_D1_Stim8hr_NTC-927,NTC-927,CE0008162,Stim8hr,CD4i_R1,79.0,1027315.0
CD4i_R1_D1_Stim8hr_NTC-928,NTC-928,CE0008162,Stim8hr,CD4i_R1,124.0,1531537.0
CD4i_R1_D1_Stim8hr_NTC-929,NTC-929,CE0008162,Stim8hr,CD4i_R1,45.0,593073.0
CD4i_R1_D1_Stim8hr_NTC-930,NTC-930,CE0008162,Stim8hr,CD4i_R1,63.0,785862.0
CD4i_R1_D1_Stim8hr_NTC-931,NTC-931,CE0008162,Stim8hr,CD4i_R1,8.0,104032.0
CD4i_R1_D1_Stim8hr_NTC-932,NTC-932,CE0008162,Stim8hr,CD4i_R1,92.0,1097366.0
CD4i_R1_D1_Stim8hr_NTC-934,NTC-934,CE0008162,Stim8hr,CD4i_R1,329.0,3925877.0
CD4i_R1_D1_Stim8hr_NTC-935,NTC-935,CE0008162,Stim8hr,CD4i_R1,17.0,289973.0
CD4i_R1_D1_Stim8hr_NTC-936,NTC-936,CE0008162,Stim8hr,CD4i_R1,7.0,84326.0
CD4i_R1_D1_Stim8hr_NTC-937,NTC-937,CE0008162,Stim8hr,CD4i_R1,265.0,3446662.0
CD4i_R1_D1_Stim8hr_NTC-938,NTC-938,CE0008162,Stim8hr,CD4i_R1,116.0,1481467.0
CD4i_R1_D1_Stim8hr_NTC-939,NTC-939,CE0008162,Stim8hr,CD4i_R1,107.0,1288363.0
CD4i_R1_D1_Stim8hr_NTC-940,NTC-940,CE0008162,Stim8hr,CD4i_R1,20.0,206729.0
CD4i_R1_D1_Stim8hr_NTC-941,NTC-941,CE0008162,Stim8hr,CD4i_R1,72.0,968838.0
CD4i_R1_D1_Stim8hr_NTC-942,NTC-942,CE0008162,Stim8hr,CD4i_R1,92.0,1107637.0
CD4i_R1_D1_Stim8hr_NTC-943,NTC-943,CE0008162,Stim8hr,CD4i_R1,86.0,1095461.0
CD4i_R1_D1_Stim8hr_NTC-944,NTC-944,CE0008162,Stim8hr,CD4i_R1,64.0,728797.0
CD4i_R1_D1_Stim8hr_NTC-945,NTC-945,CE0008162,Stim8hr,CD4i_R1,354.0,5011522.0
CD4i_R1_D1_Stim8hr_NTC-946,NTC-946,CE0008162,Stim8hr,CD4i_R1,44.0,572463.0
CD4i_R1_D1_Stim8hr_NTC-947,NTC-947,CE0008162,Stim8hr,CD4i_R1,93.0,1219268.0
CD4i_R1_D1_Stim8hr_NTC-948,NTC-948,CE0008162,Stim8hr,CD4i_R1,43.0,641344.0
CD4i_R1_D1_Stim8hr_NTC-949,NTC-949,CE0008162,Stim8hr,CD4i_R1,54.0,680914.0
CD4i_R1_D1_Stim8hr_NTC-950,NTC-950,CE0008162,Stim8hr,CD4i_R1,7.0,67203.0
CD4i_R1_D1_Stim8hr_NTC-951,NTC-951,CE0008162,Stim8hr,CD4i_R1,124.0,1368986.0
CD4i_R1_D1_Stim8hr_NTC-952,NTC-952,CE0008162,Stim8hr,CD4i_R1,12.0,162109.0
CD4i_R1_D1_Stim8hr_NTC-953,NTC-953,CE0008162,Stim8hr,CD4i_R1,21.0,259207.0
CD4i_R1_D1_Stim8hr_NTC-954,NTC-954,CE0008162,Stim8hr,CD4i_R1,144.0,1734021.0
CD4i_R1_D1_Stim8hr_NTC-955,NTC-955,CE0008162,Stim8hr,CD4i_R1,9.0,115887.0
CD4i_R1_D1_Stim8hr_NTC-956,NTC-956,CE0008162,Stim8hr,CD4i_R1,132.0,1508941.0
CD4i_R1_D1_Stim8hr_NTC-957,NTC-957,CE0008162,Stim8hr,CD4i_R1,54.0,696118.0
CD4i_R1_D1_Stim8hr_NTC-958,NTC-958,CE0008162,Stim8hr,CD4i_R1,52.0,487128.0
CD4i_R1_D1_Stim8hr_NTC-959,NTC-959,CE0008162,Stim8hr,CD4i_R1,21.0,338376.0
CD4i_R1_D1_Stim8hr_NTC-960,NTC-960,CE0008162,Stim8hr,CD4i_R1,104.0,1417877.0
CD4i_R1_D1_Stim8hr_NTC-961,NTC-961,CE0008162,Stim8hr,CD4i_R1,146.0,1824271.0
CD4i_R1_D1_Stim8hr_NTC-962,NTC-962,CE0008162,Stim8hr,CD4i_R1,308.0,3973848.0
CD4i_R1_D1_Stim8hr_NTC-964,NTC-964,CE0008162,Stim8hr,CD4i_R1,46.0,583178.0
CD4i_R1_D1_Stim8hr_NTC-966,NTC-966,CE0008162,Stim8hr,CD4i_R1,80.0,895208.0
CD4i_R1_D1_Stim8hr_NTC-967,NTC-967,CE0008162,Stim8hr,CD4i_R1,98.0,1307988.0
CD4i_R1_D1_Stim8hr_NTC-968,NTC-968,CE0008162,Stim8hr,CD4i_R1,125.0,1524180.0
CD4i_R1_D1_Stim8hr_NTC-969,NTC-969,CE0008162,Stim8hr,CD4i_R1,155.0,1975527.0
CD4i_R1_D1_Stim8hr_NTC-970,NTC-970,CE0008162,Stim8hr,CD4i_R1,189.0,2426924.0
CD4i_R1_D1_Stim8hr_NTC-971,NTC-971,CE0008162,Stim8hr,CD4i_R1,69.0,927572.0
CD4i_R1_D1_Stim8hr_NTC-972,NTC-972,CE0008162,Stim8hr,CD4i_R1,108.0,1572618.0
CD4i_R1_D1_Stim8hr_NTC-973,NTC-973,CE0008162,Stim8hr,CD4i_R1,65.0,876988.0
CD4i_R1_D1_Stim8hr_NTC-975,NTC-975,CE0008162,Stim8hr,CD4i_R1,56.0,604238.0
CD4i_R1_D1_Stim8hr_NTC-977,NTC-977,CE0008162,Stim8hr,CD4i_R1,81.0,888079.0
CD4i_R1_D1_Stim8hr_NTC-978,NTC-978,CE0008162,Stim8hr,CD4i_R1,131.0,1788679.0
CD4i_R1_D1_Stim8hr_NTC-979,NTC-979,CE0008162,Stim8hr,CD4i_R1,7.0,144560.0
CD4i_R1_D1_Stim8hr_NTC-980,NTC-980,CE0008162,Stim8hr,CD4i_R1,117.0,1579706.0
CD4i_R1_D1_Stim8hr_NTC-981,NTC-981,CE0008162,Stim8hr,CD4i_R1,70.0,777978.0
CD4i_R1_D1_Stim8hr_NTC-982,NTC-982,CE0008162,Stim8hr,CD4i_R1,58.0,693519.0
CD4i_R1_D1_Stim8hr_NTC-983,NTC-983,CE0008162,Stim8hr,CD4i_R1,6.0,130550.0
CD4i_R1_D1_Stim8hr_NTC-984,NTC-984,CE0008162,Stim8hr,CD4i_R1,134.0,1804266.0
CD4i_R1_D1_Stim8hr_NTC-985,NTC-985,CE0008162,Stim8hr,CD4i_R1,15.0,157740.0
CD4i_R1_D1_Stim8hr_NTC-986,NTC-986,CE0008162,Stim8hr,CD4i_R1,46.0,472487.0
CD4i_R1_D1_Stim8hr_NTC-987,NTC-987,CE0008162,Stim8hr,CD4i_R1,16.0,162933.0
CD4i_R1_D1_Stim8hr_NTC-988,NTC-988,CE0008162,Stim8hr,CD4i_R1,77.0,1060800.0
CD4i_R1_D1_Stim8hr_NTC-989,NTC-989,CE0008162,Stim8hr,CD4i_R1,35.0,463853.0
CD4i_R1_D1_Stim8hr_NTC-990,NTC-990,CE0008162,Stim8hr,CD4i_R1,58.0,831506.0
CD4i_R1_D1_Stim8hr_NTC-991,NTC-991,CE0008162,Stim8hr,CD4i_R1,64.0,805988.0
CD4i_R1_D1_Stim8hr_NTC-992,NTC-992,CE0008162,Stim8hr,CD4i_R1,36.0,441329.0
CD4i_R2_D3_Stim48hr_NTC-002,NTC-002,CE0008678,Stim48hr,CD4i_R2,32.0,401838.0
CD4i_R2_D3_Stim48hr_NTC-003,NTC-003,CE0008678,Stim48hr,CD4i_R2,11.0,122535.0
CD4i_R2_D3_Stim48hr_NTC-004,NTC-004,CE0008678,Stim48hr,CD4i_R2,501.0,5944500.0
CD4i_R2_D3_Stim48hr_NTC-006,NTC-006,CE0008678,Stim48hr,CD4i_R2,315.0,4068098.0
CD4i_R2_D3_Stim48hr_NTC-007,NTC-007,CE0008678,Stim48hr,CD4i_R2,24.0,295154.0
CD4i_R2_D3_Stim48hr_NTC-012,NTC-012,CE0008678,Stim48hr,CD4i_R2,143.0,1811785.0
CD4i_R2_D3_Stim48hr_NTC-013,NTC-013,CE0008678,Stim48hr,CD4i_R2,85.0,1277905.0
CD4i_R2_D3_Stim48hr_NTC-014,NTC-014,CE0008678,Stim48hr,CD4i_R2,30.0,371912.0
CD4i_R2_D3_Stim48hr_NTC-015,NTC-015,CE0008678,Stim48hr,CD4i_R2,120.0,1570567.0
CD4i_R2_D3_Stim48hr_NTC-016,NTC-016,CE0008678,Stim48hr,CD4i_R2,438.0,6080469.0
CD4i_R2_D3_Stim48hr_NTC-017,NTC-017,CE0008678,Stim48hr,CD4i_R2,18.0,221113.0
CD4i_R2_D3_Stim48hr_NTC-018,NTC-018,CE0008678,Stim48hr,CD4i_R2,111.0,1062734.0
CD4i_R2_D3_Stim48hr_NTC-019,NTC-019,CE0008678,Stim48hr,CD4i_R2,472.0,5965805.0
CD4i_R2_D3_Stim48hr_NTC-021,NTC-021,CE0008678,Stim48hr,CD4i_R2,9.0,72017.0
CD4i_R2_D3_Stim48hr_NTC-022,NTC-022,CE0008678,Stim48hr,CD4i_R2,198.0,2733492.0
CD4i_R2_D3_Stim48hr_NTC-023,NTC-023,CE0008678,Stim48hr,CD4i_R2,402.0,5077447.0
CD4i_R2_D3_Stim48hr_NTC-024,NTC-024,CE0008678,Stim48hr,CD4i_R2,75.0,907707.0
CD4i_R2_D3_Stim48hr_NTC-025,NTC-025,CE0008678,Stim48hr,CD4i_R2,15.0,219804.0
CD4i_R2_D3_Stim48hr_NTC-026,NTC-026,CE0008678,Stim48hr,CD4i_R2,158.0,1849026.0
CD4i_R2_D3_Stim48hr_NTC-027,NTC-027,CE0008678,Stim48hr,CD4i_R2,31.0,303231.0
CD4i_R2_D3_Stim48hr_NTC-029,NTC-029,CE0008678,Stim48hr,CD4i_R2,11.0,85259.0
CD4i_R2_D3_Stim48hr_NTC-030,NTC-030,CE0008678,Stim48hr,CD4i_R2,81.0,1092526.0
CD4i_R2_D3_Stim48hr_NTC-035,NTC-035,CE0008678,Stim48hr,CD4i_R2,76.0,831287.0
CD4i_R2_D3_Stim48hr_NTC-036,NTC-036,CE0008678,Stim48hr,CD4i_R2,27.0,273627.0
CD4i_R2_D3_Stim48hr_NTC-037,NTC-037,CE0008678,Stim48hr,CD4i_R2,198.0,2344274.0
CD4i_R2_D3_Stim48hr_NTC-038,NTC-038,CE0008678,Stim48hr,CD4i_R2,9.0,139442.0
CD4i_R2_D3_Stim48hr_NTC-040,NTC-040,CE0008678,Stim48hr,CD4i_R2,384.0,4089146.0
CD4i_R2_D3_Stim48hr_NTC-041,NTC-041,CE0008678,Stim48hr,CD4i_R2,40.0,371173.0
CD4i_R2_D3_Stim48hr_NTC-042,NTC-042,CE0008678,Stim48hr,CD4i_R2,33.0,501603.0
CD4i_R2_D3_Stim48hr_NTC-043,NTC-043,CE0008678,Stim48hr,CD4i_R2,11.0,210039.0
CD4i_R2_D3_Stim48hr_NTC-044,NTC-044,CE0008678,Stim48hr,CD4i_R2,262.0,2583383.0
CD4i_R2_D3_Stim48hr_NTC-045,NTC-045,CE0008678,Stim48hr,CD4i_R2,55.0,557547.0
CD4i_R2_D3_Stim48hr_NTC-047,NTC-047,CE0008678,Stim48hr,CD4i_R2,56.0,692454.0
CD4i_R2_D3_Stim48hr_NTC-048,NTC-048,CE0008678,Stim48hr,CD4i_R2,9.0,87653.0
CD4i_R2_D3_Stim48hr_NTC-049,NTC-049,CE0008678,Stim48hr,CD4i_R2,117.0,1557458.0
CD4i_R2_D3_Stim48hr_NTC-050,NTC-050,CE0008678,Stim48hr,CD4i_R2,138.0,1549085.0
CD4i_R2_D3_Stim48hr_NTC-051,NTC-051,CE0008678,Stim48hr,CD4i_R2,29.0,321805.0
CD4i_R2_D3_Stim48hr_NTC-055,NTC-055,CE0008678,Stim48hr,CD4i_R2,43.0,498438.0
CD4i_R2_D3_Stim48hr_NTC-057,NTC-057,CE0008678,Stim48hr,CD4i_R2,90.0,1064203.0
CD4i_R2_D3_Stim48hr_NTC-058,NTC-058,CE0008678,Stim48hr,CD4i_R2,89.0,1083102.0
CD4i_R2_D3_Stim48hr_NTC-059,NTC-059,CE0008678,Stim48hr,CD4i_R2,10.0,107337.0
CD4i_R2_D3_Stim48hr_NTC-060,NTC-060,CE0008678,Stim48hr,CD4i_R2,82.0,1008990.0
CD4i_R2_D3_Stim48hr_NTC-061,NTC-061,CE0008678,Stim48hr,CD4i_R2,48.0,619784.0
CD4i_R2_D3_Stim48hr_NTC-062,NTC-062,CE0008678,Stim48hr,CD4i_R2,14.0,193859.0
CD4i_R2_D3_Stim48hr_NTC-063,NTC-063,CE0008678,Stim48hr,CD4i_R2,32.0,369682.0
CD4i_R2_D3_Stim48hr_NTC-064,NTC-064,CE0008678,Stim48hr,CD4i_R2,8.0,73824.0
CD4i_R2_D3_Stim48hr_NTC-066,NTC-066,CE0008678,Stim48hr,CD4i_R2,12.0,115809.0
CD4i_R2_D3_Stim48hr_NTC-067,NTC-067,CE0008678,Stim48hr,CD4i_R2,29.0,309143.0
CD4i_R2_D3_Stim48hr_NTC-068,NTC-068,CE0008678,Stim48hr,CD4i_R2,94.0,1244529.0
CD4i_R2_D3_Stim48hr_NTC-070,NTC-070,CE0008678,Stim48hr,CD4i_R2,98.0,1025339.0
CD4i_R2_D3_Stim48hr_NTC-071,NTC-071,CE0008678,Stim48hr,CD4i_R2,58.0,669821.0
CD4i_R2_D3_Stim48hr_NTC-073,NTC-073,CE0008678,Stim48hr,CD4i_R2,124.0,1637945.0
CD4i_R2_D3_Stim48hr_NTC-074,NTC-074,CE0008678,Stim48hr,CD4i_R2,278.0,3471312.0
CD4i_R2_D3_Stim48hr_NTC-075,NTC-075,CE0008678,Stim48hr,CD4i_R2,19.0,182024.0
CD4i_R2_D3_Stim48hr_NTC-076,NTC-076,CE0008678,Stim48hr,CD4i_R2,102.0,1250131.0
CD4i_R2_D3_Stim48hr_NTC-078,NTC-078,CE0008678,Stim48hr,CD4i_R2,412.0,5148020.0
CD4i_R2_D3_Stim48hr_NTC-080,NTC-080,CE0008678,Stim48hr,CD4i_R2,325.0,4216629.0
CD4i_R2_D3_Stim48hr_NTC-082,NTC-082,CE0008678,Stim48hr,CD4i_R2,111.0,1251483.0
CD4i_R2_D3_Stim48hr_NTC-083,NTC-083,CE0008678,Stim48hr,CD4i_R2,13.0,117204.0
CD4i_R2_D3_Stim48hr_NTC-084,NTC-084,CE0008678,Stim48hr,CD4i_R2,125.0,1512867.0
CD4i_R2_D3_Stim48hr_NTC-087,NTC-087,CE0008678,Stim48hr,CD4i_R2,70.0,960581.0
CD4i_R2_D3_Stim48hr_NTC-088,NTC-088,CE0008678,Stim48hr,CD4i_R2,16.0,182546.0
CD4i_R2_D3_Stim48hr_NTC-091,NTC-091,CE0008678,Stim48hr,CD4i_R2,68.0,965697.0
CD4i_R2_D3_Stim48hr_NTC-092,NTC-092,CE0008678,Stim48hr,CD4i_R2,41.0,463449.0
CD4i_R2_D3_Stim48hr_NTC-093,NTC-093,CE0008678,Stim48hr,CD4i_R2,35.0,434471.0
CD4i_R2_D3_Stim48hr_NTC-094,NTC-094,CE0008678,Stim48hr,CD4i_R2,154.0,1541638.0
CD4i_R2_D3_Stim48hr_NTC-095,NTC-095,CE0008678,Stim48hr,CD4i_R2,58.0,642572.0
CD4i_R2_D3_Stim48hr_NTC-096,NTC-096,CE0008678,Stim48hr,CD4i_R2,150.0,2065967.0
CD4i_R2_D3_Stim48hr_NTC-097,NTC-097,CE0008678,Stim48hr,CD4i_R2,61.0,617013.0
CD4i_R2_D3_Stim48hr_NTC-098,NTC-098,CE0008678,Stim48hr,CD4i_R2,135.0,1438126.0
CD4i_R2_D3_Stim48hr_NTC-099,NTC-099,CE0008678,Stim48hr,CD4i_R2,95.0,1171216.0
CD4i_R2_D3_Stim48hr_NTC-101,NTC-101,CE0008678,Stim48hr,CD4i_R2,217.0,2746293.0
CD4i_R2_D3_Stim48hr_NTC-103,NTC-103,CE0008678,Stim48hr,CD4i_R2,58.0,787434.0
CD4i_R2_D3_Stim48hr_NTC-104,NTC-104,CE0008678,Stim48hr,CD4i_R2,45.0,624778.0
CD4i_R2_D3_Stim48hr_NTC-105,NTC-105,CE0008678,Stim48hr,CD4i_R2,24.0,252519.0
CD4i_R2_D3_Stim48hr_NTC-107,NTC-107,CE0008678,Stim48hr,CD4i_R2,86.0,1155373.0
CD4i_R2_D3_Stim48hr_NTC-108,NTC-108,CE0008678,Stim48hr,CD4i_R2,49.0,628370.0
CD4i_R2_D3_Stim48hr_NTC-112,NTC-112,CE0008678,Stim48hr,CD4i_R2,13.0,157238.0
CD4i_R2_D3_Stim48hr_NTC-114,NTC-114,CE0008678,Stim48hr,CD4i_R2,5.0,46772.0
CD4i_R2_D3_Stim48hr_NTC-115,NTC-115,CE0008678,Stim48hr,CD4i_R2,82.0,942079.0
CD4i_R2_D3_Stim48hr_NTC-118,NTC-118,CE0008678,Stim48hr,CD4i_R2,9.0,144135.0
CD4i_R2_D3_Stim48hr_NTC-119,NTC-119,CE0008678,Stim48hr,CD4i_R2,32.0,462444.0
CD4i_R2_D3_Stim48hr_NTC-120,NTC-120,CE0008678,Stim48hr,CD4i_R2,150.0,1810639.0
CD4i_R2_D3_Stim48hr_NTC-122,NTC-122,CE0008678,Stim48hr,CD4i_R2,132.0,1580881.0
CD4i_R2_D3_Stim48hr_NTC-123,NTC-123,CE0008678,Stim48hr,CD4i_R2,115.0,1338867.0
CD4i_R2_D3_Stim48hr_NTC-125,NTC-125,CE0008678,Stim48hr,CD4i_R2,59.0,609109.0
CD4i_R2_D3_Stim48hr_NTC-126,NTC-126,CE0008678,Stim48hr,CD4i_R2,6.0,88853.0
CD4i_R2_D3_Stim48hr_NTC-127,NTC-127,CE0008678,Stim48hr,CD4i_R2,140.0,1774600.0
CD4i_R2_D3_Stim48hr_NTC-129,NTC-129,CE0008678,Stim48hr,CD4i_R2,256.0,2932269.0
CD4i_R2_D3_Stim48hr_NTC-130,NTC-130,CE0008678,Stim48hr,CD4i_R2,76.0,936965.0
CD4i_R2_D3_Stim48hr_NTC-131,NTC-131,CE0008678,Stim48hr,CD4i_R2,310.0,3807229.0
CD4i_R2_D3_Stim48hr_NTC-132,NTC-132,CE0008678,Stim48hr,CD4i_R2,44.0,455363.0
CD4i_R2_D3_Stim48hr_NTC-133,NTC-133,CE0008678,Stim48hr,CD4i_R2,103.0,1074743.0
CD4i_R2_D3_Stim48hr_NTC-135,NTC-135,CE0008678,Stim48hr,CD4i_R2,30.0,427780.0
CD4i_R2_D3_Stim48hr_NTC-136,NTC-136,CE0008678,Stim48hr,CD4i_R2,72.0,836615.0
CD4i_R2_D3_Stim48hr_NTC-137,NTC-137,CE0008678,Stim48hr,CD4i_R2,44.0,400797.0
CD4i_R2_D3_Stim48hr_NTC-138,NTC-138,CE0008678,Stim48hr,CD4i_R2,10.0,145000.0
CD4i_R2_D3_Stim48hr_NTC-140,NTC-140,CE0008678,Stim48hr,CD4i_R2,96.0,1231107.0
CD4i_R2_D3_Stim48hr_NTC-141,NTC-141,CE0008678,Stim48hr,CD4i_R2,29.0,340511.0
CD4i_R2_D3_Stim48hr_NTC-142,NTC-142,CE0008678,Stim48hr,CD4i_R2,353.0,4198790.0
CD4i_R2_D3_Stim48hr_NTC-150,NTC-150,CE0008678,Stim48hr,CD4i_R2,6.0,48643.0
CD4i_R2_D3_Stim48hr_NTC-151,NTC-151,CE0008678,Stim48hr,CD4i_R2,57.0,650252.0
CD4i_R2_D3_Stim48hr_NTC-153,NTC-153,CE0008678,Stim48hr,CD4i_R2,29.0,333649.0
CD4i_R2_D3_Stim48hr_NTC-154,NTC-154,CE0008678,Stim48hr,CD4i_R2,12.0,167945.0
CD4i_R2_D3_Stim48hr_NTC-155,NTC-155,CE0008678,Stim48hr,CD4i_R2,37.0,423241.0
CD4i_R2_D3_Stim48hr_NTC-156,NTC-156,CE0008678,Stim48hr,CD4i_R2,42.0,626235.0
CD4i_R2_D3_Stim48hr_NTC-157,NTC-157,CE0008678,Stim48hr,CD4i_R2,92.0,1199865.0
CD4i_R2_D3_Stim48hr_NTC-158,NTC-158,CE0008678,Stim48hr,CD4i_R2,5.0,81525.0
CD4i_R2_D3_Stim48hr_NTC-159,NTC-159,CE0008678,Stim48hr,CD4i_R2,49.0,575727.0
CD4i_R2_D3_Stim48hr_NTC-160,NTC-160,CE0008678,Stim48hr,CD4i_R2,37.0,511389.0
CD4i_R2_D3_Stim48hr_NTC-163,NTC-163,CE0008678,Stim48hr,CD4i_R2,55.0,648547.0
CD4i_R2_D3_Stim48hr_NTC-164,NTC-164,CE0008678,Stim48hr,CD4i_R2,159.0,1764628.0
CD4i_R2_D3_Stim48hr_NTC-167,NTC-167,CE0008678,Stim48hr,CD4i_R2,406.0,4938535.0
CD4i_R2_D3_Stim48hr_NTC-169,NTC-169,CE0008678,Stim48hr,CD4i_R2,158.0,1920968.0
CD4i_R2_D3_Stim48hr_NTC-170,NTC-170,CE0008678,Stim48hr,CD4i_R2,15.0,165780.0
CD4i_R2_D3_Stim48hr_NTC-171,NTC-171,CE0008678,Stim48hr,CD4i_R2,60.0,674713.0
CD4i_R2_D3_Stim48hr_NTC-172,NTC-172,CE0008678,Stim48hr,CD4i_R2,151.0,2136465.0
CD4i_R2_D3_Stim48hr_NTC-173,NTC-173,CE0008678,Stim48hr,CD4i_R2,27.0,269101.0
CD4i_R2_D3_Stim48hr_NTC-174,NTC-174,CE0008678,Stim48hr,CD4i_R2,141.0,1879186.0
CD4i_R2_D3_Stim48hr_NTC-175,NTC-175,CE0008678,Stim48hr,CD4i_R2,39.0,490561.0
CD4i_R2_D3_Stim48hr_NTC-176,NTC-176,CE0008678,Stim48hr,CD4i_R2,203.0,2615816.0
CD4i_R2_D3_Stim48hr_NTC-177,NTC-177,CE0008678,Stim48hr,CD4i_R2,88.0,1080402.0
CD4i_R2_D3_Stim48hr_NTC-180,NTC-180,CE0008678,Stim48hr,CD4i_R2,32.0,448082.0
CD4i_R2_D3_Stim48hr_NTC-181,NTC-181,CE0008678,Stim48hr,CD4i_R2,159.0,1937922.0
CD4i_R2_D3_Stim48hr_NTC-182,NTC-182,CE0008678,Stim48hr,CD4i_R2,8.0,103546.0
CD4i_R2_D3_Stim48hr_NTC-184,NTC-184,CE0008678,Stim48hr,CD4i_R2,99.0,1131590.0
CD4i_R2_D3_Stim48hr_NTC-186,NTC-186,CE0008678,Stim48hr,CD4i_R2,21.0,266438.0
CD4i_R2_D3_Stim48hr_NTC-188,NTC-188,CE0008678,Stim48hr,CD4i_R2,6.0,69140.0
CD4i_R2_D3_Stim48hr_NTC-189,NTC-189,CE0008678,Stim48hr,CD4i_R2,51.0,520668.0
CD4i_R2_D3_Stim48hr_NTC-190,NTC-190,CE0008678,Stim48hr,CD4i_R2,90.0,1037644.0
CD4i_R2_D3_Stim48hr_NTC-191,NTC-191,CE0008678,Stim48hr,CD4i_R2,149.0,1884097.0
CD4i_R2_D3_Stim48hr_NTC-192,NTC-192,CE0008678,Stim48hr,CD4i_R2,5.0,47520.0
CD4i_R2_D3_Stim48hr_NTC-193,NTC-193,CE0008678,Stim48hr,CD4i_R2,80.0,1152829.0
CD4i_R2_D3_Stim48hr_NTC-194,NTC-194,CE0008678,Stim48hr,CD4i_R2,63.0,640707.0
CD4i_R2_D3_Stim48hr_NTC-195,NTC-195,CE0008678,Stim48hr,CD4i_R2,103.0,1137496.0
CD4i_R2_D3_Stim48hr_NTC-196,NTC-196,CE0008678,Stim48hr,CD4i_R2,183.0,1940280.0
CD4i_R2_D3_Stim48hr_NTC-197,NTC-197,CE0008678,Stim48hr,CD4i_R2,37.0,385441.0
CD4i_R2_D3_Stim48hr_NTC-198,NTC-198,CE0008678,Stim48hr,CD4i_R2,277.0,3522052.0
CD4i_R2_D3_Stim48hr_NTC-199,NTC-199,CE0008678,Stim48hr,CD4i_R2,163.0,2235487.0
CD4i_R2_D3_Stim48hr_NTC-205,NTC-205,CE0008678,Stim48hr,CD4i_R2,11.0,156158.0
CD4i_R2_D3_Stim48hr_NTC-206,NTC-206,CE0008678,Stim48hr,CD4i_R2,150.0,1790959.0
CD4i_R2_D3_Stim48hr_NTC-208,NTC-208,CE0008678,Stim48hr,CD4i_R2,42.0,489656.0
CD4i_R2_D3_Stim48hr_NTC-209,NTC-209,CE0008678,Stim48hr,CD4i_R2,125.0,1679989.0
CD4i_R2_D3_Stim48hr_NTC-211,NTC-211,CE0008678,Stim48hr,CD4i_R2,10.0,109929.0
CD4i_R2_D3_Stim48hr_NTC-212,NTC-212,CE0008678,Stim48hr,CD4i_R2,23.0,314685.0
CD4i_R2_D3_Stim48hr_NTC-213,NTC-213,CE0008678,Stim48hr,CD4i_R2,68.0,925741.0
CD4i_R2_D3_Stim48hr_NTC-214,NTC-214,CE0008678,Stim48hr,CD4i_R2,134.0,1557271.0
CD4i_R2_D3_Stim48hr_NTC-215,NTC-215,CE0008678,Stim48hr,CD4i_R2,34.0,397143.0
CD4i_R2_D3_Stim48hr_NTC-217,NTC-217,CE0008678,Stim48hr,CD4i_R2,19.0,271354.0
CD4i_R2_D3_Stim48hr_NTC-219,NTC-219,CE0008678,Stim48hr,CD4i_R2,45.0,544879.0
CD4i_R2_D3_Stim48hr_NTC-220,NTC-220,CE0008678,Stim48hr,CD4i_R2,62.0,762384.0
CD4i_R2_D3_Stim48hr_NTC-221,NTC-221,CE0008678,Stim48hr,CD4i_R2,43.0,475476.0
CD4i_R2_D3_Stim48hr_NTC-222,NTC-222,CE0008678,Stim48hr,CD4i_R2,91.0,1007949.0
CD4i_R2_D3_Stim48hr_NTC-224,NTC-224,CE0008678,Stim48hr,CD4i_R2,6.0,51453.0
CD4i_R2_D3_Stim48hr_NTC-226,NTC-226,CE0008678,Stim48hr,CD4i_R2,10.0,122469.0
CD4i_R2_D3_Stim48hr_NTC-228,NTC-228,CE0008678,Stim48hr,CD4i_R2,78.0,811770.0
CD4i_R2_D3_Stim48hr_NTC-231,NTC-231,CE0008678,Stim48hr,CD4i_R2,148.0,1751381.0
CD4i_R2_D3_Stim48hr_NTC-232,NTC-232,CE0008678,Stim48hr,CD4i_R2,128.0,1673302.0
CD4i_R2_D3_Stim48hr_NTC-233,NTC-233,CE0008678,Stim48hr,CD4i_R2,8.0,85721.0
CD4i_R2_D3_Stim48hr_NTC-235,NTC-235,CE0008678,Stim48hr,CD4i_R2,110.0,1467935.0
CD4i_R2_D3_Stim48hr_NTC-236,NTC-236,CE0008678,Stim48hr,CD4i_R2,60.0,629629.0
CD4i_R2_D3_Stim48hr_NTC-237,NTC-237,CE0008678,Stim48hr,CD4i_R2,71.0,830330.0
CD4i_R2_D3_Stim48hr_NTC-242,NTC-242,CE0008678,Stim48hr,CD4i_R2,224.0,2528299.0
CD4i_R2_D3_Stim48hr_NTC-244,NTC-244,CE0008678,Stim48hr,CD4i_R2,23.0,247468.0
CD4i_R2_D3_Stim48hr_NTC-245,NTC-245,CE0008678,Stim48hr,CD4i_R2,198.0,2416554.0
CD4i_R2_D3_Stim48hr_NTC-246,NTC-246,CE0008678,Stim48hr,CD4i_R2,61.0,731994.0
CD4i_R2_D3_Stim48hr_NTC-247,NTC-247,CE0008678,Stim48hr,CD4i_R2,11.0,90593.0
CD4i_R2_D3_Stim48hr_NTC-248,NTC-248,CE0008678,Stim48hr,CD4i_R2,55.0,703300.0
CD4i_R2_D3_Stim48hr_NTC-249,NTC-249,CE0008678,Stim48hr,CD4i_R2,141.0,1735592.0
CD4i_R2_D3_Stim48hr_NTC-250,NTC-250,CE0008678,Stim48hr,CD4i_R2,417.0,5308016.0
CD4i_R2_D3_Stim48hr_NTC-254,NTC-254,CE0008678,Stim48hr,CD4i_R2,60.0,862748.0
CD4i_R2_D3_Stim48hr_NTC-256,NTC-256,CE0008678,Stim48hr,CD4i_R2,92.0,1328600.0
CD4i_R2_D3_Stim48hr_NTC-257,NTC-257,CE0008678,Stim48hr,CD4i_R2,54.0,637697.0
CD4i_R2_D3_Stim48hr_NTC-258,NTC-258,CE0008678,Stim48hr,CD4i_R2,117.0,1073129.0
CD4i_R2_D3_Stim48hr_NTC-260,NTC-260,CE0008678,Stim48hr,CD4i_R2,35.0,403833.0
CD4i_R2_D3_Stim48hr_NTC-261,NTC-261,CE0008678,Stim48hr,CD4i_R2,5.0,60393.0
CD4i_R2_D3_Stim48hr_NTC-262,NTC-262,CE0008678,Stim48hr,CD4i_R2,193.0,2393648.0
CD4i_R2_D3_Stim48hr_NTC-263,NTC-263,CE0008678,Stim48hr,CD4i_R2,66.0,785320.0
CD4i_R2_D3_Stim48hr_NTC-264,NTC-264,CE0008678,Stim48hr,CD4i_R2,102.0,1051891.0
CD4i_R2_D3_Stim48hr_NTC-265,NTC-265,CE0008678,Stim48hr,CD4i_R2,20.0,274294.0
CD4i_R2_D3_Stim48hr_NTC-267,NTC-267,CE0008678,Stim48hr,CD4i_R2,149.0,1886202.0
CD4i_R2_D3_Stim48hr_NTC-268,NTC-268,CE0008678,Stim48hr,CD4i_R2,64.0,648068.0
CD4i_R2_D3_Stim48hr_NTC-270,NTC-270,CE0008678,Stim48hr,CD4i_R2,66.0,867580.0
CD4i_R2_D3_Stim48hr_NTC-271,NTC-271,CE0008678,Stim48hr,CD4i_R2,235.0,2808936.0
CD4i_R2_D3_Stim48hr_NTC-273,NTC-273,CE0008678,Stim48hr,CD4i_R2,36.0,512246.0
CD4i_R2_D3_Stim48hr_NTC-274,NTC-274,CE0008678,Stim48hr,CD4i_R2,10.0,106170.0
CD4i_R2_D3_Stim48hr_NTC-275,NTC-275,CE0008678,Stim48hr,CD4i_R2,137.0,2004101.0
CD4i_R2_D3_Stim48hr_NTC-276,NTC-276,CE0008678,Stim48hr,CD4i_R2,94.0,1106902.0
CD4i_R2_D3_Stim48hr_NTC-277,NTC-277,CE0008678,Stim48hr,CD4i_R2,28.0,324775.0
CD4i_R2_D3_Stim48hr_NTC-278,NTC-278,CE0008678,Stim48hr,CD4i_R2,86.0,1043147.0
CD4i_R2_D3_Stim48hr_NTC-280,NTC-280,CE0008678,Stim48hr,CD4i_R2,157.0,1847001.0
CD4i_R2_D3_Stim48hr_NTC-285,NTC-285,CE0008678,Stim48hr,CD4i_R2,7.0,101955.0
CD4i_R2_D3_Stim48hr_NTC-287,NTC-287,CE0008678,Stim48hr,CD4i_R2,146.0,1726625.0
CD4i_R2_D3_Stim48hr_NTC-288,NTC-288,CE0008678,Stim48hr,CD4i_R2,43.0,613258.0
CD4i_R2_D3_Stim48hr_NTC-289,NTC-289,CE0008678,Stim48hr,CD4i_R2,25.0,386626.0
CD4i_R2_D3_Stim48hr_NTC-290,NTC-290,CE0008678,Stim48hr,CD4i_R2,88.0,1115466.0
CD4i_R2_D3_Stim48hr_NTC-291,NTC-291,CE0008678,Stim48hr,CD4i_R2,317.0,4051992.0
CD4i_R2_D3_Stim48hr_NTC-292,NTC-292,CE0008678,Stim48hr,CD4i_R2,36.0,422036.0
CD4i_R2_D3_Stim48hr_NTC-293,NTC-293,CE0008678,Stim48hr,CD4i_R2,65.0,849076.0
CD4i_R2_D3_Stim48hr_NTC-295,NTC-295,CE0008678,Stim48hr,CD4i_R2,87.0,978949.0
CD4i_R2_D3_Stim48hr_NTC-296,NTC-296,CE0008678,Stim48hr,CD4i_R2,408.0,5132388.0
CD4i_R2_D3_Stim48hr_NTC-297,NTC-297,CE0008678,Stim48hr,CD4i_R2,35.0,394979.0
CD4i_R2_D3_Stim48hr_NTC-298,NTC-298,CE0008678,Stim48hr,CD4i_R2,9.0,98236.0
CD4i_R2_D3_Stim48hr_NTC-299,NTC-299,CE0008678,Stim48hr,CD4i_R2,49.0,540838.0
CD4i_R2_D3_Stim48hr_NTC-301,NTC-301,CE0008678,Stim48hr,CD4i_R2,256.0,3008476.0
CD4i_R2_D3_Stim48hr_NTC-302,NTC-302,CE0008678,Stim48hr,CD4i_R2,201.0,2536770.0
CD4i_R2_D3_Stim48hr_NTC-303,NTC-303,CE0008678,Stim48hr,CD4i_R2,147.0,1842853.0
CD4i_R2_D3_Stim48hr_NTC-305,NTC-305,CE0008678,Stim48hr,CD4i_R2,239.0,2688898.0
CD4i_R2_D3_Stim48hr_NTC-306,NTC-306,CE0008678,Stim48hr,CD4i_R2,294.0,3683820.0
CD4i_R2_D3_Stim48hr_NTC-307,NTC-307,CE0008678,Stim48hr,CD4i_R2,314.0,4058585.0
CD4i_R2_D3_Stim48hr_NTC-310,NTC-310,CE0008678,Stim48hr,CD4i_R2,226.0,2748949.0
CD4i_R2_D3_Stim48hr_NTC-311,NTC-311,CE0008678,Stim48hr,CD4i_R2,108.0,1304764.0
CD4i_R2_D3_Stim48hr_NTC-312,NTC-312,CE0008678,Stim48hr,CD4i_R2,14.0,158720.0
CD4i_R2_D3_Stim48hr_NTC-314,NTC-314,CE0008678,Stim48hr,CD4i_R2,21.0,367119.0
CD4i_R2_D3_Stim48hr_NTC-317,NTC-317,CE0008678,Stim48hr,CD4i_R2,277.0,3462600.0
CD4i_R2_D3_Stim48hr_NTC-318,NTC-318,CE0008678,Stim48hr,CD4i_R2,18.0,209018.0
CD4i_R2_D3_Stim48hr_NTC-319,NTC-319,CE0008678,Stim48hr,CD4i_R2,247.0,3009436.0
CD4i_R2_D3_Stim48hr_NTC-320,NTC-320,CE0008678,Stim48hr,CD4i_R2,64.0,747384.0
CD4i_R2_D3_Stim48hr_NTC-321,NTC-321,CE0008678,Stim48hr,CD4i_R2,6.0,70671.0
CD4i_R2_D3_Stim48hr_NTC-322,NTC-322,CE0008678,Stim48hr,CD4i_R2,9.0,94506.0
CD4i_R2_D3_Stim48hr_NTC-323,NTC-323,CE0008678,Stim48hr,CD4i_R2,96.0,1194496.0
CD4i_R2_D3_Stim48hr_NTC-324,NTC-324,CE0008678,Stim48hr,CD4i_R2,106.0,1202975.0
CD4i_R2_D3_Stim48hr_NTC-325,NTC-325,CE0008678,Stim48hr,CD4i_R2,9.0,90122.0
CD4i_R2_D3_Stim48hr_NTC-326,NTC-326,CE0008678,Stim48hr,CD4i_R2,14.0,144491.0
CD4i_R2_D3_Stim48hr_NTC-327,NTC-327,CE0008678,Stim48hr,CD4i_R2,5.0,34665.0
CD4i_R2_D3_Stim48hr_NTC-328,NTC-328,CE0008678,Stim48hr,CD4i_R2,71.0,726470.0
CD4i_R2_D3_Stim48hr_NTC-332,NTC-332,CE0008678,Stim48hr,CD4i_R2,49.0,561268.0
CD4i_R2_D3_Stim48hr_NTC-333,NTC-333,CE0008678,Stim48hr,CD4i_R2,25.0,309793.0
CD4i_R2_D3_Stim48hr_NTC-334,NTC-334,CE0008678,Stim48hr,CD4i_R2,24.0,244856.0
CD4i_R2_D3_Stim48hr_NTC-335,NTC-335,CE0008678,Stim48hr,CD4i_R2,5.0,49778.0
CD4i_R2_D3_Stim48hr_NTC-336,NTC-336,CE0008678,Stim48hr,CD4i_R2,19.0,227445.0
CD4i_R2_D3_Stim48hr_NTC-338,NTC-338,CE0008678,Stim48hr,CD4i_R2,30.0,351660.0
CD4i_R2_D3_Stim48hr_NTC-339,NTC-339,CE0008678,Stim48hr,CD4i_R2,434.0,5697203.0
CD4i_R2_D3_Stim48hr_NTC-340,NTC-340,CE0008678,Stim48hr,CD4i_R2,161.0,1804855.0
CD4i_R2_D3_Stim48hr_NTC-343,NTC-343,CE0008678,Stim48hr,CD4i_R2,110.0,1290050.0
CD4i_R2_D3_Stim48hr_NTC-344,NTC-344,CE0008678,Stim48hr,CD4i_R2,118.0,1364590.0
CD4i_R2_D3_Stim48hr_NTC-346,NTC-346,CE0008678,Stim48hr,CD4i_R2,25.0,246667.0
CD4i_R2_D3_Stim48hr_NTC-348,NTC-348,CE0008678,Stim48hr,CD4i_R2,8.0,53768.0
CD4i_R2_D3_Stim48hr_NTC-351,NTC-351,CE0008678,Stim48hr,CD4i_R2,17.0,254630.0
CD4i_R2_D3_Stim48hr_NTC-352,NTC-352,CE0008678,Stim48hr,CD4i_R2,72.0,969374.0
CD4i_R2_D3_Stim48hr_NTC-353,NTC-353,CE0008678,Stim48hr,CD4i_R2,27.0,297256.0
CD4i_R2_D3_Stim48hr_NTC-354,NTC-354,CE0008678,Stim48hr,CD4i_R2,26.0,382019.0
CD4i_R2_D3_Stim48hr_NTC-355,NTC-355,CE0008678,Stim48hr,CD4i_R2,75.0,928148.0
CD4i_R2_D3_Stim48hr_NTC-356,NTC-356,CE0008678,Stim48hr,CD4i_R2,23.0,311109.0
CD4i_R2_D3_Stim48hr_NTC-357,NTC-357,CE0008678,Stim48hr,CD4i_R2,13.0,176672.0
CD4i_R2_D3_Stim48hr_NTC-359,NTC-359,CE0008678,Stim48hr,CD4i_R2,19.0,221805.0
CD4i_R2_D3_Stim48hr_NTC-361,NTC-361,CE0008678,Stim48hr,CD4i_R2,167.0,1924690.0
CD4i_R2_D3_Stim48hr_NTC-362,NTC-362,CE0008678,Stim48hr,CD4i_R2,93.0,1107125.0
CD4i_R2_D3_Stim48hr_NTC-363,NTC-363,CE0008678,Stim48hr,CD4i_R2,5.0,59049.0
CD4i_R2_D3_Stim48hr_NTC-365,NTC-365,CE0008678,Stim48hr,CD4i_R2,115.0,1337574.0
CD4i_R2_D3_Stim48hr_NTC-366,NTC-366,CE0008678,Stim48hr,CD4i_R2,6.0,37584.0
CD4i_R2_D3_Stim48hr_NTC-367,NTC-367,CE0008678,Stim48hr,CD4i_R2,29.0,396471.0
CD4i_R2_D3_Stim48hr_NTC-370,NTC-370,CE0008678,Stim48hr,CD4i_R2,233.0,3054211.0
CD4i_R2_D3_Stim48hr_NTC-371,NTC-371,CE0008678,Stim48hr,CD4i_R2,21.0,259955.0
CD4i_R2_D3_Stim48hr_NTC-372,NTC-372,CE0008678,Stim48hr,CD4i_R2,152.0,1936925.0
CD4i_R2_D3_Stim48hr_NTC-374,NTC-374,CE0008678,Stim48hr,CD4i_R2,111.0,1311866.0
CD4i_R2_D3_Stim48hr_NTC-376,NTC-376,CE0008678,Stim48hr,CD4i_R2,27.0,256874.0
CD4i_R2_D3_Stim48hr_NTC-377,NTC-377,CE0008678,Stim48hr,CD4i_R2,41.0,498931.0
CD4i_R2_D3_Stim48hr_NTC-378,NTC-378,CE0008678,Stim48hr,CD4i_R2,392.0,4606806.0
CD4i_R2_D3_Stim48hr_NTC-381,NTC-381,CE0008678,Stim48hr,CD4i_R2,51.0,703798.0
CD4i_R2_D3_Stim48hr_NTC-382,NTC-382,CE0008678,Stim48hr,CD4i_R2,110.0,1376527.0
CD4i_R2_D3_Stim48hr_NTC-383,NTC-383,CE0008678,Stim48hr,CD4i_R2,34.0,375751.0
CD4i_R2_D3_Stim48hr_NTC-384,NTC-384,CE0008678,Stim48hr,CD4i_R2,109.0,1050580.0
CD4i_R2_D3_Stim48hr_NTC-386,NTC-386,CE0008678,Stim48hr,CD4i_R2,430.0,5427803.0
CD4i_R2_D3_Stim48hr_NTC-387,NTC-387,CE0008678,Stim48hr,CD4i_R2,83.0,1041897.0
CD4i_R2_D3_Stim48hr_NTC-388,NTC-388,CE0008678,Stim48hr,CD4i_R2,189.0,2487469.0
CD4i_R2_D3_Stim48hr_NTC-389,NTC-389,CE0008678,Stim48hr,CD4i_R2,37.0,477737.0
CD4i_R2_D3_Stim48hr_NTC-390,NTC-390,CE0008678,Stim48hr,CD4i_R2,18.0,253472.0
CD4i_R2_D3_Stim48hr_NTC-391,NTC-391,CE0008678,Stim48hr,CD4i_R2,103.0,1387987.0
CD4i_R2_D3_Stim48hr_NTC-392,NTC-392,CE0008678,Stim48hr,CD4i_R2,48.0,670419.0
CD4i_R2_D3_Stim48hr_NTC-393,NTC-393,CE0008678,Stim48hr,CD4i_R2,153.0,2020831.0
CD4i_R2_D3_Stim48hr_NTC-394,NTC-394,CE0008678,Stim48hr,CD4i_R2,103.0,1443335.0
CD4i_R2_D3_Stim48hr_NTC-397,NTC-397,CE0008678,Stim48hr,CD4i_R2,10.0,115577.0
CD4i_R2_D3_Stim48hr_NTC-400,NTC-400,CE0008678,Stim48hr,CD4i_R2,5.0,51706.0
CD4i_R2_D3_Stim48hr_NTC-401,NTC-401,CE0008678,Stim48hr,CD4i_R2,36.0,391805.0
CD4i_R2_D3_Stim48hr_NTC-404,NTC-404,CE0008678,Stim48hr,CD4i_R2,58.0,706145.0
CD4i_R2_D3_Stim48hr_NTC-406,NTC-406,CE0008678,Stim48hr,CD4i_R2,73.0,880455.0
CD4i_R2_D3_Stim48hr_NTC-407,NTC-407,CE0008678,Stim48hr,CD4i_R2,241.0,3140884.0
CD4i_R2_D3_Stim48hr_NTC-408,NTC-408,CE0008678,Stim48hr,CD4i_R2,126.0,1569452.0
CD4i_R2_D3_Stim48hr_NTC-409,NTC-409,CE0008678,Stim48hr,CD4i_R2,293.0,4011373.0
CD4i_R2_D3_Stim48hr_NTC-411,NTC-411,CE0008678,Stim48hr,CD4i_R2,14.0,137387.0
CD4i_R2_D3_Stim48hr_NTC-412,NTC-412,CE0008678,Stim48hr,CD4i_R2,11.0,126867.0
CD4i_R2_D3_Stim48hr_NTC-413,NTC-413,CE0008678,Stim48hr,CD4i_R2,144.0,1698271.0
CD4i_R2_D3_Stim48hr_NTC-414,NTC-414,CE0008678,Stim48hr,CD4i_R2,35.0,388685.0
CD4i_R2_D3_Stim48hr_NTC-416,NTC-416,CE0008678,Stim48hr,CD4i_R2,34.0,402042.0
CD4i_R2_D3_Stim48hr_NTC-417,NTC-417,CE0008678,Stim48hr,CD4i_R2,27.0,306211.0
CD4i_R2_D3_Stim48hr_NTC-420,NTC-420,CE0008678,Stim48hr,CD4i_R2,116.0,1541905.0
CD4i_R2_D3_Stim48hr_NTC-422,NTC-422,CE0008678,Stim48hr,CD4i_R2,8.0,79849.0
CD4i_R2_D3_Stim48hr_NTC-423,NTC-423,CE0008678,Stim48hr,CD4i_R2,18.0,239041.0
CD4i_R2_D3_Stim48hr_NTC-424,NTC-424,CE0008678,Stim48hr,CD4i_R2,209.0,2526214.0
CD4i_R2_D3_Stim48hr_NTC-425,NTC-425,CE0008678,Stim48hr,CD4i_R2,93.0,1037641.0
CD4i_R2_D3_Stim48hr_NTC-426,NTC-426,CE0008678,Stim48hr,CD4i_R2,69.0,786319.0
CD4i_R2_D3_Stim48hr_NTC-427,NTC-427,CE0008678,Stim48hr,CD4i_R2,81.0,1034653.0
CD4i_R2_D3_Stim48hr_NTC-428,NTC-428,CE0008678,Stim48hr,CD4i_R2,100.0,1120219.0
CD4i_R2_D3_Stim48hr_NTC-429,NTC-429,CE0008678,Stim48hr,CD4i_R2,99.0,1273584.0
CD4i_R2_D3_Stim48hr_NTC-430,NTC-430,CE0008678,Stim48hr,CD4i_R2,151.0,1767989.0
CD4i_R2_D3_Stim48hr_NTC-431,NTC-431,CE0008678,Stim48hr,CD4i_R2,16.0,205217.0
CD4i_R2_D3_Stim48hr_NTC-432,NTC-432,CE0008678,Stim48hr,CD4i_R2,17.0,190932.0
CD4i_R2_D3_Stim48hr_NTC-433,NTC-433,CE0008678,Stim48hr,CD4i_R2,80.0,884773.0
CD4i_R2_D3_Stim48hr_NTC-434,NTC-434,CE0008678,Stim48hr,CD4i_R2,44.0,450521.0
CD4i_R2_D3_Stim48hr_NTC-436,NTC-436,CE0008678,Stim48hr,CD4i_R2,18.0,266299.0
CD4i_R2_D3_Stim48hr_NTC-437,NTC-437,CE0008678,Stim48hr,CD4i_R2,28.0,335683.0
CD4i_R2_D3_Stim48hr_NTC-438,NTC-438,CE0008678,Stim48hr,CD4i_R2,186.0,2450224.0
CD4i_R2_D3_Stim48hr_NTC-439,NTC-439,CE0008678,Stim48hr,CD4i_R2,112.0,1295461.0
CD4i_R2_D3_Stim48hr_NTC-441,NTC-441,CE0008678,Stim48hr,CD4i_R2,7.0,94513.0
CD4i_R2_D3_Stim48hr_NTC-443,NTC-443,CE0008678,Stim48hr,CD4i_R2,19.0,211816.0
CD4i_R2_D3_Stim48hr_NTC-444,NTC-444,CE0008678,Stim48hr,CD4i_R2,220.0,3037166.0
CD4i_R2_D3_Stim48hr_NTC-445,NTC-445,CE0008678,Stim48hr,CD4i_R2,75.0,1052619.0
CD4i_R2_D3_Stim48hr_NTC-446,NTC-446,CE0008678,Stim48hr,CD4i_R2,10.0,108696.0
CD4i_R2_D3_Stim48hr_NTC-447,NTC-447,CE0008678,Stim48hr,CD4i_R2,73.0,839816.0
CD4i_R2_D3_Stim48hr_NTC-450,NTC-450,CE0008678,Stim48hr,CD4i_R2,6.0,73699.0
CD4i_R2_D3_Stim48hr_NTC-452,NTC-452,CE0008678,Stim48hr,CD4i_R2,54.0,696239.0
CD4i_R2_D3_Stim48hr_NTC-453,NTC-453,CE0008678,Stim48hr,CD4i_R2,16.0,214048.0
CD4i_R2_D3_Stim48hr_NTC-454,NTC-454,CE0008678,Stim48hr,CD4i_R2,39.0,442147.0
CD4i_R2_D3_Stim48hr_NTC-456,NTC-456,CE0008678,Stim48hr,CD4i_R2,219.0,2517279.0
CD4i_R2_D3_Stim48hr_NTC-457,NTC-457,CE0008678,Stim48hr,CD4i_R2,93.0,1064410.0
CD4i_R2_D3_Stim48hr_NTC-458,NTC-458,CE0008678,Stim48hr,CD4i_R2,24.0,278207.0
CD4i_R2_D3_Stim48hr_NTC-459,NTC-459,CE0008678,Stim48hr,CD4i_R2,53.0,621976.0
CD4i_R2_D3_Stim48hr_NTC-461,NTC-461,CE0008678,Stim48hr,CD4i_R2,15.0,146740.0
CD4i_R2_D3_Stim48hr_NTC-462,NTC-462,CE0008678,Stim48hr,CD4i_R2,33.0,316943.0
CD4i_R2_D3_Stim48hr_NTC-463,NTC-463,CE0008678,Stim48hr,CD4i_R2,85.0,1076095.0
CD4i_R2_D3_Stim48hr_NTC-465,NTC-465,CE0008678,Stim48hr,CD4i_R2,23.0,273738.0
CD4i_R2_D3_Stim48hr_NTC-466,NTC-466,CE0008678,Stim48hr,CD4i_R2,7.0,55542.0
CD4i_R2_D3_Stim48hr_NTC-468,NTC-468,CE0008678,Stim48hr,CD4i_R2,56.0,649196.0
CD4i_R2_D3_Stim48hr_NTC-471,NTC-471,CE0008678,Stim48hr,CD4i_R2,37.0,339033.0
CD4i_R2_D3_Stim48hr_NTC-473,NTC-473,CE0008678,Stim48hr,CD4i_R2,76.0,865075.0
CD4i_R2_D3_Stim48hr_NTC-474,NTC-474,CE0008678,Stim48hr,CD4i_R2,53.0,744888.0
CD4i_R2_D3_Stim48hr_NTC-475,NTC-475,CE0008678,Stim48hr,CD4i_R2,33.0,382886.0
CD4i_R2_D3_Stim48hr_NTC-476,NTC-476,CE0008678,Stim48hr,CD4i_R2,85.0,999565.0
CD4i_R2_D3_Stim48hr_NTC-477,NTC-477,CE0008678,Stim48hr,CD4i_R2,83.0,1013517.0
CD4i_R2_D3_Stim48hr_NTC-478,NTC-478,CE0008678,Stim48hr,CD4i_R2,329.0,4118537.0
CD4i_R2_D3_Stim48hr_NTC-479,NTC-479,CE0008678,Stim48hr,CD4i_R2,57.0,768274.0
CD4i_R2_D3_Stim48hr_NTC-482,NTC-482,CE0008678,Stim48hr,CD4i_R2,9.0,80651.0
CD4i_R2_D3_Stim48hr_NTC-484,NTC-484,CE0008678,Stim48hr,CD4i_R2,171.0,2152078.0
CD4i_R2_D3_Stim48hr_NTC-485,NTC-485,CE0008678,Stim48hr,CD4i_R2,277.0,3393549.0
CD4i_R2_D3_Stim48hr_NTC-486,NTC-486,CE0008678,Stim48hr,CD4i_R2,79.0,949902.0
CD4i_R2_D3_Stim48hr_NTC-488,NTC-488,CE0008678,Stim48hr,CD4i_R2,77.0,933272.0
CD4i_R2_D3_Stim48hr_NTC-490,NTC-490,CE0008678,Stim48hr,CD4i_R2,417.0,5772096.0
CD4i_R2_D3_Stim48hr_NTC-492,NTC-492,CE0008678,Stim48hr,CD4i_R2,294.0,3498192.0
CD4i_R2_D3_Stim48hr_NTC-493,NTC-493,CE0008678,Stim48hr,CD4i_R2,16.0,184163.0
CD4i_R2_D3_Stim48hr_NTC-494,NTC-494,CE0008678,Stim48hr,CD4i_R2,115.0,1457866.0
CD4i_R2_D3_Stim48hr_NTC-497,NTC-497,CE0008678,Stim48hr,CD4i_R2,111.0,1259608.0
CD4i_R2_D3_Stim48hr_NTC-498,NTC-498,CE0008678,Stim48hr,CD4i_R2,6.0,81093.0
CD4i_R2_D3_Stim48hr_NTC-499,NTC-499,CE0008678,Stim48hr,CD4i_R2,25.0,330962.0
CD4i_R2_D3_Stim48hr_NTC-501,NTC-501,CE0008678,Stim48hr,CD4i_R2,292.0,3957899.0
CD4i_R2_D3_Stim48hr_NTC-502,NTC-502,CE0008678,Stim48hr,CD4i_R2,75.0,771114.0
CD4i_R2_D3_Stim48hr_NTC-503,NTC-503,CE0008678,Stim48hr,CD4i_R2,178.0,2110485.0
CD4i_R2_D3_Stim48hr_NTC-504,NTC-504,CE0008678,Stim48hr,CD4i_R2,128.0,1593713.0
CD4i_R2_D3_Stim48hr_NTC-506,NTC-506,CE0008678,Stim48hr,CD4i_R2,48.0,551569.0
CD4i_R2_D3_Stim48hr_NTC-507,NTC-507,CE0008678,Stim48hr,CD4i_R2,78.0,845383.0
CD4i_R2_D3_Stim48hr_NTC-508,NTC-508,CE0008678,Stim48hr,CD4i_R2,105.0,1370953.0
CD4i_R2_D3_Stim48hr_NTC-509,NTC-509,CE0008678,Stim48hr,CD4i_R2,115.0,1279289.0
CD4i_R2_D3_Stim48hr_NTC-510,NTC-510,CE0008678,Stim48hr,CD4i_R2,202.0,2470774.0
CD4i_R2_D3_Stim48hr_NTC-511,NTC-511,CE0008678,Stim48hr,CD4i_R2,42.0,540997.0
CD4i_R2_D3_Stim48hr_NTC-513,NTC-513,CE0008678,Stim48hr,CD4i_R2,67.0,890067.0
CD4i_R2_D3_Stim48hr_NTC-514,NTC-514,CE0008678,Stim48hr,CD4i_R2,63.0,736936.0
CD4i_R2_D3_Stim48hr_NTC-515,NTC-515,CE0008678,Stim48hr,CD4i_R2,31.0,369200.0
CD4i_R2_D3_Stim48hr_NTC-516,NTC-516,CE0008678,Stim48hr,CD4i_R2,191.0,2600673.0
CD4i_R2_D3_Stim48hr_NTC-517,NTC-517,CE0008678,Stim48hr,CD4i_R2,10.0,172868.0
CD4i_R2_D3_Stim48hr_NTC-518,NTC-518,CE0008678,Stim48hr,CD4i_R2,39.0,537410.0
CD4i_R2_D3_Stim48hr_NTC-519,NTC-519,CE0008678,Stim48hr,CD4i_R2,13.0,143731.0
CD4i_R2_D3_Stim48hr_NTC-521,NTC-521,CE0008678,Stim48hr,CD4i_R2,511.0,6900553.0
CD4i_R2_D3_Stim48hr_NTC-522,NTC-522,CE0008678,Stim48hr,CD4i_R2,10.0,104648.0
CD4i_R2_D3_Stim48hr_NTC-523,NTC-523,CE0008678,Stim48hr,CD4i_R2,6.0,35120.0
CD4i_R2_D3_Stim48hr_NTC-525,NTC-525,CE0008678,Stim48hr,CD4i_R2,12.0,154354.0
CD4i_R2_D3_Stim48hr_NTC-526,NTC-526,CE0008678,Stim48hr,CD4i_R2,101.0,1386145.0
CD4i_R2_D3_Stim48hr_NTC-527,NTC-527,CE0008678,Stim48hr,CD4i_R2,81.0,916272.0
CD4i_R2_D3_Stim48hr_NTC-528,NTC-528,CE0008678,Stim48hr,CD4i_R2,55.0,669634.0
CD4i_R2_D3_Stim48hr_NTC-530,NTC-530,CE0008678,Stim48hr,CD4i_R2,60.0,581065.0
CD4i_R2_D3_Stim48hr_NTC-531,NTC-531,CE0008678,Stim48hr,CD4i_R2,68.0,917355.0
CD4i_R2_D3_Stim48hr_NTC-532,NTC-532,CE0008678,Stim48hr,CD4i_R2,27.0,317006.0
CD4i_R2_D3_Stim48hr_NTC-534,NTC-534,CE0008678,Stim48hr,CD4i_R2,67.0,955501.0
CD4i_R2_D3_Stim48hr_NTC-535,NTC-535,CE0008678,Stim48hr,CD4i_R2,186.0,2061986.0
CD4i_R2_D3_Stim48hr_NTC-536,NTC-536,CE0008678,Stim48hr,CD4i_R2,230.0,2922290.0
CD4i_R2_D3_Stim48hr_NTC-537,NTC-537,CE0008678,Stim48hr,CD4i_R2,269.0,3241325.0
CD4i_R2_D3_Stim48hr_NTC-539,NTC-539,CE0008678,Stim48hr,CD4i_R2,8.0,124710.0
CD4i_R2_D3_Stim48hr_NTC-540,NTC-540,CE0008678,Stim48hr,CD4i_R2,264.0,2936885.0
CD4i_R2_D3_Stim48hr_NTC-541,NTC-541,CE0008678,Stim48hr,CD4i_R2,402.0,4815626.0
CD4i_R2_D3_Stim48hr_NTC-542,NTC-542,CE0008678,Stim48hr,CD4i_R2,64.0,814605.0
CD4i_R2_D3_Stim48hr_NTC-543,NTC-543,CE0008678,Stim48hr,CD4i_R2,9.0,114374.0
CD4i_R2_D3_Stim48hr_NTC-545,NTC-545,CE0008678,Stim48hr,CD4i_R2,12.0,167934.0
CD4i_R2_D3_Stim48hr_NTC-547,NTC-547,CE0008678,Stim48hr,CD4i_R2,63.0,774007.0
CD4i_R2_D3_Stim48hr_NTC-548,NTC-548,CE0008678,Stim48hr,CD4i_R2,347.0,3904014.0
CD4i_R2_D3_Stim48hr_NTC-549,NTC-549,CE0008678,Stim48hr,CD4i_R2,428.0,5304580.0
CD4i_R2_D3_Stim48hr_NTC-550,NTC-550,CE0008678,Stim48hr,CD4i_R2,244.0,2937361.0
CD4i_R2_D3_Stim48hr_NTC-552,NTC-552,CE0008678,Stim48hr,CD4i_R2,470.0,5892320.0
CD4i_R2_D3_Stim48hr_NTC-553,NTC-553,CE0008678,Stim48hr,CD4i_R2,68.0,734273.0
CD4i_R2_D3_Stim48hr_NTC-554,NTC-554,CE0008678,Stim48hr,CD4i_R2,45.0,519984.0
CD4i_R2_D3_Stim48hr_NTC-555,NTC-555,CE0008678,Stim48hr,CD4i_R2,47.0,633202.0
CD4i_R2_D3_Stim48hr_NTC-556,NTC-556,CE0008678,Stim48hr,CD4i_R2,25.0,238294.0
CD4i_R2_D3_Stim48hr_NTC-557,NTC-557,CE0008678,Stim48hr,CD4i_R2,65.0,880880.0
CD4i_R2_D3_Stim48hr_NTC-558,NTC-558,CE0008678,Stim48hr,CD4i_R2,36.0,401127.0
CD4i_R2_D3_Stim48hr_NTC-559,NTC-559,CE0008678,Stim48hr,CD4i_R2,134.0,1740449.0
CD4i_R2_D3_Stim48hr_NTC-560,NTC-560,CE0008678,Stim48hr,CD4i_R2,165.0,2115850.0
CD4i_R2_D3_Stim48hr_NTC-562,NTC-562,CE0008678,Stim48hr,CD4i_R2,76.0,910956.0
CD4i_R2_D3_Stim48hr_NTC-564,NTC-564,CE0008678,Stim48hr,CD4i_R2,16.0,169556.0
CD4i_R2_D3_Stim48hr_NTC-565,NTC-565,CE0008678,Stim48hr,CD4i_R2,10.0,138760.0
CD4i_R2_D3_Stim48hr_NTC-567,NTC-567,CE0008678,Stim48hr,CD4i_R2,71.0,904166.0
CD4i_R2_D3_Stim48hr_NTC-568,NTC-568,CE0008678,Stim48hr,CD4i_R2,29.0,343120.0
CD4i_R2_D3_Stim48hr_NTC-569,NTC-569,CE0008678,Stim48hr,CD4i_R2,255.0,3108627.0
CD4i_R2_D3_Stim48hr_NTC-570,NTC-570,CE0008678,Stim48hr,CD4i_R2,126.0,1654803.0
CD4i_R2_D3_Stim48hr_NTC-571,NTC-571,CE0008678,Stim48hr,CD4i_R2,154.0,2147064.0
CD4i_R2_D3_Stim48hr_NTC-573,NTC-573,CE0008678,Stim48hr,CD4i_R2,24.0,307940.0
CD4i_R2_D3_Stim48hr_NTC-574,NTC-574,CE0008678,Stim48hr,CD4i_R2,48.0,593167.0
CD4i_R2_D3_Stim48hr_NTC-575,NTC-575,CE0008678,Stim48hr,CD4i_R2,22.0,314080.0
CD4i_R2_D3_Stim48hr_NTC-576,NTC-576,CE0008678,Stim48hr,CD4i_R2,11.0,111689.0
CD4i_R2_D3_Stim48hr_NTC-577,NTC-577,CE0008678,Stim48hr,CD4i_R2,458.0,5042942.0
CD4i_R2_D3_Stim48hr_NTC-578,NTC-578,CE0008678,Stim48hr,CD4i_R2,5.0,63493.0
CD4i_R2_D3_Stim48hr_NTC-579,NTC-579,CE0008678,Stim48hr,CD4i_R2,145.0,1753710.0
CD4i_R2_D3_Stim48hr_NTC-580,NTC-580,CE0008678,Stim48hr,CD4i_R2,27.0,251023.0
CD4i_R2_D3_Stim48hr_NTC-582,NTC-582,CE0008678,Stim48hr,CD4i_R2,71.0,957885.0
CD4i_R2_D3_Stim48hr_NTC-583,NTC-583,CE0008678,Stim48hr,CD4i_R2,105.0,1197288.0
CD4i_R2_D3_Stim48hr_NTC-584,NTC-584,CE0008678,Stim48hr,CD4i_R2,64.0,785382.0
CD4i_R2_D3_Stim48hr_NTC-585,NTC-585,CE0008678,Stim48hr,CD4i_R2,31.0,322837.0
CD4i_R2_D3_Stim48hr_NTC-586,NTC-586,CE0008678,Stim48hr,CD4i_R2,50.0,515016.0
CD4i_R2_D3_Stim48hr_NTC-587,NTC-587,CE0008678,Stim48hr,CD4i_R2,30.0,322766.0
CD4i_R2_D3_Stim48hr_NTC-588,NTC-588,CE0008678,Stim48hr,CD4i_R2,114.0,1400525.0
CD4i_R2_D3_Stim48hr_NTC-589,NTC-589,CE0008678,Stim48hr,CD4i_R2,12.0,97339.0
CD4i_R2_D3_Stim48hr_NTC-590,NTC-590,CE0008678,Stim48hr,CD4i_R2,26.0,245438.0
CD4i_R2_D3_Stim48hr_NTC-591,NTC-591,CE0008678,Stim48hr,CD4i_R2,17.0,220650.0
CD4i_R2_D3_Stim48hr_NTC-592,NTC-592,CE0008678,Stim48hr,CD4i_R2,16.0,151655.0
CD4i_R2_D3_Stim48hr_NTC-594,NTC-594,CE0008678,Stim48hr,CD4i_R2,98.0,1336550.0
CD4i_R2_D3_Stim48hr_NTC-595,NTC-595,CE0008678,Stim48hr,CD4i_R2,86.0,1154203.0
CD4i_R2_D3_Stim48hr_NTC-596,NTC-596,CE0008678,Stim48hr,CD4i_R2,33.0,524894.0
CD4i_R2_D3_Stim48hr_NTC-597,NTC-597,CE0008678,Stim48hr,CD4i_R2,148.0,1947191.0
CD4i_R2_D3_Stim48hr_NTC-598,NTC-598,CE0008678,Stim48hr,CD4i_R2,8.0,118250.0
CD4i_R2_D3_Stim48hr_NTC-599,NTC-599,CE0008678,Stim48hr,CD4i_R2,17.0,184730.0
CD4i_R2_D3_Stim48hr_NTC-601,NTC-601,CE0008678,Stim48hr,CD4i_R2,184.0,2173278.0
CD4i_R2_D3_Stim48hr_NTC-603,NTC-603,CE0008678,Stim48hr,CD4i_R2,11.0,120887.0
CD4i_R2_D3_Stim48hr_NTC-604,NTC-604,CE0008678,Stim48hr,CD4i_R2,11.0,124200.0
CD4i_R2_D3_Stim48hr_NTC-606,NTC-606,CE0008678,Stim48hr,CD4i_R2,454.0,5662167.0
CD4i_R2_D3_Stim48hr_NTC-607,NTC-607,CE0008678,Stim48hr,CD4i_R2,92.0,1178907.0
CD4i_R2_D3_Stim48hr_NTC-608,NTC-608,CE0008678,Stim48hr,CD4i_R2,136.0,1520565.0
CD4i_R2_D3_Stim48hr_NTC-609,NTC-609,CE0008678,Stim48hr,CD4i_R2,89.0,915105.0
CD4i_R2_D3_Stim48hr_NTC-610,NTC-610,CE0008678,Stim48hr,CD4i_R2,158.0,2125074.0
CD4i_R2_D3_Stim48hr_NTC-611,NTC-611,CE0008678,Stim48hr,CD4i_R2,88.0,990777.0
CD4i_R2_D3_Stim48hr_NTC-612,NTC-612,CE0008678,Stim48hr,CD4i_R2,126.0,1946619.0
CD4i_R2_D3_Stim48hr_NTC-613,NTC-613,CE0008678,Stim48hr,CD4i_R2,283.0,3726089.0
CD4i_R2_D3_Stim48hr_NTC-615,NTC-615,CE0008678,Stim48hr,CD4i_R2,5.0,52548.0
CD4i_R2_D3_Stim48hr_NTC-617,NTC-617,CE0008678,Stim48hr,CD4i_R2,77.0,1068860.0
CD4i_R2_D3_Stim48hr_NTC-619,NTC-619,CE0008678,Stim48hr,CD4i_R2,266.0,3543395.0
CD4i_R2_D3_Stim48hr_NTC-622,NTC-622,CE0008678,Stim48hr,CD4i_R2,16.0,214541.0
CD4i_R2_D3_Stim48hr_NTC-623,NTC-623,CE0008678,Stim48hr,CD4i_R2,36.0,444343.0
CD4i_R2_D3_Stim48hr_NTC-625,NTC-625,CE0008678,Stim48hr,CD4i_R2,16.0,276042.0
CD4i_R2_D3_Stim48hr_NTC-626,NTC-626,CE0008678,Stim48hr,CD4i_R2,118.0,1459601.0
CD4i_R2_D3_Stim48hr_NTC-627,NTC-627,CE0008678,Stim48hr,CD4i_R2,40.0,391631.0
CD4i_R2_D3_Stim48hr_NTC-629,NTC-629,CE0008678,Stim48hr,CD4i_R2,28.0,405216.0
CD4i_R2_D3_Stim48hr_NTC-630,NTC-630,CE0008678,Stim48hr,CD4i_R2,100.0,1157465.0
CD4i_R2_D3_Stim48hr_NTC-631,NTC-631,CE0008678,Stim48hr,CD4i_R2,81.0,878908.0
CD4i_R2_D3_Stim48hr_NTC-633,NTC-633,CE0008678,Stim48hr,CD4i_R2,57.0,584600.0
CD4i_R2_D3_Stim48hr_NTC-634,NTC-634,CE0008678,Stim48hr,CD4i_R2,93.0,1266067.0
CD4i_R2_D3_Stim48hr_NTC-635,NTC-635,CE0008678,Stim48hr,CD4i_R2,11.0,110608.0
CD4i_R2_D3_Stim48hr_NTC-638,NTC-638,CE0008678,Stim48hr,CD4i_R2,74.0,913520.0
CD4i_R2_D3_Stim48hr_NTC-639,NTC-639,CE0008678,Stim48hr,CD4i_R2,39.0,454014.0
CD4i_R2_D3_Stim48hr_NTC-642,NTC-642,CE0008678,Stim48hr,CD4i_R2,517.0,6647931.0
CD4i_R2_D3_Stim48hr_NTC-643,NTC-643,CE0008678,Stim48hr,CD4i_R2,49.0,587395.0
CD4i_R2_D3_Stim48hr_NTC-644,NTC-644,CE0008678,Stim48hr,CD4i_R2,39.0,525261.0
CD4i_R2_D3_Stim48hr_NTC-647,NTC-647,CE0008678,Stim48hr,CD4i_R2,94.0,1093280.0
CD4i_R2_D3_Stim48hr_NTC-650,NTC-650,CE0008678,Stim48hr,CD4i_R2,76.0,905526.0
CD4i_R2_D3_Stim48hr_NTC-651,NTC-651,CE0008678,Stim48hr,CD4i_R2,187.0,2454329.0
CD4i_R2_D3_Stim48hr_NTC-652,NTC-652,CE0008678,Stim48hr,CD4i_R2,108.0,1239440.0
CD4i_R2_D3_Stim48hr_NTC-653,NTC-653,CE0008678,Stim48hr,CD4i_R2,1375.0,19668330.0
CD4i_R2_D3_Stim48hr_NTC-654,NTC-654,CE0008678,Stim48hr,CD4i_R2,65.0,783218.0
CD4i_R2_D3_Stim48hr_NTC-655,NTC-655,CE0008678,Stim48hr,CD4i_R2,30.0,389730.0
CD4i_R2_D3_Stim48hr_NTC-656,NTC-656,CE0008678,Stim48hr,CD4i_R2,10.0,104262.0
CD4i_R2_D3_Stim48hr_NTC-658,NTC-658,CE0008678,Stim48hr,CD4i_R2,125.0,1186270.0
CD4i_R2_D3_Stim48hr_NTC-659,NTC-659,CE0008678,Stim48hr,CD4i_R2,28.0,477228.0
CD4i_R2_D3_Stim48hr_NTC-660,NTC-660,CE0008678,Stim48hr,CD4i_R2,87.0,882298.0
CD4i_R2_D3_Stim48hr_NTC-663,NTC-663,CE0008678,Stim48hr,CD4i_R2,255.0,3292853.0
CD4i_R2_D3_Stim48hr_NTC-664,NTC-664,CE0008678,Stim48hr,CD4i_R2,45.0,560747.0
CD4i_R2_D3_Stim48hr_NTC-666,NTC-666,CE0008678,Stim48hr,CD4i_R2,46.0,509987.0
CD4i_R2_D3_Stim48hr_NTC-667,NTC-667,CE0008678,Stim48hr,CD4i_R2,35.0,363786.0
CD4i_R2_D3_Stim48hr_NTC-669,NTC-669,CE0008678,Stim48hr,CD4i_R2,56.0,650533.0
CD4i_R2_D3_Stim48hr_NTC-671,NTC-671,CE0008678,Stim48hr,CD4i_R2,94.0,955375.0
CD4i_R2_D3_Stim48hr_NTC-672,NTC-672,CE0008678,Stim48hr,CD4i_R2,239.0,3268700.0
CD4i_R2_D3_Stim48hr_NTC-674,NTC-674,CE0008678,Stim48hr,CD4i_R2,44.0,568952.0
CD4i_R2_D3_Stim48hr_NTC-676,NTC-676,CE0008678,Stim48hr,CD4i_R2,465.0,5654759.0
CD4i_R2_D3_Stim48hr_NTC-678,NTC-678,CE0008678,Stim48hr,CD4i_R2,420.0,4886170.0
CD4i_R2_D3_Stim48hr_NTC-679,NTC-679,CE0008678,Stim48hr,CD4i_R2,163.0,2184125.0
CD4i_R2_D3_Stim48hr_NTC-681,NTC-681,CE0008678,Stim48hr,CD4i_R2,32.0,478940.0
CD4i_R2_D3_Stim48hr_NTC-684,NTC-684,CE0008678,Stim48hr,CD4i_R2,168.0,2065681.0
CD4i_R2_D3_Stim48hr_NTC-685,NTC-685,CE0008678,Stim48hr,CD4i_R2,8.0,67823.0
CD4i_R2_D3_Stim48hr_NTC-686,NTC-686,CE0008678,Stim48hr,CD4i_R2,14.0,172192.0
CD4i_R2_D3_Stim48hr_NTC-688,NTC-688,CE0008678,Stim48hr,CD4i_R2,14.0,148091.0
CD4i_R2_D3_Stim48hr_NTC-689,NTC-689,CE0008678,Stim48hr,CD4i_R2,9.0,67858.0
CD4i_R2_D3_Stim48hr_NTC-690,NTC-690,CE0008678,Stim48hr,CD4i_R2,67.0,910636.0
CD4i_R2_D3_Stim48hr_NTC-692,NTC-692,CE0008678,Stim48hr,CD4i_R2,461.0,5490839.0
CD4i_R2_D3_Stim48hr_NTC-694,NTC-694,CE0008678,Stim48hr,CD4i_R2,572.0,6748439.0
CD4i_R2_D3_Stim48hr_NTC-695,NTC-695,CE0008678,Stim48hr,CD4i_R2,31.0,323686.0
CD4i_R2_D3_Stim48hr_NTC-696,NTC-696,CE0008678,Stim48hr,CD4i_R2,8.0,54435.0
CD4i_R2_D3_Stim48hr_NTC-697,NTC-697,CE0008678,Stim48hr,CD4i_R2,26.0,347305.0
CD4i_R2_D3_Stim48hr_NTC-699,NTC-699,CE0008678,Stim48hr,CD4i_R2,41.0,456620.0
CD4i_R2_D3_Stim48hr_NTC-700,NTC-700,CE0008678,Stim48hr,CD4i_R2,60.0,675715.0
CD4i_R2_D3_Stim48hr_NTC-701,NTC-701,CE0008678,Stim48hr,CD4i_R2,34.0,369215.0
CD4i_R2_D3_Stim48hr_NTC-702,NTC-702,CE0008678,Stim48hr,CD4i_R2,113.0,1285693.0
CD4i_R2_D3_Stim48hr_NTC-705,NTC-705,CE0008678,Stim48hr,CD4i_R2,32.0,398288.0
CD4i_R2_D3_Stim48hr_NTC-706,NTC-706,CE0008678,Stim48hr,CD4i_R2,105.0,1136259.0
CD4i_R2_D3_Stim48hr_NTC-708,NTC-708,CE0008678,Stim48hr,CD4i_R2,129.0,1657652.0
CD4i_R2_D3_Stim48hr_NTC-709,NTC-709,CE0008678,Stim48hr,CD4i_R2,292.0,3712399.0
CD4i_R2_D3_Stim48hr_NTC-710,NTC-710,CE0008678,Stim48hr,CD4i_R2,36.0,378694.0
CD4i_R2_D3_Stim48hr_NTC-715,NTC-715,CE0008678,Stim48hr,CD4i_R2,104.0,1257931.0
CD4i_R2_D3_Stim48hr_NTC-716,NTC-716,CE0008678,Stim48hr,CD4i_R2,6.0,57673.0
CD4i_R2_D3_Stim48hr_NTC-717,NTC-717,CE0008678,Stim48hr,CD4i_R2,150.0,1831413.0
CD4i_R2_D3_Stim48hr_NTC-718,NTC-718,CE0008678,Stim48hr,CD4i_R2,615.0,7084779.0
CD4i_R2_D3_Stim48hr_NTC-719,NTC-719,CE0008678,Stim48hr,CD4i_R2,5.0,52443.0
CD4i_R2_D3_Stim48hr_NTC-720,NTC-720,CE0008678,Stim48hr,CD4i_R2,1251.0,15836441.0
CD4i_R2_D3_Stim48hr_NTC-721,NTC-721,CE0008678,Stim48hr,CD4i_R2,27.0,311458.0
CD4i_R2_D3_Stim48hr_NTC-722,NTC-722,CE0008678,Stim48hr,CD4i_R2,550.0,6670644.0
CD4i_R2_D3_Stim48hr_NTC-723,NTC-723,CE0008678,Stim48hr,CD4i_R2,8.0,76420.0
CD4i_R2_D3_Stim48hr_NTC-724,NTC-724,CE0008678,Stim48hr,CD4i_R2,10.0,101899.0
CD4i_R2_D3_Stim48hr_NTC-725,NTC-725,CE0008678,Stim48hr,CD4i_R2,49.0,594200.0
CD4i_R2_D3_Stim48hr_NTC-726,NTC-726,CE0008678,Stim48hr,CD4i_R2,7.0,136967.0
CD4i_R2_D3_Stim48hr_NTC-727,NTC-727,CE0008678,Stim48hr,CD4i_R2,445.0,5710749.0
CD4i_R2_D3_Stim48hr_NTC-728,NTC-728,CE0008678,Stim48hr,CD4i_R2,31.0,357647.0
CD4i_R2_D3_Stim48hr_NTC-729,NTC-729,CE0008678,Stim48hr,CD4i_R2,53.0,615549.0
CD4i_R2_D3_Stim48hr_NTC-730,NTC-730,CE0008678,Stim48hr,CD4i_R2,194.0,2234636.0
CD4i_R2_D3_Stim48hr_NTC-732,NTC-732,CE0008678,Stim48hr,CD4i_R2,20.0,248024.0
CD4i_R2_D3_Stim48hr_NTC-733,NTC-733,CE0008678,Stim48hr,CD4i_R2,11.0,129926.0
CD4i_R2_D3_Stim48hr_NTC-734,NTC-734,CE0008678,Stim48hr,CD4i_R2,138.0,1558343.0
CD4i_R2_D3_Stim48hr_NTC-735,NTC-735,CE0008678,Stim48hr,CD4i_R2,197.0,2361306.0
CD4i_R2_D3_Stim48hr_NTC-736,NTC-736,CE0008678,Stim48hr,CD4i_R2,26.0,354270.0
CD4i_R2_D3_Stim48hr_NTC-737,NTC-737,CE0008678,Stim48hr,CD4i_R2,30.0,391880.0
CD4i_R2_D3_Stim48hr_NTC-738,NTC-738,CE0008678,Stim48hr,CD4i_R2,94.0,1153165.0
CD4i_R2_D3_Stim48hr_NTC-739,NTC-739,CE0008678,Stim48hr,CD4i_R2,88.0,1222986.0
CD4i_R2_D3_Stim48hr_NTC-740,NTC-740,CE0008678,Stim48hr,CD4i_R2,90.0,872072.0
CD4i_R2_D3_Stim48hr_NTC-741,NTC-741,CE0008678,Stim48hr,CD4i_R2,329.0,3926206.0
CD4i_R2_D3_Stim48hr_NTC-742,NTC-742,CE0008678,Stim48hr,CD4i_R2,44.0,580331.0
CD4i_R2_D3_Stim48hr_NTC-743,NTC-743,CE0008678,Stim48hr,CD4i_R2,108.0,1216379.0
CD4i_R2_D3_Stim48hr_NTC-744,NTC-744,CE0008678,Stim48hr,CD4i_R2,92.0,1168004.0
CD4i_R2_D3_Stim48hr_NTC-745,NTC-745,CE0008678,Stim48hr,CD4i_R2,55.0,684720.0
CD4i_R2_D3_Stim48hr_NTC-746,NTC-746,CE0008678,Stim48hr,CD4i_R2,457.0,6225443.0
CD4i_R2_D3_Stim48hr_NTC-747,NTC-747,CE0008678,Stim48hr,CD4i_R2,158.0,1877215.0
CD4i_R2_D3_Stim48hr_NTC-748,NTC-748,CE0008678,Stim48hr,CD4i_R2,75.0,913845.0
CD4i_R2_D3_Stim48hr_NTC-749,NTC-749,CE0008678,Stim48hr,CD4i_R2,23.0,258087.0
CD4i_R2_D3_Stim48hr_NTC-750,NTC-750,CE0008678,Stim48hr,CD4i_R2,90.0,1062471.0
CD4i_R2_D3_Stim48hr_NTC-751,NTC-751,CE0008678,Stim48hr,CD4i_R2,104.0,1377736.0
CD4i_R2_D3_Stim48hr_NTC-752,NTC-752,CE0008678,Stim48hr,CD4i_R2,46.0,576766.0
CD4i_R2_D3_Stim48hr_NTC-753,NTC-753,CE0008678,Stim48hr,CD4i_R2,19.0,241417.0
CD4i_R2_D3_Stim48hr_NTC-754,NTC-754,CE0008678,Stim48hr,CD4i_R2,8.0,84206.0
CD4i_R2_D3_Stim48hr_NTC-756,NTC-756,CE0008678,Stim48hr,CD4i_R2,40.0,518213.0
CD4i_R2_D3_Stim48hr_NTC-757,NTC-757,CE0008678,Stim48hr,CD4i_R2,41.0,538313.0
CD4i_R2_D3_Stim48hr_NTC-758,NTC-758,CE0008678,Stim48hr,CD4i_R2,46.0,508014.0
CD4i_R2_D3_Stim48hr_NTC-759,NTC-759,CE0008678,Stim48hr,CD4i_R2,62.0,665555.0
CD4i_R2_D3_Stim48hr_NTC-760,NTC-760,CE0008678,Stim48hr,CD4i_R2,138.0,1471332.0
CD4i_R2_D3_Stim48hr_NTC-761,NTC-761,CE0008678,Stim48hr,CD4i_R2,214.0,2757322.0
CD4i_R2_D3_Stim48hr_NTC-763,NTC-763,CE0008678,Stim48hr,CD4i_R2,15.0,143870.0
CD4i_R2_D3_Stim48hr_NTC-764,NTC-764,CE0008678,Stim48hr,CD4i_R2,41.0,491379.0
CD4i_R2_D3_Stim48hr_NTC-765,NTC-765,CE0008678,Stim48hr,CD4i_R2,64.0,618372.0
CD4i_R2_D3_Stim48hr_NTC-766,NTC-766,CE0008678,Stim48hr,CD4i_R2,49.0,581735.0
CD4i_R2_D3_Stim48hr_NTC-767,NTC-767,CE0008678,Stim48hr,CD4i_R2,99.0,1182359.0
CD4i_R2_D3_Stim48hr_NTC-769,NTC-769,CE0008678,Stim48hr,CD4i_R2,72.0,942536.0
CD4i_R2_D3_Stim48hr_NTC-770,NTC-770,CE0008678,Stim48hr,CD4i_R2,207.0,2242008.0
CD4i_R2_D3_Stim48hr_NTC-771,NTC-771,CE0008678,Stim48hr,CD4i_R2,52.0,627152.0
CD4i_R2_D3_Stim48hr_NTC-772,NTC-772,CE0008678,Stim48hr,CD4i_R2,91.0,1085927.0
CD4i_R2_D3_Stim48hr_NTC-773,NTC-773,CE0008678,Stim48hr,CD4i_R2,241.0,3107368.0
CD4i_R2_D3_Stim48hr_NTC-774,NTC-774,CE0008678,Stim48hr,CD4i_R2,458.0,5665307.0
CD4i_R2_D3_Stim48hr_NTC-775,NTC-775,CE0008678,Stim48hr,CD4i_R2,60.0,668835.0
CD4i_R2_D3_Stim48hr_NTC-776,NTC-776,CE0008678,Stim48hr,CD4i_R2,95.0,967351.0
CD4i_R2_D3_Stim48hr_NTC-777,NTC-777,CE0008678,Stim48hr,CD4i_R2,18.0,275164.0
CD4i_R2_D3_Stim48hr_NTC-778,NTC-778,CE0008678,Stim48hr,CD4i_R2,66.0,731181.0
CD4i_R2_D3_Stim48hr_NTC-779,NTC-779,CE0008678,Stim48hr,CD4i_R2,356.0,4377201.0
CD4i_R2_D3_Stim48hr_NTC-780,NTC-780,CE0008678,Stim48hr,CD4i_R2,9.0,72122.0
CD4i_R2_D3_Stim48hr_NTC-781,NTC-781,CE0008678,Stim48hr,CD4i_R2,368.0,4836956.0
CD4i_R2_D3_Stim48hr_NTC-782,NTC-782,CE0008678,Stim48hr,CD4i_R2,87.0,910433.0
CD4i_R2_D3_Stim48hr_NTC-784,NTC-784,CE0008678,Stim48hr,CD4i_R2,44.0,411042.0
CD4i_R2_D3_Stim48hr_NTC-785,NTC-785,CE0008678,Stim48hr,CD4i_R2,73.0,872784.0
CD4i_R2_D3_Stim48hr_NTC-786,NTC-786,CE0008678,Stim48hr,CD4i_R2,20.0,187960.0
CD4i_R2_D3_Stim48hr_NTC-787,NTC-787,CE0008678,Stim48hr,CD4i_R2,17.0,190224.0
CD4i_R2_D3_Stim48hr_NTC-788,NTC-788,CE0008678,Stim48hr,CD4i_R2,99.0,1164607.0
CD4i_R2_D3_Stim48hr_NTC-789,NTC-789,CE0008678,Stim48hr,CD4i_R2,94.0,1069780.0
CD4i_R2_D3_Stim48hr_NTC-790,NTC-790,CE0008678,Stim48hr,CD4i_R2,20.0,200967.0
CD4i_R2_D3_Stim48hr_NTC-792,NTC-792,CE0008678,Stim48hr,CD4i_R2,24.0,281209.0
CD4i_R2_D3_Stim48hr_NTC-793,NTC-793,CE0008678,Stim48hr,CD4i_R2,106.0,1364934.0
CD4i_R2_D3_Stim48hr_NTC-794,NTC-794,CE0008678,Stim48hr,CD4i_R2,55.0,761624.0
CD4i_R2_D3_Stim48hr_NTC-797,NTC-797,CE0008678,Stim48hr,CD4i_R2,193.0,2422019.0
CD4i_R2_D3_Stim48hr_NTC-798,NTC-798,CE0008678,Stim48hr,CD4i_R2,16.0,240001.0
CD4i_R2_D3_Stim48hr_NTC-799,NTC-799,CE0008678,Stim48hr,CD4i_R2,146.0,1874934.0
CD4i_R2_D3_Stim48hr_NTC-800,NTC-800,CE0008678,Stim48hr,CD4i_R2,16.0,162746.0
CD4i_R2_D3_Stim48hr_NTC-801,NTC-801,CE0008678,Stim48hr,CD4i_R2,74.0,884986.0
CD4i_R2_D3_Stim48hr_NTC-803,NTC-803,CE0008678,Stim48hr,CD4i_R2,239.0,3031976.0
CD4i_R2_D3_Stim48hr_NTC-804,NTC-804,CE0008678,Stim48hr,CD4i_R2,148.0,1820837.0
CD4i_R2_D3_Stim48hr_NTC-805,NTC-805,CE0008678,Stim48hr,CD4i_R2,33.0,368222.0
CD4i_R2_D3_Stim48hr_NTC-806,NTC-806,CE0008678,Stim48hr,CD4i_R2,92.0,1215881.0
CD4i_R2_D3_Stim48hr_NTC-807,NTC-807,CE0008678,Stim48hr,CD4i_R2,148.0,1987067.0
CD4i_R2_D3_Stim48hr_NTC-808,NTC-808,CE0008678,Stim48hr,CD4i_R2,290.0,3656112.0
CD4i_R2_D3_Stim48hr_NTC-810,NTC-810,CE0008678,Stim48hr,CD4i_R2,253.0,3231765.0
CD4i_R2_D3_Stim48hr_NTC-811,NTC-811,CE0008678,Stim48hr,CD4i_R2,369.0,4653531.0
CD4i_R2_D3_Stim48hr_NTC-812,NTC-812,CE0008678,Stim48hr,CD4i_R2,122.0,1652225.0
CD4i_R2_D3_Stim48hr_NTC-813,NTC-813,CE0008678,Stim48hr,CD4i_R2,32.0,378165.0
CD4i_R2_D3_Stim48hr_NTC-814,NTC-814,CE0008678,Stim48hr,CD4i_R2,62.0,805859.0
CD4i_R2_D3_Stim48hr_NTC-815,NTC-815,CE0008678,Stim48hr,CD4i_R2,6.0,59499.0
CD4i_R2_D3_Stim48hr_NTC-816,NTC-816,CE0008678,Stim48hr,CD4i_R2,105.0,1267921.0
CD4i_R2_D3_Stim48hr_NTC-818,NTC-818,CE0008678,Stim48hr,CD4i_R2,43.0,558147.0
CD4i_R2_D3_Stim48hr_NTC-821,NTC-821,CE0008678,Stim48hr,CD4i_R2,27.0,314655.0
CD4i_R2_D3_Stim48hr_NTC-822,NTC-822,CE0008678,Stim48hr,CD4i_R2,107.0,1477508.0
CD4i_R2_D3_Stim48hr_NTC-823,NTC-823,CE0008678,Stim48hr,CD4i_R2,197.0,2356588.0
CD4i_R2_D3_Stim48hr_NTC-825,NTC-825,CE0008678,Stim48hr,CD4i_R2,72.0,931797.0
CD4i_R2_D3_Stim48hr_NTC-826,NTC-826,CE0008678,Stim48hr,CD4i_R2,75.0,805164.0
CD4i_R2_D3_Stim48hr_NTC-827,NTC-827,CE0008678,Stim48hr,CD4i_R2,9.0,67347.0
CD4i_R2_D3_Stim48hr_NTC-828,NTC-828,CE0008678,Stim48hr,CD4i_R2,19.0,227077.0
CD4i_R2_D3_Stim48hr_NTC-829,NTC-829,CE0008678,Stim48hr,CD4i_R2,7.0,97054.0
CD4i_R2_D3_Stim48hr_NTC-830,NTC-830,CE0008678,Stim48hr,CD4i_R2,24.0,279372.0
CD4i_R2_D3_Stim48hr_NTC-831,NTC-831,CE0008678,Stim48hr,CD4i_R2,96.0,1169913.0
CD4i_R2_D3_Stim48hr_NTC-832,NTC-832,CE0008678,Stim48hr,CD4i_R2,153.0,1839743.0
CD4i_R2_D3_Stim48hr_NTC-834,NTC-834,CE0008678,Stim48hr,CD4i_R2,106.0,1336965.0
CD4i_R2_D3_Stim48hr_NTC-835,NTC-835,CE0008678,Stim48hr,CD4i_R2,17.0,330724.0
CD4i_R2_D3_Stim48hr_NTC-837,NTC-837,CE0008678,Stim48hr,CD4i_R2,8.0,90771.0
CD4i_R2_D3_Stim48hr_NTC-838,NTC-838,CE0008678,Stim48hr,CD4i_R2,56.0,943604.0
CD4i_R2_D3_Stim48hr_NTC-839,NTC-839,CE0008678,Stim48hr,CD4i_R2,6.0,65331.0
CD4i_R2_D3_Stim48hr_NTC-840,NTC-840,CE0008678,Stim48hr,CD4i_R2,19.0,219152.0
CD4i_R2_D3_Stim48hr_NTC-841,NTC-841,CE0008678,Stim48hr,CD4i_R2,534.0,6478005.0
CD4i_R2_D3_Stim48hr_NTC-842,NTC-842,CE0008678,Stim48hr,CD4i_R2,48.0,597389.0
CD4i_R2_D3_Stim48hr_NTC-843,NTC-843,CE0008678,Stim48hr,CD4i_R2,7.0,76136.0
CD4i_R2_D3_Stim48hr_NTC-844,NTC-844,CE0008678,Stim48hr,CD4i_R2,96.0,1115688.0
CD4i_R2_D3_Stim48hr_NTC-845,NTC-845,CE0008678,Stim48hr,CD4i_R2,168.0,2097497.0
CD4i_R2_D3_Stim48hr_NTC-846,NTC-846,CE0008678,Stim48hr,CD4i_R2,293.0,3443868.0
CD4i_R2_D3_Stim48hr_NTC-847,NTC-847,CE0008678,Stim48hr,CD4i_R2,22.0,236562.0
CD4i_R2_D3_Stim48hr_NTC-848,NTC-848,CE0008678,Stim48hr,CD4i_R2,260.0,3481502.0
CD4i_R2_D3_Stim48hr_NTC-849,NTC-849,CE0008678,Stim48hr,CD4i_R2,21.0,210927.0
CD4i_R2_D3_Stim48hr_NTC-851,NTC-851,CE0008678,Stim48hr,CD4i_R2,123.0,1565687.0
CD4i_R2_D3_Stim48hr_NTC-852,NTC-852,CE0008678,Stim48hr,CD4i_R2,98.0,1291699.0
CD4i_R2_D3_Stim48hr_NTC-854,NTC-854,CE0008678,Stim48hr,CD4i_R2,78.0,767296.0
CD4i_R2_D3_Stim48hr_NTC-855,NTC-855,CE0008678,Stim48hr,CD4i_R2,7.0,106750.0
CD4i_R2_D3_Stim48hr_NTC-856,NTC-856,CE0008678,Stim48hr,CD4i_R2,52.0,652883.0
CD4i_R2_D3_Stim48hr_NTC-857,NTC-857,CE0008678,Stim48hr,CD4i_R2,26.0,290514.0
CD4i_R2_D3_Stim48hr_NTC-858,NTC-858,CE0008678,Stim48hr,CD4i_R2,64.0,763040.0
CD4i_R2_D3_Stim48hr_NTC-859,NTC-859,CE0008678,Stim48hr,CD4i_R2,238.0,3061942.0
CD4i_R2_D3_Stim48hr_NTC-860,NTC-860,CE0008678,Stim48hr,CD4i_R2,24.0,211377.0
CD4i_R2_D3_Stim48hr_NTC-861,NTC-861,CE0008678,Stim48hr,CD4i_R2,130.0,1462207.0
CD4i_R2_D3_Stim48hr_NTC-862,NTC-862,CE0008678,Stim48hr,CD4i_R2,105.0,1406010.0
CD4i_R2_D3_Stim48hr_NTC-866,NTC-866,CE0008678,Stim48hr,CD4i_R2,6.0,66186.0
CD4i_R2_D3_Stim48hr_NTC-867,NTC-867,CE0008678,Stim48hr,CD4i_R2,22.0,225299.0
CD4i_R2_D3_Stim48hr_NTC-869,NTC-869,CE0008678,Stim48hr,CD4i_R2,35.0,334445.0
CD4i_R2_D3_Stim48hr_NTC-870,NTC-870,CE0008678,Stim48hr,CD4i_R2,18.0,181486.0
CD4i_R2_D3_Stim48hr_NTC-872,NTC-872,CE0008678,Stim48hr,CD4i_R2,47.0,636105.0
CD4i_R2_D3_Stim48hr_NTC-873,NTC-873,CE0008678,Stim48hr,CD4i_R2,13.0,111204.0
CD4i_R2_D3_Stim48hr_NTC-874,NTC-874,CE0008678,Stim48hr,CD4i_R2,86.0,962873.0
CD4i_R2_D3_Stim48hr_NTC-875,NTC-875,CE0008678,Stim48hr,CD4i_R2,43.0,472556.0
CD4i_R2_D3_Stim48hr_NTC-876,NTC-876,CE0008678,Stim48hr,CD4i_R2,72.0,924457.0
CD4i_R2_D3_Stim48hr_NTC-878,NTC-878,CE0008678,Stim48hr,CD4i_R2,36.0,477498.0
CD4i_R2_D3_Stim48hr_NTC-880,NTC-880,CE0008678,Stim48hr,CD4i_R2,8.0,70622.0
CD4i_R2_D3_Stim48hr_NTC-881,NTC-881,CE0008678,Stim48hr,CD4i_R2,299.0,3507533.0
CD4i_R2_D3_Stim48hr_NTC-882,NTC-882,CE0008678,Stim48hr,CD4i_R2,156.0,1987439.0
CD4i_R2_D3_Stim48hr_NTC-884,NTC-884,CE0008678,Stim48hr,CD4i_R2,204.0,2283594.0
CD4i_R2_D3_Stim48hr_NTC-885,NTC-885,CE0008678,Stim48hr,CD4i_R2,167.0,1854079.0
CD4i_R2_D3_Stim48hr_NTC-886,NTC-886,CE0008678,Stim48hr,CD4i_R2,189.0,2270966.0
CD4i_R2_D3_Stim48hr_NTC-888,NTC-888,CE0008678,Stim48hr,CD4i_R2,32.0,305373.0
CD4i_R2_D3_Stim48hr_NTC-890,NTC-890,CE0008678,Stim48hr,CD4i_R2,283.0,3235865.0
CD4i_R2_D3_Stim48hr_NTC-893,NTC-893,CE0008678,Stim48hr,CD4i_R2,69.0,658153.0
CD4i_R2_D3_Stim48hr_NTC-894,NTC-894,CE0008678,Stim48hr,CD4i_R2,107.0,1420024.0
CD4i_R2_D3_Stim48hr_NTC-895,NTC-895,CE0008678,Stim48hr,CD4i_R2,36.0,506738.0
CD4i_R2_D3_Stim48hr_NTC-897,NTC-897,CE0008678,Stim48hr,CD4i_R2,200.0,2389555.0
CD4i_R2_D3_Stim48hr_NTC-898,NTC-898,CE0008678,Stim48hr,CD4i_R2,36.0,412754.0
CD4i_R2_D3_Stim48hr_NTC-900,NTC-900,CE0008678,Stim48hr,CD4i_R2,8.0,71056.0
CD4i_R2_D3_Stim48hr_NTC-902,NTC-902,CE0008678,Stim48hr,CD4i_R2,47.0,587726.0
CD4i_R2_D3_Stim48hr_NTC-903,NTC-903,CE0008678,Stim48hr,CD4i_R2,149.0,1818916.0
CD4i_R2_D3_Stim48hr_NTC-904,NTC-904,CE0008678,Stim48hr,CD4i_R2,240.0,2724724.0
CD4i_R2_D3_Stim48hr_NTC-906,NTC-906,CE0008678,Stim48hr,CD4i_R2,112.0,1352794.0
CD4i_R2_D3_Stim48hr_NTC-907,NTC-907,CE0008678,Stim48hr,CD4i_R2,203.0,2275568.0
CD4i_R2_D3_Stim48hr_NTC-909,NTC-909,CE0008678,Stim48hr,CD4i_R2,168.0,2372823.0
CD4i_R2_D3_Stim48hr_NTC-910,NTC-910,CE0008678,Stim48hr,CD4i_R2,41.0,469774.0
CD4i_R2_D3_Stim48hr_NTC-914,NTC-914,CE0008678,Stim48hr,CD4i_R2,20.0,222357.0
CD4i_R2_D3_Stim48hr_NTC-915,NTC-915,CE0008678,Stim48hr,CD4i_R2,9.0,115661.0
CD4i_R2_D3_Stim48hr_NTC-916,NTC-916,CE0008678,Stim48hr,CD4i_R2,13.0,162078.0
CD4i_R2_D3_Stim48hr_NTC-920,NTC-920,CE0008678,Stim48hr,CD4i_R2,16.0,133526.0
CD4i_R2_D3_Stim48hr_NTC-921,NTC-921,CE0008678,Stim48hr,CD4i_R2,7.0,77241.0
CD4i_R2_D3_Stim48hr_NTC-922,NTC-922,CE0008678,Stim48hr,CD4i_R2,612.0,7169641.0
CD4i_R2_D3_Stim48hr_NTC-923,NTC-923,CE0008678,Stim48hr,CD4i_R2,51.0,684277.0
CD4i_R2_D3_Stim48hr_NTC-924,NTC-924,CE0008678,Stim48hr,CD4i_R2,165.0,2084915.0
CD4i_R2_D3_Stim48hr_NTC-925,NTC-925,CE0008678,Stim48hr,CD4i_R2,25.0,227299.0
CD4i_R2_D3_Stim48hr_NTC-926,NTC-926,CE0008678,Stim48hr,CD4i_R2,133.0,1715455.0
CD4i_R2_D3_Stim48hr_NTC-927,NTC-927,CE0008678,Stim48hr,CD4i_R2,109.0,1295971.0
CD4i_R2_D3_Stim48hr_NTC-928,NTC-928,CE0008678,Stim48hr,CD4i_R2,232.0,2639845.0
CD4i_R2_D3_Stim48hr_NTC-929,NTC-929,CE0008678,Stim48hr,CD4i_R2,65.0,864828.0
CD4i_R2_D3_Stim48hr_NTC-930,NTC-930,CE0008678,Stim48hr,CD4i_R2,384.0,5215322.0
CD4i_R2_D3_Stim48hr_NTC-932,NTC-932,CE0008678,Stim48hr,CD4i_R2,26.0,348754.0
CD4i_R2_D3_Stim48hr_NTC-934,NTC-934,CE0008678,Stim48hr,CD4i_R2,1164.0,16369565.0
CD4i_R2_D3_Stim48hr_NTC-936,NTC-936,CE0008678,Stim48hr,CD4i_R2,67.0,974933.0
CD4i_R2_D3_Stim48hr_NTC-937,NTC-937,CE0008678,Stim48hr,CD4i_R2,7.0,102767.0
CD4i_R2_D3_Stim48hr_NTC-938,NTC-938,CE0008678,Stim48hr,CD4i_R2,180.0,2393992.0
CD4i_R2_D3_Stim48hr_NTC-939,NTC-939,CE0008678,Stim48hr,CD4i_R2,166.0,2148252.0
CD4i_R2_D3_Stim48hr_NTC-944,NTC-944,CE0008678,Stim48hr,CD4i_R2,21.0,299945.0
CD4i_R2_D3_Stim48hr_NTC-945,NTC-945,CE0008678,Stim48hr,CD4i_R2,399.0,5262188.0
CD4i_R2_D3_Stim48hr_NTC-946,NTC-946,CE0008678,Stim48hr,CD4i_R2,46.0,488237.0
CD4i_R2_D3_Stim48hr_NTC-948,NTC-948,CE0008678,Stim48hr,CD4i_R2,16.0,195208.0
CD4i_R2_D3_Stim48hr_NTC-949,NTC-949,CE0008678,Stim48hr,CD4i_R2,16.0,196890.0
CD4i_R2_D3_Stim48hr_NTC-951,NTC-951,CE0008678,Stim48hr,CD4i_R2,14.0,128634.0
CD4i_R2_D3_Stim48hr_NTC-952,NTC-952,CE0008678,Stim48hr,CD4i_R2,7.0,92628.0
CD4i_R2_D3_Stim48hr_NTC-954,NTC-954,CE0008678,Stim48hr,CD4i_R2,21.0,248169.0
CD4i_R2_D3_Stim48hr_NTC-955,NTC-955,CE0008678,Stim48hr,CD4i_R2,218.0,2532049.0
CD4i_R2_D3_Stim48hr_NTC-956,NTC-956,CE0008678,Stim48hr,CD4i_R2,146.0,1794026.0
CD4i_R2_D3_Stim48hr_NTC-957,NTC-957,CE0008678,Stim48hr,CD4i_R2,18.0,303077.0
CD4i_R2_D3_Stim48hr_NTC-958,NTC-958,CE0008678,Stim48hr,CD4i_R2,16.0,212872.0
CD4i_R2_D3_Stim48hr_NTC-959,NTC-959,CE0008678,Stim48hr,CD4i_R2,6.0,60363.0
CD4i_R2_D3_Stim48hr_NTC-960,NTC-960,CE0008678,Stim48hr,CD4i_R2,358.0,4312528.0
CD4i_R2_D3_Stim48hr_NTC-961,NTC-961,CE0008678,Stim48hr,CD4i_R2,8.0,71077.0
CD4i_R2_D3_Stim48hr_NTC-964,NTC-964,CE0008678,Stim48hr,CD4i_R2,42.0,499060.0
CD4i_R2_D3_Stim48hr_NTC-965,NTC-965,CE0008678,Stim48hr,CD4i_R2,968.0,11755400.0
CD4i_R2_D3_Stim48hr_NTC-966,NTC-966,CE0008678,Stim48hr,CD4i_R2,16.0,203606.0
CD4i_R2_D3_Stim48hr_NTC-967,NTC-967,CE0008678,Stim48hr,CD4i_R2,426.0,5678725.0
CD4i_R2_D3_Stim48hr_NTC-968,NTC-968,CE0008678,Stim48hr,CD4i_R2,47.0,529064.0
CD4i_R2_D3_Stim48hr_NTC-969,NTC-969,CE0008678,Stim48hr,CD4i_R2,134.0,1513362.0
CD4i_R2_D3_Stim48hr_NTC-970,NTC-970,CE0008678,Stim48hr,CD4i_R2,6.0,58515.0
CD4i_R2_D3_Stim48hr_NTC-971,NTC-971,CE0008678,Stim48hr,CD4i_R2,81.0,980352.0
CD4i_R2_D3_Stim48hr_NTC-972,NTC-972,CE0008678,Stim48hr,CD4i_R2,42.0,541710.0
CD4i_R2_D3_Stim48hr_NTC-973,NTC-973,CE0008678,Stim48hr,CD4i_R2,266.0,3562442.0
CD4i_R2_D3_Stim48hr_NTC-975,NTC-975,CE0008678,Stim48hr,CD4i_R2,91.0,1276131.0
CD4i_R2_D3_Stim48hr_NTC-976,NTC-976,CE0008678,Stim48hr,CD4i_R2,37.0,460486.0
CD4i_R2_D3_Stim48hr_NTC-979,NTC-979,CE0008678,Stim48hr,CD4i_R2,68.0,812977.0
CD4i_R2_D3_Stim48hr_NTC-980,NTC-980,CE0008678,Stim48hr,CD4i_R2,385.0,4618562.0
CD4i_R2_D3_Stim48hr_NTC-981,NTC-981,CE0008678,Stim48hr,CD4i_R2,30.0,365150.0
CD4i_R2_D3_Stim48hr_NTC-982,NTC-982,CE0008678,Stim48hr,CD4i_R2,131.0,1472964.0
CD4i_R2_D3_Stim48hr_NTC-983,NTC-983,CE0008678,Stim48hr,CD4i_R2,75.0,956470.0
CD4i_R2_D3_Stim48hr_NTC-984,NTC-984,CE0008678,Stim48hr,CD4i_R2,133.0,1758454.0
CD4i_R2_D3_Stim48hr_NTC-985,NTC-985,CE0008678,Stim48hr,CD4i_R2,59.0,877421.0
CD4i_R2_D3_Stim48hr_NTC-987,NTC-987,CE0008678,Stim48hr,CD4i_R2,31.0,363898.0
CD4i_R2_D3_Stim48hr_NTC-988,NTC-988,CE0008678,Stim48hr,CD4i_R2,53.0,597577.0
CD4i_R2_D3_Stim48hr_NTC-989,NTC-989,CE0008678,Stim48hr,CD4i_R2,114.0,1252077.0
CD4i_R2_D3_Stim48hr_NTC-990,NTC-990,CE0008678,Stim48hr,CD4i_R2,26.0,417123.0
CD4i_R2_D3_Stim48hr_NTC-991,NTC-991,CE0008678,Stim48hr,CD4i_R2,48.0,612833.0
CD4i_R1_D2_Stim8hr_NTC-002,NTC-002,CE0010866,Stim8hr,CD4i_R1,64.0,652021.0
CD4i_R1_D2_Stim8hr_NTC-005,NTC-005,CE0010866,Stim8hr,CD4i_R1,6.0,67452.0
CD4i_R1_D2_Stim8hr_NTC-006,NTC-006,CE0010866,Stim8hr,CD4i_R1,74.0,810137.0
CD4i_R1_D2_Stim8hr_NTC-007,NTC-007,CE0010866,Stim8hr,CD4i_R1,30.0,419103.0
CD4i_R1_D2_Stim8hr_NTC-008,NTC-008,CE0010866,Stim8hr,CD4i_R1,51.0,750861.0
CD4i_R1_D2_Stim8hr_NTC-009,NTC-009,CE0010866,Stim8hr,CD4i_R1,99.0,1248848.0
CD4i_R1_D2_Stim8hr_NTC-010,NTC-010,CE0010866,Stim8hr,CD4i_R1,11.0,127242.0
CD4i_R1_D2_Stim8hr_NTC-012,NTC-012,CE0010866,Stim8hr,CD4i_R1,26.0,298646.0
CD4i_R1_D2_Stim8hr_NTC-013,NTC-013,CE0010866,Stim8hr,CD4i_R1,22.0,325829.0
CD4i_R1_D2_Stim8hr_NTC-014,NTC-014,CE0010866,Stim8hr,CD4i_R1,79.0,1285901.0
CD4i_R1_D2_Stim8hr_NTC-016,NTC-016,CE0010866,Stim8hr,CD4i_R1,15.0,197549.0
CD4i_R1_D2_Stim8hr_NTC-018,NTC-018,CE0010866,Stim8hr,CD4i_R1,31.0,378406.0
CD4i_R1_D2_Stim8hr_NTC-019,NTC-019,CE0010866,Stim8hr,CD4i_R1,46.0,659794.0
CD4i_R1_D2_Stim8hr_NTC-020,NTC-020,CE0010866,Stim8hr,CD4i_R1,23.0,364334.0
CD4i_R1_D2_Stim8hr_NTC-021,NTC-021,CE0010866,Stim8hr,CD4i_R1,32.0,452184.0
CD4i_R1_D2_Stim8hr_NTC-022,NTC-022,CE0010866,Stim8hr,CD4i_R1,11.0,137219.0
CD4i_R1_D2_Stim8hr_NTC-023,NTC-023,CE0010866,Stim8hr,CD4i_R1,26.0,354690.0
CD4i_R1_D2_Stim8hr_NTC-026,NTC-026,CE0010866,Stim8hr,CD4i_R1,104.0,1381468.0
CD4i_R1_D2_Stim8hr_NTC-027,NTC-027,CE0010866,Stim8hr,CD4i_R1,178.0,2252780.0
CD4i_R1_D2_Stim8hr_NTC-028,NTC-028,CE0010866,Stim8hr,CD4i_R1,33.0,467751.0
CD4i_R1_D2_Stim8hr_NTC-029,NTC-029,CE0010866,Stim8hr,CD4i_R1,285.0,4098268.0
CD4i_R1_D2_Stim8hr_NTC-030,NTC-030,CE0010866,Stim8hr,CD4i_R1,679.0,9474082.0
CD4i_R1_D2_Stim8hr_NTC-031,NTC-031,CE0010866,Stim8hr,CD4i_R1,30.0,374241.0
CD4i_R1_D2_Stim8hr_NTC-032,NTC-032,CE0010866,Stim8hr,CD4i_R1,160.0,1868864.0
CD4i_R1_D2_Stim8hr_NTC-033,NTC-033,CE0010866,Stim8hr,CD4i_R1,235.0,3309241.0
CD4i_R1_D2_Stim8hr_NTC-034,NTC-034,CE0010866,Stim8hr,CD4i_R1,12.0,141554.0
CD4i_R1_D2_Stim8hr_NTC-035,NTC-035,CE0010866,Stim8hr,CD4i_R1,15.0,181742.0
CD4i_R1_D2_Stim8hr_NTC-036,NTC-036,CE0010866,Stim8hr,CD4i_R1,202.0,2035966.0
CD4i_R1_D2_Stim8hr_NTC-037,NTC-037,CE0010866,Stim8hr,CD4i_R1,38.0,654480.0
CD4i_R1_D2_Stim8hr_NTC-038,NTC-038,CE0010866,Stim8hr,CD4i_R1,151.0,1896609.0
CD4i_R1_D2_Stim8hr_NTC-039,NTC-039,CE0010866,Stim8hr,CD4i_R1,15.0,184580.0
CD4i_R1_D2_Stim8hr_NTC-040,NTC-040,CE0010866,Stim8hr,CD4i_R1,340.0,4325518.0
CD4i_R1_D2_Stim8hr_NTC-041,NTC-041,CE0010866,Stim8hr,CD4i_R1,259.0,3524632.0
CD4i_R1_D2_Stim8hr_NTC-042,NTC-042,CE0010866,Stim8hr,CD4i_R1,62.0,780234.0
CD4i_R1_D2_Stim8hr_NTC-043,NTC-043,CE0010866,Stim8hr,CD4i_R1,11.0,135434.0
CD4i_R1_D2_Stim8hr_NTC-044,NTC-044,CE0010866,Stim8hr,CD4i_R1,34.0,368973.0
CD4i_R1_D2_Stim8hr_NTC-045,NTC-045,CE0010866,Stim8hr,CD4i_R1,17.0,173559.0
CD4i_R1_D2_Stim8hr_NTC-046,NTC-046,CE0010866,Stim8hr,CD4i_R1,53.0,626609.0
CD4i_R1_D2_Stim8hr_NTC-047,NTC-047,CE0010866,Stim8hr,CD4i_R1,181.0,2318473.0
CD4i_R1_D2_Stim8hr_NTC-048,NTC-048,CE0010866,Stim8hr,CD4i_R1,8.0,100930.0
CD4i_R1_D2_Stim8hr_NTC-051,NTC-051,CE0010866,Stim8hr,CD4i_R1,22.0,242788.0
CD4i_R1_D2_Stim8hr_NTC-052,NTC-052,CE0010866,Stim8hr,CD4i_R1,30.0,300886.0
CD4i_R1_D2_Stim8hr_NTC-054,NTC-054,CE0010866,Stim8hr,CD4i_R1,316.0,3714479.0
CD4i_R1_D2_Stim8hr_NTC-055,NTC-055,CE0010866,Stim8hr,CD4i_R1,22.0,294411.0
CD4i_R1_D2_Stim8hr_NTC-056,NTC-056,CE0010866,Stim8hr,CD4i_R1,81.0,1090733.0
CD4i_R1_D2_Stim8hr_NTC-057,NTC-057,CE0010866,Stim8hr,CD4i_R1,5.0,66361.0
CD4i_R1_D2_Stim8hr_NTC-058,NTC-058,CE0010866,Stim8hr,CD4i_R1,45.0,505333.0
CD4i_R1_D2_Stim8hr_NTC-059,NTC-059,CE0010866,Stim8hr,CD4i_R1,176.0,2228048.0
CD4i_R1_D2_Stim8hr_NTC-060,NTC-060,CE0010866,Stim8hr,CD4i_R1,55.0,758350.0
CD4i_R1_D2_Stim8hr_NTC-062,NTC-062,CE0010866,Stim8hr,CD4i_R1,31.0,387354.0
CD4i_R1_D2_Stim8hr_NTC-063,NTC-063,CE0010866,Stim8hr,CD4i_R1,6.0,36377.0
CD4i_R1_D2_Stim8hr_NTC-064,NTC-064,CE0010866,Stim8hr,CD4i_R1,36.0,427699.0
CD4i_R1_D2_Stim8hr_NTC-066,NTC-066,CE0010866,Stim8hr,CD4i_R1,89.0,1209855.0
CD4i_R1_D2_Stim8hr_NTC-067,NTC-067,CE0010866,Stim8hr,CD4i_R1,478.0,5623718.0
CD4i_R1_D2_Stim8hr_NTC-069,NTC-069,CE0010866,Stim8hr,CD4i_R1,198.0,2857417.0
CD4i_R1_D2_Stim8hr_NTC-070,NTC-070,CE0010866,Stim8hr,CD4i_R1,15.0,127216.0
CD4i_R1_D2_Stim8hr_NTC-071,NTC-071,CE0010866,Stim8hr,CD4i_R1,82.0,1102327.0
CD4i_R1_D2_Stim8hr_NTC-072,NTC-072,CE0010866,Stim8hr,CD4i_R1,51.0,649041.0
CD4i_R1_D2_Stim8hr_NTC-073,NTC-073,CE0010866,Stim8hr,CD4i_R1,21.0,343067.0
CD4i_R1_D2_Stim8hr_NTC-074,NTC-074,CE0010866,Stim8hr,CD4i_R1,20.0,227953.0
CD4i_R1_D2_Stim8hr_NTC-075,NTC-075,CE0010866,Stim8hr,CD4i_R1,14.0,184752.0
CD4i_R1_D2_Stim8hr_NTC-076,NTC-076,CE0010866,Stim8hr,CD4i_R1,113.0,1371420.0
CD4i_R1_D2_Stim8hr_NTC-077,NTC-077,CE0010866,Stim8hr,CD4i_R1,36.0,580670.0
CD4i_R1_D2_Stim8hr_NTC-078,NTC-078,CE0010866,Stim8hr,CD4i_R1,170.0,2231847.0
CD4i_R1_D2_Stim8hr_NTC-079,NTC-079,CE0010866,Stim8hr,CD4i_R1,40.0,512678.0
CD4i_R1_D2_Stim8hr_NTC-080,NTC-080,CE0010866,Stim8hr,CD4i_R1,19.0,187654.0
CD4i_R1_D2_Stim8hr_NTC-081,NTC-081,CE0010866,Stim8hr,CD4i_R1,16.0,216861.0
CD4i_R1_D2_Stim8hr_NTC-082,NTC-082,CE0010866,Stim8hr,CD4i_R1,16.0,202299.0
CD4i_R1_D2_Stim8hr_NTC-083,NTC-083,CE0010866,Stim8hr,CD4i_R1,71.0,836059.0
CD4i_R1_D2_Stim8hr_NTC-084,NTC-084,CE0010866,Stim8hr,CD4i_R1,16.0,206221.0
CD4i_R1_D2_Stim8hr_NTC-086,NTC-086,CE0010866,Stim8hr,CD4i_R1,53.0,648845.0
CD4i_R1_D2_Stim8hr_NTC-087,NTC-087,CE0010866,Stim8hr,CD4i_R1,5.0,58437.0
CD4i_R1_D2_Stim8hr_NTC-089,NTC-089,CE0010866,Stim8hr,CD4i_R1,6.0,65234.0
CD4i_R1_D2_Stim8hr_NTC-090,NTC-090,CE0010866,Stim8hr,CD4i_R1,50.0,607735.0
CD4i_R1_D2_Stim8hr_NTC-091,NTC-091,CE0010866,Stim8hr,CD4i_R1,87.0,961329.0
CD4i_R1_D2_Stim8hr_NTC-092,NTC-092,CE0010866,Stim8hr,CD4i_R1,9.0,142264.0
CD4i_R1_D2_Stim8hr_NTC-094,NTC-094,CE0010866,Stim8hr,CD4i_R1,36.0,488224.0
CD4i_R1_D2_Stim8hr_NTC-095,NTC-095,CE0010866,Stim8hr,CD4i_R1,51.0,562412.0
CD4i_R1_D2_Stim8hr_NTC-096,NTC-096,CE0010866,Stim8hr,CD4i_R1,6.0,102991.0
CD4i_R1_D2_Stim8hr_NTC-097,NTC-097,CE0010866,Stim8hr,CD4i_R1,30.0,360458.0
CD4i_R1_D2_Stim8hr_NTC-098,NTC-098,CE0010866,Stim8hr,CD4i_R1,79.0,876401.0
CD4i_R1_D2_Stim8hr_NTC-099,NTC-099,CE0010866,Stim8hr,CD4i_R1,49.0,619054.0
CD4i_R1_D2_Stim8hr_NTC-100,NTC-100,CE0010866,Stim8hr,CD4i_R1,154.0,2107797.0
CD4i_R1_D2_Stim8hr_NTC-101,NTC-101,CE0010866,Stim8hr,CD4i_R1,480.0,6007823.0
CD4i_R1_D2_Stim8hr_NTC-102,NTC-102,CE0010866,Stim8hr,CD4i_R1,5.0,86325.0
CD4i_R1_D2_Stim8hr_NTC-104,NTC-104,CE0010866,Stim8hr,CD4i_R1,5.0,64933.0
CD4i_R1_D2_Stim8hr_NTC-106,NTC-106,CE0010866,Stim8hr,CD4i_R1,29.0,435979.0
CD4i_R1_D2_Stim8hr_NTC-107,NTC-107,CE0010866,Stim8hr,CD4i_R1,14.0,197648.0
CD4i_R1_D2_Stim8hr_NTC-108,NTC-108,CE0010866,Stim8hr,CD4i_R1,16.0,154044.0
CD4i_R1_D2_Stim8hr_NTC-110,NTC-110,CE0010866,Stim8hr,CD4i_R1,91.0,1086488.0
CD4i_R1_D2_Stim8hr_NTC-111,NTC-111,CE0010866,Stim8hr,CD4i_R1,59.0,782802.0
CD4i_R1_D2_Stim8hr_NTC-112,NTC-112,CE0010866,Stim8hr,CD4i_R1,10.0,120727.0
CD4i_R1_D2_Stim8hr_NTC-114,NTC-114,CE0010866,Stim8hr,CD4i_R1,174.0,2407092.0
CD4i_R1_D2_Stim8hr_NTC-120,NTC-120,CE0010866,Stim8hr,CD4i_R1,59.0,750429.0
CD4i_R1_D2_Stim8hr_NTC-121,NTC-121,CE0010866,Stim8hr,CD4i_R1,12.0,149597.0
CD4i_R1_D2_Stim8hr_NTC-122,NTC-122,CE0010866,Stim8hr,CD4i_R1,134.0,1636529.0
CD4i_R1_D2_Stim8hr_NTC-123,NTC-123,CE0010866,Stim8hr,CD4i_R1,74.0,1044494.0
CD4i_R1_D2_Stim8hr_NTC-124,NTC-124,CE0010866,Stim8hr,CD4i_R1,73.0,864249.0
CD4i_R1_D2_Stim8hr_NTC-125,NTC-125,CE0010866,Stim8hr,CD4i_R1,10.0,135498.0
CD4i_R1_D2_Stim8hr_NTC-126,NTC-126,CE0010866,Stim8hr,CD4i_R1,18.0,345921.0
CD4i_R1_D2_Stim8hr_NTC-127,NTC-127,CE0010866,Stim8hr,CD4i_R1,24.0,303058.0
CD4i_R1_D2_Stim8hr_NTC-129,NTC-129,CE0010866,Stim8hr,CD4i_R1,63.0,700424.0
CD4i_R1_D2_Stim8hr_NTC-130,NTC-130,CE0010866,Stim8hr,CD4i_R1,55.0,817099.0
CD4i_R1_D2_Stim8hr_NTC-131,NTC-131,CE0010866,Stim8hr,CD4i_R1,74.0,846019.0
CD4i_R1_D2_Stim8hr_NTC-132,NTC-132,CE0010866,Stim8hr,CD4i_R1,46.0,585005.0
CD4i_R1_D2_Stim8hr_NTC-133,NTC-133,CE0010866,Stim8hr,CD4i_R1,31.0,336573.0
CD4i_R1_D2_Stim8hr_NTC-134,NTC-134,CE0010866,Stim8hr,CD4i_R1,29.0,420794.0
CD4i_R1_D2_Stim8hr_NTC-135,NTC-135,CE0010866,Stim8hr,CD4i_R1,9.0,145052.0
CD4i_R1_D2_Stim8hr_NTC-136,NTC-136,CE0010866,Stim8hr,CD4i_R1,38.0,457164.0
CD4i_R1_D2_Stim8hr_NTC-137,NTC-137,CE0010866,Stim8hr,CD4i_R1,39.0,511616.0
CD4i_R1_D2_Stim8hr_NTC-138,NTC-138,CE0010866,Stim8hr,CD4i_R1,14.0,201195.0
CD4i_R1_D2_Stim8hr_NTC-139,NTC-139,CE0010866,Stim8hr,CD4i_R1,52.0,658716.0
CD4i_R1_D2_Stim8hr_NTC-140,NTC-140,CE0010866,Stim8hr,CD4i_R1,14.0,208507.0
CD4i_R1_D2_Stim8hr_NTC-141,NTC-141,CE0010866,Stim8hr,CD4i_R1,65.0,828926.0
CD4i_R1_D2_Stim8hr_NTC-142,NTC-142,CE0010866,Stim8hr,CD4i_R1,125.0,1610524.0
CD4i_R1_D2_Stim8hr_NTC-143,NTC-143,CE0010866,Stim8hr,CD4i_R1,175.0,2248804.0
CD4i_R1_D2_Stim8hr_NTC-144,NTC-144,CE0010866,Stim8hr,CD4i_R1,130.0,1373094.0
CD4i_R1_D2_Stim8hr_NTC-145,NTC-145,CE0010866,Stim8hr,CD4i_R1,6.0,113434.0
CD4i_R1_D2_Stim8hr_NTC-146,NTC-146,CE0010866,Stim8hr,CD4i_R1,178.0,2177449.0
CD4i_R1_D2_Stim8hr_NTC-148,NTC-148,CE0010866,Stim8hr,CD4i_R1,90.0,1200142.0
CD4i_R1_D2_Stim8hr_NTC-149,NTC-149,CE0010866,Stim8hr,CD4i_R1,66.0,783009.0
CD4i_R1_D2_Stim8hr_NTC-150,NTC-150,CE0010866,Stim8hr,CD4i_R1,93.0,1292505.0
CD4i_R1_D2_Stim8hr_NTC-151,NTC-151,CE0010866,Stim8hr,CD4i_R1,31.0,404835.0
CD4i_R1_D2_Stim8hr_NTC-152,NTC-152,CE0010866,Stim8hr,CD4i_R1,229.0,3625408.0
CD4i_R1_D2_Stim8hr_NTC-153,NTC-153,CE0010866,Stim8hr,CD4i_R1,194.0,2607368.0
CD4i_R1_D2_Stim8hr_NTC-154,NTC-154,CE0010866,Stim8hr,CD4i_R1,135.0,1700384.0
CD4i_R1_D2_Stim8hr_NTC-155,NTC-155,CE0010866,Stim8hr,CD4i_R1,78.0,1008393.0
CD4i_R1_D2_Stim8hr_NTC-156,NTC-156,CE0010866,Stim8hr,CD4i_R1,56.0,691704.0
CD4i_R1_D2_Stim8hr_NTC-157,NTC-157,CE0010866,Stim8hr,CD4i_R1,65.0,736783.0
CD4i_R1_D2_Stim8hr_NTC-158,NTC-158,CE0010866,Stim8hr,CD4i_R1,48.0,715329.0
CD4i_R1_D2_Stim8hr_NTC-159,NTC-159,CE0010866,Stim8hr,CD4i_R1,10.0,130206.0
CD4i_R1_D2_Stim8hr_NTC-160,NTC-160,CE0010866,Stim8hr,CD4i_R1,62.0,819297.0
CD4i_R1_D2_Stim8hr_NTC-161,NTC-161,CE0010866,Stim8hr,CD4i_R1,329.0,4301884.0
CD4i_R1_D2_Stim8hr_NTC-162,NTC-162,CE0010866,Stim8hr,CD4i_R1,130.0,1547775.0
CD4i_R1_D2_Stim8hr_NTC-163,NTC-163,CE0010866,Stim8hr,CD4i_R1,1070.0,10708825.0
CD4i_R1_D2_Stim8hr_NTC-164,NTC-164,CE0010866,Stim8hr,CD4i_R1,63.0,671510.0
CD4i_R1_D2_Stim8hr_NTC-165,NTC-165,CE0010866,Stim8hr,CD4i_R1,85.0,1206925.0
CD4i_R1_D2_Stim8hr_NTC-166,NTC-166,CE0010866,Stim8hr,CD4i_R1,341.0,4244675.0
CD4i_R1_D2_Stim8hr_NTC-167,NTC-167,CE0010866,Stim8hr,CD4i_R1,26.0,274268.0
CD4i_R1_D2_Stim8hr_NTC-168,NTC-168,CE0010866,Stim8hr,CD4i_R1,38.0,519735.0
CD4i_R1_D2_Stim8hr_NTC-169,NTC-169,CE0010866,Stim8hr,CD4i_R1,39.0,511185.0
CD4i_R1_D2_Stim8hr_NTC-170,NTC-170,CE0010866,Stim8hr,CD4i_R1,195.0,2633368.0
CD4i_R1_D2_Stim8hr_NTC-171,NTC-171,CE0010866,Stim8hr,CD4i_R1,21.0,253483.0
CD4i_R1_D2_Stim8hr_NTC-173,NTC-173,CE0010866,Stim8hr,CD4i_R1,627.0,8295736.0
CD4i_R1_D2_Stim8hr_NTC-174,NTC-174,CE0010866,Stim8hr,CD4i_R1,173.0,2152442.0
CD4i_R1_D2_Stim8hr_NTC-175,NTC-175,CE0010866,Stim8hr,CD4i_R1,110.0,1445918.0
CD4i_R1_D2_Stim8hr_NTC-177,NTC-177,CE0010866,Stim8hr,CD4i_R1,111.0,1448631.0
CD4i_R1_D2_Stim8hr_NTC-178,NTC-178,CE0010866,Stim8hr,CD4i_R1,98.0,1258485.0
CD4i_R1_D2_Stim8hr_NTC-179,NTC-179,CE0010866,Stim8hr,CD4i_R1,113.0,1713717.0
CD4i_R1_D2_Stim8hr_NTC-180,NTC-180,CE0010866,Stim8hr,CD4i_R1,28.0,283167.0
CD4i_R1_D2_Stim8hr_NTC-181,NTC-181,CE0010866,Stim8hr,CD4i_R1,138.0,1804100.0
CD4i_R1_D2_Stim8hr_NTC-183,NTC-183,CE0010866,Stim8hr,CD4i_R1,87.0,1351668.0
CD4i_R1_D2_Stim8hr_NTC-184,NTC-184,CE0010866,Stim8hr,CD4i_R1,24.0,319214.0
CD4i_R1_D2_Stim8hr_NTC-185,NTC-185,CE0010866,Stim8hr,CD4i_R1,63.0,664000.0
CD4i_R1_D2_Stim8hr_NTC-186,NTC-186,CE0010866,Stim8hr,CD4i_R1,23.0,265507.0
CD4i_R1_D2_Stim8hr_NTC-188,NTC-188,CE0010866,Stim8hr,CD4i_R1,38.0,542514.0
CD4i_R1_D2_Stim8hr_NTC-189,NTC-189,CE0010866,Stim8hr,CD4i_R1,27.0,327430.0
CD4i_R1_D2_Stim8hr_NTC-190,NTC-190,CE0010866,Stim8hr,CD4i_R1,94.0,1297460.0
CD4i_R1_D2_Stim8hr_NTC-191,NTC-191,CE0010866,Stim8hr,CD4i_R1,49.0,643991.0
CD4i_R1_D2_Stim8hr_NTC-192,NTC-192,CE0010866,Stim8hr,CD4i_R1,471.0,3976848.0
CD4i_R1_D2_Stim8hr_NTC-193,NTC-193,CE0010866,Stim8hr,CD4i_R1,79.0,1214550.0
CD4i_R1_D2_Stim8hr_NTC-194,NTC-194,CE0010866,Stim8hr,CD4i_R1,15.0,176397.0
CD4i_R1_D2_Stim8hr_NTC-196,NTC-196,CE0010866,Stim8hr,CD4i_R1,91.0,1147009.0
CD4i_R1_D2_Stim8hr_NTC-197,NTC-197,CE0010866,Stim8hr,CD4i_R1,143.0,1844773.0
CD4i_R1_D2_Stim8hr_NTC-198,NTC-198,CE0010866,Stim8hr,CD4i_R1,86.0,1100118.0
CD4i_R1_D2_Stim8hr_NTC-199,NTC-199,CE0010866,Stim8hr,CD4i_R1,17.0,237289.0
CD4i_R1_D2_Stim8hr_NTC-200,NTC-200,CE0010866,Stim8hr,CD4i_R1,21.0,283897.0
CD4i_R1_D2_Stim8hr_NTC-202,NTC-202,CE0010866,Stim8hr,CD4i_R1,56.0,643789.0
CD4i_R1_D2_Stim8hr_NTC-203,NTC-203,CE0010866,Stim8hr,CD4i_R1,68.0,668098.0
CD4i_R1_D2_Stim8hr_NTC-205,NTC-205,CE0010866,Stim8hr,CD4i_R1,70.0,784212.0
CD4i_R1_D2_Stim8hr_NTC-207,NTC-207,CE0010866,Stim8hr,CD4i_R1,1130.0,13901955.0
CD4i_R1_D2_Stim8hr_NTC-208,NTC-208,CE0010866,Stim8hr,CD4i_R1,35.0,490257.0
CD4i_R1_D2_Stim8hr_NTC-209,NTC-209,CE0010866,Stim8hr,CD4i_R1,44.0,512622.0
CD4i_R1_D2_Stim8hr_NTC-210,NTC-210,CE0010866,Stim8hr,CD4i_R1,18.0,221933.0
CD4i_R1_D2_Stim8hr_NTC-211,NTC-211,CE0010866,Stim8hr,CD4i_R1,35.0,465783.0
CD4i_R1_D2_Stim8hr_NTC-212,NTC-212,CE0010866,Stim8hr,CD4i_R1,10.0,95710.0
CD4i_R1_D2_Stim8hr_NTC-213,NTC-213,CE0010866,Stim8hr,CD4i_R1,158.0,2000096.0
CD4i_R1_D2_Stim8hr_NTC-214,NTC-214,CE0010866,Stim8hr,CD4i_R1,7.0,134549.0
CD4i_R1_D2_Stim8hr_NTC-215,NTC-215,CE0010866,Stim8hr,CD4i_R1,27.0,314725.0
CD4i_R1_D2_Stim8hr_NTC-217,NTC-217,CE0010866,Stim8hr,CD4i_R1,1080.0,14401250.0
CD4i_R1_D2_Stim8hr_NTC-219,NTC-219,CE0010866,Stim8hr,CD4i_R1,266.0,3082794.0
CD4i_R1_D2_Stim8hr_NTC-220,NTC-220,CE0010866,Stim8hr,CD4i_R1,17.0,137660.0
CD4i_R1_D2_Stim8hr_NTC-222,NTC-222,CE0010866,Stim8hr,CD4i_R1,8.0,62094.0
CD4i_R1_D2_Stim8hr_NTC-224,NTC-224,CE0010866,Stim8hr,CD4i_R1,79.0,915656.0
CD4i_R1_D2_Stim8hr_NTC-226,NTC-226,CE0010866,Stim8hr,CD4i_R1,7.0,76967.0
CD4i_R1_D2_Stim8hr_NTC-227,NTC-227,CE0010866,Stim8hr,CD4i_R1,20.0,261623.0
CD4i_R1_D2_Stim8hr_NTC-228,NTC-228,CE0010866,Stim8hr,CD4i_R1,73.0,996872.0
CD4i_R1_D2_Stim8hr_NTC-229,NTC-229,CE0010866,Stim8hr,CD4i_R1,7.0,71595.0
CD4i_R1_D2_Stim8hr_NTC-230,NTC-230,CE0010866,Stim8hr,CD4i_R1,230.0,2792382.0
CD4i_R1_D2_Stim8hr_NTC-231,NTC-231,CE0010866,Stim8hr,CD4i_R1,9.0,152769.0
CD4i_R1_D2_Stim8hr_NTC-232,NTC-232,CE0010866,Stim8hr,CD4i_R1,8.0,132787.0
CD4i_R1_D2_Stim8hr_NTC-233,NTC-233,CE0010866,Stim8hr,CD4i_R1,145.0,1977242.0
CD4i_R1_D2_Stim8hr_NTC-234,NTC-234,CE0010866,Stim8hr,CD4i_R1,42.0,592909.0
CD4i_R1_D2_Stim8hr_NTC-235,NTC-235,CE0010866,Stim8hr,CD4i_R1,117.0,1548528.0
CD4i_R1_D2_Stim8hr_NTC-236,NTC-236,CE0010866,Stim8hr,CD4i_R1,165.0,1756938.0
CD4i_R1_D2_Stim8hr_NTC-237,NTC-237,CE0010866,Stim8hr,CD4i_R1,19.0,260016.0
CD4i_R1_D2_Stim8hr_NTC-238,NTC-238,CE0010866,Stim8hr,CD4i_R1,34.0,526034.0
CD4i_R1_D2_Stim8hr_NTC-239,NTC-239,CE0010866,Stim8hr,CD4i_R1,44.0,434136.0
CD4i_R1_D2_Stim8hr_NTC-240,NTC-240,CE0010866,Stim8hr,CD4i_R1,95.0,1227921.0
CD4i_R1_D2_Stim8hr_NTC-241,NTC-241,CE0010866,Stim8hr,CD4i_R1,454.0,5927793.0
CD4i_R1_D2_Stim8hr_NTC-242,NTC-242,CE0010866,Stim8hr,CD4i_R1,47.0,585493.0
CD4i_R1_D2_Stim8hr_NTC-243,NTC-243,CE0010866,Stim8hr,CD4i_R1,55.0,644123.0
CD4i_R1_D2_Stim8hr_NTC-244,NTC-244,CE0010866,Stim8hr,CD4i_R1,7.0,91180.0
CD4i_R1_D2_Stim8hr_NTC-247,NTC-247,CE0010866,Stim8hr,CD4i_R1,254.0,3363989.0
CD4i_R1_D2_Stim8hr_NTC-248,NTC-248,CE0010866,Stim8hr,CD4i_R1,65.0,953823.0
CD4i_R1_D2_Stim8hr_NTC-249,NTC-249,CE0010866,Stim8hr,CD4i_R1,43.0,567547.0
CD4i_R1_D2_Stim8hr_NTC-250,NTC-250,CE0010866,Stim8hr,CD4i_R1,242.0,2960536.0
CD4i_R1_D2_Stim8hr_NTC-252,NTC-252,CE0010866,Stim8hr,CD4i_R1,43.0,518810.0
CD4i_R1_D2_Stim8hr_NTC-253,NTC-253,CE0010866,Stim8hr,CD4i_R1,153.0,1923418.0
CD4i_R1_D2_Stim8hr_NTC-256,NTC-256,CE0010866,Stim8hr,CD4i_R1,9.0,119195.0
CD4i_R1_D2_Stim8hr_NTC-258,NTC-258,CE0010866,Stim8hr,CD4i_R1,116.0,1573050.0
CD4i_R1_D2_Stim8hr_NTC-260,NTC-260,CE0010866,Stim8hr,CD4i_R1,130.0,1617702.0
CD4i_R1_D2_Stim8hr_NTC-261,NTC-261,CE0010866,Stim8hr,CD4i_R1,179.0,2276824.0
CD4i_R1_D2_Stim8hr_NTC-262,NTC-262,CE0010866,Stim8hr,CD4i_R1,64.0,675683.0
CD4i_R1_D2_Stim8hr_NTC-263,NTC-263,CE0010866,Stim8hr,CD4i_R1,19.0,214025.0
CD4i_R1_D2_Stim8hr_NTC-264,NTC-264,CE0010866,Stim8hr,CD4i_R1,382.0,4190055.0
CD4i_R1_D2_Stim8hr_NTC-265,NTC-265,CE0010866,Stim8hr,CD4i_R1,119.0,1286157.0
CD4i_R1_D2_Stim8hr_NTC-267,NTC-267,CE0010866,Stim8hr,CD4i_R1,590.0,7874783.0
CD4i_R1_D2_Stim8hr_NTC-268,NTC-268,CE0010866,Stim8hr,CD4i_R1,57.0,662589.0
CD4i_R1_D2_Stim8hr_NTC-270,NTC-270,CE0010866,Stim8hr,CD4i_R1,48.0,526031.0
CD4i_R1_D2_Stim8hr_NTC-271,NTC-271,CE0010866,Stim8hr,CD4i_R1,85.0,1112254.0
CD4i_R1_D2_Stim8hr_NTC-272,NTC-272,CE0010866,Stim8hr,CD4i_R1,83.0,1306296.0
CD4i_R1_D2_Stim8hr_NTC-273,NTC-273,CE0010866,Stim8hr,CD4i_R1,33.0,520897.0
CD4i_R1_D2_Stim8hr_NTC-274,NTC-274,CE0010866,Stim8hr,CD4i_R1,46.0,721303.0
CD4i_R1_D2_Stim8hr_NTC-275,NTC-275,CE0010866,Stim8hr,CD4i_R1,94.0,1387992.0
CD4i_R1_D2_Stim8hr_NTC-276,NTC-276,CE0010866,Stim8hr,CD4i_R1,82.0,1044376.0
CD4i_R1_D2_Stim8hr_NTC-277,NTC-277,CE0010866,Stim8hr,CD4i_R1,6.0,64939.0
CD4i_R1_D2_Stim8hr_NTC-278,NTC-278,CE0010866,Stim8hr,CD4i_R1,84.0,1216929.0
CD4i_R1_D2_Stim8hr_NTC-279,NTC-279,CE0010866,Stim8hr,CD4i_R1,150.0,2272353.0
CD4i_R1_D2_Stim8hr_NTC-280,NTC-280,CE0010866,Stim8hr,CD4i_R1,109.0,1363003.0
CD4i_R1_D2_Stim8hr_NTC-282,NTC-282,CE0010866,Stim8hr,CD4i_R1,132.0,1554179.0
CD4i_R1_D2_Stim8hr_NTC-285,NTC-285,CE0010866,Stim8hr,CD4i_R1,111.0,1296072.0
CD4i_R1_D2_Stim8hr_NTC-286,NTC-286,CE0010866,Stim8hr,CD4i_R1,6.0,71521.0
CD4i_R1_D2_Stim8hr_NTC-287,NTC-287,CE0010866,Stim8hr,CD4i_R1,139.0,1663033.0
CD4i_R1_D2_Stim8hr_NTC-288,NTC-288,CE0010866,Stim8hr,CD4i_R1,12.0,132294.0
CD4i_R1_D2_Stim8hr_NTC-289,NTC-289,CE0010866,Stim8hr,CD4i_R1,69.0,889408.0
CD4i_R1_D2_Stim8hr_NTC-290,NTC-290,CE0010866,Stim8hr,CD4i_R1,148.0,1327293.0
CD4i_R1_D2_Stim8hr_NTC-291,NTC-291,CE0010866,Stim8hr,CD4i_R1,31.0,393142.0
CD4i_R1_D2_Stim8hr_NTC-292,NTC-292,CE0010866,Stim8hr,CD4i_R1,140.0,1965695.0
CD4i_R1_D2_Stim8hr_NTC-293,NTC-293,CE0010866,Stim8hr,CD4i_R1,63.0,733123.0
CD4i_R1_D2_Stim8hr_NTC-295,NTC-295,CE0010866,Stim8hr,CD4i_R1,312.0,4067476.0
CD4i_R1_D2_Stim8hr_NTC-296,NTC-296,CE0010866,Stim8hr,CD4i_R1,100.0,1279376.0
CD4i_R1_D2_Stim8hr_NTC-297,NTC-297,CE0010866,Stim8hr,CD4i_R1,47.0,679435.0
CD4i_R1_D2_Stim8hr_NTC-298,NTC-298,CE0010866,Stim8hr,CD4i_R1,97.0,1154827.0
CD4i_R1_D2_Stim8hr_NTC-299,NTC-299,CE0010866,Stim8hr,CD4i_R1,71.0,876155.0
CD4i_R1_D2_Stim8hr_NTC-300,NTC-300,CE0010866,Stim8hr,CD4i_R1,43.0,650593.0
CD4i_R1_D2_Stim8hr_NTC-302,NTC-302,CE0010866,Stim8hr,CD4i_R1,28.0,338562.0
CD4i_R1_D2_Stim8hr_NTC-303,NTC-303,CE0010866,Stim8hr,CD4i_R1,97.0,1122040.0
CD4i_R1_D2_Stim8hr_NTC-304,NTC-304,CE0010866,Stim8hr,CD4i_R1,196.0,2758201.0
CD4i_R1_D2_Stim8hr_NTC-305,NTC-305,CE0010866,Stim8hr,CD4i_R1,29.0,429150.0
CD4i_R1_D2_Stim8hr_NTC-306,NTC-306,CE0010866,Stim8hr,CD4i_R1,17.0,211100.0
CD4i_R1_D2_Stim8hr_NTC-308,NTC-308,CE0010866,Stim8hr,CD4i_R1,159.0,2033789.0
CD4i_R1_D2_Stim8hr_NTC-309,NTC-309,CE0010866,Stim8hr,CD4i_R1,34.0,337307.0
CD4i_R1_D2_Stim8hr_NTC-310,NTC-310,CE0010866,Stim8hr,CD4i_R1,40.0,506400.0
CD4i_R1_D2_Stim8hr_NTC-311,NTC-311,CE0010866,Stim8hr,CD4i_R1,48.0,603819.0
CD4i_R1_D2_Stim8hr_NTC-312,NTC-312,CE0010866,Stim8hr,CD4i_R1,128.0,1438165.0
CD4i_R1_D2_Stim8hr_NTC-314,NTC-314,CE0010866,Stim8hr,CD4i_R1,65.0,912899.0
CD4i_R1_D2_Stim8hr_NTC-315,NTC-315,CE0010866,Stim8hr,CD4i_R1,45.0,592701.0
CD4i_R1_D2_Stim8hr_NTC-316,NTC-316,CE0010866,Stim8hr,CD4i_R1,46.0,611286.0
CD4i_R1_D2_Stim8hr_NTC-317,NTC-317,CE0010866,Stim8hr,CD4i_R1,207.0,2965071.0
CD4i_R1_D2_Stim8hr_NTC-318,NTC-318,CE0010866,Stim8hr,CD4i_R1,152.0,1845739.0
CD4i_R1_D2_Stim8hr_NTC-319,NTC-319,CE0010866,Stim8hr,CD4i_R1,140.0,1628055.0
CD4i_R1_D2_Stim8hr_NTC-320,NTC-320,CE0010866,Stim8hr,CD4i_R1,10.0,121821.0
CD4i_R1_D2_Stim8hr_NTC-321,NTC-321,CE0010866,Stim8hr,CD4i_R1,37.0,487429.0
CD4i_R1_D2_Stim8hr_NTC-322,NTC-322,CE0010866,Stim8hr,CD4i_R1,138.0,1685602.0
CD4i_R1_D2_Stim8hr_NTC-323,NTC-323,CE0010866,Stim8hr,CD4i_R1,82.0,1035637.0
CD4i_R1_D2_Stim8hr_NTC-324,NTC-324,CE0010866,Stim8hr,CD4i_R1,88.0,1078792.0
CD4i_R1_D2_Stim8hr_NTC-325,NTC-325,CE0010866,Stim8hr,CD4i_R1,32.0,453882.0
CD4i_R1_D2_Stim8hr_NTC-326,NTC-326,CE0010866,Stim8hr,CD4i_R1,160.0,1817855.0
CD4i_R1_D2_Stim8hr_NTC-327,NTC-327,CE0010866,Stim8hr,CD4i_R1,65.0,984460.0
CD4i_R1_D2_Stim8hr_NTC-328,NTC-328,CE0010866,Stim8hr,CD4i_R1,1107.0,15507533.0
CD4i_R1_D2_Stim8hr_NTC-329,NTC-329,CE0010866,Stim8hr,CD4i_R1,35.0,356869.0
CD4i_R1_D2_Stim8hr_NTC-330,NTC-330,CE0010866,Stim8hr,CD4i_R1,6.0,113194.0
CD4i_R1_D2_Stim8hr_NTC-332,NTC-332,CE0010866,Stim8hr,CD4i_R1,17.0,198282.0
CD4i_R1_D2_Stim8hr_NTC-333,NTC-333,CE0010866,Stim8hr,CD4i_R1,215.0,2664831.0
CD4i_R1_D2_Stim8hr_NTC-334,NTC-334,CE0010866,Stim8hr,CD4i_R1,102.0,1332816.0
CD4i_R1_D2_Stim8hr_NTC-337,NTC-337,CE0010866,Stim8hr,CD4i_R1,211.0,2569628.0
CD4i_R1_D2_Stim8hr_NTC-338,NTC-338,CE0010866,Stim8hr,CD4i_R1,22.0,211050.0
CD4i_R1_D2_Stim8hr_NTC-339,NTC-339,CE0010866,Stim8hr,CD4i_R1,11.0,89215.0
CD4i_R1_D2_Stim8hr_NTC-340,NTC-340,CE0010866,Stim8hr,CD4i_R1,23.0,249066.0
CD4i_R1_D2_Stim8hr_NTC-341,NTC-341,CE0010866,Stim8hr,CD4i_R1,34.0,418175.0
CD4i_R1_D2_Stim8hr_NTC-342,NTC-342,CE0010866,Stim8hr,CD4i_R1,40.0,458185.0
CD4i_R1_D2_Stim8hr_NTC-343,NTC-343,CE0010866,Stim8hr,CD4i_R1,128.0,1617084.0
CD4i_R1_D2_Stim8hr_NTC-344,NTC-344,CE0010866,Stim8hr,CD4i_R1,53.0,671588.0
CD4i_R1_D2_Stim8hr_NTC-345,NTC-345,CE0010866,Stim8hr,CD4i_R1,54.0,747925.0
CD4i_R1_D2_Stim8hr_NTC-346,NTC-346,CE0010866,Stim8hr,CD4i_R1,19.0,235330.0
CD4i_R1_D2_Stim8hr_NTC-347,NTC-347,CE0010866,Stim8hr,CD4i_R1,11.0,152740.0
CD4i_R1_D2_Stim8hr_NTC-348,NTC-348,CE0010866,Stim8hr,CD4i_R1,117.0,1381028.0
CD4i_R1_D2_Stim8hr_NTC-349,NTC-349,CE0010866,Stim8hr,CD4i_R1,89.0,1178427.0
CD4i_R1_D2_Stim8hr_NTC-351,NTC-351,CE0010866,Stim8hr,CD4i_R1,9.0,99568.0
CD4i_R1_D2_Stim8hr_NTC-352,NTC-352,CE0010866,Stim8hr,CD4i_R1,34.0,487021.0
CD4i_R1_D2_Stim8hr_NTC-353,NTC-353,CE0010866,Stim8hr,CD4i_R1,22.0,317260.0
CD4i_R1_D2_Stim8hr_NTC-355,NTC-355,CE0010866,Stim8hr,CD4i_R1,158.0,2062278.0
CD4i_R1_D2_Stim8hr_NTC-356,NTC-356,CE0010866,Stim8hr,CD4i_R1,79.0,1248151.0
CD4i_R1_D2_Stim8hr_NTC-357,NTC-357,CE0010866,Stim8hr,CD4i_R1,29.0,326603.0
CD4i_R1_D2_Stim8hr_NTC-359,NTC-359,CE0010866,Stim8hr,CD4i_R1,71.0,993310.0
CD4i_R1_D2_Stim8hr_NTC-360,NTC-360,CE0010866,Stim8hr,CD4i_R1,8.0,120502.0
CD4i_R1_D2_Stim8hr_NTC-361,NTC-361,CE0010866,Stim8hr,CD4i_R1,9.0,140903.0
CD4i_R1_D2_Stim8hr_NTC-362,NTC-362,CE0010866,Stim8hr,CD4i_R1,39.0,504496.0
CD4i_R1_D2_Stim8hr_NTC-363,NTC-363,CE0010866,Stim8hr,CD4i_R1,22.0,317965.0
CD4i_R1_D2_Stim8hr_NTC-365,NTC-365,CE0010866,Stim8hr,CD4i_R1,12.0,149791.0
CD4i_R1_D2_Stim8hr_NTC-366,NTC-366,CE0010866,Stim8hr,CD4i_R1,24.0,315278.0
CD4i_R1_D2_Stim8hr_NTC-367,NTC-367,CE0010866,Stim8hr,CD4i_R1,9.0,106554.0
CD4i_R1_D2_Stim8hr_NTC-368,NTC-368,CE0010866,Stim8hr,CD4i_R1,17.0,232684.0
CD4i_R1_D2_Stim8hr_NTC-369,NTC-369,CE0010866,Stim8hr,CD4i_R1,20.0,221005.0
CD4i_R1_D2_Stim8hr_NTC-370,NTC-370,CE0010866,Stim8hr,CD4i_R1,103.0,1153999.0
CD4i_R1_D2_Stim8hr_NTC-371,NTC-371,CE0010866,Stim8hr,CD4i_R1,73.0,857564.0
CD4i_R1_D2_Stim8hr_NTC-373,NTC-373,CE0010866,Stim8hr,CD4i_R1,29.0,373857.0
CD4i_R1_D2_Stim8hr_NTC-374,NTC-374,CE0010866,Stim8hr,CD4i_R1,87.0,1215196.0
CD4i_R1_D2_Stim8hr_NTC-375,NTC-375,CE0010866,Stim8hr,CD4i_R1,84.0,1049199.0
CD4i_R1_D2_Stim8hr_NTC-376,NTC-376,CE0010866,Stim8hr,CD4i_R1,6.0,74311.0
CD4i_R1_D2_Stim8hr_NTC-377,NTC-377,CE0010866,Stim8hr,CD4i_R1,16.0,173019.0
CD4i_R1_D2_Stim8hr_NTC-378,NTC-378,CE0010866,Stim8hr,CD4i_R1,135.0,2007811.0
CD4i_R1_D2_Stim8hr_NTC-379,NTC-379,CE0010866,Stim8hr,CD4i_R1,46.0,585639.0
CD4i_R1_D2_Stim8hr_NTC-380,NTC-380,CE0010866,Stim8hr,CD4i_R1,257.0,3131996.0
CD4i_R1_D2_Stim8hr_NTC-381,NTC-381,CE0010866,Stim8hr,CD4i_R1,61.0,695203.0
CD4i_R1_D2_Stim8hr_NTC-382,NTC-382,CE0010866,Stim8hr,CD4i_R1,178.0,2414006.0
CD4i_R1_D2_Stim8hr_NTC-383,NTC-383,CE0010866,Stim8hr,CD4i_R1,9.0,109458.0
CD4i_R1_D2_Stim8hr_NTC-384,NTC-384,CE0010866,Stim8hr,CD4i_R1,22.0,186715.0
CD4i_R1_D2_Stim8hr_NTC-386,NTC-386,CE0010866,Stim8hr,CD4i_R1,49.0,574534.0
CD4i_R1_D2_Stim8hr_NTC-389,NTC-389,CE0010866,Stim8hr,CD4i_R1,140.0,1524334.0
CD4i_R1_D2_Stim8hr_NTC-390,NTC-390,CE0010866,Stim8hr,CD4i_R1,30.0,391996.0
CD4i_R1_D2_Stim8hr_NTC-391,NTC-391,CE0010866,Stim8hr,CD4i_R1,59.0,768204.0
CD4i_R1_D2_Stim8hr_NTC-392,NTC-392,CE0010866,Stim8hr,CD4i_R1,171.0,2264248.0
CD4i_R1_D2_Stim8hr_NTC-393,NTC-393,CE0010866,Stim8hr,CD4i_R1,85.0,1170745.0
CD4i_R1_D2_Stim8hr_NTC-397,NTC-397,CE0010866,Stim8hr,CD4i_R1,232.0,3139026.0
CD4i_R1_D2_Stim8hr_NTC-398,NTC-398,CE0010866,Stim8hr,CD4i_R1,58.0,800393.0
CD4i_R1_D2_Stim8hr_NTC-399,NTC-399,CE0010866,Stim8hr,CD4i_R1,117.0,1081280.0
CD4i_R1_D2_Stim8hr_NTC-400,NTC-400,CE0010866,Stim8hr,CD4i_R1,145.0,1853472.0
CD4i_R1_D2_Stim8hr_NTC-401,NTC-401,CE0010866,Stim8hr,CD4i_R1,57.0,964363.0
CD4i_R1_D2_Stim8hr_NTC-402,NTC-402,CE0010866,Stim8hr,CD4i_R1,6.0,87113.0
CD4i_R1_D2_Stim8hr_NTC-403,NTC-403,CE0010866,Stim8hr,CD4i_R1,101.0,1089701.0
CD4i_R1_D2_Stim8hr_NTC-404,NTC-404,CE0010866,Stim8hr,CD4i_R1,128.0,1567369.0
CD4i_R1_D2_Stim8hr_NTC-405,NTC-405,CE0010866,Stim8hr,CD4i_R1,7.0,83018.0
CD4i_R1_D2_Stim8hr_NTC-406,NTC-406,CE0010866,Stim8hr,CD4i_R1,389.0,5144794.0
CD4i_R1_D2_Stim8hr_NTC-407,NTC-407,CE0010866,Stim8hr,CD4i_R1,134.0,1760298.0
CD4i_R1_D2_Stim8hr_NTC-408,NTC-408,CE0010866,Stim8hr,CD4i_R1,18.0,182565.0
CD4i_R1_D2_Stim8hr_NTC-409,NTC-409,CE0010866,Stim8hr,CD4i_R1,73.0,870577.0
CD4i_R1_D2_Stim8hr_NTC-410,NTC-410,CE0010866,Stim8hr,CD4i_R1,21.0,211020.0
CD4i_R1_D2_Stim8hr_NTC-411,NTC-411,CE0010866,Stim8hr,CD4i_R1,143.0,1878959.0
CD4i_R1_D2_Stim8hr_NTC-412,NTC-412,CE0010866,Stim8hr,CD4i_R1,272.0,3304368.0
CD4i_R1_D2_Stim8hr_NTC-413,NTC-413,CE0010866,Stim8hr,CD4i_R1,26.0,334331.0
CD4i_R1_D2_Stim8hr_NTC-415,NTC-415,CE0010866,Stim8hr,CD4i_R1,13.0,135333.0
CD4i_R1_D2_Stim8hr_NTC-416,NTC-416,CE0010866,Stim8hr,CD4i_R1,5.0,87403.0
CD4i_R1_D2_Stim8hr_NTC-417,NTC-417,CE0010866,Stim8hr,CD4i_R1,42.0,513542.0
CD4i_R1_D2_Stim8hr_NTC-418,NTC-418,CE0010866,Stim8hr,CD4i_R1,71.0,885397.0
CD4i_R1_D2_Stim8hr_NTC-419,NTC-419,CE0010866,Stim8hr,CD4i_R1,49.0,520230.0
CD4i_R1_D2_Stim8hr_NTC-420,NTC-420,CE0010866,Stim8hr,CD4i_R1,340.0,4075762.0
CD4i_R1_D2_Stim8hr_NTC-421,NTC-421,CE0010866,Stim8hr,CD4i_R1,5.0,34142.0
CD4i_R1_D2_Stim8hr_NTC-422,NTC-422,CE0010866,Stim8hr,CD4i_R1,41.0,492315.0
CD4i_R1_D2_Stim8hr_NTC-423,NTC-423,CE0010866,Stim8hr,CD4i_R1,112.0,1370516.0
CD4i_R1_D2_Stim8hr_NTC-424,NTC-424,CE0010866,Stim8hr,CD4i_R1,26.0,285737.0
CD4i_R1_D2_Stim8hr_NTC-425,NTC-425,CE0010866,Stim8hr,CD4i_R1,106.0,1473941.0
CD4i_R1_D2_Stim8hr_NTC-426,NTC-426,CE0010866,Stim8hr,CD4i_R1,224.0,2973820.0
CD4i_R1_D2_Stim8hr_NTC-429,NTC-429,CE0010866,Stim8hr,CD4i_R1,51.0,730413.0
CD4i_R1_D2_Stim8hr_NTC-430,NTC-430,CE0010866,Stim8hr,CD4i_R1,71.0,779216.0
CD4i_R1_D2_Stim8hr_NTC-432,NTC-432,CE0010866,Stim8hr,CD4i_R1,72.0,982424.0
CD4i_R1_D2_Stim8hr_NTC-434,NTC-434,CE0010866,Stim8hr,CD4i_R1,14.0,178367.0
CD4i_R1_D2_Stim8hr_NTC-435,NTC-435,CE0010866,Stim8hr,CD4i_R1,60.0,649528.0
CD4i_R1_D2_Stim8hr_NTC-436,NTC-436,CE0010866,Stim8hr,CD4i_R1,271.0,3528911.0
CD4i_R1_D2_Stim8hr_NTC-437,NTC-437,CE0010866,Stim8hr,CD4i_R1,128.0,1663398.0
CD4i_R1_D2_Stim8hr_NTC-438,NTC-438,CE0010866,Stim8hr,CD4i_R1,279.0,3278807.0
CD4i_R1_D2_Stim8hr_NTC-439,NTC-439,CE0010866,Stim8hr,CD4i_R1,17.0,195665.0
CD4i_R1_D2_Stim8hr_NTC-441,NTC-441,CE0010866,Stim8hr,CD4i_R1,101.0,1162991.0
CD4i_R1_D2_Stim8hr_NTC-442,NTC-442,CE0010866,Stim8hr,CD4i_R1,145.0,2069001.0
CD4i_R1_D2_Stim8hr_NTC-443,NTC-443,CE0010866,Stim8hr,CD4i_R1,12.0,164069.0
CD4i_R1_D2_Stim8hr_NTC-444,NTC-444,CE0010866,Stim8hr,CD4i_R1,63.0,812671.0
CD4i_R1_D2_Stim8hr_NTC-445,NTC-445,CE0010866,Stim8hr,CD4i_R1,48.0,498754.0
CD4i_R1_D2_Stim8hr_NTC-446,NTC-446,CE0010866,Stim8hr,CD4i_R1,11.0,117173.0
CD4i_R1_D2_Stim8hr_NTC-447,NTC-447,CE0010866,Stim8hr,CD4i_R1,58.0,648769.0
CD4i_R1_D2_Stim8hr_NTC-448,NTC-448,CE0010866,Stim8hr,CD4i_R1,206.0,2426774.0
CD4i_R1_D2_Stim8hr_NTC-449,NTC-449,CE0010866,Stim8hr,CD4i_R1,53.0,692768.0
CD4i_R1_D2_Stim8hr_NTC-451,NTC-451,CE0010866,Stim8hr,CD4i_R1,19.0,212657.0
CD4i_R1_D2_Stim8hr_NTC-452,NTC-452,CE0010866,Stim8hr,CD4i_R1,74.0,994213.0
CD4i_R1_D2_Stim8hr_NTC-453,NTC-453,CE0010866,Stim8hr,CD4i_R1,269.0,3319154.0
CD4i_R1_D2_Stim8hr_NTC-454,NTC-454,CE0010866,Stim8hr,CD4i_R1,241.0,3469563.0
CD4i_R1_D2_Stim8hr_NTC-455,NTC-455,CE0010866,Stim8hr,CD4i_R1,103.0,1388722.0
CD4i_R1_D2_Stim8hr_NTC-456,NTC-456,CE0010866,Stim8hr,CD4i_R1,2172.0,25387312.0
CD4i_R1_D2_Stim8hr_NTC-457,NTC-457,CE0010866,Stim8hr,CD4i_R1,76.0,1084380.0
CD4i_R1_D2_Stim8hr_NTC-458,NTC-458,CE0010866,Stim8hr,CD4i_R1,233.0,3303097.0
CD4i_R1_D2_Stim8hr_NTC-459,NTC-459,CE0010866,Stim8hr,CD4i_R1,56.0,887562.0
CD4i_R1_D2_Stim8hr_NTC-460,NTC-460,CE0010866,Stim8hr,CD4i_R1,251.0,2721893.0
CD4i_R1_D2_Stim8hr_NTC-461,NTC-461,CE0010866,Stim8hr,CD4i_R1,18.0,249296.0
CD4i_R1_D2_Stim8hr_NTC-462,NTC-462,CE0010866,Stim8hr,CD4i_R1,26.0,348276.0
CD4i_R1_D2_Stim8hr_NTC-463,NTC-463,CE0010866,Stim8hr,CD4i_R1,9.0,105236.0
CD4i_R1_D2_Stim8hr_NTC-464,NTC-464,CE0010866,Stim8hr,CD4i_R1,197.0,2298594.0
CD4i_R1_D2_Stim8hr_NTC-465,NTC-465,CE0010866,Stim8hr,CD4i_R1,11.0,183436.0
CD4i_R1_D2_Stim8hr_NTC-467,NTC-467,CE0010866,Stim8hr,CD4i_R1,138.0,2142772.0
CD4i_R1_D2_Stim8hr_NTC-468,NTC-468,CE0010866,Stim8hr,CD4i_R1,28.0,350290.0
CD4i_R1_D2_Stim8hr_NTC-470,NTC-470,CE0010866,Stim8hr,CD4i_R1,12.0,159111.0
CD4i_R1_D2_Stim8hr_NTC-471,NTC-471,CE0010866,Stim8hr,CD4i_R1,134.0,1629598.0
CD4i_R1_D2_Stim8hr_NTC-473,NTC-473,CE0010866,Stim8hr,CD4i_R1,6.0,73425.0
CD4i_R1_D2_Stim8hr_NTC-474,NTC-474,CE0010866,Stim8hr,CD4i_R1,198.0,2661990.0
CD4i_R1_D2_Stim8hr_NTC-475,NTC-475,CE0010866,Stim8hr,CD4i_R1,43.0,493583.0
CD4i_R1_D2_Stim8hr_NTC-476,NTC-476,CE0010866,Stim8hr,CD4i_R1,160.0,1915173.0
CD4i_R1_D2_Stim8hr_NTC-477,NTC-477,CE0010866,Stim8hr,CD4i_R1,294.0,3794430.0
CD4i_R1_D2_Stim8hr_NTC-478,NTC-478,CE0010866,Stim8hr,CD4i_R1,192.0,2284654.0
CD4i_R1_D2_Stim8hr_NTC-479,NTC-479,CE0010866,Stim8hr,CD4i_R1,100.0,977536.0
CD4i_R1_D2_Stim8hr_NTC-481,NTC-481,CE0010866,Stim8hr,CD4i_R1,28.0,433264.0
CD4i_R1_D2_Stim8hr_NTC-482,NTC-482,CE0010866,Stim8hr,CD4i_R1,9.0,146715.0
CD4i_R1_D2_Stim8hr_NTC-483,NTC-483,CE0010866,Stim8hr,CD4i_R1,9.0,140486.0
CD4i_R1_D2_Stim8hr_NTC-485,NTC-485,CE0010866,Stim8hr,CD4i_R1,75.0,1048366.0
CD4i_R1_D2_Stim8hr_NTC-486,NTC-486,CE0010866,Stim8hr,CD4i_R1,182.0,2636057.0
CD4i_R1_D2_Stim8hr_NTC-487,NTC-487,CE0010866,Stim8hr,CD4i_R1,246.0,3141480.0
CD4i_R1_D2_Stim8hr_NTC-488,NTC-488,CE0010866,Stim8hr,CD4i_R1,21.0,260573.0
CD4i_R1_D2_Stim8hr_NTC-489,NTC-489,CE0010866,Stim8hr,CD4i_R1,100.0,1285563.0
CD4i_R1_D2_Stim8hr_NTC-490,NTC-490,CE0010866,Stim8hr,CD4i_R1,92.0,829643.0
CD4i_R1_D2_Stim8hr_NTC-491,NTC-491,CE0010866,Stim8hr,CD4i_R1,5.0,67284.0
CD4i_R1_D2_Stim8hr_NTC-492,NTC-492,CE0010866,Stim8hr,CD4i_R1,34.0,411423.0
CD4i_R1_D2_Stim8hr_NTC-493,NTC-493,CE0010866,Stim8hr,CD4i_R1,32.0,450455.0
CD4i_R1_D2_Stim8hr_NTC-495,NTC-495,CE0010866,Stim8hr,CD4i_R1,31.0,412029.0
CD4i_R1_D2_Stim8hr_NTC-496,NTC-496,CE0010866,Stim8hr,CD4i_R1,362.0,4315896.0
CD4i_R1_D2_Stim8hr_NTC-497,NTC-497,CE0010866,Stim8hr,CD4i_R1,687.0,9228363.0
CD4i_R1_D2_Stim8hr_NTC-498,NTC-498,CE0010866,Stim8hr,CD4i_R1,38.0,379345.0
CD4i_R1_D2_Stim8hr_NTC-499,NTC-499,CE0010866,Stim8hr,CD4i_R1,71.0,804720.0
CD4i_R1_D2_Stim8hr_NTC-500,NTC-500,CE0010866,Stim8hr,CD4i_R1,76.0,983237.0
CD4i_R1_D2_Stim8hr_NTC-501,NTC-501,CE0010866,Stim8hr,CD4i_R1,10.0,171938.0
CD4i_R1_D2_Stim8hr_NTC-502,NTC-502,CE0010866,Stim8hr,CD4i_R1,118.0,1528583.0
CD4i_R1_D2_Stim8hr_NTC-503,NTC-503,CE0010866,Stim8hr,CD4i_R1,26.0,424382.0
CD4i_R1_D2_Stim8hr_NTC-504,NTC-504,CE0010866,Stim8hr,CD4i_R1,35.0,414497.0
CD4i_R1_D2_Stim8hr_NTC-505,NTC-505,CE0010866,Stim8hr,CD4i_R1,119.0,1565788.0
CD4i_R1_D2_Stim8hr_NTC-506,NTC-506,CE0010866,Stim8hr,CD4i_R1,54.0,565228.0
CD4i_R1_D2_Stim8hr_NTC-507,NTC-507,CE0010866,Stim8hr,CD4i_R1,148.0,2229004.0
CD4i_R1_D2_Stim8hr_NTC-508,NTC-508,CE0010866,Stim8hr,CD4i_R1,36.0,417877.0
CD4i_R1_D2_Stim8hr_NTC-509,NTC-509,CE0010866,Stim8hr,CD4i_R1,221.0,2990338.0
CD4i_R1_D2_Stim8hr_NTC-510,NTC-510,CE0010866,Stim8hr,CD4i_R1,80.0,1065247.0
CD4i_R1_D2_Stim8hr_NTC-511,NTC-511,CE0010866,Stim8hr,CD4i_R1,97.0,1426189.0
CD4i_R1_D2_Stim8hr_NTC-512,NTC-512,CE0010866,Stim8hr,CD4i_R1,85.0,1052149.0
CD4i_R1_D2_Stim8hr_NTC-515,NTC-515,CE0010866,Stim8hr,CD4i_R1,7.0,117982.0
CD4i_R1_D2_Stim8hr_NTC-516,NTC-516,CE0010866,Stim8hr,CD4i_R1,61.0,681713.0
CD4i_R1_D2_Stim8hr_NTC-517,NTC-517,CE0010866,Stim8hr,CD4i_R1,34.0,484549.0
CD4i_R1_D2_Stim8hr_NTC-518,NTC-518,CE0010866,Stim8hr,CD4i_R1,11.0,175208.0
CD4i_R1_D2_Stim8hr_NTC-519,NTC-519,CE0010866,Stim8hr,CD4i_R1,454.0,5914573.0
CD4i_R1_D2_Stim8hr_NTC-521,NTC-521,CE0010866,Stim8hr,CD4i_R1,48.0,499124.0
CD4i_R1_D2_Stim8hr_NTC-522,NTC-522,CE0010866,Stim8hr,CD4i_R1,30.0,319582.0
CD4i_R1_D2_Stim8hr_NTC-523,NTC-523,CE0010866,Stim8hr,CD4i_R1,35.0,505925.0
CD4i_R1_D2_Stim8hr_NTC-524,NTC-524,CE0010866,Stim8hr,CD4i_R1,173.0,2331404.0
CD4i_R1_D2_Stim8hr_NTC-525,NTC-525,CE0010866,Stim8hr,CD4i_R1,42.0,561343.0
CD4i_R1_D2_Stim8hr_NTC-526,NTC-526,CE0010866,Stim8hr,CD4i_R1,173.0,2139098.0
CD4i_R1_D2_Stim8hr_NTC-527,NTC-527,CE0010866,Stim8hr,CD4i_R1,423.0,5809090.0
CD4i_R1_D2_Stim8hr_NTC-528,NTC-528,CE0010866,Stim8hr,CD4i_R1,5.0,48311.0
CD4i_R1_D2_Stim8hr_NTC-529,NTC-529,CE0010866,Stim8hr,CD4i_R1,13.0,158967.0
CD4i_R1_D2_Stim8hr_NTC-530,NTC-530,CE0010866,Stim8hr,CD4i_R1,43.0,591454.0
CD4i_R1_D2_Stim8hr_NTC-531,NTC-531,CE0010866,Stim8hr,CD4i_R1,137.0,1766636.0
CD4i_R1_D2_Stim8hr_NTC-532,NTC-532,CE0010866,Stim8hr,CD4i_R1,91.0,1285023.0
CD4i_R1_D2_Stim8hr_NTC-534,NTC-534,CE0010866,Stim8hr,CD4i_R1,64.0,792094.0
CD4i_R1_D2_Stim8hr_NTC-535,NTC-535,CE0010866,Stim8hr,CD4i_R1,16.0,202493.0
CD4i_R1_D2_Stim8hr_NTC-536,NTC-536,CE0010866,Stim8hr,CD4i_R1,17.0,238524.0
CD4i_R1_D2_Stim8hr_NTC-538,NTC-538,CE0010866,Stim8hr,CD4i_R1,259.0,3575930.0
CD4i_R1_D2_Stim8hr_NTC-539,NTC-539,CE0010866,Stim8hr,CD4i_R1,55.0,619290.0
CD4i_R1_D2_Stim8hr_NTC-540,NTC-540,CE0010866,Stim8hr,CD4i_R1,123.0,1624641.0
CD4i_R1_D2_Stim8hr_NTC-541,NTC-541,CE0010866,Stim8hr,CD4i_R1,33.0,426140.0
CD4i_R1_D2_Stim8hr_NTC-542,NTC-542,CE0010866,Stim8hr,CD4i_R1,300.0,3279614.0
CD4i_R1_D2_Stim8hr_NTC-543,NTC-543,CE0010866,Stim8hr,CD4i_R1,143.0,1704968.0
CD4i_R1_D2_Stim8hr_NTC-544,NTC-544,CE0010866,Stim8hr,CD4i_R1,12.0,192761.0
CD4i_R1_D2_Stim8hr_NTC-545,NTC-545,CE0010866,Stim8hr,CD4i_R1,293.0,3754983.0
CD4i_R1_D2_Stim8hr_NTC-546,NTC-546,CE0010866,Stim8hr,CD4i_R1,37.0,553869.0
CD4i_R1_D2_Stim8hr_NTC-547,NTC-547,CE0010866,Stim8hr,CD4i_R1,140.0,2061873.0
CD4i_R1_D2_Stim8hr_NTC-548,NTC-548,CE0010866,Stim8hr,CD4i_R1,84.0,986611.0
CD4i_R1_D2_Stim8hr_NTC-549,NTC-549,CE0010866,Stim8hr,CD4i_R1,249.0,3426571.0
CD4i_R1_D2_Stim8hr_NTC-550,NTC-550,CE0010866,Stim8hr,CD4i_R1,101.0,1329618.0
CD4i_R1_D2_Stim8hr_NTC-552,NTC-552,CE0010866,Stim8hr,CD4i_R1,93.0,1194407.0
CD4i_R1_D2_Stim8hr_NTC-554,NTC-554,CE0010866,Stim8hr,CD4i_R1,22.0,299033.0
CD4i_R1_D2_Stim8hr_NTC-555,NTC-555,CE0010866,Stim8hr,CD4i_R1,32.0,340905.0
CD4i_R1_D2_Stim8hr_NTC-558,NTC-558,CE0010866,Stim8hr,CD4i_R1,145.0,1771923.0
CD4i_R1_D2_Stim8hr_NTC-559,NTC-559,CE0010866,Stim8hr,CD4i_R1,70.0,816065.0
CD4i_R1_D2_Stim8hr_NTC-560,NTC-560,CE0010866,Stim8hr,CD4i_R1,57.0,719378.0
CD4i_R1_D2_Stim8hr_NTC-561,NTC-561,CE0010866,Stim8hr,CD4i_R1,57.0,741494.0
CD4i_R1_D2_Stim8hr_NTC-562,NTC-562,CE0010866,Stim8hr,CD4i_R1,6.0,68503.0
CD4i_R1_D2_Stim8hr_NTC-563,NTC-563,CE0010866,Stim8hr,CD4i_R1,156.0,1929922.0
CD4i_R1_D2_Stim8hr_NTC-564,NTC-564,CE0010866,Stim8hr,CD4i_R1,56.0,821111.0
CD4i_R1_D2_Stim8hr_NTC-566,NTC-566,CE0010866,Stim8hr,CD4i_R1,6.0,54925.0
CD4i_R1_D2_Stim8hr_NTC-567,NTC-567,CE0010866,Stim8hr,CD4i_R1,114.0,1179536.0
CD4i_R1_D2_Stim8hr_NTC-570,NTC-570,CE0010866,Stim8hr,CD4i_R1,95.0,1359923.0
CD4i_R1_D2_Stim8hr_NTC-571,NTC-571,CE0010866,Stim8hr,CD4i_R1,26.0,336816.0
CD4i_R1_D2_Stim8hr_NTC-573,NTC-573,CE0010866,Stim8hr,CD4i_R1,14.0,159384.0
CD4i_R1_D2_Stim8hr_NTC-574,NTC-574,CE0010866,Stim8hr,CD4i_R1,383.0,4764228.0
CD4i_R1_D2_Stim8hr_NTC-575,NTC-575,CE0010866,Stim8hr,CD4i_R1,559.0,6417882.0
CD4i_R1_D2_Stim8hr_NTC-576,NTC-576,CE0010866,Stim8hr,CD4i_R1,22.0,236386.0
CD4i_R1_D2_Stim8hr_NTC-577,NTC-577,CE0010866,Stim8hr,CD4i_R1,75.0,1058646.0
CD4i_R1_D2_Stim8hr_NTC-579,NTC-579,CE0010866,Stim8hr,CD4i_R1,588.0,6607867.0
CD4i_R1_D2_Stim8hr_NTC-580,NTC-580,CE0010866,Stim8hr,CD4i_R1,59.0,852417.0
CD4i_R1_D2_Stim8hr_NTC-581,NTC-581,CE0010866,Stim8hr,CD4i_R1,17.0,179659.0
CD4i_R1_D2_Stim8hr_NTC-582,NTC-582,CE0010866,Stim8hr,CD4i_R1,31.0,431045.0
CD4i_R1_D2_Stim8hr_NTC-583,NTC-583,CE0010866,Stim8hr,CD4i_R1,131.0,1802636.0
CD4i_R1_D2_Stim8hr_NTC-584,NTC-584,CE0010866,Stim8hr,CD4i_R1,124.0,1558823.0
CD4i_R1_D2_Stim8hr_NTC-585,NTC-585,CE0010866,Stim8hr,CD4i_R1,6.0,57133.0
CD4i_R1_D2_Stim8hr_NTC-586,NTC-586,CE0010866,Stim8hr,CD4i_R1,38.0,382292.0
CD4i_R1_D2_Stim8hr_NTC-588,NTC-588,CE0010866,Stim8hr,CD4i_R1,143.0,1936276.0
CD4i_R1_D2_Stim8hr_NTC-590,NTC-590,CE0010866,Stim8hr,CD4i_R1,21.0,317308.0
CD4i_R1_D2_Stim8hr_NTC-591,NTC-591,CE0010866,Stim8hr,CD4i_R1,66.0,845577.0
CD4i_R1_D2_Stim8hr_NTC-594,NTC-594,CE0010866,Stim8hr,CD4i_R1,53.0,805639.0
CD4i_R1_D2_Stim8hr_NTC-595,NTC-595,CE0010866,Stim8hr,CD4i_R1,54.0,603657.0
CD4i_R1_D2_Stim8hr_NTC-596,NTC-596,CE0010866,Stim8hr,CD4i_R1,30.0,415564.0
CD4i_R1_D2_Stim8hr_NTC-597,NTC-597,CE0010866,Stim8hr,CD4i_R1,9.0,107423.0
CD4i_R1_D2_Stim8hr_NTC-598,NTC-598,CE0010866,Stim8hr,CD4i_R1,112.0,1539298.0
CD4i_R1_D2_Stim8hr_NTC-601,NTC-601,CE0010866,Stim8hr,CD4i_R1,63.0,941199.0
CD4i_R1_D2_Stim8hr_NTC-603,NTC-603,CE0010866,Stim8hr,CD4i_R1,57.0,767064.0
CD4i_R1_D2_Stim8hr_NTC-605,NTC-605,CE0010866,Stim8hr,CD4i_R1,140.0,1893803.0
CD4i_R1_D2_Stim8hr_NTC-606,NTC-606,CE0010866,Stim8hr,CD4i_R1,67.0,792546.0
CD4i_R1_D2_Stim8hr_NTC-607,NTC-607,CE0010866,Stim8hr,CD4i_R1,109.0,1309588.0
CD4i_R1_D2_Stim8hr_NTC-608,NTC-608,CE0010866,Stim8hr,CD4i_R1,40.0,521133.0
CD4i_R1_D2_Stim8hr_NTC-609,NTC-609,CE0010866,Stim8hr,CD4i_R1,144.0,1739999.0
CD4i_R1_D2_Stim8hr_NTC-610,NTC-610,CE0010866,Stim8hr,CD4i_R1,22.0,306772.0
CD4i_R1_D2_Stim8hr_NTC-611,NTC-611,CE0010866,Stim8hr,CD4i_R1,760.0,9620943.0
CD4i_R1_D2_Stim8hr_NTC-612,NTC-612,CE0010866,Stim8hr,CD4i_R1,5.0,44266.0
CD4i_R1_D2_Stim8hr_NTC-613,NTC-613,CE0010866,Stim8hr,CD4i_R1,299.0,3992341.0
CD4i_R1_D2_Stim8hr_NTC-614,NTC-614,CE0010866,Stim8hr,CD4i_R1,37.0,418057.0
CD4i_R1_D2_Stim8hr_NTC-615,NTC-615,CE0010866,Stim8hr,CD4i_R1,52.0,617163.0
CD4i_R1_D2_Stim8hr_NTC-616,NTC-616,CE0010866,Stim8hr,CD4i_R1,456.0,6183781.0
CD4i_R1_D2_Stim8hr_NTC-617,NTC-617,CE0010866,Stim8hr,CD4i_R1,215.0,2801108.0
CD4i_R1_D2_Stim8hr_NTC-618,NTC-618,CE0010866,Stim8hr,CD4i_R1,39.0,401413.0
CD4i_R1_D2_Stim8hr_NTC-619,NTC-619,CE0010866,Stim8hr,CD4i_R1,22.0,378822.0
CD4i_R1_D2_Stim8hr_NTC-620,NTC-620,CE0010866,Stim8hr,CD4i_R1,21.0,199356.0
CD4i_R1_D2_Stim8hr_NTC-622,NTC-622,CE0010866,Stim8hr,CD4i_R1,45.0,631462.0
CD4i_R1_D2_Stim8hr_NTC-623,NTC-623,CE0010866,Stim8hr,CD4i_R1,78.0,969377.0
CD4i_R1_D2_Stim8hr_NTC-624,NTC-624,CE0010866,Stim8hr,CD4i_R1,120.0,1456049.0
CD4i_R1_D2_Stim8hr_NTC-625,NTC-625,CE0010866,Stim8hr,CD4i_R1,11.0,121030.0
CD4i_R1_D2_Stim8hr_NTC-626,NTC-626,CE0010866,Stim8hr,CD4i_R1,50.0,881874.0
CD4i_R1_D2_Stim8hr_NTC-627,NTC-627,CE0010866,Stim8hr,CD4i_R1,6.0,71046.0
CD4i_R1_D2_Stim8hr_NTC-628,NTC-628,CE0010866,Stim8hr,CD4i_R1,27.0,288524.0
CD4i_R1_D2_Stim8hr_NTC-629,NTC-629,CE0010866,Stim8hr,CD4i_R1,161.0,2236556.0
CD4i_R1_D2_Stim8hr_NTC-630,NTC-630,CE0010866,Stim8hr,CD4i_R1,77.0,981583.0
CD4i_R1_D2_Stim8hr_NTC-631,NTC-631,CE0010866,Stim8hr,CD4i_R1,59.0,762234.0
CD4i_R1_D2_Stim8hr_NTC-632,NTC-632,CE0010866,Stim8hr,CD4i_R1,129.0,1761827.0
CD4i_R1_D2_Stim8hr_NTC-633,NTC-633,CE0010866,Stim8hr,CD4i_R1,257.0,2913860.0
CD4i_R1_D2_Stim8hr_NTC-634,NTC-634,CE0010866,Stim8hr,CD4i_R1,195.0,2631042.0
CD4i_R1_D2_Stim8hr_NTC-635,NTC-635,CE0010866,Stim8hr,CD4i_R1,28.0,305131.0
CD4i_R1_D2_Stim8hr_NTC-636,NTC-636,CE0010866,Stim8hr,CD4i_R1,13.0,129047.0
CD4i_R1_D2_Stim8hr_NTC-637,NTC-637,CE0010866,Stim8hr,CD4i_R1,99.0,1222241.0
CD4i_R1_D2_Stim8hr_NTC-638,NTC-638,CE0010866,Stim8hr,CD4i_R1,59.0,681611.0
CD4i_R1_D2_Stim8hr_NTC-641,NTC-641,CE0010866,Stim8hr,CD4i_R1,17.0,136980.0
CD4i_R1_D2_Stim8hr_NTC-642,NTC-642,CE0010866,Stim8hr,CD4i_R1,62.0,851984.0
CD4i_R1_D2_Stim8hr_NTC-643,NTC-643,CE0010866,Stim8hr,CD4i_R1,16.0,164499.0
CD4i_R1_D2_Stim8hr_NTC-646,NTC-646,CE0010866,Stim8hr,CD4i_R1,117.0,1568565.0
CD4i_R1_D2_Stim8hr_NTC-648,NTC-648,CE0010866,Stim8hr,CD4i_R1,81.0,1143581.0
CD4i_R1_D2_Stim8hr_NTC-649,NTC-649,CE0010866,Stim8hr,CD4i_R1,21.0,209390.0
CD4i_R1_D2_Stim8hr_NTC-650,NTC-650,CE0010866,Stim8hr,CD4i_R1,226.0,2776031.0
CD4i_R1_D2_Stim8hr_NTC-651,NTC-651,CE0010866,Stim8hr,CD4i_R1,305.0,3560801.0
CD4i_R1_D2_Stim8hr_NTC-652,NTC-652,CE0010866,Stim8hr,CD4i_R1,193.0,2235793.0
CD4i_R1_D2_Stim8hr_NTC-653,NTC-653,CE0010866,Stim8hr,CD4i_R1,15.0,182530.0
CD4i_R1_D2_Stim8hr_NTC-654,NTC-654,CE0010866,Stim8hr,CD4i_R1,460.0,5393678.0
CD4i_R1_D2_Stim8hr_NTC-655,NTC-655,CE0010866,Stim8hr,CD4i_R1,55.0,674525.0
CD4i_R1_D2_Stim8hr_NTC-656,NTC-656,CE0010866,Stim8hr,CD4i_R1,34.0,444278.0
CD4i_R1_D2_Stim8hr_NTC-657,NTC-657,CE0010866,Stim8hr,CD4i_R1,33.0,367622.0
CD4i_R1_D2_Stim8hr_NTC-658,NTC-658,CE0010866,Stim8hr,CD4i_R1,96.0,1248015.0
CD4i_R1_D2_Stim8hr_NTC-660,NTC-660,CE0010866,Stim8hr,CD4i_R1,21.0,192297.0
CD4i_R1_D2_Stim8hr_NTC-661,NTC-661,CE0010866,Stim8hr,CD4i_R1,16.0,241279.0
CD4i_R1_D2_Stim8hr_NTC-663,NTC-663,CE0010866,Stim8hr,CD4i_R1,10.0,139278.0
CD4i_R1_D2_Stim8hr_NTC-664,NTC-664,CE0010866,Stim8hr,CD4i_R1,26.0,318257.0
CD4i_R1_D2_Stim8hr_NTC-665,NTC-665,CE0010866,Stim8hr,CD4i_R1,21.0,306062.0
CD4i_R1_D2_Stim8hr_NTC-666,NTC-666,CE0010866,Stim8hr,CD4i_R1,85.0,1061011.0
CD4i_R1_D2_Stim8hr_NTC-667,NTC-667,CE0010866,Stim8hr,CD4i_R1,42.0,505503.0
CD4i_R1_D2_Stim8hr_NTC-668,NTC-668,CE0010866,Stim8hr,CD4i_R1,101.0,930399.0
CD4i_R1_D2_Stim8hr_NTC-669,NTC-669,CE0010866,Stim8hr,CD4i_R1,338.0,4860874.0
CD4i_R1_D2_Stim8hr_NTC-670,NTC-670,CE0010866,Stim8hr,CD4i_R1,8.0,67085.0
CD4i_R1_D2_Stim8hr_NTC-671,NTC-671,CE0010866,Stim8hr,CD4i_R1,450.0,5757411.0
CD4i_R1_D2_Stim8hr_NTC-672,NTC-672,CE0010866,Stim8hr,CD4i_R1,53.0,749368.0
CD4i_R1_D2_Stim8hr_NTC-674,NTC-674,CE0010866,Stim8hr,CD4i_R1,13.0,189576.0
CD4i_R1_D2_Stim8hr_NTC-675,NTC-675,CE0010866,Stim8hr,CD4i_R1,8.0,96627.0
CD4i_R1_D2_Stim8hr_NTC-676,NTC-676,CE0010866,Stim8hr,CD4i_R1,79.0,1048178.0
CD4i_R1_D2_Stim8hr_NTC-677,NTC-677,CE0010866,Stim8hr,CD4i_R1,33.0,338394.0
CD4i_R1_D2_Stim8hr_NTC-679,NTC-679,CE0010866,Stim8hr,CD4i_R1,143.0,1977880.0
CD4i_R1_D2_Stim8hr_NTC-680,NTC-680,CE0010866,Stim8hr,CD4i_R1,10.0,120819.0
CD4i_R1_D2_Stim8hr_NTC-681,NTC-681,CE0010866,Stim8hr,CD4i_R1,62.0,735553.0
CD4i_R1_D2_Stim8hr_NTC-682,NTC-682,CE0010866,Stim8hr,CD4i_R1,10.0,156932.0
CD4i_R1_D2_Stim8hr_NTC-683,NTC-683,CE0010866,Stim8hr,CD4i_R1,51.0,719670.0
CD4i_R1_D2_Stim8hr_NTC-686,NTC-686,CE0010866,Stim8hr,CD4i_R1,28.0,293592.0
CD4i_R1_D2_Stim8hr_NTC-687,NTC-687,CE0010866,Stim8hr,CD4i_R1,22.0,258952.0
CD4i_R1_D2_Stim8hr_NTC-689,NTC-689,CE0010866,Stim8hr,CD4i_R1,75.0,1085693.0
CD4i_R1_D2_Stim8hr_NTC-690,NTC-690,CE0010866,Stim8hr,CD4i_R1,15.0,173469.0
CD4i_R1_D2_Stim8hr_NTC-691,NTC-691,CE0010866,Stim8hr,CD4i_R1,57.0,698742.0
CD4i_R1_D2_Stim8hr_NTC-692,NTC-692,CE0010866,Stim8hr,CD4i_R1,11.0,116206.0
CD4i_R1_D2_Stim8hr_NTC-693,NTC-693,CE0010866,Stim8hr,CD4i_R1,21.0,287896.0
CD4i_R1_D2_Stim8hr_NTC-694,NTC-694,CE0010866,Stim8hr,CD4i_R1,19.0,241523.0
CD4i_R1_D2_Stim8hr_NTC-696,NTC-696,CE0010866,Stim8hr,CD4i_R1,24.0,273054.0
CD4i_R1_D2_Stim8hr_NTC-697,NTC-697,CE0010866,Stim8hr,CD4i_R1,6.0,105091.0
CD4i_R1_D2_Stim8hr_NTC-698,NTC-698,CE0010866,Stim8hr,CD4i_R1,270.0,3118137.0
CD4i_R1_D2_Stim8hr_NTC-699,NTC-699,CE0010866,Stim8hr,CD4i_R1,51.0,507331.0
CD4i_R1_D2_Stim8hr_NTC-700,NTC-700,CE0010866,Stim8hr,CD4i_R1,195.0,2506051.0
CD4i_R1_D2_Stim8hr_NTC-701,NTC-701,CE0010866,Stim8hr,CD4i_R1,17.0,220764.0
CD4i_R1_D2_Stim8hr_NTC-702,NTC-702,CE0010866,Stim8hr,CD4i_R1,37.0,414249.0
CD4i_R1_D2_Stim8hr_NTC-703,NTC-703,CE0010866,Stim8hr,CD4i_R1,232.0,3342667.0
CD4i_R1_D2_Stim8hr_NTC-704,NTC-704,CE0010866,Stim8hr,CD4i_R1,27.0,237893.0
CD4i_R1_D2_Stim8hr_NTC-705,NTC-705,CE0010866,Stim8hr,CD4i_R1,136.0,1747975.0
CD4i_R1_D2_Stim8hr_NTC-706,NTC-706,CE0010866,Stim8hr,CD4i_R1,14.0,215957.0
CD4i_R1_D2_Stim8hr_NTC-708,NTC-708,CE0010866,Stim8hr,CD4i_R1,9.0,110314.0
CD4i_R1_D2_Stim8hr_NTC-709,NTC-709,CE0010866,Stim8hr,CD4i_R1,46.0,481484.0
CD4i_R1_D2_Stim8hr_NTC-710,NTC-710,CE0010866,Stim8hr,CD4i_R1,5.0,49875.0
CD4i_R1_D2_Stim8hr_NTC-711,NTC-711,CE0010866,Stim8hr,CD4i_R1,25.0,366192.0
CD4i_R1_D2_Stim8hr_NTC-712,NTC-712,CE0010866,Stim8hr,CD4i_R1,12.0,144049.0
CD4i_R1_D2_Stim8hr_NTC-713,NTC-713,CE0010866,Stim8hr,CD4i_R1,112.0,1431455.0
CD4i_R1_D2_Stim8hr_NTC-714,NTC-714,CE0010866,Stim8hr,CD4i_R1,44.0,471839.0
CD4i_R1_D2_Stim8hr_NTC-715,NTC-715,CE0010866,Stim8hr,CD4i_R1,183.0,2262619.0
CD4i_R1_D2_Stim8hr_NTC-716,NTC-716,CE0010866,Stim8hr,CD4i_R1,37.0,481904.0
CD4i_R1_D2_Stim8hr_NTC-717,NTC-717,CE0010866,Stim8hr,CD4i_R1,193.0,2409975.0
CD4i_R1_D2_Stim8hr_NTC-718,NTC-718,CE0010866,Stim8hr,CD4i_R1,5.0,54928.0
CD4i_R1_D2_Stim8hr_NTC-719,NTC-719,CE0010866,Stim8hr,CD4i_R1,66.0,834071.0
CD4i_R1_D2_Stim8hr_NTC-720,NTC-720,CE0010866,Stim8hr,CD4i_R1,141.0,1452433.0
CD4i_R1_D2_Stim8hr_NTC-721,NTC-721,CE0010866,Stim8hr,CD4i_R1,390.0,6121565.0
CD4i_R1_D2_Stim8hr_NTC-722,NTC-722,CE0010866,Stim8hr,CD4i_R1,23.0,263818.0
CD4i_R1_D2_Stim8hr_NTC-723,NTC-723,CE0010866,Stim8hr,CD4i_R1,110.0,1276365.0
CD4i_R1_D2_Stim8hr_NTC-724,NTC-724,CE0010866,Stim8hr,CD4i_R1,18.0,239738.0
CD4i_R1_D2_Stim8hr_NTC-725,NTC-725,CE0010866,Stim8hr,CD4i_R1,447.0,6423942.0
CD4i_R1_D2_Stim8hr_NTC-727,NTC-727,CE0010866,Stim8hr,CD4i_R1,32.0,413997.0
CD4i_R1_D2_Stim8hr_NTC-728,NTC-728,CE0010866,Stim8hr,CD4i_R1,22.0,266310.0
CD4i_R1_D2_Stim8hr_NTC-729,NTC-729,CE0010866,Stim8hr,CD4i_R1,374.0,4837832.0
CD4i_R1_D2_Stim8hr_NTC-730,NTC-730,CE0010866,Stim8hr,CD4i_R1,5.0,54090.0
CD4i_R1_D2_Stim8hr_NTC-731,NTC-731,CE0010866,Stim8hr,CD4i_R1,146.0,1919096.0
CD4i_R1_D2_Stim8hr_NTC-732,NTC-732,CE0010866,Stim8hr,CD4i_R1,28.0,354066.0
CD4i_R1_D2_Stim8hr_NTC-733,NTC-733,CE0010866,Stim8hr,CD4i_R1,80.0,1012411.0
CD4i_R1_D2_Stim8hr_NTC-734,NTC-734,CE0010866,Stim8hr,CD4i_R1,56.0,777616.0
CD4i_R1_D2_Stim8hr_NTC-735,NTC-735,CE0010866,Stim8hr,CD4i_R1,22.0,301544.0
CD4i_R1_D2_Stim8hr_NTC-737,NTC-737,CE0010866,Stim8hr,CD4i_R1,214.0,2464840.0
CD4i_R1_D2_Stim8hr_NTC-739,NTC-739,CE0010866,Stim8hr,CD4i_R1,142.0,1851585.0
CD4i_R1_D2_Stim8hr_NTC-740,NTC-740,CE0010866,Stim8hr,CD4i_R1,16.0,171139.0
CD4i_R1_D2_Stim8hr_NTC-743,NTC-743,CE0010866,Stim8hr,CD4i_R1,115.0,1265264.0
CD4i_R1_D2_Stim8hr_NTC-744,NTC-744,CE0010866,Stim8hr,CD4i_R1,210.0,2567140.0
CD4i_R1_D2_Stim8hr_NTC-745,NTC-745,CE0010866,Stim8hr,CD4i_R1,6.0,71192.0
CD4i_R1_D2_Stim8hr_NTC-746,NTC-746,CE0010866,Stim8hr,CD4i_R1,11.0,139500.0
CD4i_R1_D2_Stim8hr_NTC-747,NTC-747,CE0010866,Stim8hr,CD4i_R1,502.0,6661086.0
CD4i_R1_D2_Stim8hr_NTC-748,NTC-748,CE0010866,Stim8hr,CD4i_R1,101.0,1318350.0
CD4i_R1_D2_Stim8hr_NTC-749,NTC-749,CE0010866,Stim8hr,CD4i_R1,8.0,105033.0
CD4i_R1_D2_Stim8hr_NTC-750,NTC-750,CE0010866,Stim8hr,CD4i_R1,31.0,334542.0
CD4i_R1_D2_Stim8hr_NTC-751,NTC-751,CE0010866,Stim8hr,CD4i_R1,209.0,2429680.0
CD4i_R1_D2_Stim8hr_NTC-752,NTC-752,CE0010866,Stim8hr,CD4i_R1,64.0,743414.0
CD4i_R1_D2_Stim8hr_NTC-753,NTC-753,CE0010866,Stim8hr,CD4i_R1,47.0,573730.0
CD4i_R1_D2_Stim8hr_NTC-754,NTC-754,CE0010866,Stim8hr,CD4i_R1,162.0,1887375.0
CD4i_R1_D2_Stim8hr_NTC-755,NTC-755,CE0010866,Stim8hr,CD4i_R1,125.0,1540209.0
CD4i_R1_D2_Stim8hr_NTC-757,NTC-757,CE0010866,Stim8hr,CD4i_R1,22.0,326613.0
CD4i_R1_D2_Stim8hr_NTC-758,NTC-758,CE0010866,Stim8hr,CD4i_R1,88.0,1121449.0
CD4i_R1_D2_Stim8hr_NTC-759,NTC-759,CE0010866,Stim8hr,CD4i_R1,22.0,252874.0
CD4i_R1_D2_Stim8hr_NTC-760,NTC-760,CE0010866,Stim8hr,CD4i_R1,241.0,2957025.0
CD4i_R1_D2_Stim8hr_NTC-761,NTC-761,CE0010866,Stim8hr,CD4i_R1,89.0,1294849.0
CD4i_R1_D2_Stim8hr_NTC-762,NTC-762,CE0010866,Stim8hr,CD4i_R1,45.0,486613.0
CD4i_R1_D2_Stim8hr_NTC-763,NTC-763,CE0010866,Stim8hr,CD4i_R1,228.0,2873689.0
CD4i_R1_D2_Stim8hr_NTC-764,NTC-764,CE0010866,Stim8hr,CD4i_R1,21.0,274226.0
CD4i_R1_D2_Stim8hr_NTC-765,NTC-765,CE0010866,Stim8hr,CD4i_R1,51.0,712329.0
CD4i_R1_D2_Stim8hr_NTC-766,NTC-766,CE0010866,Stim8hr,CD4i_R1,140.0,1911818.0
CD4i_R1_D2_Stim8hr_NTC-767,NTC-767,CE0010866,Stim8hr,CD4i_R1,42.0,429181.0
CD4i_R1_D2_Stim8hr_NTC-768,NTC-768,CE0010866,Stim8hr,CD4i_R1,110.0,1220286.0
CD4i_R1_D2_Stim8hr_NTC-769,NTC-769,CE0010866,Stim8hr,CD4i_R1,192.0,2622491.0
CD4i_R1_D2_Stim8hr_NTC-770,NTC-770,CE0010866,Stim8hr,CD4i_R1,82.0,955237.0
CD4i_R1_D2_Stim8hr_NTC-772,NTC-772,CE0010866,Stim8hr,CD4i_R1,37.0,414248.0
CD4i_R1_D2_Stim8hr_NTC-773,NTC-773,CE0010866,Stim8hr,CD4i_R1,119.0,1443251.0
CD4i_R1_D2_Stim8hr_NTC-774,NTC-774,CE0010866,Stim8hr,CD4i_R1,47.0,626763.0
CD4i_R1_D2_Stim8hr_NTC-775,NTC-775,CE0010866,Stim8hr,CD4i_R1,69.0,1012746.0
CD4i_R1_D2_Stim8hr_NTC-776,NTC-776,CE0010866,Stim8hr,CD4i_R1,126.0,1728106.0
CD4i_R1_D2_Stim8hr_NTC-777,NTC-777,CE0010866,Stim8hr,CD4i_R1,162.0,2248585.0
CD4i_R1_D2_Stim8hr_NTC-778,NTC-778,CE0010866,Stim8hr,CD4i_R1,8.0,109510.0
CD4i_R1_D2_Stim8hr_NTC-779,NTC-779,CE0010866,Stim8hr,CD4i_R1,179.0,2276947.0
CD4i_R1_D2_Stim8hr_NTC-780,NTC-780,CE0010866,Stim8hr,CD4i_R1,32.0,363614.0
CD4i_R1_D2_Stim8hr_NTC-781,NTC-781,CE0010866,Stim8hr,CD4i_R1,208.0,2860069.0
CD4i_R1_D2_Stim8hr_NTC-783,NTC-783,CE0010866,Stim8hr,CD4i_R1,417.0,5228352.0
CD4i_R1_D2_Stim8hr_NTC-784,NTC-784,CE0010866,Stim8hr,CD4i_R1,70.0,872021.0
CD4i_R1_D2_Stim8hr_NTC-785,NTC-785,CE0010866,Stim8hr,CD4i_R1,15.0,234511.0
CD4i_R1_D2_Stim8hr_NTC-786,NTC-786,CE0010866,Stim8hr,CD4i_R1,5.0,52389.0
CD4i_R1_D2_Stim8hr_NTC-787,NTC-787,CE0010866,Stim8hr,CD4i_R1,39.0,523542.0
CD4i_R1_D2_Stim8hr_NTC-789,NTC-789,CE0010866,Stim8hr,CD4i_R1,12.0,138831.0
CD4i_R1_D2_Stim8hr_NTC-790,NTC-790,CE0010866,Stim8hr,CD4i_R1,98.0,1134532.0
CD4i_R1_D2_Stim8hr_NTC-792,NTC-792,CE0010866,Stim8hr,CD4i_R1,62.0,722312.0
CD4i_R1_D2_Stim8hr_NTC-793,NTC-793,CE0010866,Stim8hr,CD4i_R1,973.0,11354183.0
CD4i_R1_D2_Stim8hr_NTC-794,NTC-794,CE0010866,Stim8hr,CD4i_R1,244.0,3284386.0
CD4i_R1_D2_Stim8hr_NTC-795,NTC-795,CE0010866,Stim8hr,CD4i_R1,230.0,2728328.0
CD4i_R1_D2_Stim8hr_NTC-797,NTC-797,CE0010866,Stim8hr,CD4i_R1,44.0,681364.0
CD4i_R1_D2_Stim8hr_NTC-798,NTC-798,CE0010866,Stim8hr,CD4i_R1,319.0,3985173.0
CD4i_R1_D2_Stim8hr_NTC-799,NTC-799,CE0010866,Stim8hr,CD4i_R1,99.0,1049296.0
CD4i_R1_D2_Stim8hr_NTC-800,NTC-800,CE0010866,Stim8hr,CD4i_R1,56.0,751708.0
CD4i_R1_D2_Stim8hr_NTC-801,NTC-801,CE0010866,Stim8hr,CD4i_R1,77.0,968169.0
CD4i_R1_D2_Stim8hr_NTC-802,NTC-802,CE0010866,Stim8hr,CD4i_R1,58.0,674409.0
CD4i_R1_D2_Stim8hr_NTC-803,NTC-803,CE0010866,Stim8hr,CD4i_R1,17.0,238842.0
CD4i_R1_D2_Stim8hr_NTC-805,NTC-805,CE0010866,Stim8hr,CD4i_R1,90.0,1170158.0
CD4i_R1_D2_Stim8hr_NTC-807,NTC-807,CE0010866,Stim8hr,CD4i_R1,492.0,7167890.0
CD4i_R1_D2_Stim8hr_NTC-808,NTC-808,CE0010866,Stim8hr,CD4i_R1,74.0,789280.0
CD4i_R1_D2_Stim8hr_NTC-809,NTC-809,CE0010866,Stim8hr,CD4i_R1,469.0,6380796.0
CD4i_R1_D2_Stim8hr_NTC-810,NTC-810,CE0010866,Stim8hr,CD4i_R1,14.0,175225.0
CD4i_R1_D2_Stim8hr_NTC-811,NTC-811,CE0010866,Stim8hr,CD4i_R1,11.0,223081.0
CD4i_R1_D2_Stim8hr_NTC-812,NTC-812,CE0010866,Stim8hr,CD4i_R1,237.0,2344358.0
CD4i_R1_D2_Stim8hr_NTC-813,NTC-813,CE0010866,Stim8hr,CD4i_R1,40.0,643768.0
CD4i_R1_D2_Stim8hr_NTC-814,NTC-814,CE0010866,Stim8hr,CD4i_R1,10.0,154772.0
CD4i_R1_D2_Stim8hr_NTC-815,NTC-815,CE0010866,Stim8hr,CD4i_R1,79.0,919827.0
CD4i_R1_D2_Stim8hr_NTC-816,NTC-816,CE0010866,Stim8hr,CD4i_R1,64.0,796572.0
CD4i_R1_D2_Stim8hr_NTC-817,NTC-817,CE0010866,Stim8hr,CD4i_R1,45.0,581808.0
CD4i_R1_D2_Stim8hr_NTC-818,NTC-818,CE0010866,Stim8hr,CD4i_R1,341.0,4133241.0
CD4i_R1_D2_Stim8hr_NTC-819,NTC-819,CE0010866,Stim8hr,CD4i_R1,56.0,835116.0
CD4i_R1_D2_Stim8hr_NTC-820,NTC-820,CE0010866,Stim8hr,CD4i_R1,166.0,2332265.0
CD4i_R1_D2_Stim8hr_NTC-821,NTC-821,CE0010866,Stim8hr,CD4i_R1,25.0,308985.0
CD4i_R1_D2_Stim8hr_NTC-822,NTC-822,CE0010866,Stim8hr,CD4i_R1,12.0,139596.0
CD4i_R1_D2_Stim8hr_NTC-823,NTC-823,CE0010866,Stim8hr,CD4i_R1,152.0,1950472.0
CD4i_R1_D2_Stim8hr_NTC-824,NTC-824,CE0010866,Stim8hr,CD4i_R1,51.0,661354.0
CD4i_R1_D2_Stim8hr_NTC-825,NTC-825,CE0010866,Stim8hr,CD4i_R1,339.0,4698916.0
CD4i_R1_D2_Stim8hr_NTC-826,NTC-826,CE0010866,Stim8hr,CD4i_R1,136.0,1932434.0
CD4i_R1_D2_Stim8hr_NTC-827,NTC-827,CE0010866,Stim8hr,CD4i_R1,83.0,1002061.0
CD4i_R1_D2_Stim8hr_NTC-828,NTC-828,CE0010866,Stim8hr,CD4i_R1,23.0,254439.0
CD4i_R1_D2_Stim8hr_NTC-829,NTC-829,CE0010866,Stim8hr,CD4i_R1,147.0,1967659.0
CD4i_R1_D2_Stim8hr_NTC-830,NTC-830,CE0010866,Stim8hr,CD4i_R1,6.0,66118.0
CD4i_R1_D2_Stim8hr_NTC-831,NTC-831,CE0010866,Stim8hr,CD4i_R1,49.0,576700.0
CD4i_R1_D2_Stim8hr_NTC-832,NTC-832,CE0010866,Stim8hr,CD4i_R1,84.0,1103468.0
CD4i_R1_D2_Stim8hr_NTC-833,NTC-833,CE0010866,Stim8hr,CD4i_R1,21.0,255005.0
CD4i_R1_D2_Stim8hr_NTC-834,NTC-834,CE0010866,Stim8hr,CD4i_R1,552.0,8192154.0
CD4i_R1_D2_Stim8hr_NTC-835,NTC-835,CE0010866,Stim8hr,CD4i_R1,45.0,537756.0
CD4i_R1_D2_Stim8hr_NTC-837,NTC-837,CE0010866,Stim8hr,CD4i_R1,8.0,79827.0
CD4i_R1_D2_Stim8hr_NTC-838,NTC-838,CE0010866,Stim8hr,CD4i_R1,8.0,99443.0
CD4i_R1_D2_Stim8hr_NTC-839,NTC-839,CE0010866,Stim8hr,CD4i_R1,35.0,353387.0
CD4i_R1_D2_Stim8hr_NTC-840,NTC-840,CE0010866,Stim8hr,CD4i_R1,58.0,892500.0
CD4i_R1_D2_Stim8hr_NTC-841,NTC-841,CE0010866,Stim8hr,CD4i_R1,315.0,3957110.0
CD4i_R1_D2_Stim8hr_NTC-842,NTC-842,CE0010866,Stim8hr,CD4i_R1,562.0,7700118.0
CD4i_R1_D2_Stim8hr_NTC-844,NTC-844,CE0010866,Stim8hr,CD4i_R1,29.0,324744.0
CD4i_R1_D2_Stim8hr_NTC-845,NTC-845,CE0010866,Stim8hr,CD4i_R1,247.0,2577876.0
CD4i_R1_D2_Stim8hr_NTC-846,NTC-846,CE0010866,Stim8hr,CD4i_R1,15.0,189095.0
CD4i_R1_D2_Stim8hr_NTC-847,NTC-847,CE0010866,Stim8hr,CD4i_R1,44.0,452651.0
CD4i_R1_D2_Stim8hr_NTC-848,NTC-848,CE0010866,Stim8hr,CD4i_R1,779.0,9778926.0
CD4i_R1_D2_Stim8hr_NTC-849,NTC-849,CE0010866,Stim8hr,CD4i_R1,31.0,373985.0
CD4i_R1_D2_Stim8hr_NTC-851,NTC-851,CE0010866,Stim8hr,CD4i_R1,58.0,745952.0
CD4i_R1_D2_Stim8hr_NTC-852,NTC-852,CE0010866,Stim8hr,CD4i_R1,38.0,543774.0
CD4i_R1_D2_Stim8hr_NTC-853,NTC-853,CE0010866,Stim8hr,CD4i_R1,26.0,331960.0
CD4i_R1_D2_Stim8hr_NTC-854,NTC-854,CE0010866,Stim8hr,CD4i_R1,26.0,289729.0
CD4i_R1_D2_Stim8hr_NTC-855,NTC-855,CE0010866,Stim8hr,CD4i_R1,30.0,423084.0
CD4i_R1_D2_Stim8hr_NTC-856,NTC-856,CE0010866,Stim8hr,CD4i_R1,86.0,1217430.0
CD4i_R1_D2_Stim8hr_NTC-857,NTC-857,CE0010866,Stim8hr,CD4i_R1,37.0,530593.0
CD4i_R1_D2_Stim8hr_NTC-858,NTC-858,CE0010866,Stim8hr,CD4i_R1,31.0,334898.0
CD4i_R1_D2_Stim8hr_NTC-859,NTC-859,CE0010866,Stim8hr,CD4i_R1,43.0,499676.0
CD4i_R1_D2_Stim8hr_NTC-860,NTC-860,CE0010866,Stim8hr,CD4i_R1,59.0,730980.0
CD4i_R1_D2_Stim8hr_NTC-863,NTC-863,CE0010866,Stim8hr,CD4i_R1,34.0,403929.0
CD4i_R1_D2_Stim8hr_NTC-864,NTC-864,CE0010866,Stim8hr,CD4i_R1,95.0,956472.0
CD4i_R1_D2_Stim8hr_NTC-866,NTC-866,CE0010866,Stim8hr,CD4i_R1,66.0,897424.0
CD4i_R1_D2_Stim8hr_NTC-867,NTC-867,CE0010866,Stim8hr,CD4i_R1,66.0,882591.0
CD4i_R1_D2_Stim8hr_NTC-868,NTC-868,CE0010866,Stim8hr,CD4i_R1,19.0,197652.0
CD4i_R1_D2_Stim8hr_NTC-869,NTC-869,CE0010866,Stim8hr,CD4i_R1,13.0,163274.0
CD4i_R1_D2_Stim8hr_NTC-870,NTC-870,CE0010866,Stim8hr,CD4i_R1,72.0,866277.0
CD4i_R1_D2_Stim8hr_NTC-871,NTC-871,CE0010866,Stim8hr,CD4i_R1,38.0,604976.0
CD4i_R1_D2_Stim8hr_NTC-875,NTC-875,CE0010866,Stim8hr,CD4i_R1,119.0,1376252.0
CD4i_R1_D2_Stim8hr_NTC-876,NTC-876,CE0010866,Stim8hr,CD4i_R1,46.0,598394.0
CD4i_R1_D2_Stim8hr_NTC-877,NTC-877,CE0010866,Stim8hr,CD4i_R1,13.0,139885.0
CD4i_R1_D2_Stim8hr_NTC-878,NTC-878,CE0010866,Stim8hr,CD4i_R1,22.0,366623.0
CD4i_R1_D2_Stim8hr_NTC-879,NTC-879,CE0010866,Stim8hr,CD4i_R1,113.0,1265525.0
CD4i_R1_D2_Stim8hr_NTC-880,NTC-880,CE0010866,Stim8hr,CD4i_R1,47.0,720237.0
CD4i_R1_D2_Stim8hr_NTC-881,NTC-881,CE0010866,Stim8hr,CD4i_R1,87.0,1255459.0
CD4i_R1_D2_Stim8hr_NTC-882,NTC-882,CE0010866,Stim8hr,CD4i_R1,144.0,1921583.0
CD4i_R1_D2_Stim8hr_NTC-883,NTC-883,CE0010866,Stim8hr,CD4i_R1,883.0,8601574.0
CD4i_R1_D2_Stim8hr_NTC-884,NTC-884,CE0010866,Stim8hr,CD4i_R1,112.0,1441153.0
CD4i_R1_D2_Stim8hr_NTC-885,NTC-885,CE0010866,Stim8hr,CD4i_R1,7.0,120360.0
CD4i_R1_D2_Stim8hr_NTC-886,NTC-886,CE0010866,Stim8hr,CD4i_R1,73.0,976063.0
CD4i_R1_D2_Stim8hr_NTC-887,NTC-887,CE0010866,Stim8hr,CD4i_R1,40.0,547359.0
CD4i_R1_D2_Stim8hr_NTC-888,NTC-888,CE0010866,Stim8hr,CD4i_R1,22.0,288494.0
CD4i_R1_D2_Stim8hr_NTC-889,NTC-889,CE0010866,Stim8hr,CD4i_R1,139.0,1808423.0
CD4i_R1_D2_Stim8hr_NTC-890,NTC-890,CE0010866,Stim8hr,CD4i_R1,13.0,157574.0
CD4i_R1_D2_Stim8hr_NTC-892,NTC-892,CE0010866,Stim8hr,CD4i_R1,10.0,90652.0
CD4i_R1_D2_Stim8hr_NTC-893,NTC-893,CE0010866,Stim8hr,CD4i_R1,191.0,2817223.0
CD4i_R1_D2_Stim8hr_NTC-894,NTC-894,CE0010866,Stim8hr,CD4i_R1,13.0,155070.0
CD4i_R1_D2_Stim8hr_NTC-895,NTC-895,CE0010866,Stim8hr,CD4i_R1,26.0,269855.0
CD4i_R1_D2_Stim8hr_NTC-897,NTC-897,CE0010866,Stim8hr,CD4i_R1,24.0,277711.0
CD4i_R1_D2_Stim8hr_NTC-898,NTC-898,CE0010866,Stim8hr,CD4i_R1,69.0,809388.0
CD4i_R1_D2_Stim8hr_NTC-899,NTC-899,CE0010866,Stim8hr,CD4i_R1,7.0,77207.0
CD4i_R1_D2_Stim8hr_NTC-900,NTC-900,CE0010866,Stim8hr,CD4i_R1,1061.0,14138386.0
CD4i_R1_D2_Stim8hr_NTC-901,NTC-901,CE0010866,Stim8hr,CD4i_R1,791.0,10091459.0
CD4i_R1_D2_Stim8hr_NTC-902,NTC-902,CE0010866,Stim8hr,CD4i_R1,78.0,1025389.0
CD4i_R1_D2_Stim8hr_NTC-903,NTC-903,CE0010866,Stim8hr,CD4i_R1,141.0,1894334.0
CD4i_R1_D2_Stim8hr_NTC-904,NTC-904,CE0010866,Stim8hr,CD4i_R1,5.0,48292.0
CD4i_R1_D2_Stim8hr_NTC-905,NTC-905,CE0010866,Stim8hr,CD4i_R1,5.0,56454.0
CD4i_R1_D2_Stim8hr_NTC-907,NTC-907,CE0010866,Stim8hr,CD4i_R1,28.0,312488.0
CD4i_R1_D2_Stim8hr_NTC-909,NTC-909,CE0010866,Stim8hr,CD4i_R1,17.0,191200.0
CD4i_R1_D2_Stim8hr_NTC-910,NTC-910,CE0010866,Stim8hr,CD4i_R1,19.0,265953.0
CD4i_R1_D2_Stim8hr_NTC-911,NTC-911,CE0010866,Stim8hr,CD4i_R1,38.0,455073.0
CD4i_R1_D2_Stim8hr_NTC-912,NTC-912,CE0010866,Stim8hr,CD4i_R1,68.0,881297.0
CD4i_R1_D2_Stim8hr_NTC-914,NTC-914,CE0010866,Stim8hr,CD4i_R1,83.0,1058275.0
CD4i_R1_D2_Stim8hr_NTC-915,NTC-915,CE0010866,Stim8hr,CD4i_R1,101.0,1231118.0
CD4i_R1_D2_Stim8hr_NTC-918,NTC-918,CE0010866,Stim8hr,CD4i_R1,229.0,3218473.0
CD4i_R1_D2_Stim8hr_NTC-919,NTC-919,CE0010866,Stim8hr,CD4i_R1,78.0,1065564.0
CD4i_R1_D2_Stim8hr_NTC-920,NTC-920,CE0010866,Stim8hr,CD4i_R1,274.0,3840277.0
CD4i_R1_D2_Stim8hr_NTC-921,NTC-921,CE0010866,Stim8hr,CD4i_R1,99.0,1287003.0
CD4i_R1_D2_Stim8hr_NTC-922,NTC-922,CE0010866,Stim8hr,CD4i_R1,240.0,2752119.0
CD4i_R1_D2_Stim8hr_NTC-923,NTC-923,CE0010866,Stim8hr,CD4i_R1,80.0,1052317.0
CD4i_R1_D2_Stim8hr_NTC-925,NTC-925,CE0010866,Stim8hr,CD4i_R1,20.0,270922.0
CD4i_R1_D2_Stim8hr_NTC-926,NTC-926,CE0010866,Stim8hr,CD4i_R1,70.0,793693.0
CD4i_R1_D2_Stim8hr_NTC-927,NTC-927,CE0010866,Stim8hr,CD4i_R1,35.0,417061.0
CD4i_R1_D2_Stim8hr_NTC-928,NTC-928,CE0010866,Stim8hr,CD4i_R1,316.0,4025018.0
CD4i_R1_D2_Stim8hr_NTC-929,NTC-929,CE0010866,Stim8hr,CD4i_R1,36.0,445660.0
CD4i_R1_D2_Stim8hr_NTC-931,NTC-931,CE0010866,Stim8hr,CD4i_R1,55.0,651610.0
CD4i_R1_D2_Stim8hr_NTC-932,NTC-932,CE0010866,Stim8hr,CD4i_R1,29.0,322442.0
CD4i_R1_D2_Stim8hr_NTC-935,NTC-935,CE0010866,Stim8hr,CD4i_R1,39.0,494558.0
CD4i_R1_D2_Stim8hr_NTC-936,NTC-936,CE0010866,Stim8hr,CD4i_R1,103.0,1215941.0
CD4i_R1_D2_Stim8hr_NTC-937,NTC-937,CE0010866,Stim8hr,CD4i_R1,51.0,770444.0
CD4i_R1_D2_Stim8hr_NTC-939,NTC-939,CE0010866,Stim8hr,CD4i_R1,31.0,309993.0
CD4i_R1_D2_Stim8hr_NTC-940,NTC-940,CE0010866,Stim8hr,CD4i_R1,27.0,426185.0
CD4i_R1_D2_Stim8hr_NTC-941,NTC-941,CE0010866,Stim8hr,CD4i_R1,435.0,4760987.0
CD4i_R1_D2_Stim8hr_NTC-942,NTC-942,CE0010866,Stim8hr,CD4i_R1,54.0,647535.0
CD4i_R1_D2_Stim8hr_NTC-943,NTC-943,CE0010866,Stim8hr,CD4i_R1,184.0,2680066.0
CD4i_R1_D2_Stim8hr_NTC-944,NTC-944,CE0010866,Stim8hr,CD4i_R1,21.0,211912.0
CD4i_R1_D2_Stim8hr_NTC-945,NTC-945,CE0010866,Stim8hr,CD4i_R1,100.0,1257610.0
CD4i_R1_D2_Stim8hr_NTC-946,NTC-946,CE0010866,Stim8hr,CD4i_R1,59.0,783552.0
CD4i_R1_D2_Stim8hr_NTC-947,NTC-947,CE0010866,Stim8hr,CD4i_R1,51.0,611095.0
CD4i_R1_D2_Stim8hr_NTC-948,NTC-948,CE0010866,Stim8hr,CD4i_R1,340.0,4438810.0
CD4i_R1_D2_Stim8hr_NTC-950,NTC-950,CE0010866,Stim8hr,CD4i_R1,90.0,1058977.0
CD4i_R1_D2_Stim8hr_NTC-951,NTC-951,CE0010866,Stim8hr,CD4i_R1,246.0,3190765.0
CD4i_R1_D2_Stim8hr_NTC-952,NTC-952,CE0010866,Stim8hr,CD4i_R1,40.0,451654.0
CD4i_R1_D2_Stim8hr_NTC-954,NTC-954,CE0010866,Stim8hr,CD4i_R1,10.0,104244.0
CD4i_R1_D2_Stim8hr_NTC-955,NTC-955,CE0010866,Stim8hr,CD4i_R1,87.0,1049010.0
CD4i_R1_D2_Stim8hr_NTC-957,NTC-957,CE0010866,Stim8hr,CD4i_R1,78.0,1119947.0
CD4i_R1_D2_Stim8hr_NTC-958,NTC-958,CE0010866,Stim8hr,CD4i_R1,43.0,495230.0
CD4i_R1_D2_Stim8hr_NTC-960,NTC-960,CE0010866,Stim8hr,CD4i_R1,28.0,368271.0
CD4i_R1_D2_Stim8hr_NTC-961,NTC-961,CE0010866,Stim8hr,CD4i_R1,13.0,175537.0
CD4i_R1_D2_Stim8hr_NTC-962,NTC-962,CE0010866,Stim8hr,CD4i_R1,19.0,234741.0
CD4i_R1_D2_Stim8hr_NTC-963,NTC-963,CE0010866,Stim8hr,CD4i_R1,458.0,5970901.0
CD4i_R1_D2_Stim8hr_NTC-964,NTC-964,CE0010866,Stim8hr,CD4i_R1,15.0,181470.0
CD4i_R1_D2_Stim8hr_NTC-965,NTC-965,CE0010866,Stim8hr,CD4i_R1,33.0,527216.0
CD4i_R1_D2_Stim8hr_NTC-966,NTC-966,CE0010866,Stim8hr,CD4i_R1,138.0,1859250.0
CD4i_R1_D2_Stim8hr_NTC-967,NTC-967,CE0010866,Stim8hr,CD4i_R1,132.0,1907809.0
CD4i_R1_D2_Stim8hr_NTC-968,NTC-968,CE0010866,Stim8hr,CD4i_R1,137.0,1849161.0
CD4i_R1_D2_Stim8hr_NTC-969,NTC-969,CE0010866,Stim8hr,CD4i_R1,120.0,1619574.0
CD4i_R1_D2_Stim8hr_NTC-970,NTC-970,CE0010866,Stim8hr,CD4i_R1,72.0,842729.0
CD4i_R1_D2_Stim8hr_NTC-971,NTC-971,CE0010866,Stim8hr,CD4i_R1,295.0,4221059.0
CD4i_R1_D2_Stim8hr_NTC-972,NTC-972,CE0010866,Stim8hr,CD4i_R1,99.0,1272331.0
CD4i_R1_D2_Stim8hr_NTC-973,NTC-973,CE0010866,Stim8hr,CD4i_R1,175.0,2320690.0
CD4i_R1_D2_Stim8hr_NTC-974,NTC-974,CE0010866,Stim8hr,CD4i_R1,239.0,2642545.0
CD4i_R1_D2_Stim8hr_NTC-976,NTC-976,CE0010866,Stim8hr,CD4i_R1,45.0,483163.0
CD4i_R1_D2_Stim8hr_NTC-977,NTC-977,CE0010866,Stim8hr,CD4i_R1,37.0,392869.0
CD4i_R1_D2_Stim8hr_NTC-978,NTC-978,CE0010866,Stim8hr,CD4i_R1,68.0,902492.0
CD4i_R1_D2_Stim8hr_NTC-979,NTC-979,CE0010866,Stim8hr,CD4i_R1,99.0,1254258.0
CD4i_R1_D2_Stim8hr_NTC-980,NTC-980,CE0010866,Stim8hr,CD4i_R1,48.0,513825.0
CD4i_R1_D2_Stim8hr_NTC-981,NTC-981,CE0010866,Stim8hr,CD4i_R1,43.0,548604.0
CD4i_R1_D2_Stim8hr_NTC-982,NTC-982,CE0010866,Stim8hr,CD4i_R1,133.0,1748725.0
CD4i_R1_D2_Stim8hr_NTC-983,NTC-983,CE0010866,Stim8hr,CD4i_R1,83.0,1094351.0
CD4i_R1_D2_Stim8hr_NTC-984,NTC-984,CE0010866,Stim8hr,CD4i_R1,37.0,426942.0
CD4i_R1_D2_Stim8hr_NTC-985,NTC-985,CE0010866,Stim8hr,CD4i_R1,84.0,1391008.0
CD4i_R1_D2_Stim8hr_NTC-986,NTC-986,CE0010866,Stim8hr,CD4i_R1,87.0,940088.0
CD4i_R1_D2_Stim8hr_NTC-987,NTC-987,CE0010866,Stim8hr,CD4i_R1,109.0,1424481.0
CD4i_R1_D2_Stim8hr_NTC-988,NTC-988,CE0010866,Stim8hr,CD4i_R1,176.0,2187548.0
CD4i_R1_D2_Stim8hr_NTC-989,NTC-989,CE0010866,Stim8hr,CD4i_R1,187.0,2276574.0
CD4i_R1_D2_Stim8hr_NTC-990,NTC-990,CE0010866,Stim8hr,CD4i_R1,65.0,949429.0
CD4i_R1_D2_Stim8hr_NTC-991,NTC-991,CE0010866,Stim8hr,CD4i_R1,56.0,654447.0
CD4i_R1_D2_Stim8hr_NTC-992,NTC-992,CE0010866,Stim8hr,CD4i_R1,13.0,173993.0
CD4i_R2_D2_Stim48hr_NTC-002,NTC-002,CE0010866,Stim48hr,CD4i_R2,56.0,515689.0
CD4i_R2_D2_Stim48hr_NTC-006,NTC-006,CE0010866,Stim48hr,CD4i_R2,19.0,170913.0
CD4i_R2_D2_Stim48hr_NTC-007,NTC-007,CE0010866,Stim48hr,CD4i_R2,65.0,651659.0
CD4i_R2_D2_Stim48hr_NTC-008,NTC-008,CE0010866,Stim48hr,CD4i_R2,51.0,560486.0
CD4i_R2_D2_Stim48hr_NTC-009,NTC-009,CE0010866,Stim48hr,CD4i_R2,77.0,744197.0
CD4i_R2_D2_Stim48hr_NTC-010,NTC-010,CE0010866,Stim48hr,CD4i_R2,23.0,203042.0
CD4i_R2_D2_Stim48hr_NTC-012,NTC-012,CE0010866,Stim48hr,CD4i_R2,5.0,45522.0
CD4i_R2_D2_Stim48hr_NTC-013,NTC-013,CE0010866,Stim48hr,CD4i_R2,16.0,150620.0
CD4i_R2_D2_Stim48hr_NTC-014,NTC-014,CE0010866,Stim48hr,CD4i_R2,60.0,722897.0
CD4i_R2_D2_Stim48hr_NTC-015,NTC-015,CE0010866,Stim48hr,CD4i_R2,12.0,76954.0
CD4i_R2_D2_Stim48hr_NTC-016,NTC-016,CE0010866,Stim48hr,CD4i_R2,25.0,201131.0
CD4i_R2_D2_Stim48hr_NTC-018,NTC-018,CE0010866,Stim48hr,CD4i_R2,23.0,212747.0
CD4i_R2_D2_Stim48hr_NTC-019,NTC-019,CE0010866,Stim48hr,CD4i_R2,53.0,404166.0
CD4i_R2_D2_Stim48hr_NTC-021,NTC-021,CE0010866,Stim48hr,CD4i_R2,29.0,346775.0
CD4i_R2_D2_Stim48hr_NTC-022,NTC-022,CE0010866,Stim48hr,CD4i_R2,8.0,58496.0
CD4i_R2_D2_Stim48hr_NTC-023,NTC-023,CE0010866,Stim48hr,CD4i_R2,36.0,265520.0
CD4i_R2_D2_Stim48hr_NTC-026,NTC-026,CE0010866,Stim48hr,CD4i_R2,111.0,1161431.0
CD4i_R2_D2_Stim48hr_NTC-027,NTC-027,CE0010866,Stim48hr,CD4i_R2,189.0,1878423.0
CD4i_R2_D2_Stim48hr_NTC-028,NTC-028,CE0010866,Stim48hr,CD4i_R2,19.0,145623.0
CD4i_R2_D2_Stim48hr_NTC-029,NTC-029,CE0010866,Stim48hr,CD4i_R2,371.0,4177860.0
CD4i_R2_D2_Stim48hr_NTC-030,NTC-030,CE0010866,Stim48hr,CD4i_R2,692.0,6306372.0
CD4i_R2_D2_Stim48hr_NTC-031,NTC-031,CE0010866,Stim48hr,CD4i_R2,25.0,314903.0
CD4i_R2_D2_Stim48hr_NTC-032,NTC-032,CE0010866,Stim48hr,CD4i_R2,124.0,999807.0
CD4i_R2_D2_Stim48hr_NTC-033,NTC-033,CE0010866,Stim48hr,CD4i_R2,265.0,2684579.0
CD4i_R2_D2_Stim48hr_NTC-034,NTC-034,CE0010866,Stim48hr,CD4i_R2,6.0,79855.0
CD4i_R2_D2_Stim48hr_NTC-035,NTC-035,CE0010866,Stim48hr,CD4i_R2,16.0,180436.0
CD4i_R2_D2_Stim48hr_NTC-036,NTC-036,CE0010866,Stim48hr,CD4i_R2,219.0,1919320.0
CD4i_R2_D2_Stim48hr_NTC-037,NTC-037,CE0010866,Stim48hr,CD4i_R2,37.0,402455.0
CD4i_R2_D2_Stim48hr_NTC-038,NTC-038,CE0010866,Stim48hr,CD4i_R2,177.0,1559831.0
CD4i_R2_D2_Stim48hr_NTC-039,NTC-039,CE0010866,Stim48hr,CD4i_R2,9.0,131042.0
CD4i_R2_D2_Stim48hr_NTC-040,NTC-040,CE0010866,Stim48hr,CD4i_R2,324.0,3391926.0
CD4i_R2_D2_Stim48hr_NTC-041,NTC-041,CE0010866,Stim48hr,CD4i_R2,296.0,3424744.0
CD4i_R2_D2_Stim48hr_NTC-042,NTC-042,CE0010866,Stim48hr,CD4i_R2,51.0,464940.0
CD4i_R2_D2_Stim48hr_NTC-043,NTC-043,CE0010866,Stim48hr,CD4i_R2,11.0,109131.0
CD4i_R2_D2_Stim48hr_NTC-044,NTC-044,CE0010866,Stim48hr,CD4i_R2,36.0,324576.0
CD4i_R2_D2_Stim48hr_NTC-045,NTC-045,CE0010866,Stim48hr,CD4i_R2,22.0,225709.0
CD4i_R2_D2_Stim48hr_NTC-046,NTC-046,CE0010866,Stim48hr,CD4i_R2,37.0,302012.0
CD4i_R2_D2_Stim48hr_NTC-047,NTC-047,CE0010866,Stim48hr,CD4i_R2,187.0,1654638.0
CD4i_R2_D2_Stim48hr_NTC-050,NTC-050,CE0010866,Stim48hr,CD4i_R2,7.0,94109.0
CD4i_R2_D2_Stim48hr_NTC-051,NTC-051,CE0010866,Stim48hr,CD4i_R2,9.0,80057.0
CD4i_R2_D2_Stim48hr_NTC-052,NTC-052,CE0010866,Stim48hr,CD4i_R2,37.0,311648.0
CD4i_R2_D2_Stim48hr_NTC-054,NTC-054,CE0010866,Stim48hr,CD4i_R2,271.0,2346717.0
CD4i_R2_D2_Stim48hr_NTC-055,NTC-055,CE0010866,Stim48hr,CD4i_R2,26.0,315407.0
CD4i_R2_D2_Stim48hr_NTC-056,NTC-056,CE0010866,Stim48hr,CD4i_R2,66.0,572022.0
CD4i_R2_D2_Stim48hr_NTC-057,NTC-057,CE0010866,Stim48hr,CD4i_R2,7.0,68930.0
CD4i_R2_D2_Stim48hr_NTC-058,NTC-058,CE0010866,Stim48hr,CD4i_R2,43.0,411429.0
CD4i_R2_D2_Stim48hr_NTC-059,NTC-059,CE0010866,Stim48hr,CD4i_R2,146.0,1617319.0
CD4i_R2_D2_Stim48hr_NTC-060,NTC-060,CE0010866,Stim48hr,CD4i_R2,26.0,216571.0
CD4i_R2_D2_Stim48hr_NTC-062,NTC-062,CE0010866,Stim48hr,CD4i_R2,32.0,314719.0
CD4i_R2_D2_Stim48hr_NTC-063,NTC-063,CE0010866,Stim48hr,CD4i_R2,9.0,133399.0
CD4i_R2_D2_Stim48hr_NTC-064,NTC-064,CE0010866,Stim48hr,CD4i_R2,45.0,344481.0
CD4i_R2_D2_Stim48hr_NTC-066,NTC-066,CE0010866,Stim48hr,CD4i_R2,97.0,855498.0
CD4i_R2_D2_Stim48hr_NTC-067,NTC-067,CE0010866,Stim48hr,CD4i_R2,386.0,3677649.0
CD4i_R2_D2_Stim48hr_NTC-069,NTC-069,CE0010866,Stim48hr,CD4i_R2,179.0,2011855.0
CD4i_R2_D2_Stim48hr_NTC-071,NTC-071,CE0010866,Stim48hr,CD4i_R2,96.0,1249928.0
CD4i_R2_D2_Stim48hr_NTC-072,NTC-072,CE0010866,Stim48hr,CD4i_R2,58.0,509586.0
CD4i_R2_D2_Stim48hr_NTC-073,NTC-073,CE0010866,Stim48hr,CD4i_R2,11.0,137932.0
CD4i_R2_D2_Stim48hr_NTC-074,NTC-074,CE0010866,Stim48hr,CD4i_R2,8.0,65416.0
CD4i_R2_D2_Stim48hr_NTC-075,NTC-075,CE0010866,Stim48hr,CD4i_R2,27.0,211180.0
CD4i_R2_D2_Stim48hr_NTC-076,NTC-076,CE0010866,Stim48hr,CD4i_R2,92.0,801756.0
CD4i_R2_D2_Stim48hr_NTC-077,NTC-077,CE0010866,Stim48hr,CD4i_R2,61.0,570911.0
CD4i_R2_D2_Stim48hr_NTC-078,NTC-078,CE0010866,Stim48hr,CD4i_R2,197.0,1828992.0
CD4i_R2_D2_Stim48hr_NTC-079,NTC-079,CE0010866,Stim48hr,CD4i_R2,46.0,427417.0
CD4i_R2_D2_Stim48hr_NTC-080,NTC-080,CE0010866,Stim48hr,CD4i_R2,8.0,77150.0
CD4i_R2_D2_Stim48hr_NTC-081,NTC-081,CE0010866,Stim48hr,CD4i_R2,20.0,219966.0
CD4i_R2_D2_Stim48hr_NTC-082,NTC-082,CE0010866,Stim48hr,CD4i_R2,20.0,146524.0
CD4i_R2_D2_Stim48hr_NTC-083,NTC-083,CE0010866,Stim48hr,CD4i_R2,82.0,623293.0
CD4i_R2_D2_Stim48hr_NTC-084,NTC-084,CE0010866,Stim48hr,CD4i_R2,13.0,137121.0
CD4i_R2_D2_Stim48hr_NTC-086,NTC-086,CE0010866,Stim48hr,CD4i_R2,45.0,320189.0
CD4i_R2_D2_Stim48hr_NTC-087,NTC-087,CE0010866,Stim48hr,CD4i_R2,5.0,48603.0
CD4i_R2_D2_Stim48hr_NTC-089,NTC-089,CE0010866,Stim48hr,CD4i_R2,7.0,66469.0
CD4i_R2_D2_Stim48hr_NTC-090,NTC-090,CE0010866,Stim48hr,CD4i_R2,35.0,349926.0
CD4i_R2_D2_Stim48hr_NTC-091,NTC-091,CE0010866,Stim48hr,CD4i_R2,81.0,667507.0
CD4i_R2_D2_Stim48hr_NTC-092,NTC-092,CE0010866,Stim48hr,CD4i_R2,9.0,76058.0
CD4i_R2_D2_Stim48hr_NTC-094,NTC-094,CE0010866,Stim48hr,CD4i_R2,18.0,173905.0
CD4i_R2_D2_Stim48hr_NTC-095,NTC-095,CE0010866,Stim48hr,CD4i_R2,86.0,712876.0
CD4i_R2_D2_Stim48hr_NTC-097,NTC-097,CE0010866,Stim48hr,CD4i_R2,32.0,266586.0
CD4i_R2_D2_Stim48hr_NTC-098,NTC-098,CE0010866,Stim48hr,CD4i_R2,69.0,596183.0
CD4i_R2_D2_Stim48hr_NTC-099,NTC-099,CE0010866,Stim48hr,CD4i_R2,68.0,702661.0
CD4i_R2_D2_Stim48hr_NTC-100,NTC-100,CE0010866,Stim48hr,CD4i_R2,98.0,1010393.0
CD4i_R2_D2_Stim48hr_NTC-101,NTC-101,CE0010866,Stim48hr,CD4i_R2,631.0,6442669.0
CD4i_R2_D2_Stim48hr_NTC-106,NTC-106,CE0010866,Stim48hr,CD4i_R2,49.0,517217.0
CD4i_R2_D2_Stim48hr_NTC-108,NTC-108,CE0010866,Stim48hr,CD4i_R2,31.0,327039.0
CD4i_R2_D2_Stim48hr_NTC-109,NTC-109,CE0010866,Stim48hr,CD4i_R2,6.0,66300.0
CD4i_R2_D2_Stim48hr_NTC-110,NTC-110,CE0010866,Stim48hr,CD4i_R2,100.0,1014516.0
CD4i_R2_D2_Stim48hr_NTC-111,NTC-111,CE0010866,Stim48hr,CD4i_R2,67.0,757050.0
CD4i_R2_D2_Stim48hr_NTC-113,NTC-113,CE0010866,Stim48hr,CD4i_R2,6.0,79235.0
CD4i_R2_D2_Stim48hr_NTC-114,NTC-114,CE0010866,Stim48hr,CD4i_R2,152.0,1585870.0
CD4i_R2_D2_Stim48hr_NTC-115,NTC-115,CE0010866,Stim48hr,CD4i_R2,12.0,94114.0
CD4i_R2_D2_Stim48hr_NTC-120,NTC-120,CE0010866,Stim48hr,CD4i_R2,56.0,611958.0
CD4i_R2_D2_Stim48hr_NTC-121,NTC-121,CE0010866,Stim48hr,CD4i_R2,8.0,126430.0
CD4i_R2_D2_Stim48hr_NTC-122,NTC-122,CE0010866,Stim48hr,CD4i_R2,135.0,1449233.0
CD4i_R2_D2_Stim48hr_NTC-123,NTC-123,CE0010866,Stim48hr,CD4i_R2,57.0,640636.0
CD4i_R2_D2_Stim48hr_NTC-124,NTC-124,CE0010866,Stim48hr,CD4i_R2,84.0,810443.0
CD4i_R2_D2_Stim48hr_NTC-125,NTC-125,CE0010866,Stim48hr,CD4i_R2,11.0,111000.0
CD4i_R2_D2_Stim48hr_NTC-126,NTC-126,CE0010866,Stim48hr,CD4i_R2,25.0,388504.0
CD4i_R2_D2_Stim48hr_NTC-127,NTC-127,CE0010866,Stim48hr,CD4i_R2,10.0,63123.0
CD4i_R2_D2_Stim48hr_NTC-129,NTC-129,CE0010866,Stim48hr,CD4i_R2,61.0,582965.0
CD4i_R2_D2_Stim48hr_NTC-130,NTC-130,CE0010866,Stim48hr,CD4i_R2,56.0,541957.0
CD4i_R2_D2_Stim48hr_NTC-131,NTC-131,CE0010866,Stim48hr,CD4i_R2,62.0,579120.0
CD4i_R2_D2_Stim48hr_NTC-132,NTC-132,CE0010866,Stim48hr,CD4i_R2,56.0,759607.0
CD4i_R2_D2_Stim48hr_NTC-133,NTC-133,CE0010866,Stim48hr,CD4i_R2,32.0,285369.0
CD4i_R2_D2_Stim48hr_NTC-134,NTC-134,CE0010866,Stim48hr,CD4i_R2,23.0,237400.0
CD4i_R2_D2_Stim48hr_NTC-135,NTC-135,CE0010866,Stim48hr,CD4i_R2,5.0,45706.0
CD4i_R2_D2_Stim48hr_NTC-136,NTC-136,CE0010866,Stim48hr,CD4i_R2,36.0,427015.0
CD4i_R2_D2_Stim48hr_NTC-137,NTC-137,CE0010866,Stim48hr,CD4i_R2,43.0,421513.0
CD4i_R2_D2_Stim48hr_NTC-138,NTC-138,CE0010866,Stim48hr,CD4i_R2,8.0,70083.0
CD4i_R2_D2_Stim48hr_NTC-139,NTC-139,CE0010866,Stim48hr,CD4i_R2,80.0,658864.0
CD4i_R2_D2_Stim48hr_NTC-140,NTC-140,CE0010866,Stim48hr,CD4i_R2,12.0,100482.0
CD4i_R2_D2_Stim48hr_NTC-141,NTC-141,CE0010866,Stim48hr,CD4i_R2,54.0,569644.0
CD4i_R2_D2_Stim48hr_NTC-142,NTC-142,CE0010866,Stim48hr,CD4i_R2,253.0,2814748.0
CD4i_R2_D2_Stim48hr_NTC-143,NTC-143,CE0010866,Stim48hr,CD4i_R2,212.0,2352277.0
CD4i_R2_D2_Stim48hr_NTC-144,NTC-144,CE0010866,Stim48hr,CD4i_R2,69.0,671619.0
CD4i_R2_D2_Stim48hr_NTC-146,NTC-146,CE0010866,Stim48hr,CD4i_R2,166.0,1503642.0
CD4i_R2_D2_Stim48hr_NTC-148,NTC-148,CE0010866,Stim48hr,CD4i_R2,85.0,989696.0
CD4i_R2_D2_Stim48hr_NTC-149,NTC-149,CE0010866,Stim48hr,CD4i_R2,41.0,418217.0
CD4i_R2_D2_Stim48hr_NTC-150,NTC-150,CE0010866,Stim48hr,CD4i_R2,74.0,712329.0
CD4i_R2_D2_Stim48hr_NTC-151,NTC-151,CE0010866,Stim48hr,CD4i_R2,19.0,165204.0
CD4i_R2_D2_Stim48hr_NTC-152,NTC-152,CE0010866,Stim48hr,CD4i_R2,257.0,3078986.0
CD4i_R2_D2_Stim48hr_NTC-153,NTC-153,CE0010866,Stim48hr,CD4i_R2,182.0,1588957.0
CD4i_R2_D2_Stim48hr_NTC-154,NTC-154,CE0010866,Stim48hr,CD4i_R2,159.0,1409245.0
CD4i_R2_D2_Stim48hr_NTC-155,NTC-155,CE0010866,Stim48hr,CD4i_R2,70.0,645008.0
CD4i_R2_D2_Stim48hr_NTC-156,NTC-156,CE0010866,Stim48hr,CD4i_R2,54.0,575976.0
CD4i_R2_D2_Stim48hr_NTC-157,NTC-157,CE0010866,Stim48hr,CD4i_R2,55.0,503356.0
CD4i_R2_D2_Stim48hr_NTC-158,NTC-158,CE0010866,Stim48hr,CD4i_R2,52.0,618815.0
CD4i_R2_D2_Stim48hr_NTC-159,NTC-159,CE0010866,Stim48hr,CD4i_R2,8.0,59090.0
CD4i_R2_D2_Stim48hr_NTC-160,NTC-160,CE0010866,Stim48hr,CD4i_R2,77.0,693944.0
CD4i_R2_D2_Stim48hr_NTC-161,NTC-161,CE0010866,Stim48hr,CD4i_R2,371.0,3930079.0
CD4i_R2_D2_Stim48hr_NTC-162,NTC-162,CE0010866,Stim48hr,CD4i_R2,134.0,1290031.0
CD4i_R2_D2_Stim48hr_NTC-163,NTC-163,CE0010866,Stim48hr,CD4i_R2,642.0,6074224.0
CD4i_R2_D2_Stim48hr_NTC-164,NTC-164,CE0010866,Stim48hr,CD4i_R2,39.0,378078.0
CD4i_R2_D2_Stim48hr_NTC-165,NTC-165,CE0010866,Stim48hr,CD4i_R2,98.0,940633.0
CD4i_R2_D2_Stim48hr_NTC-166,NTC-166,CE0010866,Stim48hr,CD4i_R2,294.0,2998879.0
CD4i_R2_D2_Stim48hr_NTC-167,NTC-167,CE0010866,Stim48hr,CD4i_R2,23.0,248795.0
CD4i_R2_D2_Stim48hr_NTC-168,NTC-168,CE0010866,Stim48hr,CD4i_R2,10.0,139982.0
CD4i_R2_D2_Stim48hr_NTC-169,NTC-169,CE0010866,Stim48hr,CD4i_R2,41.0,508635.0
CD4i_R2_D2_Stim48hr_NTC-170,NTC-170,CE0010866,Stim48hr,CD4i_R2,213.0,1847049.0
CD4i_R2_D2_Stim48hr_NTC-172,NTC-172,CE0010866,Stim48hr,CD4i_R2,9.0,88206.0
CD4i_R2_D2_Stim48hr_NTC-173,NTC-173,CE0010866,Stim48hr,CD4i_R2,747.0,7806091.0
CD4i_R2_D2_Stim48hr_NTC-174,NTC-174,CE0010866,Stim48hr,CD4i_R2,167.0,1375067.0
CD4i_R2_D2_Stim48hr_NTC-175,NTC-175,CE0010866,Stim48hr,CD4i_R2,103.0,1185986.0
CD4i_R2_D2_Stim48hr_NTC-177,NTC-177,CE0010866,Stim48hr,CD4i_R2,110.0,1003850.0
CD4i_R2_D2_Stim48hr_NTC-178,NTC-178,CE0010866,Stim48hr,CD4i_R2,109.0,1058422.0
CD4i_R2_D2_Stim48hr_NTC-179,NTC-179,CE0010866,Stim48hr,CD4i_R2,137.0,1449951.0
CD4i_R2_D2_Stim48hr_NTC-180,NTC-180,CE0010866,Stim48hr,CD4i_R2,21.0,180184.0
CD4i_R2_D2_Stim48hr_NTC-181,NTC-181,CE0010866,Stim48hr,CD4i_R2,155.0,1408514.0
CD4i_R2_D2_Stim48hr_NTC-183,NTC-183,CE0010866,Stim48hr,CD4i_R2,88.0,976380.0
CD4i_R2_D2_Stim48hr_NTC-184,NTC-184,CE0010866,Stim48hr,CD4i_R2,31.0,273997.0
CD4i_R2_D2_Stim48hr_NTC-185,NTC-185,CE0010866,Stim48hr,CD4i_R2,35.0,255463.0
CD4i_R2_D2_Stim48hr_NTC-186,NTC-186,CE0010866,Stim48hr,CD4i_R2,25.0,218671.0
CD4i_R2_D2_Stim48hr_NTC-188,NTC-188,CE0010866,Stim48hr,CD4i_R2,51.0,478119.0
CD4i_R2_D2_Stim48hr_NTC-189,NTC-189,CE0010866,Stim48hr,CD4i_R2,20.0,185062.0
CD4i_R2_D2_Stim48hr_NTC-190,NTC-190,CE0010866,Stim48hr,CD4i_R2,74.0,679631.0
CD4i_R2_D2_Stim48hr_NTC-191,NTC-191,CE0010866,Stim48hr,CD4i_R2,56.0,662341.0
CD4i_R2_D2_Stim48hr_NTC-192,NTC-192,CE0010866,Stim48hr,CD4i_R2,251.0,2384407.0
CD4i_R2_D2_Stim48hr_NTC-193,NTC-193,CE0010866,Stim48hr,CD4i_R2,69.0,802223.0
CD4i_R2_D2_Stim48hr_NTC-194,NTC-194,CE0010866,Stim48hr,CD4i_R2,9.0,115137.0
CD4i_R2_D2_Stim48hr_NTC-196,NTC-196,CE0010866,Stim48hr,CD4i_R2,79.0,809751.0
CD4i_R2_D2_Stim48hr_NTC-197,NTC-197,CE0010866,Stim48hr,CD4i_R2,161.0,1598318.0
CD4i_R2_D2_Stim48hr_NTC-198,NTC-198,CE0010866,Stim48hr,CD4i_R2,55.0,676648.0
CD4i_R2_D2_Stim48hr_NTC-199,NTC-199,CE0010866,Stim48hr,CD4i_R2,157.0,1452592.0
CD4i_R2_D2_Stim48hr_NTC-200,NTC-200,CE0010866,Stim48hr,CD4i_R2,46.0,467688.0
CD4i_R2_D2_Stim48hr_NTC-202,NTC-202,CE0010866,Stim48hr,CD4i_R2,37.0,378116.0
CD4i_R2_D2_Stim48hr_NTC-203,NTC-203,CE0010866,Stim48hr,CD4i_R2,66.0,553946.0
CD4i_R2_D2_Stim48hr_NTC-205,NTC-205,CE0010866,Stim48hr,CD4i_R2,56.0,526854.0
CD4i_R2_D2_Stim48hr_NTC-207,NTC-207,CE0010866,Stim48hr,CD4i_R2,1112.0,10473892.0
CD4i_R2_D2_Stim48hr_NTC-208,NTC-208,CE0010866,Stim48hr,CD4i_R2,28.0,340004.0
CD4i_R2_D2_Stim48hr_NTC-209,NTC-209,CE0010866,Stim48hr,CD4i_R2,44.0,359042.0
CD4i_R2_D2_Stim48hr_NTC-210,NTC-210,CE0010866,Stim48hr,CD4i_R2,8.0,59843.0
CD4i_R2_D2_Stim48hr_NTC-211,NTC-211,CE0010866,Stim48hr,CD4i_R2,46.0,475575.0
CD4i_R2_D2_Stim48hr_NTC-212,NTC-212,CE0010866,Stim48hr,CD4i_R2,16.0,178510.0
CD4i_R2_D2_Stim48hr_NTC-213,NTC-213,CE0010866,Stim48hr,CD4i_R2,180.0,1979025.0
CD4i_R2_D2_Stim48hr_NTC-215,NTC-215,CE0010866,Stim48hr,CD4i_R2,46.0,452743.0
CD4i_R2_D2_Stim48hr_NTC-217,NTC-217,CE0010866,Stim48hr,CD4i_R2,954.0,9665730.0
CD4i_R2_D2_Stim48hr_NTC-219,NTC-219,CE0010866,Stim48hr,CD4i_R2,182.0,1582346.0
CD4i_R2_D2_Stim48hr_NTC-220,NTC-220,CE0010866,Stim48hr,CD4i_R2,10.0,111784.0
CD4i_R2_D2_Stim48hr_NTC-222,NTC-222,CE0010866,Stim48hr,CD4i_R2,5.0,67323.0
CD4i_R2_D2_Stim48hr_NTC-224,NTC-224,CE0010866,Stim48hr,CD4i_R2,90.0,782739.0
CD4i_R2_D2_Stim48hr_NTC-227,NTC-227,CE0010866,Stim48hr,CD4i_R2,15.0,117784.0
CD4i_R2_D2_Stim48hr_NTC-228,NTC-228,CE0010866,Stim48hr,CD4i_R2,62.0,604938.0
CD4i_R2_D2_Stim48hr_NTC-229,NTC-229,CE0010866,Stim48hr,CD4i_R2,8.0,76731.0
CD4i_R2_D2_Stim48hr_NTC-230,NTC-230,CE0010866,Stim48hr,CD4i_R2,238.0,2270969.0
CD4i_R2_D2_Stim48hr_NTC-231,NTC-231,CE0010866,Stim48hr,CD4i_R2,12.0,128977.0
CD4i_R2_D2_Stim48hr_NTC-232,NTC-232,CE0010866,Stim48hr,CD4i_R2,12.0,217154.0
CD4i_R2_D2_Stim48hr_NTC-233,NTC-233,CE0010866,Stim48hr,CD4i_R2,185.0,1527226.0
CD4i_R2_D2_Stim48hr_NTC-234,NTC-234,CE0010866,Stim48hr,CD4i_R2,58.0,530128.0
CD4i_R2_D2_Stim48hr_NTC-235,NTC-235,CE0010866,Stim48hr,CD4i_R2,114.0,971649.0
CD4i_R2_D2_Stim48hr_NTC-236,NTC-236,CE0010866,Stim48hr,CD4i_R2,125.0,1281206.0
CD4i_R2_D2_Stim48hr_NTC-237,NTC-237,CE0010866,Stim48hr,CD4i_R2,10.0,118249.0
CD4i_R2_D2_Stim48hr_NTC-238,NTC-238,CE0010866,Stim48hr,CD4i_R2,31.0,387198.0
CD4i_R2_D2_Stim48hr_NTC-239,NTC-239,CE0010866,Stim48hr,CD4i_R2,43.0,431201.0
CD4i_R2_D2_Stim48hr_NTC-240,NTC-240,CE0010866,Stim48hr,CD4i_R2,87.0,927949.0
CD4i_R2_D2_Stim48hr_NTC-241,NTC-241,CE0010866,Stim48hr,CD4i_R2,489.0,4183590.0
CD4i_R2_D2_Stim48hr_NTC-242,NTC-242,CE0010866,Stim48hr,CD4i_R2,45.0,446761.0
CD4i_R2_D2_Stim48hr_NTC-243,NTC-243,CE0010866,Stim48hr,CD4i_R2,48.0,427049.0
CD4i_R2_D2_Stim48hr_NTC-244,NTC-244,CE0010866,Stim48hr,CD4i_R2,6.0,54994.0
CD4i_R2_D2_Stim48hr_NTC-246,NTC-246,CE0010866,Stim48hr,CD4i_R2,8.0,78016.0
CD4i_R2_D2_Stim48hr_NTC-247,NTC-247,CE0010866,Stim48hr,CD4i_R2,308.0,3145869.0
CD4i_R2_D2_Stim48hr_NTC-248,NTC-248,CE0010866,Stim48hr,CD4i_R2,81.0,806634.0
CD4i_R2_D2_Stim48hr_NTC-249,NTC-249,CE0010866,Stim48hr,CD4i_R2,60.0,638547.0
CD4i_R2_D2_Stim48hr_NTC-250,NTC-250,CE0010866,Stim48hr,CD4i_R2,244.0,2439279.0
CD4i_R2_D2_Stim48hr_NTC-252,NTC-252,CE0010866,Stim48hr,CD4i_R2,40.0,378494.0
CD4i_R2_D2_Stim48hr_NTC-253,NTC-253,CE0010866,Stim48hr,CD4i_R2,170.0,1697726.0
CD4i_R2_D2_Stim48hr_NTC-256,NTC-256,CE0010866,Stim48hr,CD4i_R2,11.0,113200.0
CD4i_R2_D2_Stim48hr_NTC-258,NTC-258,CE0010866,Stim48hr,CD4i_R2,109.0,1283295.0
CD4i_R2_D2_Stim48hr_NTC-260,NTC-260,CE0010866,Stim48hr,CD4i_R2,141.0,1265206.0
CD4i_R2_D2_Stim48hr_NTC-261,NTC-261,CE0010866,Stim48hr,CD4i_R2,194.0,2257290.0
CD4i_R2_D2_Stim48hr_NTC-262,NTC-262,CE0010866,Stim48hr,CD4i_R2,69.0,618653.0
CD4i_R2_D2_Stim48hr_NTC-263,NTC-263,CE0010866,Stim48hr,CD4i_R2,14.0,156515.0
CD4i_R2_D2_Stim48hr_NTC-264,NTC-264,CE0010866,Stim48hr,CD4i_R2,322.0,2751392.0
CD4i_R2_D2_Stim48hr_NTC-265,NTC-265,CE0010866,Stim48hr,CD4i_R2,118.0,1034712.0
CD4i_R2_D2_Stim48hr_NTC-267,NTC-267,CE0010866,Stim48hr,CD4i_R2,624.0,6131844.0
CD4i_R2_D2_Stim48hr_NTC-268,NTC-268,CE0010866,Stim48hr,CD4i_R2,45.0,394410.0
CD4i_R2_D2_Stim48hr_NTC-270,NTC-270,CE0010866,Stim48hr,CD4i_R2,41.0,472822.0
CD4i_R2_D2_Stim48hr_NTC-271,NTC-271,CE0010866,Stim48hr,CD4i_R2,55.0,458793.0
CD4i_R2_D2_Stim48hr_NTC-272,NTC-272,CE0010866,Stim48hr,CD4i_R2,68.0,775631.0
CD4i_R2_D2_Stim48hr_NTC-273,NTC-273,CE0010866,Stim48hr,CD4i_R2,58.0,568499.0
CD4i_R2_D2_Stim48hr_NTC-274,NTC-274,CE0010866,Stim48hr,CD4i_R2,37.0,391394.0
CD4i_R2_D2_Stim48hr_NTC-275,NTC-275,CE0010866,Stim48hr,CD4i_R2,110.0,1173840.0
CD4i_R2_D2_Stim48hr_NTC-276,NTC-276,CE0010866,Stim48hr,CD4i_R2,93.0,968480.0
CD4i_R2_D2_Stim48hr_NTC-278,NTC-278,CE0010866,Stim48hr,CD4i_R2,66.0,768865.0
CD4i_R2_D2_Stim48hr_NTC-279,NTC-279,CE0010866,Stim48hr,CD4i_R2,180.0,1831561.0
CD4i_R2_D2_Stim48hr_NTC-280,NTC-280,CE0010866,Stim48hr,CD4i_R2,128.0,1182598.0
CD4i_R2_D2_Stim48hr_NTC-282,NTC-282,CE0010866,Stim48hr,CD4i_R2,103.0,1177733.0
CD4i_R2_D2_Stim48hr_NTC-285,NTC-285,CE0010866,Stim48hr,CD4i_R2,112.0,946873.0
CD4i_R2_D2_Stim48hr_NTC-286,NTC-286,CE0010866,Stim48hr,CD4i_R2,7.0,63402.0
CD4i_R2_D2_Stim48hr_NTC-287,NTC-287,CE0010866,Stim48hr,CD4i_R2,119.0,1298671.0
CD4i_R2_D2_Stim48hr_NTC-288,NTC-288,CE0010866,Stim48hr,CD4i_R2,15.0,137086.0
CD4i_R2_D2_Stim48hr_NTC-289,NTC-289,CE0010866,Stim48hr,CD4i_R2,73.0,598877.0
CD4i_R2_D2_Stim48hr_NTC-290,NTC-290,CE0010866,Stim48hr,CD4i_R2,120.0,907872.0
CD4i_R2_D2_Stim48hr_NTC-291,NTC-291,CE0010866,Stim48hr,CD4i_R2,42.0,447509.0
CD4i_R2_D2_Stim48hr_NTC-292,NTC-292,CE0010866,Stim48hr,CD4i_R2,158.0,1488563.0
CD4i_R2_D2_Stim48hr_NTC-293,NTC-293,CE0010866,Stim48hr,CD4i_R2,71.0,625607.0
CD4i_R2_D2_Stim48hr_NTC-295,NTC-295,CE0010866,Stim48hr,CD4i_R2,343.0,3551302.0
CD4i_R2_D2_Stim48hr_NTC-296,NTC-296,CE0010866,Stim48hr,CD4i_R2,85.0,650385.0
CD4i_R2_D2_Stim48hr_NTC-297,NTC-297,CE0010866,Stim48hr,CD4i_R2,54.0,541556.0
CD4i_R2_D2_Stim48hr_NTC-298,NTC-298,CE0010866,Stim48hr,CD4i_R2,99.0,1046650.0
CD4i_R2_D2_Stim48hr_NTC-299,NTC-299,CE0010866,Stim48hr,CD4i_R2,64.0,595771.0
CD4i_R2_D2_Stim48hr_NTC-300,NTC-300,CE0010866,Stim48hr,CD4i_R2,50.0,457934.0
CD4i_R2_D2_Stim48hr_NTC-302,NTC-302,CE0010866,Stim48hr,CD4i_R2,40.0,384899.0
CD4i_R2_D2_Stim48hr_NTC-303,NTC-303,CE0010866,Stim48hr,CD4i_R2,84.0,671842.0
CD4i_R2_D2_Stim48hr_NTC-304,NTC-304,CE0010866,Stim48hr,CD4i_R2,195.0,2060413.0
CD4i_R2_D2_Stim48hr_NTC-305,NTC-305,CE0010866,Stim48hr,CD4i_R2,37.0,303445.0
CD4i_R2_D2_Stim48hr_NTC-306,NTC-306,CE0010866,Stim48hr,CD4i_R2,19.0,146555.0
CD4i_R2_D2_Stim48hr_NTC-308,NTC-308,CE0010866,Stim48hr,CD4i_R2,54.0,536357.0
CD4i_R2_D2_Stim48hr_NTC-309,NTC-309,CE0010866,Stim48hr,CD4i_R2,31.0,326894.0
CD4i_R2_D2_Stim48hr_NTC-310,NTC-310,CE0010866,Stim48hr,CD4i_R2,41.0,390775.0
CD4i_R2_D2_Stim48hr_NTC-311,NTC-311,CE0010866,Stim48hr,CD4i_R2,46.0,471127.0
CD4i_R2_D2_Stim48hr_NTC-312,NTC-312,CE0010866,Stim48hr,CD4i_R2,115.0,1206892.0
CD4i_R2_D2_Stim48hr_NTC-314,NTC-314,CE0010866,Stim48hr,CD4i_R2,50.0,581447.0
CD4i_R2_D2_Stim48hr_NTC-315,NTC-315,CE0010866,Stim48hr,CD4i_R2,22.0,199698.0
CD4i_R2_D2_Stim48hr_NTC-316,NTC-316,CE0010866,Stim48hr,CD4i_R2,64.0,827459.0
CD4i_R2_D2_Stim48hr_NTC-317,NTC-317,CE0010866,Stim48hr,CD4i_R2,230.0,2476736.0
CD4i_R2_D2_Stim48hr_NTC-318,NTC-318,CE0010866,Stim48hr,CD4i_R2,136.0,1464123.0
CD4i_R2_D2_Stim48hr_NTC-319,NTC-319,CE0010866,Stim48hr,CD4i_R2,145.0,1496416.0
CD4i_R2_D2_Stim48hr_NTC-320,NTC-320,CE0010866,Stim48hr,CD4i_R2,9.0,104210.0
CD4i_R2_D2_Stim48hr_NTC-321,NTC-321,CE0010866,Stim48hr,CD4i_R2,32.0,327853.0
CD4i_R2_D2_Stim48hr_NTC-322,NTC-322,CE0010866,Stim48hr,CD4i_R2,148.0,1309272.0
CD4i_R2_D2_Stim48hr_NTC-323,NTC-323,CE0010866,Stim48hr,CD4i_R2,66.0,709606.0
CD4i_R2_D2_Stim48hr_NTC-324,NTC-324,CE0010866,Stim48hr,CD4i_R2,83.0,829244.0
CD4i_R2_D2_Stim48hr_NTC-325,NTC-325,CE0010866,Stim48hr,CD4i_R2,21.0,188977.0
CD4i_R2_D2_Stim48hr_NTC-326,NTC-326,CE0010866,Stim48hr,CD4i_R2,135.0,1239863.0
CD4i_R2_D2_Stim48hr_NTC-327,NTC-327,CE0010866,Stim48hr,CD4i_R2,58.0,549936.0
CD4i_R2_D2_Stim48hr_NTC-328,NTC-328,CE0010866,Stim48hr,CD4i_R2,1156.0,12056068.0
CD4i_R2_D2_Stim48hr_NTC-329,NTC-329,CE0010866,Stim48hr,CD4i_R2,31.0,304054.0
CD4i_R2_D2_Stim48hr_NTC-330,NTC-330,CE0010866,Stim48hr,CD4i_R2,6.0,67561.0
CD4i_R2_D2_Stim48hr_NTC-332,NTC-332,CE0010866,Stim48hr,CD4i_R2,19.0,178672.0
CD4i_R2_D2_Stim48hr_NTC-333,NTC-333,CE0010866,Stim48hr,CD4i_R2,206.0,1972581.0
CD4i_R2_D2_Stim48hr_NTC-334,NTC-334,CE0010866,Stim48hr,CD4i_R2,110.0,790498.0
CD4i_R2_D2_Stim48hr_NTC-335,NTC-335,CE0010866,Stim48hr,CD4i_R2,6.0,75617.0
CD4i_R2_D2_Stim48hr_NTC-336,NTC-336,CE0010866,Stim48hr,CD4i_R2,12.0,58540.0
CD4i_R2_D2_Stim48hr_NTC-337,NTC-337,CE0010866,Stim48hr,CD4i_R2,212.0,2582282.0
CD4i_R2_D2_Stim48hr_NTC-338,NTC-338,CE0010866,Stim48hr,CD4i_R2,15.0,158089.0
CD4i_R2_D2_Stim48hr_NTC-339,NTC-339,CE0010866,Stim48hr,CD4i_R2,9.0,96499.0
CD4i_R2_D2_Stim48hr_NTC-340,NTC-340,CE0010866,Stim48hr,CD4i_R2,24.0,218912.0
CD4i_R2_D2_Stim48hr_NTC-341,NTC-341,CE0010866,Stim48hr,CD4i_R2,37.0,406873.0
CD4i_R2_D2_Stim48hr_NTC-342,NTC-342,CE0010866,Stim48hr,CD4i_R2,43.0,362844.0
CD4i_R2_D2_Stim48hr_NTC-343,NTC-343,CE0010866,Stim48hr,CD4i_R2,143.0,1345796.0
CD4i_R2_D2_Stim48hr_NTC-344,NTC-344,CE0010866,Stim48hr,CD4i_R2,67.0,691820.0
CD4i_R2_D2_Stim48hr_NTC-345,NTC-345,CE0010866,Stim48hr,CD4i_R2,49.0,468656.0
CD4i_R2_D2_Stim48hr_NTC-346,NTC-346,CE0010866,Stim48hr,CD4i_R2,15.0,127005.0
CD4i_R2_D2_Stim48hr_NTC-347,NTC-347,CE0010866,Stim48hr,CD4i_R2,18.0,229633.0
CD4i_R2_D2_Stim48hr_NTC-348,NTC-348,CE0010866,Stim48hr,CD4i_R2,94.0,793858.0
CD4i_R2_D2_Stim48hr_NTC-349,NTC-349,CE0010866,Stim48hr,CD4i_R2,92.0,1001848.0
CD4i_R2_D2_Stim48hr_NTC-351,NTC-351,CE0010866,Stim48hr,CD4i_R2,5.0,47818.0
CD4i_R2_D2_Stim48hr_NTC-352,NTC-352,CE0010866,Stim48hr,CD4i_R2,20.0,193550.0
CD4i_R2_D2_Stim48hr_NTC-353,NTC-353,CE0010866,Stim48hr,CD4i_R2,19.0,188131.0
CD4i_R2_D2_Stim48hr_NTC-355,NTC-355,CE0010866,Stim48hr,CD4i_R2,162.0,1499844.0
CD4i_R2_D2_Stim48hr_NTC-356,NTC-356,CE0010866,Stim48hr,CD4i_R2,128.0,1253893.0
CD4i_R2_D2_Stim48hr_NTC-357,NTC-357,CE0010866,Stim48hr,CD4i_R2,23.0,220628.0
CD4i_R2_D2_Stim48hr_NTC-359,NTC-359,CE0010866,Stim48hr,CD4i_R2,63.0,714651.0
CD4i_R2_D2_Stim48hr_NTC-361,NTC-361,CE0010866,Stim48hr,CD4i_R2,20.0,198499.0
CD4i_R2_D2_Stim48hr_NTC-362,NTC-362,CE0010866,Stim48hr,CD4i_R2,39.0,417078.0
CD4i_R2_D2_Stim48hr_NTC-363,NTC-363,CE0010866,Stim48hr,CD4i_R2,18.0,216056.0
CD4i_R2_D2_Stim48hr_NTC-365,NTC-365,CE0010866,Stim48hr,CD4i_R2,23.0,243972.0
CD4i_R2_D2_Stim48hr_NTC-366,NTC-366,CE0010866,Stim48hr,CD4i_R2,34.0,280637.0
CD4i_R2_D2_Stim48hr_NTC-367,NTC-367,CE0010866,Stim48hr,CD4i_R2,5.0,38472.0
CD4i_R2_D2_Stim48hr_NTC-368,NTC-368,CE0010866,Stim48hr,CD4i_R2,20.0,218859.0
CD4i_R2_D2_Stim48hr_NTC-369,NTC-369,CE0010866,Stim48hr,CD4i_R2,21.0,193424.0
CD4i_R2_D2_Stim48hr_NTC-370,NTC-370,CE0010866,Stim48hr,CD4i_R2,107.0,881961.0
CD4i_R2_D2_Stim48hr_NTC-371,NTC-371,CE0010866,Stim48hr,CD4i_R2,54.0,461905.0
CD4i_R2_D2_Stim48hr_NTC-373,NTC-373,CE0010866,Stim48hr,CD4i_R2,27.0,256237.0
CD4i_R2_D2_Stim48hr_NTC-374,NTC-374,CE0010866,Stim48hr,CD4i_R2,73.0,704092.0
CD4i_R2_D2_Stim48hr_NTC-375,NTC-375,CE0010866,Stim48hr,CD4i_R2,78.0,713461.0
CD4i_R2_D2_Stim48hr_NTC-376,NTC-376,CE0010866,Stim48hr,CD4i_R2,11.0,125647.0
CD4i_R2_D2_Stim48hr_NTC-377,NTC-377,CE0010866,Stim48hr,CD4i_R2,8.0,50146.0
CD4i_R2_D2_Stim48hr_NTC-378,NTC-378,CE0010866,Stim48hr,CD4i_R2,129.0,1334834.0
CD4i_R2_D2_Stim48hr_NTC-379,NTC-379,CE0010866,Stim48hr,CD4i_R2,44.0,377710.0
CD4i_R2_D2_Stim48hr_NTC-380,NTC-380,CE0010866,Stim48hr,CD4i_R2,239.0,2459852.0
CD4i_R2_D2_Stim48hr_NTC-381,NTC-381,CE0010866,Stim48hr,CD4i_R2,53.0,420141.0
CD4i_R2_D2_Stim48hr_NTC-382,NTC-382,CE0010866,Stim48hr,CD4i_R2,181.0,2064857.0
CD4i_R2_D2_Stim48hr_NTC-383,NTC-383,CE0010866,Stim48hr,CD4i_R2,18.0,135415.0
CD4i_R2_D2_Stim48hr_NTC-384,NTC-384,CE0010866,Stim48hr,CD4i_R2,13.0,168724.0
CD4i_R2_D2_Stim48hr_NTC-386,NTC-386,CE0010866,Stim48hr,CD4i_R2,43.0,414917.0
CD4i_R2_D2_Stim48hr_NTC-389,NTC-389,CE0010866,Stim48hr,CD4i_R2,105.0,987459.0
CD4i_R2_D2_Stim48hr_NTC-390,NTC-390,CE0010866,Stim48hr,CD4i_R2,24.0,192399.0
CD4i_R2_D2_Stim48hr_NTC-391,NTC-391,CE0010866,Stim48hr,CD4i_R2,71.0,661896.0
CD4i_R2_D2_Stim48hr_NTC-392,NTC-392,CE0010866,Stim48hr,CD4i_R2,169.0,1887156.0
CD4i_R2_D2_Stim48hr_NTC-393,NTC-393,CE0010866,Stim48hr,CD4i_R2,92.0,994659.0
CD4i_R2_D2_Stim48hr_NTC-397,NTC-397,CE0010866,Stim48hr,CD4i_R2,257.0,2306799.0
CD4i_R2_D2_Stim48hr_NTC-398,NTC-398,CE0010866,Stim48hr,CD4i_R2,62.0,630032.0
CD4i_R2_D2_Stim48hr_NTC-399,NTC-399,CE0010866,Stim48hr,CD4i_R2,92.0,861440.0
CD4i_R2_D2_Stim48hr_NTC-400,NTC-400,CE0010866,Stim48hr,CD4i_R2,131.0,1291035.0
CD4i_R2_D2_Stim48hr_NTC-401,NTC-401,CE0010866,Stim48hr,CD4i_R2,67.0,668023.0
CD4i_R2_D2_Stim48hr_NTC-402,NTC-402,CE0010866,Stim48hr,CD4i_R2,24.0,316744.0
CD4i_R2_D2_Stim48hr_NTC-403,NTC-403,CE0010866,Stim48hr,CD4i_R2,71.0,676439.0
CD4i_R2_D2_Stim48hr_NTC-404,NTC-404,CE0010866,Stim48hr,CD4i_R2,131.0,1420467.0
CD4i_R2_D2_Stim48hr_NTC-406,NTC-406,CE0010866,Stim48hr,CD4i_R2,376.0,3951333.0
CD4i_R2_D2_Stim48hr_NTC-407,NTC-407,CE0010866,Stim48hr,CD4i_R2,174.0,1631590.0
CD4i_R2_D2_Stim48hr_NTC-408,NTC-408,CE0010866,Stim48hr,CD4i_R2,12.0,101835.0
CD4i_R2_D2_Stim48hr_NTC-409,NTC-409,CE0010866,Stim48hr,CD4i_R2,52.0,467722.0
CD4i_R2_D2_Stim48hr_NTC-410,NTC-410,CE0010866,Stim48hr,CD4i_R2,17.0,253962.0
CD4i_R2_D2_Stim48hr_NTC-411,NTC-411,CE0010866,Stim48hr,CD4i_R2,140.0,1522041.0
CD4i_R2_D2_Stim48hr_NTC-412,NTC-412,CE0010866,Stim48hr,CD4i_R2,259.0,2302730.0
CD4i_R2_D2_Stim48hr_NTC-413,NTC-413,CE0010866,Stim48hr,CD4i_R2,20.0,176857.0
CD4i_R2_D2_Stim48hr_NTC-415,NTC-415,CE0010866,Stim48hr,CD4i_R2,8.0,85768.0
CD4i_R2_D2_Stim48hr_NTC-417,NTC-417,CE0010866,Stim48hr,CD4i_R2,39.0,362958.0
CD4i_R2_D2_Stim48hr_NTC-418,NTC-418,CE0010866,Stim48hr,CD4i_R2,69.0,724772.0
CD4i_R2_D2_Stim48hr_NTC-419,NTC-419,CE0010866,Stim48hr,CD4i_R2,42.0,397849.0
CD4i_R2_D2_Stim48hr_NTC-420,NTC-420,CE0010866,Stim48hr,CD4i_R2,351.0,3639315.0
CD4i_R2_D2_Stim48hr_NTC-422,NTC-422,CE0010866,Stim48hr,CD4i_R2,33.0,350960.0
CD4i_R2_D2_Stim48hr_NTC-423,NTC-423,CE0010866,Stim48hr,CD4i_R2,122.0,1035274.0
CD4i_R2_D2_Stim48hr_NTC-424,NTC-424,CE0010866,Stim48hr,CD4i_R2,11.0,116836.0
CD4i_R2_D2_Stim48hr_NTC-425,NTC-425,CE0010866,Stim48hr,CD4i_R2,107.0,1043709.0
CD4i_R2_D2_Stim48hr_NTC-426,NTC-426,CE0010866,Stim48hr,CD4i_R2,260.0,2373045.0
CD4i_R2_D2_Stim48hr_NTC-428,NTC-428,CE0010866,Stim48hr,CD4i_R2,12.0,130571.0
CD4i_R2_D2_Stim48hr_NTC-429,NTC-429,CE0010866,Stim48hr,CD4i_R2,54.0,504923.0
CD4i_R2_D2_Stim48hr_NTC-430,NTC-430,CE0010866,Stim48hr,CD4i_R2,71.0,673478.0
CD4i_R2_D2_Stim48hr_NTC-432,NTC-432,CE0010866,Stim48hr,CD4i_R2,64.0,671615.0
CD4i_R2_D2_Stim48hr_NTC-434,NTC-434,CE0010866,Stim48hr,CD4i_R2,11.0,101109.0
CD4i_R2_D2_Stim48hr_NTC-435,NTC-435,CE0010866,Stim48hr,CD4i_R2,57.0,450698.0
CD4i_R2_D2_Stim48hr_NTC-436,NTC-436,CE0010866,Stim48hr,CD4i_R2,258.0,2643185.0
CD4i_R2_D2_Stim48hr_NTC-437,NTC-437,CE0010866,Stim48hr,CD4i_R2,120.0,1269162.0
CD4i_R2_D2_Stim48hr_NTC-438,NTC-438,CE0010866,Stim48hr,CD4i_R2,256.0,2456508.0
CD4i_R2_D2_Stim48hr_NTC-439,NTC-439,CE0010866,Stim48hr,CD4i_R2,5.0,50986.0
CD4i_R2_D2_Stim48hr_NTC-441,NTC-441,CE0010866,Stim48hr,CD4i_R2,90.0,868111.0
CD4i_R2_D2_Stim48hr_NTC-442,NTC-442,CE0010866,Stim48hr,CD4i_R2,188.0,1716360.0
CD4i_R2_D2_Stim48hr_NTC-444,NTC-444,CE0010866,Stim48hr,CD4i_R2,72.0,630340.0
CD4i_R2_D2_Stim48hr_NTC-445,NTC-445,CE0010866,Stim48hr,CD4i_R2,38.0,291796.0
CD4i_R2_D2_Stim48hr_NTC-446,NTC-446,CE0010866,Stim48hr,CD4i_R2,11.0,119455.0
CD4i_R2_D2_Stim48hr_NTC-447,NTC-447,CE0010866,Stim48hr,CD4i_R2,51.0,401117.0
CD4i_R2_D2_Stim48hr_NTC-448,NTC-448,CE0010866,Stim48hr,CD4i_R2,221.0,2216973.0
CD4i_R2_D2_Stim48hr_NTC-449,NTC-449,CE0010866,Stim48hr,CD4i_R2,67.0,817878.0
CD4i_R2_D2_Stim48hr_NTC-451,NTC-451,CE0010866,Stim48hr,CD4i_R2,32.0,349644.0
CD4i_R2_D2_Stim48hr_NTC-452,NTC-452,CE0010866,Stim48hr,CD4i_R2,62.0,706480.0
CD4i_R2_D2_Stim48hr_NTC-453,NTC-453,CE0010866,Stim48hr,CD4i_R2,218.0,2045311.0
CD4i_R2_D2_Stim48hr_NTC-454,NTC-454,CE0010866,Stim48hr,CD4i_R2,298.0,3070318.0
CD4i_R2_D2_Stim48hr_NTC-455,NTC-455,CE0010866,Stim48hr,CD4i_R2,106.0,955335.0
CD4i_R2_D2_Stim48hr_NTC-456,NTC-456,CE0010866,Stim48hr,CD4i_R2,2051.0,19934571.0
CD4i_R2_D2_Stim48hr_NTC-457,NTC-457,CE0010866,Stim48hr,CD4i_R2,76.0,714227.0
CD4i_R2_D2_Stim48hr_NTC-458,NTC-458,CE0010866,Stim48hr,CD4i_R2,228.0,2368948.0
CD4i_R2_D2_Stim48hr_NTC-459,NTC-459,CE0010866,Stim48hr,CD4i_R2,43.0,536915.0
CD4i_R2_D2_Stim48hr_NTC-460,NTC-460,CE0010866,Stim48hr,CD4i_R2,204.0,1718295.0
CD4i_R2_D2_Stim48hr_NTC-461,NTC-461,CE0010866,Stim48hr,CD4i_R2,14.0,134746.0
CD4i_R2_D2_Stim48hr_NTC-462,NTC-462,CE0010866,Stim48hr,CD4i_R2,27.0,233495.0
CD4i_R2_D2_Stim48hr_NTC-463,NTC-463,CE0010866,Stim48hr,CD4i_R2,16.0,142762.0
CD4i_R2_D2_Stim48hr_NTC-464,NTC-464,CE0010866,Stim48hr,CD4i_R2,140.0,1921707.0
CD4i_R2_D2_Stim48hr_NTC-465,NTC-465,CE0010866,Stim48hr,CD4i_R2,8.0,102592.0
CD4i_R2_D2_Stim48hr_NTC-467,NTC-467,CE0010866,Stim48hr,CD4i_R2,152.0,1842239.0
CD4i_R2_D2_Stim48hr_NTC-468,NTC-468,CE0010866,Stim48hr,CD4i_R2,35.0,390483.0
CD4i_R2_D2_Stim48hr_NTC-469,NTC-469,CE0010866,Stim48hr,CD4i_R2,5.0,86001.0
CD4i_R2_D2_Stim48hr_NTC-470,NTC-470,CE0010866,Stim48hr,CD4i_R2,25.0,207706.0
CD4i_R2_D2_Stim48hr_NTC-471,NTC-471,CE0010866,Stim48hr,CD4i_R2,184.0,1743861.0
CD4i_R2_D2_Stim48hr_NTC-473,NTC-473,CE0010866,Stim48hr,CD4i_R2,5.0,59688.0
CD4i_R2_D2_Stim48hr_NTC-474,NTC-474,CE0010866,Stim48hr,CD4i_R2,257.0,2079338.0
CD4i_R2_D2_Stim48hr_NTC-475,NTC-475,CE0010866,Stim48hr,CD4i_R2,31.0,396117.0
CD4i_R2_D2_Stim48hr_NTC-476,NTC-476,CE0010866,Stim48hr,CD4i_R2,171.0,1713291.0
CD4i_R2_D2_Stim48hr_NTC-477,NTC-477,CE0010866,Stim48hr,CD4i_R2,277.0,2588352.0
CD4i_R2_D2_Stim48hr_NTC-478,NTC-478,CE0010866,Stim48hr,CD4i_R2,164.0,1582627.0
CD4i_R2_D2_Stim48hr_NTC-479,NTC-479,CE0010866,Stim48hr,CD4i_R2,95.0,955650.0
CD4i_R2_D2_Stim48hr_NTC-481,NTC-481,CE0010866,Stim48hr,CD4i_R2,45.0,438008.0
CD4i_R2_D2_Stim48hr_NTC-482,NTC-482,CE0010866,Stim48hr,CD4i_R2,12.0,109579.0
CD4i_R2_D2_Stim48hr_NTC-483,NTC-483,CE0010866,Stim48hr,CD4i_R2,8.0,69084.0
CD4i_R2_D2_Stim48hr_NTC-485,NTC-485,CE0010866,Stim48hr,CD4i_R2,58.0,593241.0
CD4i_R2_D2_Stim48hr_NTC-486,NTC-486,CE0010866,Stim48hr,CD4i_R2,216.0,2493810.0
CD4i_R2_D2_Stim48hr_NTC-487,NTC-487,CE0010866,Stim48hr,CD4i_R2,232.0,2297993.0
CD4i_R2_D2_Stim48hr_NTC-488,NTC-488,CE0010866,Stim48hr,CD4i_R2,32.0,308643.0
CD4i_R2_D2_Stim48hr_NTC-489,NTC-489,CE0010866,Stim48hr,CD4i_R2,128.0,1160720.0
CD4i_R2_D2_Stim48hr_NTC-490,NTC-490,CE0010866,Stim48hr,CD4i_R2,64.0,514757.0
CD4i_R2_D2_Stim48hr_NTC-492,NTC-492,CE0010866,Stim48hr,CD4i_R2,23.0,234736.0
CD4i_R2_D2_Stim48hr_NTC-495,NTC-495,CE0010866,Stim48hr,CD4i_R2,17.0,158696.0
CD4i_R2_D2_Stim48hr_NTC-496,NTC-496,CE0010866,Stim48hr,CD4i_R2,373.0,3297068.0
CD4i_R2_D2_Stim48hr_NTC-497,NTC-497,CE0010866,Stim48hr,CD4i_R2,591.0,5834352.0
CD4i_R2_D2_Stim48hr_NTC-498,NTC-498,CE0010866,Stim48hr,CD4i_R2,63.0,607116.0
CD4i_R2_D2_Stim48hr_NTC-499,NTC-499,CE0010866,Stim48hr,CD4i_R2,72.0,728883.0
CD4i_R2_D2_Stim48hr_NTC-500,NTC-500,CE0010866,Stim48hr,CD4i_R2,91.0,857926.0
CD4i_R2_D2_Stim48hr_NTC-501,NTC-501,CE0010866,Stim48hr,CD4i_R2,17.0,243434.0
CD4i_R2_D2_Stim48hr_NTC-502,NTC-502,CE0010866,Stim48hr,CD4i_R2,100.0,989136.0
CD4i_R2_D2_Stim48hr_NTC-503,NTC-503,CE0010866,Stim48hr,CD4i_R2,31.0,328481.0
CD4i_R2_D2_Stim48hr_NTC-504,NTC-504,CE0010866,Stim48hr,CD4i_R2,41.0,366060.0
CD4i_R2_D2_Stim48hr_NTC-505,NTC-505,CE0010866,Stim48hr,CD4i_R2,107.0,1043463.0
CD4i_R2_D2_Stim48hr_NTC-506,NTC-506,CE0010866,Stim48hr,CD4i_R2,28.0,207302.0
CD4i_R2_D2_Stim48hr_NTC-507,NTC-507,CE0010866,Stim48hr,CD4i_R2,182.0,1942381.0
CD4i_R2_D2_Stim48hr_NTC-508,NTC-508,CE0010866,Stim48hr,CD4i_R2,35.0,309873.0
CD4i_R2_D2_Stim48hr_NTC-509,NTC-509,CE0010866,Stim48hr,CD4i_R2,259.0,2571852.0
CD4i_R2_D2_Stim48hr_NTC-510,NTC-510,CE0010866,Stim48hr,CD4i_R2,75.0,725761.0
CD4i_R2_D2_Stim48hr_NTC-511,NTC-511,CE0010866,Stim48hr,CD4i_R2,120.0,1109709.0
CD4i_R2_D2_Stim48hr_NTC-512,NTC-512,CE0010866,Stim48hr,CD4i_R2,103.0,953240.0
CD4i_R2_D2_Stim48hr_NTC-515,NTC-515,CE0010866,Stim48hr,CD4i_R2,10.0,112763.0
CD4i_R2_D2_Stim48hr_NTC-516,NTC-516,CE0010866,Stim48hr,CD4i_R2,52.0,512850.0
CD4i_R2_D2_Stim48hr_NTC-517,NTC-517,CE0010866,Stim48hr,CD4i_R2,31.0,343934.0
CD4i_R2_D2_Stim48hr_NTC-518,NTC-518,CE0010866,Stim48hr,CD4i_R2,16.0,225264.0
CD4i_R2_D2_Stim48hr_NTC-519,NTC-519,CE0010866,Stim48hr,CD4i_R2,495.0,5041700.0
CD4i_R2_D2_Stim48hr_NTC-521,NTC-521,CE0010866,Stim48hr,CD4i_R2,25.0,170377.0
CD4i_R2_D2_Stim48hr_NTC-522,NTC-522,CE0010866,Stim48hr,CD4i_R2,21.0,181828.0
CD4i_R2_D2_Stim48hr_NTC-523,NTC-523,CE0010866,Stim48hr,CD4i_R2,32.0,323870.0
CD4i_R2_D2_Stim48hr_NTC-524,NTC-524,CE0010866,Stim48hr,CD4i_R2,129.0,1401003.0
CD4i_R2_D2_Stim48hr_NTC-525,NTC-525,CE0010866,Stim48hr,CD4i_R2,54.0,477218.0
CD4i_R2_D2_Stim48hr_NTC-526,NTC-526,CE0010866,Stim48hr,CD4i_R2,189.0,1644952.0
CD4i_R2_D2_Stim48hr_NTC-527,NTC-527,CE0010866,Stim48hr,CD4i_R2,406.0,3912344.0
CD4i_R2_D2_Stim48hr_NTC-530,NTC-530,CE0010866,Stim48hr,CD4i_R2,46.0,515650.0
CD4i_R2_D2_Stim48hr_NTC-531,NTC-531,CE0010866,Stim48hr,CD4i_R2,184.0,1856005.0
CD4i_R2_D2_Stim48hr_NTC-532,NTC-532,CE0010866,Stim48hr,CD4i_R2,75.0,725254.0
CD4i_R2_D2_Stim48hr_NTC-534,NTC-534,CE0010866,Stim48hr,CD4i_R2,63.0,543387.0
CD4i_R2_D2_Stim48hr_NTC-535,NTC-535,CE0010866,Stim48hr,CD4i_R2,8.0,93079.0
CD4i_R2_D2_Stim48hr_NTC-536,NTC-536,CE0010866,Stim48hr,CD4i_R2,11.0,145176.0
CD4i_R2_D2_Stim48hr_NTC-538,NTC-538,CE0010866,Stim48hr,CD4i_R2,289.0,2903604.0
CD4i_R2_D2_Stim48hr_NTC-539,NTC-539,CE0010866,Stim48hr,CD4i_R2,43.0,328428.0
CD4i_R2_D2_Stim48hr_NTC-540,NTC-540,CE0010866,Stim48hr,CD4i_R2,95.0,1105020.0
CD4i_R2_D2_Stim48hr_NTC-541,NTC-541,CE0010866,Stim48hr,CD4i_R2,54.0,503567.0
CD4i_R2_D2_Stim48hr_NTC-542,NTC-542,CE0010866,Stim48hr,CD4i_R2,255.0,2278733.0
CD4i_R2_D2_Stim48hr_NTC-543,NTC-543,CE0010866,Stim48hr,CD4i_R2,147.0,1500923.0
CD4i_R2_D2_Stim48hr_NTC-544,NTC-544,CE0010866,Stim48hr,CD4i_R2,11.0,120793.0
CD4i_R2_D2_Stim48hr_NTC-545,NTC-545,CE0010866,Stim48hr,CD4i_R2,198.0,2196545.0
CD4i_R2_D2_Stim48hr_NTC-546,NTC-546,CE0010866,Stim48hr,CD4i_R2,32.0,325494.0
CD4i_R2_D2_Stim48hr_NTC-547,NTC-547,CE0010866,Stim48hr,CD4i_R2,133.0,1438184.0
CD4i_R2_D2_Stim48hr_NTC-548,NTC-548,CE0010866,Stim48hr,CD4i_R2,73.0,540353.0
CD4i_R2_D2_Stim48hr_NTC-549,NTC-549,CE0010866,Stim48hr,CD4i_R2,293.0,2799792.0
CD4i_R2_D2_Stim48hr_NTC-550,NTC-550,CE0010866,Stim48hr,CD4i_R2,111.0,1206195.0
CD4i_R2_D2_Stim48hr_NTC-552,NTC-552,CE0010866,Stim48hr,CD4i_R2,104.0,1007051.0
CD4i_R2_D2_Stim48hr_NTC-554,NTC-554,CE0010866,Stim48hr,CD4i_R2,18.0,250706.0
CD4i_R2_D2_Stim48hr_NTC-555,NTC-555,CE0010866,Stim48hr,CD4i_R2,31.0,289197.0
CD4i_R2_D2_Stim48hr_NTC-558,NTC-558,CE0010866,Stim48hr,CD4i_R2,111.0,920532.0
CD4i_R2_D2_Stim48hr_NTC-559,NTC-559,CE0010866,Stim48hr,CD4i_R2,56.0,464922.0
CD4i_R2_D2_Stim48hr_NTC-560,NTC-560,CE0010866,Stim48hr,CD4i_R2,33.0,295943.0
CD4i_R2_D2_Stim48hr_NTC-561,NTC-561,CE0010866,Stim48hr,CD4i_R2,56.0,526725.0
CD4i_R2_D2_Stim48hr_NTC-562,NTC-562,CE0010866,Stim48hr,CD4i_R2,9.0,85397.0
CD4i_R2_D2_Stim48hr_NTC-563,NTC-563,CE0010866,Stim48hr,CD4i_R2,182.0,1748134.0
CD4i_R2_D2_Stim48hr_NTC-564,NTC-564,CE0010866,Stim48hr,CD4i_R2,46.0,480709.0
CD4i_R2_D2_Stim48hr_NTC-567,NTC-567,CE0010866,Stim48hr,CD4i_R2,115.0,1092259.0
CD4i_R2_D2_Stim48hr_NTC-570,NTC-570,CE0010866,Stim48hr,CD4i_R2,98.0,1036343.0
CD4i_R2_D2_Stim48hr_NTC-571,NTC-571,CE0010866,Stim48hr,CD4i_R2,34.0,374271.0
CD4i_R2_D2_Stim48hr_NTC-573,NTC-573,CE0010866,Stim48hr,CD4i_R2,9.0,115338.0
CD4i_R2_D2_Stim48hr_NTC-574,NTC-574,CE0010866,Stim48hr,CD4i_R2,416.0,3497183.0
CD4i_R2_D2_Stim48hr_NTC-575,NTC-575,CE0010866,Stim48hr,CD4i_R2,594.0,5545991.0
CD4i_R2_D2_Stim48hr_NTC-576,NTC-576,CE0010866,Stim48hr,CD4i_R2,14.0,116584.0
CD4i_R2_D2_Stim48hr_NTC-577,NTC-577,CE0010866,Stim48hr,CD4i_R2,90.0,996498.0
CD4i_R2_D2_Stim48hr_NTC-579,NTC-579,CE0010866,Stim48hr,CD4i_R2,593.0,5687715.0
CD4i_R2_D2_Stim48hr_NTC-580,NTC-580,CE0010866,Stim48hr,CD4i_R2,69.0,836941.0
CD4i_R2_D2_Stim48hr_NTC-581,NTC-581,CE0010866,Stim48hr,CD4i_R2,18.0,185153.0
CD4i_R2_D2_Stim48hr_NTC-582,NTC-582,CE0010866,Stim48hr,CD4i_R2,28.0,340294.0
CD4i_R2_D2_Stim48hr_NTC-583,NTC-583,CE0010866,Stim48hr,CD4i_R2,126.0,1395038.0
CD4i_R2_D2_Stim48hr_NTC-584,NTC-584,CE0010866,Stim48hr,CD4i_R2,112.0,1013421.0
CD4i_R2_D2_Stim48hr_NTC-586,NTC-586,CE0010866,Stim48hr,CD4i_R2,33.0,331272.0
CD4i_R2_D2_Stim48hr_NTC-587,NTC-587,CE0010866,Stim48hr,CD4i_R2,10.0,121563.0
CD4i_R2_D2_Stim48hr_NTC-588,NTC-588,CE0010866,Stim48hr,CD4i_R2,157.0,1669846.0
CD4i_R2_D2_Stim48hr_NTC-590,NTC-590,CE0010866,Stim48hr,CD4i_R2,15.0,185313.0
CD4i_R2_D2_Stim48hr_NTC-591,NTC-591,CE0010866,Stim48hr,CD4i_R2,77.0,758724.0
CD4i_R2_D2_Stim48hr_NTC-594,NTC-594,CE0010866,Stim48hr,CD4i_R2,47.0,448072.0
CD4i_R2_D2_Stim48hr_NTC-595,NTC-595,CE0010866,Stim48hr,CD4i_R2,48.0,435355.0
CD4i_R2_D2_Stim48hr_NTC-596,NTC-596,CE0010866,Stim48hr,CD4i_R2,46.0,514669.0
CD4i_R2_D2_Stim48hr_NTC-597,NTC-597,CE0010866,Stim48hr,CD4i_R2,8.0,83937.0
CD4i_R2_D2_Stim48hr_NTC-598,NTC-598,CE0010866,Stim48hr,CD4i_R2,131.0,1283062.0
CD4i_R2_D2_Stim48hr_NTC-601,NTC-601,CE0010866,Stim48hr,CD4i_R2,85.0,756772.0
CD4i_R2_D2_Stim48hr_NTC-603,NTC-603,CE0010866,Stim48hr,CD4i_R2,41.0,361698.0
CD4i_R2_D2_Stim48hr_NTC-605,NTC-605,CE0010866,Stim48hr,CD4i_R2,136.0,1347197.0
CD4i_R2_D2_Stim48hr_NTC-606,NTC-606,CE0010866,Stim48hr,CD4i_R2,41.0,495552.0
CD4i_R2_D2_Stim48hr_NTC-607,NTC-607,CE0010866,Stim48hr,CD4i_R2,131.0,1354311.0
CD4i_R2_D2_Stim48hr_NTC-608,NTC-608,CE0010866,Stim48hr,CD4i_R2,69.0,743636.0
CD4i_R2_D2_Stim48hr_NTC-609,NTC-609,CE0010866,Stim48hr,CD4i_R2,104.0,1051357.0
CD4i_R2_D2_Stim48hr_NTC-610,NTC-610,CE0010866,Stim48hr,CD4i_R2,11.0,142796.0
CD4i_R2_D2_Stim48hr_NTC-611,NTC-611,CE0010866,Stim48hr,CD4i_R2,754.0,7154716.0
CD4i_R2_D2_Stim48hr_NTC-613,NTC-613,CE0010866,Stim48hr,CD4i_R2,249.0,2535596.0
CD4i_R2_D2_Stim48hr_NTC-614,NTC-614,CE0010866,Stim48hr,CD4i_R2,38.0,306582.0
CD4i_R2_D2_Stim48hr_NTC-615,NTC-615,CE0010866,Stim48hr,CD4i_R2,39.0,374094.0
CD4i_R2_D2_Stim48hr_NTC-616,NTC-616,CE0010866,Stim48hr,CD4i_R2,516.0,5089410.0
CD4i_R2_D2_Stim48hr_NTC-617,NTC-617,CE0010866,Stim48hr,CD4i_R2,201.0,2161531.0
CD4i_R2_D2_Stim48hr_NTC-618,NTC-618,CE0010866,Stim48hr,CD4i_R2,43.0,480804.0
CD4i_R2_D2_Stim48hr_NTC-619,NTC-619,CE0010866,Stim48hr,CD4i_R2,16.0,182701.0
CD4i_R2_D2_Stim48hr_NTC-620,NTC-620,CE0010866,Stim48hr,CD4i_R2,13.0,90066.0
CD4i_R2_D2_Stim48hr_NTC-622,NTC-622,CE0010866,Stim48hr,CD4i_R2,41.0,363935.0
CD4i_R2_D2_Stim48hr_NTC-623,NTC-623,CE0010866,Stim48hr,CD4i_R2,53.0,525487.0
CD4i_R2_D2_Stim48hr_NTC-624,NTC-624,CE0010866,Stim48hr,CD4i_R2,119.0,1115135.0
CD4i_R2_D2_Stim48hr_NTC-625,NTC-625,CE0010866,Stim48hr,CD4i_R2,10.0,128671.0
CD4i_R2_D2_Stim48hr_NTC-626,NTC-626,CE0010866,Stim48hr,CD4i_R2,51.0,544835.0
CD4i_R2_D2_Stim48hr_NTC-628,NTC-628,CE0010866,Stim48hr,CD4i_R2,29.0,255952.0
CD4i_R2_D2_Stim48hr_NTC-629,NTC-629,CE0010866,Stim48hr,CD4i_R2,219.0,2184838.0
CD4i_R2_D2_Stim48hr_NTC-630,NTC-630,CE0010866,Stim48hr,CD4i_R2,99.0,1016552.0
CD4i_R2_D2_Stim48hr_NTC-631,NTC-631,CE0010866,Stim48hr,CD4i_R2,53.0,526343.0
CD4i_R2_D2_Stim48hr_NTC-632,NTC-632,CE0010866,Stim48hr,CD4i_R2,115.0,1178433.0
CD4i_R2_D2_Stim48hr_NTC-633,NTC-633,CE0010866,Stim48hr,CD4i_R2,168.0,1492496.0
CD4i_R2_D2_Stim48hr_NTC-634,NTC-634,CE0010866,Stim48hr,CD4i_R2,220.0,2661149.0
CD4i_R2_D2_Stim48hr_NTC-635,NTC-635,CE0010866,Stim48hr,CD4i_R2,25.0,252581.0
CD4i_R2_D2_Stim48hr_NTC-636,NTC-636,CE0010866,Stim48hr,CD4i_R2,13.0,151850.0
CD4i_R2_D2_Stim48hr_NTC-637,NTC-637,CE0010866,Stim48hr,CD4i_R2,91.0,1061293.0
CD4i_R2_D2_Stim48hr_NTC-638,NTC-638,CE0010866,Stim48hr,CD4i_R2,64.0,623180.0
CD4i_R2_D2_Stim48hr_NTC-641,NTC-641,CE0010866,Stim48hr,CD4i_R2,13.0,121105.0
CD4i_R2_D2_Stim48hr_NTC-642,NTC-642,CE0010866,Stim48hr,CD4i_R2,69.0,689095.0
CD4i_R2_D2_Stim48hr_NTC-643,NTC-643,CE0010866,Stim48hr,CD4i_R2,7.0,53662.0
CD4i_R2_D2_Stim48hr_NTC-646,NTC-646,CE0010866,Stim48hr,CD4i_R2,92.0,915486.0
CD4i_R2_D2_Stim48hr_NTC-648,NTC-648,CE0010866,Stim48hr,CD4i_R2,93.0,876953.0
CD4i_R2_D2_Stim48hr_NTC-649,NTC-649,CE0010866,Stim48hr,CD4i_R2,12.0,136179.0
CD4i_R2_D2_Stim48hr_NTC-650,NTC-650,CE0010866,Stim48hr,CD4i_R2,281.0,2915709.0
CD4i_R2_D2_Stim48hr_NTC-651,NTC-651,CE0010866,Stim48hr,CD4i_R2,232.0,1970881.0
CD4i_R2_D2_Stim48hr_NTC-652,NTC-652,CE0010866,Stim48hr,CD4i_R2,173.0,1859737.0
CD4i_R2_D2_Stim48hr_NTC-653,NTC-653,CE0010866,Stim48hr,CD4i_R2,25.0,250648.0
CD4i_R2_D2_Stim48hr_NTC-654,NTC-654,CE0010866,Stim48hr,CD4i_R2,464.0,4490246.0
CD4i_R2_D2_Stim48hr_NTC-655,NTC-655,CE0010866,Stim48hr,CD4i_R2,51.0,490235.0
CD4i_R2_D2_Stim48hr_NTC-656,NTC-656,CE0010866,Stim48hr,CD4i_R2,46.0,509925.0
CD4i_R2_D2_Stim48hr_NTC-657,NTC-657,CE0010866,Stim48hr,CD4i_R2,32.0,277261.0
CD4i_R2_D2_Stim48hr_NTC-658,NTC-658,CE0010866,Stim48hr,CD4i_R2,72.0,745298.0
CD4i_R2_D2_Stim48hr_NTC-660,NTC-660,CE0010866,Stim48hr,CD4i_R2,15.0,140127.0
CD4i_R2_D2_Stim48hr_NTC-661,NTC-661,CE0010866,Stim48hr,CD4i_R2,11.0,121105.0
CD4i_R2_D2_Stim48hr_NTC-663,NTC-663,CE0010866,Stim48hr,CD4i_R2,6.0,52278.0
CD4i_R2_D2_Stim48hr_NTC-664,NTC-664,CE0010866,Stim48hr,CD4i_R2,29.0,287024.0
CD4i_R2_D2_Stim48hr_NTC-665,NTC-665,CE0010866,Stim48hr,CD4i_R2,27.0,279937.0
CD4i_R2_D2_Stim48hr_NTC-666,NTC-666,CE0010866,Stim48hr,CD4i_R2,87.0,926254.0
CD4i_R2_D2_Stim48hr_NTC-667,NTC-667,CE0010866,Stim48hr,CD4i_R2,30.0,267096.0
CD4i_R2_D2_Stim48hr_NTC-668,NTC-668,CE0010866,Stim48hr,CD4i_R2,40.0,268891.0
CD4i_R2_D2_Stim48hr_NTC-669,NTC-669,CE0010866,Stim48hr,CD4i_R2,361.0,3681569.0
CD4i_R2_D2_Stim48hr_NTC-670,NTC-670,CE0010866,Stim48hr,CD4i_R2,9.0,71932.0
CD4i_R2_D2_Stim48hr_NTC-671,NTC-671,CE0010866,Stim48hr,CD4i_R2,533.0,5001008.0
CD4i_R2_D2_Stim48hr_NTC-672,NTC-672,CE0010866,Stim48hr,CD4i_R2,44.0,417453.0
CD4i_R2_D2_Stim48hr_NTC-675,NTC-675,CE0010866,Stim48hr,CD4i_R2,5.0,31852.0
CD4i_R2_D2_Stim48hr_NTC-676,NTC-676,CE0010866,Stim48hr,CD4i_R2,84.0,790049.0
CD4i_R2_D2_Stim48hr_NTC-677,NTC-677,CE0010866,Stim48hr,CD4i_R2,34.0,358495.0
CD4i_R2_D2_Stim48hr_NTC-679,NTC-679,CE0010866,Stim48hr,CD4i_R2,134.0,1272677.0
CD4i_R2_D2_Stim48hr_NTC-680,NTC-680,CE0010866,Stim48hr,CD4i_R2,21.0,211814.0
CD4i_R2_D2_Stim48hr_NTC-681,NTC-681,CE0010866,Stim48hr,CD4i_R2,45.0,366365.0
CD4i_R2_D2_Stim48hr_NTC-682,NTC-682,CE0010866,Stim48hr,CD4i_R2,5.0,62621.0
CD4i_R2_D2_Stim48hr_NTC-683,NTC-683,CE0010866,Stim48hr,CD4i_R2,45.0,371087.0
CD4i_R2_D2_Stim48hr_NTC-686,NTC-686,CE0010866,Stim48hr,CD4i_R2,30.0,255203.0
CD4i_R2_D2_Stim48hr_NTC-687,NTC-687,CE0010866,Stim48hr,CD4i_R2,26.0,232871.0
CD4i_R2_D2_Stim48hr_NTC-689,NTC-689,CE0010866,Stim48hr,CD4i_R2,102.0,1029562.0
CD4i_R2_D2_Stim48hr_NTC-690,NTC-690,CE0010866,Stim48hr,CD4i_R2,16.0,158636.0
CD4i_R2_D2_Stim48hr_NTC-691,NTC-691,CE0010866,Stim48hr,CD4i_R2,43.0,396350.0
CD4i_R2_D2_Stim48hr_NTC-692,NTC-692,CE0010866,Stim48hr,CD4i_R2,6.0,49147.0
CD4i_R2_D2_Stim48hr_NTC-693,NTC-693,CE0010866,Stim48hr,CD4i_R2,14.0,122402.0
CD4i_R2_D2_Stim48hr_NTC-696,NTC-696,CE0010866,Stim48hr,CD4i_R2,25.0,220715.0
CD4i_R2_D2_Stim48hr_NTC-697,NTC-697,CE0010866,Stim48hr,CD4i_R2,5.0,50894.0
CD4i_R2_D2_Stim48hr_NTC-698,NTC-698,CE0010866,Stim48hr,CD4i_R2,240.0,2397656.0
CD4i_R2_D2_Stim48hr_NTC-699,NTC-699,CE0010866,Stim48hr,CD4i_R2,52.0,429153.0
CD4i_R2_D2_Stim48hr_NTC-700,NTC-700,CE0010866,Stim48hr,CD4i_R2,201.0,1883576.0
CD4i_R2_D2_Stim48hr_NTC-701,NTC-701,CE0010866,Stim48hr,CD4i_R2,31.0,250501.0
CD4i_R2_D2_Stim48hr_NTC-702,NTC-702,CE0010866,Stim48hr,CD4i_R2,40.0,292012.0
CD4i_R2_D2_Stim48hr_NTC-703,NTC-703,CE0010866,Stim48hr,CD4i_R2,246.0,2454334.0
CD4i_R2_D2_Stim48hr_NTC-704,NTC-704,CE0010866,Stim48hr,CD4i_R2,23.0,228049.0
CD4i_R2_D2_Stim48hr_NTC-705,NTC-705,CE0010866,Stim48hr,CD4i_R2,99.0,1129211.0
CD4i_R2_D2_Stim48hr_NTC-706,NTC-706,CE0010866,Stim48hr,CD4i_R2,6.0,58128.0
CD4i_R2_D2_Stim48hr_NTC-708,NTC-708,CE0010866,Stim48hr,CD4i_R2,6.0,82678.0
CD4i_R2_D2_Stim48hr_NTC-709,NTC-709,CE0010866,Stim48hr,CD4i_R2,45.0,415834.0
CD4i_R2_D2_Stim48hr_NTC-711,NTC-711,CE0010866,Stim48hr,CD4i_R2,36.0,381908.0
CD4i_R2_D2_Stim48hr_NTC-712,NTC-712,CE0010866,Stim48hr,CD4i_R2,5.0,85483.0
CD4i_R2_D2_Stim48hr_NTC-713,NTC-713,CE0010866,Stim48hr,CD4i_R2,112.0,1048029.0
CD4i_R2_D2_Stim48hr_NTC-714,NTC-714,CE0010866,Stim48hr,CD4i_R2,17.0,191567.0
CD4i_R2_D2_Stim48hr_NTC-715,NTC-715,CE0010866,Stim48hr,CD4i_R2,207.0,2082135.0
CD4i_R2_D2_Stim48hr_NTC-716,NTC-716,CE0010866,Stim48hr,CD4i_R2,47.0,441994.0
CD4i_R2_D2_Stim48hr_NTC-717,NTC-717,CE0010866,Stim48hr,CD4i_R2,193.0,1769927.0
CD4i_R2_D2_Stim48hr_NTC-719,NTC-719,CE0010866,Stim48hr,CD4i_R2,54.0,553189.0
CD4i_R2_D2_Stim48hr_NTC-720,NTC-720,CE0010866,Stim48hr,CD4i_R2,96.0,814060.0
CD4i_R2_D2_Stim48hr_NTC-721,NTC-721,CE0010866,Stim48hr,CD4i_R2,464.0,5084523.0
CD4i_R2_D2_Stim48hr_NTC-722,NTC-722,CE0010866,Stim48hr,CD4i_R2,28.0,267555.0
CD4i_R2_D2_Stim48hr_NTC-723,NTC-723,CE0010866,Stim48hr,CD4i_R2,68.0,628339.0
CD4i_R2_D2_Stim48hr_NTC-724,NTC-724,CE0010866,Stim48hr,CD4i_R2,20.0,232098.0
CD4i_R2_D2_Stim48hr_NTC-725,NTC-725,CE0010866,Stim48hr,CD4i_R2,533.0,5219034.0
CD4i_R2_D2_Stim48hr_NTC-727,NTC-727,CE0010866,Stim48hr,CD4i_R2,41.0,459737.0
CD4i_R2_D2_Stim48hr_NTC-728,NTC-728,CE0010866,Stim48hr,CD4i_R2,26.0,240543.0
CD4i_R2_D2_Stim48hr_NTC-729,NTC-729,CE0010866,Stim48hr,CD4i_R2,413.0,3993502.0
CD4i_R2_D2_Stim48hr_NTC-730,NTC-730,CE0010866,Stim48hr,CD4i_R2,9.0,80934.0
CD4i_R2_D2_Stim48hr_NTC-731,NTC-731,CE0010866,Stim48hr,CD4i_R2,206.0,2021132.0
CD4i_R2_D2_Stim48hr_NTC-732,NTC-732,CE0010866,Stim48hr,CD4i_R2,39.0,335541.0
CD4i_R2_D2_Stim48hr_NTC-733,NTC-733,CE0010866,Stim48hr,CD4i_R2,74.0,694209.0
CD4i_R2_D2_Stim48hr_NTC-734,NTC-734,CE0010866,Stim48hr,CD4i_R2,67.0,750786.0
CD4i_R2_D2_Stim48hr_NTC-735,NTC-735,CE0010866,Stim48hr,CD4i_R2,30.0,283894.0
CD4i_R2_D2_Stim48hr_NTC-737,NTC-737,CE0010866,Stim48hr,CD4i_R2,178.0,1550074.0
CD4i_R2_D2_Stim48hr_NTC-739,NTC-739,CE0010866,Stim48hr,CD4i_R2,149.0,1519450.0
CD4i_R2_D2_Stim48hr_NTC-740,NTC-740,CE0010866,Stim48hr,CD4i_R2,7.0,54858.0
CD4i_R2_D2_Stim48hr_NTC-743,NTC-743,CE0010866,Stim48hr,CD4i_R2,94.0,850646.0
CD4i_R2_D2_Stim48hr_NTC-744,NTC-744,CE0010866,Stim48hr,CD4i_R2,171.0,1882299.0
CD4i_R2_D2_Stim48hr_NTC-745,NTC-745,CE0010866,Stim48hr,CD4i_R2,17.0,240607.0
CD4i_R2_D2_Stim48hr_NTC-746,NTC-746,CE0010866,Stim48hr,CD4i_R2,8.0,44810.0
CD4i_R2_D2_Stim48hr_NTC-747,NTC-747,CE0010866,Stim48hr,CD4i_R2,569.0,6453430.0
CD4i_R2_D2_Stim48hr_NTC-748,NTC-748,CE0010866,Stim48hr,CD4i_R2,116.0,1113781.0
CD4i_R2_D2_Stim48hr_NTC-749,NTC-749,CE0010866,Stim48hr,CD4i_R2,10.0,131007.0
CD4i_R2_D2_Stim48hr_NTC-750,NTC-750,CE0010866,Stim48hr,CD4i_R2,33.0,332950.0
CD4i_R2_D2_Stim48hr_NTC-751,NTC-751,CE0010866,Stim48hr,CD4i_R2,167.0,1540215.0
CD4i_R2_D2_Stim48hr_NTC-752,NTC-752,CE0010866,Stim48hr,CD4i_R2,44.0,407143.0
CD4i_R2_D2_Stim48hr_NTC-753,NTC-753,CE0010866,Stim48hr,CD4i_R2,32.0,339550.0
CD4i_R2_D2_Stim48hr_NTC-754,NTC-754,CE0010866,Stim48hr,CD4i_R2,136.0,1248269.0
CD4i_R2_D2_Stim48hr_NTC-755,NTC-755,CE0010866,Stim48hr,CD4i_R2,149.0,1521403.0
CD4i_R2_D2_Stim48hr_NTC-757,NTC-757,CE0010866,Stim48hr,CD4i_R2,5.0,63055.0
CD4i_R2_D2_Stim48hr_NTC-758,NTC-758,CE0010866,Stim48hr,CD4i_R2,106.0,929929.0
CD4i_R2_D2_Stim48hr_NTC-759,NTC-759,CE0010866,Stim48hr,CD4i_R2,16.0,186624.0
CD4i_R2_D2_Stim48hr_NTC-760,NTC-760,CE0010866,Stim48hr,CD4i_R2,318.0,3080282.0
CD4i_R2_D2_Stim48hr_NTC-761,NTC-761,CE0010866,Stim48hr,CD4i_R2,75.0,639913.0
CD4i_R2_D2_Stim48hr_NTC-762,NTC-762,CE0010866,Stim48hr,CD4i_R2,51.0,523138.0
CD4i_R2_D2_Stim48hr_NTC-763,NTC-763,CE0010866,Stim48hr,CD4i_R2,218.0,1976548.0
CD4i_R2_D2_Stim48hr_NTC-764,NTC-764,CE0010866,Stim48hr,CD4i_R2,22.0,200405.0
CD4i_R2_D2_Stim48hr_NTC-765,NTC-765,CE0010866,Stim48hr,CD4i_R2,45.0,385551.0
CD4i_R2_D2_Stim48hr_NTC-766,NTC-766,CE0010866,Stim48hr,CD4i_R2,137.0,1315212.0
CD4i_R2_D2_Stim48hr_NTC-767,NTC-767,CE0010866,Stim48hr,CD4i_R2,20.0,130349.0
CD4i_R2_D2_Stim48hr_NTC-768,NTC-768,CE0010866,Stim48hr,CD4i_R2,111.0,1176504.0
CD4i_R2_D2_Stim48hr_NTC-769,NTC-769,CE0010866,Stim48hr,CD4i_R2,243.0,2739547.0
CD4i_R2_D2_Stim48hr_NTC-770,NTC-770,CE0010866,Stim48hr,CD4i_R2,67.0,544943.0
CD4i_R2_D2_Stim48hr_NTC-772,NTC-772,CE0010866,Stim48hr,CD4i_R2,38.0,305866.0
CD4i_R2_D2_Stim48hr_NTC-773,NTC-773,CE0010866,Stim48hr,CD4i_R2,108.0,914303.0
CD4i_R2_D2_Stim48hr_NTC-774,NTC-774,CE0010866,Stim48hr,CD4i_R2,42.0,369490.0
CD4i_R2_D2_Stim48hr_NTC-775,NTC-775,CE0010866,Stim48hr,CD4i_R2,81.0,778479.0
CD4i_R2_D2_Stim48hr_NTC-776,NTC-776,CE0010866,Stim48hr,CD4i_R2,152.0,1922015.0
CD4i_R2_D2_Stim48hr_NTC-777,NTC-777,CE0010866,Stim48hr,CD4i_R2,156.0,1534221.0
CD4i_R2_D2_Stim48hr_NTC-778,NTC-778,CE0010866,Stim48hr,CD4i_R2,9.0,79044.0
CD4i_R2_D2_Stim48hr_NTC-779,NTC-779,CE0010866,Stim48hr,CD4i_R2,139.0,1338659.0
CD4i_R2_D2_Stim48hr_NTC-780,NTC-780,CE0010866,Stim48hr,CD4i_R2,39.0,418344.0
CD4i_R2_D2_Stim48hr_NTC-781,NTC-781,CE0010866,Stim48hr,CD4i_R2,177.0,1785694.0
CD4i_R2_D2_Stim48hr_NTC-783,NTC-783,CE0010866,Stim48hr,CD4i_R2,441.0,4045552.0
CD4i_R2_D2_Stim48hr_NTC-784,NTC-784,CE0010866,Stim48hr,CD4i_R2,62.0,692407.0
CD4i_R2_D2_Stim48hr_NTC-785,NTC-785,CE0010866,Stim48hr,CD4i_R2,11.0,145337.0
CD4i_R2_D2_Stim48hr_NTC-787,NTC-787,CE0010866,Stim48hr,CD4i_R2,35.0,316296.0
CD4i_R2_D2_Stim48hr_NTC-790,NTC-790,CE0010866,Stim48hr,CD4i_R2,89.0,827106.0
CD4i_R2_D2_Stim48hr_NTC-791,NTC-791,CE0010866,Stim48hr,CD4i_R2,5.0,32996.0
CD4i_R2_D2_Stim48hr_NTC-792,NTC-792,CE0010866,Stim48hr,CD4i_R2,50.0,428546.0
CD4i_R2_D2_Stim48hr_NTC-793,NTC-793,CE0010866,Stim48hr,CD4i_R2,978.0,10359372.0
CD4i_R2_D2_Stim48hr_NTC-794,NTC-794,CE0010866,Stim48hr,CD4i_R2,271.0,2778926.0
CD4i_R2_D2_Stim48hr_NTC-795,NTC-795,CE0010866,Stim48hr,CD4i_R2,229.0,2225947.0
CD4i_R2_D2_Stim48hr_NTC-797,NTC-797,CE0010866,Stim48hr,CD4i_R2,45.0,495891.0
CD4i_R2_D2_Stim48hr_NTC-798,NTC-798,CE0010866,Stim48hr,CD4i_R2,315.0,3116853.0
CD4i_R2_D2_Stim48hr_NTC-799,NTC-799,CE0010866,Stim48hr,CD4i_R2,89.0,921785.0
CD4i_R2_D2_Stim48hr_NTC-800,NTC-800,CE0010866,Stim48hr,CD4i_R2,29.0,242212.0
CD4i_R2_D2_Stim48hr_NTC-801,NTC-801,CE0010866,Stim48hr,CD4i_R2,76.0,662515.0
CD4i_R2_D2_Stim48hr_NTC-802,NTC-802,CE0010866,Stim48hr,CD4i_R2,63.0,704060.0
CD4i_R2_D2_Stim48hr_NTC-803,NTC-803,CE0010866,Stim48hr,CD4i_R2,6.0,57783.0
CD4i_R2_D2_Stim48hr_NTC-805,NTC-805,CE0010866,Stim48hr,CD4i_R2,141.0,1466474.0
CD4i_R2_D2_Stim48hr_NTC-807,NTC-807,CE0010866,Stim48hr,CD4i_R2,569.0,6217206.0
CD4i_R2_D2_Stim48hr_NTC-808,NTC-808,CE0010866,Stim48hr,CD4i_R2,72.0,625846.0
CD4i_R2_D2_Stim48hr_NTC-809,NTC-809,CE0010866,Stim48hr,CD4i_R2,327.0,3316959.0
CD4i_R2_D2_Stim48hr_NTC-810,NTC-810,CE0010866,Stim48hr,CD4i_R2,11.0,110628.0
CD4i_R2_D2_Stim48hr_NTC-811,NTC-811,CE0010866,Stim48hr,CD4i_R2,7.0,75768.0
CD4i_R2_D2_Stim48hr_NTC-812,NTC-812,CE0010866,Stim48hr,CD4i_R2,211.0,2005854.0
CD4i_R2_D2_Stim48hr_NTC-813,NTC-813,CE0010866,Stim48hr,CD4i_R2,73.0,635989.0
CD4i_R2_D2_Stim48hr_NTC-814,NTC-814,CE0010866,Stim48hr,CD4i_R2,12.0,122129.0
CD4i_R2_D2_Stim48hr_NTC-815,NTC-815,CE0010866,Stim48hr,CD4i_R2,54.0,464249.0
CD4i_R2_D2_Stim48hr_NTC-816,NTC-816,CE0010866,Stim48hr,CD4i_R2,55.0,521861.0
CD4i_R2_D2_Stim48hr_NTC-817,NTC-817,CE0010866,Stim48hr,CD4i_R2,55.0,532632.0
CD4i_R2_D2_Stim48hr_NTC-818,NTC-818,CE0010866,Stim48hr,CD4i_R2,361.0,3314792.0
CD4i_R2_D2_Stim48hr_NTC-819,NTC-819,CE0010866,Stim48hr,CD4i_R2,57.0,645063.0
CD4i_R2_D2_Stim48hr_NTC-820,NTC-820,CE0010866,Stim48hr,CD4i_R2,174.0,1784766.0
CD4i_R2_D2_Stim48hr_NTC-821,NTC-821,CE0010866,Stim48hr,CD4i_R2,23.0,231848.0
CD4i_R2_D2_Stim48hr_NTC-822,NTC-822,CE0010866,Stim48hr,CD4i_R2,15.0,149255.0
CD4i_R2_D2_Stim48hr_NTC-823,NTC-823,CE0010866,Stim48hr,CD4i_R2,152.0,1574170.0
CD4i_R2_D2_Stim48hr_NTC-824,NTC-824,CE0010866,Stim48hr,CD4i_R2,50.0,440432.0
CD4i_R2_D2_Stim48hr_NTC-825,NTC-825,CE0010866,Stim48hr,CD4i_R2,357.0,4072221.0
CD4i_R2_D2_Stim48hr_NTC-826,NTC-826,CE0010866,Stim48hr,CD4i_R2,147.0,1469576.0
CD4i_R2_D2_Stim48hr_NTC-827,NTC-827,CE0010866,Stim48hr,CD4i_R2,92.0,875281.0
CD4i_R2_D2_Stim48hr_NTC-828,NTC-828,CE0010866,Stim48hr,CD4i_R2,13.0,154616.0
CD4i_R2_D2_Stim48hr_NTC-829,NTC-829,CE0010866,Stim48hr,CD4i_R2,139.0,1368813.0
CD4i_R2_D2_Stim48hr_NTC-831,NTC-831,CE0010866,Stim48hr,CD4i_R2,60.0,596259.0
CD4i_R2_D2_Stim48hr_NTC-832,NTC-832,CE0010866,Stim48hr,CD4i_R2,94.0,724993.0
CD4i_R2_D2_Stim48hr_NTC-833,NTC-833,CE0010866,Stim48hr,CD4i_R2,11.0,92590.0
CD4i_R2_D2_Stim48hr_NTC-834,NTC-834,CE0010866,Stim48hr,CD4i_R2,650.0,6170784.0
CD4i_R2_D2_Stim48hr_NTC-835,NTC-835,CE0010866,Stim48hr,CD4i_R2,51.0,551816.0
CD4i_R2_D2_Stim48hr_NTC-839,NTC-839,CE0010866,Stim48hr,CD4i_R2,25.0,179333.0
CD4i_R2_D2_Stim48hr_NTC-840,NTC-840,CE0010866,Stim48hr,CD4i_R2,68.0,708044.0
CD4i_R2_D2_Stim48hr_NTC-841,NTC-841,CE0010866,Stim48hr,CD4i_R2,331.0,2983999.0
CD4i_R2_D2_Stim48hr_NTC-842,NTC-842,CE0010866,Stim48hr,CD4i_R2,613.0,6005687.0
CD4i_R2_D2_Stim48hr_NTC-844,NTC-844,CE0010866,Stim48hr,CD4i_R2,37.0,375447.0
CD4i_R2_D2_Stim48hr_NTC-845,NTC-845,CE0010866,Stim48hr,CD4i_R2,196.0,1856327.0
CD4i_R2_D2_Stim48hr_NTC-846,NTC-846,CE0010866,Stim48hr,CD4i_R2,12.0,117134.0
CD4i_R2_D2_Stim48hr_NTC-847,NTC-847,CE0010866,Stim48hr,CD4i_R2,31.0,324275.0
CD4i_R2_D2_Stim48hr_NTC-848,NTC-848,CE0010866,Stim48hr,CD4i_R2,737.0,8126005.0
CD4i_R2_D2_Stim48hr_NTC-849,NTC-849,CE0010866,Stim48hr,CD4i_R2,20.0,163616.0
CD4i_R2_D2_Stim48hr_NTC-850,NTC-850,CE0010866,Stim48hr,CD4i_R2,5.0,54172.0
CD4i_R2_D2_Stim48hr_NTC-851,NTC-851,CE0010866,Stim48hr,CD4i_R2,37.0,364567.0
CD4i_R2_D2_Stim48hr_NTC-852,NTC-852,CE0010866,Stim48hr,CD4i_R2,54.0,599925.0
CD4i_R2_D2_Stim48hr_NTC-853,NTC-853,CE0010866,Stim48hr,CD4i_R2,8.0,75096.0
CD4i_R2_D2_Stim48hr_NTC-854,NTC-854,CE0010866,Stim48hr,CD4i_R2,13.0,136473.0
CD4i_R2_D2_Stim48hr_NTC-855,NTC-855,CE0010866,Stim48hr,CD4i_R2,9.0,122191.0
CD4i_R2_D2_Stim48hr_NTC-856,NTC-856,CE0010866,Stim48hr,CD4i_R2,106.0,1148199.0
CD4i_R2_D2_Stim48hr_NTC-857,NTC-857,CE0010866,Stim48hr,CD4i_R2,32.0,250655.0
CD4i_R2_D2_Stim48hr_NTC-858,NTC-858,CE0010866,Stim48hr,CD4i_R2,14.0,167649.0
CD4i_R2_D2_Stim48hr_NTC-859,NTC-859,CE0010866,Stim48hr,CD4i_R2,55.0,570374.0
CD4i_R2_D2_Stim48hr_NTC-860,NTC-860,CE0010866,Stim48hr,CD4i_R2,48.0,371082.0
CD4i_R2_D2_Stim48hr_NTC-863,NTC-863,CE0010866,Stim48hr,CD4i_R2,57.0,528775.0
CD4i_R2_D2_Stim48hr_NTC-864,NTC-864,CE0010866,Stim48hr,CD4i_R2,97.0,874677.0
CD4i_R2_D2_Stim48hr_NTC-866,NTC-866,CE0010866,Stim48hr,CD4i_R2,45.0,466783.0
CD4i_R2_D2_Stim48hr_NTC-867,NTC-867,CE0010866,Stim48hr,CD4i_R2,65.0,515056.0
CD4i_R2_D2_Stim48hr_NTC-868,NTC-868,CE0010866,Stim48hr,CD4i_R2,25.0,242234.0
CD4i_R2_D2_Stim48hr_NTC-869,NTC-869,CE0010866,Stim48hr,CD4i_R2,10.0,112486.0
CD4i_R2_D2_Stim48hr_NTC-870,NTC-870,CE0010866,Stim48hr,CD4i_R2,75.0,798096.0
CD4i_R2_D2_Stim48hr_NTC-871,NTC-871,CE0010866,Stim48hr,CD4i_R2,48.0,604080.0
CD4i_R2_D2_Stim48hr_NTC-875,NTC-875,CE0010866,Stim48hr,CD4i_R2,103.0,1031482.0
CD4i_R2_D2_Stim48hr_NTC-876,NTC-876,CE0010866,Stim48hr,CD4i_R2,47.0,503447.0
CD4i_R2_D2_Stim48hr_NTC-877,NTC-877,CE0010866,Stim48hr,CD4i_R2,12.0,105213.0
CD4i_R2_D2_Stim48hr_NTC-878,NTC-878,CE0010866,Stim48hr,CD4i_R2,22.0,218227.0
CD4i_R2_D2_Stim48hr_NTC-879,NTC-879,CE0010866,Stim48hr,CD4i_R2,118.0,1218537.0
CD4i_R2_D2_Stim48hr_NTC-880,NTC-880,CE0010866,Stim48hr,CD4i_R2,65.0,726229.0
CD4i_R2_D2_Stim48hr_NTC-881,NTC-881,CE0010866,Stim48hr,CD4i_R2,124.0,1286951.0
CD4i_R2_D2_Stim48hr_NTC-882,NTC-882,CE0010866,Stim48hr,CD4i_R2,157.0,1393476.0
CD4i_R2_D2_Stim48hr_NTC-883,NTC-883,CE0010866,Stim48hr,CD4i_R2,585.0,5260281.0
CD4i_R2_D2_Stim48hr_NTC-884,NTC-884,CE0010866,Stim48hr,CD4i_R2,97.0,809342.0
CD4i_R2_D2_Stim48hr_NTC-886,NTC-886,CE0010866,Stim48hr,CD4i_R2,40.0,353710.0
CD4i_R2_D2_Stim48hr_NTC-887,NTC-887,CE0010866,Stim48hr,CD4i_R2,35.0,419170.0
CD4i_R2_D2_Stim48hr_NTC-888,NTC-888,CE0010866,Stim48hr,CD4i_R2,32.0,287353.0
CD4i_R2_D2_Stim48hr_NTC-889,NTC-889,CE0010866,Stim48hr,CD4i_R2,132.0,1308371.0
CD4i_R2_D2_Stim48hr_NTC-890,NTC-890,CE0010866,Stim48hr,CD4i_R2,10.0,66866.0
CD4i_R2_D2_Stim48hr_NTC-891,NTC-891,CE0010866,Stim48hr,CD4i_R2,12.0,141359.0
CD4i_R2_D2_Stim48hr_NTC-892,NTC-892,CE0010866,Stim48hr,CD4i_R2,7.0,100182.0
CD4i_R2_D2_Stim48hr_NTC-893,NTC-893,CE0010866,Stim48hr,CD4i_R2,201.0,1899688.0
CD4i_R2_D2_Stim48hr_NTC-894,NTC-894,CE0010866,Stim48hr,CD4i_R2,8.0,55702.0
CD4i_R2_D2_Stim48hr_NTC-895,NTC-895,CE0010866,Stim48hr,CD4i_R2,14.0,103909.0
CD4i_R2_D2_Stim48hr_NTC-897,NTC-897,CE0010866,Stim48hr,CD4i_R2,16.0,169312.0
CD4i_R2_D2_Stim48hr_NTC-898,NTC-898,CE0010866,Stim48hr,CD4i_R2,77.0,854627.0
CD4i_R2_D2_Stim48hr_NTC-900,NTC-900,CE0010866,Stim48hr,CD4i_R2,1404.0,14577442.0
CD4i_R2_D2_Stim48hr_NTC-901,NTC-901,CE0010866,Stim48hr,CD4i_R2,724.0,6439051.0
CD4i_R2_D2_Stim48hr_NTC-902,NTC-902,CE0010866,Stim48hr,CD4i_R2,146.0,1642917.0
CD4i_R2_D2_Stim48hr_NTC-903,NTC-903,CE0010866,Stim48hr,CD4i_R2,153.0,1445460.0
CD4i_R2_D2_Stim48hr_NTC-904,NTC-904,CE0010866,Stim48hr,CD4i_R2,5.0,53197.0
CD4i_R2_D2_Stim48hr_NTC-907,NTC-907,CE0010866,Stim48hr,CD4i_R2,29.0,335009.0
CD4i_R2_D2_Stim48hr_NTC-909,NTC-909,CE0010866,Stim48hr,CD4i_R2,5.0,57642.0
CD4i_R2_D2_Stim48hr_NTC-910,NTC-910,CE0010866,Stim48hr,CD4i_R2,39.0,405650.0
CD4i_R2_D2_Stim48hr_NTC-911,NTC-911,CE0010866,Stim48hr,CD4i_R2,48.0,427526.0
CD4i_R2_D2_Stim48hr_NTC-912,NTC-912,CE0010866,Stim48hr,CD4i_R2,41.0,410385.0
CD4i_R2_D2_Stim48hr_NTC-914,NTC-914,CE0010866,Stim48hr,CD4i_R2,79.0,744224.0
CD4i_R2_D2_Stim48hr_NTC-915,NTC-915,CE0010866,Stim48hr,CD4i_R2,115.0,1185411.0
CD4i_R2_D2_Stim48hr_NTC-918,NTC-918,CE0010866,Stim48hr,CD4i_R2,190.0,2346231.0
CD4i_R2_D2_Stim48hr_NTC-919,NTC-919,CE0010866,Stim48hr,CD4i_R2,118.0,1098583.0
CD4i_R2_D2_Stim48hr_NTC-920,NTC-920,CE0010866,Stim48hr,CD4i_R2,346.0,3725745.0
CD4i_R2_D2_Stim48hr_NTC-921,NTC-921,CE0010866,Stim48hr,CD4i_R2,78.0,801986.0
CD4i_R2_D2_Stim48hr_NTC-922,NTC-922,CE0010866,Stim48hr,CD4i_R2,218.0,1991795.0
CD4i_R2_D2_Stim48hr_NTC-923,NTC-923,CE0010866,Stim48hr,CD4i_R2,96.0,881871.0
CD4i_R2_D2_Stim48hr_NTC-925,NTC-925,CE0010866,Stim48hr,CD4i_R2,15.0,116663.0
CD4i_R2_D2_Stim48hr_NTC-926,NTC-926,CE0010866,Stim48hr,CD4i_R2,58.0,563285.0
CD4i_R2_D2_Stim48hr_NTC-927,NTC-927,CE0010866,Stim48hr,CD4i_R2,23.0,206768.0
CD4i_R2_D2_Stim48hr_NTC-928,NTC-928,CE0010866,Stim48hr,CD4i_R2,354.0,3565687.0
CD4i_R2_D2_Stim48hr_NTC-929,NTC-929,CE0010866,Stim48hr,CD4i_R2,33.0,292121.0
CD4i_R2_D2_Stim48hr_NTC-931,NTC-931,CE0010866,Stim48hr,CD4i_R2,37.0,359249.0
CD4i_R2_D2_Stim48hr_NTC-932,NTC-932,CE0010866,Stim48hr,CD4i_R2,57.0,597553.0
CD4i_R2_D2_Stim48hr_NTC-935,NTC-935,CE0010866,Stim48hr,CD4i_R2,44.0,473869.0
CD4i_R2_D2_Stim48hr_NTC-936,NTC-936,CE0010866,Stim48hr,CD4i_R2,102.0,1031253.0
CD4i_R2_D2_Stim48hr_NTC-937,NTC-937,CE0010866,Stim48hr,CD4i_R2,46.0,420430.0
CD4i_R2_D2_Stim48hr_NTC-938,NTC-938,CE0010866,Stim48hr,CD4i_R2,6.0,67872.0
CD4i_R2_D2_Stim48hr_NTC-939,NTC-939,CE0010866,Stim48hr,CD4i_R2,40.0,334536.0
CD4i_R2_D2_Stim48hr_NTC-940,NTC-940,CE0010866,Stim48hr,CD4i_R2,51.0,591982.0
CD4i_R2_D2_Stim48hr_NTC-941,NTC-941,CE0010866,Stim48hr,CD4i_R2,335.0,2700477.0
CD4i_R2_D2_Stim48hr_NTC-942,NTC-942,CE0010866,Stim48hr,CD4i_R2,41.0,482811.0
CD4i_R2_D2_Stim48hr_NTC-943,NTC-943,CE0010866,Stim48hr,CD4i_R2,251.0,2908985.0
CD4i_R2_D2_Stim48hr_NTC-944,NTC-944,CE0010866,Stim48hr,CD4i_R2,6.0,62049.0
CD4i_R2_D2_Stim48hr_NTC-945,NTC-945,CE0010866,Stim48hr,CD4i_R2,60.0,582313.0
CD4i_R2_D2_Stim48hr_NTC-946,NTC-946,CE0010866,Stim48hr,CD4i_R2,57.0,552203.0
CD4i_R2_D2_Stim48hr_NTC-947,NTC-947,CE0010866,Stim48hr,CD4i_R2,34.0,266263.0
CD4i_R2_D2_Stim48hr_NTC-948,NTC-948,CE0010866,Stim48hr,CD4i_R2,425.0,4606226.0
CD4i_R2_D2_Stim48hr_NTC-950,NTC-950,CE0010866,Stim48hr,CD4i_R2,66.0,586033.0
CD4i_R2_D2_Stim48hr_NTC-951,NTC-951,CE0010866,Stim48hr,CD4i_R2,230.0,2572341.0
CD4i_R2_D2_Stim48hr_NTC-952,NTC-952,CE0010866,Stim48hr,CD4i_R2,38.0,345819.0
CD4i_R2_D2_Stim48hr_NTC-955,NTC-955,CE0010866,Stim48hr,CD4i_R2,71.0,682793.0
CD4i_R2_D2_Stim48hr_NTC-957,NTC-957,CE0010866,Stim48hr,CD4i_R2,107.0,1460884.0
CD4i_R2_D2_Stim48hr_NTC-958,NTC-958,CE0010866,Stim48hr,CD4i_R2,30.0,316056.0
CD4i_R2_D2_Stim48hr_NTC-960,NTC-960,CE0010866,Stim48hr,CD4i_R2,44.0,432579.0
CD4i_R2_D2_Stim48hr_NTC-962,NTC-962,CE0010866,Stim48hr,CD4i_R2,20.0,174935.0
CD4i_R2_D2_Stim48hr_NTC-963,NTC-963,CE0010866,Stim48hr,CD4i_R2,521.0,4998181.0
CD4i_R2_D2_Stim48hr_NTC-964,NTC-964,CE0010866,Stim48hr,CD4i_R2,12.0,116186.0
CD4i_R2_D2_Stim48hr_NTC-965,NTC-965,CE0010866,Stim48hr,CD4i_R2,150.0,1716396.0
CD4i_R2_D2_Stim48hr_NTC-966,NTC-966,CE0010866,Stim48hr,CD4i_R2,148.0,1543724.0
CD4i_R2_D2_Stim48hr_NTC-967,NTC-967,CE0010866,Stim48hr,CD4i_R2,131.0,1501192.0
CD4i_R2_D2_Stim48hr_NTC-968,NTC-968,CE0010866,Stim48hr,CD4i_R2,148.0,1554351.0
CD4i_R2_D2_Stim48hr_NTC-969,NTC-969,CE0010866,Stim48hr,CD4i_R2,138.0,1395856.0
CD4i_R2_D2_Stim48hr_NTC-970,NTC-970,CE0010866,Stim48hr,CD4i_R2,85.0,827240.0
CD4i_R2_D2_Stim48hr_NTC-971,NTC-971,CE0010866,Stim48hr,CD4i_R2,353.0,3496251.0
CD4i_R2_D2_Stim48hr_NTC-972,NTC-972,CE0010866,Stim48hr,CD4i_R2,61.0,654603.0
CD4i_R2_D2_Stim48hr_NTC-973,NTC-973,CE0010866,Stim48hr,CD4i_R2,203.0,2408935.0
CD4i_R2_D2_Stim48hr_NTC-974,NTC-974,CE0010866,Stim48hr,CD4i_R2,256.0,2416637.0
CD4i_R2_D2_Stim48hr_NTC-976,NTC-976,CE0010866,Stim48hr,CD4i_R2,30.0,323206.0
CD4i_R2_D2_Stim48hr_NTC-977,NTC-977,CE0010866,Stim48hr,CD4i_R2,14.0,149570.0
CD4i_R2_D2_Stim48hr_NTC-978,NTC-978,CE0010866,Stim48hr,CD4i_R2,63.0,515901.0
CD4i_R2_D2_Stim48hr_NTC-979,NTC-979,CE0010866,Stim48hr,CD4i_R2,120.0,1210453.0
CD4i_R2_D2_Stim48hr_NTC-980,NTC-980,CE0010866,Stim48hr,CD4i_R2,56.0,476238.0
CD4i_R2_D2_Stim48hr_NTC-981,NTC-981,CE0010866,Stim48hr,CD4i_R2,38.0,383580.0
CD4i_R2_D2_Stim48hr_NTC-982,NTC-982,CE0010866,Stim48hr,CD4i_R2,126.0,1214978.0
CD4i_R2_D2_Stim48hr_NTC-983,NTC-983,CE0010866,Stim48hr,CD4i_R2,43.0,504047.0
CD4i_R2_D2_Stim48hr_NTC-984,NTC-984,CE0010866,Stim48hr,CD4i_R2,50.0,409427.0
CD4i_R2_D2_Stim48hr_NTC-985,NTC-985,CE0010866,Stim48hr,CD4i_R2,153.0,1609786.0
CD4i_R2_D2_Stim48hr_NTC-986,NTC-986,CE0010866,Stim48hr,CD4i_R2,81.0,726389.0
CD4i_R2_D2_Stim48hr_NTC-987,NTC-987,CE0010866,Stim48hr,CD4i_R2,127.0,1073154.0
CD4i_R2_D2_Stim48hr_NTC-988,NTC-988,CE0010866,Stim48hr,CD4i_R2,204.0,1895228.0
CD4i_R2_D2_Stim48hr_NTC-989,NTC-989,CE0010866,Stim48hr,CD4i_R2,160.0,1429270.0
CD4i_R2_D2_Stim48hr_NTC-990,NTC-990,CE0010866,Stim48hr,CD4i_R2,88.0,963918.0
CD4i_R2_D2_Stim48hr_NTC-991,NTC-991,CE0010866,Stim48hr,CD4i_R2,64.0,551151.0
CD4i_R2_D2_Stim48hr_NTC-992,NTC-992,CE0010866,Stim48hr,CD4i_R2,34.0,338591.0
CD4i_R2_D3_Rest_NTC-002,NTC-002,CE0008678,Rest,CD4i_R2,54.0,452336.0
CD4i_R2_D3_Rest_NTC-003,NTC-003,CE0008678,Rest,CD4i_R2,27.0,440153.0
CD4i_R2_D3_Rest_NTC-004,NTC-004,CE0008678,Rest,CD4i_R2,507.0,6232241.0
CD4i_R2_D3_Rest_NTC-006,NTC-006,CE0008678,Rest,CD4i_R2,177.0,2423437.0
CD4i_R2_D3_Rest_NTC-007,NTC-007,CE0008678,Rest,CD4i_R2,11.0,127103.0
CD4i_R2_D3_Rest_NTC-011,NTC-011,CE0008678,Rest,CD4i_R2,9.0,138619.0
CD4i_R2_D3_Rest_NTC-012,NTC-012,CE0008678,Rest,CD4i_R2,151.0,1773237.0
CD4i_R2_D3_Rest_NTC-013,NTC-013,CE0008678,Rest,CD4i_R2,112.0,1574117.0
CD4i_R2_D3_Rest_NTC-014,NTC-014,CE0008678,Rest,CD4i_R2,12.0,151601.0
CD4i_R2_D3_Rest_NTC-015,NTC-015,CE0008678,Rest,CD4i_R2,83.0,1215063.0
CD4i_R2_D3_Rest_NTC-016,NTC-016,CE0008678,Rest,CD4i_R2,439.0,5148323.0
CD4i_R2_D3_Rest_NTC-018,NTC-018,CE0008678,Rest,CD4i_R2,98.0,816292.0
CD4i_R2_D3_Rest_NTC-019,NTC-019,CE0008678,Rest,CD4i_R2,437.0,4042897.0
CD4i_R2_D3_Rest_NTC-022,NTC-022,CE0008678,Rest,CD4i_R2,188.0,1750180.0
CD4i_R2_D3_Rest_NTC-023,NTC-023,CE0008678,Rest,CD4i_R2,311.0,3884045.0
CD4i_R2_D3_Rest_NTC-024,NTC-024,CE0008678,Rest,CD4i_R2,78.0,712132.0
CD4i_R2_D3_Rest_NTC-025,NTC-025,CE0008678,Rest,CD4i_R2,19.0,260903.0
CD4i_R2_D3_Rest_NTC-026,NTC-026,CE0008678,Rest,CD4i_R2,212.0,2438883.0
CD4i_R2_D3_Rest_NTC-027,NTC-027,CE0008678,Rest,CD4i_R2,19.0,112421.0
CD4i_R2_D3_Rest_NTC-028,NTC-028,CE0008678,Rest,CD4i_R2,5.0,31105.0
CD4i_R2_D3_Rest_NTC-029,NTC-029,CE0008678,Rest,CD4i_R2,21.0,143757.0
CD4i_R2_D3_Rest_NTC-030,NTC-030,CE0008678,Rest,CD4i_R2,109.0,1659823.0
CD4i_R2_D3_Rest_NTC-032,NTC-032,CE0008678,Rest,CD4i_R2,5.0,46281.0
CD4i_R2_D3_Rest_NTC-035,NTC-035,CE0008678,Rest,CD4i_R2,49.0,570294.0
CD4i_R2_D3_Rest_NTC-036,NTC-036,CE0008678,Rest,CD4i_R2,38.0,343870.0
CD4i_R2_D3_Rest_NTC-037,NTC-037,CE0008678,Rest,CD4i_R2,183.0,2482459.0
CD4i_R2_D3_Rest_NTC-038,NTC-038,CE0008678,Rest,CD4i_R2,14.0,114062.0
CD4i_R2_D3_Rest_NTC-040,NTC-040,CE0008678,Rest,CD4i_R2,406.0,3804257.0
CD4i_R2_D3_Rest_NTC-041,NTC-041,CE0008678,Rest,CD4i_R2,42.0,338427.0
CD4i_R2_D3_Rest_NTC-042,NTC-042,CE0008678,Rest,CD4i_R2,41.0,377086.0
CD4i_R2_D3_Rest_NTC-043,NTC-043,CE0008678,Rest,CD4i_R2,17.0,182672.0
CD4i_R2_D3_Rest_NTC-044,NTC-044,CE0008678,Rest,CD4i_R2,257.0,3088986.0
CD4i_R2_D3_Rest_NTC-045,NTC-045,CE0008678,Rest,CD4i_R2,58.0,690320.0
CD4i_R2_D3_Rest_NTC-047,NTC-047,CE0008678,Rest,CD4i_R2,49.0,546121.0
CD4i_R2_D3_Rest_NTC-049,NTC-049,CE0008678,Rest,CD4i_R2,131.0,1187207.0
CD4i_R2_D3_Rest_NTC-050,NTC-050,CE0008678,Rest,CD4i_R2,212.0,2119452.0
CD4i_R2_D3_Rest_NTC-051,NTC-051,CE0008678,Rest,CD4i_R2,26.0,184443.0
CD4i_R2_D3_Rest_NTC-054,NTC-054,CE0008678,Rest,CD4i_R2,18.0,156633.0
CD4i_R2_D3_Rest_NTC-055,NTC-055,CE0008678,Rest,CD4i_R2,57.0,706645.0
CD4i_R2_D3_Rest_NTC-057,NTC-057,CE0008678,Rest,CD4i_R2,93.0,884847.0
CD4i_R2_D3_Rest_NTC-058,NTC-058,CE0008678,Rest,CD4i_R2,116.0,1387158.0
CD4i_R2_D3_Rest_NTC-059,NTC-059,CE0008678,Rest,CD4i_R2,14.0,97231.0
CD4i_R2_D3_Rest_NTC-060,NTC-060,CE0008678,Rest,CD4i_R2,72.0,720843.0
CD4i_R2_D3_Rest_NTC-061,NTC-061,CE0008678,Rest,CD4i_R2,36.0,479401.0
CD4i_R2_D3_Rest_NTC-062,NTC-062,CE0008678,Rest,CD4i_R2,9.0,56202.0
CD4i_R2_D3_Rest_NTC-063,NTC-063,CE0008678,Rest,CD4i_R2,67.0,757622.0
CD4i_R2_D3_Rest_NTC-064,NTC-064,CE0008678,Rest,CD4i_R2,14.0,128817.0
CD4i_R2_D3_Rest_NTC-067,NTC-067,CE0008678,Rest,CD4i_R2,23.0,241930.0
CD4i_R2_D3_Rest_NTC-068,NTC-068,CE0008678,Rest,CD4i_R2,113.0,1101776.0
CD4i_R2_D3_Rest_NTC-070,NTC-070,CE0008678,Rest,CD4i_R2,106.0,1036566.0
CD4i_R2_D3_Rest_NTC-071,NTC-071,CE0008678,Rest,CD4i_R2,58.0,701456.0
CD4i_R2_D3_Rest_NTC-073,NTC-073,CE0008678,Rest,CD4i_R2,185.0,1714522.0
CD4i_R2_D3_Rest_NTC-074,NTC-074,CE0008678,Rest,CD4i_R2,253.0,3127017.0
CD4i_R2_D3_Rest_NTC-075,NTC-075,CE0008678,Rest,CD4i_R2,24.0,205846.0
CD4i_R2_D3_Rest_NTC-076,NTC-076,CE0008678,Rest,CD4i_R2,92.0,1105552.0
CD4i_R2_D3_Rest_NTC-078,NTC-078,CE0008678,Rest,CD4i_R2,364.0,4034183.0
CD4i_R2_D3_Rest_NTC-080,NTC-080,CE0008678,Rest,CD4i_R2,289.0,2938616.0
CD4i_R2_D3_Rest_NTC-082,NTC-082,CE0008678,Rest,CD4i_R2,73.0,574189.0
CD4i_R2_D3_Rest_NTC-083,NTC-083,CE0008678,Rest,CD4i_R2,16.0,139981.0
CD4i_R2_D3_Rest_NTC-084,NTC-084,CE0008678,Rest,CD4i_R2,162.0,1658000.0
CD4i_R2_D3_Rest_NTC-087,NTC-087,CE0008678,Rest,CD4i_R2,72.0,683483.0
CD4i_R2_D3_Rest_NTC-090,NTC-090,CE0008678,Rest,CD4i_R2,10.0,86100.0
CD4i_R2_D3_Rest_NTC-091,NTC-091,CE0008678,Rest,CD4i_R2,104.0,1078224.0
CD4i_R2_D3_Rest_NTC-092,NTC-092,CE0008678,Rest,CD4i_R2,36.0,308397.0
CD4i_R2_D3_Rest_NTC-093,NTC-093,CE0008678,Rest,CD4i_R2,19.0,227727.0
CD4i_R2_D3_Rest_NTC-094,NTC-094,CE0008678,Rest,CD4i_R2,144.0,1715173.0
CD4i_R2_D3_Rest_NTC-095,NTC-095,CE0008678,Rest,CD4i_R2,61.0,545038.0
CD4i_R2_D3_Rest_NTC-096,NTC-096,CE0008678,Rest,CD4i_R2,154.0,2111631.0
CD4i_R2_D3_Rest_NTC-097,NTC-097,CE0008678,Rest,CD4i_R2,51.0,538765.0
CD4i_R2_D3_Rest_NTC-098,NTC-098,CE0008678,Rest,CD4i_R2,160.0,1655842.0
CD4i_R2_D3_Rest_NTC-099,NTC-099,CE0008678,Rest,CD4i_R2,80.0,890377.0
CD4i_R2_D3_Rest_NTC-101,NTC-101,CE0008678,Rest,CD4i_R2,196.0,1999736.0
CD4i_R2_D3_Rest_NTC-103,NTC-103,CE0008678,Rest,CD4i_R2,40.0,420725.0
CD4i_R2_D3_Rest_NTC-104,NTC-104,CE0008678,Rest,CD4i_R2,47.0,475360.0
CD4i_R2_D3_Rest_NTC-105,NTC-105,CE0008678,Rest,CD4i_R2,40.0,584192.0
CD4i_R2_D3_Rest_NTC-106,NTC-106,CE0008678,Rest,CD4i_R2,10.0,154941.0
CD4i_R2_D3_Rest_NTC-107,NTC-107,CE0008678,Rest,CD4i_R2,95.0,1040336.0
CD4i_R2_D3_Rest_NTC-108,NTC-108,CE0008678,Rest,CD4i_R2,48.0,333778.0
CD4i_R2_D3_Rest_NTC-112,NTC-112,CE0008678,Rest,CD4i_R2,8.0,76469.0
CD4i_R2_D3_Rest_NTC-114,NTC-114,CE0008678,Rest,CD4i_R2,5.0,124777.0
CD4i_R2_D3_Rest_NTC-115,NTC-115,CE0008678,Rest,CD4i_R2,40.0,518247.0
CD4i_R2_D3_Rest_NTC-118,NTC-118,CE0008678,Rest,CD4i_R2,9.0,84085.0
CD4i_R2_D3_Rest_NTC-119,NTC-119,CE0008678,Rest,CD4i_R2,20.0,303529.0
CD4i_R2_D3_Rest_NTC-120,NTC-120,CE0008678,Rest,CD4i_R2,218.0,2506852.0
CD4i_R2_D3_Rest_NTC-122,NTC-122,CE0008678,Rest,CD4i_R2,151.0,1477564.0
CD4i_R2_D3_Rest_NTC-123,NTC-123,CE0008678,Rest,CD4i_R2,114.0,953379.0
CD4i_R2_D3_Rest_NTC-125,NTC-125,CE0008678,Rest,CD4i_R2,68.0,757385.0
CD4i_R2_D3_Rest_NTC-126,NTC-126,CE0008678,Rest,CD4i_R2,6.0,60458.0
CD4i_R2_D3_Rest_NTC-127,NTC-127,CE0008678,Rest,CD4i_R2,139.0,1332931.0
CD4i_R2_D3_Rest_NTC-129,NTC-129,CE0008678,Rest,CD4i_R2,234.0,2805841.0
CD4i_R2_D3_Rest_NTC-130,NTC-130,CE0008678,Rest,CD4i_R2,77.0,1033459.0
CD4i_R2_D3_Rest_NTC-131,NTC-131,CE0008678,Rest,CD4i_R2,230.0,2306250.0
CD4i_R2_D3_Rest_NTC-132,NTC-132,CE0008678,Rest,CD4i_R2,58.0,484001.0
CD4i_R2_D3_Rest_NTC-133,NTC-133,CE0008678,Rest,CD4i_R2,107.0,1051360.0
CD4i_R2_D3_Rest_NTC-135,NTC-135,CE0008678,Rest,CD4i_R2,18.0,299887.0
CD4i_R2_D3_Rest_NTC-136,NTC-136,CE0008678,Rest,CD4i_R2,80.0,1039306.0
CD4i_R2_D3_Rest_NTC-137,NTC-137,CE0008678,Rest,CD4i_R2,32.0,263129.0
CD4i_R2_D3_Rest_NTC-138,NTC-138,CE0008678,Rest,CD4i_R2,13.0,155004.0
CD4i_R2_D3_Rest_NTC-140,NTC-140,CE0008678,Rest,CD4i_R2,130.0,1170875.0
CD4i_R2_D3_Rest_NTC-141,NTC-141,CE0008678,Rest,CD4i_R2,94.0,1249250.0
CD4i_R2_D3_Rest_NTC-142,NTC-142,CE0008678,Rest,CD4i_R2,273.0,2959892.0
CD4i_R2_D3_Rest_NTC-144,NTC-144,CE0008678,Rest,CD4i_R2,6.0,81580.0
CD4i_R2_D3_Rest_NTC-150,NTC-150,CE0008678,Rest,CD4i_R2,5.0,33558.0
CD4i_R2_D3_Rest_NTC-151,NTC-151,CE0008678,Rest,CD4i_R2,44.0,410428.0
CD4i_R2_D3_Rest_NTC-153,NTC-153,CE0008678,Rest,CD4i_R2,47.0,504775.0
CD4i_R2_D3_Rest_NTC-154,NTC-154,CE0008678,Rest,CD4i_R2,10.0,245879.0
CD4i_R2_D3_Rest_NTC-155,NTC-155,CE0008678,Rest,CD4i_R2,39.0,343520.0
CD4i_R2_D3_Rest_NTC-156,NTC-156,CE0008678,Rest,CD4i_R2,9.0,199593.0
CD4i_R2_D3_Rest_NTC-157,NTC-157,CE0008678,Rest,CD4i_R2,94.0,1250285.0
CD4i_R2_D3_Rest_NTC-158,NTC-158,CE0008678,Rest,CD4i_R2,11.0,93362.0
CD4i_R2_D3_Rest_NTC-159,NTC-159,CE0008678,Rest,CD4i_R2,76.0,601594.0
CD4i_R2_D3_Rest_NTC-160,NTC-160,CE0008678,Rest,CD4i_R2,42.0,550344.0
CD4i_R2_D3_Rest_NTC-163,NTC-163,CE0008678,Rest,CD4i_R2,50.0,496773.0
CD4i_R2_D3_Rest_NTC-164,NTC-164,CE0008678,Rest,CD4i_R2,157.0,2131946.0
CD4i_R2_D3_Rest_NTC-166,NTC-166,CE0008678,Rest,CD4i_R2,14.0,127980.0
CD4i_R2_D3_Rest_NTC-167,NTC-167,CE0008678,Rest,CD4i_R2,309.0,3654451.0
CD4i_R2_D3_Rest_NTC-169,NTC-169,CE0008678,Rest,CD4i_R2,120.0,1645578.0
CD4i_R2_D3_Rest_NTC-170,NTC-170,CE0008678,Rest,CD4i_R2,46.0,419350.0
CD4i_R2_D3_Rest_NTC-171,NTC-171,CE0008678,Rest,CD4i_R2,54.0,652886.0
CD4i_R2_D3_Rest_NTC-172,NTC-172,CE0008678,Rest,CD4i_R2,164.0,1871870.0
CD4i_R2_D3_Rest_NTC-173,NTC-173,CE0008678,Rest,CD4i_R2,29.0,385759.0
CD4i_R2_D3_Rest_NTC-174,NTC-174,CE0008678,Rest,CD4i_R2,163.0,1851397.0
CD4i_R2_D3_Rest_NTC-175,NTC-175,CE0008678,Rest,CD4i_R2,26.0,265824.0
CD4i_R2_D3_Rest_NTC-176,NTC-176,CE0008678,Rest,CD4i_R2,181.0,2007619.0
CD4i_R2_D3_Rest_NTC-177,NTC-177,CE0008678,Rest,CD4i_R2,101.0,1060122.0
CD4i_R2_D3_Rest_NTC-179,NTC-179,CE0008678,Rest,CD4i_R2,11.0,139651.0
CD4i_R2_D3_Rest_NTC-180,NTC-180,CE0008678,Rest,CD4i_R2,41.0,363558.0
CD4i_R2_D3_Rest_NTC-181,NTC-181,CE0008678,Rest,CD4i_R2,215.0,2236128.0
CD4i_R2_D3_Rest_NTC-182,NTC-182,CE0008678,Rest,CD4i_R2,22.0,209590.0
CD4i_R2_D3_Rest_NTC-184,NTC-184,CE0008678,Rest,CD4i_R2,121.0,1049526.0
CD4i_R2_D3_Rest_NTC-186,NTC-186,CE0008678,Rest,CD4i_R2,20.0,251303.0
CD4i_R2_D3_Rest_NTC-188,NTC-188,CE0008678,Rest,CD4i_R2,16.0,96492.0
CD4i_R2_D3_Rest_NTC-189,NTC-189,CE0008678,Rest,CD4i_R2,65.0,517223.0
CD4i_R2_D3_Rest_NTC-190,NTC-190,CE0008678,Rest,CD4i_R2,89.0,945493.0
CD4i_R2_D3_Rest_NTC-191,NTC-191,CE0008678,Rest,CD4i_R2,162.0,1864398.0
CD4i_R2_D3_Rest_NTC-192,NTC-192,CE0008678,Rest,CD4i_R2,10.0,68277.0
CD4i_R2_D3_Rest_NTC-193,NTC-193,CE0008678,Rest,CD4i_R2,81.0,706884.0
CD4i_R2_D3_Rest_NTC-194,NTC-194,CE0008678,Rest,CD4i_R2,50.0,651661.0
CD4i_R2_D3_Rest_NTC-195,NTC-195,CE0008678,Rest,CD4i_R2,108.0,1149591.0
CD4i_R2_D3_Rest_NTC-196,NTC-196,CE0008678,Rest,CD4i_R2,257.0,2914080.0
CD4i_R2_D3_Rest_NTC-197,NTC-197,CE0008678,Rest,CD4i_R2,57.0,593998.0
CD4i_R2_D3_Rest_NTC-198,NTC-198,CE0008678,Rest,CD4i_R2,265.0,4000685.0
CD4i_R2_D3_Rest_NTC-199,NTC-199,CE0008678,Rest,CD4i_R2,19.0,239246.0
CD4i_R2_D3_Rest_NTC-200,NTC-200,CE0008678,Rest,CD4i_R2,9.0,101041.0
CD4i_R2_D3_Rest_NTC-205,NTC-205,CE0008678,Rest,CD4i_R2,20.0,200074.0
CD4i_R2_D3_Rest_NTC-206,NTC-206,CE0008678,Rest,CD4i_R2,134.0,1411262.0
CD4i_R2_D3_Rest_NTC-208,NTC-208,CE0008678,Rest,CD4i_R2,13.0,278753.0
CD4i_R2_D3_Rest_NTC-209,NTC-209,CE0008678,Rest,CD4i_R2,130.0,1622650.0
CD4i_R2_D3_Rest_NTC-211,NTC-211,CE0008678,Rest,CD4i_R2,9.0,117769.0
CD4i_R2_D3_Rest_NTC-212,NTC-212,CE0008678,Rest,CD4i_R2,32.0,404371.0
CD4i_R2_D3_Rest_NTC-213,NTC-213,CE0008678,Rest,CD4i_R2,70.0,553391.0
CD4i_R2_D3_Rest_NTC-214,NTC-214,CE0008678,Rest,CD4i_R2,136.0,1395887.0
CD4i_R2_D3_Rest_NTC-215,NTC-215,CE0008678,Rest,CD4i_R2,24.0,254455.0
CD4i_R2_D3_Rest_NTC-217,NTC-217,CE0008678,Rest,CD4i_R2,33.0,394361.0
CD4i_R2_D3_Rest_NTC-219,NTC-219,CE0008678,Rest,CD4i_R2,47.0,467743.0
CD4i_R2_D3_Rest_NTC-220,NTC-220,CE0008678,Rest,CD4i_R2,74.0,813235.0
CD4i_R2_D3_Rest_NTC-221,NTC-221,CE0008678,Rest,CD4i_R2,29.0,413109.0
CD4i_R2_D3_Rest_NTC-222,NTC-222,CE0008678,Rest,CD4i_R2,82.0,719595.0
CD4i_R2_D3_Rest_NTC-224,NTC-224,CE0008678,Rest,CD4i_R2,9.0,88260.0
CD4i_R2_D3_Rest_NTC-228,NTC-228,CE0008678,Rest,CD4i_R2,83.0,666674.0
CD4i_R2_D3_Rest_NTC-231,NTC-231,CE0008678,Rest,CD4i_R2,118.0,1392478.0
CD4i_R2_D3_Rest_NTC-232,NTC-232,CE0008678,Rest,CD4i_R2,108.0,1111096.0
CD4i_R2_D3_Rest_NTC-233,NTC-233,CE0008678,Rest,CD4i_R2,17.0,148557.0
CD4i_R2_D3_Rest_NTC-235,NTC-235,CE0008678,Rest,CD4i_R2,121.0,1285457.0
CD4i_R2_D3_Rest_NTC-236,NTC-236,CE0008678,Rest,CD4i_R2,43.0,445441.0
CD4i_R2_D3_Rest_NTC-237,NTC-237,CE0008678,Rest,CD4i_R2,50.0,436563.0
CD4i_R2_D3_Rest_NTC-240,NTC-240,CE0008678,Rest,CD4i_R2,6.0,72946.0
CD4i_R2_D3_Rest_NTC-242,NTC-242,CE0008678,Rest,CD4i_R2,210.0,2893774.0
CD4i_R2_D3_Rest_NTC-244,NTC-244,CE0008678,Rest,CD4i_R2,30.0,298727.0
CD4i_R2_D3_Rest_NTC-245,NTC-245,CE0008678,Rest,CD4i_R2,186.0,1979537.0
CD4i_R2_D3_Rest_NTC-246,NTC-246,CE0008678,Rest,CD4i_R2,46.0,536781.0
CD4i_R2_D3_Rest_NTC-247,NTC-247,CE0008678,Rest,CD4i_R2,11.0,110099.0
CD4i_R2_D3_Rest_NTC-248,NTC-248,CE0008678,Rest,CD4i_R2,69.0,894123.0
CD4i_R2_D3_Rest_NTC-249,NTC-249,CE0008678,Rest,CD4i_R2,135.0,1661515.0
CD4i_R2_D3_Rest_NTC-250,NTC-250,CE0008678,Rest,CD4i_R2,388.0,3926467.0
CD4i_R2_D3_Rest_NTC-254,NTC-254,CE0008678,Rest,CD4i_R2,66.0,651366.0
CD4i_R2_D3_Rest_NTC-256,NTC-256,CE0008678,Rest,CD4i_R2,99.0,1366056.0
CD4i_R2_D3_Rest_NTC-257,NTC-257,CE0008678,Rest,CD4i_R2,86.0,775673.0
CD4i_R2_D3_Rest_NTC-258,NTC-258,CE0008678,Rest,CD4i_R2,159.0,1576379.0
CD4i_R2_D3_Rest_NTC-260,NTC-260,CE0008678,Rest,CD4i_R2,38.0,364936.0
CD4i_R2_D3_Rest_NTC-262,NTC-262,CE0008678,Rest,CD4i_R2,226.0,2419487.0
CD4i_R2_D3_Rest_NTC-263,NTC-263,CE0008678,Rest,CD4i_R2,63.0,692512.0
CD4i_R2_D3_Rest_NTC-264,NTC-264,CE0008678,Rest,CD4i_R2,107.0,1021404.0
CD4i_R2_D3_Rest_NTC-265,NTC-265,CE0008678,Rest,CD4i_R2,9.0,77592.0
CD4i_R2_D3_Rest_NTC-266,NTC-266,CE0008678,Rest,CD4i_R2,5.0,24282.0
CD4i_R2_D3_Rest_NTC-267,NTC-267,CE0008678,Rest,CD4i_R2,155.0,1514337.0
CD4i_R2_D3_Rest_NTC-268,NTC-268,CE0008678,Rest,CD4i_R2,111.0,655509.0
CD4i_R2_D3_Rest_NTC-270,NTC-270,CE0008678,Rest,CD4i_R2,36.0,569269.0
CD4i_R2_D3_Rest_NTC-271,NTC-271,CE0008678,Rest,CD4i_R2,282.0,3100539.0
CD4i_R2_D3_Rest_NTC-273,NTC-273,CE0008678,Rest,CD4i_R2,37.0,457698.0
CD4i_R2_D3_Rest_NTC-274,NTC-274,CE0008678,Rest,CD4i_R2,28.0,230758.0
CD4i_R2_D3_Rest_NTC-275,NTC-275,CE0008678,Rest,CD4i_R2,135.0,2042913.0
CD4i_R2_D3_Rest_NTC-276,NTC-276,CE0008678,Rest,CD4i_R2,89.0,946864.0
CD4i_R2_D3_Rest_NTC-277,NTC-277,CE0008678,Rest,CD4i_R2,33.0,353255.0
CD4i_R2_D3_Rest_NTC-278,NTC-278,CE0008678,Rest,CD4i_R2,91.0,834001.0
CD4i_R2_D3_Rest_NTC-280,NTC-280,CE0008678,Rest,CD4i_R2,191.0,2027321.0
CD4i_R2_D3_Rest_NTC-285,NTC-285,CE0008678,Rest,CD4i_R2,10.0,84367.0
CD4i_R2_D3_Rest_NTC-287,NTC-287,CE0008678,Rest,CD4i_R2,173.0,1633218.0
CD4i_R2_D3_Rest_NTC-288,NTC-288,CE0008678,Rest,CD4i_R2,71.0,600769.0
CD4i_R2_D3_Rest_NTC-289,NTC-289,CE0008678,Rest,CD4i_R2,28.0,321213.0
CD4i_R2_D3_Rest_NTC-290,NTC-290,CE0008678,Rest,CD4i_R2,87.0,1058594.0
CD4i_R2_D3_Rest_NTC-291,NTC-291,CE0008678,Rest,CD4i_R2,325.0,3823194.0
CD4i_R2_D3_Rest_NTC-292,NTC-292,CE0008678,Rest,CD4i_R2,58.0,471385.0
CD4i_R2_D3_Rest_NTC-293,NTC-293,CE0008678,Rest,CD4i_R2,33.0,420465.0
CD4i_R2_D3_Rest_NTC-295,NTC-295,CE0008678,Rest,CD4i_R2,71.0,538981.0
CD4i_R2_D3_Rest_NTC-296,NTC-296,CE0008678,Rest,CD4i_R2,367.0,3243947.0
CD4i_R2_D3_Rest_NTC-297,NTC-297,CE0008678,Rest,CD4i_R2,61.0,609067.0
CD4i_R2_D3_Rest_NTC-298,NTC-298,CE0008678,Rest,CD4i_R2,8.0,69526.0
CD4i_R2_D3_Rest_NTC-299,NTC-299,CE0008678,Rest,CD4i_R2,57.0,781772.0
CD4i_R2_D3_Rest_NTC-301,NTC-301,CE0008678,Rest,CD4i_R2,296.0,2967956.0
CD4i_R2_D3_Rest_NTC-302,NTC-302,CE0008678,Rest,CD4i_R2,207.0,2295998.0
CD4i_R2_D3_Rest_NTC-303,NTC-303,CE0008678,Rest,CD4i_R2,180.0,1775272.0
CD4i_R2_D3_Rest_NTC-304,NTC-304,CE0008678,Rest,CD4i_R2,7.0,45048.0
CD4i_R2_D3_Rest_NTC-305,NTC-305,CE0008678,Rest,CD4i_R2,207.0,2390430.0
CD4i_R2_D3_Rest_NTC-306,NTC-306,CE0008678,Rest,CD4i_R2,277.0,2955621.0
CD4i_R2_D3_Rest_NTC-307,NTC-307,CE0008678,Rest,CD4i_R2,118.0,2013289.0
CD4i_R2_D3_Rest_NTC-309,NTC-309,CE0008678,Rest,CD4i_R2,5.0,33287.0
CD4i_R2_D3_Rest_NTC-310,NTC-310,CE0008678,Rest,CD4i_R2,248.0,3314665.0
CD4i_R2_D3_Rest_NTC-311,NTC-311,CE0008678,Rest,CD4i_R2,30.0,347674.0
CD4i_R2_D3_Rest_NTC-312,NTC-312,CE0008678,Rest,CD4i_R2,19.0,253448.0
CD4i_R2_D3_Rest_NTC-314,NTC-314,CE0008678,Rest,CD4i_R2,35.0,420663.0
CD4i_R2_D3_Rest_NTC-315,NTC-315,CE0008678,Rest,CD4i_R2,6.0,23998.0
CD4i_R2_D3_Rest_NTC-317,NTC-317,CE0008678,Rest,CD4i_R2,285.0,2820651.0
CD4i_R2_D3_Rest_NTC-319,NTC-319,CE0008678,Rest,CD4i_R2,195.0,3467424.0
CD4i_R2_D3_Rest_NTC-320,NTC-320,CE0008678,Rest,CD4i_R2,60.0,567632.0
CD4i_R2_D3_Rest_NTC-321,NTC-321,CE0008678,Rest,CD4i_R2,17.0,145886.0
CD4i_R2_D3_Rest_NTC-322,NTC-322,CE0008678,Rest,CD4i_R2,15.0,110032.0
CD4i_R2_D3_Rest_NTC-323,NTC-323,CE0008678,Rest,CD4i_R2,75.0,784733.0
CD4i_R2_D3_Rest_NTC-324,NTC-324,CE0008678,Rest,CD4i_R2,91.0,739238.0
CD4i_R2_D3_Rest_NTC-326,NTC-326,CE0008678,Rest,CD4i_R2,13.0,154087.0
CD4i_R2_D3_Rest_NTC-327,NTC-327,CE0008678,Rest,CD4i_R2,17.0,264520.0
CD4i_R2_D3_Rest_NTC-328,NTC-328,CE0008678,Rest,CD4i_R2,48.0,479878.0
CD4i_R2_D3_Rest_NTC-332,NTC-332,CE0008678,Rest,CD4i_R2,63.0,692768.0
CD4i_R2_D3_Rest_NTC-333,NTC-333,CE0008678,Rest,CD4i_R2,25.0,296353.0
CD4i_R2_D3_Rest_NTC-334,NTC-334,CE0008678,Rest,CD4i_R2,26.0,263919.0
CD4i_R2_D3_Rest_NTC-336,NTC-336,CE0008678,Rest,CD4i_R2,25.0,194143.0
CD4i_R2_D3_Rest_NTC-337,NTC-337,CE0008678,Rest,CD4i_R2,23.0,213612.0
CD4i_R2_D3_Rest_NTC-338,NTC-338,CE0008678,Rest,CD4i_R2,26.0,288737.0
CD4i_R2_D3_Rest_NTC-339,NTC-339,CE0008678,Rest,CD4i_R2,302.0,5124878.0
CD4i_R2_D3_Rest_NTC-340,NTC-340,CE0008678,Rest,CD4i_R2,205.0,2259898.0
CD4i_R2_D3_Rest_NTC-343,NTC-343,CE0008678,Rest,CD4i_R2,124.0,1383786.0
CD4i_R2_D3_Rest_NTC-344,NTC-344,CE0008678,Rest,CD4i_R2,109.0,1363431.0
CD4i_R2_D3_Rest_NTC-346,NTC-346,CE0008678,Rest,CD4i_R2,38.0,439795.0
CD4i_R2_D3_Rest_NTC-348,NTC-348,CE0008678,Rest,CD4i_R2,11.0,110631.0
CD4i_R2_D3_Rest_NTC-351,NTC-351,CE0008678,Rest,CD4i_R2,20.0,316311.0
CD4i_R2_D3_Rest_NTC-352,NTC-352,CE0008678,Rest,CD4i_R2,81.0,880305.0
CD4i_R2_D3_Rest_NTC-353,NTC-353,CE0008678,Rest,CD4i_R2,49.0,445824.0
CD4i_R2_D3_Rest_NTC-354,NTC-354,CE0008678,Rest,CD4i_R2,25.0,211756.0
CD4i_R2_D3_Rest_NTC-355,NTC-355,CE0008678,Rest,CD4i_R2,112.0,1460769.0
CD4i_R2_D3_Rest_NTC-356,NTC-356,CE0008678,Rest,CD4i_R2,15.0,190681.0
CD4i_R2_D3_Rest_NTC-357,NTC-357,CE0008678,Rest,CD4i_R2,12.0,92908.0
CD4i_R2_D3_Rest_NTC-359,NTC-359,CE0008678,Rest,CD4i_R2,7.0,59908.0
CD4i_R2_D3_Rest_NTC-361,NTC-361,CE0008678,Rest,CD4i_R2,171.0,1632381.0
CD4i_R2_D3_Rest_NTC-362,NTC-362,CE0008678,Rest,CD4i_R2,95.0,988121.0
CD4i_R2_D3_Rest_NTC-365,NTC-365,CE0008678,Rest,CD4i_R2,96.0,920753.0
CD4i_R2_D3_Rest_NTC-366,NTC-366,CE0008678,Rest,CD4i_R2,10.0,132699.0
CD4i_R2_D3_Rest_NTC-367,NTC-367,CE0008678,Rest,CD4i_R2,42.0,479522.0
CD4i_R2_D3_Rest_NTC-370,NTC-370,CE0008678,Rest,CD4i_R2,316.0,3230566.0
CD4i_R2_D3_Rest_NTC-371,NTC-371,CE0008678,Rest,CD4i_R2,19.0,200602.0
CD4i_R2_D3_Rest_NTC-372,NTC-372,CE0008678,Rest,CD4i_R2,112.0,1278486.0
CD4i_R2_D3_Rest_NTC-374,NTC-374,CE0008678,Rest,CD4i_R2,62.0,783633.0
CD4i_R2_D3_Rest_NTC-376,NTC-376,CE0008678,Rest,CD4i_R2,43.0,286352.0
CD4i_R2_D3_Rest_NTC-377,NTC-377,CE0008678,Rest,CD4i_R2,40.0,383277.0
CD4i_R2_D3_Rest_NTC-378,NTC-378,CE0008678,Rest,CD4i_R2,353.0,3422549.0
CD4i_R2_D3_Rest_NTC-381,NTC-381,CE0008678,Rest,CD4i_R2,65.0,780937.0
CD4i_R2_D3_Rest_NTC-382,NTC-382,CE0008678,Rest,CD4i_R2,105.0,1021102.0
CD4i_R2_D3_Rest_NTC-383,NTC-383,CE0008678,Rest,CD4i_R2,53.0,532486.0
CD4i_R2_D3_Rest_NTC-384,NTC-384,CE0008678,Rest,CD4i_R2,115.0,1226742.0
CD4i_R2_D3_Rest_NTC-386,NTC-386,CE0008678,Rest,CD4i_R2,470.0,4564406.0
CD4i_R2_D3_Rest_NTC-387,NTC-387,CE0008678,Rest,CD4i_R2,127.0,1097556.0
CD4i_R2_D3_Rest_NTC-388,NTC-388,CE0008678,Rest,CD4i_R2,189.0,1766292.0
CD4i_R2_D3_Rest_NTC-389,NTC-389,CE0008678,Rest,CD4i_R2,51.0,525369.0
CD4i_R2_D3_Rest_NTC-390,NTC-390,CE0008678,Rest,CD4i_R2,14.0,284682.0
CD4i_R2_D3_Rest_NTC-391,NTC-391,CE0008678,Rest,CD4i_R2,92.0,1201721.0
CD4i_R2_D3_Rest_NTC-392,NTC-392,CE0008678,Rest,CD4i_R2,36.0,486663.0
CD4i_R2_D3_Rest_NTC-393,NTC-393,CE0008678,Rest,CD4i_R2,126.0,1836109.0
CD4i_R2_D3_Rest_NTC-394,NTC-394,CE0008678,Rest,CD4i_R2,101.0,1308265.0
CD4i_R2_D3_Rest_NTC-397,NTC-397,CE0008678,Rest,CD4i_R2,10.0,104314.0
CD4i_R2_D3_Rest_NTC-398,NTC-398,CE0008678,Rest,CD4i_R2,5.0,51460.0
CD4i_R2_D3_Rest_NTC-400,NTC-400,CE0008678,Rest,CD4i_R2,5.0,35620.0
CD4i_R2_D3_Rest_NTC-401,NTC-401,CE0008678,Rest,CD4i_R2,38.0,382445.0
CD4i_R2_D3_Rest_NTC-404,NTC-404,CE0008678,Rest,CD4i_R2,60.0,595055.0
CD4i_R2_D3_Rest_NTC-406,NTC-406,CE0008678,Rest,CD4i_R2,58.0,775219.0
CD4i_R2_D3_Rest_NTC-407,NTC-407,CE0008678,Rest,CD4i_R2,236.0,3282641.0
CD4i_R2_D3_Rest_NTC-408,NTC-408,CE0008678,Rest,CD4i_R2,130.0,1463616.0
CD4i_R2_D3_Rest_NTC-409,NTC-409,CE0008678,Rest,CD4i_R2,203.0,2795269.0
CD4i_R2_D3_Rest_NTC-411,NTC-411,CE0008678,Rest,CD4i_R2,19.0,179693.0
CD4i_R2_D3_Rest_NTC-412,NTC-412,CE0008678,Rest,CD4i_R2,14.0,141484.0
CD4i_R2_D3_Rest_NTC-413,NTC-413,CE0008678,Rest,CD4i_R2,156.0,1835793.0
CD4i_R2_D3_Rest_NTC-414,NTC-414,CE0008678,Rest,CD4i_R2,20.0,207934.0
CD4i_R2_D3_Rest_NTC-416,NTC-416,CE0008678,Rest,CD4i_R2,42.0,324434.0
CD4i_R2_D3_Rest_NTC-417,NTC-417,CE0008678,Rest,CD4i_R2,25.0,370573.0
CD4i_R2_D3_Rest_NTC-420,NTC-420,CE0008678,Rest,CD4i_R2,120.0,1233591.0
CD4i_R2_D3_Rest_NTC-422,NTC-422,CE0008678,Rest,CD4i_R2,6.0,49344.0
CD4i_R2_D3_Rest_NTC-423,NTC-423,CE0008678,Rest,CD4i_R2,16.0,140342.0
CD4i_R2_D3_Rest_NTC-424,NTC-424,CE0008678,Rest,CD4i_R2,98.0,1364399.0
CD4i_R2_D3_Rest_NTC-425,NTC-425,CE0008678,Rest,CD4i_R2,126.0,1140936.0
CD4i_R2_D3_Rest_NTC-426,NTC-426,CE0008678,Rest,CD4i_R2,68.0,515287.0
CD4i_R2_D3_Rest_NTC-427,NTC-427,CE0008678,Rest,CD4i_R2,95.0,1006971.0
CD4i_R2_D3_Rest_NTC-428,NTC-428,CE0008678,Rest,CD4i_R2,130.0,1578426.0
CD4i_R2_D3_Rest_NTC-429,NTC-429,CE0008678,Rest,CD4i_R2,73.0,1166202.0
CD4i_R2_D3_Rest_NTC-430,NTC-430,CE0008678,Rest,CD4i_R2,131.0,1427741.0
CD4i_R2_D3_Rest_NTC-431,NTC-431,CE0008678,Rest,CD4i_R2,24.0,241170.0
CD4i_R2_D3_Rest_NTC-432,NTC-432,CE0008678,Rest,CD4i_R2,25.0,167267.0
CD4i_R2_D3_Rest_NTC-433,NTC-433,CE0008678,Rest,CD4i_R2,72.0,821376.0
CD4i_R2_D3_Rest_NTC-434,NTC-434,CE0008678,Rest,CD4i_R2,81.0,1313167.0
CD4i_R2_D3_Rest_NTC-436,NTC-436,CE0008678,Rest,CD4i_R2,20.0,127812.0
CD4i_R2_D3_Rest_NTC-437,NTC-437,CE0008678,Rest,CD4i_R2,24.0,273085.0
CD4i_R2_D3_Rest_NTC-438,NTC-438,CE0008678,Rest,CD4i_R2,175.0,1888448.0
CD4i_R2_D3_Rest_NTC-439,NTC-439,CE0008678,Rest,CD4i_R2,111.0,1197846.0
CD4i_R2_D3_Rest_NTC-441,NTC-441,CE0008678,Rest,CD4i_R2,7.0,99561.0
CD4i_R2_D3_Rest_NTC-443,NTC-443,CE0008678,Rest,CD4i_R2,16.0,230239.0
CD4i_R2_D3_Rest_NTC-444,NTC-444,CE0008678,Rest,CD4i_R2,252.0,3554883.0
CD4i_R2_D3_Rest_NTC-445,NTC-445,CE0008678,Rest,CD4i_R2,91.0,830667.0
CD4i_R2_D3_Rest_NTC-446,NTC-446,CE0008678,Rest,CD4i_R2,15.0,98608.0
CD4i_R2_D3_Rest_NTC-447,NTC-447,CE0008678,Rest,CD4i_R2,102.0,729305.0
CD4i_R2_D3_Rest_NTC-449,NTC-449,CE0008678,Rest,CD4i_R2,15.0,95648.0
CD4i_R2_D3_Rest_NTC-451,NTC-451,CE0008678,Rest,CD4i_R2,11.0,88834.0
CD4i_R2_D3_Rest_NTC-452,NTC-452,CE0008678,Rest,CD4i_R2,57.0,644239.0
CD4i_R2_D3_Rest_NTC-453,NTC-453,CE0008678,Rest,CD4i_R2,26.0,342345.0
CD4i_R2_D3_Rest_NTC-454,NTC-454,CE0008678,Rest,CD4i_R2,31.0,353976.0
CD4i_R2_D3_Rest_NTC-456,NTC-456,CE0008678,Rest,CD4i_R2,237.0,2579901.0
CD4i_R2_D3_Rest_NTC-457,NTC-457,CE0008678,Rest,CD4i_R2,91.0,925803.0
CD4i_R2_D3_Rest_NTC-458,NTC-458,CE0008678,Rest,CD4i_R2,33.0,324569.0
CD4i_R2_D3_Rest_NTC-459,NTC-459,CE0008678,Rest,CD4i_R2,62.0,786351.0
CD4i_R2_D3_Rest_NTC-461,NTC-461,CE0008678,Rest,CD4i_R2,5.0,47148.0
CD4i_R2_D3_Rest_NTC-462,NTC-462,CE0008678,Rest,CD4i_R2,35.0,560578.0
CD4i_R2_D3_Rest_NTC-463,NTC-463,CE0008678,Rest,CD4i_R2,94.0,1125876.0
CD4i_R2_D3_Rest_NTC-465,NTC-465,CE0008678,Rest,CD4i_R2,18.0,127699.0
CD4i_R2_D3_Rest_NTC-466,NTC-466,CE0008678,Rest,CD4i_R2,12.0,141878.0
CD4i_R2_D3_Rest_NTC-468,NTC-468,CE0008678,Rest,CD4i_R2,65.0,897700.0
CD4i_R2_D3_Rest_NTC-471,NTC-471,CE0008678,Rest,CD4i_R2,47.0,443480.0
CD4i_R2_D3_Rest_NTC-473,NTC-473,CE0008678,Rest,CD4i_R2,74.0,717597.0
CD4i_R2_D3_Rest_NTC-474,NTC-474,CE0008678,Rest,CD4i_R2,35.0,511671.0
CD4i_R2_D3_Rest_NTC-475,NTC-475,CE0008678,Rest,CD4i_R2,39.0,452447.0
CD4i_R2_D3_Rest_NTC-476,NTC-476,CE0008678,Rest,CD4i_R2,80.0,863786.0
CD4i_R2_D3_Rest_NTC-477,NTC-477,CE0008678,Rest,CD4i_R2,55.0,578466.0
CD4i_R2_D3_Rest_NTC-478,NTC-478,CE0008678,Rest,CD4i_R2,373.0,4740852.0
CD4i_R2_D3_Rest_NTC-479,NTC-479,CE0008678,Rest,CD4i_R2,71.0,752705.0
CD4i_R2_D3_Rest_NTC-482,NTC-482,CE0008678,Rest,CD4i_R2,11.0,109297.0
CD4i_R2_D3_Rest_NTC-483,NTC-483,CE0008678,Rest,CD4i_R2,5.0,66294.0
CD4i_R2_D3_Rest_NTC-484,NTC-484,CE0008678,Rest,CD4i_R2,147.0,1566855.0
CD4i_R2_D3_Rest_NTC-485,NTC-485,CE0008678,Rest,CD4i_R2,280.0,2947722.0
CD4i_R2_D3_Rest_NTC-486,NTC-486,CE0008678,Rest,CD4i_R2,85.0,1387625.0
CD4i_R2_D3_Rest_NTC-488,NTC-488,CE0008678,Rest,CD4i_R2,132.0,1194097.0
CD4i_R2_D3_Rest_NTC-489,NTC-489,CE0008678,Rest,CD4i_R2,5.0,48411.0
CD4i_R2_D3_Rest_NTC-490,NTC-490,CE0008678,Rest,CD4i_R2,298.0,4080367.0
CD4i_R2_D3_Rest_NTC-491,NTC-491,CE0008678,Rest,CD4i_R2,5.0,35198.0
CD4i_R2_D3_Rest_NTC-492,NTC-492,CE0008678,Rest,CD4i_R2,304.0,3402910.0
CD4i_R2_D3_Rest_NTC-493,NTC-493,CE0008678,Rest,CD4i_R2,16.0,181118.0
CD4i_R2_D3_Rest_NTC-494,NTC-494,CE0008678,Rest,CD4i_R2,125.0,1337456.0
CD4i_R2_D3_Rest_NTC-495,NTC-495,CE0008678,Rest,CD4i_R2,5.0,34591.0
CD4i_R2_D3_Rest_NTC-497,NTC-497,CE0008678,Rest,CD4i_R2,99.0,1286313.0
CD4i_R2_D3_Rest_NTC-499,NTC-499,CE0008678,Rest,CD4i_R2,21.0,220535.0
CD4i_R2_D3_Rest_NTC-500,NTC-500,CE0008678,Rest,CD4i_R2,9.0,74844.0
CD4i_R2_D3_Rest_NTC-501,NTC-501,CE0008678,Rest,CD4i_R2,200.0,3005277.0
CD4i_R2_D3_Rest_NTC-502,NTC-502,CE0008678,Rest,CD4i_R2,105.0,966925.0
CD4i_R2_D3_Rest_NTC-503,NTC-503,CE0008678,Rest,CD4i_R2,141.0,1693836.0
CD4i_R2_D3_Rest_NTC-504,NTC-504,CE0008678,Rest,CD4i_R2,102.0,1151937.0
CD4i_R2_D3_Rest_NTC-506,NTC-506,CE0008678,Rest,CD4i_R2,32.0,377269.0
CD4i_R2_D3_Rest_NTC-507,NTC-507,CE0008678,Rest,CD4i_R2,81.0,809767.0
CD4i_R2_D3_Rest_NTC-508,NTC-508,CE0008678,Rest,CD4i_R2,148.0,1599210.0
CD4i_R2_D3_Rest_NTC-509,NTC-509,CE0008678,Rest,CD4i_R2,112.0,1284262.0
CD4i_R2_D3_Rest_NTC-510,NTC-510,CE0008678,Rest,CD4i_R2,125.0,1421363.0
CD4i_R2_D3_Rest_NTC-511,NTC-511,CE0008678,Rest,CD4i_R2,14.0,297793.0
CD4i_R2_D3_Rest_NTC-512,NTC-512,CE0008678,Rest,CD4i_R2,7.0,80943.0
CD4i_R2_D3_Rest_NTC-513,NTC-513,CE0008678,Rest,CD4i_R2,62.0,618528.0
CD4i_R2_D3_Rest_NTC-514,NTC-514,CE0008678,Rest,CD4i_R2,63.0,622950.0
CD4i_R2_D3_Rest_NTC-515,NTC-515,CE0008678,Rest,CD4i_R2,23.0,213549.0
CD4i_R2_D3_Rest_NTC-516,NTC-516,CE0008678,Rest,CD4i_R2,53.0,874504.0
CD4i_R2_D3_Rest_NTC-517,NTC-517,CE0008678,Rest,CD4i_R2,17.0,137671.0
CD4i_R2_D3_Rest_NTC-518,NTC-518,CE0008678,Rest,CD4i_R2,29.0,491881.0
CD4i_R2_D3_Rest_NTC-519,NTC-519,CE0008678,Rest,CD4i_R2,11.0,95395.0
CD4i_R2_D3_Rest_NTC-521,NTC-521,CE0008678,Rest,CD4i_R2,426.0,5576255.0
CD4i_R2_D3_Rest_NTC-522,NTC-522,CE0008678,Rest,CD4i_R2,12.0,132932.0
CD4i_R2_D3_Rest_NTC-523,NTC-523,CE0008678,Rest,CD4i_R2,7.0,58236.0
CD4i_R2_D3_Rest_NTC-525,NTC-525,CE0008678,Rest,CD4i_R2,12.0,106452.0
CD4i_R2_D3_Rest_NTC-526,NTC-526,CE0008678,Rest,CD4i_R2,95.0,1142133.0
CD4i_R2_D3_Rest_NTC-527,NTC-527,CE0008678,Rest,CD4i_R2,91.0,899146.0
CD4i_R2_D3_Rest_NTC-528,NTC-528,CE0008678,Rest,CD4i_R2,60.0,591503.0
CD4i_R2_D3_Rest_NTC-530,NTC-530,CE0008678,Rest,CD4i_R2,77.0,680913.0
CD4i_R2_D3_Rest_NTC-531,NTC-531,CE0008678,Rest,CD4i_R2,62.0,672844.0
CD4i_R2_D3_Rest_NTC-532,NTC-532,CE0008678,Rest,CD4i_R2,47.0,339271.0
CD4i_R2_D3_Rest_NTC-534,NTC-534,CE0008678,Rest,CD4i_R2,59.0,899108.0
CD4i_R2_D3_Rest_NTC-535,NTC-535,CE0008678,Rest,CD4i_R2,284.0,2468085.0
CD4i_R2_D3_Rest_NTC-536,NTC-536,CE0008678,Rest,CD4i_R2,204.0,2378764.0
CD4i_R2_D3_Rest_NTC-537,NTC-537,CE0008678,Rest,CD4i_R2,327.0,3731596.0
CD4i_R2_D3_Rest_NTC-540,NTC-540,CE0008678,Rest,CD4i_R2,210.0,2933945.0
CD4i_R2_D3_Rest_NTC-541,NTC-541,CE0008678,Rest,CD4i_R2,360.0,3435198.0
CD4i_R2_D3_Rest_NTC-542,NTC-542,CE0008678,Rest,CD4i_R2,83.0,812079.0
CD4i_R2_D3_Rest_NTC-543,NTC-543,CE0008678,Rest,CD4i_R2,6.0,104998.0
CD4i_R2_D3_Rest_NTC-545,NTC-545,CE0008678,Rest,CD4i_R2,19.0,254779.0
CD4i_R2_D3_Rest_NTC-547,NTC-547,CE0008678,Rest,CD4i_R2,76.0,852774.0
CD4i_R2_D3_Rest_NTC-548,NTC-548,CE0008678,Rest,CD4i_R2,681.0,6954144.0
CD4i_R2_D3_Rest_NTC-549,NTC-549,CE0008678,Rest,CD4i_R2,413.0,5128759.0
CD4i_R2_D3_Rest_NTC-550,NTC-550,CE0008678,Rest,CD4i_R2,291.0,3682469.0
CD4i_R2_D3_Rest_NTC-552,NTC-552,CE0008678,Rest,CD4i_R2,593.0,6242204.0
CD4i_R2_D3_Rest_NTC-553,NTC-553,CE0008678,Rest,CD4i_R2,45.0,475867.0
CD4i_R2_D3_Rest_NTC-554,NTC-554,CE0008678,Rest,CD4i_R2,29.0,343318.0
CD4i_R2_D3_Rest_NTC-555,NTC-555,CE0008678,Rest,CD4i_R2,58.0,697122.0
CD4i_R2_D3_Rest_NTC-556,NTC-556,CE0008678,Rest,CD4i_R2,7.0,87632.0
CD4i_R2_D3_Rest_NTC-557,NTC-557,CE0008678,Rest,CD4i_R2,66.0,770569.0
CD4i_R2_D3_Rest_NTC-558,NTC-558,CE0008678,Rest,CD4i_R2,42.0,486067.0
CD4i_R2_D3_Rest_NTC-559,NTC-559,CE0008678,Rest,CD4i_R2,113.0,1129821.0
CD4i_R2_D3_Rest_NTC-560,NTC-560,CE0008678,Rest,CD4i_R2,185.0,1485199.0
CD4i_R2_D3_Rest_NTC-562,NTC-562,CE0008678,Rest,CD4i_R2,117.0,1209055.0
CD4i_R2_D3_Rest_NTC-564,NTC-564,CE0008678,Rest,CD4i_R2,12.0,80309.0
CD4i_R2_D3_Rest_NTC-565,NTC-565,CE0008678,Rest,CD4i_R2,19.0,302224.0
CD4i_R2_D3_Rest_NTC-566,NTC-566,CE0008678,Rest,CD4i_R2,7.0,119061.0
CD4i_R2_D3_Rest_NTC-567,NTC-567,CE0008678,Rest,CD4i_R2,60.0,500060.0
CD4i_R2_D3_Rest_NTC-568,NTC-568,CE0008678,Rest,CD4i_R2,42.0,420368.0
CD4i_R2_D3_Rest_NTC-569,NTC-569,CE0008678,Rest,CD4i_R2,235.0,2733868.0
CD4i_R2_D3_Rest_NTC-570,NTC-570,CE0008678,Rest,CD4i_R2,103.0,1270018.0
CD4i_R2_D3_Rest_NTC-571,NTC-571,CE0008678,Rest,CD4i_R2,125.0,1391654.0
CD4i_R2_D3_Rest_NTC-573,NTC-573,CE0008678,Rest,CD4i_R2,22.0,143398.0
CD4i_R2_D3_Rest_NTC-574,NTC-574,CE0008678,Rest,CD4i_R2,61.0,680708.0
CD4i_R2_D3_Rest_NTC-575,NTC-575,CE0008678,Rest,CD4i_R2,11.0,133967.0
CD4i_R2_D3_Rest_NTC-576,NTC-576,CE0008678,Rest,CD4i_R2,10.0,80880.0
CD4i_R2_D3_Rest_NTC-577,NTC-577,CE0008678,Rest,CD4i_R2,483.0,5312860.0
CD4i_R2_D3_Rest_NTC-579,NTC-579,CE0008678,Rest,CD4i_R2,167.0,1670467.0
CD4i_R2_D3_Rest_NTC-580,NTC-580,CE0008678,Rest,CD4i_R2,28.0,214895.0
CD4i_R2_D3_Rest_NTC-582,NTC-582,CE0008678,Rest,CD4i_R2,64.0,639885.0
CD4i_R2_D3_Rest_NTC-583,NTC-583,CE0008678,Rest,CD4i_R2,78.0,744374.0
CD4i_R2_D3_Rest_NTC-584,NTC-584,CE0008678,Rest,CD4i_R2,88.0,1010082.0
CD4i_R2_D3_Rest_NTC-585,NTC-585,CE0008678,Rest,CD4i_R2,87.0,812235.0
CD4i_R2_D3_Rest_NTC-586,NTC-586,CE0008678,Rest,CD4i_R2,52.0,559997.0
CD4i_R2_D3_Rest_NTC-587,NTC-587,CE0008678,Rest,CD4i_R2,23.0,392806.0
CD4i_R2_D3_Rest_NTC-588,NTC-588,CE0008678,Rest,CD4i_R2,99.0,1532973.0
CD4i_R2_D3_Rest_NTC-589,NTC-589,CE0008678,Rest,CD4i_R2,5.0,31935.0
CD4i_R2_D3_Rest_NTC-590,NTC-590,CE0008678,Rest,CD4i_R2,34.0,434368.0
CD4i_R2_D3_Rest_NTC-591,NTC-591,CE0008678,Rest,CD4i_R2,16.0,159835.0
CD4i_R2_D3_Rest_NTC-592,NTC-592,CE0008678,Rest,CD4i_R2,38.0,316642.0
CD4i_R2_D3_Rest_NTC-594,NTC-594,CE0008678,Rest,CD4i_R2,98.0,1354790.0
CD4i_R2_D3_Rest_NTC-595,NTC-595,CE0008678,Rest,CD4i_R2,119.0,1066560.0
CD4i_R2_D3_Rest_NTC-596,NTC-596,CE0008678,Rest,CD4i_R2,19.0,161707.0
CD4i_R2_D3_Rest_NTC-597,NTC-597,CE0008678,Rest,CD4i_R2,56.0,859629.0
CD4i_R2_D3_Rest_NTC-598,NTC-598,CE0008678,Rest,CD4i_R2,27.0,327033.0
CD4i_R2_D3_Rest_NTC-599,NTC-599,CE0008678,Rest,CD4i_R2,27.0,242634.0
CD4i_R2_D3_Rest_NTC-600,NTC-600,CE0008678,Rest,CD4i_R2,7.0,147309.0
CD4i_R2_D3_Rest_NTC-601,NTC-601,CE0008678,Rest,CD4i_R2,99.0,972950.0
CD4i_R2_D3_Rest_NTC-604,NTC-604,CE0008678,Rest,CD4i_R2,10.0,78665.0
CD4i_R2_D3_Rest_NTC-606,NTC-606,CE0008678,Rest,CD4i_R2,356.0,4609084.0
CD4i_R2_D3_Rest_NTC-607,NTC-607,CE0008678,Rest,CD4i_R2,102.0,1147879.0
CD4i_R2_D3_Rest_NTC-608,NTC-608,CE0008678,Rest,CD4i_R2,129.0,1672955.0
CD4i_R2_D3_Rest_NTC-609,NTC-609,CE0008678,Rest,CD4i_R2,117.0,1190304.0
CD4i_R2_D3_Rest_NTC-610,NTC-610,CE0008678,Rest,CD4i_R2,160.0,1634553.0
CD4i_R2_D3_Rest_NTC-611,NTC-611,CE0008678,Rest,CD4i_R2,106.0,934488.0
CD4i_R2_D3_Rest_NTC-612,NTC-612,CE0008678,Rest,CD4i_R2,53.0,1149406.0
CD4i_R2_D3_Rest_NTC-613,NTC-613,CE0008678,Rest,CD4i_R2,118.0,1878068.0
CD4i_R2_D3_Rest_NTC-615,NTC-615,CE0008678,Rest,CD4i_R2,7.0,36113.0
CD4i_R2_D3_Rest_NTC-617,NTC-617,CE0008678,Rest,CD4i_R2,77.0,893726.0
CD4i_R2_D3_Rest_NTC-619,NTC-619,CE0008678,Rest,CD4i_R2,259.0,3449710.0
CD4i_R2_D3_Rest_NTC-622,NTC-622,CE0008678,Rest,CD4i_R2,23.0,195468.0
CD4i_R2_D3_Rest_NTC-623,NTC-623,CE0008678,Rest,CD4i_R2,40.0,451677.0
CD4i_R2_D3_Rest_NTC-626,NTC-626,CE0008678,Rest,CD4i_R2,109.0,1110553.0
CD4i_R2_D3_Rest_NTC-627,NTC-627,CE0008678,Rest,CD4i_R2,66.0,486652.0
CD4i_R2_D3_Rest_NTC-629,NTC-629,CE0008678,Rest,CD4i_R2,14.0,160193.0
CD4i_R2_D3_Rest_NTC-630,NTC-630,CE0008678,Rest,CD4i_R2,78.0,1252977.0
CD4i_R2_D3_Rest_NTC-631,NTC-631,CE0008678,Rest,CD4i_R2,69.0,921636.0
CD4i_R2_D3_Rest_NTC-633,NTC-633,CE0008678,Rest,CD4i_R2,59.0,555530.0
CD4i_R2_D3_Rest_NTC-634,NTC-634,CE0008678,Rest,CD4i_R2,169.0,1899869.0
CD4i_R2_D3_Rest_NTC-635,NTC-635,CE0008678,Rest,CD4i_R2,14.0,176417.0
CD4i_R2_D3_Rest_NTC-638,NTC-638,CE0008678,Rest,CD4i_R2,58.0,581314.0
CD4i_R2_D3_Rest_NTC-639,NTC-639,CE0008678,Rest,CD4i_R2,58.0,607141.0
CD4i_R2_D3_Rest_NTC-642,NTC-642,CE0008678,Rest,CD4i_R2,492.0,5426216.0
CD4i_R2_D3_Rest_NTC-643,NTC-643,CE0008678,Rest,CD4i_R2,77.0,634993.0
CD4i_R2_D3_Rest_NTC-644,NTC-644,CE0008678,Rest,CD4i_R2,17.0,230154.0
CD4i_R2_D3_Rest_NTC-647,NTC-647,CE0008678,Rest,CD4i_R2,59.0,880623.0
CD4i_R2_D3_Rest_NTC-650,NTC-650,CE0008678,Rest,CD4i_R2,48.0,689982.0
CD4i_R2_D3_Rest_NTC-651,NTC-651,CE0008678,Rest,CD4i_R2,166.0,1844833.0
CD4i_R2_D3_Rest_NTC-652,NTC-652,CE0008678,Rest,CD4i_R2,91.0,802154.0
CD4i_R2_D3_Rest_NTC-653,NTC-653,CE0008678,Rest,CD4i_R2,1049.0,18131872.0
CD4i_R2_D3_Rest_NTC-654,NTC-654,CE0008678,Rest,CD4i_R2,59.0,644925.0
CD4i_R2_D3_Rest_NTC-655,NTC-655,CE0008678,Rest,CD4i_R2,24.0,200670.0
CD4i_R2_D3_Rest_NTC-656,NTC-656,CE0008678,Rest,CD4i_R2,9.0,74180.0
CD4i_R2_D3_Rest_NTC-658,NTC-658,CE0008678,Rest,CD4i_R2,155.0,1632948.0
CD4i_R2_D3_Rest_NTC-659,NTC-659,CE0008678,Rest,CD4i_R2,11.0,261952.0
CD4i_R2_D3_Rest_NTC-660,NTC-660,CE0008678,Rest,CD4i_R2,82.0,704181.0
CD4i_R2_D3_Rest_NTC-663,NTC-663,CE0008678,Rest,CD4i_R2,289.0,2938412.0
CD4i_R2_D3_Rest_NTC-664,NTC-664,CE0008678,Rest,CD4i_R2,31.0,264929.0
CD4i_R2_D3_Rest_NTC-666,NTC-666,CE0008678,Rest,CD4i_R2,51.0,651999.0
CD4i_R2_D3_Rest_NTC-667,NTC-667,CE0008678,Rest,CD4i_R2,20.0,168197.0
CD4i_R2_D3_Rest_NTC-669,NTC-669,CE0008678,Rest,CD4i_R2,53.0,525977.0
CD4i_R2_D3_Rest_NTC-671,NTC-671,CE0008678,Rest,CD4i_R2,182.0,1657986.0
CD4i_R2_D3_Rest_NTC-672,NTC-672,CE0008678,Rest,CD4i_R2,487.0,5120299.0
CD4i_R2_D3_Rest_NTC-674,NTC-674,CE0008678,Rest,CD4i_R2,58.0,632018.0
CD4i_R2_D3_Rest_NTC-676,NTC-676,CE0008678,Rest,CD4i_R2,442.0,5818390.0
CD4i_R2_D3_Rest_NTC-678,NTC-678,CE0008678,Rest,CD4i_R2,424.0,5940432.0
CD4i_R2_D3_Rest_NTC-679,NTC-679,CE0008678,Rest,CD4i_R2,143.0,1620407.0
CD4i_R2_D3_Rest_NTC-681,NTC-681,CE0008678,Rest,CD4i_R2,16.0,216497.0
CD4i_R2_D3_Rest_NTC-684,NTC-684,CE0008678,Rest,CD4i_R2,236.0,2460843.0
CD4i_R2_D3_Rest_NTC-685,NTC-685,CE0008678,Rest,CD4i_R2,8.0,87240.0
CD4i_R2_D3_Rest_NTC-686,NTC-686,CE0008678,Rest,CD4i_R2,18.0,161173.0
CD4i_R2_D3_Rest_NTC-688,NTC-688,CE0008678,Rest,CD4i_R2,16.0,171576.0
CD4i_R2_D3_Rest_NTC-689,NTC-689,CE0008678,Rest,CD4i_R2,12.0,113801.0
CD4i_R2_D3_Rest_NTC-690,NTC-690,CE0008678,Rest,CD4i_R2,75.0,932576.0
CD4i_R2_D3_Rest_NTC-692,NTC-692,CE0008678,Rest,CD4i_R2,395.0,4783533.0
CD4i_R2_D3_Rest_NTC-694,NTC-694,CE0008678,Rest,CD4i_R2,614.0,7148868.0
CD4i_R2_D3_Rest_NTC-695,NTC-695,CE0008678,Rest,CD4i_R2,39.0,364012.0
CD4i_R2_D3_Rest_NTC-696,NTC-696,CE0008678,Rest,CD4i_R2,5.0,41488.0
CD4i_R2_D3_Rest_NTC-697,NTC-697,CE0008678,Rest,CD4i_R2,28.0,290383.0
CD4i_R2_D3_Rest_NTC-699,NTC-699,CE0008678,Rest,CD4i_R2,53.0,747623.0
CD4i_R2_D3_Rest_NTC-700,NTC-700,CE0008678,Rest,CD4i_R2,77.0,852962.0
CD4i_R2_D3_Rest_NTC-701,NTC-701,CE0008678,Rest,CD4i_R2,11.0,132076.0
CD4i_R2_D3_Rest_NTC-702,NTC-702,CE0008678,Rest,CD4i_R2,128.0,1270625.0
CD4i_R2_D3_Rest_NTC-705,NTC-705,CE0008678,Rest,CD4i_R2,49.0,735329.0
CD4i_R2_D3_Rest_NTC-706,NTC-706,CE0008678,Rest,CD4i_R2,95.0,1435749.0
CD4i_R2_D3_Rest_NTC-708,NTC-708,CE0008678,Rest,CD4i_R2,150.0,1312460.0
CD4i_R2_D3_Rest_NTC-709,NTC-709,CE0008678,Rest,CD4i_R2,231.0,2584085.0
CD4i_R2_D3_Rest_NTC-710,NTC-710,CE0008678,Rest,CD4i_R2,24.0,249273.0
CD4i_R2_D3_Rest_NTC-711,NTC-711,CE0008678,Rest,CD4i_R2,10.0,101495.0
CD4i_R2_D3_Rest_NTC-715,NTC-715,CE0008678,Rest,CD4i_R2,77.0,932639.0
CD4i_R2_D3_Rest_NTC-716,NTC-716,CE0008678,Rest,CD4i_R2,23.0,175096.0
CD4i_R2_D3_Rest_NTC-717,NTC-717,CE0008678,Rest,CD4i_R2,195.0,2292371.0
CD4i_R2_D3_Rest_NTC-718,NTC-718,CE0008678,Rest,CD4i_R2,645.0,6026751.0
CD4i_R2_D3_Rest_NTC-719,NTC-719,CE0008678,Rest,CD4i_R2,7.0,89707.0
CD4i_R2_D3_Rest_NTC-720,NTC-720,CE0008678,Rest,CD4i_R2,1166.0,15032264.0
CD4i_R2_D3_Rest_NTC-721,NTC-721,CE0008678,Rest,CD4i_R2,26.0,394051.0
CD4i_R2_D3_Rest_NTC-722,NTC-722,CE0008678,Rest,CD4i_R2,460.0,5004829.0
CD4i_R2_D3_Rest_NTC-723,NTC-723,CE0008678,Rest,CD4i_R2,5.0,30104.0
CD4i_R2_D3_Rest_NTC-725,NTC-725,CE0008678,Rest,CD4i_R2,40.0,497320.0
CD4i_R2_D3_Rest_NTC-726,NTC-726,CE0008678,Rest,CD4i_R2,5.0,82313.0
CD4i_R2_D3_Rest_NTC-727,NTC-727,CE0008678,Rest,CD4i_R2,383.0,5503334.0
CD4i_R2_D3_Rest_NTC-728,NTC-728,CE0008678,Rest,CD4i_R2,23.0,277309.0
CD4i_R2_D3_Rest_NTC-729,NTC-729,CE0008678,Rest,CD4i_R2,54.0,575093.0
CD4i_R2_D3_Rest_NTC-730,NTC-730,CE0008678,Rest,CD4i_R2,207.0,2814860.0
CD4i_R2_D3_Rest_NTC-732,NTC-732,CE0008678,Rest,CD4i_R2,28.0,333983.0
CD4i_R2_D3_Rest_NTC-734,NTC-734,CE0008678,Rest,CD4i_R2,237.0,2352677.0
CD4i_R2_D3_Rest_NTC-735,NTC-735,CE0008678,Rest,CD4i_R2,161.0,1621884.0
CD4i_R2_D3_Rest_NTC-736,NTC-736,CE0008678,Rest,CD4i_R2,19.0,257028.0
CD4i_R2_D3_Rest_NTC-737,NTC-737,CE0008678,Rest,CD4i_R2,14.0,153444.0
CD4i_R2_D3_Rest_NTC-738,NTC-738,CE0008678,Rest,CD4i_R2,71.0,884346.0
CD4i_R2_D3_Rest_NTC-739,NTC-739,CE0008678,Rest,CD4i_R2,90.0,941557.0
CD4i_R2_D3_Rest_NTC-740,NTC-740,CE0008678,Rest,CD4i_R2,105.0,1257174.0
CD4i_R2_D3_Rest_NTC-741,NTC-741,CE0008678,Rest,CD4i_R2,293.0,3559632.0
CD4i_R2_D3_Rest_NTC-742,NTC-742,CE0008678,Rest,CD4i_R2,61.0,822719.0
CD4i_R2_D3_Rest_NTC-743,NTC-743,CE0008678,Rest,CD4i_R2,105.0,1061922.0
CD4i_R2_D3_Rest_NTC-744,NTC-744,CE0008678,Rest,CD4i_R2,46.0,566624.0
CD4i_R2_D3_Rest_NTC-745,NTC-745,CE0008678,Rest,CD4i_R2,57.0,619604.0
CD4i_R2_D3_Rest_NTC-746,NTC-746,CE0008678,Rest,CD4i_R2,583.0,7513109.0
CD4i_R2_D3_Rest_NTC-747,NTC-747,CE0008678,Rest,CD4i_R2,217.0,2390540.0
CD4i_R2_D3_Rest_NTC-748,NTC-748,CE0008678,Rest,CD4i_R2,75.0,746020.0
CD4i_R2_D3_Rest_NTC-749,NTC-749,CE0008678,Rest,CD4i_R2,17.0,148326.0
CD4i_R2_D3_Rest_NTC-750,NTC-750,CE0008678,Rest,CD4i_R2,100.0,962422.0
CD4i_R2_D3_Rest_NTC-751,NTC-751,CE0008678,Rest,CD4i_R2,135.0,1729930.0
CD4i_R2_D3_Rest_NTC-752,NTC-752,CE0008678,Rest,CD4i_R2,19.0,233974.0
CD4i_R2_D3_Rest_NTC-753,NTC-753,CE0008678,Rest,CD4i_R2,48.0,521886.0
CD4i_R2_D3_Rest_NTC-754,NTC-754,CE0008678,Rest,CD4i_R2,6.0,59414.0
CD4i_R2_D3_Rest_NTC-756,NTC-756,CE0008678,Rest,CD4i_R2,27.0,187417.0
CD4i_R2_D3_Rest_NTC-757,NTC-757,CE0008678,Rest,CD4i_R2,60.0,984638.0
CD4i_R2_D3_Rest_NTC-758,NTC-758,CE0008678,Rest,CD4i_R2,50.0,477786.0
CD4i_R2_D3_Rest_NTC-759,NTC-759,CE0008678,Rest,CD4i_R2,65.0,708683.0
CD4i_R2_D3_Rest_NTC-760,NTC-760,CE0008678,Rest,CD4i_R2,131.0,1333385.0
CD4i_R2_D3_Rest_NTC-761,NTC-761,CE0008678,Rest,CD4i_R2,196.0,2309779.0
CD4i_R2_D3_Rest_NTC-763,NTC-763,CE0008678,Rest,CD4i_R2,16.0,111127.0
CD4i_R2_D3_Rest_NTC-764,NTC-764,CE0008678,Rest,CD4i_R2,37.0,363861.0
CD4i_R2_D3_Rest_NTC-765,NTC-765,CE0008678,Rest,CD4i_R2,96.0,666223.0
CD4i_R2_D3_Rest_NTC-766,NTC-766,CE0008678,Rest,CD4i_R2,33.0,294083.0
CD4i_R2_D3_Rest_NTC-767,NTC-767,CE0008678,Rest,CD4i_R2,94.0,1317969.0
CD4i_R2_D3_Rest_NTC-769,NTC-769,CE0008678,Rest,CD4i_R2,77.0,718361.0
CD4i_R2_D3_Rest_NTC-770,NTC-770,CE0008678,Rest,CD4i_R2,199.0,2189738.0
CD4i_R2_D3_Rest_NTC-771,NTC-771,CE0008678,Rest,CD4i_R2,77.0,747779.0
CD4i_R2_D3_Rest_NTC-772,NTC-772,CE0008678,Rest,CD4i_R2,102.0,1296565.0
CD4i_R2_D3_Rest_NTC-773,NTC-773,CE0008678,Rest,CD4i_R2,232.0,2687942.0
CD4i_R2_D3_Rest_NTC-774,NTC-774,CE0008678,Rest,CD4i_R2,374.0,4189546.0
CD4i_R2_D3_Rest_NTC-775,NTC-775,CE0008678,Rest,CD4i_R2,82.0,924924.0
CD4i_R2_D3_Rest_NTC-776,NTC-776,CE0008678,Rest,CD4i_R2,95.0,868862.0
CD4i_R2_D3_Rest_NTC-777,NTC-777,CE0008678,Rest,CD4i_R2,20.0,153627.0
CD4i_R2_D3_Rest_NTC-778,NTC-778,CE0008678,Rest,CD4i_R2,55.0,610240.0
CD4i_R2_D3_Rest_NTC-779,NTC-779,CE0008678,Rest,CD4i_R2,367.0,3644128.0
CD4i_R2_D3_Rest_NTC-780,NTC-780,CE0008678,Rest,CD4i_R2,8.0,119246.0
CD4i_R2_D3_Rest_NTC-781,NTC-781,CE0008678,Rest,CD4i_R2,380.0,4001550.0
CD4i_R2_D3_Rest_NTC-782,NTC-782,CE0008678,Rest,CD4i_R2,83.0,856323.0
CD4i_R2_D3_Rest_NTC-784,NTC-784,CE0008678,Rest,CD4i_R2,59.0,472605.0
CD4i_R2_D3_Rest_NTC-785,NTC-785,CE0008678,Rest,CD4i_R2,61.0,777314.0
CD4i_R2_D3_Rest_NTC-786,NTC-786,CE0008678,Rest,CD4i_R2,13.0,138791.0
CD4i_R2_D3_Rest_NTC-787,NTC-787,CE0008678,Rest,CD4i_R2,19.0,222331.0
CD4i_R2_D3_Rest_NTC-788,NTC-788,CE0008678,Rest,CD4i_R2,99.0,1098008.0
CD4i_R2_D3_Rest_NTC-789,NTC-789,CE0008678,Rest,CD4i_R2,112.0,1146035.0
CD4i_R2_D3_Rest_NTC-790,NTC-790,CE0008678,Rest,CD4i_R2,45.0,328898.0
CD4i_R2_D3_Rest_NTC-792,NTC-792,CE0008678,Rest,CD4i_R2,28.0,344641.0
CD4i_R2_D3_Rest_NTC-793,NTC-793,CE0008678,Rest,CD4i_R2,139.0,1832441.0
CD4i_R2_D3_Rest_NTC-794,NTC-794,CE0008678,Rest,CD4i_R2,74.0,975624.0
CD4i_R2_D3_Rest_NTC-796,NTC-796,CE0008678,Rest,CD4i_R2,8.0,95249.0
CD4i_R2_D3_Rest_NTC-797,NTC-797,CE0008678,Rest,CD4i_R2,193.0,2092622.0
CD4i_R2_D3_Rest_NTC-798,NTC-798,CE0008678,Rest,CD4i_R2,5.0,63553.0
CD4i_R2_D3_Rest_NTC-799,NTC-799,CE0008678,Rest,CD4i_R2,164.0,1743555.0
CD4i_R2_D3_Rest_NTC-800,NTC-800,CE0008678,Rest,CD4i_R2,21.0,192525.0
CD4i_R2_D3_Rest_NTC-801,NTC-801,CE0008678,Rest,CD4i_R2,64.0,949573.0
CD4i_R2_D3_Rest_NTC-802,NTC-802,CE0008678,Rest,CD4i_R2,14.0,182621.0
CD4i_R2_D3_Rest_NTC-803,NTC-803,CE0008678,Rest,CD4i_R2,231.0,2218225.0
CD4i_R2_D3_Rest_NTC-804,NTC-804,CE0008678,Rest,CD4i_R2,102.0,1389461.0
CD4i_R2_D3_Rest_NTC-805,NTC-805,CE0008678,Rest,CD4i_R2,32.0,265569.0
CD4i_R2_D3_Rest_NTC-806,NTC-806,CE0008678,Rest,CD4i_R2,127.0,1144101.0
CD4i_R2_D3_Rest_NTC-807,NTC-807,CE0008678,Rest,CD4i_R2,171.0,1938810.0
CD4i_R2_D3_Rest_NTC-808,NTC-808,CE0008678,Rest,CD4i_R2,318.0,3195787.0
CD4i_R2_D3_Rest_NTC-810,NTC-810,CE0008678,Rest,CD4i_R2,247.0,2995200.0
CD4i_R2_D3_Rest_NTC-811,NTC-811,CE0008678,Rest,CD4i_R2,364.0,3210720.0
CD4i_R2_D3_Rest_NTC-812,NTC-812,CE0008678,Rest,CD4i_R2,155.0,2032751.0
CD4i_R2_D3_Rest_NTC-813,NTC-813,CE0008678,Rest,CD4i_R2,24.0,199317.0
CD4i_R2_D3_Rest_NTC-814,NTC-814,CE0008678,Rest,CD4i_R2,101.0,1048679.0
CD4i_R2_D3_Rest_NTC-815,NTC-815,CE0008678,Rest,CD4i_R2,10.0,79383.0
CD4i_R2_D3_Rest_NTC-816,NTC-816,CE0008678,Rest,CD4i_R2,107.0,1132028.0
CD4i_R2_D3_Rest_NTC-818,NTC-818,CE0008678,Rest,CD4i_R2,93.0,868229.0
CD4i_R2_D3_Rest_NTC-821,NTC-821,CE0008678,Rest,CD4i_R2,24.0,202353.0
CD4i_R2_D3_Rest_NTC-822,NTC-822,CE0008678,Rest,CD4i_R2,127.0,1556227.0
CD4i_R2_D3_Rest_NTC-823,NTC-823,CE0008678,Rest,CD4i_R2,238.0,2778718.0
CD4i_R2_D3_Rest_NTC-824,NTC-824,CE0008678,Rest,CD4i_R2,5.0,37227.0
CD4i_R2_D3_Rest_NTC-825,NTC-825,CE0008678,Rest,CD4i_R2,56.0,754915.0
CD4i_R2_D3_Rest_NTC-826,NTC-826,CE0008678,Rest,CD4i_R2,51.0,507686.0
CD4i_R2_D3_Rest_NTC-827,NTC-827,CE0008678,Rest,CD4i_R2,8.0,49583.0
CD4i_R2_D3_Rest_NTC-828,NTC-828,CE0008678,Rest,CD4i_R2,13.0,124299.0
CD4i_R2_D3_Rest_NTC-829,NTC-829,CE0008678,Rest,CD4i_R2,12.0,167829.0
CD4i_R2_D3_Rest_NTC-830,NTC-830,CE0008678,Rest,CD4i_R2,30.0,245675.0
CD4i_R2_D3_Rest_NTC-831,NTC-831,CE0008678,Rest,CD4i_R2,95.0,837696.0
CD4i_R2_D3_Rest_NTC-832,NTC-832,CE0008678,Rest,CD4i_R2,122.0,1550707.0
CD4i_R2_D3_Rest_NTC-834,NTC-834,CE0008678,Rest,CD4i_R2,93.0,1205174.0
CD4i_R2_D3_Rest_NTC-835,NTC-835,CE0008678,Rest,CD4i_R2,26.0,409527.0
CD4i_R2_D3_Rest_NTC-837,NTC-837,CE0008678,Rest,CD4i_R2,13.0,145882.0
CD4i_R2_D3_Rest_NTC-838,NTC-838,CE0008678,Rest,CD4i_R2,22.0,323872.0
CD4i_R2_D3_Rest_NTC-839,NTC-839,CE0008678,Rest,CD4i_R2,5.0,46203.0
CD4i_R2_D3_Rest_NTC-840,NTC-840,CE0008678,Rest,CD4i_R2,23.0,248731.0
CD4i_R2_D3_Rest_NTC-841,NTC-841,CE0008678,Rest,CD4i_R2,437.0,4916050.0
CD4i_R2_D3_Rest_NTC-842,NTC-842,CE0008678,Rest,CD4i_R2,52.0,427396.0
CD4i_R2_D3_Rest_NTC-843,NTC-843,CE0008678,Rest,CD4i_R2,6.0,27531.0
CD4i_R2_D3_Rest_NTC-844,NTC-844,CE0008678,Rest,CD4i_R2,82.0,795695.0
CD4i_R2_D3_Rest_NTC-845,NTC-845,CE0008678,Rest,CD4i_R2,137.0,1620287.0
CD4i_R2_D3_Rest_NTC-846,NTC-846,CE0008678,Rest,CD4i_R2,295.0,3034434.0
CD4i_R2_D3_Rest_NTC-847,NTC-847,CE0008678,Rest,CD4i_R2,26.0,387911.0
CD4i_R2_D3_Rest_NTC-848,NTC-848,CE0008678,Rest,CD4i_R2,250.0,2933825.0
CD4i_R2_D3_Rest_NTC-849,NTC-849,CE0008678,Rest,CD4i_R2,20.0,346463.0
CD4i_R2_D3_Rest_NTC-851,NTC-851,CE0008678,Rest,CD4i_R2,127.0,1428573.0
CD4i_R2_D3_Rest_NTC-852,NTC-852,CE0008678,Rest,CD4i_R2,101.0,1114407.0
CD4i_R2_D3_Rest_NTC-854,NTC-854,CE0008678,Rest,CD4i_R2,95.0,1140198.0
CD4i_R2_D3_Rest_NTC-855,NTC-855,CE0008678,Rest,CD4i_R2,9.0,280317.0
CD4i_R2_D3_Rest_NTC-856,NTC-856,CE0008678,Rest,CD4i_R2,102.0,1149339.0
CD4i_R2_D3_Rest_NTC-857,NTC-857,CE0008678,Rest,CD4i_R2,66.0,611073.0
CD4i_R2_D3_Rest_NTC-858,NTC-858,CE0008678,Rest,CD4i_R2,79.0,781434.0
CD4i_R2_D3_Rest_NTC-859,NTC-859,CE0008678,Rest,CD4i_R2,209.0,2356909.0
CD4i_R2_D3_Rest_NTC-860,NTC-860,CE0008678,Rest,CD4i_R2,55.0,557955.0
CD4i_R2_D3_Rest_NTC-861,NTC-861,CE0008678,Rest,CD4i_R2,115.0,1436362.0
CD4i_R2_D3_Rest_NTC-862,NTC-862,CE0008678,Rest,CD4i_R2,65.0,615613.0
CD4i_R2_D3_Rest_NTC-867,NTC-867,CE0008678,Rest,CD4i_R2,25.0,321771.0
CD4i_R2_D3_Rest_NTC-869,NTC-869,CE0008678,Rest,CD4i_R2,37.0,366175.0
CD4i_R2_D3_Rest_NTC-870,NTC-870,CE0008678,Rest,CD4i_R2,22.0,194119.0
CD4i_R2_D3_Rest_NTC-872,NTC-872,CE0008678,Rest,CD4i_R2,27.0,591346.0
CD4i_R2_D3_Rest_NTC-873,NTC-873,CE0008678,Rest,CD4i_R2,34.0,301912.0
CD4i_R2_D3_Rest_NTC-874,NTC-874,CE0008678,Rest,CD4i_R2,141.0,1468622.0
CD4i_R2_D3_Rest_NTC-875,NTC-875,CE0008678,Rest,CD4i_R2,44.0,472310.0
CD4i_R2_D3_Rest_NTC-876,NTC-876,CE0008678,Rest,CD4i_R2,50.0,408958.0
CD4i_R2_D3_Rest_NTC-878,NTC-878,CE0008678,Rest,CD4i_R2,58.0,970534.0
CD4i_R2_D3_Rest_NTC-880,NTC-880,CE0008678,Rest,CD4i_R2,15.0,130660.0
CD4i_R2_D3_Rest_NTC-881,NTC-881,CE0008678,Rest,CD4i_R2,244.0,2384359.0
CD4i_R2_D3_Rest_NTC-882,NTC-882,CE0008678,Rest,CD4i_R2,139.0,1606629.0
CD4i_R2_D3_Rest_NTC-884,NTC-884,CE0008678,Rest,CD4i_R2,210.0,2114259.0
CD4i_R2_D3_Rest_NTC-885,NTC-885,CE0008678,Rest,CD4i_R2,115.0,1482677.0
CD4i_R2_D3_Rest_NTC-886,NTC-886,CE0008678,Rest,CD4i_R2,169.0,1309583.0
CD4i_R2_D3_Rest_NTC-888,NTC-888,CE0008678,Rest,CD4i_R2,42.0,522042.0
CD4i_R2_D3_Rest_NTC-890,NTC-890,CE0008678,Rest,CD4i_R2,274.0,3289594.0
CD4i_R2_D3_Rest_NTC-893,NTC-893,CE0008678,Rest,CD4i_R2,91.0,939640.0
CD4i_R2_D3_Rest_NTC-894,NTC-894,CE0008678,Rest,CD4i_R2,108.0,1255083.0
CD4i_R2_D3_Rest_NTC-895,NTC-895,CE0008678,Rest,CD4i_R2,54.0,580815.0
CD4i_R2_D3_Rest_NTC-897,NTC-897,CE0008678,Rest,CD4i_R2,254.0,3375328.0
CD4i_R2_D3_Rest_NTC-898,NTC-898,CE0008678,Rest,CD4i_R2,25.0,207536.0
CD4i_R2_D3_Rest_NTC-900,NTC-900,CE0008678,Rest,CD4i_R2,15.0,138982.0
CD4i_R2_D3_Rest_NTC-902,NTC-902,CE0008678,Rest,CD4i_R2,49.0,666123.0
CD4i_R2_D3_Rest_NTC-903,NTC-903,CE0008678,Rest,CD4i_R2,130.0,1539008.0
CD4i_R2_D3_Rest_NTC-904,NTC-904,CE0008678,Rest,CD4i_R2,311.0,3526745.0
CD4i_R2_D3_Rest_NTC-906,NTC-906,CE0008678,Rest,CD4i_R2,117.0,1169048.0
CD4i_R2_D3_Rest_NTC-907,NTC-907,CE0008678,Rest,CD4i_R2,200.0,2306616.0
CD4i_R2_D3_Rest_NTC-909,NTC-909,CE0008678,Rest,CD4i_R2,205.0,2310611.0
CD4i_R2_D3_Rest_NTC-910,NTC-910,CE0008678,Rest,CD4i_R2,55.0,575018.0
CD4i_R2_D3_Rest_NTC-914,NTC-914,CE0008678,Rest,CD4i_R2,40.0,532885.0
CD4i_R2_D3_Rest_NTC-915,NTC-915,CE0008678,Rest,CD4i_R2,16.0,129919.0
CD4i_R2_D3_Rest_NTC-916,NTC-916,CE0008678,Rest,CD4i_R2,21.0,271005.0
CD4i_R2_D3_Rest_NTC-920,NTC-920,CE0008678,Rest,CD4i_R2,15.0,143351.0
CD4i_R2_D3_Rest_NTC-922,NTC-922,CE0008678,Rest,CD4i_R2,640.0,7106038.0
CD4i_R2_D3_Rest_NTC-923,NTC-923,CE0008678,Rest,CD4i_R2,14.0,206272.0
CD4i_R2_D3_Rest_NTC-924,NTC-924,CE0008678,Rest,CD4i_R2,158.0,1872598.0
CD4i_R2_D3_Rest_NTC-925,NTC-925,CE0008678,Rest,CD4i_R2,23.0,199944.0
CD4i_R2_D3_Rest_NTC-926,NTC-926,CE0008678,Rest,CD4i_R2,136.0,1386280.0
CD4i_R2_D3_Rest_NTC-927,NTC-927,CE0008678,Rest,CD4i_R2,124.0,1035716.0
CD4i_R2_D3_Rest_NTC-928,NTC-928,CE0008678,Rest,CD4i_R2,180.0,2682565.0
CD4i_R2_D3_Rest_NTC-929,NTC-929,CE0008678,Rest,CD4i_R2,82.0,887155.0
CD4i_R2_D3_Rest_NTC-930,NTC-930,CE0008678,Rest,CD4i_R2,299.0,3455453.0
CD4i_R2_D3_Rest_NTC-932,NTC-932,CE0008678,Rest,CD4i_R2,32.0,314153.0
CD4i_R2_D3_Rest_NTC-934,NTC-934,CE0008678,Rest,CD4i_R2,966.0,16949502.0
CD4i_R2_D3_Rest_NTC-936,NTC-936,CE0008678,Rest,CD4i_R2,102.0,1005539.0
CD4i_R2_D3_Rest_NTC-938,NTC-938,CE0008678,Rest,CD4i_R2,57.0,1286406.0
CD4i_R2_D3_Rest_NTC-939,NTC-939,CE0008678,Rest,CD4i_R2,185.0,2327402.0
CD4i_R2_D3_Rest_NTC-944,NTC-944,CE0008678,Rest,CD4i_R2,30.0,273015.0
CD4i_R2_D3_Rest_NTC-945,NTC-945,CE0008678,Rest,CD4i_R2,343.0,3624092.0
CD4i_R2_D3_Rest_NTC-946,NTC-946,CE0008678,Rest,CD4i_R2,78.0,843163.0
CD4i_R2_D3_Rest_NTC-947,NTC-947,CE0008678,Rest,CD4i_R2,12.0,105331.0
CD4i_R2_D3_Rest_NTC-948,NTC-948,CE0008678,Rest,CD4i_R2,8.0,50954.0
CD4i_R2_D3_Rest_NTC-949,NTC-949,CE0008678,Rest,CD4i_R2,26.0,300407.0
CD4i_R2_D3_Rest_NTC-950,NTC-950,CE0008678,Rest,CD4i_R2,5.0,29031.0
CD4i_R2_D3_Rest_NTC-951,NTC-951,CE0008678,Rest,CD4i_R2,32.0,277246.0
CD4i_R2_D3_Rest_NTC-952,NTC-952,CE0008678,Rest,CD4i_R2,20.0,172863.0
CD4i_R2_D3_Rest_NTC-954,NTC-954,CE0008678,Rest,CD4i_R2,27.0,244855.0
CD4i_R2_D3_Rest_NTC-955,NTC-955,CE0008678,Rest,CD4i_R2,175.0,1581662.0
CD4i_R2_D3_Rest_NTC-956,NTC-956,CE0008678,Rest,CD4i_R2,136.0,1299648.0
CD4i_R2_D3_Rest_NTC-957,NTC-957,CE0008678,Rest,CD4i_R2,33.0,351924.0
CD4i_R2_D3_Rest_NTC-958,NTC-958,CE0008678,Rest,CD4i_R2,10.0,66405.0
CD4i_R2_D3_Rest_NTC-960,NTC-960,CE0008678,Rest,CD4i_R2,340.0,3942403.0
CD4i_R2_D3_Rest_NTC-961,NTC-961,CE0008678,Rest,CD4i_R2,13.0,89029.0
CD4i_R2_D3_Rest_NTC-964,NTC-964,CE0008678,Rest,CD4i_R2,59.0,586485.0
CD4i_R2_D3_Rest_NTC-965,NTC-965,CE0008678,Rest,CD4i_R2,1060.0,12498431.0
CD4i_R2_D3_Rest_NTC-966,NTC-966,CE0008678,Rest,CD4i_R2,18.0,180291.0
CD4i_R2_D3_Rest_NTC-967,NTC-967,CE0008678,Rest,CD4i_R2,405.0,4313862.0
CD4i_R2_D3_Rest_NTC-968,NTC-968,CE0008678,Rest,CD4i_R2,31.0,315381.0
CD4i_R2_D3_Rest_NTC-969,NTC-969,CE0008678,Rest,CD4i_R2,139.0,1311782.0
CD4i_R2_D3_Rest_NTC-971,NTC-971,CE0008678,Rest,CD4i_R2,53.0,580245.0
CD4i_R2_D3_Rest_NTC-972,NTC-972,CE0008678,Rest,CD4i_R2,9.0,114554.0
CD4i_R2_D3_Rest_NTC-973,NTC-973,CE0008678,Rest,CD4i_R2,234.0,2944811.0
CD4i_R2_D3_Rest_NTC-974,NTC-974,CE0008678,Rest,CD4i_R2,9.0,66558.0
CD4i_R2_D3_Rest_NTC-975,NTC-975,CE0008678,Rest,CD4i_R2,96.0,1155627.0
CD4i_R2_D3_Rest_NTC-976,NTC-976,CE0008678,Rest,CD4i_R2,59.0,930051.0
CD4i_R2_D3_Rest_NTC-978,NTC-978,CE0008678,Rest,CD4i_R2,8.0,78334.0
CD4i_R2_D3_Rest_NTC-979,NTC-979,CE0008678,Rest,CD4i_R2,76.0,804533.0
CD4i_R2_D3_Rest_NTC-980,NTC-980,CE0008678,Rest,CD4i_R2,534.0,5489701.0
CD4i_R2_D3_Rest_NTC-981,NTC-981,CE0008678,Rest,CD4i_R2,24.0,239582.0
CD4i_R2_D3_Rest_NTC-982,NTC-982,CE0008678,Rest,CD4i_R2,126.0,1584655.0
CD4i_R2_D3_Rest_NTC-983,NTC-983,CE0008678,Rest,CD4i_R2,21.0,420323.0
CD4i_R2_D3_Rest_NTC-984,NTC-984,CE0008678,Rest,CD4i_R2,127.0,1427570.0
CD4i_R2_D3_Rest_NTC-985,NTC-985,CE0008678,Rest,CD4i_R2,58.0,769887.0
CD4i_R2_D3_Rest_NTC-987,NTC-987,CE0008678,Rest,CD4i_R2,18.0,148730.0
CD4i_R2_D3_Rest_NTC-988,NTC-988,CE0008678,Rest,CD4i_R2,46.0,472464.0
CD4i_R2_D3_Rest_NTC-989,NTC-989,CE0008678,Rest,CD4i_R2,146.0,1519868.0
CD4i_R2_D3_Rest_NTC-990,NTC-990,CE0008678,Rest,CD4i_R2,24.0,448935.0
CD4i_R2_D3_Rest_NTC-991,NTC-991,CE0008678,Rest,CD4i_R2,60.0,657394.0
CD4i_R1_D2_Rest_NTC-002,NTC-002,CE0010866,Rest,CD4i_R1,45.0,393750.0
CD4i_R1_D2_Rest_NTC-003,NTC-003,CE0010866,Rest,CD4i_R1,5.0,39186.0
CD4i_R1_D2_Rest_NTC-005,NTC-005,CE0010866,Rest,CD4i_R1,8.0,67918.0
CD4i_R1_D2_Rest_NTC-006,NTC-006,CE0010866,Rest,CD4i_R1,19.0,160408.0
CD4i_R1_D2_Rest_NTC-007,NTC-007,CE0010866,Rest,CD4i_R1,5.0,42725.0
CD4i_R1_D2_Rest_NTC-008,NTC-008,CE0010866,Rest,CD4i_R1,50.0,531176.0
CD4i_R1_D2_Rest_NTC-009,NTC-009,CE0010866,Rest,CD4i_R1,93.0,915009.0
CD4i_R1_D2_Rest_NTC-010,NTC-010,CE0010866,Rest,CD4i_R1,17.0,116765.0
CD4i_R1_D2_Rest_NTC-012,NTC-012,CE0010866,Rest,CD4i_R1,6.0,94077.0
CD4i_R1_D2_Rest_NTC-013,NTC-013,CE0010866,Rest,CD4i_R1,18.0,153650.0
CD4i_R1_D2_Rest_NTC-014,NTC-014,CE0010866,Rest,CD4i_R1,23.0,279060.0
CD4i_R1_D2_Rest_NTC-016,NTC-016,CE0010866,Rest,CD4i_R1,10.0,103882.0
CD4i_R1_D2_Rest_NTC-018,NTC-018,CE0010866,Rest,CD4i_R1,17.0,114377.0
CD4i_R1_D2_Rest_NTC-019,NTC-019,CE0010866,Rest,CD4i_R1,49.0,366614.0
CD4i_R1_D2_Rest_NTC-020,NTC-020,CE0010866,Rest,CD4i_R1,10.0,125559.0
CD4i_R1_D2_Rest_NTC-021,NTC-021,CE0010866,Rest,CD4i_R1,19.0,196378.0
CD4i_R1_D2_Rest_NTC-022,NTC-022,CE0010866,Rest,CD4i_R1,6.0,47847.0
CD4i_R1_D2_Rest_NTC-023,NTC-023,CE0010866,Rest,CD4i_R1,32.0,292769.0
CD4i_R1_D2_Rest_NTC-026,NTC-026,CE0010866,Rest,CD4i_R1,74.0,869636.0
CD4i_R1_D2_Rest_NTC-027,NTC-027,CE0010866,Rest,CD4i_R1,195.0,1744213.0
CD4i_R1_D2_Rest_NTC-028,NTC-028,CE0010866,Rest,CD4i_R1,16.0,159705.0
CD4i_R1_D2_Rest_NTC-029,NTC-029,CE0010866,Rest,CD4i_R1,308.0,3149926.0
CD4i_R1_D2_Rest_NTC-030,NTC-030,CE0010866,Rest,CD4i_R1,689.0,7566812.0
CD4i_R1_D2_Rest_NTC-031,NTC-031,CE0010866,Rest,CD4i_R1,32.0,246593.0
CD4i_R1_D2_Rest_NTC-032,NTC-032,CE0010866,Rest,CD4i_R1,136.0,1145010.0
CD4i_R1_D2_Rest_NTC-033,NTC-033,CE0010866,Rest,CD4i_R1,134.0,1390543.0
CD4i_R1_D2_Rest_NTC-034,NTC-034,CE0010866,Rest,CD4i_R1,17.0,175249.0
CD4i_R1_D2_Rest_NTC-035,NTC-035,CE0010866,Rest,CD4i_R1,10.0,69603.0
CD4i_R1_D2_Rest_NTC-036,NTC-036,CE0010866,Rest,CD4i_R1,251.0,2255946.0
CD4i_R1_D2_Rest_NTC-037,NTC-037,CE0010866,Rest,CD4i_R1,13.0,128217.0
CD4i_R1_D2_Rest_NTC-038,NTC-038,CE0010866,Rest,CD4i_R1,173.0,1600913.0
CD4i_R1_D2_Rest_NTC-039,NTC-039,CE0010866,Rest,CD4i_R1,13.0,119203.0
CD4i_R1_D2_Rest_NTC-040,NTC-040,CE0010866,Rest,CD4i_R1,286.0,2679227.0
CD4i_R1_D2_Rest_NTC-041,NTC-041,CE0010866,Rest,CD4i_R1,309.0,2934806.0
CD4i_R1_D2_Rest_NTC-042,NTC-042,CE0010866,Rest,CD4i_R1,37.0,317898.0
CD4i_R1_D2_Rest_NTC-043,NTC-043,CE0010866,Rest,CD4i_R1,6.0,72751.0
CD4i_R1_D2_Rest_NTC-044,NTC-044,CE0010866,Rest,CD4i_R1,21.0,161504.0
CD4i_R1_D2_Rest_NTC-045,NTC-045,CE0010866,Rest,CD4i_R1,14.0,124824.0
CD4i_R1_D2_Rest_NTC-046,NTC-046,CE0010866,Rest,CD4i_R1,47.0,457137.0
CD4i_R1_D2_Rest_NTC-047,NTC-047,CE0010866,Rest,CD4i_R1,118.0,1246097.0
CD4i_R1_D2_Rest_NTC-049,NTC-049,CE0010866,Rest,CD4i_R1,7.0,79311.0
CD4i_R1_D2_Rest_NTC-051,NTC-051,CE0010866,Rest,CD4i_R1,11.0,75805.0
CD4i_R1_D2_Rest_NTC-052,NTC-052,CE0010866,Rest,CD4i_R1,31.0,229445.0
CD4i_R1_D2_Rest_NTC-054,NTC-054,CE0010866,Rest,CD4i_R1,333.0,2924338.0
CD4i_R1_D2_Rest_NTC-055,NTC-055,CE0010866,Rest,CD4i_R1,13.0,139162.0
CD4i_R1_D2_Rest_NTC-056,NTC-056,CE0010866,Rest,CD4i_R1,65.0,658333.0
CD4i_R1_D2_Rest_NTC-057,NTC-057,CE0010866,Rest,CD4i_R1,5.0,37778.0
CD4i_R1_D2_Rest_NTC-058,NTC-058,CE0010866,Rest,CD4i_R1,58.0,428596.0
CD4i_R1_D2_Rest_NTC-059,NTC-059,CE0010866,Rest,CD4i_R1,142.0,1459502.0
CD4i_R1_D2_Rest_NTC-060,NTC-060,CE0010866,Rest,CD4i_R1,41.0,357523.0
CD4i_R1_D2_Rest_NTC-062,NTC-062,CE0010866,Rest,CD4i_R1,34.0,321452.0
CD4i_R1_D2_Rest_NTC-063,NTC-063,CE0010866,Rest,CD4i_R1,7.0,47084.0
CD4i_R1_D2_Rest_NTC-064,NTC-064,CE0010866,Rest,CD4i_R1,37.0,335271.0
CD4i_R1_D2_Rest_NTC-066,NTC-066,CE0010866,Rest,CD4i_R1,110.0,998576.0
CD4i_R1_D2_Rest_NTC-067,NTC-067,CE0010866,Rest,CD4i_R1,494.0,4384855.0
CD4i_R1_D2_Rest_NTC-069,NTC-069,CE0010866,Rest,CD4i_R1,198.0,1811015.0
CD4i_R1_D2_Rest_NTC-070,NTC-070,CE0010866,Rest,CD4i_R1,13.0,77865.0
CD4i_R1_D2_Rest_NTC-071,NTC-071,CE0010866,Rest,CD4i_R1,71.0,674418.0
CD4i_R1_D2_Rest_NTC-072,NTC-072,CE0010866,Rest,CD4i_R1,44.0,371013.0
CD4i_R1_D2_Rest_NTC-074,NTC-074,CE0010866,Rest,CD4i_R1,7.0,47822.0
CD4i_R1_D2_Rest_NTC-075,NTC-075,CE0010866,Rest,CD4i_R1,7.0,75937.0
CD4i_R1_D2_Rest_NTC-076,NTC-076,CE0010866,Rest,CD4i_R1,115.0,930452.0
CD4i_R1_D2_Rest_NTC-077,NTC-077,CE0010866,Rest,CD4i_R1,26.0,256115.0
CD4i_R1_D2_Rest_NTC-078,NTC-078,CE0010866,Rest,CD4i_R1,190.0,2003583.0
CD4i_R1_D2_Rest_NTC-079,NTC-079,CE0010866,Rest,CD4i_R1,38.0,317539.0
CD4i_R1_D2_Rest_NTC-080,NTC-080,CE0010866,Rest,CD4i_R1,11.0,89247.0
CD4i_R1_D2_Rest_NTC-081,NTC-081,CE0010866,Rest,CD4i_R1,14.0,134436.0
CD4i_R1_D2_Rest_NTC-082,NTC-082,CE0010866,Rest,CD4i_R1,10.0,76693.0
CD4i_R1_D2_Rest_NTC-083,NTC-083,CE0010866,Rest,CD4i_R1,78.0,745221.0
CD4i_R1_D2_Rest_NTC-084,NTC-084,CE0010866,Rest,CD4i_R1,11.0,95079.0
CD4i_R1_D2_Rest_NTC-086,NTC-086,CE0010866,Rest,CD4i_R1,42.0,375228.0
CD4i_R1_D2_Rest_NTC-087,NTC-087,CE0010866,Rest,CD4i_R1,5.0,43126.0
CD4i_R1_D2_Rest_NTC-089,NTC-089,CE0010866,Rest,CD4i_R1,14.0,114472.0
CD4i_R1_D2_Rest_NTC-090,NTC-090,CE0010866,Rest,CD4i_R1,42.0,337055.0
CD4i_R1_D2_Rest_NTC-091,NTC-091,CE0010866,Rest,CD4i_R1,80.0,753702.0
CD4i_R1_D2_Rest_NTC-092,NTC-092,CE0010866,Rest,CD4i_R1,8.0,110452.0
CD4i_R1_D2_Rest_NTC-094,NTC-094,CE0010866,Rest,CD4i_R1,11.0,109814.0
CD4i_R1_D2_Rest_NTC-095,NTC-095,CE0010866,Rest,CD4i_R1,68.0,518266.0
CD4i_R1_D2_Rest_NTC-097,NTC-097,CE0010866,Rest,CD4i_R1,18.0,138374.0
CD4i_R1_D2_Rest_NTC-098,NTC-098,CE0010866,Rest,CD4i_R1,64.0,555632.0
CD4i_R1_D2_Rest_NTC-099,NTC-099,CE0010866,Rest,CD4i_R1,41.0,323487.0
CD4i_R1_D2_Rest_NTC-100,NTC-100,CE0010866,Rest,CD4i_R1,21.0,194537.0
CD4i_R1_D2_Rest_NTC-101,NTC-101,CE0010866,Rest,CD4i_R1,415.0,3875274.0
CD4i_R1_D2_Rest_NTC-102,NTC-102,CE0010866,Rest,CD4i_R1,6.0,41290.0
CD4i_R1_D2_Rest_NTC-103,NTC-103,CE0010866,Rest,CD4i_R1,13.0,112344.0
CD4i_R1_D2_Rest_NTC-106,NTC-106,CE0010866,Rest,CD4i_R1,6.0,107295.0
CD4i_R1_D2_Rest_NTC-108,NTC-108,CE0010866,Rest,CD4i_R1,19.0,202667.0
CD4i_R1_D2_Rest_NTC-110,NTC-110,CE0010866,Rest,CD4i_R1,63.0,629205.0
CD4i_R1_D2_Rest_NTC-111,NTC-111,CE0010866,Rest,CD4i_R1,76.0,766744.0
CD4i_R1_D2_Rest_NTC-112,NTC-112,CE0010866,Rest,CD4i_R1,5.0,36936.0
CD4i_R1_D2_Rest_NTC-114,NTC-114,CE0010866,Rest,CD4i_R1,147.0,1418037.0
CD4i_R1_D2_Rest_NTC-120,NTC-120,CE0010866,Rest,CD4i_R1,36.0,330937.0
CD4i_R1_D2_Rest_NTC-122,NTC-122,CE0010866,Rest,CD4i_R1,158.0,1403164.0
CD4i_R1_D2_Rest_NTC-123,NTC-123,CE0010866,Rest,CD4i_R1,63.0,579855.0
CD4i_R1_D2_Rest_NTC-124,NTC-124,CE0010866,Rest,CD4i_R1,88.0,743378.0
CD4i_R1_D2_Rest_NTC-125,NTC-125,CE0010866,Rest,CD4i_R1,7.0,53706.0
CD4i_R1_D2_Rest_NTC-126,NTC-126,CE0010866,Rest,CD4i_R1,12.0,279454.0
CD4i_R1_D2_Rest_NTC-127,NTC-127,CE0010866,Rest,CD4i_R1,8.0,54325.0
CD4i_R1_D2_Rest_NTC-129,NTC-129,CE0010866,Rest,CD4i_R1,67.0,599613.0
CD4i_R1_D2_Rest_NTC-130,NTC-130,CE0010866,Rest,CD4i_R1,58.0,588856.0
CD4i_R1_D2_Rest_NTC-131,NTC-131,CE0010866,Rest,CD4i_R1,62.0,564307.0
CD4i_R1_D2_Rest_NTC-132,NTC-132,CE0010866,Rest,CD4i_R1,37.0,398783.0
CD4i_R1_D2_Rest_NTC-133,NTC-133,CE0010866,Rest,CD4i_R1,27.0,231667.0
CD4i_R1_D2_Rest_NTC-134,NTC-134,CE0010866,Rest,CD4i_R1,28.0,286403.0
CD4i_R1_D2_Rest_NTC-136,NTC-136,CE0010866,Rest,CD4i_R1,49.0,393365.0
CD4i_R1_D2_Rest_NTC-137,NTC-137,CE0010866,Rest,CD4i_R1,37.0,323755.0
CD4i_R1_D2_Rest_NTC-138,NTC-138,CE0010866,Rest,CD4i_R1,14.0,129002.0
CD4i_R1_D2_Rest_NTC-139,NTC-139,CE0010866,Rest,CD4i_R1,60.0,612622.0
CD4i_R1_D2_Rest_NTC-140,NTC-140,CE0010866,Rest,CD4i_R1,8.0,64604.0
CD4i_R1_D2_Rest_NTC-141,NTC-141,CE0010866,Rest,CD4i_R1,101.0,724394.0
CD4i_R1_D2_Rest_NTC-142,NTC-142,CE0010866,Rest,CD4i_R1,42.0,458955.0
CD4i_R1_D2_Rest_NTC-143,NTC-143,CE0010866,Rest,CD4i_R1,164.0,1508373.0
CD4i_R1_D2_Rest_NTC-144,NTC-144,CE0010866,Rest,CD4i_R1,99.0,753346.0
CD4i_R1_D2_Rest_NTC-146,NTC-146,CE0010866,Rest,CD4i_R1,174.0,1479712.0
CD4i_R1_D2_Rest_NTC-148,NTC-148,CE0010866,Rest,CD4i_R1,109.0,1009993.0
CD4i_R1_D2_Rest_NTC-149,NTC-149,CE0010866,Rest,CD4i_R1,46.0,358193.0
CD4i_R1_D2_Rest_NTC-150,NTC-150,CE0010866,Rest,CD4i_R1,84.0,971444.0
CD4i_R1_D2_Rest_NTC-151,NTC-151,CE0010866,Rest,CD4i_R1,27.0,233950.0
CD4i_R1_D2_Rest_NTC-152,NTC-152,CE0010866,Rest,CD4i_R1,43.0,503127.0
CD4i_R1_D2_Rest_NTC-153,NTC-153,CE0010866,Rest,CD4i_R1,194.0,1698922.0
CD4i_R1_D2_Rest_NTC-154,NTC-154,CE0010866,Rest,CD4i_R1,149.0,1470041.0
CD4i_R1_D2_Rest_NTC-155,NTC-155,CE0010866,Rest,CD4i_R1,91.0,822087.0
CD4i_R1_D2_Rest_NTC-156,NTC-156,CE0010866,Rest,CD4i_R1,66.0,728925.0
CD4i_R1_D2_Rest_NTC-157,NTC-157,CE0010866,Rest,CD4i_R1,68.0,585817.0
CD4i_R1_D2_Rest_NTC-158,NTC-158,CE0010866,Rest,CD4i_R1,53.0,490179.0
CD4i_R1_D2_Rest_NTC-159,NTC-159,CE0010866,Rest,CD4i_R1,12.0,83742.0
CD4i_R1_D2_Rest_NTC-160,NTC-160,CE0010866,Rest,CD4i_R1,77.0,715205.0
CD4i_R1_D2_Rest_NTC-161,NTC-161,CE0010866,Rest,CD4i_R1,324.0,3360056.0
CD4i_R1_D2_Rest_NTC-162,NTC-162,CE0010866,Rest,CD4i_R1,153.0,1346687.0
CD4i_R1_D2_Rest_NTC-163,NTC-163,CE0010866,Rest,CD4i_R1,998.0,7902351.0
CD4i_R1_D2_Rest_NTC-164,NTC-164,CE0010866,Rest,CD4i_R1,51.0,442939.0
CD4i_R1_D2_Rest_NTC-165,NTC-165,CE0010866,Rest,CD4i_R1,82.0,860202.0
CD4i_R1_D2_Rest_NTC-166,NTC-166,CE0010866,Rest,CD4i_R1,348.0,3357226.0
CD4i_R1_D2_Rest_NTC-167,NTC-167,CE0010866,Rest,CD4i_R1,18.0,104907.0
CD4i_R1_D2_Rest_NTC-168,NTC-168,CE0010866,Rest,CD4i_R1,7.0,66542.0
CD4i_R1_D2_Rest_NTC-169,NTC-169,CE0010866,Rest,CD4i_R1,20.0,165278.0
CD4i_R1_D2_Rest_NTC-170,NTC-170,CE0010866,Rest,CD4i_R1,198.0,1860584.0
CD4i_R1_D2_Rest_NTC-171,NTC-171,CE0010866,Rest,CD4i_R1,7.0,86271.0
CD4i_R1_D2_Rest_NTC-173,NTC-173,CE0010866,Rest,CD4i_R1,650.0,6010096.0
CD4i_R1_D2_Rest_NTC-174,NTC-174,CE0010866,Rest,CD4i_R1,191.0,1780946.0
CD4i_R1_D2_Rest_NTC-175,NTC-175,CE0010866,Rest,CD4i_R1,79.0,685687.0
CD4i_R1_D2_Rest_NTC-177,NTC-177,CE0010866,Rest,CD4i_R1,100.0,945575.0
CD4i_R1_D2_Rest_NTC-178,NTC-178,CE0010866,Rest,CD4i_R1,93.0,849373.0
CD4i_R1_D2_Rest_NTC-179,NTC-179,CE0010866,Rest,CD4i_R1,122.0,1287207.0
CD4i_R1_D2_Rest_NTC-180,NTC-180,CE0010866,Rest,CD4i_R1,31.0,255120.0
CD4i_R1_D2_Rest_NTC-181,NTC-181,CE0010866,Rest,CD4i_R1,130.0,1253996.0
CD4i_R1_D2_Rest_NTC-183,NTC-183,CE0010866,Rest,CD4i_R1,77.0,764906.0
CD4i_R1_D2_Rest_NTC-184,NTC-184,CE0010866,Rest,CD4i_R1,12.0,112831.0
CD4i_R1_D2_Rest_NTC-185,NTC-185,CE0010866,Rest,CD4i_R1,59.0,492652.0
CD4i_R1_D2_Rest_NTC-186,NTC-186,CE0010866,Rest,CD4i_R1,20.0,176893.0
CD4i_R1_D2_Rest_NTC-188,NTC-188,CE0010866,Rest,CD4i_R1,41.0,338890.0
CD4i_R1_D2_Rest_NTC-189,NTC-189,CE0010866,Rest,CD4i_R1,9.0,76058.0
CD4i_R1_D2_Rest_NTC-190,NTC-190,CE0010866,Rest,CD4i_R1,93.0,839084.0
CD4i_R1_D2_Rest_NTC-191,NTC-191,CE0010866,Rest,CD4i_R1,68.0,670959.0
CD4i_R1_D2_Rest_NTC-192,NTC-192,CE0010866,Rest,CD4i_R1,397.0,2164900.0
CD4i_R1_D2_Rest_NTC-193,NTC-193,CE0010866,Rest,CD4i_R1,61.0,552200.0
CD4i_R1_D2_Rest_NTC-196,NTC-196,CE0010866,Rest,CD4i_R1,80.0,710807.0
CD4i_R1_D2_Rest_NTC-197,NTC-197,CE0010866,Rest,CD4i_R1,136.0,1303844.0
CD4i_R1_D2_Rest_NTC-198,NTC-198,CE0010866,Rest,CD4i_R1,14.0,152594.0
CD4i_R1_D2_Rest_NTC-200,NTC-200,CE0010866,Rest,CD4i_R1,20.0,187031.0
CD4i_R1_D2_Rest_NTC-201,NTC-201,CE0010866,Rest,CD4i_R1,6.0,41787.0
CD4i_R1_D2_Rest_NTC-202,NTC-202,CE0010866,Rest,CD4i_R1,51.0,399748.0
CD4i_R1_D2_Rest_NTC-203,NTC-203,CE0010866,Rest,CD4i_R1,57.0,445747.0
CD4i_R1_D2_Rest_NTC-205,NTC-205,CE0010866,Rest,CD4i_R1,68.0,471791.0
CD4i_R1_D2_Rest_NTC-207,NTC-207,CE0010866,Rest,CD4i_R1,1144.0,10613193.0
CD4i_R1_D2_Rest_NTC-208,NTC-208,CE0010866,Rest,CD4i_R1,28.0,286466.0
CD4i_R1_D2_Rest_NTC-209,NTC-209,CE0010866,Rest,CD4i_R1,46.0,367325.0
CD4i_R1_D2_Rest_NTC-210,NTC-210,CE0010866,Rest,CD4i_R1,15.0,125154.0
CD4i_R1_D2_Rest_NTC-211,NTC-211,CE0010866,Rest,CD4i_R1,23.0,197744.0
CD4i_R1_D2_Rest_NTC-212,NTC-212,CE0010866,Rest,CD4i_R1,12.0,109337.0
CD4i_R1_D2_Rest_NTC-213,NTC-213,CE0010866,Rest,CD4i_R1,130.0,1094256.0
CD4i_R1_D2_Rest_NTC-215,NTC-215,CE0010866,Rest,CD4i_R1,22.0,169897.0
CD4i_R1_D2_Rest_NTC-217,NTC-217,CE0010866,Rest,CD4i_R1,1203.0,12303539.0
CD4i_R1_D2_Rest_NTC-219,NTC-219,CE0010866,Rest,CD4i_R1,242.0,1980238.0
CD4i_R1_D2_Rest_NTC-220,NTC-220,CE0010866,Rest,CD4i_R1,15.0,116530.0
CD4i_R1_D2_Rest_NTC-222,NTC-222,CE0010866,Rest,CD4i_R1,7.0,55164.0
CD4i_R1_D2_Rest_NTC-224,NTC-224,CE0010866,Rest,CD4i_R1,59.0,514156.0
CD4i_R1_D2_Rest_NTC-227,NTC-227,CE0010866,Rest,CD4i_R1,10.0,88047.0
CD4i_R1_D2_Rest_NTC-228,NTC-228,CE0010866,Rest,CD4i_R1,61.0,614144.0
CD4i_R1_D2_Rest_NTC-229,NTC-229,CE0010866,Rest,CD4i_R1,9.0,76816.0
CD4i_R1_D2_Rest_NTC-230,NTC-230,CE0010866,Rest,CD4i_R1,288.0,2379318.0
CD4i_R1_D2_Rest_NTC-231,NTC-231,CE0010866,Rest,CD4i_R1,6.0,33306.0
CD4i_R1_D2_Rest_NTC-233,NTC-233,CE0010866,Rest,CD4i_R1,139.0,1325355.0
CD4i_R1_D2_Rest_NTC-234,NTC-234,CE0010866,Rest,CD4i_R1,51.0,451923.0
CD4i_R1_D2_Rest_NTC-235,NTC-235,CE0010866,Rest,CD4i_R1,84.0,866887.0
CD4i_R1_D2_Rest_NTC-236,NTC-236,CE0010866,Rest,CD4i_R1,115.0,992280.0
CD4i_R1_D2_Rest_NTC-237,NTC-237,CE0010866,Rest,CD4i_R1,18.0,123045.0
CD4i_R1_D2_Rest_NTC-238,NTC-238,CE0010866,Rest,CD4i_R1,6.0,73232.0
CD4i_R1_D2_Rest_NTC-239,NTC-239,CE0010866,Rest,CD4i_R1,31.0,306906.0
CD4i_R1_D2_Rest_NTC-240,NTC-240,CE0010866,Rest,CD4i_R1,91.0,797305.0
CD4i_R1_D2_Rest_NTC-241,NTC-241,CE0010866,Rest,CD4i_R1,430.0,4063469.0
CD4i_R1_D2_Rest_NTC-242,NTC-242,CE0010866,Rest,CD4i_R1,41.0,333142.0
CD4i_R1_D2_Rest_NTC-243,NTC-243,CE0010866,Rest,CD4i_R1,47.0,353646.0
CD4i_R1_D2_Rest_NTC-244,NTC-244,CE0010866,Rest,CD4i_R1,5.0,49524.0
CD4i_R1_D2_Rest_NTC-247,NTC-247,CE0010866,Rest,CD4i_R1,264.0,2364168.0
CD4i_R1_D2_Rest_NTC-248,NTC-248,CE0010866,Rest,CD4i_R1,75.0,650170.0
CD4i_R1_D2_Rest_NTC-249,NTC-249,CE0010866,Rest,CD4i_R1,48.0,441463.0
CD4i_R1_D2_Rest_NTC-250,NTC-250,CE0010866,Rest,CD4i_R1,255.0,2157618.0
CD4i_R1_D2_Rest_NTC-252,NTC-252,CE0010866,Rest,CD4i_R1,27.0,207049.0
CD4i_R1_D2_Rest_NTC-253,NTC-253,CE0010866,Rest,CD4i_R1,184.0,1698565.0
CD4i_R1_D2_Rest_NTC-256,NTC-256,CE0010866,Rest,CD4i_R1,12.0,136885.0
CD4i_R1_D2_Rest_NTC-258,NTC-258,CE0010866,Rest,CD4i_R1,87.0,843892.0
CD4i_R1_D2_Rest_NTC-260,NTC-260,CE0010866,Rest,CD4i_R1,123.0,1051796.0
CD4i_R1_D2_Rest_NTC-261,NTC-261,CE0010866,Rest,CD4i_R1,187.0,1788939.0
CD4i_R1_D2_Rest_NTC-262,NTC-262,CE0010866,Rest,CD4i_R1,53.0,390495.0
CD4i_R1_D2_Rest_NTC-263,NTC-263,CE0010866,Rest,CD4i_R1,10.0,62612.0
CD4i_R1_D2_Rest_NTC-264,NTC-264,CE0010866,Rest,CD4i_R1,391.0,3049199.0
CD4i_R1_D2_Rest_NTC-265,NTC-265,CE0010866,Rest,CD4i_R1,134.0,1061066.0
CD4i_R1_D2_Rest_NTC-267,NTC-267,CE0010866,Rest,CD4i_R1,573.0,5487989.0
CD4i_R1_D2_Rest_NTC-268,NTC-268,CE0010866,Rest,CD4i_R1,42.0,355703.0
CD4i_R1_D2_Rest_NTC-270,NTC-270,CE0010866,Rest,CD4i_R1,58.0,375947.0
CD4i_R1_D2_Rest_NTC-271,NTC-271,CE0010866,Rest,CD4i_R1,110.0,1111890.0
CD4i_R1_D2_Rest_NTC-272,NTC-272,CE0010866,Rest,CD4i_R1,77.0,768228.0
CD4i_R1_D2_Rest_NTC-273,NTC-273,CE0010866,Rest,CD4i_R1,42.0,430697.0
CD4i_R1_D2_Rest_NTC-274,NTC-274,CE0010866,Rest,CD4i_R1,43.0,330249.0
CD4i_R1_D2_Rest_NTC-275,NTC-275,CE0010866,Rest,CD4i_R1,79.0,766401.0
CD4i_R1_D2_Rest_NTC-276,NTC-276,CE0010866,Rest,CD4i_R1,90.0,754326.0
CD4i_R1_D2_Rest_NTC-277,NTC-277,CE0010866,Rest,CD4i_R1,5.0,75523.0
CD4i_R1_D2_Rest_NTC-278,NTC-278,CE0010866,Rest,CD4i_R1,92.0,988253.0
CD4i_R1_D2_Rest_NTC-279,NTC-279,CE0010866,Rest,CD4i_R1,157.0,1736650.0
CD4i_R1_D2_Rest_NTC-280,NTC-280,CE0010866,Rest,CD4i_R1,111.0,985075.0
CD4i_R1_D2_Rest_NTC-282,NTC-282,CE0010866,Rest,CD4i_R1,110.0,924475.0
CD4i_R1_D2_Rest_NTC-285,NTC-285,CE0010866,Rest,CD4i_R1,124.0,1009318.0
CD4i_R1_D2_Rest_NTC-286,NTC-286,CE0010866,Rest,CD4i_R1,7.0,50063.0
CD4i_R1_D2_Rest_NTC-287,NTC-287,CE0010866,Rest,CD4i_R1,127.0,1077402.0
CD4i_R1_D2_Rest_NTC-288,NTC-288,CE0010866,Rest,CD4i_R1,17.0,134370.0
CD4i_R1_D2_Rest_NTC-289,NTC-289,CE0010866,Rest,CD4i_R1,72.0,680096.0
CD4i_R1_D2_Rest_NTC-290,NTC-290,CE0010866,Rest,CD4i_R1,137.0,1113218.0
CD4i_R1_D2_Rest_NTC-291,NTC-291,CE0010866,Rest,CD4i_R1,26.0,282227.0
CD4i_R1_D2_Rest_NTC-292,NTC-292,CE0010866,Rest,CD4i_R1,149.0,1521421.0
CD4i_R1_D2_Rest_NTC-293,NTC-293,CE0010866,Rest,CD4i_R1,59.0,522709.0
CD4i_R1_D2_Rest_NTC-295,NTC-295,CE0010866,Rest,CD4i_R1,347.0,3199889.0
CD4i_R1_D2_Rest_NTC-296,NTC-296,CE0010866,Rest,CD4i_R1,86.0,769869.0
CD4i_R1_D2_Rest_NTC-297,NTC-297,CE0010866,Rest,CD4i_R1,37.0,326657.0
CD4i_R1_D2_Rest_NTC-298,NTC-298,CE0010866,Rest,CD4i_R1,77.0,572304.0
CD4i_R1_D2_Rest_NTC-299,NTC-299,CE0010866,Rest,CD4i_R1,79.0,743141.0
CD4i_R1_D2_Rest_NTC-300,NTC-300,CE0010866,Rest,CD4i_R1,30.0,213844.0
CD4i_R1_D2_Rest_NTC-302,NTC-302,CE0010866,Rest,CD4i_R1,27.0,303574.0
CD4i_R1_D2_Rest_NTC-303,NTC-303,CE0010866,Rest,CD4i_R1,62.0,542058.0
CD4i_R1_D2_Rest_NTC-304,NTC-304,CE0010866,Rest,CD4i_R1,167.0,1701094.0
CD4i_R1_D2_Rest_NTC-305,NTC-305,CE0010866,Rest,CD4i_R1,24.0,272435.0
CD4i_R1_D2_Rest_NTC-306,NTC-306,CE0010866,Rest,CD4i_R1,15.0,123689.0
CD4i_R1_D2_Rest_NTC-308,NTC-308,CE0010866,Rest,CD4i_R1,52.0,504177.0
CD4i_R1_D2_Rest_NTC-309,NTC-309,CE0010866,Rest,CD4i_R1,28.0,223029.0
CD4i_R1_D2_Rest_NTC-310,NTC-310,CE0010866,Rest,CD4i_R1,11.0,87551.0
CD4i_R1_D2_Rest_NTC-311,NTC-311,CE0010866,Rest,CD4i_R1,15.0,167978.0
CD4i_R1_D2_Rest_NTC-312,NTC-312,CE0010866,Rest,CD4i_R1,114.0,873587.0
CD4i_R1_D2_Rest_NTC-314,NTC-314,CE0010866,Rest,CD4i_R1,41.0,383164.0
CD4i_R1_D2_Rest_NTC-315,NTC-315,CE0010866,Rest,CD4i_R1,42.0,408429.0
CD4i_R1_D2_Rest_NTC-316,NTC-316,CE0010866,Rest,CD4i_R1,12.0,157081.0
CD4i_R1_D2_Rest_NTC-317,NTC-317,CE0010866,Rest,CD4i_R1,209.0,2109342.0
CD4i_R1_D2_Rest_NTC-318,NTC-318,CE0010866,Rest,CD4i_R1,152.0,1482199.0
CD4i_R1_D2_Rest_NTC-319,NTC-319,CE0010866,Rest,CD4i_R1,146.0,1406667.0
CD4i_R1_D2_Rest_NTC-321,NTC-321,CE0010866,Rest,CD4i_R1,38.0,316548.0
CD4i_R1_D2_Rest_NTC-322,NTC-322,CE0010866,Rest,CD4i_R1,124.0,998146.0
CD4i_R1_D2_Rest_NTC-323,NTC-323,CE0010866,Rest,CD4i_R1,95.0,988795.0
CD4i_R1_D2_Rest_NTC-324,NTC-324,CE0010866,Rest,CD4i_R1,76.0,532020.0
CD4i_R1_D2_Rest_NTC-325,NTC-325,CE0010866,Rest,CD4i_R1,37.0,348501.0
CD4i_R1_D2_Rest_NTC-326,NTC-326,CE0010866,Rest,CD4i_R1,183.0,1379418.0
CD4i_R1_D2_Rest_NTC-327,NTC-327,CE0010866,Rest,CD4i_R1,50.0,469629.0
CD4i_R1_D2_Rest_NTC-328,NTC-328,CE0010866,Rest,CD4i_R1,1133.0,12547595.0
CD4i_R1_D2_Rest_NTC-329,NTC-329,CE0010866,Rest,CD4i_R1,11.0,136353.0
CD4i_R1_D2_Rest_NTC-330,NTC-330,CE0010866,Rest,CD4i_R1,7.0,85821.0
CD4i_R1_D2_Rest_NTC-332,NTC-332,CE0010866,Rest,CD4i_R1,24.0,179871.0
CD4i_R1_D2_Rest_NTC-333,NTC-333,CE0010866,Rest,CD4i_R1,243.0,2079074.0
CD4i_R1_D2_Rest_NTC-334,NTC-334,CE0010866,Rest,CD4i_R1,114.0,1044958.0
CD4i_R1_D2_Rest_NTC-337,NTC-337,CE0010866,Rest,CD4i_R1,221.0,1997020.0
CD4i_R1_D2_Rest_NTC-338,NTC-338,CE0010866,Rest,CD4i_R1,28.0,225640.0
CD4i_R1_D2_Rest_NTC-339,NTC-339,CE0010866,Rest,CD4i_R1,6.0,39619.0
CD4i_R1_D2_Rest_NTC-340,NTC-340,CE0010866,Rest,CD4i_R1,25.0,254071.0
CD4i_R1_D2_Rest_NTC-341,NTC-341,CE0010866,Rest,CD4i_R1,41.0,345295.0
CD4i_R1_D2_Rest_NTC-342,NTC-342,CE0010866,Rest,CD4i_R1,45.0,481856.0
CD4i_R1_D2_Rest_NTC-343,NTC-343,CE0010866,Rest,CD4i_R1,148.0,1507103.0
CD4i_R1_D2_Rest_NTC-344,NTC-344,CE0010866,Rest,CD4i_R1,61.0,573527.0
CD4i_R1_D2_Rest_NTC-345,NTC-345,CE0010866,Rest,CD4i_R1,68.0,620323.0
CD4i_R1_D2_Rest_NTC-346,NTC-346,CE0010866,Rest,CD4i_R1,14.0,193567.0
CD4i_R1_D2_Rest_NTC-347,NTC-347,CE0010866,Rest,CD4i_R1,13.0,157972.0
CD4i_R1_D2_Rest_NTC-348,NTC-348,CE0010866,Rest,CD4i_R1,108.0,1024759.0
CD4i_R1_D2_Rest_NTC-349,NTC-349,CE0010866,Rest,CD4i_R1,62.0,618110.0
CD4i_R1_D2_Rest_NTC-352,NTC-352,CE0010866,Rest,CD4i_R1,30.0,285145.0
CD4i_R1_D2_Rest_NTC-353,NTC-353,CE0010866,Rest,CD4i_R1,10.0,102301.0
CD4i_R1_D2_Rest_NTC-355,NTC-355,CE0010866,Rest,CD4i_R1,138.0,1284026.0
CD4i_R1_D2_Rest_NTC-356,NTC-356,CE0010866,Rest,CD4i_R1,114.0,1111340.0
CD4i_R1_D2_Rest_NTC-357,NTC-357,CE0010866,Rest,CD4i_R1,32.0,235544.0
CD4i_R1_D2_Rest_NTC-359,NTC-359,CE0010866,Rest,CD4i_R1,61.0,572902.0
CD4i_R1_D2_Rest_NTC-361,NTC-361,CE0010866,Rest,CD4i_R1,8.0,65164.0
CD4i_R1_D2_Rest_NTC-362,NTC-362,CE0010866,Rest,CD4i_R1,53.0,500464.0
CD4i_R1_D2_Rest_NTC-363,NTC-363,CE0010866,Rest,CD4i_R1,15.0,199844.0
CD4i_R1_D2_Rest_NTC-365,NTC-365,CE0010866,Rest,CD4i_R1,15.0,139581.0
CD4i_R1_D2_Rest_NTC-366,NTC-366,CE0010866,Rest,CD4i_R1,18.0,181213.0
CD4i_R1_D2_Rest_NTC-368,NTC-368,CE0010866,Rest,CD4i_R1,12.0,99234.0
CD4i_R1_D2_Rest_NTC-369,NTC-369,CE0010866,Rest,CD4i_R1,10.0,81758.0
CD4i_R1_D2_Rest_NTC-370,NTC-370,CE0010866,Rest,CD4i_R1,84.0,711954.0
CD4i_R1_D2_Rest_NTC-371,NTC-371,CE0010866,Rest,CD4i_R1,63.0,548355.0
CD4i_R1_D2_Rest_NTC-373,NTC-373,CE0010866,Rest,CD4i_R1,19.0,147846.0
CD4i_R1_D2_Rest_NTC-374,NTC-374,CE0010866,Rest,CD4i_R1,96.0,886424.0
CD4i_R1_D2_Rest_NTC-375,NTC-375,CE0010866,Rest,CD4i_R1,67.0,569658.0
CD4i_R1_D2_Rest_NTC-376,NTC-376,CE0010866,Rest,CD4i_R1,9.0,80983.0
CD4i_R1_D2_Rest_NTC-377,NTC-377,CE0010866,Rest,CD4i_R1,21.0,206768.0
CD4i_R1_D2_Rest_NTC-378,NTC-378,CE0010866,Rest,CD4i_R1,119.0,1083727.0
CD4i_R1_D2_Rest_NTC-379,NTC-379,CE0010866,Rest,CD4i_R1,43.0,406362.0
CD4i_R1_D2_Rest_NTC-380,NTC-380,CE0010866,Rest,CD4i_R1,287.0,2701829.0
CD4i_R1_D2_Rest_NTC-381,NTC-381,CE0010866,Rest,CD4i_R1,55.0,539640.0
CD4i_R1_D2_Rest_NTC-382,NTC-382,CE0010866,Rest,CD4i_R1,148.0,1426398.0
CD4i_R1_D2_Rest_NTC-383,NTC-383,CE0010866,Rest,CD4i_R1,7.0,63603.0
CD4i_R1_D2_Rest_NTC-384,NTC-384,CE0010866,Rest,CD4i_R1,11.0,90577.0
CD4i_R1_D2_Rest_NTC-386,NTC-386,CE0010866,Rest,CD4i_R1,31.0,284426.0
CD4i_R1_D2_Rest_NTC-389,NTC-389,CE0010866,Rest,CD4i_R1,162.0,1316066.0
CD4i_R1_D2_Rest_NTC-390,NTC-390,CE0010866,Rest,CD4i_R1,20.0,181688.0
CD4i_R1_D2_Rest_NTC-391,NTC-391,CE0010866,Rest,CD4i_R1,71.0,781416.0
CD4i_R1_D2_Rest_NTC-392,NTC-392,CE0010866,Rest,CD4i_R1,168.0,1584772.0
CD4i_R1_D2_Rest_NTC-393,NTC-393,CE0010866,Rest,CD4i_R1,49.0,498966.0
CD4i_R1_D2_Rest_NTC-397,NTC-397,CE0010866,Rest,CD4i_R1,240.0,2367705.0
CD4i_R1_D2_Rest_NTC-398,NTC-398,CE0010866,Rest,CD4i_R1,59.0,581161.0
CD4i_R1_D2_Rest_NTC-399,NTC-399,CE0010866,Rest,CD4i_R1,127.0,1075785.0
CD4i_R1_D2_Rest_NTC-400,NTC-400,CE0010866,Rest,CD4i_R1,117.0,963783.0
CD4i_R1_D2_Rest_NTC-401,NTC-401,CE0010866,Rest,CD4i_R1,62.0,738473.0
CD4i_R1_D2_Rest_NTC-402,NTC-402,CE0010866,Rest,CD4i_R1,12.0,200804.0
CD4i_R1_D2_Rest_NTC-403,NTC-403,CE0010866,Rest,CD4i_R1,104.0,780741.0
CD4i_R1_D2_Rest_NTC-404,NTC-404,CE0010866,Rest,CD4i_R1,111.0,1026100.0
CD4i_R1_D2_Rest_NTC-406,NTC-406,CE0010866,Rest,CD4i_R1,348.0,3279324.0
CD4i_R1_D2_Rest_NTC-407,NTC-407,CE0010866,Rest,CD4i_R1,127.0,1111414.0
CD4i_R1_D2_Rest_NTC-408,NTC-408,CE0010866,Rest,CD4i_R1,21.0,166587.0
CD4i_R1_D2_Rest_NTC-409,NTC-409,CE0010866,Rest,CD4i_R1,55.0,450223.0
CD4i_R1_D2_Rest_NTC-411,NTC-411,CE0010866,Rest,CD4i_R1,133.0,1095675.0
CD4i_R1_D2_Rest_NTC-412,NTC-412,CE0010866,Rest,CD4i_R1,261.0,2440545.0
CD4i_R1_D2_Rest_NTC-413,NTC-413,CE0010866,Rest,CD4i_R1,29.0,297108.0
CD4i_R1_D2_Rest_NTC-415,NTC-415,CE0010866,Rest,CD4i_R1,5.0,24567.0
CD4i_R1_D2_Rest_NTC-417,NTC-417,CE0010866,Rest,CD4i_R1,37.0,312482.0
CD4i_R1_D2_Rest_NTC-418,NTC-418,CE0010866,Rest,CD4i_R1,47.0,418683.0
CD4i_R1_D2_Rest_NTC-419,NTC-419,CE0010866,Rest,CD4i_R1,51.0,390586.0
CD4i_R1_D2_Rest_NTC-420,NTC-420,CE0010866,Rest,CD4i_R1,345.0,2998600.0
CD4i_R1_D2_Rest_NTC-422,NTC-422,CE0010866,Rest,CD4i_R1,38.0,308554.0
CD4i_R1_D2_Rest_NTC-423,NTC-423,CE0010866,Rest,CD4i_R1,120.0,1119414.0
CD4i_R1_D2_Rest_NTC-424,NTC-424,CE0010866,Rest,CD4i_R1,6.0,70430.0
CD4i_R1_D2_Rest_NTC-425,NTC-425,CE0010866,Rest,CD4i_R1,103.0,897657.0
CD4i_R1_D2_Rest_NTC-426,NTC-426,CE0010866,Rest,CD4i_R1,195.0,1967027.0
CD4i_R1_D2_Rest_NTC-429,NTC-429,CE0010866,Rest,CD4i_R1,38.0,331647.0
CD4i_R1_D2_Rest_NTC-430,NTC-430,CE0010866,Rest,CD4i_R1,69.0,537045.0
CD4i_R1_D2_Rest_NTC-432,NTC-432,CE0010866,Rest,CD4i_R1,73.0,650888.0
CD4i_R1_D2_Rest_NTC-434,NTC-434,CE0010866,Rest,CD4i_R1,13.0,112073.0
CD4i_R1_D2_Rest_NTC-435,NTC-435,CE0010866,Rest,CD4i_R1,55.0,430891.0
CD4i_R1_D2_Rest_NTC-436,NTC-436,CE0010866,Rest,CD4i_R1,261.0,2497798.0
CD4i_R1_D2_Rest_NTC-437,NTC-437,CE0010866,Rest,CD4i_R1,122.0,1213979.0
CD4i_R1_D2_Rest_NTC-438,NTC-438,CE0010866,Rest,CD4i_R1,269.0,2481403.0
CD4i_R1_D2_Rest_NTC-439,NTC-439,CE0010866,Rest,CD4i_R1,11.0,94601.0
CD4i_R1_D2_Rest_NTC-441,NTC-441,CE0010866,Rest,CD4i_R1,90.0,768450.0
CD4i_R1_D2_Rest_NTC-442,NTC-442,CE0010866,Rest,CD4i_R1,194.0,1752047.0
CD4i_R1_D2_Rest_NTC-444,NTC-444,CE0010866,Rest,CD4i_R1,76.0,633309.0
CD4i_R1_D2_Rest_NTC-445,NTC-445,CE0010866,Rest,CD4i_R1,41.0,376501.0
CD4i_R1_D2_Rest_NTC-446,NTC-446,CE0010866,Rest,CD4i_R1,8.0,49158.0
CD4i_R1_D2_Rest_NTC-447,NTC-447,CE0010866,Rest,CD4i_R1,56.0,464015.0
CD4i_R1_D2_Rest_NTC-448,NTC-448,CE0010866,Rest,CD4i_R1,184.0,1393042.0
CD4i_R1_D2_Rest_NTC-449,NTC-449,CE0010866,Rest,CD4i_R1,45.0,429592.0
CD4i_R1_D2_Rest_NTC-451,NTC-451,CE0010866,Rest,CD4i_R1,26.0,234344.0
CD4i_R1_D2_Rest_NTC-452,NTC-452,CE0010866,Rest,CD4i_R1,53.0,465470.0
CD4i_R1_D2_Rest_NTC-453,NTC-453,CE0010866,Rest,CD4i_R1,239.0,2282375.0
CD4i_R1_D2_Rest_NTC-454,NTC-454,CE0010866,Rest,CD4i_R1,249.0,2564274.0
CD4i_R1_D2_Rest_NTC-455,NTC-455,CE0010866,Rest,CD4i_R1,78.0,786499.0
CD4i_R1_D2_Rest_NTC-456,NTC-456,CE0010866,Rest,CD4i_R1,2366.0,20529429.0
CD4i_R1_D2_Rest_NTC-457,NTC-457,CE0010866,Rest,CD4i_R1,82.0,694125.0
CD4i_R1_D2_Rest_NTC-458,NTC-458,CE0010866,Rest,CD4i_R1,244.0,2343249.0
CD4i_R1_D2_Rest_NTC-459,NTC-459,CE0010866,Rest,CD4i_R1,62.0,555884.0
CD4i_R1_D2_Rest_NTC-460,NTC-460,CE0010866,Rest,CD4i_R1,258.0,2117644.0
CD4i_R1_D2_Rest_NTC-461,NTC-461,CE0010866,Rest,CD4i_R1,8.0,66074.0
CD4i_R1_D2_Rest_NTC-462,NTC-462,CE0010866,Rest,CD4i_R1,21.0,198306.0
CD4i_R1_D2_Rest_NTC-463,NTC-463,CE0010866,Rest,CD4i_R1,16.0,176088.0
CD4i_R1_D2_Rest_NTC-464,NTC-464,CE0010866,Rest,CD4i_R1,211.0,1683235.0
CD4i_R1_D2_Rest_NTC-465,NTC-465,CE0010866,Rest,CD4i_R1,7.0,79395.0
CD4i_R1_D2_Rest_NTC-466,NTC-466,CE0010866,Rest,CD4i_R1,6.0,43762.0
CD4i_R1_D2_Rest_NTC-467,NTC-467,CE0010866,Rest,CD4i_R1,60.0,748011.0
CD4i_R1_D2_Rest_NTC-468,NTC-468,CE0010866,Rest,CD4i_R1,28.0,270299.0
CD4i_R1_D2_Rest_NTC-470,NTC-470,CE0010866,Rest,CD4i_R1,9.0,95836.0
CD4i_R1_D2_Rest_NTC-471,NTC-471,CE0010866,Rest,CD4i_R1,135.0,1257487.0
CD4i_R1_D2_Rest_NTC-474,NTC-474,CE0010866,Rest,CD4i_R1,238.0,2324274.0
CD4i_R1_D2_Rest_NTC-475,NTC-475,CE0010866,Rest,CD4i_R1,31.0,304243.0
CD4i_R1_D2_Rest_NTC-476,NTC-476,CE0010866,Rest,CD4i_R1,158.0,1304781.0
CD4i_R1_D2_Rest_NTC-477,NTC-477,CE0010866,Rest,CD4i_R1,287.0,2604687.0
CD4i_R1_D2_Rest_NTC-478,NTC-478,CE0010866,Rest,CD4i_R1,180.0,1525133.0
CD4i_R1_D2_Rest_NTC-479,NTC-479,CE0010866,Rest,CD4i_R1,103.0,802362.0
CD4i_R1_D2_Rest_NTC-481,NTC-481,CE0010866,Rest,CD4i_R1,32.0,304360.0
CD4i_R1_D2_Rest_NTC-482,NTC-482,CE0010866,Rest,CD4i_R1,16.0,151958.0
CD4i_R1_D2_Rest_NTC-483,NTC-483,CE0010866,Rest,CD4i_R1,8.0,71696.0
CD4i_R1_D2_Rest_NTC-485,NTC-485,CE0010866,Rest,CD4i_R1,71.0,682414.0
CD4i_R1_D2_Rest_NTC-486,NTC-486,CE0010866,Rest,CD4i_R1,85.0,905034.0
CD4i_R1_D2_Rest_NTC-487,NTC-487,CE0010866,Rest,CD4i_R1,265.0,2509293.0
CD4i_R1_D2_Rest_NTC-488,NTC-488,CE0010866,Rest,CD4i_R1,23.0,162572.0
CD4i_R1_D2_Rest_NTC-489,NTC-489,CE0010866,Rest,CD4i_R1,94.0,846666.0
CD4i_R1_D2_Rest_NTC-490,NTC-490,CE0010866,Rest,CD4i_R1,99.0,637160.0
CD4i_R1_D2_Rest_NTC-492,NTC-492,CE0010866,Rest,CD4i_R1,29.0,240711.0
CD4i_R1_D2_Rest_NTC-493,NTC-493,CE0010866,Rest,CD4i_R1,22.0,206184.0
CD4i_R1_D2_Rest_NTC-495,NTC-495,CE0010866,Rest,CD4i_R1,23.0,176405.0
CD4i_R1_D2_Rest_NTC-496,NTC-496,CE0010866,Rest,CD4i_R1,362.0,3209201.0
CD4i_R1_D2_Rest_NTC-497,NTC-497,CE0010866,Rest,CD4i_R1,246.0,2647970.0
CD4i_R1_D2_Rest_NTC-498,NTC-498,CE0010866,Rest,CD4i_R1,46.0,363581.0
CD4i_R1_D2_Rest_NTC-499,NTC-499,CE0010866,Rest,CD4i_R1,73.0,568259.0
CD4i_R1_D2_Rest_NTC-500,NTC-500,CE0010866,Rest,CD4i_R1,65.0,638761.0
CD4i_R1_D2_Rest_NTC-502,NTC-502,CE0010866,Rest,CD4i_R1,123.0,1256433.0
CD4i_R1_D2_Rest_NTC-503,NTC-503,CE0010866,Rest,CD4i_R1,15.0,196824.0
CD4i_R1_D2_Rest_NTC-504,NTC-504,CE0010866,Rest,CD4i_R1,20.0,132055.0
CD4i_R1_D2_Rest_NTC-505,NTC-505,CE0010866,Rest,CD4i_R1,72.0,704637.0
CD4i_R1_D2_Rest_NTC-506,NTC-506,CE0010866,Rest,CD4i_R1,33.0,260581.0
CD4i_R1_D2_Rest_NTC-507,NTC-507,CE0010866,Rest,CD4i_R1,149.0,1439148.0
CD4i_R1_D2_Rest_NTC-508,NTC-508,CE0010866,Rest,CD4i_R1,20.0,208935.0
CD4i_R1_D2_Rest_NTC-509,NTC-509,CE0010866,Rest,CD4i_R1,225.0,1943956.0
CD4i_R1_D2_Rest_NTC-510,NTC-510,CE0010866,Rest,CD4i_R1,32.0,299516.0
CD4i_R1_D2_Rest_NTC-511,NTC-511,CE0010866,Rest,CD4i_R1,74.0,849740.0
CD4i_R1_D2_Rest_NTC-512,NTC-512,CE0010866,Rest,CD4i_R1,108.0,869174.0
CD4i_R1_D2_Rest_NTC-513,NTC-513,CE0010866,Rest,CD4i_R1,5.0,42650.0
CD4i_R1_D2_Rest_NTC-515,NTC-515,CE0010866,Rest,CD4i_R1,8.0,95332.0
CD4i_R1_D2_Rest_NTC-516,NTC-516,CE0010866,Rest,CD4i_R1,33.0,335755.0
CD4i_R1_D2_Rest_NTC-517,NTC-517,CE0010866,Rest,CD4i_R1,20.0,170440.0
CD4i_R1_D2_Rest_NTC-518,NTC-518,CE0010866,Rest,CD4i_R1,11.0,145075.0
CD4i_R1_D2_Rest_NTC-519,NTC-519,CE0010866,Rest,CD4i_R1,516.0,5039669.0
CD4i_R1_D2_Rest_NTC-521,NTC-521,CE0010866,Rest,CD4i_R1,38.0,275249.0
CD4i_R1_D2_Rest_NTC-522,NTC-522,CE0010866,Rest,CD4i_R1,15.0,128973.0
CD4i_R1_D2_Rest_NTC-523,NTC-523,CE0010866,Rest,CD4i_R1,21.0,192083.0
CD4i_R1_D2_Rest_NTC-524,NTC-524,CE0010866,Rest,CD4i_R1,153.0,1408396.0
CD4i_R1_D2_Rest_NTC-525,NTC-525,CE0010866,Rest,CD4i_R1,58.0,546101.0
CD4i_R1_D2_Rest_NTC-526,NTC-526,CE0010866,Rest,CD4i_R1,151.0,1306818.0
CD4i_R1_D2_Rest_NTC-527,NTC-527,CE0010866,Rest,CD4i_R1,411.0,3987672.0
CD4i_R1_D2_Rest_NTC-529,NTC-529,CE0010866,Rest,CD4i_R1,6.0,66652.0
CD4i_R1_D2_Rest_NTC-530,NTC-530,CE0010866,Rest,CD4i_R1,26.0,271052.0
CD4i_R1_D2_Rest_NTC-531,NTC-531,CE0010866,Rest,CD4i_R1,129.0,1308491.0
CD4i_R1_D2_Rest_NTC-532,NTC-532,CE0010866,Rest,CD4i_R1,87.0,820090.0
CD4i_R1_D2_Rest_NTC-534,NTC-534,CE0010866,Rest,CD4i_R1,39.0,329878.0
CD4i_R1_D2_Rest_NTC-535,NTC-535,CE0010866,Rest,CD4i_R1,5.0,44819.0
CD4i_R1_D2_Rest_NTC-536,NTC-536,CE0010866,Rest,CD4i_R1,12.0,96697.0
CD4i_R1_D2_Rest_NTC-538,NTC-538,CE0010866,Rest,CD4i_R1,265.0,2336415.0
CD4i_R1_D2_Rest_NTC-539,NTC-539,CE0010866,Rest,CD4i_R1,47.0,384216.0
CD4i_R1_D2_Rest_NTC-540,NTC-540,CE0010866,Rest,CD4i_R1,126.0,1083624.0
CD4i_R1_D2_Rest_NTC-541,NTC-541,CE0010866,Rest,CD4i_R1,14.0,80621.0
CD4i_R1_D2_Rest_NTC-542,NTC-542,CE0010866,Rest,CD4i_R1,282.0,2455343.0
CD4i_R1_D2_Rest_NTC-543,NTC-543,CE0010866,Rest,CD4i_R1,177.0,1569604.0
CD4i_R1_D2_Rest_NTC-544,NTC-544,CE0010866,Rest,CD4i_R1,6.0,69186.0
CD4i_R1_D2_Rest_NTC-545,NTC-545,CE0010866,Rest,CD4i_R1,228.0,2281471.0
CD4i_R1_D2_Rest_NTC-546,NTC-546,CE0010866,Rest,CD4i_R1,42.0,388939.0
CD4i_R1_D2_Rest_NTC-547,NTC-547,CE0010866,Rest,CD4i_R1,158.0,1636510.0
CD4i_R1_D2_Rest_NTC-548,NTC-548,CE0010866,Rest,CD4i_R1,89.0,755715.0
CD4i_R1_D2_Rest_NTC-549,NTC-549,CE0010866,Rest,CD4i_R1,289.0,3179772.0
CD4i_R1_D2_Rest_NTC-550,NTC-550,CE0010866,Rest,CD4i_R1,64.0,636149.0
CD4i_R1_D2_Rest_NTC-552,NTC-552,CE0010866,Rest,CD4i_R1,107.0,970493.0
CD4i_R1_D2_Rest_NTC-554,NTC-554,CE0010866,Rest,CD4i_R1,5.0,50850.0
CD4i_R1_D2_Rest_NTC-555,NTC-555,CE0010866,Rest,CD4i_R1,43.0,337551.0
CD4i_R1_D2_Rest_NTC-558,NTC-558,CE0010866,Rest,CD4i_R1,115.0,1034681.0
CD4i_R1_D2_Rest_NTC-559,NTC-559,CE0010866,Rest,CD4i_R1,59.0,493063.0
CD4i_R1_D2_Rest_NTC-560,NTC-560,CE0010866,Rest,CD4i_R1,54.0,460364.0
CD4i_R1_D2_Rest_NTC-561,NTC-561,CE0010866,Rest,CD4i_R1,80.0,665730.0
CD4i_R1_D2_Rest_NTC-562,NTC-562,CE0010866,Rest,CD4i_R1,8.0,67119.0
CD4i_R1_D2_Rest_NTC-563,NTC-563,CE0010866,Rest,CD4i_R1,153.0,1256053.0
CD4i_R1_D2_Rest_NTC-564,NTC-564,CE0010866,Rest,CD4i_R1,64.0,560278.0
CD4i_R1_D2_Rest_NTC-567,NTC-567,CE0010866,Rest,CD4i_R1,129.0,1088428.0
CD4i_R1_D2_Rest_NTC-570,NTC-570,CE0010866,Rest,CD4i_R1,72.0,666117.0
CD4i_R1_D2_Rest_NTC-571,NTC-571,CE0010866,Rest,CD4i_R1,18.0,202228.0
CD4i_R1_D2_Rest_NTC-573,NTC-573,CE0010866,Rest,CD4i_R1,9.0,60094.0
CD4i_R1_D2_Rest_NTC-574,NTC-574,CE0010866,Rest,CD4i_R1,431.0,3930630.0
CD4i_R1_D2_Rest_NTC-575,NTC-575,CE0010866,Rest,CD4i_R1,579.0,4866397.0
CD4i_R1_D2_Rest_NTC-576,NTC-576,CE0010866,Rest,CD4i_R1,33.0,265310.0
CD4i_R1_D2_Rest_NTC-577,NTC-577,CE0010866,Rest,CD4i_R1,76.0,700353.0
CD4i_R1_D2_Rest_NTC-579,NTC-579,CE0010866,Rest,CD4i_R1,635.0,4939290.0
CD4i_R1_D2_Rest_NTC-580,NTC-580,CE0010866,Rest,CD4i_R1,48.0,475692.0
CD4i_R1_D2_Rest_NTC-581,NTC-581,CE0010866,Rest,CD4i_R1,16.0,166987.0
CD4i_R1_D2_Rest_NTC-582,NTC-582,CE0010866,Rest,CD4i_R1,17.0,157740.0
CD4i_R1_D2_Rest_NTC-583,NTC-583,CE0010866,Rest,CD4i_R1,100.0,858595.0
CD4i_R1_D2_Rest_NTC-584,NTC-584,CE0010866,Rest,CD4i_R1,114.0,1058300.0
CD4i_R1_D2_Rest_NTC-585,NTC-585,CE0010866,Rest,CD4i_R1,9.0,59611.0
CD4i_R1_D2_Rest_NTC-586,NTC-586,CE0010866,Rest,CD4i_R1,37.0,278210.0
CD4i_R1_D2_Rest_NTC-588,NTC-588,CE0010866,Rest,CD4i_R1,114.0,1174062.0
CD4i_R1_D2_Rest_NTC-590,NTC-590,CE0010866,Rest,CD4i_R1,14.0,124200.0
CD4i_R1_D2_Rest_NTC-591,NTC-591,CE0010866,Rest,CD4i_R1,78.0,730384.0
CD4i_R1_D2_Rest_NTC-592,NTC-592,CE0010866,Rest,CD4i_R1,8.0,93400.0
CD4i_R1_D2_Rest_NTC-593,NTC-593,CE0010866,Rest,CD4i_R1,9.0,71222.0
CD4i_R1_D2_Rest_NTC-594,NTC-594,CE0010866,Rest,CD4i_R1,41.0,415441.0
CD4i_R1_D2_Rest_NTC-595,NTC-595,CE0010866,Rest,CD4i_R1,41.0,399396.0
CD4i_R1_D2_Rest_NTC-596,NTC-596,CE0010866,Rest,CD4i_R1,21.0,168442.0
CD4i_R1_D2_Rest_NTC-598,NTC-598,CE0010866,Rest,CD4i_R1,89.0,963283.0
CD4i_R1_D2_Rest_NTC-599,NTC-599,CE0010866,Rest,CD4i_R1,6.0,46435.0
CD4i_R1_D2_Rest_NTC-601,NTC-601,CE0010866,Rest,CD4i_R1,79.0,709555.0
CD4i_R1_D2_Rest_NTC-603,NTC-603,CE0010866,Rest,CD4i_R1,33.0,320638.0
CD4i_R1_D2_Rest_NTC-605,NTC-605,CE0010866,Rest,CD4i_R1,109.0,1135263.0
CD4i_R1_D2_Rest_NTC-606,NTC-606,CE0010866,Rest,CD4i_R1,66.0,532970.0
CD4i_R1_D2_Rest_NTC-607,NTC-607,CE0010866,Rest,CD4i_R1,102.0,949592.0
CD4i_R1_D2_Rest_NTC-608,NTC-608,CE0010866,Rest,CD4i_R1,31.0,340659.0
CD4i_R1_D2_Rest_NTC-609,NTC-609,CE0010866,Rest,CD4i_R1,136.0,1200083.0
CD4i_R1_D2_Rest_NTC-610,NTC-610,CE0010866,Rest,CD4i_R1,23.0,250850.0
CD4i_R1_D2_Rest_NTC-611,NTC-611,CE0010866,Rest,CD4i_R1,891.0,8193512.0
CD4i_R1_D2_Rest_NTC-613,NTC-613,CE0010866,Rest,CD4i_R1,169.0,1628096.0
CD4i_R1_D2_Rest_NTC-614,NTC-614,CE0010866,Rest,CD4i_R1,19.0,233796.0
CD4i_R1_D2_Rest_NTC-615,NTC-615,CE0010866,Rest,CD4i_R1,39.0,282662.0
CD4i_R1_D2_Rest_NTC-616,NTC-616,CE0010866,Rest,CD4i_R1,420.0,3781439.0
CD4i_R1_D2_Rest_NTC-617,NTC-617,CE0010866,Rest,CD4i_R1,160.0,1631872.0
CD4i_R1_D2_Rest_NTC-618,NTC-618,CE0010866,Rest,CD4i_R1,26.0,213319.0
CD4i_R1_D2_Rest_NTC-619,NTC-619,CE0010866,Rest,CD4i_R1,19.0,168535.0
CD4i_R1_D2_Rest_NTC-620,NTC-620,CE0010866,Rest,CD4i_R1,14.0,155468.0
CD4i_R1_D2_Rest_NTC-622,NTC-622,CE0010866,Rest,CD4i_R1,44.0,360742.0
CD4i_R1_D2_Rest_NTC-623,NTC-623,CE0010866,Rest,CD4i_R1,80.0,672433.0
CD4i_R1_D2_Rest_NTC-624,NTC-624,CE0010866,Rest,CD4i_R1,134.0,1098743.0
CD4i_R1_D2_Rest_NTC-626,NTC-626,CE0010866,Rest,CD4i_R1,10.0,156581.0
CD4i_R1_D2_Rest_NTC-628,NTC-628,CE0010866,Rest,CD4i_R1,36.0,303279.0
CD4i_R1_D2_Rest_NTC-629,NTC-629,CE0010866,Rest,CD4i_R1,58.0,637112.0
CD4i_R1_D2_Rest_NTC-630,NTC-630,CE0010866,Rest,CD4i_R1,80.0,831086.0
CD4i_R1_D2_Rest_NTC-631,NTC-631,CE0010866,Rest,CD4i_R1,51.0,377283.0
CD4i_R1_D2_Rest_NTC-632,NTC-632,CE0010866,Rest,CD4i_R1,120.0,1102191.0
CD4i_R1_D2_Rest_NTC-633,NTC-633,CE0010866,Rest,CD4i_R1,211.0,1755061.0
CD4i_R1_D2_Rest_NTC-634,NTC-634,CE0010866,Rest,CD4i_R1,227.0,2115910.0
CD4i_R1_D2_Rest_NTC-635,NTC-635,CE0010866,Rest,CD4i_R1,21.0,209101.0
CD4i_R1_D2_Rest_NTC-636,NTC-636,CE0010866,Rest,CD4i_R1,5.0,38200.0
CD4i_R1_D2_Rest_NTC-637,NTC-637,CE0010866,Rest,CD4i_R1,105.0,902661.0
CD4i_R1_D2_Rest_NTC-638,NTC-638,CE0010866,Rest,CD4i_R1,52.0,490563.0
CD4i_R1_D2_Rest_NTC-641,NTC-641,CE0010866,Rest,CD4i_R1,5.0,80935.0
CD4i_R1_D2_Rest_NTC-642,NTC-642,CE0010866,Rest,CD4i_R1,62.0,656875.0
CD4i_R1_D2_Rest_NTC-643,NTC-643,CE0010866,Rest,CD4i_R1,6.0,40053.0
CD4i_R1_D2_Rest_NTC-646,NTC-646,CE0010866,Rest,CD4i_R1,111.0,1177731.0
CD4i_R1_D2_Rest_NTC-648,NTC-648,CE0010866,Rest,CD4i_R1,89.0,785830.0
CD4i_R1_D2_Rest_NTC-649,NTC-649,CE0010866,Rest,CD4i_R1,10.0,86740.0
CD4i_R1_D2_Rest_NTC-650,NTC-650,CE0010866,Rest,CD4i_R1,277.0,2463314.0
CD4i_R1_D2_Rest_NTC-651,NTC-651,CE0010866,Rest,CD4i_R1,281.0,2347627.0
CD4i_R1_D2_Rest_NTC-652,NTC-652,CE0010866,Rest,CD4i_R1,147.0,1117353.0
CD4i_R1_D2_Rest_NTC-653,NTC-653,CE0010866,Rest,CD4i_R1,6.0,58518.0
CD4i_R1_D2_Rest_NTC-654,NTC-654,CE0010866,Rest,CD4i_R1,463.0,3993038.0
CD4i_R1_D2_Rest_NTC-655,NTC-655,CE0010866,Rest,CD4i_R1,48.0,348071.0
CD4i_R1_D2_Rest_NTC-656,NTC-656,CE0010866,Rest,CD4i_R1,56.0,668974.0
CD4i_R1_D2_Rest_NTC-657,NTC-657,CE0010866,Rest,CD4i_R1,34.0,258811.0
CD4i_R1_D2_Rest_NTC-658,NTC-658,CE0010866,Rest,CD4i_R1,76.0,725892.0
CD4i_R1_D2_Rest_NTC-660,NTC-660,CE0010866,Rest,CD4i_R1,11.0,59070.0
CD4i_R1_D2_Rest_NTC-661,NTC-661,CE0010866,Rest,CD4i_R1,12.0,71813.0
CD4i_R1_D2_Rest_NTC-664,NTC-664,CE0010866,Rest,CD4i_R1,16.0,146294.0
CD4i_R1_D2_Rest_NTC-665,NTC-665,CE0010866,Rest,CD4i_R1,32.0,296574.0
CD4i_R1_D2_Rest_NTC-666,NTC-666,CE0010866,Rest,CD4i_R1,78.0,729763.0
CD4i_R1_D2_Rest_NTC-667,NTC-667,CE0010866,Rest,CD4i_R1,40.0,349323.0
CD4i_R1_D2_Rest_NTC-668,NTC-668,CE0010866,Rest,CD4i_R1,82.0,623436.0
CD4i_R1_D2_Rest_NTC-669,NTC-669,CE0010866,Rest,CD4i_R1,382.0,3888795.0
CD4i_R1_D2_Rest_NTC-671,NTC-671,CE0010866,Rest,CD4i_R1,493.0,4356526.0
CD4i_R1_D2_Rest_NTC-672,NTC-672,CE0010866,Rest,CD4i_R1,47.0,440273.0
CD4i_R1_D2_Rest_NTC-676,NTC-676,CE0010866,Rest,CD4i_R1,105.0,1048849.0
CD4i_R1_D2_Rest_NTC-677,NTC-677,CE0010866,Rest,CD4i_R1,33.0,274936.0
CD4i_R1_D2_Rest_NTC-679,NTC-679,CE0010866,Rest,CD4i_R1,97.0,928731.0
CD4i_R1_D2_Rest_NTC-680,NTC-680,CE0010866,Rest,CD4i_R1,8.0,65782.0
CD4i_R1_D2_Rest_NTC-681,NTC-681,CE0010866,Rest,CD4i_R1,68.0,601793.0
CD4i_R1_D2_Rest_NTC-683,NTC-683,CE0010866,Rest,CD4i_R1,48.0,449071.0
CD4i_R1_D2_Rest_NTC-686,NTC-686,CE0010866,Rest,CD4i_R1,29.0,249951.0
CD4i_R1_D2_Rest_NTC-687,NTC-687,CE0010866,Rest,CD4i_R1,25.0,231041.0
CD4i_R1_D2_Rest_NTC-689,NTC-689,CE0010866,Rest,CD4i_R1,60.0,588369.0
CD4i_R1_D2_Rest_NTC-690,NTC-690,CE0010866,Rest,CD4i_R1,8.0,55778.0
CD4i_R1_D2_Rest_NTC-691,NTC-691,CE0010866,Rest,CD4i_R1,48.0,404875.0
CD4i_R1_D2_Rest_NTC-692,NTC-692,CE0010866,Rest,CD4i_R1,18.0,130423.0
CD4i_R1_D2_Rest_NTC-693,NTC-693,CE0010866,Rest,CD4i_R1,15.0,144470.0
CD4i_R1_D2_Rest_NTC-696,NTC-696,CE0010866,Rest,CD4i_R1,15.0,145636.0
CD4i_R1_D2_Rest_NTC-698,NTC-698,CE0010866,Rest,CD4i_R1,227.0,1952837.0
CD4i_R1_D2_Rest_NTC-699,NTC-699,CE0010866,Rest,CD4i_R1,53.0,390526.0
CD4i_R1_D2_Rest_NTC-700,NTC-700,CE0010866,Rest,CD4i_R1,241.0,2460421.0
CD4i_R1_D2_Rest_NTC-701,NTC-701,CE0010866,Rest,CD4i_R1,11.0,101124.0
CD4i_R1_D2_Rest_NTC-702,NTC-702,CE0010866,Rest,CD4i_R1,41.0,333839.0
CD4i_R1_D2_Rest_NTC-703,NTC-703,CE0010866,Rest,CD4i_R1,242.0,2570794.0
CD4i_R1_D2_Rest_NTC-704,NTC-704,CE0010866,Rest,CD4i_R1,23.0,149370.0
CD4i_R1_D2_Rest_NTC-705,NTC-705,CE0010866,Rest,CD4i_R1,160.0,1366306.0
CD4i_R1_D2_Rest_NTC-706,NTC-706,CE0010866,Rest,CD4i_R1,5.0,68729.0
CD4i_R1_D2_Rest_NTC-709,NTC-709,CE0010866,Rest,CD4i_R1,47.0,356199.0
CD4i_R1_D2_Rest_NTC-710,NTC-710,CE0010866,Rest,CD4i_R1,7.0,50789.0
CD4i_R1_D2_Rest_NTC-711,NTC-711,CE0010866,Rest,CD4i_R1,29.0,295017.0
CD4i_R1_D2_Rest_NTC-712,NTC-712,CE0010866,Rest,CD4i_R1,12.0,110329.0
CD4i_R1_D2_Rest_NTC-713,NTC-713,CE0010866,Rest,CD4i_R1,52.0,584309.0
CD4i_R1_D2_Rest_NTC-714,NTC-714,CE0010866,Rest,CD4i_R1,31.0,255753.0
CD4i_R1_D2_Rest_NTC-715,NTC-715,CE0010866,Rest,CD4i_R1,192.0,1787131.0
CD4i_R1_D2_Rest_NTC-716,NTC-716,CE0010866,Rest,CD4i_R1,23.0,186782.0
CD4i_R1_D2_Rest_NTC-717,NTC-717,CE0010866,Rest,CD4i_R1,204.0,1916169.0
CD4i_R1_D2_Rest_NTC-719,NTC-719,CE0010866,Rest,CD4i_R1,40.0,311591.0
CD4i_R1_D2_Rest_NTC-720,NTC-720,CE0010866,Rest,CD4i_R1,94.0,662682.0
CD4i_R1_D2_Rest_NTC-721,NTC-721,CE0010866,Rest,CD4i_R1,407.0,4256748.0
CD4i_R1_D2_Rest_NTC-722,NTC-722,CE0010866,Rest,CD4i_R1,11.0,112595.0
CD4i_R1_D2_Rest_NTC-723,NTC-723,CE0010866,Rest,CD4i_R1,89.0,836332.0
CD4i_R1_D2_Rest_NTC-724,NTC-724,CE0010866,Rest,CD4i_R1,5.0,48756.0
CD4i_R1_D2_Rest_NTC-725,NTC-725,CE0010866,Rest,CD4i_R1,486.0,5200422.0
CD4i_R1_D2_Rest_NTC-727,NTC-727,CE0010866,Rest,CD4i_R1,13.0,139906.0
CD4i_R1_D2_Rest_NTC-728,NTC-728,CE0010866,Rest,CD4i_R1,23.0,175747.0
CD4i_R1_D2_Rest_NTC-729,NTC-729,CE0010866,Rest,CD4i_R1,371.0,3217524.0
CD4i_R1_D2_Rest_NTC-731,NTC-731,CE0010866,Rest,CD4i_R1,177.0,1729508.0
CD4i_R1_D2_Rest_NTC-732,NTC-732,CE0010866,Rest,CD4i_R1,38.0,332791.0
CD4i_R1_D2_Rest_NTC-733,NTC-733,CE0010866,Rest,CD4i_R1,76.0,664104.0
CD4i_R1_D2_Rest_NTC-734,NTC-734,CE0010866,Rest,CD4i_R1,50.0,495154.0
CD4i_R1_D2_Rest_NTC-735,NTC-735,CE0010866,Rest,CD4i_R1,9.0,81832.0
CD4i_R1_D2_Rest_NTC-737,NTC-737,CE0010866,Rest,CD4i_R1,195.0,1529486.0
CD4i_R1_D2_Rest_NTC-739,NTC-739,CE0010866,Rest,CD4i_R1,166.0,1585551.0
CD4i_R1_D2_Rest_NTC-740,NTC-740,CE0010866,Rest,CD4i_R1,11.0,84837.0
CD4i_R1_D2_Rest_NTC-743,NTC-743,CE0010866,Rest,CD4i_R1,101.0,825773.0
CD4i_R1_D2_Rest_NTC-744,NTC-744,CE0010866,Rest,CD4i_R1,210.0,2041819.0
CD4i_R1_D2_Rest_NTC-746,NTC-746,CE0010866,Rest,CD4i_R1,13.0,136508.0
CD4i_R1_D2_Rest_NTC-747,NTC-747,CE0010866,Rest,CD4i_R1,371.0,3724335.0
CD4i_R1_D2_Rest_NTC-748,NTC-748,CE0010866,Rest,CD4i_R1,120.0,967068.0
CD4i_R1_D2_Rest_NTC-749,NTC-749,CE0010866,Rest,CD4i_R1,9.0,72306.0
CD4i_R1_D2_Rest_NTC-750,NTC-750,CE0010866,Rest,CD4i_R1,54.0,523154.0
CD4i_R1_D2_Rest_NTC-751,NTC-751,CE0010866,Rest,CD4i_R1,188.0,1508827.0
CD4i_R1_D2_Rest_NTC-752,NTC-752,CE0010866,Rest,CD4i_R1,43.0,356904.0
CD4i_R1_D2_Rest_NTC-753,NTC-753,CE0010866,Rest,CD4i_R1,34.0,352455.0
CD4i_R1_D2_Rest_NTC-754,NTC-754,CE0010866,Rest,CD4i_R1,152.0,1296441.0
CD4i_R1_D2_Rest_NTC-755,NTC-755,CE0010866,Rest,CD4i_R1,123.0,1081143.0
CD4i_R1_D2_Rest_NTC-758,NTC-758,CE0010866,Rest,CD4i_R1,101.0,970191.0
CD4i_R1_D2_Rest_NTC-760,NTC-760,CE0010866,Rest,CD4i_R1,281.0,2597088.0
CD4i_R1_D2_Rest_NTC-761,NTC-761,CE0010866,Rest,CD4i_R1,86.0,985505.0
CD4i_R1_D2_Rest_NTC-762,NTC-762,CE0010866,Rest,CD4i_R1,28.0,271639.0
CD4i_R1_D2_Rest_NTC-763,NTC-763,CE0010866,Rest,CD4i_R1,192.0,1716224.0
CD4i_R1_D2_Rest_NTC-764,NTC-764,CE0010866,Rest,CD4i_R1,8.0,86232.0
CD4i_R1_D2_Rest_NTC-765,NTC-765,CE0010866,Rest,CD4i_R1,45.0,464409.0
CD4i_R1_D2_Rest_NTC-766,NTC-766,CE0010866,Rest,CD4i_R1,123.0,1227812.0
CD4i_R1_D2_Rest_NTC-767,NTC-767,CE0010866,Rest,CD4i_R1,64.0,534673.0
CD4i_R1_D2_Rest_NTC-768,NTC-768,CE0010866,Rest,CD4i_R1,113.0,887763.0
CD4i_R1_D2_Rest_NTC-769,NTC-769,CE0010866,Rest,CD4i_R1,172.0,1752190.0
CD4i_R1_D2_Rest_NTC-770,NTC-770,CE0010866,Rest,CD4i_R1,96.0,883901.0
CD4i_R1_D2_Rest_NTC-772,NTC-772,CE0010866,Rest,CD4i_R1,35.0,299247.0
CD4i_R1_D2_Rest_NTC-773,NTC-773,CE0010866,Rest,CD4i_R1,123.0,939830.0
CD4i_R1_D2_Rest_NTC-774,NTC-774,CE0010866,Rest,CD4i_R1,48.0,454942.0
CD4i_R1_D2_Rest_NTC-775,NTC-775,CE0010866,Rest,CD4i_R1,16.0,173762.0
CD4i_R1_D2_Rest_NTC-776,NTC-776,CE0010866,Rest,CD4i_R1,138.0,1407429.0
CD4i_R1_D2_Rest_NTC-777,NTC-777,CE0010866,Rest,CD4i_R1,164.0,1554001.0
CD4i_R1_D2_Rest_NTC-779,NTC-779,CE0010866,Rest,CD4i_R1,279.0,2944993.0
CD4i_R1_D2_Rest_NTC-780,NTC-780,CE0010866,Rest,CD4i_R1,29.0,255611.0
CD4i_R1_D2_Rest_NTC-781,NTC-781,CE0010866,Rest,CD4i_R1,206.0,1784626.0
CD4i_R1_D2_Rest_NTC-783,NTC-783,CE0010866,Rest,CD4i_R1,410.0,3702616.0
CD4i_R1_D2_Rest_NTC-784,NTC-784,CE0010866,Rest,CD4i_R1,73.0,620487.0
CD4i_R1_D2_Rest_NTC-785,NTC-785,CE0010866,Rest,CD4i_R1,10.0,93966.0
CD4i_R1_D2_Rest_NTC-787,NTC-787,CE0010866,Rest,CD4i_R1,30.0,260733.0
CD4i_R1_D2_Rest_NTC-790,NTC-790,CE0010866,Rest,CD4i_R1,87.0,742999.0
CD4i_R1_D2_Rest_NTC-792,NTC-792,CE0010866,Rest,CD4i_R1,58.0,475588.0
CD4i_R1_D2_Rest_NTC-793,NTC-793,CE0010866,Rest,CD4i_R1,1002.0,8607231.0
CD4i_R1_D2_Rest_NTC-794,NTC-794,CE0010866,Rest,CD4i_R1,229.0,2222979.0
CD4i_R1_D2_Rest_NTC-795,NTC-795,CE0010866,Rest,CD4i_R1,259.0,2160251.0
CD4i_R1_D2_Rest_NTC-796,NTC-796,CE0010866,Rest,CD4i_R1,6.0,34561.0
CD4i_R1_D2_Rest_NTC-797,NTC-797,CE0010866,Rest,CD4i_R1,41.0,385192.0
CD4i_R1_D2_Rest_NTC-798,NTC-798,CE0010866,Rest,CD4i_R1,333.0,3045135.0
CD4i_R1_D2_Rest_NTC-799,NTC-799,CE0010866,Rest,CD4i_R1,122.0,827572.0
CD4i_R1_D2_Rest_NTC-800,NTC-800,CE0010866,Rest,CD4i_R1,49.0,392157.0
CD4i_R1_D2_Rest_NTC-801,NTC-801,CE0010866,Rest,CD4i_R1,91.0,885179.0
CD4i_R1_D2_Rest_NTC-802,NTC-802,CE0010866,Rest,CD4i_R1,57.0,538741.0
CD4i_R1_D2_Rest_NTC-803,NTC-803,CE0010866,Rest,CD4i_R1,10.0,79899.0
CD4i_R1_D2_Rest_NTC-805,NTC-805,CE0010866,Rest,CD4i_R1,120.0,1126342.0
CD4i_R1_D2_Rest_NTC-807,NTC-807,CE0010866,Rest,CD4i_R1,522.0,5580028.0
CD4i_R1_D2_Rest_NTC-808,NTC-808,CE0010866,Rest,CD4i_R1,65.0,536145.0
CD4i_R1_D2_Rest_NTC-809,NTC-809,CE0010866,Rest,CD4i_R1,481.0,4672903.0
CD4i_R1_D2_Rest_NTC-810,NTC-810,CE0010866,Rest,CD4i_R1,9.0,48344.0
CD4i_R1_D2_Rest_NTC-811,NTC-811,CE0010866,Rest,CD4i_R1,8.0,83841.0
CD4i_R1_D2_Rest_NTC-812,NTC-812,CE0010866,Rest,CD4i_R1,236.0,1769903.0
CD4i_R1_D2_Rest_NTC-813,NTC-813,CE0010866,Rest,CD4i_R1,53.0,519059.0
CD4i_R1_D2_Rest_NTC-814,NTC-814,CE0010866,Rest,CD4i_R1,12.0,139079.0
CD4i_R1_D2_Rest_NTC-815,NTC-815,CE0010866,Rest,CD4i_R1,80.0,698754.0
CD4i_R1_D2_Rest_NTC-816,NTC-816,CE0010866,Rest,CD4i_R1,63.0,519471.0
CD4i_R1_D2_Rest_NTC-817,NTC-817,CE0010866,Rest,CD4i_R1,46.0,412682.0
CD4i_R1_D2_Rest_NTC-818,NTC-818,CE0010866,Rest,CD4i_R1,370.0,2952168.0
CD4i_R1_D2_Rest_NTC-819,NTC-819,CE0010866,Rest,CD4i_R1,46.0,424318.0
CD4i_R1_D2_Rest_NTC-820,NTC-820,CE0010866,Rest,CD4i_R1,187.0,1975526.0
CD4i_R1_D2_Rest_NTC-821,NTC-821,CE0010866,Rest,CD4i_R1,20.0,159433.0
CD4i_R1_D2_Rest_NTC-822,NTC-822,CE0010866,Rest,CD4i_R1,7.0,50854.0
CD4i_R1_D2_Rest_NTC-823,NTC-823,CE0010866,Rest,CD4i_R1,155.0,1384868.0
CD4i_R1_D2_Rest_NTC-824,NTC-824,CE0010866,Rest,CD4i_R1,58.0,597002.0
CD4i_R1_D2_Rest_NTC-825,NTC-825,CE0010866,Rest,CD4i_R1,304.0,2797499.0
CD4i_R1_D2_Rest_NTC-826,NTC-826,CE0010866,Rest,CD4i_R1,132.0,1333086.0
CD4i_R1_D2_Rest_NTC-827,NTC-827,CE0010866,Rest,CD4i_R1,86.0,759588.0
CD4i_R1_D2_Rest_NTC-828,NTC-828,CE0010866,Rest,CD4i_R1,29.0,226196.0
CD4i_R1_D2_Rest_NTC-829,NTC-829,CE0010866,Rest,CD4i_R1,87.0,868290.0
CD4i_R1_D2_Rest_NTC-831,NTC-831,CE0010866,Rest,CD4i_R1,53.0,483479.0
CD4i_R1_D2_Rest_NTC-832,NTC-832,CE0010866,Rest,CD4i_R1,78.0,659310.0
CD4i_R1_D2_Rest_NTC-833,NTC-833,CE0010866,Rest,CD4i_R1,9.0,75913.0
CD4i_R1_D2_Rest_NTC-834,NTC-834,CE0010866,Rest,CD4i_R1,585.0,6836033.0
CD4i_R1_D2_Rest_NTC-835,NTC-835,CE0010866,Rest,CD4i_R1,46.0,393418.0
CD4i_R1_D2_Rest_NTC-839,NTC-839,CE0010866,Rest,CD4i_R1,33.0,226652.0
CD4i_R1_D2_Rest_NTC-840,NTC-840,CE0010866,Rest,CD4i_R1,69.0,751320.0
CD4i_R1_D2_Rest_NTC-841,NTC-841,CE0010866,Rest,CD4i_R1,330.0,3117370.0
CD4i_R1_D2_Rest_NTC-842,NTC-842,CE0010866,Rest,CD4i_R1,620.0,6385284.0
CD4i_R1_D2_Rest_NTC-844,NTC-844,CE0010866,Rest,CD4i_R1,30.0,246257.0
CD4i_R1_D2_Rest_NTC-845,NTC-845,CE0010866,Rest,CD4i_R1,235.0,1955521.0
CD4i_R1_D2_Rest_NTC-846,NTC-846,CE0010866,Rest,CD4i_R1,8.0,68788.0
CD4i_R1_D2_Rest_NTC-847,NTC-847,CE0010866,Rest,CD4i_R1,42.0,323970.0
CD4i_R1_D2_Rest_NTC-848,NTC-848,CE0010866,Rest,CD4i_R1,760.0,6580638.0
CD4i_R1_D2_Rest_NTC-849,NTC-849,CE0010866,Rest,CD4i_R1,25.0,231242.0
CD4i_R1_D2_Rest_NTC-851,NTC-851,CE0010866,Rest,CD4i_R1,46.0,401826.0
CD4i_R1_D2_Rest_NTC-852,NTC-852,CE0010866,Rest,CD4i_R1,40.0,363494.0
CD4i_R1_D2_Rest_NTC-853,NTC-853,CE0010866,Rest,CD4i_R1,6.0,39454.0
CD4i_R1_D2_Rest_NTC-854,NTC-854,CE0010866,Rest,CD4i_R1,21.0,169796.0
CD4i_R1_D2_Rest_NTC-856,NTC-856,CE0010866,Rest,CD4i_R1,79.0,681073.0
CD4i_R1_D2_Rest_NTC-857,NTC-857,CE0010866,Rest,CD4i_R1,14.0,108198.0
CD4i_R1_D2_Rest_NTC-858,NTC-858,CE0010866,Rest,CD4i_R1,27.0,216096.0
CD4i_R1_D2_Rest_NTC-859,NTC-859,CE0010866,Rest,CD4i_R1,48.0,420221.0
CD4i_R1_D2_Rest_NTC-860,NTC-860,CE0010866,Rest,CD4i_R1,62.0,578266.0
CD4i_R1_D2_Rest_NTC-861,NTC-861,CE0010866,Rest,CD4i_R1,5.0,36432.0
CD4i_R1_D2_Rest_NTC-863,NTC-863,CE0010866,Rest,CD4i_R1,45.0,304022.0
CD4i_R1_D2_Rest_NTC-864,NTC-864,CE0010866,Rest,CD4i_R1,102.0,843588.0
CD4i_R1_D2_Rest_NTC-865,NTC-865,CE0010866,Rest,CD4i_R1,6.0,33605.0
CD4i_R1_D2_Rest_NTC-866,NTC-866,CE0010866,Rest,CD4i_R1,54.0,416196.0
CD4i_R1_D2_Rest_NTC-867,NTC-867,CE0010866,Rest,CD4i_R1,66.0,655911.0
CD4i_R1_D2_Rest_NTC-868,NTC-868,CE0010866,Rest,CD4i_R1,13.0,148285.0
CD4i_R1_D2_Rest_NTC-869,NTC-869,CE0010866,Rest,CD4i_R1,17.0,122661.0
CD4i_R1_D2_Rest_NTC-870,NTC-870,CE0010866,Rest,CD4i_R1,67.0,565688.0
CD4i_R1_D2_Rest_NTC-871,NTC-871,CE0010866,Rest,CD4i_R1,12.0,141816.0
CD4i_R1_D2_Rest_NTC-875,NTC-875,CE0010866,Rest,CD4i_R1,147.0,1265255.0
CD4i_R1_D2_Rest_NTC-876,NTC-876,CE0010866,Rest,CD4i_R1,42.0,386023.0
CD4i_R1_D2_Rest_NTC-878,NTC-878,CE0010866,Rest,CD4i_R1,26.0,281246.0
CD4i_R1_D2_Rest_NTC-879,NTC-879,CE0010866,Rest,CD4i_R1,112.0,940631.0
CD4i_R1_D2_Rest_NTC-880,NTC-880,CE0010866,Rest,CD4i_R1,51.0,548112.0
CD4i_R1_D2_Rest_NTC-881,NTC-881,CE0010866,Rest,CD4i_R1,96.0,1172587.0
CD4i_R1_D2_Rest_NTC-882,NTC-882,CE0010866,Rest,CD4i_R1,145.0,1401809.0
CD4i_R1_D2_Rest_NTC-883,NTC-883,CE0010866,Rest,CD4i_R1,865.0,6191752.0
CD4i_R1_D2_Rest_NTC-884,NTC-884,CE0010866,Rest,CD4i_R1,118.0,1170196.0
CD4i_R1_D2_Rest_NTC-886,NTC-886,CE0010866,Rest,CD4i_R1,67.0,575803.0
CD4i_R1_D2_Rest_NTC-887,NTC-887,CE0010866,Rest,CD4i_R1,30.0,286416.0
CD4i_R1_D2_Rest_NTC-888,NTC-888,CE0010866,Rest,CD4i_R1,37.0,337560.0
CD4i_R1_D2_Rest_NTC-889,NTC-889,CE0010866,Rest,CD4i_R1,123.0,1240828.0
CD4i_R1_D2_Rest_NTC-890,NTC-890,CE0010866,Rest,CD4i_R1,15.0,127801.0
CD4i_R1_D2_Rest_NTC-891,NTC-891,CE0010866,Rest,CD4i_R1,8.0,117692.0
CD4i_R1_D2_Rest_NTC-892,NTC-892,CE0010866,Rest,CD4i_R1,17.0,107912.0
CD4i_R1_D2_Rest_NTC-893,NTC-893,CE0010866,Rest,CD4i_R1,188.0,1850417.0
CD4i_R1_D2_Rest_NTC-894,NTC-894,CE0010866,Rest,CD4i_R1,7.0,70257.0
CD4i_R1_D2_Rest_NTC-895,NTC-895,CE0010866,Rest,CD4i_R1,9.0,81443.0
CD4i_R1_D2_Rest_NTC-897,NTC-897,CE0010866,Rest,CD4i_R1,21.0,141317.0
CD4i_R1_D2_Rest_NTC-898,NTC-898,CE0010866,Rest,CD4i_R1,74.0,591112.0
CD4i_R1_D2_Rest_NTC-900,NTC-900,CE0010866,Rest,CD4i_R1,1169.0,11823721.0
CD4i_R1_D2_Rest_NTC-901,NTC-901,CE0010866,Rest,CD4i_R1,757.0,7042297.0
CD4i_R1_D2_Rest_NTC-902,NTC-902,CE0010866,Rest,CD4i_R1,53.0,535064.0
CD4i_R1_D2_Rest_NTC-903,NTC-903,CE0010866,Rest,CD4i_R1,149.0,1337356.0
CD4i_R1_D2_Rest_NTC-907,NTC-907,CE0010866,Rest,CD4i_R1,28.0,161555.0
CD4i_R1_D2_Rest_NTC-909,NTC-909,CE0010866,Rest,CD4i_R1,8.0,115630.0
CD4i_R1_D2_Rest_NTC-910,NTC-910,CE0010866,Rest,CD4i_R1,11.0,113773.0
CD4i_R1_D2_Rest_NTC-911,NTC-911,CE0010866,Rest,CD4i_R1,20.0,178084.0
CD4i_R1_D2_Rest_NTC-912,NTC-912,CE0010866,Rest,CD4i_R1,48.0,449853.0
CD4i_R1_D2_Rest_NTC-914,NTC-914,CE0010866,Rest,CD4i_R1,58.0,587040.0
CD4i_R1_D2_Rest_NTC-915,NTC-915,CE0010866,Rest,CD4i_R1,145.0,1290593.0
CD4i_R1_D2_Rest_NTC-918,NTC-918,CE0010866,Rest,CD4i_R1,214.0,2125941.0
CD4i_R1_D2_Rest_NTC-919,NTC-919,CE0010866,Rest,CD4i_R1,92.0,895220.0
CD4i_R1_D2_Rest_NTC-920,NTC-920,CE0010866,Rest,CD4i_R1,296.0,2790087.0
CD4i_R1_D2_Rest_NTC-921,NTC-921,CE0010866,Rest,CD4i_R1,87.0,761356.0
CD4i_R1_D2_Rest_NTC-922,NTC-922,CE0010866,Rest,CD4i_R1,250.0,2223562.0
CD4i_R1_D2_Rest_NTC-923,NTC-923,CE0010866,Rest,CD4i_R1,39.0,343156.0
CD4i_R1_D2_Rest_NTC-925,NTC-925,CE0010866,Rest,CD4i_R1,9.0,81428.0
CD4i_R1_D2_Rest_NTC-926,NTC-926,CE0010866,Rest,CD4i_R1,72.0,584638.0
CD4i_R1_D2_Rest_NTC-927,NTC-927,CE0010866,Rest,CD4i_R1,38.0,332765.0
CD4i_R1_D2_Rest_NTC-928,NTC-928,CE0010866,Rest,CD4i_R1,326.0,2833216.0
CD4i_R1_D2_Rest_NTC-929,NTC-929,CE0010866,Rest,CD4i_R1,35.0,277593.0
CD4i_R1_D2_Rest_NTC-931,NTC-931,CE0010866,Rest,CD4i_R1,42.0,336737.0
CD4i_R1_D2_Rest_NTC-932,NTC-932,CE0010866,Rest,CD4i_R1,38.0,331759.0
CD4i_R1_D2_Rest_NTC-935,NTC-935,CE0010866,Rest,CD4i_R1,18.0,165726.0
CD4i_R1_D2_Rest_NTC-936,NTC-936,CE0010866,Rest,CD4i_R1,97.0,814961.0
CD4i_R1_D2_Rest_NTC-937,NTC-937,CE0010866,Rest,CD4i_R1,45.0,448774.0
CD4i_R1_D2_Rest_NTC-939,NTC-939,CE0010866,Rest,CD4i_R1,34.0,252248.0
CD4i_R1_D2_Rest_NTC-940,NTC-940,CE0010866,Rest,CD4i_R1,15.0,190936.0
CD4i_R1_D2_Rest_NTC-941,NTC-941,CE0010866,Rest,CD4i_R1,449.0,3833214.0
CD4i_R1_D2_Rest_NTC-942,NTC-942,CE0010866,Rest,CD4i_R1,44.0,351771.0
CD4i_R1_D2_Rest_NTC-943,NTC-943,CE0010866,Rest,CD4i_R1,149.0,1777060.0
CD4i_R1_D2_Rest_NTC-944,NTC-944,CE0010866,Rest,CD4i_R1,12.0,91538.0
CD4i_R1_D2_Rest_NTC-945,NTC-945,CE0010866,Rest,CD4i_R1,104.0,936344.0
CD4i_R1_D2_Rest_NTC-946,NTC-946,CE0010866,Rest,CD4i_R1,43.0,355619.0
CD4i_R1_D2_Rest_NTC-947,NTC-947,CE0010866,Rest,CD4i_R1,37.0,319947.0
CD4i_R1_D2_Rest_NTC-948,NTC-948,CE0010866,Rest,CD4i_R1,362.0,3287486.0
CD4i_R1_D2_Rest_NTC-950,NTC-950,CE0010866,Rest,CD4i_R1,56.0,516439.0
CD4i_R1_D2_Rest_NTC-951,NTC-951,CE0010866,Rest,CD4i_R1,248.0,2331565.0
CD4i_R1_D2_Rest_NTC-952,NTC-952,CE0010866,Rest,CD4i_R1,27.0,239700.0
CD4i_R1_D2_Rest_NTC-954,NTC-954,CE0010866,Rest,CD4i_R1,9.0,67225.0
CD4i_R1_D2_Rest_NTC-955,NTC-955,CE0010866,Rest,CD4i_R1,76.0,631084.0
CD4i_R1_D2_Rest_NTC-956,NTC-956,CE0010866,Rest,CD4i_R1,5.0,31014.0
CD4i_R1_D2_Rest_NTC-957,NTC-957,CE0010866,Rest,CD4i_R1,79.0,898409.0
CD4i_R1_D2_Rest_NTC-958,NTC-958,CE0010866,Rest,CD4i_R1,25.0,180590.0
CD4i_R1_D2_Rest_NTC-960,NTC-960,CE0010866,Rest,CD4i_R1,37.0,380685.0
CD4i_R1_D2_Rest_NTC-962,NTC-962,CE0010866,Rest,CD4i_R1,20.0,152801.0
CD4i_R1_D2_Rest_NTC-963,NTC-963,CE0010866,Rest,CD4i_R1,495.0,4665157.0
CD4i_R1_D2_Rest_NTC-964,NTC-964,CE0010866,Rest,CD4i_R1,8.0,62515.0
CD4i_R1_D2_Rest_NTC-966,NTC-966,CE0010866,Rest,CD4i_R1,131.0,1318389.0
CD4i_R1_D2_Rest_NTC-967,NTC-967,CE0010866,Rest,CD4i_R1,131.0,1380663.0
CD4i_R1_D2_Rest_NTC-968,NTC-968,CE0010866,Rest,CD4i_R1,132.0,1243676.0
CD4i_R1_D2_Rest_NTC-969,NTC-969,CE0010866,Rest,CD4i_R1,140.0,1418489.0
CD4i_R1_D2_Rest_NTC-970,NTC-970,CE0010866,Rest,CD4i_R1,86.0,709291.0
CD4i_R1_D2_Rest_NTC-971,NTC-971,CE0010866,Rest,CD4i_R1,289.0,3025639.0
CD4i_R1_D2_Rest_NTC-972,NTC-972,CE0010866,Rest,CD4i_R1,33.0,389957.0
CD4i_R1_D2_Rest_NTC-973,NTC-973,CE0010866,Rest,CD4i_R1,194.0,1842993.0
CD4i_R1_D2_Rest_NTC-974,NTC-974,CE0010866,Rest,CD4i_R1,212.0,1719067.0
CD4i_R1_D2_Rest_NTC-976,NTC-976,CE0010866,Rest,CD4i_R1,30.0,229883.0
CD4i_R1_D2_Rest_NTC-977,NTC-977,CE0010866,Rest,CD4i_R1,17.0,185582.0
CD4i_R1_D2_Rest_NTC-978,NTC-978,CE0010866,Rest,CD4i_R1,68.0,642739.0
CD4i_R1_D2_Rest_NTC-979,NTC-979,CE0010866,Rest,CD4i_R1,125.0,1325435.0
CD4i_R1_D2_Rest_NTC-980,NTC-980,CE0010866,Rest,CD4i_R1,52.0,388752.0
CD4i_R1_D2_Rest_NTC-981,NTC-981,CE0010866,Rest,CD4i_R1,30.0,263181.0
CD4i_R1_D2_Rest_NTC-982,NTC-982,CE0010866,Rest,CD4i_R1,122.0,1074075.0
CD4i_R1_D2_Rest_NTC-983,NTC-983,CE0010866,Rest,CD4i_R1,6.0,74684.0
CD4i_R1_D2_Rest_NTC-984,NTC-984,CE0010866,Rest,CD4i_R1,37.0,287469.0
CD4i_R1_D2_Rest_NTC-985,NTC-985,CE0010866,Rest,CD4i_R1,105.0,1132160.0
CD4i_R1_D2_Rest_NTC-986,NTC-986,CE0010866,Rest,CD4i_R1,84.0,666756.0
CD4i_R1_D2_Rest_NTC-987,NTC-987,CE0010866,Rest,CD4i_R1,73.0,789581.0
CD4i_R1_D2_Rest_NTC-988,NTC-988,CE0010866,Rest,CD4i_R1,160.0,1623245.0
CD4i_R1_D2_Rest_NTC-989,NTC-989,CE0010866,Rest,CD4i_R1,172.0,1553419.0
CD4i_R1_D2_Rest_NTC-990,NTC-990,CE0010866,Rest,CD4i_R1,49.0,521131.0
CD4i_R1_D2_Rest_NTC-991,NTC-991,CE0010866,Rest,CD4i_R1,65.0,516030.0
CD4i_R1_D2_Rest_NTC-992,NTC-992,CE0010866,Rest,CD4i_R1,5.0,55663.0
CD4i_R2_D3_Stim8hr_NTC-002,NTC-002,CE0008678,Stim8hr,CD4i_R2,39.0,448084.0
CD4i_R2_D3_Stim8hr_NTC-003,NTC-003,CE0008678,Stim8hr,CD4i_R2,14.0,279618.0
CD4i_R2_D3_Stim8hr_NTC-004,NTC-004,CE0008678,Stim8hr,CD4i_R2,433.0,6587422.0
CD4i_R2_D3_Stim8hr_NTC-006,NTC-006,CE0008678,Stim8hr,CD4i_R2,213.0,3701945.0
CD4i_R2_D3_Stim8hr_NTC-007,NTC-007,CE0008678,Stim8hr,CD4i_R2,12.0,225806.0
CD4i_R2_D3_Stim8hr_NTC-008,NTC-008,CE0008678,Stim8hr,CD4i_R2,7.0,121538.0
CD4i_R2_D3_Stim8hr_NTC-011,NTC-011,CE0008678,Stim8hr,CD4i_R2,5.0,60414.0
CD4i_R2_D3_Stim8hr_NTC-012,NTC-012,CE0008678,Stim8hr,CD4i_R2,122.0,1723647.0
CD4i_R2_D3_Stim8hr_NTC-013,NTC-013,CE0008678,Stim8hr,CD4i_R2,69.0,1169437.0
CD4i_R2_D3_Stim8hr_NTC-014,NTC-014,CE0008678,Stim8hr,CD4i_R2,12.0,153251.0
CD4i_R2_D3_Stim8hr_NTC-015,NTC-015,CE0008678,Stim8hr,CD4i_R2,86.0,1260602.0
CD4i_R2_D3_Stim8hr_NTC-016,NTC-016,CE0008678,Stim8hr,CD4i_R2,374.0,6353648.0
CD4i_R2_D3_Stim8hr_NTC-017,NTC-017,CE0008678,Stim8hr,CD4i_R2,11.0,186863.0
CD4i_R2_D3_Stim8hr_NTC-018,NTC-018,CE0008678,Stim8hr,CD4i_R2,91.0,1132472.0
CD4i_R2_D3_Stim8hr_NTC-019,NTC-019,CE0008678,Stim8hr,CD4i_R2,375.0,5216172.0
CD4i_R2_D3_Stim8hr_NTC-022,NTC-022,CE0008678,Stim8hr,CD4i_R2,180.0,2516804.0
CD4i_R2_D3_Stim8hr_NTC-023,NTC-023,CE0008678,Stim8hr,CD4i_R2,249.0,4046776.0
CD4i_R2_D3_Stim8hr_NTC-024,NTC-024,CE0008678,Stim8hr,CD4i_R2,56.0,845741.0
CD4i_R2_D3_Stim8hr_NTC-025,NTC-025,CE0008678,Stim8hr,CD4i_R2,14.0,163795.0
CD4i_R2_D3_Stim8hr_NTC-026,NTC-026,CE0008678,Stim8hr,CD4i_R2,158.0,2101094.0
CD4i_R2_D3_Stim8hr_NTC-027,NTC-027,CE0008678,Stim8hr,CD4i_R2,19.0,221742.0
CD4i_R2_D3_Stim8hr_NTC-029,NTC-029,CE0008678,Stim8hr,CD4i_R2,22.0,252983.0
CD4i_R2_D3_Stim8hr_NTC-030,NTC-030,CE0008678,Stim8hr,CD4i_R2,63.0,1011483.0
CD4i_R2_D3_Stim8hr_NTC-035,NTC-035,CE0008678,Stim8hr,CD4i_R2,44.0,631026.0
CD4i_R2_D3_Stim8hr_NTC-036,NTC-036,CE0008678,Stim8hr,CD4i_R2,22.0,207963.0
CD4i_R2_D3_Stim8hr_NTC-037,NTC-037,CE0008678,Stim8hr,CD4i_R2,155.0,2414029.0
CD4i_R2_D3_Stim8hr_NTC-038,NTC-038,CE0008678,Stim8hr,CD4i_R2,18.0,300878.0
CD4i_R2_D3_Stim8hr_NTC-039,NTC-039,CE0008678,Stim8hr,CD4i_R2,6.0,64452.0
CD4i_R2_D3_Stim8hr_NTC-040,NTC-040,CE0008678,Stim8hr,CD4i_R2,363.0,4613772.0
CD4i_R2_D3_Stim8hr_NTC-041,NTC-041,CE0008678,Stim8hr,CD4i_R2,46.0,572165.0
CD4i_R2_D3_Stim8hr_NTC-042,NTC-042,CE0008678,Stim8hr,CD4i_R2,31.0,339150.0
CD4i_R2_D3_Stim8hr_NTC-043,NTC-043,CE0008678,Stim8hr,CD4i_R2,62.0,790061.0
CD4i_R2_D3_Stim8hr_NTC-044,NTC-044,CE0008678,Stim8hr,CD4i_R2,220.0,2893907.0
CD4i_R2_D3_Stim8hr_NTC-045,NTC-045,CE0008678,Stim8hr,CD4i_R2,44.0,592160.0
CD4i_R2_D3_Stim8hr_NTC-047,NTC-047,CE0008678,Stim8hr,CD4i_R2,35.0,489394.0
CD4i_R2_D3_Stim8hr_NTC-049,NTC-049,CE0008678,Stim8hr,CD4i_R2,126.0,1729309.0
CD4i_R2_D3_Stim8hr_NTC-050,NTC-050,CE0008678,Stim8hr,CD4i_R2,195.0,2623151.0
CD4i_R2_D3_Stim8hr_NTC-051,NTC-051,CE0008678,Stim8hr,CD4i_R2,29.0,352118.0
CD4i_R2_D3_Stim8hr_NTC-054,NTC-054,CE0008678,Stim8hr,CD4i_R2,5.0,68921.0
CD4i_R2_D3_Stim8hr_NTC-055,NTC-055,CE0008678,Stim8hr,CD4i_R2,51.0,638469.0
CD4i_R2_D3_Stim8hr_NTC-057,NTC-057,CE0008678,Stim8hr,CD4i_R2,80.0,1007121.0
CD4i_R2_D3_Stim8hr_NTC-058,NTC-058,CE0008678,Stim8hr,CD4i_R2,86.0,1134800.0
CD4i_R2_D3_Stim8hr_NTC-060,NTC-060,CE0008678,Stim8hr,CD4i_R2,82.0,1082768.0
CD4i_R2_D3_Stim8hr_NTC-061,NTC-061,CE0008678,Stim8hr,CD4i_R2,43.0,530909.0
CD4i_R2_D3_Stim8hr_NTC-062,NTC-062,CE0008678,Stim8hr,CD4i_R2,10.0,102543.0
CD4i_R2_D3_Stim8hr_NTC-063,NTC-063,CE0008678,Stim8hr,CD4i_R2,35.0,420602.0
CD4i_R2_D3_Stim8hr_NTC-064,NTC-064,CE0008678,Stim8hr,CD4i_R2,11.0,96093.0
CD4i_R2_D3_Stim8hr_NTC-066,NTC-066,CE0008678,Stim8hr,CD4i_R2,11.0,119339.0
CD4i_R2_D3_Stim8hr_NTC-067,NTC-067,CE0008678,Stim8hr,CD4i_R2,17.0,229422.0
CD4i_R2_D3_Stim8hr_NTC-068,NTC-068,CE0008678,Stim8hr,CD4i_R2,92.0,1188421.0
CD4i_R2_D3_Stim8hr_NTC-070,NTC-070,CE0008678,Stim8hr,CD4i_R2,104.0,1250614.0
CD4i_R2_D3_Stim8hr_NTC-071,NTC-071,CE0008678,Stim8hr,CD4i_R2,53.0,755960.0
CD4i_R2_D3_Stim8hr_NTC-073,NTC-073,CE0008678,Stim8hr,CD4i_R2,134.0,1616712.0
CD4i_R2_D3_Stim8hr_NTC-074,NTC-074,CE0008678,Stim8hr,CD4i_R2,259.0,3605027.0
CD4i_R2_D3_Stim8hr_NTC-075,NTC-075,CE0008678,Stim8hr,CD4i_R2,23.0,292732.0
CD4i_R2_D3_Stim8hr_NTC-076,NTC-076,CE0008678,Stim8hr,CD4i_R2,103.0,1289341.0
CD4i_R2_D3_Stim8hr_NTC-078,NTC-078,CE0008678,Stim8hr,CD4i_R2,300.0,4305034.0
CD4i_R2_D3_Stim8hr_NTC-080,NTC-080,CE0008678,Stim8hr,CD4i_R2,271.0,3745698.0
CD4i_R2_D3_Stim8hr_NTC-082,NTC-082,CE0008678,Stim8hr,CD4i_R2,96.0,1158979.0
CD4i_R2_D3_Stim8hr_NTC-083,NTC-083,CE0008678,Stim8hr,CD4i_R2,18.0,183267.0
CD4i_R2_D3_Stim8hr_NTC-084,NTC-084,CE0008678,Stim8hr,CD4i_R2,140.0,1940595.0
CD4i_R2_D3_Stim8hr_NTC-087,NTC-087,CE0008678,Stim8hr,CD4i_R2,51.0,746676.0
CD4i_R2_D3_Stim8hr_NTC-088,NTC-088,CE0008678,Stim8hr,CD4i_R2,6.0,134657.0
CD4i_R2_D3_Stim8hr_NTC-090,NTC-090,CE0008678,Stim8hr,CD4i_R2,12.0,203979.0
CD4i_R2_D3_Stim8hr_NTC-091,NTC-091,CE0008678,Stim8hr,CD4i_R2,96.0,1279591.0
CD4i_R2_D3_Stim8hr_NTC-092,NTC-092,CE0008678,Stim8hr,CD4i_R2,45.0,610279.0
CD4i_R2_D3_Stim8hr_NTC-093,NTC-093,CE0008678,Stim8hr,CD4i_R2,12.0,196105.0
CD4i_R2_D3_Stim8hr_NTC-094,NTC-094,CE0008678,Stim8hr,CD4i_R2,120.0,1449929.0
CD4i_R2_D3_Stim8hr_NTC-095,NTC-095,CE0008678,Stim8hr,CD4i_R2,53.0,709565.0
CD4i_R2_D3_Stim8hr_NTC-096,NTC-096,CE0008678,Stim8hr,CD4i_R2,96.0,1709572.0
CD4i_R2_D3_Stim8hr_NTC-097,NTC-097,CE0008678,Stim8hr,CD4i_R2,46.0,641203.0
CD4i_R2_D3_Stim8hr_NTC-098,NTC-098,CE0008678,Stim8hr,CD4i_R2,163.0,2032170.0
CD4i_R2_D3_Stim8hr_NTC-099,NTC-099,CE0008678,Stim8hr,CD4i_R2,69.0,1099392.0
CD4i_R2_D3_Stim8hr_NTC-101,NTC-101,CE0008678,Stim8hr,CD4i_R2,164.0,2109931.0
CD4i_R2_D3_Stim8hr_NTC-103,NTC-103,CE0008678,Stim8hr,CD4i_R2,24.0,325740.0
CD4i_R2_D3_Stim8hr_NTC-104,NTC-104,CE0008678,Stim8hr,CD4i_R2,43.0,573767.0
CD4i_R2_D3_Stim8hr_NTC-105,NTC-105,CE0008678,Stim8hr,CD4i_R2,33.0,451615.0
CD4i_R2_D3_Stim8hr_NTC-106,NTC-106,CE0008678,Stim8hr,CD4i_R2,5.0,179170.0
CD4i_R2_D3_Stim8hr_NTC-107,NTC-107,CE0008678,Stim8hr,CD4i_R2,90.0,1254901.0
CD4i_R2_D3_Stim8hr_NTC-108,NTC-108,CE0008678,Stim8hr,CD4i_R2,49.0,564751.0
CD4i_R2_D3_Stim8hr_NTC-112,NTC-112,CE0008678,Stim8hr,CD4i_R2,9.0,77859.0
CD4i_R2_D3_Stim8hr_NTC-115,NTC-115,CE0008678,Stim8hr,CD4i_R2,50.0,850417.0
CD4i_R2_D3_Stim8hr_NTC-116,NTC-116,CE0008678,Stim8hr,CD4i_R2,8.0,137292.0
CD4i_R2_D3_Stim8hr_NTC-118,NTC-118,CE0008678,Stim8hr,CD4i_R2,11.0,138792.0
CD4i_R2_D3_Stim8hr_NTC-119,NTC-119,CE0008678,Stim8hr,CD4i_R2,67.0,821089.0
CD4i_R2_D3_Stim8hr_NTC-120,NTC-120,CE0008678,Stim8hr,CD4i_R2,180.0,2566488.0
CD4i_R2_D3_Stim8hr_NTC-122,NTC-122,CE0008678,Stim8hr,CD4i_R2,161.0,2186601.0
CD4i_R2_D3_Stim8hr_NTC-123,NTC-123,CE0008678,Stim8hr,CD4i_R2,122.0,1490105.0
CD4i_R2_D3_Stim8hr_NTC-125,NTC-125,CE0008678,Stim8hr,CD4i_R2,66.0,920712.0
CD4i_R2_D3_Stim8hr_NTC-126,NTC-126,CE0008678,Stim8hr,CD4i_R2,5.0,72627.0
CD4i_R2_D3_Stim8hr_NTC-127,NTC-127,CE0008678,Stim8hr,CD4i_R2,120.0,1537345.0
CD4i_R2_D3_Stim8hr_NTC-129,NTC-129,CE0008678,Stim8hr,CD4i_R2,175.0,2662456.0
CD4i_R2_D3_Stim8hr_NTC-130,NTC-130,CE0008678,Stim8hr,CD4i_R2,65.0,1034276.0
CD4i_R2_D3_Stim8hr_NTC-131,NTC-131,CE0008678,Stim8hr,CD4i_R2,246.0,3348380.0
CD4i_R2_D3_Stim8hr_NTC-132,NTC-132,CE0008678,Stim8hr,CD4i_R2,50.0,537263.0
CD4i_R2_D3_Stim8hr_NTC-133,NTC-133,CE0008678,Stim8hr,CD4i_R2,98.0,1006955.0
CD4i_R2_D3_Stim8hr_NTC-135,NTC-135,CE0008678,Stim8hr,CD4i_R2,43.0,721627.0
CD4i_R2_D3_Stim8hr_NTC-136,NTC-136,CE0008678,Stim8hr,CD4i_R2,81.0,1033666.0
CD4i_R2_D3_Stim8hr_NTC-137,NTC-137,CE0008678,Stim8hr,CD4i_R2,44.0,508191.0
CD4i_R2_D3_Stim8hr_NTC-138,NTC-138,CE0008678,Stim8hr,CD4i_R2,23.0,357194.0
CD4i_R2_D3_Stim8hr_NTC-140,NTC-140,CE0008678,Stim8hr,CD4i_R2,94.0,1057374.0
CD4i_R2_D3_Stim8hr_NTC-141,NTC-141,CE0008678,Stim8hr,CD4i_R2,58.0,1060568.0
CD4i_R2_D3_Stim8hr_NTC-142,NTC-142,CE0008678,Stim8hr,CD4i_R2,269.0,3684032.0
CD4i_R2_D3_Stim8hr_NTC-150,NTC-150,CE0008678,Stim8hr,CD4i_R2,11.0,211959.0
CD4i_R2_D3_Stim8hr_NTC-151,NTC-151,CE0008678,Stim8hr,CD4i_R2,43.0,578365.0
CD4i_R2_D3_Stim8hr_NTC-153,NTC-153,CE0008678,Stim8hr,CD4i_R2,35.0,605919.0
CD4i_R2_D3_Stim8hr_NTC-154,NTC-154,CE0008678,Stim8hr,CD4i_R2,13.0,221359.0
CD4i_R2_D3_Stim8hr_NTC-155,NTC-155,CE0008678,Stim8hr,CD4i_R2,40.0,424793.0
CD4i_R2_D3_Stim8hr_NTC-156,NTC-156,CE0008678,Stim8hr,CD4i_R2,41.0,756806.0
CD4i_R2_D3_Stim8hr_NTC-157,NTC-157,CE0008678,Stim8hr,CD4i_R2,84.0,1159928.0
CD4i_R2_D3_Stim8hr_NTC-158,NTC-158,CE0008678,Stim8hr,CD4i_R2,11.0,95811.0
CD4i_R2_D3_Stim8hr_NTC-159,NTC-159,CE0008678,Stim8hr,CD4i_R2,52.0,687294.0
CD4i_R2_D3_Stim8hr_NTC-160,NTC-160,CE0008678,Stim8hr,CD4i_R2,37.0,461501.0
CD4i_R2_D3_Stim8hr_NTC-163,NTC-163,CE0008678,Stim8hr,CD4i_R2,33.0,451135.0
CD4i_R2_D3_Stim8hr_NTC-164,NTC-164,CE0008678,Stim8hr,CD4i_R2,131.0,2053403.0
CD4i_R2_D3_Stim8hr_NTC-166,NTC-166,CE0008678,Stim8hr,CD4i_R2,12.0,74291.0
CD4i_R2_D3_Stim8hr_NTC-167,NTC-167,CE0008678,Stim8hr,CD4i_R2,353.0,5139881.0
CD4i_R2_D3_Stim8hr_NTC-169,NTC-169,CE0008678,Stim8hr,CD4i_R2,112.0,1541216.0
CD4i_R2_D3_Stim8hr_NTC-170,NTC-170,CE0008678,Stim8hr,CD4i_R2,27.0,351271.0
CD4i_R2_D3_Stim8hr_NTC-171,NTC-171,CE0008678,Stim8hr,CD4i_R2,48.0,631378.0
CD4i_R2_D3_Stim8hr_NTC-172,NTC-172,CE0008678,Stim8hr,CD4i_R2,140.0,2249099.0
CD4i_R2_D3_Stim8hr_NTC-173,NTC-173,CE0008678,Stim8hr,CD4i_R2,37.0,500431.0
CD4i_R2_D3_Stim8hr_NTC-174,NTC-174,CE0008678,Stim8hr,CD4i_R2,122.0,1780167.0
CD4i_R2_D3_Stim8hr_NTC-175,NTC-175,CE0008678,Stim8hr,CD4i_R2,23.0,400441.0
CD4i_R2_D3_Stim8hr_NTC-176,NTC-176,CE0008678,Stim8hr,CD4i_R2,129.0,2117978.0
CD4i_R2_D3_Stim8hr_NTC-177,NTC-177,CE0008678,Stim8hr,CD4i_R2,86.0,1304863.0
CD4i_R2_D3_Stim8hr_NTC-179,NTC-179,CE0008678,Stim8hr,CD4i_R2,9.0,124871.0
CD4i_R2_D3_Stim8hr_NTC-180,NTC-180,CE0008678,Stim8hr,CD4i_R2,40.0,564328.0
CD4i_R2_D3_Stim8hr_NTC-181,NTC-181,CE0008678,Stim8hr,CD4i_R2,155.0,2370890.0
CD4i_R2_D3_Stim8hr_NTC-182,NTC-182,CE0008678,Stim8hr,CD4i_R2,9.0,87169.0
CD4i_R2_D3_Stim8hr_NTC-184,NTC-184,CE0008678,Stim8hr,CD4i_R2,106.0,1355354.0
CD4i_R2_D3_Stim8hr_NTC-185,NTC-185,CE0008678,Stim8hr,CD4i_R2,6.0,57050.0
CD4i_R2_D3_Stim8hr_NTC-186,NTC-186,CE0008678,Stim8hr,CD4i_R2,19.0,248690.0
CD4i_R2_D3_Stim8hr_NTC-188,NTC-188,CE0008678,Stim8hr,CD4i_R2,16.0,155417.0
CD4i_R2_D3_Stim8hr_NTC-189,NTC-189,CE0008678,Stim8hr,CD4i_R2,53.0,476426.0
CD4i_R2_D3_Stim8hr_NTC-190,NTC-190,CE0008678,Stim8hr,CD4i_R2,71.0,986879.0
CD4i_R2_D3_Stim8hr_NTC-191,NTC-191,CE0008678,Stim8hr,CD4i_R2,123.0,1711274.0
CD4i_R2_D3_Stim8hr_NTC-193,NTC-193,CE0008678,Stim8hr,CD4i_R2,75.0,796092.0
CD4i_R2_D3_Stim8hr_NTC-194,NTC-194,CE0008678,Stim8hr,CD4i_R2,78.0,1249453.0
CD4i_R2_D3_Stim8hr_NTC-195,NTC-195,CE0008678,Stim8hr,CD4i_R2,99.0,1643905.0
CD4i_R2_D3_Stim8hr_NTC-196,NTC-196,CE0008678,Stim8hr,CD4i_R2,235.0,3063606.0
CD4i_R2_D3_Stim8hr_NTC-197,NTC-197,CE0008678,Stim8hr,CD4i_R2,35.0,488134.0
CD4i_R2_D3_Stim8hr_NTC-198,NTC-198,CE0008678,Stim8hr,CD4i_R2,238.0,4633452.0
CD4i_R2_D3_Stim8hr_NTC-199,NTC-199,CE0008678,Stim8hr,CD4i_R2,24.0,344545.0
CD4i_R2_D3_Stim8hr_NTC-200,NTC-200,CE0008678,Stim8hr,CD4i_R2,5.0,59891.0
CD4i_R2_D3_Stim8hr_NTC-205,NTC-205,CE0008678,Stim8hr,CD4i_R2,28.0,283304.0
CD4i_R2_D3_Stim8hr_NTC-206,NTC-206,CE0008678,Stim8hr,CD4i_R2,142.0,2146449.0
CD4i_R2_D3_Stim8hr_NTC-208,NTC-208,CE0008678,Stim8hr,CD4i_R2,5.0,124407.0
CD4i_R2_D3_Stim8hr_NTC-209,NTC-209,CE0008678,Stim8hr,CD4i_R2,102.0,1490204.0
CD4i_R2_D3_Stim8hr_NTC-211,NTC-211,CE0008678,Stim8hr,CD4i_R2,12.0,119385.0
CD4i_R2_D3_Stim8hr_NTC-212,NTC-212,CE0008678,Stim8hr,CD4i_R2,21.0,243879.0
CD4i_R2_D3_Stim8hr_NTC-213,NTC-213,CE0008678,Stim8hr,CD4i_R2,53.0,621880.0
CD4i_R2_D3_Stim8hr_NTC-214,NTC-214,CE0008678,Stim8hr,CD4i_R2,119.0,1603453.0
CD4i_R2_D3_Stim8hr_NTC-215,NTC-215,CE0008678,Stim8hr,CD4i_R2,31.0,506256.0
CD4i_R2_D3_Stim8hr_NTC-217,NTC-217,CE0008678,Stim8hr,CD4i_R2,34.0,462390.0
CD4i_R2_D3_Stim8hr_NTC-219,NTC-219,CE0008678,Stim8hr,CD4i_R2,35.0,521637.0
CD4i_R2_D3_Stim8hr_NTC-220,NTC-220,CE0008678,Stim8hr,CD4i_R2,71.0,1001711.0
CD4i_R2_D3_Stim8hr_NTC-221,NTC-221,CE0008678,Stim8hr,CD4i_R2,42.0,449641.0
CD4i_R2_D3_Stim8hr_NTC-222,NTC-222,CE0008678,Stim8hr,CD4i_R2,63.0,787789.0
CD4i_R2_D3_Stim8hr_NTC-224,NTC-224,CE0008678,Stim8hr,CD4i_R2,6.0,52239.0
CD4i_R2_D3_Stim8hr_NTC-226,NTC-226,CE0008678,Stim8hr,CD4i_R2,11.0,154044.0
CD4i_R2_D3_Stim8hr_NTC-228,NTC-228,CE0008678,Stim8hr,CD4i_R2,75.0,873142.0
CD4i_R2_D3_Stim8hr_NTC-230,NTC-230,CE0008678,Stim8hr,CD4i_R2,5.0,85138.0
CD4i_R2_D3_Stim8hr_NTC-231,NTC-231,CE0008678,Stim8hr,CD4i_R2,109.0,1597514.0
CD4i_R2_D3_Stim8hr_NTC-232,NTC-232,CE0008678,Stim8hr,CD4i_R2,131.0,1835297.0
CD4i_R2_D3_Stim8hr_NTC-233,NTC-233,CE0008678,Stim8hr,CD4i_R2,14.0,189483.0
CD4i_R2_D3_Stim8hr_NTC-234,NTC-234,CE0008678,Stim8hr,CD4i_R2,6.0,66520.0
CD4i_R2_D3_Stim8hr_NTC-235,NTC-235,CE0008678,Stim8hr,CD4i_R2,113.0,1591730.0
CD4i_R2_D3_Stim8hr_NTC-236,NTC-236,CE0008678,Stim8hr,CD4i_R2,37.0,555360.0
CD4i_R2_D3_Stim8hr_NTC-237,NTC-237,CE0008678,Stim8hr,CD4i_R2,52.0,716443.0
CD4i_R2_D3_Stim8hr_NTC-240,NTC-240,CE0008678,Stim8hr,CD4i_R2,8.0,120798.0
CD4i_R2_D3_Stim8hr_NTC-242,NTC-242,CE0008678,Stim8hr,CD4i_R2,231.0,3369927.0
CD4i_R2_D3_Stim8hr_NTC-244,NTC-244,CE0008678,Stim8hr,CD4i_R2,19.0,226465.0
CD4i_R2_D3_Stim8hr_NTC-245,NTC-245,CE0008678,Stim8hr,CD4i_R2,152.0,2128746.0
CD4i_R2_D3_Stim8hr_NTC-246,NTC-246,CE0008678,Stim8hr,CD4i_R2,53.0,643534.0
CD4i_R2_D3_Stim8hr_NTC-247,NTC-247,CE0008678,Stim8hr,CD4i_R2,7.0,70686.0
CD4i_R2_D3_Stim8hr_NTC-248,NTC-248,CE0008678,Stim8hr,CD4i_R2,55.0,637487.0
CD4i_R2_D3_Stim8hr_NTC-249,NTC-249,CE0008678,Stim8hr,CD4i_R2,120.0,1659333.0
CD4i_R2_D3_Stim8hr_NTC-250,NTC-250,CE0008678,Stim8hr,CD4i_R2,345.0,4602764.0
CD4i_R2_D3_Stim8hr_NTC-252,NTC-252,CE0008678,Stim8hr,CD4i_R2,11.0,190633.0
CD4i_R2_D3_Stim8hr_NTC-254,NTC-254,CE0008678,Stim8hr,CD4i_R2,75.0,1006975.0
CD4i_R2_D3_Stim8hr_NTC-256,NTC-256,CE0008678,Stim8hr,CD4i_R2,97.0,1630578.0
CD4i_R2_D3_Stim8hr_NTC-257,NTC-257,CE0008678,Stim8hr,CD4i_R2,68.0,785544.0
CD4i_R2_D3_Stim8hr_NTC-258,NTC-258,CE0008678,Stim8hr,CD4i_R2,148.0,1486930.0
CD4i_R2_D3_Stim8hr_NTC-260,NTC-260,CE0008678,Stim8hr,CD4i_R2,22.0,337239.0
CD4i_R2_D3_Stim8hr_NTC-262,NTC-262,CE0008678,Stim8hr,CD4i_R2,168.0,2421593.0
CD4i_R2_D3_Stim8hr_NTC-263,NTC-263,CE0008678,Stim8hr,CD4i_R2,58.0,843110.0
CD4i_R2_D3_Stim8hr_NTC-264,NTC-264,CE0008678,Stim8hr,CD4i_R2,110.0,1380784.0
CD4i_R2_D3_Stim8hr_NTC-265,NTC-265,CE0008678,Stim8hr,CD4i_R2,5.0,120107.0
CD4i_R2_D3_Stim8hr_NTC-267,NTC-267,CE0008678,Stim8hr,CD4i_R2,153.0,2162307.0
CD4i_R2_D3_Stim8hr_NTC-268,NTC-268,CE0008678,Stim8hr,CD4i_R2,103.0,938337.0
CD4i_R2_D3_Stim8hr_NTC-270,NTC-270,CE0008678,Stim8hr,CD4i_R2,56.0,1226524.0
CD4i_R2_D3_Stim8hr_NTC-271,NTC-271,CE0008678,Stim8hr,CD4i_R2,213.0,2813185.0
CD4i_R2_D3_Stim8hr_NTC-273,NTC-273,CE0008678,Stim8hr,CD4i_R2,20.0,267970.0
CD4i_R2_D3_Stim8hr_NTC-274,NTC-274,CE0008678,Stim8hr,CD4i_R2,19.0,263516.0
CD4i_R2_D3_Stim8hr_NTC-275,NTC-275,CE0008678,Stim8hr,CD4i_R2,124.0,2341706.0
CD4i_R2_D3_Stim8hr_NTC-276,NTC-276,CE0008678,Stim8hr,CD4i_R2,68.0,1202466.0
CD4i_R2_D3_Stim8hr_NTC-277,NTC-277,CE0008678,Stim8hr,CD4i_R2,39.0,440127.0
CD4i_R2_D3_Stim8hr_NTC-278,NTC-278,CE0008678,Stim8hr,CD4i_R2,87.0,1201819.0
CD4i_R2_D3_Stim8hr_NTC-280,NTC-280,CE0008678,Stim8hr,CD4i_R2,131.0,1753848.0
CD4i_R2_D3_Stim8hr_NTC-285,NTC-285,CE0008678,Stim8hr,CD4i_R2,7.0,84585.0
CD4i_R2_D3_Stim8hr_NTC-287,NTC-287,CE0008678,Stim8hr,CD4i_R2,143.0,1765902.0
CD4i_R2_D3_Stim8hr_NTC-288,NTC-288,CE0008678,Stim8hr,CD4i_R2,67.0,809310.0
CD4i_R2_D3_Stim8hr_NTC-289,NTC-289,CE0008678,Stim8hr,CD4i_R2,18.0,342028.0
CD4i_R2_D3_Stim8hr_NTC-290,NTC-290,CE0008678,Stim8hr,CD4i_R2,89.0,1490774.0
CD4i_R2_D3_Stim8hr_NTC-291,NTC-291,CE0008678,Stim8hr,CD4i_R2,303.0,4321740.0
CD4i_R2_D3_Stim8hr_NTC-292,NTC-292,CE0008678,Stim8hr,CD4i_R2,50.0,440961.0
CD4i_R2_D3_Stim8hr_NTC-293,NTC-293,CE0008678,Stim8hr,CD4i_R2,26.0,377548.0
CD4i_R2_D3_Stim8hr_NTC-295,NTC-295,CE0008678,Stim8hr,CD4i_R2,58.0,777071.0
CD4i_R2_D3_Stim8hr_NTC-296,NTC-296,CE0008678,Stim8hr,CD4i_R2,323.0,4318963.0
CD4i_R2_D3_Stim8hr_NTC-297,NTC-297,CE0008678,Stim8hr,CD4i_R2,44.0,579055.0
CD4i_R2_D3_Stim8hr_NTC-298,NTC-298,CE0008678,Stim8hr,CD4i_R2,6.0,83834.0
CD4i_R2_D3_Stim8hr_NTC-299,NTC-299,CE0008678,Stim8hr,CD4i_R2,44.0,538103.0
CD4i_R2_D3_Stim8hr_NTC-301,NTC-301,CE0008678,Stim8hr,CD4i_R2,224.0,3009179.0
CD4i_R2_D3_Stim8hr_NTC-302,NTC-302,CE0008678,Stim8hr,CD4i_R2,204.0,2685878.0
CD4i_R2_D3_Stim8hr_NTC-303,NTC-303,CE0008678,Stim8hr,CD4i_R2,136.0,1845540.0
CD4i_R2_D3_Stim8hr_NTC-305,NTC-305,CE0008678,Stim8hr,CD4i_R2,194.0,2441720.0
CD4i_R2_D3_Stim8hr_NTC-306,NTC-306,CE0008678,Stim8hr,CD4i_R2,258.0,3610345.0
CD4i_R2_D3_Stim8hr_NTC-307,NTC-307,CE0008678,Stim8hr,CD4i_R2,126.0,2285804.0
CD4i_R2_D3_Stim8hr_NTC-310,NTC-310,CE0008678,Stim8hr,CD4i_R2,180.0,3040679.0
CD4i_R2_D3_Stim8hr_NTC-311,NTC-311,CE0008678,Stim8hr,CD4i_R2,120.0,1666364.0
CD4i_R2_D3_Stim8hr_NTC-312,NTC-312,CE0008678,Stim8hr,CD4i_R2,18.0,227988.0
CD4i_R2_D3_Stim8hr_NTC-314,NTC-314,CE0008678,Stim8hr,CD4i_R2,33.0,564239.0
CD4i_R2_D3_Stim8hr_NTC-317,NTC-317,CE0008678,Stim8hr,CD4i_R2,271.0,3573266.0
CD4i_R2_D3_Stim8hr_NTC-318,NTC-318,CE0008678,Stim8hr,CD4i_R2,5.0,71159.0
CD4i_R2_D3_Stim8hr_NTC-319,NTC-319,CE0008678,Stim8hr,CD4i_R2,172.0,3052416.0
CD4i_R2_D3_Stim8hr_NTC-320,NTC-320,CE0008678,Stim8hr,CD4i_R2,63.0,677246.0
CD4i_R2_D3_Stim8hr_NTC-321,NTC-321,CE0008678,Stim8hr,CD4i_R2,14.0,185993.0
CD4i_R2_D3_Stim8hr_NTC-322,NTC-322,CE0008678,Stim8hr,CD4i_R2,11.0,128585.0
CD4i_R2_D3_Stim8hr_NTC-323,NTC-323,CE0008678,Stim8hr,CD4i_R2,66.0,916103.0
CD4i_R2_D3_Stim8hr_NTC-324,NTC-324,CE0008678,Stim8hr,CD4i_R2,81.0,913869.0
CD4i_R2_D3_Stim8hr_NTC-325,NTC-325,CE0008678,Stim8hr,CD4i_R2,5.0,46554.0
CD4i_R2_D3_Stim8hr_NTC-326,NTC-326,CE0008678,Stim8hr,CD4i_R2,13.0,124398.0
CD4i_R2_D3_Stim8hr_NTC-327,NTC-327,CE0008678,Stim8hr,CD4i_R2,13.0,201664.0
CD4i_R2_D3_Stim8hr_NTC-328,NTC-328,CE0008678,Stim8hr,CD4i_R2,65.0,927761.0
CD4i_R2_D3_Stim8hr_NTC-332,NTC-332,CE0008678,Stim8hr,CD4i_R2,67.0,955688.0
CD4i_R2_D3_Stim8hr_NTC-333,NTC-333,CE0008678,Stim8hr,CD4i_R2,19.0,214621.0
CD4i_R2_D3_Stim8hr_NTC-334,NTC-334,CE0008678,Stim8hr,CD4i_R2,16.0,270052.0
CD4i_R2_D3_Stim8hr_NTC-336,NTC-336,CE0008678,Stim8hr,CD4i_R2,22.0,304282.0
CD4i_R2_D3_Stim8hr_NTC-337,NTC-337,CE0008678,Stim8hr,CD4i_R2,20.0,210168.0
CD4i_R2_D3_Stim8hr_NTC-338,NTC-338,CE0008678,Stim8hr,CD4i_R2,26.0,283170.0
CD4i_R2_D3_Stim8hr_NTC-339,NTC-339,CE0008678,Stim8hr,CD4i_R2,294.0,5585806.0
CD4i_R2_D3_Stim8hr_NTC-340,NTC-340,CE0008678,Stim8hr,CD4i_R2,187.0,2621273.0
CD4i_R2_D3_Stim8hr_NTC-341,NTC-341,CE0008678,Stim8hr,CD4i_R2,6.0,60727.0
CD4i_R2_D3_Stim8hr_NTC-343,NTC-343,CE0008678,Stim8hr,CD4i_R2,118.0,1644483.0
CD4i_R2_D3_Stim8hr_NTC-344,NTC-344,CE0008678,Stim8hr,CD4i_R2,92.0,1323747.0
CD4i_R2_D3_Stim8hr_NTC-346,NTC-346,CE0008678,Stim8hr,CD4i_R2,25.0,385410.0
CD4i_R2_D3_Stim8hr_NTC-350,NTC-350,CE0008678,Stim8hr,CD4i_R2,23.0,374576.0
CD4i_R2_D3_Stim8hr_NTC-351,NTC-351,CE0008678,Stim8hr,CD4i_R2,23.0,295768.0
CD4i_R2_D3_Stim8hr_NTC-352,NTC-352,CE0008678,Stim8hr,CD4i_R2,63.0,913874.0
CD4i_R2_D3_Stim8hr_NTC-353,NTC-353,CE0008678,Stim8hr,CD4i_R2,36.0,484579.0
CD4i_R2_D3_Stim8hr_NTC-354,NTC-354,CE0008678,Stim8hr,CD4i_R2,14.0,197415.0
CD4i_R2_D3_Stim8hr_NTC-355,NTC-355,CE0008678,Stim8hr,CD4i_R2,90.0,1219415.0
CD4i_R2_D3_Stim8hr_NTC-356,NTC-356,CE0008678,Stim8hr,CD4i_R2,13.0,214609.0
CD4i_R2_D3_Stim8hr_NTC-357,NTC-357,CE0008678,Stim8hr,CD4i_R2,8.0,135451.0
CD4i_R2_D3_Stim8hr_NTC-359,NTC-359,CE0008678,Stim8hr,CD4i_R2,9.0,147299.0
CD4i_R2_D3_Stim8hr_NTC-361,NTC-361,CE0008678,Stim8hr,CD4i_R2,142.0,2040932.0
CD4i_R2_D3_Stim8hr_NTC-362,NTC-362,CE0008678,Stim8hr,CD4i_R2,79.0,1103123.0
CD4i_R2_D3_Stim8hr_NTC-365,NTC-365,CE0008678,Stim8hr,CD4i_R2,85.0,1107912.0
CD4i_R2_D3_Stim8hr_NTC-366,NTC-366,CE0008678,Stim8hr,CD4i_R2,6.0,57259.0
CD4i_R2_D3_Stim8hr_NTC-367,NTC-367,CE0008678,Stim8hr,CD4i_R2,40.0,546609.0
CD4i_R2_D3_Stim8hr_NTC-370,NTC-370,CE0008678,Stim8hr,CD4i_R2,215.0,3150601.0
CD4i_R2_D3_Stim8hr_NTC-371,NTC-371,CE0008678,Stim8hr,CD4i_R2,22.0,430644.0
CD4i_R2_D3_Stim8hr_NTC-372,NTC-372,CE0008678,Stim8hr,CD4i_R2,141.0,2283224.0
CD4i_R2_D3_Stim8hr_NTC-374,NTC-374,CE0008678,Stim8hr,CD4i_R2,73.0,1114147.0
CD4i_R2_D3_Stim8hr_NTC-376,NTC-376,CE0008678,Stim8hr,CD4i_R2,36.0,408842.0
CD4i_R2_D3_Stim8hr_NTC-377,NTC-377,CE0008678,Stim8hr,CD4i_R2,29.0,366584.0
CD4i_R2_D3_Stim8hr_NTC-378,NTC-378,CE0008678,Stim8hr,CD4i_R2,305.0,4084639.0
CD4i_R2_D3_Stim8hr_NTC-381,NTC-381,CE0008678,Stim8hr,CD4i_R2,55.0,877415.0
CD4i_R2_D3_Stim8hr_NTC-382,NTC-382,CE0008678,Stim8hr,CD4i_R2,78.0,1140397.0
CD4i_R2_D3_Stim8hr_NTC-383,NTC-383,CE0008678,Stim8hr,CD4i_R2,33.0,380952.0
CD4i_R2_D3_Stim8hr_NTC-384,NTC-384,CE0008678,Stim8hr,CD4i_R2,109.0,1269912.0
CD4i_R2_D3_Stim8hr_NTC-386,NTC-386,CE0008678,Stim8hr,CD4i_R2,418.0,5511506.0
CD4i_R2_D3_Stim8hr_NTC-387,NTC-387,CE0008678,Stim8hr,CD4i_R2,96.0,1361718.0
CD4i_R2_D3_Stim8hr_NTC-388,NTC-388,CE0008678,Stim8hr,CD4i_R2,139.0,1935272.0
CD4i_R2_D3_Stim8hr_NTC-389,NTC-389,CE0008678,Stim8hr,CD4i_R2,37.0,439078.0
CD4i_R2_D3_Stim8hr_NTC-390,NTC-390,CE0008678,Stim8hr,CD4i_R2,15.0,267449.0
CD4i_R2_D3_Stim8hr_NTC-391,NTC-391,CE0008678,Stim8hr,CD4i_R2,85.0,1261702.0
CD4i_R2_D3_Stim8hr_NTC-392,NTC-392,CE0008678,Stim8hr,CD4i_R2,32.0,640578.0
CD4i_R2_D3_Stim8hr_NTC-393,NTC-393,CE0008678,Stim8hr,CD4i_R2,105.0,1755314.0
CD4i_R2_D3_Stim8hr_NTC-394,NTC-394,CE0008678,Stim8hr,CD4i_R2,73.0,1068968.0
CD4i_R2_D3_Stim8hr_NTC-396,NTC-396,CE0008678,Stim8hr,CD4i_R2,5.0,93908.0
CD4i_R2_D3_Stim8hr_NTC-397,NTC-397,CE0008678,Stim8hr,CD4i_R2,22.0,247713.0
CD4i_R2_D3_Stim8hr_NTC-399,NTC-399,CE0008678,Stim8hr,CD4i_R2,7.0,100758.0
CD4i_R2_D3_Stim8hr_NTC-400,NTC-400,CE0008678,Stim8hr,CD4i_R2,9.0,134167.0
CD4i_R2_D3_Stim8hr_NTC-401,NTC-401,CE0008678,Stim8hr,CD4i_R2,32.0,471141.0
CD4i_R2_D3_Stim8hr_NTC-404,NTC-404,CE0008678,Stim8hr,CD4i_R2,68.0,897854.0
CD4i_R2_D3_Stim8hr_NTC-406,NTC-406,CE0008678,Stim8hr,CD4i_R2,68.0,1135446.0
CD4i_R2_D3_Stim8hr_NTC-407,NTC-407,CE0008678,Stim8hr,CD4i_R2,188.0,2807239.0
CD4i_R2_D3_Stim8hr_NTC-408,NTC-408,CE0008678,Stim8hr,CD4i_R2,111.0,1588551.0
CD4i_R2_D3_Stim8hr_NTC-409,NTC-409,CE0008678,Stim8hr,CD4i_R2,228.0,4023266.0
CD4i_R2_D3_Stim8hr_NTC-411,NTC-411,CE0008678,Stim8hr,CD4i_R2,6.0,61875.0
CD4i_R2_D3_Stim8hr_NTC-412,NTC-412,CE0008678,Stim8hr,CD4i_R2,9.0,175879.0
CD4i_R2_D3_Stim8hr_NTC-413,NTC-413,CE0008678,Stim8hr,CD4i_R2,141.0,1796747.0
CD4i_R2_D3_Stim8hr_NTC-414,NTC-414,CE0008678,Stim8hr,CD4i_R2,27.0,385050.0
CD4i_R2_D3_Stim8hr_NTC-416,NTC-416,CE0008678,Stim8hr,CD4i_R2,34.0,394944.0
CD4i_R2_D3_Stim8hr_NTC-417,NTC-417,CE0008678,Stim8hr,CD4i_R2,26.0,393543.0
CD4i_R2_D3_Stim8hr_NTC-420,NTC-420,CE0008678,Stim8hr,CD4i_R2,98.0,1238478.0
CD4i_R2_D3_Stim8hr_NTC-422,NTC-422,CE0008678,Stim8hr,CD4i_R2,12.0,116576.0
CD4i_R2_D3_Stim8hr_NTC-423,NTC-423,CE0008678,Stim8hr,CD4i_R2,20.0,251451.0
CD4i_R2_D3_Stim8hr_NTC-424,NTC-424,CE0008678,Stim8hr,CD4i_R2,170.0,2515712.0
CD4i_R2_D3_Stim8hr_NTC-425,NTC-425,CE0008678,Stim8hr,CD4i_R2,104.0,1333678.0
CD4i_R2_D3_Stim8hr_NTC-426,NTC-426,CE0008678,Stim8hr,CD4i_R2,70.0,843179.0
CD4i_R2_D3_Stim8hr_NTC-427,NTC-427,CE0008678,Stim8hr,CD4i_R2,90.0,1091275.0
CD4i_R2_D3_Stim8hr_NTC-428,NTC-428,CE0008678,Stim8hr,CD4i_R2,120.0,1746174.0
CD4i_R2_D3_Stim8hr_NTC-429,NTC-429,CE0008678,Stim8hr,CD4i_R2,62.0,1152309.0
CD4i_R2_D3_Stim8hr_NTC-430,NTC-430,CE0008678,Stim8hr,CD4i_R2,141.0,1998209.0
CD4i_R2_D3_Stim8hr_NTC-431,NTC-431,CE0008678,Stim8hr,CD4i_R2,8.0,92788.0
CD4i_R2_D3_Stim8hr_NTC-432,NTC-432,CE0008678,Stim8hr,CD4i_R2,17.0,199705.0
CD4i_R2_D3_Stim8hr_NTC-433,NTC-433,CE0008678,Stim8hr,CD4i_R2,76.0,1043909.0
CD4i_R2_D3_Stim8hr_NTC-434,NTC-434,CE0008678,Stim8hr,CD4i_R2,61.0,848183.0
CD4i_R2_D3_Stim8hr_NTC-436,NTC-436,CE0008678,Stim8hr,CD4i_R2,29.0,326058.0
CD4i_R2_D3_Stim8hr_NTC-437,NTC-437,CE0008678,Stim8hr,CD4i_R2,32.0,483246.0
CD4i_R2_D3_Stim8hr_NTC-438,NTC-438,CE0008678,Stim8hr,CD4i_R2,175.0,2604855.0
CD4i_R2_D3_Stim8hr_NTC-439,NTC-439,CE0008678,Stim8hr,CD4i_R2,95.0,1417773.0
CD4i_R2_D3_Stim8hr_NTC-443,NTC-443,CE0008678,Stim8hr,CD4i_R2,52.0,740444.0
CD4i_R2_D3_Stim8hr_NTC-444,NTC-444,CE0008678,Stim8hr,CD4i_R2,218.0,3763753.0
CD4i_R2_D3_Stim8hr_NTC-445,NTC-445,CE0008678,Stim8hr,CD4i_R2,72.0,981638.0
CD4i_R2_D3_Stim8hr_NTC-446,NTC-446,CE0008678,Stim8hr,CD4i_R2,11.0,161640.0
CD4i_R2_D3_Stim8hr_NTC-447,NTC-447,CE0008678,Stim8hr,CD4i_R2,70.0,846957.0
CD4i_R2_D3_Stim8hr_NTC-449,NTC-449,CE0008678,Stim8hr,CD4i_R2,6.0,58869.0
CD4i_R2_D3_Stim8hr_NTC-450,NTC-450,CE0008678,Stim8hr,CD4i_R2,6.0,184909.0
CD4i_R2_D3_Stim8hr_NTC-451,NTC-451,CE0008678,Stim8hr,CD4i_R2,12.0,137878.0
CD4i_R2_D3_Stim8hr_NTC-452,NTC-452,CE0008678,Stim8hr,CD4i_R2,54.0,890978.0
CD4i_R2_D3_Stim8hr_NTC-454,NTC-454,CE0008678,Stim8hr,CD4i_R2,28.0,271100.0
CD4i_R2_D3_Stim8hr_NTC-456,NTC-456,CE0008678,Stim8hr,CD4i_R2,206.0,2532411.0
CD4i_R2_D3_Stim8hr_NTC-457,NTC-457,CE0008678,Stim8hr,CD4i_R2,89.0,1286586.0
CD4i_R2_D3_Stim8hr_NTC-458,NTC-458,CE0008678,Stim8hr,CD4i_R2,36.0,356514.0
CD4i_R2_D3_Stim8hr_NTC-459,NTC-459,CE0008678,Stim8hr,CD4i_R2,49.0,607378.0
CD4i_R2_D3_Stim8hr_NTC-462,NTC-462,CE0008678,Stim8hr,CD4i_R2,33.0,464342.0
CD4i_R2_D3_Stim8hr_NTC-463,NTC-463,CE0008678,Stim8hr,CD4i_R2,80.0,1221588.0
CD4i_R2_D3_Stim8hr_NTC-465,NTC-465,CE0008678,Stim8hr,CD4i_R2,18.0,196888.0
CD4i_R2_D3_Stim8hr_NTC-466,NTC-466,CE0008678,Stim8hr,CD4i_R2,11.0,171082.0
CD4i_R2_D3_Stim8hr_NTC-468,NTC-468,CE0008678,Stim8hr,CD4i_R2,47.0,690224.0
CD4i_R2_D3_Stim8hr_NTC-471,NTC-471,CE0008678,Stim8hr,CD4i_R2,50.0,624059.0
CD4i_R2_D3_Stim8hr_NTC-473,NTC-473,CE0008678,Stim8hr,CD4i_R2,62.0,768803.0
CD4i_R2_D3_Stim8hr_NTC-474,NTC-474,CE0008678,Stim8hr,CD4i_R2,52.0,995473.0
CD4i_R2_D3_Stim8hr_NTC-475,NTC-475,CE0008678,Stim8hr,CD4i_R2,53.0,713407.0
CD4i_R2_D3_Stim8hr_NTC-476,NTC-476,CE0008678,Stim8hr,CD4i_R2,72.0,1258497.0
CD4i_R2_D3_Stim8hr_NTC-477,NTC-477,CE0008678,Stim8hr,CD4i_R2,49.0,769215.0
CD4i_R2_D3_Stim8hr_NTC-478,NTC-478,CE0008678,Stim8hr,CD4i_R2,304.0,4463262.0
CD4i_R2_D3_Stim8hr_NTC-479,NTC-479,CE0008678,Stim8hr,CD4i_R2,70.0,998651.0
CD4i_R2_D3_Stim8hr_NTC-482,NTC-482,CE0008678,Stim8hr,CD4i_R2,14.0,192057.0
CD4i_R2_D3_Stim8hr_NTC-483,NTC-483,CE0008678,Stim8hr,CD4i_R2,6.0,104639.0
CD4i_R2_D3_Stim8hr_NTC-484,NTC-484,CE0008678,Stim8hr,CD4i_R2,116.0,1709856.0
CD4i_R2_D3_Stim8hr_NTC-485,NTC-485,CE0008678,Stim8hr,CD4i_R2,228.0,3447132.0
CD4i_R2_D3_Stim8hr_NTC-486,NTC-486,CE0008678,Stim8hr,CD4i_R2,101.0,1659285.0
CD4i_R2_D3_Stim8hr_NTC-488,NTC-488,CE0008678,Stim8hr,CD4i_R2,120.0,1629837.0
CD4i_R2_D3_Stim8hr_NTC-489,NTC-489,CE0008678,Stim8hr,CD4i_R2,5.0,61964.0
CD4i_R2_D3_Stim8hr_NTC-490,NTC-490,CE0008678,Stim8hr,CD4i_R2,269.0,4880512.0
CD4i_R2_D3_Stim8hr_NTC-492,NTC-492,CE0008678,Stim8hr,CD4i_R2,229.0,2947156.0
CD4i_R2_D3_Stim8hr_NTC-493,NTC-493,CE0008678,Stim8hr,CD4i_R2,12.0,148898.0
CD4i_R2_D3_Stim8hr_NTC-494,NTC-494,CE0008678,Stim8hr,CD4i_R2,105.0,1532251.0
CD4i_R2_D3_Stim8hr_NTC-497,NTC-497,CE0008678,Stim8hr,CD4i_R2,126.0,1969094.0
CD4i_R2_D3_Stim8hr_NTC-499,NTC-499,CE0008678,Stim8hr,CD4i_R2,19.0,242039.0
CD4i_R2_D3_Stim8hr_NTC-500,NTC-500,CE0008678,Stim8hr,CD4i_R2,5.0,50775.0
CD4i_R2_D3_Stim8hr_NTC-501,NTC-501,CE0008678,Stim8hr,CD4i_R2,219.0,3754260.0
CD4i_R2_D3_Stim8hr_NTC-502,NTC-502,CE0008678,Stim8hr,CD4i_R2,72.0,841486.0
CD4i_R2_D3_Stim8hr_NTC-503,NTC-503,CE0008678,Stim8hr,CD4i_R2,146.0,2294235.0
CD4i_R2_D3_Stim8hr_NTC-504,NTC-504,CE0008678,Stim8hr,CD4i_R2,82.0,1208045.0
CD4i_R2_D3_Stim8hr_NTC-506,NTC-506,CE0008678,Stim8hr,CD4i_R2,38.0,631143.0
CD4i_R2_D3_Stim8hr_NTC-507,NTC-507,CE0008678,Stim8hr,CD4i_R2,54.0,724019.0
CD4i_R2_D3_Stim8hr_NTC-508,NTC-508,CE0008678,Stim8hr,CD4i_R2,119.0,1604024.0
CD4i_R2_D3_Stim8hr_NTC-509,NTC-509,CE0008678,Stim8hr,CD4i_R2,98.0,1356182.0
CD4i_R2_D3_Stim8hr_NTC-510,NTC-510,CE0008678,Stim8hr,CD4i_R2,111.0,1634016.0
CD4i_R2_D3_Stim8hr_NTC-511,NTC-511,CE0008678,Stim8hr,CD4i_R2,34.0,561637.0
CD4i_R2_D3_Stim8hr_NTC-513,NTC-513,CE0008678,Stim8hr,CD4i_R2,55.0,791827.0
CD4i_R2_D3_Stim8hr_NTC-514,NTC-514,CE0008678,Stim8hr,CD4i_R2,65.0,758108.0
CD4i_R2_D3_Stim8hr_NTC-515,NTC-515,CE0008678,Stim8hr,CD4i_R2,20.0,280914.0
CD4i_R2_D3_Stim8hr_NTC-516,NTC-516,CE0008678,Stim8hr,CD4i_R2,137.0,2032473.0
CD4i_R2_D3_Stim8hr_NTC-517,NTC-517,CE0008678,Stim8hr,CD4i_R2,15.0,194682.0
CD4i_R2_D3_Stim8hr_NTC-518,NTC-518,CE0008678,Stim8hr,CD4i_R2,54.0,951288.0
CD4i_R2_D3_Stim8hr_NTC-519,NTC-519,CE0008678,Stim8hr,CD4i_R2,10.0,108293.0
CD4i_R2_D3_Stim8hr_NTC-521,NTC-521,CE0008678,Stim8hr,CD4i_R2,387.0,6314705.0
CD4i_R2_D3_Stim8hr_NTC-522,NTC-522,CE0008678,Stim8hr,CD4i_R2,15.0,170466.0
CD4i_R2_D3_Stim8hr_NTC-523,NTC-523,CE0008678,Stim8hr,CD4i_R2,14.0,177643.0
CD4i_R2_D3_Stim8hr_NTC-525,NTC-525,CE0008678,Stim8hr,CD4i_R2,13.0,236812.0
CD4i_R2_D3_Stim8hr_NTC-526,NTC-526,CE0008678,Stim8hr,CD4i_R2,78.0,1498841.0
CD4i_R2_D3_Stim8hr_NTC-527,NTC-527,CE0008678,Stim8hr,CD4i_R2,81.0,1128156.0
CD4i_R2_D3_Stim8hr_NTC-528,NTC-528,CE0008678,Stim8hr,CD4i_R2,61.0,768848.0
CD4i_R2_D3_Stim8hr_NTC-530,NTC-530,CE0008678,Stim8hr,CD4i_R2,76.0,1038439.0
CD4i_R2_D3_Stim8hr_NTC-531,NTC-531,CE0008678,Stim8hr,CD4i_R2,56.0,820665.0
CD4i_R2_D3_Stim8hr_NTC-532,NTC-532,CE0008678,Stim8hr,CD4i_R2,37.0,378627.0
CD4i_R2_D3_Stim8hr_NTC-534,NTC-534,CE0008678,Stim8hr,CD4i_R2,50.0,871871.0
CD4i_R2_D3_Stim8hr_NTC-535,NTC-535,CE0008678,Stim8hr,CD4i_R2,240.0,2718797.0
CD4i_R2_D3_Stim8hr_NTC-536,NTC-536,CE0008678,Stim8hr,CD4i_R2,207.0,3554788.0
CD4i_R2_D3_Stim8hr_NTC-537,NTC-537,CE0008678,Stim8hr,CD4i_R2,272.0,4091610.0
CD4i_R2_D3_Stim8hr_NTC-538,NTC-538,CE0008678,Stim8hr,CD4i_R2,7.0,51065.0
CD4i_R2_D3_Stim8hr_NTC-540,NTC-540,CE0008678,Stim8hr,CD4i_R2,219.0,3674820.0
CD4i_R2_D3_Stim8hr_NTC-541,NTC-541,CE0008678,Stim8hr,CD4i_R2,316.0,4590514.0
CD4i_R2_D3_Stim8hr_NTC-542,NTC-542,CE0008678,Stim8hr,CD4i_R2,68.0,926645.0
CD4i_R2_D3_Stim8hr_NTC-543,NTC-543,CE0008678,Stim8hr,CD4i_R2,9.0,140690.0
CD4i_R2_D3_Stim8hr_NTC-545,NTC-545,CE0008678,Stim8hr,CD4i_R2,25.0,531515.0
CD4i_R2_D3_Stim8hr_NTC-547,NTC-547,CE0008678,Stim8hr,CD4i_R2,62.0,738419.0
CD4i_R2_D3_Stim8hr_NTC-548,NTC-548,CE0008678,Stim8hr,CD4i_R2,597.0,7131379.0
CD4i_R2_D3_Stim8hr_NTC-549,NTC-549,CE0008678,Stim8hr,CD4i_R2,354.0,5461253.0
CD4i_R2_D3_Stim8hr_NTC-550,NTC-550,CE0008678,Stim8hr,CD4i_R2,244.0,3673931.0
CD4i_R2_D3_Stim8hr_NTC-552,NTC-552,CE0008678,Stim8hr,CD4i_R2,466.0,6060983.0
CD4i_R2_D3_Stim8hr_NTC-553,NTC-553,CE0008678,Stim8hr,CD4i_R2,35.0,479924.0
CD4i_R2_D3_Stim8hr_NTC-554,NTC-554,CE0008678,Stim8hr,CD4i_R2,32.0,586702.0
CD4i_R2_D3_Stim8hr_NTC-555,NTC-555,CE0008678,Stim8hr,CD4i_R2,50.0,823173.0
CD4i_R2_D3_Stim8hr_NTC-556,NTC-556,CE0008678,Stim8hr,CD4i_R2,25.0,389064.0
CD4i_R2_D3_Stim8hr_NTC-557,NTC-557,CE0008678,Stim8hr,CD4i_R2,60.0,845356.0
CD4i_R2_D3_Stim8hr_NTC-558,NTC-558,CE0008678,Stim8hr,CD4i_R2,40.0,549268.0
CD4i_R2_D3_Stim8hr_NTC-559,NTC-559,CE0008678,Stim8hr,CD4i_R2,113.0,1780867.0
CD4i_R2_D3_Stim8hr_NTC-560,NTC-560,CE0008678,Stim8hr,CD4i_R2,155.0,1838173.0
CD4i_R2_D3_Stim8hr_NTC-562,NTC-562,CE0008678,Stim8hr,CD4i_R2,85.0,1170874.0
CD4i_R2_D3_Stim8hr_NTC-563,NTC-563,CE0008678,Stim8hr,CD4i_R2,7.0,42259.0
CD4i_R2_D3_Stim8hr_NTC-565,NTC-565,CE0008678,Stim8hr,CD4i_R2,6.0,145172.0
CD4i_R2_D3_Stim8hr_NTC-567,NTC-567,CE0008678,Stim8hr,CD4i_R2,80.0,814270.0
CD4i_R2_D3_Stim8hr_NTC-568,NTC-568,CE0008678,Stim8hr,CD4i_R2,31.0,459382.0
CD4i_R2_D3_Stim8hr_NTC-569,NTC-569,CE0008678,Stim8hr,CD4i_R2,221.0,2813328.0
CD4i_R2_D3_Stim8hr_NTC-570,NTC-570,CE0008678,Stim8hr,CD4i_R2,104.0,1860495.0
CD4i_R2_D3_Stim8hr_NTC-571,NTC-571,CE0008678,Stim8hr,CD4i_R2,125.0,2270645.0
CD4i_R2_D3_Stim8hr_NTC-573,NTC-573,CE0008678,Stim8hr,CD4i_R2,19.0,191815.0
CD4i_R2_D3_Stim8hr_NTC-574,NTC-574,CE0008678,Stim8hr,CD4i_R2,77.0,1077451.0
CD4i_R2_D3_Stim8hr_NTC-575,NTC-575,CE0008678,Stim8hr,CD4i_R2,13.0,210690.0
CD4i_R2_D3_Stim8hr_NTC-576,NTC-576,CE0008678,Stim8hr,CD4i_R2,6.0,81795.0
CD4i_R2_D3_Stim8hr_NTC-577,NTC-577,CE0008678,Stim8hr,CD4i_R2,480.0,6876406.0
CD4i_R2_D3_Stim8hr_NTC-578,NTC-578,CE0008678,Stim8hr,CD4i_R2,6.0,63709.0
CD4i_R2_D3_Stim8hr_NTC-579,NTC-579,CE0008678,Stim8hr,CD4i_R2,147.0,1965397.0
CD4i_R2_D3_Stim8hr_NTC-580,NTC-580,CE0008678,Stim8hr,CD4i_R2,18.0,283450.0
CD4i_R2_D3_Stim8hr_NTC-582,NTC-582,CE0008678,Stim8hr,CD4i_R2,60.0,776663.0
CD4i_R2_D3_Stim8hr_NTC-583,NTC-583,CE0008678,Stim8hr,CD4i_R2,81.0,1035127.0
CD4i_R2_D3_Stim8hr_NTC-584,NTC-584,CE0008678,Stim8hr,CD4i_R2,82.0,980684.0
CD4i_R2_D3_Stim8hr_NTC-585,NTC-585,CE0008678,Stim8hr,CD4i_R2,62.0,782851.0
CD4i_R2_D3_Stim8hr_NTC-586,NTC-586,CE0008678,Stim8hr,CD4i_R2,56.0,815003.0
CD4i_R2_D3_Stim8hr_NTC-587,NTC-587,CE0008678,Stim8hr,CD4i_R2,17.0,362483.0
CD4i_R2_D3_Stim8hr_NTC-588,NTC-588,CE0008678,Stim8hr,CD4i_R2,84.0,1170869.0
CD4i_R2_D3_Stim8hr_NTC-589,NTC-589,CE0008678,Stim8hr,CD4i_R2,6.0,62847.0
CD4i_R2_D3_Stim8hr_NTC-590,NTC-590,CE0008678,Stim8hr,CD4i_R2,29.0,436731.0
CD4i_R2_D3_Stim8hr_NTC-591,NTC-591,CE0008678,Stim8hr,CD4i_R2,21.0,260926.0
CD4i_R2_D3_Stim8hr_NTC-592,NTC-592,CE0008678,Stim8hr,CD4i_R2,27.0,316515.0
CD4i_R2_D3_Stim8hr_NTC-594,NTC-594,CE0008678,Stim8hr,CD4i_R2,114.0,1887940.0
CD4i_R2_D3_Stim8hr_NTC-595,NTC-595,CE0008678,Stim8hr,CD4i_R2,94.0,1215772.0
CD4i_R2_D3_Stim8hr_NTC-596,NTC-596,CE0008678,Stim8hr,CD4i_R2,34.0,421774.0
CD4i_R2_D3_Stim8hr_NTC-597,NTC-597,CE0008678,Stim8hr,CD4i_R2,74.0,1674875.0
CD4i_R2_D3_Stim8hr_NTC-598,NTC-598,CE0008678,Stim8hr,CD4i_R2,23.0,487805.0
CD4i_R2_D3_Stim8hr_NTC-599,NTC-599,CE0008678,Stim8hr,CD4i_R2,15.0,149363.0
CD4i_R2_D3_Stim8hr_NTC-600,NTC-600,CE0008678,Stim8hr,CD4i_R2,8.0,156571.0
CD4i_R2_D3_Stim8hr_NTC-601,NTC-601,CE0008678,Stim8hr,CD4i_R2,124.0,1629071.0
CD4i_R2_D3_Stim8hr_NTC-603,NTC-603,CE0008678,Stim8hr,CD4i_R2,8.0,69042.0
CD4i_R2_D3_Stim8hr_NTC-604,NTC-604,CE0008678,Stim8hr,CD4i_R2,28.0,282724.0
CD4i_R2_D3_Stim8hr_NTC-605,NTC-605,CE0008678,Stim8hr,CD4i_R2,11.0,192714.0
CD4i_R2_D3_Stim8hr_NTC-606,NTC-606,CE0008678,Stim8hr,CD4i_R2,355.0,5809940.0
CD4i_R2_D3_Stim8hr_NTC-607,NTC-607,CE0008678,Stim8hr,CD4i_R2,97.0,1542757.0
CD4i_R2_D3_Stim8hr_NTC-608,NTC-608,CE0008678,Stim8hr,CD4i_R2,102.0,1389363.0
CD4i_R2_D3_Stim8hr_NTC-609,NTC-609,CE0008678,Stim8hr,CD4i_R2,88.0,1216408.0
CD4i_R2_D3_Stim8hr_NTC-610,NTC-610,CE0008678,Stim8hr,CD4i_R2,129.0,1764557.0
CD4i_R2_D3_Stim8hr_NTC-611,NTC-611,CE0008678,Stim8hr,CD4i_R2,86.0,1009460.0
CD4i_R2_D3_Stim8hr_NTC-612,NTC-612,CE0008678,Stim8hr,CD4i_R2,28.0,731366.0
CD4i_R2_D3_Stim8hr_NTC-613,NTC-613,CE0008678,Stim8hr,CD4i_R2,198.0,3218316.0
CD4i_R2_D3_Stim8hr_NTC-614,NTC-614,CE0008678,Stim8hr,CD4i_R2,11.0,121995.0
CD4i_R2_D3_Stim8hr_NTC-615,NTC-615,CE0008678,Stim8hr,CD4i_R2,17.0,252641.0
CD4i_R2_D3_Stim8hr_NTC-617,NTC-617,CE0008678,Stim8hr,CD4i_R2,79.0,1088478.0
CD4i_R2_D3_Stim8hr_NTC-619,NTC-619,CE0008678,Stim8hr,CD4i_R2,228.0,3734693.0
CD4i_R2_D3_Stim8hr_NTC-620,NTC-620,CE0008678,Stim8hr,CD4i_R2,6.0,96225.0
CD4i_R2_D3_Stim8hr_NTC-622,NTC-622,CE0008678,Stim8hr,CD4i_R2,26.0,364622.0
CD4i_R2_D3_Stim8hr_NTC-623,NTC-623,CE0008678,Stim8hr,CD4i_R2,33.0,465934.0
CD4i_R2_D3_Stim8hr_NTC-625,NTC-625,CE0008678,Stim8hr,CD4i_R2,14.0,227116.0
CD4i_R2_D3_Stim8hr_NTC-626,NTC-626,CE0008678,Stim8hr,CD4i_R2,119.0,1712531.0
CD4i_R2_D3_Stim8hr_NTC-627,NTC-627,CE0008678,Stim8hr,CD4i_R2,44.0,490311.0
CD4i_R2_D3_Stim8hr_NTC-629,NTC-629,CE0008678,Stim8hr,CD4i_R2,7.0,114705.0
CD4i_R2_D3_Stim8hr_NTC-630,NTC-630,CE0008678,Stim8hr,CD4i_R2,97.0,1375627.0
CD4i_R2_D3_Stim8hr_NTC-631,NTC-631,CE0008678,Stim8hr,CD4i_R2,85.0,1193887.0
CD4i_R2_D3_Stim8hr_NTC-633,NTC-633,CE0008678,Stim8hr,CD4i_R2,47.0,481908.0
CD4i_R2_D3_Stim8hr_NTC-634,NTC-634,CE0008678,Stim8hr,CD4i_R2,106.0,1419888.0
CD4i_R2_D3_Stim8hr_NTC-635,NTC-635,CE0008678,Stim8hr,CD4i_R2,12.0,244458.0
CD4i_R2_D3_Stim8hr_NTC-638,NTC-638,CE0008678,Stim8hr,CD4i_R2,50.0,741980.0
CD4i_R2_D3_Stim8hr_NTC-639,NTC-639,CE0008678,Stim8hr,CD4i_R2,44.0,617606.0
CD4i_R2_D3_Stim8hr_NTC-640,NTC-640,CE0008678,Stim8hr,CD4i_R2,5.0,74138.0
CD4i_R2_D3_Stim8hr_NTC-642,NTC-642,CE0008678,Stim8hr,CD4i_R2,366.0,5369190.0
CD4i_R2_D3_Stim8hr_NTC-643,NTC-643,CE0008678,Stim8hr,CD4i_R2,50.0,542470.0
CD4i_R2_D3_Stim8hr_NTC-644,NTC-644,CE0008678,Stim8hr,CD4i_R2,20.0,246376.0
CD4i_R2_D3_Stim8hr_NTC-647,NTC-647,CE0008678,Stim8hr,CD4i_R2,54.0,907635.0
CD4i_R2_D3_Stim8hr_NTC-650,NTC-650,CE0008678,Stim8hr,CD4i_R2,58.0,1146019.0
CD4i_R2_D3_Stim8hr_NTC-651,NTC-651,CE0008678,Stim8hr,CD4i_R2,150.0,2011090.0
CD4i_R2_D3_Stim8hr_NTC-652,NTC-652,CE0008678,Stim8hr,CD4i_R2,64.0,791532.0
CD4i_R2_D3_Stim8hr_NTC-653,NTC-653,CE0008678,Stim8hr,CD4i_R2,1013.0,21090035.0
CD4i_R2_D3_Stim8hr_NTC-654,NTC-654,CE0008678,Stim8hr,CD4i_R2,51.0,767830.0
CD4i_R2_D3_Stim8hr_NTC-655,NTC-655,CE0008678,Stim8hr,CD4i_R2,23.0,318933.0
CD4i_R2_D3_Stim8hr_NTC-656,NTC-656,CE0008678,Stim8hr,CD4i_R2,12.0,147858.0
CD4i_R2_D3_Stim8hr_NTC-658,NTC-658,CE0008678,Stim8hr,CD4i_R2,153.0,2332848.0
CD4i_R2_D3_Stim8hr_NTC-659,NTC-659,CE0008678,Stim8hr,CD4i_R2,16.0,373711.0
CD4i_R2_D3_Stim8hr_NTC-660,NTC-660,CE0008678,Stim8hr,CD4i_R2,67.0,873104.0
CD4i_R2_D3_Stim8hr_NTC-663,NTC-663,CE0008678,Stim8hr,CD4i_R2,233.0,3393303.0
CD4i_R2_D3_Stim8hr_NTC-664,NTC-664,CE0008678,Stim8hr,CD4i_R2,39.0,408537.0
CD4i_R2_D3_Stim8hr_NTC-666,NTC-666,CE0008678,Stim8hr,CD4i_R2,42.0,723545.0
CD4i_R2_D3_Stim8hr_NTC-667,NTC-667,CE0008678,Stim8hr,CD4i_R2,35.0,412042.0
CD4i_R2_D3_Stim8hr_NTC-669,NTC-669,CE0008678,Stim8hr,CD4i_R2,50.0,719102.0
CD4i_R2_D3_Stim8hr_NTC-671,NTC-671,CE0008678,Stim8hr,CD4i_R2,95.0,1224455.0
CD4i_R2_D3_Stim8hr_NTC-672,NTC-672,CE0008678,Stim8hr,CD4i_R2,274.0,3866564.0
CD4i_R2_D3_Stim8hr_NTC-673,NTC-673,CE0008678,Stim8hr,CD4i_R2,6.0,155321.0
CD4i_R2_D3_Stim8hr_NTC-674,NTC-674,CE0008678,Stim8hr,CD4i_R2,45.0,603960.0
CD4i_R2_D3_Stim8hr_NTC-676,NTC-676,CE0008678,Stim8hr,CD4i_R2,400.0,6200255.0
CD4i_R2_D3_Stim8hr_NTC-678,NTC-678,CE0008678,Stim8hr,CD4i_R2,297.0,4708064.0
CD4i_R2_D3_Stim8hr_NTC-679,NTC-679,CE0008678,Stim8hr,CD4i_R2,121.0,1879071.0
CD4i_R2_D3_Stim8hr_NTC-681,NTC-681,CE0008678,Stim8hr,CD4i_R2,17.0,385459.0
CD4i_R2_D3_Stim8hr_NTC-682,NTC-682,CE0008678,Stim8hr,CD4i_R2,11.0,218809.0
CD4i_R2_D3_Stim8hr_NTC-684,NTC-684,CE0008678,Stim8hr,CD4i_R2,172.0,2170527.0
CD4i_R2_D3_Stim8hr_NTC-685,NTC-685,CE0008678,Stim8hr,CD4i_R2,12.0,123677.0
CD4i_R2_D3_Stim8hr_NTC-686,NTC-686,CE0008678,Stim8hr,CD4i_R2,13.0,128662.0
CD4i_R2_D3_Stim8hr_NTC-688,NTC-688,CE0008678,Stim8hr,CD4i_R2,26.0,380028.0
CD4i_R2_D3_Stim8hr_NTC-689,NTC-689,CE0008678,Stim8hr,CD4i_R2,20.0,256585.0
CD4i_R2_D3_Stim8hr_NTC-690,NTC-690,CE0008678,Stim8hr,CD4i_R2,59.0,916949.0
CD4i_R2_D3_Stim8hr_NTC-692,NTC-692,CE0008678,Stim8hr,CD4i_R2,385.0,5639249.0
CD4i_R2_D3_Stim8hr_NTC-694,NTC-694,CE0008678,Stim8hr,CD4i_R2,527.0,8119855.0
CD4i_R2_D3_Stim8hr_NTC-695,NTC-695,CE0008678,Stim8hr,CD4i_R2,27.0,361684.0
CD4i_R2_D3_Stim8hr_NTC-696,NTC-696,CE0008678,Stim8hr,CD4i_R2,19.0,189025.0
CD4i_R2_D3_Stim8hr_NTC-697,NTC-697,CE0008678,Stim8hr,CD4i_R2,16.0,310307.0
CD4i_R2_D3_Stim8hr_NTC-699,NTC-699,CE0008678,Stim8hr,CD4i_R2,62.0,878788.0
CD4i_R2_D3_Stim8hr_NTC-700,NTC-700,CE0008678,Stim8hr,CD4i_R2,66.0,958920.0
CD4i_R2_D3_Stim8hr_NTC-701,NTC-701,CE0008678,Stim8hr,CD4i_R2,25.0,363111.0
CD4i_R2_D3_Stim8hr_NTC-702,NTC-702,CE0008678,Stim8hr,CD4i_R2,100.0,1483874.0
CD4i_R2_D3_Stim8hr_NTC-705,NTC-705,CE0008678,Stim8hr,CD4i_R2,44.0,701428.0
CD4i_R2_D3_Stim8hr_NTC-706,NTC-706,CE0008678,Stim8hr,CD4i_R2,72.0,1323735.0
CD4i_R2_D3_Stim8hr_NTC-708,NTC-708,CE0008678,Stim8hr,CD4i_R2,112.0,1375869.0
CD4i_R2_D3_Stim8hr_NTC-709,NTC-709,CE0008678,Stim8hr,CD4i_R2,198.0,2909539.0
CD4i_R2_D3_Stim8hr_NTC-710,NTC-710,CE0008678,Stim8hr,CD4i_R2,35.0,461675.0
CD4i_R2_D3_Stim8hr_NTC-711,NTC-711,CE0008678,Stim8hr,CD4i_R2,6.0,59383.0
CD4i_R2_D3_Stim8hr_NTC-714,NTC-714,CE0008678,Stim8hr,CD4i_R2,11.0,115618.0
CD4i_R2_D3_Stim8hr_NTC-715,NTC-715,CE0008678,Stim8hr,CD4i_R2,82.0,1310252.0
CD4i_R2_D3_Stim8hr_NTC-716,NTC-716,CE0008678,Stim8hr,CD4i_R2,20.0,271354.0
CD4i_R2_D3_Stim8hr_NTC-717,NTC-717,CE0008678,Stim8hr,CD4i_R2,169.0,2263992.0
CD4i_R2_D3_Stim8hr_NTC-718,NTC-718,CE0008678,Stim8hr,CD4i_R2,671.0,7817443.0
CD4i_R2_D3_Stim8hr_NTC-719,NTC-719,CE0008678,Stim8hr,CD4i_R2,7.0,93758.0
CD4i_R2_D3_Stim8hr_NTC-720,NTC-720,CE0008678,Stim8hr,CD4i_R2,848.0,14115511.0
CD4i_R2_D3_Stim8hr_NTC-721,NTC-721,CE0008678,Stim8hr,CD4i_R2,20.0,297227.0
CD4i_R2_D3_Stim8hr_NTC-722,NTC-722,CE0008678,Stim8hr,CD4i_R2,439.0,6123142.0
CD4i_R2_D3_Stim8hr_NTC-724,NTC-724,CE0008678,Stim8hr,CD4i_R2,8.0,83087.0
CD4i_R2_D3_Stim8hr_NTC-725,NTC-725,CE0008678,Stim8hr,CD4i_R2,53.0,903976.0
CD4i_R2_D3_Stim8hr_NTC-726,NTC-726,CE0008678,Stim8hr,CD4i_R2,5.0,90663.0
CD4i_R2_D3_Stim8hr_NTC-727,NTC-727,CE0008678,Stim8hr,CD4i_R2,336.0,6074097.0
CD4i_R2_D3_Stim8hr_NTC-728,NTC-728,CE0008678,Stim8hr,CD4i_R2,30.0,431382.0
CD4i_R2_D3_Stim8hr_NTC-729,NTC-729,CE0008678,Stim8hr,CD4i_R2,53.0,832570.0
CD4i_R2_D3_Stim8hr_NTC-730,NTC-730,CE0008678,Stim8hr,CD4i_R2,189.0,2791632.0
CD4i_R2_D3_Stim8hr_NTC-732,NTC-732,CE0008678,Stim8hr,CD4i_R2,24.0,331393.0
CD4i_R2_D3_Stim8hr_NTC-733,NTC-733,CE0008678,Stim8hr,CD4i_R2,7.0,100871.0
CD4i_R2_D3_Stim8hr_NTC-734,NTC-734,CE0008678,Stim8hr,CD4i_R2,181.0,2294553.0
CD4i_R2_D3_Stim8hr_NTC-735,NTC-735,CE0008678,Stim8hr,CD4i_R2,150.0,2083578.0
CD4i_R2_D3_Stim8hr_NTC-736,NTC-736,CE0008678,Stim8hr,CD4i_R2,25.0,395262.0
CD4i_R2_D3_Stim8hr_NTC-737,NTC-737,CE0008678,Stim8hr,CD4i_R2,16.0,191895.0
CD4i_R2_D3_Stim8hr_NTC-738,NTC-738,CE0008678,Stim8hr,CD4i_R2,68.0,923299.0
CD4i_R2_D3_Stim8hr_NTC-739,NTC-739,CE0008678,Stim8hr,CD4i_R2,79.0,1186814.0
CD4i_R2_D3_Stim8hr_NTC-740,NTC-740,CE0008678,Stim8hr,CD4i_R2,70.0,1125981.0
CD4i_R2_D3_Stim8hr_NTC-741,NTC-741,CE0008678,Stim8hr,CD4i_R2,221.0,3467654.0
CD4i_R2_D3_Stim8hr_NTC-742,NTC-742,CE0008678,Stim8hr,CD4i_R2,49.0,663554.0
CD4i_R2_D3_Stim8hr_NTC-743,NTC-743,CE0008678,Stim8hr,CD4i_R2,105.0,1392417.0
CD4i_R2_D3_Stim8hr_NTC-744,NTC-744,CE0008678,Stim8hr,CD4i_R2,73.0,998794.0
CD4i_R2_D3_Stim8hr_NTC-745,NTC-745,CE0008678,Stim8hr,CD4i_R2,54.0,760958.0
CD4i_R2_D3_Stim8hr_NTC-746,NTC-746,CE0008678,Stim8hr,CD4i_R2,446.0,7429603.0
CD4i_R2_D3_Stim8hr_NTC-747,NTC-747,CE0008678,Stim8hr,CD4i_R2,193.0,2410906.0
CD4i_R2_D3_Stim8hr_NTC-748,NTC-748,CE0008678,Stim8hr,CD4i_R2,75.0,1295982.0
CD4i_R2_D3_Stim8hr_NTC-749,NTC-749,CE0008678,Stim8hr,CD4i_R2,15.0,240483.0
CD4i_R2_D3_Stim8hr_NTC-750,NTC-750,CE0008678,Stim8hr,CD4i_R2,98.0,1467344.0
CD4i_R2_D3_Stim8hr_NTC-751,NTC-751,CE0008678,Stim8hr,CD4i_R2,121.0,1813599.0
CD4i_R2_D3_Stim8hr_NTC-752,NTC-752,CE0008678,Stim8hr,CD4i_R2,29.0,376092.0
CD4i_R2_D3_Stim8hr_NTC-753,NTC-753,CE0008678,Stim8hr,CD4i_R2,36.0,445939.0
CD4i_R2_D3_Stim8hr_NTC-754,NTC-754,CE0008678,Stim8hr,CD4i_R2,6.0,87449.0
CD4i_R2_D3_Stim8hr_NTC-756,NTC-756,CE0008678,Stim8hr,CD4i_R2,30.0,348220.0
CD4i_R2_D3_Stim8hr_NTC-757,NTC-757,CE0008678,Stim8hr,CD4i_R2,68.0,1252901.0
CD4i_R2_D3_Stim8hr_NTC-758,NTC-758,CE0008678,Stim8hr,CD4i_R2,40.0,525293.0
CD4i_R2_D3_Stim8hr_NTC-759,NTC-759,CE0008678,Stim8hr,CD4i_R2,68.0,1017946.0
CD4i_R2_D3_Stim8hr_NTC-760,NTC-760,CE0008678,Stim8hr,CD4i_R2,102.0,1248997.0
CD4i_R2_D3_Stim8hr_NTC-761,NTC-761,CE0008678,Stim8hr,CD4i_R2,177.0,2423587.0
CD4i_R2_D3_Stim8hr_NTC-763,NTC-763,CE0008678,Stim8hr,CD4i_R2,15.0,173299.0
CD4i_R2_D3_Stim8hr_NTC-764,NTC-764,CE0008678,Stim8hr,CD4i_R2,29.0,442607.0
CD4i_R2_D3_Stim8hr_NTC-765,NTC-765,CE0008678,Stim8hr,CD4i_R2,81.0,880979.0
CD4i_R2_D3_Stim8hr_NTC-766,NTC-766,CE0008678,Stim8hr,CD4i_R2,34.0,480723.0
CD4i_R2_D3_Stim8hr_NTC-767,NTC-767,CE0008678,Stim8hr,CD4i_R2,69.0,1029489.0
CD4i_R2_D3_Stim8hr_NTC-769,NTC-769,CE0008678,Stim8hr,CD4i_R2,84.0,1096716.0
CD4i_R2_D3_Stim8hr_NTC-770,NTC-770,CE0008678,Stim8hr,CD4i_R2,193.0,2767163.0
CD4i_R2_D3_Stim8hr_NTC-771,NTC-771,CE0008678,Stim8hr,CD4i_R2,72.0,996018.0
CD4i_R2_D3_Stim8hr_NTC-772,NTC-772,CE0008678,Stim8hr,CD4i_R2,101.0,1564735.0
CD4i_R2_D3_Stim8hr_NTC-773,NTC-773,CE0008678,Stim8hr,CD4i_R2,208.0,3476851.0
CD4i_R2_D3_Stim8hr_NTC-774,NTC-774,CE0008678,Stim8hr,CD4i_R2,326.0,5048930.0
CD4i_R2_D3_Stim8hr_NTC-775,NTC-775,CE0008678,Stim8hr,CD4i_R2,70.0,1025476.0
CD4i_R2_D3_Stim8hr_NTC-776,NTC-776,CE0008678,Stim8hr,CD4i_R2,54.0,643284.0
CD4i_R2_D3_Stim8hr_NTC-777,NTC-777,CE0008678,Stim8hr,CD4i_R2,23.0,272383.0
CD4i_R2_D3_Stim8hr_NTC-778,NTC-778,CE0008678,Stim8hr,CD4i_R2,64.0,996687.0
CD4i_R2_D3_Stim8hr_NTC-779,NTC-779,CE0008678,Stim8hr,CD4i_R2,339.0,4338419.0
CD4i_R2_D3_Stim8hr_NTC-780,NTC-780,CE0008678,Stim8hr,CD4i_R2,14.0,155600.0
CD4i_R2_D3_Stim8hr_NTC-781,NTC-781,CE0008678,Stim8hr,CD4i_R2,282.0,3656665.0
CD4i_R2_D3_Stim8hr_NTC-782,NTC-782,CE0008678,Stim8hr,CD4i_R2,66.0,893301.0
CD4i_R2_D3_Stim8hr_NTC-784,NTC-784,CE0008678,Stim8hr,CD4i_R2,44.0,451578.0
CD4i_R2_D3_Stim8hr_NTC-785,NTC-785,CE0008678,Stim8hr,CD4i_R2,50.0,663350.0
CD4i_R2_D3_Stim8hr_NTC-786,NTC-786,CE0008678,Stim8hr,CD4i_R2,11.0,188308.0
CD4i_R2_D3_Stim8hr_NTC-787,NTC-787,CE0008678,Stim8hr,CD4i_R2,22.0,255806.0
CD4i_R2_D3_Stim8hr_NTC-788,NTC-788,CE0008678,Stim8hr,CD4i_R2,55.0,761657.0
CD4i_R2_D3_Stim8hr_NTC-789,NTC-789,CE0008678,Stim8hr,CD4i_R2,102.0,1335987.0
CD4i_R2_D3_Stim8hr_NTC-790,NTC-790,CE0008678,Stim8hr,CD4i_R2,32.0,386928.0
CD4i_R2_D3_Stim8hr_NTC-792,NTC-792,CE0008678,Stim8hr,CD4i_R2,22.0,311660.0
CD4i_R2_D3_Stim8hr_NTC-793,NTC-793,CE0008678,Stim8hr,CD4i_R2,149.0,2365516.0
CD4i_R2_D3_Stim8hr_NTC-794,NTC-794,CE0008678,Stim8hr,CD4i_R2,75.0,1271974.0
CD4i_R2_D3_Stim8hr_NTC-797,NTC-797,CE0008678,Stim8hr,CD4i_R2,145.0,1964776.0
CD4i_R2_D3_Stim8hr_NTC-798,NTC-798,CE0008678,Stim8hr,CD4i_R2,8.0,127058.0
CD4i_R2_D3_Stim8hr_NTC-799,NTC-799,CE0008678,Stim8hr,CD4i_R2,148.0,1724146.0
CD4i_R2_D3_Stim8hr_NTC-800,NTC-800,CE0008678,Stim8hr,CD4i_R2,26.0,278142.0
CD4i_R2_D3_Stim8hr_NTC-801,NTC-801,CE0008678,Stim8hr,CD4i_R2,48.0,946256.0
CD4i_R2_D3_Stim8hr_NTC-802,NTC-802,CE0008678,Stim8hr,CD4i_R2,23.0,231069.0
CD4i_R2_D3_Stim8hr_NTC-803,NTC-803,CE0008678,Stim8hr,CD4i_R2,193.0,2463328.0
CD4i_R2_D3_Stim8hr_NTC-804,NTC-804,CE0008678,Stim8hr,CD4i_R2,113.0,1586789.0
CD4i_R2_D3_Stim8hr_NTC-805,NTC-805,CE0008678,Stim8hr,CD4i_R2,44.0,550482.0
CD4i_R2_D3_Stim8hr_NTC-806,NTC-806,CE0008678,Stim8hr,CD4i_R2,117.0,1667957.0
CD4i_R2_D3_Stim8hr_NTC-807,NTC-807,CE0008678,Stim8hr,CD4i_R2,154.0,2186298.0
CD4i_R2_D3_Stim8hr_NTC-808,NTC-808,CE0008678,Stim8hr,CD4i_R2,261.0,3470048.0
CD4i_R2_D3_Stim8hr_NTC-810,NTC-810,CE0008678,Stim8hr,CD4i_R2,184.0,2761832.0
CD4i_R2_D3_Stim8hr_NTC-811,NTC-811,CE0008678,Stim8hr,CD4i_R2,320.0,4392251.0
CD4i_R2_D3_Stim8hr_NTC-812,NTC-812,CE0008678,Stim8hr,CD4i_R2,126.0,2049347.0
CD4i_R2_D3_Stim8hr_NTC-813,NTC-813,CE0008678,Stim8hr,CD4i_R2,28.0,430535.0
CD4i_R2_D3_Stim8hr_NTC-814,NTC-814,CE0008678,Stim8hr,CD4i_R2,70.0,836944.0
CD4i_R2_D3_Stim8hr_NTC-816,NTC-816,CE0008678,Stim8hr,CD4i_R2,78.0,1070687.0
CD4i_R2_D3_Stim8hr_NTC-818,NTC-818,CE0008678,Stim8hr,CD4i_R2,61.0,779970.0
CD4i_R2_D3_Stim8hr_NTC-821,NTC-821,CE0008678,Stim8hr,CD4i_R2,22.0,353228.0
CD4i_R2_D3_Stim8hr_NTC-822,NTC-822,CE0008678,Stim8hr,CD4i_R2,132.0,1811561.0
CD4i_R2_D3_Stim8hr_NTC-823,NTC-823,CE0008678,Stim8hr,CD4i_R2,208.0,2950547.0
CD4i_R2_D3_Stim8hr_NTC-824,NTC-824,CE0008678,Stim8hr,CD4i_R2,10.0,112175.0
CD4i_R2_D3_Stim8hr_NTC-825,NTC-825,CE0008678,Stim8hr,CD4i_R2,55.0,831070.0
CD4i_R2_D3_Stim8hr_NTC-826,NTC-826,CE0008678,Stim8hr,CD4i_R2,46.0,748042.0
CD4i_R2_D3_Stim8hr_NTC-828,NTC-828,CE0008678,Stim8hr,CD4i_R2,13.0,126063.0
CD4i_R2_D3_Stim8hr_NTC-829,NTC-829,CE0008678,Stim8hr,CD4i_R2,11.0,121478.0
CD4i_R2_D3_Stim8hr_NTC-830,NTC-830,CE0008678,Stim8hr,CD4i_R2,33.0,381010.0
CD4i_R2_D3_Stim8hr_NTC-831,NTC-831,CE0008678,Stim8hr,CD4i_R2,88.0,1037664.0
CD4i_R2_D3_Stim8hr_NTC-832,NTC-832,CE0008678,Stim8hr,CD4i_R2,104.0,1610607.0
CD4i_R2_D3_Stim8hr_NTC-834,NTC-834,CE0008678,Stim8hr,CD4i_R2,98.0,1390170.0
CD4i_R2_D3_Stim8hr_NTC-835,NTC-835,CE0008678,Stim8hr,CD4i_R2,22.0,324026.0
CD4i_R2_D3_Stim8hr_NTC-837,NTC-837,CE0008678,Stim8hr,CD4i_R2,10.0,149623.0
CD4i_R2_D3_Stim8hr_NTC-838,NTC-838,CE0008678,Stim8hr,CD4i_R2,29.0,487064.0
CD4i_R2_D3_Stim8hr_NTC-839,NTC-839,CE0008678,Stim8hr,CD4i_R2,9.0,93071.0
CD4i_R2_D3_Stim8hr_NTC-840,NTC-840,CE0008678,Stim8hr,CD4i_R2,22.0,256564.0
CD4i_R2_D3_Stim8hr_NTC-841,NTC-841,CE0008678,Stim8hr,CD4i_R2,419.0,6503234.0
CD4i_R2_D3_Stim8hr_NTC-842,NTC-842,CE0008678,Stim8hr,CD4i_R2,41.0,540737.0
CD4i_R2_D3_Stim8hr_NTC-844,NTC-844,CE0008678,Stim8hr,CD4i_R2,90.0,1222155.0
CD4i_R2_D3_Stim8hr_NTC-845,NTC-845,CE0008678,Stim8hr,CD4i_R2,105.0,1758191.0
CD4i_R2_D3_Stim8hr_NTC-846,NTC-846,CE0008678,Stim8hr,CD4i_R2,265.0,3869888.0
CD4i_R2_D3_Stim8hr_NTC-847,NTC-847,CE0008678,Stim8hr,CD4i_R2,28.0,430731.0
CD4i_R2_D3_Stim8hr_NTC-848,NTC-848,CE0008678,Stim8hr,CD4i_R2,184.0,2474378.0
CD4i_R2_D3_Stim8hr_NTC-849,NTC-849,CE0008678,Stim8hr,CD4i_R2,21.0,358063.0
CD4i_R2_D3_Stim8hr_NTC-851,NTC-851,CE0008678,Stim8hr,CD4i_R2,89.0,1293101.0
CD4i_R2_D3_Stim8hr_NTC-852,NTC-852,CE0008678,Stim8hr,CD4i_R2,81.0,1001805.0
CD4i_R2_D3_Stim8hr_NTC-854,NTC-854,CE0008678,Stim8hr,CD4i_R2,76.0,1074002.0
CD4i_R2_D3_Stim8hr_NTC-856,NTC-856,CE0008678,Stim8hr,CD4i_R2,57.0,741363.0
CD4i_R2_D3_Stim8hr_NTC-857,NTC-857,CE0008678,Stim8hr,CD4i_R2,57.0,722580.0
CD4i_R2_D3_Stim8hr_NTC-858,NTC-858,CE0008678,Stim8hr,CD4i_R2,69.0,745659.0
CD4i_R2_D3_Stim8hr_NTC-859,NTC-859,CE0008678,Stim8hr,CD4i_R2,210.0,3242584.0
CD4i_R2_D3_Stim8hr_NTC-860,NTC-860,CE0008678,Stim8hr,CD4i_R2,47.0,518575.0
CD4i_R2_D3_Stim8hr_NTC-861,NTC-861,CE0008678,Stim8hr,CD4i_R2,117.0,1883472.0
CD4i_R2_D3_Stim8hr_NTC-862,NTC-862,CE0008678,Stim8hr,CD4i_R2,66.0,939566.0
CD4i_R2_D3_Stim8hr_NTC-867,NTC-867,CE0008678,Stim8hr,CD4i_R2,23.0,338597.0
CD4i_R2_D3_Stim8hr_NTC-869,NTC-869,CE0008678,Stim8hr,CD4i_R2,52.0,608617.0
CD4i_R2_D3_Stim8hr_NTC-870,NTC-870,CE0008678,Stim8hr,CD4i_R2,18.0,291762.0
CD4i_R2_D3_Stim8hr_NTC-872,NTC-872,CE0008678,Stim8hr,CD4i_R2,60.0,1196035.0
CD4i_R2_D3_Stim8hr_NTC-873,NTC-873,CE0008678,Stim8hr,CD4i_R2,38.0,439326.0
CD4i_R2_D3_Stim8hr_NTC-874,NTC-874,CE0008678,Stim8hr,CD4i_R2,110.0,1365038.0
CD4i_R2_D3_Stim8hr_NTC-875,NTC-875,CE0008678,Stim8hr,CD4i_R2,37.0,447850.0
CD4i_R2_D3_Stim8hr_NTC-876,NTC-876,CE0008678,Stim8hr,CD4i_R2,51.0,614718.0
CD4i_R2_D3_Stim8hr_NTC-878,NTC-878,CE0008678,Stim8hr,CD4i_R2,34.0,550283.0
CD4i_R2_D3_Stim8hr_NTC-880,NTC-880,CE0008678,Stim8hr,CD4i_R2,14.0,171934.0
CD4i_R2_D3_Stim8hr_NTC-881,NTC-881,CE0008678,Stim8hr,CD4i_R2,199.0,2645245.0
CD4i_R2_D3_Stim8hr_NTC-882,NTC-882,CE0008678,Stim8hr,CD4i_R2,106.0,1410903.0
CD4i_R2_D3_Stim8hr_NTC-884,NTC-884,CE0008678,Stim8hr,CD4i_R2,169.0,2386403.0
CD4i_R2_D3_Stim8hr_NTC-885,NTC-885,CE0008678,Stim8hr,CD4i_R2,106.0,1712537.0
CD4i_R2_D3_Stim8hr_NTC-886,NTC-886,CE0008678,Stim8hr,CD4i_R2,138.0,1688028.0
CD4i_R2_D3_Stim8hr_NTC-888,NTC-888,CE0008678,Stim8hr,CD4i_R2,48.0,674837.0
CD4i_R2_D3_Stim8hr_NTC-890,NTC-890,CE0008678,Stim8hr,CD4i_R2,236.0,3936937.0
CD4i_R2_D3_Stim8hr_NTC-893,NTC-893,CE0008678,Stim8hr,CD4i_R2,80.0,955793.0
CD4i_R2_D3_Stim8hr_NTC-894,NTC-894,CE0008678,Stim8hr,CD4i_R2,90.0,1362659.0
CD4i_R2_D3_Stim8hr_NTC-895,NTC-895,CE0008678,Stim8hr,CD4i_R2,33.0,344089.0
CD4i_R2_D3_Stim8hr_NTC-897,NTC-897,CE0008678,Stim8hr,CD4i_R2,217.0,3775079.0
CD4i_R2_D3_Stim8hr_NTC-898,NTC-898,CE0008678,Stim8hr,CD4i_R2,17.0,168134.0
CD4i_R2_D3_Stim8hr_NTC-900,NTC-900,CE0008678,Stim8hr,CD4i_R2,7.0,131667.0
CD4i_R2_D3_Stim8hr_NTC-902,NTC-902,CE0008678,Stim8hr,CD4i_R2,32.0,464493.0
CD4i_R2_D3_Stim8hr_NTC-903,NTC-903,CE0008678,Stim8hr,CD4i_R2,108.0,1755044.0
CD4i_R2_D3_Stim8hr_NTC-904,NTC-904,CE0008678,Stim8hr,CD4i_R2,231.0,2996415.0
CD4i_R2_D3_Stim8hr_NTC-906,NTC-906,CE0008678,Stim8hr,CD4i_R2,103.0,1336383.0
CD4i_R2_D3_Stim8hr_NTC-907,NTC-907,CE0008678,Stim8hr,CD4i_R2,149.0,2197190.0
CD4i_R2_D3_Stim8hr_NTC-909,NTC-909,CE0008678,Stim8hr,CD4i_R2,189.0,2876933.0
CD4i_R2_D3_Stim8hr_NTC-910,NTC-910,CE0008678,Stim8hr,CD4i_R2,56.0,644858.0
CD4i_R2_D3_Stim8hr_NTC-914,NTC-914,CE0008678,Stim8hr,CD4i_R2,46.0,637354.0
CD4i_R2_D3_Stim8hr_NTC-915,NTC-915,CE0008678,Stim8hr,CD4i_R2,13.0,153255.0
CD4i_R2_D3_Stim8hr_NTC-916,NTC-916,CE0008678,Stim8hr,CD4i_R2,14.0,133771.0
CD4i_R2_D3_Stim8hr_NTC-920,NTC-920,CE0008678,Stim8hr,CD4i_R2,17.0,134494.0
CD4i_R2_D3_Stim8hr_NTC-921,NTC-921,CE0008678,Stim8hr,CD4i_R2,10.0,124489.0
CD4i_R2_D3_Stim8hr_NTC-922,NTC-922,CE0008678,Stim8hr,CD4i_R2,646.0,8385202.0
CD4i_R2_D3_Stim8hr_NTC-923,NTC-923,CE0008678,Stim8hr,CD4i_R2,40.0,619514.0
CD4i_R2_D3_Stim8hr_NTC-924,NTC-924,CE0008678,Stim8hr,CD4i_R2,134.0,2178005.0
CD4i_R2_D3_Stim8hr_NTC-925,NTC-925,CE0008678,Stim8hr,CD4i_R2,26.0,273941.0
CD4i_R2_D3_Stim8hr_NTC-926,NTC-926,CE0008678,Stim8hr,CD4i_R2,111.0,1722777.0
CD4i_R2_D3_Stim8hr_NTC-927,NTC-927,CE0008678,Stim8hr,CD4i_R2,121.0,1470271.0
CD4i_R2_D3_Stim8hr_NTC-928,NTC-928,CE0008678,Stim8hr,CD4i_R2,188.0,3538209.0
CD4i_R2_D3_Stim8hr_NTC-929,NTC-929,CE0008678,Stim8hr,CD4i_R2,54.0,716322.0
CD4i_R2_D3_Stim8hr_NTC-930,NTC-930,CE0008678,Stim8hr,CD4i_R2,278.0,4165968.0
CD4i_R2_D3_Stim8hr_NTC-932,NTC-932,CE0008678,Stim8hr,CD4i_R2,44.0,684452.0
CD4i_R2_D3_Stim8hr_NTC-934,NTC-934,CE0008678,Stim8hr,CD4i_R2,768.0,15900553.0
CD4i_R2_D3_Stim8hr_NTC-936,NTC-936,CE0008678,Stim8hr,CD4i_R2,83.0,1196766.0
CD4i_R2_D3_Stim8hr_NTC-937,NTC-937,CE0008678,Stim8hr,CD4i_R2,12.0,148755.0
CD4i_R2_D3_Stim8hr_NTC-938,NTC-938,CE0008678,Stim8hr,CD4i_R2,120.0,2016603.0
CD4i_R2_D3_Stim8hr_NTC-939,NTC-939,CE0008678,Stim8hr,CD4i_R2,132.0,1973667.0
CD4i_R2_D3_Stim8hr_NTC-944,NTC-944,CE0008678,Stim8hr,CD4i_R2,17.0,203673.0
CD4i_R2_D3_Stim8hr_NTC-945,NTC-945,CE0008678,Stim8hr,CD4i_R2,332.0,4846577.0
CD4i_R2_D3_Stim8hr_NTC-946,NTC-946,CE0008678,Stim8hr,CD4i_R2,46.0,650742.0
CD4i_R2_D3_Stim8hr_NTC-947,NTC-947,CE0008678,Stim8hr,CD4i_R2,14.0,175174.0
CD4i_R2_D3_Stim8hr_NTC-948,NTC-948,CE0008678,Stim8hr,CD4i_R2,12.0,110600.0
CD4i_R2_D3_Stim8hr_NTC-949,NTC-949,CE0008678,Stim8hr,CD4i_R2,19.0,236467.0
CD4i_R2_D3_Stim8hr_NTC-951,NTC-951,CE0008678,Stim8hr,CD4i_R2,23.0,298933.0
CD4i_R2_D3_Stim8hr_NTC-952,NTC-952,CE0008678,Stim8hr,CD4i_R2,25.0,265711.0
CD4i_R2_D3_Stim8hr_NTC-954,NTC-954,CE0008678,Stim8hr,CD4i_R2,33.0,548712.0
CD4i_R2_D3_Stim8hr_NTC-955,NTC-955,CE0008678,Stim8hr,CD4i_R2,135.0,1790828.0
CD4i_R2_D3_Stim8hr_NTC-956,NTC-956,CE0008678,Stim8hr,CD4i_R2,123.0,1635073.0
CD4i_R2_D3_Stim8hr_NTC-957,NTC-957,CE0008678,Stim8hr,CD4i_R2,42.0,543740.0
CD4i_R2_D3_Stim8hr_NTC-958,NTC-958,CE0008678,Stim8hr,CD4i_R2,8.0,80752.0
CD4i_R2_D3_Stim8hr_NTC-959,NTC-959,CE0008678,Stim8hr,CD4i_R2,5.0,71771.0
CD4i_R2_D3_Stim8hr_NTC-960,NTC-960,CE0008678,Stim8hr,CD4i_R2,304.0,4572008.0
CD4i_R2_D3_Stim8hr_NTC-961,NTC-961,CE0008678,Stim8hr,CD4i_R2,15.0,144564.0
CD4i_R2_D3_Stim8hr_NTC-963,NTC-963,CE0008678,Stim8hr,CD4i_R2,8.0,75507.0
CD4i_R2_D3_Stim8hr_NTC-964,NTC-964,CE0008678,Stim8hr,CD4i_R2,54.0,799183.0
CD4i_R2_D3_Stim8hr_NTC-965,NTC-965,CE0008678,Stim8hr,CD4i_R2,926.0,14112291.0
CD4i_R2_D3_Stim8hr_NTC-966,NTC-966,CE0008678,Stim8hr,CD4i_R2,11.0,72155.0
CD4i_R2_D3_Stim8hr_NTC-967,NTC-967,CE0008678,Stim8hr,CD4i_R2,347.0,5127287.0
CD4i_R2_D3_Stim8hr_NTC-968,NTC-968,CE0008678,Stim8hr,CD4i_R2,21.0,304346.0
CD4i_R2_D3_Stim8hr_NTC-969,NTC-969,CE0008678,Stim8hr,CD4i_R2,124.0,1743358.0
CD4i_R2_D3_Stim8hr_NTC-971,NTC-971,CE0008678,Stim8hr,CD4i_R2,53.0,839347.0
CD4i_R2_D3_Stim8hr_NTC-972,NTC-972,CE0008678,Stim8hr,CD4i_R2,24.0,384994.0
CD4i_R2_D3_Stim8hr_NTC-973,NTC-973,CE0008678,Stim8hr,CD4i_R2,220.0,3477180.0
CD4i_R2_D3_Stim8hr_NTC-974,NTC-974,CE0008678,Stim8hr,CD4i_R2,13.0,153775.0
CD4i_R2_D3_Stim8hr_NTC-975,NTC-975,CE0008678,Stim8hr,CD4i_R2,99.0,1474356.0
CD4i_R2_D3_Stim8hr_NTC-976,NTC-976,CE0008678,Stim8hr,CD4i_R2,33.0,824726.0
CD4i_R2_D3_Stim8hr_NTC-978,NTC-978,CE0008678,Stim8hr,CD4i_R2,8.0,74901.0
CD4i_R2_D3_Stim8hr_NTC-979,NTC-979,CE0008678,Stim8hr,CD4i_R2,66.0,1005021.0
CD4i_R2_D3_Stim8hr_NTC-980,NTC-980,CE0008678,Stim8hr,CD4i_R2,393.0,5393396.0
CD4i_R2_D3_Stim8hr_NTC-981,NTC-981,CE0008678,Stim8hr,CD4i_R2,36.0,479795.0
CD4i_R2_D3_Stim8hr_NTC-982,NTC-982,CE0008678,Stim8hr,CD4i_R2,96.0,1494824.0
CD4i_R2_D3_Stim8hr_NTC-983,NTC-983,CE0008678,Stim8hr,CD4i_R2,44.0,773873.0
CD4i_R2_D3_Stim8hr_NTC-984,NTC-984,CE0008678,Stim8hr,CD4i_R2,100.0,1601174.0
CD4i_R2_D3_Stim8hr_NTC-985,NTC-985,CE0008678,Stim8hr,CD4i_R2,58.0,813546.0
CD4i_R2_D3_Stim8hr_NTC-987,NTC-987,CE0008678,Stim8hr,CD4i_R2,20.0,304644.0
CD4i_R2_D3_Stim8hr_NTC-988,NTC-988,CE0008678,Stim8hr,CD4i_R2,66.0,744783.0
CD4i_R2_D3_Stim8hr_NTC-989,NTC-989,CE0008678,Stim8hr,CD4i_R2,123.0,1804529.0
CD4i_R2_D3_Stim8hr_NTC-990,NTC-990,CE0008678,Stim8hr,CD4i_R2,36.0,575172.0
CD4i_R2_D3_Stim8hr_NTC-991,NTC-991,CE0008678,Stim8hr,CD4i_R2,39.0,456865.0
CD4i_R1_D1_Rest_NTC-001,NTC-001,CE0008162,Rest,CD4i_R1,39.0,351451.0
CD4i_R1_D1_Rest_NTC-002,NTC-002,CE0008162,Rest,CD4i_R1,41.0,264620.0
CD4i_R1_D1_Rest_NTC-003,NTC-003,CE0008162,Rest,CD4i_R1,66.0,527964.0
CD4i_R1_D1_Rest_NTC-004,NTC-004,CE0008162,Rest,CD4i_R1,41.0,389017.0
CD4i_R1_D1_Rest_NTC-005,NTC-005,CE0008162,Rest,CD4i_R1,17.0,143553.0
CD4i_R1_D1_Rest_NTC-006,NTC-006,CE0008162,Rest,CD4i_R1,25.0,254044.0
CD4i_R1_D1_Rest_NTC-007,NTC-007,CE0008162,Rest,CD4i_R1,10.0,102494.0
CD4i_R1_D1_Rest_NTC-008,NTC-008,CE0008162,Rest,CD4i_R1,143.0,1304270.0
CD4i_R1_D1_Rest_NTC-009,NTC-009,CE0008162,Rest,CD4i_R1,291.0,2465258.0
CD4i_R1_D1_Rest_NTC-010,NTC-010,CE0008162,Rest,CD4i_R1,130.0,1101647.0
CD4i_R1_D1_Rest_NTC-013,NTC-013,CE0008162,Rest,CD4i_R1,78.0,876911.0
CD4i_R1_D1_Rest_NTC-015,NTC-015,CE0008162,Rest,CD4i_R1,16.0,202747.0
CD4i_R1_D1_Rest_NTC-016,NTC-016,CE0008162,Rest,CD4i_R1,29.0,269065.0
CD4i_R1_D1_Rest_NTC-018,NTC-018,CE0008162,Rest,CD4i_R1,7.0,105559.0
CD4i_R1_D1_Rest_NTC-019,NTC-019,CE0008162,Rest,CD4i_R1,113.0,923219.0
CD4i_R1_D1_Rest_NTC-020,NTC-020,CE0008162,Rest,CD4i_R1,13.0,123612.0
CD4i_R1_D1_Rest_NTC-021,NTC-021,CE0008162,Rest,CD4i_R1,43.0,451405.0
CD4i_R1_D1_Rest_NTC-023,NTC-023,CE0008162,Rest,CD4i_R1,65.0,585740.0
CD4i_R1_D1_Rest_NTC-024,NTC-024,CE0008162,Rest,CD4i_R1,115.0,1000305.0
CD4i_R1_D1_Rest_NTC-026,NTC-026,CE0008162,Rest,CD4i_R1,121.0,1229483.0
CD4i_R1_D1_Rest_NTC-027,NTC-027,CE0008162,Rest,CD4i_R1,189.0,1780566.0
CD4i_R1_D1_Rest_NTC-028,NTC-028,CE0008162,Rest,CD4i_R1,81.0,824320.0
CD4i_R1_D1_Rest_NTC-029,NTC-029,CE0008162,Rest,CD4i_R1,79.0,604010.0
CD4i_R1_D1_Rest_NTC-030,NTC-030,CE0008162,Rest,CD4i_R1,185.0,1719665.0
CD4i_R1_D1_Rest_NTC-031,NTC-031,CE0008162,Rest,CD4i_R1,9.0,107514.0
CD4i_R1_D1_Rest_NTC-032,NTC-032,CE0008162,Rest,CD4i_R1,50.0,485920.0
CD4i_R1_D1_Rest_NTC-033,NTC-033,CE0008162,Rest,CD4i_R1,28.0,288723.0
CD4i_R1_D1_Rest_NTC-034,NTC-034,CE0008162,Rest,CD4i_R1,32.0,277404.0
CD4i_R1_D1_Rest_NTC-035,NTC-035,CE0008162,Rest,CD4i_R1,52.0,447596.0
CD4i_R1_D1_Rest_NTC-037,NTC-037,CE0008162,Rest,CD4i_R1,59.0,587449.0
CD4i_R1_D1_Rest_NTC-038,NTC-038,CE0008162,Rest,CD4i_R1,103.0,977041.0
CD4i_R1_D1_Rest_NTC-039,NTC-039,CE0008162,Rest,CD4i_R1,155.0,1214172.0
CD4i_R1_D1_Rest_NTC-040,NTC-040,CE0008162,Rest,CD4i_R1,238.0,2128636.0
CD4i_R1_D1_Rest_NTC-041,NTC-041,CE0008162,Rest,CD4i_R1,104.0,983183.0
CD4i_R1_D1_Rest_NTC-042,NTC-042,CE0008162,Rest,CD4i_R1,15.0,162225.0
CD4i_R1_D1_Rest_NTC-043,NTC-043,CE0008162,Rest,CD4i_R1,26.0,223093.0
CD4i_R1_D1_Rest_NTC-044,NTC-044,CE0008162,Rest,CD4i_R1,104.0,1186492.0
CD4i_R1_D1_Rest_NTC-045,NTC-045,CE0008162,Rest,CD4i_R1,12.0,74528.0
CD4i_R1_D1_Rest_NTC-046,NTC-046,CE0008162,Rest,CD4i_R1,55.0,599624.0
CD4i_R1_D1_Rest_NTC-047,NTC-047,CE0008162,Rest,CD4i_R1,199.0,1757157.0
CD4i_R1_D1_Rest_NTC-048,NTC-048,CE0008162,Rest,CD4i_R1,21.0,273865.0
CD4i_R1_D1_Rest_NTC-049,NTC-049,CE0008162,Rest,CD4i_R1,12.0,86371.0
CD4i_R1_D1_Rest_NTC-050,NTC-050,CE0008162,Rest,CD4i_R1,218.0,1954216.0
CD4i_R1_D1_Rest_NTC-051,NTC-051,CE0008162,Rest,CD4i_R1,58.0,504640.0
CD4i_R1_D1_Rest_NTC-052,NTC-052,CE0008162,Rest,CD4i_R1,209.0,1853751.0
CD4i_R1_D1_Rest_NTC-054,NTC-054,CE0008162,Rest,CD4i_R1,11.0,49461.0
CD4i_R1_D1_Rest_NTC-055,NTC-055,CE0008162,Rest,CD4i_R1,111.0,986402.0
CD4i_R1_D1_Rest_NTC-056,NTC-056,CE0008162,Rest,CD4i_R1,278.0,2264360.0
CD4i_R1_D1_Rest_NTC-057,NTC-057,CE0008162,Rest,CD4i_R1,6.0,56934.0
CD4i_R1_D1_Rest_NTC-058,NTC-058,CE0008162,Rest,CD4i_R1,24.0,215041.0
CD4i_R1_D1_Rest_NTC-059,NTC-059,CE0008162,Rest,CD4i_R1,99.0,895732.0
CD4i_R1_D1_Rest_NTC-060,NTC-060,CE0008162,Rest,CD4i_R1,30.0,301325.0
CD4i_R1_D1_Rest_NTC-061,NTC-061,CE0008162,Rest,CD4i_R1,32.0,242907.0
CD4i_R1_D1_Rest_NTC-062,NTC-062,CE0008162,Rest,CD4i_R1,32.0,260681.0
CD4i_R1_D1_Rest_NTC-063,NTC-063,CE0008162,Rest,CD4i_R1,19.0,183495.0
CD4i_R1_D1_Rest_NTC-064,NTC-064,CE0008162,Rest,CD4i_R1,166.0,1501750.0
CD4i_R1_D1_Rest_NTC-066,NTC-066,CE0008162,Rest,CD4i_R1,35.0,308380.0
CD4i_R1_D1_Rest_NTC-067,NTC-067,CE0008162,Rest,CD4i_R1,17.0,205974.0
CD4i_R1_D1_Rest_NTC-068,NTC-068,CE0008162,Rest,CD4i_R1,113.0,1004898.0
CD4i_R1_D1_Rest_NTC-069,NTC-069,CE0008162,Rest,CD4i_R1,45.0,411364.0
CD4i_R1_D1_Rest_NTC-070,NTC-070,CE0008162,Rest,CD4i_R1,13.0,120793.0
CD4i_R1_D1_Rest_NTC-071,NTC-071,CE0008162,Rest,CD4i_R1,72.0,623250.0
CD4i_R1_D1_Rest_NTC-072,NTC-072,CE0008162,Rest,CD4i_R1,28.0,254055.0
CD4i_R1_D1_Rest_NTC-073,NTC-073,CE0008162,Rest,CD4i_R1,62.0,660828.0
CD4i_R1_D1_Rest_NTC-074,NTC-074,CE0008162,Rest,CD4i_R1,66.0,586316.0
CD4i_R1_D1_Rest_NTC-075,NTC-075,CE0008162,Rest,CD4i_R1,11.0,145339.0
CD4i_R1_D1_Rest_NTC-076,NTC-076,CE0008162,Rest,CD4i_R1,38.0,296130.0
CD4i_R1_D1_Rest_NTC-077,NTC-077,CE0008162,Rest,CD4i_R1,135.0,1228334.0
CD4i_R1_D1_Rest_NTC-078,NTC-078,CE0008162,Rest,CD4i_R1,9.0,77957.0
CD4i_R1_D1_Rest_NTC-079,NTC-079,CE0008162,Rest,CD4i_R1,48.0,496470.0
CD4i_R1_D1_Rest_NTC-080,NTC-080,CE0008162,Rest,CD4i_R1,98.0,950925.0
CD4i_R1_D1_Rest_NTC-081,NTC-081,CE0008162,Rest,CD4i_R1,66.0,627911.0
CD4i_R1_D1_Rest_NTC-082,NTC-082,CE0008162,Rest,CD4i_R1,41.0,331715.0
CD4i_R1_D1_Rest_NTC-083,NTC-083,CE0008162,Rest,CD4i_R1,192.0,1751600.0
CD4i_R1_D1_Rest_NTC-084,NTC-084,CE0008162,Rest,CD4i_R1,45.0,401309.0
CD4i_R1_D1_Rest_NTC-086,NTC-086,CE0008162,Rest,CD4i_R1,45.0,414019.0
CD4i_R1_D1_Rest_NTC-087,NTC-087,CE0008162,Rest,CD4i_R1,125.0,1316173.0
CD4i_R1_D1_Rest_NTC-089,NTC-089,CE0008162,Rest,CD4i_R1,79.0,745276.0
CD4i_R1_D1_Rest_NTC-090,NTC-090,CE0008162,Rest,CD4i_R1,216.0,2078481.0
CD4i_R1_D1_Rest_NTC-091,NTC-091,CE0008162,Rest,CD4i_R1,57.0,423180.0
CD4i_R1_D1_Rest_NTC-092,NTC-092,CE0008162,Rest,CD4i_R1,153.0,1462546.0
CD4i_R1_D1_Rest_NTC-093,NTC-093,CE0008162,Rest,CD4i_R1,42.0,361048.0
CD4i_R1_D1_Rest_NTC-095,NTC-095,CE0008162,Rest,CD4i_R1,30.0,263598.0
CD4i_R1_D1_Rest_NTC-096,NTC-096,CE0008162,Rest,CD4i_R1,104.0,1047711.0
CD4i_R1_D1_Rest_NTC-097,NTC-097,CE0008162,Rest,CD4i_R1,79.0,745367.0
CD4i_R1_D1_Rest_NTC-098,NTC-098,CE0008162,Rest,CD4i_R1,143.0,1331197.0
CD4i_R1_D1_Rest_NTC-099,NTC-099,CE0008162,Rest,CD4i_R1,9.0,139075.0
CD4i_R1_D1_Rest_NTC-100,NTC-100,CE0008162,Rest,CD4i_R1,40.0,391656.0
CD4i_R1_D1_Rest_NTC-101,NTC-101,CE0008162,Rest,CD4i_R1,12.0,106383.0
CD4i_R1_D1_Rest_NTC-102,NTC-102,CE0008162,Rest,CD4i_R1,62.0,567830.0
CD4i_R1_D1_Rest_NTC-103,NTC-103,CE0008162,Rest,CD4i_R1,140.0,1379153.0
CD4i_R1_D1_Rest_NTC-104,NTC-104,CE0008162,Rest,CD4i_R1,85.0,756169.0
CD4i_R1_D1_Rest_NTC-105,NTC-105,CE0008162,Rest,CD4i_R1,61.0,640927.0
CD4i_R1_D1_Rest_NTC-107,NTC-107,CE0008162,Rest,CD4i_R1,130.0,1159958.0
CD4i_R1_D1_Rest_NTC-108,NTC-108,CE0008162,Rest,CD4i_R1,27.0,268785.0
CD4i_R1_D1_Rest_NTC-109,NTC-109,CE0008162,Rest,CD4i_R1,12.0,96090.0
CD4i_R1_D1_Rest_NTC-110,NTC-110,CE0008162,Rest,CD4i_R1,9.0,74902.0
CD4i_R1_D1_Rest_NTC-111,NTC-111,CE0008162,Rest,CD4i_R1,66.0,523164.0
CD4i_R1_D1_Rest_NTC-112,NTC-112,CE0008162,Rest,CD4i_R1,82.0,749353.0
CD4i_R1_D1_Rest_NTC-113,NTC-113,CE0008162,Rest,CD4i_R1,35.0,336471.0
CD4i_R1_D1_Rest_NTC-114,NTC-114,CE0008162,Rest,CD4i_R1,66.0,653273.0
CD4i_R1_D1_Rest_NTC-115,NTC-115,CE0008162,Rest,CD4i_R1,47.0,426005.0
CD4i_R1_D1_Rest_NTC-117,NTC-117,CE0008162,Rest,CD4i_R1,8.0,53393.0
CD4i_R1_D1_Rest_NTC-118,NTC-118,CE0008162,Rest,CD4i_R1,196.0,1760103.0
CD4i_R1_D1_Rest_NTC-120,NTC-120,CE0008162,Rest,CD4i_R1,8.0,95895.0
CD4i_R1_D1_Rest_NTC-123,NTC-123,CE0008162,Rest,CD4i_R1,143.0,1339382.0
CD4i_R1_D1_Rest_NTC-124,NTC-124,CE0008162,Rest,CD4i_R1,10.0,94750.0
CD4i_R1_D1_Rest_NTC-125,NTC-125,CE0008162,Rest,CD4i_R1,16.0,155688.0
CD4i_R1_D1_Rest_NTC-126,NTC-126,CE0008162,Rest,CD4i_R1,17.0,186729.0
CD4i_R1_D1_Rest_NTC-129,NTC-129,CE0008162,Rest,CD4i_R1,84.0,712423.0
CD4i_R1_D1_Rest_NTC-130,NTC-130,CE0008162,Rest,CD4i_R1,126.0,1101085.0
CD4i_R1_D1_Rest_NTC-131,NTC-131,CE0008162,Rest,CD4i_R1,157.0,1527939.0
CD4i_R1_D1_Rest_NTC-132,NTC-132,CE0008162,Rest,CD4i_R1,14.0,204176.0
CD4i_R1_D1_Rest_NTC-133,NTC-133,CE0008162,Rest,CD4i_R1,310.0,3007445.0
CD4i_R1_D1_Rest_NTC-134,NTC-134,CE0008162,Rest,CD4i_R1,19.0,228952.0
CD4i_R1_D1_Rest_NTC-136,NTC-136,CE0008162,Rest,CD4i_R1,54.0,464552.0
CD4i_R1_D1_Rest_NTC-137,NTC-137,CE0008162,Rest,CD4i_R1,54.0,447479.0
CD4i_R1_D1_Rest_NTC-138,NTC-138,CE0008162,Rest,CD4i_R1,20.0,180257.0
CD4i_R1_D1_Rest_NTC-139,NTC-139,CE0008162,Rest,CD4i_R1,136.0,1485921.0
CD4i_R1_D1_Rest_NTC-140,NTC-140,CE0008162,Rest,CD4i_R1,120.0,1033338.0
CD4i_R1_D1_Rest_NTC-141,NTC-141,CE0008162,Rest,CD4i_R1,53.0,510489.0
CD4i_R1_D1_Rest_NTC-142,NTC-142,CE0008162,Rest,CD4i_R1,93.0,887286.0
CD4i_R1_D1_Rest_NTC-143,NTC-143,CE0008162,Rest,CD4i_R1,91.0,694784.0
CD4i_R1_D1_Rest_NTC-144,NTC-144,CE0008162,Rest,CD4i_R1,31.0,317123.0
CD4i_R1_D1_Rest_NTC-146,NTC-146,CE0008162,Rest,CD4i_R1,44.0,400826.0
CD4i_R1_D1_Rest_NTC-147,NTC-147,CE0008162,Rest,CD4i_R1,34.0,350286.0
CD4i_R1_D1_Rest_NTC-148,NTC-148,CE0008162,Rest,CD4i_R1,55.0,498418.0
CD4i_R1_D1_Rest_NTC-149,NTC-149,CE0008162,Rest,CD4i_R1,195.0,1874604.0
CD4i_R1_D1_Rest_NTC-150,NTC-150,CE0008162,Rest,CD4i_R1,7.0,77419.0
CD4i_R1_D1_Rest_NTC-151,NTC-151,CE0008162,Rest,CD4i_R1,20.0,258091.0
CD4i_R1_D1_Rest_NTC-152,NTC-152,CE0008162,Rest,CD4i_R1,20.0,176498.0
CD4i_R1_D1_Rest_NTC-153,NTC-153,CE0008162,Rest,CD4i_R1,34.0,318816.0
CD4i_R1_D1_Rest_NTC-154,NTC-154,CE0008162,Rest,CD4i_R1,7.0,116685.0
CD4i_R1_D1_Rest_NTC-155,NTC-155,CE0008162,Rest,CD4i_R1,88.0,744164.0
CD4i_R1_D1_Rest_NTC-156,NTC-156,CE0008162,Rest,CD4i_R1,75.0,694853.0
CD4i_R1_D1_Rest_NTC-157,NTC-157,CE0008162,Rest,CD4i_R1,31.0,350651.0
CD4i_R1_D1_Rest_NTC-158,NTC-158,CE0008162,Rest,CD4i_R1,103.0,964547.0
CD4i_R1_D1_Rest_NTC-159,NTC-159,CE0008162,Rest,CD4i_R1,107.0,973604.0
CD4i_R1_D1_Rest_NTC-160,NTC-160,CE0008162,Rest,CD4i_R1,263.0,2395214.0
CD4i_R1_D1_Rest_NTC-161,NTC-161,CE0008162,Rest,CD4i_R1,30.0,264713.0
CD4i_R1_D1_Rest_NTC-163,NTC-163,CE0008162,Rest,CD4i_R1,139.0,1435929.0
CD4i_R1_D1_Rest_NTC-164,NTC-164,CE0008162,Rest,CD4i_R1,21.0,218532.0
CD4i_R1_D1_Rest_NTC-165,NTC-165,CE0008162,Rest,CD4i_R1,27.0,233715.0
CD4i_R1_D1_Rest_NTC-166,NTC-166,CE0008162,Rest,CD4i_R1,10.0,85120.0
CD4i_R1_D1_Rest_NTC-167,NTC-167,CE0008162,Rest,CD4i_R1,46.0,407118.0
CD4i_R1_D1_Rest_NTC-168,NTC-168,CE0008162,Rest,CD4i_R1,36.0,396632.0
CD4i_R1_D1_Rest_NTC-169,NTC-169,CE0008162,Rest,CD4i_R1,101.0,867074.0
CD4i_R1_D1_Rest_NTC-170,NTC-170,CE0008162,Rest,CD4i_R1,108.0,1019925.0
CD4i_R1_D1_Rest_NTC-171,NTC-171,CE0008162,Rest,CD4i_R1,50.0,547226.0
CD4i_R1_D1_Rest_NTC-172,NTC-172,CE0008162,Rest,CD4i_R1,5.0,46945.0
CD4i_R1_D1_Rest_NTC-173,NTC-173,CE0008162,Rest,CD4i_R1,54.0,415887.0
CD4i_R1_D1_Rest_NTC-174,NTC-174,CE0008162,Rest,CD4i_R1,147.0,1335175.0
CD4i_R1_D1_Rest_NTC-175,NTC-175,CE0008162,Rest,CD4i_R1,8.0,65295.0
CD4i_R1_D1_Rest_NTC-176,NTC-176,CE0008162,Rest,CD4i_R1,57.0,477337.0
CD4i_R1_D1_Rest_NTC-177,NTC-177,CE0008162,Rest,CD4i_R1,83.0,675609.0
CD4i_R1_D1_Rest_NTC-178,NTC-178,CE0008162,Rest,CD4i_R1,44.0,364331.0
CD4i_R1_D1_Rest_NTC-179,NTC-179,CE0008162,Rest,CD4i_R1,69.0,645463.0
CD4i_R1_D1_Rest_NTC-180,NTC-180,CE0008162,Rest,CD4i_R1,11.0,113792.0
CD4i_R1_D1_Rest_NTC-181,NTC-181,CE0008162,Rest,CD4i_R1,51.0,594921.0
CD4i_R1_D1_Rest_NTC-182,NTC-182,CE0008162,Rest,CD4i_R1,29.0,270965.0
CD4i_R1_D1_Rest_NTC-183,NTC-183,CE0008162,Rest,CD4i_R1,76.0,661201.0
CD4i_R1_D1_Rest_NTC-184,NTC-184,CE0008162,Rest,CD4i_R1,43.0,394450.0
CD4i_R1_D1_Rest_NTC-185,NTC-185,CE0008162,Rest,CD4i_R1,80.0,697014.0
CD4i_R1_D1_Rest_NTC-186,NTC-186,CE0008162,Rest,CD4i_R1,59.0,608013.0
CD4i_R1_D1_Rest_NTC-188,NTC-188,CE0008162,Rest,CD4i_R1,355.0,3549159.0
CD4i_R1_D1_Rest_NTC-189,NTC-189,CE0008162,Rest,CD4i_R1,28.0,257252.0
CD4i_R1_D1_Rest_NTC-190,NTC-190,CE0008162,Rest,CD4i_R1,20.0,206095.0
CD4i_R1_D1_Rest_NTC-192,NTC-192,CE0008162,Rest,CD4i_R1,40.0,360424.0
CD4i_R1_D1_Rest_NTC-193,NTC-193,CE0008162,Rest,CD4i_R1,19.0,176155.0
CD4i_R1_D1_Rest_NTC-194,NTC-194,CE0008162,Rest,CD4i_R1,46.0,560478.0
CD4i_R1_D1_Rest_NTC-195,NTC-195,CE0008162,Rest,CD4i_R1,103.0,988676.0
CD4i_R1_D1_Rest_NTC-196,NTC-196,CE0008162,Rest,CD4i_R1,222.0,1974877.0
CD4i_R1_D1_Rest_NTC-197,NTC-197,CE0008162,Rest,CD4i_R1,195.0,1861617.0
CD4i_R1_D1_Rest_NTC-200,NTC-200,CE0008162,Rest,CD4i_R1,7.0,64587.0
CD4i_R1_D1_Rest_NTC-201,NTC-201,CE0008162,Rest,CD4i_R1,42.0,356561.0
CD4i_R1_D1_Rest_NTC-202,NTC-202,CE0008162,Rest,CD4i_R1,254.0,2598971.0
CD4i_R1_D1_Rest_NTC-203,NTC-203,CE0008162,Rest,CD4i_R1,67.0,596908.0
CD4i_R1_D1_Rest_NTC-205,NTC-205,CE0008162,Rest,CD4i_R1,18.0,152283.0
CD4i_R1_D1_Rest_NTC-206,NTC-206,CE0008162,Rest,CD4i_R1,107.0,1001569.0
CD4i_R1_D1_Rest_NTC-207,NTC-207,CE0008162,Rest,CD4i_R1,161.0,1337355.0
CD4i_R1_D1_Rest_NTC-208,NTC-208,CE0008162,Rest,CD4i_R1,39.0,379882.0
CD4i_R1_D1_Rest_NTC-209,NTC-209,CE0008162,Rest,CD4i_R1,188.0,2043113.0
CD4i_R1_D1_Rest_NTC-210,NTC-210,CE0008162,Rest,CD4i_R1,114.0,968491.0
CD4i_R1_D1_Rest_NTC-211,NTC-211,CE0008162,Rest,CD4i_R1,101.0,855377.0
CD4i_R1_D1_Rest_NTC-212,NTC-212,CE0008162,Rest,CD4i_R1,5.0,32075.0
CD4i_R1_D1_Rest_NTC-213,NTC-213,CE0008162,Rest,CD4i_R1,74.0,665002.0
CD4i_R1_D1_Rest_NTC-214,NTC-214,CE0008162,Rest,CD4i_R1,210.0,1872170.0
CD4i_R1_D1_Rest_NTC-215,NTC-215,CE0008162,Rest,CD4i_R1,79.0,710872.0
CD4i_R1_D1_Rest_NTC-216,NTC-216,CE0008162,Rest,CD4i_R1,8.0,120894.0
CD4i_R1_D1_Rest_NTC-217,NTC-217,CE0008162,Rest,CD4i_R1,104.0,843083.0
CD4i_R1_D1_Rest_NTC-219,NTC-219,CE0008162,Rest,CD4i_R1,310.0,2692173.0
CD4i_R1_D1_Rest_NTC-220,NTC-220,CE0008162,Rest,CD4i_R1,82.0,742636.0
CD4i_R1_D1_Rest_NTC-221,NTC-221,CE0008162,Rest,CD4i_R1,76.0,921163.0
CD4i_R1_D1_Rest_NTC-222,NTC-222,CE0008162,Rest,CD4i_R1,55.0,538852.0
CD4i_R1_D1_Rest_NTC-224,NTC-224,CE0008162,Rest,CD4i_R1,54.0,430500.0
CD4i_R1_D1_Rest_NTC-225,NTC-225,CE0008162,Rest,CD4i_R1,86.0,775394.0
CD4i_R1_D1_Rest_NTC-226,NTC-226,CE0008162,Rest,CD4i_R1,15.0,205998.0
CD4i_R1_D1_Rest_NTC-227,NTC-227,CE0008162,Rest,CD4i_R1,56.0,573967.0
CD4i_R1_D1_Rest_NTC-228,NTC-228,CE0008162,Rest,CD4i_R1,60.0,653710.0
CD4i_R1_D1_Rest_NTC-229,NTC-229,CE0008162,Rest,CD4i_R1,399.0,3077963.0
CD4i_R1_D1_Rest_NTC-231,NTC-231,CE0008162,Rest,CD4i_R1,319.0,2942859.0
CD4i_R1_D1_Rest_NTC-233,NTC-233,CE0008162,Rest,CD4i_R1,18.0,140596.0
CD4i_R1_D1_Rest_NTC-234,NTC-234,CE0008162,Rest,CD4i_R1,21.0,188668.0
CD4i_R1_D1_Rest_NTC-235,NTC-235,CE0008162,Rest,CD4i_R1,28.0,309143.0
CD4i_R1_D1_Rest_NTC-236,NTC-236,CE0008162,Rest,CD4i_R1,248.0,2282742.0
CD4i_R1_D1_Rest_NTC-237,NTC-237,CE0008162,Rest,CD4i_R1,84.0,881857.0
CD4i_R1_D1_Rest_NTC-238,NTC-238,CE0008162,Rest,CD4i_R1,32.0,412712.0
CD4i_R1_D1_Rest_NTC-239,NTC-239,CE0008162,Rest,CD4i_R1,41.0,393140.0
CD4i_R1_D1_Rest_NTC-240,NTC-240,CE0008162,Rest,CD4i_R1,33.0,382078.0
CD4i_R1_D1_Rest_NTC-241,NTC-241,CE0008162,Rest,CD4i_R1,77.0,711647.0
CD4i_R1_D1_Rest_NTC-242,NTC-242,CE0008162,Rest,CD4i_R1,29.0,274701.0
CD4i_R1_D1_Rest_NTC-243,NTC-243,CE0008162,Rest,CD4i_R1,69.0,595341.0
CD4i_R1_D1_Rest_NTC-244,NTC-244,CE0008162,Rest,CD4i_R1,184.0,1655320.0
CD4i_R1_D1_Rest_NTC-245,NTC-245,CE0008162,Rest,CD4i_R1,63.0,507091.0
CD4i_R1_D1_Rest_NTC-246,NTC-246,CE0008162,Rest,CD4i_R1,93.0,758872.0
CD4i_R1_D1_Rest_NTC-247,NTC-247,CE0008162,Rest,CD4i_R1,45.0,469565.0
CD4i_R1_D1_Rest_NTC-248,NTC-248,CE0008162,Rest,CD4i_R1,49.0,402152.0
CD4i_R1_D1_Rest_NTC-249,NTC-249,CE0008162,Rest,CD4i_R1,55.0,518275.0
CD4i_R1_D1_Rest_NTC-250,NTC-250,CE0008162,Rest,CD4i_R1,106.0,877206.0
CD4i_R1_D1_Rest_NTC-251,NTC-251,CE0008162,Rest,CD4i_R1,64.0,585455.0
CD4i_R1_D1_Rest_NTC-252,NTC-252,CE0008162,Rest,CD4i_R1,197.0,1838971.0
CD4i_R1_D1_Rest_NTC-253,NTC-253,CE0008162,Rest,CD4i_R1,61.0,513257.0
CD4i_R1_D1_Rest_NTC-254,NTC-254,CE0008162,Rest,CD4i_R1,6.0,102704.0
CD4i_R1_D1_Rest_NTC-256,NTC-256,CE0008162,Rest,CD4i_R1,25.0,237757.0
CD4i_R1_D1_Rest_NTC-257,NTC-257,CE0008162,Rest,CD4i_R1,127.0,1274511.0
CD4i_R1_D1_Rest_NTC-258,NTC-258,CE0008162,Rest,CD4i_R1,14.0,133996.0
CD4i_R1_D1_Rest_NTC-260,NTC-260,CE0008162,Rest,CD4i_R1,143.0,1329213.0
CD4i_R1_D1_Rest_NTC-261,NTC-261,CE0008162,Rest,CD4i_R1,11.0,73282.0
CD4i_R1_D1_Rest_NTC-262,NTC-262,CE0008162,Rest,CD4i_R1,58.0,576281.0
CD4i_R1_D1_Rest_NTC-263,NTC-263,CE0008162,Rest,CD4i_R1,20.0,236988.0
CD4i_R1_D1_Rest_NTC-264,NTC-264,CE0008162,Rest,CD4i_R1,202.0,1718553.0
CD4i_R1_D1_Rest_NTC-265,NTC-265,CE0008162,Rest,CD4i_R1,70.0,780961.0
CD4i_R1_D1_Rest_NTC-267,NTC-267,CE0008162,Rest,CD4i_R1,5.0,40250.0
CD4i_R1_D1_Rest_NTC-268,NTC-268,CE0008162,Rest,CD4i_R1,61.0,537976.0
CD4i_R1_D1_Rest_NTC-269,NTC-269,CE0008162,Rest,CD4i_R1,18.0,158353.0
CD4i_R1_D1_Rest_NTC-270,NTC-270,CE0008162,Rest,CD4i_R1,64.0,655070.0
CD4i_R1_D1_Rest_NTC-271,NTC-271,CE0008162,Rest,CD4i_R1,156.0,1620460.0
CD4i_R1_D1_Rest_NTC-272,NTC-272,CE0008162,Rest,CD4i_R1,126.0,1197900.0
CD4i_R1_D1_Rest_NTC-273,NTC-273,CE0008162,Rest,CD4i_R1,12.0,105754.0
CD4i_R1_D1_Rest_NTC-274,NTC-274,CE0008162,Rest,CD4i_R1,36.0,334989.0
CD4i_R1_D1_Rest_NTC-275,NTC-275,CE0008162,Rest,CD4i_R1,103.0,884624.0
CD4i_R1_D1_Rest_NTC-276,NTC-276,CE0008162,Rest,CD4i_R1,26.0,231442.0
CD4i_R1_D1_Rest_NTC-277,NTC-277,CE0008162,Rest,CD4i_R1,57.0,471416.0
CD4i_R1_D1_Rest_NTC-278,NTC-278,CE0008162,Rest,CD4i_R1,92.0,768137.0
CD4i_R1_D1_Rest_NTC-279,NTC-279,CE0008162,Rest,CD4i_R1,135.0,1238968.0
CD4i_R1_D1_Rest_NTC-280,NTC-280,CE0008162,Rest,CD4i_R1,132.0,1056973.0
CD4i_R1_D1_Rest_NTC-281,NTC-281,CE0008162,Rest,CD4i_R1,198.0,1493580.0
CD4i_R1_D1_Rest_NTC-282,NTC-282,CE0008162,Rest,CD4i_R1,261.0,2412310.0
CD4i_R1_D1_Rest_NTC-283,NTC-283,CE0008162,Rest,CD4i_R1,24.0,210265.0
CD4i_R1_D1_Rest_NTC-285,NTC-285,CE0008162,Rest,CD4i_R1,107.0,1079320.0
CD4i_R1_D1_Rest_NTC-286,NTC-286,CE0008162,Rest,CD4i_R1,43.0,415642.0
CD4i_R1_D1_Rest_NTC-287,NTC-287,CE0008162,Rest,CD4i_R1,81.0,785249.0
CD4i_R1_D1_Rest_NTC-288,NTC-288,CE0008162,Rest,CD4i_R1,33.0,311633.0
CD4i_R1_D1_Rest_NTC-289,NTC-289,CE0008162,Rest,CD4i_R1,68.0,676169.0
CD4i_R1_D1_Rest_NTC-290,NTC-290,CE0008162,Rest,CD4i_R1,11.0,83995.0
CD4i_R1_D1_Rest_NTC-291,NTC-291,CE0008162,Rest,CD4i_R1,368.0,3442177.0
CD4i_R1_D1_Rest_NTC-292,NTC-292,CE0008162,Rest,CD4i_R1,50.0,473360.0
CD4i_R1_D1_Rest_NTC-293,NTC-293,CE0008162,Rest,CD4i_R1,43.0,453223.0
CD4i_R1_D1_Rest_NTC-294,NTC-294,CE0008162,Rest,CD4i_R1,8.0,97291.0
CD4i_R1_D1_Rest_NTC-295,NTC-295,CE0008162,Rest,CD4i_R1,12.0,110576.0
CD4i_R1_D1_Rest_NTC-296,NTC-296,CE0008162,Rest,CD4i_R1,291.0,3069744.0
CD4i_R1_D1_Rest_NTC-297,NTC-297,CE0008162,Rest,CD4i_R1,37.0,338066.0
CD4i_R1_D1_Rest_NTC-298,NTC-298,CE0008162,Rest,CD4i_R1,123.0,1083850.0
CD4i_R1_D1_Rest_NTC-299,NTC-299,CE0008162,Rest,CD4i_R1,124.0,1003174.0
CD4i_R1_D1_Rest_NTC-300,NTC-300,CE0008162,Rest,CD4i_R1,48.0,423788.0
CD4i_R1_D1_Rest_NTC-301,NTC-301,CE0008162,Rest,CD4i_R1,15.0,151329.0
CD4i_R1_D1_Rest_NTC-302,NTC-302,CE0008162,Rest,CD4i_R1,85.0,738969.0
CD4i_R1_D1_Rest_NTC-303,NTC-303,CE0008162,Rest,CD4i_R1,155.0,1392110.0
CD4i_R1_D1_Rest_NTC-304,NTC-304,CE0008162,Rest,CD4i_R1,78.0,820620.0
CD4i_R1_D1_Rest_NTC-305,NTC-305,CE0008162,Rest,CD4i_R1,61.0,451015.0
CD4i_R1_D1_Rest_NTC-306,NTC-306,CE0008162,Rest,CD4i_R1,75.0,707205.0
CD4i_R1_D1_Rest_NTC-307,NTC-307,CE0008162,Rest,CD4i_R1,93.0,917095.0
CD4i_R1_D1_Rest_NTC-309,NTC-309,CE0008162,Rest,CD4i_R1,129.0,1221697.0
CD4i_R1_D1_Rest_NTC-310,NTC-310,CE0008162,Rest,CD4i_R1,50.0,384319.0
CD4i_R1_D1_Rest_NTC-311,NTC-311,CE0008162,Rest,CD4i_R1,36.0,481404.0
CD4i_R1_D1_Rest_NTC-312,NTC-312,CE0008162,Rest,CD4i_R1,50.0,432426.0
CD4i_R1_D1_Rest_NTC-313,NTC-313,CE0008162,Rest,CD4i_R1,11.0,88279.0
CD4i_R1_D1_Rest_NTC-314,NTC-314,CE0008162,Rest,CD4i_R1,188.0,1720051.0
CD4i_R1_D1_Rest_NTC-315,NTC-315,CE0008162,Rest,CD4i_R1,153.0,1434652.0
CD4i_R1_D1_Rest_NTC-316,NTC-316,CE0008162,Rest,CD4i_R1,159.0,1507558.0
CD4i_R1_D1_Rest_NTC-317,NTC-317,CE0008162,Rest,CD4i_R1,61.0,645503.0
CD4i_R1_D1_Rest_NTC-318,NTC-318,CE0008162,Rest,CD4i_R1,18.0,153578.0
CD4i_R1_D1_Rest_NTC-319,NTC-319,CE0008162,Rest,CD4i_R1,49.0,492582.0
CD4i_R1_D1_Rest_NTC-320,NTC-320,CE0008162,Rest,CD4i_R1,25.0,205293.0
CD4i_R1_D1_Rest_NTC-321,NTC-321,CE0008162,Rest,CD4i_R1,38.0,297874.0
CD4i_R1_D1_Rest_NTC-322,NTC-322,CE0008162,Rest,CD4i_R1,53.0,496419.0
CD4i_R1_D1_Rest_NTC-323,NTC-323,CE0008162,Rest,CD4i_R1,322.0,3235299.0
CD4i_R1_D1_Rest_NTC-324,NTC-324,CE0008162,Rest,CD4i_R1,48.0,464843.0
CD4i_R1_D1_Rest_NTC-325,NTC-325,CE0008162,Rest,CD4i_R1,8.0,69333.0
CD4i_R1_D1_Rest_NTC-326,NTC-326,CE0008162,Rest,CD4i_R1,109.0,1157942.0
CD4i_R1_D1_Rest_NTC-327,NTC-327,CE0008162,Rest,CD4i_R1,19.0,174892.0
CD4i_R1_D1_Rest_NTC-329,NTC-329,CE0008162,Rest,CD4i_R1,8.0,113002.0
CD4i_R1_D1_Rest_NTC-331,NTC-331,CE0008162,Rest,CD4i_R1,39.0,367266.0
CD4i_R1_D1_Rest_NTC-332,NTC-332,CE0008162,Rest,CD4i_R1,42.0,382921.0
CD4i_R1_D1_Rest_NTC-333,NTC-333,CE0008162,Rest,CD4i_R1,50.0,495594.0
CD4i_R1_D1_Rest_NTC-334,NTC-334,CE0008162,Rest,CD4i_R1,130.0,1118365.0
CD4i_R1_D1_Rest_NTC-336,NTC-336,CE0008162,Rest,CD4i_R1,25.0,241596.0
CD4i_R1_D1_Rest_NTC-337,NTC-337,CE0008162,Rest,CD4i_R1,22.0,220814.0
CD4i_R1_D1_Rest_NTC-338,NTC-338,CE0008162,Rest,CD4i_R1,56.0,523008.0
CD4i_R1_D1_Rest_NTC-339,NTC-339,CE0008162,Rest,CD4i_R1,101.0,915961.0
CD4i_R1_D1_Rest_NTC-340,NTC-340,CE0008162,Rest,CD4i_R1,241.0,2117695.0
CD4i_R1_D1_Rest_NTC-341,NTC-341,CE0008162,Rest,CD4i_R1,115.0,1065797.0
CD4i_R1_D1_Rest_NTC-342,NTC-342,CE0008162,Rest,CD4i_R1,71.0,662723.0
CD4i_R1_D1_Rest_NTC-343,NTC-343,CE0008162,Rest,CD4i_R1,27.0,229840.0
CD4i_R1_D1_Rest_NTC-344,NTC-344,CE0008162,Rest,CD4i_R1,220.0,2316165.0
CD4i_R1_D1_Rest_NTC-345,NTC-345,CE0008162,Rest,CD4i_R1,147.0,1288830.0
CD4i_R1_D1_Rest_NTC-346,NTC-346,CE0008162,Rest,CD4i_R1,50.0,517087.0
CD4i_R1_D1_Rest_NTC-347,NTC-347,CE0008162,Rest,CD4i_R1,134.0,1171062.0
CD4i_R1_D1_Rest_NTC-348,NTC-348,CE0008162,Rest,CD4i_R1,90.0,941918.0
CD4i_R1_D1_Rest_NTC-349,NTC-349,CE0008162,Rest,CD4i_R1,12.0,136908.0
CD4i_R1_D1_Rest_NTC-351,NTC-351,CE0008162,Rest,CD4i_R1,103.0,837141.0
CD4i_R1_D1_Rest_NTC-352,NTC-352,CE0008162,Rest,CD4i_R1,23.0,162721.0
CD4i_R1_D1_Rest_NTC-353,NTC-353,CE0008162,Rest,CD4i_R1,34.0,258404.0
CD4i_R1_D1_Rest_NTC-354,NTC-354,CE0008162,Rest,CD4i_R1,33.0,346643.0
CD4i_R1_D1_Rest_NTC-355,NTC-355,CE0008162,Rest,CD4i_R1,189.0,1542293.0
CD4i_R1_D1_Rest_NTC-356,NTC-356,CE0008162,Rest,CD4i_R1,128.0,1020659.0
CD4i_R1_D1_Rest_NTC-357,NTC-357,CE0008162,Rest,CD4i_R1,298.0,2690858.0
CD4i_R1_D1_Rest_NTC-358,NTC-358,CE0008162,Rest,CD4i_R1,34.0,353029.0
CD4i_R1_D1_Rest_NTC-359,NTC-359,CE0008162,Rest,CD4i_R1,41.0,352968.0
CD4i_R1_D1_Rest_NTC-360,NTC-360,CE0008162,Rest,CD4i_R1,32.0,276398.0
CD4i_R1_D1_Rest_NTC-361,NTC-361,CE0008162,Rest,CD4i_R1,22.0,177526.0
CD4i_R1_D1_Rest_NTC-362,NTC-362,CE0008162,Rest,CD4i_R1,70.0,593943.0
CD4i_R1_D1_Rest_NTC-363,NTC-363,CE0008162,Rest,CD4i_R1,252.0,2528571.0
CD4i_R1_D1_Rest_NTC-365,NTC-365,CE0008162,Rest,CD4i_R1,61.0,552308.0
CD4i_R1_D1_Rest_NTC-366,NTC-366,CE0008162,Rest,CD4i_R1,76.0,741347.0
CD4i_R1_D1_Rest_NTC-367,NTC-367,CE0008162,Rest,CD4i_R1,156.0,1370496.0
CD4i_R1_D1_Rest_NTC-368,NTC-368,CE0008162,Rest,CD4i_R1,47.0,345952.0
CD4i_R1_D1_Rest_NTC-369,NTC-369,CE0008162,Rest,CD4i_R1,83.0,874275.0
CD4i_R1_D1_Rest_NTC-370,NTC-370,CE0008162,Rest,CD4i_R1,120.0,1133116.0
CD4i_R1_D1_Rest_NTC-371,NTC-371,CE0008162,Rest,CD4i_R1,63.0,512062.0
CD4i_R1_D1_Rest_NTC-372,NTC-372,CE0008162,Rest,CD4i_R1,93.0,923772.0
CD4i_R1_D1_Rest_NTC-373,NTC-373,CE0008162,Rest,CD4i_R1,25.0,275686.0
CD4i_R1_D1_Rest_NTC-374,NTC-374,CE0008162,Rest,CD4i_R1,107.0,939247.0
CD4i_R1_D1_Rest_NTC-375,NTC-375,CE0008162,Rest,CD4i_R1,44.0,376962.0
CD4i_R1_D1_Rest_NTC-376,NTC-376,CE0008162,Rest,CD4i_R1,15.0,127193.0
CD4i_R1_D1_Rest_NTC-377,NTC-377,CE0008162,Rest,CD4i_R1,77.0,701417.0
CD4i_R1_D1_Rest_NTC-378,NTC-378,CE0008162,Rest,CD4i_R1,18.0,178300.0
CD4i_R1_D1_Rest_NTC-379,NTC-379,CE0008162,Rest,CD4i_R1,54.0,482588.0
CD4i_R1_D1_Rest_NTC-380,NTC-380,CE0008162,Rest,CD4i_R1,14.0,150751.0
CD4i_R1_D1_Rest_NTC-381,NTC-381,CE0008162,Rest,CD4i_R1,14.0,105812.0
CD4i_R1_D1_Rest_NTC-382,NTC-382,CE0008162,Rest,CD4i_R1,81.0,740777.0
CD4i_R1_D1_Rest_NTC-384,NTC-384,CE0008162,Rest,CD4i_R1,17.0,106899.0
CD4i_R1_D1_Rest_NTC-386,NTC-386,CE0008162,Rest,CD4i_R1,84.0,700267.0
CD4i_R1_D1_Rest_NTC-387,NTC-387,CE0008162,Rest,CD4i_R1,238.0,2476467.0
CD4i_R1_D1_Rest_NTC-388,NTC-388,CE0008162,Rest,CD4i_R1,9.0,94360.0
CD4i_R1_D1_Rest_NTC-389,NTC-389,CE0008162,Rest,CD4i_R1,47.0,387257.0
CD4i_R1_D1_Rest_NTC-390,NTC-390,CE0008162,Rest,CD4i_R1,11.0,117265.0
CD4i_R1_D1_Rest_NTC-392,NTC-392,CE0008162,Rest,CD4i_R1,94.0,947719.0
CD4i_R1_D1_Rest_NTC-393,NTC-393,CE0008162,Rest,CD4i_R1,28.0,256245.0
CD4i_R1_D1_Rest_NTC-394,NTC-394,CE0008162,Rest,CD4i_R1,58.0,575161.0
CD4i_R1_D1_Rest_NTC-396,NTC-396,CE0008162,Rest,CD4i_R1,36.0,311594.0
CD4i_R1_D1_Rest_NTC-397,NTC-397,CE0008162,Rest,CD4i_R1,34.0,304324.0
CD4i_R1_D1_Rest_NTC-398,NTC-398,CE0008162,Rest,CD4i_R1,62.0,617343.0
CD4i_R1_D1_Rest_NTC-399,NTC-399,CE0008162,Rest,CD4i_R1,20.0,155925.0
CD4i_R1_D1_Rest_NTC-400,NTC-400,CE0008162,Rest,CD4i_R1,84.0,882065.0
CD4i_R1_D1_Rest_NTC-401,NTC-401,CE0008162,Rest,CD4i_R1,122.0,1095584.0
CD4i_R1_D1_Rest_NTC-402,NTC-402,CE0008162,Rest,CD4i_R1,106.0,897817.0
CD4i_R1_D1_Rest_NTC-403,NTC-403,CE0008162,Rest,CD4i_R1,203.0,1744023.0
CD4i_R1_D1_Rest_NTC-404,NTC-404,CE0008162,Rest,CD4i_R1,10.0,82371.0
CD4i_R1_D1_Rest_NTC-405,NTC-405,CE0008162,Rest,CD4i_R1,95.0,903215.0
CD4i_R1_D1_Rest_NTC-406,NTC-406,CE0008162,Rest,CD4i_R1,25.0,250357.0
CD4i_R1_D1_Rest_NTC-407,NTC-407,CE0008162,Rest,CD4i_R1,13.0,123135.0
CD4i_R1_D1_Rest_NTC-408,NTC-408,CE0008162,Rest,CD4i_R1,159.0,1376514.0
CD4i_R1_D1_Rest_NTC-409,NTC-409,CE0008162,Rest,CD4i_R1,69.0,730109.0
CD4i_R1_D1_Rest_NTC-410,NTC-410,CE0008162,Rest,CD4i_R1,38.0,421679.0
CD4i_R1_D1_Rest_NTC-411,NTC-411,CE0008162,Rest,CD4i_R1,34.0,436576.0
CD4i_R1_D1_Rest_NTC-412,NTC-412,CE0008162,Rest,CD4i_R1,23.0,234406.0
CD4i_R1_D1_Rest_NTC-413,NTC-413,CE0008162,Rest,CD4i_R1,19.0,147278.0
CD4i_R1_D1_Rest_NTC-414,NTC-414,CE0008162,Rest,CD4i_R1,127.0,1329119.0
CD4i_R1_D1_Rest_NTC-415,NTC-415,CE0008162,Rest,CD4i_R1,56.0,493982.0
CD4i_R1_D1_Rest_NTC-417,NTC-417,CE0008162,Rest,CD4i_R1,73.0,605304.0
CD4i_R1_D1_Rest_NTC-418,NTC-418,CE0008162,Rest,CD4i_R1,60.0,618434.0
CD4i_R1_D1_Rest_NTC-420,NTC-420,CE0008162,Rest,CD4i_R1,137.0,1152330.0
CD4i_R1_D1_Rest_NTC-421,NTC-421,CE0008162,Rest,CD4i_R1,18.0,123256.0
CD4i_R1_D1_Rest_NTC-422,NTC-422,CE0008162,Rest,CD4i_R1,7.0,72650.0
CD4i_R1_D1_Rest_NTC-423,NTC-423,CE0008162,Rest,CD4i_R1,36.0,338398.0
CD4i_R1_D1_Rest_NTC-424,NTC-424,CE0008162,Rest,CD4i_R1,60.0,614060.0
CD4i_R1_D1_Rest_NTC-425,NTC-425,CE0008162,Rest,CD4i_R1,325.0,2716987.0
CD4i_R1_D1_Rest_NTC-426,NTC-426,CE0008162,Rest,CD4i_R1,66.0,598138.0
CD4i_R1_D1_Rest_NTC-427,NTC-427,CE0008162,Rest,CD4i_R1,64.0,569262.0
CD4i_R1_D1_Rest_NTC-428,NTC-428,CE0008162,Rest,CD4i_R1,79.0,889490.0
CD4i_R1_D1_Rest_NTC-429,NTC-429,CE0008162,Rest,CD4i_R1,6.0,49288.0
CD4i_R1_D1_Rest_NTC-430,NTC-430,CE0008162,Rest,CD4i_R1,129.0,1251363.0
CD4i_R1_D1_Rest_NTC-431,NTC-431,CE0008162,Rest,CD4i_R1,53.0,524608.0
CD4i_R1_D1_Rest_NTC-432,NTC-432,CE0008162,Rest,CD4i_R1,92.0,969790.0
CD4i_R1_D1_Rest_NTC-433,NTC-433,CE0008162,Rest,CD4i_R1,24.0,208560.0
CD4i_R1_D1_Rest_NTC-434,NTC-434,CE0008162,Rest,CD4i_R1,11.0,111125.0
CD4i_R1_D1_Rest_NTC-435,NTC-435,CE0008162,Rest,CD4i_R1,39.0,334776.0
CD4i_R1_D1_Rest_NTC-436,NTC-436,CE0008162,Rest,CD4i_R1,312.0,3253200.0
CD4i_R1_D1_Rest_NTC-437,NTC-437,CE0008162,Rest,CD4i_R1,54.0,452807.0
CD4i_R1_D1_Rest_NTC-438,NTC-438,CE0008162,Rest,CD4i_R1,22.0,172977.0
CD4i_R1_D1_Rest_NTC-439,NTC-439,CE0008162,Rest,CD4i_R1,18.0,145120.0
CD4i_R1_D1_Rest_NTC-440,NTC-440,CE0008162,Rest,CD4i_R1,26.0,215988.0
CD4i_R1_D1_Rest_NTC-441,NTC-441,CE0008162,Rest,CD4i_R1,221.0,2240089.0
CD4i_R1_D1_Rest_NTC-442,NTC-442,CE0008162,Rest,CD4i_R1,40.0,350232.0
CD4i_R1_D1_Rest_NTC-443,NTC-443,CE0008162,Rest,CD4i_R1,50.0,503413.0
CD4i_R1_D1_Rest_NTC-444,NTC-444,CE0008162,Rest,CD4i_R1,130.0,1340098.0
CD4i_R1_D1_Rest_NTC-445,NTC-445,CE0008162,Rest,CD4i_R1,77.0,714698.0
CD4i_R1_D1_Rest_NTC-446,NTC-446,CE0008162,Rest,CD4i_R1,146.0,1439093.0
CD4i_R1_D1_Rest_NTC-447,NTC-447,CE0008162,Rest,CD4i_R1,35.0,313740.0
CD4i_R1_D1_Rest_NTC-448,NTC-448,CE0008162,Rest,CD4i_R1,9.0,94814.0
CD4i_R1_D1_Rest_NTC-449,NTC-449,CE0008162,Rest,CD4i_R1,62.0,599942.0
CD4i_R1_D1_Rest_NTC-451,NTC-451,CE0008162,Rest,CD4i_R1,8.0,63511.0
CD4i_R1_D1_Rest_NTC-452,NTC-452,CE0008162,Rest,CD4i_R1,37.0,317373.0
CD4i_R1_D1_Rest_NTC-453,NTC-453,CE0008162,Rest,CD4i_R1,62.0,518273.0
CD4i_R1_D1_Rest_NTC-454,NTC-454,CE0008162,Rest,CD4i_R1,32.0,301761.0
CD4i_R1_D1_Rest_NTC-455,NTC-455,CE0008162,Rest,CD4i_R1,30.0,241109.0
CD4i_R1_D1_Rest_NTC-456,NTC-456,CE0008162,Rest,CD4i_R1,26.0,250371.0
CD4i_R1_D1_Rest_NTC-457,NTC-457,CE0008162,Rest,CD4i_R1,86.0,626697.0
CD4i_R1_D1_Rest_NTC-458,NTC-458,CE0008162,Rest,CD4i_R1,81.0,837548.0
CD4i_R1_D1_Rest_NTC-459,NTC-459,CE0008162,Rest,CD4i_R1,51.0,479563.0
CD4i_R1_D1_Rest_NTC-460,NTC-460,CE0008162,Rest,CD4i_R1,183.0,1722253.0
CD4i_R1_D1_Rest_NTC-461,NTC-461,CE0008162,Rest,CD4i_R1,227.0,2304476.0
CD4i_R1_D1_Rest_NTC-462,NTC-462,CE0008162,Rest,CD4i_R1,161.0,1622381.0
CD4i_R1_D1_Rest_NTC-463,NTC-463,CE0008162,Rest,CD4i_R1,59.0,662634.0
CD4i_R1_D1_Rest_NTC-464,NTC-464,CE0008162,Rest,CD4i_R1,12.0,95563.0
CD4i_R1_D1_Rest_NTC-465,NTC-465,CE0008162,Rest,CD4i_R1,106.0,1076636.0
CD4i_R1_D1_Rest_NTC-466,NTC-466,CE0008162,Rest,CD4i_R1,176.0,1453022.0
CD4i_R1_D1_Rest_NTC-467,NTC-467,CE0008162,Rest,CD4i_R1,35.0,375040.0
CD4i_R1_D1_Rest_NTC-468,NTC-468,CE0008162,Rest,CD4i_R1,159.0,1853936.0
CD4i_R1_D1_Rest_NTC-469,NTC-469,CE0008162,Rest,CD4i_R1,33.0,315028.0
CD4i_R1_D1_Rest_NTC-470,NTC-470,CE0008162,Rest,CD4i_R1,64.0,584579.0
CD4i_R1_D1_Rest_NTC-471,NTC-471,CE0008162,Rest,CD4i_R1,194.0,1611990.0
CD4i_R1_D1_Rest_NTC-473,NTC-473,CE0008162,Rest,CD4i_R1,88.0,942231.0
CD4i_R1_D1_Rest_NTC-474,NTC-474,CE0008162,Rest,CD4i_R1,32.0,350616.0
CD4i_R1_D1_Rest_NTC-475,NTC-475,CE0008162,Rest,CD4i_R1,88.0,833827.0
CD4i_R1_D1_Rest_NTC-476,NTC-476,CE0008162,Rest,CD4i_R1,20.0,179329.0
CD4i_R1_D1_Rest_NTC-477,NTC-477,CE0008162,Rest,CD4i_R1,74.0,673374.0
CD4i_R1_D1_Rest_NTC-478,NTC-478,CE0008162,Rest,CD4i_R1,121.0,1197594.0
CD4i_R1_D1_Rest_NTC-479,NTC-479,CE0008162,Rest,CD4i_R1,165.0,1500920.0
CD4i_R1_D1_Rest_NTC-482,NTC-482,CE0008162,Rest,CD4i_R1,70.0,540158.0
CD4i_R1_D1_Rest_NTC-483,NTC-483,CE0008162,Rest,CD4i_R1,30.0,305354.0
CD4i_R1_D1_Rest_NTC-484,NTC-484,CE0008162,Rest,CD4i_R1,81.0,685018.0
CD4i_R1_D1_Rest_NTC-485,NTC-485,CE0008162,Rest,CD4i_R1,324.0,3176638.0
CD4i_R1_D1_Rest_NTC-486,NTC-486,CE0008162,Rest,CD4i_R1,16.0,256052.0
CD4i_R1_D1_Rest_NTC-488,NTC-488,CE0008162,Rest,CD4i_R1,98.0,880148.0
CD4i_R1_D1_Rest_NTC-489,NTC-489,CE0008162,Rest,CD4i_R1,217.0,1872369.0
CD4i_R1_D1_Rest_NTC-491,NTC-491,CE0008162,Rest,CD4i_R1,6.0,73541.0
CD4i_R1_D1_Rest_NTC-492,NTC-492,CE0008162,Rest,CD4i_R1,22.0,221963.0
CD4i_R1_D1_Rest_NTC-493,NTC-493,CE0008162,Rest,CD4i_R1,100.0,854486.0
CD4i_R1_D1_Rest_NTC-495,NTC-495,CE0008162,Rest,CD4i_R1,74.0,714648.0
CD4i_R1_D1_Rest_NTC-496,NTC-496,CE0008162,Rest,CD4i_R1,94.0,647616.0
CD4i_R1_D1_Rest_NTC-497,NTC-497,CE0008162,Rest,CD4i_R1,25.0,278934.0
CD4i_R1_D1_Rest_NTC-498,NTC-498,CE0008162,Rest,CD4i_R1,286.0,2850637.0
CD4i_R1_D1_Rest_NTC-499,NTC-499,CE0008162,Rest,CD4i_R1,157.0,1371233.0
CD4i_R1_D1_Rest_NTC-500,NTC-500,CE0008162,Rest,CD4i_R1,23.0,208621.0
CD4i_R1_D1_Rest_NTC-502,NTC-502,CE0008162,Rest,CD4i_R1,66.0,522099.0
CD4i_R1_D1_Rest_NTC-503,NTC-503,CE0008162,Rest,CD4i_R1,106.0,928281.0
CD4i_R1_D1_Rest_NTC-504,NTC-504,CE0008162,Rest,CD4i_R1,66.0,690182.0
CD4i_R1_D1_Rest_NTC-505,NTC-505,CE0008162,Rest,CD4i_R1,20.0,136182.0
CD4i_R1_D1_Rest_NTC-506,NTC-506,CE0008162,Rest,CD4i_R1,153.0,1586114.0
CD4i_R1_D1_Rest_NTC-507,NTC-507,CE0008162,Rest,CD4i_R1,130.0,1224285.0
CD4i_R1_D1_Rest_NTC-508,NTC-508,CE0008162,Rest,CD4i_R1,28.0,267872.0
CD4i_R1_D1_Rest_NTC-509,NTC-509,CE0008162,Rest,CD4i_R1,60.0,600962.0
CD4i_R1_D1_Rest_NTC-511,NTC-511,CE0008162,Rest,CD4i_R1,45.0,389404.0
CD4i_R1_D1_Rest_NTC-512,NTC-512,CE0008162,Rest,CD4i_R1,123.0,1031969.0
CD4i_R1_D1_Rest_NTC-513,NTC-513,CE0008162,Rest,CD4i_R1,117.0,978893.0
CD4i_R1_D1_Rest_NTC-514,NTC-514,CE0008162,Rest,CD4i_R1,29.0,238935.0
CD4i_R1_D1_Rest_NTC-515,NTC-515,CE0008162,Rest,CD4i_R1,51.0,459372.0
CD4i_R1_D1_Rest_NTC-517,NTC-517,CE0008162,Rest,CD4i_R1,103.0,1042675.0
CD4i_R1_D1_Rest_NTC-519,NTC-519,CE0008162,Rest,CD4i_R1,16.0,147090.0
CD4i_R1_D1_Rest_NTC-520,NTC-520,CE0008162,Rest,CD4i_R1,21.0,264137.0
CD4i_R1_D1_Rest_NTC-521,NTC-521,CE0008162,Rest,CD4i_R1,100.0,986184.0
CD4i_R1_D1_Rest_NTC-522,NTC-522,CE0008162,Rest,CD4i_R1,32.0,251427.0
CD4i_R1_D1_Rest_NTC-523,NTC-523,CE0008162,Rest,CD4i_R1,72.0,716183.0
CD4i_R1_D1_Rest_NTC-524,NTC-524,CE0008162,Rest,CD4i_R1,35.0,260860.0
CD4i_R1_D1_Rest_NTC-525,NTC-525,CE0008162,Rest,CD4i_R1,48.0,369786.0
CD4i_R1_D1_Rest_NTC-526,NTC-526,CE0008162,Rest,CD4i_R1,78.0,779923.0
CD4i_R1_D1_Rest_NTC-527,NTC-527,CE0008162,Rest,CD4i_R1,32.0,224473.0
CD4i_R1_D1_Rest_NTC-528,NTC-528,CE0008162,Rest,CD4i_R1,121.0,1068434.0
CD4i_R1_D1_Rest_NTC-529,NTC-529,CE0008162,Rest,CD4i_R1,52.0,493682.0
CD4i_R1_D1_Rest_NTC-530,NTC-530,CE0008162,Rest,CD4i_R1,211.0,2162936.0
CD4i_R1_D1_Rest_NTC-531,NTC-531,CE0008162,Rest,CD4i_R1,26.0,211303.0
CD4i_R1_D1_Rest_NTC-532,NTC-532,CE0008162,Rest,CD4i_R1,150.0,1361714.0
CD4i_R1_D1_Rest_NTC-533,NTC-533,CE0008162,Rest,CD4i_R1,29.0,308328.0
CD4i_R1_D1_Rest_NTC-534,NTC-534,CE0008162,Rest,CD4i_R1,11.0,100760.0
CD4i_R1_D1_Rest_NTC-535,NTC-535,CE0008162,Rest,CD4i_R1,50.0,444310.0
CD4i_R1_D1_Rest_NTC-536,NTC-536,CE0008162,Rest,CD4i_R1,74.0,658016.0
CD4i_R1_D1_Rest_NTC-537,NTC-537,CE0008162,Rest,CD4i_R1,76.0,746230.0
CD4i_R1_D1_Rest_NTC-538,NTC-538,CE0008162,Rest,CD4i_R1,158.0,1449547.0
CD4i_R1_D1_Rest_NTC-539,NTC-539,CE0008162,Rest,CD4i_R1,144.0,1226919.0
CD4i_R1_D1_Rest_NTC-540,NTC-540,CE0008162,Rest,CD4i_R1,50.0,441767.0
CD4i_R1_D1_Rest_NTC-541,NTC-541,CE0008162,Rest,CD4i_R1,28.0,312766.0
CD4i_R1_D1_Rest_NTC-542,NTC-542,CE0008162,Rest,CD4i_R1,267.0,2463732.0
CD4i_R1_D1_Rest_NTC-544,NTC-544,CE0008162,Rest,CD4i_R1,23.0,222606.0
CD4i_R1_D1_Rest_NTC-545,NTC-545,CE0008162,Rest,CD4i_R1,218.0,2058405.0
CD4i_R1_D1_Rest_NTC-546,NTC-546,CE0008162,Rest,CD4i_R1,116.0,987158.0
CD4i_R1_D1_Rest_NTC-547,NTC-547,CE0008162,Rest,CD4i_R1,79.0,724937.0
CD4i_R1_D1_Rest_NTC-548,NTC-548,CE0008162,Rest,CD4i_R1,60.0,661915.0
CD4i_R1_D1_Rest_NTC-549,NTC-549,CE0008162,Rest,CD4i_R1,273.0,2324514.0
CD4i_R1_D1_Rest_NTC-550,NTC-550,CE0008162,Rest,CD4i_R1,127.0,1171524.0
CD4i_R1_D1_Rest_NTC-551,NTC-551,CE0008162,Rest,CD4i_R1,78.0,685043.0
CD4i_R1_D1_Rest_NTC-552,NTC-552,CE0008162,Rest,CD4i_R1,60.0,595593.0
CD4i_R1_D1_Rest_NTC-553,NTC-553,CE0008162,Rest,CD4i_R1,96.0,864805.0
CD4i_R1_D1_Rest_NTC-554,NTC-554,CE0008162,Rest,CD4i_R1,52.0,621389.0
CD4i_R1_D1_Rest_NTC-555,NTC-555,CE0008162,Rest,CD4i_R1,50.0,455621.0
CD4i_R1_D1_Rest_NTC-557,NTC-557,CE0008162,Rest,CD4i_R1,59.0,466224.0
CD4i_R1_D1_Rest_NTC-558,NTC-558,CE0008162,Rest,CD4i_R1,23.0,227302.0
CD4i_R1_D1_Rest_NTC-559,NTC-559,CE0008162,Rest,CD4i_R1,27.0,268603.0
CD4i_R1_D1_Rest_NTC-560,NTC-560,CE0008162,Rest,CD4i_R1,96.0,793846.0
CD4i_R1_D1_Rest_NTC-561,NTC-561,CE0008162,Rest,CD4i_R1,66.0,548873.0
CD4i_R1_D1_Rest_NTC-562,NTC-562,CE0008162,Rest,CD4i_R1,47.0,434892.0
CD4i_R1_D1_Rest_NTC-563,NTC-563,CE0008162,Rest,CD4i_R1,133.0,1632588.0
CD4i_R1_D1_Rest_NTC-564,NTC-564,CE0008162,Rest,CD4i_R1,75.0,662363.0
CD4i_R1_D1_Rest_NTC-565,NTC-565,CE0008162,Rest,CD4i_R1,98.0,898516.0
CD4i_R1_D1_Rest_NTC-566,NTC-566,CE0008162,Rest,CD4i_R1,72.0,644542.0
CD4i_R1_D1_Rest_NTC-567,NTC-567,CE0008162,Rest,CD4i_R1,214.0,1735664.0
CD4i_R1_D1_Rest_NTC-568,NTC-568,CE0008162,Rest,CD4i_R1,13.0,99157.0
CD4i_R1_D1_Rest_NTC-569,NTC-569,CE0008162,Rest,CD4i_R1,13.0,93641.0
CD4i_R1_D1_Rest_NTC-571,NTC-571,CE0008162,Rest,CD4i_R1,30.0,241144.0
CD4i_R1_D1_Rest_NTC-572,NTC-572,CE0008162,Rest,CD4i_R1,39.0,356169.0
CD4i_R1_D1_Rest_NTC-573,NTC-573,CE0008162,Rest,CD4i_R1,187.0,1686883.0
CD4i_R1_D1_Rest_NTC-574,NTC-574,CE0008162,Rest,CD4i_R1,345.0,3108852.0
CD4i_R1_D1_Rest_NTC-575,NTC-575,CE0008162,Rest,CD4i_R1,32.0,371080.0
CD4i_R1_D1_Rest_NTC-576,NTC-576,CE0008162,Rest,CD4i_R1,12.0,86164.0
CD4i_R1_D1_Rest_NTC-577,NTC-577,CE0008162,Rest,CD4i_R1,139.0,1369018.0
CD4i_R1_D1_Rest_NTC-578,NTC-578,CE0008162,Rest,CD4i_R1,34.0,402778.0
CD4i_R1_D1_Rest_NTC-579,NTC-579,CE0008162,Rest,CD4i_R1,30.0,309028.0
CD4i_R1_D1_Rest_NTC-580,NTC-580,CE0008162,Rest,CD4i_R1,35.0,359700.0
CD4i_R1_D1_Rest_NTC-581,NTC-581,CE0008162,Rest,CD4i_R1,331.0,3094194.0
CD4i_R1_D1_Rest_NTC-582,NTC-582,CE0008162,Rest,CD4i_R1,139.0,1102919.0
CD4i_R1_D1_Rest_NTC-583,NTC-583,CE0008162,Rest,CD4i_R1,69.0,608034.0
CD4i_R1_D1_Rest_NTC-584,NTC-584,CE0008162,Rest,CD4i_R1,369.0,3507053.0
CD4i_R1_D1_Rest_NTC-585,NTC-585,CE0008162,Rest,CD4i_R1,11.0,79524.0
CD4i_R1_D1_Rest_NTC-586,NTC-586,CE0008162,Rest,CD4i_R1,60.0,574699.0
CD4i_R1_D1_Rest_NTC-587,NTC-587,CE0008162,Rest,CD4i_R1,51.0,660233.0
CD4i_R1_D1_Rest_NTC-588,NTC-588,CE0008162,Rest,CD4i_R1,178.0,1513837.0
CD4i_R1_D1_Rest_NTC-589,NTC-589,CE0008162,Rest,CD4i_R1,26.0,220646.0
CD4i_R1_D1_Rest_NTC-590,NTC-590,CE0008162,Rest,CD4i_R1,23.0,233298.0
CD4i_R1_D1_Rest_NTC-591,NTC-591,CE0008162,Rest,CD4i_R1,12.0,76807.0
CD4i_R1_D1_Rest_NTC-592,NTC-592,CE0008162,Rest,CD4i_R1,26.0,235925.0
CD4i_R1_D1_Rest_NTC-593,NTC-593,CE0008162,Rest,CD4i_R1,187.0,1686157.0
CD4i_R1_D1_Rest_NTC-594,NTC-594,CE0008162,Rest,CD4i_R1,29.0,277094.0
CD4i_R1_D1_Rest_NTC-595,NTC-595,CE0008162,Rest,CD4i_R1,58.0,460611.0
CD4i_R1_D1_Rest_NTC-596,NTC-596,CE0008162,Rest,CD4i_R1,30.0,424874.0
CD4i_R1_D1_Rest_NTC-597,NTC-597,CE0008162,Rest,CD4i_R1,17.0,159555.0
CD4i_R1_D1_Rest_NTC-598,NTC-598,CE0008162,Rest,CD4i_R1,57.0,603592.0
CD4i_R1_D1_Rest_NTC-599,NTC-599,CE0008162,Rest,CD4i_R1,47.0,464608.0
CD4i_R1_D1_Rest_NTC-601,NTC-601,CE0008162,Rest,CD4i_R1,109.0,1108648.0
CD4i_R1_D1_Rest_NTC-602,NTC-602,CE0008162,Rest,CD4i_R1,86.0,779366.0
CD4i_R1_D1_Rest_NTC-603,NTC-603,CE0008162,Rest,CD4i_R1,38.0,395569.0
CD4i_R1_D1_Rest_NTC-604,NTC-604,CE0008162,Rest,CD4i_R1,34.0,384401.0
CD4i_R1_D1_Rest_NTC-605,NTC-605,CE0008162,Rest,CD4i_R1,126.0,1255785.0
CD4i_R1_D1_Rest_NTC-606,NTC-606,CE0008162,Rest,CD4i_R1,72.0,797505.0
CD4i_R1_D1_Rest_NTC-607,NTC-607,CE0008162,Rest,CD4i_R1,7.0,84214.0
CD4i_R1_D1_Rest_NTC-608,NTC-608,CE0008162,Rest,CD4i_R1,29.0,326725.0
CD4i_R1_D1_Rest_NTC-609,NTC-609,CE0008162,Rest,CD4i_R1,33.0,361744.0
CD4i_R1_D1_Rest_NTC-610,NTC-610,CE0008162,Rest,CD4i_R1,188.0,1722664.0
CD4i_R1_D1_Rest_NTC-611,NTC-611,CE0008162,Rest,CD4i_R1,75.0,708621.0
CD4i_R1_D1_Rest_NTC-612,NTC-612,CE0008162,Rest,CD4i_R1,10.0,154922.0
CD4i_R1_D1_Rest_NTC-613,NTC-613,CE0008162,Rest,CD4i_R1,17.0,187738.0
CD4i_R1_D1_Rest_NTC-614,NTC-614,CE0008162,Rest,CD4i_R1,63.0,614617.0
CD4i_R1_D1_Rest_NTC-615,NTC-615,CE0008162,Rest,CD4i_R1,29.0,292753.0
CD4i_R1_D1_Rest_NTC-616,NTC-616,CE0008162,Rest,CD4i_R1,110.0,1007639.0
CD4i_R1_D1_Rest_NTC-617,NTC-617,CE0008162,Rest,CD4i_R1,36.0,385097.0
CD4i_R1_D1_Rest_NTC-618,NTC-618,CE0008162,Rest,CD4i_R1,67.0,585069.0
CD4i_R1_D1_Rest_NTC-619,NTC-619,CE0008162,Rest,CD4i_R1,161.0,1298040.0
CD4i_R1_D1_Rest_NTC-620,NTC-620,CE0008162,Rest,CD4i_R1,56.0,525274.0
CD4i_R1_D1_Rest_NTC-621,NTC-621,CE0008162,Rest,CD4i_R1,18.0,213860.0
CD4i_R1_D1_Rest_NTC-622,NTC-622,CE0008162,Rest,CD4i_R1,134.0,1393965.0
CD4i_R1_D1_Rest_NTC-623,NTC-623,CE0008162,Rest,CD4i_R1,270.0,2331573.0
CD4i_R1_D1_Rest_NTC-624,NTC-624,CE0008162,Rest,CD4i_R1,32.0,241644.0
CD4i_R1_D1_Rest_NTC-625,NTC-625,CE0008162,Rest,CD4i_R1,104.0,971034.0
CD4i_R1_D1_Rest_NTC-626,NTC-626,CE0008162,Rest,CD4i_R1,11.0,140189.0
CD4i_R1_D1_Rest_NTC-627,NTC-627,CE0008162,Rest,CD4i_R1,39.0,335818.0
CD4i_R1_D1_Rest_NTC-629,NTC-629,CE0008162,Rest,CD4i_R1,172.0,1970693.0
CD4i_R1_D1_Rest_NTC-630,NTC-630,CE0008162,Rest,CD4i_R1,83.0,770387.0
CD4i_R1_D1_Rest_NTC-631,NTC-631,CE0008162,Rest,CD4i_R1,59.0,482372.0
CD4i_R1_D1_Rest_NTC-632,NTC-632,CE0008162,Rest,CD4i_R1,134.0,1144390.0
CD4i_R1_D1_Rest_NTC-633,NTC-633,CE0008162,Rest,CD4i_R1,149.0,1334182.0
CD4i_R1_D1_Rest_NTC-634,NTC-634,CE0008162,Rest,CD4i_R1,247.0,2172674.0
CD4i_R1_D1_Rest_NTC-635,NTC-635,CE0008162,Rest,CD4i_R1,70.0,861771.0
CD4i_R1_D1_Rest_NTC-636,NTC-636,CE0008162,Rest,CD4i_R1,7.0,80845.0
CD4i_R1_D1_Rest_NTC-637,NTC-637,CE0008162,Rest,CD4i_R1,50.0,459186.0
CD4i_R1_D1_Rest_NTC-638,NTC-638,CE0008162,Rest,CD4i_R1,255.0,2389138.0
CD4i_R1_D1_Rest_NTC-639,NTC-639,CE0008162,Rest,CD4i_R1,48.0,494943.0
CD4i_R1_D1_Rest_NTC-640,NTC-640,CE0008162,Rest,CD4i_R1,84.0,822356.0
CD4i_R1_D1_Rest_NTC-641,NTC-641,CE0008162,Rest,CD4i_R1,132.0,1167334.0
CD4i_R1_D1_Rest_NTC-642,NTC-642,CE0008162,Rest,CD4i_R1,141.0,1201899.0
CD4i_R1_D1_Rest_NTC-643,NTC-643,CE0008162,Rest,CD4i_R1,59.0,441693.0
CD4i_R1_D1_Rest_NTC-644,NTC-644,CE0008162,Rest,CD4i_R1,60.0,534006.0
CD4i_R1_D1_Rest_NTC-646,NTC-646,CE0008162,Rest,CD4i_R1,43.0,380552.0
CD4i_R1_D1_Rest_NTC-647,NTC-647,CE0008162,Rest,CD4i_R1,17.0,162172.0
CD4i_R1_D1_Rest_NTC-649,NTC-649,CE0008162,Rest,CD4i_R1,26.0,261447.0
CD4i_R1_D1_Rest_NTC-650,NTC-650,CE0008162,Rest,CD4i_R1,101.0,837889.0
CD4i_R1_D1_Rest_NTC-651,NTC-651,CE0008162,Rest,CD4i_R1,19.0,207726.0
CD4i_R1_D1_Rest_NTC-652,NTC-652,CE0008162,Rest,CD4i_R1,69.0,581462.0
CD4i_R1_D1_Rest_NTC-653,NTC-653,CE0008162,Rest,CD4i_R1,20.0,167734.0
CD4i_R1_D1_Rest_NTC-654,NTC-654,CE0008162,Rest,CD4i_R1,152.0,1260211.0
CD4i_R1_D1_Rest_NTC-655,NTC-655,CE0008162,Rest,CD4i_R1,14.0,152051.0
CD4i_R1_D1_Rest_NTC-656,NTC-656,CE0008162,Rest,CD4i_R1,31.0,263458.0
CD4i_R1_D1_Rest_NTC-657,NTC-657,CE0008162,Rest,CD4i_R1,10.0,107381.0
CD4i_R1_D1_Rest_NTC-658,NTC-658,CE0008162,Rest,CD4i_R1,20.0,147003.0
CD4i_R1_D1_Rest_NTC-659,NTC-659,CE0008162,Rest,CD4i_R1,7.0,127703.0
CD4i_R1_D1_Rest_NTC-660,NTC-660,CE0008162,Rest,CD4i_R1,12.0,122639.0
CD4i_R1_D1_Rest_NTC-661,NTC-661,CE0008162,Rest,CD4i_R1,19.0,188268.0
CD4i_R1_D1_Rest_NTC-663,NTC-663,CE0008162,Rest,CD4i_R1,104.0,880364.0
CD4i_R1_D1_Rest_NTC-664,NTC-664,CE0008162,Rest,CD4i_R1,31.0,221184.0
CD4i_R1_D1_Rest_NTC-665,NTC-665,CE0008162,Rest,CD4i_R1,67.0,585785.0
CD4i_R1_D1_Rest_NTC-666,NTC-666,CE0008162,Rest,CD4i_R1,84.0,813789.0
CD4i_R1_D1_Rest_NTC-667,NTC-667,CE0008162,Rest,CD4i_R1,219.0,1911723.0
CD4i_R1_D1_Rest_NTC-668,NTC-668,CE0008162,Rest,CD4i_R1,44.0,438016.0
CD4i_R1_D1_Rest_NTC-669,NTC-669,CE0008162,Rest,CD4i_R1,37.0,350419.0
CD4i_R1_D1_Rest_NTC-671,NTC-671,CE0008162,Rest,CD4i_R1,18.0,172456.0
CD4i_R1_D1_Rest_NTC-672,NTC-672,CE0008162,Rest,CD4i_R1,42.0,402941.0
CD4i_R1_D1_Rest_NTC-673,NTC-673,CE0008162,Rest,CD4i_R1,100.0,1008584.0
CD4i_R1_D1_Rest_NTC-674,NTC-674,CE0008162,Rest,CD4i_R1,57.0,573645.0
CD4i_R1_D1_Rest_NTC-676,NTC-676,CE0008162,Rest,CD4i_R1,176.0,1546415.0
CD4i_R1_D1_Rest_NTC-677,NTC-677,CE0008162,Rest,CD4i_R1,77.0,744061.0
CD4i_R1_D1_Rest_NTC-678,NTC-678,CE0008162,Rest,CD4i_R1,33.0,353240.0
CD4i_R1_D1_Rest_NTC-679,NTC-679,CE0008162,Rest,CD4i_R1,74.0,737746.0
CD4i_R1_D1_Rest_NTC-680,NTC-680,CE0008162,Rest,CD4i_R1,9.0,113248.0
CD4i_R1_D1_Rest_NTC-681,NTC-681,CE0008162,Rest,CD4i_R1,10.0,102848.0
CD4i_R1_D1_Rest_NTC-683,NTC-683,CE0008162,Rest,CD4i_R1,34.0,276164.0
CD4i_R1_D1_Rest_NTC-684,NTC-684,CE0008162,Rest,CD4i_R1,238.0,2279771.0
CD4i_R1_D1_Rest_NTC-686,NTC-686,CE0008162,Rest,CD4i_R1,10.0,62023.0
CD4i_R1_D1_Rest_NTC-687,NTC-687,CE0008162,Rest,CD4i_R1,101.0,762499.0
CD4i_R1_D1_Rest_NTC-688,NTC-688,CE0008162,Rest,CD4i_R1,22.0,190090.0
CD4i_R1_D1_Rest_NTC-689,NTC-689,CE0008162,Rest,CD4i_R1,58.0,706421.0
CD4i_R1_D1_Rest_NTC-690,NTC-690,CE0008162,Rest,CD4i_R1,54.0,557493.0
CD4i_R1_D1_Rest_NTC-691,NTC-691,CE0008162,Rest,CD4i_R1,33.0,376799.0
CD4i_R1_D1_Rest_NTC-692,NTC-692,CE0008162,Rest,CD4i_R1,175.0,1514348.0
CD4i_R1_D1_Rest_NTC-693,NTC-693,CE0008162,Rest,CD4i_R1,96.0,829548.0
CD4i_R1_D1_Rest_NTC-694,NTC-694,CE0008162,Rest,CD4i_R1,14.0,126763.0
CD4i_R1_D1_Rest_NTC-695,NTC-695,CE0008162,Rest,CD4i_R1,76.0,640163.0
CD4i_R1_D1_Rest_NTC-696,NTC-696,CE0008162,Rest,CD4i_R1,354.0,3224575.0
CD4i_R1_D1_Rest_NTC-698,NTC-698,CE0008162,Rest,CD4i_R1,82.0,603617.0
CD4i_R1_D1_Rest_NTC-699,NTC-699,CE0008162,Rest,CD4i_R1,140.0,1404815.0
CD4i_R1_D1_Rest_NTC-700,NTC-700,CE0008162,Rest,CD4i_R1,15.0,169030.0
CD4i_R1_D1_Rest_NTC-701,NTC-701,CE0008162,Rest,CD4i_R1,184.0,1841991.0
CD4i_R1_D1_Rest_NTC-702,NTC-702,CE0008162,Rest,CD4i_R1,14.0,133971.0
CD4i_R1_D1_Rest_NTC-703,NTC-703,CE0008162,Rest,CD4i_R1,110.0,1091285.0
CD4i_R1_D1_Rest_NTC-704,NTC-704,CE0008162,Rest,CD4i_R1,107.0,1085549.0
CD4i_R1_D1_Rest_NTC-705,NTC-705,CE0008162,Rest,CD4i_R1,6.0,59647.0
CD4i_R1_D1_Rest_NTC-706,NTC-706,CE0008162,Rest,CD4i_R1,34.0,332895.0
CD4i_R1_D1_Rest_NTC-707,NTC-707,CE0008162,Rest,CD4i_R1,7.0,81264.0
CD4i_R1_D1_Rest_NTC-708,NTC-708,CE0008162,Rest,CD4i_R1,76.0,767284.0
CD4i_R1_D1_Rest_NTC-709,NTC-709,CE0008162,Rest,CD4i_R1,174.0,1676806.0
CD4i_R1_D1_Rest_NTC-711,NTC-711,CE0008162,Rest,CD4i_R1,179.0,1684230.0
CD4i_R1_D1_Rest_NTC-712,NTC-712,CE0008162,Rest,CD4i_R1,21.0,237968.0
CD4i_R1_D1_Rest_NTC-713,NTC-713,CE0008162,Rest,CD4i_R1,150.0,1479870.0
CD4i_R1_D1_Rest_NTC-714,NTC-714,CE0008162,Rest,CD4i_R1,43.0,379650.0
CD4i_R1_D1_Rest_NTC-715,NTC-715,CE0008162,Rest,CD4i_R1,107.0,1086073.0
CD4i_R1_D1_Rest_NTC-716,NTC-716,CE0008162,Rest,CD4i_R1,104.0,844623.0
CD4i_R1_D1_Rest_NTC-717,NTC-717,CE0008162,Rest,CD4i_R1,83.0,563529.0
CD4i_R1_D1_Rest_NTC-718,NTC-718,CE0008162,Rest,CD4i_R1,125.0,1038954.0
CD4i_R1_D1_Rest_NTC-719,NTC-719,CE0008162,Rest,CD4i_R1,39.0,332583.0
CD4i_R1_D1_Rest_NTC-720,NTC-720,CE0008162,Rest,CD4i_R1,222.0,2176445.0
CD4i_R1_D1_Rest_NTC-721,NTC-721,CE0008162,Rest,CD4i_R1,149.0,1195801.0
CD4i_R1_D1_Rest_NTC-722,NTC-722,CE0008162,Rest,CD4i_R1,76.0,811191.0
CD4i_R1_D1_Rest_NTC-723,NTC-723,CE0008162,Rest,CD4i_R1,188.0,1711165.0
CD4i_R1_D1_Rest_NTC-724,NTC-724,CE0008162,Rest,CD4i_R1,17.0,259703.0
CD4i_R1_D1_Rest_NTC-725,NTC-725,CE0008162,Rest,CD4i_R1,171.0,1676635.0
CD4i_R1_D1_Rest_NTC-727,NTC-727,CE0008162,Rest,CD4i_R1,55.0,409675.0
CD4i_R1_D1_Rest_NTC-728,NTC-728,CE0008162,Rest,CD4i_R1,50.0,644640.0
CD4i_R1_D1_Rest_NTC-729,NTC-729,CE0008162,Rest,CD4i_R1,23.0,201920.0
CD4i_R1_D1_Rest_NTC-730,NTC-730,CE0008162,Rest,CD4i_R1,54.0,534084.0
CD4i_R1_D1_Rest_NTC-731,NTC-731,CE0008162,Rest,CD4i_R1,67.0,706454.0
CD4i_R1_D1_Rest_NTC-732,NTC-732,CE0008162,Rest,CD4i_R1,126.0,1311487.0
CD4i_R1_D1_Rest_NTC-733,NTC-733,CE0008162,Rest,CD4i_R1,28.0,219753.0
CD4i_R1_D1_Rest_NTC-734,NTC-734,CE0008162,Rest,CD4i_R1,169.0,1760934.0
CD4i_R1_D1_Rest_NTC-735,NTC-735,CE0008162,Rest,CD4i_R1,11.0,114025.0
CD4i_R1_D1_Rest_NTC-736,NTC-736,CE0008162,Rest,CD4i_R1,75.0,706623.0
CD4i_R1_D1_Rest_NTC-737,NTC-737,CE0008162,Rest,CD4i_R1,75.0,680948.0
CD4i_R1_D1_Rest_NTC-738,NTC-738,CE0008162,Rest,CD4i_R1,34.0,316285.0
CD4i_R1_D1_Rest_NTC-739,NTC-739,CE0008162,Rest,CD4i_R1,57.0,477741.0
CD4i_R1_D1_Rest_NTC-741,NTC-741,CE0008162,Rest,CD4i_R1,78.0,662739.0
CD4i_R1_D1_Rest_NTC-743,NTC-743,CE0008162,Rest,CD4i_R1,118.0,1191341.0
CD4i_R1_D1_Rest_NTC-744,NTC-744,CE0008162,Rest,CD4i_R1,146.0,1264997.0
CD4i_R1_D1_Rest_NTC-746,NTC-746,CE0008162,Rest,CD4i_R1,53.0,536319.0
CD4i_R1_D1_Rest_NTC-747,NTC-747,CE0008162,Rest,CD4i_R1,216.0,1929178.0
CD4i_R1_D1_Rest_NTC-748,NTC-748,CE0008162,Rest,CD4i_R1,72.0,603036.0
CD4i_R1_D1_Rest_NTC-749,NTC-749,CE0008162,Rest,CD4i_R1,94.0,863827.0
CD4i_R1_D1_Rest_NTC-750,NTC-750,CE0008162,Rest,CD4i_R1,196.0,1916977.0
CD4i_R1_D1_Rest_NTC-751,NTC-751,CE0008162,Rest,CD4i_R1,68.0,576120.0
CD4i_R1_D1_Rest_NTC-752,NTC-752,CE0008162,Rest,CD4i_R1,163.0,1503380.0
CD4i_R1_D1_Rest_NTC-753,NTC-753,CE0008162,Rest,CD4i_R1,121.0,1092439.0
CD4i_R1_D1_Rest_NTC-754,NTC-754,CE0008162,Rest,CD4i_R1,90.0,785462.0
CD4i_R1_D1_Rest_NTC-755,NTC-755,CE0008162,Rest,CD4i_R1,51.0,440635.0
CD4i_R1_D1_Rest_NTC-756,NTC-756,CE0008162,Rest,CD4i_R1,67.0,600191.0
CD4i_R1_D1_Rest_NTC-757,NTC-757,CE0008162,Rest,CD4i_R1,6.0,68258.0
CD4i_R1_D1_Rest_NTC-758,NTC-758,CE0008162,Rest,CD4i_R1,52.0,392111.0
CD4i_R1_D1_Rest_NTC-759,NTC-759,CE0008162,Rest,CD4i_R1,203.0,2165476.0
CD4i_R1_D1_Rest_NTC-760,NTC-760,CE0008162,Rest,CD4i_R1,230.0,1897577.0
CD4i_R1_D1_Rest_NTC-761,NTC-761,CE0008162,Rest,CD4i_R1,58.0,636600.0
CD4i_R1_D1_Rest_NTC-762,NTC-762,CE0008162,Rest,CD4i_R1,27.0,240359.0
CD4i_R1_D1_Rest_NTC-763,NTC-763,CE0008162,Rest,CD4i_R1,41.0,431191.0
CD4i_R1_D1_Rest_NTC-764,NTC-764,CE0008162,Rest,CD4i_R1,126.0,1170166.0
CD4i_R1_D1_Rest_NTC-765,NTC-765,CE0008162,Rest,CD4i_R1,106.0,945014.0
CD4i_R1_D1_Rest_NTC-766,NTC-766,CE0008162,Rest,CD4i_R1,37.0,394055.0
CD4i_R1_D1_Rest_NTC-767,NTC-767,CE0008162,Rest,CD4i_R1,24.0,290402.0
CD4i_R1_D1_Rest_NTC-768,NTC-768,CE0008162,Rest,CD4i_R1,32.0,294061.0
CD4i_R1_D1_Rest_NTC-769,NTC-769,CE0008162,Rest,CD4i_R1,74.0,723244.0
CD4i_R1_D1_Rest_NTC-770,NTC-770,CE0008162,Rest,CD4i_R1,28.0,310600.0
CD4i_R1_D1_Rest_NTC-771,NTC-771,CE0008162,Rest,CD4i_R1,146.0,1152972.0
CD4i_R1_D1_Rest_NTC-772,NTC-772,CE0008162,Rest,CD4i_R1,32.0,252734.0
CD4i_R1_D1_Rest_NTC-773,NTC-773,CE0008162,Rest,CD4i_R1,79.0,727763.0
CD4i_R1_D1_Rest_NTC-774,NTC-774,CE0008162,Rest,CD4i_R1,148.0,1361237.0
CD4i_R1_D1_Rest_NTC-775,NTC-775,CE0008162,Rest,CD4i_R1,92.0,904750.0
CD4i_R1_D1_Rest_NTC-776,NTC-776,CE0008162,Rest,CD4i_R1,37.0,313067.0
CD4i_R1_D1_Rest_NTC-777,NTC-777,CE0008162,Rest,CD4i_R1,84.0,644561.0
CD4i_R1_D1_Rest_NTC-778,NTC-778,CE0008162,Rest,CD4i_R1,15.0,119722.0
CD4i_R1_D1_Rest_NTC-779,NTC-779,CE0008162,Rest,CD4i_R1,156.0,1621118.0
CD4i_R1_D1_Rest_NTC-780,NTC-780,CE0008162,Rest,CD4i_R1,31.0,257680.0
CD4i_R1_D1_Rest_NTC-781,NTC-781,CE0008162,Rest,CD4i_R1,65.0,566468.0
CD4i_R1_D1_Rest_NTC-782,NTC-782,CE0008162,Rest,CD4i_R1,54.0,532543.0
CD4i_R1_D1_Rest_NTC-783,NTC-783,CE0008162,Rest,CD4i_R1,119.0,1165222.0
CD4i_R1_D1_Rest_NTC-784,NTC-784,CE0008162,Rest,CD4i_R1,132.0,1171659.0
CD4i_R1_D1_Rest_NTC-785,NTC-785,CE0008162,Rest,CD4i_R1,95.0,860703.0
CD4i_R1_D1_Rest_NTC-786,NTC-786,CE0008162,Rest,CD4i_R1,29.0,315236.0
CD4i_R1_D1_Rest_NTC-787,NTC-787,CE0008162,Rest,CD4i_R1,29.0,293734.0
CD4i_R1_D1_Rest_NTC-788,NTC-788,CE0008162,Rest,CD4i_R1,103.0,820123.0
CD4i_R1_D1_Rest_NTC-789,NTC-789,CE0008162,Rest,CD4i_R1,170.0,1562731.0
CD4i_R1_D1_Rest_NTC-790,NTC-790,CE0008162,Rest,CD4i_R1,19.0,142452.0
CD4i_R1_D1_Rest_NTC-791,NTC-791,CE0008162,Rest,CD4i_R1,97.0,962884.0
CD4i_R1_D1_Rest_NTC-792,NTC-792,CE0008162,Rest,CD4i_R1,69.0,626937.0
CD4i_R1_D1_Rest_NTC-793,NTC-793,CE0008162,Rest,CD4i_R1,21.0,167625.0
CD4i_R1_D1_Rest_NTC-794,NTC-794,CE0008162,Rest,CD4i_R1,13.0,183152.0
CD4i_R1_D1_Rest_NTC-795,NTC-795,CE0008162,Rest,CD4i_R1,73.0,575344.0
CD4i_R1_D1_Rest_NTC-796,NTC-796,CE0008162,Rest,CD4i_R1,254.0,2386324.0
CD4i_R1_D1_Rest_NTC-797,NTC-797,CE0008162,Rest,CD4i_R1,43.0,374813.0
CD4i_R1_D1_Rest_NTC-798,NTC-798,CE0008162,Rest,CD4i_R1,68.0,646346.0
CD4i_R1_D1_Rest_NTC-799,NTC-799,CE0008162,Rest,CD4i_R1,40.0,368527.0
CD4i_R1_D1_Rest_NTC-800,NTC-800,CE0008162,Rest,CD4i_R1,8.0,109003.0
CD4i_R1_D1_Rest_NTC-801,NTC-801,CE0008162,Rest,CD4i_R1,207.0,1999360.0
CD4i_R1_D1_Rest_NTC-802,NTC-802,CE0008162,Rest,CD4i_R1,8.0,82732.0
CD4i_R1_D1_Rest_NTC-803,NTC-803,CE0008162,Rest,CD4i_R1,394.0,3697571.0
CD4i_R1_D1_Rest_NTC-804,NTC-804,CE0008162,Rest,CD4i_R1,13.0,113226.0
CD4i_R1_D1_Rest_NTC-805,NTC-805,CE0008162,Rest,CD4i_R1,18.0,234645.0
CD4i_R1_D1_Rest_NTC-806,NTC-806,CE0008162,Rest,CD4i_R1,64.0,544058.0
CD4i_R1_D1_Rest_NTC-807,NTC-807,CE0008162,Rest,CD4i_R1,149.0,1304363.0
CD4i_R1_D1_Rest_NTC-808,NTC-808,CE0008162,Rest,CD4i_R1,136.0,1170818.0
CD4i_R1_D1_Rest_NTC-809,NTC-809,CE0008162,Rest,CD4i_R1,133.0,1198785.0
CD4i_R1_D1_Rest_NTC-810,NTC-810,CE0008162,Rest,CD4i_R1,190.0,1606872.0
CD4i_R1_D1_Rest_NTC-811,NTC-811,CE0008162,Rest,CD4i_R1,150.0,1355204.0
CD4i_R1_D1_Rest_NTC-812,NTC-812,CE0008162,Rest,CD4i_R1,94.0,922089.0
CD4i_R1_D1_Rest_NTC-813,NTC-813,CE0008162,Rest,CD4i_R1,102.0,1059754.0
CD4i_R1_D1_Rest_NTC-814,NTC-814,CE0008162,Rest,CD4i_R1,86.0,932678.0
CD4i_R1_D1_Rest_NTC-815,NTC-815,CE0008162,Rest,CD4i_R1,89.0,745406.0
CD4i_R1_D1_Rest_NTC-816,NTC-816,CE0008162,Rest,CD4i_R1,161.0,1482765.0
CD4i_R1_D1_Rest_NTC-817,NTC-817,CE0008162,Rest,CD4i_R1,45.0,427481.0
CD4i_R1_D1_Rest_NTC-818,NTC-818,CE0008162,Rest,CD4i_R1,5.0,42715.0
CD4i_R1_D1_Rest_NTC-819,NTC-819,CE0008162,Rest,CD4i_R1,15.0,143831.0
CD4i_R1_D1_Rest_NTC-820,NTC-820,CE0008162,Rest,CD4i_R1,59.0,527999.0
CD4i_R1_D1_Rest_NTC-821,NTC-821,CE0008162,Rest,CD4i_R1,54.0,456992.0
CD4i_R1_D1_Rest_NTC-822,NTC-822,CE0008162,Rest,CD4i_R1,101.0,958758.0
CD4i_R1_D1_Rest_NTC-823,NTC-823,CE0008162,Rest,CD4i_R1,227.0,2014196.0
CD4i_R1_D1_Rest_NTC-824,NTC-824,CE0008162,Rest,CD4i_R1,40.0,309899.0
CD4i_R1_D1_Rest_NTC-825,NTC-825,CE0008162,Rest,CD4i_R1,306.0,2818327.0
CD4i_R1_D1_Rest_NTC-826,NTC-826,CE0008162,Rest,CD4i_R1,127.0,1258429.0
CD4i_R1_D1_Rest_NTC-827,NTC-827,CE0008162,Rest,CD4i_R1,245.0,2363828.0
CD4i_R1_D1_Rest_NTC-828,NTC-828,CE0008162,Rest,CD4i_R1,86.0,728734.0
CD4i_R1_D1_Rest_NTC-829,NTC-829,CE0008162,Rest,CD4i_R1,44.0,437429.0
CD4i_R1_D1_Rest_NTC-830,NTC-830,CE0008162,Rest,CD4i_R1,26.0,237442.0
CD4i_R1_D1_Rest_NTC-831,NTC-831,CE0008162,Rest,CD4i_R1,34.0,362921.0
CD4i_R1_D1_Rest_NTC-832,NTC-832,CE0008162,Rest,CD4i_R1,173.0,1696415.0
CD4i_R1_D1_Rest_NTC-833,NTC-833,CE0008162,Rest,CD4i_R1,25.0,206626.0
CD4i_R1_D1_Rest_NTC-834,NTC-834,CE0008162,Rest,CD4i_R1,66.0,728189.0
CD4i_R1_D1_Rest_NTC-835,NTC-835,CE0008162,Rest,CD4i_R1,15.0,164404.0
CD4i_R1_D1_Rest_NTC-836,NTC-836,CE0008162,Rest,CD4i_R1,7.0,48060.0
CD4i_R1_D1_Rest_NTC-837,NTC-837,CE0008162,Rest,CD4i_R1,26.0,282056.0
CD4i_R1_D1_Rest_NTC-838,NTC-838,CE0008162,Rest,CD4i_R1,22.0,246602.0
CD4i_R1_D1_Rest_NTC-839,NTC-839,CE0008162,Rest,CD4i_R1,84.0,809907.0
CD4i_R1_D1_Rest_NTC-840,NTC-840,CE0008162,Rest,CD4i_R1,43.0,408485.0
CD4i_R1_D1_Rest_NTC-841,NTC-841,CE0008162,Rest,CD4i_R1,68.0,621417.0
CD4i_R1_D1_Rest_NTC-842,NTC-842,CE0008162,Rest,CD4i_R1,85.0,726492.0
CD4i_R1_D1_Rest_NTC-843,NTC-843,CE0008162,Rest,CD4i_R1,79.0,657290.0
CD4i_R1_D1_Rest_NTC-844,NTC-844,CE0008162,Rest,CD4i_R1,12.0,137494.0
CD4i_R1_D1_Rest_NTC-845,NTC-845,CE0008162,Rest,CD4i_R1,135.0,1421063.0
CD4i_R1_D1_Rest_NTC-846,NTC-846,CE0008162,Rest,CD4i_R1,175.0,1630701.0
CD4i_R1_D1_Rest_NTC-847,NTC-847,CE0008162,Rest,CD4i_R1,9.0,58527.0
CD4i_R1_D1_Rest_NTC-848,NTC-848,CE0008162,Rest,CD4i_R1,27.0,174395.0
CD4i_R1_D1_Rest_NTC-849,NTC-849,CE0008162,Rest,CD4i_R1,141.0,1219274.0
CD4i_R1_D1_Rest_NTC-850,NTC-850,CE0008162,Rest,CD4i_R1,212.0,1993568.0
CD4i_R1_D1_Rest_NTC-851,NTC-851,CE0008162,Rest,CD4i_R1,55.0,539134.0
CD4i_R1_D1_Rest_NTC-852,NTC-852,CE0008162,Rest,CD4i_R1,471.0,3818295.0
CD4i_R1_D1_Rest_NTC-853,NTC-853,CE0008162,Rest,CD4i_R1,7.0,61287.0
CD4i_R1_D1_Rest_NTC-854,NTC-854,CE0008162,Rest,CD4i_R1,56.0,451417.0
CD4i_R1_D1_Rest_NTC-855,NTC-855,CE0008162,Rest,CD4i_R1,9.0,124467.0
CD4i_R1_D1_Rest_NTC-856,NTC-856,CE0008162,Rest,CD4i_R1,41.0,264645.0
CD4i_R1_D1_Rest_NTC-857,NTC-857,CE0008162,Rest,CD4i_R1,35.0,374050.0
CD4i_R1_D1_Rest_NTC-858,NTC-858,CE0008162,Rest,CD4i_R1,188.0,1511351.0
CD4i_R1_D1_Rest_NTC-859,NTC-859,CE0008162,Rest,CD4i_R1,169.0,1648416.0
CD4i_R1_D1_Rest_NTC-860,NTC-860,CE0008162,Rest,CD4i_R1,28.0,260379.0
CD4i_R1_D1_Rest_NTC-861,NTC-861,CE0008162,Rest,CD4i_R1,90.0,760042.0
CD4i_R1_D1_Rest_NTC-862,NTC-862,CE0008162,Rest,CD4i_R1,87.0,930448.0
CD4i_R1_D1_Rest_NTC-863,NTC-863,CE0008162,Rest,CD4i_R1,35.0,266553.0
CD4i_R1_D1_Rest_NTC-864,NTC-864,CE0008162,Rest,CD4i_R1,98.0,911835.0
CD4i_R1_D1_Rest_NTC-865,NTC-865,CE0008162,Rest,CD4i_R1,82.0,735212.0
CD4i_R1_D1_Rest_NTC-866,NTC-866,CE0008162,Rest,CD4i_R1,63.0,680727.0
CD4i_R1_D1_Rest_NTC-867,NTC-867,CE0008162,Rest,CD4i_R1,163.0,1277314.0
CD4i_R1_D1_Rest_NTC-868,NTC-868,CE0008162,Rest,CD4i_R1,122.0,1248742.0
CD4i_R1_D1_Rest_NTC-869,NTC-869,CE0008162,Rest,CD4i_R1,298.0,2602859.0
CD4i_R1_D1_Rest_NTC-870,NTC-870,CE0008162,Rest,CD4i_R1,117.0,999594.0
CD4i_R1_D1_Rest_NTC-871,NTC-871,CE0008162,Rest,CD4i_R1,105.0,953867.0
CD4i_R1_D1_Rest_NTC-872,NTC-872,CE0008162,Rest,CD4i_R1,10.0,128851.0
CD4i_R1_D1_Rest_NTC-873,NTC-873,CE0008162,Rest,CD4i_R1,56.0,543693.0
CD4i_R1_D1_Rest_NTC-874,NTC-874,CE0008162,Rest,CD4i_R1,101.0,909474.0
CD4i_R1_D1_Rest_NTC-875,NTC-875,CE0008162,Rest,CD4i_R1,140.0,1223401.0
CD4i_R1_D1_Rest_NTC-876,NTC-876,CE0008162,Rest,CD4i_R1,32.0,344933.0
CD4i_R1_D1_Rest_NTC-877,NTC-877,CE0008162,Rest,CD4i_R1,93.0,906874.0
CD4i_R1_D1_Rest_NTC-878,NTC-878,CE0008162,Rest,CD4i_R1,246.0,2389026.0
CD4i_R1_D1_Rest_NTC-879,NTC-879,CE0008162,Rest,CD4i_R1,87.0,757407.0
CD4i_R1_D1_Rest_NTC-880,NTC-880,CE0008162,Rest,CD4i_R1,43.0,341185.0
CD4i_R1_D1_Rest_NTC-881,NTC-881,CE0008162,Rest,CD4i_R1,39.0,490743.0
CD4i_R1_D1_Rest_NTC-882,NTC-882,CE0008162,Rest,CD4i_R1,176.0,1618347.0
CD4i_R1_D1_Rest_NTC-883,NTC-883,CE0008162,Rest,CD4i_R1,50.0,456568.0
CD4i_R1_D1_Rest_NTC-884,NTC-884,CE0008162,Rest,CD4i_R1,69.0,583748.0
CD4i_R1_D1_Rest_NTC-885,NTC-885,CE0008162,Rest,CD4i_R1,11.0,107751.0
CD4i_R1_D1_Rest_NTC-886,NTC-886,CE0008162,Rest,CD4i_R1,46.0,425877.0
CD4i_R1_D1_Rest_NTC-887,NTC-887,CE0008162,Rest,CD4i_R1,34.0,257600.0
CD4i_R1_D1_Rest_NTC-888,NTC-888,CE0008162,Rest,CD4i_R1,132.0,1353865.0
CD4i_R1_D1_Rest_NTC-889,NTC-889,CE0008162,Rest,CD4i_R1,37.0,287220.0
CD4i_R1_D1_Rest_NTC-890,NTC-890,CE0008162,Rest,CD4i_R1,58.0,510114.0
CD4i_R1_D1_Rest_NTC-891,NTC-891,CE0008162,Rest,CD4i_R1,12.0,108425.0
CD4i_R1_D1_Rest_NTC-892,NTC-892,CE0008162,Rest,CD4i_R1,281.0,2863625.0
CD4i_R1_D1_Rest_NTC-893,NTC-893,CE0008162,Rest,CD4i_R1,101.0,872926.0
CD4i_R1_D1_Rest_NTC-894,NTC-894,CE0008162,Rest,CD4i_R1,143.0,1269694.0
CD4i_R1_D1_Rest_NTC-895,NTC-895,CE0008162,Rest,CD4i_R1,101.0,1048990.0
CD4i_R1_D1_Rest_NTC-896,NTC-896,CE0008162,Rest,CD4i_R1,78.0,974235.0
CD4i_R1_D1_Rest_NTC-897,NTC-897,CE0008162,Rest,CD4i_R1,191.0,2037975.0
CD4i_R1_D1_Rest_NTC-898,NTC-898,CE0008162,Rest,CD4i_R1,45.0,361526.0
CD4i_R1_D1_Rest_NTC-899,NTC-899,CE0008162,Rest,CD4i_R1,120.0,1111032.0
CD4i_R1_D1_Rest_NTC-900,NTC-900,CE0008162,Rest,CD4i_R1,103.0,1093465.0
CD4i_R1_D1_Rest_NTC-901,NTC-901,CE0008162,Rest,CD4i_R1,107.0,894210.0
CD4i_R1_D1_Rest_NTC-902,NTC-902,CE0008162,Rest,CD4i_R1,73.0,643660.0
CD4i_R1_D1_Rest_NTC-903,NTC-903,CE0008162,Rest,CD4i_R1,96.0,917062.0
CD4i_R1_D1_Rest_NTC-904,NTC-904,CE0008162,Rest,CD4i_R1,127.0,1271167.0
CD4i_R1_D1_Rest_NTC-905,NTC-905,CE0008162,Rest,CD4i_R1,97.0,793433.0
CD4i_R1_D1_Rest_NTC-906,NTC-906,CE0008162,Rest,CD4i_R1,26.0,225004.0
CD4i_R1_D1_Rest_NTC-907,NTC-907,CE0008162,Rest,CD4i_R1,107.0,978234.0
CD4i_R1_D1_Rest_NTC-909,NTC-909,CE0008162,Rest,CD4i_R1,238.0,2009101.0
CD4i_R1_D1_Rest_NTC-910,NTC-910,CE0008162,Rest,CD4i_R1,56.0,565175.0
CD4i_R1_D1_Rest_NTC-911,NTC-911,CE0008162,Rest,CD4i_R1,73.0,659540.0
CD4i_R1_D1_Rest_NTC-912,NTC-912,CE0008162,Rest,CD4i_R1,321.0,2938433.0
CD4i_R1_D1_Rest_NTC-914,NTC-914,CE0008162,Rest,CD4i_R1,29.0,285350.0
CD4i_R1_D1_Rest_NTC-915,NTC-915,CE0008162,Rest,CD4i_R1,40.0,378529.0
CD4i_R1_D1_Rest_NTC-916,NTC-916,CE0008162,Rest,CD4i_R1,249.0,2017599.0
CD4i_R1_D1_Rest_NTC-917,NTC-917,CE0008162,Rest,CD4i_R1,92.0,898604.0
CD4i_R1_D1_Rest_NTC-918,NTC-918,CE0008162,Rest,CD4i_R1,71.0,644284.0
CD4i_R1_D1_Rest_NTC-919,NTC-919,CE0008162,Rest,CD4i_R1,153.0,1521244.0
CD4i_R1_D1_Rest_NTC-920,NTC-920,CE0008162,Rest,CD4i_R1,160.0,1512242.0
CD4i_R1_D1_Rest_NTC-921,NTC-921,CE0008162,Rest,CD4i_R1,141.0,1195757.0
CD4i_R1_D1_Rest_NTC-922,NTC-922,CE0008162,Rest,CD4i_R1,34.0,373607.0
CD4i_R1_D1_Rest_NTC-923,NTC-923,CE0008162,Rest,CD4i_R1,31.0,301927.0
CD4i_R1_D1_Rest_NTC-924,NTC-924,CE0008162,Rest,CD4i_R1,122.0,1032588.0
CD4i_R1_D1_Rest_NTC-925,NTC-925,CE0008162,Rest,CD4i_R1,132.0,1298000.0
CD4i_R1_D1_Rest_NTC-926,NTC-926,CE0008162,Rest,CD4i_R1,51.0,424434.0
CD4i_R1_D1_Rest_NTC-927,NTC-927,CE0008162,Rest,CD4i_R1,82.0,741323.0
CD4i_R1_D1_Rest_NTC-928,NTC-928,CE0008162,Rest,CD4i_R1,132.0,1189547.0
CD4i_R1_D1_Rest_NTC-929,NTC-929,CE0008162,Rest,CD4i_R1,48.0,510272.0
CD4i_R1_D1_Rest_NTC-930,NTC-930,CE0008162,Rest,CD4i_R1,77.0,618654.0
CD4i_R1_D1_Rest_NTC-931,NTC-931,CE0008162,Rest,CD4i_R1,13.0,126875.0
CD4i_R1_D1_Rest_NTC-932,NTC-932,CE0008162,Rest,CD4i_R1,98.0,914225.0
CD4i_R1_D1_Rest_NTC-934,NTC-934,CE0008162,Rest,CD4i_R1,389.0,3434292.0
CD4i_R1_D1_Rest_NTC-935,NTC-935,CE0008162,Rest,CD4i_R1,13.0,137696.0
CD4i_R1_D1_Rest_NTC-937,NTC-937,CE0008162,Rest,CD4i_R1,333.0,3398420.0
CD4i_R1_D1_Rest_NTC-938,NTC-938,CE0008162,Rest,CD4i_R1,33.0,383638.0
CD4i_R1_D1_Rest_NTC-939,NTC-939,CE0008162,Rest,CD4i_R1,97.0,775685.0
CD4i_R1_D1_Rest_NTC-940,NTC-940,CE0008162,Rest,CD4i_R1,5.0,49931.0
CD4i_R1_D1_Rest_NTC-941,NTC-941,CE0008162,Rest,CD4i_R1,73.0,824884.0
CD4i_R1_D1_Rest_NTC-942,NTC-942,CE0008162,Rest,CD4i_R1,109.0,902779.0
CD4i_R1_D1_Rest_NTC-943,NTC-943,CE0008162,Rest,CD4i_R1,50.0,530855.0
CD4i_R1_D1_Rest_NTC-944,NTC-944,CE0008162,Rest,CD4i_R1,66.0,654827.0
CD4i_R1_D1_Rest_NTC-945,NTC-945,CE0008162,Rest,CD4i_R1,372.0,3653841.0
CD4i_R1_D1_Rest_NTC-946,NTC-946,CE0008162,Rest,CD4i_R1,48.0,463898.0
CD4i_R1_D1_Rest_NTC-947,NTC-947,CE0008162,Rest,CD4i_R1,134.0,1516051.0
CD4i_R1_D1_Rest_NTC-948,NTC-948,CE0008162,Rest,CD4i_R1,55.0,513746.0
CD4i_R1_D1_Rest_NTC-949,NTC-949,CE0008162,Rest,CD4i_R1,45.0,378334.0
CD4i_R1_D1_Rest_NTC-950,NTC-950,CE0008162,Rest,CD4i_R1,24.0,203855.0
CD4i_R1_D1_Rest_NTC-951,NTC-951,CE0008162,Rest,CD4i_R1,132.0,986209.0
CD4i_R1_D1_Rest_NTC-952,NTC-952,CE0008162,Rest,CD4i_R1,15.0,144314.0
CD4i_R1_D1_Rest_NTC-953,NTC-953,CE0008162,Rest,CD4i_R1,14.0,132821.0
CD4i_R1_D1_Rest_NTC-954,NTC-954,CE0008162,Rest,CD4i_R1,148.0,1287005.0
CD4i_R1_D1_Rest_NTC-955,NTC-955,CE0008162,Rest,CD4i_R1,14.0,122679.0
CD4i_R1_D1_Rest_NTC-956,NTC-956,CE0008162,Rest,CD4i_R1,163.0,1498847.0
CD4i_R1_D1_Rest_NTC-957,NTC-957,CE0008162,Rest,CD4i_R1,41.0,433078.0
CD4i_R1_D1_Rest_NTC-958,NTC-958,CE0008162,Rest,CD4i_R1,71.0,578068.0
CD4i_R1_D1_Rest_NTC-959,NTC-959,CE0008162,Rest,CD4i_R1,5.0,87509.0
CD4i_R1_D1_Rest_NTC-960,NTC-960,CE0008162,Rest,CD4i_R1,118.0,1141901.0
CD4i_R1_D1_Rest_NTC-961,NTC-961,CE0008162,Rest,CD4i_R1,153.0,1455174.0
CD4i_R1_D1_Rest_NTC-962,NTC-962,CE0008162,Rest,CD4i_R1,280.0,2601743.0
CD4i_R1_D1_Rest_NTC-964,NTC-964,CE0008162,Rest,CD4i_R1,66.0,604813.0
CD4i_R1_D1_Rest_NTC-966,NTC-966,CE0008162,Rest,CD4i_R1,119.0,1007756.0
CD4i_R1_D1_Rest_NTC-967,NTC-967,CE0008162,Rest,CD4i_R1,99.0,946607.0
CD4i_R1_D1_Rest_NTC-968,NTC-968,CE0008162,Rest,CD4i_R1,155.0,1541036.0
CD4i_R1_D1_Rest_NTC-969,NTC-969,CE0008162,Rest,CD4i_R1,156.0,1473543.0
CD4i_R1_D1_Rest_NTC-970,NTC-970,CE0008162,Rest,CD4i_R1,250.0,2087562.0
CD4i_R1_D1_Rest_NTC-971,NTC-971,CE0008162,Rest,CD4i_R1,82.0,750254.0
CD4i_R1_D1_Rest_NTC-972,NTC-972,CE0008162,Rest,CD4i_R1,95.0,1175681.0
CD4i_R1_D1_Rest_NTC-973,NTC-973,CE0008162,Rest,CD4i_R1,59.0,543261.0
CD4i_R1_D1_Rest_NTC-975,NTC-975,CE0008162,Rest,CD4i_R1,48.0,417717.0
CD4i_R1_D1_Rest_NTC-977,NTC-977,CE0008162,Rest,CD4i_R1,62.0,487936.0
CD4i_R1_D1_Rest_NTC-978,NTC-978,CE0008162,Rest,CD4i_R1,167.0,1641914.0
CD4i_R1_D1_Rest_NTC-979,NTC-979,CE0008162,Rest,CD4i_R1,11.0,160581.0
CD4i_R1_D1_Rest_NTC-980,NTC-980,CE0008162,Rest,CD4i_R1,107.0,1097543.0
CD4i_R1_D1_Rest_NTC-981,NTC-981,CE0008162,Rest,CD4i_R1,68.0,643596.0
CD4i_R1_D1_Rest_NTC-982,NTC-982,CE0008162,Rest,CD4i_R1,58.0,376485.0
CD4i_R1_D1_Rest_NTC-984,NTC-984,CE0008162,Rest,CD4i_R1,141.0,1253033.0
CD4i_R1_D1_Rest_NTC-985,NTC-985,CE0008162,Rest,CD4i_R1,21.0,158980.0
CD4i_R1_D1_Rest_NTC-986,NTC-986,CE0008162,Rest,CD4i_R1,72.0,717690.0
CD4i_R1_D1_Rest_NTC-987,NTC-987,CE0008162,Rest,CD4i_R1,10.0,88356.0
CD4i_R1_D1_Rest_NTC-988,NTC-988,CE0008162,Rest,CD4i_R1,81.0,732294.0
CD4i_R1_D1_Rest_NTC-989,NTC-989,CE0008162,Rest,CD4i_R1,55.0,559957.0
CD4i_R1_D1_Rest_NTC-990,NTC-990,CE0008162,Rest,CD4i_R1,26.0,277478.0
CD4i_R1_D1_Rest_NTC-991,NTC-991,CE0008162,Rest,CD4i_R1,84.0,810441.0
CD4i_R1_D1_Rest_NTC-992,NTC-992,CE0008162,Rest,CD4i_R1,15.0,152899.0
CD4i_R2_D4_Rest_NTC-001,NTC-001,CE0006864,Rest,CD4i_R2,46.0,420807.0
CD4i_R2_D4_Rest_NTC-002,NTC-002,CE0006864,Rest,CD4i_R2,88.0,642839.0
CD4i_R2_D4_Rest_NTC-003,NTC-003,CE0006864,Rest,CD4i_R2,37.0,266876.0
CD4i_R2_D4_Rest_NTC-004,NTC-004,CE0006864,Rest,CD4i_R2,28.0,227983.0
CD4i_R2_D4_Rest_NTC-005,NTC-005,CE0006864,Rest,CD4i_R2,52.0,362440.0
CD4i_R2_D4_Rest_NTC-006,NTC-006,CE0006864,Rest,CD4i_R2,99.0,989909.0
CD4i_R2_D4_Rest_NTC-007,NTC-007,CE0006864,Rest,CD4i_R2,34.0,286565.0
CD4i_R2_D4_Rest_NTC-008,NTC-008,CE0006864,Rest,CD4i_R2,50.0,429564.0
CD4i_R2_D4_Rest_NTC-009,NTC-009,CE0006864,Rest,CD4i_R2,49.0,368761.0
CD4i_R2_D4_Rest_NTC-010,NTC-010,CE0006864,Rest,CD4i_R2,38.0,303356.0
CD4i_R2_D4_Rest_NTC-011,NTC-011,CE0006864,Rest,CD4i_R2,122.0,1048333.0
CD4i_R2_D4_Rest_NTC-012,NTC-012,CE0006864,Rest,CD4i_R2,62.0,608084.0
CD4i_R2_D4_Rest_NTC-013,NTC-013,CE0006864,Rest,CD4i_R2,25.0,209816.0
CD4i_R2_D4_Rest_NTC-014,NTC-014,CE0006864,Rest,CD4i_R2,35.0,399156.0
CD4i_R2_D4_Rest_NTC-015,NTC-015,CE0006864,Rest,CD4i_R2,10.0,125986.0
CD4i_R2_D4_Rest_NTC-016,NTC-016,CE0006864,Rest,CD4i_R2,48.0,357584.0
CD4i_R2_D4_Rest_NTC-017,NTC-017,CE0006864,Rest,CD4i_R2,21.0,178924.0
CD4i_R2_D4_Rest_NTC-018,NTC-018,CE0006864,Rest,CD4i_R2,95.0,852480.0
CD4i_R2_D4_Rest_NTC-019,NTC-019,CE0006864,Rest,CD4i_R2,72.0,619990.0
CD4i_R2_D4_Rest_NTC-020,NTC-020,CE0006864,Rest,CD4i_R2,135.0,1056411.0
CD4i_R2_D4_Rest_NTC-021,NTC-021,CE0006864,Rest,CD4i_R2,75.0,643602.0
CD4i_R2_D4_Rest_NTC-022,NTC-022,CE0006864,Rest,CD4i_R2,8.0,54226.0
CD4i_R2_D4_Rest_NTC-023,NTC-023,CE0006864,Rest,CD4i_R2,92.0,651121.0
CD4i_R2_D4_Rest_NTC-024,NTC-024,CE0006864,Rest,CD4i_R2,43.0,400860.0
CD4i_R2_D4_Rest_NTC-025,NTC-025,CE0006864,Rest,CD4i_R2,91.0,865348.0
CD4i_R2_D4_Rest_NTC-026,NTC-026,CE0006864,Rest,CD4i_R2,126.0,1003462.0
CD4i_R2_D4_Rest_NTC-027,NTC-027,CE0006864,Rest,CD4i_R2,161.0,1345735.0
CD4i_R2_D4_Rest_NTC-028,NTC-028,CE0006864,Rest,CD4i_R2,156.0,1455030.0
CD4i_R2_D4_Rest_NTC-029,NTC-029,CE0006864,Rest,CD4i_R2,88.0,848834.0
CD4i_R2_D4_Rest_NTC-030,NTC-030,CE0006864,Rest,CD4i_R2,145.0,1085479.0
CD4i_R2_D4_Rest_NTC-031,NTC-031,CE0006864,Rest,CD4i_R2,73.0,612382.0
CD4i_R2_D4_Rest_NTC-032,NTC-032,CE0006864,Rest,CD4i_R2,48.0,381274.0
CD4i_R2_D4_Rest_NTC-033,NTC-033,CE0006864,Rest,CD4i_R2,55.0,516370.0
CD4i_R2_D4_Rest_NTC-034,NTC-034,CE0006864,Rest,CD4i_R2,40.0,304954.0
CD4i_R2_D4_Rest_NTC-035,NTC-035,CE0006864,Rest,CD4i_R2,76.0,621195.0
CD4i_R2_D4_Rest_NTC-036,NTC-036,CE0006864,Rest,CD4i_R2,18.0,135891.0
CD4i_R2_D4_Rest_NTC-037,NTC-037,CE0006864,Rest,CD4i_R2,70.0,545024.0
CD4i_R2_D4_Rest_NTC-038,NTC-038,CE0006864,Rest,CD4i_R2,42.0,388615.0
CD4i_R2_D4_Rest_NTC-039,NTC-039,CE0006864,Rest,CD4i_R2,96.0,819935.0
CD4i_R2_D4_Rest_NTC-040,NTC-040,CE0006864,Rest,CD4i_R2,108.0,1133737.0
CD4i_R2_D4_Rest_NTC-041,NTC-041,CE0006864,Rest,CD4i_R2,95.0,962769.0
CD4i_R2_D4_Rest_NTC-042,NTC-042,CE0006864,Rest,CD4i_R2,158.0,1863946.0
CD4i_R2_D4_Rest_NTC-043,NTC-043,CE0006864,Rest,CD4i_R2,30.0,490767.0
CD4i_R2_D4_Rest_NTC-044,NTC-044,CE0006864,Rest,CD4i_R2,39.0,351515.0
CD4i_R2_D4_Rest_NTC-045,NTC-045,CE0006864,Rest,CD4i_R2,114.0,990518.0
CD4i_R2_D4_Rest_NTC-046,NTC-046,CE0006864,Rest,CD4i_R2,33.0,263980.0
CD4i_R2_D4_Rest_NTC-047,NTC-047,CE0006864,Rest,CD4i_R2,26.0,230372.0
CD4i_R2_D4_Rest_NTC-048,NTC-048,CE0006864,Rest,CD4i_R2,35.0,317360.0
CD4i_R2_D4_Rest_NTC-049,NTC-049,CE0006864,Rest,CD4i_R2,55.0,483980.0
CD4i_R2_D4_Rest_NTC-050,NTC-050,CE0006864,Rest,CD4i_R2,83.0,693495.0
CD4i_R2_D4_Rest_NTC-051,NTC-051,CE0006864,Rest,CD4i_R2,56.0,522099.0
CD4i_R2_D4_Rest_NTC-052,NTC-052,CE0006864,Rest,CD4i_R2,65.0,534988.0
CD4i_R2_D4_Rest_NTC-054,NTC-054,CE0006864,Rest,CD4i_R2,90.0,764070.0
CD4i_R2_D4_Rest_NTC-055,NTC-055,CE0006864,Rest,CD4i_R2,107.0,665575.0
CD4i_R2_D4_Rest_NTC-056,NTC-056,CE0006864,Rest,CD4i_R2,67.0,662945.0
CD4i_R2_D4_Rest_NTC-057,NTC-057,CE0006864,Rest,CD4i_R2,99.0,1001621.0
CD4i_R2_D4_Rest_NTC-058,NTC-058,CE0006864,Rest,CD4i_R2,172.0,1440576.0
CD4i_R2_D4_Rest_NTC-059,NTC-059,CE0006864,Rest,CD4i_R2,28.0,198738.0
CD4i_R2_D4_Rest_NTC-060,NTC-060,CE0006864,Rest,CD4i_R2,64.0,522189.0
CD4i_R2_D4_Rest_NTC-061,NTC-061,CE0006864,Rest,CD4i_R2,37.0,274489.0
CD4i_R2_D4_Rest_NTC-062,NTC-062,CE0006864,Rest,CD4i_R2,95.0,946450.0
CD4i_R2_D4_Rest_NTC-063,NTC-063,CE0006864,Rest,CD4i_R2,27.0,211971.0
CD4i_R2_D4_Rest_NTC-064,NTC-064,CE0006864,Rest,CD4i_R2,129.0,1226224.0
CD4i_R2_D4_Rest_NTC-066,NTC-066,CE0006864,Rest,CD4i_R2,96.0,810154.0
CD4i_R2_D4_Rest_NTC-067,NTC-067,CE0006864,Rest,CD4i_R2,78.0,1004802.0
CD4i_R2_D4_Rest_NTC-068,NTC-068,CE0006864,Rest,CD4i_R2,25.0,255376.0
CD4i_R2_D4_Rest_NTC-069,NTC-069,CE0006864,Rest,CD4i_R2,56.0,471737.0
CD4i_R2_D4_Rest_NTC-070,NTC-070,CE0006864,Rest,CD4i_R2,33.0,278648.0
CD4i_R2_D4_Rest_NTC-071,NTC-071,CE0006864,Rest,CD4i_R2,154.0,1370214.0
CD4i_R2_D4_Rest_NTC-072,NTC-072,CE0006864,Rest,CD4i_R2,13.0,122349.0
CD4i_R2_D4_Rest_NTC-073,NTC-073,CE0006864,Rest,CD4i_R2,71.0,682456.0
CD4i_R2_D4_Rest_NTC-074,NTC-074,CE0006864,Rest,CD4i_R2,155.0,1449543.0
CD4i_R2_D4_Rest_NTC-075,NTC-075,CE0006864,Rest,CD4i_R2,38.0,295985.0
CD4i_R2_D4_Rest_NTC-076,NTC-076,CE0006864,Rest,CD4i_R2,20.0,157577.0
CD4i_R2_D4_Rest_NTC-077,NTC-077,CE0006864,Rest,CD4i_R2,63.0,553236.0
CD4i_R2_D4_Rest_NTC-078,NTC-078,CE0006864,Rest,CD4i_R2,97.0,926664.0
CD4i_R2_D4_Rest_NTC-079,NTC-079,CE0006864,Rest,CD4i_R2,60.0,477360.0
CD4i_R2_D4_Rest_NTC-080,NTC-080,CE0006864,Rest,CD4i_R2,37.0,285359.0
CD4i_R2_D4_Rest_NTC-081,NTC-081,CE0006864,Rest,CD4i_R2,17.0,151719.0
CD4i_R2_D4_Rest_NTC-082,NTC-082,CE0006864,Rest,CD4i_R2,21.0,215454.0
CD4i_R2_D4_Rest_NTC-083,NTC-083,CE0006864,Rest,CD4i_R2,139.0,1209370.0
CD4i_R2_D4_Rest_NTC-084,NTC-084,CE0006864,Rest,CD4i_R2,46.0,387023.0
CD4i_R2_D4_Rest_NTC-086,NTC-086,CE0006864,Rest,CD4i_R2,5.0,46677.0
CD4i_R2_D4_Rest_NTC-087,NTC-087,CE0006864,Rest,CD4i_R2,12.0,98701.0
CD4i_R2_D4_Rest_NTC-088,NTC-088,CE0006864,Rest,CD4i_R2,23.0,260833.0
CD4i_R2_D4_Rest_NTC-089,NTC-089,CE0006864,Rest,CD4i_R2,99.0,1070678.0
CD4i_R2_D4_Rest_NTC-090,NTC-090,CE0006864,Rest,CD4i_R2,149.0,1290285.0
CD4i_R2_D4_Rest_NTC-091,NTC-091,CE0006864,Rest,CD4i_R2,60.0,530194.0
CD4i_R2_D4_Rest_NTC-092,NTC-092,CE0006864,Rest,CD4i_R2,133.0,1273066.0
CD4i_R2_D4_Rest_NTC-093,NTC-093,CE0006864,Rest,CD4i_R2,124.0,1055758.0
CD4i_R2_D4_Rest_NTC-094,NTC-094,CE0006864,Rest,CD4i_R2,81.0,835336.0
CD4i_R2_D4_Rest_NTC-095,NTC-095,CE0006864,Rest,CD4i_R2,68.0,579270.0
CD4i_R2_D4_Rest_NTC-096,NTC-096,CE0006864,Rest,CD4i_R2,71.0,594022.0
CD4i_R2_D4_Rest_NTC-097,NTC-097,CE0006864,Rest,CD4i_R2,63.0,544977.0
CD4i_R2_D4_Rest_NTC-098,NTC-098,CE0006864,Rest,CD4i_R2,60.0,501865.0
CD4i_R2_D4_Rest_NTC-099,NTC-099,CE0006864,Rest,CD4i_R2,79.0,707519.0
CD4i_R2_D4_Rest_NTC-100,NTC-100,CE0006864,Rest,CD4i_R2,13.0,123190.0
CD4i_R2_D4_Rest_NTC-101,NTC-101,CE0006864,Rest,CD4i_R2,66.0,675174.0
CD4i_R2_D4_Rest_NTC-102,NTC-102,CE0006864,Rest,CD4i_R2,113.0,771196.0
CD4i_R2_D4_Rest_NTC-103,NTC-103,CE0006864,Rest,CD4i_R2,55.0,356923.0
CD4i_R2_D4_Rest_NTC-104,NTC-104,CE0006864,Rest,CD4i_R2,26.0,218557.0
CD4i_R2_D4_Rest_NTC-105,NTC-105,CE0006864,Rest,CD4i_R2,44.0,281002.0
CD4i_R2_D4_Rest_NTC-106,NTC-106,CE0006864,Rest,CD4i_R2,193.0,1783212.0
CD4i_R2_D4_Rest_NTC-107,NTC-107,CE0006864,Rest,CD4i_R2,17.0,182901.0
CD4i_R2_D4_Rest_NTC-108,NTC-108,CE0006864,Rest,CD4i_R2,96.0,898462.0
CD4i_R2_D4_Rest_NTC-109,NTC-109,CE0006864,Rest,CD4i_R2,9.0,120444.0
CD4i_R2_D4_Rest_NTC-110,NTC-110,CE0006864,Rest,CD4i_R2,48.0,410895.0
CD4i_R2_D4_Rest_NTC-111,NTC-111,CE0006864,Rest,CD4i_R2,56.0,542945.0
CD4i_R2_D4_Rest_NTC-112,NTC-112,CE0006864,Rest,CD4i_R2,57.0,435177.0
CD4i_R2_D4_Rest_NTC-113,NTC-113,CE0006864,Rest,CD4i_R2,123.0,1236968.0
CD4i_R2_D4_Rest_NTC-114,NTC-114,CE0006864,Rest,CD4i_R2,30.0,194473.0
CD4i_R2_D4_Rest_NTC-115,NTC-115,CE0006864,Rest,CD4i_R2,200.0,1891225.0
CD4i_R2_D4_Rest_NTC-116,NTC-116,CE0006864,Rest,CD4i_R2,28.0,349749.0
CD4i_R2_D4_Rest_NTC-117,NTC-117,CE0006864,Rest,CD4i_R2,44.0,568611.0
CD4i_R2_D4_Rest_NTC-118,NTC-118,CE0006864,Rest,CD4i_R2,57.0,417873.0
CD4i_R2_D4_Rest_NTC-119,NTC-119,CE0006864,Rest,CD4i_R2,5.0,35540.0
CD4i_R2_D4_Rest_NTC-120,NTC-120,CE0006864,Rest,CD4i_R2,69.0,568024.0
CD4i_R2_D4_Rest_NTC-121,NTC-121,CE0006864,Rest,CD4i_R2,8.0,145060.0
CD4i_R2_D4_Rest_NTC-122,NTC-122,CE0006864,Rest,CD4i_R2,28.0,260897.0
CD4i_R2_D4_Rest_NTC-123,NTC-123,CE0006864,Rest,CD4i_R2,66.0,610709.0
CD4i_R2_D4_Rest_NTC-124,NTC-124,CE0006864,Rest,CD4i_R2,46.0,507284.0
CD4i_R2_D4_Rest_NTC-125,NTC-125,CE0006864,Rest,CD4i_R2,44.0,302936.0
CD4i_R2_D4_Rest_NTC-126,NTC-126,CE0006864,Rest,CD4i_R2,74.0,800856.0
CD4i_R2_D4_Rest_NTC-127,NTC-127,CE0006864,Rest,CD4i_R2,70.0,604444.0
CD4i_R2_D4_Rest_NTC-128,NTC-128,CE0006864,Rest,CD4i_R2,54.0,565880.0
CD4i_R2_D4_Rest_NTC-129,NTC-129,CE0006864,Rest,CD4i_R2,142.0,1272266.0
CD4i_R2_D4_Rest_NTC-130,NTC-130,CE0006864,Rest,CD4i_R2,210.0,2008878.0
CD4i_R2_D4_Rest_NTC-131,NTC-131,CE0006864,Rest,CD4i_R2,51.0,406371.0
CD4i_R2_D4_Rest_NTC-132,NTC-132,CE0006864,Rest,CD4i_R2,30.0,230146.0
CD4i_R2_D4_Rest_NTC-133,NTC-133,CE0006864,Rest,CD4i_R2,72.0,554665.0
CD4i_R2_D4_Rest_NTC-134,NTC-134,CE0006864,Rest,CD4i_R2,65.0,772846.0
CD4i_R2_D4_Rest_NTC-135,NTC-135,CE0006864,Rest,CD4i_R2,43.0,674287.0
CD4i_R2_D4_Rest_NTC-136,NTC-136,CE0006864,Rest,CD4i_R2,79.0,643205.0
CD4i_R2_D4_Rest_NTC-137,NTC-137,CE0006864,Rest,CD4i_R2,39.0,324008.0
CD4i_R2_D4_Rest_NTC-138,NTC-138,CE0006864,Rest,CD4i_R2,50.0,511111.0
CD4i_R2_D4_Rest_NTC-139,NTC-139,CE0006864,Rest,CD4i_R2,81.0,801759.0
CD4i_R2_D4_Rest_NTC-140,NTC-140,CE0006864,Rest,CD4i_R2,86.0,697629.0
CD4i_R2_D4_Rest_NTC-141,NTC-141,CE0006864,Rest,CD4i_R2,314.0,2917589.0
CD4i_R2_D4_Rest_NTC-142,NTC-142,CE0006864,Rest,CD4i_R2,22.0,221364.0
CD4i_R2_D4_Rest_NTC-143,NTC-143,CE0006864,Rest,CD4i_R2,44.0,354321.0
CD4i_R2_D4_Rest_NTC-144,NTC-144,CE0006864,Rest,CD4i_R2,79.0,801597.0
CD4i_R2_D4_Rest_NTC-146,NTC-146,CE0006864,Rest,CD4i_R2,31.0,273282.0
CD4i_R2_D4_Rest_NTC-147,NTC-147,CE0006864,Rest,CD4i_R2,29.0,184316.0
CD4i_R2_D4_Rest_NTC-148,NTC-148,CE0006864,Rest,CD4i_R2,48.0,379851.0
CD4i_R2_D4_Rest_NTC-149,NTC-149,CE0006864,Rest,CD4i_R2,239.0,2297788.0
CD4i_R2_D4_Rest_NTC-150,NTC-150,CE0006864,Rest,CD4i_R2,41.0,445038.0
CD4i_R2_D4_Rest_NTC-151,NTC-151,CE0006864,Rest,CD4i_R2,112.0,918303.0
CD4i_R2_D4_Rest_NTC-152,NTC-152,CE0006864,Rest,CD4i_R2,106.0,825436.0
CD4i_R2_D4_Rest_NTC-153,NTC-153,CE0006864,Rest,CD4i_R2,152.0,1565692.0
CD4i_R2_D4_Rest_NTC-154,NTC-154,CE0006864,Rest,CD4i_R2,55.0,764091.0
CD4i_R2_D4_Rest_NTC-155,NTC-155,CE0006864,Rest,CD4i_R2,83.0,735100.0
CD4i_R2_D4_Rest_NTC-156,NTC-156,CE0006864,Rest,CD4i_R2,25.0,240981.0
CD4i_R2_D4_Rest_NTC-157,NTC-157,CE0006864,Rest,CD4i_R2,33.0,225354.0
CD4i_R2_D4_Rest_NTC-158,NTC-158,CE0006864,Rest,CD4i_R2,66.0,507349.0
CD4i_R2_D4_Rest_NTC-159,NTC-159,CE0006864,Rest,CD4i_R2,38.0,321644.0
CD4i_R2_D4_Rest_NTC-160,NTC-160,CE0006864,Rest,CD4i_R2,72.0,586426.0
CD4i_R2_D4_Rest_NTC-161,NTC-161,CE0006864,Rest,CD4i_R2,180.0,1424183.0
CD4i_R2_D4_Rest_NTC-162,NTC-162,CE0006864,Rest,CD4i_R2,30.0,238722.0
CD4i_R2_D4_Rest_NTC-163,NTC-163,CE0006864,Rest,CD4i_R2,74.0,710288.0
CD4i_R2_D4_Rest_NTC-164,NTC-164,CE0006864,Rest,CD4i_R2,66.0,617118.0
CD4i_R2_D4_Rest_NTC-165,NTC-165,CE0006864,Rest,CD4i_R2,14.0,129110.0
CD4i_R2_D4_Rest_NTC-166,NTC-166,CE0006864,Rest,CD4i_R2,323.0,3823915.0
CD4i_R2_D4_Rest_NTC-167,NTC-167,CE0006864,Rest,CD4i_R2,68.0,607448.0
CD4i_R2_D4_Rest_NTC-168,NTC-168,CE0006864,Rest,CD4i_R2,7.0,63334.0
CD4i_R2_D4_Rest_NTC-169,NTC-169,CE0006864,Rest,CD4i_R2,48.0,540343.0
CD4i_R2_D4_Rest_NTC-170,NTC-170,CE0006864,Rest,CD4i_R2,125.0,1023479.0
CD4i_R2_D4_Rest_NTC-171,NTC-171,CE0006864,Rest,CD4i_R2,9.0,46636.0
CD4i_R2_D4_Rest_NTC-172,NTC-172,CE0006864,Rest,CD4i_R2,18.0,168345.0
CD4i_R2_D4_Rest_NTC-173,NTC-173,CE0006864,Rest,CD4i_R2,62.0,520690.0
CD4i_R2_D4_Rest_NTC-174,NTC-174,CE0006864,Rest,CD4i_R2,81.0,653131.0
CD4i_R2_D4_Rest_NTC-175,NTC-175,CE0006864,Rest,CD4i_R2,124.0,1015617.0
CD4i_R2_D4_Rest_NTC-176,NTC-176,CE0006864,Rest,CD4i_R2,45.0,370718.0
CD4i_R2_D4_Rest_NTC-177,NTC-177,CE0006864,Rest,CD4i_R2,16.0,109101.0
CD4i_R2_D4_Rest_NTC-178,NTC-178,CE0006864,Rest,CD4i_R2,46.0,366831.0
CD4i_R2_D4_Rest_NTC-179,NTC-179,CE0006864,Rest,CD4i_R2,50.0,484015.0
CD4i_R2_D4_Rest_NTC-180,NTC-180,CE0006864,Rest,CD4i_R2,39.0,325174.0
CD4i_R2_D4_Rest_NTC-181,NTC-181,CE0006864,Rest,CD4i_R2,38.0,374170.0
CD4i_R2_D4_Rest_NTC-182,NTC-182,CE0006864,Rest,CD4i_R2,160.0,1583997.0
CD4i_R2_D4_Rest_NTC-183,NTC-183,CE0006864,Rest,CD4i_R2,65.0,630762.0
CD4i_R2_D4_Rest_NTC-184,NTC-184,CE0006864,Rest,CD4i_R2,88.0,799596.0
CD4i_R2_D4_Rest_NTC-185,NTC-185,CE0006864,Rest,CD4i_R2,27.0,183308.0
CD4i_R2_D4_Rest_NTC-186,NTC-186,CE0006864,Rest,CD4i_R2,89.0,769036.0
CD4i_R2_D4_Rest_NTC-188,NTC-188,CE0006864,Rest,CD4i_R2,48.0,403122.0
CD4i_R2_D4_Rest_NTC-189,NTC-189,CE0006864,Rest,CD4i_R2,28.0,240730.0
CD4i_R2_D4_Rest_NTC-190,NTC-190,CE0006864,Rest,CD4i_R2,52.0,364456.0
CD4i_R2_D4_Rest_NTC-191,NTC-191,CE0006864,Rest,CD4i_R2,110.0,962544.0
CD4i_R2_D4_Rest_NTC-192,NTC-192,CE0006864,Rest,CD4i_R2,110.0,771536.0
CD4i_R2_D4_Rest_NTC-193,NTC-193,CE0006864,Rest,CD4i_R2,98.0,849085.0
CD4i_R2_D4_Rest_NTC-194,NTC-194,CE0006864,Rest,CD4i_R2,30.0,247430.0
CD4i_R2_D4_Rest_NTC-195,NTC-195,CE0006864,Rest,CD4i_R2,120.0,1143197.0
CD4i_R2_D4_Rest_NTC-196,NTC-196,CE0006864,Rest,CD4i_R2,194.0,1662279.0
CD4i_R2_D4_Rest_NTC-197,NTC-197,CE0006864,Rest,CD4i_R2,101.0,850544.0
CD4i_R2_D4_Rest_NTC-198,NTC-198,CE0006864,Rest,CD4i_R2,10.0,95037.0
CD4i_R2_D4_Rest_NTC-199,NTC-199,CE0006864,Rest,CD4i_R2,5.0,94874.0
CD4i_R2_D4_Rest_NTC-200,NTC-200,CE0006864,Rest,CD4i_R2,63.0,580474.0
CD4i_R2_D4_Rest_NTC-201,NTC-201,CE0006864,Rest,CD4i_R2,95.0,666487.0
CD4i_R2_D4_Rest_NTC-202,NTC-202,CE0006864,Rest,CD4i_R2,165.0,1557330.0
CD4i_R2_D4_Rest_NTC-203,NTC-203,CE0006864,Rest,CD4i_R2,107.0,865303.0
CD4i_R2_D4_Rest_NTC-205,NTC-205,CE0006864,Rest,CD4i_R2,23.0,180643.0
CD4i_R2_D4_Rest_NTC-206,NTC-206,CE0006864,Rest,CD4i_R2,53.0,432801.0
CD4i_R2_D4_Rest_NTC-207,NTC-207,CE0006864,Rest,CD4i_R2,27.0,267961.0
CD4i_R2_D4_Rest_NTC-208,NTC-208,CE0006864,Rest,CD4i_R2,44.0,434947.0
CD4i_R2_D4_Rest_NTC-209,NTC-209,CE0006864,Rest,CD4i_R2,68.0,539043.0
CD4i_R2_D4_Rest_NTC-210,NTC-210,CE0006864,Rest,CD4i_R2,48.0,365439.0
CD4i_R2_D4_Rest_NTC-211,NTC-211,CE0006864,Rest,CD4i_R2,113.0,1030643.0
CD4i_R2_D4_Rest_NTC-212,NTC-212,CE0006864,Rest,CD4i_R2,59.0,592947.0
CD4i_R2_D4_Rest_NTC-213,NTC-213,CE0006864,Rest,CD4i_R2,80.0,585404.0
CD4i_R2_D4_Rest_NTC-214,NTC-214,CE0006864,Rest,CD4i_R2,46.0,312253.0
CD4i_R2_D4_Rest_NTC-215,NTC-215,CE0006864,Rest,CD4i_R2,41.0,373986.0
CD4i_R2_D4_Rest_NTC-216,NTC-216,CE0006864,Rest,CD4i_R2,25.0,290972.0
CD4i_R2_D4_Rest_NTC-217,NTC-217,CE0006864,Rest,CD4i_R2,47.0,386810.0
CD4i_R2_D4_Rest_NTC-219,NTC-219,CE0006864,Rest,CD4i_R2,121.0,943152.0
CD4i_R2_D4_Rest_NTC-220,NTC-220,CE0006864,Rest,CD4i_R2,76.0,625535.0
CD4i_R2_D4_Rest_NTC-221,NTC-221,CE0006864,Rest,CD4i_R2,11.0,136849.0
CD4i_R2_D4_Rest_NTC-222,NTC-222,CE0006864,Rest,CD4i_R2,89.0,812532.0
CD4i_R2_D4_Rest_NTC-224,NTC-224,CE0006864,Rest,CD4i_R2,46.0,319687.0
CD4i_R2_D4_Rest_NTC-225,NTC-225,CE0006864,Rest,CD4i_R2,50.0,377145.0
CD4i_R2_D4_Rest_NTC-226,NTC-226,CE0006864,Rest,CD4i_R2,77.0,939048.0
CD4i_R2_D4_Rest_NTC-227,NTC-227,CE0006864,Rest,CD4i_R2,58.0,597996.0
CD4i_R2_D4_Rest_NTC-228,NTC-228,CE0006864,Rest,CD4i_R2,134.0,1300949.0
CD4i_R2_D4_Rest_NTC-229,NTC-229,CE0006864,Rest,CD4i_R2,69.0,605853.0
CD4i_R2_D4_Rest_NTC-230,NTC-230,CE0006864,Rest,CD4i_R2,32.0,238906.0
CD4i_R2_D4_Rest_NTC-231,NTC-231,CE0006864,Rest,CD4i_R2,36.0,280761.0
CD4i_R2_D4_Rest_NTC-232,NTC-232,CE0006864,Rest,CD4i_R2,38.0,418631.0
CD4i_R2_D4_Rest_NTC-233,NTC-233,CE0006864,Rest,CD4i_R2,136.0,1165006.0
CD4i_R2_D4_Rest_NTC-234,NTC-234,CE0006864,Rest,CD4i_R2,39.0,351723.0
CD4i_R2_D4_Rest_NTC-235,NTC-235,CE0006864,Rest,CD4i_R2,89.0,816129.0
CD4i_R2_D4_Rest_NTC-236,NTC-236,CE0006864,Rest,CD4i_R2,28.0,204014.0
CD4i_R2_D4_Rest_NTC-237,NTC-237,CE0006864,Rest,CD4i_R2,85.0,719914.0
CD4i_R2_D4_Rest_NTC-238,NTC-238,CE0006864,Rest,CD4i_R2,17.0,148098.0
CD4i_R2_D4_Rest_NTC-239,NTC-239,CE0006864,Rest,CD4i_R2,106.0,1018864.0
CD4i_R2_D4_Rest_NTC-240,NTC-240,CE0006864,Rest,CD4i_R2,36.0,346816.0
CD4i_R2_D4_Rest_NTC-241,NTC-241,CE0006864,Rest,CD4i_R2,110.0,878862.0
CD4i_R2_D4_Rest_NTC-242,NTC-242,CE0006864,Rest,CD4i_R2,81.0,616372.0
CD4i_R2_D4_Rest_NTC-243,NTC-243,CE0006864,Rest,CD4i_R2,63.0,565470.0
CD4i_R2_D4_Rest_NTC-244,NTC-244,CE0006864,Rest,CD4i_R2,108.0,916259.0
CD4i_R2_D4_Rest_NTC-245,NTC-245,CE0006864,Rest,CD4i_R2,130.0,1129462.0
CD4i_R2_D4_Rest_NTC-246,NTC-246,CE0006864,Rest,CD4i_R2,239.0,1976783.0
CD4i_R2_D4_Rest_NTC-247,NTC-247,CE0006864,Rest,CD4i_R2,24.0,179169.0
CD4i_R2_D4_Rest_NTC-248,NTC-248,CE0006864,Rest,CD4i_R2,107.0,917851.0
CD4i_R2_D4_Rest_NTC-249,NTC-249,CE0006864,Rest,CD4i_R2,118.0,826731.0
CD4i_R2_D4_Rest_NTC-250,NTC-250,CE0006864,Rest,CD4i_R2,36.0,240730.0
CD4i_R2_D4_Rest_NTC-251,NTC-251,CE0006864,Rest,CD4i_R2,88.0,770185.0
CD4i_R2_D4_Rest_NTC-252,NTC-252,CE0006864,Rest,CD4i_R2,96.0,769234.0
CD4i_R2_D4_Rest_NTC-253,NTC-253,CE0006864,Rest,CD4i_R2,19.0,168235.0
CD4i_R2_D4_Rest_NTC-254,NTC-254,CE0006864,Rest,CD4i_R2,25.0,236852.0
CD4i_R2_D4_Rest_NTC-256,NTC-256,CE0006864,Rest,CD4i_R2,57.0,472595.0
CD4i_R2_D4_Rest_NTC-257,NTC-257,CE0006864,Rest,CD4i_R2,105.0,975291.0
CD4i_R2_D4_Rest_NTC-258,NTC-258,CE0006864,Rest,CD4i_R2,43.0,324832.0
CD4i_R2_D4_Rest_NTC-260,NTC-260,CE0006864,Rest,CD4i_R2,178.0,1477326.0
CD4i_R2_D4_Rest_NTC-261,NTC-261,CE0006864,Rest,CD4i_R2,38.0,295096.0
CD4i_R2_D4_Rest_NTC-262,NTC-262,CE0006864,Rest,CD4i_R2,104.0,852821.0
CD4i_R2_D4_Rest_NTC-263,NTC-263,CE0006864,Rest,CD4i_R2,94.0,744056.0
CD4i_R2_D4_Rest_NTC-264,NTC-264,CE0006864,Rest,CD4i_R2,83.0,627826.0
CD4i_R2_D4_Rest_NTC-265,NTC-265,CE0006864,Rest,CD4i_R2,106.0,1010334.0
CD4i_R2_D4_Rest_NTC-266,NTC-266,CE0006864,Rest,CD4i_R2,68.0,610261.0
CD4i_R2_D4_Rest_NTC-267,NTC-267,CE0006864,Rest,CD4i_R2,58.0,500127.0
CD4i_R2_D4_Rest_NTC-268,NTC-268,CE0006864,Rest,CD4i_R2,147.0,1248405.0
CD4i_R2_D4_Rest_NTC-269,NTC-269,CE0006864,Rest,CD4i_R2,68.0,659563.0
CD4i_R2_D4_Rest_NTC-270,NTC-270,CE0006864,Rest,CD4i_R2,121.0,940919.0
CD4i_R2_D4_Rest_NTC-271,NTC-271,CE0006864,Rest,CD4i_R2,73.0,636198.0
CD4i_R2_D4_Rest_NTC-272,NTC-272,CE0006864,Rest,CD4i_R2,38.0,278293.0
CD4i_R2_D4_Rest_NTC-273,NTC-273,CE0006864,Rest,CD4i_R2,67.0,464899.0
CD4i_R2_D4_Rest_NTC-274,NTC-274,CE0006864,Rest,CD4i_R2,59.0,440771.0
CD4i_R2_D4_Rest_NTC-275,NTC-275,CE0006864,Rest,CD4i_R2,154.0,1446204.0
CD4i_R2_D4_Rest_NTC-276,NTC-276,CE0006864,Rest,CD4i_R2,205.0,2203245.0
CD4i_R2_D4_Rest_NTC-277,NTC-277,CE0006864,Rest,CD4i_R2,43.0,293459.0
CD4i_R2_D4_Rest_NTC-278,NTC-278,CE0006864,Rest,CD4i_R2,159.0,1380139.0
CD4i_R2_D4_Rest_NTC-279,NTC-279,CE0006864,Rest,CD4i_R2,165.0,1427143.0
CD4i_R2_D4_Rest_NTC-280,NTC-280,CE0006864,Rest,CD4i_R2,81.0,531245.0
CD4i_R2_D4_Rest_NTC-281,NTC-281,CE0006864,Rest,CD4i_R2,194.0,1617492.0
CD4i_R2_D4_Rest_NTC-282,NTC-282,CE0006864,Rest,CD4i_R2,95.0,801886.0
CD4i_R2_D4_Rest_NTC-283,NTC-283,CE0006864,Rest,CD4i_R2,60.0,471151.0
CD4i_R2_D4_Rest_NTC-285,NTC-285,CE0006864,Rest,CD4i_R2,40.0,312480.0
CD4i_R2_D4_Rest_NTC-286,NTC-286,CE0006864,Rest,CD4i_R2,74.0,698344.0
CD4i_R2_D4_Rest_NTC-287,NTC-287,CE0006864,Rest,CD4i_R2,73.0,709664.0
CD4i_R2_D4_Rest_NTC-288,NTC-288,CE0006864,Rest,CD4i_R2,105.0,946295.0
CD4i_R2_D4_Rest_NTC-289,NTC-289,CE0006864,Rest,CD4i_R2,24.0,199236.0
CD4i_R2_D4_Rest_NTC-290,NTC-290,CE0006864,Rest,CD4i_R2,54.0,417769.0
CD4i_R2_D4_Rest_NTC-291,NTC-291,CE0006864,Rest,CD4i_R2,204.0,1726884.0
CD4i_R2_D4_Rest_NTC-292,NTC-292,CE0006864,Rest,CD4i_R2,161.0,1134356.0
CD4i_R2_D4_Rest_NTC-293,NTC-293,CE0006864,Rest,CD4i_R2,93.0,819902.0
CD4i_R2_D4_Rest_NTC-294,NTC-294,CE0006864,Rest,CD4i_R2,74.0,661736.0
CD4i_R2_D4_Rest_NTC-295,NTC-295,CE0006864,Rest,CD4i_R2,88.0,740621.0
CD4i_R2_D4_Rest_NTC-296,NTC-296,CE0006864,Rest,CD4i_R2,107.0,700058.0
CD4i_R2_D4_Rest_NTC-297,NTC-297,CE0006864,Rest,CD4i_R2,67.0,524204.0
CD4i_R2_D4_Rest_NTC-298,NTC-298,CE0006864,Rest,CD4i_R2,141.0,1382975.0
CD4i_R2_D4_Rest_NTC-299,NTC-299,CE0006864,Rest,CD4i_R2,96.0,885011.0
CD4i_R2_D4_Rest_NTC-300,NTC-300,CE0006864,Rest,CD4i_R2,54.0,427007.0
CD4i_R2_D4_Rest_NTC-301,NTC-301,CE0006864,Rest,CD4i_R2,85.0,719234.0
CD4i_R2_D4_Rest_NTC-302,NTC-302,CE0006864,Rest,CD4i_R2,151.0,1305020.0
CD4i_R2_D4_Rest_NTC-303,NTC-303,CE0006864,Rest,CD4i_R2,84.0,734018.0
CD4i_R2_D4_Rest_NTC-304,NTC-304,CE0006864,Rest,CD4i_R2,104.0,831787.0
CD4i_R2_D4_Rest_NTC-305,NTC-305,CE0006864,Rest,CD4i_R2,86.0,860067.0
CD4i_R2_D4_Rest_NTC-306,NTC-306,CE0006864,Rest,CD4i_R2,26.0,199052.0
CD4i_R2_D4_Rest_NTC-307,NTC-307,CE0006864,Rest,CD4i_R2,21.0,147355.0
CD4i_R2_D4_Rest_NTC-309,NTC-309,CE0006864,Rest,CD4i_R2,11.0,110073.0
CD4i_R2_D4_Rest_NTC-310,NTC-310,CE0006864,Rest,CD4i_R2,117.0,1108996.0
CD4i_R2_D4_Rest_NTC-311,NTC-311,CE0006864,Rest,CD4i_R2,24.0,245243.0
CD4i_R2_D4_Rest_NTC-312,NTC-312,CE0006864,Rest,CD4i_R2,57.0,394324.0
CD4i_R2_D4_Rest_NTC-313,NTC-313,CE0006864,Rest,CD4i_R2,49.0,444190.0
CD4i_R2_D4_Rest_NTC-314,NTC-314,CE0006864,Rest,CD4i_R2,43.0,393658.0
CD4i_R2_D4_Rest_NTC-315,NTC-315,CE0006864,Rest,CD4i_R2,74.0,625418.0
CD4i_R2_D4_Rest_NTC-316,NTC-316,CE0006864,Rest,CD4i_R2,90.0,902705.0
CD4i_R2_D4_Rest_NTC-317,NTC-317,CE0006864,Rest,CD4i_R2,110.0,926851.0
CD4i_R2_D4_Rest_NTC-318,NTC-318,CE0006864,Rest,CD4i_R2,64.0,432585.0
CD4i_R2_D4_Rest_NTC-319,NTC-319,CE0006864,Rest,CD4i_R2,77.0,620373.0
CD4i_R2_D4_Rest_NTC-320,NTC-320,CE0006864,Rest,CD4i_R2,45.0,291377.0
CD4i_R2_D4_Rest_NTC-321,NTC-321,CE0006864,Rest,CD4i_R2,35.0,262423.0
CD4i_R2_D4_Rest_NTC-322,NTC-322,CE0006864,Rest,CD4i_R2,105.0,1156484.0
CD4i_R2_D4_Rest_NTC-323,NTC-323,CE0006864,Rest,CD4i_R2,44.0,343098.0
CD4i_R2_D4_Rest_NTC-324,NTC-324,CE0006864,Rest,CD4i_R2,31.0,202432.0
CD4i_R2_D4_Rest_NTC-325,NTC-325,CE0006864,Rest,CD4i_R2,58.0,604841.0
CD4i_R2_D4_Rest_NTC-326,NTC-326,CE0006864,Rest,CD4i_R2,77.0,596092.0
CD4i_R2_D4_Rest_NTC-327,NTC-327,CE0006864,Rest,CD4i_R2,76.0,675925.0
CD4i_R2_D4_Rest_NTC-328,NTC-328,CE0006864,Rest,CD4i_R2,68.0,670313.0
CD4i_R2_D4_Rest_NTC-329,NTC-329,CE0006864,Rest,CD4i_R2,98.0,856237.0
CD4i_R2_D4_Rest_NTC-331,NTC-331,CE0006864,Rest,CD4i_R2,55.0,555539.0
CD4i_R2_D4_Rest_NTC-332,NTC-332,CE0006864,Rest,CD4i_R2,110.0,995342.0
CD4i_R2_D4_Rest_NTC-333,NTC-333,CE0006864,Rest,CD4i_R2,23.0,190622.0
CD4i_R2_D4_Rest_NTC-334,NTC-334,CE0006864,Rest,CD4i_R2,103.0,807467.0
CD4i_R2_D4_Rest_NTC-336,NTC-336,CE0006864,Rest,CD4i_R2,54.0,511578.0
CD4i_R2_D4_Rest_NTC-337,NTC-337,CE0006864,Rest,CD4i_R2,66.0,529852.0
CD4i_R2_D4_Rest_NTC-338,NTC-338,CE0006864,Rest,CD4i_R2,161.0,1371972.0
CD4i_R2_D4_Rest_NTC-339,NTC-339,CE0006864,Rest,CD4i_R2,48.0,364553.0
CD4i_R2_D4_Rest_NTC-340,NTC-340,CE0006864,Rest,CD4i_R2,90.0,704563.0
CD4i_R2_D4_Rest_NTC-341,NTC-341,CE0006864,Rest,CD4i_R2,41.0,336394.0
CD4i_R2_D4_Rest_NTC-342,NTC-342,CE0006864,Rest,CD4i_R2,75.0,635364.0
CD4i_R2_D4_Rest_NTC-343,NTC-343,CE0006864,Rest,CD4i_R2,90.0,761547.0
CD4i_R2_D4_Rest_NTC-344,NTC-344,CE0006864,Rest,CD4i_R2,78.0,609435.0
CD4i_R2_D4_Rest_NTC-345,NTC-345,CE0006864,Rest,CD4i_R2,25.0,338098.0
CD4i_R2_D4_Rest_NTC-346,NTC-346,CE0006864,Rest,CD4i_R2,106.0,1094445.0
CD4i_R2_D4_Rest_NTC-347,NTC-347,CE0006864,Rest,CD4i_R2,112.0,1050478.0
CD4i_R2_D4_Rest_NTC-348,NTC-348,CE0006864,Rest,CD4i_R2,103.0,900284.0
CD4i_R2_D4_Rest_NTC-349,NTC-349,CE0006864,Rest,CD4i_R2,114.0,1014700.0
CD4i_R2_D4_Rest_NTC-350,NTC-350,CE0006864,Rest,CD4i_R2,9.0,115209.0
CD4i_R2_D4_Rest_NTC-351,NTC-351,CE0006864,Rest,CD4i_R2,148.0,1307983.0
CD4i_R2_D4_Rest_NTC-352,NTC-352,CE0006864,Rest,CD4i_R2,93.0,752723.0
CD4i_R2_D4_Rest_NTC-353,NTC-353,CE0006864,Rest,CD4i_R2,74.0,674117.0
CD4i_R2_D4_Rest_NTC-354,NTC-354,CE0006864,Rest,CD4i_R2,75.0,598905.0
CD4i_R2_D4_Rest_NTC-355,NTC-355,CE0006864,Rest,CD4i_R2,102.0,901648.0
CD4i_R2_D4_Rest_NTC-356,NTC-356,CE0006864,Rest,CD4i_R2,67.0,552633.0
CD4i_R2_D4_Rest_NTC-357,NTC-357,CE0006864,Rest,CD4i_R2,54.0,423956.0
CD4i_R2_D4_Rest_NTC-358,NTC-358,CE0006864,Rest,CD4i_R2,71.0,488475.0
CD4i_R2_D4_Rest_NTC-359,NTC-359,CE0006864,Rest,CD4i_R2,38.0,283871.0
CD4i_R2_D4_Rest_NTC-360,NTC-360,CE0006864,Rest,CD4i_R2,72.0,676118.0
CD4i_R2_D4_Rest_NTC-361,NTC-361,CE0006864,Rest,CD4i_R2,56.0,398575.0
CD4i_R2_D4_Rest_NTC-362,NTC-362,CE0006864,Rest,CD4i_R2,33.0,243674.0
CD4i_R2_D4_Rest_NTC-363,NTC-363,CE0006864,Rest,CD4i_R2,157.0,1403501.0
CD4i_R2_D4_Rest_NTC-365,NTC-365,CE0006864,Rest,CD4i_R2,50.0,348224.0
CD4i_R2_D4_Rest_NTC-366,NTC-366,CE0006864,Rest,CD4i_R2,178.0,1442539.0
CD4i_R2_D4_Rest_NTC-367,NTC-367,CE0006864,Rest,CD4i_R2,165.0,1582686.0
CD4i_R2_D4_Rest_NTC-368,NTC-368,CE0006864,Rest,CD4i_R2,47.0,467171.0
CD4i_R2_D4_Rest_NTC-369,NTC-369,CE0006864,Rest,CD4i_R2,142.0,1645038.0
CD4i_R2_D4_Rest_NTC-370,NTC-370,CE0006864,Rest,CD4i_R2,85.0,633714.0
CD4i_R2_D4_Rest_NTC-371,NTC-371,CE0006864,Rest,CD4i_R2,29.0,322646.0
CD4i_R2_D4_Rest_NTC-372,NTC-372,CE0006864,Rest,CD4i_R2,101.0,938368.0
CD4i_R2_D4_Rest_NTC-373,NTC-373,CE0006864,Rest,CD4i_R2,70.0,542042.0
CD4i_R2_D4_Rest_NTC-374,NTC-374,CE0006864,Rest,CD4i_R2,88.0,885154.0
CD4i_R2_D4_Rest_NTC-375,NTC-375,CE0006864,Rest,CD4i_R2,18.0,170313.0
CD4i_R2_D4_Rest_NTC-376,NTC-376,CE0006864,Rest,CD4i_R2,154.0,1235291.0
CD4i_R2_D4_Rest_NTC-377,NTC-377,CE0006864,Rest,CD4i_R2,150.0,1443789.0
CD4i_R2_D4_Rest_NTC-378,NTC-378,CE0006864,Rest,CD4i_R2,129.0,950253.0
CD4i_R2_D4_Rest_NTC-379,NTC-379,CE0006864,Rest,CD4i_R2,27.0,290043.0
CD4i_R2_D4_Rest_NTC-380,NTC-380,CE0006864,Rest,CD4i_R2,141.0,1213165.0
CD4i_R2_D4_Rest_NTC-381,NTC-381,CE0006864,Rest,CD4i_R2,90.0,855613.0
CD4i_R2_D4_Rest_NTC-382,NTC-382,CE0006864,Rest,CD4i_R2,91.0,913379.0
CD4i_R2_D4_Rest_NTC-383,NTC-383,CE0006864,Rest,CD4i_R2,48.0,454447.0
CD4i_R2_D4_Rest_NTC-384,NTC-384,CE0006864,Rest,CD4i_R2,48.0,364623.0
CD4i_R2_D4_Rest_NTC-386,NTC-386,CE0006864,Rest,CD4i_R2,31.0,185134.0
CD4i_R2_D4_Rest_NTC-387,NTC-387,CE0006864,Rest,CD4i_R2,92.0,966884.0
CD4i_R2_D4_Rest_NTC-388,NTC-388,CE0006864,Rest,CD4i_R2,164.0,1368075.0
CD4i_R2_D4_Rest_NTC-389,NTC-389,CE0006864,Rest,CD4i_R2,102.0,946966.0
CD4i_R2_D4_Rest_NTC-390,NTC-390,CE0006864,Rest,CD4i_R2,44.0,374827.0
CD4i_R2_D4_Rest_NTC-391,NTC-391,CE0006864,Rest,CD4i_R2,80.0,696826.0
CD4i_R2_D4_Rest_NTC-392,NTC-392,CE0006864,Rest,CD4i_R2,21.0,163506.0
CD4i_R2_D4_Rest_NTC-393,NTC-393,CE0006864,Rest,CD4i_R2,65.0,499239.0
CD4i_R2_D4_Rest_NTC-394,NTC-394,CE0006864,Rest,CD4i_R2,23.0,231859.0
CD4i_R2_D4_Rest_NTC-395,NTC-395,CE0006864,Rest,CD4i_R2,11.0,180828.0
CD4i_R2_D4_Rest_NTC-396,NTC-396,CE0006864,Rest,CD4i_R2,19.0,183721.0
CD4i_R2_D4_Rest_NTC-397,NTC-397,CE0006864,Rest,CD4i_R2,73.0,609045.0
CD4i_R2_D4_Rest_NTC-398,NTC-398,CE0006864,Rest,CD4i_R2,24.0,197660.0
CD4i_R2_D4_Rest_NTC-399,NTC-399,CE0006864,Rest,CD4i_R2,91.0,675809.0
CD4i_R2_D4_Rest_NTC-400,NTC-400,CE0006864,Rest,CD4i_R2,5.0,51521.0
CD4i_R2_D4_Rest_NTC-401,NTC-401,CE0006864,Rest,CD4i_R2,33.0,263782.0
CD4i_R2_D4_Rest_NTC-402,NTC-402,CE0006864,Rest,CD4i_R2,58.0,534853.0
CD4i_R2_D4_Rest_NTC-403,NTC-403,CE0006864,Rest,CD4i_R2,61.0,625006.0
CD4i_R2_D4_Rest_NTC-404,NTC-404,CE0006864,Rest,CD4i_R2,76.0,623675.0
CD4i_R2_D4_Rest_NTC-405,NTC-405,CE0006864,Rest,CD4i_R2,40.0,293163.0
CD4i_R2_D4_Rest_NTC-406,NTC-406,CE0006864,Rest,CD4i_R2,16.0,144513.0
CD4i_R2_D4_Rest_NTC-407,NTC-407,CE0006864,Rest,CD4i_R2,16.0,129322.0
CD4i_R2_D4_Rest_NTC-408,NTC-408,CE0006864,Rest,CD4i_R2,79.0,698031.0
CD4i_R2_D4_Rest_NTC-409,NTC-409,CE0006864,Rest,CD4i_R2,137.0,1305472.0
CD4i_R2_D4_Rest_NTC-410,NTC-410,CE0006864,Rest,CD4i_R2,113.0,824532.0
CD4i_R2_D4_Rest_NTC-411,NTC-411,CE0006864,Rest,CD4i_R2,112.0,921097.0
CD4i_R2_D4_Rest_NTC-412,NTC-412,CE0006864,Rest,CD4i_R2,149.0,1470500.0
CD4i_R2_D4_Rest_NTC-413,NTC-413,CE0006864,Rest,CD4i_R2,133.0,1198194.0
CD4i_R2_D4_Rest_NTC-414,NTC-414,CE0006864,Rest,CD4i_R2,54.0,327203.0
CD4i_R2_D4_Rest_NTC-415,NTC-415,CE0006864,Rest,CD4i_R2,81.0,636910.0
CD4i_R2_D4_Rest_NTC-416,NTC-416,CE0006864,Rest,CD4i_R2,72.0,718757.0
CD4i_R2_D4_Rest_NTC-417,NTC-417,CE0006864,Rest,CD4i_R2,25.0,232358.0
CD4i_R2_D4_Rest_NTC-418,NTC-418,CE0006864,Rest,CD4i_R2,17.0,166896.0
CD4i_R2_D4_Rest_NTC-419,NTC-419,CE0006864,Rest,CD4i_R2,70.0,576928.0
CD4i_R2_D4_Rest_NTC-420,NTC-420,CE0006864,Rest,CD4i_R2,35.0,344563.0
CD4i_R2_D4_Rest_NTC-421,NTC-421,CE0006864,Rest,CD4i_R2,63.0,461878.0
CD4i_R2_D4_Rest_NTC-422,NTC-422,CE0006864,Rest,CD4i_R2,159.0,1341366.0
CD4i_R2_D4_Rest_NTC-423,NTC-423,CE0006864,Rest,CD4i_R2,65.0,550564.0
CD4i_R2_D4_Rest_NTC-424,NTC-424,CE0006864,Rest,CD4i_R2,20.0,172578.0
CD4i_R2_D4_Rest_NTC-425,NTC-425,CE0006864,Rest,CD4i_R2,309.0,2864994.0
CD4i_R2_D4_Rest_NTC-426,NTC-426,CE0006864,Rest,CD4i_R2,94.0,759417.0
CD4i_R2_D4_Rest_NTC-427,NTC-427,CE0006864,Rest,CD4i_R2,86.0,829629.0
CD4i_R2_D4_Rest_NTC-428,NTC-428,CE0006864,Rest,CD4i_R2,45.0,363393.0
CD4i_R2_D4_Rest_NTC-429,NTC-429,CE0006864,Rest,CD4i_R2,28.0,233963.0
CD4i_R2_D4_Rest_NTC-430,NTC-430,CE0006864,Rest,CD4i_R2,91.0,856446.0
CD4i_R2_D4_Rest_NTC-431,NTC-431,CE0006864,Rest,CD4i_R2,161.0,1355291.0
CD4i_R2_D4_Rest_NTC-432,NTC-432,CE0006864,Rest,CD4i_R2,17.0,127147.0
CD4i_R2_D4_Rest_NTC-433,NTC-433,CE0006864,Rest,CD4i_R2,77.0,635200.0
CD4i_R2_D4_Rest_NTC-434,NTC-434,CE0006864,Rest,CD4i_R2,100.0,994589.0
CD4i_R2_D4_Rest_NTC-435,NTC-435,CE0006864,Rest,CD4i_R2,50.0,432482.0
CD4i_R2_D4_Rest_NTC-436,NTC-436,CE0006864,Rest,CD4i_R2,50.0,509031.0
CD4i_R2_D4_Rest_NTC-437,NTC-437,CE0006864,Rest,CD4i_R2,134.0,1148568.0
CD4i_R2_D4_Rest_NTC-438,NTC-438,CE0006864,Rest,CD4i_R2,48.0,412379.0
CD4i_R2_D4_Rest_NTC-439,NTC-439,CE0006864,Rest,CD4i_R2,34.0,251971.0
CD4i_R2_D4_Rest_NTC-441,NTC-441,CE0006864,Rest,CD4i_R2,59.0,354280.0
CD4i_R2_D4_Rest_NTC-442,NTC-442,CE0006864,Rest,CD4i_R2,46.0,401884.0
CD4i_R2_D4_Rest_NTC-443,NTC-443,CE0006864,Rest,CD4i_R2,100.0,887473.0
CD4i_R2_D4_Rest_NTC-444,NTC-444,CE0006864,Rest,CD4i_R2,65.0,595794.0
CD4i_R2_D4_Rest_NTC-445,NTC-445,CE0006864,Rest,CD4i_R2,38.0,345701.0
CD4i_R2_D4_Rest_NTC-446,NTC-446,CE0006864,Rest,CD4i_R2,98.0,805656.0
CD4i_R2_D4_Rest_NTC-447,NTC-447,CE0006864,Rest,CD4i_R2,28.0,223789.0
CD4i_R2_D4_Rest_NTC-448,NTC-448,CE0006864,Rest,CD4i_R2,32.0,317058.0
CD4i_R2_D4_Rest_NTC-449,NTC-449,CE0006864,Rest,CD4i_R2,110.0,811849.0
CD4i_R2_D4_Rest_NTC-450,NTC-450,CE0006864,Rest,CD4i_R2,13.0,154237.0
CD4i_R2_D4_Rest_NTC-451,NTC-451,CE0006864,Rest,CD4i_R2,54.0,381860.0
CD4i_R2_D4_Rest_NTC-452,NTC-452,CE0006864,Rest,CD4i_R2,110.0,964284.0
CD4i_R2_D4_Rest_NTC-453,NTC-453,CE0006864,Rest,CD4i_R2,25.0,244895.0
CD4i_R2_D4_Rest_NTC-454,NTC-454,CE0006864,Rest,CD4i_R2,65.0,608497.0
CD4i_R2_D4_Rest_NTC-455,NTC-455,CE0006864,Rest,CD4i_R2,28.0,207679.0
CD4i_R2_D4_Rest_NTC-456,NTC-456,CE0006864,Rest,CD4i_R2,17.0,145674.0
CD4i_R2_D4_Rest_NTC-457,NTC-457,CE0006864,Rest,CD4i_R2,98.0,838627.0
CD4i_R2_D4_Rest_NTC-458,NTC-458,CE0006864,Rest,CD4i_R2,89.0,913012.0
CD4i_R2_D4_Rest_NTC-459,NTC-459,CE0006864,Rest,CD4i_R2,153.0,1234050.0
CD4i_R2_D4_Rest_NTC-460,NTC-460,CE0006864,Rest,CD4i_R2,83.0,724301.0
CD4i_R2_D4_Rest_NTC-461,NTC-461,CE0006864,Rest,CD4i_R2,47.0,610779.0
CD4i_R2_D4_Rest_NTC-462,NTC-462,CE0006864,Rest,CD4i_R2,89.0,785934.0
CD4i_R2_D4_Rest_NTC-463,NTC-463,CE0006864,Rest,CD4i_R2,59.0,591104.0
CD4i_R2_D4_Rest_NTC-464,NTC-464,CE0006864,Rest,CD4i_R2,65.0,680619.0
CD4i_R2_D4_Rest_NTC-465,NTC-465,CE0006864,Rest,CD4i_R2,82.0,818963.0
CD4i_R2_D4_Rest_NTC-466,NTC-466,CE0006864,Rest,CD4i_R2,58.0,477955.0
CD4i_R2_D4_Rest_NTC-467,NTC-467,CE0006864,Rest,CD4i_R2,60.0,553102.0
CD4i_R2_D4_Rest_NTC-468,NTC-468,CE0006864,Rest,CD4i_R2,75.0,672931.0
CD4i_R2_D4_Rest_NTC-469,NTC-469,CE0006864,Rest,CD4i_R2,89.0,811203.0
CD4i_R2_D4_Rest_NTC-470,NTC-470,CE0006864,Rest,CD4i_R2,218.0,3060313.0
CD4i_R2_D4_Rest_NTC-471,NTC-471,CE0006864,Rest,CD4i_R2,117.0,834806.0
CD4i_R2_D4_Rest_NTC-473,NTC-473,CE0006864,Rest,CD4i_R2,33.0,246396.0
CD4i_R2_D4_Rest_NTC-474,NTC-474,CE0006864,Rest,CD4i_R2,117.0,1076970.0
CD4i_R2_D4_Rest_NTC-475,NTC-475,CE0006864,Rest,CD4i_R2,21.0,192856.0
CD4i_R2_D4_Rest_NTC-476,NTC-476,CE0006864,Rest,CD4i_R2,60.0,553050.0
CD4i_R2_D4_Rest_NTC-477,NTC-477,CE0006864,Rest,CD4i_R2,32.0,220020.0
CD4i_R2_D4_Rest_NTC-478,NTC-478,CE0006864,Rest,CD4i_R2,34.0,222239.0
CD4i_R2_D4_Rest_NTC-479,NTC-479,CE0006864,Rest,CD4i_R2,182.0,1724331.0
CD4i_R2_D4_Rest_NTC-480,NTC-480,CE0006864,Rest,CD4i_R2,9.0,67170.0
CD4i_R2_D4_Rest_NTC-481,NTC-481,CE0006864,Rest,CD4i_R2,52.0,391390.0
CD4i_R2_D4_Rest_NTC-482,NTC-482,CE0006864,Rest,CD4i_R2,161.0,1545496.0
CD4i_R2_D4_Rest_NTC-483,NTC-483,CE0006864,Rest,CD4i_R2,123.0,1128354.0
CD4i_R2_D4_Rest_NTC-484,NTC-484,CE0006864,Rest,CD4i_R2,70.0,642971.0
CD4i_R2_D4_Rest_NTC-485,NTC-485,CE0006864,Rest,CD4i_R2,152.0,1294336.0
CD4i_R2_D4_Rest_NTC-486,NTC-486,CE0006864,Rest,CD4i_R2,20.0,204809.0
CD4i_R2_D4_Rest_NTC-487,NTC-487,CE0006864,Rest,CD4i_R2,48.0,330825.0
CD4i_R2_D4_Rest_NTC-488,NTC-488,CE0006864,Rest,CD4i_R2,123.0,1147943.0
CD4i_R2_D4_Rest_NTC-489,NTC-489,CE0006864,Rest,CD4i_R2,95.0,884309.0
CD4i_R2_D4_Rest_NTC-490,NTC-490,CE0006864,Rest,CD4i_R2,116.0,1025253.0
CD4i_R2_D4_Rest_NTC-491,NTC-491,CE0006864,Rest,CD4i_R2,23.0,191301.0
CD4i_R2_D4_Rest_NTC-492,NTC-492,CE0006864,Rest,CD4i_R2,175.0,1536374.0
CD4i_R2_D4_Rest_NTC-493,NTC-493,CE0006864,Rest,CD4i_R2,129.0,1168900.0
CD4i_R2_D4_Rest_NTC-494,NTC-494,CE0006864,Rest,CD4i_R2,96.0,644794.0
CD4i_R2_D4_Rest_NTC-495,NTC-495,CE0006864,Rest,CD4i_R2,88.0,877994.0
CD4i_R2_D4_Rest_NTC-496,NTC-496,CE0006864,Rest,CD4i_R2,48.0,466616.0
CD4i_R2_D4_Rest_NTC-497,NTC-497,CE0006864,Rest,CD4i_R2,23.0,270590.0
CD4i_R2_D4_Rest_NTC-498,NTC-498,CE0006864,Rest,CD4i_R2,26.0,194160.0
CD4i_R2_D4_Rest_NTC-499,NTC-499,CE0006864,Rest,CD4i_R2,100.0,732498.0
CD4i_R2_D4_Rest_NTC-500,NTC-500,CE0006864,Rest,CD4i_R2,42.0,481487.0
CD4i_R2_D4_Rest_NTC-502,NTC-502,CE0006864,Rest,CD4i_R2,184.0,1688887.0
CD4i_R2_D4_Rest_NTC-503,NTC-503,CE0006864,Rest,CD4i_R2,43.0,378007.0
CD4i_R2_D4_Rest_NTC-504,NTC-504,CE0006864,Rest,CD4i_R2,74.0,590886.0
CD4i_R2_D4_Rest_NTC-505,NTC-505,CE0006864,Rest,CD4i_R2,48.0,370228.0
CD4i_R2_D4_Rest_NTC-506,NTC-506,CE0006864,Rest,CD4i_R2,149.0,1514098.0
CD4i_R2_D4_Rest_NTC-507,NTC-507,CE0006864,Rest,CD4i_R2,32.0,223109.0
CD4i_R2_D4_Rest_NTC-508,NTC-508,CE0006864,Rest,CD4i_R2,163.0,1333330.0
CD4i_R2_D4_Rest_NTC-509,NTC-509,CE0006864,Rest,CD4i_R2,76.0,598135.0
CD4i_R2_D4_Rest_NTC-510,NTC-510,CE0006864,Rest,CD4i_R2,101.0,948649.0
CD4i_R2_D4_Rest_NTC-511,NTC-511,CE0006864,Rest,CD4i_R2,72.0,665334.0
CD4i_R2_D4_Rest_NTC-512,NTC-512,CE0006864,Rest,CD4i_R2,46.0,377517.0
CD4i_R2_D4_Rest_NTC-513,NTC-513,CE0006864,Rest,CD4i_R2,92.0,849167.0
CD4i_R2_D4_Rest_NTC-514,NTC-514,CE0006864,Rest,CD4i_R2,53.0,377256.0
CD4i_R2_D4_Rest_NTC-515,NTC-515,CE0006864,Rest,CD4i_R2,59.0,506843.0
CD4i_R2_D4_Rest_NTC-516,NTC-516,CE0006864,Rest,CD4i_R2,29.0,285660.0
CD4i_R2_D4_Rest_NTC-517,NTC-517,CE0006864,Rest,CD4i_R2,129.0,1053168.0
CD4i_R2_D4_Rest_NTC-518,NTC-518,CE0006864,Rest,CD4i_R2,17.0,371558.0
CD4i_R2_D4_Rest_NTC-519,NTC-519,CE0006864,Rest,CD4i_R2,41.0,324306.0
CD4i_R2_D4_Rest_NTC-520,NTC-520,CE0006864,Rest,CD4i_R2,62.0,663920.0
CD4i_R2_D4_Rest_NTC-521,NTC-521,CE0006864,Rest,CD4i_R2,69.0,653654.0
CD4i_R2_D4_Rest_NTC-522,NTC-522,CE0006864,Rest,CD4i_R2,61.0,447678.0
CD4i_R2_D4_Rest_NTC-523,NTC-523,CE0006864,Rest,CD4i_R2,152.0,1286833.0
CD4i_R2_D4_Rest_NTC-524,NTC-524,CE0006864,Rest,CD4i_R2,80.0,853874.0
CD4i_R2_D4_Rest_NTC-525,NTC-525,CE0006864,Rest,CD4i_R2,97.0,925559.0
CD4i_R2_D4_Rest_NTC-526,NTC-526,CE0006864,Rest,CD4i_R2,159.0,1249585.0
CD4i_R2_D4_Rest_NTC-527,NTC-527,CE0006864,Rest,CD4i_R2,113.0,882844.0
CD4i_R2_D4_Rest_NTC-528,NTC-528,CE0006864,Rest,CD4i_R2,21.0,139355.0
CD4i_R2_D4_Rest_NTC-529,NTC-529,CE0006864,Rest,CD4i_R2,54.0,465442.0
CD4i_R2_D4_Rest_NTC-530,NTC-530,CE0006864,Rest,CD4i_R2,43.0,388018.0
CD4i_R2_D4_Rest_NTC-531,NTC-531,CE0006864,Rest,CD4i_R2,68.0,596407.0
CD4i_R2_D4_Rest_NTC-532,NTC-532,CE0006864,Rest,CD4i_R2,30.0,246164.0
CD4i_R2_D4_Rest_NTC-533,NTC-533,CE0006864,Rest,CD4i_R2,34.0,339522.0
CD4i_R2_D4_Rest_NTC-534,NTC-534,CE0006864,Rest,CD4i_R2,52.0,449692.0
CD4i_R2_D4_Rest_NTC-535,NTC-535,CE0006864,Rest,CD4i_R2,21.0,181184.0
CD4i_R2_D4_Rest_NTC-536,NTC-536,CE0006864,Rest,CD4i_R2,25.0,195810.0
CD4i_R2_D4_Rest_NTC-537,NTC-537,CE0006864,Rest,CD4i_R2,109.0,919361.0
CD4i_R2_D4_Rest_NTC-538,NTC-538,CE0006864,Rest,CD4i_R2,153.0,1369596.0
CD4i_R2_D4_Rest_NTC-539,NTC-539,CE0006864,Rest,CD4i_R2,103.0,1292899.0
CD4i_R2_D4_Rest_NTC-540,NTC-540,CE0006864,Rest,CD4i_R2,76.0,630495.0
CD4i_R2_D4_Rest_NTC-541,NTC-541,CE0006864,Rest,CD4i_R2,32.0,271961.0
CD4i_R2_D4_Rest_NTC-542,NTC-542,CE0006864,Rest,CD4i_R2,65.0,606094.0
CD4i_R2_D4_Rest_NTC-543,NTC-543,CE0006864,Rest,CD4i_R2,170.0,1523728.0
CD4i_R2_D4_Rest_NTC-544,NTC-544,CE0006864,Rest,CD4i_R2,187.0,1733478.0
CD4i_R2_D4_Rest_NTC-545,NTC-545,CE0006864,Rest,CD4i_R2,26.0,214207.0
CD4i_R2_D4_Rest_NTC-546,NTC-546,CE0006864,Rest,CD4i_R2,39.0,267705.0
CD4i_R2_D4_Rest_NTC-547,NTC-547,CE0006864,Rest,CD4i_R2,38.0,249218.0
CD4i_R2_D4_Rest_NTC-548,NTC-548,CE0006864,Rest,CD4i_R2,62.0,504527.0
CD4i_R2_D4_Rest_NTC-549,NTC-549,CE0006864,Rest,CD4i_R2,178.0,1682454.0
CD4i_R2_D4_Rest_NTC-550,NTC-550,CE0006864,Rest,CD4i_R2,76.0,673349.0
CD4i_R2_D4_Rest_NTC-551,NTC-551,CE0006864,Rest,CD4i_R2,117.0,970150.0
CD4i_R2_D4_Rest_NTC-552,NTC-552,CE0006864,Rest,CD4i_R2,28.0,248081.0
CD4i_R2_D4_Rest_NTC-553,NTC-553,CE0006864,Rest,CD4i_R2,194.0,1762101.0
CD4i_R2_D4_Rest_NTC-554,NTC-554,CE0006864,Rest,CD4i_R2,19.0,178761.0
CD4i_R2_D4_Rest_NTC-555,NTC-555,CE0006864,Rest,CD4i_R2,180.0,1550228.0
CD4i_R2_D4_Rest_NTC-556,NTC-556,CE0006864,Rest,CD4i_R2,34.0,298181.0
CD4i_R2_D4_Rest_NTC-557,NTC-557,CE0006864,Rest,CD4i_R2,43.0,336100.0
CD4i_R2_D4_Rest_NTC-558,NTC-558,CE0006864,Rest,CD4i_R2,47.0,345746.0
CD4i_R2_D4_Rest_NTC-559,NTC-559,CE0006864,Rest,CD4i_R2,47.0,363995.0
CD4i_R2_D4_Rest_NTC-560,NTC-560,CE0006864,Rest,CD4i_R2,113.0,964120.0
CD4i_R2_D4_Rest_NTC-561,NTC-561,CE0006864,Rest,CD4i_R2,43.0,402025.0
CD4i_R2_D4_Rest_NTC-562,NTC-562,CE0006864,Rest,CD4i_R2,86.0,975831.0
CD4i_R2_D4_Rest_NTC-563,NTC-563,CE0006864,Rest,CD4i_R2,54.0,415512.0
CD4i_R2_D4_Rest_NTC-564,NTC-564,CE0006864,Rest,CD4i_R2,95.0,841095.0
CD4i_R2_D4_Rest_NTC-565,NTC-565,CE0006864,Rest,CD4i_R2,103.0,1038535.0
CD4i_R2_D4_Rest_NTC-566,NTC-566,CE0006864,Rest,CD4i_R2,136.0,1124962.0
CD4i_R2_D4_Rest_NTC-567,NTC-567,CE0006864,Rest,CD4i_R2,52.0,416998.0
CD4i_R2_D4_Rest_NTC-568,NTC-568,CE0006864,Rest,CD4i_R2,75.0,696394.0
CD4i_R2_D4_Rest_NTC-569,NTC-569,CE0006864,Rest,CD4i_R2,73.0,733295.0
CD4i_R2_D4_Rest_NTC-570,NTC-570,CE0006864,Rest,CD4i_R2,75.0,744939.0
CD4i_R2_D4_Rest_NTC-571,NTC-571,CE0006864,Rest,CD4i_R2,77.0,779146.0
CD4i_R2_D4_Rest_NTC-572,NTC-572,CE0006864,Rest,CD4i_R2,47.0,351253.0
CD4i_R2_D4_Rest_NTC-573,NTC-573,CE0006864,Rest,CD4i_R2,83.0,900728.0
CD4i_R2_D4_Rest_NTC-574,NTC-574,CE0006864,Rest,CD4i_R2,112.0,1044619.0
CD4i_R2_D4_Rest_NTC-575,NTC-575,CE0006864,Rest,CD4i_R2,77.0,546028.0
CD4i_R2_D4_Rest_NTC-576,NTC-576,CE0006864,Rest,CD4i_R2,51.0,355357.0
CD4i_R2_D4_Rest_NTC-577,NTC-577,CE0006864,Rest,CD4i_R2,58.0,522537.0
CD4i_R2_D4_Rest_NTC-578,NTC-578,CE0006864,Rest,CD4i_R2,5.0,81957.0
CD4i_R2_D4_Rest_NTC-579,NTC-579,CE0006864,Rest,CD4i_R2,81.0,702929.0
CD4i_R2_D4_Rest_NTC-580,NTC-580,CE0006864,Rest,CD4i_R2,92.0,793048.0
CD4i_R2_D4_Rest_NTC-581,NTC-581,CE0006864,Rest,CD4i_R2,55.0,393741.0
CD4i_R2_D4_Rest_NTC-582,NTC-582,CE0006864,Rest,CD4i_R2,114.0,1199259.0
CD4i_R2_D4_Rest_NTC-583,NTC-583,CE0006864,Rest,CD4i_R2,177.0,1847779.0
CD4i_R2_D4_Rest_NTC-584,NTC-584,CE0006864,Rest,CD4i_R2,296.0,2513088.0
CD4i_R2_D4_Rest_NTC-585,NTC-585,CE0006864,Rest,CD4i_R2,111.0,1034517.0
CD4i_R2_D4_Rest_NTC-586,NTC-586,CE0006864,Rest,CD4i_R2,110.0,953244.0
CD4i_R2_D4_Rest_NTC-587,NTC-587,CE0006864,Rest,CD4i_R2,28.0,251265.0
CD4i_R2_D4_Rest_NTC-588,NTC-588,CE0006864,Rest,CD4i_R2,132.0,999411.0
CD4i_R2_D4_Rest_NTC-589,NTC-589,CE0006864,Rest,CD4i_R2,169.0,1249019.0
CD4i_R2_D4_Rest_NTC-590,NTC-590,CE0006864,Rest,CD4i_R2,32.0,279351.0
CD4i_R2_D4_Rest_NTC-591,NTC-591,CE0006864,Rest,CD4i_R2,83.0,668028.0
CD4i_R2_D4_Rest_NTC-592,NTC-592,CE0006864,Rest,CD4i_R2,80.0,795769.0
CD4i_R2_D4_Rest_NTC-593,NTC-593,CE0006864,Rest,CD4i_R2,67.0,538099.0
CD4i_R2_D4_Rest_NTC-594,NTC-594,CE0006864,Rest,CD4i_R2,162.0,1473073.0
CD4i_R2_D4_Rest_NTC-595,NTC-595,CE0006864,Rest,CD4i_R2,84.0,697904.0
CD4i_R2_D4_Rest_NTC-596,NTC-596,CE0006864,Rest,CD4i_R2,77.0,867337.0
CD4i_R2_D4_Rest_NTC-597,NTC-597,CE0006864,Rest,CD4i_R2,18.0,285605.0
CD4i_R2_D4_Rest_NTC-598,NTC-598,CE0006864,Rest,CD4i_R2,55.0,597758.0
CD4i_R2_D4_Rest_NTC-599,NTC-599,CE0006864,Rest,CD4i_R2,24.0,168982.0
CD4i_R2_D4_Rest_NTC-601,NTC-601,CE0006864,Rest,CD4i_R2,29.0,235218.0
CD4i_R2_D4_Rest_NTC-603,NTC-603,CE0006864,Rest,CD4i_R2,21.0,118266.0
CD4i_R2_D4_Rest_NTC-604,NTC-604,CE0006864,Rest,CD4i_R2,484.0,5920767.0
CD4i_R2_D4_Rest_NTC-605,NTC-605,CE0006864,Rest,CD4i_R2,65.0,608394.0
CD4i_R2_D4_Rest_NTC-606,NTC-606,CE0006864,Rest,CD4i_R2,31.0,192534.0
CD4i_R2_D4_Rest_NTC-607,NTC-607,CE0006864,Rest,CD4i_R2,102.0,968813.0
CD4i_R2_D4_Rest_NTC-608,NTC-608,CE0006864,Rest,CD4i_R2,54.0,522799.0
CD4i_R2_D4_Rest_NTC-609,NTC-609,CE0006864,Rest,CD4i_R2,25.0,158390.0
CD4i_R2_D4_Rest_NTC-610,NTC-610,CE0006864,Rest,CD4i_R2,86.0,818669.0
CD4i_R2_D4_Rest_NTC-611,NTC-611,CE0006864,Rest,CD4i_R2,99.0,697673.0
CD4i_R2_D4_Rest_NTC-612,NTC-612,CE0006864,Rest,CD4i_R2,25.0,304667.0
CD4i_R2_D4_Rest_NTC-613,NTC-613,CE0006864,Rest,CD4i_R2,77.0,701856.0
CD4i_R2_D4_Rest_NTC-614,NTC-614,CE0006864,Rest,CD4i_R2,123.0,879018.0
CD4i_R2_D4_Rest_NTC-615,NTC-615,CE0006864,Rest,CD4i_R2,51.0,532534.0
CD4i_R2_D4_Rest_NTC-616,NTC-616,CE0006864,Rest,CD4i_R2,88.0,827611.0
CD4i_R2_D4_Rest_NTC-617,NTC-617,CE0006864,Rest,CD4i_R2,58.0,476396.0
CD4i_R2_D4_Rest_NTC-618,NTC-618,CE0006864,Rest,CD4i_R2,34.0,265483.0
CD4i_R2_D4_Rest_NTC-619,NTC-619,CE0006864,Rest,CD4i_R2,62.0,518779.0
CD4i_R2_D4_Rest_NTC-620,NTC-620,CE0006864,Rest,CD4i_R2,149.0,1203221.0
CD4i_R2_D4_Rest_NTC-621,NTC-621,CE0006864,Rest,CD4i_R2,30.0,275996.0
CD4i_R2_D4_Rest_NTC-622,NTC-622,CE0006864,Rest,CD4i_R2,51.0,420280.0
CD4i_R2_D4_Rest_NTC-623,NTC-623,CE0006864,Rest,CD4i_R2,119.0,917860.0
CD4i_R2_D4_Rest_NTC-624,NTC-624,CE0006864,Rest,CD4i_R2,34.0,249768.0
CD4i_R2_D4_Rest_NTC-625,NTC-625,CE0006864,Rest,CD4i_R2,43.0,458057.0
CD4i_R2_D4_Rest_NTC-626,NTC-626,CE0006864,Rest,CD4i_R2,119.0,1222918.0
CD4i_R2_D4_Rest_NTC-627,NTC-627,CE0006864,Rest,CD4i_R2,127.0,1374532.0
CD4i_R2_D4_Rest_NTC-628,NTC-628,CE0006864,Rest,CD4i_R2,24.0,190341.0
CD4i_R2_D4_Rest_NTC-629,NTC-629,CE0006864,Rest,CD4i_R2,21.0,308654.0
CD4i_R2_D4_Rest_NTC-630,NTC-630,CE0006864,Rest,CD4i_R2,148.0,1352671.0
CD4i_R2_D4_Rest_NTC-631,NTC-631,CE0006864,Rest,CD4i_R2,87.0,711574.0
CD4i_R2_D4_Rest_NTC-632,NTC-632,CE0006864,Rest,CD4i_R2,42.0,413675.0
CD4i_R2_D4_Rest_NTC-633,NTC-633,CE0006864,Rest,CD4i_R2,51.0,343027.0
CD4i_R2_D4_Rest_NTC-634,NTC-634,CE0006864,Rest,CD4i_R2,33.0,324918.0
CD4i_R2_D4_Rest_NTC-635,NTC-635,CE0006864,Rest,CD4i_R2,26.0,198449.0
CD4i_R2_D4_Rest_NTC-636,NTC-636,CE0006864,Rest,CD4i_R2,37.0,276486.0
CD4i_R2_D4_Rest_NTC-637,NTC-637,CE0006864,Rest,CD4i_R2,124.0,1040730.0
CD4i_R2_D4_Rest_NTC-638,NTC-638,CE0006864,Rest,CD4i_R2,98.0,888489.0
CD4i_R2_D4_Rest_NTC-639,NTC-639,CE0006864,Rest,CD4i_R2,181.0,1508769.0
CD4i_R2_D4_Rest_NTC-640,NTC-640,CE0006864,Rest,CD4i_R2,59.0,449278.0
CD4i_R2_D4_Rest_NTC-641,NTC-641,CE0006864,Rest,CD4i_R2,77.0,789343.0
CD4i_R2_D4_Rest_NTC-642,NTC-642,CE0006864,Rest,CD4i_R2,71.0,632293.0
CD4i_R2_D4_Rest_NTC-643,NTC-643,CE0006864,Rest,CD4i_R2,19.0,238128.0
CD4i_R2_D4_Rest_NTC-644,NTC-644,CE0006864,Rest,CD4i_R2,181.0,1988483.0
CD4i_R2_D4_Rest_NTC-645,NTC-645,CE0006864,Rest,CD4i_R2,8.0,240019.0
CD4i_R2_D4_Rest_NTC-646,NTC-646,CE0006864,Rest,CD4i_R2,43.0,319401.0
CD4i_R2_D4_Rest_NTC-647,NTC-647,CE0006864,Rest,CD4i_R2,41.0,344790.0
CD4i_R2_D4_Rest_NTC-648,NTC-648,CE0006864,Rest,CD4i_R2,99.0,1075140.0
CD4i_R2_D4_Rest_NTC-649,NTC-649,CE0006864,Rest,CD4i_R2,41.0,324190.0
CD4i_R2_D4_Rest_NTC-650,NTC-650,CE0006864,Rest,CD4i_R2,161.0,1406415.0
CD4i_R2_D4_Rest_NTC-651,NTC-651,CE0006864,Rest,CD4i_R2,105.0,853637.0
CD4i_R2_D4_Rest_NTC-652,NTC-652,CE0006864,Rest,CD4i_R2,177.0,1845000.0
CD4i_R2_D4_Rest_NTC-653,NTC-653,CE0006864,Rest,CD4i_R2,179.0,2213719.0
CD4i_R2_D4_Rest_NTC-654,NTC-654,CE0006864,Rest,CD4i_R2,126.0,1087428.0
CD4i_R2_D4_Rest_NTC-655,NTC-655,CE0006864,Rest,CD4i_R2,81.0,720168.0
CD4i_R2_D4_Rest_NTC-656,NTC-656,CE0006864,Rest,CD4i_R2,23.0,161925.0
CD4i_R2_D4_Rest_NTC-657,NTC-657,CE0006864,Rest,CD4i_R2,144.0,1264474.0
CD4i_R2_D4_Rest_NTC-658,NTC-658,CE0006864,Rest,CD4i_R2,232.0,2058836.0
CD4i_R2_D4_Rest_NTC-660,NTC-660,CE0006864,Rest,CD4i_R2,10.0,68713.0
CD4i_R2_D4_Rest_NTC-661,NTC-661,CE0006864,Rest,CD4i_R2,60.0,413413.0
CD4i_R2_D4_Rest_NTC-663,NTC-663,CE0006864,Rest,CD4i_R2,62.0,593582.0
CD4i_R2_D4_Rest_NTC-664,NTC-664,CE0006864,Rest,CD4i_R2,55.0,437418.0
CD4i_R2_D4_Rest_NTC-665,NTC-665,CE0006864,Rest,CD4i_R2,67.0,516253.0
CD4i_R2_D4_Rest_NTC-666,NTC-666,CE0006864,Rest,CD4i_R2,146.0,1392562.0
CD4i_R2_D4_Rest_NTC-667,NTC-667,CE0006864,Rest,CD4i_R2,57.0,587199.0
CD4i_R2_D4_Rest_NTC-668,NTC-668,CE0006864,Rest,CD4i_R2,158.0,1408719.0
CD4i_R2_D4_Rest_NTC-669,NTC-669,CE0006864,Rest,CD4i_R2,145.0,1268125.0
CD4i_R2_D4_Rest_NTC-671,NTC-671,CE0006864,Rest,CD4i_R2,193.0,1746668.0
CD4i_R2_D4_Rest_NTC-672,NTC-672,CE0006864,Rest,CD4i_R2,143.0,1377190.0
CD4i_R2_D4_Rest_NTC-673,NTC-673,CE0006864,Rest,CD4i_R2,33.0,282878.0
CD4i_R2_D4_Rest_NTC-674,NTC-674,CE0006864,Rest,CD4i_R2,316.0,2673376.0
CD4i_R2_D4_Rest_NTC-676,NTC-676,CE0006864,Rest,CD4i_R2,63.0,515595.0
CD4i_R2_D4_Rest_NTC-677,NTC-677,CE0006864,Rest,CD4i_R2,109.0,969407.0
CD4i_R2_D4_Rest_NTC-678,NTC-678,CE0006864,Rest,CD4i_R2,65.0,469216.0
CD4i_R2_D4_Rest_NTC-679,NTC-679,CE0006864,Rest,CD4i_R2,52.0,536847.0
CD4i_R2_D4_Rest_NTC-680,NTC-680,CE0006864,Rest,CD4i_R2,40.0,457356.0
CD4i_R2_D4_Rest_NTC-681,NTC-681,CE0006864,Rest,CD4i_R2,41.0,342059.0
CD4i_R2_D4_Rest_NTC-683,NTC-683,CE0006864,Rest,CD4i_R2,199.0,1436462.0
CD4i_R2_D4_Rest_NTC-684,NTC-684,CE0006864,Rest,CD4i_R2,185.0,1953014.0
CD4i_R2_D4_Rest_NTC-685,NTC-685,CE0006864,Rest,CD4i_R2,84.0,788921.0
CD4i_R2_D4_Rest_NTC-686,NTC-686,CE0006864,Rest,CD4i_R2,19.0,180807.0
CD4i_R2_D4_Rest_NTC-687,NTC-687,CE0006864,Rest,CD4i_R2,51.0,357719.0
CD4i_R2_D4_Rest_NTC-688,NTC-688,CE0006864,Rest,CD4i_R2,104.0,785251.0
CD4i_R2_D4_Rest_NTC-689,NTC-689,CE0006864,Rest,CD4i_R2,25.0,245257.0
CD4i_R2_D4_Rest_NTC-690,NTC-690,CE0006864,Rest,CD4i_R2,78.0,896824.0
CD4i_R2_D4_Rest_NTC-691,NTC-691,CE0006864,Rest,CD4i_R2,40.0,365318.0
CD4i_R2_D4_Rest_NTC-692,NTC-692,CE0006864,Rest,CD4i_R2,102.0,951910.0
CD4i_R2_D4_Rest_NTC-693,NTC-693,CE0006864,Rest,CD4i_R2,80.0,548574.0
CD4i_R2_D4_Rest_NTC-694,NTC-694,CE0006864,Rest,CD4i_R2,43.0,393388.0
CD4i_R2_D4_Rest_NTC-695,NTC-695,CE0006864,Rest,CD4i_R2,55.0,508392.0
CD4i_R2_D4_Rest_NTC-696,NTC-696,CE0006864,Rest,CD4i_R2,60.0,509805.0
CD4i_R2_D4_Rest_NTC-697,NTC-697,CE0006864,Rest,CD4i_R2,14.0,105386.0
CD4i_R2_D4_Rest_NTC-698,NTC-698,CE0006864,Rest,CD4i_R2,92.0,730877.0
CD4i_R2_D4_Rest_NTC-699,NTC-699,CE0006864,Rest,CD4i_R2,73.0,649262.0
CD4i_R2_D4_Rest_NTC-700,NTC-700,CE0006864,Rest,CD4i_R2,130.0,1139898.0
CD4i_R2_D4_Rest_NTC-701,NTC-701,CE0006864,Rest,CD4i_R2,121.0,1119953.0
CD4i_R2_D4_Rest_NTC-702,NTC-702,CE0006864,Rest,CD4i_R2,79.0,661239.0
CD4i_R2_D4_Rest_NTC-703,NTC-703,CE0006864,Rest,CD4i_R2,116.0,882977.0
CD4i_R2_D4_Rest_NTC-704,NTC-704,CE0006864,Rest,CD4i_R2,64.0,585690.0
CD4i_R2_D4_Rest_NTC-705,NTC-705,CE0006864,Rest,CD4i_R2,65.0,470032.0
CD4i_R2_D4_Rest_NTC-706,NTC-706,CE0006864,Rest,CD4i_R2,28.0,203749.0
CD4i_R2_D4_Rest_NTC-708,NTC-708,CE0006864,Rest,CD4i_R2,70.0,549099.0
CD4i_R2_D4_Rest_NTC-709,NTC-709,CE0006864,Rest,CD4i_R2,117.0,931224.0
CD4i_R2_D4_Rest_NTC-710,NTC-710,CE0006864,Rest,CD4i_R2,17.0,132881.0
CD4i_R2_D4_Rest_NTC-711,NTC-711,CE0006864,Rest,CD4i_R2,55.0,523672.0
CD4i_R2_D4_Rest_NTC-712,NTC-712,CE0006864,Rest,CD4i_R2,57.0,469617.0
CD4i_R2_D4_Rest_NTC-713,NTC-713,CE0006864,Rest,CD4i_R2,42.0,367360.0
CD4i_R2_D4_Rest_NTC-714,NTC-714,CE0006864,Rest,CD4i_R2,14.0,127952.0
CD4i_R2_D4_Rest_NTC-715,NTC-715,CE0006864,Rest,CD4i_R2,78.0,720089.0
CD4i_R2_D4_Rest_NTC-716,NTC-716,CE0006864,Rest,CD4i_R2,35.0,286089.0
CD4i_R2_D4_Rest_NTC-717,NTC-717,CE0006864,Rest,CD4i_R2,172.0,1350700.0
CD4i_R2_D4_Rest_NTC-718,NTC-718,CE0006864,Rest,CD4i_R2,90.0,784094.0
CD4i_R2_D4_Rest_NTC-719,NTC-719,CE0006864,Rest,CD4i_R2,89.0,782655.0
CD4i_R2_D4_Rest_NTC-720,NTC-720,CE0006864,Rest,CD4i_R2,132.0,1075979.0
CD4i_R2_D4_Rest_NTC-721,NTC-721,CE0006864,Rest,CD4i_R2,58.0,610198.0
CD4i_R2_D4_Rest_NTC-722,NTC-722,CE0006864,Rest,CD4i_R2,181.0,1414279.0
CD4i_R2_D4_Rest_NTC-723,NTC-723,CE0006864,Rest,CD4i_R2,130.0,922827.0
CD4i_R2_D4_Rest_NTC-724,NTC-724,CE0006864,Rest,CD4i_R2,5.0,65436.0
CD4i_R2_D4_Rest_NTC-725,NTC-725,CE0006864,Rest,CD4i_R2,140.0,1090033.0
CD4i_R2_D4_Rest_NTC-726,NTC-726,CE0006864,Rest,CD4i_R2,16.0,126144.0
CD4i_R2_D4_Rest_NTC-727,NTC-727,CE0006864,Rest,CD4i_R2,44.0,378751.0
CD4i_R2_D4_Rest_NTC-728,NTC-728,CE0006864,Rest,CD4i_R2,114.0,1018002.0
CD4i_R2_D4_Rest_NTC-729,NTC-729,CE0006864,Rest,CD4i_R2,91.0,742389.0
CD4i_R2_D4_Rest_NTC-730,NTC-730,CE0006864,Rest,CD4i_R2,125.0,1281819.0
CD4i_R2_D4_Rest_NTC-731,NTC-731,CE0006864,Rest,CD4i_R2,41.0,300811.0
CD4i_R2_D4_Rest_NTC-732,NTC-732,CE0006864,Rest,CD4i_R2,71.0,507756.0
CD4i_R2_D4_Rest_NTC-733,NTC-733,CE0006864,Rest,CD4i_R2,37.0,328913.0
CD4i_R2_D4_Rest_NTC-734,NTC-734,CE0006864,Rest,CD4i_R2,139.0,1048567.0
CD4i_R2_D4_Rest_NTC-735,NTC-735,CE0006864,Rest,CD4i_R2,117.0,1121609.0
CD4i_R2_D4_Rest_NTC-736,NTC-736,CE0006864,Rest,CD4i_R2,19.0,127262.0
CD4i_R2_D4_Rest_NTC-737,NTC-737,CE0006864,Rest,CD4i_R2,40.0,260077.0
CD4i_R2_D4_Rest_NTC-738,NTC-738,CE0006864,Rest,CD4i_R2,30.0,253135.0
CD4i_R2_D4_Rest_NTC-739,NTC-739,CE0006864,Rest,CD4i_R2,129.0,1143908.0
CD4i_R2_D4_Rest_NTC-740,NTC-740,CE0006864,Rest,CD4i_R2,79.0,579452.0
CD4i_R2_D4_Rest_NTC-741,NTC-741,CE0006864,Rest,CD4i_R2,38.0,388687.0
CD4i_R2_D4_Rest_NTC-742,NTC-742,CE0006864,Rest,CD4i_R2,5.0,40759.0
CD4i_R2_D4_Rest_NTC-743,NTC-743,CE0006864,Rest,CD4i_R2,115.0,1043035.0
CD4i_R2_D4_Rest_NTC-744,NTC-744,CE0006864,Rest,CD4i_R2,45.0,323654.0
CD4i_R2_D4_Rest_NTC-745,NTC-745,CE0006864,Rest,CD4i_R2,107.0,900611.0
CD4i_R2_D4_Rest_NTC-746,NTC-746,CE0006864,Rest,CD4i_R2,96.0,739211.0
CD4i_R2_D4_Rest_NTC-747,NTC-747,CE0006864,Rest,CD4i_R2,29.0,229957.0
CD4i_R2_D4_Rest_NTC-748,NTC-748,CE0006864,Rest,CD4i_R2,125.0,1216098.0
CD4i_R2_D4_Rest_NTC-749,NTC-749,CE0006864,Rest,CD4i_R2,37.0,257961.0
CD4i_R2_D4_Rest_NTC-750,NTC-750,CE0006864,Rest,CD4i_R2,52.0,494782.0
CD4i_R2_D4_Rest_NTC-751,NTC-751,CE0006864,Rest,CD4i_R2,131.0,1130922.0
CD4i_R2_D4_Rest_NTC-752,NTC-752,CE0006864,Rest,CD4i_R2,92.0,803318.0
CD4i_R2_D4_Rest_NTC-753,NTC-753,CE0006864,Rest,CD4i_R2,63.0,527411.0
CD4i_R2_D4_Rest_NTC-754,NTC-754,CE0006864,Rest,CD4i_R2,60.0,479954.0
CD4i_R2_D4_Rest_NTC-755,NTC-755,CE0006864,Rest,CD4i_R2,14.0,88114.0
CD4i_R2_D4_Rest_NTC-756,NTC-756,CE0006864,Rest,CD4i_R2,145.0,1081260.0
CD4i_R2_D4_Rest_NTC-757,NTC-757,CE0006864,Rest,CD4i_R2,5.0,59288.0
CD4i_R2_D4_Rest_NTC-758,NTC-758,CE0006864,Rest,CD4i_R2,200.0,1417586.0
CD4i_R2_D4_Rest_NTC-759,NTC-759,CE0006864,Rest,CD4i_R2,129.0,1205314.0
CD4i_R2_D4_Rest_NTC-760,NTC-760,CE0006864,Rest,CD4i_R2,77.0,800586.0
CD4i_R2_D4_Rest_NTC-761,NTC-761,CE0006864,Rest,CD4i_R2,142.0,952022.0
CD4i_R2_D4_Rest_NTC-762,NTC-762,CE0006864,Rest,CD4i_R2,81.0,578381.0
CD4i_R2_D4_Rest_NTC-763,NTC-763,CE0006864,Rest,CD4i_R2,139.0,1362047.0
CD4i_R2_D4_Rest_NTC-764,NTC-764,CE0006864,Rest,CD4i_R2,68.0,588646.0
CD4i_R2_D4_Rest_NTC-765,NTC-765,CE0006864,Rest,CD4i_R2,55.0,498653.0
CD4i_R2_D4_Rest_NTC-766,NTC-766,CE0006864,Rest,CD4i_R2,237.0,2453021.0
CD4i_R2_D4_Rest_NTC-767,NTC-767,CE0006864,Rest,CD4i_R2,34.0,293014.0
CD4i_R2_D4_Rest_NTC-768,NTC-768,CE0006864,Rest,CD4i_R2,31.0,252797.0
CD4i_R2_D4_Rest_NTC-769,NTC-769,CE0006864,Rest,CD4i_R2,102.0,869646.0
CD4i_R2_D4_Rest_NTC-770,NTC-770,CE0006864,Rest,CD4i_R2,84.0,681008.0
CD4i_R2_D4_Rest_NTC-771,NTC-771,CE0006864,Rest,CD4i_R2,25.0,225826.0
CD4i_R2_D4_Rest_NTC-772,NTC-772,CE0006864,Rest,CD4i_R2,25.0,212769.0
CD4i_R2_D4_Rest_NTC-773,NTC-773,CE0006864,Rest,CD4i_R2,69.0,670794.0
CD4i_R2_D4_Rest_NTC-774,NTC-774,CE0006864,Rest,CD4i_R2,147.0,1182854.0
CD4i_R2_D4_Rest_NTC-775,NTC-775,CE0006864,Rest,CD4i_R2,48.0,547756.0
CD4i_R2_D4_Rest_NTC-776,NTC-776,CE0006864,Rest,CD4i_R2,47.0,342514.0
CD4i_R2_D4_Rest_NTC-777,NTC-777,CE0006864,Rest,CD4i_R2,134.0,1162530.0
CD4i_R2_D4_Rest_NTC-778,NTC-778,CE0006864,Rest,CD4i_R2,27.0,224847.0
CD4i_R2_D4_Rest_NTC-779,NTC-779,CE0006864,Rest,CD4i_R2,73.0,588680.0
CD4i_R2_D4_Rest_NTC-780,NTC-780,CE0006864,Rest,CD4i_R2,73.0,791280.0
CD4i_R2_D4_Rest_NTC-781,NTC-781,CE0006864,Rest,CD4i_R2,69.0,577816.0
CD4i_R2_D4_Rest_NTC-782,NTC-782,CE0006864,Rest,CD4i_R2,90.0,665142.0
CD4i_R2_D4_Rest_NTC-783,NTC-783,CE0006864,Rest,CD4i_R2,68.0,628679.0
CD4i_R2_D4_Rest_NTC-784,NTC-784,CE0006864,Rest,CD4i_R2,146.0,1183773.0
CD4i_R2_D4_Rest_NTC-785,NTC-785,CE0006864,Rest,CD4i_R2,50.0,393099.0
CD4i_R2_D4_Rest_NTC-786,NTC-786,CE0006864,Rest,CD4i_R2,38.0,272214.0
CD4i_R2_D4_Rest_NTC-787,NTC-787,CE0006864,Rest,CD4i_R2,90.0,598338.0
CD4i_R2_D4_Rest_NTC-788,NTC-788,CE0006864,Rest,CD4i_R2,51.0,524041.0
CD4i_R2_D4_Rest_NTC-789,NTC-789,CE0006864,Rest,CD4i_R2,76.0,653232.0
CD4i_R2_D4_Rest_NTC-790,NTC-790,CE0006864,Rest,CD4i_R2,76.0,682897.0
CD4i_R2_D4_Rest_NTC-791,NTC-791,CE0006864,Rest,CD4i_R2,158.0,1444855.0
CD4i_R2_D4_Rest_NTC-792,NTC-792,CE0006864,Rest,CD4i_R2,88.0,789423.0
CD4i_R2_D4_Rest_NTC-793,NTC-793,CE0006864,Rest,CD4i_R2,107.0,864802.0
CD4i_R2_D4_Rest_NTC-794,NTC-794,CE0006864,Rest,CD4i_R2,356.0,2938135.0
CD4i_R2_D4_Rest_NTC-795,NTC-795,CE0006864,Rest,CD4i_R2,128.0,1205722.0
CD4i_R2_D4_Rest_NTC-796,NTC-796,CE0006864,Rest,CD4i_R2,66.0,533823.0
CD4i_R2_D4_Rest_NTC-797,NTC-797,CE0006864,Rest,CD4i_R2,116.0,980107.0
CD4i_R2_D4_Rest_NTC-798,NTC-798,CE0006864,Rest,CD4i_R2,178.0,1525193.0
CD4i_R2_D4_Rest_NTC-799,NTC-799,CE0006864,Rest,CD4i_R2,56.0,410184.0
CD4i_R2_D4_Rest_NTC-800,NTC-800,CE0006864,Rest,CD4i_R2,9.0,62842.0
CD4i_R2_D4_Rest_NTC-801,NTC-801,CE0006864,Rest,CD4i_R2,32.0,232577.0
CD4i_R2_D4_Rest_NTC-802,NTC-802,CE0006864,Rest,CD4i_R2,114.0,1075580.0
CD4i_R2_D4_Rest_NTC-803,NTC-803,CE0006864,Rest,CD4i_R2,163.0,1448984.0
CD4i_R2_D4_Rest_NTC-804,NTC-804,CE0006864,Rest,CD4i_R2,53.0,516064.0
CD4i_R2_D4_Rest_NTC-805,NTC-805,CE0006864,Rest,CD4i_R2,90.0,581774.0
CD4i_R2_D4_Rest_NTC-806,NTC-806,CE0006864,Rest,CD4i_R2,90.0,788307.0
CD4i_R2_D4_Rest_NTC-807,NTC-807,CE0006864,Rest,CD4i_R2,202.0,1709996.0
CD4i_R2_D4_Rest_NTC-808,NTC-808,CE0006864,Rest,CD4i_R2,50.0,435750.0
CD4i_R2_D4_Rest_NTC-809,NTC-809,CE0006864,Rest,CD4i_R2,128.0,984668.0
CD4i_R2_D4_Rest_NTC-810,NTC-810,CE0006864,Rest,CD4i_R2,42.0,349264.0
CD4i_R2_D4_Rest_NTC-811,NTC-811,CE0006864,Rest,CD4i_R2,96.0,797709.0
CD4i_R2_D4_Rest_NTC-812,NTC-812,CE0006864,Rest,CD4i_R2,82.0,639756.0
CD4i_R2_D4_Rest_NTC-813,NTC-813,CE0006864,Rest,CD4i_R2,94.0,923606.0
CD4i_R2_D4_Rest_NTC-814,NTC-814,CE0006864,Rest,CD4i_R2,134.0,1170056.0
CD4i_R2_D4_Rest_NTC-815,NTC-815,CE0006864,Rest,CD4i_R2,111.0,938653.0
CD4i_R2_D4_Rest_NTC-816,NTC-816,CE0006864,Rest,CD4i_R2,87.0,657089.0
CD4i_R2_D4_Rest_NTC-817,NTC-817,CE0006864,Rest,CD4i_R2,187.0,1660255.0
CD4i_R2_D4_Rest_NTC-818,NTC-818,CE0006864,Rest,CD4i_R2,115.0,1163282.0
CD4i_R2_D4_Rest_NTC-819,NTC-819,CE0006864,Rest,CD4i_R2,64.0,531038.0
CD4i_R2_D4_Rest_NTC-820,NTC-820,CE0006864,Rest,CD4i_R2,266.0,1979708.0
CD4i_R2_D4_Rest_NTC-821,NTC-821,CE0006864,Rest,CD4i_R2,113.0,1646768.0
CD4i_R2_D4_Rest_NTC-822,NTC-822,CE0006864,Rest,CD4i_R2,68.0,495681.0
CD4i_R2_D4_Rest_NTC-823,NTC-823,CE0006864,Rest,CD4i_R2,64.0,579850.0
CD4i_R2_D4_Rest_NTC-824,NTC-824,CE0006864,Rest,CD4i_R2,65.0,681299.0
CD4i_R2_D4_Rest_NTC-825,NTC-825,CE0006864,Rest,CD4i_R2,143.0,1442740.0
CD4i_R2_D4_Rest_NTC-826,NTC-826,CE0006864,Rest,CD4i_R2,59.0,506223.0
CD4i_R2_D4_Rest_NTC-827,NTC-827,CE0006864,Rest,CD4i_R2,59.0,462742.0
CD4i_R2_D4_Rest_NTC-828,NTC-828,CE0006864,Rest,CD4i_R2,85.0,588695.0
CD4i_R2_D4_Rest_NTC-829,NTC-829,CE0006864,Rest,CD4i_R2,78.0,731928.0
CD4i_R2_D4_Rest_NTC-830,NTC-830,CE0006864,Rest,CD4i_R2,127.0,1270872.0
CD4i_R2_D4_Rest_NTC-831,NTC-831,CE0006864,Rest,CD4i_R2,47.0,467835.0
CD4i_R2_D4_Rest_NTC-832,NTC-832,CE0006864,Rest,CD4i_R2,126.0,1135054.0
CD4i_R2_D4_Rest_NTC-833,NTC-833,CE0006864,Rest,CD4i_R2,42.0,376393.0
CD4i_R2_D4_Rest_NTC-834,NTC-834,CE0006864,Rest,CD4i_R2,58.0,637396.0
CD4i_R2_D4_Rest_NTC-835,NTC-835,CE0006864,Rest,CD4i_R2,20.0,148341.0
CD4i_R2_D4_Rest_NTC-836,NTC-836,CE0006864,Rest,CD4i_R2,5.0,26702.0
CD4i_R2_D4_Rest_NTC-837,NTC-837,CE0006864,Rest,CD4i_R2,32.0,274608.0
CD4i_R2_D4_Rest_NTC-838,NTC-838,CE0006864,Rest,CD4i_R2,62.0,792576.0
CD4i_R2_D4_Rest_NTC-839,NTC-839,CE0006864,Rest,CD4i_R2,62.0,614414.0
CD4i_R2_D4_Rest_NTC-840,NTC-840,CE0006864,Rest,CD4i_R2,66.0,529125.0
CD4i_R2_D4_Rest_NTC-841,NTC-841,CE0006864,Rest,CD4i_R2,96.0,669364.0
CD4i_R2_D4_Rest_NTC-842,NTC-842,CE0006864,Rest,CD4i_R2,72.0,482452.0
CD4i_R2_D4_Rest_NTC-843,NTC-843,CE0006864,Rest,CD4i_R2,68.0,532876.0
CD4i_R2_D4_Rest_NTC-844,NTC-844,CE0006864,Rest,CD4i_R2,118.0,1117557.0
CD4i_R2_D4_Rest_NTC-845,NTC-845,CE0006864,Rest,CD4i_R2,277.0,1856993.0
CD4i_R2_D4_Rest_NTC-846,NTC-846,CE0006864,Rest,CD4i_R2,75.0,628763.0
CD4i_R2_D4_Rest_NTC-847,NTC-847,CE0006864,Rest,CD4i_R2,97.0,810605.0
CD4i_R2_D4_Rest_NTC-848,NTC-848,CE0006864,Rest,CD4i_R2,16.0,127800.0
CD4i_R2_D4_Rest_NTC-849,NTC-849,CE0006864,Rest,CD4i_R2,82.0,691372.0
CD4i_R2_D4_Rest_NTC-850,NTC-850,CE0006864,Rest,CD4i_R2,97.0,850149.0
CD4i_R2_D4_Rest_NTC-851,NTC-851,CE0006864,Rest,CD4i_R2,63.0,537917.0
CD4i_R2_D4_Rest_NTC-852,NTC-852,CE0006864,Rest,CD4i_R2,241.0,2124139.0
CD4i_R2_D4_Rest_NTC-853,NTC-853,CE0006864,Rest,CD4i_R2,28.0,308433.0
CD4i_R2_D4_Rest_NTC-854,NTC-854,CE0006864,Rest,CD4i_R2,71.0,497681.0
CD4i_R2_D4_Rest_NTC-855,NTC-855,CE0006864,Rest,CD4i_R2,11.0,135642.0
CD4i_R2_D4_Rest_NTC-856,NTC-856,CE0006864,Rest,CD4i_R2,85.0,878251.0
CD4i_R2_D4_Rest_NTC-857,NTC-857,CE0006864,Rest,CD4i_R2,115.0,945745.0
CD4i_R2_D4_Rest_NTC-858,NTC-858,CE0006864,Rest,CD4i_R2,91.0,662350.0
CD4i_R2_D4_Rest_NTC-859,NTC-859,CE0006864,Rest,CD4i_R2,86.0,873300.0
CD4i_R2_D4_Rest_NTC-860,NTC-860,CE0006864,Rest,CD4i_R2,84.0,722768.0
CD4i_R2_D4_Rest_NTC-861,NTC-861,CE0006864,Rest,CD4i_R2,64.0,625171.0
CD4i_R2_D4_Rest_NTC-862,NTC-862,CE0006864,Rest,CD4i_R2,81.0,747705.0
CD4i_R2_D4_Rest_NTC-863,NTC-863,CE0006864,Rest,CD4i_R2,24.0,172190.0
CD4i_R2_D4_Rest_NTC-864,NTC-864,CE0006864,Rest,CD4i_R2,17.0,144443.0
CD4i_R2_D4_Rest_NTC-865,NTC-865,CE0006864,Rest,CD4i_R2,192.0,1208378.0
CD4i_R2_D4_Rest_NTC-866,NTC-866,CE0006864,Rest,CD4i_R2,36.0,290510.0
CD4i_R2_D4_Rest_NTC-867,NTC-867,CE0006864,Rest,CD4i_R2,223.0,2316142.0
CD4i_R2_D4_Rest_NTC-868,NTC-868,CE0006864,Rest,CD4i_R2,81.0,733601.0
CD4i_R2_D4_Rest_NTC-869,NTC-869,CE0006864,Rest,CD4i_R2,29.0,190623.0
CD4i_R2_D4_Rest_NTC-870,NTC-870,CE0006864,Rest,CD4i_R2,119.0,1001483.0
CD4i_R2_D4_Rest_NTC-871,NTC-871,CE0006864,Rest,CD4i_R2,66.0,539146.0
CD4i_R2_D4_Rest_NTC-873,NTC-873,CE0006864,Rest,CD4i_R2,66.0,633952.0
CD4i_R2_D4_Rest_NTC-874,NTC-874,CE0006864,Rest,CD4i_R2,111.0,1356641.0
CD4i_R2_D4_Rest_NTC-875,NTC-875,CE0006864,Rest,CD4i_R2,62.0,691404.0
CD4i_R2_D4_Rest_NTC-876,NTC-876,CE0006864,Rest,CD4i_R2,97.0,866746.0
CD4i_R2_D4_Rest_NTC-877,NTC-877,CE0006864,Rest,CD4i_R2,183.0,1539706.0
CD4i_R2_D4_Rest_NTC-878,NTC-878,CE0006864,Rest,CD4i_R2,145.0,1487552.0
CD4i_R2_D4_Rest_NTC-879,NTC-879,CE0006864,Rest,CD4i_R2,119.0,1352813.0
CD4i_R2_D4_Rest_NTC-880,NTC-880,CE0006864,Rest,CD4i_R2,71.0,497964.0
CD4i_R2_D4_Rest_NTC-881,NTC-881,CE0006864,Rest,CD4i_R2,201.0,1939585.0
CD4i_R2_D4_Rest_NTC-882,NTC-882,CE0006864,Rest,CD4i_R2,65.0,505401.0
CD4i_R2_D4_Rest_NTC-883,NTC-883,CE0006864,Rest,CD4i_R2,56.0,409836.0
CD4i_R2_D4_Rest_NTC-884,NTC-884,CE0006864,Rest,CD4i_R2,126.0,1045817.0
CD4i_R2_D4_Rest_NTC-885,NTC-885,CE0006864,Rest,CD4i_R2,82.0,763429.0
CD4i_R2_D4_Rest_NTC-886,NTC-886,CE0006864,Rest,CD4i_R2,39.0,309516.0
CD4i_R2_D4_Rest_NTC-887,NTC-887,CE0006864,Rest,CD4i_R2,71.0,440291.0
CD4i_R2_D4_Rest_NTC-888,NTC-888,CE0006864,Rest,CD4i_R2,25.0,210043.0
CD4i_R2_D4_Rest_NTC-889,NTC-889,CE0006864,Rest,CD4i_R2,58.0,606550.0
CD4i_R2_D4_Rest_NTC-890,NTC-890,CE0006864,Rest,CD4i_R2,69.0,662906.0
CD4i_R2_D4_Rest_NTC-891,NTC-891,CE0006864,Rest,CD4i_R2,8.0,42052.0
CD4i_R2_D4_Rest_NTC-892,NTC-892,CE0006864,Rest,CD4i_R2,115.0,829219.0
CD4i_R2_D4_Rest_NTC-893,NTC-893,CE0006864,Rest,CD4i_R2,162.0,1858423.0
CD4i_R2_D4_Rest_NTC-894,NTC-894,CE0006864,Rest,CD4i_R2,58.0,446880.0
CD4i_R2_D4_Rest_NTC-895,NTC-895,CE0006864,Rest,CD4i_R2,30.0,180527.0
CD4i_R2_D4_Rest_NTC-896,NTC-896,CE0006864,Rest,CD4i_R2,45.0,383045.0
CD4i_R2_D4_Rest_NTC-897,NTC-897,CE0006864,Rest,CD4i_R2,40.0,212462.0
CD4i_R2_D4_Rest_NTC-898,NTC-898,CE0006864,Rest,CD4i_R2,92.0,1018351.0
CD4i_R2_D4_Rest_NTC-899,NTC-899,CE0006864,Rest,CD4i_R2,35.0,340548.0
CD4i_R2_D4_Rest_NTC-900,NTC-900,CE0006864,Rest,CD4i_R2,7.0,42861.0
CD4i_R2_D4_Rest_NTC-901,NTC-901,CE0006864,Rest,CD4i_R2,71.0,659911.0
CD4i_R2_D4_Rest_NTC-902,NTC-902,CE0006864,Rest,CD4i_R2,58.0,445474.0
CD4i_R2_D4_Rest_NTC-903,NTC-903,CE0006864,Rest,CD4i_R2,12.0,79441.0
CD4i_R2_D4_Rest_NTC-904,NTC-904,CE0006864,Rest,CD4i_R2,81.0,798336.0
CD4i_R2_D4_Rest_NTC-905,NTC-905,CE0006864,Rest,CD4i_R2,157.0,1336574.0
CD4i_R2_D4_Rest_NTC-906,NTC-906,CE0006864,Rest,CD4i_R2,93.0,674700.0
CD4i_R2_D4_Rest_NTC-907,NTC-907,CE0006864,Rest,CD4i_R2,130.0,959930.0
CD4i_R2_D4_Rest_NTC-908,NTC-908,CE0006864,Rest,CD4i_R2,41.0,340884.0
CD4i_R2_D4_Rest_NTC-909,NTC-909,CE0006864,Rest,CD4i_R2,87.0,758215.0
CD4i_R2_D4_Rest_NTC-910,NTC-910,CE0006864,Rest,CD4i_R2,67.0,529372.0
CD4i_R2_D4_Rest_NTC-911,NTC-911,CE0006864,Rest,CD4i_R2,65.0,550384.0
CD4i_R2_D4_Rest_NTC-912,NTC-912,CE0006864,Rest,CD4i_R2,107.0,792123.0
CD4i_R2_D4_Rest_NTC-914,NTC-914,CE0006864,Rest,CD4i_R2,114.0,1173736.0
CD4i_R2_D4_Rest_NTC-915,NTC-915,CE0006864,Rest,CD4i_R2,54.0,498137.0
CD4i_R2_D4_Rest_NTC-916,NTC-916,CE0006864,Rest,CD4i_R2,268.0,2595639.0
CD4i_R2_D4_Rest_NTC-917,NTC-917,CE0006864,Rest,CD4i_R2,111.0,749519.0
CD4i_R2_D4_Rest_NTC-918,NTC-918,CE0006864,Rest,CD4i_R2,47.0,366620.0
CD4i_R2_D4_Rest_NTC-919,NTC-919,CE0006864,Rest,CD4i_R2,26.0,181933.0
CD4i_R2_D4_Rest_NTC-920,NTC-920,CE0006864,Rest,CD4i_R2,48.0,357435.0
CD4i_R2_D4_Rest_NTC-921,NTC-921,CE0006864,Rest,CD4i_R2,94.0,696224.0
CD4i_R2_D4_Rest_NTC-922,NTC-922,CE0006864,Rest,CD4i_R2,70.0,579273.0
CD4i_R2_D4_Rest_NTC-923,NTC-923,CE0006864,Rest,CD4i_R2,59.0,514100.0
CD4i_R2_D4_Rest_NTC-924,NTC-924,CE0006864,Rest,CD4i_R2,41.0,436874.0
CD4i_R2_D4_Rest_NTC-925,NTC-925,CE0006864,Rest,CD4i_R2,138.0,1079894.0
CD4i_R2_D4_Rest_NTC-926,NTC-926,CE0006864,Rest,CD4i_R2,51.0,490873.0
CD4i_R2_D4_Rest_NTC-927,NTC-927,CE0006864,Rest,CD4i_R2,86.0,595519.0
CD4i_R2_D4_Rest_NTC-928,NTC-928,CE0006864,Rest,CD4i_R2,129.0,1189357.0
CD4i_R2_D4_Rest_NTC-930,NTC-930,CE0006864,Rest,CD4i_R2,29.0,329930.0
CD4i_R2_D4_Rest_NTC-931,NTC-931,CE0006864,Rest,CD4i_R2,104.0,1034898.0
CD4i_R2_D4_Rest_NTC-932,NTC-932,CE0006864,Rest,CD4i_R2,65.0,475710.0
CD4i_R2_D4_Rest_NTC-934,NTC-934,CE0006864,Rest,CD4i_R2,73.0,521614.0
CD4i_R2_D4_Rest_NTC-935,NTC-935,CE0006864,Rest,CD4i_R2,58.0,384624.0
CD4i_R2_D4_Rest_NTC-936,NTC-936,CE0006864,Rest,CD4i_R2,135.0,1243193.0
CD4i_R2_D4_Rest_NTC-937,NTC-937,CE0006864,Rest,CD4i_R2,107.0,1000004.0
CD4i_R2_D4_Rest_NTC-938,NTC-938,CE0006864,Rest,CD4i_R2,21.0,253021.0
CD4i_R2_D4_Rest_NTC-939,NTC-939,CE0006864,Rest,CD4i_R2,57.0,449424.0
CD4i_R2_D4_Rest_NTC-940,NTC-940,CE0006864,Rest,CD4i_R2,78.0,730810.0
CD4i_R2_D4_Rest_NTC-941,NTC-941,CE0006864,Rest,CD4i_R2,103.0,845082.0
CD4i_R2_D4_Rest_NTC-942,NTC-942,CE0006864,Rest,CD4i_R2,211.0,2329672.0
CD4i_R2_D4_Rest_NTC-943,NTC-943,CE0006864,Rest,CD4i_R2,21.0,202207.0
CD4i_R2_D4_Rest_NTC-944,NTC-944,CE0006864,Rest,CD4i_R2,49.0,369963.0
CD4i_R2_D4_Rest_NTC-945,NTC-945,CE0006864,Rest,CD4i_R2,54.0,440753.0
CD4i_R2_D4_Rest_NTC-946,NTC-946,CE0006864,Rest,CD4i_R2,220.0,1754284.0
CD4i_R2_D4_Rest_NTC-947,NTC-947,CE0006864,Rest,CD4i_R2,81.0,779615.0
CD4i_R2_D4_Rest_NTC-948,NTC-948,CE0006864,Rest,CD4i_R2,27.0,187448.0
CD4i_R2_D4_Rest_NTC-949,NTC-949,CE0006864,Rest,CD4i_R2,38.0,342253.0
CD4i_R2_D4_Rest_NTC-950,NTC-950,CE0006864,Rest,CD4i_R2,97.0,888405.0
CD4i_R2_D4_Rest_NTC-951,NTC-951,CE0006864,Rest,CD4i_R2,69.0,511294.0
CD4i_R2_D4_Rest_NTC-952,NTC-952,CE0006864,Rest,CD4i_R2,66.0,534680.0
CD4i_R2_D4_Rest_NTC-953,NTC-953,CE0006864,Rest,CD4i_R2,35.0,337570.0
CD4i_R2_D4_Rest_NTC-954,NTC-954,CE0006864,Rest,CD4i_R2,80.0,690858.0
CD4i_R2_D4_Rest_NTC-955,NTC-955,CE0006864,Rest,CD4i_R2,133.0,1161370.0
CD4i_R2_D4_Rest_NTC-956,NTC-956,CE0006864,Rest,CD4i_R2,118.0,920948.0
CD4i_R2_D4_Rest_NTC-957,NTC-957,CE0006864,Rest,CD4i_R2,57.0,444786.0
CD4i_R2_D4_Rest_NTC-958,NTC-958,CE0006864,Rest,CD4i_R2,38.0,343591.0
CD4i_R2_D4_Rest_NTC-959,NTC-959,CE0006864,Rest,CD4i_R2,134.0,1192614.0
CD4i_R2_D4_Rest_NTC-960,NTC-960,CE0006864,Rest,CD4i_R2,95.0,748736.0
CD4i_R2_D4_Rest_NTC-961,NTC-961,CE0006864,Rest,CD4i_R2,54.0,438049.0
CD4i_R2_D4_Rest_NTC-962,NTC-962,CE0006864,Rest,CD4i_R2,34.0,244465.0
CD4i_R2_D4_Rest_NTC-963,NTC-963,CE0006864,Rest,CD4i_R2,58.0,481387.0
CD4i_R2_D4_Rest_NTC-964,NTC-964,CE0006864,Rest,CD4i_R2,85.0,562199.0
CD4i_R2_D4_Rest_NTC-965,NTC-965,CE0006864,Rest,CD4i_R2,55.0,503149.0
CD4i_R2_D4_Rest_NTC-966,NTC-966,CE0006864,Rest,CD4i_R2,69.0,539975.0
CD4i_R2_D4_Rest_NTC-967,NTC-967,CE0006864,Rest,CD4i_R2,65.0,440782.0
CD4i_R2_D4_Rest_NTC-968,NTC-968,CE0006864,Rest,CD4i_R2,116.0,1060646.0
CD4i_R2_D4_Rest_NTC-969,NTC-969,CE0006864,Rest,CD4i_R2,103.0,751842.0
CD4i_R2_D4_Rest_NTC-970,NTC-970,CE0006864,Rest,CD4i_R2,69.0,585401.0
CD4i_R2_D4_Rest_NTC-971,NTC-971,CE0006864,Rest,CD4i_R2,128.0,1182597.0
CD4i_R2_D4_Rest_NTC-972,NTC-972,CE0006864,Rest,CD4i_R2,42.0,300631.0
CD4i_R2_D4_Rest_NTC-973,NTC-973,CE0006864,Rest,CD4i_R2,79.0,597606.0
CD4i_R2_D4_Rest_NTC-974,NTC-974,CE0006864,Rest,CD4i_R2,65.0,423439.0
CD4i_R2_D4_Rest_NTC-975,NTC-975,CE0006864,Rest,CD4i_R2,100.0,781250.0
CD4i_R2_D4_Rest_NTC-976,NTC-976,CE0006864,Rest,CD4i_R2,82.0,856496.0
CD4i_R2_D4_Rest_NTC-977,NTC-977,CE0006864,Rest,CD4i_R2,80.0,703206.0
CD4i_R2_D4_Rest_NTC-978,NTC-978,CE0006864,Rest,CD4i_R2,41.0,306645.0
CD4i_R2_D4_Rest_NTC-979,NTC-979,CE0006864,Rest,CD4i_R2,79.0,637447.0
CD4i_R2_D4_Rest_NTC-980,NTC-980,CE0006864,Rest,CD4i_R2,42.0,301225.0
CD4i_R2_D4_Rest_NTC-981,NTC-981,CE0006864,Rest,CD4i_R2,188.0,1424468.0
CD4i_R2_D4_Rest_NTC-982,NTC-982,CE0006864,Rest,CD4i_R2,114.0,1200761.0
CD4i_R2_D4_Rest_NTC-983,NTC-983,CE0006864,Rest,CD4i_R2,11.0,162649.0
CD4i_R2_D4_Rest_NTC-984,NTC-984,CE0006864,Rest,CD4i_R2,65.0,563503.0
CD4i_R2_D4_Rest_NTC-985,NTC-985,CE0006864,Rest,CD4i_R2,183.0,1729274.0
CD4i_R2_D4_Rest_NTC-986,NTC-986,CE0006864,Rest,CD4i_R2,26.0,194100.0
CD4i_R2_D4_Rest_NTC-987,NTC-987,CE0006864,Rest,CD4i_R2,58.0,494756.0
CD4i_R2_D4_Rest_NTC-988,NTC-988,CE0006864,Rest,CD4i_R2,63.0,602502.0
CD4i_R2_D4_Rest_NTC-989,NTC-989,CE0006864,Rest,CD4i_R2,109.0,834357.0
CD4i_R2_D4_Rest_NTC-990,NTC-990,CE0006864,Rest,CD4i_R2,147.0,1447994.0
CD4i_R2_D4_Rest_NTC-991,NTC-991,CE0006864,Rest,CD4i_R2,67.0,652122.0
CD4i_R2_D4_Rest_NTC-992,NTC-992,CE0006864,Rest,CD4i_R2,62.0,565719.0
