figure,panel,kind,label,value,x,note,y,ci_low,ci_high
Main Figure 2,a,delta_pearson,State,0.4893001914024353,,compact mean-vector diagnostic,,,
Main Figure 2,a,delta_mse,State,0.0244182422757148,,compact mean-vector diagnostic; metric-specific contrast,,,
Main Figure 2,a,delta_pearson,Pert Mean,0.2585892677307129,,compact mean-vector diagnostic,,,
Main Figure 2,a,delta_mse,Pert Mean,0.0247979387640953,,compact mean-vector diagnostic; metric-specific contrast,,,
Main Figure 2,b,context_distance_pair,0,2.400084972381592,1.5822819471359253,90 cytokines x 10 context pairs,,,
Main Figure 2,b,context_distance_pair,0,11.30189037322998,9.672697067260742,90 cytokines x 10 context pairs,,,
Main Figure 2,b,context_distance_pair,0,2.11114764213562,1.7906230688095093,90 cytokines x 10 context pairs,,,
Main Figure 2,b,context_distance_pair,0,4.13270378112793,4.605235576629639,90 cytokines x 10 context pairs,,,
Main Figure 2,b,context_distance_pair,0,11.258962631225586,9.476401329040527,90 cytokines x 10 context pairs,,,
Main Figure 2,b,context_distance_pair,0,2.514326810836792,1.7520556449890137,90 cytokines x 10 context pairs,,,
Main Figure 2,b,context_distance_pair,0,4.436264514923096,4.885776996612549,90 cytokines x 10 context pairs,,,
Main Figure 2,b,context_distance_pair,0,11.018274307250977,9.51948356628418,90 cytokines x 10 context pairs,,,
Main Figure 2,b,context_distance_pair,0,11.693196296691896,10.704915046691896,90 cytokines x 10 context pairs,,,
Main Figure 2,b,context_distance_pair,0,3.9827523231506334,4.911039352416992,90 cytokines x 10 context pairs,,,
Main Figure 2,b,context_distance_pair,1,2.2968590259552,2.063307762145996,90 cytokines x 10 context pairs,,,
Main Figure 2,b,context_distance_pair,1,16.12386131286621,14.333523750305176,90 cytokines x 10 context pairs,,,
Main Figure 2,b,context_distance_pair,1,3.22001576423645,2.349451780319214,90 cytokines x 10 context pairs,,,
Main Figure 2,b,context_distance_pair,1,4.222480773925781,3.833559513092041,90 cytokines x 10 context pairs,,,
Main Figure 2,b,context_distance_pair,1,16.072906494140625,14.504955291748049,90 cytokines x 10 context pairs,,,
Main Figure 2,b,context_distance_pair,1,3.5582499504089355,3.4948978424072266,90 cytokines x 10 context pairs,,,
Main Figure 2,b,context_distance_pair,1,4.553324699401856,4.712498664855957,90 cytokines x 10 context pairs,,,
Main Figure 2,b,context_distance_pair,1,15.930578231811523,14.271820068359377,90 cytokines x 10 context pairs,,,
Main Figure 2,b,context_distance_pair,1,16.284379959106445,14.689398765563965,90 cytokines x 10 context pairs,,,
Main Figure 2,b,context_distance_pair,1,3.397045850753784,3.906925916671753,90 cytokines x 10 context pairs,,,
Main Figure 2,b,context_distance_pair,2,2.0752174854278564,2.939483880996704,90 cytokines x 10 context pairs,,,
Main Figure 2,b,context_distance_pair,2,12.175715446472168,12.803950309753418,90 cytokines x 10 context pairs,,,
Main Figure 2,b,context_distance_pair,2,3.2710793018341064,2.380685806274414,90 cytokines x 10 context pairs,,,
Main Figure 2,b,context_distance_pair,2,5.487297534942627,4.923949718475342,90 cytokines x 10 context pairs,,,
Main Figure 2,b,context_distance_pair,2,11.990288734436035,13.35488224029541,90 cytokines x 10 context pairs,,,
Main Figure 2,b,context_distance_pair,2,3.700898170471192,4.265490531921387,90 cytokines x 10 context pairs,,,
Main Figure 2,b,context_distance_pair,2,5.710970401763916,6.191955089569092,90 cytokines x 10 context pairs,,,
Main Figure 2,b,context_distance_pair,2,11.92892360687256,12.731892585754396,90 cytokines x 10 context pairs,,,
Main Figure 2,b,context_distance_pair,2,12.656557083129885,13.525741577148438,90 cytokines x 10 context pairs,,,
Main Figure 2,b,context_distance_pair,2,4.582066059112549,4.580427646636963,90 cytokines x 10 context pairs,,,
Main Figure 2,b,context_distance_pair,3,2.19751238822937,2.488670587539673,90 cytokines x 10 context pairs,,,
Main Figure 2,b,context_distance_pair,3,14.811721801757812,7.878262042999268,90 cytokines x 10 context pairs,,,
Main Figure 2,b,context_distance_pair,3,2.5728442668914795,3.0840771198272705,90 cytokines x 10 context pairs,,,
Main Figure 2,b,context_distance_pair,3,4.674358367919922,5.93152379989624,90 cytokines x 10 context pairs,,,
Main Figure 2,b,context_distance_pair,3,14.780596733093262,8.124835968017578,90 cytokines x 10 context pairs,,,
Main Figure 2,b,context_distance_pair,3,3.29128360748291,3.542968511581421,90 cytokines x 10 context pairs,,,
Main Figure 2,b,context_distance_pair,3,5.022326469421387,6.16935920715332,90 cytokines x 10 context pairs,,,
Main Figure 2,b,context_distance_pair,3,14.373316764831545,7.343236446380615,90 cytokines x 10 context pairs,,,
Main Figure 2,b,context_distance_pair,3,14.87920093536377,8.980829238891602,90 cytokines x 10 context pairs,,,
Main Figure 2,b,context_distance_pair,3,4.219724655151367,5.304266929626465,90 cytokines x 10 context pairs,,,
Main Figure 2,b,context_distance_pair,4,2.437642812728882,1.5398930311203003,90 cytokines x 10 context pairs,,,
Main Figure 2,b,context_distance_pair,4,12.62047004699707,12.109260559082031,90 cytokines x 10 context pairs,,,
Main Figure 2,b,context_distance_pair,4,2.064602851867676,2.221137523651123,90 cytokines x 10 context pairs,,,
Main Figure 2,b,context_distance_pair,4,3.394624710083008,4.024993419647217,90 cytokines x 10 context pairs,,,
Main Figure 2,b,context_distance_pair,4,12.419371604919434,12.18729305267334,90 cytokines x 10 context pairs,,,
Main Figure 2,b,context_distance_pair,4,3.052254199981689,2.204993486404419,90 cytokines x 10 context pairs,,,
Main Figure 2,b,context_distance_pair,4,4.061258316040039,4.082510948181152,90 cytokines x 10 context pairs,,,
Main Figure 2,b,context_distance_pair,4,12.354434967041016,12.139077186584473,90 cytokines x 10 context pairs,,,
Main Figure 2,b,context_distance_pair,4,12.715962409973145,12.722862243652344,90 cytokines x 10 context pairs,,,
Main Figure 2,b,context_distance_pair,4,2.975059032440185,3.872545719146729,90 cytokines x 10 context pairs,,,
Main Figure 2,b,context_distance_pair,5,2.552435398101806,3.0055465698242188,90 cytokines x 10 context pairs,,,
Main Figure 2,b,context_distance_pair,5,9.852025032043455,12.256162643432615,90 cytokines x 10 context pairs,,,
Main Figure 2,b,context_distance_pair,5,2.6630380153656006,1.7717618942260742,90 cytokines x 10 context pairs,,,
Main Figure 2,b,context_distance_pair,5,7.442468643188477,16.67674446105957,90 cytokines x 10 context pairs,,,
Main Figure 2,b,context_distance_pair,5,9.882184982299805,12.76459789276123,90 cytokines x 10 context pairs,,,
Main Figure 2,b,context_distance_pair,5,3.5729527473449707,3.919283628463745,90 cytokines x 10 context pairs,,,
Main Figure 2,b,context_distance_pair,5,7.830614566802978,17.07183265686035,90 cytokines x 10 context pairs,,,
Main Figure 2,b,context_distance_pair,5,9.795123100280762,12.191723823547363,90 cytokines x 10 context pairs,,,
Main Figure 2,b,context_distance_pair,5,12.118696212768556,20.446746826171875,90 cytokines x 10 context pairs,,,
Main Figure 2,b,context_distance_pair,5,7.0137224197387695,16.51929473876953,90 cytokines x 10 context pairs,,,
Main Figure 2,b,context_distance_pair,6,2.270638227462769,1.5348669290542605,90 cytokines x 10 context pairs,,,
Main Figure 2,b,context_distance_pair,6,10.622225761413574,7.28211784362793,90 cytokines x 10 context pairs,,,
Main Figure 2,b,context_distance_pair,6,2.774654150009156,2.259883165359497,90 cytokines x 10 context pairs,,,
Main Figure 2,b,context_distance_pair,6,4.129210948944092,3.778563499450684,90 cytokines x 10 context pairs,,,
Main Figure 2,b,context_distance_pair,6,10.588247299194336,7.177920818328857,90 cytokines x 10 context pairs,,,
Main Figure 2,b,context_distance_pair,6,3.4071691036224365,2.1009554862976074,90 cytokines x 10 context pairs,,,
Main Figure 2,b,context_distance_pair,6,4.598875999450684,3.806390285491944,90 cytokines x 10 context pairs,,,
Main Figure 2,b,context_distance_pair,6,10.2700777053833,6.977361679077148,90 cytokines x 10 context pairs,,,
Main Figure 2,b,context_distance_pair,6,10.828206062316896,7.75488805770874,90 cytokines x 10 context pairs,,,
Main Figure 2,b,context_distance_pair,6,3.5789670944213867,3.706751585006714,90 cytokines x 10 context pairs,,,
Main Figure 2,b,context_distance_pair,7,2.196274280548096,2.2911465167999268,90 cytokines x 10 context pairs,,,
Main Figure 2,b,context_distance_pair,7,14.801743507385254,6.783478736877441,90 cytokines x 10 context pairs,,,
Main Figure 2,b,context_distance_pair,7,3.766379833221436,2.42751407623291,90 cytokines x 10 context pairs,,,
Main Figure 2,b,context_distance_pair,7,5.38636589050293,4.371057033538818,90 cytokines x 10 context pairs,,,
Main Figure 2,b,context_distance_pair,7,14.67092514038086,7.24693489074707,90 cytokines x 10 context pairs,,,
Main Figure 2,b,context_distance_pair,7,3.91658353805542,3.629596948623657,90 cytokines x 10 context pairs,,,
Main Figure 2,b,context_distance_pair,7,5.471269607543945,5.197707176208496,90 cytokines x 10 context pairs,,,
Main Figure 2,b,context_distance_pair,7,14.532224655151367,6.416956901550293,90 cytokines x 10 context pairs,,,
Main Figure 2,b,context_distance_pair,7,15.055350303649902,7.625874519348144,90 cytokines x 10 context pairs,,,
Main Figure 2,b,context_distance_pair,7,4.38915491104126,4.238598823547363,90 cytokines x 10 context pairs,,,
Main Figure 2,b,context_distance_pair,8,9.309186935424805,5.878952026367188,90 cytokines x 10 context pairs,,,
Main Figure 2,b,context_distance_pair,8,15.556577682495115,16.5627498626709,90 cytokines x 10 context pairs,,,
Main Figure 2,b,context_distance_pair,8,7.477880477905273,12.90927028656006,90 cytokines x 10 context pairs,,,
Main Figure 2,b,context_distance_pair,8,9.079118728637695,11.283299446105955,90 cytokines x 10 context pairs,,,
Main Figure 2,b,context_distance_pair,8,21.327749252319336,19.06037712097168,90 cytokines x 10 context pairs,,,
Main Figure 2,b,context_distance_pair,8,15.738611221313477,15.855072975158691,90 cytokines x 10 context pairs,,,
Main Figure 2,b,context_distance_pair,8,16.90894317626953,14.193418502807615,90 cytokines x 10 context pairs,,,
Main Figure 2,b,context_distance_pair,8,12.755009651184082,9.930809020996094,90 cytokines x 10 context pairs,,,
Main Figure 2,b,context_distance_pair,8,13.44172477722168,11.581232070922852,90 cytokines x 10 context pairs,,,
Main Figure 2,b,context_distance_pair,8,5.148129463195801,5.8475871086120605,90 cytokines x 10 context pairs,,,
Main Figure 2,b,context_distance_pair,9,2.44162392616272,2.5293638706207275,90 cytokines x 10 context pairs,,,
Main Figure 2,b,context_distance_pair,9,12.462320327758787,10.71877670288086,90 cytokines x 10 context pairs,,,
Main Figure 2,b,context_distance_pair,9,3.4395925998687744,2.6072397232055664,90 cytokines x 10 context pairs,,,
Main Figure 2,b,context_distance_pair,9,5.545391082763672,5.7266845703125,90 cytokines x 10 context pairs,,,
Main Figure 2,b,context_distance_pair,9,12.343684196472168,11.088942527770996,90 cytokines x 10 context pairs,,,
Main Figure 2,b,context_distance_pair,9,3.4309511184692383,3.505537986755371,90 cytokines x 10 context pairs,,,
Main Figure 2,b,context_distance_pair,9,5.503020763397217,6.323377132415772,90 cytokines x 10 context pairs,,,
Main Figure 2,b,context_distance_pair,9,12.415162086486816,10.868322372436523,90 cytokines x 10 context pairs,,,
Main Figure 2,b,context_distance_pair,9,13.102333068847656,12.165122032165527,90 cytokines x 10 context pairs,,,
Main Figure 2,b,context_distance_pair,9,5.067394256591797,5.89988899230957,90 cytokines x 10 context pairs,,,
Main Figure 2,b,context_distance_pair,10,2.469503879547119,1.162693977355957,90 cytokines x 10 context pairs,,,
Main Figure 2,b,context_distance_pair,10,10.342973709106444,11.52305507659912,90 cytokines x 10 context pairs,,,
Main Figure 2,b,context_distance_pair,10,2.8402650356292725,1.579696774482727,90 cytokines x 10 context pairs,,,
Main Figure 2,b,context_distance_pair,10,4.677250385284424,3.93375301361084,90 cytokines x 10 context pairs,,,
Main Figure 2,b,context_distance_pair,10,10.180091857910156,11.619303703308104,90 cytokines x 10 context pairs,,,
Main Figure 2,b,context_distance_pair,10,2.735595226287842,2.226386547088623,90 cytokines x 10 context pairs,,,
Main Figure 2,b,context_distance_pair,10,4.639155864715576,4.337287425994873,90 cytokines x 10 context pairs,,,
Main Figure 2,b,context_distance_pair,10,10.132882118225098,11.46364688873291,90 cytokines x 10 context pairs,,,
Main Figure 2,b,context_distance_pair,10,10.7337064743042,12.025961875915527,90 cytokines x 10 context pairs,,,
Main Figure 2,b,context_distance_pair,10,3.981616973876953,3.8294970989227295,90 cytokines x 10 context pairs,,,
Main Figure 2,b,context_distance_pair,11,2.193661689758301,2.4217844009399414,90 cytokines x 10 context pairs,,,
Main Figure 2,b,context_distance_pair,11,13.972185134887695,9.513226509094238,90 cytokines x 10 context pairs,,,
Main Figure 2,b,context_distance_pair,11,2.5053889751434326,1.7840827703475952,90 cytokines x 10 context pairs,,,
Main Figure 2,b,context_distance_pair,11,4.505476474761963,3.857595682144165,90 cytokines x 10 context pairs,,,
Main Figure 2,b,context_distance_pair,11,14.03325366973877,9.759805679321287,90 cytokines x 10 context pairs,,,
Main Figure 2,b,context_distance_pair,11,3.0596399307250977,2.4701366424560547,90 cytokines x 10 context pairs,,,
Main Figure 2,b,context_distance_pair,11,4.99752140045166,4.316174507141113,90 cytokines x 10 context pairs,,,
Main Figure 2,b,context_distance_pair,11,13.927780151367188,9.548574447631836,90 cytokines x 10 context pairs,,,
Main Figure 2,b,context_distance_pair,11,14.479626655578612,10.188334465026855,90 cytokines x 10 context pairs,,,
Main Figure 2,b,context_distance_pair,11,4.1868672370910645,3.764780759811402,90 cytokines x 10 context pairs,,,
Main Figure 2,b,context_distance_pair,12,2.524479866027832,2.5346555709838867,90 cytokines x 10 context pairs,,,
Main Figure 2,b,context_distance_pair,12,13.802660942077637,8.687578201293945,90 cytokines x 10 context pairs,,,
Main Figure 2,b,context_distance_pair,12,2.8406193256378174,2.2357382774353027,90 cytokines x 10 context pairs,,,
Main Figure 2,b,context_distance_pair,12,4.502779006958008,4.342191696166992,90 cytokines x 10 context pairs,,,
Main Figure 2,b,context_distance_pair,12,14.029873847961426,9.067648887634276,90 cytokines x 10 context pairs,,,
Main Figure 2,b,context_distance_pair,12,4.412831783294678,3.2474241256713867,90 cytokines x 10 context pairs,,,
Main Figure 2,b,context_distance_pair,12,5.638635158538818,5.208258628845215,90 cytokines x 10 context pairs,,,
Main Figure 2,b,context_distance_pair,12,13.70449924468994,8.402792930603027,90 cytokines x 10 context pairs,,,
Main Figure 2,b,context_distance_pair,12,14.247671127319336,9.442386627197266,90 cytokines x 10 context pairs,,,
Main Figure 2,b,context_distance_pair,12,4.099544048309326,4.521020412445068,90 cytokines x 10 context pairs,,,
Main Figure 2,b,context_distance_pair,13,2.714700698852539,2.5049939155578613,90 cytokines x 10 context pairs,,,
Main Figure 2,b,context_distance_pair,13,13.98154067993164,11.245412826538086,90 cytokines x 10 context pairs,,,
Main Figure 2,b,context_distance_pair,13,2.0512616634368896,1.6989569664001465,90 cytokines x 10 context pairs,,,
Main Figure 2,b,context_distance_pair,13,4.8542985916137695,5.412782669067383,90 cytokines x 10 context pairs,,,
Main Figure 2,b,context_distance_pair,13,13.942785263061523,11.403837203979492,90 cytokines x 10 context pairs,,,
Main Figure 2,b,context_distance_pair,13,3.5746071338653564,3.0053040981292725,90 cytokines x 10 context pairs,,,
Main Figure 2,b,context_distance_pair,13,5.764751434326172,6.0452094078063965,90 cytokines x 10 context pairs,,,
Main Figure 2,b,context_distance_pair,13,13.836342811584473,11.310553550720217,90 cytokines x 10 context pairs,,,
Main Figure 2,b,context_distance_pair,13,14.469525337219238,12.463706016540527,90 cytokines x 10 context pairs,,,
Main Figure 2,b,context_distance_pair,13,4.704603672027588,5.380344867706299,90 cytokines x 10 context pairs,,,
Main Figure 2,b,context_distance_pair,14,2.7971527576446533,1.4473984241485596,90 cytokines x 10 context pairs,,,
Main Figure 2,b,context_distance_pair,14,14.424490928649902,8.07270336151123,90 cytokines x 10 context pairs,,,
Main Figure 2,b,context_distance_pair,14,2.737146615982056,1.6151413917541504,90 cytokines x 10 context pairs,,,
Main Figure 2,b,context_distance_pair,14,3.85261607170105,2.631323337554932,90 cytokines x 10 context pairs,,,
Main Figure 2,b,context_distance_pair,14,14.35918140411377,8.299999237060547,90 cytokines x 10 context pairs,,,
Main Figure 2,b,context_distance_pair,14,4.062775611877441,2.5139451026916504,90 cytokines x 10 context pairs,,,
Main Figure 2,b,context_distance_pair,14,5.014338493347168,3.293828010559082,90 cytokines x 10 context pairs,,,
Main Figure 2,b,context_distance_pair,14,14.035889625549316,8.001362800598145,90 cytokines x 10 context pairs,,,
Main Figure 2,b,context_distance_pair,14,14.438858032226562,8.420843124389648,90 cytokines x 10 context pairs,,,
Main Figure 2,b,context_distance_pair,14,3.1569314002990723,2.7676477432250977,90 cytokines x 10 context pairs,,,
Main Figure 2,b,context_distance_pair,15,2.273646354675293,2.3802175521850586,90 cytokines x 10 context pairs,,,
Main Figure 2,b,context_distance_pair,15,14.348946571350098,8.554401397705078,90 cytokines x 10 context pairs,,,
Main Figure 2,b,context_distance_pair,15,2.8201606273651123,1.719104886054993,90 cytokines x 10 context pairs,,,
Main Figure 2,b,context_distance_pair,15,4.026360988616943,3.7538251876831055,90 cytokines x 10 context pairs,,,
Main Figure 2,b,context_distance_pair,15,14.35045051574707,9.013376235961914,90 cytokines x 10 context pairs,,,
Main Figure 2,b,context_distance_pair,15,3.5275356769561768,3.048621892929077,90 cytokines x 10 context pairs,,,
Main Figure 2,b,context_distance_pair,15,4.592462062835693,4.596903800964356,90 cytokines x 10 context pairs,,,
Main Figure 2,b,context_distance_pair,15,14.126251220703123,8.563783645629883,90 cytokines x 10 context pairs,,,
Main Figure 2,b,context_distance_pair,15,14.480425834655762,9.268186569213867,90 cytokines x 10 context pairs,,,
Main Figure 2,b,context_distance_pair,15,3.3332486152648926,3.691805601119995,90 cytokines x 10 context pairs,,,
Main Figure 2,b,context_distance_pair,16,2.063849449157715,2.5184102058410645,90 cytokines x 10 context pairs,,,
Main Figure 2,b,context_distance_pair,16,11.810370445251465,7.505791187286377,90 cytokines x 10 context pairs,,,
Main Figure 2,b,context_distance_pair,16,3.5850698947906494,2.576942205429077,90 cytokines x 10 context pairs,,,
Main Figure 2,b,context_distance_pair,16,6.647723197937012,7.141002655029297,90 cytokines x 10 context pairs,,,
Main Figure 2,b,context_distance_pair,16,11.78494644165039,7.878384113311768,90 cytokines x 10 context pairs,,,
Main Figure 2,b,context_distance_pair,16,3.866279363632202,3.443335771560669,90 cytokines x 10 context pairs,,,
Main Figure 2,b,context_distance_pair,16,6.840295314788818,7.571680545806885,90 cytokines x 10 context pairs,,,
Main Figure 2,b,context_distance_pair,16,11.840886116027832,7.703435897827148,90 cytokines x 10 context pairs,,,
Main Figure 2,b,context_distance_pair,16,13.146077156066896,10.254440307617188,90 cytokines x 10 context pairs,,,
Main Figure 2,b,context_distance_pair,16,6.012918472290039,7.114948749542236,90 cytokines x 10 context pairs,,,
Main Figure 2,b,context_distance_pair,17,1.956173539161682,1.791943073272705,90 cytokines x 10 context pairs,,,
Main Figure 2,b,context_distance_pair,17,13.837106704711914,13.32381534576416,90 cytokines x 10 context pairs,,,
Main Figure 2,b,context_distance_pair,17,2.971664428710937,2.335834264755249,90 cytokines x 10 context pairs,,,
Main Figure 2,b,context_distance_pair,17,5.169776916503906,4.258695125579834,90 cytokines x 10 context pairs,,,
Main Figure 2,b,context_distance_pair,17,13.823986053466797,13.552796363830566,90 cytokines x 10 context pairs,,,
Main Figure 2,b,context_distance_pair,17,3.5164828300476074,3.0569326877593994,90 cytokines x 10 context pairs,,,
Main Figure 2,b,context_distance_pair,17,5.608001232147217,4.7778425216674805,90 cytokines x 10 context pairs,,,
Main Figure 2,b,context_distance_pair,17,13.809056282043455,13.193427085876465,90 cytokines x 10 context pairs,,,
Main Figure 2,b,context_distance_pair,17,14.308086395263672,13.661394119262695,90 cytokines x 10 context pairs,,,
Main Figure 2,b,context_distance_pair,17,4.6873555183410645,3.929831743240357,90 cytokines x 10 context pairs,,,
Main Figure 2,b,context_distance_pair,18,2.287198543548584,2.4352290630340576,90 cytokines x 10 context pairs,,,
Main Figure 2,b,context_distance_pair,18,14.635976791381836,8.114344596862793,90 cytokines x 10 context pairs,,,
Main Figure 2,b,context_distance_pair,18,3.273974895477295,2.7378523349761963,90 cytokines x 10 context pairs,,,
Main Figure 2,b,context_distance_pair,18,4.210047721862793,4.825598239898682,90 cytokines x 10 context pairs,,,
Main Figure 2,b,context_distance_pair,18,14.84996509552002,8.582247734069824,90 cytokines x 10 context pairs,,,
Main Figure 2,b,context_distance_pair,18,3.961185932159424,3.751177310943604,90 cytokines x 10 context pairs,,,
Main Figure 2,b,context_distance_pair,18,4.989755630493164,5.664418697357178,90 cytokines x 10 context pairs,,,
Main Figure 2,b,context_distance_pair,18,14.662519454956056,8.071728706359863,90 cytokines x 10 context pairs,,,
Main Figure 2,b,context_distance_pair,18,14.789538383483888,9.194745063781738,90 cytokines x 10 context pairs,,,
Main Figure 2,b,context_distance_pair,18,4.500362396240234,5.530194282531738,90 cytokines x 10 context pairs,,,
Main Figure 2,b,context_distance_pair,19,5.31655740737915,5.902894496917725,90 cytokines x 10 context pairs,,,
Main Figure 2,b,context_distance_pair,19,13.319655418395996,14.635342597961426,90 cytokines x 10 context pairs,,,
Main Figure 2,b,context_distance_pair,19,4.659245014190674,4.34515380859375,90 cytokines x 10 context pairs,,,
Main Figure 2,b,context_distance_pair,19,11.194106101989746,18.496055603027344,90 cytokines x 10 context pairs,,,
Main Figure 2,b,context_distance_pair,19,14.782059669494627,16.568693161010742,90 cytokines x 10 context pairs,,,
Main Figure 2,b,context_distance_pair,19,8.090631484985352,8.865337371826172,90 cytokines x 10 context pairs,,,
Main Figure 2,b,context_distance_pair,19,13.05557632446289,20.129610061645508,90 cytokines x 10 context pairs,,,
Main Figure 2,b,context_distance_pair,19,13.152121543884276,15.343350410461426,90 cytokines x 10 context pairs,,,
Main Figure 2,b,context_distance_pair,19,16.40255355834961,23.780553817749023,90 cytokines x 10 context pairs,,,
Main Figure 2,b,context_distance_pair,19,10.234997749328612,17.96016502380371,90 cytokines x 10 context pairs,,,
Main Figure 2,b,context_distance_pair,20,1.92819344997406,2.247295379638672,90 cytokines x 10 context pairs,,,
Main Figure 2,b,context_distance_pair,20,12.366488456726074,4.868663787841797,90 cytokines x 10 context pairs,,,
Main Figure 2,b,context_distance_pair,20,2.8749263286590576,1.5069642066955566,90 cytokines x 10 context pairs,,,
Main Figure 2,b,context_distance_pair,20,4.644495964050293,4.3584303855896,90 cytokines x 10 context pairs,,,
Main Figure 2,b,context_distance_pair,20,12.23330020904541,5.359445571899414,90 cytokines x 10 context pairs,,,
Main Figure 2,b,context_distance_pair,20,2.3397252559661865,2.735363006591797,90 cytokines x 10 context pairs,,,
Main Figure 2,b,context_distance_pair,20,4.337586879730225,5.050132751464844,90 cytokines x 10 context pairs,,,
Main Figure 2,b,context_distance_pair,20,12.39254379272461,4.751786708831787,90 cytokines x 10 context pairs,,,
Main Figure 2,b,context_distance_pair,20,12.704071998596191,6.309741497039795,90 cytokines x 10 context pairs,,,
Main Figure 2,b,context_distance_pair,20,3.7586050033569336,4.355270385742188,90 cytokines x 10 context pairs,,,
Main Figure 2,b,context_distance_pair,21,5.746490955352783,6.232190608978272,90 cytokines x 10 context pairs,,,
Main Figure 2,b,context_distance_pair,21,9.436087608337402,10.828413963317873,90 cytokines x 10 context pairs,,,
Main Figure 2,b,context_distance_pair,21,4.0769476890563965,3.75057315826416,90 cytokines x 10 context pairs,,,
Main Figure 2,b,context_distance_pair,21,7.125025749206543,9.79232120513916,90 cytokines x 10 context pairs,,,
Main Figure 2,b,context_distance_pair,21,11.437677383422852,13.076631546020508,90 cytokines x 10 context pairs,,,
Main Figure 2,b,context_distance_pair,21,7.592954635620117,8.171842575073242,90 cytokines x 10 context pairs,,,
Main Figure 2,b,context_distance_pair,21,9.76409912109375,12.236494064331056,90 cytokines x 10 context pairs,,,
Main Figure 2,b,context_distance_pair,21,9.024688720703123,10.772366523742676,90 cytokines x 10 context pairs,,,
Main Figure 2,b,context_distance_pair,21,11.025985717773438,14.258983612060549,90 cytokines x 10 context pairs,,,
Main Figure 2,b,context_distance_pair,21,6.216073513031006,9.070684432983398,90 cytokines x 10 context pairs,,,
Main Figure 2,b,context_distance_pair,22,12.299429893493652,16.618412017822266,90 cytokines x 10 context pairs,,,
Main Figure 2,b,context_distance_pair,22,17.653667449951172,13.010517120361328,90 cytokines x 10 context pairs,,,
Main Figure 2,b,context_distance_pair,22,12.094633102416992,10.060714721679688,90 cytokines x 10 context pairs,,,
Main Figure 2,b,context_distance_pair,22,23.374004364013672,30.59860610961914,90 cytokines x 10 context pairs,,,
Main Figure 2,b,context_distance_pair,22,23.27368354797364,22.50550651550293,90 cytokines x 10 context pairs,,,
Main Figure 2,b,context_distance_pair,22,19.41109848022461,22.281837463378903,90 cytokines x 10 context pairs,,,
Main Figure 2,b,context_distance_pair,22,28.22603416442871,36.86403274536133,90 cytokines x 10 context pairs,,,
Main Figure 2,b,context_distance_pair,22,14.702065467834473,12.779985427856444,90 cytokines x 10 context pairs,,,
Main Figure 2,b,context_distance_pair,22,25.038537979125977,32.46271896362305,90 cytokines x 10 context pairs,,,
Main Figure 2,b,context_distance_pair,22,20.278932571411133,29.0685977935791,90 cytokines x 10 context pairs,,,
Main Figure 2,b,context_distance_pair,23,2.926410436630249,3.9320149421691895,90 cytokines x 10 context pairs,,,
Main Figure 2,b,context_distance_pair,23,12.512887001037598,5.382236957550049,90 cytokines x 10 context pairs,,,
Main Figure 2,b,context_distance_pair,23,3.345158338546753,2.4869701862335205,90 cytokines x 10 context pairs,,,
Main Figure 2,b,context_distance_pair,23,5.234508991241455,5.978128910064697,90 cytokines x 10 context pairs,,,
Main Figure 2,b,context_distance_pair,23,12.396418571472168,6.121679306030273,90 cytokines x 10 context pairs,,,
Main Figure 2,b,context_distance_pair,23,3.526906490325928,4.277823925018311,90 cytokines x 10 context pairs,,,
Main Figure 2,b,context_distance_pair,23,5.497964382171631,6.8915205001831055,90 cytokines x 10 context pairs,,,
Main Figure 2,b,context_distance_pair,23,12.286391258239746,5.096278190612793,90 cytokines x 10 context pairs,,,
Main Figure 2,b,context_distance_pair,23,12.777161598205566,7.739457607269287,90 cytokines x 10 context pairs,,,
Main Figure 2,b,context_distance_pair,23,4.636314868927002,5.957904815673828,90 cytokines x 10 context pairs,,,
Main Figure 2,b,context_distance_pair,24,6.554872035980225,5.489721775054932,90 cytokines x 10 context pairs,,,
Main Figure 2,b,context_distance_pair,24,12.958786010742188,17.835397720336914,90 cytokines x 10 context pairs,,,
Main Figure 2,b,context_distance_pair,24,5.010310649871826,4.736749172210693,90 cytokines x 10 context pairs,,,
Main Figure 2,b,context_distance_pair,24,12.04452896118164,18.34433937072754,90 cytokines x 10 context pairs,,,
Main Figure 2,b,context_distance_pair,24,14.560098648071287,19.15713691711425,90 cytokines x 10 context pairs,,,
Main Figure 2,b,context_distance_pair,24,8.406306266784668,7.411429405212402,90 cytokines x 10 context pairs,,,
Main Figure 2,b,context_distance_pair,24,14.137115478515623,19.318965911865234,90 cytokines x 10 context pairs,,,
Main Figure 2,b,context_distance_pair,24,12.322834968566896,18.127178192138672,90 cytokines x 10 context pairs,,,
Main Figure 2,b,context_distance_pair,24,17.0106201171875,25.2055606842041,90 cytokines x 10 context pairs,,,
Main Figure 2,b,context_distance_pair,24,11.857240676879885,18.29722595214844,90 cytokines x 10 context pairs,,,
Main Figure 2,b,context_distance_pair,25,2.423136234283448,4.7168288230896,90 cytokines x 10 context pairs,,,
Main Figure 2,b,context_distance_pair,25,13.707941055297852,11.53852081298828,90 cytokines x 10 context pairs,,,
Main Figure 2,b,context_distance_pair,25,4.042245388031006,3.301862955093384,90 cytokines x 10 context pairs,,,
Main Figure 2,b,context_distance_pair,25,5.784201145172119,5.92164945602417,90 cytokines x 10 context pairs,,,
Main Figure 2,b,context_distance_pair,25,13.91821002960205,13.084549903869627,90 cytokines x 10 context pairs,,,
Main Figure 2,b,context_distance_pair,25,4.668091297149658,6.61790132522583,90 cytokines x 10 context pairs,,,
Main Figure 2,b,context_distance_pair,25,6.284714221954346,8.263718605041504,90 cytokines x 10 context pairs,,,
Main Figure 2,b,context_distance_pair,25,13.552217483520508,11.869322776794434,90 cytokines x 10 context pairs,,,
Main Figure 2,b,context_distance_pair,25,14.171880722045898,12.903290748596191,90 cytokines x 10 context pairs,,,
Main Figure 2,b,context_distance_pair,25,4.59726095199585,5.246597290039063,90 cytokines x 10 context pairs,,,
Main Figure 2,b,context_distance_pair,26,1.9579073190689087,2.3767576217651367,90 cytokines x 10 context pairs,,,
Main Figure 2,b,context_distance_pair,26,14.686861991882324,10.992159843444824,90 cytokines x 10 context pairs,,,
Main Figure 2,b,context_distance_pair,26,2.375537395477295,1.723926663398743,90 cytokines x 10 context pairs,,,
Main Figure 2,b,context_distance_pair,26,4.665622234344482,5.203526973724365,90 cytokines x 10 context pairs,,,
Main Figure 2,b,context_distance_pair,26,14.731209754943848,11.187602043151855,90 cytokines x 10 context pairs,,,
Main Figure 2,b,context_distance_pair,26,3.179168224334717,2.219924211502075,90 cytokines x 10 context pairs,,,
Main Figure 2,b,context_distance_pair,26,5.184306144714356,5.419654369354248,90 cytokines x 10 context pairs,,,
Main Figure 2,b,context_distance_pair,26,14.516239166259766,10.972574234008787,90 cytokines x 10 context pairs,,,
Main Figure 2,b,context_distance_pair,26,15.040915489196776,12.053017616271973,90 cytokines x 10 context pairs,,,
Main Figure 2,b,context_distance_pair,26,4.264517307281494,5.040657997131348,90 cytokines x 10 context pairs,,,
Main Figure 2,b,context_distance_pair,27,2.8002870082855225,2.7961134910583496,90 cytokines x 10 context pairs,,,
Main Figure 2,b,context_distance_pair,27,10.695304870605469,16.246681213378906,90 cytokines x 10 context pairs,,,
Main Figure 2,b,context_distance_pair,27,2.2507450580596924,2.9815914630889893,90 cytokines x 10 context pairs,,,
Main Figure 2,b,context_distance_pair,27,4.051918029785156,5.426292896270752,90 cytokines x 10 context pairs,,,
Main Figure 2,b,context_distance_pair,27,10.666579246520996,16.361053466796875,90 cytokines x 10 context pairs,,,
Main Figure 2,b,context_distance_pair,27,2.8932456970214844,3.378565549850464,90 cytokines x 10 context pairs,,,
Main Figure 2,b,context_distance_pair,27,4.570611476898193,5.819677829742432,90 cytokines x 10 context pairs,,,
Main Figure 2,b,context_distance_pair,27,10.220505714416504,16.23097038269043,90 cytokines x 10 context pairs,,,
Main Figure 2,b,context_distance_pair,27,10.699298858642578,16.857471466064453,90 cytokines x 10 context pairs,,,
Main Figure 2,b,context_distance_pair,27,3.832066059112549,4.91709041595459,90 cytokines x 10 context pairs,,,
Main Figure 2,b,context_distance_pair,28,11.80009937286377,12.594877243041992,90 cytokines x 10 context pairs,,,
Main Figure 2,b,context_distance_pair,28,16.556196212768555,17.687118530273438,90 cytokines x 10 context pairs,,,
Main Figure 2,b,context_distance_pair,28,10.477618217468262,8.913887023925781,90 cytokines x 10 context pairs,,,
Main Figure 2,b,context_distance_pair,28,20.730607986450195,29.7116756439209,90 cytokines x 10 context pairs,,,
Main Figure 2,b,context_distance_pair,28,22.19659805297852,23.11970329284668,90 cytokines x 10 context pairs,,,
Main Figure 2,b,context_distance_pair,28,18.17662239074707,17.994155883789062,90 cytokines x 10 context pairs,,,
Main Figure 2,b,context_distance_pair,28,25.75685310363769,33.84906005859375,90 cytokines x 10 context pairs,,,
Main Figure 2,b,context_distance_pair,28,14.395953178405762,17.648881912231445,90 cytokines x 10 context pairs,,,
Main Figure 2,b,context_distance_pair,28,23.007022857666016,33.74616622924805,90 cytokines x 10 context pairs,,,
Main Figure 2,b,context_distance_pair,28,17.9266414642334,28.02882194519043,90 cytokines x 10 context pairs,,,
Main Figure 2,b,context_distance_pair,29,2.34867525100708,1.639309287071228,90 cytokines x 10 context pairs,,,
Main Figure 2,b,context_distance_pair,29,14.032767295837402,8.9634428024292,90 cytokines x 10 context pairs,,,
Main Figure 2,b,context_distance_pair,29,3.1620938777923584,2.035844564437866,90 cytokines x 10 context pairs,,,
Main Figure 2,b,context_distance_pair,29,4.084845066070557,3.98734188079834,90 cytokines x 10 context pairs,,,
Main Figure 2,b,context_distance_pair,29,13.895769119262695,9.21039581298828,90 cytokines x 10 context pairs,,,
Main Figure 2,b,context_distance_pair,29,2.838698625564575,2.441488981246948,90 cytokines x 10 context pairs,,,
Main Figure 2,b,context_distance_pair,29,4.022007465362549,4.314316272735596,90 cytokines x 10 context pairs,,,
Main Figure 2,b,context_distance_pair,29,13.713921546936035,8.94011116027832,90 cytokines x 10 context pairs,,,
Main Figure 2,b,context_distance_pair,29,14.129229545593262,9.782187461853027,90 cytokines x 10 context pairs,,,
Main Figure 2,b,context_distance_pair,29,3.4686856269836426,4.210967063903809,90 cytokines x 10 context pairs,,,
Main Figure 2,b,context_distance_pair,30,4.3119659423828125,6.379271984100342,90 cytokines x 10 context pairs,,,
Main Figure 2,b,context_distance_pair,30,11.562262535095217,41.75539016723633,90 cytokines x 10 context pairs,,,
Main Figure 2,b,context_distance_pair,30,3.8064870834350586,2.930250883102417,90 cytokines x 10 context pairs,,,
Main Figure 2,b,context_distance_pair,30,7.673523902893066,10.978726387023926,90 cytokines x 10 context pairs,,,
Main Figure 2,b,context_distance_pair,30,12.108991622924805,42.19640350341797,90 cytokines x 10 context pairs,,,
Main Figure 2,b,context_distance_pair,30,5.98521089553833,7.931446075439453,90 cytokines x 10 context pairs,,,
Main Figure 2,b,context_distance_pair,30,9.155534744262695,13.222437858581545,90 cytokines x 10 context pairs,,,
Main Figure 2,b,context_distance_pair,30,11.291775703430176,42.13602066040039,90 cytokines x 10 context pairs,,,
Main Figure 2,b,context_distance_pair,30,13.378458023071287,43.56441116333008,90 cytokines x 10 context pairs,,,
Main Figure 2,b,context_distance_pair,30,7.288206577301025,10.855732917785645,90 cytokines x 10 context pairs,,,
Main Figure 2,b,context_distance_pair,31,4.648735523223877,5.271180152893066,90 cytokines x 10 context pairs,,,
Main Figure 2,b,context_distance_pair,31,10.580720901489258,11.684791564941406,90 cytokines x 10 context pairs,,,
Main Figure 2,b,context_distance_pair,31,4.658929824829102,5.05851936340332,90 cytokines x 10 context pairs,,,
Main Figure 2,b,context_distance_pair,31,11.357946395874023,16.278783798217773,90 cytokines x 10 context pairs,,,
Main Figure 2,b,context_distance_pair,31,11.45566749572754,12.996089935302734,90 cytokines x 10 context pairs,,,
Main Figure 2,b,context_distance_pair,31,6.669215679168701,7.770141124725342,90 cytokines x 10 context pairs,,,
Main Figure 2,b,context_distance_pair,31,12.587642669677734,17.465253829956055,90 cytokines x 10 context pairs,,,
Main Figure 2,b,context_distance_pair,31,10.028825759887695,12.120534896850586,90 cytokines x 10 context pairs,,,
Main Figure 2,b,context_distance_pair,31,14.640210151672363,19.83600425720215,90 cytokines x 10 context pairs,,,
Main Figure 2,b,context_distance_pair,31,11.01603889465332,16.245149612426758,90 cytokines x 10 context pairs,,,
Main Figure 2,b,context_distance_pair,32,5.849120140075684,6.20583963394165,90 cytokines x 10 context pairs,,,
Main Figure 2,b,context_distance_pair,32,15.759772300720217,12.24170970916748,90 cytokines x 10 context pairs,,,
Main Figure 2,b,context_distance_pair,32,10.495794296264648,10.905248641967772,90 cytokines x 10 context pairs,,,
Main Figure 2,b,context_distance_pair,32,14.847804069519045,18.709428787231445,90 cytokines x 10 context pairs,,,
Main Figure 2,b,context_distance_pair,32,18.500883102416992,16.01611328125,90 cytokines x 10 context pairs,,,
Main Figure 2,b,context_distance_pair,32,14.30887222290039,14.74390697479248,90 cytokines x 10 context pairs,,,
Main Figure 2,b,context_distance_pair,32,17.92613983154297,21.494020462036133,90 cytokines x 10 context pairs,,,
Main Figure 2,b,context_distance_pair,32,13.69999885559082,8.766286849975586,90 cytokines x 10 context pairs,,,
Main Figure 2,b,context_distance_pair,32,17.377017974853516,18.22014617919922,90 cytokines x 10 context pairs,,,
Main Figure 2,b,context_distance_pair,32,11.34557819366455,15.971505165100098,90 cytokines x 10 context pairs,,,
Main Figure 2,b,context_distance_pair,33,2.128941059112549,2.179207801818848,90 cytokines x 10 context pairs,,,
Main Figure 2,b,context_distance_pair,33,17.982444763183594,22.272090911865234,90 cytokines x 10 context pairs,,,
Main Figure 2,b,context_distance_pair,33,3.079076051712036,2.032647132873535,90 cytokines x 10 context pairs,,,
Main Figure 2,b,context_distance_pair,33,4.274645805358887,3.760038375854492,90 cytokines x 10 context pairs,,,
Main Figure 2,b,context_distance_pair,33,17.88782501220703,22.45376205444336,90 cytokines x 10 context pairs,,,
Main Figure 2,b,context_distance_pair,33,3.146991014480591,2.852865219116211,90 cytokines x 10 context pairs,,,
Main Figure 2,b,context_distance_pair,33,4.516818046569824,4.276190280914307,90 cytokines x 10 context pairs,,,
Main Figure 2,b,context_distance_pair,33,17.80890464782715,22.29975891113281,90 cytokines x 10 context pairs,,,
Main Figure 2,b,context_distance_pair,33,18.212047576904297,22.63445281982422,90 cytokines x 10 context pairs,,,
Main Figure 2,b,context_distance_pair,33,3.9043166637420654,4.142934322357178,90 cytokines x 10 context pairs,,,
Main Figure 2,b,context_distance_pair,34,3.320941686630249,3.4093148708343506,90 cytokines x 10 context pairs,,,
Main Figure 2,b,context_distance_pair,34,13.641825675964355,13.527107238769531,90 cytokines x 10 context pairs,,,
Main Figure 2,b,context_distance_pair,34,4.200796604156494,3.185986280441284,90 cytokines x 10 context pairs,,,
Main Figure 2,b,context_distance_pair,34,9.212236404418944,12.551267623901367,90 cytokines x 10 context pairs,,,
Main Figure 2,b,context_distance_pair,34,13.903731346130373,14.121343612670898,90 cytokines x 10 context pairs,,,
Main Figure 2,b,context_distance_pair,34,5.164964199066162,5.223380088806152,90 cytokines x 10 context pairs,,,
Main Figure 2,b,context_distance_pair,34,10.032136917114258,13.23497200012207,90 cytokines x 10 context pairs,,,
Main Figure 2,b,context_distance_pair,34,13.020483016967772,13.56541347503662,90 cytokines x 10 context pairs,,,
Main Figure 2,b,context_distance_pair,34,15.791484832763672,18.6209774017334,90 cytokines x 10 context pairs,,,
Main Figure 2,b,context_distance_pair,34,9.056157112121582,12.790445327758787,90 cytokines x 10 context pairs,,,
Main Figure 2,b,context_distance_pair,35,3.996526002883911,6.294459342956543,90 cytokines x 10 context pairs,,,
Main Figure 2,b,context_distance_pair,35,19.823070526123047,16.736621856689453,90 cytokines x 10 context pairs,,,
Main Figure 2,b,context_distance_pair,35,5.411278247833252,5.836299419403076,90 cytokines x 10 context pairs,,,
Main Figure 2,b,context_distance_pair,35,9.053990364074709,18.788354873657227,90 cytokines x 10 context pairs,,,
Main Figure 2,b,context_distance_pair,35,19.54106712341309,17.859004974365234,90 cytokines x 10 context pairs,,,
Main Figure 2,b,context_distance_pair,35,4.742311954498291,8.41346549987793,90 cytokines x 10 context pairs,,,
Main Figure 2,b,context_distance_pair,35,8.782334327697754,19.826839447021484,90 cytokines x 10 context pairs,,,
Main Figure 2,b,context_distance_pair,35,19.45177459716797,16.03705596923828,90 cytokines x 10 context pairs,,,
Main Figure 2,b,context_distance_pair,35,20.804182052612305,24.167028427124023,90 cytokines x 10 context pairs,,,
Main Figure 2,b,context_distance_pair,35,7.764729976654053,18.12056350708008,90 cytokines x 10 context pairs,,,
Main Figure 2,b,context_distance_pair,36,10.690133094787598,11.328418731689451,90 cytokines x 10 context pairs,,,
Main Figure 2,b,context_distance_pair,36,15.804696083068848,10.968395233154297,90 cytokines x 10 context pairs,,,
Main Figure 2,b,context_distance_pair,36,8.530625343322754,7.883322715759277,90 cytokines x 10 context pairs,,,
Main Figure 2,b,context_distance_pair,36,17.675739288330078,20.94230842590332,90 cytokines x 10 context pairs,,,
Main Figure 2,b,context_distance_pair,36,20.46959114074707,17.767650604248047,90 cytokines x 10 context pairs,,,
Main Figure 2,b,context_distance_pair,36,15.23948574066162,15.323058128356934,90 cytokines x 10 context pairs,,,
Main Figure 2,b,context_distance_pair,36,22.07880592346192,24.894969940185547,90 cytokines x 10 context pairs,,,
Main Figure 2,b,context_distance_pair,36,14.703167915344238,11.302938461303713,90 cytokines x 10 context pairs,,,
Main Figure 2,b,context_distance_pair,36,21.334447860717773,22.69666862487793,90 cytokines x 10 context pairs,,,
Main Figure 2,b,context_distance_pair,36,17.096948623657227,20.6674747467041,90 cytokines x 10 context pairs,,,
Main Figure 2,b,context_distance_pair,37,2.169989824295044,2.020203351974488,90 cytokines x 10 context pairs,,,
Main Figure 2,b,context_distance_pair,37,9.286873817443848,8.23045825958252,90 cytokines x 10 context pairs,,,
Main Figure 2,b,context_distance_pair,37,3.1147584915161133,2.4568772315979004,90 cytokines x 10 context pairs,,,
Main Figure 2,b,context_distance_pair,37,5.925271511077881,7.14586067199707,90 cytokines x 10 context pairs,,,
Main Figure 2,b,context_distance_pair,37,9.219590187072754,8.662513732910156,90 cytokines x 10 context pairs,,,
Main Figure 2,b,context_distance_pair,37,3.4216339588165283,2.789867877960205,90 cytokines x 10 context pairs,,,
Main Figure 2,b,context_distance_pair,37,6.2683186531066895,7.720041275024414,90 cytokines x 10 context pairs,,,
Main Figure 2,b,context_distance_pair,37,9.082079887390137,8.282454490661621,90 cytokines x 10 context pairs,,,
Main Figure 2,b,context_distance_pair,37,10.380276679992676,11.132448196411133,90 cytokines x 10 context pairs,,,
Main Figure 2,b,context_distance_pair,37,5.936075687408447,7.79966926574707,90 cytokines x 10 context pairs,,,
Main Figure 2,b,context_distance_pair,38,2.302604913711548,2.750032663345337,90 cytokines x 10 context pairs,,,
Main Figure 2,b,context_distance_pair,38,9.29298973083496,12.265522003173828,90 cytokines x 10 context pairs,,,
Main Figure 2,b,context_distance_pair,38,3.3653652667999268,1.965790152549744,90 cytokines x 10 context pairs,,,
Main Figure 2,b,context_distance_pair,38,4.6557793617248535,4.897733688354492,90 cytokines x 10 context pairs,,,
Main Figure 2,b,context_distance_pair,38,8.921175003051758,12.680338859558104,90 cytokines x 10 context pairs,,,
Main Figure 2,b,context_distance_pair,38,2.7554941177368164,3.5424113273620605,90 cytokines x 10 context pairs,,,
Main Figure 2,b,context_distance_pair,38,4.195058345794678,5.772523403167725,90 cytokines x 10 context pairs,,,
Main Figure 2,b,context_distance_pair,38,9.026403427124023,12.319732666015623,90 cytokines x 10 context pairs,,,
Main Figure 2,b,context_distance_pair,38,9.542476654052734,13.095438957214355,90 cytokines x 10 context pairs,,,
Main Figure 2,b,context_distance_pair,38,3.564605712890625,4.782041549682617,90 cytokines x 10 context pairs,,,
Main Figure 2,b,context_distance_pair,39,2.186299085617065,2.591933012008667,90 cytokines x 10 context pairs,,,
Main Figure 2,b,context_distance_pair,39,15.831323623657228,6.299906730651856,90 cytokines x 10 context pairs,,,
Main Figure 2,b,context_distance_pair,39,3.5875608921051025,2.548772096633911,90 cytokines x 10 context pairs,,,
Main Figure 2,b,context_distance_pair,39,6.0323486328125,6.813816547393799,90 cytokines x 10 context pairs,,,
Main Figure 2,b,context_distance_pair,39,15.834589958190918,6.999120235443115,90 cytokines x 10 context pairs,,,
Main Figure 2,b,context_distance_pair,39,4.380137920379639,3.881319046020508,90 cytokines x 10 context pairs,,,
Main Figure 2,b,context_distance_pair,39,6.526883602142334,7.493279457092285,90 cytokines x 10 context pairs,,,
Main Figure 2,b,context_distance_pair,39,15.725332260131836,5.906630516052246,90 cytokines x 10 context pairs,,,
Main Figure 2,b,context_distance_pair,39,16.428321838378906,8.870481491088867,90 cytokines x 10 context pairs,,,
Main Figure 2,b,context_distance_pair,39,5.166846752166748,6.620543956756592,90 cytokines x 10 context pairs,,,
Main Figure 2,b,context_distance_pair,40,2.12469482421875,1.6344592571258545,90 cytokines x 10 context pairs,,,
Main Figure 2,b,context_distance_pair,40,16.031217575073242,8.09166431427002,90 cytokines x 10 context pairs,,,
Main Figure 2,b,context_distance_pair,40,3.298143148422241,1.9320554733276367,90 cytokines x 10 context pairs,,,
Main Figure 2,b,context_distance_pair,40,4.98213529586792,4.701793670654297,90 cytokines x 10 context pairs,,,
Main Figure 2,b,context_distance_pair,40,16.0347843170166,8.19784927368164,90 cytokines x 10 context pairs,,,
Main Figure 2,b,context_distance_pair,40,3.4988553524017334,2.541498899459839,90 cytokines x 10 context pairs,,,
Main Figure 2,b,context_distance_pair,40,5.286454200744629,4.926295280456543,90 cytokines x 10 context pairs,,,
Main Figure 2,b,context_distance_pair,40,15.958452224731444,8.1798095703125,90 cytokines x 10 context pairs,,,
Main Figure 2,b,context_distance_pair,40,16.44854164123535,9.341215133666992,90 cytokines x 10 context pairs,,,
Main Figure 2,b,context_distance_pair,40,4.409000873565674,4.848606109619141,90 cytokines x 10 context pairs,,,
Main Figure 2,b,context_distance_pair,41,1.9594721794128416,1.7783207893371582,90 cytokines x 10 context pairs,,,
Main Figure 2,b,context_distance_pair,41,13.019553184509276,6.551337718963623,90 cytokines x 10 context pairs,,,
Main Figure 2,b,context_distance_pair,41,3.1214592456817627,1.7617026567459106,90 cytokines x 10 context pairs,,,
Main Figure 2,b,context_distance_pair,41,5.226451396942139,5.343201160430908,90 cytokines x 10 context pairs,,,
Main Figure 2,b,context_distance_pair,41,12.879630088806152,6.797189235687256,90 cytokines x 10 context pairs,,,
Main Figure 2,b,context_distance_pair,41,2.6540112495422363,2.4718685150146484,90 cytokines x 10 context pairs,,,
Main Figure 2,b,context_distance_pair,41,5.028553009033203,5.8385396003723145,90 cytokines x 10 context pairs,,,
Main Figure 2,b,context_distance_pair,41,12.895699501037598,6.4979119300842285,90 cytokines x 10 context pairs,,,
Main Figure 2,b,context_distance_pair,41,13.509663581848145,8.457036018371582,90 cytokines x 10 context pairs,,,
Main Figure 2,b,context_distance_pair,41,4.548799991607666,5.593351364135742,90 cytokines x 10 context pairs,,,
Main Figure 2,b,context_distance_pair,42,2.306735277175904,1.2272692918777466,90 cytokines x 10 context pairs,,,
Main Figure 2,b,context_distance_pair,42,16.78911018371582,11.445466995239258,90 cytokines x 10 context pairs,,,
Main Figure 2,b,context_distance_pair,42,2.543076992034912,1.7397390604019165,90 cytokines x 10 context pairs,,,
Main Figure 2,b,context_distance_pair,42,3.647127628326416,4.423653602600098,90 cytokines x 10 context pairs,,,
Main Figure 2,b,context_distance_pair,42,16.608623504638672,11.525943756103516,90 cytokines x 10 context pairs,,,
Main Figure 2,b,context_distance_pair,42,3.3337104320526123,2.180447578430176,90 cytokines x 10 context pairs,,,
Main Figure 2,b,context_distance_pair,42,4.323419570922852,4.625094890594482,90 cytokines x 10 context pairs,,,
Main Figure 2,b,context_distance_pair,42,16.65213966369629,11.677626609802246,90 cytokines x 10 context pairs,,,
Main Figure 2,b,context_distance_pair,42,16.91785430908203,12.508312225341797,90 cytokines x 10 context pairs,,,
Main Figure 2,b,context_distance_pair,42,3.1954920291900635,4.668264389038086,90 cytokines x 10 context pairs,,,
Main Figure 2,b,context_distance_pair,43,1.813324213027954,2.188904285430908,90 cytokines x 10 context pairs,,,
Main Figure 2,b,context_distance_pair,43,11.71133518218994,6.119162082672119,90 cytokines x 10 context pairs,,,
Main Figure 2,b,context_distance_pair,43,2.294073820114136,1.092864751815796,90 cytokines x 10 context pairs,,,
Main Figure 2,b,context_distance_pair,43,3.818711042404175,2.9627931118011475,90 cytokines x 10 context pairs,,,
Main Figure 2,b,context_distance_pair,43,11.618643760681152,6.524987697601318,90 cytokines x 10 context pairs,,,
Main Figure 2,b,context_distance_pair,43,2.2987873554229736,2.408902406692505,90 cytokines x 10 context pairs,,,
Main Figure 2,b,context_distance_pair,43,3.834303140640259,3.818518877029419,90 cytokines x 10 context pairs,,,
Main Figure 2,b,context_distance_pair,43,11.475733757019045,6.10281229019165,90 cytokines x 10 context pairs,,,
Main Figure 2,b,context_distance_pair,43,11.862916946411133,6.72602653503418,90 cytokines x 10 context pairs,,,
Main Figure 2,b,context_distance_pair,43,3.279314041137696,2.988610982894897,90 cytokines x 10 context pairs,,,
Main Figure 2,b,context_distance_pair,44,2.39680814743042,2.563549757003784,90 cytokines x 10 context pairs,,,
Main Figure 2,b,context_distance_pair,44,12.05512523651123,7.989888668060303,90 cytokines x 10 context pairs,,,
Main Figure 2,b,context_distance_pair,44,3.1775166988372803,2.6037070751190186,90 cytokines x 10 context pairs,,,
Main Figure 2,b,context_distance_pair,44,4.737531661987305,5.130181312561035,90 cytokines x 10 context pairs,,,
Main Figure 2,b,context_distance_pair,44,11.88571071624756,8.466516494750977,90 cytokines x 10 context pairs,,,
Main Figure 2,b,context_distance_pair,44,2.863367319107056,3.196526288986206,90 cytokines x 10 context pairs,,,
Main Figure 2,b,context_distance_pair,44,4.528532028198242,5.549335479736328,90 cytokines x 10 context pairs,,,
Main Figure 2,b,context_distance_pair,44,11.659032821655272,8.110106468200684,90 cytokines x 10 context pairs,,,
Main Figure 2,b,context_distance_pair,44,12.199007987976074,9.404667854309082,90 cytokines x 10 context pairs,,,
Main Figure 2,b,context_distance_pair,44,3.8528995513916016,4.76411771774292,90 cytokines x 10 context pairs,,,
Main Figure 2,b,context_distance_pair,45,2.521749973297119,3.006908178329468,90 cytokines x 10 context pairs,,,
Main Figure 2,b,context_distance_pair,45,14.49163055419922,11.12227725982666,90 cytokines x 10 context pairs,,,
Main Figure 2,b,context_distance_pair,45,3.955309152603149,2.1156938076019287,90 cytokines x 10 context pairs,,,
Main Figure 2,b,context_distance_pair,45,6.01206636428833,5.794684410095215,90 cytokines x 10 context pairs,,,
Main Figure 2,b,context_distance_pair,45,14.331055641174316,11.660626411437988,90 cytokines x 10 context pairs,,,
Main Figure 2,b,context_distance_pair,45,3.7353298664093018,4.146534442901611,90 cytokines x 10 context pairs,,,
Main Figure 2,b,context_distance_pair,45,5.824152946472168,6.904595851898193,90 cytokines x 10 context pairs,,,
Main Figure 2,b,context_distance_pair,45,14.360569953918455,11.348769187927246,90 cytokines x 10 context pairs,,,
Main Figure 2,b,context_distance_pair,45,14.93101692199707,12.47893524169922,90 cytokines x 10 context pairs,,,
Main Figure 2,b,context_distance_pair,45,4.836285591125488,5.760000705718994,90 cytokines x 10 context pairs,,,
Main Figure 2,b,context_distance_pair,46,2.472639560699463,2.062032699584961,90 cytokines x 10 context pairs,,,
Main Figure 2,b,context_distance_pair,46,15.055789947509766,7.489080429077148,90 cytokines x 10 context pairs,,,
Main Figure 2,b,context_distance_pair,46,3.630928039550781,4.405316352844238,90 cytokines x 10 context pairs,,,
Main Figure 2,b,context_distance_pair,46,7.186700820922852,7.046573162078857,90 cytokines x 10 context pairs,,,
Main Figure 2,b,context_distance_pair,46,15.073518753051758,7.278415203094482,90 cytokines x 10 context pairs,,,
Main Figure 2,b,context_distance_pair,46,4.053761005401611,3.848339319229126,90 cytokines x 10 context pairs,,,
Main Figure 2,b,context_distance_pair,46,7.503964900970459,6.845726013183594,90 cytokines x 10 context pairs,,,
Main Figure 2,b,context_distance_pair,46,14.765069961547852,6.484024524688721,90 cytokines x 10 context pairs,,,
Main Figure 2,b,context_distance_pair,46,16.124895095825195,8.668704986572266,90 cytokines x 10 context pairs,,,
Main Figure 2,b,context_distance_pair,46,6.754776477813721,6.338953971862793,90 cytokines x 10 context pairs,,,
Main Figure 2,b,context_distance_pair,47,9.41561508178711,10.056004524230955,90 cytokines x 10 context pairs,,,
Main Figure 2,b,context_distance_pair,47,16.23232078552246,11.077332496643066,90 cytokines x 10 context pairs,,,
Main Figure 2,b,context_distance_pair,47,7.782903671264648,7.156215667724609,90 cytokines x 10 context pairs,,,
Main Figure 2,b,context_distance_pair,47,14.735685348510742,18.82451629638672,90 cytokines x 10 context pairs,,,
Main Figure 2,b,context_distance_pair,47,19.469825744628903,16.248842239379883,90 cytokines x 10 context pairs,,,
Main Figure 2,b,context_distance_pair,47,13.095873832702637,13.678899765014648,90 cytokines x 10 context pairs,,,
Main Figure 2,b,context_distance_pair,47,18.484188079833984,22.406414031982425,90 cytokines x 10 context pairs,,,
Main Figure 2,b,context_distance_pair,47,15.045440673828123,11.17330551147461,90 cytokines x 10 context pairs,,,
Main Figure 2,b,context_distance_pair,47,19.674606323242188,21.351526260375977,90 cytokines x 10 context pairs,,,
Main Figure 2,b,context_distance_pair,47,13.701048851013184,18.45737648010254,90 cytokines x 10 context pairs,,,
Main Figure 2,b,context_distance_pair,48,2.000142812728882,1.9773190021514893,90 cytokines x 10 context pairs,,,
Main Figure 2,b,context_distance_pair,48,14.115046501159668,15.15443515777588,90 cytokines x 10 context pairs,,,
Main Figure 2,b,context_distance_pair,48,2.7953898906707764,1.4242159128189087,90 cytokines x 10 context pairs,,,
Main Figure 2,b,context_distance_pair,48,4.691201686859131,4.505538940429688,90 cytokines x 10 context pairs,,,
Main Figure 2,b,context_distance_pair,48,14.000409126281738,15.414340019226074,90 cytokines x 10 context pairs,,,
Main Figure 2,b,context_distance_pair,48,2.811439275741577,2.5271997451782227,90 cytokines x 10 context pairs,,,
Main Figure 2,b,context_distance_pair,48,4.665702819824219,4.974969863891602,90 cytokines x 10 context pairs,,,
Main Figure 2,b,context_distance_pair,48,13.946568489074709,15.247547149658203,90 cytokines x 10 context pairs,,,
Main Figure 2,b,context_distance_pair,48,14.396885871887209,15.884315490722656,90 cytokines x 10 context pairs,,,
Main Figure 2,b,context_distance_pair,48,3.8934202194213854,4.433140754699707,90 cytokines x 10 context pairs,,,
Main Figure 2,b,context_distance_pair,49,3.78724217414856,6.815704345703125,90 cytokines x 10 context pairs,,,
Main Figure 2,b,context_distance_pair,49,13.31912612915039,9.83608055114746,90 cytokines x 10 context pairs,,,
Main Figure 2,b,context_distance_pair,49,4.933501720428467,4.907291889190674,90 cytokines x 10 context pairs,,,
Main Figure 2,b,context_distance_pair,49,9.120705604553224,8.255373001098633,90 cytokines x 10 context pairs,,,
Main Figure 2,b,context_distance_pair,49,13.00816535949707,11.8930025100708,90 cytokines x 10 context pairs,,,
Main Figure 2,b,context_distance_pair,49,5.150804996490479,8.797225952148438,90 cytokines x 10 context pairs,,,
Main Figure 2,b,context_distance_pair,49,9.631304740905762,11.150673866271973,90 cytokines x 10 context pairs,,,
Main Figure 2,b,context_distance_pair,49,12.609435081481934,9.113972663879396,90 cytokines x 10 context pairs,,,
Main Figure 2,b,context_distance_pair,49,15.08450698852539,12.129613876342772,90 cytokines x 10 context pairs,,,
Main Figure 2,b,context_distance_pair,49,8.580232620239258,8.37965202331543,90 cytokines x 10 context pairs,,,
Main Figure 2,b,context_distance_pair,50,2.033684730529785,2.6708226203918457,90 cytokines x 10 context pairs,,,
Main Figure 2,b,context_distance_pair,50,11.197027206420898,9.088836669921877,90 cytokines x 10 context pairs,,,
Main Figure 2,b,context_distance_pair,50,3.22334098815918,2.352289915084839,90 cytokines x 10 context pairs,,,
Main Figure 2,b,context_distance_pair,50,4.996027946472168,4.840374946594238,90 cytokines x 10 context pairs,,,
Main Figure 2,b,context_distance_pair,50,11.16907787322998,9.426772117614746,90 cytokines x 10 context pairs,,,
Main Figure 2,b,context_distance_pair,50,3.610875129699707,3.5562806129455566,90 cytokines x 10 context pairs,,,
Main Figure 2,b,context_distance_pair,50,5.302040100097656,5.52006721496582,90 cytokines x 10 context pairs,,,
Main Figure 2,b,context_distance_pair,50,11.119542121887209,8.933356285095215,90 cytokines x 10 context pairs,,,
Main Figure 2,b,context_distance_pair,50,11.667572021484377,9.965814590454102,90 cytokines x 10 context pairs,,,
Main Figure 2,b,context_distance_pair,50,4.1737799644470215,4.664077281951904,90 cytokines x 10 context pairs,,,
Main Figure 2,b,context_distance_pair,51,2.416559219360352,1.8623700141906736,90 cytokines x 10 context pairs,,,
Main Figure 2,b,context_distance_pair,51,14.439574241638184,16.655109405517578,90 cytokines x 10 context pairs,,,
Main Figure 2,b,context_distance_pair,51,2.144221067428589,1.7934914827346802,90 cytokines x 10 context pairs,,,
Main Figure 2,b,context_distance_pair,51,4.686431407928467,5.1161322593688965,90 cytokines x 10 context pairs,,,
Main Figure 2,b,context_distance_pair,51,14.51444149017334,16.729732513427734,90 cytokines x 10 context pairs,,,
Main Figure 2,b,context_distance_pair,51,3.6249840259552,2.163114547729492,90 cytokines x 10 context pairs,,,
Main Figure 2,b,context_distance_pair,51,5.6504974365234375,5.4884419441223145,90 cytokines x 10 context pairs,,,
Main Figure 2,b,context_distance_pair,51,14.438644409179688,16.583791732788086,90 cytokines x 10 context pairs,,,
Main Figure 2,b,context_distance_pair,51,14.917206764221191,17.42579460144043,90 cytokines x 10 context pairs,,,
Main Figure 2,b,context_distance_pair,51,4.88047456741333,5.660376071929932,90 cytokines x 10 context pairs,,,
Main Figure 2,b,context_distance_pair,52,2.016220808029175,1.3924959897994995,90 cytokines x 10 context pairs,,,
Main Figure 2,b,context_distance_pair,52,14.160175323486328,13.899964332580566,90 cytokines x 10 context pairs,,,
Main Figure 2,b,context_distance_pair,52,2.13013768196106,1.7055963277816772,90 cytokines x 10 context pairs,,,
Main Figure 2,b,context_distance_pair,52,3.971235513687134,3.622068405151367,90 cytokines x 10 context pairs,,,
Main Figure 2,b,context_distance_pair,52,14.101455688476562,13.96558666229248,90 cytokines x 10 context pairs,,,
Main Figure 2,b,context_distance_pair,52,2.5822994709014893,2.197477340698242,90 cytokines x 10 context pairs,,,
Main Figure 2,b,context_distance_pair,52,4.236209869384766,4.000164985656738,90 cytokines x 10 context pairs,,,
Main Figure 2,b,context_distance_pair,52,13.970314979553224,13.807514190673828,90 cytokines x 10 context pairs,,,
Main Figure 2,b,context_distance_pair,52,14.469609260559082,14.28215503692627,90 cytokines x 10 context pairs,,,
Main Figure 2,b,context_distance_pair,52,3.695693254470825,3.940193891525269,90 cytokines x 10 context pairs,,,
Main Figure 2,b,context_distance_pair,53,1.9085659980773928,1.271123290061951,90 cytokines x 10 context pairs,,,
Main Figure 2,b,context_distance_pair,53,12.015217781066896,10.525911331176758,90 cytokines x 10 context pairs,,,
Main Figure 2,b,context_distance_pair,53,2.950963497161865,1.8052445650100708,90 cytokines x 10 context pairs,,,
Main Figure 2,b,context_distance_pair,53,3.6716513633728014,3.231206178665161,90 cytokines x 10 context pairs,,,
Main Figure 2,b,context_distance_pair,53,11.983016967773438,10.617505073547363,90 cytokines x 10 context pairs,,,
Main Figure 2,b,context_distance_pair,53,3.61816930770874,2.2213058471679688,90 cytokines x 10 context pairs,,,
Main Figure 2,b,context_distance_pair,53,4.221778869628906,3.5125041007995605,90 cytokines x 10 context pairs,,,
Main Figure 2,b,context_distance_pair,53,11.989912033081056,10.502074241638184,90 cytokines x 10 context pairs,,,
Main Figure 2,b,context_distance_pair,53,12.121490478515623,10.810906410217283,90 cytokines x 10 context pairs,,,
Main Figure 2,b,context_distance_pair,53,2.7467386722564697,2.956472396850586,90 cytokines x 10 context pairs,,,
Main Figure 2,b,context_distance_pair,54,3.2535641193389893,2.1355347633361816,90 cytokines x 10 context pairs,,,
Main Figure 2,b,context_distance_pair,54,14.530572891235352,8.83421516418457,90 cytokines x 10 context pairs,,,
Main Figure 2,b,context_distance_pair,54,3.029019594192505,2.0933873653411865,90 cytokines x 10 context pairs,,,
Main Figure 2,b,context_distance_pair,54,5.474563121795654,4.854104995727539,90 cytokines x 10 context pairs,,,
Main Figure 2,b,context_distance_pair,54,14.90290069580078,9.248140335083008,90 cytokines x 10 context pairs,,,
Main Figure 2,b,context_distance_pair,54,4.083954334259033,3.181347846984864,90 cytokines x 10 context pairs,,,
Main Figure 2,b,context_distance_pair,54,6.15770149230957,5.515111923217773,90 cytokines x 10 context pairs,,,
Main Figure 2,b,context_distance_pair,54,14.346423149108888,8.78232479095459,90 cytokines x 10 context pairs,,,
Main Figure 2,b,context_distance_pair,54,15.086633682250977,9.996984481811523,90 cytokines x 10 context pairs,,,
Main Figure 2,b,context_distance_pair,54,4.984286308288574,4.891299247741699,90 cytokines x 10 context pairs,,,
Main Figure 2,b,context_distance_pair,55,3.702789068222046,5.130037784576416,90 cytokines x 10 context pairs,,,
Main Figure 2,b,context_distance_pair,55,14.870522499084473,13.364251136779783,90 cytokines x 10 context pairs,,,
Main Figure 2,b,context_distance_pair,55,2.8562328815460205,3.4045422077178955,90 cytokines x 10 context pairs,,,
Main Figure 2,b,context_distance_pair,55,8.98360824584961,13.62035846710205,90 cytokines x 10 context pairs,,,
Main Figure 2,b,context_distance_pair,55,15.02430534362793,14.47475814819336,90 cytokines x 10 context pairs,,,
Main Figure 2,b,context_distance_pair,55,4.04360294342041,6.031187057495117,90 cytokines x 10 context pairs,,,
Main Figure 2,b,context_distance_pair,55,9.63306999206543,14.655415534973145,90 cytokines x 10 context pairs,,,
Main Figure 2,b,context_distance_pair,55,14.612022399902344,13.604705810546877,90 cytokines x 10 context pairs,,,
Main Figure 2,b,context_distance_pair,55,17.07427978515625,19.28675651550293,90 cytokines x 10 context pairs,,,
Main Figure 2,b,context_distance_pair,55,9.620429039001465,14.040462493896484,90 cytokines x 10 context pairs,,,
Main Figure 2,b,context_distance_pair,56,2.12316632270813,1.3611927032470703,90 cytokines x 10 context pairs,,,
Main Figure 2,b,context_distance_pair,56,10.221397399902344,6.578945636749268,90 cytokines x 10 context pairs,,,
Main Figure 2,b,context_distance_pair,56,3.2251436710357666,1.8497473001480105,90 cytokines x 10 context pairs,,,
Main Figure 2,b,context_distance_pair,56,4.370002269744873,4.394062042236328,90 cytokines x 10 context pairs,,,
Main Figure 2,b,context_distance_pair,56,10.022889137268066,6.768775463104248,90 cytokines x 10 context pairs,,,
Main Figure 2,b,context_distance_pair,56,2.964453935623169,2.2764370441436768,90 cytokines x 10 context pairs,,,
Main Figure 2,b,context_distance_pair,56,4.307114124298096,4.543262004852295,90 cytokines x 10 context pairs,,,
Main Figure 2,b,context_distance_pair,56,9.787107467651367,6.501569271087647,90 cytokines x 10 context pairs,,,
Main Figure 2,b,context_distance_pair,56,10.254586219787598,7.627687931060791,90 cytokines x 10 context pairs,,,
Main Figure 2,b,context_distance_pair,56,3.6094729900360094,4.490893363952637,90 cytokines x 10 context pairs,,,
Main Figure 2,b,context_distance_pair,57,4.460253715515137,4.867086410522461,90 cytokines x 10 context pairs,,,
Main Figure 2,b,context_distance_pair,57,17.040512084960938,14.074716567993164,90 cytokines x 10 context pairs,,,
Main Figure 2,b,context_distance_pair,57,7.635176181793213,7.997323513031006,90 cytokines x 10 context pairs,,,
Main Figure 2,b,context_distance_pair,57,20.89586639404297,45.06963348388672,90 cytokines x 10 context pairs,,,
Main Figure 2,b,context_distance_pair,57,16.89649200439453,14.628946304321287,90 cytokines x 10 context pairs,,,
Main Figure 2,b,context_distance_pair,57,7.756724834442139,8.83850383758545,90 cytokines x 10 context pairs,,,
Main Figure 2,b,context_distance_pair,57,21.00228881835937,45.35021209716797,90 cytokines x 10 context pairs,,,
Main Figure 2,b,context_distance_pair,57,16.393875122070312,12.601902961730955,90 cytokines x 10 context pairs,,,
Main Figure 2,b,context_distance_pair,57,25.383468627929688,45.94207382202149,90 cytokines x 10 context pairs,,,
Main Figure 2,b,context_distance_pair,57,19.386343002319336,44.30455780029297,90 cytokines x 10 context pairs,,,
Main Figure 2,b,context_distance_pair,58,2.8947575092315674,2.882200002670288,90 cytokines x 10 context pairs,,,
Main Figure 2,b,context_distance_pair,58,12.729493141174316,6.038544654846191,90 cytokines x 10 context pairs,,,
Main Figure 2,b,context_distance_pair,58,2.594325304031372,1.9099787473678589,90 cytokines x 10 context pairs,,,
Main Figure 2,b,context_distance_pair,58,5.320806503295898,5.386499404907227,90 cytokines x 10 context pairs,,,
Main Figure 2,b,context_distance_pair,58,12.59101676940918,6.985937595367432,90 cytokines x 10 context pairs,,,
Main Figure 2,b,context_distance_pair,58,2.8133668899536133,3.729960441589356,90 cytokines x 10 context pairs,,,
Main Figure 2,b,context_distance_pair,58,5.549727439880371,6.4262003898620605,90 cytokines x 10 context pairs,,,
Main Figure 2,b,context_distance_pair,58,12.24232292175293,6.176590919494629,90 cytokines x 10 context pairs,,,
Main Figure 2,b,context_distance_pair,58,13.094326972961426,7.930447101593018,90 cytokines x 10 context pairs,,,
Main Figure 2,b,context_distance_pair,58,4.825067520141602,5.3585944175720215,90 cytokines x 10 context pairs,,,
Main Figure 2,b,context_distance_pair,59,2.905707836151123,1.965033769607544,90 cytokines x 10 context pairs,,,
Main Figure 2,b,context_distance_pair,59,13.393168449401855,14.511981010437012,90 cytokines x 10 context pairs,,,
Main Figure 2,b,context_distance_pair,59,1.812607765197754,1.7839469909667969,90 cytokines x 10 context pairs,,,
Main Figure 2,b,context_distance_pair,59,4.365706920623779,5.285129070281982,90 cytokines x 10 context pairs,,,
Main Figure 2,b,context_distance_pair,59,13.479100227355955,14.65510368347168,90 cytokines x 10 context pairs,,,
Main Figure 2,b,context_distance_pair,59,2.9235854148864746,2.688791990280152,90 cytokines x 10 context pairs,,,
Main Figure 2,b,context_distance_pair,59,5.085390090942383,5.858463287353516,90 cytokines x 10 context pairs,,,
Main Figure 2,b,context_distance_pair,59,13.240796089172363,14.564504623413086,90 cytokines x 10 context pairs,,,
Main Figure 2,b,context_distance_pair,59,13.848895072937012,15.525782585144045,90 cytokines x 10 context pairs,,,
Main Figure 2,b,context_distance_pair,59,4.2921462059021,5.373341083526611,90 cytokines x 10 context pairs,,,
Main Figure 2,b,context_distance_pair,60,3.010611295700073,2.1158695220947266,90 cytokines x 10 context pairs,,,
Main Figure 2,b,context_distance_pair,60,12.555825233459473,13.302886962890623,90 cytokines x 10 context pairs,,,
Main Figure 2,b,context_distance_pair,60,3.201756477355957,2.671818256378174,90 cytokines x 10 context pairs,,,
Main Figure 2,b,context_distance_pair,60,4.728514194488525,4.4226250648498535,90 cytokines x 10 context pairs,,,
Main Figure 2,b,context_distance_pair,60,12.95822048187256,13.563674926757812,90 cytokines x 10 context pairs,,,
Main Figure 2,b,context_distance_pair,60,4.641064167022705,3.025639533996582,90 cytokines x 10 context pairs,,,
Main Figure 2,b,context_distance_pair,60,6.2301025390625,5.125916004180908,90 cytokines x 10 context pairs,,,
Main Figure 2,b,context_distance_pair,60,12.25319004058838,13.3484468460083,90 cytokines x 10 context pairs,,,
Main Figure 2,b,context_distance_pair,60,12.907732963562012,14.202513694763184,90 cytokines x 10 context pairs,,,
Main Figure 2,b,context_distance_pair,60,5.234738826751709,5.67311954498291,90 cytokines x 10 context pairs,,,
Main Figure 2,b,context_distance_pair,61,2.307110548019409,1.9146455526351929,90 cytokines x 10 context pairs,,,
Main Figure 2,b,context_distance_pair,61,16.472803115844727,11.2193021774292,90 cytokines x 10 context pairs,,,
Main Figure 2,b,context_distance_pair,61,2.3815486431121826,1.182356357574463,90 cytokines x 10 context pairs,,,
Main Figure 2,b,context_distance_pair,61,3.938703775405884,3.638471603393554,90 cytokines x 10 context pairs,,,
Main Figure 2,b,context_distance_pair,61,16.33283805847168,11.341785430908203,90 cytokines x 10 context pairs,,,
Main Figure 2,b,context_distance_pair,61,3.067135572433472,2.0466015338897705,90 cytokines x 10 context pairs,,,
Main Figure 2,b,context_distance_pair,61,4.358668804168701,4.034103870391846,90 cytokines x 10 context pairs,,,
Main Figure 2,b,context_distance_pair,61,16.327716827392578,11.215191841125488,90 cytokines x 10 context pairs,,,
Main Figure 2,b,context_distance_pair,61,16.666229248046875,11.81394386291504,90 cytokines x 10 context pairs,,,
Main Figure 2,b,context_distance_pair,61,3.3815176486968994,3.7751522064208975,90 cytokines x 10 context pairs,,,
Main Figure 2,b,context_distance_pair,62,2.7127037048339844,2.11692762374878,90 cytokines x 10 context pairs,,,
Main Figure 2,b,context_distance_pair,62,12.663082122802734,9.736892700195312,90 cytokines x 10 context pairs,,,
Main Figure 2,b,context_distance_pair,62,2.560429334640503,2.332394599914551,90 cytokines x 10 context pairs,,,
Main Figure 2,b,context_distance_pair,62,4.567540168762207,5.793703556060791,90 cytokines x 10 context pairs,,,
Main Figure 2,b,context_distance_pair,62,12.512804985046388,9.88022518157959,90 cytokines x 10 context pairs,,,
Main Figure 2,b,context_distance_pair,62,2.7858479022979736,3.313615083694458,90 cytokines x 10 context pairs,,,
Main Figure 2,b,context_distance_pair,62,4.952116012573242,6.4368977546691895,90 cytokines x 10 context pairs,,,
Main Figure 2,b,context_distance_pair,62,12.45399284362793,9.382549285888672,90 cytokines x 10 context pairs,,,
Main Figure 2,b,context_distance_pair,62,13.197651863098145,11.26862907409668,90 cytokines x 10 context pairs,,,
Main Figure 2,b,context_distance_pair,62,4.985455989837647,6.179896831512451,90 cytokines x 10 context pairs,,,
Main Figure 2,b,context_distance_pair,63,8.420846939086914,19.96457290649414,90 cytokines x 10 context pairs,,,
Main Figure 2,b,context_distance_pair,63,19.7854118347168,15.820879936218262,90 cytokines x 10 context pairs,,,
Main Figure 2,b,context_distance_pair,63,11.938965797424316,14.32823657989502,90 cytokines x 10 context pairs,,,
Main Figure 2,b,context_distance_pair,63,17.629135131835938,26.42417907714844,90 cytokines x 10 context pairs,,,
Main Figure 2,b,context_distance_pair,63,21.73973655700684,26.005971908569336,90 cytokines x 10 context pairs,,,
Main Figure 2,b,context_distance_pair,63,15.523303031921388,23.41328430175781,90 cytokines x 10 context pairs,,,
Main Figure 2,b,context_distance_pair,63,21.01253700256348,33.74634552001953,90 cytokines x 10 context pairs,,,
Main Figure 2,b,context_distance_pair,63,19.019147872924805,15.38043212890625,90 cytokines x 10 context pairs,,,
Main Figure 2,b,context_distance_pair,63,22.808433532714844,27.22512626647949,90 cytokines x 10 context pairs,,,
Main Figure 2,b,context_distance_pair,63,13.969334602355955,26.961837768554688,90 cytokines x 10 context pairs,,,
Main Figure 2,b,context_distance_pair,64,2.475254535675049,1.3080222606658936,90 cytokines x 10 context pairs,,,
Main Figure 2,b,context_distance_pair,64,8.761639595031738,22.279895782470703,90 cytokines x 10 context pairs,,,
Main Figure 2,b,context_distance_pair,64,2.102290153503418,1.3504256010055542,90 cytokines x 10 context pairs,,,
Main Figure 2,b,context_distance_pair,64,3.110567808151245,3.885732412338257,90 cytokines x 10 context pairs,,,
Main Figure 2,b,context_distance_pair,64,8.952469825744629,22.420658111572266,90 cytokines x 10 context pairs,,,
Main Figure 2,b,context_distance_pair,64,3.3908133506774902,1.607822299003601,90 cytokines x 10 context pairs,,,
Main Figure 2,b,context_distance_pair,64,4.075669288635254,3.9871983528137207,90 cytokines x 10 context pairs,,,
Main Figure 2,b,context_distance_pair,64,8.68804931640625,22.584407806396484,90 cytokines x 10 context pairs,,,
Main Figure 2,b,context_distance_pair,64,8.95174503326416,22.895811080932617,90 cytokines x 10 context pairs,,,
Main Figure 2,b,context_distance_pair,64,2.6755874156951904,3.7421178817749023,90 cytokines x 10 context pairs,,,
Main Figure 2,b,context_distance_pair,65,2.576409816741944,1.6733498573303225,90 cytokines x 10 context pairs,,,
Main Figure 2,b,context_distance_pair,65,15.36781120300293,7.993196487426758,90 cytokines x 10 context pairs,,,
Main Figure 2,b,context_distance_pair,65,3.1690351963043213,1.969477295875549,90 cytokines x 10 context pairs,,,
Main Figure 2,b,context_distance_pair,65,5.258616924285889,8.455440521240234,90 cytokines x 10 context pairs,,,
Main Figure 2,b,context_distance_pair,65,15.41085720062256,8.195249557495117,90 cytokines x 10 context pairs,,,
Main Figure 2,b,context_distance_pair,65,4.220492839813232,3.01421332359314,90 cytokines x 10 context pairs,,,
Main Figure 2,b,context_distance_pair,65,6.092863082885742,8.745738983154297,90 cytokines x 10 context pairs,,,
Main Figure 2,b,context_distance_pair,65,15.015660285949709,7.754026889801025,90 cytokines x 10 context pairs,,,
Main Figure 2,b,context_distance_pair,65,15.718423843383787,11.496796607971191,90 cytokines x 10 context pairs,,,
Main Figure 2,b,context_distance_pair,65,4.46145486831665,8.568532943725586,90 cytokines x 10 context pairs,,,
Main Figure 2,b,context_distance_pair,66,9.215490341186523,9.23035717010498,90 cytokines x 10 context pairs,,,
Main Figure 2,b,context_distance_pair,66,12.517648696899414,9.16446018218994,90 cytokines x 10 context pairs,,,
Main Figure 2,b,context_distance_pair,66,8.695331573486328,10.4996919631958,90 cytokines x 10 context pairs,,,
Main Figure 2,b,context_distance_pair,66,13.67282772064209,16.033857345581055,90 cytokines x 10 context pairs,,,
Main Figure 2,b,context_distance_pair,66,16.577007293701172,14.560918807983398,90 cytokines x 10 context pairs,,,
Main Figure 2,b,context_distance_pair,66,12.88912868499756,15.025540351867676,90 cytokines x 10 context pairs,,,
Main Figure 2,b,context_distance_pair,66,17.764535903930664,19.72715187072754,90 cytokines x 10 context pairs,,,
Main Figure 2,b,context_distance_pair,66,12.868966102600098,12.226079940795898,90 cytokines x 10 context pairs,,,
Main Figure 2,b,context_distance_pair,66,16.50924301147461,17.746427536010742,90 cytokines x 10 context pairs,,,
Main Figure 2,b,context_distance_pair,66,14.524591445922852,17.735002517700195,90 cytokines x 10 context pairs,,,
Main Figure 2,b,context_distance_pair,67,2.258115768432617,2.0488529205322266,90 cytokines x 10 context pairs,,,
Main Figure 2,b,context_distance_pair,67,13.287829399108888,13.50340747833252,90 cytokines x 10 context pairs,,,
Main Figure 2,b,context_distance_pair,67,2.629608392715454,1.457511305809021,90 cytokines x 10 context pairs,,,
Main Figure 2,b,context_distance_pair,67,4.2911810874938965,3.3651673793792725,90 cytokines x 10 context pairs,,,
Main Figure 2,b,context_distance_pair,67,13.100902557373049,13.752360343933104,90 cytokines x 10 context pairs,,,
Main Figure 2,b,context_distance_pair,67,2.909604072570801,2.239240884780884,90 cytokines x 10 context pairs,,,
Main Figure 2,b,context_distance_pair,67,4.632679462432861,4.361470699310303,90 cytokines x 10 context pairs,,,
Main Figure 2,b,context_distance_pair,67,13.06811809539795,13.469738960266112,90 cytokines x 10 context pairs,,,
Main Figure 2,b,context_distance_pair,67,13.481602668762209,13.950706481933594,90 cytokines x 10 context pairs,,,
Main Figure 2,b,context_distance_pair,67,3.843051195144653,3.7324275970458975,90 cytokines x 10 context pairs,,,
Main Figure 2,b,context_distance_pair,68,2.1867733001708984,2.2762467861175537,90 cytokines x 10 context pairs,,,
Main Figure 2,b,context_distance_pair,68,16.2271785736084,14.767667770385742,90 cytokines x 10 context pairs,,,
Main Figure 2,b,context_distance_pair,68,2.315948009490967,2.2778327465057373,90 cytokines x 10 context pairs,,,
Main Figure 2,b,context_distance_pair,68,3.784926652908325,4.439630031585693,90 cytokines x 10 context pairs,,,
Main Figure 2,b,context_distance_pair,68,16.177404403686523,14.88328456878662,90 cytokines x 10 context pairs,,,
Main Figure 2,b,context_distance_pair,68,2.7164957523345947,2.4989287853240967,90 cytokines x 10 context pairs,,,
Main Figure 2,b,context_distance_pair,68,4.042975902557373,4.5739521980285645,90 cytokines x 10 context pairs,,,
Main Figure 2,b,context_distance_pair,68,16.142475128173828,14.677105903625488,90 cytokines x 10 context pairs,,,
Main Figure 2,b,context_distance_pair,68,16.475276947021484,15.24647617340088,90 cytokines x 10 context pairs,,,
Main Figure 2,b,context_distance_pair,68,3.413490295410156,4.304625034332275,90 cytokines x 10 context pairs,,,
Main Figure 2,b,context_distance_pair,69,1.81389844417572,1.9175442457199097,90 cytokines x 10 context pairs,,,
Main Figure 2,b,context_distance_pair,69,10.789443016052246,4.427011966705322,90 cytokines x 10 context pairs,,,
Main Figure 2,b,context_distance_pair,69,2.331817388534546,1.2701817750930786,90 cytokines x 10 context pairs,,,
Main Figure 2,b,context_distance_pair,69,3.9215316772460938,4.281708240509033,90 cytokines x 10 context pairs,,,
Main Figure 2,b,context_distance_pair,69,10.801509857177734,4.870274066925049,90 cytokines x 10 context pairs,,,
Main Figure 2,b,context_distance_pair,69,2.554610013961792,2.357633113861084,90 cytokines x 10 context pairs,,,
Main Figure 2,b,context_distance_pair,69,4.168852806091309,4.67903995513916,90 cytokines x 10 context pairs,,,
Main Figure 2,b,context_distance_pair,69,10.70828628540039,4.368595123291016,90 cytokines x 10 context pairs,,,
Main Figure 2,b,context_distance_pair,69,11.110397338867188,5.927496433258057,90 cytokines x 10 context pairs,,,
Main Figure 2,b,context_distance_pair,69,3.4784772396087646,4.198044300079346,90 cytokines x 10 context pairs,,,
Main Figure 2,b,context_distance_pair,70,2.104752779006958,2.912748336791992,90 cytokines x 10 context pairs,,,
Main Figure 2,b,context_distance_pair,70,14.100682258605955,6.667303562164307,90 cytokines x 10 context pairs,,,
Main Figure 2,b,context_distance_pair,70,2.540184497833252,2.2950704097747803,90 cytokines x 10 context pairs,,,
Main Figure 2,b,context_distance_pair,70,4.493320941925049,4.780399322509766,90 cytokines x 10 context pairs,,,
Main Figure 2,b,context_distance_pair,70,14.102372169494627,7.369910717010498,90 cytokines x 10 context pairs,,,
Main Figure 2,b,context_distance_pair,70,3.527806520462036,3.438448905944824,90 cytokines x 10 context pairs,,,
Main Figure 2,b,context_distance_pair,70,5.1183295249938965,5.518941879272461,90 cytokines x 10 context pairs,,,
Main Figure 2,b,context_distance_pair,70,14.16922664642334,6.722705841064453,90 cytokines x 10 context pairs,,,
Main Figure 2,b,context_distance_pair,70,14.641345977783203,7.959005832672119,90 cytokines x 10 context pairs,,,
Main Figure 2,b,context_distance_pair,70,4.100273609161377,4.645285129547119,90 cytokines x 10 context pairs,,,
Main Figure 2,b,context_distance_pair,71,2.0179903507232666,2.9923973083496094,90 cytokines x 10 context pairs,,,
Main Figure 2,b,context_distance_pair,71,12.92148780822754,5.663992404937744,90 cytokines x 10 context pairs,,,
Main Figure 2,b,context_distance_pair,71,3.336397647857666,1.9826892614364624,90 cytokines x 10 context pairs,,,
Main Figure 2,b,context_distance_pair,71,4.787103176116943,6.835789203643799,90 cytokines x 10 context pairs,,,
Main Figure 2,b,context_distance_pair,71,12.711861610412598,6.481253147125244,90 cytokines x 10 context pairs,,,
Main Figure 2,b,context_distance_pair,71,3.2382309436798096,4.005190372467041,90 cytokines x 10 context pairs,,,
Main Figure 2,b,context_distance_pair,71,4.733920574188232,7.716333389282227,90 cytokines x 10 context pairs,,,
Main Figure 2,b,context_distance_pair,71,12.595539093017578,5.648092746734619,90 cytokines x 10 context pairs,,,
Main Figure 2,b,context_distance_pair,71,13.07520866394043,8.732392311096191,90 cytokines x 10 context pairs,,,
Main Figure 2,b,context_distance_pair,71,3.768009662628174,6.86366081237793,90 cytokines x 10 context pairs,,,
Main Figure 2,b,context_distance_pair,72,1.7873014211654663,2.42051100730896,90 cytokines x 10 context pairs,,,
Main Figure 2,b,context_distance_pair,72,11.773442268371582,9.61509132385254,90 cytokines x 10 context pairs,,,
Main Figure 2,b,context_distance_pair,72,2.3053574562072754,1.4392414093017578,90 cytokines x 10 context pairs,,,
Main Figure 2,b,context_distance_pair,72,3.9477055072784415,3.3595097064971924,90 cytokines x 10 context pairs,,,
Main Figure 2,b,context_distance_pair,72,11.668956756591797,9.92100715637207,90 cytokines x 10 context pairs,,,
Main Figure 2,b,context_distance_pair,72,2.846797704696656,2.807891368865967,90 cytokines x 10 context pairs,,,
Main Figure 2,b,context_distance_pair,72,4.294426441192627,4.123141765594482,90 cytokines x 10 context pairs,,,
Main Figure 2,b,context_distance_pair,72,11.827978134155272,9.567323684692385,90 cytokines x 10 context pairs,,,
Main Figure 2,b,context_distance_pair,72,12.113933563232422,10.060399055480955,90 cytokines x 10 context pairs,,,
Main Figure 2,b,context_distance_pair,72,3.313764333724976,3.2402384281158447,90 cytokines x 10 context pairs,,,
Main Figure 2,b,context_distance_pair,73,2.716125011444092,1.5413190126419067,90 cytokines x 10 context pairs,,,
Main Figure 2,b,context_distance_pair,73,8.482370376586914,9.171852111816406,90 cytokines x 10 context pairs,,,
Main Figure 2,b,context_distance_pair,73,3.449467897415161,2.6356430053710938,90 cytokines x 10 context pairs,,,
Main Figure 2,b,context_distance_pair,73,5.535261631011963,6.944066047668457,90 cytokines x 10 context pairs,,,
Main Figure 2,b,context_distance_pair,73,8.624282836914062,9.474424362182615,90 cytokines x 10 context pairs,,,
Main Figure 2,b,context_distance_pair,73,4.073687076568604,3.086336612701416,90 cytokines x 10 context pairs,,,
Main Figure 2,b,context_distance_pair,73,6.380589485168457,7.257362365722656,90 cytokines x 10 context pairs,,,
Main Figure 2,b,context_distance_pair,73,8.121673583984375,9.195634841918944,90 cytokines x 10 context pairs,,,
Main Figure 2,b,context_distance_pair,73,9.57104206085205,11.65727710723877,90 cytokines x 10 context pairs,,,
Main Figure 2,b,context_distance_pair,73,5.8456645011901855,7.20670223236084,90 cytokines x 10 context pairs,,,
Main Figure 2,b,context_distance_pair,74,3.1497690677642822,2.462730646133423,90 cytokines x 10 context pairs,,,
Main Figure 2,b,context_distance_pair,74,15.975875854492188,13.704325675964355,90 cytokines x 10 context pairs,,,
Main Figure 2,b,context_distance_pair,74,2.195700168609619,1.979774832725525,90 cytokines x 10 context pairs,,,
Main Figure 2,b,context_distance_pair,74,7.461030960083008,20.108341217041016,90 cytokines x 10 context pairs,,,
Main Figure 2,b,context_distance_pair,74,16.171342849731445,14.02855396270752,90 cytokines x 10 context pairs,,,
Main Figure 2,b,context_distance_pair,74,3.423055648803711,2.80576229095459,90 cytokines x 10 context pairs,,,
Main Figure 2,b,context_distance_pair,74,7.958398342132568,20.166667938232425,90 cytokines x 10 context pairs,,,
Main Figure 2,b,context_distance_pair,74,15.800592422485352,13.72710132598877,90 cytokines x 10 context pairs,,,
Main Figure 2,b,context_distance_pair,74,17.35518455505371,24.18206024169922,90 cytokines x 10 context pairs,,,
Main Figure 2,b,context_distance_pair,74,7.209262847900391,19.854116439819336,90 cytokines x 10 context pairs,,,
Main Figure 2,b,context_distance_pair,75,2.746987819671631,2.364665985107422,90 cytokines x 10 context pairs,,,
Main Figure 2,b,context_distance_pair,75,9.660873413085938,22.60968971252441,90 cytokines x 10 context pairs,,,
Main Figure 2,b,context_distance_pair,75,3.2412633895874023,2.3654720783233643,90 cytokines x 10 context pairs,,,
Main Figure 2,b,context_distance_pair,75,4.985903263092041,5.524075508117676,90 cytokines x 10 context pairs,,,
Main Figure 2,b,context_distance_pair,75,10.177826881408691,22.7998104095459,90 cytokines x 10 context pairs,,,
Main Figure 2,b,context_distance_pair,75,4.955391883850098,3.615278720855713,90 cytokines x 10 context pairs,,,
Main Figure 2,b,context_distance_pair,75,6.3062357902526855,6.109310150146484,90 cytokines x 10 context pairs,,,
Main Figure 2,b,context_distance_pair,75,9.426019668579102,22.666309356689453,90 cytokines x 10 context pairs,,,
Main Figure 2,b,context_distance_pair,75,10.26318645477295,23.171077728271484,90 cytokines x 10 context pairs,,,
Main Figure 2,b,context_distance_pair,75,4.712600231170654,5.612800598144531,90 cytokines x 10 context pairs,,,
Main Figure 2,b,context_distance_pair,76,2.2796006202697754,1.931407451629639,90 cytokines x 10 context pairs,,,
Main Figure 2,b,context_distance_pair,76,15.304974555969238,17.188295364379883,90 cytokines x 10 context pairs,,,
Main Figure 2,b,context_distance_pair,76,3.396533250808716,2.320794582366944,90 cytokines x 10 context pairs,,,
Main Figure 2,b,context_distance_pair,76,4.47467041015625,3.84234070777893,90 cytokines x 10 context pairs,,,
Main Figure 2,b,context_distance_pair,76,15.240514755249023,17.420780181884766,90 cytokines x 10 context pairs,,,
Main Figure 2,b,context_distance_pair,76,3.1292829513549805,3.008197069168091,90 cytokines x 10 context pairs,,,
Main Figure 2,b,context_distance_pair,76,4.606601238250732,4.348916053771973,90 cytokines x 10 context pairs,,,
Main Figure 2,b,context_distance_pair,76,15.176390647888184,17.30089569091797,90 cytokines x 10 context pairs,,,
Main Figure 2,b,context_distance_pair,76,15.62475299835205,17.670522689819336,90 cytokines x 10 context pairs,,,
Main Figure 2,b,context_distance_pair,76,3.986564159393311,4.275864601135254,90 cytokines x 10 context pairs,,,
Main Figure 2,b,context_distance_pair,77,2.575275659561157,2.402028799057007,90 cytokines x 10 context pairs,,,
Main Figure 2,b,context_distance_pair,77,14.887847900390623,15.422248840332031,90 cytokines x 10 context pairs,,,
Main Figure 2,b,context_distance_pair,77,3.913650274276733,3.297317743301392,90 cytokines x 10 context pairs,,,
Main Figure 2,b,context_distance_pair,77,5.7956318855285645,5.448258399963379,90 cytokines x 10 context pairs,,,
Main Figure 2,b,context_distance_pair,77,14.85932445526123,15.611979484558104,90 cytokines x 10 context pairs,,,
Main Figure 2,b,context_distance_pair,77,3.817476511001587,4.215569972991943,90 cytokines x 10 context pairs,,,
Main Figure 2,b,context_distance_pair,77,6.594202518463135,5.98719596862793,90 cytokines x 10 context pairs,,,
Main Figure 2,b,context_distance_pair,77,14.816790580749512,15.467077255249023,90 cytokines x 10 context pairs,,,
Main Figure 2,b,context_distance_pair,77,15.873479843139648,16.58954620361328,90 cytokines x 10 context pairs,,,
Main Figure 2,b,context_distance_pair,77,6.960309505462647,6.983902931213379,90 cytokines x 10 context pairs,,,
Main Figure 2,b,context_distance_pair,78,2.229372262954712,2.31541109085083,90 cytokines x 10 context pairs,,,
Main Figure 2,b,context_distance_pair,78,11.43678855895996,9.236083984375,90 cytokines x 10 context pairs,,,
Main Figure 2,b,context_distance_pair,78,3.495311498641968,2.266397953033448,90 cytokines x 10 context pairs,,,
Main Figure 2,b,context_distance_pair,78,5.336297035217285,4.568747043609619,90 cytokines x 10 context pairs,,,
Main Figure 2,b,context_distance_pair,78,11.522899627685549,9.512452125549316,90 cytokines x 10 context pairs,,,
Main Figure 2,b,context_distance_pair,78,3.919233560562134,3.5038232803344727,90 cytokines x 10 context pairs,,,
Main Figure 2,b,context_distance_pair,78,5.648138999938965,5.44531774520874,90 cytokines x 10 context pairs,,,
Main Figure 2,b,context_distance_pair,78,11.041626930236816,8.99238395690918,90 cytokines x 10 context pairs,,,
Main Figure 2,b,context_distance_pair,78,11.71515941619873,9.853875160217283,90 cytokines x 10 context pairs,,,
Main Figure 2,b,context_distance_pair,78,4.227558612823486,4.137182712554932,90 cytokines x 10 context pairs,,,
Main Figure 2,b,context_distance_pair,79,1.6530197858810425,2.6649532318115234,90 cytokines x 10 context pairs,,,
Main Figure 2,b,context_distance_pair,79,12.288999557495115,9.962652206420898,90 cytokines x 10 context pairs,,,
Main Figure 2,b,context_distance_pair,79,2.953031778335572,1.780781388282776,90 cytokines x 10 context pairs,,,
Main Figure 2,b,context_distance_pair,79,4.515059947967529,3.6942718029022217,90 cytokines x 10 context pairs,,,
Main Figure 2,b,context_distance_pair,79,12.278731346130373,10.372833251953123,90 cytokines x 10 context pairs,,,
Main Figure 2,b,context_distance_pair,79,3.184330940246582,3.676363229751587,90 cytokines x 10 context pairs,,,
Main Figure 2,b,context_distance_pair,79,4.706124305725098,4.950291156768799,90 cytokines x 10 context pairs,,,
Main Figure 2,b,context_distance_pair,79,12.10805606842041,9.949281692504885,90 cytokines x 10 context pairs,,,
Main Figure 2,b,context_distance_pair,79,12.602883338928224,10.504568099975586,90 cytokines x 10 context pairs,,,
Main Figure 2,b,context_distance_pair,79,3.772979736328125,3.6811094284057617,90 cytokines x 10 context pairs,,,
Main Figure 2,b,context_distance_pair,80,1.8877488374710083,1.6560165882110596,90 cytokines x 10 context pairs,,,
Main Figure 2,b,context_distance_pair,80,12.870283126831056,11.62716579437256,90 cytokines x 10 context pairs,,,
Main Figure 2,b,context_distance_pair,80,3.138062000274658,2.48267149925232,90 cytokines x 10 context pairs,,,
Main Figure 2,b,context_distance_pair,80,4.7761006355285645,4.034275531768799,90 cytokines x 10 context pairs,,,
Main Figure 2,b,context_distance_pair,80,12.808247566223145,11.8031587600708,90 cytokines x 10 context pairs,,,
Main Figure 2,b,context_distance_pair,80,3.914597272872925,2.852992296218872,90 cytokines x 10 context pairs,,,
Main Figure 2,b,context_distance_pair,80,5.31528377532959,4.297360420227051,90 cytokines x 10 context pairs,,,
Main Figure 2,b,context_distance_pair,80,12.72202491760254,11.561278343200684,90 cytokines x 10 context pairs,,,
Main Figure 2,b,context_distance_pair,80,13.192153930664062,12.05531120300293,90 cytokines x 10 context pairs,,,
Main Figure 2,b,context_distance_pair,80,4.109797954559326,3.857032537460327,90 cytokines x 10 context pairs,,,
Main Figure 2,b,context_distance_pair,81,2.284576654434204,1.6674357652664185,90 cytokines x 10 context pairs,,,
Main Figure 2,b,context_distance_pair,81,14.460366249084473,13.855724334716797,90 cytokines x 10 context pairs,,,
Main Figure 2,b,context_distance_pair,81,2.180170774459839,2.068146228790283,90 cytokines x 10 context pairs,,,
Main Figure 2,b,context_distance_pair,81,3.9759485721588135,4.517169952392578,90 cytokines x 10 context pairs,,,
Main Figure 2,b,context_distance_pair,81,14.422557830810549,13.878490447998049,90 cytokines x 10 context pairs,,,
Main Figure 2,b,context_distance_pair,81,2.984196662902832,2.154069900512696,90 cytokines x 10 context pairs,,,
Main Figure 2,b,context_distance_pair,81,4.344248294830322,4.543960094451904,90 cytokines x 10 context pairs,,,
Main Figure 2,b,context_distance_pair,81,14.342803955078123,13.724082946777344,90 cytokines x 10 context pairs,,,
Main Figure 2,b,context_distance_pair,81,14.748967170715332,14.353495597839355,90 cytokines x 10 context pairs,,,
Main Figure 2,b,context_distance_pair,81,3.4830424785614014,4.256566047668457,90 cytokines x 10 context pairs,,,
Main Figure 2,b,context_distance_pair,82,2.060580253601074,2.2912871837615967,90 cytokines x 10 context pairs,,,
Main Figure 2,b,context_distance_pair,82,8.850791931152344,7.355744361877441,90 cytokines x 10 context pairs,,,
Main Figure 2,b,context_distance_pair,82,3.4891953468322754,2.006568670272827,90 cytokines x 10 context pairs,,,
Main Figure 2,b,context_distance_pair,82,5.010141849517822,4.590982437133789,90 cytokines x 10 context pairs,,,
Main Figure 2,b,context_distance_pair,82,8.599710464477539,7.570981025695801,90 cytokines x 10 context pairs,,,
Main Figure 2,b,context_distance_pair,82,3.03356409072876,3.2149696350097656,90 cytokines x 10 context pairs,,,
Main Figure 2,b,context_distance_pair,82,4.687114238739014,5.276877880096436,90 cytokines x 10 context pairs,,,
Main Figure 2,b,context_distance_pair,82,8.49201774597168,7.142706394195557,90 cytokines x 10 context pairs,,,
Main Figure 2,b,context_distance_pair,82,9.091976165771484,8.335485458374023,90 cytokines x 10 context pairs,,,
Main Figure 2,b,context_distance_pair,82,3.818615913391113,4.20271110534668,90 cytokines x 10 context pairs,,,
Main Figure 2,b,context_distance_pair,83,2.8845291137695312,2.644688844680786,90 cytokines x 10 context pairs,,,
Main Figure 2,b,context_distance_pair,83,16.43724250793457,18.047706604003903,90 cytokines x 10 context pairs,,,
Main Figure 2,b,context_distance_pair,83,3.4588992595672607,3.0830788612365723,90 cytokines x 10 context pairs,,,
Main Figure 2,b,context_distance_pair,83,6.019424915313721,6.9830241203308105,90 cytokines x 10 context pairs,,,
Main Figure 2,b,context_distance_pair,83,16.44294548034668,18.18520736694336,90 cytokines x 10 context pairs,,,
Main Figure 2,b,context_distance_pair,83,3.5213093757629395,3.9367516040802,90 cytokines x 10 context pairs,,,
Main Figure 2,b,context_distance_pair,83,6.374410152435303,7.461183071136475,90 cytokines x 10 context pairs,,,
Main Figure 2,b,context_distance_pair,83,16.65094566345215,18.059703826904297,90 cytokines x 10 context pairs,,,
Main Figure 2,b,context_distance_pair,83,17.25139808654785,19.260162353515625,90 cytokines x 10 context pairs,,,
Main Figure 2,b,context_distance_pair,83,6.6248698234558105,7.842670440673828,90 cytokines x 10 context pairs,,,
Main Figure 2,b,context_distance_pair,84,1.9709833860397337,2.71467399597168,90 cytokines x 10 context pairs,,,
Main Figure 2,b,context_distance_pair,84,13.895047187805176,10.874043464660645,90 cytokines x 10 context pairs,,,
Main Figure 2,b,context_distance_pair,84,4.542728424072266,3.193021297454834,90 cytokines x 10 context pairs,,,
Main Figure 2,b,context_distance_pair,84,7.361347198486328,7.899716854095459,90 cytokines x 10 context pairs,,,
Main Figure 2,b,context_distance_pair,84,13.80484104156494,11.463383674621582,90 cytokines x 10 context pairs,,,
Main Figure 2,b,context_distance_pair,84,4.350776195526123,4.630802154541016,90 cytokines x 10 context pairs,,,
Main Figure 2,b,context_distance_pair,84,7.270552635192871,8.954588890075684,90 cytokines x 10 context pairs,,,
Main Figure 2,b,context_distance_pair,84,13.647639274597168,10.81455421447754,90 cytokines x 10 context pairs,,,
Main Figure 2,b,context_distance_pair,84,14.77969455718994,13.225197792053224,90 cytokines x 10 context pairs,,,
Main Figure 2,b,context_distance_pair,84,6.241061687469482,7.886239051818848,90 cytokines x 10 context pairs,,,
Main Figure 2,b,context_distance_pair,85,2.061496496200561,1.710255146026611,90 cytokines x 10 context pairs,,,
Main Figure 2,b,context_distance_pair,85,12.71165657043457,10.368936538696287,90 cytokines x 10 context pairs,,,
Main Figure 2,b,context_distance_pair,85,2.6707775592803955,1.9184726476669312,90 cytokines x 10 context pairs,,,
Main Figure 2,b,context_distance_pair,85,4.232426643371582,4.214603900909424,90 cytokines x 10 context pairs,,,
Main Figure 2,b,context_distance_pair,85,12.644999504089355,10.753865242004396,90 cytokines x 10 context pairs,,,
Main Figure 2,b,context_distance_pair,85,3.180981159210205,2.8158695697784424,90 cytokines x 10 context pairs,,,
Main Figure 2,b,context_distance_pair,85,4.640796184539795,4.701264381408691,90 cytokines x 10 context pairs,,,
Main Figure 2,b,context_distance_pair,85,12.405180931091309,10.231208801269531,90 cytokines x 10 context pairs,,,
Main Figure 2,b,context_distance_pair,85,12.9111328125,10.93833827972412,90 cytokines x 10 context pairs,,,
Main Figure 2,b,context_distance_pair,85,3.594198703765869,4.040934085845947,90 cytokines x 10 context pairs,,,
Main Figure 2,b,context_distance_pair,86,2.294860363006592,2.213942289352417,90 cytokines x 10 context pairs,,,
Main Figure 2,b,context_distance_pair,86,14.262977600097656,12.362716674804688,90 cytokines x 10 context pairs,,,
Main Figure 2,b,context_distance_pair,86,2.4598147869110107,1.334128975868225,90 cytokines x 10 context pairs,,,
Main Figure 2,b,context_distance_pair,86,5.081989765167236,4.664842128753662,90 cytokines x 10 context pairs,,,
Main Figure 2,b,context_distance_pair,86,14.23472499847412,12.45163631439209,90 cytokines x 10 context pairs,,,
Main Figure 2,b,context_distance_pair,86,3.130924940109253,2.7452328205108643,90 cytokines x 10 context pairs,,,
Main Figure 2,b,context_distance_pair,86,5.425116539001465,5.289917469024658,90 cytokines x 10 context pairs,,,
Main Figure 2,b,context_distance_pair,86,14.180171966552734,12.36035442352295,90 cytokines x 10 context pairs,,,
Main Figure 2,b,context_distance_pair,86,14.822148323059082,13.124902725219728,90 cytokines x 10 context pairs,,,
Main Figure 2,b,context_distance_pair,86,4.599664688110352,4.532344341278076,90 cytokines x 10 context pairs,,,
Main Figure 2,b,context_distance_pair,87,2.9624717235565186,1.746451497077942,90 cytokines x 10 context pairs,,,
Main Figure 2,b,context_distance_pair,87,12.983973503112791,6.311148166656494,90 cytokines x 10 context pairs,,,
Main Figure 2,b,context_distance_pair,87,2.5230538845062256,3.105703592300415,90 cytokines x 10 context pairs,,,
Main Figure 2,b,context_distance_pair,87,4.633022785186768,6.389915943145752,90 cytokines x 10 context pairs,,,
Main Figure 2,b,context_distance_pair,87,12.88422679901123,6.597588062286377,90 cytokines x 10 context pairs,,,
Main Figure 2,b,context_distance_pair,87,3.151084899902344,3.255866289138794,90 cytokines x 10 context pairs,,,
Main Figure 2,b,context_distance_pair,87,4.887613296508789,6.568216800689697,90 cytokines x 10 context pairs,,,
Main Figure 2,b,context_distance_pair,87,12.729300498962402,6.648206233978272,90 cytokines x 10 context pairs,,,
Main Figure 2,b,context_distance_pair,87,13.408321380615234,9.126938819885254,90 cytokines x 10 context pairs,,,
Main Figure 2,b,context_distance_pair,87,4.746115207672119,6.644662380218506,90 cytokines x 10 context pairs,,,
Main Figure 2,b,context_distance_pair,88,2.493011713027954,1.4393545389175415,90 cytokines x 10 context pairs,,,
Main Figure 2,b,context_distance_pair,88,8.614739418029785,12.698233604431152,90 cytokines x 10 context pairs,,,
Main Figure 2,b,context_distance_pair,88,2.645071506500244,1.5299928188323977,90 cytokines x 10 context pairs,,,
Main Figure 2,b,context_distance_pair,88,4.50056791305542,3.4436960220336914,90 cytokines x 10 context pairs,,,
Main Figure 2,b,context_distance_pair,88,8.618388175964355,12.67750072479248,90 cytokines x 10 context pairs,,,
Main Figure 2,b,context_distance_pair,88,3.6456358432769775,1.882693886756897,90 cytokines x 10 context pairs,,,
Main Figure 2,b,context_distance_pair,88,5.147427082061768,3.692423105239868,90 cytokines x 10 context pairs,,,
Main Figure 2,b,context_distance_pair,88,8.09980297088623,12.559215545654297,90 cytokines x 10 context pairs,,,
Main Figure 2,b,context_distance_pair,88,8.799448013305664,12.988653182983398,90 cytokines x 10 context pairs,,,
Main Figure 2,b,context_distance_pair,88,3.711766004562378,3.3053603172302246,90 cytokines x 10 context pairs,,,
Main Figure 2,b,context_distance_pair,89,2.272963285446167,1.7747280597686768,90 cytokines x 10 context pairs,,,
Main Figure 2,b,context_distance_pair,89,15.331235885620115,21.57895851135254,90 cytokines x 10 context pairs,,,
Main Figure 2,b,context_distance_pair,89,2.8950729370117188,1.765037178993225,90 cytokines x 10 context pairs,,,
Main Figure 2,b,context_distance_pair,89,4.341158390045166,3.6804213523864746,90 cytokines x 10 context pairs,,,
Main Figure 2,b,context_distance_pair,89,15.31410026550293,21.815868377685547,90 cytokines x 10 context pairs,,,
Main Figure 2,b,context_distance_pair,89,3.320627927780152,2.909128427505493,90 cytokines x 10 context pairs,,,
Main Figure 2,b,context_distance_pair,89,4.580291748046875,4.375423431396484,90 cytokines x 10 context pairs,,,
Main Figure 2,b,context_distance_pair,89,15.169261932373049,21.62118530273437,90 cytokines x 10 context pairs,,,
Main Figure 2,b,context_distance_pair,89,15.5067138671875,21.865785598754883,90 cytokines x 10 context pairs,,,
Main Figure 2,b,context_distance_pair,89,3.403006076812744,3.43116307258606,90 cytokines x 10 context pairs,,,
Main Figure 2,b,context_distance_spearman,Spearman,0.8922257764104237,,"relational ordering, not operator-energy recovery",,,
Main Figure 2,c,context_identity_null_p,exact finite context null,0.0222222222222222,44.0,"overall g context derangement: 44 unique derangements, zero exceedances; not the fingerprint contrast",,,
Main Figure 2,c,identity_summary,matched-minus-mismatched cosine,0.5639003744767169,0.6875641709493351,descriptive identity summary; exact p=1/45 is not attached to this statistic,0.1236637964726181,,
Main Figure 2,d,operator_g,ST-SE,0.01531162359936,,reliability-limited deterministic cross-split mosaic; recovery not established,,-0.6145697683095932,0.7261133819818496
Main Figure 2,e,context_g,B_Intermediate_Memory,0.5147174087368925,0.8350712224963701,one official zero-shot split/eval-best artifact per context,0.7768776560098474,,
Main Figure 2,e,context_g,B_Naive,0.6570074547741063,0.8020288165828653,one official zero-shot split/eval-best artifact per context,0.8241447140852387,,
Main Figure 2,e,context_g,Plasmablast,-0.7525290057863065,0.3629738737582415,one official zero-shot split/eval-best artifact per context,0.2985163454754621,,
Main Figure 2,e,context_g,CD4_Memory,0.9107477968577898,0.9461382607310582,one official zero-shot split/eval-best artifact per context,0.9549993990363872,,
Main Figure 2,e,context_g,CD14_Mono,0.535742163289856,0.4969580825158187,one official zero-shot split/eval-best artifact per context,0.7341833600874988,,
