figure,panel,object_id,metric,label,value,ci_low,ci_high,p,source_file,source_commit,source_sha256,claim_boundary
Figure6,d,selected_k_18,selected_outer_folds,k=18,1.0,,,,results/crc_pdo_dense_resolution_plateau/PCA_STAR_DENSE_SELECTION.csv,2131e3325c877d12db3905faa7986c5088e9b378,c48ef89aa4ca12512432de422704d1f3a7fd1364aa6623fb743c1af14de814c0,Fold-local inner-CV selection over 52 outer patient folds; held outcomes sealed.
Figure6,d,selected_k_20,selected_outer_folds,k=20,5.0,,,,results/crc_pdo_dense_resolution_plateau/PCA_STAR_DENSE_SELECTION.csv,2131e3325c877d12db3905faa7986c5088e9b378,c48ef89aa4ca12512432de422704d1f3a7fd1364aa6623fb743c1af14de814c0,Fold-local inner-CV selection over 52 outer patient folds; held outcomes sealed.
Figure6,d,selected_k_22,selected_outer_folds,k=22,12.0,,,,results/crc_pdo_dense_resolution_plateau/PCA_STAR_DENSE_SELECTION.csv,2131e3325c877d12db3905faa7986c5088e9b378,c48ef89aa4ca12512432de422704d1f3a7fd1364aa6623fb743c1af14de814c0,Fold-local inner-CV selection over 52 outer patient folds; held outcomes sealed.
Figure6,d,selected_k_24,selected_outer_folds,k=24,12.0,,,,results/crc_pdo_dense_resolution_plateau/PCA_STAR_DENSE_SELECTION.csv,2131e3325c877d12db3905faa7986c5088e9b378,c48ef89aa4ca12512432de422704d1f3a7fd1364aa6623fb743c1af14de814c0,Fold-local inner-CV selection over 52 outer patient folds; held outcomes sealed.
Figure6,d,selected_k_26,selected_outer_folds,k=26,3.0,,,,results/crc_pdo_dense_resolution_plateau/PCA_STAR_DENSE_SELECTION.csv,2131e3325c877d12db3905faa7986c5088e9b378,c48ef89aa4ca12512432de422704d1f3a7fd1364aa6623fb743c1af14de814c0,Fold-local inner-CV selection over 52 outer patient folds; held outcomes sealed.
Figure6,d,selected_k_28,selected_outer_folds,k=28,5.0,,,,results/crc_pdo_dense_resolution_plateau/PCA_STAR_DENSE_SELECTION.csv,2131e3325c877d12db3905faa7986c5088e9b378,c48ef89aa4ca12512432de422704d1f3a7fd1364aa6623fb743c1af14de814c0,Fold-local inner-CV selection over 52 outer patient folds; held outcomes sealed.
Figure6,d,selected_k_30,selected_outer_folds,k=30,4.0,,,,results/crc_pdo_dense_resolution_plateau/PCA_STAR_DENSE_SELECTION.csv,2131e3325c877d12db3905faa7986c5088e9b378,c48ef89aa4ca12512432de422704d1f3a7fd1364aa6623fb743c1af14de814c0,Fold-local inner-CV selection over 52 outer patient folds; held outcomes sealed.
Figure6,d,selected_k_32,selected_outer_folds,k=32,10.0,,,,results/crc_pdo_dense_resolution_plateau/PCA_STAR_DENSE_SELECTION.csv,2131e3325c877d12db3905faa7986c5088e9b378,c48ef89aa4ca12512432de422704d1f3a7fd1364aa6623fb743c1af14de814c0,Fold-local inner-CV selection over 52 outer patient folds; held outcomes sealed.
Figure6,d,random_PG_macro_k16_draw0,PG_macro,random k=16,0.007537394781131,,,0.0099009900990099,results/crc_pdo_dense_resolution_plateau/RANDOM_CONTROL_16_24_32.csv,2131e3325c877d12db3905faa7986c5088e9b378,5d95b5c7f5a4aa7b3b8b00223025e44f18700af017ee4d7cc9693fdb84d20852,Dimension-matched random-subspace controls; 100 frozen draws per k.
Figure6,d,random_g_func_k16_draw0,g_func,random k=16,0.0050041843137799,,,0.0099009900990099,results/crc_pdo_dense_resolution_plateau/RANDOM_CONTROL_16_24_32.csv,2131e3325c877d12db3905faa7986c5088e9b378,5d95b5c7f5a4aa7b3b8b00223025e44f18700af017ee4d7cc9693fdb84d20852,Dimension-matched random-subspace controls; 100 frozen draws per k.
Figure6,d,random_PG_macro_k16_draw1,PG_macro,random k=16,0.0054398832882533,,,0.0099009900990099,results/crc_pdo_dense_resolution_plateau/RANDOM_CONTROL_16_24_32.csv,2131e3325c877d12db3905faa7986c5088e9b378,5d95b5c7f5a4aa7b3b8b00223025e44f18700af017ee4d7cc9693fdb84d20852,Dimension-matched random-subspace controls; 100 frozen draws per k.
Figure6,d,random_g_func_k16_draw1,g_func,random k=16,0.0027734690535239,,,0.0099009900990099,results/crc_pdo_dense_resolution_plateau/RANDOM_CONTROL_16_24_32.csv,2131e3325c877d12db3905faa7986c5088e9b378,5d95b5c7f5a4aa7b3b8b00223025e44f18700af017ee4d7cc9693fdb84d20852,Dimension-matched random-subspace controls; 100 frozen draws per k.
Figure6,d,random_PG_macro_k16_draw2,PG_macro,random k=16,-0.0006882773331832,,,0.0099009900990099,results/crc_pdo_dense_resolution_plateau/RANDOM_CONTROL_16_24_32.csv,2131e3325c877d12db3905faa7986c5088e9b378,5d95b5c7f5a4aa7b3b8b00223025e44f18700af017ee4d7cc9693fdb84d20852,Dimension-matched random-subspace controls; 100 frozen draws per k.
Figure6,d,random_g_func_k16_draw2,g_func,random k=16,-0.0199219067790279,,,0.0099009900990099,results/crc_pdo_dense_resolution_plateau/RANDOM_CONTROL_16_24_32.csv,2131e3325c877d12db3905faa7986c5088e9b378,5d95b5c7f5a4aa7b3b8b00223025e44f18700af017ee4d7cc9693fdb84d20852,Dimension-matched random-subspace controls; 100 frozen draws per k.
Figure6,d,random_PG_macro_k16_draw3,PG_macro,random k=16,0.004884841949844,,,0.0099009900990099,results/crc_pdo_dense_resolution_plateau/RANDOM_CONTROL_16_24_32.csv,2131e3325c877d12db3905faa7986c5088e9b378,5d95b5c7f5a4aa7b3b8b00223025e44f18700af017ee4d7cc9693fdb84d20852,Dimension-matched random-subspace controls; 100 frozen draws per k.
Figure6,d,random_g_func_k16_draw3,g_func,random k=16,0.0035182801257298,,,0.0099009900990099,results/crc_pdo_dense_resolution_plateau/RANDOM_CONTROL_16_24_32.csv,2131e3325c877d12db3905faa7986c5088e9b378,5d95b5c7f5a4aa7b3b8b00223025e44f18700af017ee4d7cc9693fdb84d20852,Dimension-matched random-subspace controls; 100 frozen draws per k.
Figure6,d,random_PG_macro_k16_draw4,PG_macro,random k=16,0.0014056223679488,,,0.0099009900990099,results/crc_pdo_dense_resolution_plateau/RANDOM_CONTROL_16_24_32.csv,2131e3325c877d12db3905faa7986c5088e9b378,5d95b5c7f5a4aa7b3b8b00223025e44f18700af017ee4d7cc9693fdb84d20852,Dimension-matched random-subspace controls; 100 frozen draws per k.
Figure6,d,random_g_func_k16_draw4,g_func,random k=16,-0.0021387858299593,,,0.0099009900990099,results/crc_pdo_dense_resolution_plateau/RANDOM_CONTROL_16_24_32.csv,2131e3325c877d12db3905faa7986c5088e9b378,5d95b5c7f5a4aa7b3b8b00223025e44f18700af017ee4d7cc9693fdb84d20852,Dimension-matched random-subspace controls; 100 frozen draws per k.
Figure6,d,random_PG_macro_k16_draw5,PG_macro,random k=16,0.0040448008976501,,,0.0099009900990099,results/crc_pdo_dense_resolution_plateau/RANDOM_CONTROL_16_24_32.csv,2131e3325c877d12db3905faa7986c5088e9b378,5d95b5c7f5a4aa7b3b8b00223025e44f18700af017ee4d7cc9693fdb84d20852,Dimension-matched random-subspace controls; 100 frozen draws per k.
Figure6,d,random_g_func_k16_draw5,g_func,random k=16,0.0103987914041787,,,0.0099009900990099,results/crc_pdo_dense_resolution_plateau/RANDOM_CONTROL_16_24_32.csv,2131e3325c877d12db3905faa7986c5088e9b378,5d95b5c7f5a4aa7b3b8b00223025e44f18700af017ee4d7cc9693fdb84d20852,Dimension-matched random-subspace controls; 100 frozen draws per k.
Figure6,d,random_PG_macro_k16_draw6,PG_macro,random k=16,0.004740757118614,,,0.0099009900990099,results/crc_pdo_dense_resolution_plateau/RANDOM_CONTROL_16_24_32.csv,2131e3325c877d12db3905faa7986c5088e9b378,5d95b5c7f5a4aa7b3b8b00223025e44f18700af017ee4d7cc9693fdb84d20852,Dimension-matched random-subspace controls; 100 frozen draws per k.
Figure6,d,random_g_func_k16_draw6,g_func,random k=16,0.0097086924732708,,,0.0099009900990099,results/crc_pdo_dense_resolution_plateau/RANDOM_CONTROL_16_24_32.csv,2131e3325c877d12db3905faa7986c5088e9b378,5d95b5c7f5a4aa7b3b8b00223025e44f18700af017ee4d7cc9693fdb84d20852,Dimension-matched random-subspace controls; 100 frozen draws per k.
Figure6,d,random_PG_macro_k16_draw7,PG_macro,random k=16,0.0058638672550325,,,0.0099009900990099,results/crc_pdo_dense_resolution_plateau/RANDOM_CONTROL_16_24_32.csv,2131e3325c877d12db3905faa7986c5088e9b378,5d95b5c7f5a4aa7b3b8b00223025e44f18700af017ee4d7cc9693fdb84d20852,Dimension-matched random-subspace controls; 100 frozen draws per k.
Figure6,d,random_g_func_k16_draw7,g_func,random k=16,0.0070680725598049,,,0.0099009900990099,results/crc_pdo_dense_resolution_plateau/RANDOM_CONTROL_16_24_32.csv,2131e3325c877d12db3905faa7986c5088e9b378,5d95b5c7f5a4aa7b3b8b00223025e44f18700af017ee4d7cc9693fdb84d20852,Dimension-matched random-subspace controls; 100 frozen draws per k.
Figure6,d,random_PG_macro_k16_draw8,PG_macro,random k=16,0.0034938300340099,,,0.0099009900990099,results/crc_pdo_dense_resolution_plateau/RANDOM_CONTROL_16_24_32.csv,2131e3325c877d12db3905faa7986c5088e9b378,5d95b5c7f5a4aa7b3b8b00223025e44f18700af017ee4d7cc9693fdb84d20852,Dimension-matched random-subspace controls; 100 frozen draws per k.
Figure6,d,random_g_func_k16_draw8,g_func,random k=16,0.0100470238871057,,,0.0099009900990099,results/crc_pdo_dense_resolution_plateau/RANDOM_CONTROL_16_24_32.csv,2131e3325c877d12db3905faa7986c5088e9b378,5d95b5c7f5a4aa7b3b8b00223025e44f18700af017ee4d7cc9693fdb84d20852,Dimension-matched random-subspace controls; 100 frozen draws per k.
Figure6,d,random_PG_macro_k16_draw9,PG_macro,random k=16,0.0015421188448972,,,0.0099009900990099,results/crc_pdo_dense_resolution_plateau/RANDOM_CONTROL_16_24_32.csv,2131e3325c877d12db3905faa7986c5088e9b378,5d95b5c7f5a4aa7b3b8b00223025e44f18700af017ee4d7cc9693fdb84d20852,Dimension-matched random-subspace controls; 100 frozen draws per k.
Figure6,d,random_g_func_k16_draw9,g_func,random k=16,0.0047781342293027,,,0.0099009900990099,results/crc_pdo_dense_resolution_plateau/RANDOM_CONTROL_16_24_32.csv,2131e3325c877d12db3905faa7986c5088e9b378,5d95b5c7f5a4aa7b3b8b00223025e44f18700af017ee4d7cc9693fdb84d20852,Dimension-matched random-subspace controls; 100 frozen draws per k.
Figure6,d,random_PG_macro_k16_draw10,PG_macro,random k=16,0.0053005895810614,,,0.0099009900990099,results/crc_pdo_dense_resolution_plateau/RANDOM_CONTROL_16_24_32.csv,2131e3325c877d12db3905faa7986c5088e9b378,5d95b5c7f5a4aa7b3b8b00223025e44f18700af017ee4d7cc9693fdb84d20852,Dimension-matched random-subspace controls; 100 frozen draws per k.
Figure6,d,random_g_func_k16_draw10,g_func,random k=16,-0.0011102822866688,,,0.0099009900990099,results/crc_pdo_dense_resolution_plateau/RANDOM_CONTROL_16_24_32.csv,2131e3325c877d12db3905faa7986c5088e9b378,5d95b5c7f5a4aa7b3b8b00223025e44f18700af017ee4d7cc9693fdb84d20852,Dimension-matched random-subspace controls; 100 frozen draws per k.
Figure6,d,random_PG_macro_k16_draw11,PG_macro,random k=16,0.0026541236262253,,,0.0099009900990099,results/crc_pdo_dense_resolution_plateau/RANDOM_CONTROL_16_24_32.csv,2131e3325c877d12db3905faa7986c5088e9b378,5d95b5c7f5a4aa7b3b8b00223025e44f18700af017ee4d7cc9693fdb84d20852,Dimension-matched random-subspace controls; 100 frozen draws per k.
Figure6,d,random_g_func_k16_draw11,g_func,random k=16,-0.0009150859252533,,,0.0099009900990099,results/crc_pdo_dense_resolution_plateau/RANDOM_CONTROL_16_24_32.csv,2131e3325c877d12db3905faa7986c5088e9b378,5d95b5c7f5a4aa7b3b8b00223025e44f18700af017ee4d7cc9693fdb84d20852,Dimension-matched random-subspace controls; 100 frozen draws per k.
Figure6,d,random_PG_macro_k16_draw12,PG_macro,random k=16,0.0027936956635296,,,0.0099009900990099,results/crc_pdo_dense_resolution_plateau/RANDOM_CONTROL_16_24_32.csv,2131e3325c877d12db3905faa7986c5088e9b378,5d95b5c7f5a4aa7b3b8b00223025e44f18700af017ee4d7cc9693fdb84d20852,Dimension-matched random-subspace controls; 100 frozen draws per k.
Figure6,d,random_g_func_k16_draw12,g_func,random k=16,0.0014959473623202,,,0.0099009900990099,results/crc_pdo_dense_resolution_plateau/RANDOM_CONTROL_16_24_32.csv,2131e3325c877d12db3905faa7986c5088e9b378,5d95b5c7f5a4aa7b3b8b00223025e44f18700af017ee4d7cc9693fdb84d20852,Dimension-matched random-subspace controls; 100 frozen draws per k.
Figure6,d,random_PG_macro_k16_draw13,PG_macro,random k=16,0.007532741475899,,,0.0099009900990099,results/crc_pdo_dense_resolution_plateau/RANDOM_CONTROL_16_24_32.csv,2131e3325c877d12db3905faa7986c5088e9b378,5d95b5c7f5a4aa7b3b8b00223025e44f18700af017ee4d7cc9693fdb84d20852,Dimension-matched random-subspace controls; 100 frozen draws per k.
Figure6,d,random_g_func_k16_draw13,g_func,random k=16,0.0132726120886951,,,0.0099009900990099,results/crc_pdo_dense_resolution_plateau/RANDOM_CONTROL_16_24_32.csv,2131e3325c877d12db3905faa7986c5088e9b378,5d95b5c7f5a4aa7b3b8b00223025e44f18700af017ee4d7cc9693fdb84d20852,Dimension-matched random-subspace controls; 100 frozen draws per k.
Figure6,d,random_PG_macro_k16_draw14,PG_macro,random k=16,0.0079468802381555,,,0.0099009900990099,results/crc_pdo_dense_resolution_plateau/RANDOM_CONTROL_16_24_32.csv,2131e3325c877d12db3905faa7986c5088e9b378,5d95b5c7f5a4aa7b3b8b00223025e44f18700af017ee4d7cc9693fdb84d20852,Dimension-matched random-subspace controls; 100 frozen draws per k.
Figure6,d,random_g_func_k16_draw14,g_func,random k=16,0.010436939048883,,,0.0099009900990099,results/crc_pdo_dense_resolution_plateau/RANDOM_CONTROL_16_24_32.csv,2131e3325c877d12db3905faa7986c5088e9b378,5d95b5c7f5a4aa7b3b8b00223025e44f18700af017ee4d7cc9693fdb84d20852,Dimension-matched random-subspace controls; 100 frozen draws per k.
Figure6,d,random_PG_macro_k16_draw15,PG_macro,random k=16,0.0057170500329065,,,0.0099009900990099,results/crc_pdo_dense_resolution_plateau/RANDOM_CONTROL_16_24_32.csv,2131e3325c877d12db3905faa7986c5088e9b378,5d95b5c7f5a4aa7b3b8b00223025e44f18700af017ee4d7cc9693fdb84d20852,Dimension-matched random-subspace controls; 100 frozen draws per k.
Figure6,d,random_g_func_k16_draw15,g_func,random k=16,0.0039547025615733,,,0.0099009900990099,results/crc_pdo_dense_resolution_plateau/RANDOM_CONTROL_16_24_32.csv,2131e3325c877d12db3905faa7986c5088e9b378,5d95b5c7f5a4aa7b3b8b00223025e44f18700af017ee4d7cc9693fdb84d20852,Dimension-matched random-subspace controls; 100 frozen draws per k.
Figure6,d,random_PG_macro_k16_draw16,PG_macro,random k=16,0.0015321069588301,,,0.0099009900990099,results/crc_pdo_dense_resolution_plateau/RANDOM_CONTROL_16_24_32.csv,2131e3325c877d12db3905faa7986c5088e9b378,5d95b5c7f5a4aa7b3b8b00223025e44f18700af017ee4d7cc9693fdb84d20852,Dimension-matched random-subspace controls; 100 frozen draws per k.
Figure6,d,random_g_func_k16_draw16,g_func,random k=16,-0.0007174670531568,,,0.0099009900990099,results/crc_pdo_dense_resolution_plateau/RANDOM_CONTROL_16_24_32.csv,2131e3325c877d12db3905faa7986c5088e9b378,5d95b5c7f5a4aa7b3b8b00223025e44f18700af017ee4d7cc9693fdb84d20852,Dimension-matched random-subspace controls; 100 frozen draws per k.
Figure6,d,random_PG_macro_k16_draw17,PG_macro,random k=16,0.0050279746109132,,,0.0099009900990099,results/crc_pdo_dense_resolution_plateau/RANDOM_CONTROL_16_24_32.csv,2131e3325c877d12db3905faa7986c5088e9b378,5d95b5c7f5a4aa7b3b8b00223025e44f18700af017ee4d7cc9693fdb84d20852,Dimension-matched random-subspace controls; 100 frozen draws per k.
Figure6,d,random_g_func_k16_draw17,g_func,random k=16,0.0024637030775269,,,0.0099009900990099,results/crc_pdo_dense_resolution_plateau/RANDOM_CONTROL_16_24_32.csv,2131e3325c877d12db3905faa7986c5088e9b378,5d95b5c7f5a4aa7b3b8b00223025e44f18700af017ee4d7cc9693fdb84d20852,Dimension-matched random-subspace controls; 100 frozen draws per k.
Figure6,d,random_PG_macro_k16_draw18,PG_macro,random k=16,0.006283197321493,,,0.0099009900990099,results/crc_pdo_dense_resolution_plateau/RANDOM_CONTROL_16_24_32.csv,2131e3325c877d12db3905faa7986c5088e9b378,5d95b5c7f5a4aa7b3b8b00223025e44f18700af017ee4d7cc9693fdb84d20852,Dimension-matched random-subspace controls; 100 frozen draws per k.
Figure6,d,random_g_func_k16_draw18,g_func,random k=16,-0.0006192315416422,,,0.0099009900990099,results/crc_pdo_dense_resolution_plateau/RANDOM_CONTROL_16_24_32.csv,2131e3325c877d12db3905faa7986c5088e9b378,5d95b5c7f5a4aa7b3b8b00223025e44f18700af017ee4d7cc9693fdb84d20852,Dimension-matched random-subspace controls; 100 frozen draws per k.
Figure6,d,random_PG_macro_k16_draw19,PG_macro,random k=16,-0.0009628700359039,,,0.0099009900990099,results/crc_pdo_dense_resolution_plateau/RANDOM_CONTROL_16_24_32.csv,2131e3325c877d12db3905faa7986c5088e9b378,5d95b5c7f5a4aa7b3b8b00223025e44f18700af017ee4d7cc9693fdb84d20852,Dimension-matched random-subspace controls; 100 frozen draws per k.
Figure6,d,random_g_func_k16_draw19,g_func,random k=16,-0.0293518444997795,,,0.0099009900990099,results/crc_pdo_dense_resolution_plateau/RANDOM_CONTROL_16_24_32.csv,2131e3325c877d12db3905faa7986c5088e9b378,5d95b5c7f5a4aa7b3b8b00223025e44f18700af017ee4d7cc9693fdb84d20852,Dimension-matched random-subspace controls; 100 frozen draws per k.
Figure6,d,random_PG_macro_k16_draw20,PG_macro,random k=16,0.0025104418499558,,,0.0099009900990099,results/crc_pdo_dense_resolution_plateau/RANDOM_CONTROL_16_24_32.csv,2131e3325c877d12db3905faa7986c5088e9b378,5d95b5c7f5a4aa7b3b8b00223025e44f18700af017ee4d7cc9693fdb84d20852,Dimension-matched random-subspace controls; 100 frozen draws per k.
Figure6,d,random_g_func_k16_draw20,g_func,random k=16,-0.0036476571781447,,,0.0099009900990099,results/crc_pdo_dense_resolution_plateau/RANDOM_CONTROL_16_24_32.csv,2131e3325c877d12db3905faa7986c5088e9b378,5d95b5c7f5a4aa7b3b8b00223025e44f18700af017ee4d7cc9693fdb84d20852,Dimension-matched random-subspace controls; 100 frozen draws per k.
Figure6,d,random_PG_macro_k16_draw21,PG_macro,random k=16,-0.0002784578268361,,,0.0099009900990099,results/crc_pdo_dense_resolution_plateau/RANDOM_CONTROL_16_24_32.csv,2131e3325c877d12db3905faa7986c5088e9b378,5d95b5c7f5a4aa7b3b8b00223025e44f18700af017ee4d7cc9693fdb84d20852,Dimension-matched random-subspace controls; 100 frozen draws per k.
Figure6,d,random_g_func_k16_draw21,g_func,random k=16,-0.0105171648992197,,,0.0099009900990099,results/crc_pdo_dense_resolution_plateau/RANDOM_CONTROL_16_24_32.csv,2131e3325c877d12db3905faa7986c5088e9b378,5d95b5c7f5a4aa7b3b8b00223025e44f18700af017ee4d7cc9693fdb84d20852,Dimension-matched random-subspace controls; 100 frozen draws per k.
Figure6,d,random_PG_macro_k16_draw22,PG_macro,random k=16,0.0039101267804276,,,0.0099009900990099,results/crc_pdo_dense_resolution_plateau/RANDOM_CONTROL_16_24_32.csv,2131e3325c877d12db3905faa7986c5088e9b378,5d95b5c7f5a4aa7b3b8b00223025e44f18700af017ee4d7cc9693fdb84d20852,Dimension-matched random-subspace controls; 100 frozen draws per k.
Figure6,d,random_g_func_k16_draw22,g_func,random k=16,0.0068252672702654,,,0.0099009900990099,results/crc_pdo_dense_resolution_plateau/RANDOM_CONTROL_16_24_32.csv,2131e3325c877d12db3905faa7986c5088e9b378,5d95b5c7f5a4aa7b3b8b00223025e44f18700af017ee4d7cc9693fdb84d20852,Dimension-matched random-subspace controls; 100 frozen draws per k.
Figure6,d,random_PG_macro_k16_draw23,PG_macro,random k=16,0.003354463942446,,,0.0099009900990099,results/crc_pdo_dense_resolution_plateau/RANDOM_CONTROL_16_24_32.csv,2131e3325c877d12db3905faa7986c5088e9b378,5d95b5c7f5a4aa7b3b8b00223025e44f18700af017ee4d7cc9693fdb84d20852,Dimension-matched random-subspace controls; 100 frozen draws per k.
Figure6,d,random_g_func_k16_draw23,g_func,random k=16,-0.005640428966295,,,0.0099009900990099,results/crc_pdo_dense_resolution_plateau/RANDOM_CONTROL_16_24_32.csv,2131e3325c877d12db3905faa7986c5088e9b378,5d95b5c7f5a4aa7b3b8b00223025e44f18700af017ee4d7cc9693fdb84d20852,Dimension-matched random-subspace controls; 100 frozen draws per k.
Figure6,d,random_PG_macro_k16_draw24,PG_macro,random k=16,0.0040407339940846,,,0.0099009900990099,results/crc_pdo_dense_resolution_plateau/RANDOM_CONTROL_16_24_32.csv,2131e3325c877d12db3905faa7986c5088e9b378,5d95b5c7f5a4aa7b3b8b00223025e44f18700af017ee4d7cc9693fdb84d20852,Dimension-matched random-subspace controls; 100 frozen draws per k.
Figure6,d,random_g_func_k16_draw24,g_func,random k=16,0.003976556850611,,,0.0099009900990099,results/crc_pdo_dense_resolution_plateau/RANDOM_CONTROL_16_24_32.csv,2131e3325c877d12db3905faa7986c5088e9b378,5d95b5c7f5a4aa7b3b8b00223025e44f18700af017ee4d7cc9693fdb84d20852,Dimension-matched random-subspace controls; 100 frozen draws per k.
Figure6,d,random_PG_macro_k16_draw25,PG_macro,random k=16,-0.0022291397911861,,,0.0099009900990099,results/crc_pdo_dense_resolution_plateau/RANDOM_CONTROL_16_24_32.csv,2131e3325c877d12db3905faa7986c5088e9b378,5d95b5c7f5a4aa7b3b8b00223025e44f18700af017ee4d7cc9693fdb84d20852,Dimension-matched random-subspace controls; 100 frozen draws per k.
Figure6,d,random_g_func_k16_draw25,g_func,random k=16,-0.0062948767557855,,,0.0099009900990099,results/crc_pdo_dense_resolution_plateau/RANDOM_CONTROL_16_24_32.csv,2131e3325c877d12db3905faa7986c5088e9b378,5d95b5c7f5a4aa7b3b8b00223025e44f18700af017ee4d7cc9693fdb84d20852,Dimension-matched random-subspace controls; 100 frozen draws per k.
Figure6,d,random_PG_macro_k16_draw26,PG_macro,random k=16,-0.0033395735851063,,,0.0099009900990099,results/crc_pdo_dense_resolution_plateau/RANDOM_CONTROL_16_24_32.csv,2131e3325c877d12db3905faa7986c5088e9b378,5d95b5c7f5a4aa7b3b8b00223025e44f18700af017ee4d7cc9693fdb84d20852,Dimension-matched random-subspace controls; 100 frozen draws per k.
Figure6,d,random_g_func_k16_draw26,g_func,random k=16,-0.0419595505699097,,,0.0099009900990099,results/crc_pdo_dense_resolution_plateau/RANDOM_CONTROL_16_24_32.csv,2131e3325c877d12db3905faa7986c5088e9b378,5d95b5c7f5a4aa7b3b8b00223025e44f18700af017ee4d7cc9693fdb84d20852,Dimension-matched random-subspace controls; 100 frozen draws per k.
Figure6,d,random_PG_macro_k16_draw27,PG_macro,random k=16,0.0011220384788732,,,0.0099009900990099,results/crc_pdo_dense_resolution_plateau/RANDOM_CONTROL_16_24_32.csv,2131e3325c877d12db3905faa7986c5088e9b378,5d95b5c7f5a4aa7b3b8b00223025e44f18700af017ee4d7cc9693fdb84d20852,Dimension-matched random-subspace controls; 100 frozen draws per k.
Figure6,d,random_g_func_k16_draw27,g_func,random k=16,0.0007592119566794,,,0.0099009900990099,results/crc_pdo_dense_resolution_plateau/RANDOM_CONTROL_16_24_32.csv,2131e3325c877d12db3905faa7986c5088e9b378,5d95b5c7f5a4aa7b3b8b00223025e44f18700af017ee4d7cc9693fdb84d20852,Dimension-matched random-subspace controls; 100 frozen draws per k.
Figure6,d,random_PG_macro_k16_draw28,PG_macro,random k=16,0.0047398177309413,,,0.0099009900990099,results/crc_pdo_dense_resolution_plateau/RANDOM_CONTROL_16_24_32.csv,2131e3325c877d12db3905faa7986c5088e9b378,5d95b5c7f5a4aa7b3b8b00223025e44f18700af017ee4d7cc9693fdb84d20852,Dimension-matched random-subspace controls; 100 frozen draws per k.
Figure6,d,random_g_func_k16_draw28,g_func,random k=16,0.0086772038255804,,,0.0099009900990099,results/crc_pdo_dense_resolution_plateau/RANDOM_CONTROL_16_24_32.csv,2131e3325c877d12db3905faa7986c5088e9b378,5d95b5c7f5a4aa7b3b8b00223025e44f18700af017ee4d7cc9693fdb84d20852,Dimension-matched random-subspace controls; 100 frozen draws per k.
Figure6,d,random_PG_macro_k16_draw29,PG_macro,random k=16,0.0033426289090967,,,0.0099009900990099,results/crc_pdo_dense_resolution_plateau/RANDOM_CONTROL_16_24_32.csv,2131e3325c877d12db3905faa7986c5088e9b378,5d95b5c7f5a4aa7b3b8b00223025e44f18700af017ee4d7cc9693fdb84d20852,Dimension-matched random-subspace controls; 100 frozen draws per k.
Figure6,d,random_g_func_k16_draw29,g_func,random k=16,-9.60134572414173e-05,,,0.0099009900990099,results/crc_pdo_dense_resolution_plateau/RANDOM_CONTROL_16_24_32.csv,2131e3325c877d12db3905faa7986c5088e9b378,5d95b5c7f5a4aa7b3b8b00223025e44f18700af017ee4d7cc9693fdb84d20852,Dimension-matched random-subspace controls; 100 frozen draws per k.
Figure6,d,random_PG_macro_k16_draw30,PG_macro,random k=16,5.9154335294757065e-06,,,0.0099009900990099,results/crc_pdo_dense_resolution_plateau/RANDOM_CONTROL_16_24_32.csv,2131e3325c877d12db3905faa7986c5088e9b378,5d95b5c7f5a4aa7b3b8b00223025e44f18700af017ee4d7cc9693fdb84d20852,Dimension-matched random-subspace controls; 100 frozen draws per k.
Figure6,d,random_g_func_k16_draw30,g_func,random k=16,-0.0066962496184961,,,0.0099009900990099,results/crc_pdo_dense_resolution_plateau/RANDOM_CONTROL_16_24_32.csv,2131e3325c877d12db3905faa7986c5088e9b378,5d95b5c7f5a4aa7b3b8b00223025e44f18700af017ee4d7cc9693fdb84d20852,Dimension-matched random-subspace controls; 100 frozen draws per k.
Figure6,d,random_PG_macro_k16_draw31,PG_macro,random k=16,0.0030659892756961,,,0.0099009900990099,results/crc_pdo_dense_resolution_plateau/RANDOM_CONTROL_16_24_32.csv,2131e3325c877d12db3905faa7986c5088e9b378,5d95b5c7f5a4aa7b3b8b00223025e44f18700af017ee4d7cc9693fdb84d20852,Dimension-matched random-subspace controls; 100 frozen draws per k.
Figure6,d,random_g_func_k16_draw31,g_func,random k=16,0.001741914403636,,,0.0099009900990099,results/crc_pdo_dense_resolution_plateau/RANDOM_CONTROL_16_24_32.csv,2131e3325c877d12db3905faa7986c5088e9b378,5d95b5c7f5a4aa7b3b8b00223025e44f18700af017ee4d7cc9693fdb84d20852,Dimension-matched random-subspace controls; 100 frozen draws per k.
Figure6,d,random_PG_macro_k16_draw32,PG_macro,random k=16,0.0006931980447689,,,0.0099009900990099,results/crc_pdo_dense_resolution_plateau/RANDOM_CONTROL_16_24_32.csv,2131e3325c877d12db3905faa7986c5088e9b378,5d95b5c7f5a4aa7b3b8b00223025e44f18700af017ee4d7cc9693fdb84d20852,Dimension-matched random-subspace controls; 100 frozen draws per k.
Figure6,d,random_g_func_k16_draw32,g_func,random k=16,-0.0016872584370402,,,0.0099009900990099,results/crc_pdo_dense_resolution_plateau/RANDOM_CONTROL_16_24_32.csv,2131e3325c877d12db3905faa7986c5088e9b378,5d95b5c7f5a4aa7b3b8b00223025e44f18700af017ee4d7cc9693fdb84d20852,Dimension-matched random-subspace controls; 100 frozen draws per k.
Figure6,d,random_PG_macro_k16_draw33,PG_macro,random k=16,0.0071105160095242,,,0.0099009900990099,results/crc_pdo_dense_resolution_plateau/RANDOM_CONTROL_16_24_32.csv,2131e3325c877d12db3905faa7986c5088e9b378,5d95b5c7f5a4aa7b3b8b00223025e44f18700af017ee4d7cc9693fdb84d20852,Dimension-matched random-subspace controls; 100 frozen draws per k.
Figure6,d,random_g_func_k16_draw33,g_func,random k=16,-0.0166270501263856,,,0.0099009900990099,results/crc_pdo_dense_resolution_plateau/RANDOM_CONTROL_16_24_32.csv,2131e3325c877d12db3905faa7986c5088e9b378,5d95b5c7f5a4aa7b3b8b00223025e44f18700af017ee4d7cc9693fdb84d20852,Dimension-matched random-subspace controls; 100 frozen draws per k.
Figure6,d,random_PG_macro_k16_draw34,PG_macro,random k=16,0.003348350895757,,,0.0099009900990099,results/crc_pdo_dense_resolution_plateau/RANDOM_CONTROL_16_24_32.csv,2131e3325c877d12db3905faa7986c5088e9b378,5d95b5c7f5a4aa7b3b8b00223025e44f18700af017ee4d7cc9693fdb84d20852,Dimension-matched random-subspace controls; 100 frozen draws per k.
Figure6,d,random_g_func_k16_draw34,g_func,random k=16,-0.0001774379030516,,,0.0099009900990099,results/crc_pdo_dense_resolution_plateau/RANDOM_CONTROL_16_24_32.csv,2131e3325c877d12db3905faa7986c5088e9b378,5d95b5c7f5a4aa7b3b8b00223025e44f18700af017ee4d7cc9693fdb84d20852,Dimension-matched random-subspace controls; 100 frozen draws per k.
Figure6,d,random_PG_macro_k16_draw35,PG_macro,random k=16,0.0048850776370262,,,0.0099009900990099,results/crc_pdo_dense_resolution_plateau/RANDOM_CONTROL_16_24_32.csv,2131e3325c877d12db3905faa7986c5088e9b378,5d95b5c7f5a4aa7b3b8b00223025e44f18700af017ee4d7cc9693fdb84d20852,Dimension-matched random-subspace controls; 100 frozen draws per k.
Figure6,d,random_g_func_k16_draw35,g_func,random k=16,0.0050085454119531,,,0.0099009900990099,results/crc_pdo_dense_resolution_plateau/RANDOM_CONTROL_16_24_32.csv,2131e3325c877d12db3905faa7986c5088e9b378,5d95b5c7f5a4aa7b3b8b00223025e44f18700af017ee4d7cc9693fdb84d20852,Dimension-matched random-subspace controls; 100 frozen draws per k.
Figure6,d,random_PG_macro_k16_draw36,PG_macro,random k=16,0.0027924771581883,,,0.0099009900990099,results/crc_pdo_dense_resolution_plateau/RANDOM_CONTROL_16_24_32.csv,2131e3325c877d12db3905faa7986c5088e9b378,5d95b5c7f5a4aa7b3b8b00223025e44f18700af017ee4d7cc9693fdb84d20852,Dimension-matched random-subspace controls; 100 frozen draws per k.
Figure6,d,random_g_func_k16_draw36,g_func,random k=16,0.0066581222944805,,,0.0099009900990099,results/crc_pdo_dense_resolution_plateau/RANDOM_CONTROL_16_24_32.csv,2131e3325c877d12db3905faa7986c5088e9b378,5d95b5c7f5a4aa7b3b8b00223025e44f18700af017ee4d7cc9693fdb84d20852,Dimension-matched random-subspace controls; 100 frozen draws per k.
Figure6,d,random_PG_macro_k16_draw37,PG_macro,random k=16,0.0019622293549802,,,0.0099009900990099,results/crc_pdo_dense_resolution_plateau/RANDOM_CONTROL_16_24_32.csv,2131e3325c877d12db3905faa7986c5088e9b378,5d95b5c7f5a4aa7b3b8b00223025e44f18700af017ee4d7cc9693fdb84d20852,Dimension-matched random-subspace controls; 100 frozen draws per k.
Figure6,d,random_g_func_k16_draw37,g_func,random k=16,0.0062918766953982,,,0.0099009900990099,results/crc_pdo_dense_resolution_plateau/RANDOM_CONTROL_16_24_32.csv,2131e3325c877d12db3905faa7986c5088e9b378,5d95b5c7f5a4aa7b3b8b00223025e44f18700af017ee4d7cc9693fdb84d20852,Dimension-matched random-subspace controls; 100 frozen draws per k.
Figure6,d,random_PG_macro_k16_draw38,PG_macro,random k=16,0.0008425379483773,,,0.0099009900990099,results/crc_pdo_dense_resolution_plateau/RANDOM_CONTROL_16_24_32.csv,2131e3325c877d12db3905faa7986c5088e9b378,5d95b5c7f5a4aa7b3b8b00223025e44f18700af017ee4d7cc9693fdb84d20852,Dimension-matched random-subspace controls; 100 frozen draws per k.
Figure6,d,random_g_func_k16_draw38,g_func,random k=16,0.0012726245011058,,,0.0099009900990099,results/crc_pdo_dense_resolution_plateau/RANDOM_CONTROL_16_24_32.csv,2131e3325c877d12db3905faa7986c5088e9b378,5d95b5c7f5a4aa7b3b8b00223025e44f18700af017ee4d7cc9693fdb84d20852,Dimension-matched random-subspace controls; 100 frozen draws per k.
Figure6,d,random_PG_macro_k16_draw39,PG_macro,random k=16,0.0019519770203537,,,0.0099009900990099,results/crc_pdo_dense_resolution_plateau/RANDOM_CONTROL_16_24_32.csv,2131e3325c877d12db3905faa7986c5088e9b378,5d95b5c7f5a4aa7b3b8b00223025e44f18700af017ee4d7cc9693fdb84d20852,Dimension-matched random-subspace controls; 100 frozen draws per k.
Figure6,d,random_g_func_k16_draw39,g_func,random k=16,0.0064001659144252,,,0.0099009900990099,results/crc_pdo_dense_resolution_plateau/RANDOM_CONTROL_16_24_32.csv,2131e3325c877d12db3905faa7986c5088e9b378,5d95b5c7f5a4aa7b3b8b00223025e44f18700af017ee4d7cc9693fdb84d20852,Dimension-matched random-subspace controls; 100 frozen draws per k.
Figure6,d,random_PG_macro_k16_draw40,PG_macro,random k=16,0.0025150487485844,,,0.0099009900990099,results/crc_pdo_dense_resolution_plateau/RANDOM_CONTROL_16_24_32.csv,2131e3325c877d12db3905faa7986c5088e9b378,5d95b5c7f5a4aa7b3b8b00223025e44f18700af017ee4d7cc9693fdb84d20852,Dimension-matched random-subspace controls; 100 frozen draws per k.
Figure6,d,random_g_func_k16_draw40,g_func,random k=16,-0.0025328375896902,,,0.0099009900990099,results/crc_pdo_dense_resolution_plateau/RANDOM_CONTROL_16_24_32.csv,2131e3325c877d12db3905faa7986c5088e9b378,5d95b5c7f5a4aa7b3b8b00223025e44f18700af017ee4d7cc9693fdb84d20852,Dimension-matched random-subspace controls; 100 frozen draws per k.
Figure6,d,random_PG_macro_k16_draw41,PG_macro,random k=16,0.0015305411177385,,,0.0099009900990099,results/crc_pdo_dense_resolution_plateau/RANDOM_CONTROL_16_24_32.csv,2131e3325c877d12db3905faa7986c5088e9b378,5d95b5c7f5a4aa7b3b8b00223025e44f18700af017ee4d7cc9693fdb84d20852,Dimension-matched random-subspace controls; 100 frozen draws per k.
Figure6,d,random_g_func_k16_draw41,g_func,random k=16,0.0041003120252983,,,0.0099009900990099,results/crc_pdo_dense_resolution_plateau/RANDOM_CONTROL_16_24_32.csv,2131e3325c877d12db3905faa7986c5088e9b378,5d95b5c7f5a4aa7b3b8b00223025e44f18700af017ee4d7cc9693fdb84d20852,Dimension-matched random-subspace controls; 100 frozen draws per k.
Figure6,d,random_PG_macro_k16_draw42,PG_macro,random k=16,0.0053066730787783,,,0.0099009900990099,results/crc_pdo_dense_resolution_plateau/RANDOM_CONTROL_16_24_32.csv,2131e3325c877d12db3905faa7986c5088e9b378,5d95b5c7f5a4aa7b3b8b00223025e44f18700af017ee4d7cc9693fdb84d20852,Dimension-matched random-subspace controls; 100 frozen draws per k.
Figure6,d,random_g_func_k16_draw42,g_func,random k=16,0.008488466441979,,,0.0099009900990099,results/crc_pdo_dense_resolution_plateau/RANDOM_CONTROL_16_24_32.csv,2131e3325c877d12db3905faa7986c5088e9b378,5d95b5c7f5a4aa7b3b8b00223025e44f18700af017ee4d7cc9693fdb84d20852,Dimension-matched random-subspace controls; 100 frozen draws per k.
Figure6,d,random_PG_macro_k16_draw43,PG_macro,random k=16,1.183503334938479e-05,,,0.0099009900990099,results/crc_pdo_dense_resolution_plateau/RANDOM_CONTROL_16_24_32.csv,2131e3325c877d12db3905faa7986c5088e9b378,5d95b5c7f5a4aa7b3b8b00223025e44f18700af017ee4d7cc9693fdb84d20852,Dimension-matched random-subspace controls; 100 frozen draws per k.
Figure6,d,random_g_func_k16_draw43,g_func,random k=16,-0.020146286329747,,,0.0099009900990099,results/crc_pdo_dense_resolution_plateau/RANDOM_CONTROL_16_24_32.csv,2131e3325c877d12db3905faa7986c5088e9b378,5d95b5c7f5a4aa7b3b8b00223025e44f18700af017ee4d7cc9693fdb84d20852,Dimension-matched random-subspace controls; 100 frozen draws per k.
Figure6,d,random_PG_macro_k16_draw44,PG_macro,random k=16,0.0057250243009005,,,0.0099009900990099,results/crc_pdo_dense_resolution_plateau/RANDOM_CONTROL_16_24_32.csv,2131e3325c877d12db3905faa7986c5088e9b378,5d95b5c7f5a4aa7b3b8b00223025e44f18700af017ee4d7cc9693fdb84d20852,Dimension-matched random-subspace controls; 100 frozen draws per k.
Figure6,d,random_g_func_k16_draw44,g_func,random k=16,0.0045911163398359,,,0.0099009900990099,results/crc_pdo_dense_resolution_plateau/RANDOM_CONTROL_16_24_32.csv,2131e3325c877d12db3905faa7986c5088e9b378,5d95b5c7f5a4aa7b3b8b00223025e44f18700af017ee4d7cc9693fdb84d20852,Dimension-matched random-subspace controls; 100 frozen draws per k.
Figure6,d,random_PG_macro_k16_draw45,PG_macro,random k=16,0.0043289464007972,,,0.0099009900990099,results/crc_pdo_dense_resolution_plateau/RANDOM_CONTROL_16_24_32.csv,2131e3325c877d12db3905faa7986c5088e9b378,5d95b5c7f5a4aa7b3b8b00223025e44f18700af017ee4d7cc9693fdb84d20852,Dimension-matched random-subspace controls; 100 frozen draws per k.
Figure6,d,random_g_func_k16_draw45,g_func,random k=16,0.0060307588799093,,,0.0099009900990099,results/crc_pdo_dense_resolution_plateau/RANDOM_CONTROL_16_24_32.csv,2131e3325c877d12db3905faa7986c5088e9b378,5d95b5c7f5a4aa7b3b8b00223025e44f18700af017ee4d7cc9693fdb84d20852,Dimension-matched random-subspace controls; 100 frozen draws per k.
Figure6,d,random_PG_macro_k16_draw46,PG_macro,random k=16,0.0041893448145207,,,0.0099009900990099,results/crc_pdo_dense_resolution_plateau/RANDOM_CONTROL_16_24_32.csv,2131e3325c877d12db3905faa7986c5088e9b378,5d95b5c7f5a4aa7b3b8b00223025e44f18700af017ee4d7cc9693fdb84d20852,Dimension-matched random-subspace controls; 100 frozen draws per k.
Figure6,d,random_g_func_k16_draw46,g_func,random k=16,0.0039595625339992,,,0.0099009900990099,results/crc_pdo_dense_resolution_plateau/RANDOM_CONTROL_16_24_32.csv,2131e3325c877d12db3905faa7986c5088e9b378,5d95b5c7f5a4aa7b3b8b00223025e44f18700af017ee4d7cc9693fdb84d20852,Dimension-matched random-subspace controls; 100 frozen draws per k.
Figure6,d,random_PG_macro_k16_draw47,PG_macro,random k=16,0.0020941064344288,,,0.0099009900990099,results/crc_pdo_dense_resolution_plateau/RANDOM_CONTROL_16_24_32.csv,2131e3325c877d12db3905faa7986c5088e9b378,5d95b5c7f5a4aa7b3b8b00223025e44f18700af017ee4d7cc9693fdb84d20852,Dimension-matched random-subspace controls; 100 frozen draws per k.
Figure6,d,random_g_func_k16_draw47,g_func,random k=16,0.0008184007262633,,,0.0099009900990099,results/crc_pdo_dense_resolution_plateau/RANDOM_CONTROL_16_24_32.csv,2131e3325c877d12db3905faa7986c5088e9b378,5d95b5c7f5a4aa7b3b8b00223025e44f18700af017ee4d7cc9693fdb84d20852,Dimension-matched random-subspace controls; 100 frozen draws per k.
Figure6,d,random_PG_macro_k16_draw48,PG_macro,random k=16,0.0071178341738046,,,0.0099009900990099,results/crc_pdo_dense_resolution_plateau/RANDOM_CONTROL_16_24_32.csv,2131e3325c877d12db3905faa7986c5088e9b378,5d95b5c7f5a4aa7b3b8b00223025e44f18700af017ee4d7cc9693fdb84d20852,Dimension-matched random-subspace controls; 100 frozen draws per k.
Figure6,d,random_g_func_k16_draw48,g_func,random k=16,0.0045812353144037,,,0.0099009900990099,results/crc_pdo_dense_resolution_plateau/RANDOM_CONTROL_16_24_32.csv,2131e3325c877d12db3905faa7986c5088e9b378,5d95b5c7f5a4aa7b3b8b00223025e44f18700af017ee4d7cc9693fdb84d20852,Dimension-matched random-subspace controls; 100 frozen draws per k.
Figure6,d,random_PG_macro_k16_draw49,PG_macro,random k=16,0.0066894788031095,,,0.0099009900990099,results/crc_pdo_dense_resolution_plateau/RANDOM_CONTROL_16_24_32.csv,2131e3325c877d12db3905faa7986c5088e9b378,5d95b5c7f5a4aa7b3b8b00223025e44f18700af017ee4d7cc9693fdb84d20852,Dimension-matched random-subspace controls; 100 frozen draws per k.
Figure6,d,random_g_func_k16_draw49,g_func,random k=16,-0.0160843753489192,,,0.0099009900990099,results/crc_pdo_dense_resolution_plateau/RANDOM_CONTROL_16_24_32.csv,2131e3325c877d12db3905faa7986c5088e9b378,5d95b5c7f5a4aa7b3b8b00223025e44f18700af017ee4d7cc9693fdb84d20852,Dimension-matched random-subspace controls; 100 frozen draws per k.
Figure6,d,random_PG_macro_k16_draw50,PG_macro,random k=16,0.0037643010939808,,,0.0099009900990099,results/crc_pdo_dense_resolution_plateau/RANDOM_CONTROL_16_24_32.csv,2131e3325c877d12db3905faa7986c5088e9b378,5d95b5c7f5a4aa7b3b8b00223025e44f18700af017ee4d7cc9693fdb84d20852,Dimension-matched random-subspace controls; 100 frozen draws per k.
Figure6,d,random_g_func_k16_draw50,g_func,random k=16,-0.0020162468126985,,,0.0099009900990099,results/crc_pdo_dense_resolution_plateau/RANDOM_CONTROL_16_24_32.csv,2131e3325c877d12db3905faa7986c5088e9b378,5d95b5c7f5a4aa7b3b8b00223025e44f18700af017ee4d7cc9693fdb84d20852,Dimension-matched random-subspace controls; 100 frozen draws per k.
Figure6,d,random_PG_macro_k16_draw51,PG_macro,random k=16,0.0044553199381972,,,0.0099009900990099,results/crc_pdo_dense_resolution_plateau/RANDOM_CONTROL_16_24_32.csv,2131e3325c877d12db3905faa7986c5088e9b378,5d95b5c7f5a4aa7b3b8b00223025e44f18700af017ee4d7cc9693fdb84d20852,Dimension-matched random-subspace controls; 100 frozen draws per k.
Figure6,d,random_g_func_k16_draw51,g_func,random k=16,0.0051976299904616,,,0.0099009900990099,results/crc_pdo_dense_resolution_plateau/RANDOM_CONTROL_16_24_32.csv,2131e3325c877d12db3905faa7986c5088e9b378,5d95b5c7f5a4aa7b3b8b00223025e44f18700af017ee4d7cc9693fdb84d20852,Dimension-matched random-subspace controls; 100 frozen draws per k.
Figure6,d,random_PG_macro_k16_draw52,PG_macro,random k=16,0.0030662424155963,,,0.0099009900990099,results/crc_pdo_dense_resolution_plateau/RANDOM_CONTROL_16_24_32.csv,2131e3325c877d12db3905faa7986c5088e9b378,5d95b5c7f5a4aa7b3b8b00223025e44f18700af017ee4d7cc9693fdb84d20852,Dimension-matched random-subspace controls; 100 frozen draws per k.
Figure6,d,random_g_func_k16_draw52,g_func,random k=16,0.0054627812787071,,,0.0099009900990099,results/crc_pdo_dense_resolution_plateau/RANDOM_CONTROL_16_24_32.csv,2131e3325c877d12db3905faa7986c5088e9b378,5d95b5c7f5a4aa7b3b8b00223025e44f18700af017ee4d7cc9693fdb84d20852,Dimension-matched random-subspace controls; 100 frozen draws per k.
Figure6,d,random_PG_macro_k16_draw53,PG_macro,random k=16,0.0025077775859942,,,0.0099009900990099,results/crc_pdo_dense_resolution_plateau/RANDOM_CONTROL_16_24_32.csv,2131e3325c877d12db3905faa7986c5088e9b378,5d95b5c7f5a4aa7b3b8b00223025e44f18700af017ee4d7cc9693fdb84d20852,Dimension-matched random-subspace controls; 100 frozen draws per k.
Figure6,d,random_g_func_k16_draw53,g_func,random k=16,0.0007368372950077,,,0.0099009900990099,results/crc_pdo_dense_resolution_plateau/RANDOM_CONTROL_16_24_32.csv,2131e3325c877d12db3905faa7986c5088e9b378,5d95b5c7f5a4aa7b3b8b00223025e44f18700af017ee4d7cc9693fdb84d20852,Dimension-matched random-subspace controls; 100 frozen draws per k.
Figure6,d,random_PG_macro_k16_draw54,PG_macro,random k=16,0.0040458773165725,,,0.0099009900990099,results/crc_pdo_dense_resolution_plateau/RANDOM_CONTROL_16_24_32.csv,2131e3325c877d12db3905faa7986c5088e9b378,5d95b5c7f5a4aa7b3b8b00223025e44f18700af017ee4d7cc9693fdb84d20852,Dimension-matched random-subspace controls; 100 frozen draws per k.
Figure6,d,random_g_func_k16_draw54,g_func,random k=16,0.0021656764447276,,,0.0099009900990099,results/crc_pdo_dense_resolution_plateau/RANDOM_CONTROL_16_24_32.csv,2131e3325c877d12db3905faa7986c5088e9b378,5d95b5c7f5a4aa7b3b8b00223025e44f18700af017ee4d7cc9693fdb84d20852,Dimension-matched random-subspace controls; 100 frozen draws per k.
Figure6,d,random_PG_macro_k16_draw55,PG_macro,random k=16,0.0020974736113246,,,0.0099009900990099,results/crc_pdo_dense_resolution_plateau/RANDOM_CONTROL_16_24_32.csv,2131e3325c877d12db3905faa7986c5088e9b378,5d95b5c7f5a4aa7b3b8b00223025e44f18700af017ee4d7cc9693fdb84d20852,Dimension-matched random-subspace controls; 100 frozen draws per k.
Figure6,d,random_g_func_k16_draw55,g_func,random k=16,-0.0018940418058104,,,0.0099009900990099,results/crc_pdo_dense_resolution_plateau/RANDOM_CONTROL_16_24_32.csv,2131e3325c877d12db3905faa7986c5088e9b378,5d95b5c7f5a4aa7b3b8b00223025e44f18700af017ee4d7cc9693fdb84d20852,Dimension-matched random-subspace controls; 100 frozen draws per k.
Figure6,d,random_PG_macro_k16_draw56,PG_macro,random k=16,0.0033529367704638,,,0.0099009900990099,results/crc_pdo_dense_resolution_plateau/RANDOM_CONTROL_16_24_32.csv,2131e3325c877d12db3905faa7986c5088e9b378,5d95b5c7f5a4aa7b3b8b00223025e44f18700af017ee4d7cc9693fdb84d20852,Dimension-matched random-subspace controls; 100 frozen draws per k.
Figure6,d,random_g_func_k16_draw56,g_func,random k=16,0.0013239865703486,,,0.0099009900990099,results/crc_pdo_dense_resolution_plateau/RANDOM_CONTROL_16_24_32.csv,2131e3325c877d12db3905faa7986c5088e9b378,5d95b5c7f5a4aa7b3b8b00223025e44f18700af017ee4d7cc9693fdb84d20852,Dimension-matched random-subspace controls; 100 frozen draws per k.
Figure6,d,random_PG_macro_k16_draw57,PG_macro,random k=16,0.0062832276580215,,,0.0099009900990099,results/crc_pdo_dense_resolution_plateau/RANDOM_CONTROL_16_24_32.csv,2131e3325c877d12db3905faa7986c5088e9b378,5d95b5c7f5a4aa7b3b8b00223025e44f18700af017ee4d7cc9693fdb84d20852,Dimension-matched random-subspace controls; 100 frozen draws per k.
Figure6,d,random_g_func_k16_draw57,g_func,random k=16,-0.0012558406440597,,,0.0099009900990099,results/crc_pdo_dense_resolution_plateau/RANDOM_CONTROL_16_24_32.csv,2131e3325c877d12db3905faa7986c5088e9b378,5d95b5c7f5a4aa7b3b8b00223025e44f18700af017ee4d7cc9693fdb84d20852,Dimension-matched random-subspace controls; 100 frozen draws per k.
Figure6,d,random_PG_macro_k16_draw58,PG_macro,random k=16,0.0062731721489983,,,0.0099009900990099,results/crc_pdo_dense_resolution_plateau/RANDOM_CONTROL_16_24_32.csv,2131e3325c877d12db3905faa7986c5088e9b378,5d95b5c7f5a4aa7b3b8b00223025e44f18700af017ee4d7cc9693fdb84d20852,Dimension-matched random-subspace controls; 100 frozen draws per k.
Figure6,d,random_g_func_k16_draw58,g_func,random k=16,0.0031209771211705,,,0.0099009900990099,results/crc_pdo_dense_resolution_plateau/RANDOM_CONTROL_16_24_32.csv,2131e3325c877d12db3905faa7986c5088e9b378,5d95b5c7f5a4aa7b3b8b00223025e44f18700af017ee4d7cc9693fdb84d20852,Dimension-matched random-subspace controls; 100 frozen draws per k.
Figure6,d,random_PG_macro_k16_draw59,PG_macro,random k=16,0.0030742258037274,,,0.0099009900990099,results/crc_pdo_dense_resolution_plateau/RANDOM_CONTROL_16_24_32.csv,2131e3325c877d12db3905faa7986c5088e9b378,5d95b5c7f5a4aa7b3b8b00223025e44f18700af017ee4d7cc9693fdb84d20852,Dimension-matched random-subspace controls; 100 frozen draws per k.
Figure6,d,random_g_func_k16_draw59,g_func,random k=16,-0.0021090582836726,,,0.0099009900990099,results/crc_pdo_dense_resolution_plateau/RANDOM_CONTROL_16_24_32.csv,2131e3325c877d12db3905faa7986c5088e9b378,5d95b5c7f5a4aa7b3b8b00223025e44f18700af017ee4d7cc9693fdb84d20852,Dimension-matched random-subspace controls; 100 frozen draws per k.
Figure6,d,random_PG_macro_k16_draw60,PG_macro,random k=16,-0.0001352266111568,,,0.0099009900990099,results/crc_pdo_dense_resolution_plateau/RANDOM_CONTROL_16_24_32.csv,2131e3325c877d12db3905faa7986c5088e9b378,5d95b5c7f5a4aa7b3b8b00223025e44f18700af017ee4d7cc9693fdb84d20852,Dimension-matched random-subspace controls; 100 frozen draws per k.
Figure6,d,random_g_func_k16_draw60,g_func,random k=16,-0.0116755661488376,,,0.0099009900990099,results/crc_pdo_dense_resolution_plateau/RANDOM_CONTROL_16_24_32.csv,2131e3325c877d12db3905faa7986c5088e9b378,5d95b5c7f5a4aa7b3b8b00223025e44f18700af017ee4d7cc9693fdb84d20852,Dimension-matched random-subspace controls; 100 frozen draws per k.
Figure6,d,random_PG_macro_k16_draw61,PG_macro,random k=16,0.0033506122972278,,,0.0099009900990099,results/crc_pdo_dense_resolution_plateau/RANDOM_CONTROL_16_24_32.csv,2131e3325c877d12db3905faa7986c5088e9b378,5d95b5c7f5a4aa7b3b8b00223025e44f18700af017ee4d7cc9693fdb84d20852,Dimension-matched random-subspace controls; 100 frozen draws per k.
Figure6,d,random_g_func_k16_draw61,g_func,random k=16,0.0006053633549187,,,0.0099009900990099,results/crc_pdo_dense_resolution_plateau/RANDOM_CONTROL_16_24_32.csv,2131e3325c877d12db3905faa7986c5088e9b378,5d95b5c7f5a4aa7b3b8b00223025e44f18700af017ee4d7cc9693fdb84d20852,Dimension-matched random-subspace controls; 100 frozen draws per k.
Figure6,d,random_PG_macro_k16_draw62,PG_macro,random k=16,0.0008361118762873,,,0.0099009900990099,results/crc_pdo_dense_resolution_plateau/RANDOM_CONTROL_16_24_32.csv,2131e3325c877d12db3905faa7986c5088e9b378,5d95b5c7f5a4aa7b3b8b00223025e44f18700af017ee4d7cc9693fdb84d20852,Dimension-matched random-subspace controls; 100 frozen draws per k.
Figure6,d,random_g_func_k16_draw62,g_func,random k=16,-0.0019976770547989,,,0.0099009900990099,results/crc_pdo_dense_resolution_plateau/RANDOM_CONTROL_16_24_32.csv,2131e3325c877d12db3905faa7986c5088e9b378,5d95b5c7f5a4aa7b3b8b00223025e44f18700af017ee4d7cc9693fdb84d20852,Dimension-matched random-subspace controls; 100 frozen draws per k.
Figure6,d,random_PG_macro_k16_draw63,PG_macro,random k=16,0.003485049344625,,,0.0099009900990099,results/crc_pdo_dense_resolution_plateau/RANDOM_CONTROL_16_24_32.csv,2131e3325c877d12db3905faa7986c5088e9b378,5d95b5c7f5a4aa7b3b8b00223025e44f18700af017ee4d7cc9693fdb84d20852,Dimension-matched random-subspace controls; 100 frozen draws per k.
Figure6,d,random_g_func_k16_draw63,g_func,random k=16,0.0009396291921843,,,0.0099009900990099,results/crc_pdo_dense_resolution_plateau/RANDOM_CONTROL_16_24_32.csv,2131e3325c877d12db3905faa7986c5088e9b378,5d95b5c7f5a4aa7b3b8b00223025e44f18700af017ee4d7cc9693fdb84d20852,Dimension-matched random-subspace controls; 100 frozen draws per k.
Figure6,d,random_PG_macro_k16_draw64,PG_macro,random k=16,-0.0001408764059147,,,0.0099009900990099,results/crc_pdo_dense_resolution_plateau/RANDOM_CONTROL_16_24_32.csv,2131e3325c877d12db3905faa7986c5088e9b378,5d95b5c7f5a4aa7b3b8b00223025e44f18700af017ee4d7cc9693fdb84d20852,Dimension-matched random-subspace controls; 100 frozen draws per k.
Figure6,d,random_g_func_k16_draw64,g_func,random k=16,-0.0014261527068324,,,0.0099009900990099,results/crc_pdo_dense_resolution_plateau/RANDOM_CONTROL_16_24_32.csv,2131e3325c877d12db3905faa7986c5088e9b378,5d95b5c7f5a4aa7b3b8b00223025e44f18700af017ee4d7cc9693fdb84d20852,Dimension-matched random-subspace controls; 100 frozen draws per k.
Figure6,d,random_PG_macro_k16_draw65,PG_macro,random k=16,0.0029366527153869,,,0.0099009900990099,results/crc_pdo_dense_resolution_plateau/RANDOM_CONTROL_16_24_32.csv,2131e3325c877d12db3905faa7986c5088e9b378,5d95b5c7f5a4aa7b3b8b00223025e44f18700af017ee4d7cc9693fdb84d20852,Dimension-matched random-subspace controls; 100 frozen draws per k.
Figure6,d,random_g_func_k16_draw65,g_func,random k=16,-0.0048913787753925,,,0.0099009900990099,results/crc_pdo_dense_resolution_plateau/RANDOM_CONTROL_16_24_32.csv,2131e3325c877d12db3905faa7986c5088e9b378,5d95b5c7f5a4aa7b3b8b00223025e44f18700af017ee4d7cc9693fdb84d20852,Dimension-matched random-subspace controls; 100 frozen draws per k.
Figure6,d,random_PG_macro_k16_draw66,PG_macro,random k=16,0.0053074787126129,,,0.0099009900990099,results/crc_pdo_dense_resolution_plateau/RANDOM_CONTROL_16_24_32.csv,2131e3325c877d12db3905faa7986c5088e9b378,5d95b5c7f5a4aa7b3b8b00223025e44f18700af017ee4d7cc9693fdb84d20852,Dimension-matched random-subspace controls; 100 frozen draws per k.
Figure6,d,random_g_func_k16_draw66,g_func,random k=16,0.0042216621367001,,,0.0099009900990099,results/crc_pdo_dense_resolution_plateau/RANDOM_CONTROL_16_24_32.csv,2131e3325c877d12db3905faa7986c5088e9b378,5d95b5c7f5a4aa7b3b8b00223025e44f18700af017ee4d7cc9693fdb84d20852,Dimension-matched random-subspace controls; 100 frozen draws per k.
Figure6,d,random_PG_macro_k16_draw67,PG_macro,random k=16,0.0064312976958382,,,0.0099009900990099,results/crc_pdo_dense_resolution_plateau/RANDOM_CONTROL_16_24_32.csv,2131e3325c877d12db3905faa7986c5088e9b378,5d95b5c7f5a4aa7b3b8b00223025e44f18700af017ee4d7cc9693fdb84d20852,Dimension-matched random-subspace controls; 100 frozen draws per k.
Figure6,d,random_g_func_k16_draw67,g_func,random k=16,0.0098847155774703,,,0.0099009900990099,results/crc_pdo_dense_resolution_plateau/RANDOM_CONTROL_16_24_32.csv,2131e3325c877d12db3905faa7986c5088e9b378,5d95b5c7f5a4aa7b3b8b00223025e44f18700af017ee4d7cc9693fdb84d20852,Dimension-matched random-subspace controls; 100 frozen draws per k.
Figure6,d,random_PG_macro_k16_draw68,PG_macro,random k=16,0.0032075729533051,,,0.0099009900990099,results/crc_pdo_dense_resolution_plateau/RANDOM_CONTROL_16_24_32.csv,2131e3325c877d12db3905faa7986c5088e9b378,5d95b5c7f5a4aa7b3b8b00223025e44f18700af017ee4d7cc9693fdb84d20852,Dimension-matched random-subspace controls; 100 frozen draws per k.
Figure6,d,random_g_func_k16_draw68,g_func,random k=16,0.0034257247873346,,,0.0099009900990099,results/crc_pdo_dense_resolution_plateau/RANDOM_CONTROL_16_24_32.csv,2131e3325c877d12db3905faa7986c5088e9b378,5d95b5c7f5a4aa7b3b8b00223025e44f18700af017ee4d7cc9693fdb84d20852,Dimension-matched random-subspace controls; 100 frozen draws per k.
Figure6,d,random_PG_macro_k16_draw69,PG_macro,random k=16,0.004745192574321,,,0.0099009900990099,results/crc_pdo_dense_resolution_plateau/RANDOM_CONTROL_16_24_32.csv,2131e3325c877d12db3905faa7986c5088e9b378,5d95b5c7f5a4aa7b3b8b00223025e44f18700af017ee4d7cc9693fdb84d20852,Dimension-matched random-subspace controls; 100 frozen draws per k.
Figure6,d,random_g_func_k16_draw69,g_func,random k=16,-0.0012651044519023,,,0.0099009900990099,results/crc_pdo_dense_resolution_plateau/RANDOM_CONTROL_16_24_32.csv,2131e3325c877d12db3905faa7986c5088e9b378,5d95b5c7f5a4aa7b3b8b00223025e44f18700af017ee4d7cc9693fdb84d20852,Dimension-matched random-subspace controls; 100 frozen draws per k.
Figure6,d,random_PG_macro_k16_draw70,PG_macro,random k=16,0.0013942975882207,,,0.0099009900990099,results/crc_pdo_dense_resolution_plateau/RANDOM_CONTROL_16_24_32.csv,2131e3325c877d12db3905faa7986c5088e9b378,5d95b5c7f5a4aa7b3b8b00223025e44f18700af017ee4d7cc9693fdb84d20852,Dimension-matched random-subspace controls; 100 frozen draws per k.
Figure6,d,random_g_func_k16_draw70,g_func,random k=16,-8.306639869837262e-05,,,0.0099009900990099,results/crc_pdo_dense_resolution_plateau/RANDOM_CONTROL_16_24_32.csv,2131e3325c877d12db3905faa7986c5088e9b378,5d95b5c7f5a4aa7b3b8b00223025e44f18700af017ee4d7cc9693fdb84d20852,Dimension-matched random-subspace controls; 100 frozen draws per k.
Figure6,d,random_PG_macro_k16_draw71,PG_macro,random k=16,0.0025132043849108,,,0.0099009900990099,results/crc_pdo_dense_resolution_plateau/RANDOM_CONTROL_16_24_32.csv,2131e3325c877d12db3905faa7986c5088e9b378,5d95b5c7f5a4aa7b3b8b00223025e44f18700af017ee4d7cc9693fdb84d20852,Dimension-matched random-subspace controls; 100 frozen draws per k.
Figure6,d,random_g_func_k16_draw71,g_func,random k=16,-0.0011953442610843,,,0.0099009900990099,results/crc_pdo_dense_resolution_plateau/RANDOM_CONTROL_16_24_32.csv,2131e3325c877d12db3905faa7986c5088e9b378,5d95b5c7f5a4aa7b3b8b00223025e44f18700af017ee4d7cc9693fdb84d20852,Dimension-matched random-subspace controls; 100 frozen draws per k.
Figure6,d,random_PG_macro_k16_draw72,PG_macro,random k=16,0.003072132466444,,,0.0099009900990099,results/crc_pdo_dense_resolution_plateau/RANDOM_CONTROL_16_24_32.csv,2131e3325c877d12db3905faa7986c5088e9b378,5d95b5c7f5a4aa7b3b8b00223025e44f18700af017ee4d7cc9693fdb84d20852,Dimension-matched random-subspace controls; 100 frozen draws per k.
Figure6,d,random_g_func_k16_draw72,g_func,random k=16,-0.0032983621610416,,,0.0099009900990099,results/crc_pdo_dense_resolution_plateau/RANDOM_CONTROL_16_24_32.csv,2131e3325c877d12db3905faa7986c5088e9b378,5d95b5c7f5a4aa7b3b8b00223025e44f18700af017ee4d7cc9693fdb84d20852,Dimension-matched random-subspace controls; 100 frozen draws per k.
Figure6,d,random_PG_macro_k16_draw73,PG_macro,random k=16,0.0072517177472416,,,0.0099009900990099,results/crc_pdo_dense_resolution_plateau/RANDOM_CONTROL_16_24_32.csv,2131e3325c877d12db3905faa7986c5088e9b378,5d95b5c7f5a4aa7b3b8b00223025e44f18700af017ee4d7cc9693fdb84d20852,Dimension-matched random-subspace controls; 100 frozen draws per k.
Figure6,d,random_g_func_k16_draw73,g_func,random k=16,0.0081974691253908,,,0.0099009900990099,results/crc_pdo_dense_resolution_plateau/RANDOM_CONTROL_16_24_32.csv,2131e3325c877d12db3905faa7986c5088e9b378,5d95b5c7f5a4aa7b3b8b00223025e44f18700af017ee4d7cc9693fdb84d20852,Dimension-matched random-subspace controls; 100 frozen draws per k.
Figure6,d,random_PG_macro_k16_draw74,PG_macro,random k=16,0.004479388893566,,,0.0099009900990099,results/crc_pdo_dense_resolution_plateau/RANDOM_CONTROL_16_24_32.csv,2131e3325c877d12db3905faa7986c5088e9b378,5d95b5c7f5a4aa7b3b8b00223025e44f18700af017ee4d7cc9693fdb84d20852,Dimension-matched random-subspace controls; 100 frozen draws per k.
Figure6,d,random_g_func_k16_draw74,g_func,random k=16,0.0034983658179494,,,0.0099009900990099,results/crc_pdo_dense_resolution_plateau/RANDOM_CONTROL_16_24_32.csv,2131e3325c877d12db3905faa7986c5088e9b378,5d95b5c7f5a4aa7b3b8b00223025e44f18700af017ee4d7cc9693fdb84d20852,Dimension-matched random-subspace controls; 100 frozen draws per k.
Figure6,d,random_PG_macro_k16_draw75,PG_macro,random k=16,0.0047461402945745,,,0.0099009900990099,results/crc_pdo_dense_resolution_plateau/RANDOM_CONTROL_16_24_32.csv,2131e3325c877d12db3905faa7986c5088e9b378,5d95b5c7f5a4aa7b3b8b00223025e44f18700af017ee4d7cc9693fdb84d20852,Dimension-matched random-subspace controls; 100 frozen draws per k.
Figure6,d,random_g_func_k16_draw75,g_func,random k=16,0.0028398118940853,,,0.0099009900990099,results/crc_pdo_dense_resolution_plateau/RANDOM_CONTROL_16_24_32.csv,2131e3325c877d12db3905faa7986c5088e9b378,5d95b5c7f5a4aa7b3b8b00223025e44f18700af017ee4d7cc9693fdb84d20852,Dimension-matched random-subspace controls; 100 frozen draws per k.
Figure6,d,random_PG_macro_k16_draw76,PG_macro,random k=16,0.0029322644538397,,,0.0099009900990099,results/crc_pdo_dense_resolution_plateau/RANDOM_CONTROL_16_24_32.csv,2131e3325c877d12db3905faa7986c5088e9b378,5d95b5c7f5a4aa7b3b8b00223025e44f18700af017ee4d7cc9693fdb84d20852,Dimension-matched random-subspace controls; 100 frozen draws per k.
Figure6,d,random_g_func_k16_draw76,g_func,random k=16,0.0074610702469406,,,0.0099009900990099,results/crc_pdo_dense_resolution_plateau/RANDOM_CONTROL_16_24_32.csv,2131e3325c877d12db3905faa7986c5088e9b378,5d95b5c7f5a4aa7b3b8b00223025e44f18700af017ee4d7cc9693fdb84d20852,Dimension-matched random-subspace controls; 100 frozen draws per k.
Figure6,d,random_PG_macro_k16_draw77,PG_macro,random k=16,0.004467292195266,,,0.0099009900990099,results/crc_pdo_dense_resolution_plateau/RANDOM_CONTROL_16_24_32.csv,2131e3325c877d12db3905faa7986c5088e9b378,5d95b5c7f5a4aa7b3b8b00223025e44f18700af017ee4d7cc9693fdb84d20852,Dimension-matched random-subspace controls; 100 frozen draws per k.
Figure6,d,random_g_func_k16_draw77,g_func,random k=16,0.0028892587828627,,,0.0099009900990099,results/crc_pdo_dense_resolution_plateau/RANDOM_CONTROL_16_24_32.csv,2131e3325c877d12db3905faa7986c5088e9b378,5d95b5c7f5a4aa7b3b8b00223025e44f18700af017ee4d7cc9693fdb84d20852,Dimension-matched random-subspace controls; 100 frozen draws per k.
Figure6,d,random_PG_macro_k16_draw78,PG_macro,random k=16,0.0044687975557702,,,0.0099009900990099,results/crc_pdo_dense_resolution_plateau/RANDOM_CONTROL_16_24_32.csv,2131e3325c877d12db3905faa7986c5088e9b378,5d95b5c7f5a4aa7b3b8b00223025e44f18700af017ee4d7cc9693fdb84d20852,Dimension-matched random-subspace controls; 100 frozen draws per k.
Figure6,d,random_g_func_k16_draw78,g_func,random k=16,0.0080402595027807,,,0.0099009900990099,results/crc_pdo_dense_resolution_plateau/RANDOM_CONTROL_16_24_32.csv,2131e3325c877d12db3905faa7986c5088e9b378,5d95b5c7f5a4aa7b3b8b00223025e44f18700af017ee4d7cc9693fdb84d20852,Dimension-matched random-subspace controls; 100 frozen draws per k.
Figure6,d,random_PG_macro_k16_draw79,PG_macro,random k=16,0.003210010055135,,,0.0099009900990099,results/crc_pdo_dense_resolution_plateau/RANDOM_CONTROL_16_24_32.csv,2131e3325c877d12db3905faa7986c5088e9b378,5d95b5c7f5a4aa7b3b8b00223025e44f18700af017ee4d7cc9693fdb84d20852,Dimension-matched random-subspace controls; 100 frozen draws per k.
Figure6,d,random_g_func_k16_draw79,g_func,random k=16,-0.0048650219295178,,,0.0099009900990099,results/crc_pdo_dense_resolution_plateau/RANDOM_CONTROL_16_24_32.csv,2131e3325c877d12db3905faa7986c5088e9b378,5d95b5c7f5a4aa7b3b8b00223025e44f18700af017ee4d7cc9693fdb84d20852,Dimension-matched random-subspace controls; 100 frozen draws per k.
Figure6,d,random_PG_macro_k16_draw80,PG_macro,random k=16,0.002931581777271,,,0.0099009900990099,results/crc_pdo_dense_resolution_plateau/RANDOM_CONTROL_16_24_32.csv,2131e3325c877d12db3905faa7986c5088e9b378,5d95b5c7f5a4aa7b3b8b00223025e44f18700af017ee4d7cc9693fdb84d20852,Dimension-matched random-subspace controls; 100 frozen draws per k.
Figure6,d,random_g_func_k16_draw80,g_func,random k=16,-0.0003818598199738,,,0.0099009900990099,results/crc_pdo_dense_resolution_plateau/RANDOM_CONTROL_16_24_32.csv,2131e3325c877d12db3905faa7986c5088e9b378,5d95b5c7f5a4aa7b3b8b00223025e44f18700af017ee4d7cc9693fdb84d20852,Dimension-matched random-subspace controls; 100 frozen draws per k.
Figure6,d,random_PG_macro_k16_draw81,PG_macro,random k=16,0.0040535766331882,,,0.0099009900990099,results/crc_pdo_dense_resolution_plateau/RANDOM_CONTROL_16_24_32.csv,2131e3325c877d12db3905faa7986c5088e9b378,5d95b5c7f5a4aa7b3b8b00223025e44f18700af017ee4d7cc9693fdb84d20852,Dimension-matched random-subspace controls; 100 frozen draws per k.
Figure6,d,random_g_func_k16_draw81,g_func,random k=16,0.0097057199124475,,,0.0099009900990099,results/crc_pdo_dense_resolution_plateau/RANDOM_CONTROL_16_24_32.csv,2131e3325c877d12db3905faa7986c5088e9b378,5d95b5c7f5a4aa7b3b8b00223025e44f18700af017ee4d7cc9693fdb84d20852,Dimension-matched random-subspace controls; 100 frozen draws per k.
Figure6,d,random_PG_macro_k16_draw82,PG_macro,random k=16,-4.717769815589715e-07,,,0.0099009900990099,results/crc_pdo_dense_resolution_plateau/RANDOM_CONTROL_16_24_32.csv,2131e3325c877d12db3905faa7986c5088e9b378,5d95b5c7f5a4aa7b3b8b00223025e44f18700af017ee4d7cc9693fdb84d20852,Dimension-matched random-subspace controls; 100 frozen draws per k.
Figure6,d,random_g_func_k16_draw82,g_func,random k=16,-0.005815386086569,,,0.0099009900990099,results/crc_pdo_dense_resolution_plateau/RANDOM_CONTROL_16_24_32.csv,2131e3325c877d12db3905faa7986c5088e9b378,5d95b5c7f5a4aa7b3b8b00223025e44f18700af017ee4d7cc9693fdb84d20852,Dimension-matched random-subspace controls; 100 frozen draws per k.
Figure6,d,random_PG_macro_k16_draw83,PG_macro,random k=16,0.0044672535261566,,,0.0099009900990099,results/crc_pdo_dense_resolution_plateau/RANDOM_CONTROL_16_24_32.csv,2131e3325c877d12db3905faa7986c5088e9b378,5d95b5c7f5a4aa7b3b8b00223025e44f18700af017ee4d7cc9693fdb84d20852,Dimension-matched random-subspace controls; 100 frozen draws per k.
Figure6,d,random_g_func_k16_draw83,g_func,random k=16,0.0032990268994856,,,0.0099009900990099,results/crc_pdo_dense_resolution_plateau/RANDOM_CONTROL_16_24_32.csv,2131e3325c877d12db3905faa7986c5088e9b378,5d95b5c7f5a4aa7b3b8b00223025e44f18700af017ee4d7cc9693fdb84d20852,Dimension-matched random-subspace controls; 100 frozen draws per k.
Figure6,d,random_PG_macro_k16_draw84,PG_macro,random k=16,0.0066994341824101,,,0.0099009900990099,results/crc_pdo_dense_resolution_plateau/RANDOM_CONTROL_16_24_32.csv,2131e3325c877d12db3905faa7986c5088e9b378,5d95b5c7f5a4aa7b3b8b00223025e44f18700af017ee4d7cc9693fdb84d20852,Dimension-matched random-subspace controls; 100 frozen draws per k.
Figure6,d,random_g_func_k16_draw84,g_func,random k=16,0.0029777894569201,,,0.0099009900990099,results/crc_pdo_dense_resolution_plateau/RANDOM_CONTROL_16_24_32.csv,2131e3325c877d12db3905faa7986c5088e9b378,5d95b5c7f5a4aa7b3b8b00223025e44f18700af017ee4d7cc9693fdb84d20852,Dimension-matched random-subspace controls; 100 frozen draws per k.
Figure6,d,random_PG_macro_k16_draw85,PG_macro,random k=16,0.0036269811455405,,,0.0099009900990099,results/crc_pdo_dense_resolution_plateau/RANDOM_CONTROL_16_24_32.csv,2131e3325c877d12db3905faa7986c5088e9b378,5d95b5c7f5a4aa7b3b8b00223025e44f18700af017ee4d7cc9693fdb84d20852,Dimension-matched random-subspace controls; 100 frozen draws per k.
Figure6,d,random_g_func_k16_draw85,g_func,random k=16,0.0031449607127155,,,0.0099009900990099,results/crc_pdo_dense_resolution_plateau/RANDOM_CONTROL_16_24_32.csv,2131e3325c877d12db3905faa7986c5088e9b378,5d95b5c7f5a4aa7b3b8b00223025e44f18700af017ee4d7cc9693fdb84d20852,Dimension-matched random-subspace controls; 100 frozen draws per k.
Figure6,d,random_PG_macro_k16_draw86,PG_macro,random k=16,-0.0051458621427325,,,0.0099009900990099,results/crc_pdo_dense_resolution_plateau/RANDOM_CONTROL_16_24_32.csv,2131e3325c877d12db3905faa7986c5088e9b378,5d95b5c7f5a4aa7b3b8b00223025e44f18700af017ee4d7cc9693fdb84d20852,Dimension-matched random-subspace controls; 100 frozen draws per k.
Figure6,d,random_g_func_k16_draw86,g_func,random k=16,-0.0727291446853026,,,0.0099009900990099,results/crc_pdo_dense_resolution_plateau/RANDOM_CONTROL_16_24_32.csv,2131e3325c877d12db3905faa7986c5088e9b378,5d95b5c7f5a4aa7b3b8b00223025e44f18700af017ee4d7cc9693fdb84d20852,Dimension-matched random-subspace controls; 100 frozen draws per k.
Figure6,d,random_PG_macro_k16_draw87,PG_macro,random k=16,0.0033542022774954,,,0.0099009900990099,results/crc_pdo_dense_resolution_plateau/RANDOM_CONTROL_16_24_32.csv,2131e3325c877d12db3905faa7986c5088e9b378,5d95b5c7f5a4aa7b3b8b00223025e44f18700af017ee4d7cc9693fdb84d20852,Dimension-matched random-subspace controls; 100 frozen draws per k.
Figure6,d,random_g_func_k16_draw87,g_func,random k=16,0.0084516511176528,,,0.0099009900990099,results/crc_pdo_dense_resolution_plateau/RANDOM_CONTROL_16_24_32.csv,2131e3325c877d12db3905faa7986c5088e9b378,5d95b5c7f5a4aa7b3b8b00223025e44f18700af017ee4d7cc9693fdb84d20852,Dimension-matched random-subspace controls; 100 frozen draws per k.
Figure6,d,random_PG_macro_k16_draw88,PG_macro,random k=16,0.0012533656555653,,,0.0099009900990099,results/crc_pdo_dense_resolution_plateau/RANDOM_CONTROL_16_24_32.csv,2131e3325c877d12db3905faa7986c5088e9b378,5d95b5c7f5a4aa7b3b8b00223025e44f18700af017ee4d7cc9693fdb84d20852,Dimension-matched random-subspace controls; 100 frozen draws per k.
Figure6,d,random_g_func_k16_draw88,g_func,random k=16,0.0054713935704755,,,0.0099009900990099,results/crc_pdo_dense_resolution_plateau/RANDOM_CONTROL_16_24_32.csv,2131e3325c877d12db3905faa7986c5088e9b378,5d95b5c7f5a4aa7b3b8b00223025e44f18700af017ee4d7cc9693fdb84d20852,Dimension-matched random-subspace controls; 100 frozen draws per k.
Figure6,d,random_PG_macro_k16_draw89,PG_macro,random k=16,0.0040502144101391,,,0.0099009900990099,results/crc_pdo_dense_resolution_plateau/RANDOM_CONTROL_16_24_32.csv,2131e3325c877d12db3905faa7986c5088e9b378,5d95b5c7f5a4aa7b3b8b00223025e44f18700af017ee4d7cc9693fdb84d20852,Dimension-matched random-subspace controls; 100 frozen draws per k.
Figure6,d,random_g_func_k16_draw89,g_func,random k=16,0.0040365965886424,,,0.0099009900990099,results/crc_pdo_dense_resolution_plateau/RANDOM_CONTROL_16_24_32.csv,2131e3325c877d12db3905faa7986c5088e9b378,5d95b5c7f5a4aa7b3b8b00223025e44f18700af017ee4d7cc9693fdb84d20852,Dimension-matched random-subspace controls; 100 frozen draws per k.
Figure6,d,random_PG_macro_k16_draw90,PG_macro,random k=16,0.0032134756954937,,,0.0099009900990099,results/crc_pdo_dense_resolution_plateau/RANDOM_CONTROL_16_24_32.csv,2131e3325c877d12db3905faa7986c5088e9b378,5d95b5c7f5a4aa7b3b8b00223025e44f18700af017ee4d7cc9693fdb84d20852,Dimension-matched random-subspace controls; 100 frozen draws per k.
Figure6,d,random_g_func_k16_draw90,g_func,random k=16,-0.000276633153762,,,0.0099009900990099,results/crc_pdo_dense_resolution_plateau/RANDOM_CONTROL_16_24_32.csv,2131e3325c877d12db3905faa7986c5088e9b378,5d95b5c7f5a4aa7b3b8b00223025e44f18700af017ee4d7cc9693fdb84d20852,Dimension-matched random-subspace controls; 100 frozen draws per k.
Figure6,d,random_PG_macro_k16_draw91,PG_macro,random k=16,0.0022362182033162,,,0.0099009900990099,results/crc_pdo_dense_resolution_plateau/RANDOM_CONTROL_16_24_32.csv,2131e3325c877d12db3905faa7986c5088e9b378,5d95b5c7f5a4aa7b3b8b00223025e44f18700af017ee4d7cc9693fdb84d20852,Dimension-matched random-subspace controls; 100 frozen draws per k.
Figure6,d,random_g_func_k16_draw91,g_func,random k=16,-0.0221003061687801,,,0.0099009900990099,results/crc_pdo_dense_resolution_plateau/RANDOM_CONTROL_16_24_32.csv,2131e3325c877d12db3905faa7986c5088e9b378,5d95b5c7f5a4aa7b3b8b00223025e44f18700af017ee4d7cc9693fdb84d20852,Dimension-matched random-subspace controls; 100 frozen draws per k.
Figure6,d,random_PG_macro_k16_draw92,PG_macro,random k=16,0.0025124239412883,,,0.0099009900990099,results/crc_pdo_dense_resolution_plateau/RANDOM_CONTROL_16_24_32.csv,2131e3325c877d12db3905faa7986c5088e9b378,5d95b5c7f5a4aa7b3b8b00223025e44f18700af017ee4d7cc9693fdb84d20852,Dimension-matched random-subspace controls; 100 frozen draws per k.
Figure6,d,random_g_func_k16_draw92,g_func,random k=16,0.0093101543791053,,,0.0099009900990099,results/crc_pdo_dense_resolution_plateau/RANDOM_CONTROL_16_24_32.csv,2131e3325c877d12db3905faa7986c5088e9b378,5d95b5c7f5a4aa7b3b8b00223025e44f18700af017ee4d7cc9693fdb84d20852,Dimension-matched random-subspace controls; 100 frozen draws per k.
Figure6,d,random_PG_macro_k16_draw93,PG_macro,random k=16,0.006002676493902,,,0.0099009900990099,results/crc_pdo_dense_resolution_plateau/RANDOM_CONTROL_16_24_32.csv,2131e3325c877d12db3905faa7986c5088e9b378,5d95b5c7f5a4aa7b3b8b00223025e44f18700af017ee4d7cc9693fdb84d20852,Dimension-matched random-subspace controls; 100 frozen draws per k.
Figure6,d,random_g_func_k16_draw93,g_func,random k=16,-0.0160292717941672,,,0.0099009900990099,results/crc_pdo_dense_resolution_plateau/RANDOM_CONTROL_16_24_32.csv,2131e3325c877d12db3905faa7986c5088e9b378,5d95b5c7f5a4aa7b3b8b00223025e44f18700af017ee4d7cc9693fdb84d20852,Dimension-matched random-subspace controls; 100 frozen draws per k.
Figure6,d,random_PG_macro_k16_draw94,PG_macro,random k=16,0.0033555145760696,,,0.0099009900990099,results/crc_pdo_dense_resolution_plateau/RANDOM_CONTROL_16_24_32.csv,2131e3325c877d12db3905faa7986c5088e9b378,5d95b5c7f5a4aa7b3b8b00223025e44f18700af017ee4d7cc9693fdb84d20852,Dimension-matched random-subspace controls; 100 frozen draws per k.
Figure6,d,random_g_func_k16_draw94,g_func,random k=16,-0.0024550788432045,,,0.0099009900990099,results/crc_pdo_dense_resolution_plateau/RANDOM_CONTROL_16_24_32.csv,2131e3325c877d12db3905faa7986c5088e9b378,5d95b5c7f5a4aa7b3b8b00223025e44f18700af017ee4d7cc9693fdb84d20852,Dimension-matched random-subspace controls; 100 frozen draws per k.
Figure6,d,random_PG_macro_k16_draw95,PG_macro,random k=16,0.0080937621071593,,,0.0099009900990099,results/crc_pdo_dense_resolution_plateau/RANDOM_CONTROL_16_24_32.csv,2131e3325c877d12db3905faa7986c5088e9b378,5d95b5c7f5a4aa7b3b8b00223025e44f18700af017ee4d7cc9693fdb84d20852,Dimension-matched random-subspace controls; 100 frozen draws per k.
Figure6,d,random_g_func_k16_draw95,g_func,random k=16,0.0118147494157631,,,0.0099009900990099,results/crc_pdo_dense_resolution_plateau/RANDOM_CONTROL_16_24_32.csv,2131e3325c877d12db3905faa7986c5088e9b378,5d95b5c7f5a4aa7b3b8b00223025e44f18700af017ee4d7cc9693fdb84d20852,Dimension-matched random-subspace controls; 100 frozen draws per k.
Figure6,d,random_PG_macro_k16_draw96,PG_macro,random k=16,0.0032164444598058,,,0.0099009900990099,results/crc_pdo_dense_resolution_plateau/RANDOM_CONTROL_16_24_32.csv,2131e3325c877d12db3905faa7986c5088e9b378,5d95b5c7f5a4aa7b3b8b00223025e44f18700af017ee4d7cc9693fdb84d20852,Dimension-matched random-subspace controls; 100 frozen draws per k.
Figure6,d,random_g_func_k16_draw96,g_func,random k=16,-0.0022516059183161,,,0.0099009900990099,results/crc_pdo_dense_resolution_plateau/RANDOM_CONTROL_16_24_32.csv,2131e3325c877d12db3905faa7986c5088e9b378,5d95b5c7f5a4aa7b3b8b00223025e44f18700af017ee4d7cc9693fdb84d20852,Dimension-matched random-subspace controls; 100 frozen draws per k.
Figure6,d,random_PG_macro_k16_draw97,PG_macro,random k=16,0.0020888083341811,,,0.0099009900990099,results/crc_pdo_dense_resolution_plateau/RANDOM_CONTROL_16_24_32.csv,2131e3325c877d12db3905faa7986c5088e9b378,5d95b5c7f5a4aa7b3b8b00223025e44f18700af017ee4d7cc9693fdb84d20852,Dimension-matched random-subspace controls; 100 frozen draws per k.
Figure6,d,random_g_func_k16_draw97,g_func,random k=16,-0.0004707902450005,,,0.0099009900990099,results/crc_pdo_dense_resolution_plateau/RANDOM_CONTROL_16_24_32.csv,2131e3325c877d12db3905faa7986c5088e9b378,5d95b5c7f5a4aa7b3b8b00223025e44f18700af017ee4d7cc9693fdb84d20852,Dimension-matched random-subspace controls; 100 frozen draws per k.
Figure6,d,random_PG_macro_k16_draw98,PG_macro,random k=16,0.0044639375172414,,,0.0099009900990099,results/crc_pdo_dense_resolution_plateau/RANDOM_CONTROL_16_24_32.csv,2131e3325c877d12db3905faa7986c5088e9b378,5d95b5c7f5a4aa7b3b8b00223025e44f18700af017ee4d7cc9693fdb84d20852,Dimension-matched random-subspace controls; 100 frozen draws per k.
Figure6,d,random_g_func_k16_draw98,g_func,random k=16,0.0009408063906658,,,0.0099009900990099,results/crc_pdo_dense_resolution_plateau/RANDOM_CONTROL_16_24_32.csv,2131e3325c877d12db3905faa7986c5088e9b378,5d95b5c7f5a4aa7b3b8b00223025e44f18700af017ee4d7cc9693fdb84d20852,Dimension-matched random-subspace controls; 100 frozen draws per k.
Figure6,d,random_PG_macro_k16_draw99,PG_macro,random k=16,0.0030768287995454,,,0.0099009900990099,results/crc_pdo_dense_resolution_plateau/RANDOM_CONTROL_16_24_32.csv,2131e3325c877d12db3905faa7986c5088e9b378,5d95b5c7f5a4aa7b3b8b00223025e44f18700af017ee4d7cc9693fdb84d20852,Dimension-matched random-subspace controls; 100 frozen draws per k.
Figure6,d,random_g_func_k16_draw99,g_func,random k=16,-0.0028434950244302,,,0.0099009900990099,results/crc_pdo_dense_resolution_plateau/RANDOM_CONTROL_16_24_32.csv,2131e3325c877d12db3905faa7986c5088e9b378,5d95b5c7f5a4aa7b3b8b00223025e44f18700af017ee4d7cc9693fdb84d20852,Dimension-matched random-subspace controls; 100 frozen draws per k.
Figure6,d,random_PG_macro_k24_draw0,PG_macro,random k=24,0.0083721812648861,,,0.0099009900990099,results/crc_pdo_dense_resolution_plateau/RANDOM_CONTROL_16_24_32.csv,2131e3325c877d12db3905faa7986c5088e9b378,5d95b5c7f5a4aa7b3b8b00223025e44f18700af017ee4d7cc9693fdb84d20852,Dimension-matched random-subspace controls; 100 frozen draws per k.
Figure6,d,random_g_func_k24_draw0,g_func,random k=24,0.0054700938631391,,,0.0099009900990099,results/crc_pdo_dense_resolution_plateau/RANDOM_CONTROL_16_24_32.csv,2131e3325c877d12db3905faa7986c5088e9b378,5d95b5c7f5a4aa7b3b8b00223025e44f18700af017ee4d7cc9693fdb84d20852,Dimension-matched random-subspace controls; 100 frozen draws per k.
Figure6,d,random_PG_macro_k24_draw1,PG_macro,random k=24,0.0050179325807872,,,0.0099009900990099,results/crc_pdo_dense_resolution_plateau/RANDOM_CONTROL_16_24_32.csv,2131e3325c877d12db3905faa7986c5088e9b378,5d95b5c7f5a4aa7b3b8b00223025e44f18700af017ee4d7cc9693fdb84d20852,Dimension-matched random-subspace controls; 100 frozen draws per k.
Figure6,d,random_g_func_k24_draw1,g_func,random k=24,0.0060484628416407,,,0.0099009900990099,results/crc_pdo_dense_resolution_plateau/RANDOM_CONTROL_16_24_32.csv,2131e3325c877d12db3905faa7986c5088e9b378,5d95b5c7f5a4aa7b3b8b00223025e44f18700af017ee4d7cc9693fdb84d20852,Dimension-matched random-subspace controls; 100 frozen draws per k.
Figure6,d,random_PG_macro_k24_draw2,PG_macro,random k=24,0.0057418068111603,,,0.0099009900990099,results/crc_pdo_dense_resolution_plateau/RANDOM_CONTROL_16_24_32.csv,2131e3325c877d12db3905faa7986c5088e9b378,5d95b5c7f5a4aa7b3b8b00223025e44f18700af017ee4d7cc9693fdb84d20852,Dimension-matched random-subspace controls; 100 frozen draws per k.
Figure6,d,random_g_func_k24_draw2,g_func,random k=24,0.0109867090849894,,,0.0099009900990099,results/crc_pdo_dense_resolution_plateau/RANDOM_CONTROL_16_24_32.csv,2131e3325c877d12db3905faa7986c5088e9b378,5d95b5c7f5a4aa7b3b8b00223025e44f18700af017ee4d7cc9693fdb84d20852,Dimension-matched random-subspace controls; 100 frozen draws per k.
Figure6,d,random_PG_macro_k24_draw3,PG_macro,random k=24,0.0019568503453101,,,0.0099009900990099,results/crc_pdo_dense_resolution_plateau/RANDOM_CONTROL_16_24_32.csv,2131e3325c877d12db3905faa7986c5088e9b378,5d95b5c7f5a4aa7b3b8b00223025e44f18700af017ee4d7cc9693fdb84d20852,Dimension-matched random-subspace controls; 100 frozen draws per k.
Figure6,d,random_g_func_k24_draw3,g_func,random k=24,-0.017091061064496,,,0.0099009900990099,results/crc_pdo_dense_resolution_plateau/RANDOM_CONTROL_16_24_32.csv,2131e3325c877d12db3905faa7986c5088e9b378,5d95b5c7f5a4aa7b3b8b00223025e44f18700af017ee4d7cc9693fdb84d20852,Dimension-matched random-subspace controls; 100 frozen draws per k.
Figure6,d,random_PG_macro_k24_draw4,PG_macro,random k=24,0.0019602389310668,,,0.0099009900990099,results/crc_pdo_dense_resolution_plateau/RANDOM_CONTROL_16_24_32.csv,2131e3325c877d12db3905faa7986c5088e9b378,5d95b5c7f5a4aa7b3b8b00223025e44f18700af017ee4d7cc9693fdb84d20852,Dimension-matched random-subspace controls; 100 frozen draws per k.
Figure6,d,random_g_func_k24_draw4,g_func,random k=24,-0.0049087320911158,,,0.0099009900990099,results/crc_pdo_dense_resolution_plateau/RANDOM_CONTROL_16_24_32.csv,2131e3325c877d12db3905faa7986c5088e9b378,5d95b5c7f5a4aa7b3b8b00223025e44f18700af017ee4d7cc9693fdb84d20852,Dimension-matched random-subspace controls; 100 frozen draws per k.
Figure6,d,random_PG_macro_k24_draw5,PG_macro,random k=24,0.0055758439364291,,,0.0099009900990099,results/crc_pdo_dense_resolution_plateau/RANDOM_CONTROL_16_24_32.csv,2131e3325c877d12db3905faa7986c5088e9b378,5d95b5c7f5a4aa7b3b8b00223025e44f18700af017ee4d7cc9693fdb84d20852,Dimension-matched random-subspace controls; 100 frozen draws per k.
Figure6,d,random_g_func_k24_draw5,g_func,random k=24,0.0092453681826042,,,0.0099009900990099,results/crc_pdo_dense_resolution_plateau/RANDOM_CONTROL_16_24_32.csv,2131e3325c877d12db3905faa7986c5088e9b378,5d95b5c7f5a4aa7b3b8b00223025e44f18700af017ee4d7cc9693fdb84d20852,Dimension-matched random-subspace controls; 100 frozen draws per k.
Figure6,d,random_PG_macro_k24_draw6,PG_macro,random k=24,-3.139419677378613e-06,,,0.0099009900990099,results/crc_pdo_dense_resolution_plateau/RANDOM_CONTROL_16_24_32.csv,2131e3325c877d12db3905faa7986c5088e9b378,5d95b5c7f5a4aa7b3b8b00223025e44f18700af017ee4d7cc9693fdb84d20852,Dimension-matched random-subspace controls; 100 frozen draws per k.
Figure6,d,random_g_func_k24_draw6,g_func,random k=24,-0.0344638991869119,,,0.0099009900990099,results/crc_pdo_dense_resolution_plateau/RANDOM_CONTROL_16_24_32.csv,2131e3325c877d12db3905faa7986c5088e9b378,5d95b5c7f5a4aa7b3b8b00223025e44f18700af017ee4d7cc9693fdb84d20852,Dimension-matched random-subspace controls; 100 frozen draws per k.
Figure6,d,random_PG_macro_k24_draw7,PG_macro,random k=24,0.0001519345668454,,,0.0099009900990099,results/crc_pdo_dense_resolution_plateau/RANDOM_CONTROL_16_24_32.csv,2131e3325c877d12db3905faa7986c5088e9b378,5d95b5c7f5a4aa7b3b8b00223025e44f18700af017ee4d7cc9693fdb84d20852,Dimension-matched random-subspace controls; 100 frozen draws per k.
Figure6,d,random_g_func_k24_draw7,g_func,random k=24,-0.0242015487044366,,,0.0099009900990099,results/crc_pdo_dense_resolution_plateau/RANDOM_CONTROL_16_24_32.csv,2131e3325c877d12db3905faa7986c5088e9b378,5d95b5c7f5a4aa7b3b8b00223025e44f18700af017ee4d7cc9693fdb84d20852,Dimension-matched random-subspace controls; 100 frozen draws per k.
Figure6,d,random_PG_macro_k24_draw8,PG_macro,random k=24,0.0029381925787101,,,0.0099009900990099,results/crc_pdo_dense_resolution_plateau/RANDOM_CONTROL_16_24_32.csv,2131e3325c877d12db3905faa7986c5088e9b378,5d95b5c7f5a4aa7b3b8b00223025e44f18700af017ee4d7cc9693fdb84d20852,Dimension-matched random-subspace controls; 100 frozen draws per k.
Figure6,d,random_g_func_k24_draw8,g_func,random k=24,0.0083418914406232,,,0.0099009900990099,results/crc_pdo_dense_resolution_plateau/RANDOM_CONTROL_16_24_32.csv,2131e3325c877d12db3905faa7986c5088e9b378,5d95b5c7f5a4aa7b3b8b00223025e44f18700af017ee4d7cc9693fdb84d20852,Dimension-matched random-subspace controls; 100 frozen draws per k.
Figure6,d,random_PG_macro_k24_draw9,PG_macro,random k=24,-0.0027755113012223,,,0.0099009900990099,results/crc_pdo_dense_resolution_plateau/RANDOM_CONTROL_16_24_32.csv,2131e3325c877d12db3905faa7986c5088e9b378,5d95b5c7f5a4aa7b3b8b00223025e44f18700af017ee4d7cc9693fdb84d20852,Dimension-matched random-subspace controls; 100 frozen draws per k.
Figure6,d,random_g_func_k24_draw9,g_func,random k=24,-0.0114562344280511,,,0.0099009900990099,results/crc_pdo_dense_resolution_plateau/RANDOM_CONTROL_16_24_32.csv,2131e3325c877d12db3905faa7986c5088e9b378,5d95b5c7f5a4aa7b3b8b00223025e44f18700af017ee4d7cc9693fdb84d20852,Dimension-matched random-subspace controls; 100 frozen draws per k.
Figure6,d,random_PG_macro_k24_draw10,PG_macro,random k=24,0.0041839693760543,,,0.0099009900990099,results/crc_pdo_dense_resolution_plateau/RANDOM_CONTROL_16_24_32.csv,2131e3325c877d12db3905faa7986c5088e9b378,5d95b5c7f5a4aa7b3b8b00223025e44f18700af017ee4d7cc9693fdb84d20852,Dimension-matched random-subspace controls; 100 frozen draws per k.
Figure6,d,random_g_func_k24_draw10,g_func,random k=24,-0.0012669861882812,,,0.0099009900990099,results/crc_pdo_dense_resolution_plateau/RANDOM_CONTROL_16_24_32.csv,2131e3325c877d12db3905faa7986c5088e9b378,5d95b5c7f5a4aa7b3b8b00223025e44f18700af017ee4d7cc9693fdb84d20852,Dimension-matched random-subspace controls; 100 frozen draws per k.
Figure6,d,random_PG_macro_k24_draw11,PG_macro,random k=24,0.0004216680185936,,,0.0099009900990099,results/crc_pdo_dense_resolution_plateau/RANDOM_CONTROL_16_24_32.csv,2131e3325c877d12db3905faa7986c5088e9b378,5d95b5c7f5a4aa7b3b8b00223025e44f18700af017ee4d7cc9693fdb84d20852,Dimension-matched random-subspace controls; 100 frozen draws per k.
Figure6,d,random_g_func_k24_draw11,g_func,random k=24,-0.0023106219117976,,,0.0099009900990099,results/crc_pdo_dense_resolution_plateau/RANDOM_CONTROL_16_24_32.csv,2131e3325c877d12db3905faa7986c5088e9b378,5d95b5c7f5a4aa7b3b8b00223025e44f18700af017ee4d7cc9693fdb84d20852,Dimension-matched random-subspace controls; 100 frozen draws per k.
Figure6,d,random_PG_macro_k24_draw12,PG_macro,random k=24,0.0044723750371665,,,0.0099009900990099,results/crc_pdo_dense_resolution_plateau/RANDOM_CONTROL_16_24_32.csv,2131e3325c877d12db3905faa7986c5088e9b378,5d95b5c7f5a4aa7b3b8b00223025e44f18700af017ee4d7cc9693fdb84d20852,Dimension-matched random-subspace controls; 100 frozen draws per k.
Figure6,d,random_g_func_k24_draw12,g_func,random k=24,0.0026301924486225,,,0.0099009900990099,results/crc_pdo_dense_resolution_plateau/RANDOM_CONTROL_16_24_32.csv,2131e3325c877d12db3905faa7986c5088e9b378,5d95b5c7f5a4aa7b3b8b00223025e44f18700af017ee4d7cc9693fdb84d20852,Dimension-matched random-subspace controls; 100 frozen draws per k.
Figure6,d,random_PG_macro_k24_draw13,PG_macro,random k=24,0.0041862474426868,,,0.0099009900990099,results/crc_pdo_dense_resolution_plateau/RANDOM_CONTROL_16_24_32.csv,2131e3325c877d12db3905faa7986c5088e9b378,5d95b5c7f5a4aa7b3b8b00223025e44f18700af017ee4d7cc9693fdb84d20852,Dimension-matched random-subspace controls; 100 frozen draws per k.
Figure6,d,random_g_func_k24_draw13,g_func,random k=24,-0.0177857854149174,,,0.0099009900990099,results/crc_pdo_dense_resolution_plateau/RANDOM_CONTROL_16_24_32.csv,2131e3325c877d12db3905faa7986c5088e9b378,5d95b5c7f5a4aa7b3b8b00223025e44f18700af017ee4d7cc9693fdb84d20852,Dimension-matched random-subspace controls; 100 frozen draws per k.
Figure6,d,random_PG_macro_k24_draw14,PG_macro,random k=24,0.007260910520577,,,0.0099009900990099,results/crc_pdo_dense_resolution_plateau/RANDOM_CONTROL_16_24_32.csv,2131e3325c877d12db3905faa7986c5088e9b378,5d95b5c7f5a4aa7b3b8b00223025e44f18700af017ee4d7cc9693fdb84d20852,Dimension-matched random-subspace controls; 100 frozen draws per k.
Figure6,d,random_g_func_k24_draw14,g_func,random k=24,0.0085039252609837,,,0.0099009900990099,results/crc_pdo_dense_resolution_plateau/RANDOM_CONTROL_16_24_32.csv,2131e3325c877d12db3905faa7986c5088e9b378,5d95b5c7f5a4aa7b3b8b00223025e44f18700af017ee4d7cc9693fdb84d20852,Dimension-matched random-subspace controls; 100 frozen draws per k.
Figure6,d,random_PG_macro_k24_draw15,PG_macro,random k=24,0.0051573371489908,,,0.0099009900990099,results/crc_pdo_dense_resolution_plateau/RANDOM_CONTROL_16_24_32.csv,2131e3325c877d12db3905faa7986c5088e9b378,5d95b5c7f5a4aa7b3b8b00223025e44f18700af017ee4d7cc9693fdb84d20852,Dimension-matched random-subspace controls; 100 frozen draws per k.
Figure6,d,random_g_func_k24_draw15,g_func,random k=24,0.0091671211390916,,,0.0099009900990099,results/crc_pdo_dense_resolution_plateau/RANDOM_CONTROL_16_24_32.csv,2131e3325c877d12db3905faa7986c5088e9b378,5d95b5c7f5a4aa7b3b8b00223025e44f18700af017ee4d7cc9693fdb84d20852,Dimension-matched random-subspace controls; 100 frozen draws per k.
Figure6,d,random_PG_macro_k24_draw16,PG_macro,random k=24,0.0023669616606667,,,0.0099009900990099,results/crc_pdo_dense_resolution_plateau/RANDOM_CONTROL_16_24_32.csv,2131e3325c877d12db3905faa7986c5088e9b378,5d95b5c7f5a4aa7b3b8b00223025e44f18700af017ee4d7cc9693fdb84d20852,Dimension-matched random-subspace controls; 100 frozen draws per k.
Figure6,d,random_g_func_k24_draw16,g_func,random k=24,0.0031132067454732,,,0.0099009900990099,results/crc_pdo_dense_resolution_plateau/RANDOM_CONTROL_16_24_32.csv,2131e3325c877d12db3905faa7986c5088e9b378,5d95b5c7f5a4aa7b3b8b00223025e44f18700af017ee4d7cc9693fdb84d20852,Dimension-matched random-subspace controls; 100 frozen draws per k.
Figure6,d,random_PG_macro_k24_draw17,PG_macro,random k=24,0.0050302697276466,,,0.0099009900990099,results/crc_pdo_dense_resolution_plateau/RANDOM_CONTROL_16_24_32.csv,2131e3325c877d12db3905faa7986c5088e9b378,5d95b5c7f5a4aa7b3b8b00223025e44f18700af017ee4d7cc9693fdb84d20852,Dimension-matched random-subspace controls; 100 frozen draws per k.
Figure6,d,random_g_func_k24_draw17,g_func,random k=24,0.0037323591028598,,,0.0099009900990099,results/crc_pdo_dense_resolution_plateau/RANDOM_CONTROL_16_24_32.csv,2131e3325c877d12db3905faa7986c5088e9b378,5d95b5c7f5a4aa7b3b8b00223025e44f18700af017ee4d7cc9693fdb84d20852,Dimension-matched random-subspace controls; 100 frozen draws per k.
Figure6,d,random_PG_macro_k24_draw18,PG_macro,random k=24,0.0050252029558211,,,0.0099009900990099,results/crc_pdo_dense_resolution_plateau/RANDOM_CONTROL_16_24_32.csv,2131e3325c877d12db3905faa7986c5088e9b378,5d95b5c7f5a4aa7b3b8b00223025e44f18700af017ee4d7cc9693fdb84d20852,Dimension-matched random-subspace controls; 100 frozen draws per k.
Figure6,d,random_g_func_k24_draw18,g_func,random k=24,0.0035597691843884,,,0.0099009900990099,results/crc_pdo_dense_resolution_plateau/RANDOM_CONTROL_16_24_32.csv,2131e3325c877d12db3905faa7986c5088e9b378,5d95b5c7f5a4aa7b3b8b00223025e44f18700af017ee4d7cc9693fdb84d20852,Dimension-matched random-subspace controls; 100 frozen draws per k.
Figure6,d,random_PG_macro_k24_draw19,PG_macro,random k=24,0.0027988181545654,,,0.0099009900990099,results/crc_pdo_dense_resolution_plateau/RANDOM_CONTROL_16_24_32.csv,2131e3325c877d12db3905faa7986c5088e9b378,5d95b5c7f5a4aa7b3b8b00223025e44f18700af017ee4d7cc9693fdb84d20852,Dimension-matched random-subspace controls; 100 frozen draws per k.
Figure6,d,random_g_func_k24_draw19,g_func,random k=24,-0.0083242568064456,,,0.0099009900990099,results/crc_pdo_dense_resolution_plateau/RANDOM_CONTROL_16_24_32.csv,2131e3325c877d12db3905faa7986c5088e9b378,5d95b5c7f5a4aa7b3b8b00223025e44f18700af017ee4d7cc9693fdb84d20852,Dimension-matched random-subspace controls; 100 frozen draws per k.
Figure6,d,random_PG_macro_k24_draw20,PG_macro,random k=24,0.0036263153266031,,,0.0099009900990099,results/crc_pdo_dense_resolution_plateau/RANDOM_CONTROL_16_24_32.csv,2131e3325c877d12db3905faa7986c5088e9b378,5d95b5c7f5a4aa7b3b8b00223025e44f18700af017ee4d7cc9693fdb84d20852,Dimension-matched random-subspace controls; 100 frozen draws per k.
Figure6,d,random_g_func_k24_draw20,g_func,random k=24,-0.001648931316355,,,0.0099009900990099,results/crc_pdo_dense_resolution_plateau/RANDOM_CONTROL_16_24_32.csv,2131e3325c877d12db3905faa7986c5088e9b378,5d95b5c7f5a4aa7b3b8b00223025e44f18700af017ee4d7cc9693fdb84d20852,Dimension-matched random-subspace controls; 100 frozen draws per k.
Figure6,d,random_PG_macro_k24_draw21,PG_macro,random k=24,0.0026477062716554,,,0.0099009900990099,results/crc_pdo_dense_resolution_plateau/RANDOM_CONTROL_16_24_32.csv,2131e3325c877d12db3905faa7986c5088e9b378,5d95b5c7f5a4aa7b3b8b00223025e44f18700af017ee4d7cc9693fdb84d20852,Dimension-matched random-subspace controls; 100 frozen draws per k.
Figure6,d,random_g_func_k24_draw21,g_func,random k=24,0.0017464117370999,,,0.0099009900990099,results/crc_pdo_dense_resolution_plateau/RANDOM_CONTROL_16_24_32.csv,2131e3325c877d12db3905faa7986c5088e9b378,5d95b5c7f5a4aa7b3b8b00223025e44f18700af017ee4d7cc9693fdb84d20852,Dimension-matched random-subspace controls; 100 frozen draws per k.
Figure6,d,random_PG_macro_k24_draw22,PG_macro,random k=24,0.00167429963714,,,0.0099009900990099,results/crc_pdo_dense_resolution_plateau/RANDOM_CONTROL_16_24_32.csv,2131e3325c877d12db3905faa7986c5088e9b378,5d95b5c7f5a4aa7b3b8b00223025e44f18700af017ee4d7cc9693fdb84d20852,Dimension-matched random-subspace controls; 100 frozen draws per k.
Figure6,d,random_g_func_k24_draw22,g_func,random k=24,-2.698235395648396e-05,,,0.0099009900990099,results/crc_pdo_dense_resolution_plateau/RANDOM_CONTROL_16_24_32.csv,2131e3325c877d12db3905faa7986c5088e9b378,5d95b5c7f5a4aa7b3b8b00223025e44f18700af017ee4d7cc9693fdb84d20852,Dimension-matched random-subspace controls; 100 frozen draws per k.
Figure6,d,random_PG_macro_k24_draw23,PG_macro,random k=24,0.0051655560318346,,,0.0099009900990099,results/crc_pdo_dense_resolution_plateau/RANDOM_CONTROL_16_24_32.csv,2131e3325c877d12db3905faa7986c5088e9b378,5d95b5c7f5a4aa7b3b8b00223025e44f18700af017ee4d7cc9693fdb84d20852,Dimension-matched random-subspace controls; 100 frozen draws per k.
Figure6,d,random_g_func_k24_draw23,g_func,random k=24,-0.0008197875680184,,,0.0099009900990099,results/crc_pdo_dense_resolution_plateau/RANDOM_CONTROL_16_24_32.csv,2131e3325c877d12db3905faa7986c5088e9b378,5d95b5c7f5a4aa7b3b8b00223025e44f18700af017ee4d7cc9693fdb84d20852,Dimension-matched random-subspace controls; 100 frozen draws per k.
Figure6,d,random_PG_macro_k24_draw24,PG_macro,random k=24,0.005579275165116,,,0.0099009900990099,results/crc_pdo_dense_resolution_plateau/RANDOM_CONTROL_16_24_32.csv,2131e3325c877d12db3905faa7986c5088e9b378,5d95b5c7f5a4aa7b3b8b00223025e44f18700af017ee4d7cc9693fdb84d20852,Dimension-matched random-subspace controls; 100 frozen draws per k.
Figure6,d,random_g_func_k24_draw24,g_func,random k=24,0.0073773381727246,,,0.0099009900990099,results/crc_pdo_dense_resolution_plateau/RANDOM_CONTROL_16_24_32.csv,2131e3325c877d12db3905faa7986c5088e9b378,5d95b5c7f5a4aa7b3b8b00223025e44f18700af017ee4d7cc9693fdb84d20852,Dimension-matched random-subspace controls; 100 frozen draws per k.
Figure6,d,random_PG_macro_k24_draw25,PG_macro,random k=24,-0.0012544337419069,,,0.0099009900990099,results/crc_pdo_dense_resolution_plateau/RANDOM_CONTROL_16_24_32.csv,2131e3325c877d12db3905faa7986c5088e9b378,5d95b5c7f5a4aa7b3b8b00223025e44f18700af017ee4d7cc9693fdb84d20852,Dimension-matched random-subspace controls; 100 frozen draws per k.
Figure6,d,random_g_func_k24_draw25,g_func,random k=24,-0.0065814866566549,,,0.0099009900990099,results/crc_pdo_dense_resolution_plateau/RANDOM_CONTROL_16_24_32.csv,2131e3325c877d12db3905faa7986c5088e9b378,5d95b5c7f5a4aa7b3b8b00223025e44f18700af017ee4d7cc9693fdb84d20852,Dimension-matched random-subspace controls; 100 frozen draws per k.
Figure6,d,random_PG_macro_k24_draw26,PG_macro,random k=24,-0.0048727014361182,,,0.0099009900990099,results/crc_pdo_dense_resolution_plateau/RANDOM_CONTROL_16_24_32.csv,2131e3325c877d12db3905faa7986c5088e9b378,5d95b5c7f5a4aa7b3b8b00223025e44f18700af017ee4d7cc9693fdb84d20852,Dimension-matched random-subspace controls; 100 frozen draws per k.
Figure6,d,random_g_func_k24_draw26,g_func,random k=24,-0.1263431780819197,,,0.0099009900990099,results/crc_pdo_dense_resolution_plateau/RANDOM_CONTROL_16_24_32.csv,2131e3325c877d12db3905faa7986c5088e9b378,5d95b5c7f5a4aa7b3b8b00223025e44f18700af017ee4d7cc9693fdb84d20852,Dimension-matched random-subspace controls; 100 frozen draws per k.
Figure6,d,random_PG_macro_k24_draw27,PG_macro,random k=24,0.0026528537604338,,,0.0099009900990099,results/crc_pdo_dense_resolution_plateau/RANDOM_CONTROL_16_24_32.csv,2131e3325c877d12db3905faa7986c5088e9b378,5d95b5c7f5a4aa7b3b8b00223025e44f18700af017ee4d7cc9693fdb84d20852,Dimension-matched random-subspace controls; 100 frozen draws per k.
Figure6,d,random_g_func_k24_draw27,g_func,random k=24,0.0074380441230108,,,0.0099009900990099,results/crc_pdo_dense_resolution_plateau/RANDOM_CONTROL_16_24_32.csv,2131e3325c877d12db3905faa7986c5088e9b378,5d95b5c7f5a4aa7b3b8b00223025e44f18700af017ee4d7cc9693fdb84d20852,Dimension-matched random-subspace controls; 100 frozen draws per k.
Figure6,d,random_PG_macro_k24_draw28,PG_macro,random k=24,0.0041831972650128,,,0.0099009900990099,results/crc_pdo_dense_resolution_plateau/RANDOM_CONTROL_16_24_32.csv,2131e3325c877d12db3905faa7986c5088e9b378,5d95b5c7f5a4aa7b3b8b00223025e44f18700af017ee4d7cc9693fdb84d20852,Dimension-matched random-subspace controls; 100 frozen draws per k.
Figure6,d,random_g_func_k24_draw28,g_func,random k=24,0.0053808542946324,,,0.0099009900990099,results/crc_pdo_dense_resolution_plateau/RANDOM_CONTROL_16_24_32.csv,2131e3325c877d12db3905faa7986c5088e9b378,5d95b5c7f5a4aa7b3b8b00223025e44f18700af017ee4d7cc9693fdb84d20852,Dimension-matched random-subspace controls; 100 frozen draws per k.
Figure6,d,random_PG_macro_k24_draw29,PG_macro,random k=24,0.0033434353304876,,,0.0099009900990099,results/crc_pdo_dense_resolution_plateau/RANDOM_CONTROL_16_24_32.csv,2131e3325c877d12db3905faa7986c5088e9b378,5d95b5c7f5a4aa7b3b8b00223025e44f18700af017ee4d7cc9693fdb84d20852,Dimension-matched random-subspace controls; 100 frozen draws per k.
Figure6,d,random_g_func_k24_draw29,g_func,random k=24,0.0022266386280004,,,0.0099009900990099,results/crc_pdo_dense_resolution_plateau/RANDOM_CONTROL_16_24_32.csv,2131e3325c877d12db3905faa7986c5088e9b378,5d95b5c7f5a4aa7b3b8b00223025e44f18700af017ee4d7cc9693fdb84d20852,Dimension-matched random-subspace controls; 100 frozen draws per k.
Figure6,d,random_PG_macro_k24_draw30,PG_macro,random k=24,0.0036344406086836,,,0.0099009900990099,results/crc_pdo_dense_resolution_plateau/RANDOM_CONTROL_16_24_32.csv,2131e3325c877d12db3905faa7986c5088e9b378,5d95b5c7f5a4aa7b3b8b00223025e44f18700af017ee4d7cc9693fdb84d20852,Dimension-matched random-subspace controls; 100 frozen draws per k.
Figure6,d,random_g_func_k24_draw30,g_func,random k=24,-0.001989084189135,,,0.0099009900990099,results/crc_pdo_dense_resolution_plateau/RANDOM_CONTROL_16_24_32.csv,2131e3325c877d12db3905faa7986c5088e9b378,5d95b5c7f5a4aa7b3b8b00223025e44f18700af017ee4d7cc9693fdb84d20852,Dimension-matched random-subspace controls; 100 frozen draws per k.
Figure6,d,random_PG_macro_k24_draw31,PG_macro,random k=24,0.0048853178931159,,,0.0099009900990099,results/crc_pdo_dense_resolution_plateau/RANDOM_CONTROL_16_24_32.csv,2131e3325c877d12db3905faa7986c5088e9b378,5d95b5c7f5a4aa7b3b8b00223025e44f18700af017ee4d7cc9693fdb84d20852,Dimension-matched random-subspace controls; 100 frozen draws per k.
Figure6,d,random_g_func_k24_draw31,g_func,random k=24,0.0018381676284191,,,0.0099009900990099,results/crc_pdo_dense_resolution_plateau/RANDOM_CONTROL_16_24_32.csv,2131e3325c877d12db3905faa7986c5088e9b378,5d95b5c7f5a4aa7b3b8b00223025e44f18700af017ee4d7cc9693fdb84d20852,Dimension-matched random-subspace controls; 100 frozen draws per k.
Figure6,d,random_PG_macro_k24_draw32,PG_macro,random k=24,0.0040425565462802,,,0.0099009900990099,results/crc_pdo_dense_resolution_plateau/RANDOM_CONTROL_16_24_32.csv,2131e3325c877d12db3905faa7986c5088e9b378,5d95b5c7f5a4aa7b3b8b00223025e44f18700af017ee4d7cc9693fdb84d20852,Dimension-matched random-subspace controls; 100 frozen draws per k.
Figure6,d,random_g_func_k24_draw32,g_func,random k=24,0.0006911945789253,,,0.0099009900990099,results/crc_pdo_dense_resolution_plateau/RANDOM_CONTROL_16_24_32.csv,2131e3325c877d12db3905faa7986c5088e9b378,5d95b5c7f5a4aa7b3b8b00223025e44f18700af017ee4d7cc9693fdb84d20852,Dimension-matched random-subspace controls; 100 frozen draws per k.
Figure6,d,random_PG_macro_k24_draw33,PG_macro,random k=24,0.0064179521556683,,,0.0099009900990099,results/crc_pdo_dense_resolution_plateau/RANDOM_CONTROL_16_24_32.csv,2131e3325c877d12db3905faa7986c5088e9b378,5d95b5c7f5a4aa7b3b8b00223025e44f18700af017ee4d7cc9693fdb84d20852,Dimension-matched random-subspace controls; 100 frozen draws per k.
Figure6,d,random_g_func_k24_draw33,g_func,random k=24,-0.0002887361089423,,,0.0099009900990099,results/crc_pdo_dense_resolution_plateau/RANDOM_CONTROL_16_24_32.csv,2131e3325c877d12db3905faa7986c5088e9b378,5d95b5c7f5a4aa7b3b8b00223025e44f18700af017ee4d7cc9693fdb84d20852,Dimension-matched random-subspace controls; 100 frozen draws per k.
Figure6,d,random_PG_macro_k24_draw34,PG_macro,random k=24,0.0078083594295615,,,0.0099009900990099,results/crc_pdo_dense_resolution_plateau/RANDOM_CONTROL_16_24_32.csv,2131e3325c877d12db3905faa7986c5088e9b378,5d95b5c7f5a4aa7b3b8b00223025e44f18700af017ee4d7cc9693fdb84d20852,Dimension-matched random-subspace controls; 100 frozen draws per k.
Figure6,d,random_g_func_k24_draw34,g_func,random k=24,0.0050943354330046,,,0.0099009900990099,results/crc_pdo_dense_resolution_plateau/RANDOM_CONTROL_16_24_32.csv,2131e3325c877d12db3905faa7986c5088e9b378,5d95b5c7f5a4aa7b3b8b00223025e44f18700af017ee4d7cc9693fdb84d20852,Dimension-matched random-subspace controls; 100 frozen draws per k.
Figure6,d,random_PG_macro_k24_draw35,PG_macro,random k=24,0.0060011788708919,,,0.0099009900990099,results/crc_pdo_dense_resolution_plateau/RANDOM_CONTROL_16_24_32.csv,2131e3325c877d12db3905faa7986c5088e9b378,5d95b5c7f5a4aa7b3b8b00223025e44f18700af017ee4d7cc9693fdb84d20852,Dimension-matched random-subspace controls; 100 frozen draws per k.
Figure6,d,random_g_func_k24_draw35,g_func,random k=24,0.006020474363064,,,0.0099009900990099,results/crc_pdo_dense_resolution_plateau/RANDOM_CONTROL_16_24_32.csv,2131e3325c877d12db3905faa7986c5088e9b378,5d95b5c7f5a4aa7b3b8b00223025e44f18700af017ee4d7cc9693fdb84d20852,Dimension-matched random-subspace controls; 100 frozen draws per k.
Figure6,d,random_PG_macro_k24_draw36,PG_macro,random k=24,0.0004325208288706,,,0.0099009900990099,results/crc_pdo_dense_resolution_plateau/RANDOM_CONTROL_16_24_32.csv,2131e3325c877d12db3905faa7986c5088e9b378,5d95b5c7f5a4aa7b3b8b00223025e44f18700af017ee4d7cc9693fdb84d20852,Dimension-matched random-subspace controls; 100 frozen draws per k.
Figure6,d,random_g_func_k24_draw36,g_func,random k=24,-0.0121584273405219,,,0.0099009900990099,results/crc_pdo_dense_resolution_plateau/RANDOM_CONTROL_16_24_32.csv,2131e3325c877d12db3905faa7986c5088e9b378,5d95b5c7f5a4aa7b3b8b00223025e44f18700af017ee4d7cc9693fdb84d20852,Dimension-matched random-subspace controls; 100 frozen draws per k.
Figure6,d,random_PG_macro_k24_draw37,PG_macro,random k=24,0.0002848325384758,,,0.0099009900990099,results/crc_pdo_dense_resolution_plateau/RANDOM_CONTROL_16_24_32.csv,2131e3325c877d12db3905faa7986c5088e9b378,5d95b5c7f5a4aa7b3b8b00223025e44f18700af017ee4d7cc9693fdb84d20852,Dimension-matched random-subspace controls; 100 frozen draws per k.
Figure6,d,random_g_func_k24_draw37,g_func,random k=24,-0.0417481604188612,,,0.0099009900990099,results/crc_pdo_dense_resolution_plateau/RANDOM_CONTROL_16_24_32.csv,2131e3325c877d12db3905faa7986c5088e9b378,5d95b5c7f5a4aa7b3b8b00223025e44f18700af017ee4d7cc9693fdb84d20852,Dimension-matched random-subspace controls; 100 frozen draws per k.
Figure6,d,random_PG_macro_k24_draw38,PG_macro,random k=24,0.0015313173950705,,,0.0099009900990099,results/crc_pdo_dense_resolution_plateau/RANDOM_CONTROL_16_24_32.csv,2131e3325c877d12db3905faa7986c5088e9b378,5d95b5c7f5a4aa7b3b8b00223025e44f18700af017ee4d7cc9693fdb84d20852,Dimension-matched random-subspace controls; 100 frozen draws per k.
Figure6,d,random_g_func_k24_draw38,g_func,random k=24,0.0032806044781844,,,0.0099009900990099,results/crc_pdo_dense_resolution_plateau/RANDOM_CONTROL_16_24_32.csv,2131e3325c877d12db3905faa7986c5088e9b378,5d95b5c7f5a4aa7b3b8b00223025e44f18700af017ee4d7cc9693fdb84d20852,Dimension-matched random-subspace controls; 100 frozen draws per k.
Figure6,d,random_PG_macro_k24_draw39,PG_macro,random k=24,-0.0013873267596906,,,0.0099009900990099,results/crc_pdo_dense_resolution_plateau/RANDOM_CONTROL_16_24_32.csv,2131e3325c877d12db3905faa7986c5088e9b378,5d95b5c7f5a4aa7b3b8b00223025e44f18700af017ee4d7cc9693fdb84d20852,Dimension-matched random-subspace controls; 100 frozen draws per k.
Figure6,d,random_g_func_k24_draw39,g_func,random k=24,-0.0260719523634114,,,0.0099009900990099,results/crc_pdo_dense_resolution_plateau/RANDOM_CONTROL_16_24_32.csv,2131e3325c877d12db3905faa7986c5088e9b378,5d95b5c7f5a4aa7b3b8b00223025e44f18700af017ee4d7cc9693fdb84d20852,Dimension-matched random-subspace controls; 100 frozen draws per k.
Figure6,d,random_PG_macro_k24_draw40,PG_macro,random k=24,0.0026520641966742,,,0.0099009900990099,results/crc_pdo_dense_resolution_plateau/RANDOM_CONTROL_16_24_32.csv,2131e3325c877d12db3905faa7986c5088e9b378,5d95b5c7f5a4aa7b3b8b00223025e44f18700af017ee4d7cc9693fdb84d20852,Dimension-matched random-subspace controls; 100 frozen draws per k.
Figure6,d,random_g_func_k24_draw40,g_func,random k=24,-0.0018373829119786,,,0.0099009900990099,results/crc_pdo_dense_resolution_plateau/RANDOM_CONTROL_16_24_32.csv,2131e3325c877d12db3905faa7986c5088e9b378,5d95b5c7f5a4aa7b3b8b00223025e44f18700af017ee4d7cc9693fdb84d20852,Dimension-matched random-subspace controls; 100 frozen draws per k.
Figure6,d,random_PG_macro_k24_draw41,PG_macro,random k=24,0.0019494077397983,,,0.0099009900990099,results/crc_pdo_dense_resolution_plateau/RANDOM_CONTROL_16_24_32.csv,2131e3325c877d12db3905faa7986c5088e9b378,5d95b5c7f5a4aa7b3b8b00223025e44f18700af017ee4d7cc9693fdb84d20852,Dimension-matched random-subspace controls; 100 frozen draws per k.
Figure6,d,random_g_func_k24_draw41,g_func,random k=24,0.0050209001691192,,,0.0099009900990099,results/crc_pdo_dense_resolution_plateau/RANDOM_CONTROL_16_24_32.csv,2131e3325c877d12db3905faa7986c5088e9b378,5d95b5c7f5a4aa7b3b8b00223025e44f18700af017ee4d7cc9693fdb84d20852,Dimension-matched random-subspace controls; 100 frozen draws per k.
Figure6,d,random_PG_macro_k24_draw42,PG_macro,random k=24,0.0057229613001456,,,0.0099009900990099,results/crc_pdo_dense_resolution_plateau/RANDOM_CONTROL_16_24_32.csv,2131e3325c877d12db3905faa7986c5088e9b378,5d95b5c7f5a4aa7b3b8b00223025e44f18700af017ee4d7cc9693fdb84d20852,Dimension-matched random-subspace controls; 100 frozen draws per k.
Figure6,d,random_g_func_k24_draw42,g_func,random k=24,0.0059516130976501,,,0.0099009900990099,results/crc_pdo_dense_resolution_plateau/RANDOM_CONTROL_16_24_32.csv,2131e3325c877d12db3905faa7986c5088e9b378,5d95b5c7f5a4aa7b3b8b00223025e44f18700af017ee4d7cc9693fdb84d20852,Dimension-matched random-subspace controls; 100 frozen draws per k.
Figure6,d,random_PG_macro_k24_draw43,PG_macro,random k=24,0.0029400325836237,,,0.0099009900990099,results/crc_pdo_dense_resolution_plateau/RANDOM_CONTROL_16_24_32.csv,2131e3325c877d12db3905faa7986c5088e9b378,5d95b5c7f5a4aa7b3b8b00223025e44f18700af017ee4d7cc9693fdb84d20852,Dimension-matched random-subspace controls; 100 frozen draws per k.
Figure6,d,random_g_func_k24_draw43,g_func,random k=24,0.0051476630778937,,,0.0099009900990099,results/crc_pdo_dense_resolution_plateau/RANDOM_CONTROL_16_24_32.csv,2131e3325c877d12db3905faa7986c5088e9b378,5d95b5c7f5a4aa7b3b8b00223025e44f18700af017ee4d7cc9693fdb84d20852,Dimension-matched random-subspace controls; 100 frozen draws per k.
Figure6,d,random_PG_macro_k24_draw44,PG_macro,random k=24,0.0055864176290373,,,0.0099009900990099,results/crc_pdo_dense_resolution_plateau/RANDOM_CONTROL_16_24_32.csv,2131e3325c877d12db3905faa7986c5088e9b378,5d95b5c7f5a4aa7b3b8b00223025e44f18700af017ee4d7cc9693fdb84d20852,Dimension-matched random-subspace controls; 100 frozen draws per k.
Figure6,d,random_g_func_k24_draw44,g_func,random k=24,0.0034461779179935,,,0.0099009900990099,results/crc_pdo_dense_resolution_plateau/RANDOM_CONTROL_16_24_32.csv,2131e3325c877d12db3905faa7986c5088e9b378,5d95b5c7f5a4aa7b3b8b00223025e44f18700af017ee4d7cc9693fdb84d20852,Dimension-matched random-subspace controls; 100 frozen draws per k.
Figure6,d,random_PG_macro_k24_draw45,PG_macro,random k=24,0.0051616952664791,,,0.0099009900990099,results/crc_pdo_dense_resolution_plateau/RANDOM_CONTROL_16_24_32.csv,2131e3325c877d12db3905faa7986c5088e9b378,5d95b5c7f5a4aa7b3b8b00223025e44f18700af017ee4d7cc9693fdb84d20852,Dimension-matched random-subspace controls; 100 frozen draws per k.
Figure6,d,random_g_func_k24_draw45,g_func,random k=24,0.0039282632234542,,,0.0099009900990099,results/crc_pdo_dense_resolution_plateau/RANDOM_CONTROL_16_24_32.csv,2131e3325c877d12db3905faa7986c5088e9b378,5d95b5c7f5a4aa7b3b8b00223025e44f18700af017ee4d7cc9693fdb84d20852,Dimension-matched random-subspace controls; 100 frozen draws per k.
Figure6,d,random_PG_macro_k24_draw46,PG_macro,random k=24,0.0064220493957622,,,0.0099009900990099,results/crc_pdo_dense_resolution_plateau/RANDOM_CONTROL_16_24_32.csv,2131e3325c877d12db3905faa7986c5088e9b378,5d95b5c7f5a4aa7b3b8b00223025e44f18700af017ee4d7cc9693fdb84d20852,Dimension-matched random-subspace controls; 100 frozen draws per k.
Figure6,d,random_g_func_k24_draw46,g_func,random k=24,0.0018308815689291,,,0.0099009900990099,results/crc_pdo_dense_resolution_plateau/RANDOM_CONTROL_16_24_32.csv,2131e3325c877d12db3905faa7986c5088e9b378,5d95b5c7f5a4aa7b3b8b00223025e44f18700af017ee4d7cc9693fdb84d20852,Dimension-matched random-subspace controls; 100 frozen draws per k.
Figure6,d,random_PG_macro_k24_draw47,PG_macro,random k=24,0.0041813572600992,,,0.0099009900990099,results/crc_pdo_dense_resolution_plateau/RANDOM_CONTROL_16_24_32.csv,2131e3325c877d12db3905faa7986c5088e9b378,5d95b5c7f5a4aa7b3b8b00223025e44f18700af017ee4d7cc9693fdb84d20852,Dimension-matched random-subspace controls; 100 frozen draws per k.
Figure6,d,random_g_func_k24_draw47,g_func,random k=24,0.0035013097474051,,,0.0099009900990099,results/crc_pdo_dense_resolution_plateau/RANDOM_CONTROL_16_24_32.csv,2131e3325c877d12db3905faa7986c5088e9b378,5d95b5c7f5a4aa7b3b8b00223025e44f18700af017ee4d7cc9693fdb84d20852,Dimension-matched random-subspace controls; 100 frozen draws per k.
Figure6,d,random_PG_macro_k24_draw48,PG_macro,random k=24,0.0029367258873152,,,0.0099009900990099,results/crc_pdo_dense_resolution_plateau/RANDOM_CONTROL_16_24_32.csv,2131e3325c877d12db3905faa7986c5088e9b378,5d95b5c7f5a4aa7b3b8b00223025e44f18700af017ee4d7cc9693fdb84d20852,Dimension-matched random-subspace controls; 100 frozen draws per k.
Figure6,d,random_g_func_k24_draw48,g_func,random k=24,-0.0129444248297232,,,0.0099009900990099,results/crc_pdo_dense_resolution_plateau/RANDOM_CONTROL_16_24_32.csv,2131e3325c877d12db3905faa7986c5088e9b378,5d95b5c7f5a4aa7b3b8b00223025e44f18700af017ee4d7cc9693fdb84d20852,Dimension-matched random-subspace controls; 100 frozen draws per k.
Figure6,d,random_PG_macro_k24_draw49,PG_macro,random k=24,0.0066940730103971,,,0.0099009900990099,results/crc_pdo_dense_resolution_plateau/RANDOM_CONTROL_16_24_32.csv,2131e3325c877d12db3905faa7986c5088e9b378,5d95b5c7f5a4aa7b3b8b00223025e44f18700af017ee4d7cc9693fdb84d20852,Dimension-matched random-subspace controls; 100 frozen draws per k.
Figure6,d,random_g_func_k24_draw49,g_func,random k=24,-0.0183219074513378,,,0.0099009900990099,results/crc_pdo_dense_resolution_plateau/RANDOM_CONTROL_16_24_32.csv,2131e3325c877d12db3905faa7986c5088e9b378,5d95b5c7f5a4aa7b3b8b00223025e44f18700af017ee4d7cc9693fdb84d20852,Dimension-matched random-subspace controls; 100 frozen draws per k.
Figure6,d,random_PG_macro_k24_draw50,PG_macro,random k=24,0.0032084701918118,,,0.0099009900990099,results/crc_pdo_dense_resolution_plateau/RANDOM_CONTROL_16_24_32.csv,2131e3325c877d12db3905faa7986c5088e9b378,5d95b5c7f5a4aa7b3b8b00223025e44f18700af017ee4d7cc9693fdb84d20852,Dimension-matched random-subspace controls; 100 frozen draws per k.
Figure6,d,random_g_func_k24_draw50,g_func,random k=24,-0.0007789296402607,,,0.0099009900990099,results/crc_pdo_dense_resolution_plateau/RANDOM_CONTROL_16_24_32.csv,2131e3325c877d12db3905faa7986c5088e9b378,5d95b5c7f5a4aa7b3b8b00223025e44f18700af017ee4d7cc9693fdb84d20852,Dimension-matched random-subspace controls; 100 frozen draws per k.
Figure6,d,random_PG_macro_k24_draw51,PG_macro,random k=24,0.0079507755063298,,,0.0099009900990099,results/crc_pdo_dense_resolution_plateau/RANDOM_CONTROL_16_24_32.csv,2131e3325c877d12db3905faa7986c5088e9b378,5d95b5c7f5a4aa7b3b8b00223025e44f18700af017ee4d7cc9693fdb84d20852,Dimension-matched random-subspace controls; 100 frozen draws per k.
Figure6,d,random_g_func_k24_draw51,g_func,random k=24,0.0092931518840337,,,0.0099009900990099,results/crc_pdo_dense_resolution_plateau/RANDOM_CONTROL_16_24_32.csv,2131e3325c877d12db3905faa7986c5088e9b378,5d95b5c7f5a4aa7b3b8b00223025e44f18700af017ee4d7cc9693fdb84d20852,Dimension-matched random-subspace controls; 100 frozen draws per k.
Figure6,d,random_PG_macro_k24_draw52,PG_macro,random k=24,0.0006975347533963,,,0.0099009900990099,results/crc_pdo_dense_resolution_plateau/RANDOM_CONTROL_16_24_32.csv,2131e3325c877d12db3905faa7986c5088e9b378,5d95b5c7f5a4aa7b3b8b00223025e44f18700af017ee4d7cc9693fdb84d20852,Dimension-matched random-subspace controls; 100 frozen draws per k.
Figure6,d,random_g_func_k24_draw52,g_func,random k=24,-0.0022328573822723,,,0.0099009900990099,results/crc_pdo_dense_resolution_plateau/RANDOM_CONTROL_16_24_32.csv,2131e3325c877d12db3905faa7986c5088e9b378,5d95b5c7f5a4aa7b3b8b00223025e44f18700af017ee4d7cc9693fdb84d20852,Dimension-matched random-subspace controls; 100 frozen draws per k.
Figure6,d,random_PG_macro_k24_draw53,PG_macro,random k=24,0.0057165177753376,,,0.0099009900990099,results/crc_pdo_dense_resolution_plateau/RANDOM_CONTROL_16_24_32.csv,2131e3325c877d12db3905faa7986c5088e9b378,5d95b5c7f5a4aa7b3b8b00223025e44f18700af017ee4d7cc9693fdb84d20852,Dimension-matched random-subspace controls; 100 frozen draws per k.
Figure6,d,random_g_func_k24_draw53,g_func,random k=24,0.0045134128491219,,,0.0099009900990099,results/crc_pdo_dense_resolution_plateau/RANDOM_CONTROL_16_24_32.csv,2131e3325c877d12db3905faa7986c5088e9b378,5d95b5c7f5a4aa7b3b8b00223025e44f18700af017ee4d7cc9693fdb84d20852,Dimension-matched random-subspace controls; 100 frozen draws per k.
Figure6,d,random_PG_macro_k24_draw54,PG_macro,random k=24,-0.002919485078971,,,0.0099009900990099,results/crc_pdo_dense_resolution_plateau/RANDOM_CONTROL_16_24_32.csv,2131e3325c877d12db3905faa7986c5088e9b378,5d95b5c7f5a4aa7b3b8b00223025e44f18700af017ee4d7cc9693fdb84d20852,Dimension-matched random-subspace controls; 100 frozen draws per k.
Figure6,d,random_g_func_k24_draw54,g_func,random k=24,-0.0513236433527264,,,0.0099009900990099,results/crc_pdo_dense_resolution_plateau/RANDOM_CONTROL_16_24_32.csv,2131e3325c877d12db3905faa7986c5088e9b378,5d95b5c7f5a4aa7b3b8b00223025e44f18700af017ee4d7cc9693fdb84d20852,Dimension-matched random-subspace controls; 100 frozen draws per k.
Figure6,d,random_PG_macro_k24_draw55,PG_macro,random k=24,0.0052974112998051,,,0.0099009900990099,results/crc_pdo_dense_resolution_plateau/RANDOM_CONTROL_16_24_32.csv,2131e3325c877d12db3905faa7986c5088e9b378,5d95b5c7f5a4aa7b3b8b00223025e44f18700af017ee4d7cc9693fdb84d20852,Dimension-matched random-subspace controls; 100 frozen draws per k.
Figure6,d,random_g_func_k24_draw55,g_func,random k=24,0.0014009506948137,,,0.0099009900990099,results/crc_pdo_dense_resolution_plateau/RANDOM_CONTROL_16_24_32.csv,2131e3325c877d12db3905faa7986c5088e9b378,5d95b5c7f5a4aa7b3b8b00223025e44f18700af017ee4d7cc9693fdb84d20852,Dimension-matched random-subspace controls; 100 frozen draws per k.
Figure6,d,random_PG_macro_k24_draw56,PG_macro,random k=24,0.0026554103496483,,,0.0099009900990099,results/crc_pdo_dense_resolution_plateau/RANDOM_CONTROL_16_24_32.csv,2131e3325c877d12db3905faa7986c5088e9b378,5d95b5c7f5a4aa7b3b8b00223025e44f18700af017ee4d7cc9693fdb84d20852,Dimension-matched random-subspace controls; 100 frozen draws per k.
Figure6,d,random_g_func_k24_draw56,g_func,random k=24,-0.0034393377948029,,,0.0099009900990099,results/crc_pdo_dense_resolution_plateau/RANDOM_CONTROL_16_24_32.csv,2131e3325c877d12db3905faa7986c5088e9b378,5d95b5c7f5a4aa7b3b8b00223025e44f18700af017ee4d7cc9693fdb84d20852,Dimension-matched random-subspace controls; 100 frozen draws per k.
Figure6,d,random_PG_macro_k24_draw57,PG_macro,random k=24,0.0061369167156959,,,0.0099009900990099,results/crc_pdo_dense_resolution_plateau/RANDOM_CONTROL_16_24_32.csv,2131e3325c877d12db3905faa7986c5088e9b378,5d95b5c7f5a4aa7b3b8b00223025e44f18700af017ee4d7cc9693fdb84d20852,Dimension-matched random-subspace controls; 100 frozen draws per k.
Figure6,d,random_g_func_k24_draw57,g_func,random k=24,0.0028167464155068,,,0.0099009900990099,results/crc_pdo_dense_resolution_plateau/RANDOM_CONTROL_16_24_32.csv,2131e3325c877d12db3905faa7986c5088e9b378,5d95b5c7f5a4aa7b3b8b00223025e44f18700af017ee4d7cc9693fdb84d20852,Dimension-matched random-subspace controls; 100 frozen draws per k.
Figure6,d,random_PG_macro_k24_draw58,PG_macro,random k=24,0.006136160867199,,,0.0099009900990099,results/crc_pdo_dense_resolution_plateau/RANDOM_CONTROL_16_24_32.csv,2131e3325c877d12db3905faa7986c5088e9b378,5d95b5c7f5a4aa7b3b8b00223025e44f18700af017ee4d7cc9693fdb84d20852,Dimension-matched random-subspace controls; 100 frozen draws per k.
Figure6,d,random_g_func_k24_draw58,g_func,random k=24,0.0047513230211967,,,0.0099009900990099,results/crc_pdo_dense_resolution_plateau/RANDOM_CONTROL_16_24_32.csv,2131e3325c877d12db3905faa7986c5088e9b378,5d95b5c7f5a4aa7b3b8b00223025e44f18700af017ee4d7cc9693fdb84d20852,Dimension-matched random-subspace controls; 100 frozen draws per k.
Figure6,d,random_PG_macro_k24_draw59,PG_macro,random k=24,0.002935841935236,,,0.0099009900990099,results/crc_pdo_dense_resolution_plateau/RANDOM_CONTROL_16_24_32.csv,2131e3325c877d12db3905faa7986c5088e9b378,5d95b5c7f5a4aa7b3b8b00223025e44f18700af017ee4d7cc9693fdb84d20852,Dimension-matched random-subspace controls; 100 frozen draws per k.
Figure6,d,random_g_func_k24_draw59,g_func,random k=24,-0.0136610373295853,,,0.0099009900990099,results/crc_pdo_dense_resolution_plateau/RANDOM_CONTROL_16_24_32.csv,2131e3325c877d12db3905faa7986c5088e9b378,5d95b5c7f5a4aa7b3b8b00223025e44f18700af017ee4d7cc9693fdb84d20852,Dimension-matched random-subspace controls; 100 frozen draws per k.
Figure6,d,random_PG_macro_k24_draw60,PG_macro,random k=24,0.0025086615380734,,,0.0099009900990099,results/crc_pdo_dense_resolution_plateau/RANDOM_CONTROL_16_24_32.csv,2131e3325c877d12db3905faa7986c5088e9b378,5d95b5c7f5a4aa7b3b8b00223025e44f18700af017ee4d7cc9693fdb84d20852,Dimension-matched random-subspace controls; 100 frozen draws per k.
Figure6,d,random_g_func_k24_draw60,g_func,random k=24,-0.0107861229245294,,,0.0099009900990099,results/crc_pdo_dense_resolution_plateau/RANDOM_CONTROL_16_24_32.csv,2131e3325c877d12db3905faa7986c5088e9b378,5d95b5c7f5a4aa7b3b8b00223025e44f18700af017ee4d7cc9693fdb84d20852,Dimension-matched random-subspace controls; 100 frozen draws per k.
Figure6,d,random_PG_macro_k24_draw61,PG_macro,random k=24,0.0019548002283656,,,0.0099009900990099,results/crc_pdo_dense_resolution_plateau/RANDOM_CONTROL_16_24_32.csv,2131e3325c877d12db3905faa7986c5088e9b378,5d95b5c7f5a4aa7b3b8b00223025e44f18700af017ee4d7cc9693fdb84d20852,Dimension-matched random-subspace controls; 100 frozen draws per k.
Figure6,d,random_g_func_k24_draw61,g_func,random k=24,-0.0162705376491221,,,0.0099009900990099,results/crc_pdo_dense_resolution_plateau/RANDOM_CONTROL_16_24_32.csv,2131e3325c877d12db3905faa7986c5088e9b378,5d95b5c7f5a4aa7b3b8b00223025e44f18700af017ee4d7cc9693fdb84d20852,Dimension-matched random-subspace controls; 100 frozen draws per k.
Figure6,d,random_PG_macro_k24_draw62,PG_macro,random k=24,0.0032053644873971,,,0.0099009900990099,results/crc_pdo_dense_resolution_plateau/RANDOM_CONTROL_16_24_32.csv,2131e3325c877d12db3905faa7986c5088e9b378,5d95b5c7f5a4aa7b3b8b00223025e44f18700af017ee4d7cc9693fdb84d20852,Dimension-matched random-subspace controls; 100 frozen draws per k.
Figure6,d,random_g_func_k24_draw62,g_func,random k=24,-0.0004659402678326,,,0.0099009900990099,results/crc_pdo_dense_resolution_plateau/RANDOM_CONTROL_16_24_32.csv,2131e3325c877d12db3905faa7986c5088e9b378,5d95b5c7f5a4aa7b3b8b00223025e44f18700af017ee4d7cc9693fdb84d20852,Dimension-matched random-subspace controls; 100 frozen draws per k.
Figure6,d,random_PG_macro_k24_draw63,PG_macro,random k=24,0.003908008252932,,,0.0099009900990099,results/crc_pdo_dense_resolution_plateau/RANDOM_CONTROL_16_24_32.csv,2131e3325c877d12db3905faa7986c5088e9b378,5d95b5c7f5a4aa7b3b8b00223025e44f18700af017ee4d7cc9693fdb84d20852,Dimension-matched random-subspace controls; 100 frozen draws per k.
Figure6,d,random_g_func_k24_draw63,g_func,random k=24,-0.0012453962922567,,,0.0099009900990099,results/crc_pdo_dense_resolution_plateau/RANDOM_CONTROL_16_24_32.csv,2131e3325c877d12db3905faa7986c5088e9b378,5d95b5c7f5a4aa7b3b8b00223025e44f18700af017ee4d7cc9693fdb84d20852,Dimension-matched random-subspace controls; 100 frozen draws per k.
Figure6,d,random_PG_macro_k24_draw64,PG_macro,random k=24,0.000702433653504,,,0.0099009900990099,results/crc_pdo_dense_resolution_plateau/RANDOM_CONTROL_16_24_32.csv,2131e3325c877d12db3905faa7986c5088e9b378,5d95b5c7f5a4aa7b3b8b00223025e44f18700af017ee4d7cc9693fdb84d20852,Dimension-matched random-subspace controls; 100 frozen draws per k.
Figure6,d,random_g_func_k24_draw64,g_func,random k=24,-0.0010587412667764,,,0.0099009900990099,results/crc_pdo_dense_resolution_plateau/RANDOM_CONTROL_16_24_32.csv,2131e3325c877d12db3905faa7986c5088e9b378,5d95b5c7f5a4aa7b3b8b00223025e44f18700af017ee4d7cc9693fdb84d20852,Dimension-matched random-subspace controls; 100 frozen draws per k.
Figure6,d,random_PG_macro_k24_draw65,PG_macro,random k=24,0.0037687062131593,,,0.0099009900990099,results/crc_pdo_dense_resolution_plateau/RANDOM_CONTROL_16_24_32.csv,2131e3325c877d12db3905faa7986c5088e9b378,5d95b5c7f5a4aa7b3b8b00223025e44f18700af017ee4d7cc9693fdb84d20852,Dimension-matched random-subspace controls; 100 frozen draws per k.
Figure6,d,random_g_func_k24_draw65,g_func,random k=24,-0.0007314531917299,,,0.0099009900990099,results/crc_pdo_dense_resolution_plateau/RANDOM_CONTROL_16_24_32.csv,2131e3325c877d12db3905faa7986c5088e9b378,5d95b5c7f5a4aa7b3b8b00223025e44f18700af017ee4d7cc9693fdb84d20852,Dimension-matched random-subspace controls; 100 frozen draws per k.
Figure6,d,random_PG_macro_k24_draw66,PG_macro,random k=24,-0.0031979260481758,,,0.0099009900990099,results/crc_pdo_dense_resolution_plateau/RANDOM_CONTROL_16_24_32.csv,2131e3325c877d12db3905faa7986c5088e9b378,5d95b5c7f5a4aa7b3b8b00223025e44f18700af017ee4d7cc9693fdb84d20852,Dimension-matched random-subspace controls; 100 frozen draws per k.
Figure6,d,random_g_func_k24_draw66,g_func,random k=24,-0.0382242044730682,,,0.0099009900990099,results/crc_pdo_dense_resolution_plateau/RANDOM_CONTROL_16_24_32.csv,2131e3325c877d12db3905faa7986c5088e9b378,5d95b5c7f5a4aa7b3b8b00223025e44f18700af017ee4d7cc9693fdb84d20852,Dimension-matched random-subspace controls; 100 frozen draws per k.
Figure6,d,random_PG_macro_k24_draw67,PG_macro,random k=24,0.0068454590571291,,,0.0099009900990099,results/crc_pdo_dense_resolution_plateau/RANDOM_CONTROL_16_24_32.csv,2131e3325c877d12db3905faa7986c5088e9b378,5d95b5c7f5a4aa7b3b8b00223025e44f18700af017ee4d7cc9693fdb84d20852,Dimension-matched random-subspace controls; 100 frozen draws per k.
Figure6,d,random_g_func_k24_draw67,g_func,random k=24,-0.0173004369275562,,,0.0099009900990099,results/crc_pdo_dense_resolution_plateau/RANDOM_CONTROL_16_24_32.csv,2131e3325c877d12db3905faa7986c5088e9b378,5d95b5c7f5a4aa7b3b8b00223025e44f18700af017ee4d7cc9693fdb84d20852,Dimension-matched random-subspace controls; 100 frozen draws per k.
Figure6,d,random_PG_macro_k24_draw68,PG_macro,random k=24,0.0037678821465808,,,0.0099009900990099,results/crc_pdo_dense_resolution_plateau/RANDOM_CONTROL_16_24_32.csv,2131e3325c877d12db3905faa7986c5088e9b378,5d95b5c7f5a4aa7b3b8b00223025e44f18700af017ee4d7cc9693fdb84d20852,Dimension-matched random-subspace controls; 100 frozen draws per k.
Figure6,d,random_g_func_k24_draw68,g_func,random k=24,0.0021613067648597,,,0.0099009900990099,results/crc_pdo_dense_resolution_plateau/RANDOM_CONTROL_16_24_32.csv,2131e3325c877d12db3905faa7986c5088e9b378,5d95b5c7f5a4aa7b3b8b00223025e44f18700af017ee4d7cc9693fdb84d20852,Dimension-matched random-subspace controls; 100 frozen draws per k.
Figure6,d,random_PG_macro_k24_draw69,PG_macro,random k=24,0.0058620615604683,,,0.0099009900990099,results/crc_pdo_dense_resolution_plateau/RANDOM_CONTROL_16_24_32.csv,2131e3325c877d12db3905faa7986c5088e9b378,5d95b5c7f5a4aa7b3b8b00223025e44f18700af017ee4d7cc9693fdb84d20852,Dimension-matched random-subspace controls; 100 frozen draws per k.
Figure6,d,random_g_func_k24_draw69,g_func,random k=24,0.0020177391919379,,,0.0099009900990099,results/crc_pdo_dense_resolution_plateau/RANDOM_CONTROL_16_24_32.csv,2131e3325c877d12db3905faa7986c5088e9b378,5d95b5c7f5a4aa7b3b8b00223025e44f18700af017ee4d7cc9693fdb84d20852,Dimension-matched random-subspace controls; 100 frozen draws per k.
Figure6,d,random_PG_macro_k24_draw70,PG_macro,random k=24,0.0013914364986558,,,0.0099009900990099,results/crc_pdo_dense_resolution_plateau/RANDOM_CONTROL_16_24_32.csv,2131e3325c877d12db3905faa7986c5088e9b378,5d95b5c7f5a4aa7b3b8b00223025e44f18700af017ee4d7cc9693fdb84d20852,Dimension-matched random-subspace controls; 100 frozen draws per k.
Figure6,d,random_g_func_k24_draw70,g_func,random k=24,0.0001031117634456,,,0.0099009900990099,results/crc_pdo_dense_resolution_plateau/RANDOM_CONTROL_16_24_32.csv,2131e3325c877d12db3905faa7986c5088e9b378,5d95b5c7f5a4aa7b3b8b00223025e44f18700af017ee4d7cc9693fdb84d20852,Dimension-matched random-subspace controls; 100 frozen draws per k.
Figure6,d,random_PG_macro_k24_draw71,PG_macro,random k=24,0.0061384690778904,,,0.0099009900990099,results/crc_pdo_dense_resolution_plateau/RANDOM_CONTROL_16_24_32.csv,2131e3325c877d12db3905faa7986c5088e9b378,5d95b5c7f5a4aa7b3b8b00223025e44f18700af017ee4d7cc9693fdb84d20852,Dimension-matched random-subspace controls; 100 frozen draws per k.
Figure6,d,random_g_func_k24_draw71,g_func,random k=24,0.0038658106985031,,,0.0099009900990099,results/crc_pdo_dense_resolution_plateau/RANDOM_CONTROL_16_24_32.csv,2131e3325c877d12db3905faa7986c5088e9b378,5d95b5c7f5a4aa7b3b8b00223025e44f18700af017ee4d7cc9693fdb84d20852,Dimension-matched random-subspace controls; 100 frozen draws per k.
Figure6,d,random_PG_macro_k24_draw72,PG_macro,random k=24,-0.0045969415885064,,,0.0099009900990099,results/crc_pdo_dense_resolution_plateau/RANDOM_CONTROL_16_24_32.csv,2131e3325c877d12db3905faa7986c5088e9b378,5d95b5c7f5a4aa7b3b8b00223025e44f18700af017ee4d7cc9693fdb84d20852,Dimension-matched random-subspace controls; 100 frozen draws per k.
Figure6,d,random_g_func_k24_draw72,g_func,random k=24,-0.0450516583557989,,,0.0099009900990099,results/crc_pdo_dense_resolution_plateau/RANDOM_CONTROL_16_24_32.csv,2131e3325c877d12db3905faa7986c5088e9b378,5d95b5c7f5a4aa7b3b8b00223025e44f18700af017ee4d7cc9693fdb84d20852,Dimension-matched random-subspace controls; 100 frozen draws per k.
Figure6,d,random_PG_macro_k24_draw73,PG_macro,random k=24,-3.128329313298531e-07,,,0.0099009900990099,results/crc_pdo_dense_resolution_plateau/RANDOM_CONTROL_16_24_32.csv,2131e3325c877d12db3905faa7986c5088e9b378,5d95b5c7f5a4aa7b3b8b00223025e44f18700af017ee4d7cc9693fdb84d20852,Dimension-matched random-subspace controls; 100 frozen draws per k.
Figure6,d,random_g_func_k24_draw73,g_func,random k=24,-0.03446778620548,,,0.0099009900990099,results/crc_pdo_dense_resolution_plateau/RANDOM_CONTROL_16_24_32.csv,2131e3325c877d12db3905faa7986c5088e9b378,5d95b5c7f5a4aa7b3b8b00223025e44f18700af017ee4d7cc9693fdb84d20852,Dimension-matched random-subspace controls; 100 frozen draws per k.
Figure6,d,random_PG_macro_k24_draw74,PG_macro,random k=24,0.0058664498220155,,,0.0099009900990099,results/crc_pdo_dense_resolution_plateau/RANDOM_CONTROL_16_24_32.csv,2131e3325c877d12db3905faa7986c5088e9b378,5d95b5c7f5a4aa7b3b8b00223025e44f18700af017ee4d7cc9693fdb84d20852,Dimension-matched random-subspace controls; 100 frozen draws per k.
Figure6,d,random_g_func_k24_draw74,g_func,random k=24,0.0049455618063443,,,0.0099009900990099,results/crc_pdo_dense_resolution_plateau/RANDOM_CONTROL_16_24_32.csv,2131e3325c877d12db3905faa7986c5088e9b378,5d95b5c7f5a4aa7b3b8b00223025e44f18700af017ee4d7cc9693fdb84d20852,Dimension-matched random-subspace controls; 100 frozen draws per k.
Figure6,d,random_PG_macro_k24_draw75,PG_macro,random k=24,0.0027898608759427,,,0.0099009900990099,results/crc_pdo_dense_resolution_plateau/RANDOM_CONTROL_16_24_32.csv,2131e3325c877d12db3905faa7986c5088e9b378,5d95b5c7f5a4aa7b3b8b00223025e44f18700af017ee4d7cc9693fdb84d20852,Dimension-matched random-subspace controls; 100 frozen draws per k.
Figure6,d,random_g_func_k24_draw75,g_func,random k=24,0.0048336481718573,,,0.0099009900990099,results/crc_pdo_dense_resolution_plateau/RANDOM_CONTROL_16_24_32.csv,2131e3325c877d12db3905faa7986c5088e9b378,5d95b5c7f5a4aa7b3b8b00223025e44f18700af017ee4d7cc9693fdb84d20852,Dimension-matched random-subspace controls; 100 frozen draws per k.
Figure6,d,random_PG_macro_k24_draw76,PG_macro,random k=24,0.0015356338673325,,,0.0099009900990099,results/crc_pdo_dense_resolution_plateau/RANDOM_CONTROL_16_24_32.csv,2131e3325c877d12db3905faa7986c5088e9b378,5d95b5c7f5a4aa7b3b8b00223025e44f18700af017ee4d7cc9693fdb84d20852,Dimension-matched random-subspace controls; 100 frozen draws per k.
Figure6,d,random_g_func_k24_draw76,g_func,random k=24,-0.0010874572368688,,,0.0099009900990099,results/crc_pdo_dense_resolution_plateau/RANDOM_CONTROL_16_24_32.csv,2131e3325c877d12db3905faa7986c5088e9b378,5d95b5c7f5a4aa7b3b8b00223025e44f18700af017ee4d7cc9693fdb84d20852,Dimension-matched random-subspace controls; 100 frozen draws per k.
Figure6,d,random_PG_macro_k24_draw77,PG_macro,random k=24,0.0041893103117018,,,0.0099009900990099,results/crc_pdo_dense_resolution_plateau/RANDOM_CONTROL_16_24_32.csv,2131e3325c877d12db3905faa7986c5088e9b378,5d95b5c7f5a4aa7b3b8b00223025e44f18700af017ee4d7cc9693fdb84d20852,Dimension-matched random-subspace controls; 100 frozen draws per k.
Figure6,d,random_g_func_k24_draw77,g_func,random k=24,0.0015568774244396,,,0.0099009900990099,results/crc_pdo_dense_resolution_plateau/RANDOM_CONTROL_16_24_32.csv,2131e3325c877d12db3905faa7986c5088e9b378,5d95b5c7f5a4aa7b3b8b00223025e44f18700af017ee4d7cc9693fdb84d20852,Dimension-matched random-subspace controls; 100 frozen draws per k.
Figure6,d,random_PG_macro_k24_draw78,PG_macro,random k=24,0.0036347147725055,,,0.0099009900990099,results/crc_pdo_dense_resolution_plateau/RANDOM_CONTROL_16_24_32.csv,2131e3325c877d12db3905faa7986c5088e9b378,5d95b5c7f5a4aa7b3b8b00223025e44f18700af017ee4d7cc9693fdb84d20852,Dimension-matched random-subspace controls; 100 frozen draws per k.
Figure6,d,random_g_func_k24_draw78,g_func,random k=24,-0.0299381496616393,,,0.0099009900990099,results/crc_pdo_dense_resolution_plateau/RANDOM_CONTROL_16_24_32.csv,2131e3325c877d12db3905faa7986c5088e9b378,5d95b5c7f5a4aa7b3b8b00223025e44f18700af017ee4d7cc9693fdb84d20852,Dimension-matched random-subspace controls; 100 frozen draws per k.
Figure6,d,random_PG_macro_k24_draw79,PG_macro,random k=24,0.0046063496201889,,,0.0099009900990099,results/crc_pdo_dense_resolution_plateau/RANDOM_CONTROL_16_24_32.csv,2131e3325c877d12db3905faa7986c5088e9b378,5d95b5c7f5a4aa7b3b8b00223025e44f18700af017ee4d7cc9693fdb84d20852,Dimension-matched random-subspace controls; 100 frozen draws per k.
Figure6,d,random_g_func_k24_draw79,g_func,random k=24,0.0016280518299007,,,0.0099009900990099,results/crc_pdo_dense_resolution_plateau/RANDOM_CONTROL_16_24_32.csv,2131e3325c877d12db3905faa7986c5088e9b378,5d95b5c7f5a4aa7b3b8b00223025e44f18700af017ee4d7cc9693fdb84d20852,Dimension-matched random-subspace controls; 100 frozen draws per k.
Figure6,d,random_PG_macro_k24_draw80,PG_macro,random k=24,-0.0022257976120328,,,0.0099009900990099,results/crc_pdo_dense_resolution_plateau/RANDOM_CONTROL_16_24_32.csv,2131e3325c877d12db3905faa7986c5088e9b378,5d95b5c7f5a4aa7b3b8b00223025e44f18700af017ee4d7cc9693fdb84d20852,Dimension-matched random-subspace controls; 100 frozen draws per k.
Figure6,d,random_g_func_k24_draw80,g_func,random k=24,-0.0108406193742525,,,0.0099009900990099,results/crc_pdo_dense_resolution_plateau/RANDOM_CONTROL_16_24_32.csv,2131e3325c877d12db3905faa7986c5088e9b378,5d95b5c7f5a4aa7b3b8b00223025e44f18700af017ee4d7cc9693fdb84d20852,Dimension-matched random-subspace controls; 100 frozen draws per k.
Figure6,d,random_PG_macro_k24_draw81,PG_macro,random k=24,0.0057235098202591,,,0.0099009900990099,results/crc_pdo_dense_resolution_plateau/RANDOM_CONTROL_16_24_32.csv,2131e3325c877d12db3905faa7986c5088e9b378,5d95b5c7f5a4aa7b3b8b00223025e44f18700af017ee4d7cc9693fdb84d20852,Dimension-matched random-subspace controls; 100 frozen draws per k.
Figure6,d,random_g_func_k24_draw81,g_func,random k=24,0.0022032327027251,,,0.0099009900990099,results/crc_pdo_dense_resolution_plateau/RANDOM_CONTROL_16_24_32.csv,2131e3325c877d12db3905faa7986c5088e9b378,5d95b5c7f5a4aa7b3b8b00223025e44f18700af017ee4d7cc9693fdb84d20852,Dimension-matched random-subspace controls; 100 frozen draws per k.
Figure6,d,random_PG_macro_k24_draw82,PG_macro,random k=24,0.0022281744257449,,,0.0099009900990099,results/crc_pdo_dense_resolution_plateau/RANDOM_CONTROL_16_24_32.csv,2131e3325c877d12db3905faa7986c5088e9b378,5d95b5c7f5a4aa7b3b8b00223025e44f18700af017ee4d7cc9693fdb84d20852,Dimension-matched random-subspace controls; 100 frozen draws per k.
Figure6,d,random_g_func_k24_draw82,g_func,random k=24,-0.0038230325203143,,,0.0099009900990099,results/crc_pdo_dense_resolution_plateau/RANDOM_CONTROL_16_24_32.csv,2131e3325c877d12db3905faa7986c5088e9b378,5d95b5c7f5a4aa7b3b8b00223025e44f18700af017ee4d7cc9693fdb84d20852,Dimension-matched random-subspace controls; 100 frozen draws per k.
Figure6,d,random_PG_macro_k24_draw83,PG_macro,random k=24,-0.0116949523869839,,,0.0099009900990099,results/crc_pdo_dense_resolution_plateau/RANDOM_CONTROL_16_24_32.csv,2131e3325c877d12db3905faa7986c5088e9b378,5d95b5c7f5a4aa7b3b8b00223025e44f18700af017ee4d7cc9693fdb84d20852,Dimension-matched random-subspace controls; 100 frozen draws per k.
Figure6,d,random_g_func_k24_draw83,g_func,random k=24,-0.084300910289681,,,0.0099009900990099,results/crc_pdo_dense_resolution_plateau/RANDOM_CONTROL_16_24_32.csv,2131e3325c877d12db3905faa7986c5088e9b378,5d95b5c7f5a4aa7b3b8b00223025e44f18700af017ee4d7cc9693fdb84d20852,Dimension-matched random-subspace controls; 100 frozen draws per k.
Figure6,d,random_PG_macro_k24_draw84,PG_macro,random k=24,0.0040463364022132,,,0.0099009900990099,results/crc_pdo_dense_resolution_plateau/RANDOM_CONTROL_16_24_32.csv,2131e3325c877d12db3905faa7986c5088e9b378,5d95b5c7f5a4aa7b3b8b00223025e44f18700af017ee4d7cc9693fdb84d20852,Dimension-matched random-subspace controls; 100 frozen draws per k.
Figure6,d,random_g_func_k24_draw84,g_func,random k=24,-0.0017428360123454,,,0.0099009900990099,results/crc_pdo_dense_resolution_plateau/RANDOM_CONTROL_16_24_32.csv,2131e3325c877d12db3905faa7986c5088e9b378,5d95b5c7f5a4aa7b3b8b00223025e44f18700af017ee4d7cc9693fdb84d20852,Dimension-matched random-subspace controls; 100 frozen draws per k.
Figure6,d,random_PG_macro_k24_draw85,PG_macro,random k=24,0.0051580924024011,,,0.0099009900990099,results/crc_pdo_dense_resolution_plateau/RANDOM_CONTROL_16_24_32.csv,2131e3325c877d12db3905faa7986c5088e9b378,5d95b5c7f5a4aa7b3b8b00223025e44f18700af017ee4d7cc9693fdb84d20852,Dimension-matched random-subspace controls; 100 frozen draws per k.
Figure6,d,random_g_func_k24_draw85,g_func,random k=24,0.0064291203471116,,,0.0099009900990099,results/crc_pdo_dense_resolution_plateau/RANDOM_CONTROL_16_24_32.csv,2131e3325c877d12db3905faa7986c5088e9b378,5d95b5c7f5a4aa7b3b8b00223025e44f18700af017ee4d7cc9693fdb84d20852,Dimension-matched random-subspace controls; 100 frozen draws per k.
Figure6,d,random_PG_macro_k24_draw86,PG_macro,random k=24,0.0034945297606795,,,0.0099009900990099,results/crc_pdo_dense_resolution_plateau/RANDOM_CONTROL_16_24_32.csv,2131e3325c877d12db3905faa7986c5088e9b378,5d95b5c7f5a4aa7b3b8b00223025e44f18700af017ee4d7cc9693fdb84d20852,Dimension-matched random-subspace controls; 100 frozen draws per k.
Figure6,d,random_g_func_k24_draw86,g_func,random k=24,0.0078182332393674,,,0.0099009900990099,results/crc_pdo_dense_resolution_plateau/RANDOM_CONTROL_16_24_32.csv,2131e3325c877d12db3905faa7986c5088e9b378,5d95b5c7f5a4aa7b3b8b00223025e44f18700af017ee4d7cc9693fdb84d20852,Dimension-matched random-subspace controls; 100 frozen draws per k.
Figure6,d,random_PG_macro_k24_draw87,PG_macro,random k=24,-0.0015206016160434,,,0.0099009900990099,results/crc_pdo_dense_resolution_plateau/RANDOM_CONTROL_16_24_32.csv,2131e3325c877d12db3905faa7986c5088e9b378,5d95b5c7f5a4aa7b3b8b00223025e44f18700af017ee4d7cc9693fdb84d20852,Dimension-matched random-subspace controls; 100 frozen draws per k.
Figure6,d,random_g_func_k24_draw87,g_func,random k=24,-0.0137756934160555,,,0.0099009900990099,results/crc_pdo_dense_resolution_plateau/RANDOM_CONTROL_16_24_32.csv,2131e3325c877d12db3905faa7986c5088e9b378,5d95b5c7f5a4aa7b3b8b00223025e44f18700af017ee4d7cc9693fdb84d20852,Dimension-matched random-subspace controls; 100 frozen draws per k.
Figure6,d,random_PG_macro_k24_draw88,PG_macro,random k=24,-0.0020833688439236,,,0.0099009900990099,results/crc_pdo_dense_resolution_plateau/RANDOM_CONTROL_16_24_32.csv,2131e3325c877d12db3905faa7986c5088e9b378,5d95b5c7f5a4aa7b3b8b00223025e44f18700af017ee4d7cc9693fdb84d20852,Dimension-matched random-subspace controls; 100 frozen draws per k.
Figure6,d,random_g_func_k24_draw88,g_func,random k=24,-0.0173182301279612,,,0.0099009900990099,results/crc_pdo_dense_resolution_plateau/RANDOM_CONTROL_16_24_32.csv,2131e3325c877d12db3905faa7986c5088e9b378,5d95b5c7f5a4aa7b3b8b00223025e44f18700af017ee4d7cc9693fdb84d20852,Dimension-matched random-subspace controls; 100 frozen draws per k.
Figure6,d,random_PG_macro_k24_draw89,PG_macro,random k=24,-0.0006865440229909,,,0.0099009900990099,results/crc_pdo_dense_resolution_plateau/RANDOM_CONTROL_16_24_32.csv,2131e3325c877d12db3905faa7986c5088e9b378,5d95b5c7f5a4aa7b3b8b00223025e44f18700af017ee4d7cc9693fdb84d20852,Dimension-matched random-subspace controls; 100 frozen draws per k.
Figure6,d,random_g_func_k24_draw89,g_func,random k=24,-0.0241031138836658,,,0.0099009900990099,results/crc_pdo_dense_resolution_plateau/RANDOM_CONTROL_16_24_32.csv,2131e3325c877d12db3905faa7986c5088e9b378,5d95b5c7f5a4aa7b3b8b00223025e44f18700af017ee4d7cc9693fdb84d20852,Dimension-matched random-subspace controls; 100 frozen draws per k.
Figure6,d,random_PG_macro_k24_draw90,PG_macro,random k=24,0.0046091290127752,,,0.0099009900990099,results/crc_pdo_dense_resolution_plateau/RANDOM_CONTROL_16_24_32.csv,2131e3325c877d12db3905faa7986c5088e9b378,5d95b5c7f5a4aa7b3b8b00223025e44f18700af017ee4d7cc9693fdb84d20852,Dimension-matched random-subspace controls; 100 frozen draws per k.
Figure6,d,random_g_func_k24_draw90,g_func,random k=24,0.0013287490364031,,,0.0099009900990099,results/crc_pdo_dense_resolution_plateau/RANDOM_CONTROL_16_24_32.csv,2131e3325c877d12db3905faa7986c5088e9b378,5d95b5c7f5a4aa7b3b8b00223025e44f18700af017ee4d7cc9693fdb84d20852,Dimension-matched random-subspace controls; 100 frozen draws per k.
Figure6,d,random_PG_macro_k24_draw91,PG_macro,random k=24,0.0047494654236269,,,0.0099009900990099,results/crc_pdo_dense_resolution_plateau/RANDOM_CONTROL_16_24_32.csv,2131e3325c877d12db3905faa7986c5088e9b378,5d95b5c7f5a4aa7b3b8b00223025e44f18700af017ee4d7cc9693fdb84d20852,Dimension-matched random-subspace controls; 100 frozen draws per k.
Figure6,d,random_g_func_k24_draw91,g_func,random k=24,-0.0179379437727407,,,0.0099009900990099,results/crc_pdo_dense_resolution_plateau/RANDOM_CONTROL_16_24_32.csv,2131e3325c877d12db3905faa7986c5088e9b378,5d95b5c7f5a4aa7b3b8b00223025e44f18700af017ee4d7cc9693fdb84d20852,Dimension-matched random-subspace controls; 100 frozen draws per k.
Figure6,d,random_PG_macro_k24_draw92,PG_macro,random k=24,9.725030904253472e-06,,,0.0099009900990099,results/crc_pdo_dense_resolution_plateau/RANDOM_CONTROL_16_24_32.csv,2131e3325c877d12db3905faa7986c5088e9b378,5d95b5c7f5a4aa7b3b8b00223025e44f18700af017ee4d7cc9693fdb84d20852,Dimension-matched random-subspace controls; 100 frozen draws per k.
Figure6,d,random_g_func_k24_draw92,g_func,random k=24,-0.0097319715132708,,,0.0099009900990099,results/crc_pdo_dense_resolution_plateau/RANDOM_CONTROL_16_24_32.csv,2131e3325c877d12db3905faa7986c5088e9b378,5d95b5c7f5a4aa7b3b8b00223025e44f18700af017ee4d7cc9693fdb84d20852,Dimension-matched random-subspace controls; 100 frozen draws per k.
Figure6,d,random_PG_macro_k24_draw93,PG_macro,random k=24,0.0012672174755357,,,0.0099009900990099,results/crc_pdo_dense_resolution_plateau/RANDOM_CONTROL_16_24_32.csv,2131e3325c877d12db3905faa7986c5088e9b378,5d95b5c7f5a4aa7b3b8b00223025e44f18700af017ee4d7cc9693fdb84d20852,Dimension-matched random-subspace controls; 100 frozen draws per k.
Figure6,d,random_g_func_k24_draw93,g_func,random k=24,-0.0374463480502349,,,0.0099009900990099,results/crc_pdo_dense_resolution_plateau/RANDOM_CONTROL_16_24_32.csv,2131e3325c877d12db3905faa7986c5088e9b378,5d95b5c7f5a4aa7b3b8b00223025e44f18700af017ee4d7cc9693fdb84d20852,Dimension-matched random-subspace controls; 100 frozen draws per k.
Figure6,d,random_PG_macro_k24_draw94,PG_macro,random k=24,0.0040512858752148,,,0.0099009900990099,results/crc_pdo_dense_resolution_plateau/RANDOM_CONTROL_16_24_32.csv,2131e3325c877d12db3905faa7986c5088e9b378,5d95b5c7f5a4aa7b3b8b00223025e44f18700af017ee4d7cc9693fdb84d20852,Dimension-matched random-subspace controls; 100 frozen draws per k.
Figure6,d,random_g_func_k24_draw94,g_func,random k=24,-0.0010629247118578,,,0.0099009900990099,results/crc_pdo_dense_resolution_plateau/RANDOM_CONTROL_16_24_32.csv,2131e3325c877d12db3905faa7986c5088e9b378,5d95b5c7f5a4aa7b3b8b00223025e44f18700af017ee4d7cc9693fdb84d20852,Dimension-matched random-subspace controls; 100 frozen draws per k.
Figure6,d,random_PG_macro_k24_draw95,PG_macro,random k=24,-0.0001293752294184,,,0.0099009900990099,results/crc_pdo_dense_resolution_plateau/RANDOM_CONTROL_16_24_32.csv,2131e3325c877d12db3905faa7986c5088e9b378,5d95b5c7f5a4aa7b3b8b00223025e44f18700af017ee4d7cc9693fdb84d20852,Dimension-matched random-subspace controls; 100 frozen draws per k.
Figure6,d,random_g_func_k24_draw95,g_func,random k=24,-0.0521970024045606,,,0.0099009900990099,results/crc_pdo_dense_resolution_plateau/RANDOM_CONTROL_16_24_32.csv,2131e3325c877d12db3905faa7986c5088e9b378,5d95b5c7f5a4aa7b3b8b00223025e44f18700af017ee4d7cc9693fdb84d20852,Dimension-matched random-subspace controls; 100 frozen draws per k.
Figure6,d,random_PG_macro_k24_draw96,PG_macro,random k=24,0.0032125793356903,,,0.0099009900990099,results/crc_pdo_dense_resolution_plateau/RANDOM_CONTROL_16_24_32.csv,2131e3325c877d12db3905faa7986c5088e9b378,5d95b5c7f5a4aa7b3b8b00223025e44f18700af017ee4d7cc9693fdb84d20852,Dimension-matched random-subspace controls; 100 frozen draws per k.
Figure6,d,random_g_func_k24_draw96,g_func,random k=24,-0.0004842318007556,,,0.0099009900990099,results/crc_pdo_dense_resolution_plateau/RANDOM_CONTROL_16_24_32.csv,2131e3325c877d12db3905faa7986c5088e9b378,5d95b5c7f5a4aa7b3b8b00223025e44f18700af017ee4d7cc9693fdb84d20852,Dimension-matched random-subspace controls; 100 frozen draws per k.
Figure6,d,random_PG_macro_k24_draw97,PG_macro,random k=24,0.0037630607771614,,,0.0099009900990099,results/crc_pdo_dense_resolution_plateau/RANDOM_CONTROL_16_24_32.csv,2131e3325c877d12db3905faa7986c5088e9b378,5d95b5c7f5a4aa7b3b8b00223025e44f18700af017ee4d7cc9693fdb84d20852,Dimension-matched random-subspace controls; 100 frozen draws per k.
Figure6,d,random_g_func_k24_draw97,g_func,random k=24,0.0019860485197095,,,0.0099009900990099,results/crc_pdo_dense_resolution_plateau/RANDOM_CONTROL_16_24_32.csv,2131e3325c877d12db3905faa7986c5088e9b378,5d95b5c7f5a4aa7b3b8b00223025e44f18700af017ee4d7cc9693fdb84d20852,Dimension-matched random-subspace controls; 100 frozen draws per k.
Figure6,d,random_PG_macro_k24_draw98,PG_macro,random k=24,0.0057219572655951,,,0.0099009900990099,results/crc_pdo_dense_resolution_plateau/RANDOM_CONTROL_16_24_32.csv,2131e3325c877d12db3905faa7986c5088e9b378,5d95b5c7f5a4aa7b3b8b00223025e44f18700af017ee4d7cc9693fdb84d20852,Dimension-matched random-subspace controls; 100 frozen draws per k.
Figure6,d,random_g_func_k24_draw98,g_func,random k=24,0.005932033672591,,,0.0099009900990099,results/crc_pdo_dense_resolution_plateau/RANDOM_CONTROL_16_24_32.csv,2131e3325c877d12db3905faa7986c5088e9b378,5d95b5c7f5a4aa7b3b8b00223025e44f18700af017ee4d7cc9693fdb84d20852,Dimension-matched random-subspace controls; 100 frozen draws per k.
Figure6,d,random_PG_macro_k24_draw99,PG_macro,random k=24,0.0033522281161266,,,0.0099009900990099,results/crc_pdo_dense_resolution_plateau/RANDOM_CONTROL_16_24_32.csv,2131e3325c877d12db3905faa7986c5088e9b378,5d95b5c7f5a4aa7b3b8b00223025e44f18700af017ee4d7cc9693fdb84d20852,Dimension-matched random-subspace controls; 100 frozen draws per k.
Figure6,d,random_g_func_k24_draw99,g_func,random k=24,0.001168032353037,,,0.0099009900990099,results/crc_pdo_dense_resolution_plateau/RANDOM_CONTROL_16_24_32.csv,2131e3325c877d12db3905faa7986c5088e9b378,5d95b5c7f5a4aa7b3b8b00223025e44f18700af017ee4d7cc9693fdb84d20852,Dimension-matched random-subspace controls; 100 frozen draws per k.
Figure6,d,random_PG_macro_k32_draw0,PG_macro,random k=32,0.0050251557616613,,,0.0099009900990099,results/crc_pdo_dense_resolution_plateau/RANDOM_CONTROL_16_24_32.csv,2131e3325c877d12db3905faa7986c5088e9b378,5d95b5c7f5a4aa7b3b8b00223025e44f18700af017ee4d7cc9693fdb84d20852,Dimension-matched random-subspace controls; 100 frozen draws per k.
Figure6,d,random_g_func_k32_draw0,g_func,random k=32,0.0068613756626968,,,0.0099009900990099,results/crc_pdo_dense_resolution_plateau/RANDOM_CONTROL_16_24_32.csv,2131e3325c877d12db3905faa7986c5088e9b378,5d95b5c7f5a4aa7b3b8b00223025e44f18700af017ee4d7cc9693fdb84d20852,Dimension-matched random-subspace controls; 100 frozen draws per k.
Figure6,d,random_PG_macro_k32_draw1,PG_macro,random k=32,-0.000732508786049,,,0.0099009900990099,results/crc_pdo_dense_resolution_plateau/RANDOM_CONTROL_16_24_32.csv,2131e3325c877d12db3905faa7986c5088e9b378,5d95b5c7f5a4aa7b3b8b00223025e44f18700af017ee4d7cc9693fdb84d20852,Dimension-matched random-subspace controls; 100 frozen draws per k.
Figure6,d,random_g_func_k32_draw1,g_func,random k=32,-0.0027079590474801,,,0.0099009900990099,results/crc_pdo_dense_resolution_plateau/RANDOM_CONTROL_16_24_32.csv,2131e3325c877d12db3905faa7986c5088e9b378,5d95b5c7f5a4aa7b3b8b00223025e44f18700af017ee4d7cc9693fdb84d20852,Dimension-matched random-subspace controls; 100 frozen draws per k.
Figure6,d,random_PG_macro_k32_draw2,PG_macro,random k=32,0.0058788595457165,,,0.0099009900990099,results/crc_pdo_dense_resolution_plateau/RANDOM_CONTROL_16_24_32.csv,2131e3325c877d12db3905faa7986c5088e9b378,5d95b5c7f5a4aa7b3b8b00223025e44f18700af017ee4d7cc9693fdb84d20852,Dimension-matched random-subspace controls; 100 frozen draws per k.
Figure6,d,random_g_func_k32_draw2,g_func,random k=32,0.0086341608289387,,,0.0099009900990099,results/crc_pdo_dense_resolution_plateau/RANDOM_CONTROL_16_24_32.csv,2131e3325c877d12db3905faa7986c5088e9b378,5d95b5c7f5a4aa7b3b8b00223025e44f18700af017ee4d7cc9693fdb84d20852,Dimension-matched random-subspace controls; 100 frozen draws per k.
Figure6,d,random_PG_macro_k32_draw3,PG_macro,random k=32,0.0005630675619402,,,0.0099009900990099,results/crc_pdo_dense_resolution_plateau/RANDOM_CONTROL_16_24_32.csv,2131e3325c877d12db3905faa7986c5088e9b378,5d95b5c7f5a4aa7b3b8b00223025e44f18700af017ee4d7cc9693fdb84d20852,Dimension-matched random-subspace controls; 100 frozen draws per k.
Figure6,d,random_g_func_k32_draw3,g_func,random k=32,-0.0190199904429402,,,0.0099009900990099,results/crc_pdo_dense_resolution_plateau/RANDOM_CONTROL_16_24_32.csv,2131e3325c877d12db3905faa7986c5088e9b378,5d95b5c7f5a4aa7b3b8b00223025e44f18700af017ee4d7cc9693fdb84d20852,Dimension-matched random-subspace controls; 100 frozen draws per k.
Figure6,d,random_PG_macro_k32_draw4,PG_macro,random k=32,0.0009842588497056,,,0.0099009900990099,results/crc_pdo_dense_resolution_plateau/RANDOM_CONTROL_16_24_32.csv,2131e3325c877d12db3905faa7986c5088e9b378,5d95b5c7f5a4aa7b3b8b00223025e44f18700af017ee4d7cc9693fdb84d20852,Dimension-matched random-subspace controls; 100 frozen draws per k.
Figure6,d,random_g_func_k32_draw4,g_func,random k=32,-0.0037164284142607,,,0.0099009900990099,results/crc_pdo_dense_resolution_plateau/RANDOM_CONTROL_16_24_32.csv,2131e3325c877d12db3905faa7986c5088e9b378,5d95b5c7f5a4aa7b3b8b00223025e44f18700af017ee4d7cc9693fdb84d20852,Dimension-matched random-subspace controls; 100 frozen draws per k.
Figure6,d,random_PG_macro_k32_draw5,PG_macro,random k=32,0.0057160206156743,,,0.0099009900990099,results/crc_pdo_dense_resolution_plateau/RANDOM_CONTROL_16_24_32.csv,2131e3325c877d12db3905faa7986c5088e9b378,5d95b5c7f5a4aa7b3b8b00223025e44f18700af017ee4d7cc9693fdb84d20852,Dimension-matched random-subspace controls; 100 frozen draws per k.
Figure6,d,random_g_func_k32_draw5,g_func,random k=32,0.0082826076907158,,,0.0099009900990099,results/crc_pdo_dense_resolution_plateau/RANDOM_CONTROL_16_24_32.csv,2131e3325c877d12db3905faa7986c5088e9b378,5d95b5c7f5a4aa7b3b8b00223025e44f18700af017ee4d7cc9693fdb84d20852,Dimension-matched random-subspace controls; 100 frozen draws per k.
Figure6,d,random_PG_macro_k32_draw6,PG_macro,random k=32,-0.0025153691265403,,,0.0099009900990099,results/crc_pdo_dense_resolution_plateau/RANDOM_CONTROL_16_24_32.csv,2131e3325c877d12db3905faa7986c5088e9b378,5d95b5c7f5a4aa7b3b8b00223025e44f18700af017ee4d7cc9693fdb84d20852,Dimension-matched random-subspace controls; 100 frozen draws per k.
Figure6,d,random_g_func_k32_draw6,g_func,random k=32,-0.0139261183952466,,,0.0099009900990099,results/crc_pdo_dense_resolution_plateau/RANDOM_CONTROL_16_24_32.csv,2131e3325c877d12db3905faa7986c5088e9b378,5d95b5c7f5a4aa7b3b8b00223025e44f18700af017ee4d7cc9693fdb84d20852,Dimension-matched random-subspace controls; 100 frozen draws per k.
Figure6,d,random_PG_macro_k32_draw7,PG_macro,random k=32,0.0005714967492844,,,0.0099009900990099,results/crc_pdo_dense_resolution_plateau/RANDOM_CONTROL_16_24_32.csv,2131e3325c877d12db3905faa7986c5088e9b378,5d95b5c7f5a4aa7b3b8b00223025e44f18700af017ee4d7cc9693fdb84d20852,Dimension-matched random-subspace controls; 100 frozen draws per k.
Figure6,d,random_g_func_k32_draw7,g_func,random k=32,-0.0232590895375799,,,0.0099009900990099,results/crc_pdo_dense_resolution_plateau/RANDOM_CONTROL_16_24_32.csv,2131e3325c877d12db3905faa7986c5088e9b378,5d95b5c7f5a4aa7b3b8b00223025e44f18700af017ee4d7cc9693fdb84d20852,Dimension-matched random-subspace controls; 100 frozen draws per k.
Figure6,d,random_PG_macro_k32_draw8,PG_macro,random k=32,0.0027973161727953,,,0.0099009900990099,results/crc_pdo_dense_resolution_plateau/RANDOM_CONTROL_16_24_32.csv,2131e3325c877d12db3905faa7986c5088e9b378,5d95b5c7f5a4aa7b3b8b00223025e44f18700af017ee4d7cc9693fdb84d20852,Dimension-matched random-subspace controls; 100 frozen draws per k.
Figure6,d,random_g_func_k32_draw8,g_func,random k=32,0.0031815346213628,,,0.0099009900990099,results/crc_pdo_dense_resolution_plateau/RANDOM_CONTROL_16_24_32.csv,2131e3325c877d12db3905faa7986c5088e9b378,5d95b5c7f5a4aa7b3b8b00223025e44f18700af017ee4d7cc9693fdb84d20852,Dimension-matched random-subspace controls; 100 frozen draws per k.
Figure6,d,random_PG_macro_k32_draw9,PG_macro,random k=32,0.0023813407843593,,,0.0099009900990099,results/crc_pdo_dense_resolution_plateau/RANDOM_CONTROL_16_24_32.csv,2131e3325c877d12db3905faa7986c5088e9b378,5d95b5c7f5a4aa7b3b8b00223025e44f18700af017ee4d7cc9693fdb84d20852,Dimension-matched random-subspace controls; 100 frozen draws per k.
Figure6,d,random_g_func_k32_draw9,g_func,random k=32,-0.0329895335954582,,,0.0099009900990099,results/crc_pdo_dense_resolution_plateau/RANDOM_CONTROL_16_24_32.csv,2131e3325c877d12db3905faa7986c5088e9b378,5d95b5c7f5a4aa7b3b8b00223025e44f18700af017ee4d7cc9693fdb84d20852,Dimension-matched random-subspace controls; 100 frozen draws per k.
Figure6,d,random_PG_macro_k32_draw10,PG_macro,random k=32,0.0036270789125943,,,0.0099009900990099,results/crc_pdo_dense_resolution_plateau/RANDOM_CONTROL_16_24_32.csv,2131e3325c877d12db3905faa7986c5088e9b378,5d95b5c7f5a4aa7b3b8b00223025e44f18700af017ee4d7cc9693fdb84d20852,Dimension-matched random-subspace controls; 100 frozen draws per k.
Figure6,d,random_g_func_k32_draw10,g_func,random k=32,-0.0012319882770215,,,0.0099009900990099,results/crc_pdo_dense_resolution_plateau/RANDOM_CONTROL_16_24_32.csv,2131e3325c877d12db3905faa7986c5088e9b378,5d95b5c7f5a4aa7b3b8b00223025e44f18700af017ee4d7cc9693fdb84d20852,Dimension-matched random-subspace controls; 100 frozen draws per k.
Figure6,d,random_PG_macro_k32_draw11,PG_macro,random k=32,0.0020931410689876,,,0.0099009900990099,results/crc_pdo_dense_resolution_plateau/RANDOM_CONTROL_16_24_32.csv,2131e3325c877d12db3905faa7986c5088e9b378,5d95b5c7f5a4aa7b3b8b00223025e44f18700af017ee4d7cc9693fdb84d20852,Dimension-matched random-subspace controls; 100 frozen draws per k.
Figure6,d,random_g_func_k32_draw11,g_func,random k=32,-0.0010336886293824,,,0.0099009900990099,results/crc_pdo_dense_resolution_plateau/RANDOM_CONTROL_16_24_32.csv,2131e3325c877d12db3905faa7986c5088e9b378,5d95b5c7f5a4aa7b3b8b00223025e44f18700af017ee4d7cc9693fdb84d20852,Dimension-matched random-subspace controls; 100 frozen draws per k.
Figure6,d,random_PG_macro_k32_draw12,PG_macro,random k=32,0.0036321708746319,,,0.0099009900990099,results/crc_pdo_dense_resolution_plateau/RANDOM_CONTROL_16_24_32.csv,2131e3325c877d12db3905faa7986c5088e9b378,5d95b5c7f5a4aa7b3b8b00223025e44f18700af017ee4d7cc9693fdb84d20852,Dimension-matched random-subspace controls; 100 frozen draws per k.
Figure6,d,random_g_func_k32_draw12,g_func,random k=32,0.0033736787318934,,,0.0099009900990099,results/crc_pdo_dense_resolution_plateau/RANDOM_CONTROL_16_24_32.csv,2131e3325c877d12db3905faa7986c5088e9b378,5d95b5c7f5a4aa7b3b8b00223025e44f18700af017ee4d7cc9693fdb84d20852,Dimension-matched random-subspace controls; 100 frozen draws per k.
Figure6,d,random_PG_macro_k32_draw13,PG_macro,random k=32,0.0005612787250073,,,0.0099009900990099,results/crc_pdo_dense_resolution_plateau/RANDOM_CONTROL_16_24_32.csv,2131e3325c877d12db3905faa7986c5088e9b378,5d95b5c7f5a4aa7b3b8b00223025e44f18700af017ee4d7cc9693fdb84d20852,Dimension-matched random-subspace controls; 100 frozen draws per k.
Figure6,d,random_g_func_k32_draw13,g_func,random k=32,-0.033395493163379,,,0.0099009900990099,results/crc_pdo_dense_resolution_plateau/RANDOM_CONTROL_16_24_32.csv,2131e3325c877d12db3905faa7986c5088e9b378,5d95b5c7f5a4aa7b3b8b00223025e44f18700af017ee4d7cc9693fdb84d20852,Dimension-matched random-subspace controls; 100 frozen draws per k.
Figure6,d,random_PG_macro_k32_draw14,PG_macro,random k=32,-0.0068196898104215,,,0.0099009900990099,results/crc_pdo_dense_resolution_plateau/RANDOM_CONTROL_16_24_32.csv,2131e3325c877d12db3905faa7986c5088e9b378,5d95b5c7f5a4aa7b3b8b00223025e44f18700af017ee4d7cc9693fdb84d20852,Dimension-matched random-subspace controls; 100 frozen draws per k.
Figure6,d,random_g_func_k32_draw14,g_func,random k=32,-0.0523432327668773,,,0.0099009900990099,results/crc_pdo_dense_resolution_plateau/RANDOM_CONTROL_16_24_32.csv,2131e3325c877d12db3905faa7986c5088e9b378,5d95b5c7f5a4aa7b3b8b00223025e44f18700af017ee4d7cc9693fdb84d20852,Dimension-matched random-subspace controls; 100 frozen draws per k.
Figure6,d,random_PG_macro_k32_draw15,PG_macro,random k=32,0.0084957621232723,,,0.0099009900990099,results/crc_pdo_dense_resolution_plateau/RANDOM_CONTROL_16_24_32.csv,2131e3325c877d12db3905faa7986c5088e9b378,5d95b5c7f5a4aa7b3b8b00223025e44f18700af017ee4d7cc9693fdb84d20852,Dimension-matched random-subspace controls; 100 frozen draws per k.
Figure6,d,random_g_func_k32_draw15,g_func,random k=32,-0.02090378194106,,,0.0099009900990099,results/crc_pdo_dense_resolution_plateau/RANDOM_CONTROL_16_24_32.csv,2131e3325c877d12db3905faa7986c5088e9b378,5d95b5c7f5a4aa7b3b8b00223025e44f18700af017ee4d7cc9693fdb84d20852,Dimension-matched random-subspace controls; 100 frozen draws per k.
Figure6,d,random_PG_macro_k32_draw16,PG_macro,random k=32,0.0023733706826558,,,0.0099009900990099,results/crc_pdo_dense_resolution_plateau/RANDOM_CONTROL_16_24_32.csv,2131e3325c877d12db3905faa7986c5088e9b378,5d95b5c7f5a4aa7b3b8b00223025e44f18700af017ee4d7cc9693fdb84d20852,Dimension-matched random-subspace controls; 100 frozen draws per k.
Figure6,d,random_g_func_k32_draw16,g_func,random k=32,-0.0021338279750791,,,0.0099009900990099,results/crc_pdo_dense_resolution_plateau/RANDOM_CONTROL_16_24_32.csv,2131e3325c877d12db3905faa7986c5088e9b378,5d95b5c7f5a4aa7b3b8b00223025e44f18700af017ee4d7cc9693fdb84d20852,Dimension-matched random-subspace controls; 100 frozen draws per k.
Figure6,d,random_PG_macro_k32_draw17,PG_macro,random k=32,-0.0008233325014185,,,0.0099009900990099,results/crc_pdo_dense_resolution_plateau/RANDOM_CONTROL_16_24_32.csv,2131e3325c877d12db3905faa7986c5088e9b378,5d95b5c7f5a4aa7b3b8b00223025e44f18700af017ee4d7cc9693fdb84d20852,Dimension-matched random-subspace controls; 100 frozen draws per k.
Figure6,d,random_g_func_k32_draw17,g_func,random k=32,-0.0263387686978722,,,0.0099009900990099,results/crc_pdo_dense_resolution_plateau/RANDOM_CONTROL_16_24_32.csv,2131e3325c877d12db3905faa7986c5088e9b378,5d95b5c7f5a4aa7b3b8b00223025e44f18700af017ee4d7cc9693fdb84d20852,Dimension-matched random-subspace controls; 100 frozen draws per k.
Figure6,d,random_PG_macro_k32_draw18,PG_macro,random k=32,0.0037707523562829,,,0.0099009900990099,results/crc_pdo_dense_resolution_plateau/RANDOM_CONTROL_16_24_32.csv,2131e3325c877d12db3905faa7986c5088e9b378,5d95b5c7f5a4aa7b3b8b00223025e44f18700af017ee4d7cc9693fdb84d20852,Dimension-matched random-subspace controls; 100 frozen draws per k.
Figure6,d,random_g_func_k32_draw18,g_func,random k=32,-0.0062552392149151,,,0.0099009900990099,results/crc_pdo_dense_resolution_plateau/RANDOM_CONTROL_16_24_32.csv,2131e3325c877d12db3905faa7986c5088e9b378,5d95b5c7f5a4aa7b3b8b00223025e44f18700af017ee4d7cc9693fdb84d20852,Dimension-matched random-subspace controls; 100 frozen draws per k.
Figure6,d,random_PG_macro_k32_draw19,PG_macro,random k=32,0.0001472729290325,,,0.0099009900990099,results/crc_pdo_dense_resolution_plateau/RANDOM_CONTROL_16_24_32.csv,2131e3325c877d12db3905faa7986c5088e9b378,5d95b5c7f5a4aa7b3b8b00223025e44f18700af017ee4d7cc9693fdb84d20852,Dimension-matched random-subspace controls; 100 frozen draws per k.
Figure6,d,random_g_func_k32_draw19,g_func,random k=32,-0.0139515654694579,,,0.0099009900990099,results/crc_pdo_dense_resolution_plateau/RANDOM_CONTROL_16_24_32.csv,2131e3325c877d12db3905faa7986c5088e9b378,5d95b5c7f5a4aa7b3b8b00223025e44f18700af017ee4d7cc9693fdb84d20852,Dimension-matched random-subspace controls; 100 frozen draws per k.
Figure6,d,random_PG_macro_k32_draw20,PG_macro,random k=32,0.0030704162063526,,,0.0099009900990099,results/crc_pdo_dense_resolution_plateau/RANDOM_CONTROL_16_24_32.csv,2131e3325c877d12db3905faa7986c5088e9b378,5d95b5c7f5a4aa7b3b8b00223025e44f18700af017ee4d7cc9693fdb84d20852,Dimension-matched random-subspace controls; 100 frozen draws per k.
Figure6,d,random_g_func_k32_draw20,g_func,random k=32,-0.0033325800789201,,,0.0099009900990099,results/crc_pdo_dense_resolution_plateau/RANDOM_CONTROL_16_24_32.csv,2131e3325c877d12db3905faa7986c5088e9b378,5d95b5c7f5a4aa7b3b8b00223025e44f18700af017ee4d7cc9693fdb84d20852,Dimension-matched random-subspace controls; 100 frozen draws per k.
Figure6,d,random_PG_macro_k32_draw21,PG_macro,random k=32,0.0022301565170774,,,0.0099009900990099,results/crc_pdo_dense_resolution_plateau/RANDOM_CONTROL_16_24_32.csv,2131e3325c877d12db3905faa7986c5088e9b378,5d95b5c7f5a4aa7b3b8b00223025e44f18700af017ee4d7cc9693fdb84d20852,Dimension-matched random-subspace controls; 100 frozen draws per k.
Figure6,d,random_g_func_k32_draw21,g_func,random k=32,0.0009613037188412,,,0.0099009900990099,results/crc_pdo_dense_resolution_plateau/RANDOM_CONTROL_16_24_32.csv,2131e3325c877d12db3905faa7986c5088e9b378,5d95b5c7f5a4aa7b3b8b00223025e44f18700af017ee4d7cc9693fdb84d20852,Dimension-matched random-subspace controls; 100 frozen draws per k.
Figure6,d,random_PG_macro_k32_draw22,PG_macro,random k=32,0.0026660179499887,,,0.0099009900990099,results/crc_pdo_dense_resolution_plateau/RANDOM_CONTROL_16_24_32.csv,2131e3325c877d12db3905faa7986c5088e9b378,5d95b5c7f5a4aa7b3b8b00223025e44f18700af017ee4d7cc9693fdb84d20852,Dimension-matched random-subspace controls; 100 frozen draws per k.
Figure6,d,random_g_func_k32_draw22,g_func,random k=32,0.005267353947815,,,0.0099009900990099,results/crc_pdo_dense_resolution_plateau/RANDOM_CONTROL_16_24_32.csv,2131e3325c877d12db3905faa7986c5088e9b378,5d95b5c7f5a4aa7b3b8b00223025e44f18700af017ee4d7cc9693fdb84d20852,Dimension-matched random-subspace controls; 100 frozen draws per k.
Figure6,d,random_PG_macro_k32_draw23,PG_macro,random k=32,0.0048868450650982,,,0.0099009900990099,results/crc_pdo_dense_resolution_plateau/RANDOM_CONTROL_16_24_32.csv,2131e3325c877d12db3905faa7986c5088e9b378,5d95b5c7f5a4aa7b3b8b00223025e44f18700af017ee4d7cc9693fdb84d20852,Dimension-matched random-subspace controls; 100 frozen draws per k.
Figure6,d,random_g_func_k32_draw23,g_func,random k=32,-0.0002903565251441,,,0.0099009900990099,results/crc_pdo_dense_resolution_plateau/RANDOM_CONTROL_16_24_32.csv,2131e3325c877d12db3905faa7986c5088e9b378,5d95b5c7f5a4aa7b3b8b00223025e44f18700af017ee4d7cc9693fdb84d20852,Dimension-matched random-subspace controls; 100 frozen draws per k.
Figure6,d,random_PG_macro_k32_draw24,PG_macro,random k=32,0.0054389008727113,,,0.0099009900990099,results/crc_pdo_dense_resolution_plateau/RANDOM_CONTROL_16_24_32.csv,2131e3325c877d12db3905faa7986c5088e9b378,5d95b5c7f5a4aa7b3b8b00223025e44f18700af017ee4d7cc9693fdb84d20852,Dimension-matched random-subspace controls; 100 frozen draws per k.
Figure6,d,random_g_func_k32_draw24,g_func,random k=32,0.0033657475258671,,,0.0099009900990099,results/crc_pdo_dense_resolution_plateau/RANDOM_CONTROL_16_24_32.csv,2131e3325c877d12db3905faa7986c5088e9b378,5d95b5c7f5a4aa7b3b8b00223025e44f18700af017ee4d7cc9693fdb84d20852,Dimension-matched random-subspace controls; 100 frozen draws per k.
Figure6,d,random_PG_macro_k32_draw25,PG_macro,random k=32,0.0011173796247077,,,0.0099009900990099,results/crc_pdo_dense_resolution_plateau/RANDOM_CONTROL_16_24_32.csv,2131e3325c877d12db3905faa7986c5088e9b378,5d95b5c7f5a4aa7b3b8b00223025e44f18700af017ee4d7cc9693fdb84d20852,Dimension-matched random-subspace controls; 100 frozen draws per k.
Figure6,d,random_g_func_k32_draw25,g_func,random k=32,-0.0029719325599908,,,0.0099009900990099,results/crc_pdo_dense_resolution_plateau/RANDOM_CONTROL_16_24_32.csv,2131e3325c877d12db3905faa7986c5088e9b378,5d95b5c7f5a4aa7b3b8b00223025e44f18700af017ee4d7cc9693fdb84d20852,Dimension-matched random-subspace controls; 100 frozen draws per k.
Figure6,d,random_PG_macro_k32_draw26,PG_macro,random k=32,-0.0023567680390455,,,0.0099009900990099,results/crc_pdo_dense_resolution_plateau/RANDOM_CONTROL_16_24_32.csv,2131e3325c877d12db3905faa7986c5088e9b378,5d95b5c7f5a4aa7b3b8b00223025e44f18700af017ee4d7cc9693fdb84d20852,Dimension-matched random-subspace controls; 100 frozen draws per k.
Figure6,d,random_g_func_k32_draw26,g_func,random k=32,-0.0825107443026089,,,0.0099009900990099,results/crc_pdo_dense_resolution_plateau/RANDOM_CONTROL_16_24_32.csv,2131e3325c877d12db3905faa7986c5088e9b378,5d95b5c7f5a4aa7b3b8b00223025e44f18700af017ee4d7cc9693fdb84d20852,Dimension-matched random-subspace controls; 100 frozen draws per k.
Figure6,d,random_PG_macro_k32_draw27,PG_macro,random k=32,0.0036308714598681,,,0.0099009900990099,results/crc_pdo_dense_resolution_plateau/RANDOM_CONTROL_16_24_32.csv,2131e3325c877d12db3905faa7986c5088e9b378,5d95b5c7f5a4aa7b3b8b00223025e44f18700af017ee4d7cc9693fdb84d20852,Dimension-matched random-subspace controls; 100 frozen draws per k.
Figure6,d,random_g_func_k32_draw27,g_func,random k=32,0.0045963777703439,,,0.0099009900990099,results/crc_pdo_dense_resolution_plateau/RANDOM_CONTROL_16_24_32.csv,2131e3325c877d12db3905faa7986c5088e9b378,5d95b5c7f5a4aa7b3b8b00223025e44f18700af017ee4d7cc9693fdb84d20852,Dimension-matched random-subspace controls; 100 frozen draws per k.
Figure6,d,random_PG_macro_k32_draw28,PG_macro,random k=32,-0.0026456424833442,,,0.0099009900990099,results/crc_pdo_dense_resolution_plateau/RANDOM_CONTROL_16_24_32.csv,2131e3325c877d12db3905faa7986c5088e9b378,5d95b5c7f5a4aa7b3b8b00223025e44f18700af017ee4d7cc9693fdb84d20852,Dimension-matched random-subspace controls; 100 frozen draws per k.
Figure6,d,random_g_func_k32_draw28,g_func,random k=32,-0.0100664582283955,,,0.0099009900990099,results/crc_pdo_dense_resolution_plateau/RANDOM_CONTROL_16_24_32.csv,2131e3325c877d12db3905faa7986c5088e9b378,5d95b5c7f5a4aa7b3b8b00223025e44f18700af017ee4d7cc9693fdb84d20852,Dimension-matched random-subspace controls; 100 frozen draws per k.
Figure6,d,random_PG_macro_k32_draw29,PG_macro,random k=32,-0.0020825707551136,,,0.0099009900990099,results/crc_pdo_dense_resolution_plateau/RANDOM_CONTROL_16_24_32.csv,2131e3325c877d12db3905faa7986c5088e9b378,5d95b5c7f5a4aa7b3b8b00223025e44f18700af017ee4d7cc9693fdb84d20852,Dimension-matched random-subspace controls; 100 frozen draws per k.
Figure6,d,random_g_func_k32_draw29,g_func,random k=32,-0.0393360689568524,,,0.0099009900990099,results/crc_pdo_dense_resolution_plateau/RANDOM_CONTROL_16_24_32.csv,2131e3325c877d12db3905faa7986c5088e9b378,5d95b5c7f5a4aa7b3b8b00223025e44f18700af017ee4d7cc9693fdb84d20852,Dimension-matched random-subspace controls; 100 frozen draws per k.
Figure6,d,random_PG_macro_k32_draw30,PG_macro,random k=32,0.0022396367406623,,,0.0099009900990099,results/crc_pdo_dense_resolution_plateau/RANDOM_CONTROL_16_24_32.csv,2131e3325c877d12db3905faa7986c5088e9b378,5d95b5c7f5a4aa7b3b8b00223025e44f18700af017ee4d7cc9693fdb84d20852,Dimension-matched random-subspace controls; 100 frozen draws per k.
Figure6,d,random_g_func_k32_draw30,g_func,random k=32,-0.0018258739188645,,,0.0099009900990099,results/crc_pdo_dense_resolution_plateau/RANDOM_CONTROL_16_24_32.csv,2131e3325c877d12db3905faa7986c5088e9b378,5d95b5c7f5a4aa7b3b8b00223025e44f18700af017ee4d7cc9693fdb84d20852,Dimension-matched random-subspace controls; 100 frozen draws per k.
Figure6,d,random_PG_macro_k32_draw31,PG_macro,random k=32,0.0054447944947627,,,0.0099009900990099,results/crc_pdo_dense_resolution_plateau/RANDOM_CONTROL_16_24_32.csv,2131e3325c877d12db3905faa7986c5088e9b378,5d95b5c7f5a4aa7b3b8b00223025e44f18700af017ee4d7cc9693fdb84d20852,Dimension-matched random-subspace controls; 100 frozen draws per k.
Figure6,d,random_g_func_k32_draw31,g_func,random k=32,0.000234227385908,,,0.0099009900990099,results/crc_pdo_dense_resolution_plateau/RANDOM_CONTROL_16_24_32.csv,2131e3325c877d12db3905faa7986c5088e9b378,5d95b5c7f5a4aa7b3b8b00223025e44f18700af017ee4d7cc9693fdb84d20852,Dimension-matched random-subspace controls; 100 frozen draws per k.
Figure6,d,random_PG_macro_k32_draw32,PG_macro,random k=32,0.0033514391474537,,,0.0099009900990099,results/crc_pdo_dense_resolution_plateau/RANDOM_CONTROL_16_24_32.csv,2131e3325c877d12db3905faa7986c5088e9b378,5d95b5c7f5a4aa7b3b8b00223025e44f18700af017ee4d7cc9693fdb84d20852,Dimension-matched random-subspace controls; 100 frozen draws per k.
Figure6,d,random_g_func_k32_draw32,g_func,random k=32,0.0016552864497888,,,0.0099009900990099,results/crc_pdo_dense_resolution_plateau/RANDOM_CONTROL_16_24_32.csv,2131e3325c877d12db3905faa7986c5088e9b378,5d95b5c7f5a4aa7b3b8b00223025e44f18700af017ee4d7cc9693fdb84d20852,Dimension-matched random-subspace controls; 100 frozen draws per k.
Figure6,d,random_PG_macro_k32_draw33,PG_macro,random k=32,0.0040499055510286,,,0.0099009900990099,results/crc_pdo_dense_resolution_plateau/RANDOM_CONTROL_16_24_32.csv,2131e3325c877d12db3905faa7986c5088e9b378,5d95b5c7f5a4aa7b3b8b00223025e44f18700af017ee4d7cc9693fdb84d20852,Dimension-matched random-subspace controls; 100 frozen draws per k.
Figure6,d,random_g_func_k32_draw33,g_func,random k=32,-0.0227941990986046,,,0.0099009900990099,results/crc_pdo_dense_resolution_plateau/RANDOM_CONTROL_16_24_32.csv,2131e3325c877d12db3905faa7986c5088e9b378,5d95b5c7f5a4aa7b3b8b00223025e44f18700af017ee4d7cc9693fdb84d20852,Dimension-matched random-subspace controls; 100 frozen draws per k.
Figure6,d,random_PG_macro_k32_draw34,PG_macro,random k=32,0.0079479659696847,,,0.0099009900990099,results/crc_pdo_dense_resolution_plateau/RANDOM_CONTROL_16_24_32.csv,2131e3325c877d12db3905faa7986c5088e9b378,5d95b5c7f5a4aa7b3b8b00223025e44f18700af017ee4d7cc9693fdb84d20852,Dimension-matched random-subspace controls; 100 frozen draws per k.
Figure6,d,random_g_func_k32_draw34,g_func,random k=32,0.0096231885409877,,,0.0099009900990099,results/crc_pdo_dense_resolution_plateau/RANDOM_CONTROL_16_24_32.csv,2131e3325c877d12db3905faa7986c5088e9b378,5d95b5c7f5a4aa7b3b8b00223025e44f18700af017ee4d7cc9693fdb84d20852,Dimension-matched random-subspace controls; 100 frozen draws per k.
Figure6,d,random_PG_macro_k32_draw35,PG_macro,random k=32,0.0034941430594108,,,0.0099009900990099,results/crc_pdo_dense_resolution_plateau/RANDOM_CONTROL_16_24_32.csv,2131e3325c877d12db3905faa7986c5088e9b378,5d95b5c7f5a4aa7b3b8b00223025e44f18700af017ee4d7cc9693fdb84d20852,Dimension-matched random-subspace controls; 100 frozen draws per k.
Figure6,d,random_g_func_k32_draw35,g_func,random k=32,0.004519712004145,,,0.0099009900990099,results/crc_pdo_dense_resolution_plateau/RANDOM_CONTROL_16_24_32.csv,2131e3325c877d12db3905faa7986c5088e9b378,5d95b5c7f5a4aa7b3b8b00223025e44f18700af017ee4d7cc9693fdb84d20852,Dimension-matched random-subspace controls; 100 frozen draws per k.
Figure6,d,random_PG_macro_k32_draw36,PG_macro,random k=32,0.0002937165438478,,,0.0099009900990099,results/crc_pdo_dense_resolution_plateau/RANDOM_CONTROL_16_24_32.csv,2131e3325c877d12db3905faa7986c5088e9b378,5d95b5c7f5a4aa7b3b8b00223025e44f18700af017ee4d7cc9693fdb84d20852,Dimension-matched random-subspace controls; 100 frozen draws per k.
Figure6,d,random_g_func_k32_draw36,g_func,random k=32,-0.0116754811895269,,,0.0099009900990099,results/crc_pdo_dense_resolution_plateau/RANDOM_CONTROL_16_24_32.csv,2131e3325c877d12db3905faa7986c5088e9b378,5d95b5c7f5a4aa7b3b8b00223025e44f18700af017ee4d7cc9693fdb84d20852,Dimension-matched random-subspace controls; 100 frozen draws per k.
Figure6,d,random_PG_macro_k32_draw37,PG_macro,random k=32,0.0047626667071786,,,0.0099009900990099,results/crc_pdo_dense_resolution_plateau/RANDOM_CONTROL_16_24_32.csv,2131e3325c877d12db3905faa7986c5088e9b378,5d95b5c7f5a4aa7b3b8b00223025e44f18700af017ee4d7cc9693fdb84d20852,Dimension-matched random-subspace controls; 100 frozen draws per k.
Figure6,d,random_g_func_k32_draw37,g_func,random k=32,0.0043686598444727,,,0.0099009900990099,results/crc_pdo_dense_resolution_plateau/RANDOM_CONTROL_16_24_32.csv,2131e3325c877d12db3905faa7986c5088e9b378,5d95b5c7f5a4aa7b3b8b00223025e44f18700af017ee4d7cc9693fdb84d20852,Dimension-matched random-subspace controls; 100 frozen draws per k.
Figure6,d,random_PG_macro_k32_draw38,PG_macro,random k=32,0.0013886565109828,,,0.0099009900990099,results/crc_pdo_dense_resolution_plateau/RANDOM_CONTROL_16_24_32.csv,2131e3325c877d12db3905faa7986c5088e9b378,5d95b5c7f5a4aa7b3b8b00223025e44f18700af017ee4d7cc9693fdb84d20852,Dimension-matched random-subspace controls; 100 frozen draws per k.
Figure6,d,random_g_func_k32_draw38,g_func,random k=32,0.000908837819583,,,0.0099009900990099,results/crc_pdo_dense_resolution_plateau/RANDOM_CONTROL_16_24_32.csv,2131e3325c877d12db3905faa7986c5088e9b378,5d95b5c7f5a4aa7b3b8b00223025e44f18700af017ee4d7cc9693fdb84d20852,Dimension-matched random-subspace controls; 100 frozen draws per k.
Figure6,d,random_PG_macro_k32_draw39,PG_macro,random k=32,0.0012791291506946,,,0.0099009900990099,results/crc_pdo_dense_resolution_plateau/RANDOM_CONTROL_16_24_32.csv,2131e3325c877d12db3905faa7986c5088e9b378,5d95b5c7f5a4aa7b3b8b00223025e44f18700af017ee4d7cc9693fdb84d20852,Dimension-matched random-subspace controls; 100 frozen draws per k.
Figure6,d,random_g_func_k32_draw39,g_func,random k=32,-0.0152644135949648,,,0.0099009900990099,results/crc_pdo_dense_resolution_plateau/RANDOM_CONTROL_16_24_32.csv,2131e3325c877d12db3905faa7986c5088e9b378,5d95b5c7f5a4aa7b3b8b00223025e44f18700af017ee4d7cc9693fdb84d20852,Dimension-matched random-subspace controls; 100 frozen draws per k.
Figure6,d,random_PG_macro_k32_draw40,PG_macro,random k=32,0.0050203084144735,,,0.0099009900990099,results/crc_pdo_dense_resolution_plateau/RANDOM_CONTROL_16_24_32.csv,2131e3325c877d12db3905faa7986c5088e9b378,5d95b5c7f5a4aa7b3b8b00223025e44f18700af017ee4d7cc9693fdb84d20852,Dimension-matched random-subspace controls; 100 frozen draws per k.
Figure6,d,random_g_func_k32_draw40,g_func,random k=32,0.0023353448723169,,,0.0099009900990099,results/crc_pdo_dense_resolution_plateau/RANDOM_CONTROL_16_24_32.csv,2131e3325c877d12db3905faa7986c5088e9b378,5d95b5c7f5a4aa7b3b8b00223025e44f18700af017ee4d7cc9693fdb84d20852,Dimension-matched random-subspace controls; 100 frozen draws per k.
Figure6,d,random_PG_macro_k32_draw41,PG_macro,random k=32,0.0036239091563884,,,0.0099009900990099,results/crc_pdo_dense_resolution_plateau/RANDOM_CONTROL_16_24_32.csv,2131e3325c877d12db3905faa7986c5088e9b378,5d95b5c7f5a4aa7b3b8b00223025e44f18700af017ee4d7cc9693fdb84d20852,Dimension-matched random-subspace controls; 100 frozen draws per k.
Figure6,d,random_g_func_k32_draw41,g_func,random k=32,0.0068615301122694,,,0.0099009900990099,results/crc_pdo_dense_resolution_plateau/RANDOM_CONTROL_16_24_32.csv,2131e3325c877d12db3905faa7986c5088e9b378,5d95b5c7f5a4aa7b3b8b00223025e44f18700af017ee4d7cc9693fdb84d20852,Dimension-matched random-subspace controls; 100 frozen draws per k.
Figure6,d,random_PG_macro_k32_draw42,PG_macro,random k=32,0.0051614125776067,,,0.0099009900990099,results/crc_pdo_dense_resolution_plateau/RANDOM_CONTROL_16_24_32.csv,2131e3325c877d12db3905faa7986c5088e9b378,5d95b5c7f5a4aa7b3b8b00223025e44f18700af017ee4d7cc9693fdb84d20852,Dimension-matched random-subspace controls; 100 frozen draws per k.
Figure6,d,random_g_func_k32_draw42,g_func,random k=32,0.0046626950416629,,,0.0099009900990099,results/crc_pdo_dense_resolution_plateau/RANDOM_CONTROL_16_24_32.csv,2131e3325c877d12db3905faa7986c5088e9b378,5d95b5c7f5a4aa7b3b8b00223025e44f18700af017ee4d7cc9693fdb84d20852,Dimension-matched random-subspace controls; 100 frozen draws per k.
Figure6,d,random_PG_macro_k32_draw43,PG_macro,random k=32,0.0008451708957846,,,0.0099009900990099,results/crc_pdo_dense_resolution_plateau/RANDOM_CONTROL_16_24_32.csv,2131e3325c877d12db3905faa7986c5088e9b378,5d95b5c7f5a4aa7b3b8b00223025e44f18700af017ee4d7cc9693fdb84d20852,Dimension-matched random-subspace controls; 100 frozen draws per k.
Figure6,d,random_g_func_k32_draw43,g_func,random k=32,-0.0021239120514338,,,0.0099009900990099,results/crc_pdo_dense_resolution_plateau/RANDOM_CONTROL_16_24_32.csv,2131e3325c877d12db3905faa7986c5088e9b378,5d95b5c7f5a4aa7b3b8b00223025e44f18700af017ee4d7cc9693fdb84d20852,Dimension-matched random-subspace controls; 100 frozen draws per k.
Figure6,d,random_PG_macro_k32_draw44,PG_macro,random k=32,0.0057234802712869,,,0.0099009900990099,results/crc_pdo_dense_resolution_plateau/RANDOM_CONTROL_16_24_32.csv,2131e3325c877d12db3905faa7986c5088e9b378,5d95b5c7f5a4aa7b3b8b00223025e44f18700af017ee4d7cc9693fdb84d20852,Dimension-matched random-subspace controls; 100 frozen draws per k.
Figure6,d,random_g_func_k32_draw44,g_func,random k=32,0.0036919165506591,,,0.0099009900990099,results/crc_pdo_dense_resolution_plateau/RANDOM_CONTROL_16_24_32.csv,2131e3325c877d12db3905faa7986c5088e9b378,5d95b5c7f5a4aa7b3b8b00223025e44f18700af017ee4d7cc9693fdb84d20852,Dimension-matched random-subspace controls; 100 frozen draws per k.
Figure6,d,random_PG_macro_k32_draw45,PG_macro,random k=32,0.0025126552697105,,,0.0099009900990099,results/crc_pdo_dense_resolution_plateau/RANDOM_CONTROL_16_24_32.csv,2131e3325c877d12db3905faa7986c5088e9b378,5d95b5c7f5a4aa7b3b8b00223025e44f18700af017ee4d7cc9693fdb84d20852,Dimension-matched random-subspace controls; 100 frozen draws per k.
Figure6,d,random_g_func_k32_draw45,g_func,random k=32,-0.0137436596571893,,,0.0099009900990099,results/crc_pdo_dense_resolution_plateau/RANDOM_CONTROL_16_24_32.csv,2131e3325c877d12db3905faa7986c5088e9b378,5d95b5c7f5a4aa7b3b8b00223025e44f18700af017ee4d7cc9693fdb84d20852,Dimension-matched random-subspace controls; 100 frozen draws per k.
Figure6,d,random_PG_macro_k32_draw46,PG_macro,random k=32,0.0060036973860838,,,0.0099009900990099,results/crc_pdo_dense_resolution_plateau/RANDOM_CONTROL_16_24_32.csv,2131e3325c877d12db3905faa7986c5088e9b378,5d95b5c7f5a4aa7b3b8b00223025e44f18700af017ee4d7cc9693fdb84d20852,Dimension-matched random-subspace controls; 100 frozen draws per k.
Figure6,d,random_g_func_k32_draw46,g_func,random k=32,0.0022394571039587,,,0.0099009900990099,results/crc_pdo_dense_resolution_plateau/RANDOM_CONTROL_16_24_32.csv,2131e3325c877d12db3905faa7986c5088e9b378,5d95b5c7f5a4aa7b3b8b00223025e44f18700af017ee4d7cc9693fdb84d20852,Dimension-matched random-subspace controls; 100 frozen draws per k.
Figure6,d,random_PG_macro_k32_draw47,PG_macro,random k=32,0.0036262302508903,,,0.0099009900990099,results/crc_pdo_dense_resolution_plateau/RANDOM_CONTROL_16_24_32.csv,2131e3325c877d12db3905faa7986c5088e9b378,5d95b5c7f5a4aa7b3b8b00223025e44f18700af017ee4d7cc9693fdb84d20852,Dimension-matched random-subspace controls; 100 frozen draws per k.
Figure6,d,random_g_func_k32_draw47,g_func,random k=32,0.003257179931869,,,0.0099009900990099,results/crc_pdo_dense_resolution_plateau/RANDOM_CONTROL_16_24_32.csv,2131e3325c877d12db3905faa7986c5088e9b378,5d95b5c7f5a4aa7b3b8b00223025e44f18700af017ee4d7cc9693fdb84d20852,Dimension-matched random-subspace controls; 100 frozen draws per k.
Figure6,d,random_PG_macro_k32_draw48,PG_macro,random k=32,0.0015380013684379,,,0.0099009900990099,results/crc_pdo_dense_resolution_plateau/RANDOM_CONTROL_16_24_32.csv,2131e3325c877d12db3905faa7986c5088e9b378,5d95b5c7f5a4aa7b3b8b00223025e44f18700af017ee4d7cc9693fdb84d20852,Dimension-matched random-subspace controls; 100 frozen draws per k.
Figure6,d,random_g_func_k32_draw48,g_func,random k=32,-0.0142888010302517,,,0.0099009900990099,results/crc_pdo_dense_resolution_plateau/RANDOM_CONTROL_16_24_32.csv,2131e3325c877d12db3905faa7986c5088e9b378,5d95b5c7f5a4aa7b3b8b00223025e44f18700af017ee4d7cc9693fdb84d20852,Dimension-matched random-subspace controls; 100 frozen draws per k.
Figure6,d,random_PG_macro_k32_draw49,PG_macro,random k=32,0.0025134751699986,,,0.0099009900990099,results/crc_pdo_dense_resolution_plateau/RANDOM_CONTROL_16_24_32.csv,2131e3325c877d12db3905faa7986c5088e9b378,5d95b5c7f5a4aa7b3b8b00223025e44f18700af017ee4d7cc9693fdb84d20852,Dimension-matched random-subspace controls; 100 frozen draws per k.
Figure6,d,random_g_func_k32_draw49,g_func,random k=32,-0.0054653555359684,,,0.0099009900990099,results/crc_pdo_dense_resolution_plateau/RANDOM_CONTROL_16_24_32.csv,2131e3325c877d12db3905faa7986c5088e9b378,5d95b5c7f5a4aa7b3b8b00223025e44f18700af017ee4d7cc9693fdb84d20852,Dimension-matched random-subspace controls; 100 frozen draws per k.
Figure6,d,random_PG_macro_k32_draw50,PG_macro,random k=32,0.0019537833100047,,,0.0099009900990099,results/crc_pdo_dense_resolution_plateau/RANDOM_CONTROL_16_24_32.csv,2131e3325c877d12db3905faa7986c5088e9b378,5d95b5c7f5a4aa7b3b8b00223025e44f18700af017ee4d7cc9693fdb84d20852,Dimension-matched random-subspace controls; 100 frozen draws per k.
Figure6,d,random_g_func_k32_draw50,g_func,random k=32,-0.0003876534328306,,,0.0099009900990099,results/crc_pdo_dense_resolution_plateau/RANDOM_CONTROL_16_24_32.csv,2131e3325c877d12db3905faa7986c5088e9b378,5d95b5c7f5a4aa7b3b8b00223025e44f18700af017ee4d7cc9693fdb84d20852,Dimension-matched random-subspace controls; 100 frozen draws per k.
Figure6,d,random_PG_macro_k32_draw51,PG_macro,random k=32,0.00613866669105,,,0.0099009900990099,results/crc_pdo_dense_resolution_plateau/RANDOM_CONTROL_16_24_32.csv,2131e3325c877d12db3905faa7986c5088e9b378,5d95b5c7f5a4aa7b3b8b00223025e44f18700af017ee4d7cc9693fdb84d20852,Dimension-matched random-subspace controls; 100 frozen draws per k.
Figure6,d,random_g_func_k32_draw51,g_func,random k=32,-0.0006965245131886,,,0.0099009900990099,results/crc_pdo_dense_resolution_plateau/RANDOM_CONTROL_16_24_32.csv,2131e3325c877d12db3905faa7986c5088e9b378,5d95b5c7f5a4aa7b3b8b00223025e44f18700af017ee4d7cc9693fdb84d20852,Dimension-matched random-subspace controls; 100 frozen draws per k.
Figure6,d,random_PG_macro_k32_draw52,PG_macro,random k=32,-0.0018000551448491,,,0.0099009900990099,results/crc_pdo_dense_resolution_plateau/RANDOM_CONTROL_16_24_32.csv,2131e3325c877d12db3905faa7986c5088e9b378,5d95b5c7f5a4aa7b3b8b00223025e44f18700af017ee4d7cc9693fdb84d20852,Dimension-matched random-subspace controls; 100 frozen draws per k.
Figure6,d,random_g_func_k32_draw52,g_func,random k=32,-0.0265015474273693,,,0.0099009900990099,results/crc_pdo_dense_resolution_plateau/RANDOM_CONTROL_16_24_32.csv,2131e3325c877d12db3905faa7986c5088e9b378,5d95b5c7f5a4aa7b3b8b00223025e44f18700af017ee4d7cc9693fdb84d20852,Dimension-matched random-subspace controls; 100 frozen draws per k.
Figure6,d,random_PG_macro_k32_draw53,PG_macro,random k=32,0.0073913024758868,,,0.0099009900990099,results/crc_pdo_dense_resolution_plateau/RANDOM_CONTROL_16_24_32.csv,2131e3325c877d12db3905faa7986c5088e9b378,5d95b5c7f5a4aa7b3b8b00223025e44f18700af017ee4d7cc9693fdb84d20852,Dimension-matched random-subspace controls; 100 frozen draws per k.
Figure6,d,random_g_func_k32_draw53,g_func,random k=32,-0.0015155569260396,,,0.0099009900990099,results/crc_pdo_dense_resolution_plateau/RANDOM_CONTROL_16_24_32.csv,2131e3325c877d12db3905faa7986c5088e9b378,5d95b5c7f5a4aa7b3b8b00223025e44f18700af017ee4d7cc9693fdb84d20852,Dimension-matched random-subspace controls; 100 frozen draws per k.
Figure6,d,random_PG_macro_k32_draw54,PG_macro,random k=32,0.0008456006249226,,,0.0099009900990099,results/crc_pdo_dense_resolution_plateau/RANDOM_CONTROL_16_24_32.csv,2131e3325c877d12db3905faa7986c5088e9b378,5d95b5c7f5a4aa7b3b8b00223025e44f18700af017ee4d7cc9693fdb84d20852,Dimension-matched random-subspace controls; 100 frozen draws per k.
Figure6,d,random_g_func_k32_draw54,g_func,random k=32,-0.0285672154560734,,,0.0099009900990099,results/crc_pdo_dense_resolution_plateau/RANDOM_CONTROL_16_24_32.csv,2131e3325c877d12db3905faa7986c5088e9b378,5d95b5c7f5a4aa7b3b8b00223025e44f18700af017ee4d7cc9693fdb84d20852,Dimension-matched random-subspace controls; 100 frozen draws per k.
Figure6,d,random_PG_macro_k32_draw55,PG_macro,random k=32,0.0046019478797445,,,0.0099009900990099,results/crc_pdo_dense_resolution_plateau/RANDOM_CONTROL_16_24_32.csv,2131e3325c877d12db3905faa7986c5088e9b378,5d95b5c7f5a4aa7b3b8b00223025e44f18700af017ee4d7cc9693fdb84d20852,Dimension-matched random-subspace controls; 100 frozen draws per k.
Figure6,d,random_g_func_k32_draw55,g_func,random k=32,0.0031804457047974,,,0.0099009900990099,results/crc_pdo_dense_resolution_plateau/RANDOM_CONTROL_16_24_32.csv,2131e3325c877d12db3905faa7986c5088e9b378,5d95b5c7f5a4aa7b3b8b00223025e44f18700af017ee4d7cc9693fdb84d20852,Dimension-matched random-subspace controls; 100 frozen draws per k.
Figure6,d,random_PG_macro_k32_draw56,PG_macro,random k=32,0.0036301205652179,,,0.0099009900990099,results/crc_pdo_dense_resolution_plateau/RANDOM_CONTROL_16_24_32.csv,2131e3325c877d12db3905faa7986c5088e9b378,5d95b5c7f5a4aa7b3b8b00223025e44f18700af017ee4d7cc9693fdb84d20852,Dimension-matched random-subspace controls; 100 frozen draws per k.
Figure6,d,random_g_func_k32_draw56,g_func,random k=32,-0.0072092244815535,,,0.0099009900990099,results/crc_pdo_dense_resolution_plateau/RANDOM_CONTROL_16_24_32.csv,2131e3325c877d12db3905faa7986c5088e9b378,5d95b5c7f5a4aa7b3b8b00223025e44f18700af017ee4d7cc9693fdb84d20852,Dimension-matched random-subspace controls; 100 frozen draws per k.
Figure6,d,random_PG_macro_k32_draw57,PG_macro,random k=32,0.0044659668027337,,,0.0099009900990099,results/crc_pdo_dense_resolution_plateau/RANDOM_CONTROL_16_24_32.csv,2131e3325c877d12db3905faa7986c5088e9b378,5d95b5c7f5a4aa7b3b8b00223025e44f18700af017ee4d7cc9693fdb84d20852,Dimension-matched random-subspace controls; 100 frozen draws per k.
Figure6,d,random_g_func_k32_draw57,g_func,random k=32,0.0013322006692167,,,0.0099009900990099,results/crc_pdo_dense_resolution_plateau/RANDOM_CONTROL_16_24_32.csv,2131e3325c877d12db3905faa7986c5088e9b378,5d95b5c7f5a4aa7b3b8b00223025e44f18700af017ee4d7cc9693fdb84d20852,Dimension-matched random-subspace controls; 100 frozen draws per k.
Figure6,d,random_PG_macro_k32_draw58,PG_macro,random k=32,0.0040455940326134,,,0.0099009900990099,results/crc_pdo_dense_resolution_plateau/RANDOM_CONTROL_16_24_32.csv,2131e3325c877d12db3905faa7986c5088e9b378,5d95b5c7f5a4aa7b3b8b00223025e44f18700af017ee4d7cc9693fdb84d20852,Dimension-matched random-subspace controls; 100 frozen draws per k.
Figure6,d,random_g_func_k32_draw58,g_func,random k=32,-0.0197833288859878,,,0.0099009900990099,results/crc_pdo_dense_resolution_plateau/RANDOM_CONTROL_16_24_32.csv,2131e3325c877d12db3905faa7986c5088e9b378,5d95b5c7f5a4aa7b3b8b00223025e44f18700af017ee4d7cc9693fdb84d20852,Dimension-matched random-subspace controls; 100 frozen draws per k.
Figure6,d,random_PG_macro_k32_draw59,PG_macro,random k=32,0.0011235606970088,,,0.0099009900990099,results/crc_pdo_dense_resolution_plateau/RANDOM_CONTROL_16_24_32.csv,2131e3325c877d12db3905faa7986c5088e9b378,5d95b5c7f5a4aa7b3b8b00223025e44f18700af017ee4d7cc9693fdb84d20852,Dimension-matched random-subspace controls; 100 frozen draws per k.
Figure6,d,random_g_func_k32_draw59,g_func,random k=32,-0.0157867492869496,,,0.0099009900990099,results/crc_pdo_dense_resolution_plateau/RANDOM_CONTROL_16_24_32.csv,2131e3325c877d12db3905faa7986c5088e9b378,5d95b5c7f5a4aa7b3b8b00223025e44f18700af017ee4d7cc9693fdb84d20852,Dimension-matched random-subspace controls; 100 frozen draws per k.
Figure6,d,random_PG_macro_k32_draw60,PG_macro,random k=32,0.0004183262243795,,,0.0099009900990099,results/crc_pdo_dense_resolution_plateau/RANDOM_CONTROL_16_24_32.csv,2131e3325c877d12db3905faa7986c5088e9b378,5d95b5c7f5a4aa7b3b8b00223025e44f18700af017ee4d7cc9693fdb84d20852,Dimension-matched random-subspace controls; 100 frozen draws per k.
Figure6,d,random_g_func_k32_draw60,g_func,random k=32,-0.004005953942179,,,0.0099009900990099,results/crc_pdo_dense_resolution_plateau/RANDOM_CONTROL_16_24_32.csv,2131e3325c877d12db3905faa7986c5088e9b378,5d95b5c7f5a4aa7b3b8b00223025e44f18700af017ee4d7cc9693fdb84d20852,Dimension-matched random-subspace controls; 100 frozen draws per k.
Figure6,d,random_PG_macro_k32_draw61,PG_macro,random k=32,0.0018157083006237,,,0.0099009900990099,results/crc_pdo_dense_resolution_plateau/RANDOM_CONTROL_16_24_32.csv,2131e3325c877d12db3905faa7986c5088e9b378,5d95b5c7f5a4aa7b3b8b00223025e44f18700af017ee4d7cc9693fdb84d20852,Dimension-matched random-subspace controls; 100 frozen draws per k.
Figure6,d,random_g_func_k32_draw61,g_func,random k=32,-0.0114906207875609,,,0.0099009900990099,results/crc_pdo_dense_resolution_plateau/RANDOM_CONTROL_16_24_32.csv,2131e3325c877d12db3905faa7986c5088e9b378,5d95b5c7f5a4aa7b3b8b00223025e44f18700af017ee4d7cc9693fdb84d20852,Dimension-matched random-subspace controls; 100 frozen draws per k.
Figure6,d,random_PG_macro_k32_draw62,PG_macro,random k=32,0.0054386090637017,,,0.0099009900990099,results/crc_pdo_dense_resolution_plateau/RANDOM_CONTROL_16_24_32.csv,2131e3325c877d12db3905faa7986c5088e9b378,5d95b5c7f5a4aa7b3b8b00223025e44f18700af017ee4d7cc9693fdb84d20852,Dimension-matched random-subspace controls; 100 frozen draws per k.
Figure6,d,random_g_func_k32_draw62,g_func,random k=32,-0.0003467579671065,,,0.0099009900990099,results/crc_pdo_dense_resolution_plateau/RANDOM_CONTROL_16_24_32.csv,2131e3325c877d12db3905faa7986c5088e9b378,5d95b5c7f5a4aa7b3b8b00223025e44f18700af017ee4d7cc9693fdb84d20852,Dimension-matched random-subspace controls; 100 frozen draws per k.
Figure6,d,random_PG_macro_k32_draw63,PG_macro,random k=32,0.0005612442221883,,,0.0099009900990099,results/crc_pdo_dense_resolution_plateau/RANDOM_CONTROL_16_24_32.csv,2131e3325c877d12db3905faa7986c5088e9b378,5d95b5c7f5a4aa7b3b8b00223025e44f18700af017ee4d7cc9693fdb84d20852,Dimension-matched random-subspace controls; 100 frozen draws per k.
Figure6,d,random_g_func_k32_draw63,g_func,random k=32,-0.021439321024282,,,0.0099009900990099,results/crc_pdo_dense_resolution_plateau/RANDOM_CONTROL_16_24_32.csv,2131e3325c877d12db3905faa7986c5088e9b378,5d95b5c7f5a4aa7b3b8b00223025e44f18700af017ee4d7cc9693fdb84d20852,Dimension-matched random-subspace controls; 100 frozen draws per k.
Figure6,d,random_PG_macro_k32_draw64,PG_macro,random k=32,0.0015329000937935,,,0.0099009900990099,results/crc_pdo_dense_resolution_plateau/RANDOM_CONTROL_16_24_32.csv,2131e3325c877d12db3905faa7986c5088e9b378,5d95b5c7f5a4aa7b3b8b00223025e44f18700af017ee4d7cc9693fdb84d20852,Dimension-matched random-subspace controls; 100 frozen draws per k.
Figure6,d,random_g_func_k32_draw64,g_func,random k=32,0.0009285454878477,,,0.0099009900990099,results/crc_pdo_dense_resolution_plateau/RANDOM_CONTROL_16_24_32.csv,2131e3325c877d12db3905faa7986c5088e9b378,5d95b5c7f5a4aa7b3b8b00223025e44f18700af017ee4d7cc9693fdb84d20852,Dimension-matched random-subspace controls; 100 frozen draws per k.
Figure6,d,random_PG_macro_k32_draw65,PG_macro,random k=32,0.0048886684048501,,,0.0099009900990099,results/crc_pdo_dense_resolution_plateau/RANDOM_CONTROL_16_24_32.csv,2131e3325c877d12db3905faa7986c5088e9b378,5d95b5c7f5a4aa7b3b8b00223025e44f18700af017ee4d7cc9693fdb84d20852,Dimension-matched random-subspace controls; 100 frozen draws per k.
Figure6,d,random_g_func_k32_draw65,g_func,random k=32,0.0020535344095209,,,0.0099009900990099,results/crc_pdo_dense_resolution_plateau/RANDOM_CONTROL_16_24_32.csv,2131e3325c877d12db3905faa7986c5088e9b378,5d95b5c7f5a4aa7b3b8b00223025e44f18700af017ee4d7cc9693fdb84d20852,Dimension-matched random-subspace controls; 100 frozen draws per k.
Figure6,d,random_PG_macro_k32_draw66,PG_macro,random k=32,-0.0024963243912139,,,0.0099009900990099,results/crc_pdo_dense_resolution_plateau/RANDOM_CONTROL_16_24_32.csv,2131e3325c877d12db3905faa7986c5088e9b378,5d95b5c7f5a4aa7b3b8b00223025e44f18700af017ee4d7cc9693fdb84d20852,Dimension-matched random-subspace controls; 100 frozen draws per k.
Figure6,d,random_g_func_k32_draw66,g_func,random k=32,-0.0184690287408995,,,0.0099009900990099,results/crc_pdo_dense_resolution_plateau/RANDOM_CONTROL_16_24_32.csv,2131e3325c877d12db3905faa7986c5088e9b378,5d95b5c7f5a4aa7b3b8b00223025e44f18700af017ee4d7cc9693fdb84d20852,Dimension-matched random-subspace controls; 100 frozen draws per k.
Figure6,d,random_PG_macro_k32_draw67,PG_macro,random k=32,0.0069794201612543,,,0.0099009900990099,results/crc_pdo_dense_resolution_plateau/RANDOM_CONTROL_16_24_32.csv,2131e3325c877d12db3905faa7986c5088e9b378,5d95b5c7f5a4aa7b3b8b00223025e44f18700af017ee4d7cc9693fdb84d20852,Dimension-matched random-subspace controls; 100 frozen draws per k.
Figure6,d,random_g_func_k32_draw67,g_func,random k=32,-0.0045837513106392,,,0.0099009900990099,results/crc_pdo_dense_resolution_plateau/RANDOM_CONTROL_16_24_32.csv,2131e3325c877d12db3905faa7986c5088e9b378,5d95b5c7f5a4aa7b3b8b00223025e44f18700af017ee4d7cc9693fdb84d20852,Dimension-matched random-subspace controls; 100 frozen draws per k.
Figure6,d,random_PG_macro_k32_draw68,PG_macro,random k=32,0.0026553843718798,,,0.0099009900990099,results/crc_pdo_dense_resolution_plateau/RANDOM_CONTROL_16_24_32.csv,2131e3325c877d12db3905faa7986c5088e9b378,5d95b5c7f5a4aa7b3b8b00223025e44f18700af017ee4d7cc9693fdb84d20852,Dimension-matched random-subspace controls; 100 frozen draws per k.
Figure6,d,random_g_func_k32_draw68,g_func,random k=32,0.0028103232030739,,,0.0099009900990099,results/crc_pdo_dense_resolution_plateau/RANDOM_CONTROL_16_24_32.csv,2131e3325c877d12db3905faa7986c5088e9b378,5d95b5c7f5a4aa7b3b8b00223025e44f18700af017ee4d7cc9693fdb84d20852,Dimension-matched random-subspace controls; 100 frozen draws per k.
Figure6,d,random_PG_macro_k32_draw69,PG_macro,random k=32,0.0054406425154844,,,0.0099009900990099,results/crc_pdo_dense_resolution_plateau/RANDOM_CONTROL_16_24_32.csv,2131e3325c877d12db3905faa7986c5088e9b378,5d95b5c7f5a4aa7b3b8b00223025e44f18700af017ee4d7cc9693fdb84d20852,Dimension-matched random-subspace controls; 100 frozen draws per k.
Figure6,d,random_g_func_k32_draw69,g_func,random k=32,0.0019230996270396,,,0.0099009900990099,results/crc_pdo_dense_resolution_plateau/RANDOM_CONTROL_16_24_32.csv,2131e3325c877d12db3905faa7986c5088e9b378,5d95b5c7f5a4aa7b3b8b00223025e44f18700af017ee4d7cc9693fdb84d20852,Dimension-matched random-subspace controls; 100 frozen draws per k.
Figure6,d,random_PG_macro_k32_draw70,PG_macro,random k=32,0.0020913008716045,,,0.0099009900990099,results/crc_pdo_dense_resolution_plateau/RANDOM_CONTROL_16_24_32.csv,2131e3325c877d12db3905faa7986c5088e9b378,5d95b5c7f5a4aa7b3b8b00223025e44f18700af017ee4d7cc9693fdb84d20852,Dimension-matched random-subspace controls; 100 frozen draws per k.
Figure6,d,random_g_func_k32_draw70,g_func,random k=32,0.0015620618786398,,,0.0099009900990099,results/crc_pdo_dense_resolution_plateau/RANDOM_CONTROL_16_24_32.csv,2131e3325c877d12db3905faa7986c5088e9b378,5d95b5c7f5a4aa7b3b8b00223025e44f18700af017ee4d7cc9693fdb84d20852,Dimension-matched random-subspace controls; 100 frozen draws per k.
Figure6,d,random_PG_macro_k32_draw71,PG_macro,random k=32,0.0050221147041244,,,0.0099009900990099,results/crc_pdo_dense_resolution_plateau/RANDOM_CONTROL_16_24_32.csv,2131e3325c877d12db3905faa7986c5088e9b378,5d95b5c7f5a4aa7b3b8b00223025e44f18700af017ee4d7cc9693fdb84d20852,Dimension-matched random-subspace controls; 100 frozen draws per k.
Figure6,d,random_g_func_k32_draw71,g_func,random k=32,0.0009464868578338,,,0.0099009900990099,results/crc_pdo_dense_resolution_plateau/RANDOM_CONTROL_16_24_32.csv,2131e3325c877d12db3905faa7986c5088e9b378,5d95b5c7f5a4aa7b3b8b00223025e44f18700af017ee4d7cc9693fdb84d20852,Dimension-matched random-subspace controls; 100 frozen draws per k.
Figure6,d,random_PG_macro_k32_draw72,PG_macro,random k=32,-0.0068255875987634,,,0.0099009900990099,results/crc_pdo_dense_resolution_plateau/RANDOM_CONTROL_16_24_32.csv,2131e3325c877d12db3905faa7986c5088e9b378,5d95b5c7f5a4aa7b3b8b00223025e44f18700af017ee4d7cc9693fdb84d20852,Dimension-matched random-subspace controls; 100 frozen draws per k.
Figure6,d,random_g_func_k32_draw72,g_func,random k=32,-0.0180536360873462,,,0.0099009900990099,results/crc_pdo_dense_resolution_plateau/RANDOM_CONTROL_16_24_32.csv,2131e3325c877d12db3905faa7986c5088e9b378,5d95b5c7f5a4aa7b3b8b00223025e44f18700af017ee4d7cc9693fdb84d20852,Dimension-matched random-subspace controls; 100 frozen draws per k.
Figure6,d,random_PG_macro_k32_draw73,PG_macro,random k=32,-0.0030648816313665,,,0.0099009900990099,results/crc_pdo_dense_resolution_plateau/RANDOM_CONTROL_16_24_32.csv,2131e3325c877d12db3905faa7986c5088e9b378,5d95b5c7f5a4aa7b3b8b00223025e44f18700af017ee4d7cc9693fdb84d20852,Dimension-matched random-subspace controls; 100 frozen draws per k.
Figure6,d,random_g_func_k32_draw73,g_func,random k=32,-0.011230007518906,,,0.0099009900990099,results/crc_pdo_dense_resolution_plateau/RANDOM_CONTROL_16_24_32.csv,2131e3325c877d12db3905faa7986c5088e9b378,5d95b5c7f5a4aa7b3b8b00223025e44f18700af017ee4d7cc9693fdb84d20852,Dimension-matched random-subspace controls; 100 frozen draws per k.
Figure6,d,random_PG_macro_k32_draw74,PG_macro,random k=32,0.0057278641740741,,,0.0099009900990099,results/crc_pdo_dense_resolution_plateau/RANDOM_CONTROL_16_24_32.csv,2131e3325c877d12db3905faa7986c5088e9b378,5d95b5c7f5a4aa7b3b8b00223025e44f18700af017ee4d7cc9693fdb84d20852,Dimension-matched random-subspace controls; 100 frozen draws per k.
Figure6,d,random_g_func_k32_draw74,g_func,random k=32,0.0033006405815183,,,0.0099009900990099,results/crc_pdo_dense_resolution_plateau/RANDOM_CONTROL_16_24_32.csv,2131e3325c877d12db3905faa7986c5088e9b378,5d95b5c7f5a4aa7b3b8b00223025e44f18700af017ee4d7cc9693fdb84d20852,Dimension-matched random-subspace controls; 100 frozen draws per k.
Figure6,d,random_PG_macro_k32_draw75,PG_macro,random k=32,0.0022380752583307,,,0.0099009900990099,results/crc_pdo_dense_resolution_plateau/RANDOM_CONTROL_16_24_32.csv,2131e3325c877d12db3905faa7986c5088e9b378,5d95b5c7f5a4aa7b3b8b00223025e44f18700af017ee4d7cc9693fdb84d20852,Dimension-matched random-subspace controls; 100 frozen draws per k.
Figure6,d,random_g_func_k32_draw75,g_func,random k=32,-0.0097410487609321,,,0.0099009900990099,results/crc_pdo_dense_resolution_plateau/RANDOM_CONTROL_16_24_32.csv,2131e3325c877d12db3905faa7986c5088e9b378,5d95b5c7f5a4aa7b3b8b00223025e44f18700af017ee4d7cc9693fdb84d20852,Dimension-matched random-subspace controls; 100 frozen draws per k.
Figure6,d,random_PG_macro_k32_draw76,PG_macro,random k=32,-0.0061244408611518,,,0.0099009900990099,results/crc_pdo_dense_resolution_plateau/RANDOM_CONTROL_16_24_32.csv,2131e3325c877d12db3905faa7986c5088e9b378,5d95b5c7f5a4aa7b3b8b00223025e44f18700af017ee4d7cc9693fdb84d20852,Dimension-matched random-subspace controls; 100 frozen draws per k.
Figure6,d,random_g_func_k32_draw76,g_func,random k=32,-0.0544303691675622,,,0.0099009900990099,results/crc_pdo_dense_resolution_plateau/RANDOM_CONTROL_16_24_32.csv,2131e3325c877d12db3905faa7986c5088e9b378,5d95b5c7f5a4aa7b3b8b00223025e44f18700af017ee4d7cc9693fdb84d20852,Dimension-matched random-subspace controls; 100 frozen draws per k.
Figure6,d,random_PG_macro_k32_draw77,PG_macro,random k=32,0.0019604153278351,,,0.0099009900990099,results/crc_pdo_dense_resolution_plateau/RANDOM_CONTROL_16_24_32.csv,2131e3325c877d12db3905faa7986c5088e9b378,5d95b5c7f5a4aa7b3b8b00223025e44f18700af017ee4d7cc9693fdb84d20852,Dimension-matched random-subspace controls; 100 frozen draws per k.
Figure6,d,random_g_func_k32_draw77,g_func,random k=32,-0.021221136132731,,,0.0099009900990099,results/crc_pdo_dense_resolution_plateau/RANDOM_CONTROL_16_24_32.csv,2131e3325c877d12db3905faa7986c5088e9b378,5d95b5c7f5a4aa7b3b8b00223025e44f18700af017ee4d7cc9693fdb84d20852,Dimension-matched random-subspace controls; 100 frozen draws per k.
Figure6,d,random_PG_macro_k32_draw78,PG_macro,random k=32,0.0004267599806313,,,0.0099009900990099,results/crc_pdo_dense_resolution_plateau/RANDOM_CONTROL_16_24_32.csv,2131e3325c877d12db3905faa7986c5088e9b378,5d95b5c7f5a4aa7b3b8b00223025e44f18700af017ee4d7cc9693fdb84d20852,Dimension-matched random-subspace controls; 100 frozen draws per k.
Figure6,d,random_g_func_k32_draw78,g_func,random k=32,-0.0312645958731983,,,0.0099009900990099,results/crc_pdo_dense_resolution_plateau/RANDOM_CONTROL_16_24_32.csv,2131e3325c877d12db3905faa7986c5088e9b378,5d95b5c7f5a4aa7b3b8b00223025e44f18700af017ee4d7cc9693fdb84d20852,Dimension-matched random-subspace controls; 100 frozen draws per k.
Figure6,d,random_PG_macro_k32_draw79,PG_macro,random k=32,0.0054417191268765,,,0.0099009900990099,results/crc_pdo_dense_resolution_plateau/RANDOM_CONTROL_16_24_32.csv,2131e3325c877d12db3905faa7986c5088e9b378,5d95b5c7f5a4aa7b3b8b00223025e44f18700af017ee4d7cc9693fdb84d20852,Dimension-matched random-subspace controls; 100 frozen draws per k.
Figure6,d,random_g_func_k32_draw79,g_func,random k=32,0.0043263775145236,,,0.0099009900990099,results/crc_pdo_dense_resolution_plateau/RANDOM_CONTROL_16_24_32.csv,2131e3325c877d12db3905faa7986c5088e9b378,5d95b5c7f5a4aa7b3b8b00223025e44f18700af017ee4d7cc9693fdb84d20852,Dimension-matched random-subspace controls; 100 frozen draws per k.
Figure6,d,random_PG_macro_k32_draw80,PG_macro,random k=32,-0.0008330230295039,,,0.0099009900990099,results/crc_pdo_dense_resolution_plateau/RANDOM_CONTROL_16_24_32.csv,2131e3325c877d12db3905faa7986c5088e9b378,5d95b5c7f5a4aa7b3b8b00223025e44f18700af017ee4d7cc9693fdb84d20852,Dimension-matched random-subspace controls; 100 frozen draws per k.
Figure6,d,random_g_func_k32_draw80,g_func,random k=32,-0.0045082593757137,,,0.0099009900990099,results/crc_pdo_dense_resolution_plateau/RANDOM_CONTROL_16_24_32.csv,2131e3325c877d12db3905faa7986c5088e9b378,5d95b5c7f5a4aa7b3b8b00223025e44f18700af017ee4d7cc9693fdb84d20852,Dimension-matched random-subspace controls; 100 frozen draws per k.
Figure6,d,random_PG_macro_k32_draw81,PG_macro,random k=32,-0.0008309516961681,,,0.0099009900990099,results/crc_pdo_dense_resolution_plateau/RANDOM_CONTROL_16_24_32.csv,2131e3325c877d12db3905faa7986c5088e9b378,5d95b5c7f5a4aa7b3b8b00223025e44f18700af017ee4d7cc9693fdb84d20852,Dimension-matched random-subspace controls; 100 frozen draws per k.
Figure6,d,random_g_func_k32_draw81,g_func,random k=32,-0.0237180451892713,,,0.0099009900990099,results/crc_pdo_dense_resolution_plateau/RANDOM_CONTROL_16_24_32.csv,2131e3325c877d12db3905faa7986c5088e9b378,5d95b5c7f5a4aa7b3b8b00223025e44f18700af017ee4d7cc9693fdb84d20852,Dimension-matched random-subspace controls; 100 frozen draws per k.
Figure6,d,random_PG_macro_k32_draw82,PG_macro,random k=32,0.0037641078395812,,,0.0099009900990099,results/crc_pdo_dense_resolution_plateau/RANDOM_CONTROL_16_24_32.csv,2131e3325c877d12db3905faa7986c5088e9b378,5d95b5c7f5a4aa7b3b8b00223025e44f18700af017ee4d7cc9693fdb84d20852,Dimension-matched random-subspace controls; 100 frozen draws per k.
Figure6,d,random_g_func_k32_draw82,g_func,random k=32,-0.0014932272054302,,,0.0099009900990099,results/crc_pdo_dense_resolution_plateau/RANDOM_CONTROL_16_24_32.csv,2131e3325c877d12db3905faa7986c5088e9b378,5d95b5c7f5a4aa7b3b8b00223025e44f18700af017ee4d7cc9693fdb84d20852,Dimension-matched random-subspace controls; 100 frozen draws per k.
Figure6,d,random_PG_macro_k32_draw83,PG_macro,random k=32,-0.0083542762127171,,,0.0099009900990099,results/crc_pdo_dense_resolution_plateau/RANDOM_CONTROL_16_24_32.csv,2131e3325c877d12db3905faa7986c5088e9b378,5d95b5c7f5a4aa7b3b8b00223025e44f18700af017ee4d7cc9693fdb84d20852,Dimension-matched random-subspace controls; 100 frozen draws per k.
Figure6,d,random_g_func_k32_draw83,g_func,random k=32,-0.0423265656528739,,,0.0099009900990099,results/crc_pdo_dense_resolution_plateau/RANDOM_CONTROL_16_24_32.csv,2131e3325c877d12db3905faa7986c5088e9b378,5d95b5c7f5a4aa7b3b8b00223025e44f18700af017ee4d7cc9693fdb84d20852,Dimension-matched random-subspace controls; 100 frozen draws per k.
Figure6,d,random_PG_macro_k32_draw84,PG_macro,random k=32,0.0046029477480046,,,0.0099009900990099,results/crc_pdo_dense_resolution_plateau/RANDOM_CONTROL_16_24_32.csv,2131e3325c877d12db3905faa7986c5088e9b378,5d95b5c7f5a4aa7b3b8b00223025e44f18700af017ee4d7cc9693fdb84d20852,Dimension-matched random-subspace controls; 100 frozen draws per k.
Figure6,d,random_g_func_k32_draw84,g_func,random k=32,-0.0042797367181719,,,0.0099009900990099,results/crc_pdo_dense_resolution_plateau/RANDOM_CONTROL_16_24_32.csv,2131e3325c877d12db3905faa7986c5088e9b378,5d95b5c7f5a4aa7b3b8b00223025e44f18700af017ee4d7cc9693fdb84d20852,Dimension-matched random-subspace controls; 100 frozen draws per k.
Figure6,d,random_PG_macro_k32_draw85,PG_macro,random k=32,0.0018157124669142,,,0.0099009900990099,results/crc_pdo_dense_resolution_plateau/RANDOM_CONTROL_16_24_32.csv,2131e3325c877d12db3905faa7986c5088e9b378,5d95b5c7f5a4aa7b3b8b00223025e44f18700af017ee4d7cc9693fdb84d20852,Dimension-matched random-subspace controls; 100 frozen draws per k.
Figure6,d,random_g_func_k32_draw85,g_func,random k=32,-0.0197240034919279,,,0.0099009900990099,results/crc_pdo_dense_resolution_plateau/RANDOM_CONTROL_16_24_32.csv,2131e3325c877d12db3905faa7986c5088e9b378,5d95b5c7f5a4aa7b3b8b00223025e44f18700af017ee4d7cc9693fdb84d20852,Dimension-matched random-subspace controls; 100 frozen draws per k.
Figure6,d,random_PG_macro_k32_draw86,PG_macro,random k=32,0.0033498604225517,,,0.0099009900990099,results/crc_pdo_dense_resolution_plateau/RANDOM_CONTROL_16_24_32.csv,2131e3325c877d12db3905faa7986c5088e9b378,5d95b5c7f5a4aa7b3b8b00223025e44f18700af017ee4d7cc9693fdb84d20852,Dimension-matched random-subspace controls; 100 frozen draws per k.
Figure6,d,random_g_func_k32_draw86,g_func,random k=32,-0.0026415370084167,,,0.0099009900990099,results/crc_pdo_dense_resolution_plateau/RANDOM_CONTROL_16_24_32.csv,2131e3325c877d12db3905faa7986c5088e9b378,5d95b5c7f5a4aa7b3b8b00223025e44f18700af017ee4d7cc9693fdb84d20852,Dimension-matched random-subspace controls; 100 frozen draws per k.
Figure6,d,random_PG_macro_k32_draw87,PG_macro,random k=32,-0.0040325276101122,,,0.0099009900990099,results/crc_pdo_dense_resolution_plateau/RANDOM_CONTROL_16_24_32.csv,2131e3325c877d12db3905faa7986c5088e9b378,5d95b5c7f5a4aa7b3b8b00223025e44f18700af017ee4d7cc9693fdb84d20852,Dimension-matched random-subspace controls; 100 frozen draws per k.
Figure6,d,random_g_func_k32_draw87,g_func,random k=32,-0.0091000533094116,,,0.0099009900990099,results/crc_pdo_dense_resolution_plateau/RANDOM_CONTROL_16_24_32.csv,2131e3325c877d12db3905faa7986c5088e9b378,5d95b5c7f5a4aa7b3b8b00223025e44f18700af017ee4d7cc9693fdb84d20852,Dimension-matched random-subspace controls; 100 frozen draws per k.
Figure6,d,random_PG_macro_k32_draw88,PG_macro,random k=32,-0.002219062561832,,,0.0099009900990099,results/crc_pdo_dense_resolution_plateau/RANDOM_CONTROL_16_24_32.csv,2131e3325c877d12db3905faa7986c5088e9b378,5d95b5c7f5a4aa7b3b8b00223025e44f18700af017ee4d7cc9693fdb84d20852,Dimension-matched random-subspace controls; 100 frozen draws per k.
Figure6,d,random_g_func_k32_draw88,g_func,random k=32,-0.0407437625535647,,,0.0099009900990099,results/crc_pdo_dense_resolution_plateau/RANDOM_CONTROL_16_24_32.csv,2131e3325c877d12db3905faa7986c5088e9b378,5d95b5c7f5a4aa7b3b8b00223025e44f18700af017ee4d7cc9693fdb84d20852,Dimension-matched random-subspace controls; 100 frozen draws per k.
Figure6,d,random_PG_macro_k32_draw89,PG_macro,random k=32,0.0018187711696387,,,0.0099009900990099,results/crc_pdo_dense_resolution_plateau/RANDOM_CONTROL_16_24_32.csv,2131e3325c877d12db3905faa7986c5088e9b378,5d95b5c7f5a4aa7b3b8b00223025e44f18700af017ee4d7cc9693fdb84d20852,Dimension-matched random-subspace controls; 100 frozen draws per k.
Figure6,d,random_g_func_k32_draw89,g_func,random k=32,-0.0014356841723233,,,0.0099009900990099,results/crc_pdo_dense_resolution_plateau/RANDOM_CONTROL_16_24_32.csv,2131e3325c877d12db3905faa7986c5088e9b378,5d95b5c7f5a4aa7b3b8b00223025e44f18700af017ee4d7cc9693fdb84d20852,Dimension-matched random-subspace controls; 100 frozen draws per k.
Figure6,d,random_PG_macro_k32_draw90,PG_macro,random k=32,0.0040494246539099,,,0.0099009900990099,results/crc_pdo_dense_resolution_plateau/RANDOM_CONTROL_16_24_32.csv,2131e3325c877d12db3905faa7986c5088e9b378,5d95b5c7f5a4aa7b3b8b00223025e44f18700af017ee4d7cc9693fdb84d20852,Dimension-matched random-subspace controls; 100 frozen draws per k.
Figure6,d,random_g_func_k32_draw90,g_func,random k=32,0.0001640901097914,,,0.0099009900990099,results/crc_pdo_dense_resolution_plateau/RANDOM_CONTROL_16_24_32.csv,2131e3325c877d12db3905faa7986c5088e9b378,5d95b5c7f5a4aa7b3b8b00223025e44f18700af017ee4d7cc9693fdb84d20852,Dimension-matched random-subspace controls; 100 frozen draws per k.
Figure6,d,random_PG_macro_k32_draw91,PG_macro,random k=32,0.0113024459822058,,,0.0099009900990099,results/crc_pdo_dense_resolution_plateau/RANDOM_CONTROL_16_24_32.csv,2131e3325c877d12db3905faa7986c5088e9b378,5d95b5c7f5a4aa7b3b8b00223025e44f18700af017ee4d7cc9693fdb84d20852,Dimension-matched random-subspace controls; 100 frozen draws per k.
Figure6,d,random_g_func_k32_draw91,g_func,random k=32,0.006790144992851,,,0.0099009900990099,results/crc_pdo_dense_resolution_plateau/RANDOM_CONTROL_16_24_32.csv,2131e3325c877d12db3905faa7986c5088e9b378,5d95b5c7f5a4aa7b3b8b00223025e44f18700af017ee4d7cc9693fdb84d20852,Dimension-matched random-subspace controls; 100 frozen draws per k.
Figure6,d,random_PG_macro_k32_draw92,PG_macro,random k=32,0.0013973646235261,,,0.0099009900990099,results/crc_pdo_dense_resolution_plateau/RANDOM_CONTROL_16_24_32.csv,2131e3325c877d12db3905faa7986c5088e9b378,5d95b5c7f5a4aa7b3b8b00223025e44f18700af017ee4d7cc9693fdb84d20852,Dimension-matched random-subspace controls; 100 frozen draws per k.
Figure6,d,random_g_func_k32_draw92,g_func,random k=32,-0.0324762321397666,,,0.0099009900990099,results/crc_pdo_dense_resolution_plateau/RANDOM_CONTROL_16_24_32.csv,2131e3325c877d12db3905faa7986c5088e9b378,5d95b5c7f5a4aa7b3b8b00223025e44f18700af017ee4d7cc9693fdb84d20852,Dimension-matched random-subspace controls; 100 frozen draws per k.
Figure6,d,random_PG_macro_k32_draw93,PG_macro,random k=32,0.0094916423230927,,,0.0099009900990099,results/crc_pdo_dense_resolution_plateau/RANDOM_CONTROL_16_24_32.csv,2131e3325c877d12db3905faa7986c5088e9b378,5d95b5c7f5a4aa7b3b8b00223025e44f18700af017ee4d7cc9693fdb84d20852,Dimension-matched random-subspace controls; 100 frozen draws per k.
Figure6,d,random_g_func_k32_draw93,g_func,random k=32,0.0042512436797798,,,0.0099009900990099,results/crc_pdo_dense_resolution_plateau/RANDOM_CONTROL_16_24_32.csv,2131e3325c877d12db3905faa7986c5088e9b378,5d95b5c7f5a4aa7b3b8b00223025e44f18700af017ee4d7cc9693fdb84d20852,Dimension-matched random-subspace controls; 100 frozen draws per k.
Figure6,d,random_PG_macro_k32_draw94,PG_macro,random k=32,-0.0068172753076259,,,0.0099009900990099,results/crc_pdo_dense_resolution_plateau/RANDOM_CONTROL_16_24_32.csv,2131e3325c877d12db3905faa7986c5088e9b378,5d95b5c7f5a4aa7b3b8b00223025e44f18700af017ee4d7cc9693fdb84d20852,Dimension-matched random-subspace controls; 100 frozen draws per k.
Figure6,d,random_g_func_k32_draw94,g_func,random k=32,-0.0378410696293554,,,0.0099009900990099,results/crc_pdo_dense_resolution_plateau/RANDOM_CONTROL_16_24_32.csv,2131e3325c877d12db3905faa7986c5088e9b378,5d95b5c7f5a4aa7b3b8b00223025e44f18700af017ee4d7cc9693fdb84d20852,Dimension-matched random-subspace controls; 100 frozen draws per k.
Figure6,d,random_PG_macro_k32_draw95,PG_macro,random k=32,0.0008494018897165,,,0.0099009900990099,results/crc_pdo_dense_resolution_plateau/RANDOM_CONTROL_16_24_32.csv,2131e3325c877d12db3905faa7986c5088e9b378,5d95b5c7f5a4aa7b3b8b00223025e44f18700af017ee4d7cc9693fdb84d20852,Dimension-matched random-subspace controls; 100 frozen draws per k.
Figure6,d,random_g_func_k32_draw95,g_func,random k=32,-0.0323797151819496,,,0.0099009900990099,results/crc_pdo_dense_resolution_plateau/RANDOM_CONTROL_16_24_32.csv,2131e3325c877d12db3905faa7986c5088e9b378,5d95b5c7f5a4aa7b3b8b00223025e44f18700af017ee4d7cc9693fdb84d20852,Dimension-matched random-subspace controls; 100 frozen draws per k.
Figure6,d,random_PG_macro_k32_draw96,PG_macro,random k=32,0.0011184350197084,,,0.0099009900990099,results/crc_pdo_dense_resolution_plateau/RANDOM_CONTROL_16_24_32.csv,2131e3325c877d12db3905faa7986c5088e9b378,5d95b5c7f5a4aa7b3b8b00223025e44f18700af017ee4d7cc9693fdb84d20852,Dimension-matched random-subspace controls; 100 frozen draws per k.
Figure6,d,random_g_func_k32_draw96,g_func,random k=32,-0.0008033254096679,,,0.0099009900990099,results/crc_pdo_dense_resolution_plateau/RANDOM_CONTROL_16_24_32.csv,2131e3325c877d12db3905faa7986c5088e9b378,5d95b5c7f5a4aa7b3b8b00223025e44f18700af017ee4d7cc9693fdb84d20852,Dimension-matched random-subspace controls; 100 frozen draws per k.
Figure6,d,random_PG_macro_k32_draw97,PG_macro,random k=32,0.0034869105659299,,,0.0099009900990099,results/crc_pdo_dense_resolution_plateau/RANDOM_CONTROL_16_24_32.csv,2131e3325c877d12db3905faa7986c5088e9b378,5d95b5c7f5a4aa7b3b8b00223025e44f18700af017ee4d7cc9693fdb84d20852,Dimension-matched random-subspace controls; 100 frozen draws per k.
Figure6,d,random_g_func_k32_draw97,g_func,random k=32,0.0022155262081745,,,0.0099009900990099,results/crc_pdo_dense_resolution_plateau/RANDOM_CONTROL_16_24_32.csv,2131e3325c877d12db3905faa7986c5088e9b378,5d95b5c7f5a4aa7b3b8b00223025e44f18700af017ee4d7cc9693fdb84d20852,Dimension-matched random-subspace controls; 100 frozen draws per k.
Figure6,d,random_PG_macro_k32_draw98,PG_macro,random k=32,0.0016791561044651,,,0.0099009900990099,results/crc_pdo_dense_resolution_plateau/RANDOM_CONTROL_16_24_32.csv,2131e3325c877d12db3905faa7986c5088e9b378,5d95b5c7f5a4aa7b3b8b00223025e44f18700af017ee4d7cc9693fdb84d20852,Dimension-matched random-subspace controls; 100 frozen draws per k.
Figure6,d,random_g_func_k32_draw98,g_func,random k=32,-0.0057109673645454,,,0.0099009900990099,results/crc_pdo_dense_resolution_plateau/RANDOM_CONTROL_16_24_32.csv,2131e3325c877d12db3905faa7986c5088e9b378,5d95b5c7f5a4aa7b3b8b00223025e44f18700af017ee4d7cc9693fdb84d20852,Dimension-matched random-subspace controls; 100 frozen draws per k.
Figure6,d,random_PG_macro_k32_draw99,PG_macro,random k=32,0.0057227377092175,,,0.0099009900990099,results/crc_pdo_dense_resolution_plateau/RANDOM_CONTROL_16_24_32.csv,2131e3325c877d12db3905faa7986c5088e9b378,5d95b5c7f5a4aa7b3b8b00223025e44f18700af017ee4d7cc9693fdb84d20852,Dimension-matched random-subspace controls; 100 frozen draws per k.
Figure6,d,random_g_func_k32_draw99,g_func,random k=32,0.0029958901798826,,,0.0099009900990099,results/crc_pdo_dense_resolution_plateau/RANDOM_CONTROL_16_24_32.csv,2131e3325c877d12db3905faa7986c5088e9b378,5d95b5c7f5a4aa7b3b8b00223025e44f18700af017ee4d7cc9693fdb84d20852,Dimension-matched random-subspace controls; 100 frozen draws per k.
