figure,panel,platform,estimator,patient_id,k,model_overlap_count,model_overlap_fraction,population_overlap_count,population_overlap_fraction,model_exact_set_recovery,population_exact_set_recovery,population_margin_bin,valid_pairs,true_reversals,reversal_prevalence,reversal_recall,reversal_precision,balanced_accuracy,mcc,null_family,draw,PG_macro,g_func,reversal_balanced_accuracy,reversal_balanced_accuracy_minus_0.5,pdo_count,kendall_model,kendall_population,PG_i,spearman_model,spearman_population,g_func_i,true_reversal_count,reversal_mcc,top1_model_overlap_fraction,top1_population_overlap_fraction,top3_model_overlap_fraction,top3_population_overlap_fraction,top5_model_overlap_fraction,top5_population_overlap_fraction,row_type,metric,estimate,simultaneous_95_ci_lower,simultaneous_95_ci_upper,bootstrap_se,max_deviation_critical_value,one_sided_maxT_adjusted_p,positive_after_joint_correction,patients,bootstrap_draws,signflip_draws,source_file,source_commit,source_sha256,claim_boundary
Extended Data Figure 8,a,RNAseq,Ridge,Pt31,1.0,1.0,1.0,1.0,1.0,True,True,,,,,,,,,,,,,,,,,,,,,,,,,,,,,,,,,,,,,,,,,,results/crc_pdo_personalized_drug_application/TOPK_RECOVERY.csv,bb38403a0e4f0ecddafe866fa315d093bef6bec2,e26a9049e034339e741b26415eb4933310adc4144d15331d9e95c0c3e98559e8,outer-held-patient top-k descriptive recovery; no claim of clinical benefit
Extended Data Figure 8,a,RNAseq,Ridge,Pt31,3.0,2.0,0.6666666666666666,2.0,0.6666666666666666,False,False,,,,,,,,,,,,,,,,,,,,,,,,,,,,,,,,,,,,,,,,,,results/crc_pdo_personalized_drug_application/TOPK_RECOVERY.csv,bb38403a0e4f0ecddafe866fa315d093bef6bec2,e26a9049e034339e741b26415eb4933310adc4144d15331d9e95c0c3e98559e8,outer-held-patient top-k descriptive recovery; no claim of clinical benefit
Extended Data Figure 8,a,RNAseq,Ridge,Pt31,5.0,4.0,0.8,4.0,0.8,False,False,,,,,,,,,,,,,,,,,,,,,,,,,,,,,,,,,,,,,,,,,,results/crc_pdo_personalized_drug_application/TOPK_RECOVERY.csv,bb38403a0e4f0ecddafe866fa315d093bef6bec2,e26a9049e034339e741b26415eb4933310adc4144d15331d9e95c0c3e98559e8,outer-held-patient top-k descriptive recovery; no claim of clinical benefit
Extended Data Figure 8,a,RNAseq,Ridge,Pt32,1.0,1.0,1.0,1.0,1.0,True,True,,,,,,,,,,,,,,,,,,,,,,,,,,,,,,,,,,,,,,,,,,results/crc_pdo_personalized_drug_application/TOPK_RECOVERY.csv,bb38403a0e4f0ecddafe866fa315d093bef6bec2,e26a9049e034339e741b26415eb4933310adc4144d15331d9e95c0c3e98559e8,outer-held-patient top-k descriptive recovery; no claim of clinical benefit
Extended Data Figure 8,a,RNAseq,Ridge,Pt32,3.0,1.0,0.3333333333333333,1.0,0.3333333333333333,False,False,,,,,,,,,,,,,,,,,,,,,,,,,,,,,,,,,,,,,,,,,,results/crc_pdo_personalized_drug_application/TOPK_RECOVERY.csv,bb38403a0e4f0ecddafe866fa315d093bef6bec2,e26a9049e034339e741b26415eb4933310adc4144d15331d9e95c0c3e98559e8,outer-held-patient top-k descriptive recovery; no claim of clinical benefit
Extended Data Figure 8,a,RNAseq,Ridge,Pt32,5.0,3.0,0.6,2.0,0.4,False,False,,,,,,,,,,,,,,,,,,,,,,,,,,,,,,,,,,,,,,,,,,results/crc_pdo_personalized_drug_application/TOPK_RECOVERY.csv,bb38403a0e4f0ecddafe866fa315d093bef6bec2,e26a9049e034339e741b26415eb4933310adc4144d15331d9e95c0c3e98559e8,outer-held-patient top-k descriptive recovery; no claim of clinical benefit
Extended Data Figure 8,a,RNAseq,Ridge,Pt33,1.0,0.0,0.0,0.0,0.0,False,False,,,,,,,,,,,,,,,,,,,,,,,,,,,,,,,,,,,,,,,,,,results/crc_pdo_personalized_drug_application/TOPK_RECOVERY.csv,bb38403a0e4f0ecddafe866fa315d093bef6bec2,e26a9049e034339e741b26415eb4933310adc4144d15331d9e95c0c3e98559e8,outer-held-patient top-k descriptive recovery; no claim of clinical benefit
Extended Data Figure 8,a,RNAseq,Ridge,Pt33,3.0,2.0,0.6666666666666666,2.0,0.6666666666666666,False,False,,,,,,,,,,,,,,,,,,,,,,,,,,,,,,,,,,,,,,,,,,results/crc_pdo_personalized_drug_application/TOPK_RECOVERY.csv,bb38403a0e4f0ecddafe866fa315d093bef6bec2,e26a9049e034339e741b26415eb4933310adc4144d15331d9e95c0c3e98559e8,outer-held-patient top-k descriptive recovery; no claim of clinical benefit
Extended Data Figure 8,a,RNAseq,Ridge,Pt33,5.0,4.0,0.8,4.0,0.8,False,False,,,,,,,,,,,,,,,,,,,,,,,,,,,,,,,,,,,,,,,,,,results/crc_pdo_personalized_drug_application/TOPK_RECOVERY.csv,bb38403a0e4f0ecddafe866fa315d093bef6bec2,e26a9049e034339e741b26415eb4933310adc4144d15331d9e95c0c3e98559e8,outer-held-patient top-k descriptive recovery; no claim of clinical benefit
Extended Data Figure 8,a,RNAseq,Ridge,Pt35,1.0,1.0,1.0,1.0,1.0,True,True,,,,,,,,,,,,,,,,,,,,,,,,,,,,,,,,,,,,,,,,,,results/crc_pdo_personalized_drug_application/TOPK_RECOVERY.csv,bb38403a0e4f0ecddafe866fa315d093bef6bec2,e26a9049e034339e741b26415eb4933310adc4144d15331d9e95c0c3e98559e8,outer-held-patient top-k descriptive recovery; no claim of clinical benefit
Extended Data Figure 8,a,RNAseq,Ridge,Pt35,3.0,1.0,0.3333333333333333,2.0,0.6666666666666666,False,False,,,,,,,,,,,,,,,,,,,,,,,,,,,,,,,,,,,,,,,,,,results/crc_pdo_personalized_drug_application/TOPK_RECOVERY.csv,bb38403a0e4f0ecddafe866fa315d093bef6bec2,e26a9049e034339e741b26415eb4933310adc4144d15331d9e95c0c3e98559e8,outer-held-patient top-k descriptive recovery; no claim of clinical benefit
Extended Data Figure 8,a,RNAseq,Ridge,Pt35,5.0,3.0,0.6,2.0,0.4,False,False,,,,,,,,,,,,,,,,,,,,,,,,,,,,,,,,,,,,,,,,,,results/crc_pdo_personalized_drug_application/TOPK_RECOVERY.csv,bb38403a0e4f0ecddafe866fa315d093bef6bec2,e26a9049e034339e741b26415eb4933310adc4144d15331d9e95c0c3e98559e8,outer-held-patient top-k descriptive recovery; no claim of clinical benefit
Extended Data Figure 8,a,RNAseq,Ridge,Pt37,1.0,1.0,1.0,1.0,1.0,True,True,,,,,,,,,,,,,,,,,,,,,,,,,,,,,,,,,,,,,,,,,,results/crc_pdo_personalized_drug_application/TOPK_RECOVERY.csv,bb38403a0e4f0ecddafe866fa315d093bef6bec2,e26a9049e034339e741b26415eb4933310adc4144d15331d9e95c0c3e98559e8,outer-held-patient top-k descriptive recovery; no claim of clinical benefit
Extended Data Figure 8,a,RNAseq,Ridge,Pt37,3.0,3.0,1.0,1.0,0.3333333333333333,True,False,,,,,,,,,,,,,,,,,,,,,,,,,,,,,,,,,,,,,,,,,,results/crc_pdo_personalized_drug_application/TOPK_RECOVERY.csv,bb38403a0e4f0ecddafe866fa315d093bef6bec2,e26a9049e034339e741b26415eb4933310adc4144d15331d9e95c0c3e98559e8,outer-held-patient top-k descriptive recovery; no claim of clinical benefit
Extended Data Figure 8,a,RNAseq,Ridge,Pt37,5.0,5.0,1.0,2.0,0.4,True,False,,,,,,,,,,,,,,,,,,,,,,,,,,,,,,,,,,,,,,,,,,results/crc_pdo_personalized_drug_application/TOPK_RECOVERY.csv,bb38403a0e4f0ecddafe866fa315d093bef6bec2,e26a9049e034339e741b26415eb4933310adc4144d15331d9e95c0c3e98559e8,outer-held-patient top-k descriptive recovery; no claim of clinical benefit
Extended Data Figure 8,a,RNAseq,Ridge,Pt38,1.0,1.0,1.0,1.0,1.0,True,True,,,,,,,,,,,,,,,,,,,,,,,,,,,,,,,,,,,,,,,,,,results/crc_pdo_personalized_drug_application/TOPK_RECOVERY.csv,bb38403a0e4f0ecddafe866fa315d093bef6bec2,e26a9049e034339e741b26415eb4933310adc4144d15331d9e95c0c3e98559e8,outer-held-patient top-k descriptive recovery; no claim of clinical benefit
Extended Data Figure 8,a,RNAseq,Ridge,Pt38,3.0,1.0,0.3333333333333333,1.0,0.3333333333333333,False,False,,,,,,,,,,,,,,,,,,,,,,,,,,,,,,,,,,,,,,,,,,results/crc_pdo_personalized_drug_application/TOPK_RECOVERY.csv,bb38403a0e4f0ecddafe866fa315d093bef6bec2,e26a9049e034339e741b26415eb4933310adc4144d15331d9e95c0c3e98559e8,outer-held-patient top-k descriptive recovery; no claim of clinical benefit
Extended Data Figure 8,a,RNAseq,Ridge,Pt38,5.0,4.0,0.8,3.0,0.6,False,False,,,,,,,,,,,,,,,,,,,,,,,,,,,,,,,,,,,,,,,,,,results/crc_pdo_personalized_drug_application/TOPK_RECOVERY.csv,bb38403a0e4f0ecddafe866fa315d093bef6bec2,e26a9049e034339e741b26415eb4933310adc4144d15331d9e95c0c3e98559e8,outer-held-patient top-k descriptive recovery; no claim of clinical benefit
Extended Data Figure 8,a,RNAseq,Ridge,Pt39,1.0,1.0,1.0,1.0,1.0,True,True,,,,,,,,,,,,,,,,,,,,,,,,,,,,,,,,,,,,,,,,,,results/crc_pdo_personalized_drug_application/TOPK_RECOVERY.csv,bb38403a0e4f0ecddafe866fa315d093bef6bec2,e26a9049e034339e741b26415eb4933310adc4144d15331d9e95c0c3e98559e8,outer-held-patient top-k descriptive recovery; no claim of clinical benefit
Extended Data Figure 8,a,RNAseq,Ridge,Pt39,3.0,2.0,0.6666666666666666,1.0,0.3333333333333333,False,False,,,,,,,,,,,,,,,,,,,,,,,,,,,,,,,,,,,,,,,,,,results/crc_pdo_personalized_drug_application/TOPK_RECOVERY.csv,bb38403a0e4f0ecddafe866fa315d093bef6bec2,e26a9049e034339e741b26415eb4933310adc4144d15331d9e95c0c3e98559e8,outer-held-patient top-k descriptive recovery; no claim of clinical benefit
Extended Data Figure 8,a,RNAseq,Ridge,Pt39,5.0,3.0,0.6,3.0,0.6,False,False,,,,,,,,,,,,,,,,,,,,,,,,,,,,,,,,,,,,,,,,,,results/crc_pdo_personalized_drug_application/TOPK_RECOVERY.csv,bb38403a0e4f0ecddafe866fa315d093bef6bec2,e26a9049e034339e741b26415eb4933310adc4144d15331d9e95c0c3e98559e8,outer-held-patient top-k descriptive recovery; no claim of clinical benefit
Extended Data Figure 8,a,RNAseq,Ridge,Pt40,1.0,0.0,0.0,0.0,0.0,False,False,,,,,,,,,,,,,,,,,,,,,,,,,,,,,,,,,,,,,,,,,,results/crc_pdo_personalized_drug_application/TOPK_RECOVERY.csv,bb38403a0e4f0ecddafe866fa315d093bef6bec2,e26a9049e034339e741b26415eb4933310adc4144d15331d9e95c0c3e98559e8,outer-held-patient top-k descriptive recovery; no claim of clinical benefit
Extended Data Figure 8,a,RNAseq,Ridge,Pt40,3.0,0.0,0.0,0.0,0.0,False,False,,,,,,,,,,,,,,,,,,,,,,,,,,,,,,,,,,,,,,,,,,results/crc_pdo_personalized_drug_application/TOPK_RECOVERY.csv,bb38403a0e4f0ecddafe866fa315d093bef6bec2,e26a9049e034339e741b26415eb4933310adc4144d15331d9e95c0c3e98559e8,outer-held-patient top-k descriptive recovery; no claim of clinical benefit
Extended Data Figure 8,a,RNAseq,Ridge,Pt40,5.0,1.0,0.2,1.0,0.2,False,False,,,,,,,,,,,,,,,,,,,,,,,,,,,,,,,,,,,,,,,,,,results/crc_pdo_personalized_drug_application/TOPK_RECOVERY.csv,bb38403a0e4f0ecddafe866fa315d093bef6bec2,e26a9049e034339e741b26415eb4933310adc4144d15331d9e95c0c3e98559e8,outer-held-patient top-k descriptive recovery; no claim of clinical benefit
Extended Data Figure 8,a,RNAseq,Ridge,Pt42,1.0,1.0,1.0,1.0,1.0,True,True,,,,,,,,,,,,,,,,,,,,,,,,,,,,,,,,,,,,,,,,,,results/crc_pdo_personalized_drug_application/TOPK_RECOVERY.csv,bb38403a0e4f0ecddafe866fa315d093bef6bec2,e26a9049e034339e741b26415eb4933310adc4144d15331d9e95c0c3e98559e8,outer-held-patient top-k descriptive recovery; no claim of clinical benefit
Extended Data Figure 8,a,RNAseq,Ridge,Pt42,3.0,1.0,0.3333333333333333,1.0,0.3333333333333333,False,False,,,,,,,,,,,,,,,,,,,,,,,,,,,,,,,,,,,,,,,,,,results/crc_pdo_personalized_drug_application/TOPK_RECOVERY.csv,bb38403a0e4f0ecddafe866fa315d093bef6bec2,e26a9049e034339e741b26415eb4933310adc4144d15331d9e95c0c3e98559e8,outer-held-patient top-k descriptive recovery; no claim of clinical benefit
Extended Data Figure 8,a,RNAseq,Ridge,Pt42,5.0,3.0,0.6,3.0,0.6,False,False,,,,,,,,,,,,,,,,,,,,,,,,,,,,,,,,,,,,,,,,,,results/crc_pdo_personalized_drug_application/TOPK_RECOVERY.csv,bb38403a0e4f0ecddafe866fa315d093bef6bec2,e26a9049e034339e741b26415eb4933310adc4144d15331d9e95c0c3e98559e8,outer-held-patient top-k descriptive recovery; no claim of clinical benefit
Extended Data Figure 8,a,RNAseq,Ridge,Pt43,1.0,1.0,1.0,1.0,1.0,True,True,,,,,,,,,,,,,,,,,,,,,,,,,,,,,,,,,,,,,,,,,,results/crc_pdo_personalized_drug_application/TOPK_RECOVERY.csv,bb38403a0e4f0ecddafe866fa315d093bef6bec2,e26a9049e034339e741b26415eb4933310adc4144d15331d9e95c0c3e98559e8,outer-held-patient top-k descriptive recovery; no claim of clinical benefit
Extended Data Figure 8,a,RNAseq,Ridge,Pt43,3.0,3.0,1.0,2.0,0.6666666666666666,True,False,,,,,,,,,,,,,,,,,,,,,,,,,,,,,,,,,,,,,,,,,,results/crc_pdo_personalized_drug_application/TOPK_RECOVERY.csv,bb38403a0e4f0ecddafe866fa315d093bef6bec2,e26a9049e034339e741b26415eb4933310adc4144d15331d9e95c0c3e98559e8,outer-held-patient top-k descriptive recovery; no claim of clinical benefit
Extended Data Figure 8,a,RNAseq,Ridge,Pt43,5.0,4.0,0.8,5.0,1.0,False,True,,,,,,,,,,,,,,,,,,,,,,,,,,,,,,,,,,,,,,,,,,results/crc_pdo_personalized_drug_application/TOPK_RECOVERY.csv,bb38403a0e4f0ecddafe866fa315d093bef6bec2,e26a9049e034339e741b26415eb4933310adc4144d15331d9e95c0c3e98559e8,outer-held-patient top-k descriptive recovery; no claim of clinical benefit
Extended Data Figure 8,a,RNAseq,Ridge,Pt44,1.0,1.0,1.0,1.0,1.0,True,True,,,,,,,,,,,,,,,,,,,,,,,,,,,,,,,,,,,,,,,,,,results/crc_pdo_personalized_drug_application/TOPK_RECOVERY.csv,bb38403a0e4f0ecddafe866fa315d093bef6bec2,e26a9049e034339e741b26415eb4933310adc4144d15331d9e95c0c3e98559e8,outer-held-patient top-k descriptive recovery; no claim of clinical benefit
Extended Data Figure 8,a,RNAseq,Ridge,Pt44,3.0,3.0,1.0,2.0,0.6666666666666666,True,False,,,,,,,,,,,,,,,,,,,,,,,,,,,,,,,,,,,,,,,,,,results/crc_pdo_personalized_drug_application/TOPK_RECOVERY.csv,bb38403a0e4f0ecddafe866fa315d093bef6bec2,e26a9049e034339e741b26415eb4933310adc4144d15331d9e95c0c3e98559e8,outer-held-patient top-k descriptive recovery; no claim of clinical benefit
Extended Data Figure 8,a,RNAseq,Ridge,Pt44,5.0,3.0,0.6,2.0,0.4,False,False,,,,,,,,,,,,,,,,,,,,,,,,,,,,,,,,,,,,,,,,,,results/crc_pdo_personalized_drug_application/TOPK_RECOVERY.csv,bb38403a0e4f0ecddafe866fa315d093bef6bec2,e26a9049e034339e741b26415eb4933310adc4144d15331d9e95c0c3e98559e8,outer-held-patient top-k descriptive recovery; no claim of clinical benefit
Extended Data Figure 8,a,RNAseq,Ridge,Pt45,1.0,1.0,1.0,1.0,1.0,True,True,,,,,,,,,,,,,,,,,,,,,,,,,,,,,,,,,,,,,,,,,,results/crc_pdo_personalized_drug_application/TOPK_RECOVERY.csv,bb38403a0e4f0ecddafe866fa315d093bef6bec2,e26a9049e034339e741b26415eb4933310adc4144d15331d9e95c0c3e98559e8,outer-held-patient top-k descriptive recovery; no claim of clinical benefit
Extended Data Figure 8,a,RNAseq,Ridge,Pt45,3.0,2.0,0.6666666666666666,1.0,0.3333333333333333,False,False,,,,,,,,,,,,,,,,,,,,,,,,,,,,,,,,,,,,,,,,,,results/crc_pdo_personalized_drug_application/TOPK_RECOVERY.csv,bb38403a0e4f0ecddafe866fa315d093bef6bec2,e26a9049e034339e741b26415eb4933310adc4144d15331d9e95c0c3e98559e8,outer-held-patient top-k descriptive recovery; no claim of clinical benefit
Extended Data Figure 8,a,RNAseq,Ridge,Pt45,5.0,3.0,0.6,3.0,0.6,False,False,,,,,,,,,,,,,,,,,,,,,,,,,,,,,,,,,,,,,,,,,,results/crc_pdo_personalized_drug_application/TOPK_RECOVERY.csv,bb38403a0e4f0ecddafe866fa315d093bef6bec2,e26a9049e034339e741b26415eb4933310adc4144d15331d9e95c0c3e98559e8,outer-held-patient top-k descriptive recovery; no claim of clinical benefit
Extended Data Figure 8,a,RNAseq,Ridge,Pt46,1.0,1.0,1.0,1.0,1.0,True,True,,,,,,,,,,,,,,,,,,,,,,,,,,,,,,,,,,,,,,,,,,results/crc_pdo_personalized_drug_application/TOPK_RECOVERY.csv,bb38403a0e4f0ecddafe866fa315d093bef6bec2,e26a9049e034339e741b26415eb4933310adc4144d15331d9e95c0c3e98559e8,outer-held-patient top-k descriptive recovery; no claim of clinical benefit
Extended Data Figure 8,a,RNAseq,Ridge,Pt46,3.0,1.0,0.3333333333333333,1.0,0.3333333333333333,False,False,,,,,,,,,,,,,,,,,,,,,,,,,,,,,,,,,,,,,,,,,,results/crc_pdo_personalized_drug_application/TOPK_RECOVERY.csv,bb38403a0e4f0ecddafe866fa315d093bef6bec2,e26a9049e034339e741b26415eb4933310adc4144d15331d9e95c0c3e98559e8,outer-held-patient top-k descriptive recovery; no claim of clinical benefit
Extended Data Figure 8,a,RNAseq,Ridge,Pt46,5.0,2.0,0.4,2.0,0.4,False,False,,,,,,,,,,,,,,,,,,,,,,,,,,,,,,,,,,,,,,,,,,results/crc_pdo_personalized_drug_application/TOPK_RECOVERY.csv,bb38403a0e4f0ecddafe866fa315d093bef6bec2,e26a9049e034339e741b26415eb4933310adc4144d15331d9e95c0c3e98559e8,outer-held-patient top-k descriptive recovery; no claim of clinical benefit
Extended Data Figure 8,a,RNAseq,Ridge,Pt49,1.0,1.0,1.0,1.0,1.0,True,True,,,,,,,,,,,,,,,,,,,,,,,,,,,,,,,,,,,,,,,,,,results/crc_pdo_personalized_drug_application/TOPK_RECOVERY.csv,bb38403a0e4f0ecddafe866fa315d093bef6bec2,e26a9049e034339e741b26415eb4933310adc4144d15331d9e95c0c3e98559e8,outer-held-patient top-k descriptive recovery; no claim of clinical benefit
Extended Data Figure 8,a,RNAseq,Ridge,Pt49,3.0,1.0,0.3333333333333333,1.0,0.3333333333333333,False,False,,,,,,,,,,,,,,,,,,,,,,,,,,,,,,,,,,,,,,,,,,results/crc_pdo_personalized_drug_application/TOPK_RECOVERY.csv,bb38403a0e4f0ecddafe866fa315d093bef6bec2,e26a9049e034339e741b26415eb4933310adc4144d15331d9e95c0c3e98559e8,outer-held-patient top-k descriptive recovery; no claim of clinical benefit
Extended Data Figure 8,a,RNAseq,Ridge,Pt49,5.0,3.0,0.6,2.0,0.4,False,False,,,,,,,,,,,,,,,,,,,,,,,,,,,,,,,,,,,,,,,,,,results/crc_pdo_personalized_drug_application/TOPK_RECOVERY.csv,bb38403a0e4f0ecddafe866fa315d093bef6bec2,e26a9049e034339e741b26415eb4933310adc4144d15331d9e95c0c3e98559e8,outer-held-patient top-k descriptive recovery; no claim of clinical benefit
Extended Data Figure 8,a,RNAseq,Ridge,Pt56,1.0,1.0,1.0,1.0,1.0,True,True,,,,,,,,,,,,,,,,,,,,,,,,,,,,,,,,,,,,,,,,,,results/crc_pdo_personalized_drug_application/TOPK_RECOVERY.csv,bb38403a0e4f0ecddafe866fa315d093bef6bec2,e26a9049e034339e741b26415eb4933310adc4144d15331d9e95c0c3e98559e8,outer-held-patient top-k descriptive recovery; no claim of clinical benefit
Extended Data Figure 8,a,RNAseq,Ridge,Pt56,3.0,2.0,0.6666666666666666,2.0,0.6666666666666666,False,False,,,,,,,,,,,,,,,,,,,,,,,,,,,,,,,,,,,,,,,,,,results/crc_pdo_personalized_drug_application/TOPK_RECOVERY.csv,bb38403a0e4f0ecddafe866fa315d093bef6bec2,e26a9049e034339e741b26415eb4933310adc4144d15331d9e95c0c3e98559e8,outer-held-patient top-k descriptive recovery; no claim of clinical benefit
Extended Data Figure 8,a,RNAseq,Ridge,Pt56,5.0,3.0,0.6,3.0,0.6,False,False,,,,,,,,,,,,,,,,,,,,,,,,,,,,,,,,,,,,,,,,,,results/crc_pdo_personalized_drug_application/TOPK_RECOVERY.csv,bb38403a0e4f0ecddafe866fa315d093bef6bec2,e26a9049e034339e741b26415eb4933310adc4144d15331d9e95c0c3e98559e8,outer-held-patient top-k descriptive recovery; no claim of clinical benefit
Extended Data Figure 8,a,RNAseq,Ridge,Pt57,1.0,1.0,1.0,1.0,1.0,True,True,,,,,,,,,,,,,,,,,,,,,,,,,,,,,,,,,,,,,,,,,,results/crc_pdo_personalized_drug_application/TOPK_RECOVERY.csv,bb38403a0e4f0ecddafe866fa315d093bef6bec2,e26a9049e034339e741b26415eb4933310adc4144d15331d9e95c0c3e98559e8,outer-held-patient top-k descriptive recovery; no claim of clinical benefit
Extended Data Figure 8,a,RNAseq,Ridge,Pt57,3.0,1.0,0.3333333333333333,1.0,0.3333333333333333,False,False,,,,,,,,,,,,,,,,,,,,,,,,,,,,,,,,,,,,,,,,,,results/crc_pdo_personalized_drug_application/TOPK_RECOVERY.csv,bb38403a0e4f0ecddafe866fa315d093bef6bec2,e26a9049e034339e741b26415eb4933310adc4144d15331d9e95c0c3e98559e8,outer-held-patient top-k descriptive recovery; no claim of clinical benefit
Extended Data Figure 8,a,RNAseq,Ridge,Pt57,5.0,2.0,0.4,3.0,0.6,False,False,,,,,,,,,,,,,,,,,,,,,,,,,,,,,,,,,,,,,,,,,,results/crc_pdo_personalized_drug_application/TOPK_RECOVERY.csv,bb38403a0e4f0ecddafe866fa315d093bef6bec2,e26a9049e034339e741b26415eb4933310adc4144d15331d9e95c0c3e98559e8,outer-held-patient top-k descriptive recovery; no claim of clinical benefit
Extended Data Figure 8,a,RNAseq,Ridge,Pt58,1.0,1.0,1.0,1.0,1.0,True,True,,,,,,,,,,,,,,,,,,,,,,,,,,,,,,,,,,,,,,,,,,results/crc_pdo_personalized_drug_application/TOPK_RECOVERY.csv,bb38403a0e4f0ecddafe866fa315d093bef6bec2,e26a9049e034339e741b26415eb4933310adc4144d15331d9e95c0c3e98559e8,outer-held-patient top-k descriptive recovery; no claim of clinical benefit
Extended Data Figure 8,a,RNAseq,Ridge,Pt58,3.0,2.0,0.6666666666666666,1.0,0.3333333333333333,False,False,,,,,,,,,,,,,,,,,,,,,,,,,,,,,,,,,,,,,,,,,,results/crc_pdo_personalized_drug_application/TOPK_RECOVERY.csv,bb38403a0e4f0ecddafe866fa315d093bef6bec2,e26a9049e034339e741b26415eb4933310adc4144d15331d9e95c0c3e98559e8,outer-held-patient top-k descriptive recovery; no claim of clinical benefit
Extended Data Figure 8,a,RNAseq,Ridge,Pt58,5.0,3.0,0.6,3.0,0.6,False,False,,,,,,,,,,,,,,,,,,,,,,,,,,,,,,,,,,,,,,,,,,results/crc_pdo_personalized_drug_application/TOPK_RECOVERY.csv,bb38403a0e4f0ecddafe866fa315d093bef6bec2,e26a9049e034339e741b26415eb4933310adc4144d15331d9e95c0c3e98559e8,outer-held-patient top-k descriptive recovery; no claim of clinical benefit
Extended Data Figure 8,a,RNAseq,Ridge,Pt59,1.0,1.0,1.0,1.0,1.0,True,True,,,,,,,,,,,,,,,,,,,,,,,,,,,,,,,,,,,,,,,,,,results/crc_pdo_personalized_drug_application/TOPK_RECOVERY.csv,bb38403a0e4f0ecddafe866fa315d093bef6bec2,e26a9049e034339e741b26415eb4933310adc4144d15331d9e95c0c3e98559e8,outer-held-patient top-k descriptive recovery; no claim of clinical benefit
Extended Data Figure 8,a,RNAseq,Ridge,Pt59,3.0,2.0,0.6666666666666666,1.0,0.3333333333333333,False,False,,,,,,,,,,,,,,,,,,,,,,,,,,,,,,,,,,,,,,,,,,results/crc_pdo_personalized_drug_application/TOPK_RECOVERY.csv,bb38403a0e4f0ecddafe866fa315d093bef6bec2,e26a9049e034339e741b26415eb4933310adc4144d15331d9e95c0c3e98559e8,outer-held-patient top-k descriptive recovery; no claim of clinical benefit
Extended Data Figure 8,a,RNAseq,Ridge,Pt59,5.0,3.0,0.6,2.0,0.4,False,False,,,,,,,,,,,,,,,,,,,,,,,,,,,,,,,,,,,,,,,,,,results/crc_pdo_personalized_drug_application/TOPK_RECOVERY.csv,bb38403a0e4f0ecddafe866fa315d093bef6bec2,e26a9049e034339e741b26415eb4933310adc4144d15331d9e95c0c3e98559e8,outer-held-patient top-k descriptive recovery; no claim of clinical benefit
Extended Data Figure 8,a,RNAseq,Ridge,Pt61,1.0,1.0,1.0,1.0,1.0,True,True,,,,,,,,,,,,,,,,,,,,,,,,,,,,,,,,,,,,,,,,,,results/crc_pdo_personalized_drug_application/TOPK_RECOVERY.csv,bb38403a0e4f0ecddafe866fa315d093bef6bec2,e26a9049e034339e741b26415eb4933310adc4144d15331d9e95c0c3e98559e8,outer-held-patient top-k descriptive recovery; no claim of clinical benefit
Extended Data Figure 8,a,RNAseq,Ridge,Pt61,3.0,2.0,0.6666666666666666,1.0,0.3333333333333333,False,False,,,,,,,,,,,,,,,,,,,,,,,,,,,,,,,,,,,,,,,,,,results/crc_pdo_personalized_drug_application/TOPK_RECOVERY.csv,bb38403a0e4f0ecddafe866fa315d093bef6bec2,e26a9049e034339e741b26415eb4933310adc4144d15331d9e95c0c3e98559e8,outer-held-patient top-k descriptive recovery; no claim of clinical benefit
Extended Data Figure 8,a,RNAseq,Ridge,Pt61,5.0,5.0,1.0,4.0,0.8,True,False,,,,,,,,,,,,,,,,,,,,,,,,,,,,,,,,,,,,,,,,,,results/crc_pdo_personalized_drug_application/TOPK_RECOVERY.csv,bb38403a0e4f0ecddafe866fa315d093bef6bec2,e26a9049e034339e741b26415eb4933310adc4144d15331d9e95c0c3e98559e8,outer-held-patient top-k descriptive recovery; no claim of clinical benefit
Extended Data Figure 8,a,RNAseq,Ridge,Pt62,1.0,1.0,1.0,1.0,1.0,True,True,,,,,,,,,,,,,,,,,,,,,,,,,,,,,,,,,,,,,,,,,,results/crc_pdo_personalized_drug_application/TOPK_RECOVERY.csv,bb38403a0e4f0ecddafe866fa315d093bef6bec2,e26a9049e034339e741b26415eb4933310adc4144d15331d9e95c0c3e98559e8,outer-held-patient top-k descriptive recovery; no claim of clinical benefit
Extended Data Figure 8,a,RNAseq,Ridge,Pt62,3.0,1.0,0.3333333333333333,1.0,0.3333333333333333,False,False,,,,,,,,,,,,,,,,,,,,,,,,,,,,,,,,,,,,,,,,,,results/crc_pdo_personalized_drug_application/TOPK_RECOVERY.csv,bb38403a0e4f0ecddafe866fa315d093bef6bec2,e26a9049e034339e741b26415eb4933310adc4144d15331d9e95c0c3e98559e8,outer-held-patient top-k descriptive recovery; no claim of clinical benefit
Extended Data Figure 8,a,RNAseq,Ridge,Pt62,5.0,2.0,0.4,2.0,0.4,False,False,,,,,,,,,,,,,,,,,,,,,,,,,,,,,,,,,,,,,,,,,,results/crc_pdo_personalized_drug_application/TOPK_RECOVERY.csv,bb38403a0e4f0ecddafe866fa315d093bef6bec2,e26a9049e034339e741b26415eb4933310adc4144d15331d9e95c0c3e98559e8,outer-held-patient top-k descriptive recovery; no claim of clinical benefit
Extended Data Figure 8,a,RNAseq,Ridge,Pt65,1.0,1.0,1.0,1.0,1.0,True,True,,,,,,,,,,,,,,,,,,,,,,,,,,,,,,,,,,,,,,,,,,results/crc_pdo_personalized_drug_application/TOPK_RECOVERY.csv,bb38403a0e4f0ecddafe866fa315d093bef6bec2,e26a9049e034339e741b26415eb4933310adc4144d15331d9e95c0c3e98559e8,outer-held-patient top-k descriptive recovery; no claim of clinical benefit
Extended Data Figure 8,a,RNAseq,Ridge,Pt65,3.0,2.0,0.6666666666666666,2.0,0.6666666666666666,False,False,,,,,,,,,,,,,,,,,,,,,,,,,,,,,,,,,,,,,,,,,,results/crc_pdo_personalized_drug_application/TOPK_RECOVERY.csv,bb38403a0e4f0ecddafe866fa315d093bef6bec2,e26a9049e034339e741b26415eb4933310adc4144d15331d9e95c0c3e98559e8,outer-held-patient top-k descriptive recovery; no claim of clinical benefit
Extended Data Figure 8,a,RNAseq,Ridge,Pt65,5.0,3.0,0.6,3.0,0.6,False,False,,,,,,,,,,,,,,,,,,,,,,,,,,,,,,,,,,,,,,,,,,results/crc_pdo_personalized_drug_application/TOPK_RECOVERY.csv,bb38403a0e4f0ecddafe866fa315d093bef6bec2,e26a9049e034339e741b26415eb4933310adc4144d15331d9e95c0c3e98559e8,outer-held-patient top-k descriptive recovery; no claim of clinical benefit
Extended Data Figure 8,a,RNAseq,Ridge,Pt67,1.0,1.0,1.0,1.0,1.0,True,True,,,,,,,,,,,,,,,,,,,,,,,,,,,,,,,,,,,,,,,,,,results/crc_pdo_personalized_drug_application/TOPK_RECOVERY.csv,bb38403a0e4f0ecddafe866fa315d093bef6bec2,e26a9049e034339e741b26415eb4933310adc4144d15331d9e95c0c3e98559e8,outer-held-patient top-k descriptive recovery; no claim of clinical benefit
Extended Data Figure 8,a,RNAseq,Ridge,Pt67,3.0,1.0,0.3333333333333333,1.0,0.3333333333333333,False,False,,,,,,,,,,,,,,,,,,,,,,,,,,,,,,,,,,,,,,,,,,results/crc_pdo_personalized_drug_application/TOPK_RECOVERY.csv,bb38403a0e4f0ecddafe866fa315d093bef6bec2,e26a9049e034339e741b26415eb4933310adc4144d15331d9e95c0c3e98559e8,outer-held-patient top-k descriptive recovery; no claim of clinical benefit
Extended Data Figure 8,a,RNAseq,Ridge,Pt67,5.0,3.0,0.6,2.0,0.4,False,False,,,,,,,,,,,,,,,,,,,,,,,,,,,,,,,,,,,,,,,,,,results/crc_pdo_personalized_drug_application/TOPK_RECOVERY.csv,bb38403a0e4f0ecddafe866fa315d093bef6bec2,e26a9049e034339e741b26415eb4933310adc4144d15331d9e95c0c3e98559e8,outer-held-patient top-k descriptive recovery; no claim of clinical benefit
Extended Data Figure 8,a,RNAseq,Ridge,Pt70,1.0,1.0,1.0,1.0,1.0,True,True,,,,,,,,,,,,,,,,,,,,,,,,,,,,,,,,,,,,,,,,,,results/crc_pdo_personalized_drug_application/TOPK_RECOVERY.csv,bb38403a0e4f0ecddafe866fa315d093bef6bec2,e26a9049e034339e741b26415eb4933310adc4144d15331d9e95c0c3e98559e8,outer-held-patient top-k descriptive recovery; no claim of clinical benefit
Extended Data Figure 8,a,RNAseq,Ridge,Pt70,3.0,1.0,0.3333333333333333,2.0,0.6666666666666666,False,False,,,,,,,,,,,,,,,,,,,,,,,,,,,,,,,,,,,,,,,,,,results/crc_pdo_personalized_drug_application/TOPK_RECOVERY.csv,bb38403a0e4f0ecddafe866fa315d093bef6bec2,e26a9049e034339e741b26415eb4933310adc4144d15331d9e95c0c3e98559e8,outer-held-patient top-k descriptive recovery; no claim of clinical benefit
Extended Data Figure 8,a,RNAseq,Ridge,Pt70,5.0,3.0,0.6,3.0,0.6,False,False,,,,,,,,,,,,,,,,,,,,,,,,,,,,,,,,,,,,,,,,,,results/crc_pdo_personalized_drug_application/TOPK_RECOVERY.csv,bb38403a0e4f0ecddafe866fa315d093bef6bec2,e26a9049e034339e741b26415eb4933310adc4144d15331d9e95c0c3e98559e8,outer-held-patient top-k descriptive recovery; no claim of clinical benefit
Extended Data Figure 8,a,RNAseq,Ridge,Pt74,1.0,0.0,0.0,0.0,0.0,False,False,,,,,,,,,,,,,,,,,,,,,,,,,,,,,,,,,,,,,,,,,,results/crc_pdo_personalized_drug_application/TOPK_RECOVERY.csv,bb38403a0e4f0ecddafe866fa315d093bef6bec2,e26a9049e034339e741b26415eb4933310adc4144d15331d9e95c0c3e98559e8,outer-held-patient top-k descriptive recovery; no claim of clinical benefit
Extended Data Figure 8,a,RNAseq,Ridge,Pt74,3.0,1.0,0.3333333333333333,1.0,0.3333333333333333,False,False,,,,,,,,,,,,,,,,,,,,,,,,,,,,,,,,,,,,,,,,,,results/crc_pdo_personalized_drug_application/TOPK_RECOVERY.csv,bb38403a0e4f0ecddafe866fa315d093bef6bec2,e26a9049e034339e741b26415eb4933310adc4144d15331d9e95c0c3e98559e8,outer-held-patient top-k descriptive recovery; no claim of clinical benefit
Extended Data Figure 8,a,RNAseq,Ridge,Pt74,5.0,2.0,0.4,4.0,0.8,False,False,,,,,,,,,,,,,,,,,,,,,,,,,,,,,,,,,,,,,,,,,,results/crc_pdo_personalized_drug_application/TOPK_RECOVERY.csv,bb38403a0e4f0ecddafe866fa315d093bef6bec2,e26a9049e034339e741b26415eb4933310adc4144d15331d9e95c0c3e98559e8,outer-held-patient top-k descriptive recovery; no claim of clinical benefit
Extended Data Figure 8,a,RNAseq,Ridge,Pt77,1.0,1.0,1.0,1.0,1.0,True,True,,,,,,,,,,,,,,,,,,,,,,,,,,,,,,,,,,,,,,,,,,results/crc_pdo_personalized_drug_application/TOPK_RECOVERY.csv,bb38403a0e4f0ecddafe866fa315d093bef6bec2,e26a9049e034339e741b26415eb4933310adc4144d15331d9e95c0c3e98559e8,outer-held-patient top-k descriptive recovery; no claim of clinical benefit
Extended Data Figure 8,a,RNAseq,Ridge,Pt77,3.0,3.0,1.0,2.0,0.6666666666666666,True,False,,,,,,,,,,,,,,,,,,,,,,,,,,,,,,,,,,,,,,,,,,results/crc_pdo_personalized_drug_application/TOPK_RECOVERY.csv,bb38403a0e4f0ecddafe866fa315d093bef6bec2,e26a9049e034339e741b26415eb4933310adc4144d15331d9e95c0c3e98559e8,outer-held-patient top-k descriptive recovery; no claim of clinical benefit
Extended Data Figure 8,a,RNAseq,Ridge,Pt77,5.0,3.0,0.6,4.0,0.8,False,False,,,,,,,,,,,,,,,,,,,,,,,,,,,,,,,,,,,,,,,,,,results/crc_pdo_personalized_drug_application/TOPK_RECOVERY.csv,bb38403a0e4f0ecddafe866fa315d093bef6bec2,e26a9049e034339e741b26415eb4933310adc4144d15331d9e95c0c3e98559e8,outer-held-patient top-k descriptive recovery; no claim of clinical benefit
Extended Data Figure 8,a,RNAseq,Ridge,Pt81,1.0,1.0,1.0,1.0,1.0,True,True,,,,,,,,,,,,,,,,,,,,,,,,,,,,,,,,,,,,,,,,,,results/crc_pdo_personalized_drug_application/TOPK_RECOVERY.csv,bb38403a0e4f0ecddafe866fa315d093bef6bec2,e26a9049e034339e741b26415eb4933310adc4144d15331d9e95c0c3e98559e8,outer-held-patient top-k descriptive recovery; no claim of clinical benefit
Extended Data Figure 8,a,RNAseq,Ridge,Pt81,3.0,2.0,0.6666666666666666,2.0,0.6666666666666666,False,False,,,,,,,,,,,,,,,,,,,,,,,,,,,,,,,,,,,,,,,,,,results/crc_pdo_personalized_drug_application/TOPK_RECOVERY.csv,bb38403a0e4f0ecddafe866fa315d093bef6bec2,e26a9049e034339e741b26415eb4933310adc4144d15331d9e95c0c3e98559e8,outer-held-patient top-k descriptive recovery; no claim of clinical benefit
Extended Data Figure 8,a,RNAseq,Ridge,Pt81,5.0,3.0,0.6,3.0,0.6,False,False,,,,,,,,,,,,,,,,,,,,,,,,,,,,,,,,,,,,,,,,,,results/crc_pdo_personalized_drug_application/TOPK_RECOVERY.csv,bb38403a0e4f0ecddafe866fa315d093bef6bec2,e26a9049e034339e741b26415eb4933310adc4144d15331d9e95c0c3e98559e8,outer-held-patient top-k descriptive recovery; no claim of clinical benefit
Extended Data Figure 8,a,RNAseq,Ridge,Pt86,1.0,1.0,1.0,1.0,1.0,True,True,,,,,,,,,,,,,,,,,,,,,,,,,,,,,,,,,,,,,,,,,,results/crc_pdo_personalized_drug_application/TOPK_RECOVERY.csv,bb38403a0e4f0ecddafe866fa315d093bef6bec2,e26a9049e034339e741b26415eb4933310adc4144d15331d9e95c0c3e98559e8,outer-held-patient top-k descriptive recovery; no claim of clinical benefit
Extended Data Figure 8,a,RNAseq,Ridge,Pt86,3.0,2.0,0.6666666666666666,1.0,0.3333333333333333,False,False,,,,,,,,,,,,,,,,,,,,,,,,,,,,,,,,,,,,,,,,,,results/crc_pdo_personalized_drug_application/TOPK_RECOVERY.csv,bb38403a0e4f0ecddafe866fa315d093bef6bec2,e26a9049e034339e741b26415eb4933310adc4144d15331d9e95c0c3e98559e8,outer-held-patient top-k descriptive recovery; no claim of clinical benefit
Extended Data Figure 8,a,RNAseq,Ridge,Pt86,5.0,3.0,0.6,3.0,0.6,False,False,,,,,,,,,,,,,,,,,,,,,,,,,,,,,,,,,,,,,,,,,,results/crc_pdo_personalized_drug_application/TOPK_RECOVERY.csv,bb38403a0e4f0ecddafe866fa315d093bef6bec2,e26a9049e034339e741b26415eb4933310adc4144d15331d9e95c0c3e98559e8,outer-held-patient top-k descriptive recovery; no claim of clinical benefit
Extended Data Figure 8,a,RNAseq,Ridge,Pt89,1.0,1.0,1.0,1.0,1.0,True,True,,,,,,,,,,,,,,,,,,,,,,,,,,,,,,,,,,,,,,,,,,results/crc_pdo_personalized_drug_application/TOPK_RECOVERY.csv,bb38403a0e4f0ecddafe866fa315d093bef6bec2,e26a9049e034339e741b26415eb4933310adc4144d15331d9e95c0c3e98559e8,outer-held-patient top-k descriptive recovery; no claim of clinical benefit
Extended Data Figure 8,a,RNAseq,Ridge,Pt89,3.0,2.0,0.6666666666666666,2.0,0.6666666666666666,False,False,,,,,,,,,,,,,,,,,,,,,,,,,,,,,,,,,,,,,,,,,,results/crc_pdo_personalized_drug_application/TOPK_RECOVERY.csv,bb38403a0e4f0ecddafe866fa315d093bef6bec2,e26a9049e034339e741b26415eb4933310adc4144d15331d9e95c0c3e98559e8,outer-held-patient top-k descriptive recovery; no claim of clinical benefit
Extended Data Figure 8,a,RNAseq,Ridge,Pt89,5.0,4.0,0.8,3.0,0.6,False,False,,,,,,,,,,,,,,,,,,,,,,,,,,,,,,,,,,,,,,,,,,results/crc_pdo_personalized_drug_application/TOPK_RECOVERY.csv,bb38403a0e4f0ecddafe866fa315d093bef6bec2,e26a9049e034339e741b26415eb4933310adc4144d15331d9e95c0c3e98559e8,outer-held-patient top-k descriptive recovery; no claim of clinical benefit
Extended Data Figure 8,a,RNAseq,Ridge,Pt100,1.0,0.0,0.0,0.0,0.0,False,False,,,,,,,,,,,,,,,,,,,,,,,,,,,,,,,,,,,,,,,,,,results/crc_pdo_personalized_drug_application/TOPK_RECOVERY.csv,bb38403a0e4f0ecddafe866fa315d093bef6bec2,e26a9049e034339e741b26415eb4933310adc4144d15331d9e95c0c3e98559e8,outer-held-patient top-k descriptive recovery; no claim of clinical benefit
Extended Data Figure 8,a,RNAseq,Ridge,Pt100,3.0,2.0,0.6666666666666666,2.0,0.6666666666666666,False,False,,,,,,,,,,,,,,,,,,,,,,,,,,,,,,,,,,,,,,,,,,results/crc_pdo_personalized_drug_application/TOPK_RECOVERY.csv,bb38403a0e4f0ecddafe866fa315d093bef6bec2,e26a9049e034339e741b26415eb4933310adc4144d15331d9e95c0c3e98559e8,outer-held-patient top-k descriptive recovery; no claim of clinical benefit
Extended Data Figure 8,a,RNAseq,Ridge,Pt100,5.0,3.0,0.6,3.0,0.6,False,False,,,,,,,,,,,,,,,,,,,,,,,,,,,,,,,,,,,,,,,,,,results/crc_pdo_personalized_drug_application/TOPK_RECOVERY.csv,bb38403a0e4f0ecddafe866fa315d093bef6bec2,e26a9049e034339e741b26415eb4933310adc4144d15331d9e95c0c3e98559e8,outer-held-patient top-k descriptive recovery; no claim of clinical benefit
Extended Data Figure 8,a,RNAseq,Ridge,Pt101,1.0,1.0,1.0,1.0,1.0,True,True,,,,,,,,,,,,,,,,,,,,,,,,,,,,,,,,,,,,,,,,,,results/crc_pdo_personalized_drug_application/TOPK_RECOVERY.csv,bb38403a0e4f0ecddafe866fa315d093bef6bec2,e26a9049e034339e741b26415eb4933310adc4144d15331d9e95c0c3e98559e8,outer-held-patient top-k descriptive recovery; no claim of clinical benefit
Extended Data Figure 8,a,RNAseq,Ridge,Pt101,3.0,2.0,0.6666666666666666,2.0,0.6666666666666666,False,False,,,,,,,,,,,,,,,,,,,,,,,,,,,,,,,,,,,,,,,,,,results/crc_pdo_personalized_drug_application/TOPK_RECOVERY.csv,bb38403a0e4f0ecddafe866fa315d093bef6bec2,e26a9049e034339e741b26415eb4933310adc4144d15331d9e95c0c3e98559e8,outer-held-patient top-k descriptive recovery; no claim of clinical benefit
Extended Data Figure 8,a,RNAseq,Ridge,Pt101,5.0,4.0,0.8,4.0,0.8,False,False,,,,,,,,,,,,,,,,,,,,,,,,,,,,,,,,,,,,,,,,,,results/crc_pdo_personalized_drug_application/TOPK_RECOVERY.csv,bb38403a0e4f0ecddafe866fa315d093bef6bec2,e26a9049e034339e741b26415eb4933310adc4144d15331d9e95c0c3e98559e8,outer-held-patient top-k descriptive recovery; no claim of clinical benefit
Extended Data Figure 8,a,RNAseq,Ridge,Pt102,1.0,1.0,1.0,1.0,1.0,True,True,,,,,,,,,,,,,,,,,,,,,,,,,,,,,,,,,,,,,,,,,,results/crc_pdo_personalized_drug_application/TOPK_RECOVERY.csv,bb38403a0e4f0ecddafe866fa315d093bef6bec2,e26a9049e034339e741b26415eb4933310adc4144d15331d9e95c0c3e98559e8,outer-held-patient top-k descriptive recovery; no claim of clinical benefit
Extended Data Figure 8,a,RNAseq,Ridge,Pt102,3.0,1.0,0.3333333333333333,1.0,0.3333333333333333,False,False,,,,,,,,,,,,,,,,,,,,,,,,,,,,,,,,,,,,,,,,,,results/crc_pdo_personalized_drug_application/TOPK_RECOVERY.csv,bb38403a0e4f0ecddafe866fa315d093bef6bec2,e26a9049e034339e741b26415eb4933310adc4144d15331d9e95c0c3e98559e8,outer-held-patient top-k descriptive recovery; no claim of clinical benefit
Extended Data Figure 8,a,RNAseq,Ridge,Pt102,5.0,2.0,0.4,2.0,0.4,False,False,,,,,,,,,,,,,,,,,,,,,,,,,,,,,,,,,,,,,,,,,,results/crc_pdo_personalized_drug_application/TOPK_RECOVERY.csv,bb38403a0e4f0ecddafe866fa315d093bef6bec2,e26a9049e034339e741b26415eb4933310adc4144d15331d9e95c0c3e98559e8,outer-held-patient top-k descriptive recovery; no claim of clinical benefit
Extended Data Figure 8,a,RNAseq,Ridge,Pt103,1.0,1.0,1.0,1.0,1.0,True,True,,,,,,,,,,,,,,,,,,,,,,,,,,,,,,,,,,,,,,,,,,results/crc_pdo_personalized_drug_application/TOPK_RECOVERY.csv,bb38403a0e4f0ecddafe866fa315d093bef6bec2,e26a9049e034339e741b26415eb4933310adc4144d15331d9e95c0c3e98559e8,outer-held-patient top-k descriptive recovery; no claim of clinical benefit
Extended Data Figure 8,a,RNAseq,Ridge,Pt103,3.0,1.0,0.3333333333333333,1.0,0.3333333333333333,False,False,,,,,,,,,,,,,,,,,,,,,,,,,,,,,,,,,,,,,,,,,,results/crc_pdo_personalized_drug_application/TOPK_RECOVERY.csv,bb38403a0e4f0ecddafe866fa315d093bef6bec2,e26a9049e034339e741b26415eb4933310adc4144d15331d9e95c0c3e98559e8,outer-held-patient top-k descriptive recovery; no claim of clinical benefit
Extended Data Figure 8,a,RNAseq,Ridge,Pt103,5.0,4.0,0.8,3.0,0.6,False,False,,,,,,,,,,,,,,,,,,,,,,,,,,,,,,,,,,,,,,,,,,results/crc_pdo_personalized_drug_application/TOPK_RECOVERY.csv,bb38403a0e4f0ecddafe866fa315d093bef6bec2,e26a9049e034339e741b26415eb4933310adc4144d15331d9e95c0c3e98559e8,outer-held-patient top-k descriptive recovery; no claim of clinical benefit
Extended Data Figure 8,a,RNAseq,Ridge,Pt105,1.0,0.0,0.0,0.0,0.0,False,False,,,,,,,,,,,,,,,,,,,,,,,,,,,,,,,,,,,,,,,,,,results/crc_pdo_personalized_drug_application/TOPK_RECOVERY.csv,bb38403a0e4f0ecddafe866fa315d093bef6bec2,e26a9049e034339e741b26415eb4933310adc4144d15331d9e95c0c3e98559e8,outer-held-patient top-k descriptive recovery; no claim of clinical benefit
Extended Data Figure 8,a,RNAseq,Ridge,Pt105,3.0,1.0,0.3333333333333333,1.0,0.3333333333333333,False,False,,,,,,,,,,,,,,,,,,,,,,,,,,,,,,,,,,,,,,,,,,results/crc_pdo_personalized_drug_application/TOPK_RECOVERY.csv,bb38403a0e4f0ecddafe866fa315d093bef6bec2,e26a9049e034339e741b26415eb4933310adc4144d15331d9e95c0c3e98559e8,outer-held-patient top-k descriptive recovery; no claim of clinical benefit
Extended Data Figure 8,a,RNAseq,Ridge,Pt105,5.0,4.0,0.8,3.0,0.6,False,False,,,,,,,,,,,,,,,,,,,,,,,,,,,,,,,,,,,,,,,,,,results/crc_pdo_personalized_drug_application/TOPK_RECOVERY.csv,bb38403a0e4f0ecddafe866fa315d093bef6bec2,e26a9049e034339e741b26415eb4933310adc4144d15331d9e95c0c3e98559e8,outer-held-patient top-k descriptive recovery; no claim of clinical benefit
Extended Data Figure 8,a,RNAseq,Ridge,Pt106,1.0,1.0,1.0,1.0,1.0,True,True,,,,,,,,,,,,,,,,,,,,,,,,,,,,,,,,,,,,,,,,,,results/crc_pdo_personalized_drug_application/TOPK_RECOVERY.csv,bb38403a0e4f0ecddafe866fa315d093bef6bec2,e26a9049e034339e741b26415eb4933310adc4144d15331d9e95c0c3e98559e8,outer-held-patient top-k descriptive recovery; no claim of clinical benefit
Extended Data Figure 8,a,RNAseq,Ridge,Pt106,3.0,1.0,0.3333333333333333,2.0,0.6666666666666666,False,False,,,,,,,,,,,,,,,,,,,,,,,,,,,,,,,,,,,,,,,,,,results/crc_pdo_personalized_drug_application/TOPK_RECOVERY.csv,bb38403a0e4f0ecddafe866fa315d093bef6bec2,e26a9049e034339e741b26415eb4933310adc4144d15331d9e95c0c3e98559e8,outer-held-patient top-k descriptive recovery; no claim of clinical benefit
Extended Data Figure 8,a,RNAseq,Ridge,Pt106,5.0,5.0,1.0,4.0,0.8,True,False,,,,,,,,,,,,,,,,,,,,,,,,,,,,,,,,,,,,,,,,,,results/crc_pdo_personalized_drug_application/TOPK_RECOVERY.csv,bb38403a0e4f0ecddafe866fa315d093bef6bec2,e26a9049e034339e741b26415eb4933310adc4144d15331d9e95c0c3e98559e8,outer-held-patient top-k descriptive recovery; no claim of clinical benefit
Extended Data Figure 8,a,RNAseq,Ridge,Pt109,1.0,1.0,1.0,1.0,1.0,True,True,,,,,,,,,,,,,,,,,,,,,,,,,,,,,,,,,,,,,,,,,,results/crc_pdo_personalized_drug_application/TOPK_RECOVERY.csv,bb38403a0e4f0ecddafe866fa315d093bef6bec2,e26a9049e034339e741b26415eb4933310adc4144d15331d9e95c0c3e98559e8,outer-held-patient top-k descriptive recovery; no claim of clinical benefit
Extended Data Figure 8,a,RNAseq,Ridge,Pt109,3.0,2.0,0.6666666666666666,3.0,1.0,False,True,,,,,,,,,,,,,,,,,,,,,,,,,,,,,,,,,,,,,,,,,,results/crc_pdo_personalized_drug_application/TOPK_RECOVERY.csv,bb38403a0e4f0ecddafe866fa315d093bef6bec2,e26a9049e034339e741b26415eb4933310adc4144d15331d9e95c0c3e98559e8,outer-held-patient top-k descriptive recovery; no claim of clinical benefit
Extended Data Figure 8,a,RNAseq,Ridge,Pt109,5.0,5.0,1.0,4.0,0.8,True,False,,,,,,,,,,,,,,,,,,,,,,,,,,,,,,,,,,,,,,,,,,results/crc_pdo_personalized_drug_application/TOPK_RECOVERY.csv,bb38403a0e4f0ecddafe866fa315d093bef6bec2,e26a9049e034339e741b26415eb4933310adc4144d15331d9e95c0c3e98559e8,outer-held-patient top-k descriptive recovery; no claim of clinical benefit
Extended Data Figure 8,a,RNAseq,Ridge,Pt110,1.0,0.0,0.0,0.0,0.0,False,False,,,,,,,,,,,,,,,,,,,,,,,,,,,,,,,,,,,,,,,,,,results/crc_pdo_personalized_drug_application/TOPK_RECOVERY.csv,bb38403a0e4f0ecddafe866fa315d093bef6bec2,e26a9049e034339e741b26415eb4933310adc4144d15331d9e95c0c3e98559e8,outer-held-patient top-k descriptive recovery; no claim of clinical benefit
Extended Data Figure 8,a,RNAseq,Ridge,Pt110,3.0,2.0,0.6666666666666666,2.0,0.6666666666666666,False,False,,,,,,,,,,,,,,,,,,,,,,,,,,,,,,,,,,,,,,,,,,results/crc_pdo_personalized_drug_application/TOPK_RECOVERY.csv,bb38403a0e4f0ecddafe866fa315d093bef6bec2,e26a9049e034339e741b26415eb4933310adc4144d15331d9e95c0c3e98559e8,outer-held-patient top-k descriptive recovery; no claim of clinical benefit
Extended Data Figure 8,a,RNAseq,Ridge,Pt110,5.0,3.0,0.6,3.0,0.6,False,False,,,,,,,,,,,,,,,,,,,,,,,,,,,,,,,,,,,,,,,,,,results/crc_pdo_personalized_drug_application/TOPK_RECOVERY.csv,bb38403a0e4f0ecddafe866fa315d093bef6bec2,e26a9049e034339e741b26415eb4933310adc4144d15331d9e95c0c3e98559e8,outer-held-patient top-k descriptive recovery; no claim of clinical benefit
Extended Data Figure 8,a,RNAseq,Ridge,Pt111,1.0,1.0,1.0,1.0,1.0,True,True,,,,,,,,,,,,,,,,,,,,,,,,,,,,,,,,,,,,,,,,,,results/crc_pdo_personalized_drug_application/TOPK_RECOVERY.csv,bb38403a0e4f0ecddafe866fa315d093bef6bec2,e26a9049e034339e741b26415eb4933310adc4144d15331d9e95c0c3e98559e8,outer-held-patient top-k descriptive recovery; no claim of clinical benefit
Extended Data Figure 8,a,RNAseq,Ridge,Pt111,3.0,2.0,0.6666666666666666,2.0,0.6666666666666666,False,False,,,,,,,,,,,,,,,,,,,,,,,,,,,,,,,,,,,,,,,,,,results/crc_pdo_personalized_drug_application/TOPK_RECOVERY.csv,bb38403a0e4f0ecddafe866fa315d093bef6bec2,e26a9049e034339e741b26415eb4933310adc4144d15331d9e95c0c3e98559e8,outer-held-patient top-k descriptive recovery; no claim of clinical benefit
Extended Data Figure 8,a,RNAseq,Ridge,Pt111,5.0,4.0,0.8,4.0,0.8,False,False,,,,,,,,,,,,,,,,,,,,,,,,,,,,,,,,,,,,,,,,,,results/crc_pdo_personalized_drug_application/TOPK_RECOVERY.csv,bb38403a0e4f0ecddafe866fa315d093bef6bec2,e26a9049e034339e741b26415eb4933310adc4144d15331d9e95c0c3e98559e8,outer-held-patient top-k descriptive recovery; no claim of clinical benefit
Extended Data Figure 8,a,RNAseq,Ridge,Pt114,1.0,1.0,1.0,1.0,1.0,True,True,,,,,,,,,,,,,,,,,,,,,,,,,,,,,,,,,,,,,,,,,,results/crc_pdo_personalized_drug_application/TOPK_RECOVERY.csv,bb38403a0e4f0ecddafe866fa315d093bef6bec2,e26a9049e034339e741b26415eb4933310adc4144d15331d9e95c0c3e98559e8,outer-held-patient top-k descriptive recovery; no claim of clinical benefit
Extended Data Figure 8,a,RNAseq,Ridge,Pt114,3.0,1.0,0.3333333333333333,2.0,0.6666666666666666,False,False,,,,,,,,,,,,,,,,,,,,,,,,,,,,,,,,,,,,,,,,,,results/crc_pdo_personalized_drug_application/TOPK_RECOVERY.csv,bb38403a0e4f0ecddafe866fa315d093bef6bec2,e26a9049e034339e741b26415eb4933310adc4144d15331d9e95c0c3e98559e8,outer-held-patient top-k descriptive recovery; no claim of clinical benefit
Extended Data Figure 8,a,RNAseq,Ridge,Pt114,5.0,2.0,0.4,2.0,0.4,False,False,,,,,,,,,,,,,,,,,,,,,,,,,,,,,,,,,,,,,,,,,,results/crc_pdo_personalized_drug_application/TOPK_RECOVERY.csv,bb38403a0e4f0ecddafe866fa315d093bef6bec2,e26a9049e034339e741b26415eb4933310adc4144d15331d9e95c0c3e98559e8,outer-held-patient top-k descriptive recovery; no claim of clinical benefit
Extended Data Figure 8,a,RNAseq,Ridge,Pt117,1.0,1.0,1.0,1.0,1.0,True,True,,,,,,,,,,,,,,,,,,,,,,,,,,,,,,,,,,,,,,,,,,results/crc_pdo_personalized_drug_application/TOPK_RECOVERY.csv,bb38403a0e4f0ecddafe866fa315d093bef6bec2,e26a9049e034339e741b26415eb4933310adc4144d15331d9e95c0c3e98559e8,outer-held-patient top-k descriptive recovery; no claim of clinical benefit
Extended Data Figure 8,a,RNAseq,Ridge,Pt117,3.0,3.0,1.0,3.0,1.0,True,True,,,,,,,,,,,,,,,,,,,,,,,,,,,,,,,,,,,,,,,,,,results/crc_pdo_personalized_drug_application/TOPK_RECOVERY.csv,bb38403a0e4f0ecddafe866fa315d093bef6bec2,e26a9049e034339e741b26415eb4933310adc4144d15331d9e95c0c3e98559e8,outer-held-patient top-k descriptive recovery; no claim of clinical benefit
Extended Data Figure 8,a,RNAseq,Ridge,Pt117,5.0,3.0,0.6,3.0,0.6,False,False,,,,,,,,,,,,,,,,,,,,,,,,,,,,,,,,,,,,,,,,,,results/crc_pdo_personalized_drug_application/TOPK_RECOVERY.csv,bb38403a0e4f0ecddafe866fa315d093bef6bec2,e26a9049e034339e741b26415eb4933310adc4144d15331d9e95c0c3e98559e8,outer-held-patient top-k descriptive recovery; no claim of clinical benefit
Extended Data Figure 8,a,RNAseq,Ridge,Pt119,1.0,1.0,1.0,1.0,1.0,True,True,,,,,,,,,,,,,,,,,,,,,,,,,,,,,,,,,,,,,,,,,,results/crc_pdo_personalized_drug_application/TOPK_RECOVERY.csv,bb38403a0e4f0ecddafe866fa315d093bef6bec2,e26a9049e034339e741b26415eb4933310adc4144d15331d9e95c0c3e98559e8,outer-held-patient top-k descriptive recovery; no claim of clinical benefit
Extended Data Figure 8,a,RNAseq,Ridge,Pt119,3.0,2.0,0.6666666666666666,2.0,0.6666666666666666,False,False,,,,,,,,,,,,,,,,,,,,,,,,,,,,,,,,,,,,,,,,,,results/crc_pdo_personalized_drug_application/TOPK_RECOVERY.csv,bb38403a0e4f0ecddafe866fa315d093bef6bec2,e26a9049e034339e741b26415eb4933310adc4144d15331d9e95c0c3e98559e8,outer-held-patient top-k descriptive recovery; no claim of clinical benefit
Extended Data Figure 8,a,RNAseq,Ridge,Pt119,5.0,3.0,0.6,4.0,0.8,False,False,,,,,,,,,,,,,,,,,,,,,,,,,,,,,,,,,,,,,,,,,,results/crc_pdo_personalized_drug_application/TOPK_RECOVERY.csv,bb38403a0e4f0ecddafe866fa315d093bef6bec2,e26a9049e034339e741b26415eb4933310adc4144d15331d9e95c0c3e98559e8,outer-held-patient top-k descriptive recovery; no claim of clinical benefit
Extended Data Figure 8,a,RNAseq,Ridge,Pt120,1.0,1.0,1.0,1.0,1.0,True,True,,,,,,,,,,,,,,,,,,,,,,,,,,,,,,,,,,,,,,,,,,results/crc_pdo_personalized_drug_application/TOPK_RECOVERY.csv,bb38403a0e4f0ecddafe866fa315d093bef6bec2,e26a9049e034339e741b26415eb4933310adc4144d15331d9e95c0c3e98559e8,outer-held-patient top-k descriptive recovery; no claim of clinical benefit
Extended Data Figure 8,a,RNAseq,Ridge,Pt120,3.0,1.0,0.3333333333333333,1.0,0.3333333333333333,False,False,,,,,,,,,,,,,,,,,,,,,,,,,,,,,,,,,,,,,,,,,,results/crc_pdo_personalized_drug_application/TOPK_RECOVERY.csv,bb38403a0e4f0ecddafe866fa315d093bef6bec2,e26a9049e034339e741b26415eb4933310adc4144d15331d9e95c0c3e98559e8,outer-held-patient top-k descriptive recovery; no claim of clinical benefit
Extended Data Figure 8,a,RNAseq,Ridge,Pt120,5.0,3.0,0.6,3.0,0.6,False,False,,,,,,,,,,,,,,,,,,,,,,,,,,,,,,,,,,,,,,,,,,results/crc_pdo_personalized_drug_application/TOPK_RECOVERY.csv,bb38403a0e4f0ecddafe866fa315d093bef6bec2,e26a9049e034339e741b26415eb4933310adc4144d15331d9e95c0c3e98559e8,outer-held-patient top-k descriptive recovery; no claim of clinical benefit
Extended Data Figure 8,a,RNAseq,Ridge,Pt122,1.0,1.0,1.0,1.0,1.0,True,True,,,,,,,,,,,,,,,,,,,,,,,,,,,,,,,,,,,,,,,,,,results/crc_pdo_personalized_drug_application/TOPK_RECOVERY.csv,bb38403a0e4f0ecddafe866fa315d093bef6bec2,e26a9049e034339e741b26415eb4933310adc4144d15331d9e95c0c3e98559e8,outer-held-patient top-k descriptive recovery; no claim of clinical benefit
Extended Data Figure 8,a,RNAseq,Ridge,Pt122,3.0,2.0,0.6666666666666666,2.0,0.6666666666666666,False,False,,,,,,,,,,,,,,,,,,,,,,,,,,,,,,,,,,,,,,,,,,results/crc_pdo_personalized_drug_application/TOPK_RECOVERY.csv,bb38403a0e4f0ecddafe866fa315d093bef6bec2,e26a9049e034339e741b26415eb4933310adc4144d15331d9e95c0c3e98559e8,outer-held-patient top-k descriptive recovery; no claim of clinical benefit
Extended Data Figure 8,a,RNAseq,Ridge,Pt122,5.0,5.0,1.0,4.0,0.8,True,False,,,,,,,,,,,,,,,,,,,,,,,,,,,,,,,,,,,,,,,,,,results/crc_pdo_personalized_drug_application/TOPK_RECOVERY.csv,bb38403a0e4f0ecddafe866fa315d093bef6bec2,e26a9049e034339e741b26415eb4933310adc4144d15331d9e95c0c3e98559e8,outer-held-patient top-k descriptive recovery; no claim of clinical benefit
Extended Data Figure 8,a,RNAseq,Ridge,Pt123,1.0,1.0,1.0,1.0,1.0,True,True,,,,,,,,,,,,,,,,,,,,,,,,,,,,,,,,,,,,,,,,,,results/crc_pdo_personalized_drug_application/TOPK_RECOVERY.csv,bb38403a0e4f0ecddafe866fa315d093bef6bec2,e26a9049e034339e741b26415eb4933310adc4144d15331d9e95c0c3e98559e8,outer-held-patient top-k descriptive recovery; no claim of clinical benefit
Extended Data Figure 8,a,RNAseq,Ridge,Pt123,3.0,2.0,0.6666666666666666,2.0,0.6666666666666666,False,False,,,,,,,,,,,,,,,,,,,,,,,,,,,,,,,,,,,,,,,,,,results/crc_pdo_personalized_drug_application/TOPK_RECOVERY.csv,bb38403a0e4f0ecddafe866fa315d093bef6bec2,e26a9049e034339e741b26415eb4933310adc4144d15331d9e95c0c3e98559e8,outer-held-patient top-k descriptive recovery; no claim of clinical benefit
Extended Data Figure 8,a,RNAseq,Ridge,Pt123,5.0,3.0,0.6,3.0,0.6,False,False,,,,,,,,,,,,,,,,,,,,,,,,,,,,,,,,,,,,,,,,,,results/crc_pdo_personalized_drug_application/TOPK_RECOVERY.csv,bb38403a0e4f0ecddafe866fa315d093bef6bec2,e26a9049e034339e741b26415eb4933310adc4144d15331d9e95c0c3e98559e8,outer-held-patient top-k descriptive recovery; no claim of clinical benefit
Extended Data Figure 8,a,RNAseq,Ridge,Pt125,1.0,1.0,1.0,1.0,1.0,True,True,,,,,,,,,,,,,,,,,,,,,,,,,,,,,,,,,,,,,,,,,,results/crc_pdo_personalized_drug_application/TOPK_RECOVERY.csv,bb38403a0e4f0ecddafe866fa315d093bef6bec2,e26a9049e034339e741b26415eb4933310adc4144d15331d9e95c0c3e98559e8,outer-held-patient top-k descriptive recovery; no claim of clinical benefit
Extended Data Figure 8,a,RNAseq,Ridge,Pt125,3.0,3.0,1.0,3.0,1.0,True,True,,,,,,,,,,,,,,,,,,,,,,,,,,,,,,,,,,,,,,,,,,results/crc_pdo_personalized_drug_application/TOPK_RECOVERY.csv,bb38403a0e4f0ecddafe866fa315d093bef6bec2,e26a9049e034339e741b26415eb4933310adc4144d15331d9e95c0c3e98559e8,outer-held-patient top-k descriptive recovery; no claim of clinical benefit
Extended Data Figure 8,a,RNAseq,Ridge,Pt125,5.0,3.0,0.6,3.0,0.6,False,False,,,,,,,,,,,,,,,,,,,,,,,,,,,,,,,,,,,,,,,,,,results/crc_pdo_personalized_drug_application/TOPK_RECOVERY.csv,bb38403a0e4f0ecddafe866fa315d093bef6bec2,e26a9049e034339e741b26415eb4933310adc4144d15331d9e95c0c3e98559e8,outer-held-patient top-k descriptive recovery; no claim of clinical benefit
Extended Data Figure 8,a,RNAseq,Ridge,Pt126,1.0,1.0,1.0,1.0,1.0,True,True,,,,,,,,,,,,,,,,,,,,,,,,,,,,,,,,,,,,,,,,,,results/crc_pdo_personalized_drug_application/TOPK_RECOVERY.csv,bb38403a0e4f0ecddafe866fa315d093bef6bec2,e26a9049e034339e741b26415eb4933310adc4144d15331d9e95c0c3e98559e8,outer-held-patient top-k descriptive recovery; no claim of clinical benefit
Extended Data Figure 8,a,RNAseq,Ridge,Pt126,3.0,2.0,0.6666666666666666,3.0,1.0,False,True,,,,,,,,,,,,,,,,,,,,,,,,,,,,,,,,,,,,,,,,,,results/crc_pdo_personalized_drug_application/TOPK_RECOVERY.csv,bb38403a0e4f0ecddafe866fa315d093bef6bec2,e26a9049e034339e741b26415eb4933310adc4144d15331d9e95c0c3e98559e8,outer-held-patient top-k descriptive recovery; no claim of clinical benefit
Extended Data Figure 8,a,RNAseq,Ridge,Pt126,5.0,4.0,0.8,4.0,0.8,False,False,,,,,,,,,,,,,,,,,,,,,,,,,,,,,,,,,,,,,,,,,,results/crc_pdo_personalized_drug_application/TOPK_RECOVERY.csv,bb38403a0e4f0ecddafe866fa315d093bef6bec2,e26a9049e034339e741b26415eb4933310adc4144d15331d9e95c0c3e98559e8,outer-held-patient top-k descriptive recovery; no claim of clinical benefit
Extended Data Figure 8,a,RNAseq,Ridge,Pt127,1.0,1.0,1.0,1.0,1.0,True,True,,,,,,,,,,,,,,,,,,,,,,,,,,,,,,,,,,,,,,,,,,results/crc_pdo_personalized_drug_application/TOPK_RECOVERY.csv,bb38403a0e4f0ecddafe866fa315d093bef6bec2,e26a9049e034339e741b26415eb4933310adc4144d15331d9e95c0c3e98559e8,outer-held-patient top-k descriptive recovery; no claim of clinical benefit
Extended Data Figure 8,a,RNAseq,Ridge,Pt127,3.0,2.0,0.6666666666666666,2.0,0.6666666666666666,False,False,,,,,,,,,,,,,,,,,,,,,,,,,,,,,,,,,,,,,,,,,,results/crc_pdo_personalized_drug_application/TOPK_RECOVERY.csv,bb38403a0e4f0ecddafe866fa315d093bef6bec2,e26a9049e034339e741b26415eb4933310adc4144d15331d9e95c0c3e98559e8,outer-held-patient top-k descriptive recovery; no claim of clinical benefit
Extended Data Figure 8,a,RNAseq,Ridge,Pt127,5.0,2.0,0.4,2.0,0.4,False,False,,,,,,,,,,,,,,,,,,,,,,,,,,,,,,,,,,,,,,,,,,results/crc_pdo_personalized_drug_application/TOPK_RECOVERY.csv,bb38403a0e4f0ecddafe866fa315d093bef6bec2,e26a9049e034339e741b26415eb4933310adc4144d15331d9e95c0c3e98559e8,outer-held-patient top-k descriptive recovery; no claim of clinical benefit
Extended Data Figure 8,a,RNAseq,Ridge,Pt128,1.0,0.0,0.0,0.0,0.0,False,False,,,,,,,,,,,,,,,,,,,,,,,,,,,,,,,,,,,,,,,,,,results/crc_pdo_personalized_drug_application/TOPK_RECOVERY.csv,bb38403a0e4f0ecddafe866fa315d093bef6bec2,e26a9049e034339e741b26415eb4933310adc4144d15331d9e95c0c3e98559e8,outer-held-patient top-k descriptive recovery; no claim of clinical benefit
Extended Data Figure 8,a,RNAseq,Ridge,Pt128,3.0,2.0,0.6666666666666666,2.0,0.6666666666666666,False,False,,,,,,,,,,,,,,,,,,,,,,,,,,,,,,,,,,,,,,,,,,results/crc_pdo_personalized_drug_application/TOPK_RECOVERY.csv,bb38403a0e4f0ecddafe866fa315d093bef6bec2,e26a9049e034339e741b26415eb4933310adc4144d15331d9e95c0c3e98559e8,outer-held-patient top-k descriptive recovery; no claim of clinical benefit
Extended Data Figure 8,a,RNAseq,Ridge,Pt128,5.0,3.0,0.6,4.0,0.8,False,False,,,,,,,,,,,,,,,,,,,,,,,,,,,,,,,,,,,,,,,,,,results/crc_pdo_personalized_drug_application/TOPK_RECOVERY.csv,bb38403a0e4f0ecddafe866fa315d093bef6bec2,e26a9049e034339e741b26415eb4933310adc4144d15331d9e95c0c3e98559e8,outer-held-patient top-k descriptive recovery; no claim of clinical benefit
Extended Data Figure 8,a,RNAseq,Ridge,Pt129,1.0,1.0,1.0,1.0,1.0,True,True,,,,,,,,,,,,,,,,,,,,,,,,,,,,,,,,,,,,,,,,,,results/crc_pdo_personalized_drug_application/TOPK_RECOVERY.csv,bb38403a0e4f0ecddafe866fa315d093bef6bec2,e26a9049e034339e741b26415eb4933310adc4144d15331d9e95c0c3e98559e8,outer-held-patient top-k descriptive recovery; no claim of clinical benefit
Extended Data Figure 8,a,RNAseq,Ridge,Pt129,3.0,3.0,1.0,3.0,1.0,True,True,,,,,,,,,,,,,,,,,,,,,,,,,,,,,,,,,,,,,,,,,,results/crc_pdo_personalized_drug_application/TOPK_RECOVERY.csv,bb38403a0e4f0ecddafe866fa315d093bef6bec2,e26a9049e034339e741b26415eb4933310adc4144d15331d9e95c0c3e98559e8,outer-held-patient top-k descriptive recovery; no claim of clinical benefit
Extended Data Figure 8,a,RNAseq,Ridge,Pt129,5.0,4.0,0.8,4.0,0.8,False,False,,,,,,,,,,,,,,,,,,,,,,,,,,,,,,,,,,,,,,,,,,results/crc_pdo_personalized_drug_application/TOPK_RECOVERY.csv,bb38403a0e4f0ecddafe866fa315d093bef6bec2,e26a9049e034339e741b26415eb4933310adc4144d15331d9e95c0c3e98559e8,outer-held-patient top-k descriptive recovery; no claim of clinical benefit
Extended Data Figure 8,a,RNAseq,Ridge,Pt143,1.0,1.0,1.0,1.0,1.0,True,True,,,,,,,,,,,,,,,,,,,,,,,,,,,,,,,,,,,,,,,,,,results/crc_pdo_personalized_drug_application/TOPK_RECOVERY.csv,bb38403a0e4f0ecddafe866fa315d093bef6bec2,e26a9049e034339e741b26415eb4933310adc4144d15331d9e95c0c3e98559e8,outer-held-patient top-k descriptive recovery; no claim of clinical benefit
Extended Data Figure 8,a,RNAseq,Ridge,Pt143,3.0,2.0,0.6666666666666666,3.0,1.0,False,True,,,,,,,,,,,,,,,,,,,,,,,,,,,,,,,,,,,,,,,,,,results/crc_pdo_personalized_drug_application/TOPK_RECOVERY.csv,bb38403a0e4f0ecddafe866fa315d093bef6bec2,e26a9049e034339e741b26415eb4933310adc4144d15331d9e95c0c3e98559e8,outer-held-patient top-k descriptive recovery; no claim of clinical benefit
Extended Data Figure 8,a,RNAseq,Ridge,Pt143,5.0,4.0,0.8,5.0,1.0,False,True,,,,,,,,,,,,,,,,,,,,,,,,,,,,,,,,,,,,,,,,,,results/crc_pdo_personalized_drug_application/TOPK_RECOVERY.csv,bb38403a0e4f0ecddafe866fa315d093bef6bec2,e26a9049e034339e741b26415eb4933310adc4144d15331d9e95c0c3e98559e8,outer-held-patient top-k descriptive recovery; no claim of clinical benefit
Extended Data Figure 8,a,RNAseq,Ridge,Pt144,1.0,1.0,1.0,1.0,1.0,True,True,,,,,,,,,,,,,,,,,,,,,,,,,,,,,,,,,,,,,,,,,,results/crc_pdo_personalized_drug_application/TOPK_RECOVERY.csv,bb38403a0e4f0ecddafe866fa315d093bef6bec2,e26a9049e034339e741b26415eb4933310adc4144d15331d9e95c0c3e98559e8,outer-held-patient top-k descriptive recovery; no claim of clinical benefit
Extended Data Figure 8,a,RNAseq,Ridge,Pt144,3.0,2.0,0.6666666666666666,2.0,0.6666666666666666,False,False,,,,,,,,,,,,,,,,,,,,,,,,,,,,,,,,,,,,,,,,,,results/crc_pdo_personalized_drug_application/TOPK_RECOVERY.csv,bb38403a0e4f0ecddafe866fa315d093bef6bec2,e26a9049e034339e741b26415eb4933310adc4144d15331d9e95c0c3e98559e8,outer-held-patient top-k descriptive recovery; no claim of clinical benefit
Extended Data Figure 8,a,RNAseq,Ridge,Pt144,5.0,4.0,0.8,4.0,0.8,False,False,,,,,,,,,,,,,,,,,,,,,,,,,,,,,,,,,,,,,,,,,,results/crc_pdo_personalized_drug_application/TOPK_RECOVERY.csv,bb38403a0e4f0ecddafe866fa315d093bef6bec2,e26a9049e034339e741b26415eb4933310adc4144d15331d9e95c0c3e98559e8,outer-held-patient top-k descriptive recovery; no claim of clinical benefit
Extended Data Figure 8,a,RNAseq,Ridge,Pt148,1.0,1.0,1.0,1.0,1.0,True,True,,,,,,,,,,,,,,,,,,,,,,,,,,,,,,,,,,,,,,,,,,results/crc_pdo_personalized_drug_application/TOPK_RECOVERY.csv,bb38403a0e4f0ecddafe866fa315d093bef6bec2,e26a9049e034339e741b26415eb4933310adc4144d15331d9e95c0c3e98559e8,outer-held-patient top-k descriptive recovery; no claim of clinical benefit
Extended Data Figure 8,a,RNAseq,Ridge,Pt148,3.0,2.0,0.6666666666666666,3.0,1.0,False,True,,,,,,,,,,,,,,,,,,,,,,,,,,,,,,,,,,,,,,,,,,results/crc_pdo_personalized_drug_application/TOPK_RECOVERY.csv,bb38403a0e4f0ecddafe866fa315d093bef6bec2,e26a9049e034339e741b26415eb4933310adc4144d15331d9e95c0c3e98559e8,outer-held-patient top-k descriptive recovery; no claim of clinical benefit
Extended Data Figure 8,a,RNAseq,Ridge,Pt148,5.0,4.0,0.8,3.0,0.6,False,False,,,,,,,,,,,,,,,,,,,,,,,,,,,,,,,,,,,,,,,,,,results/crc_pdo_personalized_drug_application/TOPK_RECOVERY.csv,bb38403a0e4f0ecddafe866fa315d093bef6bec2,e26a9049e034339e741b26415eb4933310adc4144d15331d9e95c0c3e98559e8,outer-held-patient top-k descriptive recovery; no claim of clinical benefit
Extended Data Figure 8,a,RNAseq,Ridge,Pt151,1.0,1.0,1.0,1.0,1.0,True,True,,,,,,,,,,,,,,,,,,,,,,,,,,,,,,,,,,,,,,,,,,results/crc_pdo_personalized_drug_application/TOPK_RECOVERY.csv,bb38403a0e4f0ecddafe866fa315d093bef6bec2,e26a9049e034339e741b26415eb4933310adc4144d15331d9e95c0c3e98559e8,outer-held-patient top-k descriptive recovery; no claim of clinical benefit
Extended Data Figure 8,a,RNAseq,Ridge,Pt151,3.0,2.0,0.6666666666666666,2.0,0.6666666666666666,False,False,,,,,,,,,,,,,,,,,,,,,,,,,,,,,,,,,,,,,,,,,,results/crc_pdo_personalized_drug_application/TOPK_RECOVERY.csv,bb38403a0e4f0ecddafe866fa315d093bef6bec2,e26a9049e034339e741b26415eb4933310adc4144d15331d9e95c0c3e98559e8,outer-held-patient top-k descriptive recovery; no claim of clinical benefit
Extended Data Figure 8,a,RNAseq,Ridge,Pt151,5.0,4.0,0.8,4.0,0.8,False,False,,,,,,,,,,,,,,,,,,,,,,,,,,,,,,,,,,,,,,,,,,results/crc_pdo_personalized_drug_application/TOPK_RECOVERY.csv,bb38403a0e4f0ecddafe866fa315d093bef6bec2,e26a9049e034339e741b26415eb4933310adc4144d15331d9e95c0c3e98559e8,outer-held-patient top-k descriptive recovery; no claim of clinical benefit
Extended Data Figure 8,d,RNAseq,Ridge,Pt31,,,,,,,,,,,0.1666666666666666,0.1304347826086956,0.25,,,,,,,0.5260869565217391,,2.0,0.5797101449275363,0.6666666666666666,-0.0869565217391303,0.7452173913043478,0.8321739130434782,-0.9271082536416312,46.0,0.0690065559342354,1.0,1.0,0.6666666666666666,0.6666666666666666,0.8,0.8,,,,,,,,,,,,,results/crc_pdo_personalized_drug_application/PATIENT_LEVEL_SUMMARY.csv,bb38403a0e4f0ecddafe866fa315d093bef6bec2,ad6b4dd4b0d30287456e7116ce48969d3ab8701bd933c1a54baf0125bf14e244,outer-held-patient heterogeneity summary; patient rows are descriptive and not individually powered
Extended Data Figure 8,d,RNAseq,Ridge,Pt32,,,,,,,,,,,0.3442028985507246,0.4526315789473684,0.7962962962962963,,,,,,,0.6959290491421926,,3.0,0.5434782608695652,0.3115942028985507,0.2318840579710144,0.6947826086956521,0.4513043478260869,0.328503161218233,95.0,0.4693064784950657,1.0,1.0,0.3333333333333333,0.3333333333333333,0.6,0.4,,,,,,,,,,,,,results/crc_pdo_personalized_drug_application/PATIENT_LEVEL_SUMMARY.csv,bb38403a0e4f0ecddafe866fa315d093bef6bec2,ad6b4dd4b0d30287456e7116ce48969d3ab8701bd933c1a54baf0125bf14e244,outer-held-patient heterogeneity summary; patient rows are descriptive and not individually powered
Extended Data Figure 8,d,RNAseq,Ridge,Pt33,,,,,,,,,,,0.1702898550724637,0.3829787234042553,0.8571428571428571,,,,,,,0.6849391433615163,,1.0,0.7681159420289855,0.6594202898550725,0.1086956521739129,0.9156521739130434,0.8321739130434782,0.4911122562895504,47.0,0.524379578174458,0.0,0.0,0.6666666666666666,0.6666666666666666,0.8,0.8,,,,,,,,,,,,,results/crc_pdo_personalized_drug_application/PATIENT_LEVEL_SUMMARY.csv,bb38403a0e4f0ecddafe866fa315d093bef6bec2,ad6b4dd4b0d30287456e7116ce48969d3ab8701bd933c1a54baf0125bf14e244,outer-held-patient heterogeneity summary; patient rows are descriptive and not individually powered
Extended Data Figure 8,d,RNAseq,Ridge,Pt35,,,,,,,,,,,0.3043478260869565,0.2619047619047619,0.7333333333333333,,,,,,,0.6101190476190477,,1.0,0.4927536231884058,0.391304347826087,0.1014492753623188,0.6521739130434783,0.5426086956521738,0.2219602944021589,84.0,0.325577601031547,1.0,1.0,0.3333333333333333,0.6666666666666666,0.6,0.4,,,,,,,,,,,,,results/crc_pdo_personalized_drug_application/PATIENT_LEVEL_SUMMARY.csv,bb38403a0e4f0ecddafe866fa315d093bef6bec2,ad6b4dd4b0d30287456e7116ce48969d3ab8701bd933c1a54baf0125bf14e244,outer-held-patient heterogeneity summary; patient rows are descriptive and not individually powered
Extended Data Figure 8,d,RNAseq,Ridge,Pt37,,,,,,,,,,,0.3308270676691729,0.3977272727272727,0.7,,,,,,,0.6567288049029623,,1.0,0.4797864658882273,0.332159860999542,0.1476266048886853,0.622713360884895,0.4532794309947552,0.2815933678461247,88.0,0.3775011484097186,1.0,1.0,1.0,0.3333333333333333,1.0,0.4,,,,,,,,,,,,,results/crc_pdo_personalized_drug_application/PATIENT_LEVEL_SUMMARY.csv,bb38403a0e4f0ecddafe866fa315d093bef6bec2,ad6b4dd4b0d30287456e7116ce48969d3ab8701bd933c1a54baf0125bf14e244,outer-held-patient heterogeneity summary; patient rows are descriptive and not individually powered
Extended Data Figure 8,d,RNAseq,Ridge,Pt38,,,,,,,,,,,0.322463768115942,0.3370786516853932,0.7894736842105263,,,,,,,0.6471489515111458,,2.0,0.5144927536231884,0.3550724637681159,0.1594202898550724,0.646086956521739,0.477391304347826,0.4512681989731114,89.0,0.3992295666710782,1.0,1.0,0.3333333333333333,0.3333333333333333,0.8,0.6,,,,,,,,,,,,,results/crc_pdo_personalized_drug_application/PATIENT_LEVEL_SUMMARY.csv,bb38403a0e4f0ecddafe866fa315d093bef6bec2,ad6b4dd4b0d30287456e7116ce48969d3ab8701bd933c1a54baf0125bf14e244,outer-held-patient heterogeneity summary; patient rows are descriptive and not individually powered
Extended Data Figure 8,d,RNAseq,Ridge,Pt39,,,,,,,,,,,0.1884057971014492,0.4615384615384615,0.631578947368421,,,,,,,0.6995192307692308,,2.0,0.6956521739130435,0.6231884057971014,0.072463768115942,0.8513043478260869,0.7539130434782607,0.4386221540005407,52.0,0.4528560368820423,1.0,1.0,0.6666666666666666,0.3333333333333333,0.6,0.6,,,,,,,,,,,,,results/crc_pdo_personalized_drug_application/PATIENT_LEVEL_SUMMARY.csv,bb38403a0e4f0ecddafe866fa315d093bef6bec2,ad6b4dd4b0d30287456e7116ce48969d3ab8701bd933c1a54baf0125bf14e244,outer-held-patient heterogeneity summary; patient rows are descriptive and not individually powered
Extended Data Figure 8,d,RNAseq,Ridge,Pt40,,,,,,,,,,,0.2826086956521739,0.2435897435897435,0.6785714285714286,,,,,,,0.5990675990675991,,1.0,0.5072463768115942,0.4347826086956521,0.072463768115942,0.6339130434782608,0.5356521739130434,0.1433260831860856,78.0,0.2954858400443588,0.0,0.0,0.0,0.0,0.2,0.2,,,,,,,,,,,,,results/crc_pdo_personalized_drug_application/PATIENT_LEVEL_SUMMARY.csv,bb38403a0e4f0ecddafe866fa315d093bef6bec2,ad6b4dd4b0d30287456e7116ce48969d3ab8701bd933c1a54baf0125bf14e244,outer-held-patient heterogeneity summary; patient rows are descriptive and not individually powered
Extended Data Figure 8,d,RNAseq,Ridge,Pt42,,,,,,,,,,,0.2271062271062271,0.4677419354838709,0.725,,,,,,,0.707804617031035,,1.0,0.6739627036897935,0.5428132045934013,0.1311494990963921,0.8581378358818084,0.7145346483356639,0.4509291774152719,62.0,0.4923957598226857,1.0,1.0,0.3333333333333333,0.3333333333333333,0.6,0.6,,,,,,,,,,,,,results/crc_pdo_personalized_drug_application/PATIENT_LEVEL_SUMMARY.csv,bb38403a0e4f0ecddafe866fa315d093bef6bec2,ad6b4dd4b0d30287456e7116ce48969d3ab8701bd933c1a54baf0125bf14e244,outer-held-patient heterogeneity summary; patient rows are descriptive and not individually powered
Extended Data Figure 8,d,RNAseq,Ridge,Pt43,,,,,,,,,,,0.1231884057971014,0.2647058823529412,0.3461538461538461,,,,,,,0.5972289742343219,,2.0,0.6956521739130435,0.7536231884057971,-0.0579710144927536,0.8513043478260869,0.8913043478260868,-0.1334203416878332,34.0,0.2187843045804315,1.0,1.0,1.0,0.6666666666666666,0.8,1.0,,,,,,,,,,,,,results/crc_pdo_personalized_drug_application/PATIENT_LEVEL_SUMMARY.csv,bb38403a0e4f0ecddafe866fa315d093bef6bec2,ad6b4dd4b0d30287456e7116ce48969d3ab8701bd933c1a54baf0125bf14e244,outer-held-patient heterogeneity summary; patient rows are descriptive and not individually powered
Extended Data Figure 8,d,RNAseq,Ridge,Pt44,,,,,,,,,,,0.144927536231884,0.625,0.3787878787878788,,,,,,,0.725635593220339,,3.0,0.5942028985507246,0.7101449275362319,-0.1159420289855073,0.7782608695652173,0.8295652173913043,-1.1225567868604958,40.0,0.3724277101608037,1.0,1.0,1.0,0.6666666666666666,0.6,0.4,,,,,,,,,,,,,results/crc_pdo_personalized_drug_application/PATIENT_LEVEL_SUMMARY.csv,bb38403a0e4f0ecddafe866fa315d093bef6bec2,ad6b4dd4b0d30287456e7116ce48969d3ab8701bd933c1a54baf0125bf14e244,outer-held-patient heterogeneity summary; patient rows are descriptive and not individually powered
Extended Data Figure 8,d,RNAseq,Ridge,Pt45,,,,,,,,,,,0.2210144927536232,0.2622950819672131,0.4571428571428571,,,,,,,0.5869614944719787,,3.0,0.5362318840579711,0.5579710144927537,-0.0217391304347825,0.6756521739130433,0.7095652173913043,-0.3559434282242588,61.0,0.2168695580076118,1.0,1.0,0.6666666666666666,0.3333333333333333,0.6,0.6,,,,,,,,,,,,,results/crc_pdo_personalized_drug_application/PATIENT_LEVEL_SUMMARY.csv,bb38403a0e4f0ecddafe866fa315d093bef6bec2,ad6b4dd4b0d30287456e7116ce48969d3ab8701bd933c1a54baf0125bf14e244,outer-held-patient heterogeneity summary; patient rows are descriptive and not individually powered
Extended Data Figure 8,d,RNAseq,Ridge,Pt46,,,,,,,,,,,0.2391304347826087,0.3636363636363636,0.7058823529411765,,,,,,,0.6580086580086579,,2.0,0.6231884057971014,0.5217391304347826,0.1014492753623188,0.8078260869565217,0.697391304347826,0.360546333362952,66.0,0.4101524913183427,1.0,1.0,0.3333333333333333,0.3333333333333333,0.4,0.4,,,,,,,,,,,,,results/crc_pdo_personalized_drug_application/PATIENT_LEVEL_SUMMARY.csv,bb38403a0e4f0ecddafe866fa315d093bef6bec2,ad6b4dd4b0d30287456e7116ce48969d3ab8701bd933c1a54baf0125bf14e244,outer-held-patient heterogeneity summary; patient rows are descriptive and not individually powered
Extended Data Figure 8,d,RNAseq,Ridge,Pt49,,,,,,,,,,,0.217391304347826,0.3,0.6923076923076923,,,,,,,0.6314814814814814,,4.0,0.6376811594202898,0.5652173913043478,0.072463768115942,0.7965217391304347,0.7208695652173912,0.2896189971326538,60.0,0.3713132158616284,1.0,1.0,0.3333333333333333,0.3333333333333333,0.6,0.4,,,,,,,,,,,,,results/crc_pdo_personalized_drug_application/PATIENT_LEVEL_SUMMARY.csv,bb38403a0e4f0ecddafe866fa315d093bef6bec2,ad6b4dd4b0d30287456e7116ce48969d3ab8701bd933c1a54baf0125bf14e244,outer-held-patient heterogeneity summary; patient rows are descriptive and not individually powered
Extended Data Figure 8,d,RNAseq,Ridge,Pt56,,,,,,,,,,,0.1739130434782608,0.3541666666666667,0.85,,,,,,,0.6705043859649122,,2.0,0.7536231884057971,0.6521739130434783,0.1014492753623188,0.8930434782608694,0.8086956521739129,0.3708404977766185,48.0,0.4985613554663796,1.0,1.0,0.6666666666666666,0.6666666666666666,0.6,0.6,,,,,,,,,,,,,results/crc_pdo_personalized_drug_application/PATIENT_LEVEL_SUMMARY.csv,bb38403a0e4f0ecddafe866fa315d093bef6bec2,ad6b4dd4b0d30287456e7116ce48969d3ab8701bd933c1a54baf0125bf14e244,outer-held-patient heterogeneity summary; patient rows are descriptive and not individually powered
Extended Data Figure 8,d,RNAseq,Ridge,Pt57,,,,,,,,,,,0.1781818181818182,0.3469387755102041,0.3777777777777777,,,,,,,0.6115224851002348,,1.0,0.5626143566964865,0.6424692976469556,-0.079854940950469,0.7036312408128478,0.8519243515156792,-0.2769099008464026,49.0,0.2307143027789537,1.0,1.0,0.3333333333333333,0.3333333333333333,0.4,0.6,,,,,,,,,,,,,results/crc_pdo_personalized_drug_application/PATIENT_LEVEL_SUMMARY.csv,bb38403a0e4f0ecddafe866fa315d093bef6bec2,ad6b4dd4b0d30287456e7116ce48969d3ab8701bd933c1a54baf0125bf14e244,outer-held-patient heterogeneity summary; patient rows are descriptive and not individually powered
Extended Data Figure 8,d,RNAseq,Ridge,Pt58,,,,,,,,,,,0.2181818181818181,0.4666666666666667,0.7777777777777778,,,,,,,0.7147286821705426,,2.0,0.7078051584246121,0.5626143566964865,0.1451908017281256,0.8758425951774261,0.7484235880339376,0.4425918455455094,60.0,0.5258534271800355,1.0,1.0,0.6666666666666666,0.3333333333333333,0.6,0.6,,,,,,,,,,,,,results/crc_pdo_personalized_drug_application/PATIENT_LEVEL_SUMMARY.csv,bb38403a0e4f0ecddafe866fa315d093bef6bec2,ad6b4dd4b0d30287456e7116ce48969d3ab8701bd933c1a54baf0125bf14e244,outer-held-patient heterogeneity summary; patient rows are descriptive and not individually powered
Extended Data Figure 8,d,RNAseq,Ridge,Pt59,,,,,,,,,,,0.24,0.4696969696969697,0.5740740740740741,,,,,,,0.6798245614035088,,3.0,0.5771334368692991,0.5190571161780488,0.0580763206912502,0.7623396570734996,0.6836268915684777,0.223662729035898,66.0,0.3866616496273932,1.0,1.0,0.6666666666666666,0.3333333333333333,0.6,0.4,,,,,,,,,,,,,results/crc_pdo_personalized_drug_application/PATIENT_LEVEL_SUMMARY.csv,bb38403a0e4f0ecddafe866fa315d093bef6bec2,ad6b4dd4b0d30287456e7116ce48969d3ab8701bd933c1a54baf0125bf14e244,outer-held-patient heterogeneity summary; patient rows are descriptive and not individually powered
Extended Data Figure 8,d,RNAseq,Ridge,Pt61,,,,,,,,,,,0.2037037037037037,0.509090909090909,0.8,,,,,,,0.7382663847780127,,1.0,0.739971420144161,0.5861159763518107,0.1538554437923502,0.8749476102464115,0.7686292751367879,0.5570768055782667,55.0,0.5713804705459945,1.0,1.0,0.6666666666666666,0.3333333333333333,1.0,0.8,,,,,,,,,,,,,results/crc_pdo_personalized_drug_application/PATIENT_LEVEL_SUMMARY.csv,bb38403a0e4f0ecddafe866fa315d093bef6bec2,ad6b4dd4b0d30287456e7116ce48969d3ab8701bd933c1a54baf0125bf14e244,outer-held-patient heterogeneity summary; patient rows are descriptive and not individually powered
Extended Data Figure 8,d,RNAseq,Ridge,Pt62,,,,,,,,,,,0.2753623188405797,0.3684210526315789,0.7,,,,,,,0.6542105263157895,,2.0,0.5652173913043478,0.4492753623188406,0.1159420289855072,0.7634782608695652,0.5739130434782608,0.2897846664130474,76.0,0.3913630427392488,1.0,1.0,0.3333333333333333,0.3333333333333333,0.4,0.4,,,,,,,,,,,,,results/crc_pdo_personalized_drug_application/PATIENT_LEVEL_SUMMARY.csv,bb38403a0e4f0ecddafe866fa315d093bef6bec2,ad6b4dd4b0d30287456e7116ce48969d3ab8701bd933c1a54baf0125bf14e244,outer-held-patient heterogeneity summary; patient rows are descriptive and not individually powered
Extended Data Figure 8,d,RNAseq,Ridge,Pt65,,,,,,,,,,,0.2463768115942029,0.4558823529411764,0.7948717948717948,,,,,,,0.708710407239819,,1.0,0.6739130434782609,0.5072463768115942,0.1666666666666666,0.8208695652173912,0.6756521739130433,0.2956562004654833,68.0,0.5163613748376126,1.0,1.0,0.6666666666666666,0.6666666666666666,0.6,0.6,,,,,,,,,,,,,results/crc_pdo_personalized_drug_application/PATIENT_LEVEL_SUMMARY.csv,bb38403a0e4f0ecddafe866fa315d093bef6bec2,ad6b4dd4b0d30287456e7116ce48969d3ab8701bd933c1a54baf0125bf14e244,outer-held-patient heterogeneity summary; patient rows are descriptive and not individually powered
Extended Data Figure 8,d,RNAseq,Ridge,Pt67,,,,,,,,,,,0.2681159420289855,0.2432432432432432,0.4285714285714285,,,,,,,0.5622156810275623,,1.0,0.4202898550724637,0.463768115942029,-0.0434782608695652,0.537391304347826,0.6156521739130434,-0.0307676581067632,74.0,0.1534577498043795,1.0,1.0,0.3333333333333333,0.3333333333333333,0.6,0.4,,,,,,,,,,,,,results/crc_pdo_personalized_drug_application/PATIENT_LEVEL_SUMMARY.csv,bb38403a0e4f0ecddafe866fa315d093bef6bec2,ad6b4dd4b0d30287456e7116ce48969d3ab8701bd933c1a54baf0125bf14e244,outer-held-patient heterogeneity summary; patient rows are descriptive and not individually powered
Extended Data Figure 8,d,RNAseq,Ridge,Pt70,,,,,,,,,,,0.2436363636363636,0.4029850746268656,0.7297297297297297,,,,,,,0.6774540757749713,,1.0,0.6352097575605493,0.5117975760916426,0.1234121814689067,0.7979995839873769,0.6540552448594086,0.4205643476779757,67.0,0.446473516210642,1.0,1.0,0.3333333333333333,0.6666666666666666,0.6,0.6,,,,,,,,,,,,,results/crc_pdo_personalized_drug_application/PATIENT_LEVEL_SUMMARY.csv,bb38403a0e4f0ecddafe866fa315d093bef6bec2,ad6b4dd4b0d30287456e7116ce48969d3ab8701bd933c1a54baf0125bf14e244,outer-held-patient heterogeneity summary; patient rows are descriptive and not individually powered
Extended Data Figure 8,d,RNAseq,Ridge,Pt74,,,,,,,,,,,0.181159420289855,0.26,0.3023255813953488,,,,,,,0.5636283185840708,,4.0,0.5144927536231884,0.6376811594202898,-0.1231884057971014,0.6956521739130433,0.8217391304347826,-0.8537847517809711,50.0,0.1351473318356836,0.0,0.0,0.3333333333333333,0.3333333333333333,0.4,0.8,,,,,,,,,,,,,results/crc_pdo_personalized_drug_application/PATIENT_LEVEL_SUMMARY.csv,bb38403a0e4f0ecddafe866fa315d093bef6bec2,ad6b4dd4b0d30287456e7116ce48969d3ab8701bd933c1a54baf0125bf14e244,outer-held-patient heterogeneity summary; patient rows are descriptive and not individually powered
Extended Data Figure 8,d,RNAseq,Ridge,Pt77,,,,,,,,,,,0.1594202898550724,0.3636363636363636,0.3478260869565217,,,,,,,0.6171630094043887,,2.0,0.5797101449275363,0.6811594202898551,-0.1014492753623188,0.7165217391304347,0.826086956521739,-0.7803022462904117,44.0,0.2301696253338661,1.0,1.0,1.0,0.6666666666666666,0.6,0.8,,,,,,,,,,,,,results/crc_pdo_personalized_drug_application/PATIENT_LEVEL_SUMMARY.csv,bb38403a0e4f0ecddafe866fa315d093bef6bec2,ad6b4dd4b0d30287456e7116ce48969d3ab8701bd933c1a54baf0125bf14e244,outer-held-patient heterogeneity summary; patient rows are descriptive and not individually powered
Extended Data Figure 8,d,RNAseq,Ridge,Pt81,,,,,,,,,,,0.1739130434782608,0.4166666666666667,0.3773584905660377,,,,,,,0.6359649122807017,,2.0,0.5579710144927537,0.6521739130434783,-0.0942028985507246,0.6965217391304346,0.8365217391304347,-0.5836175998514728,48.0,0.2616703518446414,1.0,1.0,0.6666666666666666,0.6666666666666666,0.6,0.6,,,,,,,,,,,,,results/crc_pdo_personalized_drug_application/PATIENT_LEVEL_SUMMARY.csv,bb38403a0e4f0ecddafe866fa315d093bef6bec2,ad6b4dd4b0d30287456e7116ce48969d3ab8701bd933c1a54baf0125bf14e244,outer-held-patient heterogeneity summary; patient rows are descriptive and not individually powered
Extended Data Figure 8,d,RNAseq,Ridge,Pt86,,,,,,,,,,,0.2826086956521739,0.2948717948717949,0.6764705882352942,,,,,,,0.6196581196581197,,1.0,0.5217391304347826,0.4347826086956521,0.0869565217391304,0.6504347826086957,0.6278260869565216,0.1409920099801183,78.0,0.3278724489713346,1.0,1.0,0.6666666666666666,0.3333333333333333,0.6,0.6,,,,,,,,,,,,,results/crc_pdo_personalized_drug_application/PATIENT_LEVEL_SUMMARY.csv,bb38403a0e4f0ecddafe866fa315d093bef6bec2,ad6b4dd4b0d30287456e7116ce48969d3ab8701bd933c1a54baf0125bf14e244,outer-held-patient heterogeneity summary; patient rows are descriptive and not individually powered
Extended Data Figure 8,d,RNAseq,Ridge,Pt89,,,,,,,,,,,0.1847826086956521,0.2549019607843137,0.7647058823529411,,,,,,,0.6185620915032679,,1.0,0.6956521739130435,0.6304347826086957,0.0652173913043477,0.8486956521739129,0.7913043478260868,-0.0706667404653209,51.0,0.3828052206024099,1.0,1.0,0.6666666666666666,0.6666666666666666,0.8,0.6,,,,,,,,,,,,,results/crc_pdo_personalized_drug_application/PATIENT_LEVEL_SUMMARY.csv,bb38403a0e4f0ecddafe866fa315d093bef6bec2,ad6b4dd4b0d30287456e7116ce48969d3ab8701bd933c1a54baf0125bf14e244,outer-held-patient heterogeneity summary; patient rows are descriptive and not individually powered
Extended Data Figure 8,d,RNAseq,Ridge,Pt100,,,,,,,,,,,0.1794871794871795,0.5510204081632653,0.54,,,,,,,0.7241709183673469,,1.0,0.6666766204066606,0.637532287274129,0.0291443331325316,0.8137513960948182,0.7771978574467087,0.2155399199481383,49.0,0.4448298085968066,0.0,0.0,0.6666666666666666,0.6666666666666666,0.6,0.6,,,,,,,,,,,,,results/crc_pdo_personalized_drug_application/PATIENT_LEVEL_SUMMARY.csv,bb38403a0e4f0ecddafe866fa315d093bef6bec2,ad6b4dd4b0d30287456e7116ce48969d3ab8701bd933c1a54baf0125bf14e244,outer-held-patient heterogeneity summary; patient rows are descriptive and not individually powered
Extended Data Figure 8,d,RNAseq,Ridge,Pt101,,,,,,,,,,,0.1884057971014492,0.3461538461538461,0.6206896551724138,,,,,,,0.6485233516483516,,2.0,0.6739130434782609,0.6231884057971014,0.0507246376811594,0.8034782608695652,0.7956521739130433,0.2589171994497371,52.0,0.3787938700036439,1.0,1.0,0.6666666666666666,0.6666666666666666,0.8,0.8,,,,,,,,,,,,,results/crc_pdo_personalized_drug_application/PATIENT_LEVEL_SUMMARY.csv,bb38403a0e4f0ecddafe866fa315d093bef6bec2,ad6b4dd4b0d30287456e7116ce48969d3ab8701bd933c1a54baf0125bf14e244,outer-held-patient heterogeneity summary; patient rows are descriptive and not individually powered
Extended Data Figure 8,d,RNAseq,Ridge,Pt102,,,,,,,,,,,0.2210144927536232,0.1147540983606557,0.5833333333333334,,,,,,,0.5457491422035836,,2.0,0.572463768115942,0.5579710144927537,0.0144927536231883,0.7460869565217391,0.7139130434782608,0.017315783204615,61.0,0.1861677766513877,1.0,1.0,0.3333333333333333,0.3333333333333333,0.4,0.4,,,,,,,,,,,,,results/crc_pdo_personalized_drug_application/PATIENT_LEVEL_SUMMARY.csv,bb38403a0e4f0ecddafe866fa315d093bef6bec2,ad6b4dd4b0d30287456e7116ce48969d3ab8701bd933c1a54baf0125bf14e244,outer-held-patient heterogeneity summary; patient rows are descriptive and not individually powered
Extended Data Figure 8,d,RNAseq,Ridge,Pt103,,,,,,,,,,,0.2028985507246377,0.1428571428571428,0.4444444444444444,,,,,,,0.5487012987012987,,1.0,0.5797101449275363,0.5942028985507246,-0.0144927536231883,0.7617391304347826,0.7756521739130434,0.0616559740912726,56.0,0.1586462411146025,1.0,1.0,0.3333333333333333,0.3333333333333333,0.8,0.6,,,,,,,,,,,,,results/crc_pdo_personalized_drug_application/PATIENT_LEVEL_SUMMARY.csv,bb38403a0e4f0ecddafe866fa315d093bef6bec2,ad6b4dd4b0d30287456e7116ce48969d3ab8701bd933c1a54baf0125bf14e244,outer-held-patient heterogeneity summary; patient rows are descriptive and not individually powered
Extended Data Figure 8,d,RNAseq,Ridge,Pt105,,,,,,,,,,,0.2644927536231884,0.4383561643835616,0.7804878048780488,,,,,,,0.6970105945070517,,2.0,0.6376811594202898,0.4710144927536231,0.1666666666666666,0.8147826086956521,0.657391304347826,0.4934369721463345,73.0,0.4886559224550804,0.0,0.0,0.3333333333333333,0.3333333333333333,0.8,0.6,,,,,,,,,,,,,results/crc_pdo_personalized_drug_application/PATIENT_LEVEL_SUMMARY.csv,bb38403a0e4f0ecddafe866fa315d093bef6bec2,ad6b4dd4b0d30287456e7116ce48969d3ab8701bd933c1a54baf0125bf14e244,outer-held-patient heterogeneity summary; patient rows are descriptive and not individually powered
Extended Data Figure 8,d,RNAseq,Ridge,Pt106,,,,,,,,,,,0.2427536231884058,0.2388059701492537,0.7619047619047619,,,,,,,0.6074412625865886,,2.0,0.5942028985507246,0.5144927536231884,0.0797101449275362,0.7608695652173912,0.6782608695652173,0.1911497297166896,67.0,0.347481674545476,1.0,1.0,0.3333333333333333,0.6666666666666666,1.0,0.8,,,,,,,,,,,,,results/crc_pdo_personalized_drug_application/PATIENT_LEVEL_SUMMARY.csv,bb38403a0e4f0ecddafe866fa315d093bef6bec2,ad6b4dd4b0d30287456e7116ce48969d3ab8701bd933c1a54baf0125bf14e244,outer-held-patient heterogeneity summary; patient rows are descriptive and not individually powered
Extended Data Figure 8,d,RNAseq,Ridge,Pt109,,,,,,,,,,,0.1992753623188405,0.4545454545454545,0.5813953488372093,,,,,,,0.6865487453722747,,2.0,0.6521739130434783,0.6014492753623188,0.0507246376811594,0.8139130434782607,0.7556521739130433,0.0257606140905459,55.0,0.4109487100020801,1.0,1.0,0.6666666666666666,1.0,1.0,0.8,,,,,,,,,,,,,results/crc_pdo_personalized_drug_application/PATIENT_LEVEL_SUMMARY.csv,bb38403a0e4f0ecddafe866fa315d093bef6bec2,ad6b4dd4b0d30287456e7116ce48969d3ab8701bd933c1a54baf0125bf14e244,outer-held-patient heterogeneity summary; patient rows are descriptive and not individually powered
Extended Data Figure 8,d,RNAseq,Ridge,Pt110,,,,,,,,,,,0.2282608695652173,0.4444444444444444,0.6086956521739131,,,,,,,0.6799687010954616,,1.0,0.6159420289855072,0.5434782608695652,0.072463768115942,0.8034782608695652,0.6921739130434782,0.4195511687224378,63.0,0.4053631073818769,0.0,0.0,0.6666666666666666,0.6666666666666666,0.6,0.6,,,,,,,,,,,,,results/crc_pdo_personalized_drug_application/PATIENT_LEVEL_SUMMARY.csv,bb38403a0e4f0ecddafe866fa315d093bef6bec2,ad6b4dd4b0d30287456e7116ce48969d3ab8701bd933c1a54baf0125bf14e244,outer-held-patient heterogeneity summary; patient rows are descriptive and not individually powered
Extended Data Figure 8,d,RNAseq,Ridge,Pt111,,,,,,,,,,,0.1630434782608695,0.5111111111111111,0.7419354838709677,,,,,,,0.7382395382395381,,2.0,0.782608695652174,0.6739130434782609,0.108695652173913,0.9191304347826086,0.8321739130434782,0.2918696672747316,45.0,0.5574323796718589,1.0,1.0,0.6666666666666666,0.6666666666666666,0.8,0.8,,,,,,,,,,,,,results/crc_pdo_personalized_drug_application/PATIENT_LEVEL_SUMMARY.csv,bb38403a0e4f0ecddafe866fa315d093bef6bec2,ad6b4dd4b0d30287456e7116ce48969d3ab8701bd933c1a54baf0125bf14e244,outer-held-patient heterogeneity summary; patient rows are descriptive and not individually powered
Extended Data Figure 8,d,RNAseq,Ridge,Pt114,,,,,,,,,,,0.2181818181818181,0.3666666666666666,0.5641025641025641,,,,,,,0.6437984496124031,,1.0,0.5989120571285179,0.5626143566964865,0.0362977004320314,0.7540769910812596,0.6931941890331764,0.3333126724747661,60.0,0.3404793282737594,1.0,1.0,0.3333333333333333,0.6666666666666666,0.4,0.4,,,,,,,,,,,,,results/crc_pdo_personalized_drug_application/PATIENT_LEVEL_SUMMARY.csv,bb38403a0e4f0ecddafe866fa315d093bef6bec2,ad6b4dd4b0d30287456e7116ce48969d3ab8701bd933c1a54baf0125bf14e244,outer-held-patient heterogeneity summary; patient rows are descriptive and not individually powered
Extended Data Figure 8,d,RNAseq,Ridge,Pt117,,,,,,,,,,,0.1630434782608695,0.3777777777777777,0.4857142857142857,,,,,,,0.6499278499278499,,2.0,0.6666666666666666,0.6739130434782609,-0.0072463768115942,0.7982608695652172,0.8113043478260868,0.2802615926148004,45.0,0.3328756381150917,1.0,1.0,1.0,1.0,0.6,0.6,,,,,,,,,,,,,results/crc_pdo_personalized_drug_application/PATIENT_LEVEL_SUMMARY.csv,bb38403a0e4f0ecddafe866fa315d093bef6bec2,ad6b4dd4b0d30287456e7116ce48969d3ab8701bd933c1a54baf0125bf14e244,outer-held-patient heterogeneity summary; patient rows are descriptive and not individually powered
Extended Data Figure 8,d,RNAseq,Ridge,Pt119,,,,,,,,,,,0.213768115942029,0.3559322033898305,0.7241379310344828,,,,,,,0.659532921971413,,2.0,0.6666666666666666,0.572463768115942,0.0942028985507246,0.8243478260869566,0.706086956521739,-0.095538677836952,59.0,0.4265684320038793,1.0,1.0,0.6666666666666666,0.6666666666666666,0.6,0.8,,,,,,,,,,,,,results/crc_pdo_personalized_drug_application/PATIENT_LEVEL_SUMMARY.csv,bb38403a0e4f0ecddafe866fa315d093bef6bec2,ad6b4dd4b0d30287456e7116ce48969d3ab8701bd933c1a54baf0125bf14e244,outer-held-patient heterogeneity summary; patient rows are descriptive and not individually powered
Extended Data Figure 8,d,RNAseq,Ridge,Pt120,,,,,,,,,,,0.2246376811594203,0.4677419354838709,0.6304347826086957,,,,,,,0.6941513415737112,,1.0,0.6376811594202898,0.5507246376811594,0.0869565217391303,0.7956521739130433,0.6643478260869564,0.3790957515019143,62.0,0.4348408030158168,1.0,1.0,0.3333333333333333,0.3333333333333333,0.6,0.6,,,,,,,,,,,,,results/crc_pdo_personalized_drug_application/PATIENT_LEVEL_SUMMARY.csv,bb38403a0e4f0ecddafe866fa315d093bef6bec2,ad6b4dd4b0d30287456e7116ce48969d3ab8701bd933c1a54baf0125bf14e244,outer-held-patient heterogeneity summary; patient rows are descriptive and not individually powered
Extended Data Figure 8,d,RNAseq,Ridge,Pt122,,,,,,,,,,,0.1992753623188405,0.2727272727272727,0.7142857142857143,,,,,,,0.6227889757301521,,1.0,0.6666666666666666,0.6014492753623188,0.0652173913043477,0.8208695652173912,0.7695652173913042,0.1343819972576297,55.0,0.3699875550204758,1.0,1.0,0.6666666666666666,0.6666666666666666,1.0,0.8,,,,,,,,,,,,,results/crc_pdo_personalized_drug_application/PATIENT_LEVEL_SUMMARY.csv,bb38403a0e4f0ecddafe866fa315d093bef6bec2,ad6b4dd4b0d30287456e7116ce48969d3ab8701bd933c1a54baf0125bf14e244,outer-held-patient heterogeneity summary; patient rows are descriptive and not individually powered
Extended Data Figure 8,d,RNAseq,Ridge,Pt123,,,,,,,,,,,0.2072727272727272,0.4210526315789473,0.6666666666666666,,,,,,,0.6830033800096571,,1.0,0.6715074579925807,0.5843929769557054,0.0871144810368753,0.8214829504916376,0.7245053443721907,0.3132940350886156,57.0,0.4398499840106831,1.0,1.0,0.6666666666666666,0.6666666666666666,0.6,0.6,,,,,,,,,,,,,results/crc_pdo_personalized_drug_application/PATIENT_LEVEL_SUMMARY.csv,bb38403a0e4f0ecddafe866fa315d093bef6bec2,ad6b4dd4b0d30287456e7116ce48969d3ab8701bd933c1a54baf0125bf14e244,outer-held-patient heterogeneity summary; patient rows are descriptive and not individually powered
Extended Data Figure 8,d,RNAseq,Ridge,Pt125,,,,,,,,,,,0.1521739130434782,0.4523809523809524,0.59375,,,,,,,0.6984126984126984,,2.0,0.7391304347826086,0.6956521739130435,0.0434782608695651,0.8852173913043477,0.8556521739130434,0.0623414818816135,42.0,0.4452071503395976,1.0,1.0,1.0,1.0,0.6,0.6,,,,,,,,,,,,,results/crc_pdo_personalized_drug_application/PATIENT_LEVEL_SUMMARY.csv,bb38403a0e4f0ecddafe866fa315d093bef6bec2,ad6b4dd4b0d30287456e7116ce48969d3ab8701bd933c1a54baf0125bf14e244,outer-held-patient heterogeneity summary; patient rows are descriptive and not individually powered
Extended Data Figure 8,d,RNAseq,Ridge,Pt126,,,,,,,,,,,0.08,0.2727272727272727,0.2222222222222222,,,,,,,0.5948616600790514,,2.0,0.729583778683831,0.838476879979925,-0.108893101296094,0.884105261169666,0.9545553606824482,-0.4200858375134797,22.0,0.1729755000257642,1.0,1.0,0.6666666666666666,1.0,0.8,0.8,,,,,,,,,,,,,results/crc_pdo_personalized_drug_application/PATIENT_LEVEL_SUMMARY.csv,bb38403a0e4f0ecddafe866fa315d093bef6bec2,ad6b4dd4b0d30287456e7116ce48969d3ab8701bd933c1a54baf0125bf14e244,outer-held-patient heterogeneity summary; patient rows are descriptive and not individually powered
Extended Data Figure 8,d,RNAseq,Ridge,Pt127,,,,,,,,,,,0.3115942028985507,0.2906976744186046,0.7352941176470589,,,,,,,0.6216646266829865,,1.0,0.4927536231884058,0.3768115942028985,0.1159420289855072,0.6269565217391303,0.5034782608695652,-0.1997456089262035,86.0,0.3429045186618361,1.0,1.0,0.6666666666666666,0.6666666666666666,0.4,0.4,,,,,,,,,,,,,results/crc_pdo_personalized_drug_application/PATIENT_LEVEL_SUMMARY.csv,bb38403a0e4f0ecddafe866fa315d093bef6bec2,ad6b4dd4b0d30287456e7116ce48969d3ab8701bd933c1a54baf0125bf14e244,outer-held-patient heterogeneity summary; patient rows are descriptive and not individually powered
Extended Data Figure 8,d,RNAseq,Ridge,Pt128,,,,,,,,,,,0.2218181818181818,0.4098360655737705,0.6410256410256411,,,,,,,0.6722077524130534,,2.0,0.6352097575605493,0.5553548166100802,0.079854940950469,0.8393129139485762,0.6940639433481489,0.0987466906156037,61.0,0.4101721728701503,0.0,0.0,0.6666666666666666,0.6666666666666666,0.6,0.8,,,,,,,,,,,,,results/crc_pdo_personalized_drug_application/PATIENT_LEVEL_SUMMARY.csv,bb38403a0e4f0ecddafe866fa315d093bef6bec2,ad6b4dd4b0d30287456e7116ce48969d3ab8701bd933c1a54baf0125bf14e244,outer-held-patient heterogeneity summary; patient rows are descriptive and not individually powered
Extended Data Figure 8,d,RNAseq,Ridge,Pt129,,,,,,,,,,,0.1521739130434782,0.1904761904761904,0.4705882352941176,,,,,,,0.576007326007326,,2.0,0.6884057971014492,0.6956521739130435,-0.0072463768115942,0.8234782608695651,0.8565217391304346,0.2492473604523315,42.0,0.2271138821082094,1.0,1.0,1.0,1.0,0.8,0.8,,,,,,,,,,,,,results/crc_pdo_personalized_drug_application/PATIENT_LEVEL_SUMMARY.csv,bb38403a0e4f0ecddafe866fa315d093bef6bec2,ad6b4dd4b0d30287456e7116ce48969d3ab8701bd933c1a54baf0125bf14e244,outer-held-patient heterogeneity summary; patient rows are descriptive and not individually powered
Extended Data Figure 8,d,RNAseq,Ridge,Pt143,,,,,,,,,,,0.1195652173913043,0.3333333333333333,0.44,,,,,,,0.6378600823045267,,2.0,0.7391304347826086,0.7608695652173914,-0.0217391304347827,0.8695652173913043,0.9069565217391304,-0.0774200842003787,33.0,0.3116892118328876,1.0,1.0,0.6666666666666666,1.0,0.8,1.0,,,,,,,,,,,,,results/crc_pdo_personalized_drug_application/PATIENT_LEVEL_SUMMARY.csv,bb38403a0e4f0ecddafe866fa315d093bef6bec2,ad6b4dd4b0d30287456e7116ce48969d3ab8701bd933c1a54baf0125bf14e244,outer-held-patient heterogeneity summary; patient rows are descriptive and not individually powered
Extended Data Figure 8,d,RNAseq,Ridge,Pt144,,,,,,,,,,,0.2109090909090909,0.5172413793103449,0.6521739130434783,,,,,,,0.7217543302081678,,2.0,0.678766998078987,0.5771334368692991,0.1016335612096879,0.7962600753574317,0.7105892753326287,0.0078222338466222,58.0,0.4847851538372956,1.0,1.0,0.6666666666666666,0.6666666666666666,0.8,0.8,,,,,,,,,,,,,results/crc_pdo_personalized_drug_application/PATIENT_LEVEL_SUMMARY.csv,bb38403a0e4f0ecddafe866fa315d093bef6bec2,ad6b4dd4b0d30287456e7116ce48969d3ab8701bd933c1a54baf0125bf14e244,outer-held-patient heterogeneity summary; patient rows are descriptive and not individually powered
Extended Data Figure 8,d,RNAseq,Ridge,Pt148,,,,,,,,,,,0.2210144927536232,0.5245901639344263,0.5079365079365079,,,,,,,0.6902020587113992,,1.0,0.5652173913043478,0.5579710144927537,0.0072463768115941,0.7078260869565216,0.6956521739130433,0.3992976276093267,61.0,0.3760705108414515,1.0,1.0,0.6666666666666666,1.0,0.8,0.6,,,,,,,,,,,,,results/crc_pdo_personalized_drug_application/PATIENT_LEVEL_SUMMARY.csv,bb38403a0e4f0ecddafe866fa315d093bef6bec2,ad6b4dd4b0d30287456e7116ce48969d3ab8701bd933c1a54baf0125bf14e244,outer-held-patient heterogeneity summary; patient rows are descriptive and not individually powered
Extended Data Figure 8,d,RNAseq,Ridge,Pt151,,,,,,,,,,,0.1636363636363636,0.2444444444444444,0.5,,,,,,,0.5983091787439614,,2.0,0.6715074579925807,0.6715074579925807,0.0,0.8171341789167745,0.8410524225785214,-0.0328522362656256,45.0,0.2681159420289855,1.0,1.0,0.6666666666666666,0.6666666666666666,0.8,0.8,,,,,,,,,,,,,results/crc_pdo_personalized_drug_application/PATIENT_LEVEL_SUMMARY.csv,bb38403a0e4f0ecddafe866fa315d093bef6bec2,ad6b4dd4b0d30287456e7116ce48969d3ab8701bd933c1a54baf0125bf14e244,outer-held-patient heterogeneity summary; patient rows are descriptive and not individually powered
Extended Data Figure 8,e,HTA2.0,Ridge,Pt1,,,,,,,,,,,,,,,,,,,,,,1.0,0.3985507246376811,0.5,-0.1014492753623188,0.5452173913043478,0.6808695652173912,,,,,,,,,,patient,,,,,,,,,,,,results/crc_pdo_personalized_drug_application/PERSONALIZATION_GAIN.csv,bb38403a0e4f0ecddafe866fa315d093bef6bec2,4e0af03c493acb60bf6ee4e044ae3229bc54a30fd9f104045e24e6cb439504e6,secondary independent-platform validation; frozen patient predictions and the identical simultaneous three-statistic procedure; no refit
Extended Data Figure 8,e,HTA2.0,Ridge,Pt3,,,,,,,,,,,,,,,,,,,,,,2.0,0.6666666666666666,0.6739130434782609,-0.0072463768115942,0.8330434782608694,0.8347826086956521,,,,,,,,,,patient,,,,,,,,,,,,results/crc_pdo_personalized_drug_application/PERSONALIZATION_GAIN.csv,bb38403a0e4f0ecddafe866fa315d093bef6bec2,4e0af03c493acb60bf6ee4e044ae3229bc54a30fd9f104045e24e6cb439504e6,secondary independent-platform validation; frozen patient predictions and the identical simultaneous three-statistic procedure; no refit
Extended Data Figure 8,e,HTA2.0,Ridge,Pt6,,,,,,,,,,,,,,,,,,,,,,5.0,0.6811594202898551,0.6086956521739131,0.072463768115942,0.8321739130434782,0.7434782608695651,,,,,,,,,,patient,,,,,,,,,,,,results/crc_pdo_personalized_drug_application/PERSONALIZATION_GAIN.csv,bb38403a0e4f0ecddafe866fa315d093bef6bec2,4e0af03c493acb60bf6ee4e044ae3229bc54a30fd9f104045e24e6cb439504e6,secondary independent-platform validation; frozen patient predictions and the identical simultaneous three-statistic procedure; no refit
Extended Data Figure 8,e,HTA2.0,Ridge,Pt7,,,,,,,,,,,,,,,,,,,,,,1.0,0.6231884057971014,0.6666666666666666,-0.0434782608695651,0.7617391304347826,0.8165217391304346,,,,,,,,,,patient,,,,,,,,,,,,results/crc_pdo_personalized_drug_application/PERSONALIZATION_GAIN.csv,bb38403a0e4f0ecddafe866fa315d093bef6bec2,4e0af03c493acb60bf6ee4e044ae3229bc54a30fd9f104045e24e6cb439504e6,secondary independent-platform validation; frozen patient predictions and the identical simultaneous three-statistic procedure; no refit
Extended Data Figure 8,e,HTA2.0,Ridge,Pt8,,,,,,,,,,,,,,,,,,,,,,1.0,0.6061715972149242,0.4900189558324238,0.1161526413825004,0.7736464631681436,0.6740595941037788,,,,,,,,,,patient,,,,,,,,,,,,results/crc_pdo_personalized_drug_application/PERSONALIZATION_GAIN.csv,bb38403a0e4f0ecddafe866fa315d093bef6bec2,4e0af03c493acb60bf6ee4e044ae3229bc54a30fd9f104045e24e6cb439504e6,secondary independent-platform validation; frozen patient predictions and the identical simultaneous three-statistic procedure; no refit
Extended Data Figure 8,e,HTA2.0,Ridge,Pt9,,,,,,,,,,,,,,,,,,,,,,1.0,0.6304347826086957,0.6014492753623188,0.0289855072463768,0.7965217391304347,0.7869565217391304,,,,,,,,,,patient,,,,,,,,,,,,results/crc_pdo_personalized_drug_application/PERSONALIZATION_GAIN.csv,bb38403a0e4f0ecddafe866fa315d093bef6bec2,4e0af03c493acb60bf6ee4e044ae3229bc54a30fd9f104045e24e6cb439504e6,secondary independent-platform validation; frozen patient predictions and the identical simultaneous three-statistic procedure; no refit
Extended Data Figure 8,e,HTA2.0,Ridge,Pt10,,,,,,,,,,,,,,,,,,,,,,2.0,0.5626143566964865,0.5045380360052363,0.0580763206912502,0.7471189565614789,0.6871059088283682,,,,,,,,,,patient,,,,,,,,,,,,results/crc_pdo_personalized_drug_application/PERSONALIZATION_GAIN.csv,bb38403a0e4f0ecddafe866fa315d093bef6bec2,4e0af03c493acb60bf6ee4e044ae3229bc54a30fd9f104045e24e6cb439504e6,secondary independent-platform validation; frozen patient predictions and the identical simultaneous three-statistic procedure; no refit
Extended Data Figure 8,e,HTA2.0,Ridge,Pt11,,,,,,,,,,,,,,,,,,,,,,1.0,0.4202898550724637,0.3840579710144927,0.036231884057971,0.5869565217391304,0.5278260869565217,,,,,,,,,,patient,,,,,,,,,,,,results/crc_pdo_personalized_drug_application/PERSONALIZATION_GAIN.csv,bb38403a0e4f0ecddafe866fa315d093bef6bec2,4e0af03c493acb60bf6ee4e044ae3229bc54a30fd9f104045e24e6cb439504e6,secondary independent-platform validation; frozen patient predictions and the identical simultaneous three-statistic procedure; no refit
Extended Data Figure 8,e,HTA2.0,Ridge,Pt12,,,,,,,,,,,,,,,,,,,,,,3.0,0.5362318840579711,0.5362318840579711,0.0,0.728695652173913,0.7460869565217391,,,,,,,,,,patient,,,,,,,,,,,,results/crc_pdo_personalized_drug_application/PERSONALIZATION_GAIN.csv,bb38403a0e4f0ecddafe866fa315d093bef6bec2,4e0af03c493acb60bf6ee4e044ae3229bc54a30fd9f104045e24e6cb439504e6,secondary independent-platform validation; frozen patient predictions and the identical simultaneous three-statistic procedure; no refit
Extended Data Figure 8,e,HTA2.0,Ridge,Pt13,,,,,,,,,,,,,,,,,,,,,,1.0,0.6448183705572619,0.4626662884789393,0.1821520820783225,0.8468236453478696,0.6222804793666257,,,,,,,,,,patient,,,,,,,,,,,,results/crc_pdo_personalized_drug_application/PERSONALIZATION_GAIN.csv,bb38403a0e4f0ecddafe866fa315d093bef6bec2,4e0af03c493acb60bf6ee4e044ae3229bc54a30fd9f104045e24e6cb439504e6,secondary independent-platform validation; frozen patient predictions and the identical simultaneous three-statistic procedure; no refit
Extended Data Figure 8,e,HTA2.0,Ridge,Pt15,,,,,,,,,,,,,,,,,,,,,,1.0,0.5942028985507246,0.5579710144927537,0.0362318840579709,0.7504347826086956,0.6965217391304346,,,,,,,,,,patient,,,,,,,,,,,,results/crc_pdo_personalized_drug_application/PERSONALIZATION_GAIN.csv,bb38403a0e4f0ecddafe866fa315d093bef6bec2,4e0af03c493acb60bf6ee4e044ae3229bc54a30fd9f104045e24e6cb439504e6,secondary independent-platform validation; frozen patient predictions and the identical simultaneous three-statistic procedure; no refit
Extended Data Figure 8,e,HTA2.0,Ridge,Pt17,,,,,,,,,,,,,,,,,,,,,,3.0,0.6594202898550725,0.5869565217391305,0.072463768115942,0.8356521739130435,0.7330434782608695,,,,,,,,,,patient,,,,,,,,,,,,results/crc_pdo_personalized_drug_application/PERSONALIZATION_GAIN.csv,bb38403a0e4f0ecddafe866fa315d093bef6bec2,4e0af03c493acb60bf6ee4e044ae3229bc54a30fd9f104045e24e6cb439504e6,secondary independent-platform validation; frozen patient predictions and the identical simultaneous three-statistic procedure; no refit
Extended Data Figure 8,e,HTA2.0,Ridge,Pt18,,,,,,,,,,,,,,,,,,,,,,3.0,0.4927536231884058,0.5579710144927537,-0.0652173913043478,0.6478260869565217,0.7095652173913043,,,,,,,,,,patient,,,,,,,,,,,,results/crc_pdo_personalized_drug_application/PERSONALIZATION_GAIN.csv,bb38403a0e4f0ecddafe866fa315d093bef6bec2,4e0af03c493acb60bf6ee4e044ae3229bc54a30fd9f104045e24e6cb439504e6,secondary independent-platform validation; frozen patient predictions and the identical simultaneous three-statistic procedure; no refit
Extended Data Figure 8,e,HTA2.0,Ridge,Pt20,,,,,,,,,,,,,,,,,,,,,,1.0,0.7101449275362319,0.463768115942029,0.2463768115942029,0.8573913043478261,0.6182608695652172,,,,,,,,,,patient,,,,,,,,,,,,results/crc_pdo_personalized_drug_application/PERSONALIZATION_GAIN.csv,bb38403a0e4f0ecddafe866fa315d093bef6bec2,4e0af03c493acb60bf6ee4e044ae3229bc54a30fd9f104045e24e6cb439504e6,secondary independent-platform validation; frozen patient predictions and the identical simultaneous three-statistic procedure; no refit
Extended Data Figure 8,e,HTA2.0,Ridge,Pt21,,,,,,,,,,,,,,,,,,,,,,1.0,0.5797101449275363,0.5507246376811594,0.0289855072463768,0.7217391304347825,0.7330434782608695,,,,,,,,,,patient,,,,,,,,,,,,results/crc_pdo_personalized_drug_application/PERSONALIZATION_GAIN.csv,bb38403a0e4f0ecddafe866fa315d093bef6bec2,4e0af03c493acb60bf6ee4e044ae3229bc54a30fd9f104045e24e6cb439504e6,secondary independent-platform validation; frozen patient predictions and the identical simultaneous three-statistic procedure; no refit
Extended Data Figure 8,e,HTA2.0,Ridge,Pt22,,,,,,,,,,,,,,,,,,,,,,1.0,0.5289855072463768,0.4710144927536231,0.0579710144927536,0.6878260869565217,0.5973913043478261,,,,,,,,,,patient,,,,,,,,,,,,results/crc_pdo_personalized_drug_application/PERSONALIZATION_GAIN.csv,bb38403a0e4f0ecddafe866fa315d093bef6bec2,4e0af03c493acb60bf6ee4e044ae3229bc54a30fd9f104045e24e6cb439504e6,secondary independent-platform validation; frozen patient predictions and the identical simultaneous three-statistic procedure; no refit
Extended Data Figure 8,e,HTA2.0,Ridge,Pt23,,,,,,,,,,,,,,,,,,,,,,5.0,0.8043478260869565,0.717391304347826,0.0869565217391304,0.9269565217391303,0.8513043478260869,,,,,,,,,,patient,,,,,,,,,,,,results/crc_pdo_personalized_drug_application/PERSONALIZATION_GAIN.csv,bb38403a0e4f0ecddafe866fa315d093bef6bec2,4e0af03c493acb60bf6ee4e044ae3229bc54a30fd9f104045e24e6cb439504e6,secondary independent-platform validation; frozen patient predictions and the identical simultaneous three-statistic procedure; no refit
Extended Data Figure 8,e,HTA2.0,Ridge,Pt24,,,,,,,,,,,,,,,,,,,,,,2.0,0.7028985507246377,0.6666666666666666,0.036231884057971,0.8834782608695652,0.8252173913043478,,,,,,,,,,patient,,,,,,,,,,,,results/crc_pdo_personalized_drug_application/PERSONALIZATION_GAIN.csv,bb38403a0e4f0ecddafe866fa315d093bef6bec2,4e0af03c493acb60bf6ee4e044ae3229bc54a30fd9f104045e24e6cb439504e6,secondary independent-platform validation; frozen patient predictions and the identical simultaneous three-statistic procedure; no refit
Extended Data Figure 8,e,HTA2.0,Ridge,Pt25,,,,,,,,,,,,,,,,,,,,,,1.0,0.5698738967828928,0.627950217474143,-0.0580763206912502,0.7597303941285818,0.8140900388143703,,,,,,,,,,patient,,,,,,,,,,,,results/crc_pdo_personalized_drug_application/PERSONALIZATION_GAIN.csv,bb38403a0e4f0ecddafe866fa315d093bef6bec2,4e0af03c493acb60bf6ee4e044ae3229bc54a30fd9f104045e24e6cb439504e6,secondary independent-platform validation; frozen patient predictions and the identical simultaneous three-statistic procedure; no refit
Extended Data Figure 8,e,HTA2.0,Ridge,Pt26,,,,,,,,,,,,,,,,,,,,,,2.0,0.7536231884057971,0.6956521739130435,0.0579710144927536,0.9208695652173912,0.8721739130434782,,,,,,,,,,patient,,,,,,,,,,,,results/crc_pdo_personalized_drug_application/PERSONALIZATION_GAIN.csv,bb38403a0e4f0ecddafe866fa315d093bef6bec2,4e0af03c493acb60bf6ee4e044ae3229bc54a30fd9f104045e24e6cb439504e6,secondary independent-platform validation; frozen patient predictions and the identical simultaneous three-statistic procedure; no refit
Extended Data Figure 8,e,HTA2.0,Ridge,Pt28,,,,,,,,,,,,,,,,,,,,,,2.0,0.644927536231884,0.572463768115942,0.072463768115942,0.8278260869565216,0.7530434782608695,,,,,,,,,,patient,,,,,,,,,,,,results/crc_pdo_personalized_drug_application/PERSONALIZATION_GAIN.csv,bb38403a0e4f0ecddafe866fa315d093bef6bec2,4e0af03c493acb60bf6ee4e044ae3229bc54a30fd9f104045e24e6cb439504e6,secondary independent-platform validation; frozen patient predictions and the identical simultaneous three-statistic procedure; no refit
Extended Data Figure 8,e,HTA2.0,Ridge,Pt29,,,,,,,,,,,,,,,,,,,,,,3.0,0.6884057971014492,0.6014492753623188,0.0869565217391303,0.8504347826086956,0.7565217391304346,,,,,,,,,,patient,,,,,,,,,,,,results/crc_pdo_personalized_drug_application/PERSONALIZATION_GAIN.csv,bb38403a0e4f0ecddafe866fa315d093bef6bec2,4e0af03c493acb60bf6ee4e044ae3229bc54a30fd9f104045e24e6cb439504e6,secondary independent-platform validation; frozen patient predictions and the identical simultaneous three-statistic procedure; no refit
Extended Data Figure 8,e,HTA2.0,Ridge,Pt30,,,,,,,,,,,,,,,,,,,,,,1.0,0.5652173913043478,0.6521739130434783,-0.0869565217391304,0.7617391304347826,0.8252173913043478,,,,,,,,,,patient,,,,,,,,,,,,results/crc_pdo_personalized_drug_application/PERSONALIZATION_GAIN.csv,bb38403a0e4f0ecddafe866fa315d093bef6bec2,4e0af03c493acb60bf6ee4e044ae3229bc54a30fd9f104045e24e6cb439504e6,secondary independent-platform validation; frozen patient predictions and the identical simultaneous three-statistic procedure; no refit
Extended Data Figure 8,e,HTA2.0,Ridge,Pt32,,,,,,,,,,,,,,,,,,,,,,3.0,0.427536231884058,0.3188405797101449,0.108695652173913,0.5652173913043478,0.4452173913043478,,,,,,,,,,patient,,,,,,,,,,,,results/crc_pdo_personalized_drug_application/PERSONALIZATION_GAIN.csv,bb38403a0e4f0ecddafe866fa315d093bef6bec2,4e0af03c493acb60bf6ee4e044ae3229bc54a30fd9f104045e24e6cb439504e6,secondary independent-platform validation; frozen patient predictions and the identical simultaneous three-statistic procedure; no refit
Extended Data Figure 8,e,HTA2.0,Ridge,Pt50,,,,,,,,,,,,,,,,,,,,,,2.0,0.5843929769557054,0.5989120571285179,-0.0145190801728125,0.7505979738213692,0.7645140428609312,,,,,,,,,,patient,,,,,,,,,,,,results/crc_pdo_personalized_drug_application/PERSONALIZATION_GAIN.csv,bb38403a0e4f0ecddafe866fa315d093bef6bec2,4e0af03c493acb60bf6ee4e044ae3229bc54a30fd9f104045e24e6cb439504e6,secondary independent-platform validation; frozen patient predictions and the identical simultaneous three-statistic procedure; no refit
Extended Data Figure 8,e,HTA2.0,Ridge,Pt52,,,,,,,,,,,,,,,,,,,,,,1.0,0.5652173913043478,0.5362318840579711,0.0289855072463767,0.7313043478260869,0.6965217391304346,,,,,,,,,,patient,,,,,,,,,,,,results/crc_pdo_personalized_drug_application/PERSONALIZATION_GAIN.csv,bb38403a0e4f0ecddafe866fa315d093bef6bec2,4e0af03c493acb60bf6ee4e044ae3229bc54a30fd9f104045e24e6cb439504e6,secondary independent-platform validation; frozen patient predictions and the identical simultaneous three-statistic procedure; no refit
Extended Data Figure 8,e,HTA2.0,Ridge,Pt54,,,,,,,,,,,,,,,,,,,,,,7.0,0.7101449275362319,0.6086956521739131,0.1014492753623188,0.8530434782608695,0.7191304347826086,,,,,,,,,,patient,,,,,,,,,,,,results/crc_pdo_personalized_drug_application/PERSONALIZATION_GAIN.csv,bb38403a0e4f0ecddafe866fa315d093bef6bec2,4e0af03c493acb60bf6ee4e044ae3229bc54a30fd9f104045e24e6cb439504e6,secondary independent-platform validation; frozen patient predictions and the identical simultaneous three-statistic procedure; no refit
Extended Data Figure 8,e,HTA2.0,Ridge,Pt55,,,,,,,,,,,,,,,,,,,,,,3.0,0.7318840579710145,0.6811594202898551,0.0507246376811594,0.8973913043478261,0.8365217391304347,,,,,,,,,,patient,,,,,,,,,,,,results/crc_pdo_personalized_drug_application/PERSONALIZATION_GAIN.csv,bb38403a0e4f0ecddafe866fa315d093bef6bec2,4e0af03c493acb60bf6ee4e044ae3229bc54a30fd9f104045e24e6cb439504e6,secondary independent-platform validation; frozen patient predictions and the identical simultaneous three-statistic procedure; no refit
Extended Data Figure 8,e,HTA2.0,Ridge,Pt63,,,,,,,,,,,,,,,,,,,,,,2.0,0.7876600993750812,0.5771334368692991,0.2105266625057821,0.9088932591463856,0.7349423961518621,,,,,,,,,,patient,,,,,,,,,,,,results/crc_pdo_personalized_drug_application/PERSONALIZATION_GAIN.csv,bb38403a0e4f0ecddafe866fa315d093bef6bec2,4e0af03c493acb60bf6ee4e044ae3229bc54a30fd9f104045e24e6cb439504e6,secondary independent-platform validation; frozen patient predictions and the identical simultaneous three-statistic procedure; no refit
Extended Data Figure 8,e,HTA2.0,Ridge,Pt66,,,,,,,,,,,,,,,,,,,,,,3.0,0.717391304347826,0.572463768115942,0.144927536231884,0.8721739130434782,0.7113043478260868,,,,,,,,,,patient,,,,,,,,,,,,results/crc_pdo_personalized_drug_application/PERSONALIZATION_GAIN.csv,bb38403a0e4f0ecddafe866fa315d093bef6bec2,4e0af03c493acb60bf6ee4e044ae3229bc54a30fd9f104045e24e6cb439504e6,secondary independent-platform validation; frozen patient predictions and the identical simultaneous three-statistic procedure; no refit
Extended Data Figure 8,e,HTA2.0,Ridge,Pt68,,,,,,,,,,,,,,,,,,,,,,1.0,0.6347944010213469,0.472405135643793,0.1623892653775538,0.7738065045498133,0.6358139224743387,,,,,,,,,,patient,,,,,,,,,,,,results/crc_pdo_personalized_drug_application/PERSONALIZATION_GAIN.csv,bb38403a0e4f0ecddafe866fa315d093bef6bec2,4e0af03c493acb60bf6ee4e044ae3229bc54a30fd9f104045e24e6cb439504e6,secondary independent-platform validation; frozen patient predictions and the identical simultaneous three-statistic procedure; no refit
Extended Data Figure 8,e,HTA2.0,Ridge,Pt76,,,,,,,,,,,,,,,,,,,,,,2.0,0.6884057971014492,0.5144927536231884,0.1739130434782608,0.8478260869565216,0.6565217391304347,,,,,,,,,,patient,,,,,,,,,,,,results/crc_pdo_personalized_drug_application/PERSONALIZATION_GAIN.csv,bb38403a0e4f0ecddafe866fa315d093bef6bec2,4e0af03c493acb60bf6ee4e044ae3229bc54a30fd9f104045e24e6cb439504e6,secondary independent-platform validation; frozen patient predictions and the identical simultaneous three-statistic procedure; no refit
Extended Data Figure 8,e,HTA2.0,Ridge,Pt79,,,,,,,,,,,,,,,,,,,,,,4.0,0.5942028985507246,0.5434782608695652,0.0507246376811594,0.7921739130434783,0.7078260869565216,,,,,,,,,,patient,,,,,,,,,,,,results/crc_pdo_personalized_drug_application/PERSONALIZATION_GAIN.csv,bb38403a0e4f0ecddafe866fa315d093bef6bec2,4e0af03c493acb60bf6ee4e044ae3229bc54a30fd9f104045e24e6cb439504e6,secondary independent-platform validation; frozen patient predictions and the identical simultaneous three-statistic procedure; no refit
Extended Data Figure 8,e,HTA2.0,Ridge,Pt80,,,,,,,,,,,,,,,,,,,,,,1.0,0.5905064195547413,0.5905064195547413,0.0,0.7772999876403317,0.7938940323202939,,,,,,,,,,patient,,,,,,,,,,,,results/crc_pdo_personalized_drug_application/PERSONALIZATION_GAIN.csv,bb38403a0e4f0ecddafe866fa315d093bef6bec2,4e0af03c493acb60bf6ee4e044ae3229bc54a30fd9f104045e24e6cb439504e6,secondary independent-platform validation; frozen patient predictions and the identical simultaneous three-statistic procedure; no refit
Extended Data Figure 8,e,HTA2.0,Ridge,Pt84,,,,,,,,,,,,,,,,,,,,,,1.0,0.6569883778197682,0.6497288377333619,0.0072595400864062,0.7862579007352465,0.8097412672395073,,,,,,,,,,patient,,,,,,,,,,,,results/crc_pdo_personalized_drug_application/PERSONALIZATION_GAIN.csv,bb38403a0e4f0ecddafe866fa315d093bef6bec2,4e0af03c493acb60bf6ee4e044ae3229bc54a30fd9f104045e24e6cb439504e6,secondary independent-platform validation; frozen patient predictions and the identical simultaneous three-statistic procedure; no refit
Extended Data Figure 8,e,HTA2.0,Ridge,Pt85,,,,,,,,,,,,,,,,,,,,,,1.0,0.6497288377333619,0.7078051584246121,-0.0580763206912502,0.8145249159718567,0.8645357890827823,,,,,,,,,,patient,,,,,,,,,,,,results/crc_pdo_personalized_drug_application/PERSONALIZATION_GAIN.csv,bb38403a0e4f0ecddafe866fa315d093bef6bec2,4e0af03c493acb60bf6ee4e044ae3229bc54a30fd9f104045e24e6cb439504e6,secondary independent-platform validation; frozen patient predictions and the identical simultaneous three-statistic procedure; no refit
Extended Data Figure 8,e,HTA2.0,Ridge,Pt88,,,,,,,,,,,,,,,,,,,,,,2.0,0.6521739130434783,0.5942028985507246,0.0579710144927536,0.8069565217391305,0.7513043478260868,,,,,,,,,,patient,,,,,,,,,,,,results/crc_pdo_personalized_drug_application/PERSONALIZATION_GAIN.csv,bb38403a0e4f0ecddafe866fa315d093bef6bec2,4e0af03c493acb60bf6ee4e044ae3229bc54a30fd9f104045e24e6cb439504e6,secondary independent-platform validation; frozen patient predictions and the identical simultaneous three-statistic procedure; no refit
Extended Data Figure 8,e,HTA2.0,Ridge,Pt93,,,,,,,,,,,,,,,,,,,,,,5.0,0.6594202898550725,0.4927536231884058,0.1666666666666666,0.8052173913043478,0.6556521739130434,,,,,,,,,,patient,,,,,,,,,,,,results/crc_pdo_personalized_drug_application/PERSONALIZATION_GAIN.csv,bb38403a0e4f0ecddafe866fa315d093bef6bec2,4e0af03c493acb60bf6ee4e044ae3229bc54a30fd9f104045e24e6cb439504e6,secondary independent-platform validation; frozen patient predictions and the identical simultaneous three-statistic procedure; no refit
Extended Data Figure 8,e,HTA2.0,Ridge,Pt94,,,,,,,,,,,,,,,,,,,,,,2.0,0.5335761963508614,0.5698738967828928,-0.0362977004320314,0.7023266093403889,0.7575560083411502,,,,,,,,,,patient,,,,,,,,,,,,results/crc_pdo_personalized_drug_application/PERSONALIZATION_GAIN.csv,bb38403a0e4f0ecddafe866fa315d093bef6bec2,4e0af03c493acb60bf6ee4e044ae3229bc54a30fd9f104045e24e6cb439504e6,secondary independent-platform validation; frozen patient predictions and the identical simultaneous three-statistic procedure; no refit
Extended Data Figure 8,e,HTA2.0,Ridge,Pt95,,,,,,,,,,,,,,,,,,,,,,2.0,0.5072463768115942,0.463768115942029,0.0434782608695652,0.6695652173913044,0.6208695652173912,,,,,,,,,,patient,,,,,,,,,,,,results/crc_pdo_personalized_drug_application/PERSONALIZATION_GAIN.csv,bb38403a0e4f0ecddafe866fa315d093bef6bec2,4e0af03c493acb60bf6ee4e044ae3229bc54a30fd9f104045e24e6cb439504e6,secondary independent-platform validation; frozen patient predictions and the identical simultaneous three-statistic procedure; no refit
Extended Data Figure 8,e,HTA2.0,Ridge,Pt98,,,,,,,,,,,,,,,,,,,,,,6.0,0.6594202898550725,0.5072463768115942,0.1521739130434782,0.7495652173913043,0.62,,,,,,,,,,patient,,,,,,,,,,,,results/crc_pdo_personalized_drug_application/PERSONALIZATION_GAIN.csv,bb38403a0e4f0ecddafe866fa315d093bef6bec2,4e0af03c493acb60bf6ee4e044ae3229bc54a30fd9f104045e24e6cb439504e6,secondary independent-platform validation; frozen patient predictions and the identical simultaneous three-statistic procedure; no refit
Extended Data Figure 8,e,HTA2.0,Ridge,Pt99,,,,,,,,,,,,,,,,,,,,,,2.0,0.7078051584246121,0.4609807954867986,0.2468243629378134,0.861491648980378,0.6331811413000658,,,,,,,,,,patient,,,,,,,,,,,,results/crc_pdo_personalized_drug_application/PERSONALIZATION_GAIN.csv,bb38403a0e4f0ecddafe866fa315d093bef6bec2,4e0af03c493acb60bf6ee4e044ae3229bc54a30fd9f104045e24e6cb439504e6,secondary independent-platform validation; frozen patient predictions and the identical simultaneous three-statistic procedure; no refit
Extended Data Figure 8,e,HTA2.0,Ridge,Pt104,,,,,,,,,,,,,,,,,,,,,,3.0,0.6352097575605493,0.5626143566964865,0.0725954008640628,0.7806044976879246,0.7114590296476013,,,,,,,,,,patient,,,,,,,,,,,,results/crc_pdo_personalized_drug_application/PERSONALIZATION_GAIN.csv,bb38403a0e4f0ecddafe866fa315d093bef6bec2,4e0af03c493acb60bf6ee4e044ae3229bc54a30fd9f104045e24e6cb439504e6,secondary independent-platform validation; frozen patient predictions and the identical simultaneous three-statistic procedure; no refit
Extended Data Figure 8,e,HTA2.0,Ridge,Pt112,,,,,,,,,,,,,,,,,,,,,,2.0,0.6811594202898551,0.6014492753623188,0.0797101449275362,0.8513043478260869,0.7678260869565217,,,,,,,,,,patient,,,,,,,,,,,,results/crc_pdo_personalized_drug_application/PERSONALIZATION_GAIN.csv,bb38403a0e4f0ecddafe866fa315d093bef6bec2,4e0af03c493acb60bf6ee4e044ae3229bc54a30fd9f104045e24e6cb439504e6,secondary independent-platform validation; frozen patient predictions and the identical simultaneous three-statistic procedure; no refit
Extended Data Figure 8,e,HTA2.0,Ridge,Pt116,,,,,,,,,,,,,,,,,,,,,,3.0,0.6304347826086957,0.5434782608695652,0.0869565217391304,0.7982608695652172,0.7130434782608696,,,,,,,,,,patient,,,,,,,,,,,,results/crc_pdo_personalized_drug_application/PERSONALIZATION_GAIN.csv,bb38403a0e4f0ecddafe866fa315d093bef6bec2,4e0af03c493acb60bf6ee4e044ae3229bc54a30fd9f104045e24e6cb439504e6,secondary independent-platform validation; frozen patient predictions and the identical simultaneous three-statistic procedure; no refit
Extended Data Figure 8,e,HTA2.0,Ridge,Pt121,,,,,,,,,,,,,,,,,,,,,,3.0,0.6811594202898551,0.5289855072463768,0.1521739130434782,0.8304347826086955,0.6704347826086956,,,,,,,,,,patient,,,,,,,,,,,,results/crc_pdo_personalized_drug_application/PERSONALIZATION_GAIN.csv,bb38403a0e4f0ecddafe866fa315d093bef6bec2,4e0af03c493acb60bf6ee4e044ae3229bc54a30fd9f104045e24e6cb439504e6,secondary independent-platform validation; frozen patient predictions and the identical simultaneous three-statistic procedure; no refit
Extended Data Figure 8,e,HTA2.0,Ridge,Pt124,,,,,,,,,,,,,,,,,,,,,,2.0,0.5797101449275363,0.644927536231884,-0.0652173913043477,0.7443478260869565,0.8104347826086956,,,,,,,,,,patient,,,,,,,,,,,,results/crc_pdo_personalized_drug_application/PERSONALIZATION_GAIN.csv,bb38403a0e4f0ecddafe866fa315d093bef6bec2,4e0af03c493acb60bf6ee4e044ae3229bc54a30fd9f104045e24e6cb439504e6,secondary independent-platform validation; frozen patient predictions and the identical simultaneous three-statistic procedure; no refit
Extended Data Figure 8,e,HTA2.0,Ridge,Pt125,,,,,,,,,,,,,,,,,,,,,,2.0,0.6594202898550725,0.6521739130434783,0.0072463768115942,0.8130434782608694,0.8295652173913043,,,,,,,,,,patient,,,,,,,,,,,,results/crc_pdo_personalized_drug_application/PERSONALIZATION_GAIN.csv,bb38403a0e4f0ecddafe866fa315d093bef6bec2,4e0af03c493acb60bf6ee4e044ae3229bc54a30fd9f104045e24e6cb439504e6,secondary independent-platform validation; frozen patient predictions and the identical simultaneous three-statistic procedure; no refit
Extended Data Figure 8,e,HTA2.0,Ridge,Pt134,,,,,,,,,,,,,,,,,,,,,,5.0,0.5507246376811594,0.4492753623188406,0.1014492753623188,0.7095652173913043,0.5982608695652173,,,,,,,,,,patient,,,,,,,,,,,,results/crc_pdo_personalized_drug_application/PERSONALIZATION_GAIN.csv,bb38403a0e4f0ecddafe866fa315d093bef6bec2,4e0af03c493acb60bf6ee4e044ae3229bc54a30fd9f104045e24e6cb439504e6,secondary independent-platform validation; frozen patient predictions and the identical simultaneous three-statistic procedure; no refit
Extended Data Figure 8,e,HTA2.0,Ridge,Pt137,,,,,,,,,,,,,,,,,,,,,,4.0,0.6666666666666666,0.5869565217391305,0.0797101449275361,0.8121739130434782,0.7147826086956521,,,,,,,,,,patient,,,,,,,,,,,,results/crc_pdo_personalized_drug_application/PERSONALIZATION_GAIN.csv,bb38403a0e4f0ecddafe866fa315d093bef6bec2,4e0af03c493acb60bf6ee4e044ae3229bc54a30fd9f104045e24e6cb439504e6,secondary independent-platform validation; frozen patient predictions and the identical simultaneous three-statistic procedure; no refit
Extended Data Figure 8,e,HTA2.0,Ridge,,,,,,,,,,,,,,,,,,,,,,,,,,,,,,,,,,,,,,simultaneous_inference,PG_macro,0.0605337602671327,0.0342573718231222,0.0868101487111432,0.011479380988001,2.289007436156711,9.99900009999e-05,True,50.0,10000.0,10000.0,results/crc_pdo_personalized_drug_application/HELD_PATIENT_FUNCTIONAL_PREDICTIONS.csv,bb38403a0e4f0ecddafe866fa315d093bef6bec2,99e074b7eee56883535e0d6eb99bd8401ea5b9a0dedf1a27bc39fd5f7b275f9a,secondary independent-platform validation; identical frozen patient-level three-statistic simultaneous procedure; no refit
